"id","matchDate","Country","League","Season","homeTeam","awayTeam","H","D","A","O05","U05","O15","U15","O25","U25","O35","U35","O45","U45","BTTSY","BTTSN"
"23088","08-12-24 20:00","Brazil","Serie A Betano","2024","Atletico-MG","Athletico-PR","2.06","3.17","4.24","1.09","7.00","1.50","2.63","2.53","1.54","4.68","1.20","10.60","1.05","2.06","1.76"
"23089","08-12-24 20:00","Brazil","Serie A Betano","2024","Bahia","Atletico GO","1.46","4.85","6.90","1.03","13.80","1.21","4.50","1.63","2.30","2.63","1.50","4.68","1.20","1.83","1.98"
"23090","08-12-24 20:00","Brazil","Serie A Betano","2024","Botafogo RJ","Sao Paulo","1.30","5.22","13.10","1.05","9.00","1.28","3.75","1.97","1.91","3.18","1.37","6.32","1.13","2.33","1.61"
"23091","08-12-24 20:00","Brazil","Serie A Betano","2024","Bragantino","Criciuma","1.42","4.85","7.94","1.03","11.50","1.21","4.54","1.74","2.20","2.70","1.48","5.03","1.18","1.94","1.86"
"23092","08-12-24 20:00","Brazil","Serie A Betano","2024","Cuiaba","Vasco","3.63","3.23","2.22","1.06","8.00","1.40","3.00","2.32","1.67","4.05","1.25","8.08","1.09","1.98","1.83"
"23093","08-12-24 20:00","Brazil","Serie A Betano","2024","Flamengo RJ","Vitoria","1.40","5.11","7.89","1.03","13.80","1.21","4.50","1.60","2.38","2.53","1.54","4.37","1.22","1.83","1.98"
"23094","08-12-24 20:00","Brazil","Serie A Betano","2024","Fortaleza","Internacional","2.62","3.23","2.90","1.05","9.00","1.36","3.20","2.21","1.73","3.71","1.29","8.08","1.09","1.76","2.06"
"23095","08-12-24 20:00","Brazil","Serie A Betano","2024","Gremio","Corinthians","2.77","3.46","2.58","1.02","12.40","1.27","3.83","1.97","1.91","3.14","1.37","6.08","1.14","1.74","2.10"
"23096","08-12-24 20:00","Brazil","Serie A Betano","2024","Juventude","Cruzeiro","2.14","3.46","3.57","1.03","11.00","1.31","3.50","2.10","1.80","3.37","1.34","6.80","1.11","1.78","2.04"
"23097","08-12-24 20:00","Brazil","Serie A Betano","2024","Palmeiras","Fluminense","1.51","4.39","6.85","1.03","11.00","1.26","4.00","1.89","2.00","3.01","1.40","5.81","1.14","1.90","1.90"
"23098","06-12-24 00:00","Brazil","Serie A Betano","2024","Athletico-PR","Bragantino","2.14","3.26","3.82","1.06","8.42","1.37","3.16","2.21","1.73","3.85","1.27","7.69","1.09","1.90","1.90"
"23099","06-12-24 00:00","Brazil","Serie A Betano","2024","Fluminense","Cuiaba","1.41","4.59","9.19","1.08","7.33","1.43","2.88","2.24","1.67","4.18","1.24","8.44","1.08","2.58","1.50"
"23100","05-12-24 01:30","Brazil","Serie A Betano","2024","Atletico GO","Fortaleza","2.70","3.22","2.82","1.05","9.00","1.33","3.40","2.21","1.73","3.71","1.29","7.24","1.10","1.76","2.06"
"23101","05-12-24 01:30","Brazil","Serie A Betano","2024","Cruzeiro","Palmeiras","4.23","3.47","1.96","1.05","9.00","1.33","3.40","2.10","1.80","3.71","1.29","7.24","1.10","1.90","1.90"
"23102","05-12-24 01:30","Brazil","Serie A Betano","2024","Internacional","Botafogo RJ","2.76","3.32","2.69","1.03","10.50","1.29","3.66","2.02","1.87","3.23","1.36","6.51","1.12","1.72","2.12"
"23103","05-12-24 00:00","Brazil","Serie A Betano","2024","Criciuma","Flamengo RJ","3.26","3.74","2.17","1.02","11.50","1.24","4.19","1.81","2.10","2.88","1.43","5.56","1.15","1.65","2.24"
"23104","05-12-24 00:00","Brazil","Serie A Betano","2024","Sao Paulo","Juventude","1.68","3.82","5.55","1.03","10.50","1.29","3.66","1.89","2.00","3.23","1.36","6.05","1.14","1.83","1.98"
"23105","05-12-24 00:00","Brazil","Serie A Betano","2024","Vitoria","Gremio","2.31","3.23","3.40","1.06","8.00","1.36","3.20","2.21","1.73","4.05","1.25","8.08","1.09","1.83","1.98"
"23106","04-12-24 23:00","Brazil","Serie A Betano","2024","Vasco","Atletico-MG","3.15","2.92","2.66","1.10","6.32","1.50","2.63","2.69","1.48","5.01","1.18","10.10","1.06","2.06","1.76"
"23107","04-12-24 00:00","Brazil","Serie A Betano","2024","Corinthians","Bahia","1.69","4.09","5.04","1.01","12.90","1.21","4.54","1.63","2.30","2.70","1.48","5.03","1.18","1.68","2.18"
"23108","01-12-24 22:30","Brazil","Serie A Betano","2024","Athletico-PR","Fluminense","2.29","2.92","3.89","1.11","6.00","1.60","2.38","2.82","1.45","5.81","1.14","11.70","1.04","2.06","1.76"
"23109","01-12-24 22:30","Brazil","Serie A Betano","2024","Bragantino","Cruzeiro","2.02","3.36","4.13","1.06","8.00","1.36","3.20","2.32","1.67","4.05","1.25","8.08","1.09","1.90","1.90"
"23110","01-12-24 22:30","Brazil","Serie A Betano","2024","Vitoria","Fortaleza","2.29","3.25","3.44","1.08","7.33","1.43","2.88","2.33","1.62","4.48","1.22","9.07","1.07","2.02","1.80"
"23111","01-12-24 20:00","Brazil","Serie A Betano","2024","Flamengo RJ","Internacional","1.93","3.45","4.40","1.05","9.00","1.31","3.50","2.10","1.80","3.60","1.30","6.80","1.11","1.76","2.06"
"23112","01-12-24 20:00","Brazil","Serie A Betano","2024","Gremio","Sao Paulo","2.42","3.17","3.26","1.06","8.00","1.36","3.20","2.32","1.67","4.05","1.25","8.08","1.09","1.83","1.98"
"23113","01-12-24 01:30","Brazil","Serie A Betano","2024","Vasco","Atletico GO","1.92","3.34","4.61","1.06","8.38","1.34","3.35","2.12","1.79","3.87","1.27","7.73","1.09","1.90","1.90"
"23114","30-11-24 23:30","Brazil","Serie A Betano","2024","Criciuma","Corinthians","3.53","3.34","2.21","1.05","9.42","1.34","3.35","2.12","1.79","3.55","1.30","6.93","1.11","1.79","2.03"
"23115","30-11-24 23:30","Brazil","Serie A Betano","2024","Cuiaba","Bahia","4.25","3.45","1.96","1.06","8.00","1.36","3.20","2.32","1.67","4.05","1.25","8.08","1.09","1.90","1.90"
"23116","28-11-24 01:00","Brazil","Serie A Betano","2024","Cruzeiro","Gremio","2.08","3.38","3.85","1.06","8.38","1.37","3.14","2.22","1.73","3.87","1.27","7.73","1.09","1.90","1.90"
"23117","27-11-24 01:30","Brazil","Serie A Betano","2024","Atletico-MG","Juventude","2.50","3.14","3.14","1.09","6.81","1.50","2.62","2.52","1.54","5.03","1.18","10.10","1.06","2.02","1.80"
"23118","27-11-24 01:30","Brazil","Serie A Betano","2024","Palmeiras","Botafogo RJ","2.01","3.26","4.33","1.06","8.38","1.34","3.35","2.12","1.79","3.87","1.27","7.73","1.09","1.83","1.98"
"23119","27-11-24 00:00","Brazil","Serie A Betano","2024","Fortaleza","Flamengo RJ","3.26","3.25","2.37","1.05","9.42","1.34","3.35","2.12","1.79","3.55","1.30","6.93","1.11","1.76","2.06"
"23120","26-11-24 23:00","Brazil","Serie A Betano","2024","Fluminense","Criciuma","1.63","3.67","6.61","1.06","8.38","1.34","3.35","2.12","1.79","3.87","1.27","7.73","1.09","2.02","1.80"
"23121","24-11-24 20:00","Brazil","Serie A Betano","2024","Bahia","Athletico-PR","1.75","3.97","4.67","1.02","13.00","1.23","4.33","1.80","2.10","2.82","1.45","5.26","1.17","1.74","2.10"
"23122","24-11-24 20:00","Brazil","Serie A Betano","2024","Corinthians","Vasco","1.63","4.08","5.61","1.05","9.00","1.33","3.40","2.10","1.80","3.71","1.29","7.24","1.10","2.02","1.80"
"23123","24-11-24 20:00","Brazil","Serie A Betano","2024","Internacional","Bragantino","1.60","4.28","5.61","1.03","11.00","1.26","4.00","1.89","2.00","3.18","1.37","5.81","1.14","1.90","1.90"
"23124","24-11-24 01:30","Brazil","Serie A Betano","2024","Sao Paulo","Atletico-MG","2.01","3.10","4.64","1.10","6.28","1.50","2.62","2.52","1.54","5.03","1.18","10.10","1.06","2.16","1.70"
"23125","23-11-24 23:30","Brazil","Serie A Betano","2024","Atletico GO","Palmeiras","8.59","5.44","1.36","1.02","13.00","1.26","4.00","1.80","2.10","2.82","1.45","5.26","1.17","1.96","1.85"
"23126","23-11-24 23:30","Brazil","Serie A Betano","2024","Botafogo RJ","Vitoria","1.41","4.81","8.40","1.03","10.50","1.26","3.93","1.89","2.00","3.05","1.39","5.56","1.15","2.06","1.76"
"23127","23-11-24 23:30","Brazil","Serie A Betano","2024","Juventude","Cuiaba","1.64","3.81","6.13","1.06","8.00","1.40","3.00","2.32","1.67","4.05","1.25","8.82","1.07","2.16","1.70"
"23128","23-11-24 01:30","Brazil","Serie A Betano","2024","Fluminense","Fortaleza","2.03","3.35","4.06","1.08","7.33","1.43","2.88","2.33","1.62","4.48","1.22","9.07","1.07","2.06","1.76"
"23129","22-11-24 00:00","Brazil","Serie A Betano","2024","Vasco","Internacional","3.78","3.30","2.14","1.06","8.38","1.37","3.14","2.22","1.73","3.87","1.27","7.73","1.09","1.90","1.90"
"23130","21-11-24 01:30","Brazil","Serie A Betano","2024","Atletico-MG","Botafogo RJ","4.14","3.26","2.05","1.08","7.33","1.46","2.75","2.43","1.58","5.03","1.18","10.10","1.06","2.06","1.76"
"23131","20-11-24 23:00","Brazil","Serie A Betano","2024","Cuiaba","Flamengo RJ","4.68","3.42","1.89","1.08","7.33","1.50","2.62","2.52","1.54","5.03","1.18","10.10","1.06","2.22","1.66"
"23132","20-11-24 23:00","Brazil","Serie A Betano","2024","Gremio","Juventude","1.81","3.67","4.75","1.03","10.50","1.29","3.66","2.02","1.87","3.23","1.36","6.51","1.12","1.76","2.06"
"23133","20-11-24 22:00","Brazil","Serie A Betano","2024","Bahia","Palmeiras","3.41","3.59","2.16","1.02","14.20","1.21","4.54","1.63","2.30","2.70","1.48","5.03","1.18","1.59","2.37"
"23134","20-11-24 20:30","Brazil","Serie A Betano","2024","Athletico-PR","Atletico GO","1.67","3.78","5.82","1.04","10.00","1.31","3.50","1.97","1.91","3.37","1.34","6.32","1.13","1.83","1.98"
"23135","20-11-24 20:30","Brazil","Serie A Betano","2024","Bragantino","Sao Paulo","2.56","3.15","3.05","1.09","7.00","1.46","2.75","2.44","1.57","4.68","1.20","9.48","1.06","1.90","1.90"
"23136","20-11-24 20:30","Brazil","Serie A Betano","2024","Criciuma","Vitoria","2.06","3.38","3.93","1.06","8.00","1.40","3.00","2.32","1.67","4.05","1.25","8.82","1.07","1.90","1.90"
"23137","20-11-24 15:00","Brazil","Serie A Betano","2024","Corinthians","Cruzeiro","1.54","4.21","6.68","1.05","9.42","1.30","3.56","2.02","1.87","3.45","1.32","6.93","1.11","2.06","1.76"
"23138","16-11-24 22:30","Brazil","Serie A Betano","2024","Athletico-PR","Atletico-MG","2.37","3.29","3.23","1.06","8.38","1.37","3.14","2.14","1.73","4.18","1.24","8.44","1.08","1.90","1.90"
"23139","14-11-24 00:00","Brazil","Serie A Betano","2024","Flamengo RJ","Atletico-MG","1.99","3.35","4.23","1.06","8.38","1.37","3.14","2.24","1.67","4.18","1.24","8.44","1.08","1.95","1.86"
"23140","10-11-24 01:00","Brazil","Serie A Betano","2024","Sao Paulo","Athletico-PR","1.57","3.97","6.86","1.06","8.41","1.35","3.26","2.18","1.74","4.05","1.25","8.24","1.08","2.28","1.63"
"23141","09-11-24 23:00","Brazil","Serie A Betano","2024","Atletico GO","Bragantino","2.76","3.48","2.59","1.05","9.00","1.36","3.20","2.21","1.73","3.71","1.29","7.24","1.10","1.83","1.98"
"23142","09-11-24 23:00","Brazil","Serie A Betano","2024","Cruzeiro","Criciuma","1.64","3.81","6.09","1.05","9.00","1.33","3.40","2.21","1.73","3.71","1.29","7.24","1.10","2.04","1.78"
"23143","09-11-24 23:00","Brazil","Serie A Betano","2024","Fortaleza","Vasco","1.72","3.78","5.29","1.05","9.00","1.36","3.20","2.21","1.73","3.71","1.29","8.08","1.09","2.04","1.78"
"23144","09-11-24 23:00","Brazil","Serie A Betano","2024","Juventude","Bahia","2.53","3.58","2.77","1.03","11.00","1.28","3.75","1.97","1.91","3.37","1.34","6.32","1.13","1.80","2.02"
"23145","09-11-24 20:30","Brazil","Serie A Betano","2024","Botafogo RJ","Cuiaba","1.25","5.95","14.90","1.03","11.50","1.24","4.19","1.74","2.20","2.88","1.43","5.03","1.18","2.48","1.54"
"23146","09-11-24 20:30","Brazil","Serie A Betano","2024","Vitoria","Corinthians","3.29","3.18","2.39","1.08","7.33","1.43","2.88","2.33","1.62","4.48","1.22","9.07","1.07","1.90","1.90"
"23147","09-11-24 01:30","Brazil","Serie A Betano","2024","Palmeiras","Gremio","1.40","5.36","7.41","1.01","17.50","1.20","4.71","1.55","2.49","2.43","1.58","4.18","1.24","1.83","1.98"
"23148","08-11-24 23:00","Brazil","Serie A Betano","2024","Internacional","Fluminense","1.52","4.28","6.86","1.05","9.42","1.34","3.35","2.12","1.79","3.55","1.30","6.93","1.11","2.16","1.70"
"23149","07-11-24 01:00","Brazil","Serie A Betano","2024","Atletico GO","Atletico-MG","2.30","3.25","3.42","1.06","8.00","1.40","3.00","2.34","1.62","4.37","1.22","8.82","1.07","1.90","1.90"
"23150","07-11-24 01:00","Brazil","Serie A Betano","2024","Cruzeiro","Flamengo RJ","2.73","3.10","2.88","1.08","7.33","1.43","2.88","2.33","1.62","4.48","1.22","9.07","1.07","1.96","1.85"
"23151","06-11-24 01:30","Brazil","Serie A Betano","2024","Bahia","Sao Paulo","2.36","3.08","3.49","1.06","8.00","1.40","3.00","2.32","1.67","4.37","1.22","8.82","1.07","1.90","1.90"
"23152","06-11-24 01:30","Brazil","Serie A Betano","2024","Botafogo RJ","Vasco","1.40","4.86","8.70","1.03","11.00","1.23","4.33","1.80","2.10","2.82","1.45","5.26","1.17","1.96","1.85"
"23153","06-11-24 01:30","Brazil","Serie A Betano","2024","Internacional","Criciuma","1.39","5.11","8.17","1.02","13.00","1.23","4.33","1.69","2.20","2.82","1.45","5.26","1.17","2.04","1.78"
"23154","05-11-24 00:00","Brazil","Serie A Betano","2024","Corinthians","Palmeiras","3.31","3.30","2.32","1.06","8.38","1.37","3.14","2.22","1.73","3.87","1.27","7.73","1.09","1.83","1.98"
"23155","02-11-24 22:30","Brazil","Serie A Betano","2024","Athletico-PR","Vitoria","1.83","3.34","5.24","1.06","8.00","1.40","3.00","2.32","1.67","4.05","1.25","8.08","1.09","2.04","1.78"
"23156","02-11-24 22:30","Brazil","Serie A Betano","2024","Juventude","Fortaleza","2.60","3.29","2.88","1.06","8.00","1.40","3.00","2.32","1.67","4.05","1.25","8.08","1.09","1.83","1.98"
"23157","02-11-24 20:00","Brazil","Serie A Betano","2024","Bragantino","Cuiaba","1.70","3.46","6.36","1.10","6.50","1.50","2.63","2.53","1.54","4.68","1.20","9.48","1.06","2.22","1.66"
"23158","02-11-24 01:00","Brazil","Serie A Betano","2024","Fluminense","Gremio","2.10","3.27","3.92","1.08","7.33","1.43","2.88","2.33","1.62","4.48","1.22","9.07","1.07","2.02","1.80"
"23159","30-10-24 23:00","Brazil","Serie A Betano","2024","Internacional","Flamengo RJ","1.91","3.49","4.43","1.05","9.42","1.34","3.35","2.12","1.79","3.87","1.27","7.73","1.09","1.90","1.90"
"23160","29-10-24 01:00","Brazil","Serie A Betano","2024","Vasco","Bahia","2.94","3.45","2.46","1.04","10.00","1.31","3.50","2.10","1.80","3.37","1.34","6.80","1.11","1.72","2.12"
"23161","28-10-24 23:00","Brazil","Serie A Betano","2024","Cuiaba","Corinthians","3.38","3.14","2.37","1.09","6.81","1.55","2.49","2.70","1.48","5.03","1.18","11.20","1.05","2.16","1.70"
"23162","27-10-24 02:00","Brazil","Serie A Betano","2024","Criciuma","Sao Paulo","3.38","3.16","2.36","1.08","7.33","1.43","2.88","2.33","1.62","4.48","1.22","9.07","1.07","1.96","1.85"
"23163","27-10-24 00:00","Brazil","Serie A Betano","2024","Atletico-MG","Internacional","3.44","3.15","2.34","1.09","6.81","1.46","2.75","2.43","1.58","5.03","1.18","10.10","1.06","2.02","1.80"
"23164","27-10-24 00:00","Brazil","Serie A Betano","2024","Bragantino","Botafogo RJ","3.80","3.50","2.05","1.05","9.42","1.30","3.56","2.12","1.79","3.55","1.30","6.93","1.11","1.83","1.98"
"23165","26-10-24 23:30","Brazil","Serie A Betano","2024","Athletico-PR","Cruzeiro","1.92","3.47","4.43","1.06","8.38","1.37","3.14","2.22","1.73","3.87","1.27","7.73","1.09","1.96","1.85"
"23166","26-10-24 21:30","Brazil","Serie A Betano","2024","Flamengo RJ","Juventude","1.36","4.86","10.60","1.03","11.00","1.23","4.33","1.69","2.20","2.82","1.45","5.26","1.17","1.98","1.83"
"23167","26-10-24 21:30","Brazil","Serie A Betano","2024","Gremio","Atletico GO","1.61","4.09","5.88","1.03","11.00","1.28","3.75","1.97","1.91","3.18","1.37","6.32","1.13","1.90","1.90"
"23168","26-10-24 21:30","Brazil","Serie A Betano","2024","Palmeiras","Fortaleza","1.40","5.11","7.89","1.02","15.00","1.21","4.50","1.63","2.30","2.63","1.50","4.68","1.20","1.98","1.83"
"23169","26-10-24 21:30","Brazil","Serie A Betano","2024","Vitoria","Fluminense","2.50","2.95","3.37","1.11","6.00","1.60","2.38","2.82","1.45","5.81","1.14","11.70","1.04","2.25","1.65"
"23170","25-10-24 00:00","Brazil","Serie A Betano","2024","Vasco","Cuiaba","1.80","3.34","5.54","1.08","7.33","1.46","2.75","2.43","1.58","5.03","1.18","10.10","1.06","2.20","1.68"
"23171","23-10-24 00:30","Brazil","Serie A Betano","2024","Fluminense","Athletico-PR","1.77","3.52","5.39","1.08","7.37","1.46","2.77","2.41","1.58","5.01","1.18","10.10","1.06","2.21","1.66"
"23172","21-10-24 01:00","Brazil","Serie A Betano","2024","Juventude","Palmeiras","5.63","3.81","1.68","1.05","9.00","1.31","3.50","1.97","1.91","3.37","1.34","6.80","1.11","1.83","1.98"
"23173","19-10-24 21:00","Brazil","Serie A Betano","2024","Internacional","Gremio","1.76","3.56","5.35","1.06","8.38","1.34","3.35","2.22","1.73","3.87","1.27","7.73","1.09","1.96","1.85"
"23174","19-10-24 21:00","Brazil","Serie A Betano","2024","Vitoria","Bragantino","2.31","3.18","3.47","1.08","7.33","1.43","2.88","2.33","1.62","4.48","1.22","9.07","1.07","1.99","1.82"
"23175","19-10-24 02:30","Brazil","Serie A Betano","2024","Cruzeiro","Bahia","1.94","3.66","4.07","1.03","10.50","1.29","3.66","1.89","2.00","3.23","1.36","6.51","1.12","1.76","2.06"
"23176","19-10-24 01:00","Brazil","Serie A Betano","2024","Botafogo RJ","Criciuma","1.34","5.57","8.92","1.02","15.00","1.21","4.54","1.63","2.30","2.52","1.54","4.48","1.22","1.96","1.85"
"23177","19-10-24 00:00","Brazil","Serie A Betano","2024","Atletico GO","Cuiaba","2.28","3.14","3.60","1.09","6.81","1.50","2.62","2.52","1.54","5.03","1.18","10.10","1.06","2.06","1.76"
"23178","18-10-24 01:00","Brazil","Serie A Betano","2024","Corinthians","Athletico-PR","1.62","3.97","6.07","1.03","11.00","1.26","4.00","1.89","2.00","3.18","1.37","5.81","1.14","1.82","1.99"
"23179","18-10-24 01:00","Brazil","Serie A Betano","2024","Flamengo RJ","Fluminense","1.72","3.37","6.35","1.10","6.28","1.55","2.49","2.70","1.48","5.03","1.18","10.10","1.06","2.32","1.61"
"23180","17-10-24 02:45","Brazil","Serie A Betano","2024","Fortaleza","Atletico-MG","1.72","3.54","5.81","1.08","7.33","1.43","2.88","2.33","1.62","4.48","1.22","9.07","1.07","2.16","1.70"
"23181","17-10-24 02:45","Brazil","Serie A Betano","2024","Sao Paulo","Vasco","1.82","3.59","4.78","1.05","9.42","1.37","3.14","2.22","1.73","3.87","1.27","7.73","1.09","1.96","1.85"
"23182","10-10-24 00:30","Brazil","Serie A Betano","2024","Atletico-MG","Gremio","1.78","3.80","4.79","1.03","10.60","1.30","3.60","1.99","1.89","3.52","1.31","6.87","1.11","1.90","1.90"
"23183","06-10-24 02:00","Brazil","Serie A Betano","2024","Vasco","Juventude","1.75","3.64","5.25","1.05","9.00","1.33","3.40","2.21","1.73","3.71","1.29","7.24","1.10","1.98","1.83"
"23184","06-10-24 00:00","Brazil","Serie A Betano","2024","Bahia","Flamengo RJ","2.86","3.36","2.57","1.05","9.42","1.34","3.35","2.12","1.79","3.55","1.30","6.93","1.11","1.90","1.90"
"23185","06-10-24 00:00","Brazil","Serie A Betano","2024","Corinthians","Internacional","2.27","3.30","3.41","1.05","9.00","1.33","3.40","2.21","1.73","3.71","1.29","7.24","1.10","1.76","2.06"
"23186","06-10-24 00:00","Brazil","Serie A Betano","2024","Cuiaba","Sao Paulo","3.89","2.92","2.29","1.16","5.00","1.80","2.10","3.37","1.34","7.24","1.10","14.00","1.03","2.54","1.52"
"23187","05-10-24 21:30","Brazil","Serie A Betano","2024","Athletico-PR","Botafogo RJ","3.30","3.70","2.16","1.03","10.50","1.35","3.26","2.21","1.74","3.77","1.28","7.59","1.10","1.86","1.94"
"23188","05-10-24 21:30","Brazil","Serie A Betano","2024","Atletico-MG","Vitoria","1.79","3.28","5.75","1.10","6.50","1.50","2.63","2.53","1.54","4.68","1.20","10.60","1.05","2.25","1.65"
"23189","05-10-24 21:30","Brazil","Serie A Betano","2024","Bragantino","Palmeiras","4.57","3.66","1.84","1.04","10.00","1.31","3.50","2.10","1.80","3.37","1.34","6.80","1.11","1.76","2.06"
"23190","05-10-24 02:30","Brazil","Serie A Betano","2024","Gremio","Fortaleza","2.16","3.50","3.49","1.05","9.00","1.36","3.20","2.21","1.73","4.05","1.25","8.08","1.09","1.90","1.90"
"23191","04-10-24 02:30","Brazil","Serie A Betano","2024","Fluminense","Cruzeiro","2.49","2.96","3.38","1.10","6.50","1.54","2.50","2.63","1.50","5.26","1.17","10.60","1.05","2.02","1.80"
"23192","04-10-24 00:00","Brazil","Serie A Betano","2024","Criciuma","Atletico GO","1.86","3.61","4.49","1.05","9.00","1.33","3.40","2.10","1.80","3.60","1.30","7.24","1.10","1.83","1.98"
"23193","30-09-24 01:00","Brazil","Serie A Betano","2024","Flamengo RJ","Athletico-PR","1.68","3.85","5.58","1.05","9.42","1.34","3.35","2.12","1.79","3.55","1.30","7.73","1.09","1.96","1.85"
"23194","29-09-24 23:30","Brazil","Serie A Betano","2024","Bahia","Criciuma","1.63","4.09","5.56","1.03","11.50","1.26","3.93","1.89","2.00","3.05","1.39","6.05","1.14","1.83","1.98"
"23195","29-09-24 23:30","Brazil","Serie A Betano","2024","Cruzeiro","Vasco","1.81","3.57","4.89","1.06","8.61","1.39","3.06","2.43","1.62","4.24","1.23","8.46","1.08","1.96","1.85"
"23196","29-09-24 23:30","Brazil","Serie A Betano","2024","Internacional","Vitoria","1.41","4.81","8.40","1.04","10.00","1.31","3.50","1.97","1.91","3.37","1.34","6.32","1.13","2.16","1.70"
"23197","29-09-24 21:00","Brazil","Serie A Betano","2024","Atletico GO","Fluminense","2.49","3.26","3.05","1.09","7.00","1.46","2.75","2.44","1.57","4.68","1.20","9.48","1.06","2.04","1.78"
"23198","29-09-24 21:00","Brazil","Serie A Betano","2024","Fortaleza","Cuiaba","1.77","3.78","4.86","1.09","7.00","1.46","2.75","2.44","1.57","4.68","1.20","9.48","1.06","2.31","1.62"
"23199","29-09-24 21:00","Brazil","Serie A Betano","2024","Sao Paulo","Corinthians","2.61","2.97","3.18","1.13","5.76","1.68","2.30","3.05","1.39","6.51","1.12","12.60","1.03","2.33","1.61"
"23200","29-09-24 16:00","Brazil","Serie A Betano","2024","Juventude","Bragantino","2.66","3.14","2.92","1.05","9.00","1.33","3.40","2.21","1.73","3.71","1.29","7.24","1.10","1.83","1.98"
"23201","29-09-24 02:00","Brazil","Serie A Betano","2024","Botafogo RJ","Gremio","1.71","4.06","4.88","1.03","11.50","1.26","3.93","1.89","2.00","3.23","1.36","6.05","1.14","1.83","1.98"
"23202","28-09-24 23:30","Brazil","Serie A Betano","2024","Palmeiras","Atletico-MG","1.71","3.71","5.49","1.05","9.42","1.34","3.35","2.22","1.73","3.87","1.27","7.73","1.09","2.02","1.80"
"23203","26-09-24 00:00","Brazil","Serie A Betano","2024","Bragantino","Internacional","3.39","3.38","2.25","1.05","9.42","1.37","3.14","2.22","1.73","3.87","1.27","7.73","1.09","1.94","1.86"
"23204","26-09-24 00:00","Brazil","Serie A Betano","2024","Gremio","Criciuma","1.70","4.05","4.98","1.03","11.00","1.33","3.40","2.10","1.80","3.60","1.30","6.80","1.11","1.98","1.83"
"23205","23-09-24 01:00","Brazil","Serie A Betano","2024","Criciuma","Athletico-PR","2.20","3.50","3.39","1.05","9.00","1.36","3.20","2.21","1.73","3.71","1.29","7.24","1.10","1.90","1.90"
"23206","22-09-24 23:30","Brazil","Serie A Betano","2024","Cuiaba","Cruzeiro","2.93","2.94","2.83","1.14","5.50","1.63","2.30","3.01","1.40","6.32","1.13","11.70","1.04","2.16","1.70"
"23207","22-09-24 23:30","Brazil","Serie A Betano","2024","Gremio","Flamengo RJ","1.86","3.67","4.41","1.05","9.42","1.34","3.35","2.12","1.79","3.87","1.27","7.73","1.09","1.96","1.85"
"23208","22-09-24 23:30","Brazil","Serie A Betano","2024","Sao Paulo","Internacional","2.82","2.94","2.94","1.10","6.28","1.55","2.49","2.70","1.48","5.56","1.15","11.20","1.05","2.16","1.70"
"23209","22-09-24 21:00","Brazil","Serie A Betano","2024","Atletico-MG","Bragantino","2.14","3.46","3.58","1.06","8.00","1.40","3.00","2.24","1.67","4.37","1.22","8.82","1.07","1.90","1.90"
"23210","22-09-24 21:00","Brazil","Serie A Betano","2024","Vasco","Palmeiras","4.29","3.94","1.82","1.02","13.00","1.26","4.00","1.89","2.00","3.18","1.37","5.81","1.14","1.78","2.04"
"23211","22-09-24 02:00","Brazil","Serie A Betano","2024","Fortaleza","Bahia","2.56","3.26","2.95","1.06","8.00","1.40","3.00","2.34","1.62","4.37","1.22","8.82","1.07","1.90","1.90"
"23212","21-09-24 23:30","Brazil","Serie A Betano","2024","Fluminense","Botafogo RJ","3.63","3.28","2.20","1.08","7.33","1.43","2.88","2.33","1.62","4.48","1.22","9.07","1.07","1.96","1.85"
"23213","21-09-24 21:00","Brazil","Serie A Betano","2024","Corinthians","Atletico GO","1.61","3.81","6.57","1.05","9.00","1.33","3.40","2.21","1.73","3.71","1.29","7.24","1.10","2.10","1.74"
"23214","21-09-24 21:00","Brazil","Serie A Betano","2024","Vitoria","Juventude","2.04","3.32","4.08","1.06","8.00","1.40","3.00","2.32","1.67","4.05","1.25","8.08","1.09","1.98","1.83"
"23215","17-09-24 01:00","Brazil","Serie A Betano","2024","Internacional","Cuiaba","1.51","3.93","8.25","1.08","7.37","1.43","2.90","2.32","1.63","4.45","1.22","9.03","1.07","2.44","1.56"
"23216","15-09-24 23:30","Brazil","Serie A Betano","2024","Bahia","Atletico-MG","1.94","3.65","4.06","1.06","8.00","1.40","3.00","2.32","1.67","4.05","1.25","8.08","1.09","1.96","1.85"
"23217","15-09-24 23:30","Brazil","Serie A Betano","2024","Cruzeiro","Sao Paulo","1.86","3.24","5.31","1.11","6.00","1.60","2.38","2.82","1.45","5.81","1.14","11.70","1.04","2.22","1.66"
"23218","15-09-24 23:30","Brazil","Serie A Betano","2024","Flamengo RJ","Vasco","1.71","3.67","5.57","1.06","8.38","1.34","3.35","2.12","1.79","3.87","1.27","7.73","1.09","1.96","1.85"
"23219","15-09-24 21:00","Brazil","Serie A Betano","2024","Bragantino","Gremio","2.40","3.60","2.93","1.04","10.00","1.33","3.40","2.10","1.80","3.60","1.30","6.80","1.11","1.83","1.98"
"23220","15-09-24 21:00","Brazil","Serie A Betano","2024","Juventude","Fluminense","3.02","3.55","2.37","1.06","8.00","1.46","2.75","2.34","1.62","4.68","1.20","8.82","1.07","1.96","1.85"
"23221","15-09-24 21:00","Brazil","Serie A Betano","2024","Palmeiras","Criciuma","1.31","5.53","10.90","1.02","13.00","1.21","4.50","1.63","2.30","2.63","1.50","4.68","1.20","2.04","1.78"
"23222","15-09-24 02:00","Brazil","Serie A Betano","2024","Botafogo RJ","Corinthians","1.63","3.87","6.07","1.05","9.42","1.30","3.56","2.12","1.79","3.55","1.30","6.93","1.11","1.96","1.85"
"23223","14-09-24 23:30","Brazil","Serie A Betano","2024","Athletico-PR","Fortaleza","1.94","3.79","3.90","1.03","11.60","1.29","3.68","1.88","2.01","3.21","1.36","6.48","1.12","1.76","2.06"
"23224","14-09-24 21:00","Brazil","Serie A Betano","2024","Atletico GO","Vitoria","1.94","3.45","4.31","1.06","8.00","1.40","3.00","2.34","1.62","4.37","1.22","8.82","1.07","2.04","1.78"
"23225","12-09-24 00:30","Brazil","Serie A Betano","2024","Internacional","Fortaleza","2.06","3.42","3.90","1.06","8.00","1.46","2.75","2.34","1.62","4.37","1.22","8.82","1.07","2.02","1.80"
"23226","06-09-24 01:00","Brazil","Serie A Betano","2024","Cuiaba","Juventude","2.14","3.37","3.67","1.06","8.38","1.37","3.14","2.24","1.67","4.18","1.24","8.44","1.08","1.96","1.85"
"23227","01-09-24 23:30","Brazil","Serie A Betano","2024","Athletico-PR","Palmeiras","3.82","3.67","1.99","1.03","11.00","1.28","3.75","1.97","1.91","3.37","1.34","6.32","1.13","1.72","2.12"
"23228","01-09-24 23:30","Brazil","Serie A Betano","2024","Bragantino","Bahia","2.34","3.45","3.14","1.04","10.00","1.33","3.40","2.10","1.80","3.60","1.30","6.80","1.11","1.76","2.06"
"23229","01-09-24 23:30","Brazil","Serie A Betano","2024","Fluminense","Sao Paulo","2.30","2.96","3.81","1.13","5.76","1.68","2.30","2.88","1.43","6.05","1.14","12.60","1.03","2.22","1.66"
"23230","01-09-24 23:30","Brazil","Serie A Betano","2024","Juventude","Internacional","3.44","3.36","2.23","1.06","8.00","1.40","3.00","2.32","1.67","4.05","1.25","8.82","1.07","1.90","1.90"
"23231","01-09-24 23:30","Brazil","Serie A Betano","2024","Vitoria","Vasco","2.39","3.14","3.34","1.08","7.33","1.43","2.88","2.43","1.58","4.48","1.22","9.07","1.07","1.96","1.85"
"23232","01-09-24 21:00","Brazil","Serie A Betano","2024","Corinthians","Flamengo RJ","2.56","3.05","3.14","1.11","6.00","1.54","2.50","2.82","1.45","5.26","1.17","10.60","1.05","2.06","1.76"
"23233","01-09-24 16:00","Brazil","Serie A Betano","2024","Cruzeiro","Atletico GO","1.68","3.65","6.05","1.08","7.33","1.46","2.75","2.43","1.58","4.48","1.22","10.10","1.06","2.37","1.58"
"23234","01-09-24 16:00","Brazil","Serie A Betano","2024","Gremio","Atletico-MG","2.15","3.06","4.11","1.10","6.50","1.50","2.63","2.63","1.50","5.26","1.17","10.60","1.05","2.02","1.80"
"23235","01-09-24 02:00","Brazil","Serie A Betano","2024","Botafogo RJ","Fortaleza","1.61","4.21","5.70","1.04","10.00","1.31","3.50","1.97","1.91","3.37","1.34","6.32","1.13","1.90","1.90"
"23236","31-08-24 23:30","Brazil","Serie A Betano","2024","Cuiaba","Criciuma","1.99","3.34","4.29","1.06","8.38","1.43","2.88","2.24","1.67","4.18","1.24","8.44","1.08","1.96","1.85"
"23237","29-08-24 00:30","Brazil","Serie A Betano","2024","Criciuma","Bragantino","2.42","3.38","3.06","1.05","9.42","1.34","3.35","2.12","1.79","3.87","1.27","7.73","1.09","1.83","1.98"
"23238","29-08-24 00:30","Brazil","Serie A Betano","2024","Cruzeiro","Internacional","2.21","3.32","3.56","1.08","7.33","1.46","2.75","2.43","1.58","5.03","1.18","10.10","1.06","2.06","1.76"
"23239","27-08-24 02:00","Brazil","Serie A Betano","2024","Vasco","Athletico-PR","2.25","3.32","3.46","1.06","8.38","1.34","3.35","2.22","1.73","3.87","1.27","7.73","1.09","1.86","1.94"
"23240","26-08-24 01:00","Brazil","Serie A Betano","2024","Flamengo RJ","Bragantino","1.61","3.81","6.57","1.05","9.42","1.30","3.56","2.02","1.87","3.55","1.30","6.93","1.11","1.96","1.85"
"23241","26-08-24 00:00","Brazil","Serie A Betano","2024","Internacional","Cruzeiro","2.03","3.25","4.26","1.09","6.81","1.50","2.62","2.52","1.54","5.03","1.18","10.10","1.06","2.15","1.70"
"23242","25-08-24 23:30","Brazil","Serie A Betano","2024","Sao Paulo","Vitoria","1.71","3.67","5.57","1.06","8.38","1.43","2.88","2.24","1.67","4.18","1.24","8.44","1.08","2.16","1.70"
"23243","25-08-24 21:00","Brazil","Serie A Betano","2024","Bahia","Botafogo RJ","2.28","3.54","3.18","1.03","11.00","1.28","3.75","1.97","1.91","3.37","1.34","6.32","1.13","1.72","2.12"
"23244","25-08-24 21:00","Brazil","Serie A Betano","2024","Criciuma","Gremio","2.85","3.35","2.59","1.05","9.00","1.36","3.20","2.32","1.67","4.05","1.25","8.08","1.09","1.83","1.98"
"23245","25-08-24 21:00","Brazil","Serie A Betano","2024","Fortaleza","Corinthians","2.00","3.30","4.31","1.09","7.00","1.46","2.75","2.44","1.57","4.68","1.20","9.48","1.06","2.10","1.74"
"23246","25-08-24 02:00","Brazil","Serie A Betano","2024","Atletico-MG","Fluminense","1.93","3.24","4.81","1.09","6.81","1.50","2.62","2.52","1.54","5.03","1.18","10.10","1.06","2.14","1.71"
"23247","24-08-24 23:30","Brazil","Serie A Betano","2024","Palmeiras","Cuiaba","1.49","4.22","8.00","1.05","9.42","1.30","3.56","2.02","1.87","3.45","1.32","6.93","1.11","2.16","1.70"
"23248","24-08-24 21:00","Brazil","Serie A Betano","2024","Atletico GO","Juventude","1.81","3.57","4.93","1.05","9.00","1.33","3.40","2.21","1.73","3.71","1.29","7.24","1.10","1.98","1.83"
"23249","20-08-24 01:00","Brazil","Serie A Betano","2024","Vitoria","Cruzeiro","2.87","2.95","2.87","1.10","6.32","1.58","2.42","2.86","1.43","6.02","1.14","11.10","1.05","2.22","1.66"
"23250","18-08-24 23:30","Brazil","Serie A Betano","2024","Athletico-PR","Juventude","1.73","3.97","4.84","1.02","13.00","1.26","4.00","1.89","2.00","3.01","1.40","5.81","1.14","1.78","2.04"
"23251","18-08-24 23:30","Brazil","Serie A Betano","2024","Botafogo RJ","Flamengo RJ","2.33","3.25","3.34","1.06","8.38","1.37","3.14","2.24","1.67","4.18","1.24","8.44","1.08","1.90","1.90"
"23252","18-08-24 21:00","Brazil","Serie A Betano","2024","Atletico GO","Internacional","3.14","3.14","2.50","1.06","8.00","1.40","3.00","2.34","1.62","4.37","1.22","8.82","1.07","1.98","1.83"
"23253","18-08-24 21:00","Brazil","Serie A Betano","2024","Criciuma","Vasco","2.13","3.36","3.73","1.06","8.00","1.40","3.00","2.32","1.67","4.05","1.25","8.08","1.09","1.90","1.90"
"23254","18-08-24 21:00","Brazil","Serie A Betano","2024","Palmeiras","Sao Paulo","1.71","3.57","5.81","1.09","7.00","1.46","2.75","2.44","1.57","4.68","1.20","9.48","1.06","2.31","1.62"
"23255","18-08-24 02:00","Brazil","Serie A Betano","2024","Fluminense","Corinthians","2.70","2.95","3.06","1.13","5.76","1.58","2.41","2.88","1.43","5.56","1.15","11.20","1.05","2.16","1.70"
"23256","17-08-24 23:30","Brazil","Serie A Betano","2024","Bragantino","Fortaleza","2.68","3.25","2.82","1.05","9.42","1.34","3.35","2.22","1.73","3.87","1.27","7.73","1.09","1.83","1.98"
"23257","17-08-24 21:00","Brazil","Serie A Betano","2024","Atletico-MG","Cuiaba","1.88","3.18","5.32","1.11","6.00","1.60","2.38","2.82","1.45","5.81","1.14","11.70","1.04","2.33","1.61"
"23258","17-08-24 21:00","Brazil","Serie A Betano","2024","Gremio","Bahia","2.69","3.23","2.83","1.05","9.00","1.36","3.20","2.21","1.73","3.71","1.29","7.24","1.10","1.76","2.06"
"23259","15-08-24 00:30","Brazil","Serie A Betano","2024","Internacional","Juventude","1.61","4.42","5.27","1.02","13.00","1.28","3.75","1.89","2.00","3.18","1.37","6.32","1.13","1.87","1.94"
"23260","12-08-24 00:00","Brazil","Serie A Betano","2024","Internacional","Athletico-PR","1.98","3.30","4.40","1.08","7.37","1.37","3.16","2.23","1.68","4.16","1.24","8.40","1.08","1.96","1.85"
"23261","11-08-24 21:00","Brazil","Serie A Betano","2024","Bahia","Vitoria","1.64","3.75","6.33","1.06","8.00","1.40","3.00","2.32","1.67","4.05","1.25","8.82","1.07","2.16","1.70"
"23262","11-08-24 21:00","Brazil","Serie A Betano","2024","Flamengo RJ","Palmeiras","1.78","3.56","5.16","1.06","8.00","1.36","3.20","2.21","1.73","3.71","1.29","7.24","1.10","1.90","1.90"
"23263","11-08-24 21:00","Brazil","Serie A Betano","2024","Sao Paulo","Atletico GO","1.90","3.34","4.72","1.09","7.00","1.46","2.75","2.44","1.57","4.68","1.20","9.48","1.06","2.15","1.70"
"23264","11-08-24 16:00","Brazil","Serie A Betano","2024","Juventude","Botafogo RJ","3.81","3.48","2.06","1.05","9.00","1.36","3.20","2.21","1.73","3.71","1.29","7.24","1.10","1.83","1.98"
"23265","11-08-24 02:30","Brazil","Serie A Betano","2024","Corinthians","Bragantino","2.23","3.05","3.85","1.09","6.81","1.46","2.75","2.43","1.58","4.48","1.22","10.10","1.06","2.02","1.80"
"23266","11-08-24 02:30","Brazil","Serie A Betano","2024","Cruzeiro","Atletico-MG","2.30","2.98","3.75","1.09","6.81","1.46","2.75","2.43","1.58","4.48","1.22","10.10","1.06","1.96","1.85"
"23267","11-08-24 02:30","Brazil","Serie A Betano","2024","Vasco","Fluminense","2.62","3.10","3.02","1.08","7.33","1.43","2.88","2.43","1.58","4.48","1.22","9.07","1.07","1.96","1.85"
"23268","11-08-24 00:00","Brazil","Serie A Betano","2024","Cuiaba","Gremio","2.64","3.01","3.08","1.10","6.28","1.55","2.49","2.70","1.48","5.56","1.15","11.20","1.05","2.16","1.70"
"23269","10-08-24 21:00","Brazil","Serie A Betano","2024","Fortaleza","Criciuma","1.78","3.42","5.46","1.06","8.00","1.40","3.00","2.32","1.67","4.05","1.25","8.08","1.09","1.96","1.85"
"23270","06-08-24 02:00","Brazil","Serie A Betano","2024","Cruzeiro","Fortaleza","1.94","3.52","4.19","1.06","8.38","1.43","2.88","2.24","1.67","4.18","1.24","8.44","1.08","2.02","1.80"
"23271","04-08-24 22:00","Brazil","Serie A Betano","2024","Internacional","Palmeiras","2.45","3.30","3.08","1.06","8.00","1.46","2.75","2.34","1.62","4.37","1.22","8.82","1.07","1.96","1.85"
"23272","04-08-24 21:00","Brazil","Serie A Betano","2024","Athletico-PR","Gremio","1.68","4.12","5.07","1.05","9.48","1.36","3.23","2.23","1.72","3.93","1.26","7.67","1.09","1.90","1.90"
"23273","04-08-24 21:00","Brazil","Serie A Betano","2024","Corinthians","Juventude","1.65","3.86","5.87","1.04","10.00","1.33","3.40","2.10","1.80","3.71","1.29","7.24","1.10","1.96","1.85"
"23274","04-08-24 21:00","Brazil","Serie A Betano","2024","Fluminense","Bahia","2.06","3.33","3.98","1.06","8.00","1.40","3.00","2.34","1.62","4.37","1.22","8.82","1.07","1.96","1.85"
"23275","04-08-24 02:30","Brazil","Serie A Betano","2024","Sao Paulo","Flamengo RJ","2.29","3.06","3.69","1.10","6.28","1.55","2.49","2.70","1.48","5.56","1.15","11.20","1.05","2.16","1.70"
"23276","04-08-24 01:00","Brazil","Serie A Betano","2024","Atletico GO","Botafogo RJ","3.14","3.23","2.45","1.09","7.00","1.46","2.75","2.44","1.57","4.68","1.20","9.48","1.06","1.98","1.83"
"23277","04-08-24 01:00","Brazil","Serie A Betano","2024","Criciuma","Atletico-MG","3.97","3.56","1.98","1.06","8.00","1.40","3.00","2.32","1.67","4.37","1.22","8.82","1.07","1.96","1.85"
"23278","04-08-24 00:00","Brazil","Serie A Betano","2024","Vasco","Bragantino","1.91","3.98","3.81","1.03","13.90","1.18","5.00","1.60","2.38","2.44","1.57","4.37","1.22","1.53","2.53"
"23279","03-08-24 21:00","Brazil","Serie A Betano","2024","Vitoria","Cuiaba","2.84","2.91","2.94","1.13","5.76","1.58","2.41","2.88","1.43","5.56","1.15","11.20","1.05","2.16","1.70"
"23280","29-07-24 00:00","Brazil","Serie A Betano","2024","Atletico-MG","Corinthians","1.72","3.54","5.81","1.05","9.00","1.36","3.20","2.21","1.73","4.05","1.25","8.08","1.09","1.98","1.83"
"23281","29-07-24 00:00","Brazil","Serie A Betano","2024","Cuiaba","Athletico-PR","2.46","3.14","3.20","1.10","6.50","1.50","2.63","2.63","1.50","5.26","1.17","10.60","1.05","2.04","1.78"
"23282","29-07-24 00:00","Brazil","Serie A Betano","2024","Gremio","Vasco","2.09","3.34","3.89","1.06","8.00","1.40","3.00","2.32","1.67","4.05","1.25","8.08","1.09","1.92","1.88"
"23283","28-07-24 21:00","Brazil","Serie A Betano","2024","Flamengo RJ","Atletico GO","1.33","5.11","11.60","1.03","11.00","1.23","4.33","1.80","2.10","2.82","1.45","5.26","1.17","2.09","1.74"
"23284","28-07-24 16:00","Brazil","Serie A Betano","2024","Bragantino","Fluminense","2.35","3.17","3.38","1.06","8.25","1.34","3.30","2.25","1.70","3.93","1.26","7.84","1.09","1.85","1.96"
"23285","28-07-24 02:30","Brazil","Serie A Betano","2024","Botafogo RJ","Cruzeiro","2.14","3.26","3.80","1.06","8.25","1.38","3.10","2.25","1.70","3.93","1.26","7.84","1.09","1.92","1.88"
"23286","28-07-24 02:30","Brazil","Serie A Betano","2024","Fortaleza","Sao Paulo","2.29","2.91","3.91","1.14","5.50","1.60","2.38","2.82","1.45","5.81","1.14","11.70","1.04","2.18","1.69"
"23287","28-07-24 01:00","Brazil","Serie A Betano","2024","Bahia","Internacional","1.99","3.32","4.29","1.06","8.00","1.40","3.00","2.32","1.67","4.05","1.25","8.08","1.09","1.92","1.88"
"23288","28-07-24 00:00","Brazil","Serie A Betano","2024","Juventude","Criciuma","2.29","3.14","3.56","1.09","7.00","1.46","2.75","2.44","1.57","4.68","1.20","9.48","1.06","1.98","1.83"
"23289","28-07-24 00:00","Brazil","Serie A Betano","2024","Palmeiras","Vitoria","1.48","4.77","6.76","1.03","11.30","1.27","3.87","1.92","1.97","3.27","1.35","6.14","1.13","2.04","1.78"
"23290","26-07-24 01:00","Brazil","Serie A Betano","2024","Corinthians","Gremio","1.98","3.34","4.34","1.08","7.22","1.48","2.70","2.46","1.56","4.54","1.21","10.20","1.06","2.09","1.74"
"23291","25-07-24 02:30","Brazil","Serie A Betano","2024","Atletico GO","Bahia","3.26","3.26","2.37","1.05","9.00","1.33","3.40","2.21","1.73","3.71","1.29","7.24","1.10","1.78","2.04"
"23292","25-07-24 02:30","Brazil","Serie A Betano","2024","Fluminense","Palmeiras","3.17","3.16","2.48","1.06","8.00","1.40","3.00","2.34","1.62","4.37","1.22","8.82","1.07","1.92","1.88"
"23293","25-07-24 01:00","Brazil","Serie A Betano","2024","Vitoria","Flamengo RJ","5.52","3.67","1.72","1.05","9.28","1.31","3.50","2.15","1.77","3.60","1.30","7.03","1.10","1.92","1.88"
"23294","25-07-24 00:30","Brazil","Serie A Betano","2024","Sao Paulo","Botafogo RJ","2.33","3.03","3.63","1.10","6.70","1.52","2.58","2.74","1.47","5.64","1.15","11.30","1.05","2.18","1.69"
"23295","25-07-24 00:00","Brazil","Serie A Betano","2024","Criciuma","Fortaleza","2.86","3.18","2.69","1.06","8.25","1.38","3.10","2.27","1.65","4.24","1.23","8.56","1.08","1.92","1.88"
"23296","25-07-24 00:00","Brazil","Serie A Betano","2024","Cruzeiro","Juventude","1.48","4.27","8.13","1.05","9.00","1.31","3.50","1.97","1.91","3.37","1.34","6.32","1.13","2.04","1.78"
"23297","22-07-24 01:00","Brazil","Serie A Betano","2024","Cuiaba","Fluminense","2.64","3.09","3.00","1.10","6.31","1.63","2.30","2.91","1.42","5.99","1.14","12.00","1.04","2.18","1.69"
"23298","21-07-24 23:30","Brazil","Serie A Betano","2024","Bragantino","Athletico-PR","1.96","3.36","4.40","1.06","8.00","1.36","3.20","2.21","1.73","4.05","1.25","8.08","1.09","1.92","1.88"
"23299","21-07-24 23:30","Brazil","Serie A Betano","2024","Fortaleza","Atletico GO","1.73","3.59","5.59","1.05","9.00","1.33","3.40","2.10","1.80","3.60","1.30","7.24","1.10","1.92","1.88"
"23300","21-07-24 23:30","Brazil","Serie A Betano","2024","Juventude","Sao Paulo","3.94","3.30","2.09","1.06","8.00","1.46","2.75","2.34","1.62","4.37","1.22","8.82","1.07","1.98","1.83"
"23301","21-07-24 21:00","Brazil","Serie A Betano","2024","Atletico-MG","Vasco","1.66","4.02","5.46","1.03","10.30","1.31","3.50","2.04","1.85","3.50","1.31","6.60","1.12","1.92","1.88"
"23302","21-07-24 21:00","Brazil","Serie A Betano","2024","Bahia","Corinthians","1.69","3.82","5.47","1.03","11.30","1.27","3.87","1.92","1.97","3.09","1.38","6.14","1.13","1.78","2.04"
"23303","21-07-24 16:00","Brazil","Serie A Betano","2024","Gremio","Vitoria","1.82","3.37","5.27","1.09","6.80","1.49","2.67","2.41","1.58","4.51","1.21","9.09","1.07","2.09","1.74"
"23304","21-07-24 02:00","Brazil","Serie A Betano","2024","Palmeiras","Cruzeiro","1.72","3.78","5.26","1.05","9.28","1.31","3.50","2.04","1.85","3.50","1.31","6.60","1.12","1.92","1.88"
"23305","20-07-24 23:30","Brazil","Serie A Betano","2024","Botafogo RJ","Internacional","1.91","3.30","4.77","1.08","7.22","1.44","2.84","2.46","1.56","4.54","1.21","9.20","1.06","2.09","1.74"
"23306","20-07-24 21:00","Brazil","Serie A Betano","2024","Flamengo RJ","Criciuma","1.42","4.81","8.10","1.03","11.00","1.28","3.75","1.89","2.00","3.18","1.37","5.81","1.14","2.04","1.78"
"23307","18-07-24 02:30","Brazil","Serie A Betano","2024","Botafogo RJ","Palmeiras","2.83","3.33","2.62","1.05","9.28","1.34","3.30","2.15","1.77","3.60","1.30","7.84","1.09","1.78","2.04"
"23308","18-07-24 02:30","Brazil","Serie A Betano","2024","Fortaleza","Vitoria","1.65","3.90","5.82","1.05","9.00","1.36","3.20","2.21","1.73","4.05","1.25","8.08","1.09","2.04","1.78"
"23309","18-07-24 01:00","Brazil","Serie A Betano","2024","Sao Paulo","Gremio","1.58","3.87","6.92","1.04","9.65","1.31","3.52","2.07","1.83","3.57","1.30","7.31","1.10","2.13","1.71"
"23310","18-07-24 00:00","Brazil","Serie A Betano","2024","Atletico GO","Vasco","2.30","3.38","3.26","1.06","8.33","1.38","3.13","2.25","1.66","4.20","1.24","8.48","1.08","1.91","1.89"
"23311","17-07-24 02:00","Brazil","Serie A Betano","2024","Corinthians","Criciuma","1.79","3.68","4.86","1.03","10.30","1.31","3.50","2.15","1.77","3.60","1.30","7.03","1.10","1.92","1.88"
"23312","17-07-24 00:00","Brazil","Serie A Betano","2024","Juventude","Atletico-MG","4.06","3.57","1.97","1.04","9.71","1.34","3.30","2.17","1.76","3.71","1.29","7.01","1.10","1.78","2.04"
"23313","13-07-24 21:00","Brazil","Serie A Betano","2024","Bahia","Cuiaba","1.66","3.63","6.23","1.06","8.25","1.34","3.30","2.15","1.77","3.93","1.26","7.84","1.09","1.98","1.83"
"23314","13-07-24 21:00","Brazil","Serie A Betano","2024","Cruzeiro","Bragantino","2.12","3.39","3.71","1.05","9.28","1.34","3.30","2.15","1.77","3.93","1.26","7.84","1.09","1.85","1.96"
"23315","12-07-24 02:30","Brazil","Serie A Betano","2024","Atletico-MG","Sao Paulo","2.55","3.15","3.06","1.08","7.22","1.44","2.84","2.37","1.60","4.54","1.21","9.20","1.06","1.98","1.83"
"23316","12-07-24 02:30","Brazil","Serie A Betano","2024","Vitoria","Botafogo RJ","3.35","3.03","2.46","1.10","6.50","1.50","2.63","2.63","1.50","5.26","1.17","10.60","1.05","2.04","1.78"
"23317","12-07-24 01:00","Brazil","Serie A Betano","2024","Criciuma","Fluminense","2.06","3.25","4.11","1.06","8.25","1.38","3.10","2.27","1.65","4.24","1.23","8.56","1.08","1.92","1.88"
"23318","12-07-24 01:00","Brazil","Serie A Betano","2024","Flamengo RJ","Fortaleza","1.63","3.87","6.11","1.05","9.28","1.30","3.61","2.04","1.85","3.27","1.35","6.60","1.12","1.92","1.88"
"23319","12-07-24 00:30","Brazil","Serie A Betano","2024","Palmeiras","Atletico GO","1.41","4.81","8.40","1.03","11.30","1.25","4.12","1.83","2.06","2.92","1.42","5.64","1.15","1.98","1.83"
"23320","11-07-24 00:00","Brazil","Serie A Betano","2024","Athletico-PR","Bahia","2.34","3.45","3.14","1.03","10.30","1.31","3.50","2.04","1.85","3.50","1.31","7.03","1.10","1.78","2.04"
"23321","11-07-24 00:00","Brazil","Serie A Betano","2024","Vasco","Corinthians","2.36","3.08","3.49","1.06","8.33","1.38","3.13","2.23","1.72","3.89","1.26","7.77","1.09","1.85","1.96"
"23322","10-07-24 23:30","Brazil","Serie A Betano","2024","Gremio","Cruzeiro","2.56","3.38","2.86","1.06","8.25","1.38","3.10","2.27","1.65","4.24","1.23","8.56","1.08","1.92","1.88"
"23323","08-07-24 01:30","Brazil","Serie A Betano","2024","Botafogo RJ","Atletico-MG","1.94","3.64","4.06","1.05","9.28","1.34","3.30","2.15","1.77","3.93","1.26","7.84","1.09","1.92","1.88"
"23324","07-07-24 23:30","Brazil","Serie A Betano","2024","Atletico GO","Athletico-PR","1.96","3.44","4.24","1.06","8.25","1.34","3.30","2.25","1.70","3.93","1.26","7.84","1.09","1.92","1.88"
"23325","07-07-24 23:30","Brazil","Serie A Betano","2024","Palmeiras","Bahia","1.69","4.30","4.75","","","1.22","4.47","1.65","2.27","2.55","1.53","4.54","1.21","1.70","2.16"
"23326","07-07-24 23:30","Brazil","Serie A Betano","2024","Vitoria","Criciuma","2.28","3.16","3.56","1.06","8.00","1.40","3.00","2.32","1.67","4.05","1.25","8.08","1.09","1.85","1.96"
"23327","07-07-24 23:00","Brazil","Serie A Betano","2024","Internacional","Vasco","1.70","3.64","5.73","1.06","8.25","1.44","2.84","2.37","1.60","4.54","1.21","9.20","1.06","2.18","1.69"
"23328","07-07-24 21:00","Brazil","Serie A Betano","2024","Cruzeiro","Corinthians","1.81","3.81","4.54","1.05","9.28","1.34","3.30","2.15","1.77","3.93","1.26","7.84","1.09","1.92","1.88"
"23329","07-07-24 21:00","Brazil","Serie A Betano","2024","Fortaleza","Fluminense","1.76","3.67","5.10","1.06","8.25","1.34","3.30","2.15","1.77","3.93","1.26","7.84","1.09","1.98","1.83"
"23330","07-07-24 21:00","Brazil","Serie A Betano","2024","Juventude","Gremio","2.73","3.31","2.72","1.06","8.25","1.44","2.84","2.27","1.65","4.24","1.23","8.56","1.08","1.92","1.88"
"23331","07-07-24 01:00","Brazil","Serie A Betano","2024","Flamengo RJ","Cuiaba","1.43","4.61","8.45","1.06","8.25","1.34","3.30","2.15","1.77","3.93","1.26","7.84","1.09","2.35","1.59"
"23332","07-07-24 01:00","Brazil","Serie A Betano","2024","Sao Paulo","Bragantino","1.95","3.45","4.29","1.06","8.25","1.44","2.84","2.27","1.65","4.24","1.23","8.56","1.08","1.98","1.83"
"23333","05-07-24 01:00","Brazil","Serie A Betano","2024","Corinthians","Vitoria","1.85","3.34","5.13","1.08","7.22","1.38","3.10","2.27","1.65","4.24","1.23","8.56","1.08","2.04","1.78"
"23334","05-07-24 01:00","Brazil","Serie A Betano","2024","Fluminense","Internacional","2.84","3.16","2.72","1.09","6.80","1.53","2.55","2.61","1.50","4.82","1.19","10.90","1.05","2.04","1.78"
"23335","05-07-24 00:00","Brazil","Serie A Betano","2024","Bahia","Juventude","1.55","4.18","6.57","1.03","10.70","1.26","3.88","1.85","2.04","2.91","1.42","5.42","1.16","1.78","2.04"
"23336","05-07-24 00:00","Brazil","Serie A Betano","2024","Gremio","Palmeiras","3.26","3.30","2.35","1.07","7.77","1.42","2.91","2.41","1.58","4.51","1.21","9.09","1.07","1.92","1.88"
"23337","04-07-24 02:30","Brazil","Serie A Betano","2024","Athletico-PR","Sao Paulo","2.41","3.17","3.28","1.06","8.25","1.38","3.10","2.27","1.65","4.24","1.23","8.56","1.08","1.92","1.88"
"23338","04-07-24 02:30","Brazil","Serie A Betano","2024","Atletico-MG","Flamengo RJ","2.85","3.21","2.68","1.08","7.22","1.44","2.84","2.37","1.60","4.54","1.21","9.20","1.06","1.98","1.83"
"23339","04-07-24 02:30","Brazil","Serie A Betano","2024","Bragantino","Atletico GO","1.86","3.49","4.75","1.06","8.00","1.36","3.20","2.21","1.73","4.05","1.25","8.08","1.09","1.92","1.88"
"23340","04-07-24 01:00","Brazil","Serie A Betano","2024","Criciuma","Cruzeiro","2.55","3.15","3.06","1.08","7.22","1.48","2.70","2.46","1.56","5.10","1.18","10.20","1.06","2.04","1.78"
"23341","04-07-24 01:00","Brazil","Serie A Betano","2024","Vasco","Fortaleza","2.27","3.28","3.43","1.05","9.00","1.36","3.20","2.32","1.67","4.05","1.25","8.08","1.09","1.85","1.96"
"23342","04-07-24 00:00","Brazil","Serie A Betano","2024","Cuiaba","Botafogo RJ","2.58","3.13","3.04","1.10","6.70","1.52","2.58","2.55","1.53","5.10","1.18","10.20","1.06","2.09","1.74"
"23343","02-07-24 01:00","Brazil","Serie A Betano","2024","Palmeiras","Corinthians","1.61","4.16","5.75","1.03","11.00","1.26","4.00","1.89","2.00","3.01","1.40","5.81","1.14","1.83","1.98"
"23344","30-06-24 23:30","Brazil","Serie A Betano","2024","Criciuma","Internacional","2.86","3.09","2.75","1.10","6.70","1.52","2.58","2.55","1.53","5.10","1.18","10.20","1.06","2.09","1.74"
"23345","30-06-24 23:30","Brazil","Serie A Betano","2024","Flamengo RJ","Cruzeiro","1.62","4.13","5.72","1.03","10.30","1.31","3.50","2.04","1.85","3.50","1.31","6.60","1.12","1.92","1.88"
"23346","30-06-24 23:30","Brazil","Serie A Betano","2024","Vitoria","Athletico-PR","2.38","3.25","3.25","1.06","8.25","1.44","2.84","2.37","1.60","4.54","1.21","9.20","1.06","1.98","1.83"
"23347","30-06-24 21:00","Brazil","Serie A Betano","2024","Fortaleza","Juventude","1.63","3.92","6.03","1.05","9.00","1.36","3.20","2.21","1.73","4.05","1.25","8.08","1.09","2.09","1.74"
"23348","30-06-24 21:00","Brazil","Serie A Betano","2024","Gremio","Fluminense","1.92","3.30","4.72","1.06","8.25","1.34","3.30","2.25","1.70","3.93","1.26","7.84","1.09","1.92","1.88"
"23349","30-06-24 21:00","Brazil","Serie A Betano","2024","Sao Paulo","Bahia","1.98","3.54","4.05","1.06","8.25","1.38","3.10","2.25","1.70","3.93","1.26","7.84","1.09","1.92","1.88"
"23350","30-06-24 16:00","Brazil","Serie A Betano","2024","Atletico-MG","Atletico GO","2.03","3.62","3.76","1.05","9.33","1.38","3.11","2.24","1.71","3.91","1.26","7.81","1.09","1.92","1.88"
"23351","29-06-24 23:30","Brazil","Serie A Betano","2024","Cuiaba","Bragantino","2.82","3.14","2.75","1.08","7.22","1.44","2.84","2.46","1.56","4.54","1.21","9.20","1.06","1.98","1.83"
"23352","29-06-24 23:30","Brazil","Serie A Betano","2024","Vasco","Botafogo RJ","3.17","3.16","2.48","1.06","8.25","1.44","2.84","2.27","1.65","4.24","1.23","8.56","1.08","1.92","1.88"
"23353","28-06-24 01:00","Brazil","Serie A Betano","2024","Sao Paulo","Criciuma","1.59","4.18","5.91","1.03","10.40","1.30","3.63","2.03","1.86","3.48","1.32","6.57","1.12","1.98","1.83"
"23354","28-06-24 00:00","Brazil","Serie A Betano","2024","Fluminense","Vitoria","1.84","3.56","4.72","1.05","9.28","1.31","3.50","2.15","1.77","3.60","1.30","7.03","1.10","1.85","1.96"
"23355","27-06-24 02:30","Brazil","Serie A Betano","2024","Bahia","Vasco","1.63","4.00","5.82","1.03","11.00","1.28","3.75","1.97","1.91","3.37","1.34","6.32","1.13","1.98","1.83"
"23356","27-06-24 02:30","Brazil","Serie A Betano","2024","Fortaleza","Palmeiras","3.25","3.15","2.43","1.06","8.00","1.40","3.00","2.34","1.62","4.37","1.22","8.82","1.07","1.92","1.88"
"23357","27-06-24 02:30","Brazil","Serie A Betano","2024","Internacional","Atletico-MG","2.08","3.26","4.04","1.09","7.00","1.50","2.63","2.53","1.54","5.26","1.17","10.60","1.05","2.15","1.70"
"23358","27-06-24 01:00","Brazil","Serie A Betano","2024","Atletico GO","Gremio","2.22","3.23","3.63","1.06","8.00","1.46","2.75","2.34","1.62","4.37","1.22","8.82","1.07","1.98","1.83"
"23359","27-06-24 01:00","Brazil","Serie A Betano","2024","Corinthians","Cuiaba","1.99","3.28","4.37","1.09","7.00","1.50","2.63","2.53","1.54","4.68","1.20","9.48","1.06","2.09","1.74"
"23360","27-06-24 01:00","Brazil","Serie A Betano","2024","Juventude","Flamengo RJ","5.00","3.32","1.87","1.06","8.25","1.38","3.10","2.25","1.70","3.93","1.26","7.84","1.09","1.92","1.88"
"23361","27-06-24 00:00","Brazil","Serie A Betano","2024","Botafogo RJ","Bragantino","1.96","3.47","4.21","1.04","10.00","1.33","3.40","2.10","1.80","3.60","1.30","7.24","1.10","1.78","2.04"
"23362","27-06-24 00:00","Brazil","Serie A Betano","2024","Cruzeiro","Athletico-PR","2.20","3.17","3.78","1.08","7.22","1.44","2.84","2.37","1.60","4.54","1.21","9.20","1.06","2.04","1.78"
"23363","23-06-24 23:30","Brazil","Serie A Betano","2024","Atletico-MG","Fortaleza","1.73","3.75","5.22","1.06","8.25","1.44","2.84","2.27","1.65","4.24","1.23","8.56","1.08","2.09","1.74"
"23364","23-06-24 23:30","Brazil","Serie A Betano","2024","Bragantino","Vitoria","1.54","4.13","6.92","1.04","10.00","1.31","3.50","1.97","1.91","3.37","1.34","6.80","1.11","1.98","1.83"
"23365","23-06-24 23:30","Brazil","Serie A Betano","2024","Palmeiras","Juventude","1.43","4.61","8.45","1.03","10.30","1.31","3.50","2.04","1.85","3.50","1.31","7.03","1.10","2.25","1.65"
"23366","23-06-24 21:00","Brazil","Serie A Betano","2024","Athletico-PR","Corinthians","1.66","4.04","5.30","1.03","11.00","1.28","3.75","1.97","1.91","3.37","1.34","6.32","1.13","1.98","1.83"
"23367","23-06-24 21:00","Brazil","Serie A Betano","2024","Bahia","Cruzeiro","2.09","3.29","3.96","1.06","8.00","1.40","3.00","2.34","1.62","4.37","1.22","8.82","1.07","1.92","1.88"
"23368","23-06-24 21:00","Brazil","Serie A Betano","2024","Fluminense","Flamengo RJ","4.70","3.95","1.75","1.04","10.00","1.31","3.50","2.10","1.80","3.60","1.30","6.80","1.11","1.90","1.90"
"23369","23-06-24 02:30","Brazil","Serie A Betano","2024","Vasco","Sao Paulo","3.46","3.25","2.28","1.08","7.22","1.48","2.70","2.37","1.60","4.54","1.21","9.20","1.06","1.98","1.83"
"23370","22-06-24 23:30","Brazil","Serie A Betano","2024","Cuiaba","Atletico GO","2.06","3.26","4.10","1.08","7.22","1.44","2.84","2.37","1.60","4.54","1.21","9.20","1.06","2.04","1.78"
"23371","22-06-24 22:30","Brazil","Serie A Betano","2024","Gremio","Internacional","3.06","3.06","2.61","1.09","7.00","1.50","2.63","2.53","1.54","5.26","1.17","10.60","1.05","2.04","1.78"
"23372","22-06-24 21:00","Brazil","Serie A Betano","2024","Criciuma","Botafogo RJ","3.04","3.34","2.46","1.05","9.00","1.36","3.20","2.21","1.73","4.05","1.25","8.08","1.09","1.85","1.96"
"23373","21-06-24 02:30","Brazil","Serie A Betano","2024","Palmeiras","Bragantino","1.72","3.78","5.26","1.05","9.28","1.31","3.50","2.04","1.85","3.50","1.31","6.60","1.12","1.92","1.88"
"23374","21-06-24 01:00","Brazil","Serie A Betano","2024","Flamengo RJ","Bahia","1.61","4.01","6.10","1.03","11.30","1.25","4.12","1.83","2.06","2.92","1.42","5.64","1.15","1.78","2.04"
"23375","20-06-24 23:30","Brazil","Serie A Betano","2024","Vitoria","Atletico-MG","3.06","2.93","2.71","1.11","6.22","1.56","2.46","2.73","1.47","5.61","1.15","11.30","1.05","2.09","1.74"
"23376","20-06-24 02:30","Brazil","Serie A Betano","2024","Cruzeiro","Fluminense","1.78","3.57","5.10","1.05","9.00","1.36","3.20","2.21","1.73","4.05","1.25","8.08","1.09","2.04","1.78"
"23377","20-06-24 02:30","Brazil","Serie A Betano","2024","Internacional","Corinthians","2.21","3.29","3.59","1.08","7.22","1.44","2.84","2.37","1.60","4.54","1.21","9.20","1.06","1.98","1.83"
"23378","20-06-24 01:00","Brazil","Serie A Betano","2024","Fortaleza","Gremio","1.93","3.45","4.40","1.06","8.00","1.36","3.20","2.21","1.73","4.05","1.25","8.08","1.09","1.98","1.83"
"23379","20-06-24 01:00","Brazil","Serie A Betano","2024","Juventude","Vasco","2.18","3.14","3.85","1.09","7.00","1.50","2.63","2.53","1.54","5.26","1.17","10.60","1.05","2.10","1.74"
"23380","20-06-24 01:00","Brazil","Serie A Betano","2024","Sao Paulo","Cuiaba","1.54","3.74","8.34","1.08","7.22","1.44","2.84","2.37","1.60","4.54","1.21","9.20","1.06","2.50","1.54"
"23381","20-06-24 00:00","Brazil","Serie A Betano","2024","Atletico GO","Criciuma","1.68","3.82","5.60","1.05","9.28","1.34","3.30","2.15","1.77","3.93","1.26","7.84","1.09","2.04","1.78"
"23382","20-06-24 00:00","Brazil","Serie A Betano","2024","Botafogo RJ","Athletico-PR","1.96","3.26","4.55","1.06","8.00","1.40","3.00","2.32","1.67","4.37","1.22","8.82","1.07","1.98","1.83"
"23383","18-06-24 01:30","Brazil","Serie A Betano","2024","Atletico-MG","Palmeiras","2.60","3.18","2.97","1.06","8.25","1.44","2.84","2.37","1.60","4.54","1.21","9.20","1.06","1.92","1.88"
"23384","16-06-24 23:30","Brazil","Serie A Betano","2024","Criciuma","Bahia","3.70","3.25","2.18","1.06","8.00","1.40","3.00","2.32","1.67","4.05","1.25","8.08","1.09","1.85","1.96"
"23385","16-06-24 23:30","Brazil","Serie A Betano","2024","Cuiaba","Fortaleza","3.48","2.86","2.50","1.11","6.19","1.57","2.45","2.74","1.47","5.64","1.15","11.30","1.05","2.09","1.74"
"23386","16-06-24 23:30","Brazil","Serie A Betano","2024","Gremio","Botafogo RJ","3.70","3.29","2.17","1.06","8.25","1.38","3.10","2.27","1.65","4.24","1.23","8.56","1.08","1.92","1.88"
"23387","16-06-24 23:30","Brazil","Serie A Betano","2024","Vasco","Cruzeiro","2.90","3.23","2.63","1.07","7.73","1.49","2.66","2.53","1.54","4.85","1.19","9.82","1.06","1.98","1.83"
"23388","16-06-24 21:00","Brazil","Serie A Betano","2024","Athletico-PR","Flamengo RJ","2.70","3.19","2.83","1.07","7.77","1.42","2.91","2.39","1.63","4.17","1.24","8.33","1.08","1.85","1.96"
"23389","16-06-24 21:00","Brazil","Serie A Betano","2024","Corinthians","Sao Paulo","3.45","3.14","2.34","1.09","7.00","1.50","2.63","2.53","1.54","5.26","1.17","10.60","1.05","2.04","1.78"
"23390","16-06-24 21:00","Brazil","Serie A Betano","2024","Vitoria","Internacional","2.82","2.92","2.96","1.13","5.67","1.60","2.37","2.92","1.42","6.14","1.13","11.30","1.05","2.18","1.69"
"23391","16-06-24 02:00","Brazil","Serie A Betano","2024","Fluminense","Atletico GO","1.85","3.67","4.48","1.03","10.30","1.31","3.50","2.04","1.85","3.60","1.30","7.03","1.10","1.92","1.88"
"23392","15-06-24 23:30","Brazil","Serie A Betano","2024","Bragantino","Juventude","1.62","3.90","5.60","1.03","10.30","1.30","3.10","2.01","1.81","3.34","1.26","6.35","1.07","2.01","1.76"
"23393","14-06-24 02:30","Brazil","Serie A Betano","2024","Bahia","Fortaleza","1.88","3.74","4.25","1.05","9.28","1.34","3.30","2.15","1.77","3.93","1.26","7.84","1.09","2.01","1.81"
"23394","14-06-24 02:30","Brazil","Serie A Betano","2024","Palmeiras","Vasco","1.46","4.41","7.86","1.03","10.30","1.30","3.61","1.92","1.97","3.27","1.35","6.14","1.13","2.06","1.76"
"23395","14-06-24 01:00","Brazil","Serie A Betano","2024","Athletico-PR","Criciuma","1.51","4.40","6.80","1.04","10.00","1.31","3.50","1.97","1.91","3.37","1.34","6.32","1.13","2.04","1.78"
"23396","14-06-24 01:00","Brazil","Serie A Betano","2024","Flamengo RJ","Gremio","1.60","3.92","6.47","1.05","9.28","1.31","3.50","2.04","1.85","3.50","1.31","7.03","1.10","1.98","1.83"
"23397","14-06-24 01:00","Brazil","Serie A Betano","2024","Internacional","Sao Paulo","2.44","3.05","3.35","1.10","6.70","1.52","2.58","2.55","1.53","5.10","1.18","10.20","1.06","2.09","1.74"
"23398","14-06-24 00:00","Brazil","Serie A Betano","2024","Cruzeiro","Cuiaba","1.62","3.71","6.78","1.08","7.22","1.48","2.70","2.46","1.56","5.10","1.18","10.20","1.06","2.46","1.55"
"23399","12-06-24 02:30","Brazil","Serie A Betano","2024","Bragantino","Atletico-MG","2.34","3.26","3.31","1.08","7.22","1.44","2.84","2.37","1.60","4.54","1.21","9.20","1.06","1.97","1.84"
"23400","12-06-24 01:00","Brazil","Serie A Betano","2024","Botafogo RJ","Fluminense","1.97","3.39","4.26","1.06","8.25","1.34","3.30","2.15","1.77","3.93","1.26","7.84","1.09","1.92","1.88"
"23401","12-06-24 00:00","Brazil","Serie A Betano","2024","Atletico GO","Corinthians","2.70","3.23","2.82","1.08","7.22","1.48","2.70","2.46","1.56","4.54","1.21","9.20","1.06","2.04","1.78"
"23402","12-06-24 00:00","Brazil","Serie A Betano","2024","Juventude","Vitoria","1.98","3.19","4.62","1.10","6.70","1.48","2.70","2.55","1.53","5.10","1.18","10.20","1.06","2.18","1.69"
"23403","09-06-24 21:00","Brazil","Serie A Betano","2024","Criciuma","Cuiaba","2.10","3.26","3.94","1.11","6.19","1.60","2.37","2.92","1.42","6.14","1.13","11.30","1.05","2.35","1.59"
"23404","06-06-24 01:00","Brazil","Serie A Betano","2024","Cuiaba","Vitoria","2.19","3.05","3.97","1.13","5.70","1.59","2.38","2.90","1.43","6.11","1.13","12.70","1.03","2.25","1.65"
"23405","06-06-24 00:00","Brazil","Serie A Betano","2024","Juventude","Atletico GO","2.41","3.08","3.38","1.09","6.74","1.47","2.72","2.54","1.53","5.08","1.18","10.20","1.06","2.04","1.78"
"23406","02-06-24 23:30","Brazil","Serie A Betano","2024","Fortaleza","Athletico-PR","1.93","3.45","4.40","1.06","8.25","1.38","3.10","2.25","1.70","3.93","1.26","7.84","1.09","1.98","1.83"
"23407","02-06-24 23:30","Brazil","Serie A Betano","2024","Sao Paulo","Cruzeiro","1.96","3.36","4.40","1.10","6.70","1.52","2.58","2.55","1.53","5.10","1.18","10.20","1.06","2.18","1.69"
"23408","02-06-24 21:00","Brazil","Serie A Betano","2024","Atletico-MG","Bahia","1.80","3.74","4.69","1.04","10.00","1.33","3.40","2.10","1.80","3.60","1.30","6.80","1.11","1.85","1.96"
"23409","02-06-24 21:00","Brazil","Serie A Betano","2024","Criciuma","Palmeiras","4.98","3.36","1.86","1.09","7.00","1.50","2.63","2.53","1.54","5.26","1.17","10.60","1.05","2.25","1.65"
"23410","02-06-24 21:00","Brazil","Serie A Betano","2024","Vasco","Flamengo RJ","4.99","3.97","1.71","1.03","10.30","1.31","3.50","2.04","1.85","3.50","1.31","7.03","1.10","1.95","1.86"
"23411","02-06-24 02:00","Brazil","Serie A Betano","2024","Corinthians","Botafogo RJ","2.14","3.30","3.76","1.09","7.00","1.46","2.75","2.34","1.62","4.37","1.22","8.82","1.07","1.98","1.83"
"23412","01-06-24 23:30","Brazil","Serie A Betano","2024","Cuiaba","Internacional","3.86","3.14","2.18","1.11","6.19","1.60","2.37","2.74","1.47","5.64","1.15","11.30","1.05","2.25","1.65"
"23413","01-06-24 23:30","Brazil","Serie A Betano","2024","Fluminense","Juventude","1.60","4.32","5.59","1.03","11.30","1.30","3.61","1.92","1.97","3.27","1.35","6.14","1.13","1.92","1.88"
"23414","01-06-24 21:00","Brazil","Serie A Betano","2024","Gremio","Bragantino","3.22","3.16","2.45","1.06","8.25","1.34","3.30","2.25","1.70","3.93","1.26","7.84","1.09","1.85","1.96"
"23415","01-06-24 21:00","Brazil","Serie A Betano","2024","Vitoria","Atletico GO","2.31","3.13","3.52","1.09","7.00","1.40","3.00","2.34","1.62","4.37","1.22","8.82","1.07","1.98","1.83"
"23416","14-05-24 01:00","Brazil","Serie A Betano","2024","Sao Paulo","Fluminense","1.75","3.67","5.20","1.06","8.25","1.34","3.30","2.15","1.77","3.93","1.26","7.84","1.09","1.98","1.83"
"23417","12-05-24 23:30","Brazil","Serie A Betano","2024","Bahia","Bragantino","1.84","3.87","4.28","1.03","11.00","1.28","3.75","1.89","2.00","3.18","1.37","5.81","1.14","1.78","2.04"
"23418","12-05-24 23:30","Brazil","Serie A Betano","2024","Vasco","Vitoria","1.77","3.70","4.99","1.05","9.00","1.33","3.40","2.10","1.80","3.71","1.29","7.24","1.10","1.92","1.88"
"23419","12-05-24 21:00","Brazil","Serie A Betano","2024","Atletico GO","Cruzeiro","3.13","3.29","2.42","1.06","8.00","1.40","3.00","2.34","1.62","4.37","1.22","8.82","1.07","1.98","1.83"
"23420","12-05-24 21:00","Brazil","Serie A Betano","2024","Fortaleza","Botafogo RJ","1.97","3.46","4.15","1.05","9.28","1.34","3.30","2.15","1.77","3.93","1.26","7.84","1.09","1.92","1.88"
"23421","12-05-24 21:00","Brazil","Serie A Betano","2024","Palmeiras","Athletico-PR","1.71","3.82","5.25","1.05","9.00","1.36","3.20","2.21","1.73","4.05","1.25","8.08","1.09","2.04","1.78"
"23422","11-05-24 21:00","Brazil","Serie A Betano","2024","Flamengo RJ","Corinthians","1.63","4.05","5.65","1.06","8.00","1.40","3.00","2.32","1.67","4.05","1.25","8.08","1.09","2.25","1.65"
"23423","05-05-24 23:30","Brazil","Serie A Betano","2024","Botafogo RJ","Bahia","2.12","3.63","3.45","1.03","11.30","1.25","4.12","1.83","2.06","3.09","1.38","5.64","1.15","1.70","2.16"
"23424","05-05-24 23:30","Brazil","Serie A Betano","2024","Cuiaba","Palmeiras","5.26","3.25","1.86","1.11","6.19","1.52","2.58","2.55","1.53","5.10","1.18","10.20","1.06","2.25","1.65"
"23425","05-05-24 21:00","Brazil","Serie A Betano","2024","Athletico-PR","Vasco","1.67","4.05","5.22","1.04","10.00","1.36","3.20","2.21","1.73","3.71","1.29","7.24","1.10","2.04","1.78"
"23426","05-05-24 21:00","Brazil","Serie A Betano","2024","Vitoria","Sao Paulo","3.78","3.16","2.20","1.10","6.50","1.54","2.50","2.63","1.50","5.26","1.17","10.60","1.05","2.15","1.70"
"23427","05-05-24 02:00","Brazil","Serie A Betano","2024","Corinthians","Fortaleza","2.18","3.06","3.77","1.08","6.05","1.49","2.38","2.60","1.50","4.80","1.13","9.70","1.01","2.18","1.65"
"23428","04-05-24 23:30","Brazil","Serie A Betano","2024","Bragantino","Flamengo RJ","2.86","3.18","2.69","1.06","8.25","1.38","3.10","2.25","1.70","3.93","1.26","7.84","1.09","1.85","1.96"
"23429","04-05-24 21:00","Brazil","Serie A Betano","2024","Fluminense","Atletico-MG","3.56","3.37","2.18","1.06","8.00","1.40","3.00","2.32","1.67","4.05","1.25","8.08","1.09","1.92","1.88"
"23430","30-04-24 01:00","Brazil","Serie A Betano","2024","Sao Paulo","Palmeiras","2.77","2.97","2.96","1.11","6.22","1.51","2.59","2.54","1.53","5.08","1.18","10.20","1.06","2.09","1.74"
"23431","29-04-24 01:00","Brazil","Serie A Betano","2024","Internacional","Atletico GO","1.56","3.85","7.32","1.06","8.25","1.34","3.30","2.15","1.77","3.93","1.26","7.84","1.09","2.18","1.69"
"23432","28-04-24 23:30","Brazil","Serie A Betano","2024","Fortaleza","Bragantino","2.21","3.28","3.59","1.06","8.29","1.38","3.11","2.24","1.71","3.91","1.26","7.81","1.09","1.92","1.88"
"23433","28-04-24 23:30","Brazil","Serie A Betano","2024","Juventude","Athletico-PR","3.01","3.02","2.69","1.11","6.19","1.52","2.58","2.55","1.53","5.10","1.18","10.20","1.06","2.04","1.78"
"23434","28-04-24 21:00","Brazil","Serie A Betano","2024","Corinthians","Fluminense","2.23","3.26","3.56","1.06","8.00","1.40","3.00","2.34","1.62","4.37","1.22","8.82","1.07","1.92","1.88"
"23435","28-04-24 21:00","Brazil","Serie A Betano","2024","Cruzeiro","Vitoria","1.58","4.28","5.94","1.05","9.00","1.36","3.20","2.10","1.80","3.71","1.29","7.24","1.10","2.15","1.70"
"23436","28-04-24 16:00","Brazil","Serie A Betano","2024","Flamengo RJ","Botafogo RJ","1.59","4.28","5.78","1.03","10.60","1.33","3.38","2.05","1.85","3.49","1.32","7.05","1.10","1.98","1.83"
"23437","28-04-24 02:00","Brazil","Serie A Betano","2024","Bahia","Gremio","1.79","3.83","4.63","1.03","11.00","1.28","3.75","1.97","1.91","3.18","1.37","6.32","1.13","1.83","1.98"
"23438","27-04-24 23:30","Brazil","Serie A Betano","2024","Cuiaba","Atletico-MG","3.68","2.93","2.36","1.13","5.67","1.70","2.27","3.09","1.38","6.14","1.13","12.70","1.03","2.35","1.59"
"23439","27-04-24 21:00","Brazil","Serie A Betano","2024","Vasco","Criciuma","1.69","3.58","6.06","1.09","7.00","1.46","2.75","2.34","1.62","4.37","1.22","8.82","1.07","2.18","1.69"
"23440","21-04-24 23:30","Brazil","Serie A Betano","2024","Atletico GO","Sao Paulo","2.99","3.03","2.70","1.10","6.70","1.48","2.70","2.55","1.53","5.10","1.18","10.20","1.06","2.04","1.78"
"23441","21-04-24 23:30","Brazil","Serie A Betano","2024","Botafogo RJ","Juventude","1.63","4.06","5.75","1.06","8.00","1.46","2.75","2.34","1.62","4.37","1.22","8.82","1.07","2.25","1.65"
"23442","21-04-24 21:00","Brazil","Serie A Betano","2024","Athletico-PR","Internacional","2.00","3.55","3.93","1.06","8.00","1.46","2.75","2.34","1.62","4.68","1.20","8.82","1.07","2.04","1.78"
"23443","21-04-24 21:00","Brazil","Serie A Betano","2024","Palmeiras","Flamengo RJ","2.06","3.25","4.13","1.06","8.25","1.44","2.84","2.27","1.65","4.24","1.23","8.56","1.08","1.98","1.83"
"23444","21-04-24 21:00","Brazil","Serie A Betano","2024","Vitoria","Bahia","3.54","3.28","2.23","1.05","9.00","1.36","3.20","2.21","1.73","4.05","1.25","8.08","1.09","1.90","1.90"
"23445","21-04-24 02:00","Brazil","Serie A Betano","2024","Atletico-MG","Cruzeiro","1.90","3.63","4.28","1.08","7.22","1.48","2.70","2.37","1.60","4.54","1.21","9.20","1.06","2.18","1.69"
"23446","20-04-24 23:30","Brazil","Serie A Betano","2024","Bragantino","Corinthians","2.21","3.48","3.38","1.05","9.00","1.36","3.20","2.21","1.73","4.05","1.25","8.08","1.09","1.85","1.96"
"23447","20-04-24 23:30","Brazil","Serie A Betano","2024","Gremio","Cuiaba","1.70","3.44","6.29","1.08","7.22","1.44","2.84","2.37","1.60","4.54","1.21","9.20","1.06","2.18","1.69"
"23448","20-04-24 21:00","Brazil","Serie A Betano","2024","Fluminense","Vasco","1.96","3.47","4.21","1.05","9.00","1.36","3.20","2.21","1.73","4.05","1.25","8.08","1.09","1.92","1.88"
"23449","19-04-24 02:30","Brazil","Serie A Betano","2024","Botafogo RJ","Atletico GO","1.80","3.60","4.96","1.05","9.28","1.31","3.50","2.15","1.77","3.60","1.30","7.03","1.10","1.92","1.88"
"23450","18-04-24 02:30","Brazil","Serie A Betano","2024","Flamengo RJ","Sao Paulo","1.74","3.46","5.86","1.09","7.00","1.46","2.75","2.44","1.57","4.68","1.20","9.48","1.06","2.18","1.69"
"23451","18-04-24 01:00","Brazil","Serie A Betano","2024","Atletico-MG","Criciuma","1.44","4.51","8.33","1.05","9.00","1.33","3.40","2.10","1.80","3.60","1.30","6.80","1.11","2.18","1.69"
"23452","18-04-24 01:00","Brazil","Serie A Betano","2024","Fortaleza","Cruzeiro","1.96","3.47","4.21","1.06","8.00","1.40","3.00","2.34","1.62","4.37","1.22","8.82","1.07","1.98","1.83"
"23453","18-04-24 01:00","Brazil","Serie A Betano","2024","Juventude","Corinthians","3.38","3.02","2.36","1.09","5.75","1.56","2.22","2.84","1.43","5.45","1.10","14.50","1.02","2.27","1.60"
"23454","18-04-24 01:00","Brazil","Serie A Betano","2024","Palmeiras","Internacional","1.70","3.54","5.99","1.07","7.77","1.42","2.91","2.39","1.63","4.17","1.24","9.09","1.07","2.09","1.74"
"23455","18-04-24 00:00","Brazil","Serie A Betano","2024","Bragantino","Vasco","1.94","3.54","4.17","1.06","8.70","1.34","3.29","2.18","1.75","3.73","1.29","7.51","1.10","1.85","1.96"
"23456","18-04-24 00:00","Brazil","Serie A Betano","2024","Gremio","Athletico-PR","2.74","3.31","2.71","1.05","9.28","1.34","3.30","2.15","1.77","3.93","1.26","7.84","1.09","1.78","2.04"
"23457","17-04-24 02:30","Brazil","Serie A Betano","2024","Bahia","Fluminense","2.10","3.51","3.64","1.03","11.00","1.28","3.75","1.97","1.91","3.18","1.37","6.32","1.13","1.70","2.16"
"23458","14-04-24 23:30","Brazil","Serie A Betano","2024","Vitoria","Palmeiras","3.71","3.58","2.06","1.06","8.25","1.38","3.10","2.25","1.70","4.24","1.23","7.84","1.09","1.92","1.88"
"23459","14-04-24 22:00","Brazil","Serie A Betano","2024","Cruzeiro","Botafogo RJ","2.18","3.14","3.85","1.09","7.00","1.46","2.75","2.53","1.54","4.68","1.20","9.48","1.06","2.10","1.74"
"23460","14-04-24 21:00","Brazil","Serie A Betano","2024","Athletico-PR","Cuiaba","1.59","3.73","7.25","1.06","8.00","1.40","3.00","2.32","1.67","4.05","1.25","8.08","1.09","2.25","1.65"
"23461","14-04-24 21:00","Brazil","Serie A Betano","2024","Atletico GO","Flamengo RJ","4.99","3.82","1.74","1.04","10.00","1.31","3.50","2.10","1.80","3.60","1.30","6.80","1.11","1.98","1.83"
"23462","14-04-24 21:00","Brazil","Serie A Betano","2024","Corinthians","Atletico-MG","2.58","3.14","3.03","1.09","7.00","1.50","2.63","2.63","1.50","5.26","1.17","10.60","1.05","2.10","1.74"
"23463","14-04-24 21:00","Brazil","Serie A Betano","2024","Vasco","Gremio","2.20","3.39","3.49","1.05","9.00","1.36","3.20","2.21","1.73","4.05","1.25","8.08","1.09","1.90","1.90"
"23464","14-04-24 02:00","Brazil","Serie A Betano","2024","Fluminense","Bragantino","1.84","3.45","4.96","1.06","8.00","1.36","3.20","2.32","1.67","4.05","1.25","8.08","1.09","1.98","1.83"
"23465","14-04-24 02:00","Brazil","Serie A Betano","2024","Sao Paulo","Fortaleza","2.00","3.34","3.96","1.05","7.10","1.41","2.61","2.38","1.59","4.25","1.17","8.40","1.03","2.06","1.73"
"23466","13-04-24 23:30","Brazil","Serie A Betano","2024","Criciuma","Juventude","2.10","3.21","4.01","1.10","6.28","1.64","2.30","2.92","1.42","5.45","1.16","10.90","1.05","2.29","1.63"
"23467","13-04-24 23:30","Brazil","Serie A Betano","2024","Internacional","Bahia","1.86","3.57","4.56","1.06","8.00","1.40","3.00","2.32","1.67","4.05","1.25","8.08","1.09","2.04","1.78"
"23468","07-12-23 01:30","Brazil","Serie A Betano","2023","Bahia","Atletico-MG","2.85","3.64","2.43","1.03","11.00","1.31","3.50","1.97","1.91","3.37","1.34","6.80","1.11","1.78","2.04"
"23469","07-12-23 01:30","Brazil","Serie A Betano","2023","Coritiba","Corinthians","3.52","3.26","2.25","1.05","9.00","1.36","3.20","2.21","1.73","4.05","1.25","8.08","1.09","1.83","1.98"
"23470","07-12-23 01:30","Brazil","Serie A Betano","2023","Cruzeiro","Palmeiras","4.06","3.03","2.18","1.10","6.50","1.54","2.50","2.63","1.50","5.26","1.17","10.60","1.05","2.15","1.70"
"23471","07-12-23 01:30","Brazil","Serie A Betano","2023","Cuiaba","Athletico-PR","2.33","3.25","3.34","1.09","7.00","1.46","2.75","2.44","1.57","4.68","1.20","9.48","1.06","2.04","1.78"
"23472","07-12-23 01:30","Brazil","Serie A Betano","2023","Fluminense","Gremio","2.10","3.81","3.36","","","1.23","4.33","1.69","2.20","2.63","1.50","4.68","1.20","1.62","2.31"
"23473","07-12-23 01:30","Brazil","Serie A Betano","2023","Internacional","Botafogo RJ","2.09","3.36","3.86","1.05","9.00","1.36","3.20","2.21","1.73","3.71","1.29","8.08","1.09","1.90","1.90"
"23474","07-12-23 01:30","Brazil","Serie A Betano","2023","Santos","Fortaleza","1.96","3.27","4.53","1.09","7.00","1.46","2.75","2.44","1.57","4.68","1.20","9.48","1.06","2.10","1.74"
"23475","07-12-23 01:30","Brazil","Serie A Betano","2023","Sao Paulo","Flamengo RJ","3.52","3.46","2.16","1.05","9.00","1.40","3.00","2.32","1.67","4.37","1.22","8.82","1.07","1.98","1.83"
"23476","07-12-23 01:30","Brazil","Serie A Betano","2023","Vasco","Bragantino","2.21","3.49","3.38","1.05","9.00","1.36","3.20","2.21","1.73","3.71","1.29","8.08","1.09","1.90","1.90"
"23477","06-12-23 23:00","Brazil","Serie A Betano","2023","Goias","America MG","1.76","4.05","4.53","1.02","12.30","1.25","4.09","1.77","2.08","3.00","1.40","5.59","1.15","1.74","2.09"
"23478","03-12-23 22:30","Brazil","Serie A Betano","2023","America MG","Bahia","3.79","3.76","1.98","1.02","13.00","1.26","4.00","1.89","2.00","3.01","1.40","5.81","1.14","1.74","2.10"
"23479","03-12-23 22:30","Brazil","Serie A Betano","2023","Athletico-PR","Santos","1.94","3.32","4.56","1.06","8.00","1.36","3.20","2.21","1.73","3.71","1.29","8.08","1.09","1.90","1.90"
"23480","03-12-23 22:30","Brazil","Serie A Betano","2023","Botafogo RJ","Cruzeiro","1.90","3.46","4.55","1.06","8.00","1.36","3.20","2.32","1.67","4.05","1.25","8.08","1.09","1.98","1.83"
"23481","03-12-23 22:30","Brazil","Serie A Betano","2023","Bragantino","Coritiba","1.23","7.60","11.50","1.02","18.50","1.16","5.50","1.46","2.75","2.21","1.73","3.60","1.30","2.04","1.78"
"23482","03-12-23 22:30","Brazil","Serie A Betano","2023","Fortaleza","Goias","1.44","4.42","8.65","1.04","10.00","1.26","4.00","1.89","2.00","3.01","1.40","5.81","1.14","2.04","1.78"
"23483","03-12-23 22:30","Brazil","Serie A Betano","2023","Gremio","Vasco","1.83","3.54","4.84","1.04","10.00","1.28","3.75","1.97","1.91","3.18","1.37","6.32","1.13","1.78","2.04"
"23484","03-12-23 20:00","Brazil","Serie A Betano","2023","Flamengo RJ","Cuiaba","1.39","4.81","9.07","1.04","9.57","1.30","3.62","1.98","1.90","3.40","1.33","6.83","1.11","2.29","1.63"
"23485","03-12-23 20:00","Brazil","Serie A Betano","2023","Palmeiras","Fluminense","1.32","5.57","10.30","1.01","15.00","1.18","5.00","1.60","2.38","2.44","1.57","4.37","1.22","1.92","1.88"
"23486","03-12-23 01:00","Brazil","Serie A Betano","2023","Atletico-MG","Sao Paulo","1.68","3.73","5.79","1.08","7.45","1.45","2.79","2.30","1.63","4.41","1.22","8.94","1.07","2.18","1.69"
"23487","02-12-23 22:00","Brazil","Serie A Betano","2023","Corinthians","Internacional","2.50","2.94","3.37","1.10","6.38","1.54","2.53","2.66","1.49","5.48","1.16","11.00","1.05","2.12","1.73"
"23488","01-12-23 00:30","Brazil","Serie A Betano","2023","Bragantino","Fortaleza","1.81","3.63","4.83","1.03","10.60","1.29","3.72","1.86","2.03","3.18","1.37","5.96","1.14","1.73","2.10"
"23489","01-12-23 00:00","Brazil","Serie A Betano","2023","Cruzeiro","Athletico-PR","2.11","3.47","3.66","1.06","8.51","1.42","2.93","2.21","1.69","4.12","1.25","8.32","1.08","1.98","1.83"
"23490","30-11-23 23:00","Brazil","Serie A Betano","2023","Gremio","Goias","1.54","4.28","6.51","1.01","13.70","1.21","4.61","1.71","2.23","2.66","1.49","4.96","1.18","1.73","2.10"
"23491","30-11-23 01:30","Brazil","Serie A Betano","2023","Coritiba","Botafogo RJ","5.20","3.71","1.74","1.04","10.00","1.31","3.50","1.97","1.91","3.37","1.34","6.80","1.11","1.90","1.90"
"23492","30-11-23 01:30","Brazil","Serie A Betano","2023","Palmeiras","America MG","1.21","8.31","11.10","1.01","19.50","1.14","6.00","1.46","2.75","2.21","1.73","3.37","1.34","1.92","1.88"
"23493","30-11-23 00:00","Brazil","Serie A Betano","2023","Bahia","Sao Paulo","2.30","3.18","3.48","1.08","7.45","1.45","2.79","2.39","1.59","4.41","1.22","8.94","1.07","1.93","1.88"
"23494","30-11-23 00:00","Brazil","Serie A Betano","2023","Cuiaba","Internacional","3.14","2.92","2.66","1.14","5.50","1.74","2.20","3.01","1.40","6.32","1.13","13.10","1.03","2.18","1.69"
"23495","29-11-23 23:30","Brazil","Serie A Betano","2023","Flamengo RJ","Atletico-MG","1.70","3.67","5.69","1.04","9.57","1.33","3.41","2.09","1.81","3.82","1.28","7.62","1.09","1.92","1.88"
"23496","29-11-23 23:00","Brazil","Serie A Betano","2023","Santos","Fluminense","2.58","3.28","2.90","1.06","8.51","1.33","3.41","2.19","1.74","3.82","1.28","7.62","1.09","1.78","2.05"
"23497","29-11-23 01:30","Brazil","Serie A Betano","2023","Vasco","Corinthians","2.05","3.17","4.29","1.09","6.91","1.45","2.79","2.48","1.55","4.96","1.18","9.96","1.06","2.12","1.73"
"23498","28-11-23 01:00","Brazil","Serie A Betano","2023","Goias","Cruzeiro","3.11","3.16","2.51","1.08","7.45","1.45","2.79","2.48","1.55","4.96","1.18","9.96","1.06","2.03","1.79"
"23499","26-11-23 22:30","Brazil","Serie A Betano","2023","America MG","Flamengo RJ","8.15","4.85","1.42","1.02","13.00","1.21","4.50","1.63","2.30","2.63","1.50","4.68","1.20","1.83","1.98"
"23500","26-11-23 22:30","Brazil","Serie A Betano","2023","Fortaleza","Palmeiras","3.39","3.19","2.34","1.06","8.00","1.46","2.75","2.34","1.62","4.37","1.22","8.82","1.07","1.98","1.83"
"23501","26-11-23 22:30","Brazil","Serie A Betano","2023","Internacional","Bragantino","2.58","3.46","2.79","1.05","9.00","1.36","3.20","2.21","1.73","4.05","1.25","8.08","1.09","1.79","2.02"
"23502","26-11-23 22:30","Brazil","Serie A Betano","2023","Sao Paulo","Cuiaba","1.65","3.61","6.63","1.10","6.50","1.54","2.50","2.63","1.50","5.26","1.17","10.60","1.05","2.39","1.58"
"23503","26-11-23 20:00","Brazil","Serie A Betano","2023","Atletico-MG","Gremio","1.79","3.68","4.86","1.03","10.60","1.30","3.62","1.98","1.90","3.40","1.33","6.42","1.12","1.87","1.94"
"23504","26-11-23 20:00","Brazil","Serie A Betano","2023","Botafogo RJ","Santos","1.86","3.41","4.90","1.04","9.57","1.30","3.62","2.09","1.81","3.50","1.31","6.83","1.11","1.92","1.88"
"23505","26-11-23 01:00","Brazil","Serie A Betano","2023","Fluminense","Coritiba","1.36","5.07","9.56","1.02","13.00","1.21","4.50","1.63","2.30","2.63","1.50","4.68","1.20","1.92","1.88"
"23506","25-11-23 23:30","Brazil","Serie A Betano","2023","Athletico-PR","Vasco","1.99","3.47","4.08","1.06","8.00","1.40","3.00","2.32","1.67","4.05","1.25","8.08","1.09","1.87","1.94"
"23507","25-11-23 01:00","Brazil","Serie A Betano","2023","Corinthians","Bahia","2.06","3.30","3.70","1.05","7.20","1.40","2.64","2.32","1.60","4.20","1.17","8.20","1.03","2.02","1.75"
"23508","24-11-23 01:30","Brazil","Serie A Betano","2023","Flamengo RJ","Bragantino","1.98","3.52","3.72","1.02","8.80","1.29","3.18","1.97","1.82","3.28","1.27","6.30","1.07","1.82","1.94"
"23509","23-11-23 23:00","Brazil","Serie A Betano","2023","Fortaleza","Botafogo RJ","2.23","3.32","3.25","1.03","8.00","1.33","2.93","2.12","1.71","3.65","1.22","7.10","1.05","1.87","1.89"
"23510","23-11-23 01:30","Brazil","Serie A Betano","2023","Fluminense","Sao Paulo","2.12","3.24","3.59","1.05","7.10","1.40","2.64","2.32","1.60","4.15","1.18","8.20","1.03","2.00","1.77"
"23511","22-11-23 23:00","Brazil","Serie A Betano","2023","Cruzeiro","Vasco","2.23","3.18","3.67","1.09","6.91","1.49","2.66","2.66","1.49","4.96","1.18","11.00","1.05","2.12","1.73"
"23512","18-11-23 22:30","Brazil","Serie A Betano","2023","Fortaleza","Cruzeiro","1.92","3.24","4.84","1.08","7.45","1.42","2.93","2.30","1.63","4.41","1.22","8.94","1.07","1.98","1.83"
"23513","12-11-23 22:30","Brazil","Serie A Betano","2023","Atletico-MG","Goias","1.61","4.02","6.03","1.06","8.00","1.40","3.00","2.32","1.67","4.05","1.25","8.08","1.09","2.25","1.65"
"23514","12-11-23 22:30","Brazil","Serie A Betano","2023","Bahia","Athletico-PR","2.45","3.45","2.97","1.05","9.00","1.40","3.00","2.24","1.67","4.37","1.22","8.82","1.07","1.98","1.83"
"23515","12-11-23 22:30","Brazil","Serie A Betano","2023","Cuiaba","Fortaleza","2.80","2.95","2.95","1.14","5.50","1.63","2.30","3.01","1.40","6.32","1.13","11.70","1.04","2.25","1.65"
"23516","12-11-23 22:30","Brazil","Serie A Betano","2023","Santos","Sao Paulo","2.80","3.16","2.76","1.10","6.50","1.54","2.50","2.63","1.50","5.26","1.17","10.60","1.05","2.10","1.74"
"23517","12-11-23 22:30","Brazil","Serie A Betano","2023","Vasco","America MG","1.51","4.02","8.04","1.03","10.40","1.28","3.77","2.00","1.89","3.20","1.36","6.18","1.13","2.04","1.78"
"23518","12-11-23 20:00","Brazil","Serie A Betano","2023","Bragantino","Botafogo RJ","1.76","3.90","4.75","1.04","10.00","1.31","3.50","1.97","1.91","3.37","1.34","6.32","1.13","1.79","2.02"
"23519","12-11-23 20:00","Brazil","Serie A Betano","2023","Gremio","Corinthians","1.66","3.79","5.92","1.05","9.00","1.33","3.40","2.10","1.80","3.71","1.29","7.24","1.10","1.92","1.88"
"23520","12-11-23 01:00","Brazil","Serie A Betano","2023","Palmeiras","Internacional","1.58","4.23","5.90","1.04","9.57","1.33","3.41","2.09","1.81","3.82","1.28","7.62","1.09","2.03","1.79"
"23521","11-11-23 22:30","Brazil","Serie A Betano","2023","Flamengo RJ","Fluminense","1.96","3.52","4.13","1.05","9.00","1.33","3.40","2.10","1.80","3.71","1.29","7.24","1.10","1.79","2.02"
"23522","11-11-23 20:00","Brazil","Serie A Betano","2023","Coritiba","Cruzeiro","3.26","3.35","2.33","1.06","8.00","1.36","3.20","2.32","1.67","4.05","1.25","8.08","1.09","1.90","1.90"
"23523","10-11-23 00:00","Brazil","Serie A Betano","2023","Bahia","Cuiaba","1.86","3.45","4.81","1.09","7.00","1.46","2.75","2.44","1.57","4.68","1.20","9.48","1.06","2.12","1.73"
"23524","10-11-23 00:00","Brazil","Serie A Betano","2023","Botafogo RJ","Gremio","1.94","3.83","3.85","1.02","11.70","1.26","3.99","1.86","2.03","3.18","1.37","5.96","1.14","1.73","2.10"
"23525","09-11-23 23:00","Brazil","Serie A Betano","2023","Corinthians","Atletico-MG","3.01","2.91","2.77","1.14","5.50","1.74","2.20","3.01","1.40","6.32","1.13","13.10","1.03","2.18","1.69"
"23526","09-11-23 23:00","Brazil","Serie A Betano","2023","Goias","Santos","2.22","3.37","3.46","1.04","9.57","1.33","3.41","2.09","1.81","3.82","1.28","7.62","1.09","1.85","1.96"
"23527","09-11-23 01:30","Brazil","Serie A Betano","2023","Flamengo RJ","Palmeiras","2.56","3.26","2.95","1.06","8.00","1.40","3.00","2.34","1.62","4.37","1.22","8.82","1.07","1.87","1.94"
"23528","09-11-23 00:00","Brazil","Serie A Betano","2023","Athletico-PR","Fortaleza","1.92","3.54","4.30","1.05","9.00","1.36","3.20","2.32","1.67","4.05","1.25","8.08","1.09","1.87","1.94"
"23529","09-11-23 00:00","Brazil","Serie A Betano","2023","Sao Paulo","Bragantino","3.30","3.41","2.27","1.06","8.51","1.37","3.19","2.19","1.74","3.82","1.28","7.62","1.09","1.87","1.94"
"23530","08-11-23 23:00","Brazil","Serie A Betano","2023","America MG","Coritiba","1.79","3.86","4.55","1.02","13.50","1.21","4.50","1.63","2.30","2.53","1.54","4.68","1.20","1.65","2.25"
"23531","08-11-23 23:00","Brazil","Serie A Betano","2023","Internacional","Fluminense","1.94","3.57","4.17","1.05","9.00","1.36","3.20","2.21","1.73","4.05","1.25","8.08","1.09","1.87","1.94"
"23532","07-11-23 01:00","Brazil","Serie A Betano","2023","Santos","Cuiaba","1.82","3.34","5.31","1.08","7.45","1.42","2.93","2.30","1.63","4.41","1.22","8.94","1.07","2.12","1.73"
"23533","06-11-23 23:00","Brazil","Serie A Betano","2023","Vasco","Botafogo RJ","2.49","3.34","2.99","1.06","8.51","1.37","3.19","2.19","1.74","3.82","1.28","7.62","1.09","1.87","1.94"
"23534","05-11-23 22:30","Brazil","Serie A Betano","2023","Coritiba","Goias","2.68","3.41","2.71","1.04","9.57","1.33","3.41","2.09","1.81","3.50","1.31","7.62","1.09","1.78","2.04"
"23535","05-11-23 20:00","Brazil","Serie A Betano","2023","Bragantino","Corinthians","1.65","3.90","5.10","1.02","9.20","1.27","3.28","1.92","1.87","3.14","1.29","5.90","1.08","1.90","1.86"
"23536","05-11-23 20:00","Brazil","Serie A Betano","2023","Cruzeiro","Internacional","2.12","3.20","3.65","1.06","6.60","1.45","2.48","2.48","1.53","4.60","1.14","9.20","1.02","2.11","1.69"
"23537","05-11-23 20:00","Brazil","Serie A Betano","2023","Fortaleza","Flamengo RJ","2.53","3.24","2.79","1.04","7.80","1.35","2.84","2.17","1.68","3.74","1.21","7.40","1.04","1.87","1.89"
"23538","05-11-23 01:30","Brazil","Serie A Betano","2023","Palmeiras","Athletico-PR","1.66","3.78","5.25","1.03","8.40","1.31","3.04","2.05","1.76","3.48","1.24","6.75","1.06","2.01","1.76"
"23539","04-11-23 23:30","Brazil","Serie A Betano","2023","America MG","Atletico-MG","4.35","3.72","1.79","1.02","9.20","1.27","3.28","1.92","1.87","3.14","1.29","5.95","1.08","1.83","1.93"
"23540","04-11-23 23:30","Brazil","Serie A Betano","2023","Gremio","Bahia","1.72","3.82","4.68","1.01","9.50","1.25","3.42","1.88","1.91","3.04","1.31","5.70","1.09","1.83","1.93"
"23541","03-11-23 00:00","Brazil","Serie A Betano","2023","Sao Paulo","Cruzeiro","1.84","3.47","4.88","1.09","6.99","1.48","2.69","2.46","1.56","4.91","1.18","9.86","1.06","2.18","1.69"
"23542","02-11-23 22:00","Brazil","Serie A Betano","2023","Goias","Bragantino","3.18","3.36","2.24","1.03","8.40","1.31","3.04","2.05","1.76","3.42","1.25","6.65","1.06","1.82","1.94"
"23543","02-11-23 21:00","Brazil","Serie A Betano","2023","Cuiaba","Vasco","2.58","2.97","3.00","1.08","6.05","1.48","2.40","2.59","1.49","4.80","1.13","9.60","1.01","2.11","1.69"
"23544","02-11-23 01:30","Brazil","Serie A Betano","2023","Atletico-MG","Fortaleza","1.71","3.64","5.64","1.06","8.00","1.46","2.75","2.44","1.57","4.68","1.20","9.48","1.06","2.12","1.73"
"23545","02-11-23 01:30","Brazil","Serie A Betano","2023","Botafogo RJ","Palmeiras","3.15","3.26","2.43","1.06","8.00","1.40","3.00","2.34","1.62","4.37","1.22","8.82","1.07","1.87","1.94"
"23546","02-11-23 00:00","Brazil","Serie A Betano","2023","Coritiba","Gremio","3.32","3.78","2.13","1.02","13.00","1.28","3.75","1.97","1.91","3.18","1.37","6.32","1.13","1.69","2.17"
"23547","02-11-23 00:00","Brazil","Serie A Betano","2023","Flamengo RJ","Santos","1.46","4.58","7.58","1.02","11.70","1.26","3.99","1.86","2.03","3.18","1.37","5.96","1.14","1.98","1.83"
"23548","01-11-23 23:00","Brazil","Serie A Betano","2023","Corinthians","Athletico-PR","2.94","3.07","2.70","1.09","6.99","1.45","2.83","2.46","1.56","4.91","1.18","9.86","1.06","1.98","1.83"
"23549","01-11-23 23:00","Brazil","Serie A Betano","2023","Internacional","America MG","1.56","4.42","5.97","1.01","12.80","1.23","4.25","1.71","2.23","2.83","1.44","4.96","1.18","1.73","2.10"
"23550","31-10-23 23:00","Brazil","Serie A Betano","2023","Bahia","Fluminense","1.49","4.79","6.42","","","1.23","4.25","1.71","2.23","2.83","1.44","4.96","1.18","1.79","2.02"
"23551","30-10-23 00:00","Brazil","Serie A Betano","2023","Botafogo RJ","Cuiaba","1.62","3.74","5.76","1.04","7.50","1.38","2.71","2.24","1.64","3.98","1.19","7.80","1.04","2.22","1.63"
"23552","29-10-23 22:30","Brazil","Serie A Betano","2023","Corinthians","Santos","2.14","3.26","3.82","1.06","8.51","1.37","3.19","2.21","1.69","4.12","1.25","8.32","1.08","1.87","1.94"
"23553","29-10-23 22:30","Brazil","Serie A Betano","2023","Internacional","Coritiba","1.42","4.78","8.07","1.03","11.00","1.28","3.75","1.89","2.00","3.18","1.37","5.81","1.14","1.98","1.83"
"23554","29-10-23 20:00","Brazil","Serie A Betano","2023","Athletico-PR","Sao Paulo","2.05","3.28","4.10","1.06","8.00","1.46","2.75","2.34","1.62","4.37","1.22","8.82","1.07","1.92","1.88"
"23555","29-10-23 20:00","Brazil","Serie A Betano","2023","Goias","Vasco","2.57","3.06","3.13","1.09","7.00","1.46","2.75","2.44","1.57","4.68","1.20","9.48","1.06","1.92","1.88"
"23556","29-10-23 02:00","Brazil","Serie A Betano","2023","Atletico-MG","Fluminense","1.75","3.64","5.25","1.06","8.51","1.37","3.19","2.19","1.74","3.82","1.28","7.62","1.09","1.98","1.83"
"23557","29-10-23 00:00","Brazil","Serie A Betano","2023","America MG","Gremio","2.28","3.44","3.04","1.01","9.90","1.21","3.74","1.77","2.04","2.75","1.37","5.00","1.12","1.62","2.23"
"23558","29-10-23 00:00","Brazil","Serie A Betano","2023","Palmeiras","Bahia","1.34","4.95","8.90","1.01","10.20","1.23","3.56","1.80","2.00","2.84","1.35","5.25","1.11","2.16","1.66"
"23559","27-10-23 02:30","Brazil","Serie A Betano","2023","Santos","Coritiba","1.65","4.08","5.48","1.02","11.70","1.26","3.99","1.78","2.13","3.01","1.40","5.48","1.16","1.73","2.10"
"23560","27-10-23 00:00","Brazil","Serie A Betano","2023","Vasco","Internacional","2.32","3.23","3.39","1.08","7.45","1.42","2.93","2.30","1.63","4.41","1.22","8.94","1.07","1.92","1.88"
"23561","26-10-23 02:30","Brazil","Serie A Betano","2023","Cuiaba","Corinthians","2.19","3.15","3.81","1.10","6.50","1.60","2.38","2.82","1.45","5.81","1.14","11.70","1.04","2.25","1.65"
"23562","26-10-23 02:30","Brazil","Serie A Betano","2023","Gremio","Flamengo RJ","4.51","3.28","1.96","1.06","8.00","1.36","3.20","2.21","1.73","3.71","1.29","8.08","1.09","1.90","1.90"
"23563","26-10-23 01:00","Brazil","Serie A Betano","2023","Cruzeiro","Bahia","1.85","3.27","5.31","1.06","8.51","1.37","3.19","2.19","1.74","4.12","1.25","8.32","1.08","1.87","1.94"
"23564","26-10-23 01:00","Brazil","Serie A Betano","2023","Palmeiras","Sao Paulo","2.03","3.25","4.26","1.09","7.00","1.46","2.75","2.44","1.57","4.68","1.20","9.48","1.06","1.98","1.83"
"23565","26-10-23 00:00","Brazil","Serie A Betano","2023","Athletico-PR","America MG","1.52","4.40","6.59","1.03","11.00","1.26","4.00","1.89","2.00","3.01","1.40","5.81","1.14","1.83","1.98"
"23566","26-10-23 00:00","Brazil","Serie A Betano","2023","Bragantino","Atletico-MG","1.86","3.45","4.81","1.06","8.00","1.40","3.00","2.34","1.62","4.37","1.22","8.82","1.07","2.10","1.74"
"23567","26-10-23 00:00","Brazil","Serie A Betano","2023","Fluminense","Goias","1.63","4.08","5.61","1.03","11.00","1.28","3.75","1.89","2.00","3.18","1.37","5.81","1.14","1.90","1.90"
"23568","22-10-23 23:30","Brazil","Serie A Betano","2023","Bragantino","Fluminense","1.71","3.88","4.63","1.01","9.90","1.24","3.48","1.83","1.96","2.93","1.33","5.40","1.10","1.79","1.98"
"23569","22-10-23 23:30","Brazil","Serie A Betano","2023","Corinthians","America MG","1.91","3.50","4.02","1.03","8.10","1.33","2.93","2.09","1.73","3.56","1.23","6.95","1.05","1.91","1.85"
"23570","22-10-23 23:30","Brazil","Serie A Betano","2023","Coritiba","Palmeiras","4.11","3.50","1.89","1.03","8.10","1.33","2.93","2.10","1.72","3.56","1.23","7.00","1.05","1.92","1.84"
"23571","22-10-23 21:00","Brazil","Serie A Betano","2023","Atletico-MG","Cruzeiro","1.86","3.24","5.29","1.11","6.00","1.60","2.38","2.82","1.45","5.26","1.17","10.60","1.05","2.31","1.62"
"23572","22-10-23 21:00","Brazil","Serie A Betano","2023","Flamengo RJ","Vasco","1.67","3.70","6.02","1.05","9.00","1.36","3.20","2.21","1.73","3.71","1.29","8.08","1.09","1.92","1.88"
"23573","22-10-23 21:00","Brazil","Serie A Betano","2023","Internacional","Santos","1.57","4.03","6.66","1.05","9.00","1.33","3.40","2.10","1.80","3.71","1.29","7.24","1.10","2.10","1.74"
"23574","22-10-23 20:00","Brazil","Serie A Betano","2023","Botafogo RJ","Athletico-PR","1.89","3.34","4.85","1.06","8.51","1.37","3.19","2.19","1.74","4.12","1.25","8.32","1.08","1.92","1.88"
"23575","21-10-23 23:30","Brazil","Serie A Betano","2023","Bahia","Fortaleza","2.18","3.37","3.58","1.04","9.57","1.30","3.62","2.09","1.81","3.50","1.31","6.83","1.11","1.73","2.10"
"23576","21-10-23 23:30","Brazil","Serie A Betano","2023","Cuiaba","Goias","1.96","3.22","4.64","1.11","6.13","1.61","2.36","2.80","1.45","5.59","1.15","11.20","1.05","2.12","1.73"
"23577","21-10-23 23:30","Brazil","Serie A Betano","2023","Sao Paulo","Gremio","1.62","3.89","6.23","1.05","9.00","1.31","3.50","1.97","1.91","3.37","1.34","6.80","1.11","1.87","1.94"
"23578","20-10-23 02:30","Brazil","Serie A Betano","2023","Fluminense","Corinthians","1.70","3.86","5.34","1.04","9.57","1.33","3.41","2.09","1.81","3.82","1.28","7.62","1.09","2.03","1.79"
"23579","20-10-23 01:00","Brazil","Serie A Betano","2023","Santos","Bragantino","3.26","3.37","2.31","1.05","9.00","1.33","3.40","2.10","1.80","3.71","1.29","7.24","1.10","1.83","1.98"
"23580","20-10-23 00:00","Brazil","Serie A Betano","2023","Cruzeiro","Flamengo RJ","3.45","3.25","2.28","1.06","8.51","1.37","3.19","2.19","1.74","3.82","1.28","7.62","1.09","1.87","1.94"
"23581","20-10-23 00:00","Brazil","Serie A Betano","2023","Palmeiras","Atletico-MG","1.72","3.54","5.81","1.06","8.51","1.42","2.93","2.21","1.69","4.12","1.25","8.32","1.08","2.03","1.79"
"23582","19-10-23 02:30","Brazil","Serie A Betano","2023","Bahia","Internacional","2.04","3.32","4.08","1.06","8.00","1.36","3.20","2.32","1.67","4.05","1.25","8.08","1.09","1.87","1.94"
"23583","19-10-23 02:30","Brazil","Serie A Betano","2023","Goias","Sao Paulo","3.67","3.14","2.25","1.10","6.50","1.50","2.63","2.53","1.54","5.26","1.17","10.60","1.05","2.10","1.74"
"23584","19-10-23 02:30","Brazil","Serie A Betano","2023","Vasco","Fortaleza","2.40","3.28","3.18","1.06","8.00","1.40","3.00","2.34","1.62","4.37","1.22","8.82","1.07","1.98","1.83"
"23585","19-10-23 01:00","Brazil","Serie A Betano","2023","America MG","Botafogo RJ","2.83","3.34","2.45","1.03","8.30","1.31","3.04","2.06","1.75","3.48","1.24","6.80","1.06","1.81","1.95"
"23586","19-10-23 01:00","Brazil","Serie A Betano","2023","Coritiba","Cuiaba","2.53","2.86","3.19","1.09","5.65","1.51","2.32","2.66","1.47","4.90","1.12","9.90","1.01","2.14","1.67"
"23587","19-10-23 00:00","Brazil","Serie A Betano","2023","Gremio","Athletico-PR","2.03","3.32","4.11","1.06","8.51","1.37","3.19","2.19","1.74","3.82","1.28","7.62","1.09","1.87","1.94"
"23588","15-10-23 02:00","Brazil","Serie A Betano","2023","Cuiaba","Cruzeiro","2.47","3.05","3.30","1.10","6.38","1.54","2.53","2.66","1.49","5.48","1.16","11.00","1.05","2.12","1.73"
"23589","08-10-23 23:30","Brazil","Serie A Betano","2023","Athletico-PR","Bragantino","2.72","3.18","2.82","1.04","8.49","1.31","3.04","2.35","1.65","3.42","1.25","7.71","1.06","1.73","2.10"
"23590","08-10-23 23:30","Brazil","Serie A Betano","2023","Atletico-MG","Coritiba","1.40","5.05","8.07","1.02","9.00","1.36","3.20","2.10","1.80","3.71","1.29","7.24","1.10","2.29","1.63"
"23591","08-10-23 23:30","Brazil","Serie A Betano","2023","Fortaleza","America MG","1.53","4.25","5.91","1.01","9.90","1.23","3.56","1.82","1.97","2.88","1.34","5.35","1.10","1.90","1.86"
"23592","08-10-23 21:00","Brazil","Serie A Betano","2023","Fluminense","Botafogo RJ","2.05","3.46","3.86","1.06","8.00","1.40","3.00","2.32","1.67","4.05","1.25","8.82","1.07","1.92","1.88"
"23593","08-10-23 21:00","Brazil","Serie A Betano","2023","Internacional","Gremio","2.27","3.28","3.43","1.06","8.00","1.40","3.00","2.32","1.67","4.37","1.22","8.82","1.07","1.87","1.94"
"23594","08-10-23 21:00","Brazil","Serie A Betano","2023","Palmeiras","Santos","1.46","4.22","8.53","1.04","9.57","1.30","3.62","1.98","1.90","3.40","1.33","6.42","1.12","2.18","1.69"
"23595","08-10-23 02:00","Brazil","Serie A Betano","2023","Corinthians","Flamengo RJ","3.82","3.08","2.23","1.08","7.45","1.42","2.93","2.30","1.63","4.41","1.22","8.94","1.07","1.92","1.88"
"23596","07-10-23 23:30","Brazil","Serie A Betano","2023","Vasco","Sao Paulo","2.79","3.18","2.76","1.08","7.53","1.45","2.83","2.37","1.60","4.37","1.22","8.86","1.07","1.92","1.88"
"23597","07-10-23 21:00","Brazil","Serie A Betano","2023","Goias","Bahia","2.32","3.16","3.47","1.09","7.00","1.40","3.00","2.34","1.62","4.37","1.22","8.82","1.07","1.87","1.94"
"23598","03-10-23 01:00","Brazil","Serie A Betano","2023","Botafogo RJ","Goias","1.63","3.69","6.69","1.06","8.51","1.37","3.19","2.21","1.69","4.12","1.25","8.32","1.08","2.03","1.79"
"23599","01-10-23 23:30","Brazil","Serie A Betano","2023","Bragantino","Palmeiras","1.75","3.86","4.82","1.03","10.60","1.29","3.72","1.98","1.90","3.40","1.33","6.42","1.12","1.79","2.02"
"23600","01-10-23 21:00","Brazil","Serie A Betano","2023","Coritiba","Athletico-PR","3.67","3.35","2.15","1.08","7.45","1.42","2.93","2.30","1.63","4.41","1.22","8.94","1.07","1.92","1.88"
"23601","01-10-23 21:00","Brazil","Serie A Betano","2023","Cruzeiro","America MG","1.71","3.90","5.13","1.03","11.00","1.28","3.75","1.97","1.91","3.37","1.34","6.32","1.13","1.90","1.90"
"23602","01-10-23 21:00","Brazil","Serie A Betano","2023","Santos","Vasco","2.55","3.26","2.96","1.06","8.00","1.46","2.75","2.44","1.57","4.68","1.20","9.48","1.06","2.04","1.78"
"23603","01-10-23 02:00","Brazil","Serie A Betano","2023","Internacional","Atletico-MG","3.90","3.16","2.16","1.10","6.50","1.60","2.38","2.82","1.45","5.81","1.14","11.70","1.04","2.12","1.73"
"23604","30-09-23 23:30","Brazil","Serie A Betano","2023","Cuiaba","Fluminense","2.40","3.06","3.43","1.10","6.50","1.50","2.63","2.63","1.50","5.26","1.17","10.60","1.05","1.98","1.83"
"23605","30-09-23 23:30","Brazil","Serie A Betano","2023","Sao Paulo","Corinthians","1.55","3.85","7.59","1.09","7.00","1.46","2.75","2.44","1.57","4.68","1.20","9.48","1.06","2.39","1.58"
"23606","30-09-23 21:00","Brazil","Serie A Betano","2023","Flamengo RJ","Bahia","1.53","4.23","6.97","1.03","11.00","1.26","4.00","1.89","2.00","3.18","1.37","5.81","1.14","1.98","1.83"
"23607","30-09-23 21:00","Brazil","Serie A Betano","2023","Fortaleza","Gremio","2.56","3.28","2.73","1.03","7.90","1.34","2.88","2.14","1.70","3.65","1.22","7.20","1.05","1.86","1.90"
"23608","28-09-23 00:00","Brazil","Serie A Betano","2023","Sao Paulo","Coritiba","1.49","4.53","6.96","1.03","10.60","1.29","3.72","1.86","2.03","3.18","1.37","5.96","1.14","1.98","1.83"
"23609","26-09-23 01:00","Brazil","Serie A Betano","2023","America MG","Vasco","3.05","3.38","2.43","1.04","9.57","1.33","3.41","2.19","1.74","3.82","1.28","7.62","1.09","1.79","2.02"
"23610","24-09-23 02:00","Brazil","Serie A Betano","2023","Atletico-MG","Cuiaba","1.59","3.53","8.04","1.09","6.91","1.45","2.79","2.48","1.55","4.96","1.18","9.96","1.06","2.39","1.58"
"23611","23-09-23 01:00","Brazil","Serie A Betano","2023","Corinthians","Botafogo RJ","3.00","3.07","2.66","1.09","6.91","1.49","2.66","2.48","1.55","4.96","1.18","9.96","1.06","2.03","1.79"
"23612","22-09-23 02:30","Brazil","Serie A Betano","2023","Gremio","Palmeiras","3.26","3.37","2.31","1.04","9.57","1.33","3.41","2.09","1.81","3.82","1.28","7.62","1.09","1.79","2.02"
"23613","22-09-23 00:30","Brazil","Serie A Betano","2023","Athletico-PR","Internacional","1.69","3.67","5.87","1.08","7.45","1.42","2.93","2.30","1.63","4.41","1.22","8.94","1.07","2.18","1.69"
"23614","22-09-23 00:00","Brazil","Serie A Betano","2023","Vasco","Coritiba","1.61","3.87","6.50","1.06","8.51","1.37","3.19","2.19","1.74","3.82","1.28","7.62","1.09","2.03","1.79"
"23615","21-09-23 02:30","Brazil","Serie A Betano","2023","Fluminense","Cruzeiro","1.90","3.39","4.63","1.06","8.00","1.36","3.20","2.21","1.73","4.05","1.25","8.08","1.09","1.98","1.83"
"23616","21-09-23 02:30","Brazil","Serie A Betano","2023","Sao Paulo","Fortaleza","2.42","3.26","3.16","1.06","8.00","1.46","2.75","2.34","1.62","4.37","1.22","8.82","1.07","1.98","1.83"
"23617","21-09-23 00:00","Brazil","Serie A Betano","2023","Goias","Flamengo RJ","3.24","3.15","2.45","1.08","7.45","1.42","2.93","2.21","1.69","4.12","1.25","8.32","1.08","1.87","1.94"
"23618","20-09-23 02:30","Brazil","Serie A Betano","2023","America MG","Bragantino","3.14","3.46","2.33","1.02","11.70","1.23","4.25","1.78","2.13","2.83","1.44","5.48","1.16","1.58","2.39"
"23619","19-09-23 02:00","Brazil","Serie A Betano","2023","Corinthians","Gremio","2.62","3.26","2.88","1.06","8.51","1.42","2.93","2.30","1.63","4.41","1.22","8.94","1.07","1.92","1.88"
"23620","19-09-23 01:00","Brazil","Serie A Betano","2023","Bahia","Santos","1.70","3.68","5.62","1.04","9.57","1.33","3.41","2.09","1.81","3.50","1.31","6.83","1.11","1.92","1.88"
"23621","17-09-23 02:00","Brazil","Serie A Betano","2023","Atletico-MG","Botafogo RJ","2.37","3.28","3.24","1.08","7.45","1.45","2.79","2.39","1.59","4.96","1.18","9.96","1.06","1.98","1.83"
"23622","16-09-23 21:00","Brazil","Serie A Betano","2023","Vasco","Fluminense","3.63","3.22","2.22","1.09","7.00","1.50","2.63","2.53","1.54","5.26","1.17","10.60","1.05","2.10","1.74"
"23623","16-09-23 02:30","Brazil","Serie A Betano","2023","Palmeiras","Goias","1.28","6.15","11.20","1.03","10.40","1.31","3.54","2.00","1.89","3.39","1.33","6.18","1.13","2.50","1.54"
"23624","16-09-23 01:00","Brazil","Serie A Betano","2023","Cuiaba","America MG","1.90","3.59","4.31","1.09","7.00","1.50","2.63","2.44","1.57","4.68","1.20","9.48","1.06","2.12","1.73"
"23625","15-09-23 02:30","Brazil","Serie A Betano","2023","Bragantino","Gremio","1.81","3.82","4.52","1.02","11.70","1.26","3.99","1.86","2.03","3.18","1.37","5.96","1.14","1.79","2.02"
"23626","15-09-23 01:00","Brazil","Serie A Betano","2023","Coritiba","Bahia","2.73","3.20","2.80","1.06","8.51","1.37","3.19","2.19","1.74","4.12","1.25","8.32","1.08","1.87","1.94"
"23627","15-09-23 00:00","Brazil","Serie A Betano","2023","Fortaleza","Corinthians","1.60","3.86","6.61","1.06","8.00","1.40","3.00","2.32","1.67","4.05","1.25","8.08","1.09","2.12","1.73"
"23628","15-09-23 00:00","Brazil","Serie A Betano","2023","Santos","Cruzeiro","2.33","3.06","3.58","1.09","6.91","1.49","2.66","2.48","1.55","4.96","1.18","9.96","1.06","2.03","1.79"
"23629","14-09-23 02:30","Brazil","Serie A Betano","2023","Flamengo RJ","Athletico-PR","1.81","3.52","5.02","1.04","10.00","1.33","3.40","2.10","1.80","3.60","1.30","7.24","1.10","1.90","1.90"
"23630","14-09-23 02:30","Brazil","Serie A Betano","2023","Internacional","Sao Paulo","2.63","3.10","3.00","1.10","6.50","1.54","2.50","2.63","1.50","5.26","1.17","10.60","1.05","2.15","1.70"
"23631","03-09-23 23:30","Brazil","Serie A Betano","2023","America MG","Santos","2.26","3.30","3.45","1.06","8.51","1.37","3.19","2.21","1.69","4.12","1.25","8.32","1.08","1.87","1.94"
"23632","03-09-23 23:30","Brazil","Serie A Betano","2023","Bahia","Vasco","2.03","3.37","4.07","1.06","8.00","1.36","3.20","2.32","1.67","4.05","1.25","8.08","1.09","1.87","1.94"
"23633","03-09-23 23:30","Brazil","Serie A Betano","2023","Cruzeiro","Bragantino","2.46","3.22","3.12","1.09","7.00","1.46","2.75","2.34","1.62","4.37","1.22","8.82","1.07","1.87","1.94"
"23634","03-09-23 21:00","Brazil","Serie A Betano","2023","Corinthians","Palmeiras","5.10","3.23","1.89","1.11","6.00","1.63","2.30","2.82","1.45","5.81","1.14","11.70","1.04","2.29","1.63"
"23635","03-09-23 21:00","Brazil","Serie A Betano","2023","Fluminense","Fortaleza","1.84","3.47","4.88","1.05","9.00","1.33","3.40","2.21","1.73","3.71","1.29","7.24","1.10","1.90","1.90"
"23636","03-09-23 16:00","Brazil","Serie A Betano","2023","Gremio","Cuiaba","1.67","3.70","6.02","1.08","7.55","1.40","3.02","2.35","1.65","4.30","1.23","8.60","1.08","2.16","1.70"
"23637","03-09-23 02:00","Brazil","Serie A Betano","2023","Botafogo RJ","Flamengo RJ","2.58","3.24","2.94","1.06","8.00","1.40","3.00","2.32","1.67","4.05","1.25","8.08","1.09","1.98","1.83"
"23638","02-09-23 21:00","Brazil","Serie A Betano","2023","Athletico-PR","Atletico-MG","2.34","3.05","3.56","1.10","6.50","1.50","2.63","2.53","1.54","4.68","1.20","10.60","1.05","2.04","1.78"
"23639","02-09-23 21:00","Brazil","Serie A Betano","2023","Goias","Internacional","2.83","3.03","2.83","1.11","6.00","1.54","2.50","2.82","1.45","5.26","1.17","10.60","1.05","2.15","1.70"
"23640","28-08-23 00:00","Brazil","Serie A Betano","2023","Gremio","Cruzeiro","1.96","3.43","4.29","1.06","8.00","1.36","3.20","2.32","1.67","4.05","1.25","8.08","1.09","1.98","1.83"
"23641","27-08-23 23:30","Brazil","Serie A Betano","2023","Athletico-PR","Fluminense","1.81","3.61","4.89","1.05","9.00","1.36","3.20","2.21","1.73","4.05","1.25","8.08","1.09","1.92","1.88"
"23642","27-08-23 23:30","Brazil","Serie A Betano","2023","Fortaleza","Coritiba","1.50","4.05","8.08","1.04","10.00","1.28","3.75","1.97","1.91","3.37","1.34","6.32","1.13","2.04","1.78"
"23643","27-08-23 23:30","Brazil","Serie A Betano","2023","Palmeiras","Vasco","1.37","5.04","9.65","1.03","11.00","1.26","4.00","1.89","2.00","3.18","1.37","5.81","1.14","2.03","1.79"
"23644","27-08-23 21:00","Brazil","Serie A Betano","2023","America MG","Sao Paulo","2.69","3.32","2.60","1.03","8.20","1.32","3.04","2.10","1.75","3.55","1.24","6.85","1.06","1.82","1.94"
"23645","27-08-23 21:00","Brazil","Serie A Betano","2023","Atletico-MG","Santos","1.53","3.94","6.82","1.04","7.40","1.39","2.71","2.28","1.64","4.05","1.19","7.90","1.04","2.36","1.56"
"23646","27-08-23 21:00","Brazil","Serie A Betano","2023","Botafogo RJ","Bahia","1.84","3.64","4.25","1.02","8.80","1.29","3.20","2.00","1.83","3.32","1.27","6.30","1.07","1.86","1.90"
"23647","27-08-23 16:00","Brazil","Serie A Betano","2023","Bragantino","Cuiaba","1.70","3.67","5.69","1.06","8.00","1.46","2.75","2.34","1.62","4.37","1.22","8.82","1.07","2.12","1.73"
"23648","27-08-23 02:00","Brazil","Serie A Betano","2023","Corinthians","Goias","1.94","3.32","4.56","1.10","6.38","1.54","2.53","2.66","1.49","5.48","1.16","11.00","1.05","2.18","1.69"
"23649","26-08-23 23:30","Brazil","Serie A Betano","2023","Flamengo RJ","Internacional","1.47","4.45","7.64","1.02","11.70","1.26","3.99","1.86","2.03","3.01","1.40","5.96","1.14","1.92","1.88"
"23650","22-08-23 01:00","Brazil","Serie A Betano","2023","Goias","Athletico-PR","3.02","3.19","2.56","1.09","6.91","1.49","2.66","2.48","1.55","4.96","1.18","9.96","1.06","2.03","1.79"
"23651","20-08-23 21:00","Brazil","Serie A Betano","2023","Bahia","Bragantino","2.52","3.38","2.95","1.04","10.00","1.31","3.50","2.10","1.80","3.40","1.26","6.80","1.11","1.79","1.98"
"23652","20-08-23 21:00","Brazil","Serie A Betano","2023","Coritiba","Flamengo RJ","4.09","3.54","1.96","1.04","9.57","1.30","3.62","1.98","1.90","3.40","1.33","6.83","1.11","1.78","2.04"
"23653","20-08-23 21:00","Brazil","Serie A Betano","2023","Santos","Gremio","2.44","3.34","3.06","1.06","8.00","1.40","3.00","2.34","1.62","4.37","1.22","8.82","1.07","1.98","1.83"
"23654","20-08-23 16:00","Brazil","Serie A Betano","2023","Vasco","Atletico-MG","2.77","3.28","2.71","1.10","6.50","1.60","2.38","2.82","1.45","5.81","1.14","11.70","1.04","2.25","1.65"
"23655","20-08-23 02:00","Brazil","Serie A Betano","2023","Cruzeiro","Corinthians","1.86","3.63","4.51","1.08","7.45","1.45","2.79","2.39","1.59","4.96","1.18","9.96","1.06","2.18","1.69"
"23656","19-08-23 23:30","Brazil","Serie A Betano","2023","Cuiaba","Palmeiras","3.75","3.25","2.17","1.09","6.91","1.54","2.53","2.66","1.49","5.48","1.16","11.00","1.05","2.12","1.73"
"23657","19-08-23 23:30","Brazil","Serie A Betano","2023","Fluminense","America MG","1.49","4.21","7.99","1.05","9.00","1.31","3.50","1.97","1.91","3.37","1.34","6.80","1.11","1.98","1.83"
"23658","19-08-23 21:00","Brazil","Serie A Betano","2023","Internacional","Fortaleza","2.28","3.20","3.51","1.09","7.00","1.50","2.63","2.53","1.54","5.26","1.17","10.60","1.05","1.98","1.83"
"23659","19-08-23 21:00","Brazil","Serie A Betano","2023","Sao Paulo","Botafogo RJ","1.97","3.61","3.97","1.06","8.00","1.46","2.75","2.34","1.62","4.37","1.22","8.82","1.07","2.10","1.74"
"23660","16-08-23 01:00","Brazil","Serie A Betano","2023","Athletico-PR","Cuiaba","1.90","3.45","4.54","1.08","7.45","1.42","2.93","2.30","1.63","4.41","1.22","8.94","1.07","2.12","1.73"
"23661","15-08-23 02:00","Brazil","Serie A Betano","2023","Bragantino","Vasco","1.66","3.83","5.78","1.06","8.00","1.36","3.20","2.21","1.73","3.71","1.29","8.08","1.09","2.10","1.74"
"23662","15-08-23 00:00","Brazil","Serie A Betano","2023","Palmeiras","Cruzeiro","1.57","4.06","6.49","1.05","9.00","1.33","3.40","2.10","1.80","3.71","1.29","7.24","1.10","1.98","1.83"
"23663","13-08-23 23:30","Brazil","Serie A Betano","2023","Flamengo RJ","Sao Paulo","1.77","3.78","4.83","1.03","11.00","1.28","3.75","1.97","1.91","3.37","1.34","6.32","1.13","1.73","2.10"
"23664","13-08-23 23:30","Brazil","Serie A Betano","2023","Fortaleza","Santos","1.57","3.85","7.16","1.09","7.00","1.40","3.00","2.34","1.62","4.37","1.22","8.82","1.07","2.29","1.63"
"23665","13-08-23 21:00","Brazil","Serie A Betano","2023","America MG","Goias","2.00","3.59","3.89","1.05","9.00","1.40","3.00","2.32","1.67","4.05","1.25","8.08","1.09","1.98","1.83"
"23666","13-08-23 21:00","Brazil","Serie A Betano","2023","Corinthians","Coritiba","1.70","3.67","5.69","1.06","8.00","1.46","2.75","2.34","1.62","4.68","1.20","9.48","1.06","2.25","1.65"
"23667","13-08-23 21:00","Brazil","Serie A Betano","2023","Gremio","Fluminense","2.39","3.36","3.12","1.04","10.00","1.31","3.50","2.10","1.80","3.60","1.30","6.80","1.11","1.78","2.04"
"23668","13-08-23 16:00","Brazil","Serie A Betano","2023","Atletico-MG","Bahia","1.62","3.78","6.56","1.06","8.49","1.36","3.21","2.35","1.65","3.95","1.26","7.71","1.09","1.98","1.83"
"23669","13-08-23 02:00","Brazil","Serie A Betano","2023","Botafogo RJ","Internacional","2.25","3.17","3.63","1.09","6.91","1.49","2.66","2.48","1.55","4.96","1.18","9.96","1.06","2.03","1.79"
"23670","07-08-23 01:00","Brazil","Serie A Betano","2023","Cuiaba","Flamengo RJ","3.15","3.16","2.49","1.08","7.45","1.42","2.93","2.30","1.63","4.41","1.22","8.94","1.07","1.92","1.88"
"23671","06-08-23 23:30","Brazil","Serie A Betano","2023","Bahia","America MG","1.89","3.65","4.32","1.03","11.00","1.28","3.75","1.97","1.91","3.18","1.37","6.32","1.13","1.73","2.10"
"23672","06-08-23 23:30","Brazil","Serie A Betano","2023","Coritiba","Bragantino","3.59","3.38","2.17","1.06","8.51","1.37","3.19","2.19","1.74","3.82","1.28","7.62","1.09","1.87","1.94"
"23673","06-08-23 23:30","Brazil","Serie A Betano","2023","Cruzeiro","Botafogo RJ","2.42","3.28","3.15","1.08","7.45","1.42","2.93","2.30","1.63","4.41","1.22","8.94","1.07","1.92","1.88"
"23674","06-08-23 21:00","Brazil","Serie A Betano","2023","Sao Paulo","Atletico-MG","1.93","3.36","4.54","1.08","7.45","1.45","2.79","2.39","1.59","4.41","1.22","8.94","1.07","2.03","1.79"
"23675","06-08-23 21:00","Brazil","Serie A Betano","2023","Vasco","Gremio","2.82","3.28","2.66","1.06","8.00","1.40","3.00","2.32","1.67","4.37","1.22","8.82","1.07","1.87","1.94"
"23676","06-08-23 02:00","Brazil","Serie A Betano","2023","Fluminense","Palmeiras","2.11","3.36","3.79","1.06","8.00","1.40","3.00","2.32","1.67","4.37","1.22","8.82","1.07","1.87","1.94"
"23677","05-08-23 23:30","Brazil","Serie A Betano","2023","Goias","Fortaleza","2.77","3.07","2.86","1.09","7.00","1.50","2.63","2.63","1.50","5.26","1.17","10.60","1.05","2.15","1.70"
"23678","05-08-23 23:30","Brazil","Serie A Betano","2023","Internacional","Corinthians","2.30","2.96","3.82","1.14","5.50","1.74","2.20","3.18","1.37","6.32","1.13","13.10","1.03","2.42","1.57"
"23679","05-08-23 21:00","Brazil","Serie A Betano","2023","Santos","Athletico-PR","2.23","3.08","3.82","1.10","6.38","1.54","2.53","2.66","1.49","5.48","1.16","11.00","1.05","2.12","1.73"
"23680","30-07-23 23:30","Brazil","Serie A Betano","2023","Goias","Gremio","2.96","3.23","2.57","1.04","9.57","1.33","3.41","2.09","1.81","3.82","1.28","7.62","1.09","1.78","2.04"
"23681","30-07-23 21:00","Brazil","Serie A Betano","2023","America MG","Palmeiras","3.69","3.57","2.06","1.05","9.00","1.36","3.20","2.21","1.73","4.05","1.25","8.08","1.09","1.87","1.94"
"23682","30-07-23 21:00","Brazil","Serie A Betano","2023","Botafogo RJ","Coritiba","1.68","3.63","6.06","1.05","9.00","1.33","3.40","2.21","1.73","3.71","1.29","7.24","1.10","2.04","1.78"
"23683","30-07-23 16:00","Brazil","Serie A Betano","2023","Sao Paulo","Bahia","1.66","3.57","6.52","1.06","8.51","1.33","3.41","2.09","1.81","3.82","1.28","7.62","1.09","1.98","1.83"
"23684","30-07-23 02:00","Brazil","Serie A Betano","2023","Atletico-MG","Flamengo RJ","2.33","3.29","3.31","1.06","8.51","1.37","3.19","2.19","1.74","3.82","1.28","8.32","1.08","1.87","1.94"
"23685","29-07-23 23:30","Brazil","Serie A Betano","2023","Corinthians","Vasco","2.04","3.17","4.35","1.11","6.00","1.60","2.38","2.82","1.45","5.81","1.14","11.70","1.04","2.31","1.62"
"23686","29-07-23 23:30","Brazil","Serie A Betano","2023","Fortaleza","Bragantino","2.22","3.34","3.50","1.04","9.57","1.30","3.62","2.09","1.81","3.50","1.31","6.83","1.11","1.78","2.04"
"23687","29-07-23 21:00","Brazil","Serie A Betano","2023","Athletico-PR","Cruzeiro","1.82","3.45","5.12","1.06","8.00","1.40","3.00","2.34","1.62","4.37","1.22","8.82","1.07","2.10","1.74"
"23688","29-07-23 21:00","Brazil","Serie A Betano","2023","Fluminense","Santos","1.59","4.05","6.21","1.05","9.00","1.40","3.00","2.32","1.67","4.05","1.25","8.08","1.09","2.25","1.65"
"23689","29-07-23 21:00","Brazil","Serie A Betano","2023","Internacional","Cuiaba","1.79","3.68","4.86","1.10","6.50","1.60","2.38","2.82","1.45","5.81","1.14","11.70","1.04","2.54","1.52"
"23690","25-07-23 00:00","Brazil","Serie A Betano","2023","Coritiba","Fluminense","3.82","3.18","2.18","1.06","8.00","1.46","2.75","2.34","1.62","4.37","1.22","8.82","1.07","1.87","1.94"
"23691","23-07-23 23:30","Brazil","Serie A Betano","2023","Vasco","Athletico-PR","2.76","3.21","2.76","1.09","7.00","1.46","2.75","2.44","1.57","4.68","1.20","9.48","1.06","2.04","1.78"
"23692","23-07-23 21:00","Brazil","Serie A Betano","2023","Bragantino","Internacional","1.78","3.60","4.68","1.04","7.90","1.35","2.88","2.16","1.71","3.72","1.22","7.30","1.05","2.01","1.76"
"23693","23-07-23 21:00","Brazil","Serie A Betano","2023","Cruzeiro","Goias","1.55","4.00","6.25","1.03","8.20","1.33","2.97","2.11","1.74","3.64","1.23","6.95","1.05","2.16","1.66"
"23694","23-07-23 21:00","Brazil","Serie A Betano","2023","Santos","Botafogo RJ","3.10","3.08","2.46","1.08","6.35","1.54","2.51","2.51","1.45","4.90","1.13","9.80","1.01","2.13","1.68"
"23695","23-07-23 02:00","Brazil","Serie A Betano","2023","Gremio","Atletico-MG","2.48","3.29","3.04","1.04","9.57","1.33","3.41","2.19","1.74","3.82","1.28","7.62","1.09","1.79","2.02"
"23696","22-07-23 23:30","Brazil","Serie A Betano","2023","Bahia","Corinthians","2.28","3.19","3.53","1.09","7.00","1.50","2.63","2.53","1.54","4.68","1.20","10.60","1.05","2.10","1.74"
"23697","22-07-23 23:30","Brazil","Serie A Betano","2023","Cuiaba","Sao Paulo","2.98","3.16","2.60","1.10","6.50","1.54","2.50","2.63","1.50","5.26","1.17","10.60","1.05","1.98","1.83"
"23698","22-07-23 21:00","Brazil","Serie A Betano","2023","Flamengo RJ","America MG","1.35","5.22","9.44","","","1.21","4.61","1.62","2.34","2.48","1.55","4.41","1.22","1.87","1.94"
"23699","22-07-23 21:00","Brazil","Serie A Betano","2023","Palmeiras","Fortaleza","1.57","4.05","6.58","1.03","10.60","1.29","3.72","1.86","2.03","3.18","1.37","6.42","1.12","1.92","1.88"
"23700","18-07-23 01:00","Brazil","Serie A Betano","2023","Goias","Atletico-MG","4.47","3.50","1.90","1.06","8.51","1.37","3.19","2.21","1.69","4.12","1.25","8.32","1.08","1.98","1.83"
"23701","16-07-23 23:30","Brazil","Serie A Betano","2023","Athletico-PR","Bahia","1.62","4.32","5.40","1.03","11.00","1.28","3.75","1.97","1.91","3.18","1.37","6.32","1.13","1.87","1.94"
"23702","16-07-23 23:30","Brazil","Serie A Betano","2023","Internacional","Palmeiras","3.02","3.14","2.58","1.08","7.45","1.42","2.93","2.39","1.59","4.41","1.22","8.94","1.07","1.92","1.88"
"23703","16-07-23 21:00","Brazil","Serie A Betano","2023","Fluminense","Flamengo RJ","2.94","3.34","2.52","1.05","9.00","1.33","3.40","2.10","1.80","3.71","1.29","7.24","1.10","1.73","2.10"
"23704","16-07-23 21:00","Brazil","Serie A Betano","2023","Fortaleza","Cuiaba","1.77","3.72","4.95","1.06","8.00","1.46","2.75","2.34","1.62","4.68","1.20","9.48","1.06","2.25","1.65"
"23705","16-07-23 21:00","Brazil","Serie A Betano","2023","Sao Paulo","Santos","1.60","3.76","6.94","1.08","7.53","1.48","2.69","2.46","1.56","4.91","1.18","9.86","1.06","2.39","1.58"
"23706","16-07-23 16:00","Brazil","Serie A Betano","2023","Cruzeiro","Coritiba","1.64","3.89","5.89","1.05","9.00","1.36","3.20","2.21","1.73","4.05","1.25","8.08","1.09","2.15","1.70"
"23707","16-07-23 02:00","Brazil","Serie A Betano","2023","Botafogo RJ","Bragantino","2.03","3.44","3.96","1.05","9.00","1.36","3.20","2.21","1.73","3.71","1.29","7.24","1.10","1.79","2.02"
"23708","09-07-23 23:30","Brazil","Serie A Betano","2023","Fortaleza","Athletico-PR","1.62","3.86","5.60","1.03","8.20","1.33","2.97","2.10","1.75","3.55","1.24","6.85","1.06","2.08","1.71"
"23709","09-07-23 23:30","Brazil","Serie A Betano","2023","Gremio","Botafogo RJ","1.73","3.85","4.62","1.01","9.60","1.25","3.48","1.88","1.94","3.02","1.32","5.60","1.09","1.81","1.95"
"23710","09-07-23 21:00","Brazil","Serie A Betano","2023","Bragantino","Sao Paulo","1.68","3.86","5.47","1.04","9.57","1.32","3.46","2.09","1.81","3.50","1.31","7.62","1.09","1.92","1.88"
"23711","09-07-23 21:00","Brazil","Serie A Betano","2023","Fluminense","Internacional","1.94","3.34","4.56","1.06","8.60","1.41","2.96","2.18","1.70","4.08","1.25","8.86","1.07","1.92","1.88"
"23712","09-07-23 16:00","Brazil","Serie A Betano","2023","Santos","Goias","1.88","3.44","4.66","1.08","7.45","1.49","2.66","2.48","1.55","4.96","1.18","9.96","1.06","2.12","1.73"
"23713","09-07-23 02:00","Brazil","Serie A Betano","2023","Palmeiras","Flamengo RJ","1.94","3.88","3.82","1.02","11.70","1.26","3.99","1.86","2.03","3.01","1.40","5.96","1.14","1.69","2.17"
"23714","08-07-23 23:30","Brazil","Serie A Betano","2023","Atletico-MG","Corinthians","1.78","3.37","5.61","1.10","6.38","1.49","2.66","2.66","1.49","5.48","1.16","11.00","1.05","2.29","1.63"
"23715","08-07-23 23:30","Brazil","Serie A Betano","2023","Coritiba","America MG","2.12","3.49","3.60","1.04","9.57","1.32","3.46","2.19","1.74","3.82","1.28","7.62","1.09","1.79","2.02"
"23716","08-07-23 21:00","Brazil","Serie A Betano","2023","Cuiaba","Bahia","1.81","3.64","4.77","1.08","7.45","1.45","2.79","2.48","1.55","4.96","1.18","9.96","1.06","2.18","1.69"
"23717","08-07-23 21:00","Brazil","Serie A Betano","2023","Vasco","Cruzeiro","2.92","3.25","2.59","1.06","8.00","1.46","2.75","2.34","1.62","4.37","1.22","8.82","1.07","1.87","1.94"
"23718","04-07-23 01:00","Brazil","Serie A Betano","2023","Goias","Coritiba","2.05","3.30","4.09","1.06","8.51","1.42","2.93","2.21","1.69","4.12","1.25","8.94","1.07","1.87","1.94"
"23719","02-07-23 23:30","Brazil","Serie A Betano","2023","Cuiaba","Santos","1.92","3.24","4.84","1.12","5.85","1.62","2.34","3.01","1.40","6.42","1.12","12.40","1.04","2.39","1.58"
"23720","02-07-23 21:00","Brazil","Serie A Betano","2023","Athletico-PR","Palmeiras","2.39","3.31","3.17","1.06","8.00","1.40","3.00","2.32","1.67","4.37","1.22","8.82","1.07","1.87","1.94"
"23721","02-07-23 21:00","Brazil","Serie A Betano","2023","Atletico-MG","America MG","1.50","4.05","8.08","1.04","9.57","1.32","3.46","2.09","1.81","3.50","1.31","6.83","1.11","2.12","1.73"
"23722","02-07-23 21:00","Brazil","Serie A Betano","2023","Botafogo RJ","Vasco","1.89","3.47","4.59","1.06","8.00","1.46","2.75","2.34","1.62","4.37","1.22","8.82","1.07","1.92","1.88"
"23723","02-07-23 16:00","Brazil","Serie A Betano","2023","Corinthians","Bragantino","3.15","2.96","2.63","1.08","7.53","1.45","2.83","2.37","1.60","4.65","1.20","9.86","1.06","1.92","1.88"
"23724","02-07-23 02:00","Brazil","Serie A Betano","2023","Internacional","Cruzeiro","2.03","3.32","4.13","1.06","8.00","1.46","2.75","2.34","1.62","4.37","1.22","8.82","1.07","1.98","1.83"
"23725","01-07-23 23:30","Brazil","Serie A Betano","2023","Bahia","Gremio","2.98","3.47","2.42","1.03","11.00","1.31","3.50","2.06","1.83","3.37","1.34","6.80","1.11","1.66","2.23"
"23726","01-07-23 23:30","Brazil","Serie A Betano","2023","Flamengo RJ","Fortaleza","1.58","4.28","5.96","1.02","12.30","1.28","3.77","2.00","1.89","3.39","1.33","6.18","1.13","1.72","2.13"
"23727","01-07-23 21:00","Brazil","Serie A Betano","2023","Sao Paulo","Fluminense","2.14","3.46","3.57","1.05","9.00","1.33","3.40","2.10","1.80","3.71","1.29","7.24","1.10","1.83","1.98"
"23728","27-06-23 02:00","Brazil","Serie A Betano","2023","Vasco","Cuiaba","2.24","3.25","3.56","1.06","8.51","1.45","2.79","2.30","1.63","4.41","1.22","8.94","1.07","1.92","1.88"
"23729","25-06-23 23:30","Brazil","Serie A Betano","2023","America MG","Internacional","2.05","3.47","3.85","1.06","8.00","1.40","3.00","2.32","1.67","4.05","1.25","8.82","1.07","1.87","1.94"
"23730","25-06-23 23:30","Brazil","Serie A Betano","2023","Bragantino","Goias","1.43","4.66","8.26","1.03","11.00","1.26","4.00","1.89","2.00","3.01","1.40","5.81","1.14","1.98","1.83"
"23731","25-06-23 23:30","Brazil","Serie A Betano","2023","Santos","Flamengo RJ","3.63","3.22","2.22","1.06","8.00","1.46","2.75","2.34","1.62","4.68","1.20","9.48","1.06","1.98","1.83"
"23732","25-06-23 21:00","Brazil","Serie A Betano","2023","Gremio","Coritiba","1.54","4.28","6.58","1.03","11.00","1.28","3.75","1.97","1.91","3.18","1.37","6.32","1.13","1.98","1.83"
"23733","25-06-23 21:00","Brazil","Serie A Betano","2023","Palmeiras","Botafogo RJ","1.53","4.49","6.36","1.03","11.00","1.26","4.00","1.89","2.00","3.01","1.40","5.81","1.14","1.87","1.94"
"23734","25-06-23 02:00","Brazil","Serie A Betano","2023","Cruzeiro","Sao Paulo","2.40","3.28","3.18","1.06","8.51","1.37","3.19","2.29","1.68","4.12","1.25","8.32","1.08","1.87","1.94"
"23735","24-06-23 23:30","Brazil","Serie A Betano","2023","Fluminense","Bahia","1.53","4.23","6.97","1.03","11.00","1.26","4.00","1.89","2.00","3.01","1.40","5.81","1.14","1.90","1.90"
"23736","24-06-23 23:30","Brazil","Serie A Betano","2023","Fortaleza","Atletico-MG","3.00","3.07","2.66","1.08","7.45","1.42","2.93","2.21","1.69","4.12","1.25","8.94","1.07","1.92","1.88"
"23737","24-06-23 21:00","Brazil","Serie A Betano","2023","Athletico-PR","Corinthians","1.92","3.24","4.84","1.09","6.91","1.49","2.66","2.48","1.55","4.96","1.18","9.96","1.06","2.18","1.69"
"23738","23-06-23 02:30","Brazil","Serie A Betano","2023","Bragantino","Flamengo RJ","3.35","3.45","2.24","1.03","11.00","1.28","3.75","2.06","1.83","3.37","1.34","6.80","1.11","1.74","2.10"
"23739","23-06-23 01:00","Brazil","Serie A Betano","2023","Coritiba","Internacional","2.90","2.92","2.87","1.10","6.50","1.54","2.50","2.63","1.50","5.26","1.17","10.60","1.05","2.10","1.74"
"23740","23-06-23 01:00","Brazil","Serie A Betano","2023","Cuiaba","Botafogo RJ","2.78","3.05","2.87","1.09","7.00","1.50","2.63","2.63","1.50","4.97","1.18","10.60","1.05","2.04","1.78"
"23741","23-06-23 01:00","Brazil","Serie A Betano","2023","Vasco","Goias","1.94","3.46","4.28","1.06","8.00","1.40","3.00","2.34","1.62","4.37","1.22","8.82","1.07","2.04","1.78"
"23742","23-06-23 00:00","Brazil","Serie A Betano","2023","Gremio","America MG","1.64","4.04","5.64","1.02","13.00","1.26","4.00","1.89","2.00","3.01","1.40","5.81","1.14","1.69","2.17"
"23743","22-06-23 02:30","Brazil","Serie A Betano","2023","Bahia","Palmeiras","3.99","3.37","2.05","1.05","9.00","1.33","3.40","2.10","1.80","3.60","1.30","7.24","1.10","1.69","2.17"
"23744","22-06-23 02:30","Brazil","Serie A Betano","2023","Fluminense","Atletico-MG","2.71","3.18","2.83","1.06","8.51","1.42","2.93","2.21","1.69","4.12","1.25","8.94","1.07","1.87","1.94"
"23745","22-06-23 01:00","Brazil","Serie A Betano","2023","Santos","Corinthians","2.18","3.09","3.94","1.12","5.85","1.71","2.23","3.01","1.40","6.42","1.12","13.20","1.03","2.39","1.58"
"23746","22-06-23 00:00","Brazil","Serie A Betano","2023","Cruzeiro","Fortaleza","1.94","3.46","4.28","1.04","10.00","1.31","3.50","2.06","1.83","3.60","1.30","6.80","1.11","1.83","1.98"
"23747","22-06-23 00:00","Brazil","Serie A Betano","2023","Sao Paulo","Athletico-PR","1.80","3.48","5.17","1.06","8.51","1.37","3.19","2.19","1.74","4.12","1.25","8.32","1.08","1.92","1.88"
"23748","11-06-23 23:30","Brazil","Serie A Betano","2023","Flamengo RJ","Gremio","1.59","4.32","5.74","","","1.23","4.25","1.78","2.13","2.83","1.44","5.48","1.16","1.73","2.10"
"23749","11-06-23 23:30","Brazil","Serie A Betano","2023","Goias","Fluminense","3.67","3.35","2.15","1.06","8.00","1.40","3.00","2.32","1.67","4.37","1.22","8.82","1.07","1.98","1.83"
"23750","11-06-23 21:00","Brazil","Serie A Betano","2023","Internacional","Vasco","1.77","3.61","5.21","1.06","8.00","1.46","2.75","2.44","1.57","4.68","1.20","9.48","1.06","2.15","1.70"
"23751","11-06-23 21:00","Brazil","Serie A Betano","2023","Sao Paulo","Palmeiras","3.14","3.46","2.33","1.06","8.00","1.40","3.00","2.32","1.67","4.05","1.25","8.82","1.07","1.79","2.02"
"23752","11-06-23 16:00","Brazil","Serie A Betano","2023","America MG","Athletico-PR","2.50","3.37","2.96","1.05","9.00","1.40","3.00","2.32","1.67","4.05","1.25","8.82","1.07","1.79","2.02"
"23753","11-06-23 02:00","Brazil","Serie A Betano","2023","Botafogo RJ","Fortaleza","2.14","3.35","3.71","1.06","8.51","1.37","3.19","2.19","1.74","3.82","1.28","8.32","1.08","1.92","1.88"
"23754","10-06-23 23:30","Brazil","Serie A Betano","2023","Atletico-MG","Bragantino","1.84","3.37","5.11","1.06","8.00","1.40","3.00","2.32","1.67","4.05","1.25","8.82","1.07","2.04","1.78"
"23755","10-06-23 23:30","Brazil","Serie A Betano","2023","Bahia","Cruzeiro","2.76","3.32","2.69","1.05","9.00","1.40","3.00","2.32","1.67","4.05","1.25","8.82","1.07","1.90","1.90"
"23756","10-06-23 23:30","Brazil","Serie A Betano","2023","Corinthians","Cuiaba","1.81","3.36","5.42","1.10","6.50","1.60","2.38","2.82","1.45","5.81","1.14","11.70","1.04","2.54","1.52"
"23757","10-06-23 21:00","Brazil","Serie A Betano","2023","Coritiba","Santos","2.62","2.90","3.23","1.11","6.00","1.54","2.50","2.82","1.45","5.26","1.17","11.70","1.04","2.10","1.74"
"23758","06-06-23 01:00","Brazil","Serie A Betano","2023","Vasco","Flamengo RJ","4.06","3.70","1.86","1.02","9.30","1.26","3.40","1.91","1.91","3.08","1.31","5.75","1.09","1.78","1.99"
"23759","04-06-23 23:30","Brazil","Serie A Betano","2023","Goias","Cuiaba","2.16","3.16","3.90","1.09","6.91","1.54","2.53","2.66","1.49","5.48","1.16","11.00","1.05","2.12","1.73"
"23760","04-06-23 23:30","Brazil","Serie A Betano","2023","Palmeiras","Coritiba","1.29","5.29","13.90","1.03","11.00","1.26","4.00","1.80","2.10","2.82","1.45","5.26","1.17","2.12","1.73"
"23761","04-06-23 21:00","Brazil","Serie A Betano","2023","Fluminense","Bragantino","1.73","3.67","5.42","1.04","10.00","1.28","3.75","1.97","1.91","3.18","1.37","6.32","1.13","1.78","2.04"
"23762","04-06-23 21:00","Brazil","Serie A Betano","2023","Gremio","Sao Paulo","2.07","3.37","3.91","1.03","9.00","1.40","3.00","2.32","1.67","4.05","1.25","8.08","1.09","1.87","1.94"
"23763","04-06-23 02:00","Brazil","Serie A Betano","2023","Santos","Internacional","2.44","3.05","3.36","1.11","6.00","1.69","2.20","3.01","1.40","6.32","1.13","13.10","1.03","2.18","1.69"
"23764","03-06-23 23:30","Brazil","Serie A Betano","2023","America MG","Corinthians","3.00","3.34","2.48","1.09","7.00","1.50","2.63","2.53","1.54","4.97","1.18","10.60","1.05","1.98","1.83"
"23765","03-06-23 23:30","Brazil","Serie A Betano","2023","Athletico-PR","Botafogo RJ","1.98","3.66","3.86","1.04","9.57","1.37","3.19","2.19","1.74","3.82","1.28","7.62","1.09","1.87","1.94"
"23766","03-06-23 23:30","Brazil","Serie A Betano","2023","Cruzeiro","Atletico-MG","3.67","3.14","2.25","1.09","7.00","1.54","2.50","2.63","1.50","5.26","1.17","10.60","1.05","1.98","1.83"
"23767","03-06-23 21:00","Brazil","Serie A Betano","2023","Fortaleza","Bahia","1.59","4.05","6.19","1.04","10.00","1.33","3.40","2.10","1.80","3.60","1.30","6.80","1.11","1.98","1.83"
"23768","29-05-23 00:00","Brazil","Serie A Betano","2023","Botafogo RJ","America MG","1.71","3.78","5.37","1.04","10.00","1.33","3.40","2.10","1.80","3.60","1.30","7.24","1.10","2.02","1.79"
"23769","28-05-23 23:30","Brazil","Serie A Betano","2023","Atletico-MG","Palmeiras","2.38","3.34","3.16","1.06","8.51","1.37","3.19","2.19","1.74","4.12","1.25","8.32","1.08","1.87","1.94"
"23770","28-05-23 23:30","Brazil","Serie A Betano","2023","Bragantino","Santos","1.80","3.50","5.14","1.06","8.00","1.46","2.75","2.34","1.62","4.37","1.22","8.82","1.07","1.98","1.83"
"23772","28-05-23 21:00","Brazil","Serie A Betano","2023","Internacional","Bahia","2.05","3.64","3.66","1.04","10.00","1.33","3.40","2.10","1.80","3.60","1.30","7.24","1.10","1.73","2.10"
"23771","28-05-23 21:00","Brazil","Serie A Betano","2023","Corinthians","Fluminense","2.86","3.29","2.62","1.06","8.00","1.46","2.75","2.44","1.57","4.68","1.20","9.48","1.06","1.98","1.83"
"23773","28-05-23 02:00","Brazil","Serie A Betano","2023","Sao Paulo","Goias","1.62","3.65","7.01","1.04","9.57","1.30","3.62","1.98","1.90","3.50","1.31","6.83","1.11","1.98","1.83"
"23774","27-05-23 23:30","Brazil","Serie A Betano","2023","Cuiaba","Coritiba","1.84","3.57","4.69","1.09","7.00","1.50","2.63","2.53","1.54","5.26","1.17","10.60","1.05","2.12","1.73"
"23775","27-05-23 23:30","Brazil","Serie A Betano","2023","Flamengo RJ","Cruzeiro","1.70","3.82","5.41","1.02","11.70","1.29","3.72","1.94","1.94","3.18","1.37","6.42","1.12","1.79","2.02"
"23776","27-05-23 21:00","Brazil","Serie A Betano","2023","Athletico-PR","Gremio","1.67","3.92","5.49","1.05","9.00","1.35","3.25","2.21","1.73","4.05","1.25","8.08","1.09","2.10","1.74"
"23777","27-05-23 21:00","Brazil","Serie A Betano","2023","Fortaleza","Vasco","1.72","4.08","4.81","1.03","11.00","1.31","3.50","2.06","1.83","3.37","1.34","6.80","1.11","1.79","2.02"
"23778","23-05-23 01:00","Brazil","Serie A Betano","2023","Cruzeiro","Cuiaba","1.59","3.78","6.98","1.08","7.45","1.42","2.93","2.21","1.69","4.12","1.25","8.32","1.08","2.12","1.73"
"23779","21-05-23 23:30","Brazil","Serie A Betano","2023","Gremio","Internacional","2.02","3.36","4.11","1.05","9.00","1.35","3.25","2.32","1.67","4.05","1.25","8.08","1.09","1.98","1.83"
"23780","21-05-23 21:00","Brazil","Serie A Betano","2023","Flamengo RJ","Corinthians","1.43","4.42","9.17","1.04","10.00","1.31","3.50","2.06","1.83","3.37","1.34","6.32","1.13","1.98","1.83"
"23781","21-05-23 02:00","Brazil","Serie A Betano","2023","Santos","Palmeiras","5.69","3.56","1.73","1.06","8.51","1.42","2.93","2.21","1.69","4.12","1.25","8.32","1.08","2.03","1.79"
"23782","20-05-23 23:30","Brazil","Serie A Betano","2023","America MG","Fortaleza","3.17","3.42","2.34","1.03","11.00","1.28","3.75","2.06","1.83","3.37","1.34","6.32","1.13","1.74","2.10"
"23783","20-05-23 23:30","Brazil","Serie A Betano","2023","Botafogo RJ","Fluminense","2.97","3.30","2.52","1.04","9.57","1.30","3.62","2.09","1.81","3.50","1.31","7.62","1.09","1.73","2.10"
"23784","20-05-23 23:30","Brazil","Serie A Betano","2023","Bragantino","Athletico-PR","1.88","3.69","4.30","1.04","10.00","1.31","3.50","2.06","1.83","3.60","1.30","6.80","1.11","1.73","2.10"
"23785","20-05-23 23:30","Brazil","Serie A Betano","2023","Coritiba","Atletico-MG","4.88","3.47","1.84","1.08","7.45","1.42","2.93","2.30","1.63","4.41","1.22","8.94","1.07","2.03","1.79"
"23786","20-05-23 23:30","Brazil","Serie A Betano","2023","Sao Paulo","Vasco","1.83","3.49","4.90","1.06","8.00","1.40","3.00","2.34","1.62","4.37","1.22","8.82","1.07","2.04","1.78"
"23787","20-05-23 21:00","Brazil","Serie A Betano","2023","Bahia","Goias","1.74","3.67","5.35","1.05","9.00","1.35","3.25","2.21","1.73","3.71","1.29","8.08","1.09","1.98","1.83"
"23788","14-05-23 23:30","Brazil","Serie A Betano","2023","America MG","Cruzeiro","2.41","3.45","3.02","1.03","10.60","1.29","3.72","1.98","1.90","3.40","1.33","6.42","1.12","1.74","2.10"
"23789","14-05-23 23:30","Brazil","Serie A Betano","2023","Athletico-PR","Coritiba","1.59","3.63","7.51","1.06","8.00","1.46","2.75","2.34","1.62","4.68","1.20","9.48","1.06","2.18","1.69"
"23790","14-05-23 23:30","Brazil","Serie A Betano","2023","Goias","Botafogo RJ","3.56","3.36","2.18","1.05","9.00","1.35","3.25","2.21","1.73","3.71","1.29","8.08","1.09","1.83","1.98"
"23791","14-05-23 21:00","Brazil","Serie A Betano","2023","Corinthians","Sao Paulo","2.55","3.06","3.16","1.10","6.50","1.54","2.50","2.82","1.45","5.81","1.14","11.70","1.04","2.15","1.70"
"23792","14-05-23 21:00","Brazil","Serie A Betano","2023","Gremio","Fortaleza","1.98","3.54","4.01","1.04","10.00","1.31","3.50","2.06","1.83","3.37","1.34","6.80","1.11","1.78","2.04"
"23793","14-05-23 21:00","Brazil","Serie A Betano","2023","Vasco","Santos","1.98","3.23","4.53","1.09","6.91","1.49","2.66","2.48","1.55","4.96","1.18","9.96","1.06","2.12","1.73"
"23794","14-05-23 02:00","Brazil","Serie A Betano","2023","Atletico-MG","Internacional","1.62","4.06","5.75","1.03","10.60","1.29","3.72","1.94","1.94","3.40","1.33","6.42","1.12","1.87","1.94"
"23795","13-05-23 23:30","Brazil","Serie A Betano","2023","Fluminense","Cuiaba","1.38","5.21","8.17","1.02","13.00","1.26","4.00","1.89","2.00","3.01","1.40","5.81","1.14","1.98","1.83"
"23796","13-05-23 23:30","Brazil","Serie A Betano","2023","Palmeiras","Bragantino","1.59","4.05","6.19","1.02","11.70","1.21","4.61","1.67","2.23","2.66","1.49","4.96","1.18","1.66","2.23"
"23797","13-05-23 21:00","Brazil","Serie A Betano","2023","Bahia","Flamengo RJ","3.20","3.52","2.28","1.03","11.00","1.31","3.50","2.06","1.83","3.37","1.34","6.80","1.11","1.66","2.23"
"23798","12-05-23 01:00","Brazil","Serie A Betano","2023","Fortaleza","Sao Paulo","1.94","3.46","4.28","1.05","9.00","1.33","3.40","2.21","1.73","3.71","1.29","7.24","1.10","1.83","1.98"
"23799","12-05-23 00:30","Brazil","Serie A Betano","2023","Botafogo RJ","Corinthians","1.95","3.42","4.02","1.04","7.50","1.38","2.75","2.25","1.66","3.98","1.20","7.80","1.04","2.00","1.77"
"23800","12-05-23 00:00","Brazil","Serie A Betano","2023","Coritiba","Vasco","3.56","3.15","2.29","1.06","8.00","1.46","2.75","2.34","1.62","4.37","1.22","9.48","1.06","1.87","1.94"
"23801","11-05-23 02:30","Brazil","Serie A Betano","2023","Cruzeiro","Fluminense","2.80","3.16","2.76","1.05","9.00","1.35","3.25","2.32","1.67","4.05","1.25","8.08","1.09","1.73","2.10"
"23802","11-05-23 02:30","Brazil","Serie A Betano","2023","Palmeiras","Gremio","1.40","4.83","8.64","1.03","11.00","1.26","4.00","1.80","2.10","3.01","1.40","5.26","1.17","1.98","1.83"
"23803","11-05-23 01:00","Brazil","Serie A Betano","2023","Cuiaba","Atletico-MG","4.03","3.33","2.05","1.06","8.51","1.42","2.93","2.30","1.63","4.41","1.22","8.94","1.07","1.92","1.88"
"23804","11-05-23 01:00","Brazil","Serie A Betano","2023","Flamengo RJ","Goias","1.24","6.20","11.50","1.01","15.00","1.14","4.64","1.57","2.43","2.30","1.53","3.92","1.19","2.12","1.69"
"23805","11-05-23 00:00","Brazil","Serie A Betano","2023","Bragantino","America MG","1.77","3.78","4.83","1.02","11.70","1.26","3.99","1.78","2.13","3.01","1.40","5.48","1.16","1.70","2.16"
"23806","11-05-23 00:00","Brazil","Serie A Betano","2023","Internacional","Athletico-PR","1.78","3.55","5.13","1.05","9.00","1.35","3.25","2.21","1.73","4.05","1.25","8.08","1.09","1.87","1.94"
"23807","11-05-23 00:00","Brazil","Serie A Betano","2023","Santos","Bahia","2.24","3.25","3.56","1.09","7.00","1.50","2.63","2.53","1.54","4.97","1.18","10.60","1.05","1.92","1.88"
"23808","09-05-23 01:00","Brazil","Serie A Betano","2023","Corinthians","Fortaleza","2.46","3.28","3.09","1.06","8.51","1.42","2.93","2.21","1.69","4.12","1.25","8.32","1.08","1.87","1.94"
"23809","07-05-23 23:30","Brazil","Serie A Betano","2023","Botafogo RJ","Atletico-MG","3.38","3.32","2.28","1.06","8.51","1.42","2.93","2.21","1.69","4.12","1.25","8.32","1.08","1.87","1.94"
"23810","07-05-23 23:30","Brazil","Serie A Betano","2023","Goias","Palmeiras","5.17","4.09","1.67","1.03","10.60","1.30","3.62","1.98","1.90","3.50","1.31","6.83","1.11","1.92","1.88"
"23811","07-05-23 23:30","Brazil","Serie A Betano","2023","Gremio","Bragantino","1.92","3.54","4.30","1.04","9.57","1.32","3.46","2.09","1.81","3.50","1.31","7.62","1.09","1.85","1.96"
"23812","07-05-23 21:00","Brazil","Serie A Betano","2023","Athletico-PR","Flamengo RJ","2.84","3.32","2.48","1.03","8.10","1.33","2.97","2.11","1.74","3.64","1.23","6.95","1.05","1.83","1.93"
"23813","07-05-23 21:00","Brazil","Serie A Betano","2023","Bahia","Coritiba","1.73","3.70","4.86","1.03","8.30","1.32","3.04","2.09","1.76","3.54","1.24","6.80","1.06","1.98","1.78"
"23814","07-05-23 21:00","Brazil","Serie A Betano","2023","Sao Paulo","Internacional","2.13","3.44","3.64","1.03","9.57","1.32","3.46","2.09","1.81","3.82","1.28","7.62","1.06","1.78","2.04"
"23815","07-05-23 16:00","Brazil","Serie A Betano","2023","America MG","Cuiaba","1.73","3.67","5.42","1.03","10.60","1.30","3.62","1.98","1.90","3.50","1.31","6.83","1.11","1.92","1.88"
"23816","07-05-23 02:00","Brazil","Serie A Betano","2023","Fluminense","Vasco","1.72","3.82","5.15","1.02","11.70","1.29","3.72","1.94","1.94","3.18","1.37","6.42","1.12","1.73","2.10"
"23817","06-05-23 21:00","Brazil","Serie A Betano","2023","Cruzeiro","Santos","1.78","3.64","5.01","1.06","8.51","1.42","2.93","2.21","1.69","4.12","1.25","8.94","1.07","2.09","1.74"
"23818","02-05-23 01:00","Brazil","Serie A Betano","2023","Vasco","Bahia","1.75","3.84","4.90","1.03","10.60","1.30","3.62","1.98","1.90","3.40","1.33","6.42","1.12","1.79","2.02"
"23819","30-04-23 23:30","Brazil","Serie A Betano","2023","Cuiaba","Gremio","2.92","3.25","2.59","1.06","8.51","1.42","2.93","2.21","1.69","4.41","1.22","8.94","1.07","1.87","1.94"
"23820","30-04-23 23:30","Brazil","Serie A Betano","2023","Internacional","Goias","1.63","3.83","6.13","1.03","10.60","1.29","3.72","1.94","1.94","3.40","1.33","6.42","1.12","1.87","1.94"
"23821","30-04-23 21:00","Brazil","Serie A Betano","2023","Flamengo RJ","Botafogo RJ","1.63","4.15","5.52","1.02","11.70","1.29","3.72","1.94","1.94","3.40","1.33","6.42","1.12","1.87","1.94"
"23822","30-04-23 02:00","Brazil","Serie A Betano","2023","Atletico-MG","Athletico-PR","1.58","3.78","7.07","1.06","8.51","1.32","3.46","2.09","1.81","3.82","1.28","7.62","1.09","1.98","1.83"
"23823","29-04-23 23:30","Brazil","Serie A Betano","2023","Bragantino","Cruzeiro","1.82","3.62","4.77","1.04","9.57","1.32","3.46","2.09","1.81","3.82","1.28","7.62","1.09","1.92","1.88"
"23824","29-04-23 23:30","Brazil","Serie A Betano","2023","Palmeiras","Corinthians","1.51","4.02","8.04","1.05","9.00","1.31","3.50","2.06","1.83","3.60","1.30","6.80","1.11","2.04","1.78"
"23825","29-04-23 23:30","Brazil","Serie A Betano","2023","Santos","America MG","2.44","3.14","3.25","1.06","8.00","1.40","3.00","2.43","1.62","4.05","1.25","8.82","1.07","1.90","1.90"
"23826","29-04-23 21:30","Brazil","Serie A Betano","2023","Coritiba","Sao Paulo","3.13","3.24","2.46","1.06","8.51","1.42","2.93","2.30","1.63","4.41","1.22","8.94","1.07","1.92","1.88"
"23827","29-04-23 21:30","Brazil","Serie A Betano","2023","Fortaleza","Fluminense","2.16","3.36","3.65","1.03","10.60","1.30","3.62","2.09","1.81","3.50","1.31","6.83","1.11","1.73","2.10"
"23828","25-04-23 01:00","Brazil","Serie A Betano","2023","Bahia","Botafogo RJ","2.09","3.36","3.86","1.04","9.68","1.36","3.23","2.17","1.76","3.78","1.28","7.55","1.10","1.87","1.94"
"23829","24-04-23 00:00","Brazil","Serie A Betano","2023","Goias","Corinthians","3.23","3.03","2.52","1.09","6.91","1.49","2.66","2.66","1.49","5.48","1.16","11.00","1.05","2.09","1.74"
"23830","23-04-23 23:30","Brazil","Serie A Betano","2023","Coritiba","Fortaleza","2.77","3.23","2.74","1.06","8.51","1.42","2.93","2.21","1.69","4.12","1.25","8.32","1.08","1.87","1.94"
"23831","23-04-23 21:00","Brazil","Serie A Betano","2023","Santos","Atletico-MG","3.23","3.23","2.40","1.09","7.00","1.54","2.50","2.63","1.50","5.26","1.17","10.60","1.05","2.10","1.74"
"23832","23-04-23 21:00","Brazil","Serie A Betano","2023","Vasco","Palmeiras","3.67","3.14","2.25","1.06","8.00","1.40","3.00","2.43","1.62","4.37","1.22","8.82","1.07","1.90","1.90"
"23833","23-04-23 16:00","Brazil","Serie A Betano","2023","Internacional","Flamengo RJ","2.74","3.25","2.74","1.05","9.00","1.35","3.25","2.21","1.73","4.05","1.25","8.08","1.09","1.83","1.98"
"23834","23-04-23 02:00","Brazil","Serie A Betano","2023","Cruzeiro","Gremio","2.51","3.23","3.05","1.08","7.45","1.42","2.93","2.30","1.63","4.41","1.22","8.94","1.07","1.92","1.88"
"23835","22-04-23 23:30","Brazil","Serie A Betano","2023","Cuiaba","Bragantino","2.50","3.22","2.91","1.05","7.30","1.39","2.71","2.28","1.64","4.04","1.19","7.90","1.04","1.92","1.84"
"23836","22-04-23 23:30","Brazil","Serie A Betano","2023","Sao Paulo","America MG","1.86","3.49","4.28","1.02","9.57","1.32","3.46","2.19","1.74","3.82","1.28","7.62","1.09","1.87","1.94"
"23837","22-04-23 21:00","Brazil","Serie A Betano","2023","Fluminense","Athletico-PR","1.49","4.42","7.21","1.02","11.70","1.29","3.72","1.94","1.94","3.18","1.37","6.42","1.12","1.98","1.83"
"23838","16-04-23 23:30","Brazil","Serie A Betano","2023","Gremio","Santos","1.83","3.45","5.06","1.08","7.45","1.45","2.79","2.39","1.59","4.69","1.20","9.96","1.06","2.12","1.73"
"23839","16-04-23 21:00","Brazil","Serie A Betano","2023","Corinthians","Cruzeiro","1.75","3.46","5.69","1.06","8.51","1.42","2.93","2.30","1.63","4.41","1.22","8.94","1.07","2.09","1.74"
"23840","16-04-23 21:00","Brazil","Serie A Betano","2023","Flamengo RJ","Coritiba","1.43","4.58","8.65","1.03","11.00","1.26","4.00","1.80","2.10","2.82","1.45","5.26","1.17","1.98","1.83"
"23841","16-04-23 02:00","Brazil","Serie A Betano","2023","Atletico-MG","Vasco","1.78","3.55","5.13","1.04","9.68","1.31","3.50","2.07","1.83","3.78","1.28","7.55","1.10","1.87","1.94"
"23842","15-04-23 23:30","Brazil","Serie A Betano","2023","Athletico-PR","Goias","1.63","3.67","6.63","1.08","7.45","1.45","2.79","2.30","1.63","4.41","1.22","8.94","1.07","2.25","1.65"
"23843","15-04-23 23:30","Brazil","Serie A Betano","2023","Botafogo RJ","Sao Paulo","2.42","3.26","3.16","1.08","7.45","1.42","2.93","2.30","1.63","4.41","1.22","8.94","1.07","1.92","1.88"
"23844","15-04-23 23:30","Brazil","Serie A Betano","2023","Bragantino","Bahia","1.86","3.78","4.24","1.03","10.60","1.30","3.62","1.98","1.90","3.40","1.33","6.83","1.11","1.85","1.96"
"23845","15-04-23 23:30","Brazil","Serie A Betano","2023","Fortaleza","Internacional","2.01","3.65","3.79","1.04","9.57","1.32","3.46","2.09","1.81","3.82","1.28","7.62","1.09","1.87","1.94"
"23846","15-04-23 21:00","Brazil","Serie A Betano","2023","America MG","Fluminense","2.69","3.31","2.76","1.05","9.00","1.35","3.25","2.32","1.67","4.05","1.25","8.08","1.09","1.83","1.98"
"23847","15-04-23 21:00","Brazil","Serie A Betano","2023","Palmeiras","Cuiaba","1.40","5.17","7.76","1.03","11.00","1.28","3.75","1.89","2.00","3.01","1.40","5.81","1.14","2.15","1.70"
"23848","13-11-22 20:00","Brazil","Serie A Betano","2022","America MG","Atletico GO","1.61","4.42","5.36","1.04","15.00","1.21","4.50","1.66","2.25","2.63","1.50","4.68","1.20","1.70","2.15"
"23849","13-11-22 20:00","Brazil","Serie A Betano","2022","Athletico-PR","Botafogo RJ","2.24","3.25","3.56","1.06","8.00","1.40","3.00","2.32","1.67","4.05","1.25","8.08","1.09","1.90","1.90"
"23850","13-11-22 20:00","Brazil","Serie A Betano","2022","Bragantino","Fluminense","2.50","3.57","2.81","1.02","13.00","1.26","4.00","1.89","2.00","3.01","1.40","5.81","1.14","1.65","2.25"
"23851","13-11-22 20:00","Brazil","Serie A Betano","2022","Ceara","Juventude","1.73","3.85","5.07","1.03","11.00","1.28","3.75","2.06","1.83","3.37","1.34","6.80","1.11","1.83","1.98"
"23852","13-11-22 20:00","Brazil","Serie A Betano","2022","Corinthians","Atletico-MG","3.13","3.13","2.52","1.09","7.00","1.50","2.63","2.63","1.50","4.97","1.18","10.60","1.05","2.10","1.74"
"23853","13-11-22 20:00","Brazil","Serie A Betano","2022","Cuiaba","Coritiba","2.01","3.38","3.78","1.04","7.60","1.38","2.85","2.24","1.69","3.90","1.22","7.50","1.04","1.95","1.81"
"23854","13-11-22 20:00","Brazil","Serie A Betano","2022","Goias","Sao Paulo","5.07","3.85","1.73","1.04","10.00","1.31","3.50","2.06","1.83","3.60","1.30","6.80","1.11","1.90","1.90"
"23855","13-11-22 20:00","Brazil","Serie A Betano","2022","Internacional","Palmeiras","2.52","3.52","2.82","1.02","13.00","1.26","4.00","1.89","2.00","3.01","1.40","5.81","1.14","1.65","2.25"
"23856","13-11-22 20:00","Brazil","Serie A Betano","2022","Santos","Fortaleza","3.52","3.22","2.26","1.04","10.00","1.31","3.50","2.06","1.83","3.37","1.34","6.80","1.11","1.74","2.10"
"23857","12-11-22 20:00","Brazil","Serie A Betano","2022","Flamengo RJ","Avai","1.18","7.59","17.20","1.02","23.00","1.12","6.50","1.46","2.75","2.21","1.73","3.60","1.30","2.15","1.70"
"23858","11-11-22 00:00","Brazil","Serie A Betano","2022","Atletico-MG","Cuiaba","1.52","4.25","7.08","1.04","9.57","1.32","3.46","2.09","1.81","3.82","1.27","7.62","1.09","2.11","1.73"
"23859","11-11-22 00:00","Brazil","Serie A Betano","2022","Botafogo RJ","Santos","2.28","3.35","3.35","1.06","8.51","1.36","3.19","2.20","1.68","4.12","1.24","8.32","1.08","1.87","1.94"
"23860","10-11-22 01:30","Brazil","Serie A Betano","2022","Atletico GO","Athletico-PR","2.20","3.44","3.43","1.04","9.57","1.30","3.62","1.98","1.90","3.50","1.31","6.83","1.11","1.73","2.11"
"23861","10-11-22 01:30","Brazil","Serie A Betano","2022","Juventude","Flamengo RJ","5.94","3.85","1.64","1.04","9.57","1.32","3.46","2.09","1.81","3.82","1.27","7.62","1.09","2.04","1.78"
"23862","10-11-22 01:30","Brazil","Serie A Betano","2022","Palmeiras","America MG","1.47","4.89","6.57","1.03","18.00","1.18","5.00","1.54","2.50","2.44","1.57","4.37","1.22","1.70","2.15"
"23863","10-11-22 00:30","Brazil","Serie A Betano","2022","Fortaleza","Bragantino","1.83","3.67","4.58","1.03","10.60","1.28","3.72","1.94","1.94","3.39","1.33","6.42","1.12","1.73","2.11"
"23864","09-11-22 23:00","Brazil","Serie A Betano","2022","Avai","Ceara","3.84","3.48","2.05","1.06","8.00","1.46","2.75","2.34","1.62","4.37","1.22","9.48","1.06","2.04","1.78"
"23865","09-11-22 23:00","Brazil","Serie A Betano","2022","Coritiba","Corinthians","2.90","3.02","2.77","1.10","6.50","1.54","2.50","2.63","1.50","5.26","1.17","10.60","1.05","2.10","1.74"
"23866","09-11-22 23:00","Brazil","Serie A Betano","2022","Fluminense","Goias","1.38","5.07","8.62","1.03","16.00","1.21","4.50","1.66","2.25","2.63","1.50","4.68","1.20","1.90","1.90"
"23867","09-11-22 01:30","Brazil","Serie A Betano","2022","Sao Paulo","Internacional","1.87","3.67","4.32","1.04","9.57","1.32","3.46","2.09","1.81","3.82","1.27","7.62","1.09","1.98","1.83"
"23868","08-11-22 00:00","Brazil","Serie A Betano","2022","Atletico-MG","Botafogo RJ","1.67","3.79","5.81","1.06","8.51","1.36","3.19","2.19","1.74","3.82","1.27","8.32","1.08","2.03","1.78"
"23869","06-11-22 22:30","Brazil","Serie A Betano","2022","Cuiaba","Palmeiras","3.61","3.50","2.11","1.05","9.00","1.40","3.00","2.32","1.67","4.05","1.25","8.08","1.09","1.98","1.83"
"23870","06-11-22 20:00","Brazil","Serie A Betano","2022","Coritiba","Flamengo RJ","3.76","3.35","2.12","1.06","8.51","1.36","3.19","2.19","1.74","4.12","1.24","8.32","1.08","1.98","1.83"
"23871","06-11-22 20:00","Brazil","Serie A Betano","2022","Fortaleza","Atletico GO","1.64","3.80","6.12","1.03","11.00","1.28","3.75","2.06","1.83","3.37","1.34","6.32","1.13","1.83","1.98"
"23872","06-11-22 01:00","Brazil","Serie A Betano","2022","Internacional","Athletico-PR","1.87","3.51","4.63","1.04","9.78","1.31","3.53","2.05","1.84","3.75","1.28","7.48","1.09","1.87","1.94"
"23873","06-11-22 00:30","Brazil","Serie A Betano","2022","Corinthians","Ceara","1.85","3.39","4.93","1.08","7.45","1.45","2.79","2.39","1.59","4.69","1.20","9.96","1.06","2.11","1.73"
"23874","05-11-22 23:00","Brazil","Serie A Betano","2022","Bragantino","America MG","2.01","3.51","3.92","1.03","10.60","1.28","3.72","1.94","1.94","3.18","1.37","6.42","1.12","1.78","2.04"
"23875","05-11-22 23:00","Brazil","Serie A Betano","2022","Goias","Juventude","1.66","3.79","5.91","1.03","10.60","1.28","3.72","1.98","1.90","3.39","1.33","6.42","1.12","1.98","1.83"
"23876","05-11-22 20:30","Brazil","Serie A Betano","2022","Fluminense","Sao Paulo","2.04","3.51","3.84","1.02","11.70","1.26","3.99","1.94","1.94","3.18","1.37","5.96","1.14","1.66","2.23"
"23877","05-11-22 20:30","Brazil","Serie A Betano","2022","Santos","Avai","1.43","4.44","9.28","1.04","9.57","1.30","3.62","1.98","1.90","3.50","1.31","6.83","1.11","2.18","1.68"
"23878","03-11-22 01:30","Brazil","Serie A Betano","2022","Flamengo RJ","Corinthians","1.73","3.82","5.09","1.04","9.57","1.36","3.19","2.19","1.74","4.12","1.24","8.32","1.08","1.98","1.83"
"23879","03-11-22 01:30","Brazil","Serie A Betano","2022","Palmeiras","Fortaleza","1.48","4.58","7.12","1.04","15.00","1.20","4.61","1.71","2.23","2.66","1.49","4.96","1.18","1.84","1.96"
"23880","02-11-22 23:00","Brazil","Serie A Betano","2022","Atletico GO","Santos","2.03","3.54","3.82","1.06","8.00","1.40","3.00","2.32","1.67","4.37","1.22","8.82","1.07","1.87","1.94"
"23881","02-11-22 23:00","Brazil","Serie A Betano","2022","Avai","Bragantino","3.67","3.35","2.15","1.04","9.57","1.36","3.19","2.19","1.74","3.82","1.27","8.32","1.08","1.98","1.83"
"23882","02-11-22 23:00","Brazil","Serie A Betano","2022","Juventude","Coritiba","2.69","3.27","2.79","1.06","8.51","1.36","3.19","2.19","1.74","4.12","1.24","8.32","1.08","1.79","2.02"
"23883","02-11-22 20:00","Brazil","Serie A Betano","2022","America MG","Internacional","2.42","3.26","3.16","1.05","9.00","1.35","3.25","2.21","1.73","4.05","1.25","8.08","1.09","1.83","1.98"
"23884","02-11-22 20:00","Brazil","Serie A Betano","2022","Athletico-PR","Goias","1.60","4.07","6.10","1.04","10.00","1.33","3.40","2.10","1.80","3.60","1.30","7.24","1.10","1.92","1.88"
"23885","02-11-22 01:30","Brazil","Serie A Betano","2022","Sao Paulo","Atletico-MG","2.55","3.06","3.16","1.10","6.50","1.54","2.50","2.82","1.45","5.81","1.14","11.70","1.04","2.15","1.70"
"23886","01-11-22 23:00","Brazil","Serie A Betano","2022","Botafogo RJ","Cuiaba","1.88","3.36","4.83","1.09","7.00","1.50","2.63","2.63","1.50","4.97","1.18","10.60","1.05","2.24","1.65"
"23887","01-11-22 00:00","Brazil","Serie A Betano","2022","Ceara","Fluminense","3.63","3.27","2.20","1.04","9.57","1.36","3.19","2.19","1.74","4.12","1.24","8.32","1.08","1.87","1.94"
"23888","30-10-22 00:30","Brazil","Serie A Betano","2022","Goias","Corinthians","3.05","3.07","2.61","1.09","6.91","1.49","2.66","2.48","1.55","4.96","1.18","9.96","1.06","1.98","1.83"
"23889","28-10-22 01:00","Brazil","Serie A Betano","2022","Cuiaba","Avai","1.85","3.39","4.93","1.06","8.51","1.36","3.19","2.20","1.68","4.12","1.24","8.32","1.08","1.92","1.88"
"23890","28-10-22 00:30","Brazil","Serie A Betano","2022","Atletico-MG","Juventude","1.22","6.25","13.00","1.03","14.50","1.19","4.30","1.68","2.26","2.56","1.46","4.40","1.16","2.39","1.55"
"23891","28-10-22 00:00","Brazil","Serie A Betano","2022","Fortaleza","Coritiba","1.55","4.10","5.65","1.01","9.40","1.27","3.48","1.92","1.93","3.14","1.32","5.70","1.09","1.95","1.81"
"23892","28-10-22 00:00","Brazil","Serie A Betano","2022","Sao Paulo","Atletico GO","1.63","3.94","5.25","1.02","9.20","1.29","3.36","1.95","1.90","3.20","1.31","5.95","1.08","1.93","1.83"
"23893","27-10-22 02:45","Brazil","Serie A Betano","2022","Corinthians","Fluminense","2.19","3.25","3.67","1.08","7.45","1.45","2.79","2.48","1.55","4.96","1.18","9.96","1.06","1.98","1.83"
"23894","27-10-22 02:45","Brazil","Serie A Betano","2022","Goias","America MG","3.04","3.29","2.48","1.04","9.57","1.32","3.46","2.19","1.74","3.82","1.27","7.62","1.09","1.78","2.04"
"23895","27-10-22 02:45","Brazil","Serie A Betano","2022","Internacional","Ceara","1.65","3.82","5.96","1.04","9.57","1.36","3.19","2.19","1.74","4.12","1.24","8.32","1.08","2.15","1.70"
"23896","27-10-22 00:30","Brazil","Serie A Betano","2022","Botafogo RJ","Bragantino","2.19","3.35","3.56","1.06","8.51","1.42","2.93","2.20","1.68","4.12","1.24","8.32","1.08","1.87","1.94"
"23897","26-10-22 02:45","Brazil","Serie A Betano","2022","Athletico-PR","Palmeiras","6.61","3.86","1.60","1.06","8.00","1.40","3.00","2.32","1.67","4.05","1.25","8.08","1.09","2.15","1.70"
"23898","26-10-22 02:45","Brazil","Serie A Betano","2022","Flamengo RJ","Santos","1.41","4.95","7.86","1.01","10.00","1.23","4.26","1.78","2.13","2.83","1.44","5.48","1.16","2.10","1.74"
"23899","25-10-22 01:00","Brazil","Serie A Betano","2022","Fortaleza","Atletico-MG","2.55","2.95","3.26","1.10","6.45","1.48","2.69","2.64","1.50","4.91","1.19","10.90","1.05","1.98","1.83"
"23900","23-10-22 23:00","Brazil","Serie A Betano","2022","Atletico GO","Ceara","2.37","3.25","3.25","1.06","8.51","1.36","3.19","2.20","1.68","4.12","1.24","8.32","1.08","1.98","1.83"
"23901","23-10-22 23:00","Brazil","Serie A Betano","2022","Coritiba","Internacional","4.31","3.54","1.91","1.04","9.57","1.36","3.19","2.19","1.74","3.82","1.27","7.62","1.09","1.98","1.83"
"23902","23-10-22 23:00","Brazil","Serie A Betano","2022","Cuiaba","Goias","1.78","3.78","4.76","1.06","8.00","1.40","3.00","2.32","1.67","4.37","1.22","8.82","1.07","1.98","1.83"
"23903","23-10-22 21:00","Brazil","Serie A Betano","2022","Fluminense","Botafogo RJ","1.80","3.52","5.09","1.06","8.51","1.36","3.19","2.20","1.68","4.12","1.24","8.32","1.08","2.04","1.78"
"23904","23-10-22 21:00","Brazil","Serie A Betano","2022","Juventude","Sao Paulo","4.86","3.56","1.82","1.04","9.57","1.36","3.19","2.19","1.74","4.12","1.24","8.32","1.08","2.04","1.78"
"23905","23-10-22 02:00","Brazil","Serie A Betano","2022","Palmeiras","Avai","1.18","7.15","19.40","1.02","18.00","1.14","5.85","1.49","2.66","2.30","1.63","3.82","1.27","2.31","1.61"
"23906","23-10-22 00:00","Brazil","Serie A Betano","2022","America MG","Flamengo RJ","2.99","3.34","2.48","1.04","9.57","1.36","3.19","2.19","1.74","3.82","1.27","7.62","1.09","1.79","2.02"
"23907","23-10-22 00:00","Brazil","Serie A Betano","2022","Santos","Corinthians","2.65","2.93","3.16","1.12","5.85","1.66","2.34","3.00","1.40","6.42","1.12","12.40","1.03","2.18","1.68"
"23908","22-10-22 21:30","Brazil","Serie A Betano","2022","Bragantino","Athletico-PR","2.18","3.40","3.50","1.06","8.00","1.40","3.00","2.34","1.62","4.37","1.22","8.82","1.07","1.87","1.94"
"23909","21-10-22 01:00","Brazil","Serie A Betano","2022","Sao Paulo","Coritiba","1.43","4.39","9.08","1.04","9.57","1.30","3.62","1.98","1.90","3.50","1.31","6.83","1.11","2.11","1.73"
"23910","18-10-22 01:00","Brazil","Serie A Betano","2022","Bragantino","Santos","2.10","3.17","4.09","1.08","7.45","1.45","2.79","2.39","1.59","4.69","1.20","8.94","1.07","1.98","1.83"
"23911","17-10-22 00:00","Brazil","Serie A Betano","2022","Athletico-PR","Coritiba","1.64","3.79","6.18","1.05","9.00","1.35","3.25","2.21","1.73","4.05","1.25","8.08","1.09","1.92","1.88"
"23912","17-10-22 00:00","Brazil","Serie A Betano","2022","Avai","Fluminense","4.54","3.36","1.93","1.06","8.51","1.42","2.93","2.20","1.68","4.12","1.24","8.32","1.08","2.04","1.78"
"23913","16-10-22 23:00","Brazil","Serie A Betano","2022","Botafogo RJ","Internacional","2.85","3.17","2.71","1.08","7.45","1.42","2.93","2.30","1.63","4.41","1.22","8.94","1.07","1.87","1.94"
"23914","16-10-22 23:00","Brazil","Serie A Betano","2022","Juventude","Atletico GO","2.96","3.23","2.58","1.06","8.51","1.36","3.19","2.29","1.68","4.12","1.24","8.32","1.08","1.79","2.02"
"23915","16-10-22 21:00","Brazil","Serie A Betano","2022","Ceara","Cuiaba","2.06","3.11","4.35","1.11","6.00","1.54","2.50","2.82","1.45","5.81","1.14","11.70","1.04","2.24","1.65"
"23916","16-10-22 21:00","Brazil","Serie A Betano","2022","Palmeiras","Sao Paulo","1.61","4.06","5.94","1.03","10.60","1.32","3.46","2.09","1.81","3.50","1.31","6.83","1.11","2.04","1.78"
"23917","16-10-22 01:30","Brazil","Serie A Betano","2022","America MG","Fortaleza","2.09","3.33","3.86","1.05","9.00","1.35","3.25","2.32","1.67","4.05","1.25","8.08","1.09","1.90","1.90"
"23918","16-10-22 01:30","Brazil","Serie A Betano","2022","Flamengo RJ","Atletico-MG","2.68","3.07","2.96","1.08","7.45","1.45","2.79","2.48","1.55","4.96","1.18","9.96","1.06","1.92","1.88"
"23919","11-10-22 01:00","Brazil","Serie A Betano","2022","Santos","Juventude","1.49","4.12","8.24","1.06","8.51","1.32","3.46","2.19","1.74","3.82","1.27","7.62","1.09","2.18","1.68"
"23920","10-10-22 23:30","Brazil","Serie A Betano","2022","Atletico GO","Palmeiras","6.16","4.03","1.60","1.03","10.60","1.28","3.72","1.94","1.94","3.39","1.33","6.42","1.12","1.98","1.83"
"23921","09-10-22 23:00","Brazil","Serie A Betano","2022","Atletico-MG","Ceara","1.49","4.27","7.67","1.06","8.51","1.36","3.19","2.19","1.74","4.12","1.24","8.32","1.08","2.35","1.59"
"23922","09-10-22 23:00","Brazil","Serie A Betano","2022","Coritiba","Bragantino","2.64","3.04","3.04","1.06","8.51","1.36","3.19","2.20","1.68","4.12","1.24","8.32","1.08","1.79","2.02"
"23923","09-10-22 23:00","Brazil","Serie A Betano","2022","Fluminense","America MG","1.58","4.00","6.38","1.02","11.70","1.26","3.99","1.94","1.94","3.18","1.37","6.42","1.12","1.98","1.83"
"23924","09-10-22 21:00","Brazil","Serie A Betano","2022","Fortaleza","Avai","1.55","3.87","7.68","1.06","8.51","1.36","3.19","2.19","1.74","3.82","1.27","8.32","1.08","2.24","1.65"
"23925","09-10-22 21:00","Brazil","Serie A Betano","2022","Sao Paulo","Botafogo RJ","1.71","3.82","5.28","1.04","9.57","1.32","3.46","2.09","1.81","3.82","1.27","7.62","1.09","2.04","1.78"
"23926","09-10-22 16:00","Brazil","Serie A Betano","2022","Internacional","Goias","1.42","4.81","8.10","1.04","10.00","1.31","3.50","2.06","1.83","3.37","1.34","6.80","1.11","2.24","1.65"
"23927","09-10-22 02:00","Brazil","Serie A Betano","2022","Corinthians","Athletico-PR","2.10","3.29","3.88","1.09","6.91","1.54","2.53","2.66","1.49","5.48","1.16","11.00","1.05","2.46","1.55"
"23928","09-10-22 00:00","Brazil","Serie A Betano","2022","Cuiaba","Flamengo RJ","3.90","3.26","2.11","1.08","7.45","1.45","2.79","2.48","1.55","4.96","1.18","9.96","1.06","1.98","1.83"
"23929","07-10-22 01:00","Brazil","Serie A Betano","2022","America MG","Sao Paulo","2.69","3.29","2.77","1.05","9.00","1.40","3.00","2.43","1.62","4.37","1.22","8.82","1.07","1.98","1.83"
"23930","07-10-22 01:00","Brazil","Serie A Betano","2022","Avai","Botafogo RJ","2.64","3.04","3.04","1.09","7.00","1.46","2.75","2.53","1.54","4.68","1.20","9.48","1.06","1.98","1.83"
"23931","07-10-22 00:00","Brazil","Serie A Betano","2022","Palmeiras","Coritiba","1.22","7.11","11.00","1.03","17.00","1.18","5.00","1.60","2.38","2.53","1.54","4.37","1.22","2.15","1.70"
"23932","06-10-22 02:30","Brazil","Serie A Betano","2022","Flamengo RJ","Internacional","1.43","4.61","8.19","","","1.23","4.33","1.69","2.20","2.82","1.45","4.97","1.18","1.98","1.83"
"23933","06-10-22 02:30","Brazil","Serie A Betano","2022","Santos","Atletico-MG","3.39","3.25","2.31","1.08","7.45","1.49","2.66","2.48","1.55","4.96","1.18","9.96","1.06","2.15","1.70"
"23934","06-10-22 00:30","Brazil","Serie A Betano","2022","Athletico-PR","Fortaleza","2.09","3.36","3.86","1.06","8.00","1.46","2.75","2.34","1.62","4.37","1.22","8.82","1.07","2.04","1.78"
"23935","06-10-22 00:00","Brazil","Serie A Betano","2022","Atletico GO","Fluminense","3.33","3.33","2.29","1.06","8.51","1.42","2.93","2.20","1.68","4.12","1.24","8.32","1.08","1.98","1.83"
"23936","06-10-22 00:00","Brazil","Serie A Betano","2022","Bragantino","Cuiaba","1.93","3.34","4.56","1.10","6.50","1.54","2.50","2.63","1.50","5.26","1.17","10.60","1.05","2.24","1.65"
"23937","06-10-22 00:00","Brazil","Serie A Betano","2022","Ceara","Goias","1.70","3.83","5.36","1.06","8.00","1.46","2.75","2.34","1.62","4.68","1.20","9.48","1.06","2.24","1.65"
"23938","05-10-22 02:30","Brazil","Serie A Betano","2022","Juventude","Corinthians","5.12","3.45","1.82","1.08","7.45","1.49","2.66","2.48","1.55","4.96","1.18","9.96","1.06","2.18","1.68"
"23939","04-10-22 01:00","Brazil","Serie A Betano","2022","Botafogo RJ","Palmeiras","5.96","3.57","1.70","1.06","8.51","1.32","3.46","2.19","1.74","3.82","1.27","7.62","1.09","1.92","1.88"
"23940","02-10-22 02:00","Brazil","Serie A Betano","2022","Corinthians","Cuiaba","1.69","3.44","6.57","1.09","6.91","1.49","2.66","2.66","1.49","5.48","1.16","11.00","1.05","2.42","1.56"
"23941","02-10-22 00:00","Brazil","Serie A Betano","2022","Athletico-PR","Juventude","1.46","4.20","6.90","1.02","8.80","1.31","3.20","2.03","1.83","3.40","1.28","6.35","1.07","2.16","1.66"
"23942","02-10-22 00:00","Brazil","Serie A Betano","2022","Avai","Atletico GO","2.16","3.28","3.44","1.05","7.40","1.40","2.77","2.31","1.65","4.14","1.20","7.90","1.04","1.97","1.80"
"23943","02-10-22 00:00","Brazil","Serie A Betano","2022","Flamengo RJ","Bragantino","1.40","4.50","7.40","1.01","9.70","1.26","3.54","1.88","1.98","3.04","1.34","5.55","1.10","2.07","1.72"
"23944","02-10-22 00:00","Brazil","Serie A Betano","2022","Goias","Fortaleza","2.76","3.18","2.60","1.05","7.20","1.41","2.73","2.35","1.63","4.24","1.19","8.20","1.03","1.95","1.81"
"23945","01-10-22 20:00","Brazil","Serie A Betano","2022","Atletico-MG","Fluminense","1.74","3.53","5.55","1.05","9.00","1.33","3.40","2.21","1.73","3.71","1.29","7.24","1.10","1.98","1.83"
"23946","01-10-22 20:00","Brazil","Serie A Betano","2022","Ceara","America MG","2.03","3.24","4.26","1.06","8.00","1.40","3.00","2.32","1.67","4.05","1.25","8.08","1.09","1.90","1.90"
"23947","01-10-22 20:00","Brazil","Serie A Betano","2022","Internacional","Santos","1.76","3.56","5.35","1.06","8.00","1.40","3.00","2.32","1.67","4.05","1.25","8.82","1.07","2.04","1.78"
"23948","29-09-22 02:45","Brazil","Serie A Betano","2022","Atletico-MG","Palmeiras","1.95","3.47","4.29","1.06","8.00","1.46","2.75","2.34","1.62","4.37","1.22","8.82","1.07","1.92","1.88"
"23949","29-09-22 02:45","Brazil","Serie A Betano","2022","Goias","Botafogo RJ","3.19","3.27","2.40","1.06","8.00","1.46","2.75","2.44","1.57","4.68","1.20","9.48","1.06","1.98","1.83"
"23950","29-09-22 02:45","Brazil","Serie A Betano","2022","Internacional","Bragantino","1.84","3.57","4.70","1.05","9.00","1.35","3.25","2.21","1.73","4.05","1.25","8.08","1.09","1.98","1.83"
"23951","29-09-22 02:00","Brazil","Serie A Betano","2022","Cuiaba","America MG","2.44","3.09","3.09","1.08","6.70","1.53","2.59","2.50","1.48","4.74","1.13","9.50","1.01","2.10","1.70"
"23952","29-09-22 00:00","Brazil","Serie A Betano","2022","Corinthians","Atletico GO","1.64","3.81","6.09","1.06","8.00","1.40","3.00","2.34","1.62","4.37","1.22","8.82","1.07","2.24","1.65"
"23953","29-09-22 00:00","Brazil","Serie A Betano","2022","Coritiba","Ceara","2.24","3.31","3.47","1.06","8.00","1.46","2.75","2.34","1.62","4.68","1.20","9.48","1.06","1.98","1.83"
"23954","29-09-22 00:00","Brazil","Serie A Betano","2022","Fluminense","Juventude","1.39","5.35","7.65","1.03","15.00","1.23","4.33","1.69","2.20","2.82","1.45","4.97","1.18","1.98","1.83"
"23955","29-09-22 00:00","Brazil","Serie A Betano","2022","Fortaleza","Flamengo RJ","3.04","3.04","2.64","1.09","7.00","1.54","2.50","2.63","1.50","5.26","1.17","10.60","1.05","2.10","1.74"
"23956","28-09-22 02:00","Brazil","Serie A Betano","2022","Santos","Athletico-PR","2.16","3.32","3.66","1.05","7.10","1.39","2.81","2.32","1.71","3.90","1.22","7.50","1.04","1.94","1.81"
"23957","26-09-22 01:00","Brazil","Serie A Betano","2022","Sao Paulo","Avai","1.43","4.55","8.58","1.03","11.00","1.28","3.75","1.97","1.91","3.18","1.37","6.32","1.13","2.10","1.74"
"23958","20-09-22 01:00","Brazil","Serie A Betano","2022","Atletico GO","Internacional","3.83","3.25","2.15","1.06","8.51","1.42","2.93","2.30","1.63","4.41","1.22","8.94","1.07","1.87","1.94"
"23959","19-09-22 00:00","Brazil","Serie A Betano","2022","Athletico-PR","Cuiaba","1.71","3.33","6.56","1.10","6.38","1.49","2.66","2.66","1.49","5.48","1.16","11.00","1.05","2.42","1.56"
"23960","18-09-22 23:30","Brazil","Serie A Betano","2022","Palmeiras","Santos","1.43","4.39","9.08","1.04","9.57","1.28","3.72","1.94","1.94","3.18","1.37","6.42","1.12","2.24","1.65"
"23961","18-09-22 23:00","Brazil","Serie A Betano","2022","America MG","Corinthians","2.22","3.12","3.78","1.09","7.00","1.50","2.63","2.53","1.54","4.97","1.18","10.60","1.05","2.04","1.78"
"23962","18-09-22 23:00","Brazil","Serie A Betano","2022","Juventude","Fortaleza","3.56","3.05","2.34","1.06","8.00","1.40","3.00","2.43","1.62","4.37","1.22","8.82","1.07","1.90","1.90"
"23963","18-09-22 21:00","Brazil","Serie A Betano","2022","Ceara","Sao Paulo","2.81","3.14","2.76","1.09","7.00","1.50","2.63","2.53","1.54","4.97","1.18","10.60","1.05","1.92","1.88"
"23964","18-09-22 21:00","Brazil","Serie A Betano","2022","Flamengo RJ","Fluminense","1.65","3.84","5.88","1.04","9.57","1.30","3.62","1.98","1.90","3.50","1.31","6.83","1.11","1.98","1.83"
"23965","18-09-22 16:00","Brazil","Serie A Betano","2022","Bragantino","Goias","1.45","4.40","7.10","1.01","9.60","1.27","3.48","1.90","1.95","3.10","1.33","5.65","1.09","2.06","1.73"
"23966","18-09-22 00:00","Brazil","Serie A Betano","2022","Botafogo RJ","Coritiba","1.59","4.08","6.19","1.06","8.51","1.36","3.19","2.19","1.74","3.82","1.27","7.62","1.09","2.11","1.73"
"23967","17-09-22 21:30","Brazil","Serie A Betano","2022","Avai","Atletico-MG","4.81","3.41","1.87","1.06","8.51","1.36","3.19","2.20","1.68","4.12","1.24","8.32","1.08","1.98","1.83"
"23968","12-09-22 00:00","Brazil","Serie A Betano","2022","Goias","Flamengo RJ","6.16","4.03","1.60","1.03","10.60","1.28","3.72","1.94","1.94","3.39","1.33","6.42","1.12","1.87","1.94"
"23969","11-09-22 21:00","Brazil","Serie A Betano","2022","Coritiba","Atletico GO","2.24","3.25","3.56","1.06","8.00","1.40","3.00","2.34","1.62","4.37","1.22","8.82","1.07","1.98","1.83"
"23970","11-09-22 21:00","Brazil","Serie A Betano","2022","Sao Paulo","Corinthians","2.56","2.86","3.38","1.12","5.85","1.59","2.39","2.83","1.44","5.96","1.14","12.40","1.03","2.38","1.58"
"23971","11-09-22 16:00","Brazil","Serie A Betano","2022","Avai","Athletico-PR","3.46","3.05","2.38","1.08","7.45","1.45","2.79","2.39","1.59","4.69","1.20","9.96","1.06","2.04","1.78"
"23972","11-09-22 16:00","Brazil","Serie A Betano","2022","Botafogo RJ","America MG","2.09","3.24","4.02","1.06","8.00","1.40","3.00","2.34","1.62","4.37","1.22","8.82","1.07","1.98","1.83"
"23973","11-09-22 02:00","Brazil","Serie A Betano","2022","Palmeiras","Juventude","1.19","7.04","20.00","1.03","18.00","1.16","5.32","1.54","2.53","2.39","1.59","4.12","1.24","2.31","1.61"
"23974","11-09-22 00:00","Brazil","Serie A Betano","2022","Fluminense","Fortaleza","1.70","3.67","5.69","1.06","8.51","1.36","3.19","2.19","1.74","3.82","1.27","7.62","1.09","2.04","1.78"
"23975","10-09-22 21:30","Brazil","Serie A Betano","2022","Ceara","Santos","2.22","3.12","3.78","1.10","6.50","1.54","2.50","2.82","1.45","5.81","1.14","11.70","1.04","2.24","1.65"
"23976","10-09-22 21:30","Brazil","Serie A Betano","2022","Internacional","Cuiaba","1.61","3.67","7.05","1.09","7.00","1.46","2.75","2.44","1.57","4.68","1.20","9.48","1.06","2.31","1.61"
"23977","07-09-22 22:00","Brazil","Serie A Betano","2022","Atletico-MG","Bragantino","1.65","3.98","6.35","1.03","8.10","1.34","3.04","2.17","1.80","3.62","1.25","6.90","1.06","2.07","1.72"
"23978","06-09-22 01:00","Brazil","Serie A Betano","2022","Santos","Goias","1.61","3.86","5.30","1.02","8.70","1.31","3.20","2.03","1.83","3.40","1.28","6.35","1.07","1.98","1.78"
"23979","05-09-22 00:00","Brazil","Serie A Betano","2022","Cuiaba","Sao Paulo","2.32","2.99","3.71","1.14","5.50","1.80","2.10","3.18","1.37","6.80","1.11","14.00","1.03","2.42","1.56"
"23980","04-09-22 23:00","Brazil","Serie A Betano","2022","Atletico GO","Atletico-MG","4.28","3.46","1.95","1.06","8.00","1.46","2.75","2.34","1.62","4.37","1.22","8.82","1.07","2.04","1.78"
"23981","04-09-22 21:00","Brazil","Serie A Betano","2022","Corinthians","Internacional","2.25","3.18","3.90","1.08","5.95","1.52","2.39","2.80","1.52","5.10","1.14","9.90","1.01","2.20","1.64"
"23982","04-09-22 21:00","Brazil","Serie A Betano","2022","Fortaleza","Botafogo RJ","1.71","3.54","5.25","1.05","7.10","1.43","2.66","2.40","1.61","4.40","1.18","8.40","1.03","2.24","1.62"
"23983","04-09-22 16:00","Brazil","Serie A Betano","2022","Flamengo RJ","Ceara","1.41","4.81","8.62","1.03","10.60","1.28","3.72","1.94","1.94","3.18","1.37","6.42","1.12","2.24","1.65"
"23984","04-09-22 01:30","Brazil","Serie A Betano","2022","America MG","Coritiba","1.72","3.64","4.96","1.04","7.90","1.36","2.94","2.18","1.73","3.80","1.23","7.20","1.05","2.05","1.73"
"23985","04-09-22 00:00","Brazil","Serie A Betano","2022","Athletico-PR","Fluminense","3.50","3.44","2.27","1.03","8.00","1.34","3.04","2.18","1.80","3.62","1.25","6.85","1.06","1.83","1.93"
"23986","04-09-22 00:00","Brazil","Serie A Betano","2022","Bragantino","Palmeiras","2.82","3.24","2.50","1.04","7.60","1.38","2.85","2.24","1.69","3.90","1.22","7.50","1.04","1.89","1.87"
"23987","03-09-22 21:30","Brazil","Serie A Betano","2022","Juventude","Avai","2.26","3.18","3.59","1.08","7.45","1.45","2.79","2.39","1.59","4.69","1.20","9.96","1.06","2.04","1.78"
"23988","30-08-22 02:30","Brazil","Serie A Betano","2022","Corinthians","Bragantino","2.01","3.05","4.73","1.12","5.85","1.59","2.39","2.83","1.44","5.48","1.16","11.00","1.05","2.18","1.68"
"23989","30-08-22 01:00","Brazil","Serie A Betano","2022","Internacional","Juventude","1.41","4.58","9.20","1.03","10.60","1.30","3.62","1.98","1.90","3.50","1.31","6.83","1.11","2.11","1.73"
"23990","28-08-22 23:00","Brazil","Serie A Betano","2022","Botafogo RJ","Flamengo RJ","5.15","3.82","1.72","1.05","9.00","1.35","3.25","2.21","1.73","3.71","1.29","7.24","1.10","1.98","1.83"
"23991","28-08-22 23:00","Brazil","Serie A Betano","2022","Cuiaba","Santos","2.36","2.98","3.60","1.14","5.50","1.69","2.20","3.18","1.37","6.32","1.13","13.10","1.03","2.31","1.61"
"23992","28-08-22 21:00","Brazil","Serie A Betano","2022","America MG","Atletico-MG","5.68","3.76","1.68","1.06","8.00","1.40","3.00","2.32","1.67","4.05","1.25","8.08","1.09","2.10","1.74"
"23993","28-08-22 21:00","Brazil","Serie A Betano","2022","Sao Paulo","Fortaleza","1.90","3.59","4.31","1.06","8.51","1.45","2.79","2.30","1.63","4.41","1.22","8.94","1.07","2.03","1.78"
"23994","28-08-22 02:00","Brazil","Serie A Betano","2022","Ceara","Athletico-PR","1.83","3.57","4.81","1.06","8.00","1.40","3.00","2.32","1.67","4.37","1.22","8.82","1.07","2.04","1.78"
"23995","28-08-22 00:00","Brazil","Serie A Betano","2022","Fluminense","Palmeiras","3.05","3.25","2.49","1.06","8.51","1.36","3.19","2.19","1.74","3.82","1.27","8.32","1.08","1.79","2.02"
"23996","27-08-22 21:30","Brazil","Serie A Betano","2022","Coritiba","Avai","1.95","3.58","4.09","1.06","8.00","1.40","3.00","2.34","1.62","4.37","1.22","8.82","1.07","2.04","1.78"
"23997","27-08-22 21:30","Brazil","Serie A Betano","2022","Goias","Atletico GO","2.80","3.05","2.85","1.09","7.00","1.46","2.75","2.34","1.62","4.37","1.22","9.48","1.06","1.90","1.90"
"23998","23-08-22 01:00","Brazil","Serie A Betano","2022","Avai","Internacional","4.11","3.25","2.06","1.06","8.51","1.36","3.19","2.20","1.68","4.12","1.24","8.32","1.08","1.87","1.94"
"23999","22-08-22 00:00","Brazil","Serie A Betano","2022","Santos","Sao Paulo","2.34","3.24","3.54","1.06","6.75","1.44","2.62","2.49","1.63","4.44","1.18","8.50","1.03","2.01","1.76"
"24000","21-08-22 23:00","Brazil","Serie A Betano","2022","Athletico-PR","America MG","1.81","3.59","4.91","1.05","9.00","1.35","3.25","2.21","1.73","4.05","1.25","8.08","1.09","1.98","1.83"
"24001","21-08-22 23:00","Brazil","Serie A Betano","2022","Atletico GO","Cuiaba","2.24","3.05","3.82","1.10","6.38","1.54","2.53","2.66","1.49","5.48","1.16","11.00","1.05","2.11","1.73"
"24002","21-08-22 23:00","Brazil","Serie A Betano","2022","Bragantino","Ceara","1.82","3.45","5.12","1.06","8.51","1.42","2.93","2.20","1.68","4.12","1.24","8.94","1.07","1.98","1.83"
"24003","21-08-22 23:00","Brazil","Serie A Betano","2022","Fortaleza","Corinthians","2.02","3.23","4.29","1.09","6.91","1.49","2.66","2.48","1.55","4.96","1.18","9.96","1.06","2.11","1.73"
"24004","21-08-22 21:00","Brazil","Serie A Betano","2022","Palmeiras","Flamengo RJ","2.13","3.40","3.69","1.04","10.00","1.35","3.25","2.21","1.73","4.05","1.25","8.08","1.09","1.79","2.02"
"24005","21-08-22 16:00","Brazil","Serie A Betano","2022","Juventude","Botafogo RJ","2.49","3.15","3.15","1.07","7.55","1.51","2.59","2.59","1.51","4.98","1.18","10.10","1.05","1.98","1.83"
"24006","21-08-22 00:00","Brazil","Serie A Betano","2022","Fluminense","Coritiba","1.42","4.81","8.10","1.02","11.70","1.28","3.72","1.94","1.94","3.18","1.37","6.42","1.12","2.11","1.73"
"24007","20-08-22 21:30","Brazil","Serie A Betano","2022","Atletico-MG","Goias","1.25","6.29","12.80","1.02","13.00","1.23","4.33","1.69","2.20","2.82","1.45","4.97","1.18","2.31","1.61"
"24008","15-08-22 00:00","Brazil","Serie A Betano","2022","Internacional","Fluminense","2.51","3.23","3.05","1.06","8.51","1.42","2.93","2.20","1.68","4.12","1.24","8.32","1.08","1.87","1.94"
"24009","14-08-22 23:00","Brazil","Serie A Betano","2022","America MG","Santos","2.44","3.26","3.12","1.06","8.51","1.42","2.93","2.30","1.63","4.41","1.22","8.94","1.07","1.87","1.94"
"24010","14-08-22 21:00","Brazil","Serie A Betano","2022","Ceara","Fortaleza","2.87","3.07","2.76","1.10","6.50","1.54","2.50","2.63","1.50","5.26","1.17","10.60","1.05","2.10","1.74"
"24011","14-08-22 21:00","Brazil","Serie A Betano","2022","Flamengo RJ","Athletico-PR","1.34","5.12","10.60","1.03","11.00","1.23","4.33","1.75","2.10","2.82","1.45","5.26","1.17","2.10","1.74"
"24012","14-08-22 21:00","Brazil","Serie A Betano","2022","Sao Paulo","Bragantino","2.14","3.46","3.57","1.06","8.51","1.36","3.19","2.19","1.74","4.12","1.24","8.32","1.08","1.92","1.88"
"24013","14-08-22 16:00","Brazil","Serie A Betano","2022","Coritiba","Atletico-MG","4.84","3.82","1.76","1.06","8.51","1.42","2.93","2.20","1.68","4.12","1.24","8.94","1.07","2.15","1.70"
"24014","14-08-22 02:00","Brazil","Serie A Betano","2022","Botafogo RJ","Atletico GO","1.98","3.47","4.13","1.06","8.00","1.40","3.00","2.34","1.62","4.37","1.22","8.82","1.07","1.98","1.83"
"24015","14-08-22 01:30","Brazil","Serie A Betano","2022","Cuiaba","Juventude","1.99","3.16","4.59","1.11","6.00","1.60","2.38","2.82","1.45","5.81","1.14","11.70","1.04","2.31","1.61"
"24016","14-08-22 00:00","Brazil","Serie A Betano","2022","Corinthians","Palmeiras","3.54","3.13","2.30","1.09","6.91","1.49","2.66","2.48","1.55","4.96","1.18","9.96","1.06","1.98","1.83"
"24017","13-08-22 21:30","Brazil","Serie A Betano","2022","Goias","Avai","1.92","3.33","4.66","1.05","9.00","1.35","3.25","2.32","1.67","4.05","1.25","8.08","1.09","1.98","1.83"
"24018","09-08-22 01:00","Brazil","Serie A Betano","2022","Coritiba","Santos","2.76","3.17","2.80","1.09","7.00","1.50","2.63","2.63","1.50","5.26","1.17","10.60","1.05","1.98","1.83"
"24019","08-08-22 00:00","Brazil","Serie A Betano","2022","Atletico-MG","Athletico-PR","1.55","4.09","6.69","1.04","9.57","1.32","3.46","2.09","1.81","3.50","1.31","6.83","1.11","2.03","1.78"
"24020","07-08-22 23:00","Brazil","Serie A Betano","2022","Fortaleza","Internacional","1.79","3.64","5.01","1.05","9.00","1.35","3.25","2.21","1.73","4.05","1.25","8.08","1.09","2.04","1.78"
"24021","07-08-22 21:00","Brazil","Serie A Betano","2022","Fluminense","Cuiaba","1.50","3.94","6.65","1.04","7.60","1.39","2.81","2.27","1.67","4.04","1.21","7.70","1.04","2.34","1.57"
"24022","07-08-22 21:00","Brazil","Serie A Betano","2022","Palmeiras","Goias","1.27","5.60","9.60","1.03","16.00","1.17","4.64","1.61","2.40","2.39","1.52","4.04","1.18","2.02","1.76"
"24023","07-08-22 01:30","Brazil","Serie A Betano","2022","Sao Paulo","Flamengo RJ","3.26","3.34","2.43","1.05","7.20","1.42","2.69","2.43","1.66","4.30","1.19","8.20","1.03","1.98","1.78"
"24024","07-08-22 00:00","Brazil","Serie A Betano","2022","Atletico GO","Bragantino","3.15","3.27","2.42","1.04","9.57","1.36","3.19","2.19","1.74","4.12","1.24","8.32","1.08","1.79","2.02"
"24025","07-08-22 00:00","Brazil","Serie A Betano","2022","Avai","Corinthians","3.39","2.92","2.51","1.10","6.38","1.54","2.53","2.66","1.49","5.48","1.16","11.00","1.05","2.03","1.78"
"24026","06-08-22 21:30","Brazil","Serie A Betano","2022","Botafogo RJ","Ceara","2.35","3.17","3.38","1.09","7.00","1.50","2.63","2.53","1.54","4.97","1.18","10.60","1.05","2.04","1.78"
"24027","06-08-22 21:30","Brazil","Serie A Betano","2022","Juventude","America MG","2.41","3.15","3.30","1.06","8.00","1.35","3.25","2.32","1.67","4.05","1.25","8.08","1.09","1.83","1.98"
"24028","02-08-22 01:00","Brazil","Serie A Betano","2022","Santos","Fluminense","3.18","3.20","2.58","1.06","7.20","1.41","2.82","2.34","1.70","4.10","1.22","7.90","1.04","1.90","1.86"
"24029","01-08-22 00:00","Brazil","Serie A Betano","2022","Bragantino","Juventude","1.52","3.88","6.40","1.04","8.20","1.33","3.20","2.07","1.84","3.46","1.28","6.35","1.08","2.11","1.69"
"24030","31-07-22 23:00","Brazil","Serie A Betano","2022","America MG","Avai","1.79","3.64","4.62","1.03","8.10","1.36","3.04","2.19","1.75","3.78","1.25","7.20","1.06","2.03","1.75"
"24031","31-07-22 23:00","Brazil","Serie A Betano","2022","Cuiaba","Fortaleza","2.50","3.00","3.19","1.10","5.60","1.59","2.30","2.91","1.46","5.70","1.13","11.00","1.01","2.34","1.57"
"24032","31-07-22 21:00","Brazil","Serie A Betano","2022","Athletico-PR","Sao Paulo","2.17","3.20","3.66","1.06","7.20","1.40","2.86","2.31","1.68","4.10","1.22","7.80","1.04","1.98","1.78"
"24033","31-07-22 21:00","Brazil","Serie A Betano","2022","Internacional","Atletico-MG","3.10","3.09","2.72","1.07","6.55","1.44","2.70","2.47","1.64","4.34","1.20","8.30","1.04","1.98","1.78"
"24034","31-07-22 01:30","Brazil","Serie A Betano","2022","Flamengo RJ","Atletico GO","1.38","4.60","8.00","1.02","9.70","1.26","3.54","1.94","1.95","3.20","1.32","5.80","1.09","2.19","1.64"
"24035","31-07-22 00:00","Brazil","Serie A Betano","2022","Corinthians","Botafogo RJ","1.78","3.32","4.80","1.08","6.30","1.53","2.44","2.67","1.52","5.20","1.15","10.00","1.02","2.34","1.57"
"24036","30-07-22 21:30","Brazil","Serie A Betano","2022","Ceara","Palmeiras","3.62","3.20","2.14","1.05","7.30","1.38","2.94","2.23","1.73","3.78","1.25","7.30","1.05","1.91","1.84"
"24037","30-07-22 21:30","Brazil","Serie A Betano","2022","Goias","Coritiba","2.46","3.13","3.12","1.06","7.20","1.39","2.90","2.26","1.71","3.88","1.24","7.40","1.05","1.90","1.86"
"24038","26-07-22 01:00","Brazil","Serie A Betano","2022","Coritiba","Cuiaba","2.15","3.12","3.74","1.07","6.50","1.48","2.57","2.56","1.57","4.70","1.18","9.30","1.03","2.09","1.66"
"24039","25-07-22 00:00","Brazil","Serie A Betano","2022","Fortaleza","Santos","1.90","3.50","4.22","1.04","7.80","1.38","2.94","2.24","1.72","3.98","1.23","7.60","1.05","2.00","1.76"
"24040","24-07-22 23:00","Brazil","Serie A Betano","2022","Atletico GO","America MG","1.84","3.60","4.44","1.04","8.30","1.36","3.04","2.16","1.77","3.70","1.26","7.10","1.06","1.98","1.78"
"24041","24-07-22 23:00","Brazil","Serie A Betano","2022","Atletico-MG","Corinthians","1.49","4.30","9.00","1.05","7.30","1.42","2.74","2.44","1.65","4.40","1.20","8.40","1.03","2.53","1.49"
"24042","24-07-22 21:00","Brazil","Serie A Betano","2022","Fluminense","Bragantino","1.86","3.70","4.20","1.02","9.20","1.30","3.40","1.99","1.91","3.32","1.31","6.15","1.08","1.84","1.90"
"24043","24-07-22 21:00","Brazil","Serie A Betano","2022","Juventude","Ceara","3.09","3.12","2.44","1.06","6.85","1.47","2.60","2.51","1.59","4.70","1.18","9.20","1.03","2.06","1.73"
"24044","24-07-22 21:00","Brazil","Serie A Betano","2022","Palmeiras","Internacional","1.46","4.66","8.60","1.02","9.70","1.25","3.78","1.87","2.09","2.90","1.39","5.15","1.12","2.01","1.76"
"24045","24-07-22 16:00","Brazil","Serie A Betano","2022","Avai","Flamengo RJ","5.35","4.04","1.57","1.02","9.60","1.28","3.54","1.95","1.95","3.20","1.33","5.85","1.09","1.93","1.83"
"24046","24-07-22 02:00","Brazil","Serie A Betano","2022","Botafogo RJ","Athletico-PR","2.40","3.19","3.10","1.06","7.20","1.44","2.70","2.41","1.63","4.44","1.19","8.70","1.04","2.01","1.76"
"24047","24-07-22 00:00","Brazil","Serie A Betano","2022","Sao Paulo","Goias","1.39","4.50","8.00","1.03","8.90","1.32","3.26","2.04","1.86","3.46","1.29","6.40","1.08","2.30","1.59"
"24048","22-07-22 01:00","Brazil","Serie A Betano","2022","America MG","Palmeiras","4.42","3.56","1.76","1.04","8.10","1.36","3.04","2.18","1.76","3.78","1.25","7.20","1.06","1.99","1.77"
"24049","22-07-22 00:00","Brazil","Serie A Betano","2022","Cuiaba","Atletico-MG","4.06","3.14","1.96","1.08","6.05","1.56","2.36","2.84","1.48","5.50","1.13","11.00","1.01","2.32","1.58"
"24050","21-07-22 02:30","Brazil","Serie A Betano","2022","Corinthians","Coritiba","1.62","3.60","5.55","1.05","7.50","1.42","2.78","2.35","1.66","4.20","1.21","8.10","1.04","2.22","1.63"
"24051","21-07-22 02:30","Brazil","Serie A Betano","2022","Santos","Botafogo RJ","1.97","3.52","4.44","1.04","7.80","1.39","2.90","2.29","1.73","3.98","1.23","7.70","1.05","1.97","1.78"
"24052","21-07-22 01:30","Brazil","Serie A Betano","2022","Flamengo RJ","Juventude","1.33","5.10","8.50","","","1.21","4.20","1.72","2.24","2.64","1.46","4.60","1.15","2.03","1.75"
"24053","21-07-22 01:30","Brazil","Serie A Betano","2022","Internacional","Sao Paulo","1.89","3.46","5.05","1.05","7.50","1.42","2.78","2.38","1.68","4.20","1.21","8.20","1.04","2.00","1.76"
"24054","21-07-22 00:30","Brazil","Serie A Betano","2022","Athletico-PR","Atletico GO","1.96","3.32","4.06","1.05","7.50","1.39","2.90","2.26","1.71","3.88","1.24","7.50","1.05","1.99","1.78"
"24055","21-07-22 00:00","Brazil","Serie A Betano","2022","Bragantino","Fortaleza","1.78","3.56","4.46","1.04","8.00","1.37","2.99","2.22","1.73","3.88","1.24","7.40","1.05","2.03","1.75"
"24056","21-07-22 00:00","Brazil","Serie A Betano","2022","Goias","Fluminense","4.10","3.48","1.93","1.04","8.10","1.37","2.99","2.21","1.74","3.88","1.24","7.30","1.05","1.96","1.80"
"24057","20-07-22 02:30","Brazil","Serie A Betano","2022","Ceara","Avai","1.32","5.00","9.20","1.01","10.00","1.26","3.70","1.88","2.02","3.04","1.36","5.50","1.10","2.26","1.60"
"24058","19-07-22 01:00","Brazil","Serie A Betano","2022","Palmeiras","Cuiaba","1.23","5.80","12.50","1.01","11.00","1.23","3.98","1.78","2.15","2.78","1.42","4.94","1.13","2.37","1.52"
"24059","18-07-22 00:00","Brazil","Serie A Betano","2022","America MG","Bragantino","2.76","3.12","2.72","1.05","7.30","1.36","2.90","2.26","1.70","3.98","1.23","7.60","1.05","1.90","1.85"
"24060","17-07-22 23:00","Brazil","Serie A Betano","2022","Atletico GO","Fortaleza","2.13","3.22","3.76","1.05","7.40","1.37","2.99","2.21","1.74","3.70","1.26","7.10","1.06","1.91","1.85"
"24061","17-07-22 23:00","Brazil","Serie A Betano","2022","Botafogo RJ","Atletico-MG","4.72","3.52","1.77","1.05","7.50","1.41","2.82","2.33","1.67","4.20","1.21","8.00","1.04","2.12","1.69"
"24062","17-07-22 21:00","Brazil","Serie A Betano","2022","Sao Paulo","Fluminense","2.61","3.11","3.20","1.06","6.70","1.45","2.67","2.49","1.63","4.50","1.19","8.70","1.04","1.97","1.78"
"24063","17-07-22 16:00","Brazil","Serie A Betano","2022","Juventude","Goias","2.02","3.22","4.06","1.07","6.50","1.51","2.49","2.64","1.54","5.05","1.16","10.00","1.02","2.22","1.63"
"24064","17-07-22 02:00","Brazil","Serie A Betano","2022","Ceara","Corinthians","1.88","3.08","4.94","1.10","5.65","1.56","2.36","2.80","1.49","5.35","1.14","10.50","1.02","2.40","1.53"
"24065","17-07-22 00:00","Brazil","Serie A Betano","2022","Avai","Santos","3.07","3.13","2.47","1.06","7.10","1.41","2.82","2.35","1.66","4.10","1.22","8.00","1.04","1.94","1.81"
"24066","17-07-22 00:00","Brazil","Serie A Betano","2022","Flamengo RJ","Coritiba","1.42","4.54","7.00","1.01","10.50","1.24","3.88","1.82","2.09","2.90","1.39","5.15","1.12","1.98","1.78"
"24067","16-07-22 21:30","Brazil","Serie A Betano","2022","Athletico-PR","Internacional","2.34","3.20","3.60","1.05","7.40","1.39","2.86","2.33","1.71","4.10","1.22","7.80","1.04","1.87","1.86"
"24068","12-07-22 01:00","Brazil","Serie A Betano","2022","Internacional","America MG","1.65","3.78","5.05","1.03","8.60","1.33","3.20","2.08","1.82","3.54","1.28","6.65","1.07","1.89","1.78"
"24069","11-07-22 00:00","Brazil","Serie A Betano","2022","Cuiaba","Botafogo RJ","2.31","2.93","3.62","1.10","5.70","1.56","2.36","2.80","1.49","5.40","1.14","10.50","1.01","2.25","1.61"
"24070","10-07-22 23:00","Brazil","Serie A Betano","2022","Atletico-MG","Sao Paulo","1.58","3.90","6.60","1.04","8.30","1.36","3.04","2.19","1.79","3.78","1.25","7.20","1.06","2.05","1.73"
"24071","10-07-22 23:00","Brazil","Serie A Betano","2022","Fortaleza","Palmeiras","3.82","3.30","1.94","1.03","8.40","1.33","3.18","2.10","1.81","3.62","1.27","6.75","1.06","1.84","1.92"
"24072","10-07-22 23:00","Brazil","Serie A Betano","2022","Santos","Atletico GO","1.91","3.42","4.16","1.06","8.30","1.41","3.04","2.18","1.65","3.84","1.21","7.70","1.05","2.01","1.76"
"24073","10-07-22 21:00","Brazil","Serie A Betano","2022","Corinthians","Flamengo RJ","3.03","3.00","2.78","1.08","6.10","1.54","2.41","2.82","1.51","5.30","1.14","10.50","1.02","2.12","1.67"
"24074","10-07-22 16:00","Brazil","Serie A Betano","2022","Coritiba","Juventude","1.92","3.48","4.14","1.04","7.90","1.38","2.94","2.22","1.73","3.88","1.24","7.50","1.05","1.99","1.78"
"24075","10-07-22 01:30","Brazil","Serie A Betano","2022","Goias","Athletico-PR","2.88","2.93","2.73","1.08","6.20","1.48","2.57","2.56","1.57","4.64","1.18","9.10","1.03","2.05","1.72"
"24076","10-07-22 00:00","Brazil","Serie A Betano","2022","Fluminense","Ceara","1.77","3.50","5.00","1.08","7.50","1.49","2.80","2.36","1.56","4.40","1.17","8.70","1.03","2.22","1.62"
"24077","09-07-22 21:30","Brazil","Serie A Betano","2022","Bragantino","Avai","1.44","4.30","7.00","1.02","9.30","1.30","3.40","2.00","1.90","3.32","1.31","6.15","1.08","2.11","1.69"
"24078","05-07-22 01:00","Brazil","Serie A Betano","2022","Bragantino","Botafogo RJ","1.69","3.68","5.25","1.06","8.40","1.43","3.04","2.17","1.66","3.84","1.21","7.60","1.05","2.10","1.66"
"24079","03-07-22 23:00","Brazil","Serie A Betano","2022","America MG","Goias","1.82","3.48","4.54","1.06","8.00","1.44","2.95","2.25","1.62","4.04","1.19","8.00","1.04","2.09","1.70"
"24080","03-07-22 23:00","Brazil","Serie A Betano","2022","Coritiba","Fortaleza","2.41","3.18","3.12","1.05","7.50","1.38","2.94","2.23","1.73","3.88","1.24","7.40","1.05","1.90","1.86"
"24081","03-07-22 21:00","Brazil","Serie A Betano","2022","Atletico GO","Sao Paulo","2.63","3.22","2.69","1.06","8.30","1.43","3.04","2.17","1.66","3.84","1.21","7.60","1.05","1.90","1.85"
"24082","03-07-22 16:00","Brazil","Serie A Betano","2022","Avai","Cuiaba","2.32","2.90","3.62","1.12","5.85","1.61","2.46","2.70","1.44","5.15","1.12","10.50","1.01","2.24","1.62"
"24083","03-07-22 02:00","Brazil","Serie A Betano","2022","Palmeiras","Athletico-PR","1.34","5.45","9.80","","","1.22","4.10","1.76","2.24","2.70","1.44","4.74","1.14","2.03","1.73"
"24084","03-07-22 00:00","Brazil","Serie A Betano","2022","Ceara","Internacional","2.16","3.20","3.60","1.06","7.10","1.38","2.78","2.35","1.65","4.20","1.21","8.10","1.04","2.00","1.77"
"24085","03-07-22 00:00","Brazil","Serie A Betano","2022","Santos","Flamengo RJ","2.91","3.12","2.54","1.05","7.50","1.36","2.99","2.22","1.73","3.78","1.25","7.30","1.05","1.87","1.88"
"24086","02-07-22 21:30","Brazil","Serie A Betano","2022","Fluminense","Corinthians","1.66","3.56","6.85","1.10","6.50","1.58","2.62","2.54","1.49","4.80","1.14","9.60","1.02","2.52","1.49"
"24087","02-07-22 21:30","Brazil","Serie A Betano","2022","Juventude","Atletico-MG","4.48","3.44","1.80","1.05","7.30","1.43","2.74","2.39","1.64","4.40","1.20","8.40","1.03","2.14","1.67"
"24088","26-06-22 23:00","Brazil","Serie A Betano","2022","Ceara","Atletico GO","2.07","3.30","3.82","1.06","8.50","1.41","3.14","2.13","1.68","3.74","1.22","7.50","1.05","1.91","1.85"
"24089","26-06-22 23:00","Brazil","Serie A Betano","2022","Goias","Cuiaba","2.54","3.08","3.06","1.10","6.60","1.57","2.53","2.60","1.47","5.00","1.13","10.00","1.01","2.19","1.64"
"24090","26-06-22 23:00","Brazil","Serie A Betano","2022","Sao Paulo","Juventude","1.52","3.84","6.50","1.06","8.50","1.40","3.10","2.17","1.66","3.84","1.21","7.60","1.05","2.21","1.63"
"24091","26-06-22 21:00","Brazil","Serie A Betano","2022","Avai","Palmeiras","4.82","3.32","1.78","1.06","6.75","1.48","2.57","2.56","1.57","4.80","1.17","9.40","1.03","2.20","1.64"
"24092","26-06-22 21:00","Brazil","Serie A Betano","2022","Botafogo RJ","Fluminense","3.08","3.10","2.46","1.06","6.70","1.49","2.54","2.58","1.56","4.84","1.17","9.50","1.03","2.08","1.70"
"24093","26-06-22 02:00","Brazil","Serie A Betano","2022","Atletico-MG","Fortaleza","1.81","3.40","5.00","1.06","6.70","1.46","2.64","2.51","1.59","4.60","1.18","9.00","1.03","2.24","1.62"
"24094","26-06-22 00:00","Brazil","Serie A Betano","2022","Corinthians","Santos","2.23","3.04","3.94","1.10","5.65","1.55","2.39","2.84","1.51","5.25","1.14","10.50","1.02","2.24","1.62"
"26908","26-06-22 00:00","Brazil","Serie A Betano","2022","Flamengo RJ","America MG","1.51","4.32","6.90","1.02","9.70","1.27","3.62","1.92","2.02","3.10","1.35","5.55","1.10","1.95","1.81"
"24095","25-06-22 21:30","Brazil","Serie A Betano","2022","Athletico-PR","Bragantino","3.13","3.13","2.43","1.06","6.85","1.42","2.70","2.44","1.62","4.40","1.20","8.40","1.03","1.96","1.76"
"24096","25-06-22 02:30","Brazil","Serie A Betano","2022","Internacional","Coritiba","1.71","3.52","4.86","1.04","8.10","1.32","3.20","2.08","1.83","3.50","1.29","6.45","1.07","1.94","1.82"
"24097","21-06-22 01:00","Brazil","Serie A Betano","2022","Sao Paulo","Palmeiras","3.08","3.15","2.46","1.06","7.00","1.44","2.70","2.47","1.64","4.50","1.19","8.70","1.04","1.94","1.76"
"24098","20-06-22 00:00","Brazil","Serie A Betano","2022","Fluminense","Avai","1.68","3.68","5.55","1.05","7.50","1.42","2.78","2.35","1.66","4.20","1.21","8.10","1.04","2.21","1.63"
"24099","19-06-22 23:00","Brazil","Serie A Betano","2022","Atletico GO","Juventude","1.74","3.70","4.92","1.04","8.30","1.35","3.04","2.15","1.77","3.70","1.26","7.10","1.06","2.04","1.74"
"24100","19-06-22 23:00","Brazil","Serie A Betano","2022","Fortaleza","America MG","1.77","3.64","4.76","1.04","8.00","1.37","2.99","2.21","1.73","3.88","1.24","7.40","1.05","2.05","1.73"
"24101","19-06-22 23:00","Brazil","Serie A Betano","2022","Internacional","Botafogo RJ","1.57","3.98","5.85","1.03","8.60","1.33","3.20","2.09","1.82","3.54","1.28","6.70","1.06","2.08","1.70"
"24102","19-06-22 21:00","Brazil","Serie A Betano","2022","Atletico-MG","Flamengo RJ","1.98","3.60","4.08","1.03","8.90","1.28","3.50","1.96","1.96","3.20","1.33","5.85","1.09","1.74","2.00"
"24103","19-06-22 21:00","Brazil","Serie A Betano","2022","Corinthians","Goias","1.53","3.96","6.35","1.04","8.00","1.38","2.94","2.22","1.73","3.88","1.24","7.40","1.05","2.26","1.61"
"24104","19-06-22 21:00","Brazil","Serie A Betano","2022","Coritiba","Athletico-PR","2.61","3.08","2.90","1.07","6.50","1.51","2.49","2.64","1.54","5.05","1.16","9.90","1.02","2.11","1.69"
"24105","19-06-22 02:00","Brazil","Serie A Betano","2022","Santos","Bragantino","2.14","3.28","3.54","1.05","7.50","1.36","2.86","2.30","1.67","4.10","1.22","7.80","1.04","1.97","1.78"
"24106","19-06-22 00:00","Brazil","Serie A Betano","2022","Cuiaba","Ceara","2.75","3.02","2.79","1.08","6.05","1.55","2.36","2.80","1.49","5.50","1.13","11.00","1.01","2.22","1.63"
"24107","17-06-22 00:00","Brazil","Serie A Betano","2022","Avai","Fortaleza","3.18","3.20","2.32","1.05","7.40","1.42","2.78","2.35","1.66","4.20","1.21","8.10","1.04","1.90","1.80"
"24108","16-06-22 23:00","Brazil","Serie A Betano","2022","Palmeiras","Atletico GO","1.41","4.70","6.90","1.01","11.50","1.21","4.20","1.74","2.21","2.69","1.45","4.70","1.14","1.89","1.86"
"24109","16-06-22 21:00","Brazil","Serie A Betano","2022","Botafogo RJ","Sao Paulo","3.22","3.14","2.28","1.06","6.75","1.48","2.57","2.55","1.57","4.80","1.17","9.30","1.03","2.05","1.70"
"24110","16-06-22 02:30","Brazil","Serie A Betano","2022","America MG","Fluminense","2.44","3.12","3.48","1.09","6.00","1.50","2.52","2.65","1.56","4.74","1.17","9.30","1.03","2.15","1.67"
"24111","16-06-22 02:30","Brazil","Serie A Betano","2022","Athletico-PR","Corinthians","2.49","3.07","3.42","1.08","6.15","1.51","2.49","2.70","1.55","4.94","1.16","9.70","1.02","2.11","1.69"
"24112","16-06-22 01:30","Brazil","Serie A Betano","2022","Flamengo RJ","Cuiaba","1.29","5.55","10.50","1.01","11.50","1.22","4.10","1.75","2.19","2.70","1.44","4.74","1.14","2.21","1.63"
"24113","16-06-22 01:30","Brazil","Serie A Betano","2022","Goias","Internacional","3.42","3.13","2.25","1.06","7.00","1.43","2.74","2.39","1.64","4.20","1.21","8.20","1.04","2.00","1.77"
"24114","16-06-22 00:00","Brazil","Serie A Betano","2022","Bragantino","Coritiba","1.54","3.98","6.20","1.04","8.30","1.36","3.04","2.18","1.76","3.78","1.25","7.20","1.06","2.21","1.63"
"24115","16-06-22 00:00","Brazil","Serie A Betano","2022","Ceara","Atletico-MG","3.34","3.30","2.22","1.05","7.60","1.40","2.86","2.31","1.68","4.10","1.22","7.90","1.04","1.94","1.80"
"24116","15-06-22 02:30","Brazil","Serie A Betano","2022","Juventude","Santos","2.28","3.11","3.42","1.08","6.30","1.53","2.44","2.70","1.52","5.20","1.15","10.00","1.02","2.20","1.63"
"24117","14-06-22 00:00","Brazil","Serie A Betano","2022","Botafogo RJ","Avai","1.83","3.54","4.46","1.04","7.90","1.38","2.94","2.23","1.73","3.88","1.24","7.50","1.05","2.00","1.75"
"24118","13-06-22 00:00","Brazil","Serie A Betano","2022","Fortaleza","Athletico-PR","1.67","3.78","5.30","1.04","8.30","1.35","3.10","2.15","1.78","3.70","1.26","7.00","1.06","2.06","1.73"
"24119","12-06-22 23:00","Brazil","Serie A Betano","2022","Coritiba","Palmeiras","4.98","3.88","1.69","1.02","9.30","1.30","3.40","1.99","1.91","3.32","1.31","6.15","1.08","1.92","1.84"
"24120","12-06-22 21:00","Brazil","Serie A Betano","2022","Goias","Ceara","2.76","3.18","2.68","1.06","7.00","1.45","2.67","2.46","1.61","4.54","1.18","8.90","1.03","2.03","1.75"
"24121","12-06-22 21:00","Brazil","Serie A Betano","2022","Sao Paulo","America MG","1.72","3.68","5.00","1.04","8.00","1.37","2.99","2.21","1.74","3.88","1.24","7.40","1.05","2.08","1.71"
"24122","12-06-22 02:00","Brazil","Serie A Betano","2022","Internacional","Flamengo RJ","3.30","3.28","2.40","1.05","7.60","1.36","3.02","2.22","1.77","3.70","1.26","7.10","1.06","1.87","1.88"
"24123","12-06-22 00:00","Brazil","Serie A Betano","2022","Atletico-MG","Santos","1.46","4.54","8.60","1.02","9.80","1.27","3.62","1.93","2.00","3.10","1.35","5.65","1.10","2.01","1.76"
"24124","12-06-22 00:00","Brazil","Serie A Betano","2022","Cuiaba","Bragantino","3.40","2.92","2.44","1.09","5.75","1.53","2.43","2.73","1.51","5.15","1.15","10.00","1.02","2.19","1.64"
"24125","12-06-22 00:00","Brazil","Serie A Betano","2022","Fluminense","Atletico GO","1.87","3.52","4.34","1.05","7.70","1.39","2.90","2.27","1.70","4.10","1.22","7.70","1.05","2.05","1.73"
"24126","11-06-22 21:30","Brazil","Serie A Betano","2022","Corinthians","Juventude","1.78","3.36","5.25","1.08","6.20","1.55","2.39","2.77","1.50","5.35","1.14","10.50","1.01","2.48","1.51"
"24127","10-06-22 01:00","Brazil","Serie A Betano","2022","Coritiba","Sao Paulo","3.22","3.15","2.36","1.05","7.40","1.42","2.78","2.38","1.65","4.20","1.21","8.20","1.04","1.92","1.82"
"24128","10-06-22 01:00","Brazil","Serie A Betano","2022","Fortaleza","Goias","1.55","4.04","6.30","1.03","9.00","1.32","3.26","2.04","1.86","3.46","1.29","6.40","1.08","2.03","1.74"
"24129","10-06-22 00:00","Brazil","Serie A Betano","2022","Palmeiras","Botafogo RJ","1.41","4.70","6.90","","","1.21","4.20","1.72","2.24","2.64","1.46","4.60","1.15","1.89","1.87"
"24130","09-06-22 02:30","Brazil","Serie A Betano","2022","Fluminense","Atletico-MG","3.92","3.06","2.29","1.08","6.40","1.49","2.54","2.62","1.58","4.80","1.17","9.40","1.03","2.03","1.74"
"24131","09-06-22 02:30","Brazil","Serie A Betano","2022","Santos","Internacional","2.25","2.94","3.80","1.08","6.15","1.49","2.54","2.58","1.56","4.80","1.17","9.30","1.03","2.08","1.71"
"24132","09-06-22 01:30","Brazil","Serie A Betano","2022","Atletico GO","Avai","1.67","3.72","5.50","1.03","8.40","1.35","3.10","2.15","1.78","3.70","1.26","7.00","1.06","2.04","1.74"
"24133","09-06-22 01:30","Brazil","Serie A Betano","2022","Bragantino","Flamengo RJ","2.51","3.20","3.20","1.05","7.30","1.39","2.90","2.29","1.73","3.88","1.24","7.50","1.05","1.89","1.85"
"24134","09-06-22 00:00","Brazil","Serie A Betano","2022","America MG","Ceara","2.20","3.20","3.50","1.06","6.75","1.48","2.57","2.56","1.57","4.80","1.17","9.40","1.03","2.12","1.69"
"24135","09-06-22 00:00","Brazil","Serie A Betano","2022","Juventude","Athletico-PR","2.68","3.04","2.88","1.08","6.15","1.55","2.39","2.77","1.50","5.35","1.14","10.50","1.01","2.20","1.64"
"24136","08-06-22 02:30","Brazil","Serie A Betano","2022","Cuiaba","Corinthians","3.08","2.80","2.64","1.11","5.30","1.61","2.26","3.00","1.44","5.80","1.12","11.50","1.01","2.29","1.59"
"24137","07-06-22 01:00","Brazil","Serie A Betano","2022","Botafogo RJ","Goias","1.69","3.46","5.35","1.06","6.70","1.47","2.60","2.51","1.59","4.64","1.18","9.10","1.03","2.32","1.58"
"24138","06-06-22 00:00","Brazil","Serie A Betano","2022","Bragantino","Internacional","2.40","3.10","3.26","1.06","6.75","1.44","2.70","2.41","1.63","4.32","1.20","8.30","1.04","2.00","1.77"
"24139","05-06-22 21:00","Brazil","Serie A Betano","2022","Flamengo RJ","Fortaleza","1.49","4.34","7.30","1.02","9.90","1.27","3.62","1.93","2.02","3.10","1.35","5.60","1.10","1.92","1.84"
"24140","05-06-22 21:00","Brazil","Serie A Betano","2022","Palmeiras","Atletico-MG","2.28","3.32","3.54","1.04","8.10","1.31","3.32","2.04","1.91","3.26","1.32","6.05","1.09","1.77","1.99"
"24141","05-06-22 16:00","Brazil","Serie A Betano","2022","Juventude","Fluminense","2.69","3.01","2.87","1.09","6.65","1.55","2.61","2.52","1.50","4.70","1.14","9.50","1.02","2.11","1.69"
"24142","05-06-22 01:30","Brazil","Serie A Betano","2022","Atletico GO","Corinthians","2.51","3.18","2.96","1.06","7.20","1.44","2.70","2.41","1.63","4.44","1.19","8.70","1.04","2.01","1.76"
"24143","05-06-22 00:00","Brazil","Serie A Betano","2022","Athletico-PR","Santos","2.12","3.30","3.62","1.05","7.40","1.42","2.78","2.38","1.65","4.32","1.20","8.30","1.04","2.03","1.75"
"24144","05-06-22 00:00","Brazil","Serie A Betano","2022","Avai","Sao Paulo","4.22","3.07","2.03","1.09","6.00","1.50","2.49","2.66","1.53","4.94","1.16","9.70","1.02","2.22","1.63"
"24145","05-06-22 00:00","Brazil","Serie A Betano","2022","Ceara","Coritiba","1.68","3.82","5.30","1.03","8.50","1.34","3.14","2.10","1.81","3.62","1.27","6.75","1.06","2.04","1.74"
"24146","04-06-22 21:30","Brazil","Serie A Betano","2022","America MG","Cuiaba","1.86","3.24","4.96","1.10","6.40","1.60","2.48","2.67","1.45","5.15","1.12","10.50","1.01","2.38","1.55"
"24147","02-06-22 01:30","Brazil","Serie A Betano","2022","Fortaleza","Ceara","2.48","2.93","3.20","1.08","6.05","1.50","2.52","2.61","1.55","4.80","1.17","9.40","1.03","2.09","1.69"
"24148","31-05-22 01:00","Brazil","Serie A Betano","2022","Internacional","Atletico GO","1.57","3.84","5.80","1.04","8.00","1.36","2.94","2.21","1.73","3.88","1.24","7.40","1.05","2.14","1.66"
"24149","30-05-22 00:00","Brazil","Serie A Betano","2022","Atletico-MG","Avai","1.21","6.20","14.00","1.01","10.50","1.24","3.88","1.81","2.10","2.86","1.40","5.05","1.12","2.65","1.46"
"24150","29-05-22 23:00","Brazil","Serie A Betano","2022","Corinthians","America MG","1.62","3.64","5.60","1.05","7.40","1.42","2.74","2.38","1.65","4.32","1.20","8.30","1.04","2.26","1.61"
"24151","29-05-22 23:00","Brazil","Serie A Betano","2022","Cuiaba","Athletico-PR","2.62","2.75","3.30","1.14","5.30","1.69","2.28","2.94","1.38","5.75","1.09","14.00","1.03","2.36","1.56"
"24152","29-05-22 23:00","Brazil","Serie A Betano","2022","Fluminense","Flamengo RJ","4.32","3.50","1.98","1.05","7.50","1.39","2.90","2.27","1.74","3.88","1.24","7.50","1.05","1.96","1.78"
"24153","29-05-22 21:00","Brazil","Serie A Betano","2022","Coritiba","Botafogo RJ","2.83","3.02","2.74","1.06","6.70","1.43","2.74","2.39","1.64","4.20","1.21","8.10","1.04","1.96","1.80"
"24154","29-05-22 21:00","Brazil","Serie A Betano","2022","Santos","Palmeiras","4.44","3.44","1.94","1.04","7.80","1.37","2.99","2.22","1.76","3.78","1.25","7.20","1.06","1.91","1.84"
"24155","29-05-22 01:30","Brazil","Serie A Betano","2022","Fortaleza","Juventude","1.62","3.84","5.75","1.04","8.10","1.37","2.99","2.21","1.74","3.88","1.24","7.40","1.05","2.17","1.66"
"24156","29-05-22 00:00","Brazil","Serie A Betano","2022","Sao Paulo","Ceara","1.71","3.56","4.96","1.05","7.50","1.41","2.82","2.33","1.67","4.20","1.21","8.00","1.04","2.14","1.67"
"24157","28-05-22 21:30","Brazil","Serie A Betano","2022","Goias","Bragantino","2.98","3.05","2.59","1.07","6.65","1.45","2.67","2.46","1.61","4.50","1.19","8.70","1.04","2.01","1.76"
"24158","23-05-22 00:00","Brazil","Serie A Betano","2022","Athletico-PR","Avai","1.61","3.72","5.75","1.05","7.30","1.43","2.74","2.39","1.64","4.40","1.20","8.30","1.04","2.32","1.58"
"24159","22-05-22 21:00","Brazil","Serie A Betano","2022","Corinthians","Sao Paulo","2.58","2.88","3.52","1.12","5.85","1.66","2.43","2.82","1.41","5.45","1.10","","","2.35","1.56"
"24160","22-05-22 21:00","Brazil","Serie A Betano","2022","Fortaleza","Fluminense","2.12","3.36","4.06","1.08","7.30","1.49","2.91","2.30","1.59","4.20","1.18","8.30","1.04","2.10","1.70"
"24161","22-05-22 02:00","Brazil","Serie A Betano","2022","America MG","Botafogo RJ","2.53","3.19","2.92","1.07","7.70","1.47","2.88","2.30","1.59","4.20","1.18","8.40","1.03","2.00","1.77"
"24162","22-05-22 02:00","Brazil","Serie A Betano","2022","Cuiaba","Internacional","2.84","3.04","2.71","1.10","6.50","1.60","2.48","2.67","1.45","5.15","1.12","10.50","1.01","2.25","1.61"
"24163","22-05-22 00:00","Brazil","Serie A Betano","2022","Juventude","Palmeiras","4.44","3.50","1.86","1.05","7.60","1.41","2.82","2.31","1.68","4.10","1.22","7.90","1.04","2.10","1.70"
"24164","21-05-22 23:30","Brazil","Serie A Betano","2022","Santos","Ceara","2.25","3.24","3.34","1.06","7.20","1.43","2.74","2.41","1.63","4.40","1.20","8.40","1.03","2.04","1.74"
"24165","21-05-22 21:30","Brazil","Serie A Betano","2022","Atletico GO","Coritiba","2.15","3.34","3.54","1.04","7.90","1.36","3.04","2.16","1.77","3.70","1.26","7.00","1.06","2.01","1.76"
"24166","21-05-22 21:30","Brazil","Serie A Betano","2022","Flamengo RJ","Goias","1.20","7.20","14.00","1.02","21.00","1.12","5.10","1.48","2.57","2.27","1.70","3.70","1.26","2.43","1.53"
"24167","16-05-22 00:00","Brazil","Serie A Betano","2022","Goias","Santos","3.03","3.22","2.45","1.05","7.30","1.43","2.74","2.38","1.65","4.32","1.20","8.30","1.04","2.05","1.73"
"24168","15-05-22 23:00","Brazil","Serie A Betano","2022","Avai","Juventude","2.29","3.08","3.50","1.10","6.35","1.61","2.46","2.70","1.44","5.30","1.11","10.50","1.01","2.30","1.59"
"24169","15-05-22 23:00","Brazil","Serie A Betano","2022","Botafogo RJ","Fortaleza","2.29","3.26","3.26","1.05","7.30","1.43","2.74","2.39","1.64","4.34","1.20","8.30","1.04","2.10","1.70"
"24170","15-05-22 22:30","Brazil","Serie A Betano","2022","Coritiba","America MG","2.16","3.26","3.60","1.06","7.00","1.45","2.67","2.46","1.61","4.60","1.18","9.00","1.03","2.16","1.66"
"24171","15-05-22 21:00","Brazil","Serie A Betano","2022","Sao Paulo","Cuiaba","1.47","4.14","7.50","1.04","8.00","1.38","2.94","2.23","1.73","3.88","1.24","7.50","1.05","2.50","1.50"
"24172","15-05-22 02:00","Brazil","Serie A Betano","2022","Fluminense","Athletico-PR","2.10","3.18","3.90","1.10","6.55","1.59","2.51","2.64","1.46","5.10","1.12","10.50","1.01","2.30","1.59"
"24173","15-05-22 00:00","Brazil","Serie A Betano","2022","Atletico-MG","Atletico GO","1.28","5.70","10.50","","","1.19","4.50","1.67","2.33","2.54","1.49","4.34","1.17","2.29","1.59"
"24174","15-05-22 00:00","Brazil","Serie A Betano","2022","Internacional","Corinthians","2.26","3.18","3.88","1.07","6.65","1.43","2.74","2.45","1.65","4.20","1.21","8.20","1.04","2.08","1.71"
"24175","14-05-22 21:30","Brazil","Serie A Betano","2022","Ceara","Flamengo RJ","3.78","3.54","2.00","1.03","8.60","1.33","3.18","2.09","1.82","3.54","1.28","6.70","1.06","1.95","1.81"
"24176","14-05-22 21:30","Brazil","Serie A Betano","2022","Palmeiras","Bragantino","1.39","5.40","8.80","","","1.21","4.20","1.75","2.25","2.69","1.45","4.70","1.14","1.99","1.78"
"24177","12-05-22 01:30","Brazil","Serie A Betano","2022","Bragantino","Atletico-MG","3.38","3.26","2.24","1.06","7.10","1.43","2.70","2.44","1.62","4.50","1.19","8.70","1.04","2.10","1.70"
"24178","10-05-22 01:00","Brazil","Serie A Betano","2022","Avai","Coritiba","2.42","3.10","3.14","1.08","7.20","1.47","2.80","2.34","1.57","4.30","1.17","8.60","1.03","2.07","1.72"
"24179","09-05-22 00:00","Brazil","Serie A Betano","2022","Fortaleza","Sao Paulo","2.56","3.16","3.24","1.07","6.45","1.48","2.57","2.62","1.58","4.80","1.17","9.40","1.03","2.10","1.70"
"24180","09-05-22 00:00","Brazil","Serie A Betano","2022","Juventude","Internacional","2.76","3.06","2.77","1.08","6.30","1.53","2.44","2.70","1.52","5.20","1.15","10.00","1.02","2.25","1.61"
"24181","08-05-22 23:00","Brazil","Serie A Betano","2022","Bragantino","Corinthians","2.53","3.15","2.98","1.06","7.20","1.41","2.82","2.33","1.67","4.10","1.22","7.90","1.04","1.98","1.78"
"24182","08-05-22 23:00","Brazil","Serie A Betano","2022","Santos","Cuiaba","1.91","3.14","4.88","1.08","6.10","1.53","2.44","2.70","1.52","5.15","1.15","10.00","1.02","2.36","1.56"
"24183","08-05-22 21:00","Brazil","Serie A Betano","2022","Atletico GO","Goias","1.69","3.44","6.05","1.07","6.60","1.44","2.70","2.41","1.63","4.32","1.20","8.30","1.04","2.35","1.56"
"24184","08-05-22 21:00","Brazil","Serie A Betano","2022","Palmeiras","Fluminense","1.55","4.50","7.40","1.02","9.10","1.30","3.40","2.04","1.95","3.32","1.31","6.10","1.08","2.24","1.62"
"24185","08-05-22 16:00","Brazil","Serie A Betano","2022","Flamengo RJ","Botafogo RJ","1.49","4.44","6.45","1.01","10.50","1.23","3.98","1.79","2.13","2.82","1.41","5.00","1.13","1.96","1.80"
"24186","08-05-22 01:30","Brazil","Serie A Betano","2022","Athletico-PR","Ceara","2.20","3.14","3.74","1.06","6.85","1.41","2.82","2.34","1.67","4.10","1.22","7.80","1.04","2.00","1.77"
"24187","07-05-22 21:30","Brazil","Serie A Betano","2022","Atletico-MG","America MG","1.49","4.40","6.70","1.02","9.70","1.28","3.54","1.93","1.96","3.14","1.34","5.75","1.10","2.05","1.73"
"24188","03-05-22 01:00","Brazil","Serie A Betano","2022","Sao Paulo","Santos","1.63","3.98","6.35","1.05","7.60","1.42","2.78","2.40","1.67","4.20","1.21","8.30","1.04","2.31","1.58"
"24189","02-05-22 00:00","Brazil","Serie A Betano","2022","Internacional","Avai","1.54","3.96","6.65","1.05","7.70","1.39","2.86","2.29","1.68","4.10","1.22","7.90","1.04","2.74","1.43"
"24190","01-05-22 21:00","Brazil","Serie A Betano","2022","Corinthians","Fortaleza","1.84","3.60","4.84","1.05","7.30","1.42","2.78","2.40","1.67","4.20","1.21","8.20","1.04","2.20","1.64"
"24191","01-05-22 21:00","Brazil","Serie A Betano","2022","Coritiba","Fluminense","2.55","3.13","2.98","1.07","6.65","1.49","2.54","2.58","1.56","4.84","1.17","9.50","1.03","2.13","1.68"
"24192","01-05-22 16:00","Brazil","Serie A Betano","2022","Botafogo RJ","Juventude","2.02","3.38","3.90","1.05","7.50","1.42","2.78","2.35","1.66","4.20","1.21","8.10","1.04","2.08","1.71"
"24193","01-05-22 00:00","Brazil","Serie A Betano","2022","Cuiaba","Atletico GO","2.31","3.13","3.42","1.10","6.60","1.58","2.53","2.60","1.47","5.05","1.13","10.00","1.01","2.25","1.61"
"24194","30-04-22 23:30","Brazil","Serie A Betano","2022","Goias","Atletico-MG","6.80","4.18","1.47","1.03","8.70","1.33","3.20","2.08","1.83","3.54","1.28","6.60","1.07","2.30","1.59"
"24195","30-04-22 21:30","Brazil","Serie A Betano","2022","America MG","Athletico-PR","2.00","3.36","4.02","1.07","7.70","1.47","2.88","2.30","1.59","4.24","1.18","8.40","1.03","2.13","1.68"
"24196","30-04-22 21:30","Brazil","Serie A Betano","2022","Ceara","Bragantino","2.05","3.44","3.72","1.04","7.90","1.38","2.94","2.23","1.73","3.88","1.24","7.40","1.05","2.00","1.77"
"24197","26-04-22 01:00","Brazil","Serie A Betano","2022","Avai","Goias","2.29","2.92","3.70","1.12","5.95","1.60","2.48","2.67","1.45","5.05","1.13","10.00","1.01","2.26","1.61"
"24198","24-04-22 23:30","Brazil","Serie A Betano","2022","Atletico GO","Botafogo RJ","2.27","3.38","3.24","1.04","8.30","1.35","3.10","2.15","1.78","3.70","1.26","7.00","1.06","1.99","1.78"
"24199","24-04-22 23:00","Brazil","Serie A Betano","2022","Juventude","Cuiaba","2.11","3.14","3.92","1.10","6.35","1.62","2.45","2.70","1.44","5.30","1.11","10.50","1.01","2.44","1.53"
"24200","24-04-22 21:00","Brazil","Serie A Betano","2022","Santos","America MG","2.24","3.22","3.44","1.08","7.20","1.52","2.70","2.44","1.53","4.54","1.15","9.20","1.02","2.17","1.66"
"24201","24-04-22 02:00","Brazil","Serie A Betano","2022","Atletico-MG","Coritiba","1.21","6.15","14.00","1.01","10.50","1.24","3.88","1.82","2.09","2.90","1.39","5.15","1.12","2.68","1.45"
"24202","24-04-22 00:00","Brazil","Serie A Betano","2022","Fluminense","Internacional","1.89","3.34","4.42","1.08","7.30","1.51","2.73","2.41","1.54","4.50","1.16","9.00","1.03","2.37","1.56"
"24203","24-04-22 00:00","Brazil","Serie A Betano","2022","Palmeiras","Corinthians","1.91","3.54","4.56","1.05","7.40","1.41","2.82","2.36","1.69","4.10","1.22","8.00","1.04","2.08","1.71"
"24204","23-04-22 21:30","Brazil","Serie A Betano","2022","Athletico-PR","Flamengo RJ","3.64","3.52","2.05","1.03","8.60","1.33","3.20","2.08","1.80","3.54","1.28","6.65","1.07","1.91","1.85"
"24205","23-04-22 21:30","Brazil","Serie A Betano","2022","Bragantino","Sao Paulo","3.16","3.36","2.49","1.05","7.70","1.39","2.90","2.27","1.70","3.98","1.23","7.60","1.05","1.95","1.81"
"24206","21-04-22 00:30","Brazil","Serie A Betano","2022","Flamengo RJ","Palmeiras","2.09","3.60","3.80","1.02","9.30","1.28","3.54","1.97","1.98","3.14","1.34","5.75","1.10","1.78","1.99"
"24207","18-04-22 00:00","Brazil","Serie A Betano","2022","Ceara","Botafogo RJ","1.80","3.62","4.68","1.04","8.10","1.37","2.99","2.21","1.74","3.88","1.24","7.30","1.05","2.07","1.72"
"24208","17-04-22 23:00","Brazil","Serie A Betano","2022","Athletico-PR","Atletico-MG","3.78","3.24","2.25","1.06","6.75","1.45","2.67","2.52","1.62","4.50","1.19","8.80","1.03","2.12","1.69"
"24209","17-04-22 23:00","Brazil","Serie A Betano","2022","Bragantino","Atletico GO","1.90","3.52","4.24","1.04","7.90","1.38","2.94","2.24","1.72","3.88","1.24","7.50","1.05","2.04","1.74"
"24210","17-04-22 23:00","Brazil","Serie A Betano","2022","Internacional","Fortaleza","2.47","3.22","3.01","1.06","7.20","1.43","2.74","2.41","1.63","4.40","1.20","8.40","1.03","2.05","1.73"
"24211","17-04-22 21:00","Brazil","Serie A Betano","2022","Flamengo RJ","Sao Paulo","1.80","3.86","4.98","1.03","8.90","1.31","3.32","2.03","1.92","3.32","1.31","6.15","1.08","1.95","1.81"
"24212","17-04-22 16:00","Brazil","Serie A Betano","2022","Santos","Coritiba","1.98","3.44","4.02","1.06","8.20","1.44","3.00","2.22","1.63","3.98","1.20","7.90","1.04","2.17","1.66"
"24213","17-04-22 02:00","Brazil","Serie A Betano","2022","Cuiaba","Fluminense","2.99","3.00","2.62","1.11","6.20","1.63","2.41","2.78","1.42","5.45","1.11","","","2.33","1.57"
"24214","17-04-22 00:00","Brazil","Serie A Betano","2022","America MG","Juventude","2.04","3.16","4.16","1.10","6.35","1.62","2.45","2.70","1.44","5.30","1.11","10.50","1.01","2.50","1.50"
"26907","17-04-22 00:00","Brazil","Serie A Betano","2022","Corinthians","Avai","1.53","3.88","6.75","1.06","7.20","1.44","2.70","2.44","1.62","4.50","1.19","8.70","1.04","2.95","1.38"
"24215","16-04-22 21:30","Brazil","Serie A Betano","2022","Goias","Palmeiras","6.15","4.02","1.51","1.03","8.40","1.35","3.10","2.12","1.80","3.62","1.27","6.85","1.06","2.28","1.60"
"24216","12-04-22 01:00","Brazil","Serie A Betano","2022","Juventude","Bragantino","2.45","3.18","3.09","1.08","7.30","1.51","2.73","2.41","1.54","4.50","1.16","9.00","1.03","2.10","1.70"
"24217","11-04-22 00:00","Brazil","Serie A Betano","2022","Avai","America MG","2.74","3.04","2.81","1.10","6.50","1.59","2.51","2.64","1.46","5.15","1.12","10.50","1.01","2.24","1.62"
"26914","11-04-22 00:00","Brazil","Serie A Betano","2022","Sao Paulo","Athletico-PR","1.69","3.68","5.25","1.05","7.70","1.40","2.86","2.27","1.70","4.10","1.22","7.80","1.04","2.31","1.58"
"24218","10-04-22 23:00","Brazil","Serie A Betano","2022","Fortaleza","Cuiaba","1.78","3.48","5.05","1.06","6.80","1.47","2.60","2.53","1.58","4.74","1.17","9.30","1.03","2.35","1.56"
"24219","10-04-22 21:00","Brazil","Serie A Betano","2022","Atletico-MG","Internacional","1.49","4.48","8.10","1.02","9.40","1.27","3.62","1.94","2.01","3.10","1.35","5.55","1.10","2.29","1.59"
"24220","10-04-22 21:00","Brazil","Serie A Betano","2022","Botafogo RJ","Corinthians","2.60","3.06","2.98","1.08","6.40","1.50","2.52","2.61","1.55","4.90","1.16","9.70","1.02","2.18","1.65"
"24221","10-04-22 16:00","Brazil","Serie A Betano","2022","Coritiba","Goias","2.03","3.30","4.02","1.08","7.30","1.51","2.73","2.39","1.55","4.50","1.16","8.90","1.03","2.24","1.62"
"24222","10-04-22 02:00","Brazil","Serie A Betano","2022","Palmeiras","Ceara","1.37","4.54","8.50","1.03","8.90","1.32","3.26","2.04","1.86","3.46","1.29","6.45","1.07","2.34","1.57"
"24223","10-04-22 00:00","Brazil","Serie A Betano","2022","Atletico GO","Flamengo RJ","3.94","3.50","1.96","1.04","8.30","1.36","3.04","2.16","1.77","3.70","1.26","7.10","1.06","1.97","1.80"
"26911","09-04-22 21:30","Brazil","Serie A Betano","2022","Fluminense","Santos","1.82","3.60","5.30","1.08","7.20","1.54","2.74","2.44","1.53","4.60","1.15","9.20","1.02","2.40","1.54"
"24224","10-12-21 01:30","Brazil","Serie A Betano","2021","America MG","Sao Paulo","2.12","3.30","3.68","1.05","8.40","1.40","2.85","2.24","1.65","4.10","1.21","8.50","1.05","2.03","1.75"
"24225","10-12-21 01:30","Brazil","Serie A Betano","2021","Atletico GO","Flamengo RJ","1.74","3.88","4.40","1.01","10.00","1.25","3.78","1.85","2.05","2.94","1.38","5.35","1.11","1.80","1.96"
"24226","10-12-21 01:30","Brazil","Serie A Betano","2021","Bragantino","Internacional","1.96","4.00","3.92","1.01","10.50","1.25","3.78","1.86","2.10","2.94","1.38","5.25","1.12","1.75","2.03"
"24227","10-12-21 01:30","Brazil","Serie A Betano","2021","Fluminense","Chapecoense-SC","1.20","6.85","16.00","","","1.20","4.40","1.68","2.31","2.57","1.48","4.40","1.16","2.75","1.43"
"24228","10-12-21 01:30","Brazil","Serie A Betano","2021","Fortaleza","Bahia","2.47","3.38","2.90","1.03","8.50","1.34","3.14","2.10","1.81","3.62","1.27","6.75","1.06","1.83","1.93"
"24229","10-12-21 01:30","Brazil","Serie A Betano","2021","Gremio","Atletico-MG","1.55","4.40","5.60","","","1.21","4.20","1.73","2.22","2.69","1.45","4.70","1.14","1.80","1.96"
"24230","10-12-21 01:30","Brazil","Serie A Betano","2021","Juventude","Corinthians","2.24","3.15","3.50","1.07","6.45","1.51","2.49","2.66","1.53","5.05","1.16","10.00","1.02","2.24","1.62"
"24231","10-12-21 01:30","Brazil","Serie A Betano","2021","Palmeiras","Ceara","3.92","3.78","1.89","1.01","10.50","1.25","3.78","1.84","2.07","2.94","1.38","5.30","1.11","1.73","2.05"
"24232","10-12-21 01:30","Brazil","Serie A Betano","2021","Santos","Cuiaba","2.05","3.24","4.02","1.07","6.55","1.50","2.52","2.64","1.54","5.00","1.16","9.90","1.02","2.30","1.59"
"24233","10-12-21 01:30","Brazil","Serie A Betano","2021","Sport Recife","Athletico-PR","1.74","3.64","5.10","1.04","7.80","1.39","2.90","2.27","1.70","4.10","1.22","7.70","1.05","2.20","1.64"
"24234","07-12-21 01:00","Brazil","Serie A Betano","2021","Chapecoense-SC","Sport Recife","2.98","3.15","2.53","1.06","6.90","1.47","2.60","2.51","1.59","4.64","1.18","9.20","1.03","2.13","1.68"
"24235","07-12-21 00:00","Brazil","Serie A Betano","2021","Cuiaba","Fortaleza","2.14","3.14","3.82","1.08","6.15","1.55","2.39","2.77","1.50","5.40","1.14","10.50","1.01","2.33","1.57"
"24236","07-12-21 00:00","Brazil","Serie A Betano","2021","Flamengo RJ","Santos","1.52","4.68","6.20","1.03","15.00","1.18","4.64","1.66","2.43","2.46","1.52","4.20","1.18","1.86","1.90"
"24237","07-12-21 00:00","Brazil","Serie A Betano","2021","Internacional","Atletico GO","1.58","4.04","5.90","1.03","9.00","1.31","3.32","2.02","1.88","3.40","1.30","6.30","1.08","2.05","1.73"
"24238","06-12-21 23:00","Brazil","Serie A Betano","2021","Athletico-PR","Palmeiras","1.40","4.60","7.90","1.02","9.30","1.30","3.40","1.98","1.91","3.32","1.31","6.10","1.08","2.24","1.62"
"24239","06-12-21 23:00","Brazil","Serie A Betano","2021","Sao Paulo","Juventude","1.69","3.62","5.60","1.06","7.00","1.46","2.64","2.48","1.60","4.60","1.18","9.00","1.03","2.50","1.50"
"24240","05-12-21 23:00","Brazil","Serie A Betano","2021","Ceara","America MG","2.13","3.34","3.60","1.05","7.60","1.41","2.82","2.31","1.68","4.10","1.22","8.00","1.04","2.04","1.74"
"24241","05-12-21 20:00","Brazil","Serie A Betano","2021","Atletico-MG","Bragantino","1.90","3.72","4.24","1.03","8.60","1.32","3.18","2.12","1.84","3.62","1.27","6.75","1.06","2.00","1.77"
"24242","05-12-21 20:00","Brazil","Serie A Betano","2021","Bahia","Fluminense","2.10","3.28","3.76","1.06","6.90","1.46","2.64","2.51","1.59","4.64","1.18","9.10","1.03","2.17","1.66"
"24243","05-12-21 20:00","Brazil","Serie A Betano","2021","Corinthians","Gremio","2.26","3.44","3.13","1.03","8.80","1.32","3.26","2.05","1.85","3.50","1.29","6.45","1.07","1.96","1.80"
"24244","04-12-21 01:00","Brazil","Serie A Betano","2021","Fortaleza","Juventude","1.77","3.64","4.80","1.04","7.90","1.38","2.94","2.23","1.73","3.88","1.24","7.50","1.05","2.38","1.55"
"24245","04-12-21 00:00","Brazil","Serie A Betano","2021","Chapecoense-SC","Atletico GO","3.96","3.46","1.97","1.04","7.90","1.38","2.94","2.24","1.72","3.98","1.23","7.60","1.05","2.02","1.76"
"24246","04-12-21 00:00","Brazil","Serie A Betano","2021","Sport Recife","Flamengo RJ","4.82","3.94","1.68","1.01","10.00","1.26","3.70","1.87","2.03","2.99","1.37","5.40","1.11","1.84","1.92"
"24247","03-12-21 23:00","Brazil","Serie A Betano","2021","Athletico-PR","Cuiaba","1.71","3.26","5.30","1.08","6.10","1.56","2.36","2.80","1.49","5.50","1.13","10.50","1.01","2.60","1.47"
"24248","03-12-21 00:00","Brazil","Serie A Betano","2021","Gremio","Sao Paulo","2.17","3.30","3.48","1.05","7.50","1.41","2.82","2.34","1.67","4.20","1.21","8.10","1.04","2.01","1.76"
"24249","02-12-21 22:00","Brazil","Serie A Betano","2021","Bahia","Atletico-MG","3.88","3.30","2.01","1.06","7.00","1.45","2.67","2.45","1.61","4.54","1.18","8.90","1.03","2.15","1.67"
"24250","01-12-21 02:00","Brazil","Serie A Betano","2021","Cuiaba","Palmeiras","1.75","3.44","5.15","1.06","7.20","1.44","2.70","2.41","1.63","4.44","1.19","8.70","1.04","2.24","1.62"
"24251","01-12-21 01:00","Brazil","Serie A Betano","2021","America MG","Chapecoense-SC","1.27","5.60","12.50","1.01","10.00","1.27","3.62","1.90","2.00","3.10","1.35","5.60","1.10","2.59","1.47"
"24252","01-12-21 00:00","Brazil","Serie A Betano","2021","Flamengo RJ","Ceara","1.47","4.54","6.65","1.01","11.00","1.22","4.10","1.77","2.16","2.78","1.42","4.84","1.13","1.92","1.84"
"24253","30-11-21 23:00","Brazil","Serie A Betano","2021","Juventude","Bragantino","2.40","3.13","3.24","1.07","6.45","1.51","2.49","2.66","1.53","5.05","1.16","10.00","1.02","2.20","1.64"
"24254","29-11-21 23:00","Brazil","Serie A Betano","2021","Atletico GO","Bahia","2.54","3.13","2.99","1.07","6.65","1.49","2.54","2.58","1.56","4.84","1.17","9.50","1.03","2.18","1.65"
"24255","28-11-21 23:00","Brazil","Serie A Betano","2021","Internacional","Santos","1.61","4.04","6.85","1.03","8.40","1.35","3.10","2.18","1.80","3.70","1.26","7.10","1.06","2.15","1.67"
"24256","28-11-21 20:00","Brazil","Serie A Betano","2021","Atletico-MG","Fluminense","1.40","4.80","10.00","1.04","8.10","1.37","2.99","2.25","1.79","3.88","1.24","7.30","1.05","2.63","1.46"
"24257","28-11-21 20:00","Brazil","Serie A Betano","2021","Corinthians","Athletico-PR","2.02","3.22","4.16","1.08","6.25","1.54","2.41","2.73","1.51","5.30","1.14","10.50","1.02","2.34","1.57"
"24258","28-11-21 01:30","Brazil","Serie A Betano","2021","Sao Paulo","Sport Recife","1.51","4.14","7.10","1.03","8.70","1.36","3.04","2.18","1.76","3.78","1.25","7.30","1.05","2.31","1.58"
"24259","27-11-21 23:30","Brazil","Serie A Betano","2021","Bragantino","America MG","2.00","3.44","3.90","1.04","7.90","1.38","2.94","2.24","1.72","3.88","1.24","7.50","1.05","2.00","1.77"
"24260","26-11-21 23:00","Brazil","Serie A Betano","2021","Bahia","Gremio","2.56","3.20","2.88","1.06","7.10","1.44","2.70","2.44","1.62","4.50","1.19","8.70","1.04","2.03","1.75"
"24261","26-11-21 00:00","Brazil","Serie A Betano","2021","Ceara","Corinthians","2.40","3.20","3.13","1.06","7.10","1.44","2.69","2.46","1.61","4.54","1.18","8.80","1.03","2.10","1.70"
"24262","25-11-21 23:00","Brazil","Serie A Betano","2021","Santos","Fortaleza","2.98","3.06","2.83","1.06","6.80","1.46","2.64","2.54","1.61","4.60","1.18","9.00","1.03","2.10","1.70"
"24263","25-11-21 01:30","Brazil","Serie A Betano","2021","Fluminense","Internacional","2.41","3.20","3.12","1.06","7.20","1.43","2.70","2.41","1.61","4.44","1.19","8.70","1.04","2.08","1.71"
"24264","25-11-21 01:30","Brazil","Serie A Betano","2021","Sao Paulo","Athletico-PR","1.88","3.34","4.64","1.06","6.50","1.50","2.49","2.64","1.52","5.05","1.16","9.90","1.02","2.38","1.55"
"24265","24-11-21 01:30","Brazil","Serie A Betano","2021","Palmeiras","Atletico-MG","4.78","3.72","1.80","1.03","8.80","1.32","3.26","2.09","1.87","3.50","1.29","6.55","1.07","1.94","1.82"
"24266","24-11-21 01:00","Brazil","Serie A Betano","2021","Gremio","Flamengo RJ","1.97","3.58","3.54","1.02","9.50","1.29","3.50","1.94","1.95","3.20","1.33","5.90","1.09","1.91","1.85"
"24267","23-11-21 23:00","Brazil","Serie A Betano","2021","Atletico GO","Juventude","2.18","2.98","3.96","1.11","6.10","1.58","2.53","2.60","1.47","4.90","1.13","9.90","1.02","2.25","1.61"
"24268","21-11-21 23:00","Brazil","Serie A Betano","2021","Bahia","Cuiaba","1.96","3.30","4.28","1.07","6.55","1.50","2.52","2.61","1.55","5.00","1.16","9.80","1.02","2.36","1.56"
"24269","21-11-21 21:00","Brazil","Serie A Betano","2021","Fluminense","America MG","2.27","3.24","3.36","1.06","7.20","1.44","2.70","2.41","1.63","4.44","1.19","8.70","1.04","2.10","1.70"
"24270","21-11-21 20:00","Brazil","Serie A Betano","2021","Corinthians","Santos","1.83","3.38","5.65","1.09","6.75","1.59","2.59","2.57","1.45","5.00","1.13","10.00","1.01","2.50","1.50"
"24271","21-11-21 01:30","Brazil","Serie A Betano","2021","Internacional","Flamengo RJ","4.10","3.50","2.03","1.04","8.30","1.37","2.90","2.27","1.73","4.10","1.22","7.70","1.05","1.99","1.78"
"24272","21-11-21 01:00","Brazil","Serie A Betano","2021","Atletico GO","Ceara","2.26","3.24","3.38","1.06","6.95","1.46","2.64","2.48","1.60","4.60","1.18","9.00","1.03","2.10","1.70"
"24273","20-11-21 23:00","Brazil","Serie A Betano","2021","Atletico-MG","Juventude","1.32","4.90","9.70","1.02","9.20","1.31","3.32","2.01","1.89","3.40","1.30","6.20","1.08","2.50","1.50"
"24274","20-11-21 23:00","Brazil","Serie A Betano","2021","Chapecoense-SC","Gremio","5.90","4.04","1.58","1.03","9.00","1.31","3.32","2.03","1.87","3.40","1.30","6.35","1.08","2.05","1.73"
"24275","20-11-21 23:00","Brazil","Serie A Betano","2021","Fortaleza","Palmeiras","2.60","3.30","2.77","1.04","7.80","1.38","2.94","2.24","1.72","3.98","1.23","7.60","1.05","1.95","1.81"
"24276","19-11-21 01:00","Brazil","Serie A Betano","2021","Sport Recife","Bahia","2.78","3.03","2.76","1.08","6.20","1.55","2.39","2.77","1.50","5.35","1.14","10.50","1.01","2.25","1.61"
"24277","18-11-21 01:30","Brazil","Serie A Betano","2021","Flamengo RJ","Corinthians","1.86","3.46","4.62","1.06","7.10","1.40","2.86","2.24","1.76","3.70","1.26","6.75","1.06","2.41","1.54"
"24278","18-11-21 00:30","Brazil","Serie A Betano","2021","Juventude","Fluminense","2.88","2.73","2.97","1.12","5.60","1.75","2.19","3.10","1.35","6.15","1.08","15.00","1.02","2.50","1.50"
"24279","18-11-21 00:30","Brazil","Serie A Betano","2021","Palmeiras","Sao Paulo","2.13","3.42","3.70","1.02","9.30","1.35","3.10","2.15","1.74","3.78","1.25","7.10","1.06","2.11","1.69"
"24280","18-11-21 00:00","Brazil","Serie A Betano","2021","Fortaleza","Ceara","2.46","2.96","3.15","1.07","6.50","1.45","2.67","2.46","1.61","4.50","1.19","8.70","1.04","2.22","1.63"
"24281","17-11-21 23:00","Brazil","Serie A Betano","2021","America MG","Atletico GO","1.61","3.98","5.50","1.02","9.10","1.31","3.32","2.01","1.89","3.32","1.31","6.20","1.08","1.99","1.78"
"24282","17-11-21 23:00","Brazil","Serie A Betano","2021","Cuiaba","Internacional","2.63","3.13","2.88","1.07","6.55","1.50","2.52","2.61","1.55","5.00","1.16","9.80","1.02","2.20","1.64"
"24283","17-11-21 23:00","Brazil","Serie A Betano","2021","Santos","Chapecoense-SC","1.35","4.70","8.70","1.02","9.10","1.31","3.32","2.02","1.88","3.40","1.30","6.25","1.08","2.60","1.47"
"24284","16-11-21 22:00","Brazil","Serie A Betano","2021","Gremio","Bragantino","1.53","4.20","5.80","1.02","9.60","1.28","3.54","1.94","1.95","3.18","1.33","5.80","1.09","2.04","1.74"
"24285","16-11-21 20:00","Brazil","Serie A Betano","2021","Athletico-PR","Atletico-MG","6.40","4.14","1.51","1.03","8.90","1.32","3.26","2.05","1.84","3.50","1.29","6.45","1.07","2.13","1.68"
"24286","14-11-21 23:00","Brazil","Serie A Betano","2021","Ceara","Sport Recife","1.85","3.48","4.58","1.07","7.80","1.47","2.88","2.28","1.59","4.14","1.18","8.30","1.04","2.33","1.57"
"24287","14-11-21 23:00","Brazil","Serie A Betano","2021","Chapecoense-SC","Juventude","3.44","3.24","2.21","1.08","7.50","1.49","2.80","2.34","1.57","4.34","1.17","8.70","1.03","2.17","1.66"
"24288","14-11-21 22:15","Brazil","Serie A Betano","2021","Fluminense","Palmeiras","3.16","3.30","2.50","1.05","7.30","1.41","2.82","2.38","1.62","4.20","1.21","8.10","1.04","2.00","1.77"
"24289","14-11-21 20:00","Brazil","Serie A Betano","2021","Sao Paulo","Flamengo RJ","2.78","3.46","2.70","1.03","8.70","1.31","3.32","2.05","1.88","3.40","1.30","6.25","1.08","1.87","1.89"
"24290","14-11-21 01:00","Brazil","Serie A Betano","2021","Corinthians","Cuiaba","1.65","3.50","6.30","1.09","6.00","1.58","2.32","2.88","1.47","5.60","1.13","11.00","1.01","2.75","1.43"
"24291","13-11-21 23:00","Brazil","Serie A Betano","2021","Bragantino","Fortaleza","2.11","3.32","3.60","1.05","7.40","1.42","2.78","2.35","1.60","4.20","1.21","8.20","1.04","2.07","1.72"
"24292","13-11-21 23:00","Brazil","Serie A Betano","2021","Internacional","Athletico-PR","2.20","3.17","3.66","1.07","6.45","1.51","2.49","2.66","1.53","5.05","1.16","10.00","1.02","2.24","1.62"
"24293","13-11-21 22:30","Brazil","Serie A Betano","2021","America MG","Gremio","2.06","3.32","3.72","1.06","7.20","1.44","2.70","2.41","1.63","4.44","1.19","8.70","1.04","2.10","1.70"
"24294","13-11-21 21:00","Brazil","Serie A Betano","2021","Atletico GO","Santos","2.17","3.28","3.48","1.05","7.30","1.43","2.74","2.38","1.64","4.40","1.20","8.40","1.03","2.04","1.74"
"24295","11-11-21 23:00","Brazil","Serie A Betano","2021","Flamengo RJ","Bahia","1.53","4.24","5.50","1.01","10.50","1.24","3.88","1.81","2.10","2.86","1.40","5.10","1.12","1.97","1.80"
"24296","11-11-21 01:30","Brazil","Serie A Betano","2021","Fortaleza","Sao Paulo","2.64","3.13","2.90","1.07","6.65","1.46","2.64","2.48","1.60","4.54","1.18","8.90","1.03","2.07","1.72"
"24297","11-11-21 01:30","Brazil","Serie A Betano","2021","Juventude","Internacional","2.69","2.85","3.06","1.13","5.50","1.71","2.26","2.99","1.37","6.00","1.11","13.50","1.03","2.38","1.55"
"24298","11-11-21 01:30","Brazil","Serie A Betano","2021","Sport Recife","America MG","3.01","3.13","2.53","1.06","6.70","1.48","2.57","2.56","1.57","4.80","1.17","9.50","1.03","2.13","1.68"
"24299","11-11-21 00:30","Brazil","Serie A Betano","2021","Palmeiras","Atletico GO","1.35","4.80","8.40","1.02","9.90","1.27","3.62","1.92","1.97","3.10","1.35","5.65","1.10","2.29","1.59"
"24300","10-11-21 23:00","Brazil","Serie A Betano","2021","Atletico-MG","Corinthians","1.50","3.90","8.40","1.05","7.30","1.43","2.74","2.43","1.66","4.40","1.20","8.40","1.03","2.49","1.51"
"24301","10-11-21 23:00","Brazil","Serie A Betano","2021","Santos","Bragantino","2.63","3.20","3.02","1.05","7.60","1.35","3.10","2.18","1.80","3.62","1.27","6.85","1.06","1.91","1.85"
"24302","10-11-21 22:30","Brazil","Serie A Betano","2021","Athletico-PR","Ceara","1.81","3.52","4.68","1.05","7.40","1.40","2.78","2.38","1.65","4.20","1.21","8.20","1.04","2.22","1.63"
"24303","10-11-21 01:30","Brazil","Serie A Betano","2021","Gremio","Fluminense","2.44","2.82","3.46","1.09","5.90","1.51","2.49","2.66","1.53","4.90","1.16","9.60","1.02","2.21","1.63"
"24304","09-11-21 00:00","Brazil","Serie A Betano","2021","Chapecoense-SC","Flamengo RJ","8.50","5.00","1.33","1.01","11.00","1.23","3.98","1.78","2.14","2.78","1.42","4.94","1.13","2.20","1.64"
"24305","08-11-21 00:30","Brazil","Serie A Betano","2021","Ceara","Cuiaba","1.94","3.32","4.26","1.08","7.10","1.53","2.67","2.46","1.52","4.64","1.15","9.30","1.02","2.30","1.59"
"24306","07-11-21 22:15","Brazil","Serie A Betano","2021","Bahia","Sao Paulo","3.00","3.20","2.50","1.08","7.50","1.49","2.80","2.36","1.56","4.40","1.17","8.70","1.03","2.15","1.67"
"24307","07-11-21 20:00","Brazil","Serie A Betano","2021","Atletico-MG","America MG","1.65","3.84","5.35","1.03","8.40","1.35","3.10","2.13","1.79","3.70","1.26","6.95","1.06","2.24","1.62"
"24308","07-11-21 20:00","Brazil","Serie A Betano","2021","Bragantino","Athletico-PR","2.16","3.30","3.54","1.05","7.50","1.42","2.78","2.34","1.66","4.20","1.21","8.10","1.04","2.01","1.76"
"24309","07-11-21 20:00","Brazil","Serie A Betano","2021","Santos","Palmeiras","3.80","3.44","2.15","1.05","7.50","1.40","2.86","2.33","1.70","4.10","1.22","7.80","1.04","2.02","1.76"
"24310","07-11-21 01:00","Brazil","Serie A Betano","2021","Fluminense","Sport Recife","1.75","3.34","5.75","1.08","6.05","1.53","2.44","2.70","1.52","5.15","1.15","10.00","1.02","2.55","1.49"
"24311","06-11-21 23:00","Brazil","Serie A Betano","2021","Internacional","Gremio","2.33","3.10","3.40","1.07","6.55","1.47","2.60","2.53","1.58","4.70","1.18","9.20","1.03","2.13","1.68"
"24312","06-11-21 21:00","Brazil","Serie A Betano","2021","Corinthians","Fortaleza","1.86","3.54","5.10","1.08","7.10","1.55","2.70","2.46","1.52","4.70","1.14","9.40","1.02","2.38","1.55"
"24313","06-11-21 01:30","Brazil","Serie A Betano","2021","Flamengo RJ","Atletico GO","1.33","5.15","8.50","","","1.21","4.20","1.73","2.23","2.69","1.45","4.64","1.15","2.25","1.61"
"24314","05-11-21 01:00","Brazil","Serie A Betano","2021","Cuiaba","Chapecoense-SC","1.65","3.64","5.75","1.06","7.00","1.46","2.64","2.48","1.60","4.60","1.18","9.00","1.03","2.48","1.51"
"24315","04-11-21 01:00","Brazil","Serie A Betano","2021","Atletico-MG","Gremio","1.40","4.44","7.90","1.03","8.90","1.32","3.26","2.05","1.85","3.50","1.29","6.45","1.07","2.28","1.60"
"24316","02-11-21 20:00","Brazil","Serie A Betano","2021","Athletico-PR","Flamengo RJ","3.26","3.34","2.26","1.04","8.10","1.37","2.99","2.19","1.75","3.78","1.25","7.30","1.05","1.90","1.86"
"24317","02-11-21 01:30","Brazil","Serie A Betano","2021","Corinthians","Chapecoense-SC","1.38","4.64","8.90","1.03","8.90","1.32","3.26","2.04","1.86","3.46","1.29","6.40","1.08","2.38","1.55"
"24318","02-11-21 00:00","Brazil","Serie A Betano","2021","Cuiaba","Bragantino","2.52","3.09","2.96","1.06","6.75","1.47","2.57","2.53","1.58","4.74","1.17","9.30","1.03","2.12","1.69"
"24319","01-11-21 00:30","Brazil","Serie A Betano","2021","Sport Recife","Atletico GO","2.45","2.99","3.30","1.12","5.95","1.66","2.34","2.86","1.40","6.00","1.11","13.50","1.03","2.40","1.54"
"24320","31-10-21 22:15","Brazil","Serie A Betano","2021","Sao Paulo","Internacional","1.83","3.64","5.10","1.04","7.80","1.40","2.86","2.33","1.70","4.10","1.22","7.90","1.04","2.14","1.67"
"24321","31-10-21 20:00","Brazil","Serie A Betano","2021","Ceara","Fluminense","2.31","3.18","3.34","1.08","7.10","1.53","2.67","2.46","1.52","4.70","1.14","9.40","1.02","2.16","1.66"
"24322","31-10-21 20:00","Brazil","Serie A Betano","2021","Gremio","Palmeiras","2.86","3.32","2.50","1.04","8.10","1.37","2.99","2.21","1.74","3.88","1.24","7.30","1.05","1.91","1.85"
"24323","31-10-21 02:00","Brazil","Serie A Betano","2021","America MG","Fortaleza","2.11","3.30","3.62","1.06","7.20","1.43","2.74","2.41","1.63","4.40","1.20","8.40","1.03","2.05","1.73"
"24324","31-10-21 00:15","Brazil","Serie A Betano","2021","Juventude","Bahia","2.48","3.08","3.13","1.08","6.10","1.56","2.36","2.80","1.49","5.45","1.14","10.50","1.01","2.22","1.63"
"24325","31-10-21 00:00","Brazil","Serie A Betano","2021","Flamengo RJ","Atletico-MG","2.31","3.44","3.36","1.04","7.90","1.38","2.94","2.27","1.74","3.98","1.23","7.50","1.05","1.91","1.85"
"24326","30-10-21 22:00","Brazil","Serie A Betano","2021","Athletico-PR","Santos","1.85","3.44","4.64","1.06","7.10","1.45","2.69","2.45","1.62","4.50","1.19","8.80","1.03","2.20","1.64"
"24327","29-10-21 00:00","Brazil","Serie A Betano","2021","Bragantino","Sport Recife","1.47","4.14","7.10","1.03","8.40","1.35","3.10","2.15","1.78","3.70","1.26","7.00","1.06","2.28","1.60"
"24328","28-10-21 00:00","Brazil","Serie A Betano","2021","Bahia","Ceara","2.06","3.32","3.72","1.05","7.30","1.43","2.74","2.39","1.64","4.34","1.20","8.30","1.04","2.07","1.72"
"24329","28-10-21 00:00","Brazil","Serie A Betano","2021","Santos","Fluminense","2.53","3.06","3.07","1.08","6.30","1.52","2.44","2.73","1.51","5.25","1.14","10.50","1.02","2.22","1.63"
"24330","26-10-21 02:30","Brazil","Serie A Betano","2021","Palmeiras","Sport Recife","1.35","4.84","9.00","1.02","9.70","1.28","3.54","1.93","1.95","3.18","1.33","5.75","1.09","2.40","1.54"
"24331","26-10-21 01:00","Brazil","Serie A Betano","2021","Atletico GO","Gremio","2.68","3.12","2.79","1.06","6.75","1.48","2.57","2.56","1.57","4.80","1.17","9.40","1.03","2.09","1.70"
"24332","25-10-21 01:30","Brazil","Serie A Betano","2021","Bahia","Chapecoense-SC","1.47","4.30","7.00","1.02","9.20","1.31","3.32","2.01","1.89","3.32","1.31","6.20","1.08","2.16","1.66"
"24333","24-10-21 23:15","Brazil","Serie A Betano","2021","Bragantino","Sao Paulo","2.75","3.24","2.64","1.05","7.70","1.40","2.86","2.29","1.69","4.10","1.22","7.80","1.04","1.96","1.80"
"24334","24-10-21 21:00","Brazil","Serie A Betano","2021","Atletico-MG","Cuiaba","1.30","4.94","11.00","1.02","9.10","1.29","3.46","1.95","1.94","3.20","1.33","5.85","1.09","2.55","1.49"
"24335","24-10-21 21:00","Brazil","Serie A Betano","2021","Internacional","Corinthians","2.21","3.26","3.88","1.06","6.80","1.47","2.60","2.57","1.60","4.70","1.18","9.20","1.03","2.16","1.66"
"24336","24-10-21 00:15","Brazil","Serie A Betano","2021","Fortaleza","Athletico-PR","1.57","3.94","6.40","1.04","7.90","1.38","2.94","2.24","1.72","3.98","1.23","7.50","1.05","2.26","1.61"
"24337","24-10-21 00:00","Brazil","Serie A Betano","2021","Fluminense","Flamengo RJ","5.00","3.44","1.81","1.05","7.30","1.44","2.70","2.47","1.64","4.50","1.19","8.70","1.04","2.11","1.69"
"24338","23-10-21 22:00","Brazil","Serie A Betano","2021","Juventude","Ceara","2.60","3.05","2.98","1.08","6.20","1.54","2.41","2.77","1.50","5.35","1.14","10.50","1.01","2.28","1.60"
"24339","23-10-21 22:00","Brazil","Serie A Betano","2021","Santos","America MG","2.45","3.18","3.09","1.06","6.85","1.47","2.60","2.51","1.59","4.70","1.18","9.20","1.03","2.14","1.67"
"24340","22-10-21 01:00","Brazil","Serie A Betano","2021","Internacional","Bragantino","1.84","3.60","4.22","1.03","8.50","1.34","3.14","2.11","1.80","3.62","1.27","6.80","1.06","1.97","1.80"
"24341","21-10-21 00:00","Brazil","Serie A Betano","2021","Ceara","Palmeiras","3.05","3.24","2.42","1.05","7.60","1.41","2.82","2.31","1.68","4.10","1.22","7.90","1.04","2.06","1.73"
"24342","19-10-21 01:00","Brazil","Serie A Betano","2021","Sao Paulo","Corinthians","2.15","3.20","4.06","1.09","6.50","1.57","2.62","2.57","1.48","4.84","1.14","9.80","1.02","2.24","1.62"
"24343","18-10-21 01:30","Brazil","Serie A Betano","2021","Flamengo RJ","Cuiaba","1.23","5.95","12.00","","","1.21","4.20","1.72","2.24","2.67","1.45","4.64","1.15","2.69","1.44"
"24344","18-10-21 01:30","Brazil","Serie A Betano","2021","Sport Recife","Santos","2.56","3.04","3.04","1.08","6.05","1.56","2.36","2.80","1.49","5.50","1.13","10.50","1.01","2.28","1.60"
"24345","17-10-21 23:15","Brazil","Serie A Betano","2021","Atletico GO","Atletico-MG","4.86","3.50","1.71","1.05","7.30","1.43","2.74","2.39","1.64","4.40","1.20","8.40","1.03","2.20","1.64"
"24346","17-10-21 23:15","Brazil","Serie A Betano","2021","Ceara","Bragantino","2.21","3.30","3.38","1.05","7.50","1.41","2.82","2.35","1.66","4.20","1.21","8.10","1.04","2.01","1.76"
"24347","17-10-21 23:15","Brazil","Serie A Betano","2021","Gremio","Juventude","1.74","3.42","5.30","1.07","6.45","1.52","2.46","2.67","1.53","5.10","1.15","10.00","1.02","2.50","1.50"
"24348","17-10-21 21:00","Brazil","Serie A Betano","2021","Athletico-PR","Fluminense","2.51","3.13","3.06","1.07","6.50","1.50","2.52","2.64","1.54","5.00","1.16","9.90","1.02","2.20","1.64"
"24349","17-10-21 21:00","Brazil","Serie A Betano","2021","Palmeiras","Internacional","1.79","3.86","4.98","1.03","8.90","1.32","3.26","2.06","1.89","3.46","1.29","6.45","1.07","1.95","1.81"
"24350","17-10-21 02:00","Brazil","Serie A Betano","2021","America MG","Bahia","2.07","3.42","3.70","1.04","7.90","1.38","2.94","2.24","1.72","3.88","1.24","7.50","1.05","2.00","1.77"
"24351","17-10-21 00:00","Brazil","Serie A Betano","2021","Chapecoense-SC","Fortaleza","4.82","3.64","1.74","1.03","8.20","1.36","3.04","2.18","1.76","3.78","1.25","7.20","1.06","2.07","1.72"
"24352","15-10-21 00:00","Brazil","Serie A Betano","2021","Cuiaba","Sport Recife","2.13","2.88","4.32","1.13","5.65","1.62","2.45","2.70","1.44","5.10","1.12","10.00","1.01","2.47","1.52"
"24353","15-10-21 00:00","Brazil","Serie A Betano","2021","Sao Paulo","Ceara","1.69","3.58","5.25","1.05","7.30","1.42","2.74","2.39","1.63","4.40","1.20","8.40","1.03","2.37","1.56"
"24354","14-10-21 02:30","Brazil","Serie A Betano","2021","Internacional","America MG","1.94","3.46","3.96","1.04","7.90","1.38","2.94","2.24","1.72","3.88","1.24","7.50","1.05","2.09","1.70"
"24355","14-10-21 02:00","Brazil","Serie A Betano","2021","Corinthians","Fluminense","2.00","3.24","4.72","1.11","6.15","1.60","2.57","2.64","1.46","4.94","1.13","10.00","1.01","2.40","1.54"
"24356","14-10-21 01:30","Brazil","Serie A Betano","2021","Fortaleza","Gremio","1.82","3.48","4.40","1.05","7.50","1.42","2.78","2.35","1.66","4.20","1.21","8.10","1.04","2.16","1.66"
"24357","14-10-21 00:00","Brazil","Serie A Betano","2021","Atletico-MG","Santos","1.37","4.76","10.00","1.03","8.90","1.34","3.14","2.10","1.80","3.70","1.26","7.00","1.06","2.36","1.56"
"24358","14-10-21 00:00","Brazil","Serie A Betano","2021","Chapecoense-SC","Athletico-PR","3.84","3.40","1.98","1.05","7.70","1.39","2.90","2.27","1.70","4.10","1.22","7.70","1.05","2.03","1.75"
"24359","14-10-21 00:00","Brazil","Serie A Betano","2021","Flamengo RJ","Juventude","1.33","4.80","9.20","1.02","9.10","1.31","3.32","2.02","1.88","3.40","1.30","6.25","1.08","2.42","1.54"
"24360","13-10-21 02:30","Brazil","Serie A Betano","2021","Bahia","Palmeiras","3.13","3.26","2.33","1.04","8.00","1.35","3.10","2.13","1.79","3.62","1.27","6.85","1.06","1.94","1.82"
"24361","13-10-21 00:00","Brazil","Serie A Betano","2021","Bragantino","Atletico GO","1.74","3.62","4.96","1.05","7.70","1.40","2.86","2.29","1.69","4.10","1.22","7.80","1.04","2.20","1.64"
"24362","12-10-21 01:00","Brazil","Serie A Betano","2021","Cuiaba","Sao Paulo","3.62","3.12","2.22","1.07","6.45","1.47","2.57","2.56","1.57","4.74","1.17","9.30","1.03","2.15","1.67"
"24363","10-10-21 21:00","Brazil","Serie A Betano","2021","Santos","Gremio","2.68","3.09","2.83","1.06","6.80","1.42","2.70","2.44","1.62","4.40","1.20","8.40","1.03","2.04","1.74"
"24364","10-10-21 16:00","Brazil","Serie A Betano","2021","Internacional","Chapecoense-SC","1.42","4.60","8.00","1.01","10.50","1.25","3.78","1.85","2.05","2.99","1.37","5.35","1.11","2.20","1.64"
"24365","10-10-21 02:00","Brazil","Serie A Betano","2021","Juventude","America MG","3.04","2.94","2.64","1.11","6.05","1.62","2.45","2.70","1.44","5.25","1.12","10.50","1.01","2.26","1.61"
"24366","10-10-21 02:00","Brazil","Serie A Betano","2021","Palmeiras","Bragantino","1.85","3.70","4.86","1.02","9.60","1.28","3.54","1.98","1.97","3.20","1.33","5.85","1.09","1.83","1.93"
"24367","10-10-21 00:00","Brazil","Serie A Betano","2021","Athletico-PR","Bahia","1.68","3.70","5.50","1.04","8.00","1.35","3.10","2.13","1.79","3.62","1.27","6.85","1.06","2.12","1.69"
"24368","10-10-21 00:00","Brazil","Serie A Betano","2021","Fortaleza","Flamengo RJ","3.11","3.32","2.50","1.05","7.60","1.36","3.02","2.22","1.77","3.78","1.25","7.10","1.06","1.94","1.82"
"24369","09-10-21 21:30","Brazil","Serie A Betano","2021","Atletico-MG","Ceara","1.47","4.00","7.70","1.05","7.60","1.39","2.90","2.24","1.72","3.88","1.24","7.40","1.05","2.46","1.52"
"24370","09-10-21 21:30","Brazil","Serie A Betano","2021","Fluminense","Atletico GO","1.96","3.18","4.50","1.08","6.10","1.53","2.44","2.70","1.52","5.10","1.15","10.00","1.02","2.35","1.56"
"24371","09-10-21 21:30","Brazil","Serie A Betano","2021","Sport Recife","Corinthians","4.08","2.92","2.18","1.11","5.45","1.59","2.30","2.91","1.46","5.55","1.13","11.00","1.01","2.40","1.54"
"24372","07-10-21 23:30","Brazil","Serie A Betano","2021","Sao Paulo","Santos","1.78","3.54","5.70","1.05","7.50","1.38","2.94","2.24","1.76","3.78","1.25","7.30","1.05","2.15","1.67"
"24373","07-10-21 02:30","Brazil","Serie A Betano","2021","America MG","Palmeiras","2.78","3.18","2.66","1.06","7.20","1.41","2.78","2.38","1.65","4.20","1.21","8.20","1.04","2.00","1.77"
"24374","07-10-21 02:30","Brazil","Serie A Betano","2021","Fluminense","Fortaleza","2.42","3.13","3.19","1.06","6.80","1.44","2.70","2.45","1.62","4.44","1.19","8.70","1.04","2.12","1.69"
"24375","07-10-21 02:30","Brazil","Serie A Betano","2021","Gremio","Cuiaba","1.56","3.88","6.75","1.05","7.50","1.39","2.90","2.26","1.71","3.88","1.24","7.50","1.05","2.33","1.57"
"24376","07-10-21 01:30","Brazil","Serie A Betano","2021","Bragantino","Flamengo RJ","3.36","3.48","2.27","1.03","8.90","1.27","3.46","1.98","1.94","3.26","1.32","5.95","1.09","1.79","1.98"
"24377","07-10-21 00:00","Brazil","Serie A Betano","2021","Atletico GO","Athletico-PR","2.70","2.98","2.91","1.08","6.10","1.52","2.46","2.67","1.53","5.05","1.16","10.00","1.02","2.24","1.62"
"24378","07-10-21 00:00","Brazil","Serie A Betano","2021","Ceara","Internacional","2.38","2.97","3.19","1.07","6.55","1.47","2.60","2.51","1.59","4.64","1.18","9.10","1.03","2.10","1.70"
"24379","07-10-21 00:00","Brazil","Serie A Betano","2021","Chapecoense-SC","Atletico-MG","7.00","4.30","1.44","1.02","9.10","1.31","3.32","2.01","1.89","3.38","1.30","6.25","1.08","2.27","1.60"
"24380","07-10-21 00:00","Brazil","Serie A Betano","2021","Sport Recife","Juventude","2.53","2.81","3.38","1.15","5.20","1.77","2.16","3.18","1.33","6.50","1.09","14.50","1.03","2.63","1.46"
"24381","06-10-21 02:30","Brazil","Serie A Betano","2021","Corinthians","Bahia","1.60","3.64","6.05","1.04","7.60","1.39","2.86","2.28","1.68","4.10","1.22","7.80","1.04","2.36","1.56"
"24382","04-10-21 01:30","Brazil","Serie A Betano","2021","Gremio","Sport Recife","1.44","4.30","7.90","1.04","8.00","1.38","2.94","2.23","1.73","3.88","1.24","7.50","1.05","2.60","1.47"
"24383","03-10-21 23:15","Brazil","Serie A Betano","2021","Palmeiras","Juventude","1.41","4.32","7.90","1.03","8.40","1.35","3.10","2.13","1.79","3.70","1.26","6.90","1.06","2.39","1.55"
"24384","03-10-21 21:00","Brazil","Serie A Betano","2021","Chapecoense-SC","Sao Paulo","4.24","3.50","1.90","1.05","7.70","1.40","2.86","2.27","1.70","4.10","1.22","7.80","1.04","2.20","1.64"
"24385","03-10-21 21:00","Brazil","Serie A Betano","2021","Flamengo RJ","Athletico-PR","1.21","6.60","12.50","1.03","17.00","1.13","5.00","1.50","2.52","2.33","1.67","3.78","1.25","2.11","1.69"
"24386","03-10-21 02:00","Brazil","Serie A Betano","2021","Atletico-MG","Internacional","1.58","4.12","6.55","1.03","8.70","1.36","3.04","2.19","1.79","3.78","1.25","7.20","1.06","2.20","1.64"
"24387","03-10-21 00:00","Brazil","Serie A Betano","2021","Bragantino","Corinthians","3.00","3.16","2.74","1.07","6.45","1.50","2.52","2.65","1.57","4.90","1.16","9.70","1.02","2.11","1.69"
"24388","02-10-21 22:00","Brazil","Serie A Betano","2021","Cuiaba","America MG","2.86","3.10","2.65","1.07","6.55","1.50","2.52","2.61","1.55","5.00","1.16","9.80","1.02","2.20","1.64"
"24389","02-10-21 22:00","Brazil","Serie A Betano","2021","Fortaleza","Atletico GO","1.64","3.84","5.75","1.04","7.90","1.38","2.94","2.23","1.73","3.88","1.24","7.50","1.05","2.31","1.58"
"24390","27-09-21 01:30","Brazil","Serie A Betano","2021","Atletico GO","Cuiaba","2.42","2.88","3.50","1.13","5.70","1.64","2.39","2.78","1.42","5.35","1.11","","","2.38","1.55"
"24391","26-09-21 23:15","Brazil","Serie A Betano","2021","Athletico-PR","Gremio","3.03","3.10","2.53","1.07","6.45","1.50","2.49","2.64","1.54","5.05","1.16","9.90","1.02","2.18","1.65"
"24392","26-09-21 23:15","Brazil","Serie A Betano","2021","Sport Recife","Fortaleza","3.78","3.22","2.11","1.09","7.00","1.54","2.64","2.49","1.51","4.70","1.14","9.50","1.02","2.20","1.64"
"24393","26-09-21 21:00","Brazil","Serie A Betano","2021","Fluminense","Bragantino","1.81","3.48","4.82","1.06","7.00","1.46","2.64","2.48","1.60","4.60","1.18","9.00","1.03","2.22","1.63"
"24394","26-09-21 21:00","Brazil","Serie A Betano","2021","Internacional","Bahia","1.80","3.62","4.58","1.04","8.20","1.36","3.04","2.18","1.76","3.78","1.25","7.20","1.06","2.10","1.70"
"24395","26-09-21 21:00","Brazil","Serie A Betano","2021","Juventude","Santos","2.94","3.02","2.64","1.09","6.05","1.57","2.34","2.84","1.48","5.55","1.13","11.00","1.01","2.28","1.60"
"24396","26-09-21 16:00","Brazil","Serie A Betano","2021","America MG","Flamengo RJ","3.72","3.58","1.98","1.03","9.00","1.31","3.32","2.02","1.88","3.40","1.30","6.30","1.08","1.96","1.80"
"24397","26-09-21 02:00","Brazil","Serie A Betano","2021","Sao Paulo","Atletico-MG","3.64","3.17","2.32","1.08","6.15","1.59","2.58","2.77","1.56","5.10","1.15","10.00","1.02","2.20","1.64"
"24398","26-09-21 00:00","Brazil","Serie A Betano","2021","Corinthians","Palmeiras","3.20","3.10","2.64","1.08","6.20","1.48","2.52","2.65","1.57","4.80","1.17","9.50","1.03","2.15","1.67"
"24399","25-09-21 22:00","Brazil","Serie A Betano","2021","Ceara","Chapecoense-SC","1.82","3.52","4.68","1.05","7.40","1.42","2.78","2.35","1.66","4.20","1.21","8.20","1.04","2.24","1.62"
"24400","23-09-21 01:30","Brazil","Serie A Betano","2021","Sao Paulo","America MG","1.99","3.42","3.88","1.05","7.70","1.39","2.90","2.27","1.70","4.10","1.22","7.70","1.05","2.00","1.77"
"24401","21-09-21 01:00","Brazil","Serie A Betano","2021","Cuiaba","Fluminense","3.26","2.86","2.52","1.11","5.30","1.61","2.22","3.04","1.43","6.05","1.11","","","2.46","1.52"
"24402","20-09-21 01:30","Brazil","Serie A Betano","2021","Flamengo RJ","Gremio","1.42","4.74","8.10","","","1.24","3.88","1.84","2.12","2.90","1.39","5.20","1.12","2.00","1.77"
"24403","19-09-21 23:15","Brazil","Serie A Betano","2021","Corinthians","America MG","1.99","3.24","4.08","1.08","7.10","1.52","2.66","2.49","1.51","4.70","1.14","9.40","1.02","2.32","1.58"
"24404","19-09-21 21:00","Brazil","Serie A Betano","2021","Sao Paulo","Atletico GO","1.58","4.04","7.40","1.03","8.40","1.39","2.90","2.31","1.72","4.10","1.22","8.00","1.04","2.38","1.55"
"24405","19-09-21 16:00","Brazil","Serie A Betano","2021","Internacional","Fortaleza","2.02","3.46","3.80","1.04","8.10","1.36","3.02","2.19","1.75","3.78","1.25","7.30","1.05","2.00","1.77"
"24406","19-09-21 02:00","Brazil","Serie A Betano","2021","Bahia","Bragantino","2.37","3.32","3.09","1.04","7.90","1.38","2.94","2.23","1.73","3.88","1.24","7.50","1.05","1.94","1.82"
"24407","19-09-21 02:00","Brazil","Serie A Betano","2021","Ceara","Santos","2.34","3.14","3.34","1.07","6.50","1.51","2.49","2.64","1.54","5.05","1.16","9.90","1.02","2.20","1.64"
"24408","19-09-21 00:00","Brazil","Serie A Betano","2021","Atletico-MG","Sport Recife","1.26","5.60","12.50","1.02","9.80","1.28","3.54","1.93","1.96","3.18","1.33","5.75","1.10","2.80","1.41"
"24409","18-09-21 23:45","Brazil","Serie A Betano","2021","Athletico-PR","Juventude","2.12","3.13","3.92","1.10","6.30","1.62","2.45","2.70","1.44","5.30","1.11","10.50","1.01","2.38","1.55"
"24410","18-09-21 22:00","Brazil","Serie A Betano","2021","Chapecoense-SC","Palmeiras","5.60","4.00","1.59","1.02","9.10","1.31","3.32","2.02","1.88","3.40","1.30","6.30","1.08","2.01","1.76"
"24411","14-09-21 01:00","Brazil","Serie A Betano","2021","Sport Recife","Internacional","3.68","3.13","2.18","1.08","6.20","1.53","2.41","2.72","1.51","5.30","1.14","10.50","1.02","2.29","1.59"
"24412","13-09-21 01:30","Brazil","Serie A Betano","2021","Fluminense","Sao Paulo","3.22","3.06","2.44","1.10","6.40","1.58","2.46","2.70","1.44","5.25","1.12","10.50","1.01","2.26","1.61"
"24413","12-09-21 23:15","Brazil","Serie A Betano","2021","Atletico GO","Corinthians","3.10","2.91","2.61","1.13","5.55","1.73","2.21","3.10","1.35","6.40","1.10","14.50","1.03","2.50","1.50"
"24414","12-09-21 21:00","Brazil","Serie A Betano","2021","Fortaleza","Atletico-MG","3.38","3.20","2.45","1.07","6.55","1.47","2.60","2.57","1.60","4.64","1.18","9.10","1.03","2.10","1.70"
"24415","12-09-21 21:00","Brazil","Serie A Betano","2021","Palmeiras","Flamengo RJ","2.33","3.44","3.14","1.02","9.80","1.24","3.88","1.85","2.11","2.86","1.40","5.05","1.13","1.75","2.03"
"24416","12-09-21 16:00","Brazil","Serie A Betano","2021","Gremio","Ceara","2.13","3.24","3.70","1.06","6.85","1.47","2.60","2.51","1.59","4.70","1.18","9.20","1.03","2.18","1.65"
"24417","12-09-21 02:00","Brazil","Serie A Betano","2021","Santos","Bahia","2.34","3.34","3.07","1.03","8.40","1.35","3.10","2.13","1.79","3.70","1.26","6.90","1.06","1.85","1.91"
"24418","12-09-21 00:00","Brazil","Serie A Betano","2021","Bragantino","Chapecoense-SC","1.57","4.00","5.60","1.02","9.20","1.31","3.32","2.01","1.89","3.32","1.31","6.20","1.08","2.05","1.73"
"24419","11-09-21 22:00","Brazil","Serie A Betano","2021","Juventude","Cuiaba","2.43","2.94","3.40","1.11","5.40","1.67","2.16","3.18","1.40","6.45","1.10","14.50","1.03","2.50","1.50"
"24420","11-09-21 21:00","Brazil","Serie A Betano","2021","America MG","Athletico-PR","2.48","3.20","3.02","1.06","7.20","1.44","2.70","2.44","1.62","4.50","1.19","8.70","1.04","2.06","1.73"
"24421","08-09-21 02:30","Brazil","Serie A Betano","2021","Chapecoense-SC","Fluminense","4.12","3.22","1.98","1.07","6.50","1.51","2.49","2.64","1.54","5.05","1.16","9.90","1.02","2.26","1.61"
"24422","08-09-21 02:30","Brazil","Serie A Betano","2021","Corinthians","Juventude","1.61","3.46","7.60","1.11","6.05","1.64","2.43","2.78","1.42","5.45","1.11","","","2.90","1.39"
"24423","05-09-21 23:15","Brazil","Serie A Betano","2021","Athletico-PR","Sport Recife","1.66","3.68","5.65","1.06","7.20","1.44","2.70","2.41","1.63","4.44","1.19","8.60","1.04","2.40","1.54"
"24424","05-09-21 02:00","Brazil","Serie A Betano","2021","Bahia","Fortaleza","3.12","3.15","2.63","1.06","7.10","1.38","2.90","2.29","1.73","3.88","1.24","7.40","1.05","1.93","1.83"
"24425","05-09-21 02:00","Brazil","Serie A Betano","2021","Cuiaba","Santos","2.59","3.12","2.91","1.07","6.65","1.49","2.54","2.58","1.56","4.84","1.17","9.50","1.03","2.12","1.69"
"24426","03-09-21 00:00","Brazil","Serie A Betano","2021","Fluminense","Juventude","1.88","3.15","4.88","1.12","5.85","1.66","2.29","2.90","1.39","6.20","1.10","14.00","1.03","2.63","1.46"
"24427","31-08-21 02:30","Brazil","Serie A Betano","2021","Fortaleza","Cuiaba","1.60","3.86","5.75","1.04","8.10","1.35","3.02","2.19","1.75","3.78","1.25","7.20","1.06","2.28","1.60"
"24428","31-08-21 00:00","Brazil","Serie A Betano","2021","Fluminense","Bahia","2.11","3.26","3.68","1.06","7.00","1.43","2.67","2.45","1.60","4.54","1.18","8.90","1.03","2.08","1.71"
"24429","30-08-21 01:30","Brazil","Serie A Betano","2021","Bragantino","Atletico-MG","3.86","3.38","2.13","1.04","7.80","1.34","3.14","2.15","1.82","3.54","1.28","6.65","1.07","1.89","1.87"
"24430","29-08-21 23:15","Brazil","Serie A Betano","2021","Atletico GO","Internacional","3.58","3.34","2.14","1.05","7.50","1.41","2.78","2.35","1.66","4.20","1.21","8.10","1.04","2.05","1.73"
"24431","29-08-21 21:00","Brazil","Serie A Betano","2021","Juventude","Sao Paulo","4.16","3.04","2.09","1.13","5.65","1.72","2.24","3.04","1.36","6.50","1.09","14.50","1.03","2.65","1.46"
"24432","29-08-21 16:00","Brazil","Serie A Betano","2021","America MG","Ceara","2.51","3.14","3.04","1.08","7.20","1.52","2.70","2.44","1.53","4.54","1.15","9.20","1.02","2.10","1.70"
"24433","29-08-21 02:00","Brazil","Serie A Betano","2021","Gremio","Corinthians","2.30","2.98","3.58","1.10","6.25","1.58","2.53","2.60","1.47","4.94","1.13","10.00","1.01","2.27","1.60"
"24434","29-08-21 02:00","Brazil","Serie A Betano","2021","Palmeiras","Athletico-PR","1.65","4.04","5.65","1.02","9.30","1.32","3.26","2.04","1.85","3.54","1.28","6.55","1.07","2.00","1.77"
"24435","29-08-21 00:00","Brazil","Serie A Betano","2021","Santos","Flamengo RJ","5.70","4.50","1.53","","","1.18","4.44","1.65","2.29","2.54","1.49","4.40","1.16","1.80","1.96"
"24436","28-08-21 22:00","Brazil","Serie A Betano","2021","Sport Recife","Chapecoense-SC","2.00","3.28","4.16","1.07","6.60","1.50","2.52","2.61","1.55","4.94","1.16","9.70","1.02","2.25","1.61"
"24437","24-08-21 01:00","Brazil","Serie A Betano","2021","America MG","Bragantino","3.01","3.26","2.40","1.05","7.60","1.40","2.86","2.29","1.69","4.10","1.22","7.80","1.04","1.99","1.78"
"24438","24-08-21 01:00","Brazil","Serie A Betano","2021","Fluminense","Atletico-MG","4.50","3.28","1.95","1.06","6.95","1.48","2.57","2.62","1.58","4.84","1.17","9.60","1.02","2.24","1.62"
"24439","23-08-21 01:30","Brazil","Serie A Betano","2021","Sport Recife","Sao Paulo","4.54","3.28","1.90","1.08","6.30","1.53","2.44","2.73","1.51","5.25","1.14","10.50","1.02","2.50","1.50"
"24440","22-08-21 23:15","Brazil","Serie A Betano","2021","Santos","Internacional","3.54","3.24","2.35","1.05","7.60","1.40","2.78","2.40","1.66","4.34","1.20","8.30","1.04","2.00","1.77"
"24441","22-08-21 21:00","Brazil","Serie A Betano","2021","Athletico-PR","Corinthians","2.54","3.08","3.08","1.08","6.20","1.54","2.41","2.77","1.50","5.35","1.14","10.50","1.01","2.28","1.60"
"24442","22-08-21 21:00","Brazil","Serie A Betano","2021","Ceara","Flamengo RJ","4.10","3.68","1.88","1.02","9.10","1.31","3.32","2.01","1.89","3.32","1.31","6.20","1.08","1.95","1.81"
"24443","22-08-21 16:00","Brazil","Serie A Betano","2021","Palmeiras","Cuiaba","1.51","4.04","6.85","1.04","7.90","1.38","2.94","2.24","1.72","3.98","1.23","7.50","1.05","2.34","1.57"
"24444","22-08-21 02:00","Brazil","Serie A Betano","2021","Juventude","Fortaleza","3.74","3.08","2.20","1.11","6.20","1.64","2.39","2.78","1.42","5.45","1.10","","","2.50","1.50"
"24445","22-08-21 00:00","Brazil","Serie A Betano","2021","Gremio","Bahia","1.96","3.44","4.08","1.04","7.80","1.39","2.90","2.26","1.71","3.98","1.23","7.60","1.05","2.04","1.74"
"24446","21-08-21 22:00","Brazil","Serie A Betano","2021","Atletico GO","Chapecoense-SC","1.86","3.40","4.54","1.06","6.95","1.46","2.64","2.51","1.59","4.64","1.18","9.10","1.03","2.28","1.60"
"24447","19-08-21 00:00","Brazil","Serie A Betano","2021","Cuiaba","Gremio","3.32","3.13","2.32","1.09","6.85","1.55","2.61","2.54","1.49","4.84","1.14","9.80","1.02","2.22","1.63"
"24448","17-08-21 01:00","Brazil","Serie A Betano","2021","Chapecoense-SC","America MG","3.60","3.36","2.12","1.05","7.60","1.40","2.86","2.29","1.68","4.10","1.22","7.80","1.04","1.99","1.78"
"24449","16-08-21 01:30","Brazil","Serie A Betano","2021","Internacional","Fluminense","1.96","3.30","4.26","1.07","6.65","1.49","2.54","2.58","1.56","4.90","1.16","9.60","1.02","2.32","1.58"
"24450","15-08-21 23:15","Brazil","Serie A Betano","2021","Bahia","Atletico GO","2.08","3.34","3.76","1.05","7.40","1.42","2.78","2.38","1.65","4.20","1.21","8.30","1.04","2.10","1.70"
"24451","15-08-21 23:15","Brazil","Serie A Betano","2021","Cuiaba","Athletico-PR","2.23","3.10","3.62","1.08","6.05","1.56","2.36","2.84","1.48","5.50","1.13","11.00","1.01","2.38","1.55"
"24452","15-08-21 23:15","Brazil","Serie A Betano","2021","Fortaleza","Santos","1.86","3.68","4.78","1.04","7.80","1.38","2.94","2.25","1.75","3.88","1.24","7.50","1.05","2.05","1.73"
"24453","15-08-21 21:00","Brazil","Serie A Betano","2021","Corinthians","Ceara","2.29","3.08","3.50","1.09","5.95","1.57","2.34","2.88","1.47","5.60","1.13","11.00","1.01","2.38","1.55"
"24454","15-08-21 21:00","Brazil","Serie A Betano","2021","Flamengo RJ","Sport Recife","1.35","5.25","7.90","1.01","11.50","1.22","4.10","1.73","2.23","2.67","1.45","4.60","1.15","2.10","1.70"
"24455","15-08-21 02:00","Brazil","Serie A Betano","2021","Sao Paulo","Gremio","2.40","2.94","3.46","1.10","5.55","1.60","2.28","2.95","1.45","5.75","1.12","11.50","1.01","2.42","1.54"
"24456","15-08-21 00:00","Brazil","Serie A Betano","2021","Atletico-MG","Palmeiras","2.14","3.42","3.88","1.05","7.40","1.40","2.82","2.36","1.69","4.10","1.22","7.90","1.04","2.00","1.77"
"24457","14-08-21 22:00","Brazil","Serie A Betano","2021","Bragantino","Juventude","1.94","3.34","4.30","1.06","6.75","1.48","2.57","2.56","1.57","4.80","1.17","9.50","1.03","2.30","1.59"
"24458","10-08-21 01:00","Brazil","Serie A Betano","2021","Gremio","Chapecoense-SC","1.45","4.00","8.20","1.04","8.20","1.37","2.99","2.24","1.72","3.98","1.23","7.80","1.04","2.40","1.54"
"24459","08-08-21 23:15","Brazil","Serie A Betano","2021","Ceara","Atletico GO","1.81","3.50","4.82","1.06","7.20","1.44","2.70","2.44","1.62","4.50","1.19","8.70","1.04","2.20","1.64"
"24460","08-08-21 23:15","Brazil","Serie A Betano","2021","Flamengo RJ","Internacional","1.51","4.64","7.20","","","1.21","4.20","1.74","2.27","2.64","1.46","4.60","1.15","2.03","1.75"
"24461","08-08-21 21:00","Brazil","Serie A Betano","2021","America MG","Fluminense","2.77","3.05","2.77","1.08","6.20","1.54","2.41","2.77","1.50","5.35","1.14","10.50","1.01","2.25","1.61"
"24462","08-08-21 21:00","Brazil","Serie A Betano","2021","Juventude","Atletico-MG","4.12","3.13","2.05","1.07","6.45","1.51","2.49","2.64","1.54","5.05","1.16","10.00","1.02","2.37","1.56"
"24463","08-08-21 21:00","Brazil","Serie A Betano","2021","Santos","Corinthians","2.84","2.94","3.10","1.10","5.70","1.58","2.61","2.74","1.57","4.90","1.17","9.60","1.02","2.20","1.64"
"24464","08-08-21 02:00","Brazil","Serie A Betano","2021","Cuiaba","Bahia","2.47","3.19","3.04","1.06","7.00","1.45","2.67","2.46","1.61","4.54","1.18","8.90","1.03","2.08","1.71"
"24465","08-08-21 02:00","Brazil","Serie A Betano","2021","Palmeiras","Fortaleza","1.75","3.56","4.82","1.05","7.50","1.41","2.82","2.34","1.67","4.20","1.21","8.10","1.04","2.14","1.67"
"24466","07-08-21 23:00","Brazil","Serie A Betano","2021","Athletico-PR","Sao Paulo","2.83","3.10","2.68","1.07","6.45","1.51","2.49","2.66","1.53","5.05","1.16","10.00","1.02","2.20","1.64"
"24467","07-08-21 00:00","Brazil","Serie A Betano","2021","Sport Recife","Bragantino","3.58","3.13","2.21","1.08","6.15","1.55","2.39","2.80","1.49","5.40","1.14","10.50","1.01","2.32","1.58"
"24468","02-08-21 01:30","Brazil","Serie A Betano","2021","Atletico GO","America MG","2.51","3.18","2.99","1.06","6.95","1.46","2.64","2.48","1.60","4.64","1.18","9.00","1.03","2.10","1.70"
"24469","02-08-21 01:30","Brazil","Serie A Betano","2021","Ceara","Fortaleza","3.32","2.93","2.47","1.10","5.55","1.60","2.28","2.95","1.45","5.80","1.12","11.50","1.01","2.38","1.55"
"24470","01-08-21 23:15","Brazil","Serie A Betano","2021","Bahia","Sport Recife","1.89","3.40","4.48","1.06","7.00","1.46","2.64","2.48","1.60","4.60","1.18","9.00","1.03","2.20","1.64"
"24471","01-08-21 23:15","Brazil","Serie A Betano","2021","Chapecoense-SC","Santos","3.40","3.40","2.17","1.04","8.10","1.37","2.99","2.21","1.74","3.88","1.24","7.30","1.05","1.96","1.80"
"24472","01-08-21 21:00","Brazil","Serie A Betano","2021","Atletico-MG","Athletico-PR","1.73","3.82","5.70","1.04","8.30","1.36","3.04","2.19","1.79","3.78","1.25","7.10","1.06","2.08","1.71"
"24473","01-08-21 21:00","Brazil","Serie A Betano","2021","Corinthians","Flamengo RJ","5.45","3.78","1.72","1.02","9.70","1.29","3.40","2.02","1.93","3.40","1.30","6.30","1.08","1.96","1.80"
"24474","01-08-21 02:00","Brazil","Serie A Betano","2021","Bragantino","Gremio","2.04","3.38","3.84","1.05","7.40","1.42","2.78","2.35","1.66","4.20","1.21","8.20","1.04","2.05","1.73"
"24475","01-08-21 01:00","Brazil","Serie A Betano","2021","Internacional","Cuiaba","1.73","3.52","5.35","1.06","6.85","1.47","2.60","2.51","1.59","4.70","1.18","9.30","1.03","2.32","1.58"
"24476","01-08-21 00:00","Brazil","Serie A Betano","2021","Sao Paulo","Palmeiras","2.88","2.99","2.68","1.09","5.95","1.57","2.34","2.88","1.47","5.60","1.13","11.00","1.01","2.25","1.61"
"24477","27-07-21 01:00","Brazil","Serie A Betano","2021","Cuiaba","Corinthians","3.07","2.80","2.70","1.13","5.50","1.64","2.34","2.86","1.40","5.80","1.12","14.00","1.03","2.39","1.55"
"24478","26-07-21 23:00","Brazil","Serie A Betano","2021","Juventude","Chapecoense-SC","2.21","3.10","3.62","1.09","6.00","1.57","2.34","2.84","1.48","5.55","1.13","11.00","1.01","2.43","1.53"
"24479","26-07-21 01:30","Brazil","Serie A Betano","2021","Sport Recife","Ceara","3.32","3.10","2.37","1.10","6.60","1.58","2.53","2.60","1.47","5.05","1.13","10.00","1.01","2.34","1.57"
"24480","25-07-21 23:15","Brazil","Serie A Betano","2021","Athletico-PR","Internacional","2.46","3.30","2.97","1.04","7.90","1.38","2.94","2.24","1.72","3.88","1.24","7.50","1.05","1.91","1.85"
"24481","25-07-21 23:15","Brazil","Serie A Betano","2021","Santos","Atletico GO","1.84","3.36","4.78","1.06","7.20","1.39","2.90","2.24","1.72","3.88","1.24","7.30","1.05","2.14","1.67"
"24482","25-07-21 21:00","Brazil","Serie A Betano","2021","Flamengo RJ","Sao Paulo","1.63","4.08","6.20","1.03","8.40","1.34","3.14","2.14","1.83","3.62","1.27","6.75","1.06","2.11","1.69"
"24483","25-07-21 21:00","Brazil","Serie A Betano","2021","Fortaleza","Bragantino","2.74","3.02","2.83","1.06","6.80","1.40","2.82","2.31","1.68","3.98","1.23","7.70","1.05","1.94","1.82"
"24484","25-07-21 16:00","Brazil","Serie A Betano","2021","Atletico-MG","Bahia","1.66","3.92","5.10","1.02","9.30","1.29","3.46","1.96","1.93","3.26","1.32","6.00","1.09","1.95","1.81"
"24485","25-07-21 00:00","Brazil","Serie A Betano","2021","Palmeiras","Fluminense","1.58","3.90","6.70","1.04","8.30","1.37","2.99","2.22","1.77","3.88","1.24","7.40","1.05","2.10","1.70"
"24486","24-07-21 22:00","Brazil","Serie A Betano","2021","Gremio","America MG","1.91","3.42","4.16","1.05","7.50","1.42","2.78","2.35","1.65","4.20","1.21","8.10","1.04","2.06","1.73"
"24487","22-07-21 00:00","Brazil","Serie A Betano","2021","Cuiaba","Atletico GO","2.59","3.00","3.04","1.11","6.10","1.63","2.38","2.81","1.41","5.55","1.10","13.50","1.03","2.40","1.54"
"24488","20-07-21 01:00","Brazil","Serie A Betano","2021","America MG","Sport Recife","1.72","3.28","5.55","1.10","6.45","1.54","2.64","2.49","1.51","4.60","1.15","9.30","1.02","2.39","1.55"
"24489","19-07-21 01:30","Brazil","Serie A Betano","2021","Bragantino","Santos","1.90","3.64","4.50","1.03","9.00","1.32","3.26","2.09","1.87","3.54","1.28","6.55","1.07","1.88","1.88"
"24490","19-07-21 01:30","Brazil","Serie A Betano","2021","Internacional","Juventude","1.71","3.44","5.70","1.10","6.55","1.59","2.51","2.64","1.46","5.15","1.12","10.50","1.01","2.53","1.49"
"24491","18-07-21 23:15","Brazil","Serie A Betano","2021","Bahia","Flamengo RJ","4.88","4.08","1.64","1.01","10.50","1.24","3.88","1.80","2.12","2.86","1.40","5.05","1.12","1.78","1.99"
"24492","18-07-21 21:00","Brazil","Serie A Betano","2021","Atletico GO","Palmeiras","4.08","3.34","1.91","1.06","7.10","1.44","2.70","2.45","1.62","4.50","1.19","8.80","1.03","2.20","1.64"
"24493","18-07-21 16:00","Brazil","Serie A Betano","2021","Chapecoense-SC","Cuiaba","2.52","3.05","3.10","1.08","6.10","1.53","2.39","2.80","1.49","5.45","1.14","10.50","1.01","2.22","1.63"
"24494","18-07-21 02:00","Brazil","Serie A Betano","2021","Fluminense","Gremio","2.63","2.96","3.02","1.08","6.10","1.51","2.49","2.64","1.54","4.94","1.16","9.70","1.02","2.12","1.69"
"24495","18-07-21 00:00","Brazil","Serie A Betano","2021","Corinthians","Atletico-MG","2.80","3.01","3.05","1.09","5.90","1.62","2.50","2.88","1.52","5.30","1.14","10.50","1.02","2.24","1.62"
"24496","17-07-21 22:00","Brazil","Serie A Betano","2021","Ceara","Athletico-PR","2.03","3.42","3.82","1.04","7.80","1.38","2.90","2.26","1.71","3.98","1.23","7.70","1.05","1.97","1.80"
"24497","17-07-21 22:00","Brazil","Serie A Betano","2021","Sao Paulo","Fortaleza","2.16","2.99","4.02","1.08","6.30","1.47","2.60","2.53","1.58","4.60","1.18","9.00","1.03","2.17","1.66"
"24498","12-07-21 01:30","Brazil","Serie A Betano","2021","Fortaleza","Corinthians","2.32","3.07","3.26","1.08","6.15","1.55","2.39","2.80","1.49","5.45","1.14","10.50","1.01","2.29","1.59"
"24499","11-07-21 23:15","Brazil","Serie A Betano","2021","Cuiaba","Ceara","2.82","2.88","2.88","1.12","5.85","1.62","2.41","2.78","1.42","5.35","1.11","10.50","1.01","2.38","1.55"
"24500","11-07-21 23:15","Brazil","Serie A Betano","2021","Flamengo RJ","Chapecoense-SC","1.20","6.55","13.50","1.03","15.00","1.16","4.50","1.58","2.32","2.56","1.57","4.20","1.21","2.32","1.58"
"24501","11-07-21 16:00","Brazil","Serie A Betano","2021","Juventude","Atletico GO","2.61","2.90","3.12","1.13","5.50","1.75","2.19","3.10","1.35","6.70","1.09","15.00","1.03","2.55","1.49"
"24502","11-07-21 00:00","Brazil","Serie A Betano","2021","America MG","Atletico-MG","3.88","3.32","2.01","1.06","7.00","1.46","2.64","2.48","1.60","4.60","1.18","9.00","1.03","2.11","1.69"
"24503","11-07-21 00:00","Brazil","Serie A Betano","2021","Sao Paulo","Bahia","1.90","3.54","4.16","1.04","8.10","1.36","3.04","2.19","1.75","3.78","1.25","7.20","1.06","2.06","1.73"
"24504","11-07-21 00:00","Brazil","Serie A Betano","2021","Sport Recife","Fluminense","2.62","2.99","3.01","1.11","6.00","1.66","2.35","2.86","1.40","5.65","1.10","13.00","1.01","2.38","1.55"
"24505","10-07-21 22:30","Brazil","Serie A Betano","2021","Athletico-PR","Bragantino","2.68","3.34","2.91","1.04","7.90","1.35","3.10","2.16","1.81","3.62","1.27","6.90","1.06","1.82","1.94"
"24506","10-07-21 21:30","Brazil","Serie A Betano","2021","Gremio","Internacional","2.33","3.20","3.28","1.06","7.20","1.40","2.82","2.33","1.67","4.10","1.22","7.90","1.04","2.03","1.75"
"24507","10-07-21 21:30","Brazil","Serie A Betano","2021","Palmeiras","Santos","1.54","4.14","7.50","1.02","9.60","1.29","3.46","1.98","1.96","3.26","1.32","6.05","1.09","2.04","1.74"
"24508","09-07-21 02:00","Brazil","Serie A Betano","2021","Chapecoense-SC","Corinthians","4.10","3.24","1.99","1.09","6.75","1.54","2.64","2.49","1.51","4.64","1.15","9.30","1.02","2.30","1.59"
"24509","08-07-21 02:30","Brazil","Serie A Betano","2021","Fluminense","Ceara","2.29","2.98","3.64","1.09","6.00","1.51","2.49","2.64","1.54","4.90","1.17","9.60","1.02","2.22","1.63"
"24510","08-07-21 02:30","Brazil","Serie A Betano","2021","Internacional","Sao Paulo","2.81","3.14","2.66","1.06","6.75","1.47","2.57","2.56","1.57","4.80","1.17","9.30","1.03","2.12","1.69"
"24511","08-07-21 00:15","Brazil","Serie A Betano","2021","Atletico GO","Sport Recife","1.91","3.26","4.54","1.08","6.25","1.54","2.41","2.73","1.51","5.30","1.14","10.50","1.02","2.44","1.53"
"24512","08-07-21 00:00","Brazil","Serie A Betano","2021","Atletico-MG","Flamengo RJ","2.88","3.34","2.49","1.04","8.30","1.35","3.10","2.15","1.78","3.70","1.26","7.00","1.06","1.87","1.89"
"24513","08-07-21 00:00","Brazil","Serie A Betano","2021","Palmeiras","Gremio","1.94","3.48","3.70","1.03","8.60","1.33","3.18","2.10","1.81","3.62","1.27","6.75","1.06","1.99","1.78"
"24514","07-07-21 23:00","Brazil","Serie A Betano","2021","Bahia","Juventude","1.77","3.58","4.96","1.05","7.50","1.41","2.82","2.34","1.67","4.20","1.21","8.10","1.04","2.20","1.64"
"24515","07-07-21 23:00","Brazil","Serie A Betano","2021","Bragantino","Cuiaba","1.63","3.82","5.70","1.04","7.90","1.37","2.94","2.23","1.73","3.88","1.24","7.50","1.05","2.20","1.64"
"24516","07-07-21 23:00","Brazil","Serie A Betano","2021","Fortaleza","America MG","1.85","3.32","4.82","1.06","7.00","1.40","2.86","2.31","1.68","3.98","1.23","7.70","1.05","2.18","1.65"
"24517","07-07-21 00:30","Brazil","Serie A Betano","2021","Santos","Athletico-PR","2.69","2.90","2.92","1.08","6.15","1.46","2.64","2.51","1.59","4.50","1.19","8.70","1.04","2.11","1.69"
"24518","05-07-21 01:30","Brazil","Serie A Betano","2021","Gremio","Atletico GO","1.55","4.00","6.20","1.04","8.30","1.36","3.04","2.16","1.77","3.70","1.26","7.10","1.06","2.29","1.59"
"24519","04-07-21 23:15","Brazil","Serie A Betano","2021","Ceara","Juventude","1.88","3.34","4.64","1.07","6.45","1.51","2.49","2.67","1.53","5.10","1.15","10.00","1.02","2.32","1.58"
"24520","04-07-21 23:15","Brazil","Serie A Betano","2021","Cuiaba","Atletico-MG","4.64","3.20","1.91","1.06","7.00","1.40","2.86","2.31","1.68","3.98","1.23","7.70","1.05","2.10","1.70"
"24521","04-07-21 23:15","Brazil","Serie A Betano","2021","Sao Paulo","Bragantino","2.30","3.10","3.40","1.07","6.55","1.47","2.60","2.51","1.59","4.64","1.18","9.10","1.03","2.12","1.69"
"24522","04-07-21 21:00","Brazil","Serie A Betano","2021","Flamengo RJ","Fluminense","1.80","3.40","4.82","1.05","7.50","1.36","3.02","2.19","1.75","3.70","1.26","7.00","1.06","2.01","1.76"
"24523","04-07-21 21:00","Brazil","Serie A Betano","2021","Sport Recife","Palmeiras","4.54","3.42","1.85","1.05","7.50","1.38","2.94","2.24","1.72","3.88","1.24","7.50","1.05","2.03","1.75"
"24524","04-07-21 16:00","Brazil","Serie A Betano","2021","Chapecoense-SC","Bahia","3.19","3.26","2.32","1.03","8.50","1.33","3.20","2.07","1.83","3.50","1.29","6.50","1.07","2.02","1.75"
"24525","04-07-21 02:00","Brazil","Serie A Betano","2021","Corinthians","Internacional","2.48","3.13","3.12","1.07","6.45","1.51","2.49","2.66","1.53","5.05","1.16","10.00","1.02","2.14","1.67"
"24526","04-07-21 00:00","Brazil","Serie A Betano","2021","America MG","Santos","2.29","3.16","3.42","1.07","6.55","1.50","2.52","2.61","1.55","5.00","1.16","9.80","1.02","2.20","1.64"
"24527","04-07-21 00:00","Brazil","Serie A Betano","2021","Athletico-PR","Fortaleza","2.09","3.28","3.76","1.08","7.30","1.51","2.73","2.41","1.54","4.50","1.16","9.00","1.03","2.20","1.64"
"24528","02-07-21 01:00","Brazil","Serie A Betano","2021","Cuiaba","Flamengo RJ","5.65","3.90","1.59","1.03","8.40","1.35","3.10","2.12","1.80","3.62","1.27","6.85","1.06","2.29","1.59"
"24529","02-07-21 00:00","Brazil","Serie A Betano","2021","Atletico-MG","Atletico GO","1.75","3.46","5.15","1.06","7.00","1.43","2.74","2.38","1.65","4.20","1.21","8.10","1.04","2.23","1.62"
"24530","01-07-21 21:00","Brazil","Serie A Betano","2021","Bragantino","Ceara","1.60","3.80","5.40","1.02","9.70","1.28","3.54","1.94","1.95","3.18","1.33","5.80","1.09","2.05","1.73"
"24531","01-07-21 02:30","Brazil","Serie A Betano","2021","Corinthians","Sao Paulo","3.11","2.88","2.63","1.12","5.80","1.77","2.16","3.18","1.33","6.45","1.07","14.50","1.03","2.48","1.51"
"24532","01-07-21 02:30","Brazil","Serie A Betano","2021","Juventude","Gremio","4.38","3.30","1.93","1.07","6.60","1.45","2.54","2.58","1.54","4.90","1.16","9.60","1.02","2.25","1.61"
"24533","01-07-21 01:30","Brazil","Serie A Betano","2021","Santos","Sport Recife","1.66","3.52","5.55","1.06","6.70","1.49","2.54","2.58","1.56","4.84","1.17","9.50","1.03","2.50","1.50"
"24534","01-07-21 00:00","Brazil","Serie A Betano","2021","Bahia","America MG","2.10","3.30","3.68","1.06","7.20","1.44","2.70","2.41","1.63","4.44","1.19","8.40","1.03","2.22","1.63"
"24535","01-07-21 00:00","Brazil","Serie A Betano","2021","Internacional","Palmeiras","2.66","3.18","2.77","1.05","7.60","1.38","2.94","2.23","1.72","3.88","1.24","7.40","1.05","1.93","1.83"
"24536","30-06-21 21:00","Brazil","Serie A Betano","2021","Fluminense","Athletico-PR","2.45","3.06","3.18","1.08","6.10","1.56","2.36","2.80","1.49","5.45","1.14","10.50","1.01","2.25","1.61"
"24537","30-06-21 21:00","Brazil","Serie A Betano","2021","Fortaleza","Chapecoense-SC","1.51","4.14","6.55","1.03","8.40","1.35","3.10","2.12","1.80","3.62","1.27","6.90","1.06","2.22","1.63"
"24538","29-06-21 01:00","Brazil","Serie A Betano","2021","Atletico GO","Bragantino","3.32","3.32","2.24","1.04","7.80","1.38","2.90","2.26","1.71","3.98","1.23","7.60","1.05","2.03","1.75"
"24539","28-06-21 01:30","Brazil","Serie A Betano","2021","America MG","Internacional","2.70","3.08","2.82","1.08","6.35","1.52","2.46","2.67","1.53","5.15","1.15","10.00","1.02","2.15","1.67"
"24540","28-06-21 01:30","Brazil","Serie A Betano","2021","Ceara","Sao Paulo","2.74","3.22","2.68","1.05","7.30","1.43","2.74","2.39","1.64","4.34","1.20","8.30","1.04","2.00","1.77"
"24541","28-06-21 01:30","Brazil","Serie A Betano","2021","Santos","Atletico-MG","2.86","3.30","2.52","1.04","8.00","1.37","2.99","2.21","1.74","3.88","1.24","7.40","1.05","1.87","1.89"
"24542","28-06-21 01:30","Brazil","Serie A Betano","2021","Sport Recife","Cuiaba","2.33","3.08","3.42","1.10","6.40","1.61","2.46","2.70","1.44","5.25","1.12","10.50","1.01","2.31","1.58"
"24543","28-06-21 01:00","Brazil","Serie A Betano","2021","Athletico-PR","Chapecoense-SC","1.60","3.84","6.20","1.05","7.60","1.41","2.82","2.31","1.68","4.10","1.22","7.90","1.04","2.51","1.50"
"24544","28-06-21 01:00","Brazil","Serie A Betano","2021","Gremio","Fortaleza","2.00","3.24","4.20","1.06","6.80","1.44","2.70","2.44","1.62","4.40","1.20","8.40","1.03","2.20","1.64"
"24545","28-06-21 01:00","Brazil","Serie A Betano","2021","Palmeiras","Bahia","1.67","3.78","5.40","1.02","9.10","1.26","3.62","1.90","2.00","3.02","1.36","5.40","1.11","1.92","1.84"
"24546","27-06-21 21:00","Brazil","Serie A Betano","2021","Fluminense","Corinthians","2.53","2.95","3.19","1.10","5.60","1.61","2.26","2.98","1.45","5.85","1.12","11.50","1.01","2.32","1.58"
"24547","27-06-21 16:00","Brazil","Serie A Betano","2021","Juventude","Flamengo RJ","6.70","4.24","1.49","1.03","8.90","1.32","3.26","2.04","1.85","3.46","1.29","6.40","1.08","2.20","1.64"
"24548","25-06-21 02:30","Brazil","Serie A Betano","2021","Bahia","Athletico-PR","2.69","2.80","3.14","1.11","5.85","1.57","2.56","2.57","1.48","4.74","1.14","9.60","1.02","2.18","1.65"
"24549","25-06-21 02:30","Brazil","Serie A Betano","2021","Gremio","Santos","2.04","3.04","4.14","1.08","6.35","1.44","2.70","2.41","1.63","4.20","1.21","8.10","1.04","2.12","1.69"
"24550","25-06-21 00:00","Brazil","Serie A Betano","2021","Ceara","Atletico-MG","3.24","3.30","2.29","1.05","7.70","1.40","2.86","2.27","1.70","4.10","1.22","7.80","1.04","2.00","1.77"
"24551","25-06-21 00:00","Brazil","Serie A Betano","2021","Chapecoense-SC","Internacional","4.16","3.34","1.98","1.06","6.95","1.46","2.64","2.48","1.60","4.64","1.18","9.10","1.03","2.15","1.67"
"24552","25-06-21 00:00","Brazil","Serie A Betano","2021","Corinthians","Sport Recife","1.76","3.44","5.15","1.07","6.55","1.51","2.49","2.64","1.54","5.05","1.16","9.90","1.02","2.40","1.54"
"24553","24-06-21 21:00","Brazil","Serie A Betano","2021","America MG","Juventude","1.78","3.32","5.05","1.09","6.45","1.61","2.46","2.69","1.45","5.20","1.12","10.50","1.01","2.50","1.50"
"24554","24-06-21 00:00","Brazil","Serie A Betano","2021","Atletico GO","Fluminense","2.80","2.96","2.82","1.11","6.15","1.62","2.45","2.70","1.44","5.30","1.11","10.50","1.01","2.26","1.61"
"24555","24-06-21 00:00","Brazil","Serie A Betano","2021","Bragantino","Palmeiras","2.56","3.22","2.86","1.05","7.70","1.37","2.99","2.21","1.74","3.78","1.25","7.30","1.05","1.95","1.81"
"24556","24-06-21 00:00","Brazil","Serie A Betano","2021","Flamengo RJ","Fortaleza","1.49","4.24","6.90","1.02","9.30","1.28","3.54","1.92","1.97","3.10","1.35","5.60","1.09","2.14","1.67"
"24557","24-06-21 00:00","Brazil","Serie A Betano","2021","Sao Paulo","Cuiaba","1.58","3.90","6.35","1.05","7.70","1.40","2.86","2.29","1.69","4.10","1.22","7.80","1.04","2.36","1.56"
"24558","22-06-21 01:00","Brazil","Serie A Betano","2021","Atletico-MG","Chapecoense-SC","1.30","5.45","11.00","1.01","10.50","1.24","3.88","1.82","2.09","2.90","1.39","5.15","1.12","2.35","1.56"
"24559","21-06-21 01:30","Brazil","Serie A Betano","2021","Juventude","Sport Recife","2.53","2.99","3.13","1.09","5.95","1.55","2.39","2.77","1.50","5.30","1.14","10.50","1.02","2.20","1.64"
"24560","20-06-21 23:15","Brazil","Serie A Betano","2021","Athletico-PR","Atletico GO","2.07","2.97","4.42","1.10","5.60","1.55","2.39","2.80","1.49","5.25","1.14","10.50","1.02","2.31","1.58"
"24561","20-06-21 23:15","Brazil","Serie A Betano","2021","Fortaleza","Fluminense","2.35","3.08","3.38","1.10","6.30","1.62","2.45","2.70","1.44","5.30","1.11","10.50","1.01","2.28","1.60"
"24562","20-06-21 23:15","Brazil","Serie A Betano","2021","Santos","Sao Paulo","3.07","3.15","2.47","1.06","6.90","1.47","2.60","2.51","1.59","4.70","1.18","9.20","1.03","2.04","1.74"
"24563","20-06-21 21:00","Brazil","Serie A Betano","2021","Bahia","Corinthians","2.34","3.15","3.32","1.07","6.50","1.51","2.49","2.64","1.54","5.00","1.16","9.90","1.02","2.15","1.67"
"24564","20-06-21 21:00","Brazil","Serie A Betano","2021","Internacional","Ceara","1.72","3.72","4.92","1.03","8.40","1.35","3.10","2.15","1.78","3.70","1.26","7.00","1.06","2.07","1.72"
"24565","20-06-21 16:00","Brazil","Serie A Betano","2021","Palmeiras","America MG","1.56","3.86","5.90","1.04","8.00","1.38","2.94","2.22","1.73","3.88","1.24","7.40","1.05","2.20","1.64"
"24566","20-06-21 02:00","Brazil","Serie A Betano","2021","Flamengo RJ","Bragantino","1.67","3.70","5.50","1.02","9.30","1.26","3.70","1.86","2.03","2.94","1.38","5.30","1.11","1.83","1.93"
"24567","18-06-21 00:00","Brazil","Serie A Betano","2021","Atletico GO","Fortaleza","2.59","2.73","3.40","1.14","5.40","1.60","2.44","2.74","1.43","5.10","1.12","10.00","1.01","2.30","1.59"
"24568","18-06-21 00:00","Brazil","Serie A Betano","2021","Fluminense","Santos","2.08","3.18","3.94","1.07","6.55","1.47","2.60","2.53","1.58","4.64","1.18","9.10","1.03","2.20","1.64"
"24569","18-06-21 00:00","Brazil","Serie A Betano","2021","Sport Recife","Gremio","4.40","3.42","1.88","1.06","7.20","1.44","2.70","2.41","1.63","4.44","1.19","8.70","1.04","2.14","1.67"
"24570","17-06-21 21:00","Brazil","Serie A Betano","2021","America MG","Cuiaba","2.03","3.24","4.06","1.08","6.40","1.51","2.46","2.67","1.53","5.10","1.15","10.00","1.02","2.37","1.56"
"24571","17-06-21 21:00","Brazil","Serie A Betano","2021","Ceara","Bahia","2.55","2.99","3.13","1.06","6.85","1.37","2.94","2.24","1.72","3.78","1.25","7.10","1.06","1.98","1.78"
"24572","17-06-21 02:30","Brazil","Serie A Betano","2021","Juventude","Palmeiras","5.18","3.52","1.79","1.06","8.00","1.46","2.75","2.34","1.62","4.68","1.20","9.48","1.06","2.10","1.74"
"24573","17-06-21 01:30","Brazil","Serie A Betano","2021","Corinthians","Bragantino","2.52","3.13","3.04","1.09","6.90","1.54","2.61","2.52","1.50","4.80","1.14","9.70","1.02","2.10","1.70"
"24574","17-06-21 00:00","Brazil","Serie A Betano","2021","Internacional","Atletico-MG","2.58","3.30","2.89","1.06","8.60","1.41","2.96","2.18","1.70","4.08","1.25","8.24","1.08","1.91","1.89"
"24575","17-06-21 00:00","Brazil","Serie A Betano","2021","Sao Paulo","Chapecoense-SC","1.37","4.93","9.86","1.02","11.80","1.25","4.03","1.93","1.95","3.15","1.37","5.91","1.14","2.16","1.69"
"24576","14-06-21 01:30","Brazil","Serie A Betano","2021","Bahia","Internacional","2.56","3.27","2.94","1.03","10.70","1.29","3.66","2.07","1.83","3.47","1.32","7.55","1.09","1.77","2.05"
"24577","14-06-21 01:30","Brazil","Serie A Betano","2021","Bragantino","Fluminense","1.98","3.45","4.16","1.04","9.68","1.36","3.23","2.18","1.70","4.08","1.25","8.24","1.08","1.97","1.84"
"24578","14-06-21 01:30","Brazil","Serie A Betano","2021","Chapecoense-SC","Ceara","3.31","3.26","2.34","1.07","7.53","1.48","2.69","2.46","1.56","4.91","1.19","9.86","1.06","2.08","1.75"
"24579","14-06-21 01:30","Brazil","Serie A Betano","2021","Fortaleza","Sport Recife","1.69","3.79","5.56","1.07","7.53","1.48","2.69","2.46","1.56","5.43","1.16","10.90","1.05","2.44","1.55"
"24580","13-06-21 21:00","Brazil","Serie A Betano","2021","Atletico-MG","Sao Paulo","2.14","3.37","3.67","1.06","8.00","1.40","3.00","2.34","1.62","4.37","1.22","8.82","1.07","1.93","1.83"
"24581","13-06-21 21:00","Brazil","Serie A Betano","2021","Flamengo RJ","America MG","1.53","4.29","6.64","1.04","10.00","1.33","3.40","2.10","1.80","3.71","1.29","7.24","1.10","2.15","1.70"
"24582","13-06-21 21:00","Brazil","Serie A Betano","2021","Gremio","Athletico-PR","1.80","3.50","5.14","1.09","7.00","1.50","2.63","2.53","1.54","4.97","1.18","10.60","1.05","2.15","1.70"
"24583","13-06-21 00:00","Brazil","Serie A Betano","2021","Palmeiras","Corinthians","1.92","3.44","4.20","1.05","7.50","1.42","2.78","2.35","1.66","4.20","1.21","8.10","1.04","2.13","1.68"
"24584","13-06-21 00:00","Brazil","Serie A Betano","2021","Santos","Juventude","1.59","3.88","5.35","1.03","8.60","1.33","3.18","2.09","1.82","3.54","1.28","6.70","1.06","2.04","1.74"
"24585","07-06-21 01:30","Brazil","Serie A Betano","2021","Sport Recife","Atletico-MG","4.11","3.39","2.01","1.05","9.00","1.35","3.25","2.21","1.73","4.05","1.25","8.08","1.09","1.90","1.90"
"24586","06-06-21 23:15","Brazil","Serie A Betano","2021","Juventude","Athletico-PR","2.84","3.10","2.67","1.07","6.55","1.50","2.52","2.61","1.55","5.00","1.16","9.80","1.02","2.13","1.68"
"24587","06-06-21 23:15","Brazil","Serie A Betano","2021","Palmeiras","Chapecoense-SC","1.40","4.97","8.28","1.03","11.00","1.31","3.50","2.06","1.83","3.37","1.34","6.80","1.11","2.20","1.65"
"24588","06-06-21 21:00","Brazil","Serie A Betano","2021","America MG","Corinthians","2.06","3.41","3.87","1.09","6.99","1.58","2.42","2.81","1.45","5.91","1.14","10.90","1.05","2.24","1.64"
"24589","06-06-21 21:00","Brazil","Serie A Betano","2021","Fortaleza","Internacional","2.69","3.17","2.87","1.07","7.53","1.48","2.69","2.64","1.50","5.43","1.16","10.90","1.05","2.07","1.75"
"24590","06-06-21 16:00","Brazil","Serie A Betano","2021","Fluminense","Cuiaba","1.76","3.61","5.30","1.05","8.70","1.40","2.99","2.26","1.66","4.33","1.23","8.78","1.07","2.07","1.75"
"24591","06-06-21 02:00","Brazil","Serie A Betano","2021","Bragantino","Bahia","2.01","3.44","3.86","1.04","7.90","1.38","2.94","2.24","1.72","3.88","1.24","7.50","1.05","1.97","1.80"
"24592","06-06-21 02:00","Brazil","Serie A Betano","2021","Santos","Ceara","1.99","3.40","3.92","1.05","7.50","1.42","2.78","2.35","1.66","4.20","1.21","8.10","1.04","2.10","1.70"
"24593","06-06-21 00:00","Brazil","Serie A Betano","2021","Atletico GO","Sao Paulo","3.34","2.90","2.47","1.10","5.60","1.58","2.32","2.88","1.47","5.55","1.13","11.00","1.01","2.35","1.56"
"24594","31-05-21 01:30","Brazil","Serie A Betano","2021","Internacional","Sport Recife","1.36","5.00","9.00","1.01","10.00","1.26","3.70","1.85","2.05","2.99","1.37","5.35","1.11","2.25","1.61"
"24595","30-05-21 23:15","Brazil","Serie A Betano","2021","Athletico-PR","America MG","2.53","3.03","3.10","1.09","5.95","1.58","2.32","2.88","1.47","5.65","1.13","11.00","1.01","2.26","1.61"
"24596","30-05-21 23:15","Brazil","Serie A Betano","2021","Chapecoense-SC","Bragantino","3.92","3.24","2.07","1.06","7.20","1.40","2.86","2.31","1.68","4.10","1.22","7.70","1.05","2.00","1.77"
"24597","30-05-21 23:15","Brazil","Serie A Betano","2021","Corinthians","Atletico GO","2.06","3.34","3.78","1.05","7.30","1.43","2.74","2.39","1.64","4.40","1.20","8.40","1.03","2.06","1.73"
"24598","30-05-21 21:00","Brazil","Serie A Betano","2021","Ceara","Gremio","3.80","3.29","2.13","1.09","7.00","1.54","2.50","2.63","1.50","5.26","1.17","10.60","1.05","2.20","1.65"
"24599","30-05-21 21:00","Brazil","Serie A Betano","2021","Flamengo RJ","Palmeiras","1.88","3.76","4.18","1.05","9.00","1.35","3.25","2.21","1.73","3.71","1.29","7.24","1.10","1.87","1.83"
"24600","30-05-21 16:00","Brazil","Serie A Betano","2021","Atletico-MG","Fortaleza","1.53","4.22","6.86","1.06","8.00","1.40","3.00","2.32","1.67","4.05","1.25","8.08","1.09","2.26","1.61"
"24601","30-05-21 02:00","Brazil","Serie A Betano","2021","Sao Paulo","Fluminense","1.97","3.50","4.12","1.10","6.50","1.66","2.25","2.82","1.45","6.32","1.13","11.70","1.04","2.42","1.56"
"24602","30-05-21 01:00","Brazil","Serie A Betano","2021","Bahia","Santos","2.38","3.41","3.10","1.04","9.68","1.36","3.23","2.17","1.76","3.78","1.28","7.55","1.09","1.84","1.97"
"24603","30-05-21 00:00","Brazil","Serie A Betano","2021","Cuiaba","Juventude","2.24","3.20","3.46","1.07","6.65","1.49","2.54","2.58","1.56","4.90","1.17","9.60","1.02","2.14","1.67"
"24604","26-02-21 01:30","Brazil","Serie A Betano","2020","Athletico-PR","Sport Recife","1.84","3.60","4.44","1.04","8.10","1.36","3.02","2.19","1.75","3.78","1.25","7.30","1.05","2.03","1.75"
"24605","26-02-21 01:30","Brazil","Serie A Betano","2020","Atletico GO","Coritiba","1.62","3.94","5.45","1.03","8.90","1.32","3.26","2.04","1.86","3.46","1.29","6.45","1.07","2.01","1.76"
"24606","26-02-21 01:30","Brazil","Serie A Betano","2020","Atletico-MG","Palmeiras","1.54","4.50","5.70","","","1.19","4.44","1.68","2.31","2.57","1.48","4.40","1.16","1.77","2.00"
"24607","26-02-21 01:30","Brazil","Serie A Betano","2020","Bahia","Santos","1.55","4.04","6.40","1.02","9.30","1.29","3.50","1.95","1.95","3.20","1.33","5.85","1.09","2.03","1.75"
"24608","26-02-21 01:30","Brazil","Serie A Betano","2020","Bragantino","Gremio","1.75","3.84","4.68","1.01","10.50","1.24","3.88","1.82","2.09","2.90","1.39","5.15","1.12","1.84","1.92"
"24609","26-02-21 01:30","Brazil","Serie A Betano","2020","Ceara","Botafogo RJ","1.83","3.96","4.04","","","1.19","4.50","1.68","2.31","2.54","1.49","4.40","1.17","1.70","2.10"
"24610","26-02-21 01:30","Brazil","Serie A Betano","2020","Fluminense","Fortaleza","1.77","3.42","5.10","1.05","7.30","1.43","2.74","2.39","1.64","4.40","1.20","8.40","1.03","2.16","1.66"
"24611","26-02-21 01:30","Brazil","Serie A Betano","2020","Internacional","Corinthians","1.46","4.30","7.50","1.02","9.30","1.33","3.20","2.08","1.83","3.62","1.27","6.80","1.06","2.28","1.60"
"24612","26-02-21 01:30","Brazil","Serie A Betano","2020","Sao Paulo","Flamengo RJ","5.00","4.22","1.68","","","1.25","3.70","1.90","2.05","3.04","1.36","5.55","1.10","1.92","1.84"
"24613","26-02-21 01:30","Brazil","Serie A Betano","2020","Vasco","Goias","1.87","3.72","4.10","1.02","9.40","1.29","3.46","1.96","1.93","3.26","1.32","5.95","1.09","1.87","1.89"
"24614","23-02-21 00:00","Brazil","Serie A Betano","2020","Botafogo RJ","Sao Paulo","8.60","4.84","1.37","","","1.20","4.34","1.70","2.28","2.60","1.47","4.54","1.15","2.00","1.77"
"24615","22-02-21 22:00","Brazil","Serie A Betano","2020","Palmeiras","Atletico GO","1.66","3.96","4.94","1.02","9.50","1.30","3.40","1.99","1.91","3.32","1.31","6.15","1.08","2.00","1.77"
"24616","22-02-21 00:30","Brazil","Serie A Betano","2020","Goias","Bragantino","3.90","3.96","1.85","1.01","10.50","1.24","3.88","1.82","2.09","2.86","1.40","5.15","1.12","1.75","2.03"
"24617","21-02-21 22:15","Brazil","Serie A Betano","2020","Gremio","Athletico-PR","1.91","3.44","4.30","1.05","7.50","1.41","2.82","2.34","1.67","4.20","1.21","8.00","1.04","2.06","1.73"
"24618","21-02-21 22:15","Brazil","Serie A Betano","2020","Santos","Fluminense","2.34","3.24","3.22","1.05","7.30","1.43","2.74","2.38","1.65","4.32","1.20","8.30","1.04","1.99","1.78"
"24619","21-02-21 20:00","Brazil","Serie A Betano","2020","Corinthians","Vasco","1.90","3.52","4.24","1.04","7.90","1.38","2.94","2.23","1.73","3.88","1.24","7.40","1.05","2.03","1.75"
"24620","21-02-21 20:00","Brazil","Serie A Betano","2020","Flamengo RJ","Internacional","1.58","4.28","6.45","1.01","10.00","1.32","3.26","2.06","1.89","3.54","1.28","6.70","1.06","1.99","1.78"
"24621","21-02-21 20:00","Brazil","Serie A Betano","2020","Sport Recife","Atletico-MG","5.35","3.94","1.65","1.03","8.90","1.32","3.26","2.03","1.87","3.46","1.29","6.35","1.08","2.00","1.77"
"24622","21-02-21 01:00","Brazil","Serie A Betano","2020","Fortaleza","Bahia","2.26","3.08","3.58","1.07","6.55","1.45","2.69","2.46","1.61","4.40","1.20","8.40","1.03","2.05","1.73"
"24623","20-02-21 22:30","Brazil","Serie A Betano","2020","Coritiba","Ceara","3.40","3.42","2.17","1.04","8.10","1.36","3.04","2.19","1.75","3.78","1.25","7.20","1.06","1.94","1.82"
"24624","20-02-21 01:30","Brazil","Serie A Betano","2020","Sao Paulo","Palmeiras","2.20","3.26","3.50","1.06","7.00","1.45","2.67","2.46","1.61","4.54","1.18","8.90","1.03","2.14","1.67"
"24625","17-02-21 23:30","Brazil","Serie A Betano","2020","Coritiba","Palmeiras","5.00","3.64","1.73","1.04","8.20","1.34","3.14","2.09","1.81","3.54","1.28","6.65","1.07","2.07","1.72"
"24626","17-02-21 23:00","Brazil","Serie A Betano","2020","Santos","Corinthians","2.32","3.24","3.26","1.05","7.70","1.37","2.99","2.21","1.74","3.78","1.25","7.20","1.06","1.91","1.85"
"24627","16-02-21 00:00","Brazil","Serie A Betano","2020","Sport Recife","Bragantino","4.38","3.64","1.84","1.03","8.60","1.33","3.18","2.10","1.81","3.62","1.27","6.75","1.06","1.95","1.81"
"24628","15-02-21 22:00","Brazil","Serie A Betano","2020","Ceara","Fluminense","2.49","3.15","3.04","1.06","7.20","1.41","2.82","2.35","1.66","4.10","1.22","7.90","1.04","1.95","1.81"
"24629","15-02-21 00:30","Brazil","Serie A Betano","2020","Gremio","Sao Paulo","2.19","3.36","3.42","1.04","8.00","1.36","3.04","2.18","1.76","3.78","1.25","7.20","1.06","1.92","1.84"
"24630","14-02-21 22:15","Brazil","Serie A Betano","2020","Athletico-PR","Atletico GO","1.90","3.42","4.38","1.05","7.70","1.36","3.04","2.18","1.76","3.70","1.26","7.00","1.06","2.00","1.77"
"24631","14-02-21 22:15","Brazil","Serie A Betano","2020","Palmeiras","Fortaleza","2.10","3.18","3.90","1.06","7.10","1.39","2.90","2.27","1.70","3.88","1.24","7.40","1.05","2.00","1.77"
"24632","14-02-21 20:00","Brazil","Serie A Betano","2020","Flamengo RJ","Corinthians","1.33","5.45","11.00","","","1.19","4.50","1.68","2.36","2.52","1.50","4.30","1.17","1.99","1.78"
"24633","14-02-21 20:00","Brazil","Serie A Betano","2020","Vasco","Internacional","3.34","3.10","2.36","1.08","6.15","1.55","2.39","2.77","1.50","5.40","1.14","10.50","1.01","2.32","1.58"
"24634","13-02-21 23:00","Brazil","Serie A Betano","2020","Atletico-MG","Bahia","1.41","5.05","7.20","1.01","14.00","1.19","4.44","1.68","2.31","2.57","1.48","4.50","1.16","1.91","1.85"
"24635","13-02-21 23:00","Brazil","Serie A Betano","2020","Santos","Coritiba","1.32","5.45","9.40","","","1.23","3.98","1.78","2.13","2.86","1.40","5.10","1.12","2.21","1.63"
"24636","13-02-21 21:00","Brazil","Serie A Betano","2020","Goias","Botafogo RJ","1.86","3.72","4.10","1.01","10.00","1.24","3.88","1.80","2.12","2.82","1.41","5.00","1.13","1.77","2.00"
"24637","11-02-21 01:30","Brazil","Serie A Betano","2020","Corinthians","Athletico-PR","2.04","3.22","4.06","1.06","6.95","1.42","2.78","2.35","1.66","4.10","1.22","7.90","1.04","2.03","1.75"
"24638","11-02-21 01:30","Brazil","Serie A Betano","2020","Fluminense","Atletico-MG","3.58","3.40","2.10","1.04","9.20","1.35","3.00","2.10","1.73","3.70","1.25","7.60","1.07","1.89","1.87"
"24639","11-02-21 01:00","Brazil","Serie A Betano","2020","Sao Paulo","Ceara","1.73","3.98","5.15","1.03","8.70","1.33","3.20","2.10","1.86","3.54","1.28","6.55","1.07","2.04","1.74"
"24640","10-02-21 23:15","Brazil","Serie A Betano","2020","Fortaleza","Vasco","2.04","2.86","4.80","1.14","5.25","1.70","2.28","2.94","1.38","5.70","1.10","13.50","1.01","2.55","1.49"
"24641","10-02-21 23:00","Brazil","Serie A Betano","2020","Internacional","Sport Recife","1.46","4.04","7.40","1.04","7.80","1.37","2.94","2.23","1.73","3.88","1.24","7.40","1.05","2.35","1.56"
"24642","09-02-21 00:00","Brazil","Serie A Betano","2020","Botafogo RJ","Gremio","6.50","4.40","1.46","1.01","10.00","1.28","3.54","1.92","1.97","3.14","1.34","5.70","1.10","2.14","1.67"
"24643","08-02-21 00:30","Brazil","Serie A Betano","2020","Bragantino","Flamengo RJ","3.22","3.60","2.06","1.01","11.50","1.18","4.60","1.66","2.35","2.46","1.52","4.20","1.18","1.56","2.36"
"24644","07-02-21 01:00","Brazil","Serie A Betano","2020","Atletico GO","Santos","2.52","3.28","2.88","1.04","7.80","1.39","2.90","2.26","1.71","3.98","1.23","7.70","1.05","1.91","1.85"
"24645","06-02-21 23:00","Brazil","Serie A Betano","2020","Bahia","Goias","1.65","4.04","5.20","1.02","9.90","1.27","3.62","1.90","2.00","3.10","1.35","5.60","1.10","1.94","1.82"
"24646","06-02-21 00:00","Brazil","Serie A Betano","2020","Botafogo RJ","Sport Recife","2.74","3.13","2.75","1.07","6.60","1.49","2.54","2.58","1.56","4.90","1.16","9.70","1.02","2.11","1.69"
"24647","05-02-21 01:00","Brazil","Serie A Betano","2020","Athletico-PR","Internacional","3.28","3.32","2.51","1.06","6.70","1.49","2.54","2.65","1.60","4.84","1.17","9.50","1.03","2.10","1.70"
"24648","05-02-21 01:00","Brazil","Serie A Betano","2020","Flamengo RJ","Vasco","1.28","5.65","9.90","","","1.18","4.60","1.65","2.38","2.49","1.51","4.24","1.18","2.06","1.73"
"24649","04-02-21 22:30","Brazil","Serie A Betano","2020","Fortaleza","Coritiba","1.59","3.96","6.05","1.04","7.90","1.41","2.82","2.34","1.67","4.20","1.21","8.20","1.04","2.38","1.55"
"24650","04-02-21 01:30","Brazil","Serie A Betano","2020","Bahia","Fluminense","2.78","3.15","2.67","1.05","7.50","1.38","2.94","2.23","1.73","3.78","1.25","7.30","1.05","2.00","1.77"
"24651","04-02-21 01:30","Brazil","Serie A Betano","2020","Corinthians","Ceara","2.04","3.50","3.70","1.03","8.50","1.34","3.14","2.10","1.81","3.62","1.27","6.75","1.06","1.95","1.81"
"24652","04-02-21 01:30","Brazil","Serie A Betano","2020","Goias","Atletico-MG","7.20","4.90","1.41","1.01","14.00","1.18","4.64","1.64","2.39","2.46","1.52","4.20","1.18","1.84","1.92"
"24653","03-02-21 23:15","Brazil","Serie A Betano","2020","Bragantino","Atletico GO","1.69","3.92","5.05","1.02","9.40","1.29","3.46","1.96","1.93","3.26","1.32","6.00","1.09","2.00","1.77"
"24654","03-02-21 20:00","Brazil","Serie A Betano","2020","Gremio","Santos","1.72","3.70","5.15","1.04","8.10","1.36","3.04","2.16","1.77","3.70","1.26","7.00","1.06","2.09","1.70"
"24655","02-02-21 20:00","Brazil","Serie A Betano","2020","Palmeiras","Botafogo RJ","1.54","4.20","5.95","1.02","9.60","1.27","3.62","1.91","1.99","3.10","1.35","5.60","1.10","2.04","1.74"
"24656","02-02-21 00:00","Brazil","Serie A Betano","2020","Sport Recife","Flamengo RJ","8.90","5.15","1.32","","","1.18","4.50","1.67","2.33","2.52","1.50","4.30","1.17","1.99","1.78"
"24657","01-02-21 00:30","Brazil","Serie A Betano","2020","Fluminense","Goias","1.69","3.84","4.96","1.02","9.10","1.30","3.32","2.01","1.89","3.40","1.30","6.25","1.08","1.99","1.78"
"24658","31-01-21 22:15","Brazil","Serie A Betano","2020","Internacional","Bragantino","2.20","3.30","3.40","1.05","7.40","1.41","2.78","2.35","1.66","4.20","1.21","8.10","1.04","2.00","1.77"
"24659","31-01-21 21:00","Brazil","Serie A Betano","2020","Atletico-MG","Fortaleza","1.49","4.32","6.90","1.02","9.30","1.30","3.40","1.97","1.92","3.26","1.32","6.05","1.08","2.11","1.69"
"24660","31-01-21 20:00","Brazil","Serie A Betano","2020","Atletico GO","Sao Paulo","3.94","3.68","2.04","1.03","8.40","1.34","3.14","2.14","1.83","3.62","1.27","6.85","1.06","1.91","1.85"
"24661","31-01-21 20:00","Brazil","Serie A Betano","2020","Ceara","Athletico-PR","2.16","3.32","3.54","1.05","7.40","1.42","2.78","2.35","1.66","4.20","1.21","8.20","1.04","2.04","1.74"
"24662","31-01-21 20:00","Brazil","Serie A Betano","2020","Coritiba","Gremio","3.96","3.34","2.02","1.06","7.10","1.45","2.69","2.45","1.62","4.50","1.19","8.80","1.03","2.26","1.61"
"24663","31-01-21 20:00","Brazil","Serie A Betano","2020","Vasco","Bahia","2.34","3.24","3.24","1.06","7.20","1.44","2.70","2.41","1.63","4.44","1.19","8.70","1.04","2.08","1.71"
"24664","29-01-21 00:00","Brazil","Serie A Betano","2020","Gremio","Flamengo RJ","2.97","3.54","2.34","1.02","9.80","1.27","3.62","1.91","1.99","3.10","1.35","5.65","1.10","1.76","2.01"
"24665","28-01-21 23:00","Brazil","Serie A Betano","2020","Bahia","Corinthians","2.32","3.28","3.22","1.04","8.10","1.34","3.14","2.12","1.80","3.54","1.28","6.70","1.06","1.86","1.90"
"24666","27-01-21 00:00","Brazil","Serie A Betano","2020","Atletico-MG","Santos","1.22","6.65","13.00","1.01","16.00","1.15","5.10","1.56","2.58","2.26","1.61","3.64","1.23","2.20","1.64"
"24667","27-01-21 00:00","Brazil","Serie A Betano","2020","Palmeiras","Vasco","2.05","3.26","3.74","1.05","7.40","1.39","2.90","2.26","1.71","3.98","1.23","7.50","1.05","1.96","1.80"
"24668","26-01-21 00:00","Brazil","Serie A Betano","2020","Corinthians","Bragantino","2.56","3.34","2.74","1.02","8.90","1.30","3.40","2.00","1.90","3.26","1.32","6.05","1.08","1.84","1.92"
"24669","25-01-21 00:30","Brazil","Serie A Betano","2020","Fluminense","Botafogo RJ","2.07","3.34","3.64","1.05","7.50","1.41","2.82","2.34","1.67","4.20","1.21","8.10","1.04","2.03","1.75"
"24670","24-01-21 22:15","Brazil","Serie A Betano","2020","Atletico GO","Fortaleza","2.40","3.18","3.17","1.06","6.80","1.47","2.60","2.53","1.58","4.70","1.18","9.30","1.03","2.14","1.67"
"24671","24-01-21 22:15","Brazil","Serie A Betano","2020","Santos","Goias","1.41","4.74","7.60","1.01","10.50","1.24","3.88","1.82","2.09","2.90","1.39","5.15","1.12","2.05","1.73"
"24672","24-01-21 22:15","Brazil","Serie A Betano","2020","Sport Recife","Bahia","2.91","3.22","2.54","1.05","7.40","1.42","2.78","2.38","1.65","4.20","1.21","8.20","1.04","1.98","1.78"
"24673","24-01-21 20:00","Brazil","Serie A Betano","2020","Athletico-PR","Flamengo RJ","4.86","4.04","1.69","1.01","10.50","1.24","3.88","1.82","2.09","2.90","1.39","5.15","1.12","1.85","1.91"
"24674","24-01-21 20:00","Brazil","Serie A Betano","2020","Ceara","Palmeiras","2.41","3.22","3.12","1.06","7.20","1.44","2.70","2.41","1.63","4.44","1.19","8.70","1.04","2.01","1.76"
"24675","24-01-21 20:00","Brazil","Serie A Betano","2020","Internacional","Gremio","2.97","2.90","3.01","1.12","5.20","1.71","2.33","3.15","1.46","5.95","1.12","","","2.35","1.56"
"24676","24-01-21 01:00","Brazil","Serie A Betano","2020","Vasco","Atletico-MG","4.38","3.76","1.81","1.02","9.40","1.29","3.46","1.96","1.93","3.26","1.32","5.95","1.09","1.87","1.89"
"24677","23-01-21 23:00","Brazil","Serie A Betano","2020","Sao Paulo","Coritiba","1.37","4.94","8.70","1.01","10.50","1.25","3.78","1.85","2.05","2.94","1.38","5.30","1.11","2.20","1.64"
"24678","22-01-21 01:00","Brazil","Serie A Betano","2020","Corinthians","Sport Recife","1.65","3.80","5.50","1.04","8.00","1.38","2.94","2.23","1.73","3.88","1.24","7.40","1.05","2.30","1.59"
"24679","21-01-21 23:00","Brazil","Serie A Betano","2020","Flamengo RJ","Palmeiras","2.08","3.60","3.44","1.01","10.00","1.26","3.70","1.87","2.03","3.02","1.36","5.45","1.11","1.76","2.01"
"24680","21-01-21 23:00","Brazil","Serie A Betano","2020","Fortaleza","Santos","1.99","3.32","4.10","1.06","6.90","1.47","2.60","2.51","1.59","4.70","1.18","9.20","1.03","2.20","1.64"
"24681","21-01-21 23:00","Brazil","Serie A Betano","2020","Goias","Ceara","3.46","3.28","2.21","1.04","8.10","1.32","3.26","2.07","1.84","3.40","1.30","6.30","1.08","1.85","1.91"
"24682","21-01-21 01:30","Brazil","Serie A Betano","2020","Bragantino","Vasco","1.67","3.74","5.45","1.04","7.90","1.38","2.94","2.24","1.72","3.98","1.23","7.50","1.05","2.14","1.67"
"24683","21-01-21 01:30","Brazil","Serie A Betano","2020","Sao Paulo","Internacional","2.09","3.36","4.12","1.06","6.85","1.44","2.70","2.47","1.64","4.40","1.20","8.40","1.03","2.07","1.72"
"24684","21-01-21 00:30","Brazil","Serie A Betano","2020","Coritiba","Fluminense","3.11","3.14","2.45","1.06","6.75","1.48","2.57","2.56","1.57","4.80","1.17","9.40","1.03","2.20","1.64"
"24685","20-01-21 23:15","Brazil","Serie A Betano","2020","Gremio","Atletico-MG","2.47","3.44","2.82","1.02","9.30","1.30","3.40","1.97","1.87","3.32","1.31","6.10","1.08","1.77","2.00"
"24686","20-01-21 22:00","Brazil","Serie A Betano","2020","Bahia","Athletico-PR","1.99","3.46","3.92","1.04","7.90","1.38","2.94","2.23","1.73","3.88","1.24","7.50","1.05","2.00","1.77"
"24687","20-01-21 21:00","Brazil","Serie A Betano","2020","Botafogo RJ","Atletico GO","2.40","3.28","3.07","1.05","7.60","1.40","2.86","2.31","1.68","4.10","1.22","7.90","1.04","2.10","1.70"
"24688","19-01-21 00:00","Brazil","Serie A Betano","2020","Goias","Flamengo RJ","7.80","5.15","1.37","1.01","15.00","1.15","4.64","1.56","2.36","2.48","1.60","4.10","1.22","1.85","1.91"
"24689","18-01-21 23:00","Brazil","Serie A Betano","2020","Palmeiras","Corinthians","2.11","3.28","3.70","1.07","7.70","1.46","2.91","2.28","1.60","4.10","1.18","8.20","1.04","2.15","1.67"
"24690","18-01-21 00:30","Brazil","Serie A Betano","2020","Ceara","Bragantino","2.78","3.13","2.69","1.05","7.50","1.36","3.04","2.18","1.76","3.70","1.26","6.95","1.06","1.85","1.91"
"24691","18-01-21 00:30","Brazil","Serie A Betano","2020","Internacional","Fortaleza","1.87","3.15","4.66","1.12","5.90","1.69","2.29","2.90","1.39","5.85","1.09","14.00","1.01","2.60","1.47"
"24692","17-01-21 22:15","Brazil","Serie A Betano","2020","Atletico-MG","Atletico GO","1.49","4.40","6.70","1.01","10.00","1.26","3.70","1.88","2.02","3.04","1.36","5.45","1.10","2.02","1.76"
"24693","17-01-21 20:00","Brazil","Serie A Betano","2020","Athletico-PR","Sao Paulo","3.64","3.08","2.23","1.06","6.75","1.40","2.86","2.31","1.68","3.98","1.23","7.60","1.05","2.00","1.77"
"24694","17-01-21 20:00","Brazil","Serie A Betano","2020","Santos","Botafogo RJ","1.86","3.74","4.10","1.02","9.70","1.28","3.54","1.92","1.97","3.14","1.34","5.70","1.10","1.90","1.86"
"24695","17-01-21 01:00","Brazil","Serie A Betano","2020","Vasco","Coritiba","1.80","3.42","4.96","1.07","6.60","1.50","2.52","2.61","1.55","4.94","1.16","9.70","1.02","2.40","1.54"
"24696","16-01-21 23:00","Brazil","Serie A Betano","2020","Fluminense","Sport Recife","2.06","3.26","3.92","1.06","6.75","1.48","2.57","2.56","1.57","4.80","1.17","9.40","1.03","2.25","1.61"
"24697","16-01-21 01:30","Brazil","Serie A Betano","2020","Palmeiras","Gremio","2.78","3.20","2.88","1.07","6.60","1.45","2.67","2.49","1.63","4.50","1.19","8.70","1.04","2.09","1.70"
"24698","14-01-21 01:30","Brazil","Serie A Betano","2020","Corinthians","Fluminense","2.18","3.10","4.20","1.07","6.60","1.49","2.54","2.65","1.57","4.90","1.17","9.60","1.02","2.25","1.61"
"24699","12-01-21 00:00","Brazil","Serie A Betano","2020","Bragantino","Atletico-MG","3.13","3.52","2.23","1.02","9.50","1.28","3.54","1.95","1.94","3.20","1.33","5.85","1.09","1.75","2.03"
"24700","11-01-21 00:30","Brazil","Serie A Betano","2020","Vasco","Botafogo RJ","2.25","3.18","3.44","1.06","7.00","1.43","2.74","2.39","1.64","4.20","1.21","8.30","1.04","2.01","1.76"
"24701","10-01-21 22:15","Brazil","Serie A Betano","2020","Atletico GO","Bahia","2.36","3.24","3.17","1.05","7.30","1.42","2.78","2.38","1.65","4.32","1.20","8.30","1.04","2.00","1.77"
"24702","10-01-21 22:15","Brazil","Serie A Betano","2020","Internacional","Goias","1.47","4.34","7.10","1.02","9.30","1.30","3.40","1.97","1.92","3.26","1.32","6.05","1.08","2.35","1.56"
"24703","10-01-21 20:00","Brazil","Serie A Betano","2020","Flamengo RJ","Ceara","1.37","5.05","7.80","1.01","15.00","1.18","4.70","1.63","2.41","2.44","1.53","4.14","1.18","1.87","1.89"
"24704","10-01-21 20:00","Brazil","Serie A Betano","2020","Sao Paulo","Santos","1.46","4.40","6.90","1.02","9.30","1.32","3.20","2.07","1.84","3.54","1.28","6.65","1.07","2.22","1.63"
"24705","10-01-21 01:00","Brazil","Serie A Betano","2020","Fortaleza","Gremio","3.42","3.10","2.29","1.10","6.45","1.60","2.48","2.69","1.45","5.20","1.12","10.50","1.01","2.33","1.57"
"24706","09-01-21 23:00","Brazil","Serie A Betano","2020","Coritiba","Athletico-PR","3.40","2.95","2.42","1.11","6.15","1.59","2.51","2.64","1.46","4.94","1.13","10.00","1.01","2.34","1.57"
"24707","09-01-21 23:00","Brazil","Serie A Betano","2020","Sport Recife","Palmeiras","3.78","3.38","2.04","1.05","7.60","1.40","2.86","2.31","1.68","4.10","1.22","7.90","1.04","2.11","1.69"
"24708","08-01-21 01:00","Brazil","Serie A Betano","2020","Atletico GO","Vasco","2.16","3.04","3.92","1.08","6.20","1.46","2.64","2.48","1.60","4.50","1.19","8.70","1.04","2.20","1.64"
"24709","07-01-21 23:00","Brazil","Serie A Betano","2020","Ceara","Internacional","2.98","2.99","2.62","1.08","6.15","1.51","2.49","2.67","1.53","5.05","1.16","9.90","1.02","2.18","1.65"
"24710","07-01-21 01:30","Brazil","Serie A Betano","2020","Bragantino","Sao Paulo","2.88","3.34","2.47","1.04","8.10","1.36","3.02","2.19","1.75","3.78","1.25","7.30","1.05","1.91","1.85"
"24711","07-01-21 01:30","Brazil","Serie A Betano","2020","Flamengo RJ","Fluminense","1.49","4.48","7.90","1.01","10.00","1.24","3.88","1.83","2.14","2.82","1.41","5.00","1.13","1.91","1.85"
"24712","07-01-21 00:30","Brazil","Serie A Betano","2020","Coritiba","Goias","2.14","3.36","3.54","1.05","7.70","1.40","2.86","2.29","1.69","4.10","1.22","7.80","1.04","2.02","1.76"
"24713","07-01-21 00:30","Brazil","Serie A Betano","2020","Sport Recife","Fortaleza","3.03","3.04","2.57","1.09","5.95","1.57","2.34","2.84","1.48","5.60","1.13","11.00","1.01","2.24","1.62"
"24714","06-01-21 23:15","Brazil","Serie A Betano","2020","Botafogo RJ","Athletico-PR","2.49","3.30","2.92","1.04","7.80","1.38","2.94","2.24","1.72","3.98","1.23","7.60","1.05","1.97","1.80"
"24715","06-01-21 23:15","Brazil","Serie A Betano","2020","Gremio","Bahia","1.44","4.40","7.20","1.03","8.80","1.33","3.20","2.05","1.85","3.50","1.29","6.50","1.07","2.26","1.61"
"24716","28-12-20 00:30","Brazil","Serie A Betano","2020","Gremio","Atletico GO","2.01","3.32","4.02","1.06","6.95","1.46","2.64","2.48","1.60","4.60","1.18","9.00","1.03","2.20","1.64"
"24717","27-12-20 22:15","Brazil","Serie A Betano","2020","Athletico-PR","Vasco","1.95","3.30","4.34","1.06","7.10","1.44","2.70","2.44","1.60","4.50","1.19","8.80","1.03","2.10","1.70"
"24718","27-12-20 22:15","Brazil","Serie A Betano","2020","Palmeiras","Bragantino","1.86","3.50","4.28","1.04","7.80","1.39","2.90","2.26","1.71","3.98","1.23","7.60","1.05","2.03","1.75"
"24719","27-12-20 22:15","Brazil","Serie A Betano","2020","Santos","Ceara","2.09","3.50","3.54","1.03","8.60","1.33","3.20","2.08","1.83","3.54","1.28","6.60","1.07","1.90","1.86"
"24720","27-12-20 20:00","Brazil","Serie A Betano","2020","Bahia","Internacional","2.64","3.10","2.88","1.08","6.40","1.52","2.46","2.67","1.53","5.10","1.15","10.00","1.02","2.18","1.65"
"24721","27-12-20 20:00","Brazil","Serie A Betano","2020","Botafogo RJ","Corinthians","2.93","3.18","2.54","1.06","7.20","1.44","2.70","2.41","1.61","4.44","1.19","8.40","1.03","2.05","1.73"
"24722","27-12-20 01:00","Brazil","Serie A Betano","2020","Fluminense","Sao Paulo","4.58","3.48","1.90","1.03","8.40","1.44","2.70","2.46","1.65","4.70","1.18","9.10","1.03","2.09","1.70"
"24723","26-12-20 23:00","Brazil","Serie A Betano","2020","Fortaleza","Flamengo RJ","4.80","3.74","1.71","1.02","9.60","1.25","3.78","1.83","2.08","2.86","1.40","5.05","1.13","1.75","2.03"
"24724","26-12-20 23:00","Brazil","Serie A Betano","2020","Goias","Sport Recife","2.57","3.24","2.85","1.04","7.90","1.39","2.90","2.27","1.70","4.10","1.22","7.80","1.04","2.00","1.77"
"24725","26-12-20 21:00","Brazil","Serie A Betano","2020","Atletico-MG","Coritiba","1.32","5.35","9.20","","","1.19","4.44","1.68","2.31","2.57","1.48","4.40","1.16","2.05","1.73"
"24726","22-12-20 00:00","Brazil","Serie A Betano","2020","Corinthians","Goias","1.40","4.74","7.90","1.02","9.40","1.33","3.20","2.05","1.83","3.54","1.26","6.70","1.06","2.34","1.57"
"24727","21-12-20 00:30","Brazil","Serie A Betano","2020","Fortaleza","Ceara","2.88","3.04","2.69","1.11","6.70","1.57","2.41","2.80","1.49","5.65","1.15","12.50","1.04","2.30","1.59"
"24728","20-12-20 22:15","Brazil","Serie A Betano","2020","Flamengo RJ","Bahia","1.32","5.40","8.70","1.02","15.00","1.18","5.00","1.61","2.46","2.44","1.57","4.30","1.23","2.00","1.77"
"24729","20-12-20 20:00","Brazil","Serie A Betano","2020","Bragantino","Athletico-PR","1.94","3.54","4.00","1.06","9.40","1.37","3.15","2.16","1.77","3.84","1.27","8.00","1.09","2.02","1.76"
"24730","20-12-20 20:00","Brazil","Serie A Betano","2020","Vasco","Santos","2.66","3.22","2.76","1.08","8.10","1.45","2.79","2.39","1.64","4.54","1.21","9.60","1.06","2.02","1.76"
"24731","20-12-20 01:00","Brazil","Serie A Betano","2020","Coritiba","Botafogo RJ","2.67","3.05","2.88","1.10","7.10","1.52","2.57","2.61","1.55","5.10","1.18","11.00","1.05","2.16","1.66"
"24732","20-12-20 01:00","Brazil","Serie A Betano","2020","Internacional","Palmeiras","2.78","2.82","2.95","1.15","5.60","1.69","2.20","3.18","1.40","6.65","1.12","14.50","1.02","2.45","1.52"
"24733","19-12-20 23:00","Brazil","Serie A Betano","2020","Sport Recife","Gremio","4.44","3.42","1.89","1.09","8.00","1.47","2.72","2.45","1.62","4.54","1.21","9.90","1.06","2.28","1.60"
"24734","17-12-20 01:30","Brazil","Serie A Betano","2020","Atletico GO","Fluminense","2.56","3.13","2.97","1.10","7.20","1.53","2.54","2.64","1.54","5.20","1.17","11.00","1.04","2.19","1.64"
"24735","17-12-20 01:30","Brazil","Serie A Betano","2020","Sao Paulo","Atletico-MG","2.36","3.46","3.09","1.05","10.50","1.29","3.60","1.93","1.93","3.20","1.36","6.25","1.13","1.80","1.96"
"24736","14-12-20 00:30","Brazil","Serie A Betano","2020","Vasco","Fluminense","3.05","3.05","2.54","1.11","6.70","1.61","2.46","2.72","1.47","5.65","1.15","12.50","1.03","2.24","1.62"
"24737","13-12-20 22:15","Brazil","Serie A Betano","2020","Corinthians","Sao Paulo","4.40","3.18","1.97","1.10","7.20","1.48","2.69","2.48","1.60","4.54","1.21","9.80","1.06","2.17","1.66"
"24738","13-12-20 22:15","Brazil","Serie A Betano","2020","Sport Recife","Coritiba","2.44","3.06","3.24","1.10","7.00","1.51","2.60","2.58","1.56","5.00","1.18","10.50","1.05","2.11","1.69"
"24739","13-12-20 20:00","Brazil","Serie A Betano","2020","Flamengo RJ","Santos","1.30","6.20","12.00","1.02","16.00","1.18","5.05","1.62","2.52","2.44","1.57","4.30","1.23","2.00","1.77"
"24740","13-12-20 01:00","Brazil","Serie A Betano","2020","Ceara","Atletico GO","2.00","3.18","4.26","1.10","7.30","1.46","2.76","2.44","1.62","4.40","1.22","9.50","1.06","2.18","1.65"
"24741","13-12-20 01:00","Brazil","Serie A Betano","2020","Goias","Gremio","5.45","3.98","1.63","1.05","10.00","1.33","3.38","2.03","1.87","3.52","1.31","7.10","1.10","2.12","1.69"
"24742","12-12-20 23:00","Brazil","Serie A Betano","2020","Internacional","Botafogo RJ","1.62","3.74","5.75","1.08","8.40","1.44","2.83","2.33","1.66","4.40","1.22","9.20","1.06","2.26","1.61"
"24743","12-12-20 23:00","Brazil","Serie A Betano","2020","Palmeiras","Bahia","1.63","3.84","5.75","1.06","9.20","1.39","3.05","2.21","1.74","3.94","1.26","8.20","1.08","2.15","1.66"
"24744","12-12-20 21:00","Brazil","Serie A Betano","2020","Athletico-PR","Atletico-MG","3.84","3.72","1.93","1.04","11.50","1.28","3.74","1.88","2.02","3.10","1.38","5.95","1.14","1.75","2.03"
"24745","12-12-20 21:00","Brazil","Serie A Betano","2020","Bragantino","Fortaleza","1.81","3.52","4.76","1.08","8.30","1.44","2.83","2.35","1.66","4.40","1.22","9.20","1.06","2.14","1.68"
"24746","10-12-20 01:30","Brazil","Serie A Betano","2020","Sao Paulo","Botafogo RJ","1.43","4.30","7.20","1.05","10.50","1.31","3.52","1.96","1.93","3.32","1.34","6.50","1.12","2.12","1.69"
"24747","08-12-20 00:00","Brazil","Serie A Betano","2020","Atletico GO","Goias","1.64","3.92","5.25","1.05","10.50","1.31","3.44","2.00","1.88","3.38","1.33","6.75","1.11","1.95","1.81"
"24748","06-12-20 22:15","Brazil","Serie A Betano","2020","Atletico-MG","Internacional","1.78","3.74","5.35","1.03","8.70","1.35","3.10","2.17","1.81","3.70","1.26","7.10","1.06","2.00","1.77"
"24749","06-12-20 20:00","Brazil","Serie A Betano","2020","Gremio","Vasco","1.53","4.00","7.00","1.08","8.50","1.43","2.88","2.33","1.67","4.30","1.23","9.10","1.07","2.42","1.54"
"24750","06-12-20 20:00","Brazil","Serie A Betano","2020","Sao Paulo","Sport Recife","1.37","4.84","9.00","1.04","11.50","1.30","3.60","1.93","1.96","3.20","1.36","6.30","1.13","2.40","1.54"
"24751","06-12-20 01:00","Brazil","Serie A Betano","2020","Coritiba","Bragantino","3.34","3.34","2.22","1.07","8.70","1.41","2.96","2.29","1.68","4.14","1.24","8.80","1.07","2.06","1.73"
"24752","05-12-20 23:00","Brazil","Serie A Betano","2020","Bahia","Ceara","2.63","3.18","2.82","1.07","8.70","1.37","3.15","2.15","1.78","3.74","1.28","7.60","1.09","1.85","1.90"
"24753","05-12-20 23:00","Brazil","Serie A Betano","2020","Fluminense","Athletico-PR","2.35","3.22","3.22","1.09","7.80","1.48","2.69","2.48","1.60","4.74","1.20","10.00","1.06","2.07","1.72"
"24754","05-12-20 21:00","Brazil","Serie A Betano","2020","Botafogo RJ","Flamengo RJ","5.85","4.32","1.55","1.03","13.00","1.23","4.30","1.73","2.23","2.72","1.47","5.00","1.18","1.80","1.96"
"24755","05-12-20 21:00","Brazil","Serie A Betano","2020","Santos","Palmeiras","3.28","3.16","2.36","1.08","8.10","1.41","2.96","2.27","1.70","4.04","1.25","8.50","1.08","1.94","1.82"
"24756","03-12-20 23:00","Brazil","Serie A Betano","2020","Goias","Sao Paulo","8.00","4.80","1.40","1.03","12.50","1.26","3.94","1.82","2.09","2.95","1.41","5.60","1.15","2.08","1.71"
"24757","03-12-20 01:30","Brazil","Serie A Betano","2020","Fortaleza","Corinthians","2.43","2.97","3.34","1.13","6.35","1.59","2.39","2.84","1.48","5.65","1.15","12.50","1.03","2.24","1.62"
"24758","01-12-20 00:00","Brazil","Serie A Betano","2020","Fluminense","Bragantino","3.44","3.30","2.18","1.08","8.50","1.38","2.96","2.25","1.70","4.14","1.24","8.70","1.07","1.94","1.82"
"24759","30-11-20 22:00","Brazil","Serie A Betano","2020","Gremio","Goias","1.27","5.55","12.00","1.04","12.00","1.28","3.74","1.86","2.03","3.10","1.38","5.95","1.14","2.53","1.50"
"24760","30-11-20 22:00","Brazil","Serie A Betano","2020","Vasco","Ceara","3.28","3.02","2.44","1.10","7.00","1.49","2.66","2.52","1.58","4.74","1.20","10.00","1.06","2.16","1.66"
"24761","29-11-20 01:00","Brazil","Serie A Betano","2020","Atletico GO","Internacional","3.07","3.13","2.47","1.10","7.30","1.52","2.57","2.61","1.55","5.10","1.18","11.00","1.05","2.11","1.69"
"24762","28-11-20 23:00","Brazil","Serie A Betano","2020","Bahia","Sao Paulo","3.54","3.19","2.21","1.05","7.70","1.34","3.14","2.10","1.77","3.54","1.28","6.60","1.07","1.85","1.90"
"24763","28-11-20 21:00","Brazil","Serie A Betano","2020","Palmeiras","Athletico-PR","1.74","3.68","5.00","1.07","8.80","1.43","2.88","2.31","1.68","4.30","1.23","9.10","1.06","2.20","1.64"
"24764","28-11-20 21:00","Brazil","Serie A Betano","2020","Santos","Sport Recife","1.72","3.74","5.05","1.06","10.00","1.32","3.44","2.00","1.90","3.38","1.33","6.65","1.11","1.95","1.81"
"24765","27-11-20 00:00","Brazil","Serie A Betano","2020","Fortaleza","Goias","1.69","3.80","5.15","1.06","10.00","1.33","3.38","2.02","1.88","3.44","1.32","6.85","1.11","2.05","1.73"
"24766","26-11-20 01:30","Brazil","Serie A Betano","2020","Atletico-MG","Botafogo RJ","1.63","4.18","4.90","1.01","11.50","1.21","4.20","1.73","2.23","2.67","1.45","4.64","1.14","1.80","1.96"
"24767","26-11-20 01:30","Brazil","Serie A Betano","2020","Coritiba","Corinthians","3.13","2.88","2.64","1.13","6.35","1.56","2.58","2.60","1.51","5.10","1.18","11.00","1.05","2.25","1.61"
"24768","25-11-20 23:15","Brazil","Serie A Betano","2020","Ceara","Sao Paulo","3.12","3.16","2.43","1.07","8.70","1.36","3.20","2.13","1.79","3.72","1.29","7.50","1.10","1.83","1.93"
"24769","24-11-20 00:00","Brazil","Serie A Betano","2020","Sport Recife","Atletico GO","3.03","3.04","2.56","1.10","7.10","1.50","2.63","2.53","1.58","4.80","1.19","10.00","1.05","2.13","1.68"
"24770","23-11-20 00:30","Brazil","Serie A Betano","2020","Corinthians","Gremio","3.44","3.24","2.28","1.09","6.85","1.57","2.65","2.54","1.49","4.84","1.14","9.80","1.02","2.19","1.65"
"24771","22-11-20 22:15","Brazil","Serie A Betano","2020","Botafogo RJ","Fortaleza","2.24","3.02","3.70","1.10","7.20","1.44","2.83","2.38","1.65","4.30","1.23","8.90","1.07","2.03","1.75"
"24772","22-11-20 22:15","Brazil","Serie A Betano","2020","Internacional","Fluminense","2.06","3.14","4.64","1.09","5.95","1.66","2.43","2.98","1.50","5.65","1.13","11.00","1.01","2.43","1.53"
"24773","22-11-20 20:00","Brazil","Serie A Betano","2020","Ceara","Atletico-MG","2.80","3.38","2.52","1.04","11.50","1.25","4.04","1.81","2.10","2.88","1.43","5.40","1.16","1.69","2.11"
"24774","22-11-20 20:00","Brazil","Serie A Betano","2020","Sao Paulo","Vasco","1.41","5.00","9.20","1.02","9.60","1.29","3.46","1.98","1.96","3.26","1.32","6.05","1.09","2.30","1.58"
"24775","22-11-20 01:00","Brazil","Serie A Betano","2020","Goias","Palmeiras","4.42","3.56","1.78","1.05","7.60","1.40","2.86","2.27","1.70","3.98","1.23","7.70","1.05","2.11","1.69"
"24776","21-11-20 23:00","Brazil","Serie A Betano","2020","Athletico-PR","Santos","1.58","3.94","6.25","1.06","9.50","1.35","3.26","2.08","1.83","3.60","1.30","7.30","1.10","2.11","1.69"
"24777","21-11-20 23:00","Brazil","Serie A Betano","2020","Flamengo RJ","Coritiba","1.36","5.00","8.10","1.03","13.50","1.21","4.30","1.73","2.19","2.76","1.46","5.15","1.17","2.08","1.71"
"24778","21-11-20 00:00","Brazil","Serie A Betano","2020","Bragantino","Bahia","2.21","3.26","3.44","1.06","9.30","1.33","3.38","2.02","1.87","3.38","1.33","6.70","1.11","1.79","1.98"
"24779","19-11-20 23:00","Brazil","Serie A Betano","2020","Vasco","Fortaleza","2.34","3.07","3.36","1.09","6.85","1.52","2.70","2.46","1.52","4.54","1.15","9.10","1.03","2.18","1.65"
"24780","18-11-20 23:00","Brazil","Serie A Betano","2020","Atletico-MG","Athletico-PR","1.67","3.76","4.78","1.03","13.50","1.22","4.40","1.72","2.24","2.72","1.47","5.00","1.18","1.80","1.96"
"24781","17-11-20 00:00","Brazil","Serie A Betano","2020","Botafogo RJ","Bragantino","2.53","3.15","2.97","1.05","7.60","1.37","3.02","2.19","1.75","3.78","1.25","7.10","1.06","1.90","1.86"
"24782","16-11-20 22:00","Brazil","Serie A Betano","2020","Coritiba","Bahia","2.86","2.95","2.73","1.08","6.30","1.47","2.60","2.51","1.59","4.54","1.18","8.90","1.03","2.06","1.73"
"24783","15-11-20 01:30","Brazil","Serie A Betano","2020","Flamengo RJ","Atletico GO","1.44","4.60","6.30","1.02","14.50","1.20","4.54","1.68","2.31","2.60","1.51","4.70","1.20","1.90","1.86"
"24784","15-11-20 01:30","Brazil","Serie A Betano","2020","Palmeiras","Fluminense","1.95","3.30","4.14","1.04","8.00","1.38","2.86","2.25","1.66","4.10","1.22","7.90","1.04","2.03","1.75"
"24785","14-11-20 23:00","Brazil","Serie A Betano","2020","Corinthians","Atletico-MG","3.78","3.76","1.92","1.01","10.00","1.25","3.70","1.82","1.98","3.02","1.37","5.45","1.10","1.77","2.00"
"24786","14-11-20 23:00","Brazil","Serie A Betano","2020","Fortaleza","Sao Paulo","2.99","3.24","2.47","1.08","8.30","1.42","2.88","2.35","1.66","4.40","1.22","9.20","1.06","2.01","1.74"
"24787","14-11-20 23:00","Brazil","Serie A Betano","2020","Gremio","Ceara","1.78","3.58","4.80","1.07","8.70","1.42","2.91","2.29","1.69","4.14","1.24","8.80","1.07","2.15","1.66"
"24788","14-11-20 21:00","Brazil","Serie A Betano","2020","Goias","Athletico-PR","4.34","3.62","1.85","1.06","9.60","1.36","3.20","2.13","1.79","3.74","1.28","7.70","1.09","1.96","1.78"
"24789","14-11-20 20:30","Brazil","Serie A Betano","2020","Santos","Internacional","3.72","3.20","2.14","1.05","7.50","1.41","2.82","2.29","1.64","4.10","1.22","8.00","1.04","2.03","1.75"
"24790","14-11-20 20:30","Brazil","Serie A Betano","2020","Sport Recife","Vasco","2.61","3.15","2.86","1.09","7.60","1.51","2.73","2.46","1.56","4.84","1.19","10.50","1.05","2.13","1.68"
"24791","11-11-20 22:45","Brazil","Serie A Betano","2020","Bahia","Fortaleza","2.28","3.19","3.32","1.10","7.50","1.50","2.63","2.50","1.53","4.94","1.18","10.50","1.05","2.13","1.68"
"24792","09-11-20 00:30","Brazil","Serie A Betano","2020","Ceara","Sport Recife","1.86","3.48","4.34","1.07","8.80","1.41","2.96","2.21","1.67","4.14","1.24","8.70","1.07","2.07","1.72"
"24793","09-11-20 00:30","Brazil","Serie A Betano","2020","Fluminense","Gremio","2.73","2.90","2.94","1.10","5.80","1.54","2.46","2.84","1.54","5.10","1.15","10.00","1.02","2.20","1.64"
"24794","08-11-20 22:15","Brazil","Serie A Betano","2020","Atletico-MG","Flamengo RJ","2.35","3.54","2.88","1.02","14.50","1.16","5.35","1.60","2.65","2.26","1.64","3.84","1.27","1.45","2.63"
"24795","08-11-20 22:15","Brazil","Serie A Betano","2020","Bahia","Botafogo RJ","2.09","3.42","3.54","1.04","8.20","1.36","3.04","2.13","1.72","3.78","1.25","7.20","1.06","1.95","1.81"
"24796","08-11-20 22:15","Brazil","Serie A Betano","2020","Bragantino","Santos","2.21","3.42","3.22","1.06","9.90","1.35","3.26","2.03","1.78","3.60","1.30","7.40","1.10","1.83","1.93"
"24797","08-11-20 20:00","Brazil","Serie A Betano","2020","Internacional","Coritiba","1.75","3.38","5.20","1.10","7.20","1.53","2.50","2.67","1.53","5.30","1.17","11.50","1.04","2.44","1.53"
"24798","08-11-20 20:00","Brazil","Serie A Betano","2020","Vasco","Palmeiras","4.28","3.34","1.92","1.04","8.00","1.43","2.74","2.32","1.61","4.44","1.19","8.70","1.03","2.10","1.70"
"24799","08-11-20 01:00","Brazil","Serie A Betano","2020","Atletico GO","Corinthians","2.47","2.92","3.26","1.11","6.80","1.48","2.69","2.42","1.56","4.54","1.21","9.70","1.06","2.08","1.71"
"24800","07-11-20 23:00","Brazil","Serie A Betano","2020","Sao Paulo","Goias","1.32","5.30","8.90","1.02","14.50","1.20","4.74","1.61","2.32","2.54","1.53","4.54","1.21","2.00","1.77"
"24801","07-11-20 22:00","Brazil","Serie A Betano","2020","Athletico-PR","Fortaleza","2.13","3.13","3.80","1.11","6.80","1.56","2.43","2.80","1.49","5.60","1.15","12.00","1.03","2.30","1.58"
"24802","03-11-20 00:00","Brazil","Serie A Betano","2020","Gremio","Bragantino","2.02","3.44","3.64","1.06","9.10","1.40","3.00","2.18","1.69","4.04","1.25","8.50","1.08","1.99","1.77"
"24803","02-11-20 21:00","Brazil","Serie A Betano","2020","Palmeiras","Atletico-MG","2.36","3.34","3.03","1.05","10.50","1.30","3.60","1.90","1.90","3.20","1.36","6.30","1.13","1.80","1.96"
"24804","02-11-20 00:30","Brazil","Serie A Betano","2020","Goias","Vasco","2.86","3.20","2.55","1.08","8.30","1.44","2.83","2.32","1.61","4.40","1.22","9.40","1.06","1.98","1.77"
"24805","01-11-20 22:15","Brazil","Serie A Betano","2020","Santos","Bahia","2.11","3.44","3.44","1.06","9.90","1.34","3.32","2.02","1.79","3.60","1.30","7.30","1.10","1.91","1.85"
"24806","01-11-20 20:00","Brazil","Serie A Betano","2020","Flamengo RJ","Sao Paulo","1.79","3.52","4.42","1.04","12.00","1.26","3.94","1.78","2.03","2.91","1.42","5.55","1.15","1.75","2.00"
"24807","01-11-20 20:00","Brazil","Serie A Betano","2020","Sport Recife","Athletico-PR","2.99","3.15","2.50","1.09","7.60","1.49","2.66","2.45","1.55","4.84","1.19","10.50","1.05","2.10","1.70"
"24808","01-11-20 01:00","Brazil","Serie A Betano","2020","Fortaleza","Fluminense","2.24","3.14","3.46","1.10","7.20","1.52","2.53","2.67","1.53","5.25","1.17","11.50","1.04","2.18","1.64"
"24809","31-10-20 23:00","Brazil","Serie A Betano","2020","Corinthians","Internacional","3.32","3.05","2.34","1.10","7.20","1.47","2.72","2.43","1.56","4.54","1.21","9.70","1.06","2.03","1.75"
"24810","31-10-20 23:00","Brazil","Serie A Betano","2020","Coritiba","Atletico GO","2.35","3.24","3.13","1.05","7.50","1.41","2.82","2.29","1.57","4.20","1.21","8.10","1.04","2.00","1.77"
"24811","31-10-20 21:00","Brazil","Serie A Betano","2020","Botafogo RJ","Ceara","2.29","3.38","3.11","1.06","9.80","1.35","3.26","2.03","1.77","3.72","1.29","7.50","1.10","1.95","1.81"
"24812","25-10-20 22:15","Brazil","Serie A Betano","2020","Athletico-PR","Gremio","2.38","3.08","3.22","1.08","6.25","1.55","2.46","2.73","1.51","5.30","1.14","10.50","1.02","2.20","1.64"
"24813","25-10-20 22:15","Brazil","Serie A Betano","2020","Internacional","Flamengo RJ","2.92","3.05","2.61","1.08","8.40","1.36","3.20","2.06","1.77","3.60","1.30","7.20","1.10","1.83","1.93"
"24814","25-10-20 20:00","Brazil","Serie A Betano","2020","Atletico GO","Palmeiras","3.58","3.12","2.21","1.10","7.40","1.46","2.76","2.39","1.58","4.54","1.21","9.60","1.06","2.08","1.71"
"24815","25-10-20 20:00","Brazil","Serie A Betano","2020","Fluminense","Santos","2.41","3.22","3.05","1.08","8.30","1.43","2.88","2.30","1.62","4.40","1.22","9.20","1.06","1.97","1.79"
"24816","25-10-20 02:00","Brazil","Serie A Betano","2020","Atletico-MG","Sport Recife","1.16","7.60","16.00","1.01","17.00","1.10","5.70","1.41","2.82","2.06","1.77","3.32","1.31","2.00","1.77"
"24817","25-10-20 00:00","Brazil","Serie A Betano","2020","Ceara","Coritiba","1.94","3.28","4.28","1.05","7.60","1.41","2.82","2.28","1.63","4.10","1.22","8.00","1.04","2.10","1.70"
"24818","24-10-20 22:00","Brazil","Serie A Betano","2020","Bragantino","Goias","1.40","4.72","7.60","1.01","14.50","1.18","4.90","1.59","2.36","2.55","1.57","4.40","1.22","1.80","1.96"
"24819","22-10-20 02:30","Brazil","Serie A Betano","2020","Vasco","Corinthians","2.78","2.86","2.90","1.14","6.05","1.58","2.36","2.88","1.47","5.75","1.14","12.50","1.03","2.30","1.58"
"24820","20-10-20 01:00","Brazil","Serie A Betano","2020","Bahia","Atletico-MG","4.74","3.80","1.72","1.01","10.00","1.23","3.98","1.74","2.10","2.74","1.43","4.80","1.14","1.75","2.03"
"24821","20-10-20 01:00","Brazil","Serie A Betano","2020","Botafogo RJ","Goias","1.61","4.02","5.45","1.02","9.40","1.29","3.46","1.91","1.89","3.26","1.32","5.95","1.09","1.95","1.81"
"24822","19-10-20 01:30","Brazil","Serie A Betano","2020","Bragantino","Sport Recife","1.71","3.80","4.82","1.05","10.50","1.32","3.44","1.95","1.85","3.44","1.32","6.80","1.11","1.89","1.85"
"24823","19-10-20 01:30","Brazil","Serie A Betano","2020","Fortaleza","Palmeiras","3.22","3.06","2.41","1.10","7.20","1.49","2.66","2.45","1.55","4.74","1.20","10.00","1.06","2.10","1.70"
"24824","18-10-20 23:15","Brazil","Serie A Betano","2020","Internacional","Vasco","1.46","4.12","8.00","1.06","10.00","1.36","3.20","2.09","1.74","3.84","1.27","8.00","1.09","2.23","1.62"
"24825","18-10-20 21:00","Brazil","Serie A Betano","2020","Corinthians","Flamengo RJ","3.90","3.72","1.84","1.04","11.50","1.29","3.72","1.87","1.94","3.20","1.36","6.20","1.13","1.81","1.94"
"24826","18-10-20 02:00","Brazil","Serie A Betano","2020","Sao Paulo","Gremio","2.09","3.20","3.80","1.09","7.60","1.46","2.76","2.37","1.58","4.40","1.22","9.50","1.06","2.20","1.64"
"24827","18-10-20 00:00","Brazil","Serie A Betano","2020","Atletico GO","Athletico-PR","2.45","3.14","3.08","1.09","7.60","1.49","2.66","2.47","1.54","4.84","1.19","10.50","1.05","2.08","1.71"
"24828","18-10-20 00:00","Brazil","Serie A Betano","2020","Coritiba","Santos","2.89","3.20","2.54","1.08","8.20","1.44","2.83","2.32","1.61","4.40","1.22","9.40","1.06","2.05","1.73"
"24829","18-10-20 00:00","Brazil","Serie A Betano","2020","Fluminense","Ceara","2.02","3.40","3.70","1.07","9.00","1.40","3.00","2.18","1.69","4.04","1.25","8.40","1.08","1.98","1.78"
"24830","17-10-20 01:00","Brazil","Serie A Betano","2020","Goias","Bahia","3.78","3.56","1.97","1.05","10.00","1.33","3.38","1.99","1.82","3.52","1.31","7.10","1.10","1.82","1.90"
"24831","16-10-20 01:00","Brazil","Serie A Betano","2020","Flamengo RJ","Bragantino","1.51","4.36","5.35","1.01","15.00","1.18","4.90","1.59","2.36","2.53","1.58","4.40","1.22","1.68","2.13"
"24832","15-10-20 02:30","Brazil","Serie A Betano","2020","Athletico-PR","Corinthians","2.23","3.15","3.46","1.10","7.20","1.52","2.53","2.66","1.53","5.25","1.17","11.50","1.04","2.17","1.66"
"24833","15-10-20 02:30","Brazil","Serie A Betano","2020","Atletico-MG","Fluminense","1.43","4.70","6.50","1.02","14.50","1.20","4.74","1.61","2.32","2.54","1.53","4.54","1.21","1.80","1.96"
"24834","15-10-20 02:30","Brazil","Serie A Betano","2020","Sport Recife","Internacional","4.56","3.13","1.94","1.10","7.20","1.56","2.43","2.88","1.53","5.70","1.14","12.50","1.03","2.34","1.57"
"24835","15-10-20 01:30","Brazil","Serie A Betano","2020","Santos","Atletico GO","2.12","3.40","3.36","1.02","9.40","1.35","3.10","2.08","1.75","3.78","1.25","7.10","1.06","1.90","1.86"
"24836","15-10-20 00:15","Brazil","Serie A Betano","2020","Gremio","Botafogo RJ","1.46","4.42","6.85","1.04","12.00","1.28","3.74","1.83","1.98","3.10","1.38","5.95","1.14","2.01","1.75"
"24837","14-10-20 23:00","Brazil","Serie A Betano","2020","Palmeiras","Coritiba","1.50","4.02","6.85","1.07","9.10","1.38","3.10","2.14","1.71","3.94","1.26","8.10","1.08","2.28","1.60"
"24838","13-10-20 23:00","Brazil","Serie A Betano","2020","Flamengo RJ","Goias","1.25","6.15","10.00","1.01","18.00","1.14","5.95","1.45","2.76","2.13","1.72","3.52","1.31","1.90","1.85"
"24839","12-10-20 01:30","Brazil","Serie A Betano","2020","Ceara","Corinthians","2.17","3.17","3.62","1.07","6.65","1.41","2.82","2.26","1.64","3.98","1.23","7.60","1.05","2.04","1.74"
"24840","12-10-20 01:30","Brazil","Serie A Betano","2020","Internacional","Athletico-PR","1.78","3.26","5.25","1.11","6.70","1.54","2.47","2.66","1.48","5.35","1.16","11.50","1.04","2.51","1.50"
"24841","11-10-20 23:15","Brazil","Serie A Betano","2020","Atletico GO","Bragantino","2.51","2.94","3.17","1.06","6.80","1.37","3.02","2.14","1.71","3.62","1.27","6.80","1.06","1.85","1.90"
"24842","11-10-20 23:15","Brazil","Serie A Betano","2020","Sport Recife","Botafogo RJ","2.51","2.98","3.12","1.07","6.65","1.41","2.82","2.29","1.63","4.10","1.22","7.70","1.05","2.02","1.75"
"24843","11-10-20 21:00","Brazil","Serie A Betano","2020","Fluminense","Bahia","2.38","3.22","3.09","1.07","8.70","1.39","3.05","2.17","1.69","3.94","1.26","8.20","1.08","1.94","1.81"
"24844","11-10-20 21:00","Brazil","Serie A Betano","2020","Santos","Gremio","3.36","2.99","2.37","1.09","7.70","1.44","2.83","2.32","1.61","4.30","1.23","9.10","1.07","1.98","1.78"
"24845","11-10-20 02:00","Brazil","Serie A Betano","2020","Atletico-MG","Goias","1.26","6.35","9.90","1.02","15.00","1.10","7.10","1.37","3.18","1.90","1.90","3.00","1.40","1.73","2.06"
"24846","11-10-20 00:00","Brazil","Serie A Betano","2020","Coritiba","Fortaleza","2.72","3.03","2.82","1.11","6.75","1.56","2.43","2.80","1.49","5.60","1.15","12.50","1.03","2.24","1.62"
"24847","11-10-20 00:00","Brazil","Serie A Betano","2020","Palmeiras","Sao Paulo","2.59","3.00","3.00","1.10","7.40","1.45","2.79","2.36","1.59","4.40","1.22","9.30","1.06","2.07","1.72"
"24848","10-10-20 22:00","Brazil","Serie A Betano","2020","Vasco","Flamengo RJ","5.05","3.66","1.70","1.02","9.70","1.29","3.46","1.91","1.89","3.32","1.31","6.15","1.08","1.91","1.85"
"24849","09-10-20 02:00","Brazil","Serie A Betano","2020","Bragantino","Internacional","2.88","3.00","2.68","1.10","7.20","1.49","2.66","2.45","1.55","4.74","1.20","10.00","1.05","2.04","1.74"
"24850","09-10-20 00:00","Brazil","Serie A Betano","2020","Athletico-PR","Ceara","2.02","3.36","3.84","1.08","8.50","1.43","2.88","2.28","1.63","4.30","1.23","9.10","1.07","2.03","1.75"
"24851","08-10-20 02:30","Brazil","Serie A Betano","2020","Botafogo RJ","Palmeiras","4.08","3.17","2.03","1.09","7.60","1.44","2.83","2.30","1.62","4.30","1.23","8.90","1.07","2.06","1.73"
"24852","08-10-20 02:30","Brazil","Serie A Betano","2020","Fortaleza","Atletico-MG","3.90","3.72","1.88","1.04","11.50","1.29","3.72","1.87","1.94","3.20","1.36","6.20","1.13","1.81","1.95"
"24853","08-10-20 01:30","Brazil","Serie A Betano","2020","Goias","Fluminense","3.42","3.40","2.14","1.06","9.30","1.38","3.10","2.13","1.72","3.84","1.27","8.10","1.08","1.90","1.84"
"24854","08-10-20 01:30","Brazil","Serie A Betano","2020","Sao Paulo","Atletico GO","1.66","3.80","5.35","1.06","9.70","1.36","3.20","2.07","1.76","3.74","1.28","7.60","1.09","2.20","1.64"
"24855","08-10-20 00:15","Brazil","Serie A Betano","2020","Bahia","Vasco","1.78","3.58","4.68","1.05","7.50","1.44","2.70","2.35","1.59","4.50","1.19","8.80","1.03","2.19","1.65"
"24856","08-10-20 00:15","Brazil","Serie A Betano","2020","Flamengo RJ","Sport Recife","1.36","5.00","8.30","1.01","13.50","1.18","4.54","1.61","2.30","2.54","1.49","4.40","1.16","1.86","1.90"
"24857","08-10-20 00:15","Brazil","Serie A Betano","2020","Gremio","Coritiba","1.50","3.96","7.50","1.07","8.80","1.42","2.91","2.24","1.65","4.14","1.24","8.90","1.07","2.50","1.50"
"24858","08-10-20 00:00","Brazil","Serie A Betano","2020","Corinthians","Santos","2.21","3.20","3.46","1.06","7.20","1.41","2.82","2.28","1.63","4.10","1.22","7.90","1.04","2.00","1.77"
"24859","05-10-20 01:30","Brazil","Serie A Betano","2020","Atletico-MG","Vasco","1.30","5.35","9.40","1.02","16.00","1.18","4.94","1.58","2.38","2.49","1.55","4.40","1.22","1.95","1.81"
"24860","04-10-20 23:15","Brazil","Serie A Betano","2020","Bahia","Sport Recife","1.90","3.38","4.30","1.09","8.00","1.46","2.76","2.38","1.58","4.54","1.21","9.80","1.06","2.20","1.64"
"24861","04-10-20 23:15","Brazil","Serie A Betano","2020","Fortaleza","Atletico GO","2.41","3.13","3.15","1.10","7.30","1.51","2.55","2.57","1.52","5.15","1.17","11.00","1.05","2.20","1.64"
"24862","04-10-20 23:15","Brazil","Serie A Betano","2020","Goias","Santos","2.79","3.50","2.43","1.04","11.50","1.29","3.72","1.85","1.93","3.18","1.37","6.20","1.13","1.70","2.10"
"24863","04-10-20 21:00","Brazil","Serie A Betano","2020","Coritiba","Sao Paulo","4.72","3.40","1.83","1.09","7.60","1.49","2.66","2.46","1.55","4.84","1.19","10.50","1.05","2.25","1.61"
"24864","04-10-20 21:00","Brazil","Serie A Betano","2020","Flamengo RJ","Athletico-PR","1.53","4.24","6.15","1.04","11.50","1.29","3.72","1.88","1.93","3.20","1.36","6.20","1.13","1.98","1.77"
"24865","04-10-20 16:00","Brazil","Serie A Betano","2020","Botafogo RJ","Fluminense","2.95","3.03","2.61","1.10","7.00","1.51","2.60","2.52","1.53","5.00","1.18","10.50","1.05","2.20","1.64"
"24866","04-10-20 02:00","Brazil","Serie A Betano","2020","Bragantino","Corinthians","2.10","3.32","3.60","1.06","10.00","1.29","3.72","1.83","1.91","3.05","1.39","5.85","1.14","1.70","2.08"
"24867","04-10-20 00:00","Brazil","Serie A Betano","2020","Palmeiras","Ceara","1.42","4.42","7.90","1.05","10.50","1.39","3.05","2.15","1.70","4.14","1.24","8.70","1.07","2.40","1.54"
"24868","03-10-20 22:00","Brazil","Serie A Betano","2020","Gremio","Internacional","2.37","2.93","3.46","1.14","6.00","1.66","2.23","3.24","1.44","6.55","1.12","14.50","1.02","2.46","1.52"
"24869","01-10-20 02:30","Brazil","Serie A Betano","2020","Botafogo RJ","Bahia","2.62","3.15","2.83","1.07","8.70","1.37","3.18","2.08","1.75","3.72","1.29","7.60","1.10","1.93","1.83"
"24870","01-10-20 02:30","Brazil","Serie A Betano","2020","Corinthians","Atletico GO","2.29","3.03","3.48","1.11","6.90","1.52","2.57","2.55","1.51","5.00","1.18","10.50","1.05","2.12","1.69"
"24871","29-09-20 01:00","Brazil","Serie A Betano","2020","Fluminense","Coritiba","1.98","3.18","4.16","1.07","6.35","1.53","2.52","2.64","1.54","5.00","1.16","9.80","1.02","2.25","1.61"
"24872","28-09-20 01:30","Brazil","Serie A Betano","2020","Santos","Fortaleza","2.05","3.38","3.68","1.04","7.80","1.39","2.90","2.21","1.67","3.98","1.23","7.70","1.05","1.97","1.79"
"24873","27-09-20 23:15","Brazil","Serie A Betano","2020","Atletico GO","Botafogo RJ","2.03","3.20","4.02","1.07","7.70","1.44","3.00","2.23","1.66","3.84","1.21","7.60","1.05","2.04","1.73"
"24874","27-09-20 23:15","Brazil","Serie A Betano","2020","Ceara","Goias","1.65","3.78","5.50","1.04","8.10","1.37","3.02","2.14","1.71","3.78","1.25","7.30","1.05","2.12","1.69"
"24875","27-09-20 21:00","Brazil","Serie A Betano","2020","Palmeiras","Flamengo RJ","1.30","5.85","8.60","1.02","14.00","1.22","4.10","1.69","2.18","2.64","1.46","5.10","1.17","2.40","1.54"
"24876","27-09-20 16:00","Brazil","Serie A Betano","2020","Vasco","Bragantino","3.22","3.38","2.23","1.03","8.40","1.35","3.10","2.08","1.75","3.70","1.26","6.95","1.06","1.90","1.85"
"24877","27-09-20 02:00","Brazil","Serie A Betano","2020","Atletico-MG","Gremio","1.70","3.80","4.98","1.01","10.50","1.25","3.78","1.81","2.00","2.99","1.37","5.40","1.11","1.83","1.93"
"24878","27-09-20 00:00","Brazil","Serie A Betano","2020","Athletico-PR","Bahia","2.18","3.19","3.54","1.07","6.55","1.47","2.60","2.45","1.55","4.60","1.18","9.00","1.03","2.14","1.68"
"24879","27-09-20 00:00","Brazil","Serie A Betano","2020","Internacional","Sao Paulo","2.35","3.03","3.36","1.08","6.20","1.53","2.52","2.74","1.57","4.94","1.16","9.70","1.02","2.19","1.64"
"24880","24-09-20 02:30","Brazil","Serie A Betano","2020","Sport Recife","Corinthians","2.75","2.98","2.83","1.11","6.65","1.55","2.45","2.86","1.53","5.50","1.16","12.00","1.04","2.20","1.64"
"24881","21-09-20 01:30","Brazil","Serie A Betano","2020","Sport Recife","Fluminense","2.37","3.13","3.20","1.10","7.10","1.53","2.50","2.76","1.56","5.35","1.16","11.50","1.04","2.19","1.64"
"24882","20-09-20 23:15","Brazil","Serie A Betano","2020","Botafogo RJ","Santos","2.66","3.44","2.59","1.05","11.00","1.30","3.60","1.90","1.90","3.26","1.35","6.45","1.12","1.73","2.03"
"24883","20-09-20 21:00","Brazil","Serie A Betano","2020","Coritiba","Vasco","2.23","3.18","3.46","1.10","7.40","1.51","2.60","2.53","1.53","5.00","1.18","10.50","1.05","2.12","1.69"
"24884","20-09-20 21:00","Brazil","Serie A Betano","2020","Gremio","Palmeiras","2.58","2.94","3.06","1.12","6.40","1.61","2.32","2.88","1.43","6.05","1.14","13.50","1.03","2.38","1.55"
"24885","20-09-20 02:00","Brazil","Serie A Betano","2020","Atletico GO","Atletico-MG","4.84","3.50","1.78","1.05","10.50","1.32","3.44","1.94","1.86","3.44","1.32","6.80","1.11","1.92","1.84"
"24886","20-09-20 00:00","Brazil","Serie A Betano","2020","Bragantino","Ceara","2.06","3.50","3.56","1.06","9.80","1.35","3.26","2.03","1.78","3.68","1.29","7.50","1.10","1.85","1.90"
"24887","20-09-20 00:00","Brazil","Serie A Betano","2020","Fortaleza","Internacional","2.90","2.94","2.73","1.11","6.00","1.62","2.30","2.86","1.40","5.65","1.10","10.50","1.01","2.35","1.57"
"24888","17-09-20 02:30","Brazil","Serie A Betano","2020","Corinthians","Bahia","2.19","3.16","3.54","1.08","8.60","1.44","2.83","2.32","1.61","4.40","1.22","9.50","1.06","1.99","1.77"
"24889","14-09-20 01:30","Brazil","Serie A Betano","2020","Botafogo RJ","Vasco","2.58","3.03","2.98","1.10","7.20","1.50","2.63","2.53","1.53","4.94","1.18","10.50","1.05","2.08","1.71"
"24890","14-09-20 00:45","Brazil","Serie A Betano","2020","Palmeiras","Sport Recife","1.42","4.14","8.60","1.08","8.60","1.44","2.83","2.32","1.61","4.40","1.22","9.50","1.06","2.60","1.47"
"24891","13-09-20 23:00","Brazil","Serie A Betano","2020","Atletico-MG","Bragantino","1.62","4.04","5.30","1.02","15.00","1.20","4.54","1.64","2.26","2.63","1.50","4.80","1.19","1.70","2.10"
"24892","13-09-20 23:00","Brazil","Serie A Betano","2020","Bahia","Atletico GO","2.16","2.94","4.00","1.06","6.75","1.47","2.60","2.48","1.54","4.70","1.18","9.20","1.03","2.10","1.70"
"24893","13-09-20 23:00","Brazil","Serie A Betano","2020","Ceara","Flamengo RJ","3.74","3.34","2.03","1.06","9.40","1.36","3.20","2.08","1.75","3.74","1.28","7.60","1.09","1.91","1.85"
"24894","13-09-20 23:00","Brazil","Serie A Betano","2020","Goias","Internacional","4.48","3.44","1.85","1.05","7.70","1.41","2.82","2.26","1.64","4.20","1.21","8.00","1.04","2.10","1.70"
"24895","13-09-20 21:00","Brazil","Serie A Betano","2020","Fluminense","Corinthians","2.26","3.10","3.46","1.10","7.60","1.47","2.72","2.40","1.57","4.54","1.21","9.80","1.06","2.04","1.73"
"24896","13-09-20 21:00","Brazil","Serie A Betano","2020","Gremio","Fortaleza","1.57","3.66","6.95","1.08","8.50","1.45","2.79","2.36","1.59","4.54","1.21","9.80","1.06","2.38","1.55"
"24897","13-09-20 00:00","Brazil","Serie A Betano","2020","Santos","Sao Paulo","3.18","3.28","2.30","1.07","8.90","1.39","3.00","2.19","1.68","4.04","1.25","8.50","1.08","1.93","1.81"
"24898","12-09-20 21:30","Brazil","Serie A Betano","2020","Athletico-PR","Coritiba","1.89","3.26","4.62","1.08","8.20","1.51","2.60","2.55","1.51","5.25","1.17","11.50","1.04","2.19","1.64"
"24899","11-09-20 02:00","Brazil","Serie A Betano","2020","Vasco","Atletico GO","2.14","3.13","3.66","1.10","6.55","1.55","2.45","2.64","1.46","5.10","1.12","10.50","1.01","2.26","1.61"
"24900","11-09-20 00:15","Brazil","Serie A Betano","2020","Bahia","Gremio","3.82","3.10","2.12","1.10","7.30","1.46","2.76","2.38","1.58","4.54","1.19","9.50","1.06","2.06","1.72"
"24901","11-09-20 00:15","Brazil","Serie A Betano","2020","Corinthians","Palmeiras","3.84","2.90","2.22","1.13","6.20","1.54","2.48","2.66","1.49","5.30","1.15","11.50","1.04","2.31","1.58"
"24902","11-09-20 00:15","Brazil","Serie A Betano","2020","Internacional","Ceara","1.62","3.42","6.35","1.09","7.60","1.53","2.50","2.77","1.56","5.45","1.14","12.00","1.04","2.50","1.50"
"24903","10-09-20 02:30","Brazil","Serie A Betano","2020","Fluminense","Flamengo RJ","5.90","3.76","1.62","1.06","9.20","1.37","3.10","2.12","1.73","3.84","1.27","8.00","1.09","2.08","1.70"
"24904","10-09-20 02:30","Brazil","Serie A Betano","2020","Santos","Atletico-MG","4.46","3.86","1.75","1.03","14.00","1.22","4.40","1.66","2.23","2.66","1.49","4.84","1.19","1.70","2.10"
"24905","10-09-20 00:15","Brazil","Serie A Betano","2020","Sao Paulo","Bragantino","1.94","3.36","3.82","1.03","8.90","1.34","3.10","2.09","1.74","3.70","1.26","7.10","1.06","1.98","1.78"
"24906","09-09-20 23:00","Brazil","Serie A Betano","2020","Fortaleza","Sport Recife","1.97","3.22","4.24","1.09","7.80","1.52","2.57","2.58","1.50","5.25","1.17","11.50","1.04","2.20","1.64"
"24907","09-09-20 23:00","Brazil","Serie A Betano","2020","Goias","Coritiba","2.51","2.95","3.16","1.11","6.90","1.56","2.77","2.48","1.54","4.84","1.19","10.50","1.05","2.16","1.66"
"24908","09-09-20 22:30","Brazil","Serie A Betano","2020","Athletico-PR","Botafogo RJ","1.76","3.46","4.94","1.06","8.20","1.47","3.10","2.25","1.65","3.98","1.20","7.90","1.04","2.15","1.66"
"24909","07-09-20 01:30","Brazil","Serie A Betano","2020","Coritiba","Atletico-MG","5.15","3.66","1.70","1.02","9.40","1.31","3.32","1.98","1.83","3.50","1.29","6.45","1.07","2.02","1.75"
"24910","07-09-20 01:30","Brazil","Serie A Betano","2020","Sport Recife","Goias","1.93","3.24","4.42","1.10","7.20","1.50","2.63","2.50","1.53","4.84","1.19","10.50","1.05","2.20","1.64"
"24911","07-09-20 00:00","Brazil","Serie A Betano","2020","Atletico GO","Gremio","5.00","3.28","1.82","1.06","6.75","1.53","2.52","2.74","1.57","5.10","1.15","10.00","1.02","2.34","1.57"
"24912","06-09-20 23:00","Brazil","Serie A Betano","2020","Vasco","Athletico-PR","2.30","3.10","3.38","1.10","7.40","1.47","2.72","2.40","1.57","4.54","1.21","9.80","1.06","2.04","1.74"
"24913","06-09-20 21:00","Brazil","Serie A Betano","2020","Internacional","Bahia","1.51","4.04","6.55","1.05","10.00","1.39","3.05","2.16","1.70","4.14","1.24","8.70","1.07","2.40","1.54"
"24914","06-09-20 21:00","Brazil","Serie A Betano","2020","Sao Paulo","Fluminense","1.86","3.30","4.70","1.05","7.30","1.46","2.60","2.45","1.55","4.74","1.17","9.30","1.03","2.17","1.66"
"24915","06-09-20 16:00","Brazil","Serie A Betano","2020","Bragantino","Palmeiras","3.36","3.09","2.31","1.10","7.20","1.50","2.63","2.50","1.53","4.84","1.19","10.50","1.05","2.10","1.70"
"24916","06-09-20 02:00","Brazil","Serie A Betano","2020","Ceara","Santos","2.05","3.30","3.80","1.09","8.00","1.40","3.00","2.19","1.68","3.94","1.26","8.20","1.08","2.00","1.77"
"24917","06-09-20 00:00","Brazil","Serie A Betano","2020","Corinthians","Botafogo RJ","1.73","3.46","5.40","1.06","9.70","1.41","2.96","2.21","1.66","4.30","1.23","8.90","1.07","2.15","1.66"
"24918","05-09-20 22:00","Brazil","Serie A Betano","2020","Flamengo RJ","Fortaleza","1.38","4.46","8.30","1.01","10.50","1.26","3.70","1.85","1.95","3.10","1.35","5.70","1.10","2.00","1.77"
"24919","04-09-20 01:00","Brazil","Serie A Betano","2020","Atletico-MG","Sao Paulo","1.98","3.32","3.98","1.03","8.30","1.36","3.04","2.12","1.73","3.78","1.25","7.20","1.06","1.99","1.77"
"24920","04-09-20 00:00","Brazil","Serie A Betano","2020","Gremio","Sport Recife","1.35","4.76","9.50","1.04","11.50","1.37","3.15","2.12","1.73","4.04","1.25","8.50","1.08","2.50","1.50"
"24921","03-09-20 02:30","Brazil","Serie A Betano","2020","Palmeiras","Internacional","1.93","3.16","4.60","1.13","6.20","1.63","2.28","3.10","1.47","6.25","1.13","14.00","1.03","2.52","1.49"
"24922","03-09-20 02:30","Brazil","Serie A Betano","2020","Santos","Vasco","1.68","3.74","5.25","1.05","11.00","1.35","3.26","2.03","1.78","3.74","1.28","7.70","1.09","2.05","1.73"
"24923","03-09-20 01:30","Brazil","Serie A Betano","2020","Athletico-PR","Bragantino","2.42","3.20","3.06","1.08","8.20","1.48","2.69","2.43","1.56","4.80","1.19","10.00","1.05","2.05","1.73"
"24924","03-09-20 01:30","Brazil","Serie A Betano","2020","Bahia","Flamengo RJ","3.38","3.13","2.28","1.06","7.00","1.42","2.78","2.30","1.62","4.20","1.21","8.10","1.04","2.02","1.75"
"24925","03-09-20 01:30","Brazil","Serie A Betano","2020","Botafogo RJ","Coritiba","2.15","3.12","3.74","1.10","7.20","1.49","2.66","2.45","1.55","4.74","1.20","10.00","1.06","2.20","1.64"
"24926","03-09-20 00:15","Brazil","Serie A Betano","2020","Fluminense","Atletico GO","1.65","3.36","6.00","1.08","8.10","1.46","2.76","2.38","1.58","4.54","1.21","9.90","1.06","2.20","1.64"
"24927","03-09-20 00:15","Brazil","Serie A Betano","2020","Goias","Corinthians","3.34","3.16","2.29","1.10","7.30","1.52","2.57","2.58","1.50","5.15","1.17","11.00","1.05","2.20","1.64"
"24928","03-09-20 00:00","Brazil","Serie A Betano","2020","Ceara","Fortaleza","2.60","2.90","3.08","1.13","6.20","1.54","2.48","2.77","1.56","5.15","1.17","11.00","1.05","2.20","1.64"
"24929","30-08-20 23:00","Brazil","Serie A Betano","2020","Atletico GO","Ceara","2.46","3.20","2.99","1.10","7.30","1.52","2.57","2.55","1.51","5.10","1.18","11.00","1.05","2.17","1.66"
"24930","30-08-20 21:00","Brazil","Serie A Betano","2020","Coritiba","Sport Recife","2.42","2.98","3.28","1.13","6.30","1.58","2.38","2.79","1.45","5.70","1.14","12.50","1.03","2.33","1.57"
"24931","30-08-20 21:00","Brazil","Serie A Betano","2020","Santos","Flamengo RJ","3.48","3.42","2.10","1.06","9.10","1.36","3.20","2.08","1.75","3.72","1.29","7.60","1.10","1.92","1.84"
"24932","30-08-20 16:00","Brazil","Serie A Betano","2020","Sao Paulo","Corinthians","2.24","3.12","3.50","1.11","6.85","1.55","2.45","2.69","1.48","5.55","1.15","12.00","1.04","2.25","1.61"
"24933","30-08-20 02:00","Brazil","Serie A Betano","2020","Fortaleza","Bragantino","2.44","3.14","3.09","1.09","8.00","1.46","2.76","2.37","1.58","4.54","1.21","9.70","1.06","1.99","1.78"
"24934","30-08-20 00:00","Brazil","Serie A Betano","2020","Bahia","Palmeiras","4.12","3.01","2.09","1.11","6.10","1.57","2.40","2.70","1.44","5.20","1.12","10.50","1.01","2.38","1.55"
"24935","30-08-20 00:00","Brazil","Serie A Betano","2020","Fluminense","Vasco","2.26","3.16","3.38","1.10","7.10","1.53","2.50","2.77","1.56","5.30","1.17","11.50","1.04","2.17","1.66"
"24936","29-08-20 22:00","Brazil","Serie A Betano","2020","Botafogo RJ","Internacional","4.80","3.28","1.85","1.08","8.00","1.46","2.70","2.40","1.57","4.70","1.19","10.50","1.05","2.20","1.64"
"24937","27-08-20 02:30","Brazil","Serie A Betano","2020","Corinthians","Fortaleza","1.84","3.34","4.62","1.05","7.30","1.46","2.64","2.43","1.56","4.64","1.18","9.10","1.03","2.20","1.64"
"24938","27-08-20 00:00","Brazil","Serie A Betano","2020","Sao Paulo","Athletico-PR","1.98","3.22","4.24","1.10","7.50","1.50","2.63","2.50","1.53","4.94","1.18","10.50","1.05","2.20","1.64"
"24939","24-08-20 01:00","Brazil","Serie A Betano","2020","Ceara","Bahia","2.13","3.20","3.70","1.10","7.20","1.51","2.55","2.60","1.51","5.25","1.17","11.50","1.04","2.32","1.58"
"24940","24-08-20 00:00","Brazil","Serie A Betano","2020","Sport Recife","Sao Paulo","3.32","3.16","2.30","1.09","6.90","1.50","2.58","2.52","1.50","4.80","1.14","9.60","1.02","2.20","1.64"
"24941","23-08-20 21:00","Brazil","Serie A Betano","2020","Bragantino","Coritiba","1.55","3.66","7.30","1.07","8.90","1.41","2.96","2.23","1.66","4.14","1.24","8.90","1.07","2.30","1.58"
"24942","23-08-20 21:00","Brazil","Serie A Betano","2020","Palmeiras","Santos","1.95","3.13","4.52","1.09","8.00","1.49","2.66","2.49","1.54","4.94","1.18","10.50","1.05","2.15","1.66"
"24943","23-08-20 21:00","Brazil","Serie A Betano","2020","Vasco","Gremio","4.00","3.09","2.09","1.06","7.10","1.45","2.69","2.40","1.57","4.54","1.18","8.90","1.03","2.06","1.73"
"24944","23-08-20 16:00","Brazil","Serie A Betano","2020","Flamengo RJ","Botafogo RJ","1.34","4.98","9.30","1.04","11.50","1.30","3.60","1.90","1.90","3.36","1.33","6.65","1.12","2.28","1.60"
"24945","23-08-20 02:00","Brazil","Serie A Betano","2020","Goias","Atletico GO","2.94","2.94","2.69","1.10","7.00","1.53","2.50","2.77","1.56","5.30","1.17","11.50","1.04","2.12","1.69"
"24946","23-08-20 00:00","Brazil","Serie A Betano","2020","Internacional","Atletico-MG","2.23","3.40","3.20","1.04","7.80","1.39","2.90","2.21","1.66","3.98","1.23","7.60","1.05","1.98","1.78"
"24947","22-08-20 21:00","Brazil","Serie A Betano","2020","Athletico-PR","Fluminense","1.93","3.22","4.38","1.09","8.00","1.48","2.69","2.43","1.56","4.80","1.19","10.00","1.05","2.10","1.70"
"24948","21-08-20 01:00","Brazil","Serie A Betano","2020","Ceara","Vasco","2.03","3.20","4.00","1.10","7.20","1.50","2.63","2.64","1.49","5.30","1.17","11.50","1.04","2.25","1.61"
"24949","21-08-20 01:00","Brazil","Serie A Betano","2020","Sao Paulo","Bahia","1.70","3.46","5.60","1.08","8.40","1.46","2.76","2.40","1.57","4.74","1.20","10.00","1.06","2.28","1.60"
"24950","21-08-20 00:15","Brazil","Serie A Betano","2020","Sport Recife","Santos","2.45","3.19","3.02","1.08","8.30","1.42","2.88","2.28","1.63","4.30","1.23","9.10","1.07","2.00","1.77"
"24951","20-08-20 02:30","Brazil","Serie A Betano","2020","Botafogo RJ","Atletico-MG","4.56","3.42","1.83","1.02","9.50","1.35","3.10","2.10","1.74","3.88","1.24","7.30","1.05","1.95","1.81"
"24952","20-08-20 02:30","Brazil","Serie A Betano","2020","Corinthians","Coritiba","1.75","3.26","5.55","1.09","7.70","1.57","2.40","2.91","1.52","5.95","1.14","13.00","1.03","2.41","1.54"
"24953","20-08-20 01:30","Brazil","Serie A Betano","2020","Goias","Fortaleza","2.73","3.01","2.83","1.12","6.55","1.51","2.55","2.60","1.51","5.10","1.18","11.00","1.05","2.19","1.65"
"24954","20-08-20 01:30","Brazil","Serie A Betano","2020","Internacional","Atletico GO","1.69","3.62","5.40","1.08","8.60","1.48","2.69","2.44","1.56","4.84","1.19","10.50","1.05","2.25","1.61"
"24955","20-08-20 00:30","Brazil","Serie A Betano","2020","Athletico-PR","Palmeiras","3.46","2.97","2.34","1.13","6.35","1.58","2.38","2.95","1.51","5.70","1.14","12.50","1.03","2.26","1.61"
"24956","20-08-20 00:15","Brazil","Serie A Betano","2020","Bragantino","Fluminense","2.02","3.28","3.96","1.08","8.30","1.44","2.83","2.30","1.62","4.40","1.22","9.30","1.06","2.05","1.73"
"24957","20-08-20 00:15","Brazil","Serie A Betano","2020","Flamengo RJ","Gremio","2.02","3.05","4.28","1.04","8.10","1.43","2.74","2.34","1.60","4.50","1.19","8.80","1.03","2.06","1.73"
"24958","17-08-20 00:45","Brazil","Serie A Betano","2020","Santos","Athletico-PR","2.40","3.20","3.10","1.07","8.90","1.40","3.00","2.18","1.69","4.04","1.25","8.40","1.08","1.91","1.85"
"24959","17-08-20 00:30","Brazil","Serie A Betano","2020","Fortaleza","Botafogo RJ","1.98","3.22","4.18","1.08","8.10","1.47","2.72","2.43","1.56","4.74","1.19","10.00","1.05","2.10","1.70"
"24960","17-08-20 00:00","Brazil","Serie A Betano","2020","Atletico GO","Sport Recife","2.01","3.13","4.24","1.10","7.00","1.51","2.55","2.60","1.51","5.15","1.17","11.00","1.04","2.25","1.61"
"24961","16-08-20 23:00","Brazil","Serie A Betano","2020","Fluminense","Internacional","3.60","3.06","2.23","1.10","6.95","1.52","2.57","2.58","1.50","5.10","1.18","11.00","1.05","2.13","1.68"
"24962","16-08-20 21:00","Brazil","Serie A Betano","2020","Bahia","Bragantino","2.82","3.26","2.55","1.07","8.70","1.41","2.96","2.23","1.66","4.14","1.24","8.70","1.07","2.00","1.77"
"24963","16-08-20 21:00","Brazil","Serie A Betano","2020","Vasco","Sao Paulo","3.16","3.20","2.35","1.08","8.10","1.45","2.79","2.37","1.58","4.54","1.21","9.70","1.06","2.05","1.73"
"24964","16-08-20 16:00","Brazil","Serie A Betano","2020","Atletico-MG","Ceara","1.50","4.14","6.75","1.04","11.50","1.33","3.36","2.00","1.81","3.72","1.29","7.60","1.09","2.13","1.68"
"24965","16-08-20 02:30","Brazil","Serie A Betano","2020","Palmeiras","Goias","1.16","7.10","19.00","1.02","15.00","1.20","4.74","1.61","2.32","2.57","1.52","4.70","1.20","2.40","1.54"
"24966","16-08-20 00:30","Brazil","Serie A Betano","2020","Coritiba","Flamengo RJ","5.65","3.80","1.61","1.02","9.20","1.30","3.40","1.95","1.85","3.40","1.30","6.20","1.08","1.95","1.81"
"24967","16-08-20 00:00","Brazil","Serie A Betano","2020","Gremio","Corinthians","1.70","3.24","6.15","1.10","6.95","1.59","2.36","2.83","1.44","6.05","1.14","13.50","1.03","2.60","1.47"
"24968","14-08-20 01:00","Brazil","Serie A Betano","2020","Vasco","Sport Recife","2.12","3.13","3.82","1.06","6.75","1.54","2.46","2.80","1.55","5.30","1.14","10.50","1.02","2.25","1.61"
"24969","14-08-20 00:30","Brazil","Serie A Betano","2020","Internacional","Santos","1.80","3.32","5.00","1.10","7.40","1.48","2.69","2.43","1.56","4.54","1.21","9.80","1.06","2.28","1.60"
"24970","14-08-20 00:15","Brazil","Serie A Betano","2020","Sao Paulo","Fortaleza","1.52","3.72","7.30","1.03","8.30","1.38","2.94","2.19","1.68","3.98","1.23","7.70","1.05","2.36","1.56"
"24971","13-08-20 02:30","Brazil","Serie A Betano","2020","Ceara","Gremio","2.60","3.01","2.97","1.10","7.00","1.50","2.58","2.57","1.52","5.10","1.18","11.00","1.05","2.22","1.63"
"24972","13-08-20 02:30","Brazil","Serie A Betano","2020","Fluminense","Palmeiras","4.56","3.30","1.88","1.10","7.50","1.48","2.69","2.43","1.56","4.70","1.20","9.90","1.06","2.17","1.66"
"24973","13-08-20 01:30","Brazil","Serie A Betano","2020","Atletico GO","Flamengo RJ","6.95","4.48","1.45","1.04","12.00","1.27","3.84","1.81","2.00","3.00","1.40","5.75","1.14","1.97","1.79"
"24974","13-08-20 01:30","Brazil","Serie A Betano","2020","Bahia","Coritiba","2.10","3.07","4.00","1.10","6.25","1.54","2.48","2.64","1.46","5.00","1.13","10.00","1.01","2.30","1.58"
"24975","13-08-20 00:15","Brazil","Serie A Betano","2020","Athletico-PR","Goias","1.25","5.80","11.50","1.03","13.50","1.23","4.30","1.70","2.16","2.72","1.47","5.05","1.18","2.25","1.61"
"24976","13-08-20 00:15","Brazil","Serie A Betano","2020","Atletico-MG","Corinthians","1.96","3.30","4.12","1.08","8.10","1.43","2.88","2.28","1.63","4.30","1.23","9.00","1.07","2.09","1.70"
"24977","13-08-20 00:15","Brazil","Serie A Betano","2020","Bragantino","Botafogo RJ","1.62","3.90","5.60","1.03","8.70","1.39","2.90","2.21","1.66","4.10","1.22","8.00","1.04","2.14","1.68"
"24978","10-08-20 00:00","Brazil","Serie A Betano","2020","Gremio","Fluminense","1.55","3.78","6.85","1.06","9.20","1.44","2.83","2.32","1.61","4.54","1.21","9.70","1.06","2.32","1.57"
"24979","09-08-20 21:00","Brazil","Serie A Betano","2020","Flamengo RJ","Atletico-MG","1.43","4.62","7.00","1.02","15.00","1.23","4.30","1.70","2.14","2.88","1.43","5.40","1.16","1.90","1.86"
"24980","09-08-20 21:00","Brazil","Serie A Betano","2020","Santos","Bragantino","2.05","3.78","3.32","1.05","7.50","1.39","2.90","2.21","1.66","3.88","1.24","7.50","1.05","2.22","1.63"
"24981","09-08-20 02:00","Brazil","Serie A Betano","2020","Sport Recife","Ceara","2.98","2.98","2.63","1.10","6.35","1.56","2.43","2.69","1.45","5.15","1.12","10.50","1.01","2.25","1.61"
"24982","09-08-20 00:30","Brazil","Serie A Betano","2020","Coritiba","Internacional","3.94","3.09","2.09","1.07","6.65","1.49","2.54","2.55","1.51","4.94","1.16","9.70","1.02","2.16","1.66"
"24983","09-08-20 00:00","Brazil","Serie A Betano","2020","Fortaleza","Athletico-PR","2.01","3.34","3.90","1.05","7.60","1.41","2.82","2.26","1.64","4.10","1.22","8.00","1.04","2.05","1.73"
"24984","08-12-19 20:00","Brazil","Serie A Betano","2019","Avai","Athletico-PR","4.14","3.60","1.85","1.03","8.60","1.32","3.20","2.08","1.83","3.54","1.27","6.60","1.07","1.91","1.85"
"24985","08-12-19 20:00","Brazil","Serie A Betano","2019","Botafogo RJ","Ceara","3.22","2.50","2.98","1.17","4.70","1.66","2.35","2.81","1.40","5.15","1.12","10.50","1.01","2.26","1.61"
"24986","08-12-19 20:00","Brazil","Serie A Betano","2019","Corinthians","Fluminense","2.10","3.34","3.68","1.05","7.50","1.41","2.77","2.34","1.66","4.10","1.21","8.10","1.04","2.05","1.73"
"24987","08-12-19 20:00","Brazil","Serie A Betano","2019","Cruzeiro","Palmeiras","2.63","3.24","2.79","1.05","7.50","1.40","2.81","2.33","1.67","4.10","1.21","8.00","1.04","1.95","1.81"
"24988","08-12-19 20:00","Brazil","Serie A Betano","2019","CSA","Sao Paulo","3.44","3.10","2.30","1.06","6.85","1.41","2.77","2.34","1.66","4.00","1.22","7.80","1.04","2.00","1.77"
"24989","08-12-19 20:00","Brazil","Serie A Betano","2019","Fortaleza","Bahia","2.02","3.68","3.58","1.02","9.60","1.30","3.32","2.00","1.90","3.32","1.30","6.30","1.08","1.85","1.90"
"24990","08-12-19 20:00","Brazil","Serie A Betano","2019","Goias","Gremio","1.99","3.70","3.64","1.02","10.00","1.26","3.62","1.89","2.01","3.04","1.35","5.55","1.10","1.80","1.96"
"24991","08-12-19 20:00","Brazil","Serie A Betano","2019","Internacional","Atletico-MG","1.62","4.14","5.35","1.01","10.00","1.25","3.70","1.85","2.05","2.94","1.37","5.30","1.11","1.95","1.81"
"24992","08-12-19 20:00","Brazil","Serie A Betano","2019","Santos","Flamengo RJ","2.69","3.54","2.51","1.01","10.50","1.24","3.80","1.84","2.07","2.90","1.38","5.25","1.12","1.70","2.10"
"24993","08-12-19 20:00","Brazil","Serie A Betano","2019","Vasco","Chapecoense-SC","1.44","4.50","7.70","1.02","9.50","1.28","3.46","1.95","1.94","3.20","1.32","5.90","1.09","2.28","1.60"
"24994","06-12-19 00:00","Brazil","Serie A Betano","2019","Flamengo RJ","Avai","1.10","9.60","22.00","1.02","15.00","1.10","5.80","1.35","3.04","1.92","1.97","2.77","1.41","2.31","1.58"
"24995","05-12-19 23:15","Brazil","Serie A Betano","2019","Bahia","Vasco","1.89","3.28","4.68","1.09","5.95","1.45","2.65","2.39","1.63","4.10","1.21","7.10","1.06","2.10","1.70"
"24996","05-12-19 23:15","Brazil","Serie A Betano","2019","Gremio","Cruzeiro","1.61","3.92","5.35","1.05","7.50","1.33","3.14","2.05","1.85","3.32","1.30","5.75","1.10","2.01","1.76"
"24997","05-12-19 23:15","Brazil","Serie A Betano","2019","Palmeiras","Goias","1.40","4.80","8.00","1.02","9.90","1.19","4.32","1.65","2.38","2.45","1.51","4.04","1.19","1.93","1.82"
"24998","05-12-19 01:30","Brazil","Serie A Betano","2019","Fluminense","Fortaleza","1.88","3.68","4.10","1.05","7.70","1.31","3.26","2.00","1.90","3.20","1.32","5.50","1.10","1.97","1.79"
"24999","05-12-19 01:30","Brazil","Serie A Betano","2019","Sao Paulo","Internacional","2.15","3.06","3.92","1.12","5.65","1.60","2.48","2.60","1.46","4.64","1.14","8.40","1.03","2.32","1.58"
"25000","05-12-19 01:00","Brazil","Serie A Betano","2019","Chapecoense-SC","CSA","2.09","3.26","3.82","1.08","6.15","1.45","2.63","2.44","1.62","4.10","1.21","7.30","1.05","2.11","1.69"
"25001","04-12-19 23:30","Brazil","Serie A Betano","2019","Atletico-MG","Botafogo RJ","1.42","4.44","8.20","1.03","8.30","1.30","3.32","1.97","1.92","3.20","1.32","5.55","1.10","2.14","1.68"
"25002","04-12-19 23:30","Brazil","Serie A Betano","2019","Ceara","Corinthians","2.13","3.08","3.96","1.11","5.95","1.52","2.70","2.38","1.54","4.14","1.18","7.40","1.05","2.21","1.63"
"25003","04-12-19 23:00","Brazil","Serie A Betano","2019","Athletico-PR","Santos","2.26","3.40","3.22","1.06","7.20","1.35","3.04","2.09","1.81","3.46","1.28","6.00","1.09","1.93","1.83"
"25004","03-12-19 00:00","Brazil","Serie A Betano","2019","Vasco","Cruzeiro","2.58","2.95","3.08","1.09","5.55","1.48","2.54","2.53","1.58","4.32","1.19","7.50","1.05","2.03","1.75"
"25005","01-12-19 23:00","Brazil","Serie A Betano","2019","Gremio","Sao Paulo","1.86","3.42","4.62","1.08","6.15","1.46","2.60","2.46","1.61","4.30","1.20","7.40","1.05","2.18","1.65"
"25006","01-12-19 23:00","Brazil","Serie A Betano","2019","Santos","Chapecoense-SC","1.25","6.45","11.00","1.01","10.50","1.19","4.30","1.66","2.35","2.48","1.50","4.10","1.18","2.35","1.57"
"25007","01-12-19 22:00","Brazil","Serie A Betano","2019","Atletico-MG","Corinthians","1.97","3.34","4.16","1.08","6.25","1.45","2.65","2.41","1.63","4.10","1.21","7.30","1.05","2.10","1.70"
"25008","01-12-19 22:00","Brazil","Serie A Betano","2019","CSA","Bahia","3.17","3.24","2.37","1.08","6.40","1.43","2.70","2.35","1.66","4.00","1.22","7.00","1.06","1.96","1.80"
"25009","01-12-19 20:00","Brazil","Serie A Betano","2019","Avai","Fluminense","6.25","3.88","1.56","1.07","6.65","1.41","2.77","2.29","1.69","3.90","1.23","6.75","1.06","2.25","1.61"
"25010","01-12-19 20:00","Brazil","Serie A Betano","2019","Goias","Fortaleza","1.92","3.70","3.90","1.04","8.10","1.29","3.42","1.92","1.97","3.04","1.35","5.15","1.12","1.78","1.99"
"25011","01-12-19 20:00","Brazil","Serie A Betano","2019","Palmeiras","Flamengo RJ","2.40","3.34","3.00","1.06","7.10","1.36","2.99","2.15","1.78","3.54","1.27","6.15","1.08","1.91","1.85"
"25012","30-11-19 23:00","Brazil","Serie A Betano","2019","Botafogo RJ","Internacional","3.74","3.18","2.15","1.10","6.40","1.50","2.77","2.31","1.57","4.04","1.19","7.30","1.05","2.10","1.70"
"25013","30-11-19 23:00","Brazil","Serie A Betano","2019","Ceara","Athletico-PR","2.15","3.13","3.82","1.09","5.85","1.45","2.65","2.41","1.63","4.00","1.22","7.10","1.06","2.03","1.75"
"25014","29-11-19 01:30","Brazil","Serie A Betano","2019","Cruzeiro","CSA","1.35","4.80","10.50","1.05","7.60","1.33","3.14","2.05","1.85","3.32","1.30","5.80","1.10","2.55","1.49"
"25015","29-11-19 00:30","Brazil","Serie A Betano","2019","Sao Paulo","Vasco","1.66","3.64","5.60","1.06","6.70","1.44","2.63","2.44","1.62","4.32","1.19","7.50","1.05","2.30","1.58"
"25016","29-11-19 00:00","Brazil","Serie A Betano","2019","Fortaleza","Santos","3.18","3.30","2.28","1.06","6.90","1.37","2.90","2.19","1.75","3.62","1.26","6.40","1.08","1.95","1.81"
"25017","28-11-19 23:30","Brazil","Serie A Betano","2019","Fluminense","Palmeiras","2.76","3.10","2.73","1.08","6.10","1.44","2.66","2.39","1.64","4.00","1.22","7.10","1.06","2.00","1.77"
"25018","28-11-19 01:30","Brazil","Serie A Betano","2019","Athletico-PR","Gremio","2.58","3.14","2.93","1.07","6.65","1.36","2.99","2.13","1.79","3.42","1.29","5.95","1.09","1.80","1.96"
"25019","28-11-19 01:30","Brazil","Serie A Betano","2019","Corinthians","Avai","1.36","4.44","12.00","1.06","6.90","1.40","2.81","2.27","1.70","3.90","1.23","6.75","1.06","2.90","1.39"
"25020","28-11-19 01:30","Brazil","Serie A Betano","2019","Flamengo RJ","Ceara","1.40","4.64","7.30","1.02","9.50","1.24","3.80","1.80","2.12","2.81","1.40","4.80","1.14","1.97","1.79"
"25021","28-11-19 01:00","Brazil","Serie A Betano","2019","Bahia","Atletico-MG","2.52","3.20","2.95","1.06","6.75","1.36","2.99","2.15","1.78","3.46","1.28","6.10","1.08","1.91","1.85"
"25022","27-11-19 23:30","Brazil","Serie A Betano","2019","Chapecoense-SC","Botafogo RJ","2.57","3.03","3.04","1.10","5.70","1.49","2.51","2.56","1.57","4.44","1.18","7.70","1.05","2.06","1.73"
"25023","27-11-19 23:30","Brazil","Serie A Betano","2019","Internacional","Goias","1.38","4.94","8.30","1.03","8.60","1.27","3.54","1.86","2.04","2.90","1.38","4.94","1.13","2.14","1.68"
"25024","26-11-19 00:00","Brazil","Serie A Betano","2019","CSA","Fluminense","3.82","3.34","2.06","1.06","6.75","1.37","2.94","2.18","1.76","3.54","1.27","6.20","1.08","1.95","1.81"
"25025","24-11-19 23:00","Brazil","Serie A Betano","2019","Avai","Chapecoense-SC","2.47","3.20","3.04","1.08","6.15","1.46","2.60","2.46","1.61","4.30","1.20","7.40","1.05","2.05","1.73"
"25026","24-11-19 23:00","Brazil","Serie A Betano","2019","Ceara","Sao Paulo","2.58","3.14","2.94","1.10","6.40","1.53","2.67","2.40","1.53","4.24","1.17","7.70","1.05","2.10","1.70"
"25027","24-11-19 23:00","Brazil","Serie A Betano","2019","Internacional","Fortaleza","1.43","4.44","8.20","1.06","7.20","1.36","2.99","2.13","1.79","3.54","1.27","6.10","1.08","2.42","1.54"
"25028","24-11-19 22:00","Brazil","Serie A Betano","2019","Botafogo RJ","Corinthians","3.13","2.88","2.63","1.12","5.15","1.56","2.33","2.77","1.50","4.84","1.16","8.40","1.03","2.16","1.66"
"25029","24-11-19 20:00","Brazil","Serie A Betano","2019","Atletico-MG","Athletico-PR","1.96","3.62","3.80","1.04","8.00","1.29","3.40","1.93","1.96","3.04","1.35","5.25","1.12","1.80","1.96"
"25030","24-11-19 20:00","Brazil","Serie A Betano","2019","Goias","Bahia","2.48","3.18","3.04","1.07","6.45","1.39","2.85","2.23","1.72","3.70","1.25","6.45","1.07","1.93","1.83"
"25031","24-11-19 20:00","Brazil","Serie A Betano","2019","Palmeiras","Gremio","2.19","3.30","3.48","1.07","6.45","1.43","2.70","2.35","1.66","4.00","1.22","7.00","1.06","2.00","1.77"
"25032","24-11-19 01:00","Brazil","Serie A Betano","2019","Santos","Cruzeiro","1.91","3.50","4.20","1.06","6.75","1.40","2.81","2.26","1.71","3.80","1.24","6.60","1.07","2.03","1.73"
"25033","19-11-19 00:00","Brazil","Serie A Betano","2019","Cruzeiro","Avai","1.30","5.20","12.00","1.05","7.70","1.32","3.20","2.03","1.87","3.26","1.31","5.70","1.10","2.80","1.49"
"25034","18-11-19 23:30","Brazil","Serie A Betano","2019","Vasco","Goias","1.54","3.94","6.55","1.05","7.50","1.33","3.14","2.07","1.84","3.40","1.29","5.85","1.09","2.20","1.74"
"25035","17-11-19 23:00","Brazil","Serie A Betano","2019","Fortaleza","CSA","1.61","3.80","5.75","1.07","6.65","1.41","2.77","2.27","1.70","3.80","1.24","6.75","1.06","2.21","1.73"
"25036","17-11-19 22:00","Brazil","Serie A Betano","2019","Athletico-PR","Botafogo RJ","1.40","4.50","8.60","1.03","8.80","1.24","3.70","1.82","2.09","2.81","1.40","4.80","1.14","2.05","1.85"
"25037","17-11-19 22:00","Brazil","Serie A Betano","2019","Chapecoense-SC","Ceara","3.18","3.18","2.39","1.09","6.60","1.50","2.77","2.31","1.57","4.10","1.18","7.40","1.05","2.10","1.81"
"25038","17-11-19 22:00","Brazil","Serie A Betano","2019","Corinthians","Internacional","2.42","3.10","3.22","1.11","5.95","1.58","2.53","2.54","1.48","4.64","1.15","8.30","1.03","2.25","1.71"
"25039","17-11-19 20:00","Brazil","Serie A Betano","2019","Bahia","Palmeiras","4.54","3.28","1.89","1.09","5.90","1.47","2.57","2.48","1.60","4.30","1.20","7.40","1.05","2.16","1.77"
"25040","17-11-19 20:00","Brazil","Serie A Betano","2019","Gremio","Flamengo RJ","2.03","3.34","3.82","1.06","6.75","1.37","2.94","2.16","1.76","3.54","1.27","6.20","1.08","1.96","1.91"
"25041","16-11-19 23:00","Brazil","Serie A Betano","2019","Fluminense","Atletico-MG","2.20","3.44","3.28","1.05","7.50","1.33","3.14","2.04","1.86","3.32","1.30","5.70","1.10","1.91","1.98"
"25042","16-11-19 21:00","Brazil","Serie A Betano","2019","Santos","Sao Paulo","1.96","3.30","4.26","1.09","5.85","1.54","2.38","2.70","1.52","4.90","1.15","8.40","1.03","2.30","1.68"
"25043","14-11-19 01:30","Brazil","Serie A Betano","2019","Flamengo RJ","Vasco","1.37","4.84","7.60","1.03","8.60","1.28","3.42","1.93","1.95","3.14","1.33","5.40","1.11","2.14","1.77"
"25044","12-11-19 00:00","Brazil","Serie A Betano","2019","Botafogo RJ","Avai","1.58","3.68","5.95","1.06","7.00","1.45","2.63","2.44","1.62","4.40","1.19","7.60","1.05","2.34","1.66"
"25045","10-11-19 23:00","Brazil","Serie A Betano","2019","Chapecoense-SC","Gremio","5.65","3.74","1.66","1.07","6.65","1.41","2.77","2.27","1.70","3.80","1.24","6.75","1.06","2.20","1.74"
"25046","10-11-19 23:00","Brazil","Serie A Betano","2019","CSA","Vasco","3.02","3.05","2.58","1.10","5.60","1.54","2.38","2.70","1.52","4.84","1.16","8.40","1.03","2.13","1.78"
"25047","10-11-19 23:00","Brazil","Serie A Betano","2019","Fortaleza","Ceara","2.98","3.07","2.58","1.10","5.65","1.53","2.40","2.67","1.53","4.80","1.16","8.30","1.03","2.15","1.77"
"25048","10-11-19 22:00","Brazil","Serie A Betano","2019","Flamengo RJ","Bahia","1.26","5.30","12.00","1.03","8.80","1.26","3.62","1.84","2.07","2.85","1.39","4.90","1.14","2.50","1.59"
"25049","10-11-19 20:00","Brazil","Serie A Betano","2019","Cruzeiro","Atletico-MG","2.18","3.32","3.48","1.07","6.55","1.42","2.73","2.31","1.68","3.90","1.23","6.85","1.06","2.00","1.89"
"25050","10-11-19 20:00","Brazil","Serie A Betano","2019","Internacional","Fluminense","1.74","3.68","4.96","1.06","6.85","1.38","2.90","2.21","1.74","3.70","1.25","6.45","1.07","2.10","1.81"
"25051","10-11-19 20:00","Brazil","Serie A Betano","2019","Sao Paulo","Athletico-PR","1.76","3.54","5.10","1.08","6.20","1.46","2.60","2.45","1.62","4.24","1.20","7.40","1.05","2.21","1.73"
"25052","09-11-19 23:00","Brazil","Serie A Betano","2019","Palmeiras","Corinthians","1.65","3.60","6.10","1.10","5.80","1.52","2.43","2.64","1.54","4.70","1.17","8.10","1.04","2.54","1.57"
"25053","09-11-19 21:00","Brazil","Serie A Betano","2019","Goias","Santos","3.86","3.54","1.98","1.05","7.40","1.33","3.13","2.07","1.83","3.40","1.29","5.85","1.09","1.91","1.98"
"25054","08-11-19 01:00","Brazil","Serie A Betano","2019","Gremio","CSA","1.14","7.90","22.00","1.01","10.50","1.17","4.70","1.58","2.53","2.31","1.57","3.72","1.22","2.88","1.46"
"25055","08-11-19 00:00","Brazil","Serie A Betano","2019","Botafogo RJ","Flamengo RJ","6.45","4.60","1.43","1.03","8.80","1.25","3.70","1.80","2.09","2.81","1.40","4.74","1.14","2.00","1.89"
"25056","07-11-19 23:30","Brazil","Serie A Betano","2019","Ceara","Internacional","2.46","2.78","3.08","1.09","6.60","1.48","2.84","2.27","1.59","3.94","1.20","7.10","1.06","2.00","1.89"
"25057","07-11-19 23:30","Brazil","Serie A Betano","2019","Sao Paulo","Fluminense","1.75","3.54","4.88","1.07","6.50","1.42","2.73","2.34","1.66","4.00","1.22","6.95","1.06","2.25","1.71"
"25058","07-11-19 01:30","Brazil","Serie A Betano","2019","Athletico-PR","Cruzeiro","1.80","3.60","4.66","1.06","6.85","1.38","2.90","2.21","1.74","3.70","1.25","6.40","1.08","2.04","1.85"
"25059","07-11-19 01:30","Brazil","Serie A Betano","2019","Bahia","Chapecoense-SC","1.49","4.04","7.80","1.06","7.00","1.38","2.90","2.21","1.74","3.70","1.25","6.50","1.07","2.31","1.68"
"25060","07-11-19 01:30","Brazil","Serie A Betano","2019","Vasco","Palmeiras","2.98","3.04","2.59","1.10","5.65","1.52","2.43","2.64","1.54","4.70","1.17","8.10","1.04","2.10","1.81"
"25061","07-11-19 01:00","Brazil","Serie A Betano","2019","Avai","Santos","6.40","3.76","1.58","1.07","6.55","1.42","2.73","2.35","1.66","4.00","1.22","7.00","1.06","2.31","1.68"
"25062","07-11-19 00:00","Brazil","Serie A Betano","2019","Atletico-MG","Goias","1.50","4.32","6.70","1.03","8.80","1.25","3.70","1.83","2.08","2.85","1.39","4.84","1.14","1.97","1.91"
"25063","06-11-19 23:30","Brazil","Serie A Betano","2019","Corinthians","Fortaleza","1.71","3.50","5.45","1.07","6.50","1.46","2.60","2.46","1.61","4.32","1.19","7.50","1.05","2.30","1.68"
"25064","03-11-19 23:30","Brazil","Serie A Betano","2019","Goias","Avai","1.65","3.70","5.75","1.08","6.40","1.44","2.66","2.38","1.65","4.10","1.21","7.10","1.06","2.35","1.66"
"25065","03-11-19 23:00","Brazil","Serie A Betano","2019","Cruzeiro","Bahia","1.80","3.44","5.00","1.10","6.30","1.53","2.66","2.43","1.52","4.30","1.17","7.80","1.04","2.34","1.66"
"25066","03-11-19 23:00","Brazil","Serie A Betano","2019","Santos","Botafogo RJ","1.32","5.10","9.50","1.03","8.30","1.27","3.54","1.88","2.02","2.94","1.37","4.94","1.13","2.30","1.68"
"25067","03-11-19 22:00","Brazil","Serie A Betano","2019","Athletico-PR","CSA","1.27","5.85","11.00","1.02","9.60","1.20","4.30","1.66","2.35","2.45","1.51","4.00","1.19","2.20","1.74"
"25068","03-11-19 22:00","Brazil","Serie A Betano","2019","Gremio","Internacional","2.07","3.24","3.90","1.09","5.90","1.50","2.48","2.58","1.56","4.54","1.18","7.80","1.04","2.16","1.77"
"25069","03-11-19 20:00","Brazil","Serie A Betano","2019","Flamengo RJ","Corinthians","1.45","4.10","7.30","1.06","6.75","1.39","2.85","2.24","1.72","3.80","1.24","6.55","1.07","2.35","1.66"
"25070","03-11-19 01:00","Brazil","Serie A Betano","2019","Chapecoense-SC","Sao Paulo","4.28","3.32","1.94","1.10","6.30","1.53","2.66","2.43","1.52","4.32","1.17","7.80","1.04","2.30","1.68"
"25071","02-11-19 23:00","Brazil","Serie A Betano","2019","Fluminense","Vasco","2.30","3.24","3.30","1.08","6.20","1.46","2.60","2.45","1.62","4.24","1.20","7.40","1.05","2.05","1.85"
"25072","02-11-19 23:00","Brazil","Serie A Betano","2019","Palmeiras","Ceara","1.25","5.55","13.50","1.03","8.30","1.29","3.40","1.95","1.94","3.13","1.33","5.35","1.11","2.70","1.52"
"25073","02-11-19 21:00","Brazil","Serie A Betano","2019","Fortaleza","Atletico-MG","2.59","3.20","2.87","1.08","6.35","1.44","2.66","2.38","1.65","4.10","1.21","7.10","1.06","2.00","1.89"
"25074","01-11-19 01:30","Brazil","Serie A Betano","2019","Botafogo RJ","Cruzeiro","3.28","3.07","2.40","1.10","6.25","1.48","2.80","2.31","1.57","3.98","1.20","7.20","1.06","2.10","1.81"
"25075","01-11-19 01:30","Brazil","Serie A Betano","2019","Internacional","Athletico-PR","1.83","3.54","4.48","1.06","6.85","1.39","2.85","2.22","1.73","3.70","1.25","6.45","1.07","2.02","1.87"
"25076","01-11-19 00:00","Brazil","Serie A Betano","2019","Goias","Flamengo RJ","6.90","4.50","1.42","1.03","8.40","1.27","3.54","1.86","2.04","2.90","1.38","4.90","1.14","2.01","1.88"
"25077","31-10-19 23:15","Brazil","Serie A Betano","2019","Santos","Bahia","1.59","3.74","6.10","1.06","6.95","1.38","2.90","2.21","1.74","3.70","1.25","6.45","1.07","2.20","1.74"
"25078","31-10-19 01:30","Brazil","Serie A Betano","2019","Ceara","Fluminense","2.01","3.24","4.16","1.09","6.00","1.46","2.60","2.45","1.62","4.10","1.21","7.30","1.05","2.10","1.81"
"25079","31-10-19 01:30","Brazil","Serie A Betano","2019","CSA","Corinthians","3.94","2.90","2.23","1.14","5.30","1.61","2.46","2.60","1.46","4.64","1.15","8.30","1.03","2.32","1.67"
"25080","31-10-19 01:30","Brazil","Serie A Betano","2019","Vasco","Gremio","2.66","3.15","2.90","1.09","5.85","1.49","2.51","2.56","1.57","4.50","1.18","7.70","1.05","2.05","1.85"
"25081","30-10-19 23:30","Brazil","Serie A Betano","2019","Atletico-MG","Chapecoense-SC","1.31","5.35","10.50","1.02","9.20","1.22","3.98","1.74","2.21","2.63","1.45","4.40","1.17","2.25","1.71"
"25082","30-10-19 23:30","Brazil","Serie A Betano","2019","Avai","Fortaleza","2.57","3.06","3.02","1.10","5.65","1.53","2.40","2.67","1.53","4.80","1.16","8.30","1.03","2.12","1.79"
"25083","30-10-19 23:30","Brazil","Serie A Betano","2019","Palmeiras","Sao Paulo","1.85","3.24","5.00","1.12","5.15","1.62","2.21","3.00","1.44","5.50","1.13","9.30","1.02","2.63","1.54"
"25084","27-10-19 23:00","Brazil","Serie A Betano","2019","Flamengo RJ","CSA","1.06","12.00","35.00","1.01","20.00","1.10","5.65","1.37","2.94","2.01","1.89","2.99","1.36","2.80","1.49"
"25085","27-10-19 22:00","Brazil","Serie A Betano","2019","Avai","Palmeiras","5.95","3.58","1.64","1.09","6.05","1.48","2.54","2.53","1.58","4.44","1.18","7.70","1.05","2.55","1.57"
"25086","27-10-19 20:00","Brazil","Serie A Betano","2019","Athletico-PR","Goias","1.31","5.40","9.60","1.03","9.00","1.23","3.90","1.75","2.19","2.65","1.45","4.40","1.16","2.20","1.74"
"25087","27-10-19 20:00","Brazil","Serie A Betano","2019","Gremio","Botafogo RJ","1.33","5.15","9.90","1.04","8.20","1.28","3.46","1.90","2.00","2.99","1.36","5.10","1.13","2.40","1.63"
"25088","27-10-19 20:00","Brazil","Serie A Betano","2019","Sao Paulo","Atletico-MG","1.91","3.44","4.30","1.08","6.40","1.43","2.70","2.38","1.65","4.00","1.22","7.10","1.06","2.11","1.80"
"25089","27-10-19 02:00","Brazil","Serie A Betano","2019","Cruzeiro","Fortaleza","1.67","3.72","5.45","1.07","6.65","1.41","2.77","2.27","1.70","3.80","1.24","6.75","1.06","2.20","1.74"
"25090","27-10-19 00:30","Brazil","Serie A Betano","2019","Fluminense","Chapecoense-SC","1.46","4.40","7.40","1.05","7.70","1.32","3.20","2.01","1.89","3.26","1.31","5.60","1.10","2.20","1.74"
"25091","27-10-19 00:00","Brazil","Serie A Betano","2019","Bahia","Internacional","2.56","3.04","3.05","1.12","5.70","1.62","2.44","2.66","1.44","4.84","1.14","8.70","1.03","2.27","1.70"
"25092","26-10-19 22:00","Brazil","Serie A Betano","2019","Ceara","Vasco","2.11","3.24","3.78","1.10","6.30","1.53","2.66","2.43","1.52","4.32","1.17","7.80","1.04","2.20","1.74"
"25093","26-10-19 22:00","Brazil","Serie A Betano","2019","Corinthians","Santos","2.68","3.08","2.85","1.10","6.10","1.56","2.58","2.48","1.50","4.50","1.16","8.10","1.04","2.13","1.78"
"25094","22-10-19 01:00","Brazil","Serie A Betano","2019","Botafogo RJ","CSA","1.68","3.54","5.70","1.07","6.55","1.48","2.54","2.53","1.58","4.60","1.18","7.90","1.04","2.30","1.67"
"25095","22-10-19 00:30","Brazil","Serie A Betano","2019","Bahia","Ceara","1.67","3.64","5.55","1.06","6.70","1.49","2.51","2.53","1.58","4.64","1.17","8.00","1.04","2.38","1.64"
"25096","21-10-19 00:00","Brazil","Serie A Betano","2019","Athletico-PR","Palmeiras","2.74","3.20","2.71","1.08","6.35","1.44","2.66","2.39","1.64","4.10","1.21","7.10","1.06","1.95","1.94"
"25097","21-10-19 00:00","Brazil","Serie A Betano","2019","Chapecoense-SC","Goias","2.03","3.22","4.10","1.10","5.70","1.53","2.40","2.67","1.53","4.80","1.16","8.20","1.04","2.21","1.73"
"25098","20-10-19 23:00","Brazil","Serie A Betano","2019","Flamengo RJ","Fluminense","1.44","4.54","6.45","1.03","8.60","1.28","3.46","1.92","1.97","3.04","1.35","5.25","1.12","2.10","1.81"
"25099","20-10-19 21:00","Brazil","Serie A Betano","2019","Atletico-MG","Santos","2.46","3.38","2.89","1.05","7.40","1.33","3.13","2.07","1.84","3.32","1.30","5.85","1.09","1.80","2.11"
"25100","20-10-19 21:00","Brazil","Serie A Betano","2019","Internacional","Vasco","1.75","3.54","5.15","1.06","6.85","1.48","2.54","2.51","1.59","4.60","1.17","7.90","1.04","2.25","1.71"
"25101","20-10-19 21:00","Brazil","Serie A Betano","2019","Sao Paulo","Avai","1.41","4.40","8.60","1.06","6.85","1.39","2.85","2.23","1.73","3.70","1.25","6.50","1.07","2.60","1.55"
"25102","20-10-19 00:00","Brazil","Serie A Betano","2019","Corinthians","Cruzeiro","2.22","3.07","3.64","1.12","5.65","1.63","2.41","2.66","1.44","4.94","1.13","8.80","1.03","2.30","1.68"
"25103","19-10-19 22:00","Brazil","Serie A Betano","2019","Fortaleza","Gremio","2.73","3.14","2.73","1.08","6.20","1.44","2.66","2.39","1.64","4.10","1.21","7.10","1.06","2.00","1.89"
"25104","18-10-19 02:00","Brazil","Serie A Betano","2019","Fluminense","Athletico-PR","2.44","3.05","2.88","1.06","6.75","1.34","3.10","2.09","1.82","3.32","1.30","5.75","1.10","1.80","2.11"
"25105","18-10-19 00:15","Brazil","Serie A Betano","2019","Avai","Internacional","3.94","3.04","2.10","1.14","5.35","1.69","2.29","2.81","1.40","5.30","1.11","9.30","1.02","2.40","1.63"
"25106","18-10-19 00:15","Brazil","Serie A Betano","2019","Santos","Ceara","1.44","4.02","7.60","1.03","8.30","1.30","3.32","1.95","1.94","3.14","1.33","5.45","1.10","2.20","1.74"
"25107","17-10-19 02:30","Brazil","Serie A Betano","2019","Goias","Corinthians","2.83","2.96","2.81","1.12","5.65","1.60","2.48","2.60","1.46","4.70","1.14","8.40","1.03","2.20","1.74"
"25108","17-10-19 02:30","Brazil","Serie A Betano","2019","Vasco","Botafogo RJ","1.73","3.74","4.90","1.06","7.20","1.40","2.81","2.27","1.70","3.90","1.23","6.80","1.06","2.10","1.81"
"25109","17-10-19 02:00","Brazil","Serie A Betano","2019","Cruzeiro","Sao Paulo","2.61","2.88","2.98","1.13","5.40","1.65","2.38","2.70","1.43","4.94","1.13","8.90","1.03","2.30","1.68"
"25110","17-10-19 02:00","Brazil","Serie A Betano","2019","Palmeiras","Chapecoense-SC","1.15","7.30","19.00","1.01","10.00","1.20","4.24","1.68","2.31","2.54","1.48","4.24","1.18","2.75","1.50"
"25111","17-10-19 01:00","Brazil","Serie A Betano","2019","Fortaleza","Flamengo RJ","6.10","3.80","1.55","1.05","7.70","1.32","3.20","2.02","1.88","3.26","1.31","5.65","1.10","2.01","1.88"
"25112","17-10-19 00:15","Brazil","Serie A Betano","2019","CSA","Atletico-MG","3.62","3.26","2.15","1.08","6.20","1.49","2.51","2.56","1.57","4.60","1.17","7.90","1.04","2.08","1.82"
"25113","17-10-19 00:15","Brazil","Serie A Betano","2019","Gremio","Bahia","1.47","4.30","6.75","1.05","7.70","1.36","2.99","2.15","1.78","3.62","1.26","6.30","1.08","2.30","1.68"
"25114","14-10-19 00:00","Brazil","Serie A Betano","2019","Atletico-MG","Gremio","2.44","3.30","2.98","1.06","6.85","1.38","2.90","2.21","1.74","3.70","1.25","6.45","1.07","1.91","1.98"
"25115","14-10-19 00:00","Brazil","Serie A Betano","2019","Chapecoense-SC","Cruzeiro","4.18","3.20","2.01","1.11","5.80","1.61","2.46","2.60","1.46","4.80","1.14","8.60","1.03","2.35","1.66"
"25116","13-10-19 23:00","Brazil","Serie A Betano","2019","Sao Paulo","Corinthians","2.23","2.86","4.02","1.17","4.74","1.79","2.13","3.13","1.33","5.85","1.09","10.00","1.01","2.63","1.54"
"25117","13-10-19 21:00","Brazil","Serie A Betano","2019","Athletico-PR","Flamengo RJ","2.88","3.46","2.38","1.04","8.00","1.29","3.40","1.93","1.96","3.04","1.35","5.25","1.12","1.73","2.22"
"25118","13-10-19 21:00","Brazil","Serie A Betano","2019","Ceara","Avai","1.60","3.60","6.95","1.08","6.20","1.46","2.60","2.48","1.60","4.34","1.19","7.60","1.05","2.45","1.61"
"25119","13-10-19 21:00","Brazil","Serie A Betano","2019","Internacional","Santos","2.19","3.22","3.58","1.09","6.00","1.48","2.54","2.51","1.59","4.44","1.18","7.70","1.05","2.06","1.84"
"25120","13-10-19 21:00","Brazil","Serie A Betano","2019","Vasco","Fortaleza","1.58","4.10","5.85","1.05","7.60","1.32","3.20","2.02","1.87","3.26","1.31","5.65","1.10","2.09","1.82"
"25121","13-10-19 02:00","Brazil","Serie A Betano","2019","Palmeiras","Botafogo RJ","1.28","6.00","9.50","1.03","8.60","1.28","3.46","1.88","2.02","2.97","1.37","5.05","1.13","2.63","1.54"
"25122","13-10-19 00:00","Brazil","Serie A Betano","2019","Fluminense","Bahia","2.15","3.10","3.86","1.10","5.50","1.52","2.40","2.67","1.53","4.70","1.17","8.10","1.04","2.20","1.74"
"25123","12-10-19 22:00","Brazil","Serie A Betano","2019","Goias","CSA","1.71","3.68","5.25","1.06","6.70","1.40","2.81","2.27","1.70","3.80","1.24","6.70","1.06","2.20","1.74"
"25124","11-10-19 01:00","Brazil","Serie A Betano","2019","Flamengo RJ","Atletico-MG","1.48","4.14","6.55","1.03","8.40","1.27","3.54","1.86","2.04","2.90","1.38","4.94","1.13","1.95","1.94"
"25125","11-10-19 00:15","Brazil","Serie A Betano","2019","Avai","Vasco","3.14","2.91","2.59","1.14","5.30","1.64","2.35","2.77","1.41","5.05","1.13","9.00","1.03","2.38","1.64"
"25126","11-10-19 00:15","Brazil","Serie A Betano","2019","Corinthians","Athletico-PR","1.85","3.02","4.50","1.10","6.20","1.51","2.73","2.36","1.55","4.10","1.18","7.40","1.05","2.30","1.68"
"25127","10-10-19 02:30","Brazil","Serie A Betano","2019","Cruzeiro","Fluminense","1.84","3.40","4.68","1.08","6.40","1.41","2.77","2.29","1.69","3.80","1.24","6.65","1.07","2.05","1.85"
"25128","10-10-19 02:30","Brazil","Serie A Betano","2019","Santos","Palmeiras","2.81","3.00","2.78","1.10","5.60","1.51","2.45","2.61","1.54","4.60","1.18","7.90","1.04","2.09","1.81"
"25129","10-10-19 02:00","Brazil","Serie A Betano","2019","Bahia","Sao Paulo","2.51","2.96","3.22","1.13","5.55","1.62","2.45","2.65","1.45","4.80","1.14","8.60","1.03","2.25","1.71"
"25130","10-10-19 02:00","Brazil","Serie A Betano","2019","Gremio","Ceara","1.67","3.58","5.70","1.05","7.30","1.35","3.04","2.12","1.80","3.46","1.28","6.10","1.08","2.12","1.79"
"25131","10-10-19 01:30","Brazil","Serie A Betano","2019","Fortaleza","Chapecoense-SC","1.63","3.82","5.80","1.05","7.50","1.38","2.90","2.21","1.74","3.80","1.24","6.65","1.07","2.18","1.75"
"25132","10-10-19 00:15","Brazil","Serie A Betano","2019","Botafogo RJ","Goias","2.12","3.28","3.70","1.07","6.55","1.38","2.85","2.24","1.72","3.70","1.25","6.50","1.07","1.95","1.94"
"25133","10-10-19 00:15","Brazil","Serie A Betano","2019","CSA","Internacional","4.82","3.34","1.84","1.09","5.90","1.55","2.33","2.77","1.50","5.15","1.14","8.80","1.03","2.41","1.63"
"25134","07-10-19 00:00","Brazil","Serie A Betano","2019","CSA","Avai","2.49","2.92","3.30","1.13","5.00","1.61","2.21","2.95","1.44","5.40","1.13","9.10","1.03","2.27","1.70"
"25135","06-10-19 21:00","Brazil","Serie A Betano","2019","Botafogo RJ","Fluminense","2.97","3.10","2.59","1.09","6.05","1.44","2.66","2.39","1.64","4.00","1.22","7.10","1.06","2.00","1.89"
"25136","06-10-19 21:00","Brazil","Serie A Betano","2019","Ceara","Goias","1.64","3.70","5.95","1.07","6.60","1.41","2.77","2.29","1.68","3.90","1.23","6.85","1.06","2.26","1.70"
"25137","06-10-19 21:00","Brazil","Serie A Betano","2019","Palmeiras","Atletico-MG","1.41","4.44","7.90","1.05","7.60","1.33","3.14","2.03","1.87","3.26","1.31","5.65","1.10","2.26","1.70"
"25138","06-10-19 16:00","Brazil","Serie A Betano","2019","Chapecoense-SC","Flamengo RJ","5.60","3.76","1.63","1.06","6.75","1.40","2.81","2.26","1.71","3.80","1.24","6.65","1.07","2.20","1.74"
"25139","06-10-19 02:00","Brazil","Serie A Betano","2019","Cruzeiro","Internacional","2.55","3.05","3.04","1.11","5.95","1.58","2.53","2.54","1.48","4.64","1.15","8.30","1.03","2.20","1.74"
"25140","06-10-19 00:00","Brazil","Serie A Betano","2019","Bahia","Athletico-PR","2.17","3.32","3.62","1.07","6.50","1.42","2.73","2.33","1.67","3.98","1.22","6.90","1.06","2.00","1.89"
"25141","06-10-19 00:00","Brazil","Serie A Betano","2019","Gremio","Corinthians","1.74","3.48","5.35","1.08","6.20","1.49","2.51","2.56","1.57","4.60","1.18","7.90","1.04","2.31","1.68"
"25142","05-10-19 22:00","Brazil","Serie A Betano","2019","Sao Paulo","Fortaleza","1.50","4.20","7.00","1.05","7.30","1.35","3.04","2.09","1.82","3.42","1.29","5.95","1.09","2.27","1.70"
"25143","05-10-19 22:00","Brazil","Serie A Betano","2019","Vasco","Santos","2.54","3.22","2.93","1.08","6.40","1.43","2.70","2.38","1.65","4.00","1.22","7.10","1.06","1.95","1.94"
"25144","03-10-19 00:15","Brazil","Serie A Betano","2019","Atletico-MG","Vasco","1.81","3.60","4.52","1.06","7.00","1.37","2.97","2.16","1.77","3.54","1.27","6.20","1.08","2.00","1.89"
"25145","03-10-19 00:15","Brazil","Serie A Betano","2019","Chapecoense-SC","Corinthians","4.02","3.02","2.08","1.14","5.30","1.70","2.28","2.85","1.39","5.30","1.11","9.40","1.02","2.50","1.59"
"25146","01-10-19 01:00","Brazil","Serie A Betano","2019","Avai","Bahia","3.02","3.00","2.45","1.13","5.60","1.65","2.38","2.73","1.42","5.00","1.13","8.90","1.03","2.30","1.68"
"25147","01-10-19 01:00","Brazil","Serie A Betano","2019","Fortaleza","Botafogo RJ","1.87","3.54","4.34","1.06","6.80","1.39","2.85","2.23","1.73","3.70","1.25","6.50","1.07","2.05","1.85"
"25148","01-10-19 01:00","Brazil","Serie A Betano","2019","Goias","Cruzeiro","2.94","3.05","2.60","1.09","5.85","1.47","2.54","2.53","1.57","4.44","1.18","7.70","1.05","2.02","1.87"
"25149","30-09-19 00:00","Brazil","Serie A Betano","2019","Athletico-PR","Chapecoense-SC","1.29","5.25","10.50","1.03","8.40","1.26","3.62","1.85","2.05","2.85","1.39","4.84","1.14","2.40","1.63"
"25150","30-09-19 00:00","Brazil","Serie A Betano","2019","Atletico-MG","Ceara","1.63","3.78","5.70","1.06","7.00","1.35","3.04","2.09","1.82","3.40","1.29","5.85","1.09","2.12","1.79"
"25151","29-09-19 21:00","Brazil","Serie A Betano","2019","Fluminense","Gremio","2.29","3.28","3.28","1.06","6.75","1.37","2.94","2.18","1.76","3.54","1.27","6.20","1.08","1.91","1.98"
"25152","29-09-19 21:00","Brazil","Serie A Betano","2019","Internacional","Palmeiras","3.24","2.97","2.50","1.11","5.90","1.58","2.53","2.54","1.48","4.64","1.15","8.30","1.03","2.20","1.74"
"25153","29-09-19 21:00","Brazil","Serie A Betano","2019","Santos","CSA","1.20","6.85","16.00","1.01","10.00","1.18","4.54","1.61","2.46","2.36","1.55","3.74","1.22","2.40","1.63"
"25154","29-09-19 16:00","Brazil","Serie A Betano","2019","Corinthians","Vasco","1.90","3.28","4.58","1.10","5.80","1.51","2.45","2.64","1.54","4.70","1.17","8.10","1.04","2.22","1.73"
"25155","29-09-19 00:00","Brazil","Serie A Betano","2019","Flamengo RJ","Sao Paulo","1.59","3.80","5.50","1.06","6.95","1.38","2.90","2.19","1.75","3.62","1.26","6.35","1.08","2.11","1.80"
"25156","27-09-19 02:30","Brazil","Serie A Betano","2019","Athletico-PR","Fortaleza","1.46","4.54","7.00","1.03","8.60","1.27","3.54","1.89","2.01","2.99","1.36","5.15","1.12","2.10","1.81"
"25157","27-09-19 01:00","Brazil","Serie A Betano","2019","Fluminense","Santos","2.67","3.28","2.69","1.06","6.90","1.36","2.90","2.21","1.74","3.70","1.25","6.40","1.08","1.91","1.98"
"25158","27-09-19 01:00","Brazil","Serie A Betano","2019","Gremio","Avai","1.36","4.64","9.30","1.06","7.20","1.36","2.99","2.15","1.78","3.54","1.27","6.15","1.08","2.90","1.46"
"25159","27-09-19 00:15","Brazil","Serie A Betano","2019","Palmeiras","CSA","1.23","6.40","13.00","1.02","9.50","1.21","4.10","1.66","2.34","2.48","1.50","4.04","1.19","2.63","1.54"
"25160","26-09-19 02:30","Brazil","Serie A Betano","2019","Bahia","Botafogo RJ","1.67","3.74","5.55","1.07","6.65","1.41","2.77","2.29","1.69","3.90","1.23","6.75","1.06","2.25","1.71"
"25161","26-09-19 02:30","Brazil","Serie A Betano","2019","Flamengo RJ","Internacional","1.52","3.94","5.55","1.05","7.50","1.33","3.14","2.04","1.86","3.32","1.30","5.70","1.10","2.00","1.89"
"25162","26-09-19 02:30","Brazil","Serie A Betano","2019","Sao Paulo","Goias","1.35","4.64","10.50","1.05","7.60","1.33","3.13","2.08","1.83","3.42","1.29","5.95","1.09","2.50","1.59"
"25163","26-09-19 00:30","Brazil","Serie A Betano","2019","Ceara","Cruzeiro","2.19","3.13","3.70","1.10","5.55","1.52","2.38","2.70","1.51","4.84","1.16","8.30","1.03","2.20","1.74"
"25164","24-09-19 01:00","Brazil","Serie A Betano","2019","Avai","Atletico-MG","2.57","3.12","2.95","1.08","6.15","1.42","2.66","2.38","1.64","4.00","1.22","7.00","1.06","1.95","1.94"
"25165","23-09-19 00:00","Brazil","Serie A Betano","2019","Goias","Fluminense","2.81","3.40","2.52","1.05","7.50","1.32","3.20","2.03","1.87","3.26","1.31","5.70","1.10","1.80","2.11"
"25166","22-09-19 21:00","Brazil","Serie A Betano","2019","CSA","Ceara","3.09","3.10","2.51","1.10","6.00","1.58","2.53","2.54","1.48","4.60","1.15","8.30","1.03","2.20","1.74"
"25167","22-09-19 21:00","Brazil","Serie A Betano","2019","Fortaleza","Palmeiras","4.30","3.38","1.93","1.08","6.20","1.46","2.60","2.45","1.62","4.24","1.20","7.40","1.05","2.20","1.74"
"25168","22-09-19 21:00","Brazil","Serie A Betano","2019","Vasco","Athletico-PR","2.10","3.34","3.70","1.07","6.45","1.43","2.70","2.35","1.66","4.00","1.22","7.00","1.06","2.00","1.89"
"25169","22-09-19 16:00","Brazil","Serie A Betano","2019","Internacional","Chapecoense-SC","1.44","4.30","8.30","1.06","7.00","1.42","2.73","2.33","1.67","4.00","1.22","7.10","1.06","2.56","1.57"
"25170","22-09-19 02:00","Brazil","Serie A Betano","2019","Santos","Gremio","2.02","3.44","3.82","1.06","6.85","1.38","2.90","2.21","1.74","3.70","1.25","6.45","1.07","2.00","1.89"
"25171","22-09-19 00:00","Brazil","Serie A Betano","2019","Corinthians","Bahia","2.03","3.05","4.40","1.12","5.75","1.63","2.39","2.70","1.43","5.00","1.13","8.90","1.03","2.41","1.63"
"25172","21-09-19 22:00","Brazil","Serie A Betano","2019","Cruzeiro","Flamengo RJ","3.82","3.44","2.00","1.06","6.90","1.38","2.90","2.19","1.75","3.62","1.26","6.35","1.08","1.95","1.94"
"25173","21-09-19 16:00","Brazil","Serie A Betano","2019","Botafogo RJ","Sao Paulo","3.72","3.18","2.16","1.10","5.70","1.52","2.43","2.66","1.53","4.74","1.17","8.10","1.04","2.16","1.77"
"25174","16-09-19 00:00","Brazil","Serie A Betano","2019","Sao Paulo","CSA","1.28","5.25","12.50","1.06","7.10","1.35","2.97","2.15","1.78","3.54","1.27","6.20","1.08","3.00","1.44"
"25175","15-09-19 21:00","Brazil","Serie A Betano","2019","Bahia","Fortaleza","1.65","3.62","6.05","1.07","6.50","1.43","2.70","2.35","1.66","4.00","1.22","7.10","1.06","2.28","1.69"
"25176","15-09-19 21:00","Brazil","Serie A Betano","2019","Fluminense","Corinthians","3.14","3.10","2.47","1.10","6.05","1.57","2.56","2.51","1.49","4.54","1.15","8.20","1.04","2.20","1.74"
"25177","15-09-19 21:00","Brazil","Serie A Betano","2019","Gremio","Goias","1.27","5.60","12.50","1.03","8.90","1.25","3.70","1.80","2.12","2.77","1.41","4.70","1.14","2.38","1.64"
"25178","15-09-19 16:00","Brazil","Serie A Betano","2019","Athletico-PR","Avai","1.67","3.84","5.25","1.05","7.30","1.34","3.10","2.08","1.83","3.42","1.29","5.90","1.09","2.05","1.85"
"25179","15-09-19 16:00","Brazil","Serie A Betano","2019","Atletico-MG","Internacional","1.72","3.64","5.25","1.07","6.55","1.42","2.73","2.33","1.67","3.98","1.22","6.90","1.06","2.20","1.74"
"25180","15-09-19 02:00","Brazil","Serie A Betano","2019","Ceara","Botafogo RJ","1.74","3.60","5.15","1.07","6.45","1.42","2.70","2.35","1.66","4.00","1.22","7.00","1.06","2.20","1.74"
"25181","15-09-19 00:00","Brazil","Serie A Betano","2019","Chapecoense-SC","Vasco","2.77","2.90","2.80","1.13","6.00","1.58","2.35","2.70","1.45","5.75","1.14","13.00","1.04","2.25","1.71"
"25182","15-09-19 00:00","Brazil","Serie A Betano","2019","Palmeiras","Cruzeiro","1.34","4.74","9.40","1.05","7.30","1.35","3.04","2.09","1.82","3.46","1.28","5.95","1.09","2.56","1.57"
"25183","14-09-19 22:00","Brazil","Serie A Betano","2019","Flamengo RJ","Santos","1.56","4.14","5.80","1.04","8.00","1.29","3.42","1.93","1.96","3.04","1.35","5.20","1.12","1.98","1.89"
"25184","11-09-19 02:00","Brazil","Serie A Betano","2019","Palmeiras","Fluminense","1.36","4.90","8.90","1.03","8.30","1.27","3.54","1.88","2.02","2.94","1.37","5.00","1.13","2.20","1.74"
"25185","09-09-19 00:00","Brazil","Serie A Betano","2019","CSA","Chapecoense-SC","2.72","3.00","2.89","1.12","5.65","1.63","2.41","2.66","1.44","4.94","1.13","8.80","1.03","2.25","1.71"
"25186","08-09-19 21:00","Brazil","Serie A Betano","2019","Botafogo RJ","Atletico-MG","3.44","3.08","2.31","1.09","6.05","1.41","2.77","2.29","1.69","3.70","1.25","6.55","1.07","1.95","1.94"
"25187","08-09-19 21:00","Brazil","Serie A Betano","2019","Santos","Athletico-PR","1.46","4.50","6.50","1.03","8.70","1.25","3.70","1.79","2.13","2.73","1.42","4.60","1.15","2.00","1.89"
"25188","08-09-19 16:00","Brazil","Serie A Betano","2019","Cruzeiro","Gremio","2.50","3.10","3.09","1.10","5.70","1.52","2.43","2.67","1.53","4.74","1.17","8.10","1.04","2.20","1.74"
"25189","08-09-19 02:00","Brazil","Serie A Betano","2019","Goias","Palmeiras","5.35","3.60","1.72","1.06","6.75","1.40","2.81","2.27","1.70","3.80","1.24","6.70","1.06","2.20","1.74"
"25190","08-09-19 00:00","Brazil","Serie A Betano","2019","Internacional","Sao Paulo","2.50","3.04","3.13","1.10","5.50","1.56","2.33","2.77","1.50","5.00","1.15","8.60","1.03","2.20","1.74"
"25191","07-09-19 22:00","Brazil","Serie A Betano","2019","Avai","Flamengo RJ","6.40","4.14","1.53","1.05","7.60","1.33","3.14","2.03","1.87","3.26","1.31","5.70","1.10","2.25","1.71"
"25192","07-09-19 22:00","Brazil","Serie A Betano","2019","Fortaleza","Fluminense","2.18","3.38","3.42","1.06","6.85","1.38","2.90","2.21","1.74","3.70","1.25","6.45","1.07","1.91","1.98"
"25193","07-09-19 16:00","Brazil","Serie A Betano","2019","Corinthians","Ceara","1.72","3.34","5.90","1.10","5.55","1.56","2.33","2.80","1.49","5.05","1.14","8.60","1.03","2.55","1.57"
"25194","07-09-19 16:00","Brazil","Serie A Betano","2019","Vasco","Bahia","2.20","3.18","3.60","1.10","5.80","1.51","2.45","2.61","1.55","4.64","1.17","8.00","1.04","2.20","1.74"
"25195","03-09-19 01:00","Brazil","Serie A Betano","2019","Fluminense","Avai","1.52","3.92","6.35","1.06","6.95","1.38","2.90","2.19","1.75","3.62","1.26","6.40","1.08","2.19","1.74"
"25196","02-09-19 00:00","Brazil","Serie A Betano","2019","Corinthians","Atletico-MG","2.15","3.07","3.80","1.10","6.40","1.52","2.70","2.40","1.53","4.24","1.17","7.70","1.05","2.24","1.71"
"25197","02-09-19 00:00","Brazil","Serie A Betano","2019","Cruzeiro","Vasco","1.78","3.54","4.86","1.07","6.50","1.42","2.73","2.34","1.66","4.00","1.22","6.95","1.06","2.13","1.78"
"25198","01-09-19 21:00","Brazil","Serie A Betano","2019","Flamengo RJ","Palmeiras","2.19","3.22","3.54","1.09","6.00","1.48","2.54","2.53","1.58","4.44","1.18","7.70","1.05","2.06","1.84"
"25199","01-09-19 21:00","Brazil","Serie A Betano","2019","Fortaleza","Goias","1.87","3.34","4.36","1.07","6.45","1.39","2.85","2.24","1.72","3.70","1.25","6.45","1.07","1.98","1.90"
"25200","01-09-19 02:00","Brazil","Serie A Betano","2019","Internacional","Botafogo RJ","1.67","3.66","5.70","1.09","6.65","1.50","2.77","2.31","1.57","4.04","1.19","7.30","1.05","2.50","1.59"
"25201","01-09-19 00:00","Brazil","Serie A Betano","2019","Athletico-PR","Ceara","1.48","4.34","7.10","1.05","7.50","1.35","3.04","2.12","1.80","3.54","1.27","6.15","1.08","2.30","1.68"
"25202","01-09-19 00:00","Brazil","Serie A Betano","2019","Chapecoense-SC","Santos","4.00","3.50","1.96","1.06","6.95","1.38","2.90","2.19","1.75","3.62","1.26","6.35","1.08","1.95","1.94"
"25203","31-08-19 22:00","Brazil","Serie A Betano","2019","Bahia","CSA","1.37","4.64","9.80","1.06","6.80","1.40","2.81","2.24","1.72","3.80","1.24","6.55","1.07","2.81","1.49"
"25204","31-08-19 16:00","Brazil","Serie A Betano","2019","Sao Paulo","Gremio","2.03","3.24","4.08","1.09","5.90","1.50","2.48","2.56","1.57","4.54","1.18","7.80","1.04","2.14","1.78"
"25205","27-08-19 01:00","Brazil","Serie A Betano","2019","Botafogo RJ","Chapecoense-SC","1.75","3.50","4.86","1.07","6.45","1.41","2.77","2.31","1.66","3.90","1.23","6.75","1.06","2.10","1.81"
"25206","26-08-19 00:00","Brazil","Serie A Betano","2019","Avai","Corinthians","2.77","2.89","2.89","1.14","5.20","1.71","2.24","2.90","1.38","5.45","1.10","9.60","1.02","2.50","1.59"
"25207","26-08-19 00:00","Brazil","Serie A Betano","2019","Ceara","Flamengo RJ","3.18","3.28","2.30","1.06","6.80","1.39","2.85","2.23","1.73","3.70","1.25","6.50","1.07","1.93","1.95"
"25208","26-08-19 00:00","Brazil","Serie A Betano","2019","CSA","Cruzeiro","4.48","3.28","1.93","1.09","5.90","1.48","2.48","2.58","1.56","4.54","1.18","7.80","1.04","2.30","1.68"
"25209","25-08-19 21:00","Brazil","Serie A Betano","2019","Goias","Internacional","2.48","3.34","2.90","1.07","6.55","1.45","2.63","2.44","1.62","4.30","1.20","7.50","1.05","2.00","1.89"
"25210","25-08-19 21:00","Brazil","Serie A Betano","2019","Santos","Fortaleza","1.36","5.00","9.00","1.03","8.40","1.26","3.62","1.85","2.05","2.85","1.39","4.84","1.14","2.40","1.63"
"25211","25-08-19 21:00","Brazil","Serie A Betano","2019","Vasco","Sao Paulo","2.90","3.04","2.68","1.10","5.50","1.55","2.36","2.77","1.50","5.00","1.15","8.50","1.03","2.16","1.77"
"25212","24-08-19 22:00","Brazil","Serie A Betano","2019","Gremio","Athletico-PR","2.28","3.24","3.30","1.08","6.30","1.45","2.65","2.41","1.63","4.10","1.21","7.20","1.06","2.00","1.89"
"25213","24-08-19 16:00","Brazil","Serie A Betano","2019","Atletico-MG","Bahia","2.11","3.38","3.58","1.06","6.75","1.39","2.85","2.24","1.72","3.70","1.25","6.55","1.07","2.00","1.89"
"25214","22-08-19 00:15","Brazil","Serie A Betano","2019","Athletico-PR","Sao Paulo","2.05","3.13","4.16","1.10","5.60","1.49","2.51","2.53","1.58","4.40","1.19","7.60","1.05","2.14","1.78"
"25215","19-08-19 00:00","Brazil","Serie A Betano","2019","Chapecoense-SC","Avai","2.14","3.16","3.80","1.11","5.95","1.56","2.51","2.57","1.47","4.64","1.14","8.40","1.03","2.30","1.68"
"25216","18-08-19 21:00","Brazil","Serie A Betano","2019","Bahia","Goias","1.49","4.24","6.90","1.05","7.50","1.33","3.14","2.04","1.86","3.32","1.30","5.75","1.10","2.20","1.74"
"25217","18-08-19 21:00","Brazil","Serie A Betano","2019","Cruzeiro","Santos","2.70","3.26","2.70","1.06","6.75","1.39","2.85","2.24","1.72","3.80","1.24","6.55","1.07","1.93","1.95"
"25218","18-08-19 21:00","Brazil","Serie A Betano","2019","Fluminense","CSA","1.32","5.00","9.70","1.04","7.90","1.30","3.32","1.95","1.94","3.14","1.33","5.35","1.11","2.50","1.59"
"25219","18-08-19 21:00","Brazil","Serie A Betano","2019","Sao Paulo","Ceara","1.70","3.66","5.40","1.07","6.50","1.42","2.73","2.34","1.66","4.00","1.22","6.95","1.06","2.30","1.68"
"25220","18-08-19 02:00","Brazil","Serie A Betano","2019","Gremio","Palmeiras","2.75","3.13","2.76","1.10","6.30","1.53","2.66","2.43","1.52","4.30","1.17","7.80","1.04","2.10","1.81"
"25221","18-08-19 00:00","Brazil","Serie A Betano","2019","Athletico-PR","Atletico-MG","1.90","3.60","4.14","1.04","8.00","1.29","3.42","1.93","1.96","3.04","1.35","5.20","1.12","1.79","2.12"
"25222","18-08-19 00:00","Brazil","Serie A Betano","2019","Vasco","Flamengo RJ","5.70","3.66","1.66","1.06","6.75","1.40","2.81","2.26","1.71","3.80","1.24","6.65","1.07","2.20","1.74"
"25223","17-08-19 22:00","Brazil","Serie A Betano","2019","Corinthians","Botafogo RJ","1.67","3.44","6.35","1.10","5.45","1.53","2.40","2.67","1.53","4.74","1.17","8.10","1.04","2.61","1.54"
"25224","17-08-19 22:00","Brazil","Serie A Betano","2019","Fortaleza","Internacional","2.24","3.18","3.50","1.10","5.80","1.51","2.45","2.61","1.55","4.64","1.17","8.00","1.04","2.12","1.79"
"25225","13-08-19 01:00","Brazil","Serie A Betano","2019","CSA","Fortaleza","2.81","3.02","2.75","1.10","5.55","1.55","2.36","2.73","1.51","4.90","1.15","8.40","1.03","2.14","1.78"
"25226","12-08-19 00:00","Brazil","Serie A Betano","2019","Goias","Vasco","2.27","3.16","3.44","1.08","6.35","1.39","2.85","2.23","1.73","3.62","1.26","6.30","1.08","1.91","1.98"
"25227","11-08-19 21:00","Brazil","Serie A Betano","2019","Avai","Cruzeiro","3.16","3.04","2.49","1.12","5.75","1.62","2.45","2.65","1.45","4.84","1.14","8.60","1.03","2.30","1.68"
"25228","11-08-19 21:00","Brazil","Serie A Betano","2019","Botafogo RJ","Athletico-PR","2.16","3.42","3.42","1.06","6.75","1.39","2.85","2.23","1.73","3.70","1.25","6.45","1.07","2.00","1.89"
"25229","11-08-19 21:00","Brazil","Serie A Betano","2019","Palmeiras","Bahia","1.39","4.32","9.80","1.07","6.65","1.42","2.73","2.33","1.67","4.00","1.22","7.00","1.06","2.75","1.50"
"25230","11-08-19 16:00","Brazil","Serie A Betano","2019","Internacional","Corinthians","1.92","3.22","4.64","1.12","5.60","1.64","2.39","2.70","1.43","5.00","1.13","8.90","1.03","2.63","1.54"
"25231","11-08-19 02:00","Brazil","Serie A Betano","2019","Atletico-MG","Fluminense","1.81","3.60","4.62","1.03","8.30","1.27","3.54","1.88","2.02","2.94","1.37","5.00","1.13","1.80","2.11"
"25232","11-08-19 00:00","Brazil","Serie A Betano","2019","Flamengo RJ","Gremio","1.62","3.70","6.25","1.06","6.90","1.39","2.85","2.23","1.73","3.70","1.25","6.55","1.07","2.17","1.76"
"25233","10-08-19 22:00","Brazil","Serie A Betano","2019","Ceara","Chapecoense-SC","1.67","3.90","5.25","1.06","7.10","1.44","2.66","2.39","1.64","4.30","1.20","7.40","1.05","2.29","1.69"
"25234","10-08-19 22:00","Brazil","Serie A Betano","2019","Sao Paulo","Santos","2.58","3.05","3.02","1.10","5.75","1.50","2.48","2.58","1.56","4.54","1.18","7.80","1.04","2.05","1.85"
"25235","08-08-19 00:15","Brazil","Serie A Betano","2019","Corinthians","Goias","1.55","3.88","6.75","1.07","6.50","1.43","2.70","2.34","1.66","4.00","1.22","7.00","1.06","2.50","1.59"
"25236","06-08-19 01:00","Brazil","Serie A Betano","2019","Gremio","Chapecoense-SC","1.26","5.40","11.50","1.03","8.40","1.33","3.14","2.05","1.85","3.46","1.28","6.05","1.09","2.78","1.47"
"25237","05-08-19 00:00","Brazil","Serie A Betano","2019","Atletico-MG","Cruzeiro","2.02","3.34","3.84","1.07","6.45","1.43","2.70","2.35","1.64","4.00","1.22","7.00","1.06","2.01","1.88"
"25238","05-08-19 00:00","Brazil","Serie A Betano","2019","Corinthians","Palmeiras","3.46","2.92","2.39","1.15","4.94","1.79","2.12","3.14","1.33","5.95","1.09","10.50","1.01","2.63","1.54"
"25239","05-08-19 00:00","Brazil","Serie A Betano","2019","Vasco","CSA","1.59","3.82","5.95","1.06","7.10","1.37","2.94","2.18","1.76","3.62","1.26","6.30","1.08","2.23","1.72"
"25240","04-08-19 21:00","Brazil","Serie A Betano","2019","Avai","Botafogo RJ","2.23","3.13","3.58","1.11","5.90","1.60","2.48","2.57","1.47","4.70","1.14","8.40","1.03","2.30","1.68"
"25241","04-08-19 21:00","Brazil","Serie A Betano","2019","Bahia","Flamengo RJ","2.90","3.18","2.54","1.08","6.30","1.44","2.66","2.39","1.64","4.10","1.21","7.20","1.06","1.97","1.91"
"25242","04-08-19 16:00","Brazil","Serie A Betano","2019","Santos","Goias","1.25","6.05","11.50","","","1.16","4.80","1.57","2.56","2.29","1.58","3.64","1.23","2.05","1.85"
"25243","04-08-19 00:00","Brazil","Serie A Betano","2019","Ceara","Fortaleza","2.26","3.14","3.50","1.10","5.65","1.50","2.40","2.70","1.52","4.84","1.16","8.30","1.03","2.16","1.77"
"25244","04-08-19 00:00","Brazil","Serie A Betano","2019","Fluminense","Internacional","2.01","3.34","3.96","1.07","6.45","1.41","2.77","2.31","1.68","3.90","1.23","6.75","1.06","2.06","1.84"
"25245","30-07-19 01:00","Brazil","Serie A Betano","2019","CSA","Gremio","5.75","3.48","1.65","1.09","5.85","1.53","2.40","2.67","1.51","4.80","1.16","8.30","1.03","2.46","1.61"
"25246","29-07-19 00:00","Brazil","Serie A Betano","2019","Fortaleza","Corinthians","2.51","2.94","3.24","1.14","5.20","1.68","2.24","2.90","1.37","5.45","1.10","9.60","1.02","2.30","1.68"
"25247","29-07-19 00:00","Brazil","Serie A Betano","2019","Goias","Atletico-MG","2.78","3.32","2.49","1.05","7.40","1.32","3.13","2.07","1.84","3.32","1.30","5.85","1.09","1.79","2.11"
"25248","28-07-19 21:00","Brazil","Serie A Betano","2019","Flamengo RJ","Botafogo RJ","1.39","4.70","8.30","1.04","8.00","1.29","3.40","1.94","1.95","3.10","1.34","5.25","1.12","2.29","1.69"
"25249","28-07-19 21:00","Brazil","Serie A Betano","2019","Santos","Avai","1.31","4.90","12.00","1.05","7.60","1.33","3.10","2.09","1.82","3.46","1.28","6.05","1.09","2.70","1.52"
"25250","28-07-19 16:00","Brazil","Serie A Betano","2019","Chapecoense-SC","Bahia","2.77","3.00","2.83","1.11","5.40","1.57","2.31","2.84","1.48","5.15","1.14","8.70","1.03","2.20","1.74"
"25251","28-07-19 00:00","Brazil","Serie A Betano","2019","Cruzeiro","Athletico-PR","3.44","3.20","2.25","1.09","5.95","1.49","2.51","2.51","1.58","4.50","1.18","7.70","1.05","2.00","1.89"
"25252","28-07-19 00:00","Brazil","Serie A Betano","2019","Fluminense","Sao Paulo","2.46","3.15","3.09","1.09","6.00","1.48","2.54","2.53","1.58","4.44","1.18","7.70","1.05","2.05","1.85"
"25253","28-07-19 00:00","Brazil","Serie A Betano","2019","Internacional","Ceara","1.92","3.30","4.44","1.08","6.35","1.46","2.60","2.46","1.61","4.34","1.19","7.60","1.05","2.05","1.85"
"25254","27-07-19 22:00","Brazil","Serie A Betano","2019","Palmeiras","Vasco","1.48","4.14","6.55","1.06","7.20","1.36","2.99","2.12","1.80","3.46","1.28","6.05","1.09","2.20","1.74"
"25255","23-07-19 01:00","Brazil","Serie A Betano","2019","Sao Paulo","Chapecoense-SC","1.45","4.04","7.40","1.03","8.30","1.35","2.94","2.30","1.68","4.10","1.21","7.50","1.05","2.34","1.66"
"25256","22-07-19 00:00","Brazil","Serie A Betano","2019","Avai","Goias","2.07","3.13","4.10","1.10","5.65","1.48","2.54","2.48","1.59","4.30","1.19","7.50","1.05","2.06","1.84"
"25257","21-07-19 21:00","Brazil","Serie A Betano","2019","Atletico-MG","Fortaleza","1.56","4.14","6.05","1.04","7.80","1.31","3.26","1.96","1.93","3.14","1.33","5.40","1.11","2.00","1.89"
"25258","21-07-19 21:00","Brazil","Serie A Betano","2019","Corinthians","Flamengo RJ","2.98","2.45","2.66","1.12","5.65","1.60","2.46","2.63","1.45","4.80","1.14","8.60","1.03","2.20","1.74"
"25259","21-07-19 16:00","Brazil","Serie A Betano","2019","Botafogo RJ","Santos","3.38","3.14","2.31","1.09","6.05","1.45","2.65","2.41","1.63","4.10","1.21","7.20","1.06","2.00","1.89"
"25260","21-07-19 00:00","Brazil","Serie A Betano","2019","Ceara","Palmeiras","5.05","3.24","1.82","1.10","5.80","1.52","2.43","2.64","1.54","4.70","1.17","8.10","1.04","2.26","1.70"
"25261","21-07-19 00:00","Brazil","Serie A Betano","2019","CSA","Athletico-PR","3.36","3.28","2.24","1.07","6.45","1.41","2.77","2.31","1.68","3.90","1.23","6.75","1.06","1.95","1.94"
"25262","21-07-19 00:00","Brazil","Serie A Betano","2019","Internacional","Gremio","2.22","3.08","3.68","1.08","6.40","1.51","2.45","2.77","1.50","5.25","1.14","9.20","1.02","2.25","1.71"
"25263","20-07-19 22:00","Brazil","Serie A Betano","2019","Bahia","Cruzeiro","1.71","3.52","5.40","1.09","5.95","1.49","2.51","2.56","1.57","4.54","1.18","7.80","1.04","2.39","1.64"
"25264","20-07-19 16:00","Brazil","Serie A Betano","2019","Vasco","Fluminense","2.32","3.30","3.19","1.06","6.80","1.39","2.85","2.23","1.73","3.70","1.25","6.50","1.07","1.81","2.10"
"25265","16-07-19 01:00","Brazil","Serie A Betano","2019","Fluminense","Ceara","1.64","3.58","5.95","1.06","6.95","1.42","2.73","2.35","1.66","4.10","1.21","7.20","1.06","2.19","1.74"
"25266","15-07-19 00:00","Brazil","Serie A Betano","2019","Chapecoense-SC","Atletico-MG","2.47","3.13","3.08","1.09","6.60","1.46","2.88","2.25","1.60","3.84","1.21","7.00","1.06","1.99","1.89"
"25267","14-07-19 21:00","Brazil","Serie A Betano","2019","Athletico-PR","Internacional","1.68","3.60","5.75","1.08","6.30","1.41","2.73","2.34","1.66","3.90","1.23","6.80","1.06","2.22","1.73"
"25268","14-07-19 21:00","Brazil","Serie A Betano","2019","Corinthians","CSA","1.38","4.24","9.30","1.08","6.15","1.48","2.54","2.48","1.60","4.40","1.19","7.60","1.05","2.95","1.45"
"25269","14-07-19 21:00","Brazil","Serie A Betano","2019","Cruzeiro","Botafogo RJ","1.74","3.70","4.90","1.06","6.90","1.40","2.81","2.27","1.70","3.90","1.23","6.75","1.06","2.20","1.74"
"25270","14-07-19 16:00","Brazil","Serie A Betano","2019","Flamengo RJ","Goias","1.23","6.25","10.50","1.01","10.00","1.19","4.30","1.66","2.35","2.48","1.50","4.10","1.19","2.15","1.77"
"25271","14-07-19 00:00","Brazil","Serie A Betano","2019","Bahia","Santos","2.72","3.17","2.72","1.08","6.20","1.45","2.63","2.45","1.62","4.24","1.20","7.40","1.05","1.95","1.94"
"25272","14-07-19 00:00","Brazil","Serie A Betano","2019","Sao Paulo","Palmeiras","3.72","2.88","2.31","1.16","4.84","1.78","2.15","3.10","1.34","5.75","1.10","10.00","1.01","2.63","1.54"
"25273","13-07-19 22:00","Brazil","Serie A Betano","2019","Fortaleza","Avai","1.99","3.09","4.42","1.10","5.65","1.54","2.33","2.77","1.50","5.05","1.14","8.60","1.03","2.25","1.71"
"25274","13-07-19 22:00","Brazil","Serie A Betano","2019","Gremio","Vasco","1.59","3.84","6.10","1.06","7.10","1.40","2.81","2.26","1.71","3.80","1.24","6.75","1.06","2.17","1.76"
"25275","14-06-19 01:00","Brazil","Serie A Betano","2019","Atletico-MG","Sao Paulo","1.91","3.32","4.18","1.09","6.05","1.45","2.54","2.51","1.59","4.40","1.18","7.60","1.05","2.13","1.78"
"25276","14-06-19 01:00","Brazil","Serie A Betano","2019","Chapecoense-SC","Fluminense","2.73","3.08","2.81","1.10","5.75","1.52","2.43","2.64","1.54","4.70","1.17","8.10","1.04","2.05","1.85"
"25277","14-06-19 01:00","Brazil","Serie A Betano","2019","Goias","Athletico-PR","2.84","3.28","2.57","1.06","6.75","1.39","2.81","2.26","1.71","3.80","1.24","6.60","1.07","1.91","1.98"
"25278","14-06-19 01:00","Brazil","Serie A Betano","2019","Palmeiras","Avai","1.21","6.00","15.00","1.04","8.10","1.34","3.10","2.10","1.81","3.54","1.27","6.20","1.08","3.00","1.44"
"25279","14-06-19 00:15","Brazil","Serie A Betano","2019","Vasco","Ceara","2.29","3.17","3.34","1.09","5.95","1.49","2.51","2.55","1.57","4.50","1.18","7.70","1.05","2.05","1.85"
"25280","13-06-19 02:30","Brazil","Serie A Betano","2019","CSA","Flamengo RJ","11.50","5.80","1.27","1.03","8.90","1.24","3.80","1.77","2.15","2.70","1.43","4.50","1.15","2.50","1.59"
"25281","13-06-19 02:30","Brazil","Serie A Betano","2019","Internacional","Bahia","1.76","3.34","5.10","1.10","5.80","1.51","2.45","2.61","1.55","4.70","1.17","8.10","1.04","2.36","1.65"
"25282","13-06-19 02:30","Brazil","Serie A Betano","2019","Santos","Corinthians","1.71","3.44","5.60","1.08","6.20","1.46","2.60","2.46","1.61","4.30","1.18","7.50","1.05","2.38","1.64"
"25283","13-06-19 02:00","Brazil","Serie A Betano","2019","Fortaleza","Cruzeiro","3.13","3.04","2.51","1.11","5.40","1.57","2.31","2.84","1.48","5.15","1.14","8.70","1.03","2.22","1.72"
"25284","13-06-19 00:15","Brazil","Serie A Betano","2019","Botafogo RJ","Gremio","2.96","3.06","2.55","1.09","5.85","1.51","2.45","2.58","1.55","4.60","1.17","7.90","1.04","2.10","1.81"
"25285","11-06-19 01:00","Brazil","Serie A Betano","2019","Goias","Chapecoense-SC","1.90","3.34","4.36","1.08","6.10","1.46","2.57","2.48","1.60","4.34","1.19","7.50","1.05","2.15","1.77"
"25286","10-06-19 00:00","Brazil","Serie A Betano","2019","CSA","Botafogo RJ","2.92","3.04","2.67","1.10","5.45","1.56","2.33","2.80","1.49","5.00","1.15","8.60","1.03","2.20","1.74"
"25287","10-06-19 00:00","Brazil","Serie A Betano","2019","Fluminense","Flamengo RJ","4.44","3.64","1.80","1.05","7.40","1.33","3.13","2.07","1.84","3.40","1.29","5.85","1.09","1.94","1.93"
"25288","10-06-19 00:00","Brazil","Serie A Betano","2019","Santos","Atletico-MG","1.80","3.84","4.32","1.05","7.40","1.34","3.10","2.07","1.83","3.40","1.29","5.85","1.09","1.95","1.94"
"25289","09-06-19 02:00","Brazil","Serie A Betano","2019","Avai","Sao Paulo","2.91","2.93","2.75","1.14","5.30","1.70","2.28","2.85","1.39","5.35","1.11","9.50","1.02","2.38","1.64"
"25290","09-06-19 00:30","Brazil","Serie A Betano","2019","Ceara","Bahia","2.59","2.94","3.13","1.06","6.45","1.55","2.36","2.98","1.45","5.90","1.11","10.50","1.01","2.22","1.73"
"25291","09-06-19 00:00","Brazil","Serie A Betano","2019","Cruzeiro","Corinthians","1.97","3.30","4.20","1.12","5.20","1.63","2.19","3.04","1.43","5.60","1.12","9.40","1.02","2.47","1.60"
"25292","09-06-19 00:00","Brazil","Serie A Betano","2019","Gremio","Fortaleza","1.50","4.10","7.30","1.07","6.65","1.41","2.77","2.29","1.69","3.90","1.23","6.75","1.06","2.40","1.63"
"25293","08-06-19 21:30","Brazil","Serie A Betano","2019","Palmeiras","Athletico-PR","1.53","3.74","7.00","1.06","7.10","1.38","2.90","2.19","1.75","3.70","1.25","6.45","1.07","2.20","1.74"
"25294","08-06-19 01:30","Brazil","Serie A Betano","2019","Vasco","Internacional","3.05","3.08","2.52","1.10","5.75","1.50","2.48","2.58","1.56","4.54","1.18","7.90","1.04","2.04","1.85"
"25295","03-06-19 00:00","Brazil","Serie A Betano","2019","Atletico-MG","CSA","1.42","4.20","7.80","1.05","7.50","1.36","2.99","2.12","1.79","3.54","1.27","6.25","1.08","2.28","1.69"
"25296","03-06-19 00:00","Brazil","Serie A Betano","2019","Chapecoense-SC","Palmeiras","5.90","3.54","1.65","1.10","5.75","1.52","2.43","2.67","1.53","4.74","1.17","8.10","1.04","2.50","1.59"
"25297","03-06-19 00:00","Brazil","Serie A Betano","2019","Internacional","Avai","1.41","4.14","8.60","1.06","6.90","1.39","2.85","2.24","1.72","3.80","1.24","6.65","1.07","2.50","1.59"
"25298","02-06-19 21:00","Brazil","Serie A Betano","2019","Athletico-PR","Fluminense","1.68","3.78","5.35","1.04","7.90","1.30","3.32","1.96","1.93","3.14","1.33","5.40","1.11","1.95","1.94"
"25299","02-06-19 21:00","Brazil","Serie A Betano","2019","Ceara","Santos","2.69","3.28","2.70","1.06","6.75","1.39","2.85","2.24","1.72","3.70","1.25","6.55","1.07","1.95","1.94"
"25300","02-06-19 21:00","Brazil","Serie A Betano","2019","Sao Paulo","Cruzeiro","2.31","3.02","3.52","1.12","5.60","1.62","2.45","2.65","1.45","4.80","1.14","8.60","1.03","2.26","1.70"
"25301","02-06-19 16:00","Brazil","Serie A Betano","2019","Botafogo RJ","Vasco","2.25","3.28","3.36","1.07","6.45","1.43","2.70","2.34","1.66","4.00","1.22","7.00","1.06","1.95","1.94"
"25302","02-06-19 00:00","Brazil","Serie A Betano","2019","Bahia","Gremio","2.43","3.02","3.30","1.13","5.60","1.64","2.39","2.70","1.43","5.00","1.13","8.90","1.03","2.29","1.69"
"25303","01-06-19 21:00","Brazil","Serie A Betano","2019","Flamengo RJ","Fortaleza","1.46","4.18","7.70","1.04","8.00","1.30","3.32","1.95","1.92","3.14","1.33","5.45","1.10","2.11","1.80"
"25304","28-05-19 01:00","Brazil","Serie A Betano","2019","Avai","Ceara","2.55","2.91","3.22","1.13","5.60","1.57","2.56","2.51","1.49","4.44","1.16","8.00","1.04","2.16","1.77"
"25305","28-05-19 01:00","Brazil","Serie A Betano","2019","CSA","Goias","2.75","2.85","2.98","1.11","5.30","1.50","2.48","2.58","1.56","4.44","1.18","7.70","1.05","2.04","1.85"
"25306","27-05-19 00:00","Brazil","Serie A Betano","2019","Bahia","Fluminense","1.95","3.44","4.06","1.06","6.70","1.40","2.81","2.27","1.70","3.80","1.24","6.70","1.06","2.00","1.89"
"25307","27-05-19 00:00","Brazil","Serie A Betano","2019","Corinthians","Sao Paulo","2.38","2.89","3.58","1.15","4.90","1.79","2.13","3.10","1.34","5.85","1.09","10.00","1.01","2.63","1.54"
"25308","27-05-19 00:00","Brazil","Serie A Betano","2019","Cruzeiro","Chapecoense-SC","1.38","4.30","10.50","1.06","7.20","1.41","2.77","2.29","1.69","4.00","1.22","7.00","1.06","2.67","1.53"
"25309","27-05-19 00:00","Brazil","Serie A Betano","2019","Fortaleza","Vasco","1.92","3.32","4.44","1.06","6.95","1.41","2.77","2.27","1.69","3.90","1.23","6.85","1.06","2.00","1.89"
"25310","26-05-19 21:00","Brazil","Serie A Betano","2019","Flamengo RJ","Athletico-PR","1.44","4.32","7.60","1.05","7.30","1.35","3.04","2.09","1.81","3.46","1.28","5.95","1.09","2.37","1.65"
"25311","26-05-19 21:00","Brazil","Serie A Betano","2019","Santos","Internacional","1.90","3.58","4.14","1.06","7.20","1.35","3.04","2.12","1.80","3.46","1.28","6.05","1.09","1.95","1.94"
"25312","26-05-19 00:00","Brazil","Serie A Betano","2019","Gremio","Atletico-MG","1.69","3.84","5.15","1.06","7.10","1.38","2.90","2.21","1.74","3.70","1.25","6.55","1.07","2.10","1.81"
"25313","25-05-19 21:00","Brazil","Serie A Betano","2019","Botafogo RJ","Palmeiras","8.10","4.30","1.44","1.06","6.75","1.40","2.81","2.24","1.72","3.80","1.24","6.55","1.07","2.50","1.59"
"25314","20-05-19 00:00","Brazil","Serie A Betano","2019","Ceara","Gremio","2.95","3.08","2.61","1.10","6.05","1.56","2.58","2.48","1.50","4.50","1.16","8.10","1.04","2.16","1.77"
"25315","20-05-19 00:00","Brazil","Serie A Betano","2019","Vasco","Avai","1.73","3.62","5.10","1.07","6.55","1.42","2.73","2.31","1.68","3.90","1.23","6.85","1.06","2.16","1.77"
"25316","19-05-19 21:00","Brazil","Serie A Betano","2019","Athletico-PR","Corinthians","2.42","2.93","3.42","1.13","5.50","1.60","2.48","2.60","1.46","4.60","1.15","8.30","1.03","2.21","1.73"
"25317","19-05-19 21:00","Brazil","Serie A Betano","2019","Chapecoense-SC","Fortaleza","2.32","3.13","3.38","1.11","5.95","1.59","2.51","2.57","1.47","4.64","1.15","8.30","1.03","2.23","1.72"
"25318","19-05-19 21:00","Brazil","Serie A Betano","2019","Goias","Botafogo RJ","2.21","3.24","3.50","1.08","6.15","1.47","2.57","2.48","1.60","4.32","1.19","7.50","1.05","2.02","1.87"
"25319","19-05-19 21:00","Brazil","Serie A Betano","2019","Internacional","CSA","1.25","5.65","14.50","1.04","8.10","1.31","3.26","1.99","1.91","3.20","1.32","5.60","1.10","2.91","1.46"
"25320","19-05-19 16:00","Brazil","Serie A Betano","2019","Sao Paulo","Bahia","1.80","3.28","5.20","1.08","6.20","1.46","2.60","2.46","1.61","4.30","1.19","7.50","1.05","2.19","1.74"
"25321","19-05-19 00:00","Brazil","Serie A Betano","2019","Atletico-MG","Flamengo RJ","2.85","3.26","2.57","1.06","6.75","1.38","2.90","2.21","1.74","3.62","1.26","6.35","1.08","1.83","2.07"
"25322","19-05-19 00:00","Brazil","Serie A Betano","2019","Palmeiras","Santos","1.71","3.64","5.25","1.07","6.50","1.42","2.73","2.34","1.66","4.00","1.22","6.95","1.06","2.15","1.77"
"25323","18-05-19 23:00","Brazil","Serie A Betano","2019","Fluminense","Cruzeiro","2.59","3.10","2.95","1.10","6.15","1.55","2.61","2.48","1.50","4.44","1.16","8.00","1.04","2.10","1.81"
"25324","13-05-19 00:00","Brazil","Serie A Betano","2019","Athletico-PR","Bahia","1.87","3.44","4.46","1.08","6.35","1.44","2.66","2.38","1.65","4.00","1.22","7.10","1.06","2.10","1.81"
"25325","13-05-19 00:00","Brazil","Serie A Betano","2019","Avai","CSA","1.72","3.54","5.30","1.08","6.10","1.47","2.57","2.51","1.59","4.40","1.19","7.60","1.05","2.30","1.68"
"25326","13-05-19 00:00","Brazil","Serie A Betano","2019","Fortaleza","Sao Paulo","2.86","3.14","2.65","1.09","6.05","1.48","2.54","2.51","1.58","4.40","1.18","7.60","1.05","2.00","1.89"
"25327","12-05-19 21:00","Brazil","Serie A Betano","2019","Atletico-MG","Palmeiras","3.14","3.18","2.42","1.08","6.15","1.47","2.57","2.48","1.60","4.32","1.19","7.50","1.05","2.00","1.89"
"25328","12-05-19 21:00","Brazil","Serie A Betano","2019","Internacional","Cruzeiro","2.01","3.24","4.16","1.10","6.15","1.56","2.58","2.48","1.50","4.44","1.16","8.10","1.04","2.15","1.77"
"25329","12-05-19 21:00","Brazil","Serie A Betano","2019","Santos","Vasco","1.44","4.70","7.20","1.03","8.90","1.23","3.90","1.76","2.18","2.66","1.44","4.44","1.16","1.91","1.98"
"25330","12-05-19 16:00","Brazil","Serie A Betano","2019","Flamengo RJ","Chapecoense-SC","1.45","4.34","7.90","1.05","7.30","1.35","3.04","2.10","1.81","3.46","1.28","6.00","1.09","2.32","1.67"
"25331","12-05-19 02:00","Brazil","Serie A Betano","2019","Goias","Ceara","2.11","3.24","3.78","1.09","5.90","1.49","2.51","2.56","1.57","4.50","1.18","7.80","1.04","2.18","1.75"
"25332","12-05-19 00:00","Brazil","Serie A Betano","2019","Corinthians","Gremio","2.88","3.04","2.70","1.11","5.80","1.61","2.46","2.60","1.46","4.74","1.14","8.60","1.03","2.20","1.74"
"25333","11-05-19 21:00","Brazil","Serie A Betano","2019","Fluminense","Botafogo RJ","2.01","3.24","4.16","1.06","6.80","1.42","2.73","2.31","1.68","4.00","1.22","6.95","1.06","2.02","1.87"
"25334","06-05-19 00:00","Brazil","Serie A Betano","2019","Bahia","Avai","1.65","3.72","5.70","1.07","6.45","1.43","2.70","2.35","1.66","4.00","1.22","7.00","1.06","2.30","1.68"
"25335","06-05-19 00:00","Brazil","Serie A Betano","2019","Gremio","Fluminense","1.59","3.84","6.35","1.07","6.45","1.43","2.70","2.38","1.65","4.00","1.22","7.00","1.06","2.38","1.64"
"25336","05-05-19 21:00","Brazil","Serie A Betano","2019","Botafogo RJ","Fortaleza","1.81","3.64","4.58","1.06","7.10","1.37","2.97","2.16","1.77","3.54","1.27","6.20","1.08","2.01","1.88"
"25337","05-05-19 21:00","Brazil","Serie A Betano","2019","Cruzeiro","Goias","1.42","4.32","8.60","1.06","6.80","1.40","2.81","2.24","1.72","3.80","1.24","6.55","1.07","2.63","1.54"
"25338","05-05-19 21:00","Brazil","Serie A Betano","2019","CSA","Santos","4.44","3.42","1.89","1.08","6.30","1.45","2.65","2.41","1.63","4.10","1.21","7.20","1.06","2.20","1.74"
"25339","05-05-19 21:00","Brazil","Serie A Betano","2019","Sao Paulo","Flamengo RJ","2.03","3.40","3.84","1.07","6.65","1.41","2.77","2.27","1.70","3.80","1.24","6.75","1.06","1.95","1.94"
"25340","05-05-19 16:00","Brazil","Serie A Betano","2019","Chapecoense-SC","Athletico-PR","2.58","3.03","3.00","1.11","5.90","1.59","2.51","2.57","1.47","4.64","1.14","8.40","1.03","2.09","1.82"
"25341","05-05-19 02:00","Brazil","Serie A Betano","2019","Ceara","Atletico-MG","2.39","3.22","3.14","1.07","6.45","1.42","2.73","2.34","1.66","4.00","1.22","6.95","1.06","1.95","1.94"
"25342","05-05-19 00:00","Brazil","Serie A Betano","2019","Palmeiras","Internacional","1.66","3.64","5.90","1.07","6.50","1.43","2.70","2.35","1.66","4.00","1.22","7.00","1.06","2.27","1.70"
"25343","05-05-19 00:00","Brazil","Serie A Betano","2019","Vasco","Corinthians","3.13","3.13","2.47","1.10","6.10","1.56","2.58","2.48","1.50","4.50","1.16","8.10","1.04","2.10","1.81"
"25344","03-05-19 01:00","Brazil","Serie A Betano","2019","Botafogo RJ","Bahia","2.34","3.13","3.34","1.11","5.95","1.58","2.53","2.54","1.48","4.60","1.15","8.30","1.03","2.22","1.73"
"25345","03-05-19 00:15","Brazil","Serie A Betano","2019","Santos","Fluminense","1.64","3.82","5.35","1.06","7.10","1.37","2.97","2.16","1.77","3.54","1.27","6.20","1.08","2.10","1.81"
"25346","02-05-19 02:30","Brazil","Serie A Betano","2019","Fortaleza","Athletico-PR","3.50","3.08","2.29","1.09","5.95","1.44","2.66","2.38","1.65","4.00","1.22","6.95","1.06","1.96","1.93"
"25347","02-05-19 02:30","Brazil","Serie A Betano","2019","Goias","Sao Paulo","3.01","3.09","2.55","1.10","6.10","1.57","2.56","2.51","1.49","4.50","1.16","8.10","1.04","2.20","1.74"
"25348","02-05-19 02:30","Brazil","Serie A Betano","2019","Vasco","Atletico-MG","3.08","3.36","2.36","1.06","7.20","1.35","3.04","2.12","1.80","3.46","1.28","6.05","1.09","1.80","2.11"
"25349","02-05-19 00:15","Brazil","Serie A Betano","2019","Avai","Gremio","3.72","3.18","2.16","1.10","6.10","1.56","2.56","2.51","1.49","4.50","1.16","8.10","1.04","2.20","1.74"
"25350","02-05-19 00:15","Brazil","Serie A Betano","2019","Cruzeiro","Ceara","1.48","4.20","6.80","1.06","6.80","1.39","2.85","2.23","1.73","3.70","1.25","6.45","1.07","2.30","1.68"
"25351","01-05-19 21:00","Brazil","Serie A Betano","2019","Corinthians","Chapecoense-SC","1.66","3.54","5.85","1.10","6.20","1.56","2.58","2.48","1.50","4.44","1.16","8.00","1.04","2.50","1.59"
"25352","01-05-19 21:00","Brazil","Serie A Betano","2019","CSA","Palmeiras","6.80","3.92","1.51","1.08","6.30","1.45","2.65","2.41","1.63","4.10","1.21","7.20","1.06","2.50","1.59"
"25353","01-05-19 21:00","Brazil","Serie A Betano","2019","Internacional","Flamengo RJ","2.41","3.22","3.12","1.08","6.30","1.44","2.66","2.39","1.64","4.10","1.21","7.20","1.06","1.97","1.91"
"25354","29-04-19 00:00","Brazil","Serie A Betano","2019","Fluminense","Goias","1.77","3.60","4.76","1.02","9.30","1.33","3.15","2.28","1.70","3.98","1.22","7.50","1.04","2.05","1.85"
"25355","29-04-19 00:00","Brazil","Serie A Betano","2019","Palmeiras","Fortaleza","1.38","4.54","9.30","1.06","10.00","1.24","3.80","1.96","1.93","3.15","1.33","5.85","1.09","2.20","1.74"
"25356","28-04-19 21:00","Brazil","Serie A Betano","2019","Athletico-PR","Vasco","1.48","4.04","7.80","1.02","9.40","1.32","3.20","2.24","1.72","3.90","1.23","7.40","1.05","2.38","1.64"
"25357","28-04-19 21:00","Brazil","Serie A Betano","2019","Bahia","Corinthians","2.24","3.13","3.56","1.05","7.00","1.47","2.57","2.80","1.49","5.30","1.14","10.00","1.01","2.20","1.74"
"25358","28-04-19 21:00","Brazil","Serie A Betano","2019","Ceara","CSA","1.87","3.40","4.58","1.03","8.10","1.38","2.90","2.48","1.60","4.44","1.18","8.50","1.03","2.16","1.77"
"25359","28-04-19 16:00","Brazil","Serie A Betano","2019","Gremio","Santos","1.72","3.52","5.50","1.05","7.40","1.44","2.67","2.66","1.53","4.90","1.15","9.20","1.02","2.38","1.64"
"25360","28-04-19 02:00","Brazil","Serie A Betano","2019","Flamengo RJ","Cruzeiro","2.23","3.22","3.48","1.04","7.70","1.42","2.74","2.61","1.55","4.80","1.16","9.10","1.02","2.10","1.81"
"25361","28-04-19 00:00","Brazil","Serie A Betano","2019","Atletico-MG","Avai","1.56","4.04","6.30","1.01","10.00","1.31","3.26","2.21","1.74","3.90","1.23","7.30","1.05","2.15","1.77"
"25362","28-04-19 00:00","Brazil","Serie A Betano","2019","Chapecoense-SC","Internacional","2.92","3.00","2.70","1.06","6.45","1.53","2.40","3.04","1.43","5.95","1.11","10.50","1.03","2.25","1.71"
"25363","27-04-19 21:00","Brazil","Serie A Betano","2019","Sao Paulo","Botafogo RJ","1.79","3.38","5.20","1.03","8.00","1.37","2.94","2.44","1.62","4.30","1.20","8.10","1.03","2.17","1.76"
"25364","02-12-18 20:00","Brazil","Serie A Betano","2018","Bahia","Cruzeiro","1.93","3.40","4.28","1.02","9.50","1.34","3.10","2.18","1.76","3.80","1.24","7.10","1.05","1.95","1.91"
"25365","02-12-18 20:00","Brazil","Serie A Betano","2018","Ceara","Vasco","2.40","2.91","3.50","1.05","7.30","1.44","2.67","2.57","1.57","4.70","1.17","9.00","1.02","2.07","1.83"
"25366","02-12-18 20:00","Brazil","Serie A Betano","2018","Chapecoense-SC","Sao Paulo","2.31","3.18","3.34","1.04","7.80","1.45","2.63","2.56","1.57","4.84","1.16","9.10","1.02","2.10","1.80"
"25367","02-12-18 20:00","Brazil","Serie A Betano","2018","Fluminense","America MG","2.16","3.24","3.64","1.03","8.00","1.45","2.63","2.53","1.58","4.80","1.16","9.00","1.02","2.10","1.80"
"25368","02-12-18 20:00","Brazil","Serie A Betano","2018","Gremio","Corinthians","1.33","5.10","10.50","1.01","10.00","1.36","2.99","2.23","1.73","4.00","1.22","7.40","1.05","2.85","1.47"
"25369","02-12-18 20:00","Brazil","Serie A Betano","2018","Palmeiras","Vitoria","1.19","7.50","14.00","1.03","15.00","1.14","5.20","1.53","2.67","2.27","1.59","3.84","1.20","2.46","1.60"
"25370","02-12-18 20:00","Brazil","Serie A Betano","2018","Parana","Internacional","4.96","3.38","1.82","1.03","8.70","1.37","2.98","2.28","1.70","4.00","1.22","7.60","1.04","2.02","1.85"
"25371","02-12-18 20:00","Brazil","Serie A Betano","2018","Sport Recife","Santos","1.60","3.84","5.70","1.01","9.80","1.34","3.10","2.23","1.73","4.00","1.22","7.60","1.04","2.20","1.72"
"25372","01-12-18 22:00","Brazil","Serie A Betano","2018","Atletico-MG","Botafogo RJ","1.33","5.45","9.00","1.04","14.00","1.26","3.62","1.91","1.99","3.13","1.33","5.60","1.10","2.30","1.62"
"25373","01-12-18 22:00","Brazil","Serie A Betano","2018","Flamengo RJ","Athletico-PR","1.46","4.70","6.85","1.04","13.50","1.23","3.90","1.87","2.03","3.04","1.35","5.50","1.10","2.05","1.84"
"25374","26-11-18 23:00","Brazil","Serie A Betano","2018","Botafogo RJ","Parana","1.30","5.25","10.50","1.02","12.50","1.27","3.54","1.94","1.95","3.20","1.32","5.80","1.09","2.67","1.53"
"25375","26-11-18 23:00","Brazil","Serie A Betano","2018","Sao Paulo","Sport Recife","1.41","4.50","8.70","1.05","11.00","1.29","3.40","2.00","1.90","3.40","1.29","6.20","1.08","2.26","1.70"
"25376","25-11-18 22:00","Brazil","Serie A Betano","2018","America MG","Bahia","2.00","3.13","4.40","1.06","6.70","1.53","2.40","2.84","1.48","5.55","1.13","10.00","1.01","2.31","1.67"
"25377","25-11-18 22:00","Brazil","Serie A Betano","2018","Corinthians","Chapecoense-SC","2.06","2.96","4.46","1.10","6.20","1.62","2.45","2.82","1.40","5.40","1.10","8.50","1.02","2.45","1.61"
"25378","25-11-18 22:00","Brazil","Serie A Betano","2018","Internacional","Fluminense","1.45","4.34","7.90","1.02","10.50","1.31","3.26","2.05","1.85","3.54","1.27","6.55","1.06","2.29","1.68"
"25379","25-11-18 20:00","Brazil","Serie A Betano","2018","Athletico-PR","Ceara","1.82","3.22","4.64","1.03","8.20","1.39","2.86","2.35","1.60","4.24","1.20","8.00","1.03","2.02","1.87"
"25380","25-11-18 20:00","Brazil","Serie A Betano","2018","Cruzeiro","Flamengo RJ","2.78","2.81","3.02","1.05","7.20","1.43","2.70","2.56","1.57","4.64","1.17","9.00","1.02","2.05","1.85"
"25381","25-11-18 20:00","Brazil","Serie A Betano","2018","Vasco","Palmeiras","3.96","3.13","2.11","1.03","8.40","1.37","2.94","2.31","1.68","4.10","1.21","7.70","1.04","1.99","1.89"
"25382","25-11-18 20:00","Brazil","Serie A Betano","2018","Vitoria","Gremio","4.20","3.66","1.87","1.01","10.00","1.35","3.04","2.18","1.76","3.90","1.23","7.20","1.05","2.00","1.85"
"25383","24-11-18 23:00","Brazil","Serie A Betano","2018","Santos","Atletico-MG","2.49","3.05","3.16","1.03","8.70","1.36","2.99","2.28","1.70","4.00","1.22","7.60","1.04","1.91","1.95"
"25384","23-11-18 00:00","Brazil","Serie A Betano","2018","Bahia","Fluminense","1.62","3.62","6.50","1.03","8.10","1.40","2.78","2.45","1.62","4.54","1.18","8.60","1.03","2.37","1.64"
"25385","23-11-18 00:00","Brazil","Serie A Betano","2018","Ceara","Parana","1.29","5.25","10.50","1.03","10.50","1.28","3.40","2.10","1.81","3.54","1.27","6.50","1.06","2.64","1.54"
"25386","23-11-18 00:00","Brazil","Serie A Betano","2018","Chapecoense-SC","Sport Recife","1.87","3.15","5.10","1.05","7.10","1.43","2.65","2.61","1.55","4.84","1.16","9.10","1.02","2.37","1.65"
"25387","22-11-18 23:00","Brazil","Serie A Betano","2018","Vasco","Sao Paulo","2.58","2.98","3.06","1.03","8.20","1.35","3.04","2.40","1.64","4.10","1.21","8.00","1.03","1.90","1.89"
"25388","22-11-18 00:45","Brazil","Serie A Betano","2018","Athletico-PR","Corinthians","1.46","4.30","7.50","1.02","9.40","1.38","2.90","2.34","1.66","4.40","1.19","8.20","1.03","2.45","1.61"
"25389","22-11-18 00:45","Brazil","Serie A Betano","2018","Cruzeiro","Vitoria","1.63","4.00","5.45","1.02","9.10","1.41","2.78","2.38","1.65","4.44","1.18","8.30","1.03","2.25","1.70"
"25390","22-11-18 00:45","Brazil","Serie A Betano","2018","Flamengo RJ","Gremio","2.15","3.02","3.94","1.05","7.00","1.45","2.54","2.74","1.51","5.25","1.14","9.90","1.01","2.16","1.77"
"25391","22-11-18 00:45","Brazil","Serie A Betano","2018","Palmeiras","America MG","1.26","5.40","13.50","1.07","11.00","1.28","3.46","1.99","1.91","3.40","1.29","6.20","1.08","2.71","1.51"
"25392","22-11-18 00:00","Brazil","Serie A Betano","2018","Santos","Botafogo RJ","1.91","3.24","4.66","1.03","8.10","1.39","2.86","2.40","1.64","4.32","1.19","8.20","1.03","2.10","1.80"
"25393","21-11-18 22:30","Brazil","Serie A Betano","2018","Internacional","Atletico-MG","1.74","3.60","4.90","1.02","9.10","1.32","3.19","2.33","1.67","4.00","1.22","7.70","1.04","2.03","1.86"
"25394","19-11-18 23:00","Brazil","Serie A Betano","2018","Fluminense","Ceara","1.94","3.14","4.60","1.05","7.30","1.44","2.63","2.59","1.56","4.80","1.16","9.10","1.02","2.19","1.74"
"25395","18-11-18 22:00","Brazil","Serie A Betano","2018","Gremio","Chapecoense-SC","1.47","4.10","8.30","1.02","9.30","1.35","3.04","2.21","1.74","3.90","1.23","7.30","1.05","2.36","1.65"
"25396","18-11-18 22:00","Brazil","Serie A Betano","2018","Sao Paulo","Cruzeiro","1.96","3.00","4.92","1.06","6.50","1.50","2.48","2.78","1.50","5.20","1.14","9.80","1.01","2.33","1.65"
"25397","18-11-18 20:00","Brazil","Serie A Betano","2018","America MG","Santos","3.40","3.05","2.36","1.05","7.00","1.50","2.48","2.75","1.51","5.30","1.14","9.90","1.01","2.23","1.72"
"25398","18-11-18 20:00","Brazil","Serie A Betano","2018","Botafogo RJ","Internacional","3.02","2.88","2.72","1.05","7.40","1.42","2.74","2.51","1.59","4.54","1.18","8.70","1.02","2.10","1.80"
"25399","18-11-18 20:00","Brazil","Serie A Betano","2018","Parana","Palmeiras","18.00","8.60","1.14","","","1.24","3.80","1.83","2.08","3.04","1.35","5.40","1.10","3.44","1.35"
"25400","18-11-18 20:00","Brazil","Serie A Betano","2018","Sport Recife","Flamengo RJ","3.40","3.26","2.24","1.02","9.00","1.37","2.94","2.29","1.69","4.10","1.21","7.80","1.04","1.98","1.90"
"25401","18-11-18 00:00","Brazil","Serie A Betano","2018","Atletico-MG","Bahia","1.73","3.58","5.30","1.02","9.20","1.37","2.98","2.26","1.71","4.00","1.22","7.60","1.04","2.10","1.80"
"25402","17-11-18 22:00","Brazil","Serie A Betano","2018","Corinthians","Vasco","1.76","3.46","5.20","1.05","7.30","1.49","2.51","2.67","1.53","5.10","1.14","9.50","1.01","2.41","1.63"
"25403","17-11-18 22:00","Brazil","Serie A Betano","2018","Vitoria","Athletico-PR","2.74","3.32","2.63","1.01","10.00","1.33","3.13","2.12","1.76","3.80","1.24","7.00","1.05","1.85","2.00"
"25404","16-11-18 00:00","Brazil","Serie A Betano","2018","Internacional","America MG","1.35","4.50","9.50","1.01","11.50","1.26","3.62","1.94","1.95","3.26","1.31","5.95","1.08","2.31","1.66"
"25405","15-11-18 22:00","Brazil","Serie A Betano","2018","Sao Paulo","Gremio","2.86","2.83","2.91","1.05","7.10","1.44","2.67","2.64","1.54","4.90","1.15","9.40","1.02","2.10","1.78"
"25406","15-11-18 20:00","Brazil","Serie A Betano","2018","Chapecoense-SC","Botafogo RJ","2.14","3.00","4.06","1.06","6.80","1.43","2.70","2.77","1.50","5.00","1.15","9.60","1.01","2.20","1.73"
"25407","15-11-18 20:00","Brazil","Serie A Betano","2018","Flamengo RJ","Santos","1.73","3.60","5.15","1.02","9.50","1.34","3.10","2.25","1.72","4.00","1.22","7.60","1.04","2.14","1.78"
"25408","15-11-18 00:45","Brazil","Serie A Betano","2018","Cruzeiro","Corinthians","2.08","3.00","4.30","1.06","6.65","1.51","2.46","2.84","1.48","5.50","1.13","10.00","1.01","2.26","1.70"
"25409","15-11-18 00:45","Brazil","Serie A Betano","2018","Palmeiras","Fluminense","1.38","4.74","9.30","","","1.32","3.20","2.11","1.81","3.72","1.25","6.75","1.06","2.54","1.57"
"25410","15-11-18 00:45","Brazil","Serie A Betano","2018","Sport Recife","Vitoria","2.01","3.36","3.94","1.01","9.80","1.32","3.20","2.15","1.78","3.72","1.25","7.00","1.05","1.94","1.94"
"25411","15-11-18 00:00","Brazil","Serie A Betano","2018","Bahia","Ceara","1.82","3.22","5.35","1.06","6.75","1.50","2.48","2.77","1.50","5.30","1.14","9.90","1.01","2.42","1.62"
"25412","15-11-18 00:00","Brazil","Serie A Betano","2018","Parana","Atletico-MG","6.70","3.98","1.54","1.01","9.80","1.31","3.26","2.21","1.74","3.80","1.24","7.20","1.05","2.29","1.63"
"25413","14-11-18 22:30","Brazil","Serie A Betano","2018","Vasco","Athletico-PR","3.06","2.98","2.59","1.03","8.20","1.35","3.04","2.39","1.64","4.10","1.21","8.00","1.03","1.95","1.92"
"25414","12-11-18 23:00","Brazil","Serie A Betano","2018","Santos","Chapecoense-SC","1.60","3.64","6.30","1.03","8.60","1.38","2.90","2.38","1.65","4.34","1.19","8.30","1.03","2.36","1.65"
"25415","11-11-18 22:00","Brazil","Serie A Betano","2018","Fluminense","Sport Recife","1.93","3.42","4.24","1.02","9.30","1.35","3.04","2.21","1.74","3.90","1.23","7.30","1.05","1.99","1.89"
"25416","11-11-18 20:00","Brazil","Serie A Betano","2018","Atletico-MG","Palmeiras","2.62","3.18","2.86","1.02","8.80","1.38","2.90","2.32","1.68","4.24","1.20","7.90","1.03","1.99","1.89"
"25417","11-11-18 20:00","Brazil","Serie A Betano","2018","Ceara","Internacional","2.82","2.94","2.84","1.05","7.10","1.47","2.57","2.66","1.53","5.00","1.15","9.50","1.02","2.10","1.76"
"25418","11-11-18 20:00","Brazil","Serie A Betano","2018","Gremio","Vasco","1.40","4.60","8.70","1.05","10.50","1.32","3.20","2.08","1.83","3.62","1.26","6.65","1.06","2.40","1.62"
"25419","11-11-18 20:00","Brazil","Serie A Betano","2018","Vitoria","Bahia","2.78","3.05","2.78","1.04","7.50","1.46","2.60","2.59","1.56","4.84","1.16","9.20","1.02","2.09","1.82"
"25420","10-11-18 22:00","Brazil","Serie A Betano","2018","Athletico-PR","Cruzeiro","2.09","3.13","4.02","1.03","8.00","1.40","2.82","2.41","1.63","4.34","1.19","8.30","1.03","1.99","1.89"
"25421","10-11-18 22:00","Brazil","Serie A Betano","2018","Botafogo RJ","Flamengo RJ","3.90","3.44","1.98","1.02","9.30","1.37","2.94","2.26","1.71","4.10","1.21","7.60","1.04","2.00","1.85"
"25422","10-11-18 20:00","Brazil","Serie A Betano","2018","America MG","Parana","1.48","3.92","8.70","1.03","8.00","1.41","2.78","2.41","1.63","4.40","1.18","8.30","1.03","2.50","1.53"
"25423","10-11-18 20:00","Brazil","Serie A Betano","2018","Corinthians","Sao Paulo","2.55","2.98","3.13","1.06","6.70","1.53","2.40","2.84","1.48","5.55","1.13","10.00","1.01","2.23","1.71"
"25424","05-11-18 23:00","Brazil","Serie A Betano","2018","Sport Recife","Ceara","2.25","3.02","3.68","1.03","7.90","1.41","2.78","2.44","1.62","4.40","1.18","8.40","1.03","1.99","1.89"
"25425","04-11-18 22:00","Brazil","Serie A Betano","2018","Bahia","Chapecoense-SC","1.70","3.38","6.20","1.05","7.10","1.47","2.57","2.61","1.55","4.84","1.16","9.10","1.02","2.43","1.61"
"25426","04-11-18 22:00","Brazil","Serie A Betano","2018","Internacional","Athletico-PR","1.53","3.94","7.20","1.02","9.10","1.38","2.90","2.29","1.69","4.10","1.21","7.80","1.04","2.44","1.61"
"25427","04-11-18 20:00","Brazil","Serie A Betano","2018","America MG","Cruzeiro","4.08","2.94","2.17","1.08","5.90","1.61","2.23","3.14","1.41","6.25","1.10","10.50","1.03","2.45","1.61"
"25428","04-11-18 20:00","Brazil","Serie A Betano","2018","Botafogo RJ","Corinthians","2.07","3.06","4.22","1.05","7.10","1.47","2.57","2.66","1.53","5.00","1.15","9.50","1.02","2.19","1.74"
"25429","04-11-18 20:00","Brazil","Serie A Betano","2018","Parana","Vitoria","3.24","3.02","2.46","1.04","7.50","1.45","2.63","2.59","1.56","4.84","1.16","9.20","1.02","2.05","1.80"
"25430","04-11-18 20:00","Brazil","Serie A Betano","2018","Sao Paulo","Flamengo RJ","2.86","3.10","2.67","1.04","7.70","1.45","2.63","2.56","1.57","4.80","1.16","9.00","1.02","2.05","1.80"
"25431","03-11-18 23:00","Brazil","Serie A Betano","2018","Palmeiras","Santos","1.96","3.20","4.44","1.04","7.60","1.45","2.65","2.54","1.58","4.70","1.17","8.90","1.02","2.22","1.72"
"25432","03-11-18 21:00","Brazil","Serie A Betano","2018","Atletico-MG","Gremio","2.19","3.16","3.66","1.03","8.00","1.42","2.74","2.46","1.61","4.54","1.18","8.60","1.03","2.05","1.85"
"25433","03-11-18 21:00","Brazil","Serie A Betano","2018","Fluminense","Vasco","2.80","3.08","2.74","1.04","7.80","1.44","2.67","2.53","1.58","4.74","1.17","8.90","1.02","2.00","1.87"
"25434","30-10-18 00:00","Brazil","Serie A Betano","2018","Ceara","Atletico-MG","2.42","3.13","3.20","1.03","8.20","1.34","3.10","2.41","1.63","4.10","1.21","7.90","1.03","1.96","1.86"
"25435","28-10-18 02:00","Brazil","Serie A Betano","2018","Athletico-PR","Botafogo RJ","1.84","3.44","4.72","1.01","9.90","1.32","3.20","2.13","1.79","3.72","1.25","6.95","1.06","2.00","1.85"
"25436","28-10-18 02:00","Brazil","Serie A Betano","2018","Cruzeiro","Parana","1.27","5.50","10.50","1.03","8.40","1.24","3.80","1.86","2.04","3.04","1.35","5.50","1.10","2.30","1.68"
"25437","28-10-18 00:00","Brazil","Serie A Betano","2018","Chapecoense-SC","America MG","2.05","3.04","4.36","1.06","6.65","1.52","2.43","2.80","1.49","5.35","1.13","10.00","1.01","2.33","1.66"
"25438","28-10-18 00:00","Brazil","Serie A Betano","2018","Corinthians","Bahia","2.10","2.98","4.26","1.10","6.40","1.59","2.51","2.74","1.42","5.25","1.11","8.50","1.03","2.35","1.65"
"25439","28-10-18 00:00","Brazil","Serie A Betano","2018","Flamengo RJ","Palmeiras","2.18","3.06","3.82","1.05","7.40","1.45","2.63","2.59","1.56","4.84","1.16","9.10","1.02","2.18","1.74"
"25440","27-10-18 21:30","Brazil","Serie A Betano","2018","Gremio","Sport Recife","1.63","3.84","5.75","","","1.31","3.26","2.09","1.82","3.62","1.26","6.80","1.06","2.05","1.82"
"25441","27-10-18 21:30","Brazil","Serie A Betano","2018","Santos","Fluminense","1.39","4.40","10.00","1.02","9.20","1.35","3.04","2.19","1.75","3.80","1.24","7.10","1.05","2.64","1.54"
"25442","27-10-18 02:30","Brazil","Serie A Betano","2018","Vasco","Internacional","3.05","3.32","2.40","1.02","8.80","1.40","2.82","2.38","1.65","4.40","1.19","8.20","1.03","1.99","1.89"
"25443","27-10-18 00:30","Brazil","Serie A Betano","2018","Vitoria","Sao Paulo","3.22","3.30","2.32","1.03","8.60","1.41","2.78","2.39","1.64","4.40","1.18","8.30","1.03","1.98","1.90"
"25444","25-10-18 00:30","Brazil","Serie A Betano","2018","Cruzeiro","Ceara","1.63","3.58","6.45","1.04","7.70","1.44","2.67","2.51","1.59","4.70","1.17","8.80","1.02","2.42","1.62"
"25445","23-10-18 01:00","Brazil","Serie A Betano","2018","Internacional","Santos","1.82","3.34","5.05","1.05","7.40","1.45","2.60","2.58","1.56","4.84","1.16","9.00","1.02","2.29","1.69"
"25446","22-10-18 00:00","Brazil","Serie A Betano","2018","Cruzeiro","Chapecoense-SC","1.58","3.84","6.50","1.03","8.30","1.43","2.70","2.45","1.62","4.60","1.18","8.60","1.03","2.46","1.60"
"25447","22-10-18 00:00","Brazil","Serie A Betano","2018","Parana","Flamengo RJ","7.90","3.88","1.50","1.05","7.40","1.48","2.54","2.61","1.55","4.94","1.15","9.20","1.02","2.69","1.52"
"25448","21-10-18 21:00","Brazil","Serie A Betano","2018","Fluminense","Atletico-MG","2.46","3.18","3.07","1.02","9.10","1.36","2.99","2.24","1.72","3.98","1.22","7.50","1.04","1.92","1.97"
"25449","21-10-18 21:00","Brazil","Serie A Betano","2018","Palmeiras","Ceara","1.43","4.04","10.50","1.03","8.40","1.37","2.98","2.24","1.72","3.90","1.23","7.30","1.05","2.54","1.57"
"25450","21-10-18 21:00","Brazil","Serie A Betano","2018","Vitoria","Corinthians","2.45","2.92","3.38","1.06","6.55","1.53","2.40","2.88","1.47","5.60","1.13","10.50","1.01","2.23","1.72"
"25451","21-10-18 00:00","Brazil","Serie A Betano","2018","Sao Paulo","Athletico-PR","2.15","3.02","3.98","1.04","7.70","1.40","2.82","2.44","1.62","4.40","1.19","8.40","1.03","2.00","1.83"
"25452","21-10-18 00:00","Brazil","Serie A Betano","2018","Sport Recife","Vasco","2.73","3.13","2.78","1.03","8.60","1.38","2.90","2.33","1.67","4.24","1.20","8.00","1.03","1.95","1.93"
"25453","20-10-18 21:00","Brazil","Serie A Betano","2018","America MG","Gremio","2.78","3.00","2.83","1.06","6.50","1.57","2.31","2.99","1.45","6.00","1.11","10.50","1.02","2.33","1.66"
"25454","20-10-18 21:00","Brazil","Serie A Betano","2018","Botafogo RJ","Bahia","2.32","2.94","3.62","1.05","7.40","1.43","2.70","2.53","1.58","4.60","1.17","8.80","1.02","1.96","1.82"
"25455","16-10-18 01:00","Brazil","Serie A Betano","2018","Ceara","Botafogo RJ","2.10","3.24","3.78","1.03","8.10","1.43","2.70","2.48","1.60","4.60","1.17","8.70","1.03","2.07","1.83"
"25456","15-10-18 00:00","Brazil","Serie A Betano","2018","Athletico-PR","Sport Recife","1.32","4.90","10.50","1.04","13.00","1.24","3.80","1.88","2.02","3.04","1.35","5.50","1.10","2.26","1.67"
"25457","15-10-18 00:00","Brazil","Serie A Betano","2018","Atletico-MG","America MG","1.57","3.88","6.10","1.01","9.90","1.35","3.04","2.20","1.75","3.90","1.23","7.40","1.05","2.19","1.74"
"25458","14-10-18 21:00","Brazil","Serie A Betano","2018","Internacional","Sao Paulo","1.95","3.22","4.50","1.05","7.00","1.51","2.46","2.74","1.51","5.30","1.14","9.80","1.01","2.38","1.64"
"25459","14-10-18 21:00","Brazil","Serie A Betano","2018","Palmeiras","Gremio","1.90","3.13","4.82","1.07","6.25","1.56","2.33","2.95","1.45","5.80","1.12","","","2.45","1.61"
"25460","14-10-18 21:00","Brazil","Serie A Betano","2018","Vasco","Cruzeiro","2.17","3.13","3.74","1.05","7.10","1.50","2.48","2.74","1.51","5.30","1.14","9.90","1.01","2.23","1.72"
"25461","14-10-18 16:00","Brazil","Serie A Betano","2018","Chapecoense-SC","Vitoria","1.85","3.15","5.30","1.06","6.90","1.46","2.60","2.66","1.53","4.94","1.15","9.40","1.02","2.29","1.69"
"25462","14-10-18 02:00","Brazil","Serie A Betano","2018","Bahia","Parana","1.40","4.24","10.50","1.03","8.20","1.39","2.86","2.33","1.67","4.10","1.21","7.70","1.04","2.81","1.46"
"25463","14-10-18 00:00","Brazil","Serie A Betano","2018","Santos","Corinthians","1.49","3.90","7.10","1.09","6.80","1.58","2.53","2.63","1.45","5.00","1.12","8.50","1.03","3.18","1.40"
"25464","13-10-18 22:00","Brazil","Serie A Betano","2018","Flamengo RJ","Fluminense","1.72","3.60","5.35","1.03","8.20","1.43","2.70","2.44","1.62","4.50","1.18","8.40","1.03","2.23","1.72"
"25465","10-10-18 02:00","Brazil","Serie A Betano","2018","Botafogo RJ","Vasco","2.16","3.03","3.88","1.03","8.70","1.33","3.13","2.24","1.72","3.90","1.23","7.40","1.05","1.95","1.90"
"25466","09-10-18 01:00","Brazil","Serie A Betano","2018","Fluminense","Parana","1.47","3.76","8.80","1.04","7.70","1.41","2.78","2.46","1.61","4.50","1.18","8.50","1.03","2.58","1.56"
"25467","07-10-18 02:00","Brazil","Serie A Betano","2018","Gremio","Bahia","1.36","4.80","9.60","1.03","8.50","1.46","2.60","2.53","1.58","4.84","1.16","9.00","1.02","3.00","1.43"
"25468","06-10-18 23:00","Brazil","Serie A Betano","2018","Sao Paulo","Palmeiras","2.65","2.93","3.06","1.07","6.40","1.56","2.33","2.96","1.45","5.80","1.11","10.50","1.03","2.20","1.74"
"25469","06-10-18 21:00","Brazil","Serie A Betano","2018","Athletico-PR","America MG","1.47","4.20","7.80","1.02","9.30","1.38","2.90","2.29","1.69","4.24","1.20","7.90","1.03","2.49","1.59"
"25470","06-10-18 21:00","Brazil","Serie A Betano","2018","Chapecoense-SC","Atletico-MG","2.90","2.99","2.71","1.04","7.50","1.45","2.65","2.56","1.57","4.74","1.17","9.00","1.02","2.00","1.85"
"25471","06-10-18 02:30","Brazil","Serie A Betano","2018","Vitoria","Santos","3.78","3.24","2.11","1.03","8.20","1.42","2.74","2.46","1.61","4.60","1.18","8.60","1.03","2.01","1.88"
"25472","06-10-18 02:00","Brazil","Serie A Betano","2018","Corinthians","Flamengo RJ","2.98","2.90","2.72","1.10","6.05","1.67","2.33","2.98","1.37","5.95","1.08","8.50","1.02","2.31","1.67"
"25473","06-10-18 00:00","Brazil","Serie A Betano","2018","Sport Recife","Internacional","4.18","3.34","1.97","1.03","8.40","1.41","2.78","2.39","1.64","4.40","1.19","8.30","1.03","2.06","1.82"
"25474","02-10-18 01:00","Brazil","Serie A Betano","2018","Parana","Vasco","2.93","2.82","2.74","1.06","6.85","1.44","2.67","2.78","1.50","5.10","1.14","9.70","1.01","2.18","1.74"
"25475","01-10-18 00:00","Brazil","Serie A Betano","2018","Ceara","Chapecoense-SC","2.13","2.94","4.22","1.07","6.40","1.53","2.40","2.89","1.47","5.55","1.13","10.50","1.01","2.37","1.65"
"25476","30-09-18 21:00","Brazil","Serie A Betano","2018","Atletico-MG","Sport Recife","1.36","4.64","9.40","1.03","13.00","1.24","3.80","1.86","2.04","2.98","1.37","5.40","1.10","2.20","1.74"
"25477","30-09-18 21:00","Brazil","Serie A Betano","2018","Botafogo RJ","Sao Paulo","2.71","3.13","2.79","1.03","8.20","1.41","2.78","2.43","1.63","4.44","1.18","8.40","1.03","2.00","1.78"
"25478","30-09-18 21:00","Brazil","Serie A Betano","2018","Internacional","Vitoria","1.31","5.20","10.50","1.03","8.10","1.23","3.90","1.85","2.05","2.98","1.37","5.35","1.10","2.28","1.69"
"25479","30-09-18 21:00","Brazil","Serie A Betano","2018","Santos","Athletico-PR","1.96","3.28","4.30","1.04","7.80","1.45","2.65","2.53","1.58","4.74","1.17","8.90","1.02","2.10","1.77"
"25480","30-09-18 16:00","Brazil","Serie A Betano","2018","Palmeiras","Cruzeiro","1.61","3.68","6.50","1.05","7.20","1.49","2.51","2.66","1.53","5.10","1.14","9.40","1.02","2.59","1.55"
"25481","30-09-18 02:00","Brazil","Serie A Betano","2018","Bahia","Flamengo RJ","2.75","3.14","2.74","1.04","7.80","1.46","2.60","2.56","1.57","4.84","1.16","9.00","1.02","2.01","1.84"
"25482","30-09-18 00:00","Brazil","Serie A Betano","2018","America MG","Corinthians","2.40","2.95","3.44","1.11","5.90","1.71","2.26","3.10","1.34","6.20","1.07","8.50","1.02","2.48","1.59"
"25483","29-09-18 21:00","Brazil","Serie A Betano","2018","Fluminense","Gremio","2.85","3.04","2.73","1.08","6.85","1.59","2.51","2.70","1.43","5.30","1.10","8.50","1.03","2.24","1.71"
"25484","28-09-18 01:00","Brazil","Serie A Betano","2018","Santos","Vasco","1.49","3.94","8.20","1.03","8.50","1.39","2.86","2.38","1.65","4.34","1.19","8.20","1.03","2.55","1.55"
"25485","25-09-18 01:00","Brazil","Serie A Betano","2018","Chapecoense-SC","Fluminense","2.29","3.10","3.78","1.05","7.70","1.38","2.95","2.60","1.56","4.60","1.19","9.20","1.03","2.10","1.81"
"25486","25-09-18 01:00","Brazil","Serie A Betano","2018","Vasco","Bahia","2.10","3.40","3.94","1.04","8.50","1.39","2.95","2.40","1.64","4.30","1.21","8.50","1.04","2.00","1.88"
"25487","24-09-18 00:00","Brazil","Serie A Betano","2018","Cruzeiro","Santos","2.50","3.06","3.38","1.08","6.40","1.59","2.33","3.02","1.44","6.25","1.11","12.00","1.01","2.31","1.65"
"25488","23-09-18 23:00","Brazil","Serie A Betano","2018","Sport Recife","Palmeiras","4.54","3.52","1.93","1.04","8.30","1.43","2.79","2.43","1.63","4.60","1.19","8.80","1.03","2.10","1.81"
"25489","23-09-18 23:00","Brazil","Serie A Betano","2018","Vitoria","Botafogo RJ","2.84","3.15","2.83","1.05","7.90","1.44","2.75","2.50","1.60","4.74","1.18","9.20","1.03","2.00","1.82"
"25490","23-09-18 21:00","Brazil","Serie A Betano","2018","Athletico-PR","Parana","1.52","4.24","7.20","1.03","9.40","1.40","2.91","2.31","1.69","4.30","1.21","8.40","1.04","2.37","1.65"
"25491","23-09-18 21:00","Brazil","Serie A Betano","2018","Corinthians","Internacional","2.75","3.06","2.85","1.11","6.00","1.69","2.20","3.01","1.40","6.30","1.13","13.00","1.03","2.31","1.61"
"25492","23-09-18 21:00","Brazil","Serie A Betano","2018","Flamengo RJ","Atletico-MG","1.90","3.42","4.88","1.04","8.50","1.40","2.91","2.35","1.66","4.30","1.21","8.30","1.04","2.06","1.83"
"25493","23-09-18 16:00","Brazil","Serie A Betano","2018","Gremio","Ceara","1.39","4.50","12.50","1.06","7.50","1.45","2.71","2.52","1.59","4.80","1.18","9.20","1.03","3.22","1.39"
"25494","22-09-18 21:00","Brazil","Serie A Betano","2018","Sao Paulo","America MG","1.43","4.44","10.50","1.05","7.90","1.46","2.68","2.52","1.59","4.84","1.18","9.20","1.03","2.81","1.48"
"25495","18-09-18 01:00","Brazil","Serie A Betano","2018","Chapecoense-SC","Internacional","3.84","3.12","2.19","1.07","6.75","1.54","2.45","2.89","1.47","5.85","1.13","11.00","1.01","2.37","1.64"
"25496","17-09-18 00:00","Brazil","Serie A Betano","2018","Corinthians","Sport Recife","1.66","3.72","6.45","1.06","7.50","1.47","2.65","2.60","1.56","5.05","1.16","9.70","1.02","2.44","1.61"
"25497","16-09-18 21:00","Brazil","Serie A Betano","2018","Athletico-PR","Fluminense","1.65","3.96","6.05","1.02","9.90","1.35","3.15","2.22","1.74","4.10","1.23","7.90","1.05","2.22","1.70"
"25498","16-09-18 21:00","Brazil","Serie A Betano","2018","Bahia","Palmeiras","3.17","3.13","2.56","1.06","7.40","1.48","2.61","2.69","1.53","5.30","1.15","10.00","1.02","2.07","1.83"
"25499","16-09-18 21:00","Brazil","Serie A Betano","2018","Cruzeiro","Atletico-MG","2.96","3.14","2.73","1.05","8.10","1.42","2.83","2.47","1.61","4.64","1.18","9.10","1.03","1.99","1.89"
"25500","16-09-18 21:00","Brazil","Serie A Betano","2018","Santos","Sao Paulo","2.46","3.10","3.42","1.06","7.00","1.51","2.53","2.79","1.50","5.55","1.14","10.50","1.01","2.18","1.75"
"25501","16-09-18 16:00","Brazil","Serie A Betano","2018","Botafogo RJ","America MG","1.69","3.66","6.05","1.05","7.90","1.45","2.73","2.50","1.60","4.84","1.18","9.30","1.03","2.31","1.67"
"25502","16-09-18 00:00","Brazil","Serie A Betano","2018","Vasco","Flamengo RJ","5.35","3.74","1.75","1.05","8.00","1.42","2.83","2.55","1.58","4.74","1.18","9.20","1.03","2.33","1.66"
"25503","15-09-18 21:00","Brazil","Serie A Betano","2018","Ceara","Vitoria","1.95","3.30","4.42","1.09","7.00","1.50","2.63","2.63","1.50","5.25","1.17","10.50","1.05","2.24","1.65"
"25504","15-09-18 21:00","Brazil","Serie A Betano","2018","Gremio","Parana","1.56","3.92","7.70","1.05","8.00","1.44","2.75","2.52","1.59","4.84","1.17","9.40","1.03","2.61","1.54"
"25505","14-09-18 01:00","Brazil","Serie A Betano","2018","Chapecoense-SC","Athletico-PR","2.92","2.91","2.92","1.10","6.30","1.61","2.46","2.86","1.40","5.65","1.10","9.50","1.03","2.22","1.68"
"25506","11-09-18 01:00","Brazil","Serie A Betano","2018","Atletico-MG","Athletico-PR","1.99","3.32","4.50","1.03","9.50","1.33","3.26","2.13","1.80","3.70","1.27","7.10","1.06","1.97","1.91"
"25507","10-09-18 00:00","Brazil","Serie A Betano","2018","Parana","Santos","3.66","3.02","2.32","1.07","6.75","1.51","2.53","2.82","1.49","5.55","1.14","10.50","1.01","2.17","1.75"
"25508","10-09-18 00:00","Brazil","Serie A Betano","2018","Vitoria","Vasco","2.33","3.28","3.46","1.04","8.60","1.40","2.91","2.35","1.66","4.30","1.21","8.40","1.04","2.00","1.88"
"25509","09-09-18 21:00","Brazil","Serie A Betano","2018","America MG","Ceara","2.02","3.42","4.26","1.06","7.50","1.50","2.55","2.72","1.52","5.45","1.14","10.50","1.02","2.33","1.63"
"25510","09-09-18 21:00","Brazil","Serie A Betano","2018","Fluminense","Botafogo RJ","2.59","3.10","3.17","1.06","7.00","1.51","2.53","2.79","1.50","5.55","1.14","10.50","1.01","2.14","1.77"
"25511","09-09-18 21:00","Brazil","Serie A Betano","2018","Internacional","Gremio","2.59","2.85","3.50","1.12","6.10","1.71","2.27","3.10","1.36","6.40","1.08","9.50","1.02","2.42","1.62"
"25512","09-09-18 21:00","Brazil","Serie A Betano","2018","Palmeiras","Corinthians","1.63","3.66","7.30","1.06","7.30","1.42","2.83","2.60","1.56","4.80","1.18","9.50","1.03","2.43","1.61"
"25513","09-09-18 02:00","Brazil","Serie A Betano","2018","Flamengo RJ","Chapecoense-SC","1.50","4.10","7.90","1.04","8.30","1.40","2.91","2.40","1.64","4.50","1.20","8.80","1.03","2.49","1.59"
"25514","09-09-18 00:00","Brazil","Serie A Betano","2018","Sao Paulo","Bahia","1.73","3.38","6.45","1.05","7.70","1.39","2.86","2.46","1.62","4.60","1.19","9.00","1.03","2.26","1.70"
"25515","08-09-18 21:00","Brazil","Serie A Betano","2018","Sport Recife","Cruzeiro","3.76","2.96","2.38","1.08","6.60","1.51","2.53","2.86","1.48","5.65","1.14","11.00","1.01","2.23","1.72"
"25516","07-09-18 01:00","Brazil","Serie A Betano","2018","America MG","Vasco","2.73","3.12","2.94","1.06","7.30","1.50","2.55","2.68","1.53","5.25","1.15","10.00","1.02","2.10","1.80"
"25517","07-09-18 00:00","Brazil","Serie A Betano","2018","Fluminense","Vitoria","1.77","3.58","5.40","1.04","8.60","1.39","2.95","2.33","1.68","4.30","1.21","8.20","1.04","2.12","1.78"
"25518","07-09-18 00:00","Brazil","Serie A Betano","2018","Santos","Gremio","2.64","2.87","3.24","1.08","6.65","1.52","2.50","2.82","1.49","5.50","1.14","10.50","1.01","2.21","1.72"
"25519","06-09-18 02:45","Brazil","Serie A Betano","2018","Atletico-MG","Sao Paulo","2.15","3.52","3.66","1.03","9.30","1.38","3.00","2.27","1.71","4.14","1.22","8.00","1.05","1.91","1.95"
"25520","06-09-18 02:45","Brazil","Serie A Betano","2018","Internacional","Flamengo RJ","2.13","3.08","4.32","1.07","6.70","1.51","2.50","2.79","1.50","5.50","1.14","10.50","1.02","2.24","1.71"
"25521","06-09-18 02:00","Brazil","Serie A Betano","2018","Palmeiras","Athletico-PR","1.58","3.80","7.90","1.03","8.80","1.36","3.10","2.23","1.73","3.98","1.24","7.70","1.05","2.30","1.63"
"25522","06-09-18 02:00","Brazil","Serie A Betano","2018","Parana","Chapecoense-SC","2.50","2.93","3.54","1.13","5.90","1.67","2.32","3.05","1.37","6.15","1.09","9.50","1.02","2.28","1.69"
"25523","06-09-18 01:00","Brazil","Serie A Betano","2018","Ceara","Corinthians","2.36","3.10","3.58","1.11","6.40","1.62","2.40","2.91","1.40","5.85","1.10","9.50","1.02","2.34","1.66"
"25524","06-09-18 00:30","Brazil","Serie A Betano","2018","Bahia","Sport Recife","1.69","3.80","5.70","1.03","8.80","1.41","2.86","2.35","1.66","4.44","1.20","8.50","1.04","2.26","1.70"
"25525","06-09-18 00:30","Brazil","Serie A Betano","2018","Botafogo RJ","Cruzeiro","3.06","3.09","2.66","1.06","7.00","1.52","2.50","2.77","1.51","5.50","1.14","10.50","1.02","2.19","1.74"
"25526","03-09-18 00:00","Brazil","Serie A Betano","2018","Chapecoense-SC","Palmeiras","3.88","3.02","2.30","1.09","6.25","1.59","2.33","3.02","1.44","6.15","1.12","11.50","1.01","2.27","1.69"
"25527","03-09-18 00:00","Brazil","Serie A Betano","2018","Cruzeiro","Internacional","2.15","3.08","4.28","1.09","6.25","1.59","2.33","3.00","1.45","6.10","1.12","11.50","1.01","2.38","1.64"
"25528","02-09-18 21:00","Brazil","Serie A Betano","2018","Athletico-PR","Bahia","1.90","3.54","4.68","1.04","8.50","1.42","2.83","2.38","1.65","4.44","1.20","8.60","1.04","2.10","1.80"
"25529","02-09-18 21:00","Brazil","Serie A Betano","2018","Sao Paulo","Fluminense","1.65","3.72","6.60","1.04","8.20","1.43","2.79","2.44","1.63","4.60","1.19","8.90","1.03","2.34","1.66"
"25530","02-09-18 21:00","Brazil","Serie A Betano","2018","Sport Recife","Parana","1.94","3.34","4.66","1.05","7.70","1.47","2.65","2.55","1.58","4.90","1.17","9.50","1.03","2.20","1.72"
"25531","02-09-18 16:00","Brazil","Serie A Betano","2018","Flamengo RJ","Ceara","1.35","5.10","12.00","1.03","9.40","1.38","3.00","2.23","1.73","4.10","1.23","7.60","1.05","2.70","1.51"
"25532","02-09-18 02:00","Brazil","Serie A Betano","2018","Corinthians","Atletico-MG","2.98","3.24","2.62","1.04","8.30","1.42","2.83","2.45","1.62","4.60","1.19","9.00","1.03","2.00","1.87"
"25533","02-09-18 00:00","Brazil","Serie A Betano","2018","Vasco","Santos","2.70","2.99","3.14","1.06","7.30","1.47","2.65","2.57","1.57","4.90","1.17","9.60","1.03","2.05","1.85"
"25534","01-09-18 21:00","Brazil","Serie A Betano","2018","Gremio","Botafogo RJ","1.46","4.54","8.60","1.04","8.50","1.45","2.71","2.47","1.61","4.80","1.18","9.20","1.03","2.61","1.54"
"25535","01-09-18 21:00","Brazil","Serie A Betano","2018","Vitoria","America MG","2.08","3.32","4.16","1.04","8.30","1.42","2.83","2.40","1.64","4.50","1.20","8.60","1.04","2.03","1.86"
"25536","30-08-18 00:30","Brazil","Serie A Betano","2018","Athletico-PR","Vasco","1.68","3.88","5.85","1.02","10.00","1.33","3.24","2.13","1.80","3.78","1.26","7.30","1.06","2.07","1.77"
"25537","30-08-18 00:30","Brazil","Serie A Betano","2018","Ceara","Bahia","2.62","3.00","3.24","1.11","6.40","1.62","2.45","2.86","1.41","5.70","1.10","9.50","1.03","2.27","1.69"
"25538","27-08-18 00:00","Brazil","Serie A Betano","2018","Vasco","Chapecoense-SC","2.01","3.34","4.42","1.06","7.00","1.53","2.46","2.79","1.50","5.60","1.14","10.50","1.01","2.33","1.66"
"25539","26-08-18 21:00","Brazil","Serie A Betano","2018","America MG","Flamengo RJ","4.12","3.40","2.06","1.06","7.10","1.55","2.42","2.82","1.49","5.75","1.13","11.00","1.01","2.22","1.68"
"25540","26-08-18 21:00","Brazil","Serie A Betano","2018","Internacional","Palmeiras","2.14","3.30","3.96","1.06","7.50","1.49","2.58","2.66","1.54","5.25","1.15","10.00","1.02","2.13","1.78"
"25541","26-08-18 21:00","Brazil","Serie A Betano","2018","Vitoria","Atletico-MG","3.30","3.76","2.20","1.04","9.50","1.25","3.88","1.87","2.04","3.05","1.37","5.60","1.11","1.69","2.28"
"25542","26-08-18 16:00","Brazil","Serie A Betano","2018","Sao Paulo","Ceara","1.42","4.70","9.50","1.03","9.70","1.35","3.15","2.20","1.75","3.98","1.24","7.60","1.06","2.49","1.59"
"25543","26-08-18 02:00","Brazil","Serie A Betano","2018","Botafogo RJ","Sport Recife","1.86","3.60","4.86","1.03","8.70","1.39","2.95","2.40","1.64","4.50","1.20","8.60","1.04","2.10","1.75"
"25544","26-08-18 02:00","Brazil","Serie A Betano","2018","Cruzeiro","Fluminense","1.64","3.86","6.50","1.04","8.30","1.42","2.83","2.47","1.61","4.74","1.18","9.20","1.03","2.40","1.63"
"25545","26-08-18 00:00","Brazil","Serie A Betano","2018","Athletico-PR","Gremio","2.03","3.44","4.18","1.05","7.80","1.47","2.65","2.65","1.55","5.30","1.15","10.00","1.02","2.36","1.65"
"25546","26-08-18 00:00","Brazil","Serie A Betano","2018","Corinthians","Parana","1.73","3.40","6.45","1.09","6.20","1.53","2.47","2.99","1.45","5.75","1.13","11.00","1.01","2.71","1.51"
"25547","25-08-18 21:00","Brazil","Serie A Betano","2018","Santos","Bahia","1.86","3.42","5.10","1.05","7.70","1.44","2.75","2.52","1.59","4.80","1.18","9.20","1.03","2.26","1.70"
"25548","24-08-18 01:00","Brazil","Serie A Betano","2018","Atletico-MG","Vasco","1.49","4.54","7.30","1.03","8.10","1.21","4.30","1.83","2.09","2.91","1.40","5.30","1.12","1.97","1.91"
"25549","24-08-18 00:30","Brazil","Serie A Betano","2018","Flamengo RJ","Vitoria","1.31","5.60","11.50","1.04","8.00","1.22","4.20","1.82","2.10","2.95","1.39","5.45","1.11","2.31","1.67"
"25550","23-08-18 02:45","Brazil","Serie A Betano","2018","Fluminense","Corinthians","2.19","3.22","3.90","1.06","7.30","1.50","2.55","2.90","1.47","5.40","1.14","10.50","1.02","2.25","1.71"
"25551","23-08-18 02:45","Brazil","Serie A Betano","2018","Gremio","Cruzeiro","1.94","3.20","5.10","1.11","6.25","1.61","2.47","2.86","1.41","5.70","1.10","9.50","1.03","2.58","1.55"
"25552","23-08-18 02:00","Brazil","Serie A Betano","2018","Palmeiras","Botafogo RJ","1.39","4.90","9.60","","","1.27","3.70","1.92","1.98","3.24","1.33","6.00","1.10","2.20","1.68"
"25553","23-08-18 02:00","Brazil","Serie A Betano","2018","Sport Recife","America MG","2.01","3.28","4.54","1.05","7.60","1.45","2.71","2.57","1.57","4.90","1.17","9.60","1.03","2.11","1.75"
"25554","23-08-18 00:30","Brazil","Serie A Betano","2018","Bahia","Internacional","2.74","2.92","3.11","1.07","6.75","1.50","2.55","2.81","1.50","5.50","1.14","10.50","1.01","2.25","1.67"
"25555","23-08-18 00:30","Brazil","Serie A Betano","2018","Parana","Sao Paulo","4.62","3.34","1.93","1.05","7.60","1.46","2.68","2.60","1.56","5.00","1.17","9.70","1.02","2.23","1.71"
"25556","21-08-18 01:00","Brazil","Serie A Betano","2018","Vasco","Ceara","1.76","3.48","5.85","1.06","7.50","1.45","2.71","2.52","1.59","4.74","1.18","9.20","1.03","2.36","1.65"
"25557","20-08-18 00:00","Brazil","Serie A Betano","2018","America MG","Fluminense","2.53","3.22","3.15","1.05","8.10","1.44","2.75","2.47","1.61","4.70","1.18","9.10","1.03","2.00","1.85"
"25558","20-08-18 00:00","Brazil","Serie A Betano","2018","Sao Paulo","Chapecoense-SC","1.66","3.58","7.10","1.05","7.80","1.43","2.79","2.47","1.61","4.64","1.18","9.10","1.03","2.37","1.65"
"25559","19-08-18 21:00","Brazil","Serie A Betano","2018","Botafogo RJ","Atletico-MG","2.39","3.48","3.14","1.01","10.50","1.32","3.32","2.07","1.84","3.62","1.28","6.85","1.07","1.80","2.10"
"25560","19-08-18 21:00","Brazil","Serie A Betano","2018","Cruzeiro","Bahia","1.46","4.24","9.80","1.05","7.80","1.44","2.75","2.46","1.62","4.60","1.19","8.80","1.03","2.73","1.50"
"25561","19-08-18 21:00","Brazil","Serie A Betano","2018","Vitoria","Palmeiras","3.46","3.52","2.22","1.01","10.50","1.31","3.40","2.04","1.87","3.54","1.29","6.65","1.08","1.76","2.10"
"25562","19-08-18 16:00","Brazil","Serie A Betano","2018","Athletico-PR","Flamengo RJ","2.63","3.22","3.02","1.05","8.00","1.44","2.75","2.52","1.59","4.84","1.18","9.40","1.03","2.00","1.85"
"25563","19-08-18 16:00","Brazil","Serie A Betano","2018","Internacional","Parana","1.45","4.54","8.90","1.03","9.30","1.38","3.00","2.29","1.70","4.20","1.22","8.10","1.05","2.53","1.57"
"25564","19-08-18 00:00","Brazil","Serie A Betano","2018","Corinthians","Gremio","3.44","2.97","2.53","1.14","5.65","1.76","2.19","3.26","1.33","6.85","1.07","9.50","1.01","2.54","1.57"
"25565","18-08-18 21:00","Brazil","Serie A Betano","2018","Santos","Sport Recife","1.54","4.40","6.70","1.01","11.00","1.33","3.26","2.09","1.83","3.78","1.26","7.10","1.06","2.15","1.75"
"25566","14-08-18 01:00","Brazil","Serie A Betano","2018","Fluminense","Internacional","2.69","3.14","2.98","1.06","7.10","1.52","2.50","2.75","1.51","5.50","1.14","10.50","1.02","2.12","1.79"
"25567","13-08-18 00:00","Brazil","Serie A Betano","2018","Gremio","Vitoria","1.69","3.88","5.75","1.03","9.60","1.37","3.05","2.25","1.72","4.14","1.22","8.00","1.05","2.17","1.75"
"25568","13-08-18 00:00","Brazil","Serie A Betano","2018","Palmeiras","Vasco","1.65","4.10","5.80","1.01","11.50","1.30","3.46","1.99","1.90","3.46","1.30","6.60","1.08","1.92","1.91"
"25569","12-08-18 21:00","Brazil","Serie A Betano","2018","Chapecoense-SC","Corinthians","1.98","3.32","4.58","1.10","6.90","1.57","2.57","2.68","1.46","5.25","1.12","","","2.46","1.60"
"25570","12-08-18 21:00","Brazil","Serie A Betano","2018","Flamengo RJ","Cruzeiro","1.70","3.58","6.40","1.06","7.00","1.51","2.53","2.68","1.53","5.20","1.15","10.00","1.02","2.49","1.59"
"25571","12-08-18 21:00","Brazil","Serie A Betano","2018","Sport Recife","Sao Paulo","3.19","3.24","2.49","1.04","8.40","1.42","2.83","2.40","1.64","4.50","1.20","8.70","1.03","1.95","1.88"
"25572","12-08-18 16:00","Brazil","Serie A Betano","2018","Atletico-MG","Santos","2.04","3.44","4.10","1.02","10.50","1.31","3.40","2.06","1.85","3.58","1.29","6.75","1.07","1.85","2.00"
"25573","12-08-18 16:00","Brazil","Serie A Betano","2018","Parana","Botafogo RJ","2.76","3.06","3.00","1.07","6.80","1.54","2.45","2.84","1.49","5.65","1.14","11.00","1.01","2.20","1.68"
"25574","12-08-18 00:00","Brazil","Serie A Betano","2018","Bahia","America MG","1.67","3.90","6.00","1.03","9.00","1.40","2.91","2.32","1.68","4.30","1.21","8.40","1.04","2.26","1.70"
"25575","11-08-18 21:00","Brazil","Serie A Betano","2018","Ceara","Athletico-PR","2.32","3.30","3.46","1.05","7.80","1.47","2.65","2.57","1.57","5.00","1.17","9.70","1.03","2.05","1.85"
"25576","09-08-18 00:30","Brazil","Serie A Betano","2018","Ceara","Santos","3.18","3.13","2.55","1.06","7.30","1.47","2.65","2.69","1.53","5.30","1.15","10.00","1.02","2.13","1.78"
"25577","07-08-18 01:00","Brazil","Serie A Betano","2018","Atletico-MG","Internacional","2.27","3.42","3.34","1.01","11.00","1.28","3.62","1.99","1.91","3.40","1.31","6.35","1.08","1.75","2.15"
"25578","06-08-18 00:00","Brazil","Serie A Betano","2018","Fluminense","Bahia","2.10","3.32","4.06","1.03","8.80","1.38","3.00","2.29","1.70","4.14","1.22","8.00","1.05","1.95","1.88"
"25579","06-08-18 00:00","Brazil","Serie A Betano","2018","Sport Recife","Chapecoense-SC","2.11","3.08","4.46","1.07","6.85","1.50","2.55","2.72","1.52","5.25","1.15","10.00","1.02","2.25","1.68"
"25580","05-08-18 21:00","Brazil","Serie A Betano","2018","America MG","Palmeiras","3.40","3.22","2.40","1.05","7.80","1.46","2.68","2.55","1.58","4.90","1.17","9.50","1.03","2.09","1.82"
"25581","05-08-18 21:00","Brazil","Serie A Betano","2018","Parana","Ceara","2.15","3.13","4.22","1.07","6.70","1.54","2.45","2.84","1.49","5.65","1.14","10.50","1.01","2.33","1.66"
"25582","05-08-18 21:00","Brazil","Serie A Betano","2018","Sao Paulo","Vasco","1.42","4.44","9.70","1.03","9.50","1.35","3.15","2.16","1.78","3.78","1.26","7.20","1.06","2.46","1.60"
"25583","05-08-18 21:00","Brazil","Serie A Betano","2018","Vitoria","Cruzeiro","2.65","3.32","2.90","1.03","9.40","1.37","3.05","2.21","1.75","3.98","1.24","7.60","1.05","1.81","2.00"
"25584","05-08-18 02:00","Brazil","Serie A Betano","2018","Corinthians","Athletico-PR","2.43","3.06","3.48","1.05","7.70","1.43","2.79","2.50","1.60","4.64","1.18","9.20","1.03","2.00","1.87"
"25585","05-08-18 00:00","Brazil","Serie A Betano","2018","Gremio","Flamengo RJ","3.22","2.89","2.73","1.12","6.05","1.64","2.40","2.95","1.39","5.85","1.10","9.50","1.02","2.38","1.63"
"25586","04-08-18 21:00","Brazil","Serie A Betano","2018","Botafogo RJ","Santos","2.84","3.15","2.83","1.05","8.00","1.43","2.79","2.48","1.61","4.64","1.18","9.10","1.03","2.00","1.85"
"25587","31-07-18 01:00","Brazil","Serie A Betano","2018","Bahia","Atletico-MG","2.28","3.50","3.30","","","1.24","3.98","1.86","2.04","3.15","1.35","5.90","1.10","1.69","2.28"
"25588","30-07-18 00:00","Brazil","Serie A Betano","2018","Chapecoense-SC","Gremio","2.49","3.04","3.38","1.08","6.35","1.59","2.33","3.06","1.43","6.30","1.11","","","2.30","1.65"
"25589","30-07-18 00:00","Brazil","Serie A Betano","2018","Santos","America MG","1.50","4.14","8.80","1.03","9.70","1.32","3.32","2.13","1.80","3.70","1.27","7.10","1.06","2.25","1.67"
"25590","29-07-18 21:00","Brazil","Serie A Betano","2018","Athletico-PR","Vitoria","1.67","4.40","5.10","1.03","8.10","1.23","4.10","1.81","2.11","3.00","1.38","5.50","1.11","1.75","2.10"
"25591","29-07-18 21:00","Brazil","Serie A Betano","2018","Cruzeiro","Sao Paulo","1.73","3.78","5.50","1.03","8.90","1.39","2.95","2.35","1.66","4.44","1.20","8.50","1.04","2.15","1.75"
"25592","29-07-18 21:00","Brazil","Serie A Betano","2018","Flamengo RJ","Sport Recife","1.39","4.78","9.90","1.02","10.00","1.32","3.32","2.09","1.83","3.70","1.27","6.85","1.07","2.35","1.64"
"25593","29-07-18 21:00","Brazil","Serie A Betano","2018","Internacional","Botafogo RJ","1.51","4.24","6.70","1.02","9.80","1.37","3.05","2.27","1.71","4.30","1.21","8.20","1.04","2.20","1.67"
"25594","29-07-18 16:00","Brazil","Serie A Betano","2018","Palmeiras","Parana","1.31","5.25","11.50","1.01","10.50","1.31","3.40","2.04","1.87","3.54","1.29","6.60","1.08","2.58","1.55"
"25595","29-07-18 16:00","Brazil","Serie A Betano","2018","Vasco","Corinthians","2.98","3.22","2.65","1.04","8.30","1.42","2.83","2.45","1.62","4.60","1.19","9.00","1.03","2.05","1.85"
"25596","28-07-18 21:00","Brazil","Serie A Betano","2018","Ceara","Fluminense","2.67","3.19","2.97","1.04","8.50","1.40","2.91","2.39","1.65","4.44","1.20","8.60","1.04","1.98","1.90"
"25597","27-07-18 01:00","Brazil","Serie A Betano","2018","America MG","Internacional","3.06","3.22","2.58","1.05","7.70","1.46","2.68","2.60","1.56","5.10","1.16","9.80","1.02","2.07","1.83"
"25598","27-07-18 00:30","Brazil","Serie A Betano","2018","Botafogo RJ","Chapecoense-SC","1.85","3.50","5.05","1.05","7.70","1.46","2.68","2.57","1.57","5.00","1.17","9.60","1.03","2.18","1.75"
"25599","27-07-18 00:30","Brazil","Serie A Betano","2018","Gremio","Sao Paulo","1.98","3.20","4.58","1.07","6.80","1.47","2.65","2.85","1.48","5.50","1.14","10.50","1.01","2.38","1.64"
"25600","27-07-18 00:30","Brazil","Serie A Betano","2018","Vitoria","Sport Recife","2.30","3.42","3.38","1.01","11.00","1.28","3.62","1.98","1.92","3.32","1.32","6.25","1.09","1.70","2.14"
"25601","26-07-18 02:45","Brazil","Serie A Betano","2018","Corinthians","Cruzeiro","3.30","3.06","2.53","1.08","6.50","1.55","2.42","2.98","1.45","6.05","1.12","11.50","1.01","2.25","1.68"
"25602","26-07-18 02:45","Brazil","Serie A Betano","2018","Santos","Flamengo RJ","2.85","3.14","2.83","1.04","8.20","1.37","3.05","2.45","1.62","4.30","1.21","8.60","1.04","2.00","1.88"
"25603","26-07-18 02:00","Brazil","Serie A Betano","2018","Atletico-MG","Parana","1.48","4.54","7.60","","","1.27","3.70","1.93","1.97","3.26","1.33","6.05","1.09","2.05","1.82"
"25604","26-07-18 00:30","Brazil","Serie A Betano","2018","Fluminense","Palmeiras","3.34","3.48","2.27","1.02","10.50","1.31","3.40","2.10","1.82","3.70","1.27","7.00","1.06","1.80","2.05"
"25605","24-07-18 01:00","Brazil","Serie A Betano","2018","Internacional","Ceara","1.46","4.24","8.10","1.02","10.00","1.32","3.32","2.11","1.80","3.70","1.27","7.10","1.06","2.16","1.77"
"25606","23-07-18 00:00","Brazil","Serie A Betano","2018","Chapecoense-SC","Santos","2.92","3.20","2.71","1.05","7.70","1.46","2.68","2.60","1.56","5.05","1.16","9.80","1.02","2.09","1.82"
"25607","23-07-18 00:00","Brazil","Serie A Betano","2018","Cruzeiro","Athletico-PR","1.46","4.30","9.10","1.03","9.40","1.34","3.20","2.19","1.76","3.88","1.25","7.50","1.06","2.30","1.64"
"25608","22-07-18 21:00","Brazil","Serie A Betano","2018","Bahia","Vitoria","1.89","3.72","4.44","1.02","10.50","1.32","3.32","2.11","1.81","3.78","1.26","7.20","1.06","1.91","1.95"
"25609","22-07-18 21:00","Brazil","Serie A Betano","2018","Palmeiras","Atletico-MG","1.61","4.18","5.95","1.03","8.10","1.24","3.98","1.85","2.06","3.05","1.37","5.60","1.11","1.91","1.91"
"25610","22-07-18 21:00","Brazil","Serie A Betano","2018","Parana","America MG","2.48","3.02","3.48","1.07","6.80","1.51","2.53","2.82","1.49","5.60","1.14","10.50","1.01","2.20","1.72"
"25611","22-07-18 21:00","Brazil","Serie A Betano","2018","Sport Recife","Fluminense","2.19","3.36","3.72","1.03","9.20","1.37","3.08","2.27","1.71","4.14","1.22","8.00","1.05","1.91","1.91"
"25612","22-07-18 21:00","Brazil","Serie A Betano","2018","Vasco","Gremio","3.82","3.13","2.27","1.07","6.90","1.48","2.61","2.82","1.49","5.45","1.14","10.50","1.02","2.20","1.74"
"25613","22-07-18 02:00","Brazil","Serie A Betano","2018","Sao Paulo","Corinthians","2.15","3.15","4.12","1.06","7.10","1.49","2.58","2.72","1.52","5.35","1.15","10.50","1.02","2.20","1.72"
"25614","22-07-18 00:00","Brazil","Serie A Betano","2018","Flamengo RJ","Botafogo RJ","1.74","3.68","5.60","1.03","9.50","1.35","3.15","2.25","1.72","4.10","1.23","7.90","1.05","2.10","1.71"
"25615","20-07-18 02:00","Brazil","Serie A Betano","2018","Athletico-PR","Internacional","2.66","3.08","3.06","1.06","7.10","1.50","2.55","2.78","1.50","5.55","1.14","10.50","1.01","2.13","1.78"
"25616","20-07-18 01:00","Brazil","Serie A Betano","2018","Santos","Palmeiras","2.68","3.20","2.97","1.03","9.00","1.36","3.10","2.27","1.71","4.10","1.23","7.90","1.05","1.93","1.95"
"25617","20-07-18 01:00","Brazil","Serie A Betano","2018","Vasco","Fluminense","2.35","3.28","3.40","1.03","9.20","1.36","3.10","2.25","1.72","4.10","1.23","7.90","1.05","1.92","1.97"
"25618","20-07-18 00:30","Brazil","Serie A Betano","2018","Chapecoense-SC","Bahia","2.03","3.20","4.36","1.08","6.65","1.55","2.42","2.90","1.47","5.90","1.13","11.00","1.01","2.24","1.71"
"25619","20-07-18 00:30","Brazil","Serie A Betano","2018","Cruzeiro","America MG","1.53","4.10","7.70","1.03","9.00","1.38","3.00","2.30","1.69","4.30","1.21","8.20","1.04","2.43","1.62"
"25620","19-07-18 02:45","Brazil","Serie A Betano","2018","Corinthians","Botafogo RJ","1.93","3.54","4.44","1.04","8.60","1.41","2.86","2.40","1.64","4.54","1.19","8.70","1.03","2.10","1.77"
"25621","19-07-18 02:45","Brazil","Serie A Betano","2018","Flamengo RJ","Sao Paulo","2.01","3.52","4.10","1.03","9.20","1.36","3.05","2.29","1.70","4.20","1.22","8.10","1.05","1.99","1.89"
"25622","19-07-18 02:45","Brazil","Serie A Betano","2018","Gremio","Atletico-MG","1.66","3.90","6.05","1.03","9.20","1.38","2.95","2.32","1.68","4.30","1.21","8.40","1.04","2.22","1.73"
"25623","19-07-18 02:00","Brazil","Serie A Betano","2018","Vitoria","Parana","1.92","3.52","4.58","1.03","8.70","1.39","2.95","2.36","1.66","4.44","1.20","8.50","1.04","2.07","1.83"
"25624","19-07-18 00:30","Brazil","Serie A Betano","2018","Ceara","Sport Recife","2.59","3.17","3.03","1.04","8.20","1.39","2.86","2.44","1.61","4.60","1.19","9.00","1.03","2.00","1.88"
"25625","14-06-18 02:45","Brazil","Serie A Betano","2018","Atletico-MG","Ceara","1.29","5.85","11.00","1.03","8.50","1.22","4.20","1.69","2.17","2.86","1.41","5.20","1.13","2.25","1.69"
"25626","14-06-18 02:45","Brazil","Serie A Betano","2018","Bahia","Corinthians","1.83","3.13","4.06","1.04","8.20","1.47","2.64","2.55","1.57","5.00","1.17","9.60","1.03","2.16","1.77"
"25627","14-06-18 02:45","Brazil","Serie A Betano","2018","Internacional","Vasco","1.48","4.28","7.40","1.02","10.00","1.34","3.20","2.14","1.78","3.88","1.25","7.40","1.06","2.24","1.71"
"25628","14-06-18 02:00","Brazil","Serie A Betano","2018","Botafogo RJ","Athletico-PR","1.98","3.38","3.92","1.04","8.60","1.42","2.83","2.39","1.65","4.50","1.20","8.60","1.04","2.02","1.87"
"25629","14-06-18 02:00","Brazil","Serie A Betano","2018","Palmeiras","Flamengo RJ","2.12","3.14","3.58","1.03","8.70","1.37","3.00","2.29","1.70","4.20","1.22","8.10","1.05","1.94","1.94"
"25630","14-06-18 00:30","Brazil","Serie A Betano","2018","Parana","Cruzeiro","3.90","3.07","2.13","1.09","6.30","1.58","2.33","3.08","1.42","6.35","1.11","","","2.34","1.66"
"25631","14-06-18 00:30","Brazil","Serie A Betano","2018","Sport Recife","Gremio","3.24","3.01","2.44","1.06","7.00","1.50","2.50","2.73","1.51","5.45","1.14","10.50","1.02","2.19","1.74"
"25632","14-06-18 00:00","Brazil","Serie A Betano","2018","Fluminense","Santos","2.57","3.17","2.88","1.02","9.80","1.29","3.46","2.05","1.75","3.58","1.29","6.90","1.07","1.83","2.07"
"25633","13-06-18 21:00","Brazil","Serie A Betano","2018","America MG","Chapecoense-SC","2.12","3.26","3.64","1.03","8.60","1.35","3.05","2.34","1.63","4.20","1.22","8.20","1.04","1.97","1.92"
"25634","13-06-18 02:30","Brazil","Serie A Betano","2018","Sao Paulo","Vitoria","1.38","4.92","8.20","1.03","8.50","1.19","5.95","1.70","2.17","3.56","1.36","5.15","1.13","2.00","1.80"
"25635","11-06-18 00:00","Brazil","Serie A Betano","2018","Flamengo RJ","Parana","1.30","5.00","13.50","1.03","8.90","1.38","3.00","2.23","1.73","3.98","1.24","7.50","1.06","2.97","1.44"
"25636","11-06-18 00:00","Brazil","Serie A Betano","2018","Santos","Internacional","2.33","3.14","3.36","1.05","7.70","1.46","2.68","2.57","1.57","4.94","1.17","9.70","1.03","2.07","1.83"
"25637","10-06-18 21:00","Brazil","Serie A Betano","2018","Atletico-MG","Fluminense","1.57","4.02","6.15","1.01","11.00","1.29","3.44","1.98","1.90","3.46","1.30","6.50","1.08","2.00","1.88"
"25638","10-06-18 21:00","Brazil","Serie A Betano","2018","Bahia","Botafogo RJ","1.89","3.54","4.50","1.03","9.10","1.37","3.05","2.29","1.70","4.20","1.22","8.10","1.05","2.00","1.88"
"25639","10-06-18 21:00","Brazil","Serie A Betano","2018","Ceara","Palmeiras","5.60","3.68","1.66","1.04","8.50","1.38","2.86","2.40","1.64","4.54","1.19","8.70","1.03","2.28","1.69"
"25640","10-06-18 21:00","Brazil","Serie A Betano","2018","Gremio","America MG","1.34","4.74","11.50","1.02","10.00","1.30","3.46","2.04","1.86","3.54","1.29","6.55","1.08","2.38","1.62"
"25641","10-06-18 02:00","Brazil","Serie A Betano","2018","Corinthians","Vitoria","1.79","3.40","5.10","1.03","9.40","1.33","3.26","2.19","1.76","3.88","1.25","7.60","1.06","2.00","1.82"
"25642","10-06-18 00:00","Brazil","Serie A Betano","2018","Chapecoense-SC","Cruzeiro","3.60","3.15","2.24","1.08","6.55","1.58","2.33","3.00","1.43","6.25","1.11","11.50","1.01","2.25","1.71"
"25643","10-06-18 00:00","Brazil","Serie A Betano","2018","Vasco","Sport Recife","1.99","3.34","4.40","1.04","8.60","1.38","2.95","2.31","1.68","4.20","1.22","8.20","1.04","2.00","1.88"
"25644","09-06-18 21:00","Brazil","Serie A Betano","2018","Athletico-PR","Sao Paulo","2.86","3.22","2.69","1.03","8.70","1.39","2.95","2.33","1.68","4.30","1.21","8.30","1.04","1.95","1.91"
"25645","08-06-18 02:00","Brazil","Serie A Betano","2018","America MG","Atletico-MG","4.44","3.46","1.88","1.02","9.80","1.29","3.32","2.12","1.78","3.78","1.26","7.40","1.06","1.95","1.86"
"25646","08-06-18 01:00","Brazil","Serie A Betano","2018","Fluminense","Flamengo RJ","4.96","3.32","1.80","1.04","8.00","1.38","2.83","2.42","1.60","4.50","1.20","8.70","1.03","2.10","1.73"
"25647","08-06-18 01:00","Brazil","Serie A Betano","2018","Parana","Bahia","2.45","3.09","3.22","1.06","7.00","1.49","2.47","2.79","1.46","5.60","1.14","10.50","1.01","2.25","1.71"
"25648","07-06-18 02:45","Brazil","Serie A Betano","2018","Cruzeiro","Vasco","1.39","4.56","9.50","1.03","9.50","1.35","3.15","2.15","1.79","3.78","1.26","7.10","1.06","2.63","1.54"
"25649","07-06-18 02:45","Brazil","Serie A Betano","2018","Gremio","Palmeiras","2.07","2.92","4.10","1.06","7.40","1.48","2.61","2.69","1.52","5.30","1.15","10.00","1.02","2.20","1.73"
"25650","07-06-18 02:00","Brazil","Serie A Betano","2018","Corinthians","Santos","1.90","2.78","3.78","1.05","7.70","1.46","2.68","2.63","1.55","5.15","1.16","9.90","1.02","2.10","1.74"
"25651","07-06-18 02:00","Brazil","Serie A Betano","2018","Sport Recife","Athletico-PR","1.94","3.62","3.84","1.01","10.50","1.31","3.40","2.09","1.83","3.70","1.27","7.00","1.06","1.80","2.00"
"25652","07-06-18 00:30","Brazil","Serie A Betano","2018","Botafogo RJ","Ceara","1.53","4.04","6.80","1.03","9.30","1.38","3.00","2.31","1.69","4.30","1.21","8.40","1.04","2.20","1.74"
"25653","07-06-18 00:30","Brazil","Serie A Betano","2018","Vitoria","Chapecoense-SC","2.04","3.62","3.78","1.01","11.50","1.27","3.70","1.91","1.91","3.32","1.32","6.25","1.09","1.75","2.10"
"25654","06-06-18 02:30","Brazil","Serie A Betano","2018","Sao Paulo","Internacional","2.14","3.08","3.78","1.07","6.95","1.46","2.53","2.74","1.48","5.55","1.14","10.50","1.01","2.20","1.67"
"25655","05-06-18 01:00","Brazil","Serie A Betano","2018","Parana","Fluminense","2.54","3.09","2.73","1.05","7.60","1.46","2.55","2.64","1.52","5.30","1.15","10.00","1.02","2.10","1.71"
"25656","04-06-18 00:00","Brazil","Serie A Betano","2018","Ceara","Cruzeiro","4.56","3.40","1.84","1.05","8.10","1.44","2.71","2.50","1.59","4.84","1.18","9.30","1.03","2.25","1.67"
"25657","03-06-18 21:00","Brazil","Serie A Betano","2018","America MG","Athletico-PR","2.43","3.32","3.11","1.03","8.70","1.40","2.86","2.38","1.63","4.50","1.20","8.60","1.04","2.00","1.88"
"25658","03-06-18 21:00","Brazil","Serie A Betano","2018","Bahia","Gremio","3.12","3.01","2.65","1.06","7.00","1.49","2.55","2.72","1.52","5.30","1.15","10.00","1.02","2.14","1.77"
"25659","03-06-18 21:00","Brazil","Serie A Betano","2018","Flamengo RJ","Corinthians","1.74","3.54","5.20","1.04","8.50","1.41","2.86","2.30","1.66","4.44","1.20","8.40","1.04","2.20","1.74"
"25660","03-06-18 21:00","Brazil","Serie A Betano","2018","Santos","Vitoria","1.56","4.22","5.85","1.04","8.00","1.23","3.98","1.84","2.04","3.00","1.38","5.50","1.11","1.85","2.00"
"25661","03-06-18 02:00","Brazil","Serie A Betano","2018","Palmeiras","Sao Paulo","2.07","3.32","3.92","1.03","9.20","1.33","3.10","2.20","1.74","3.98","1.24","7.60","1.05","1.99","1.89"
"25662","03-06-18 00:00","Brazil","Serie A Betano","2018","Vasco","Botafogo RJ","2.55","3.01","2.98","1.03","8.80","1.39","2.91","2.34","1.66","4.30","1.21","8.40","1.04","1.85","1.91"
"25663","02-06-18 21:00","Brazil","Serie A Betano","2018","Atletico-MG","Chapecoense-SC","1.53","3.10","6.95","1.02","10.00","1.32","3.32","2.08","1.83","3.70","1.27","6.95","1.07","2.02","1.87"
"25664","02-06-18 21:00","Brazil","Serie A Betano","2018","Internacional","Sport Recife","1.41","3.20","8.50","1.04","12.50","1.26","3.78","1.89","1.99","3.10","1.36","5.70","1.10","2.05","1.84"
"25665","01-06-18 02:00","Brazil","Serie A Betano","2018","Athletico-PR","Santos","2.41","3.19","3.15","1.03","9.60","1.33","3.26","2.17","1.77","3.78","1.26","7.40","1.06","1.90","1.98"
"25666","31-05-18 23:00","Brazil","Serie A Betano","2018","Corinthians","America MG","1.51","3.84","7.80","1.04","8.50","1.36","2.91","2.29","1.69","4.20","1.22","8.20","1.04","2.32","1.67"
"25667","31-05-18 21:00","Brazil","Serie A Betano","2018","Flamengo RJ","Bahia","1.42","4.24","9.20","1.03","9.00","1.35","3.05","2.20","1.73","4.10","1.23","7.70","1.05","2.35","1.66"
"25668","31-05-18 02:45","Brazil","Serie A Betano","2018","Cruzeiro","Palmeiras","2.12","3.44","3.68","1.02","9.80","1.34","3.20","2.19","1.76","3.98","1.24","7.50","1.06","2.00","1.86"
"25669","31-05-18 02:45","Brazil","Serie A Betano","2018","Gremio","Fluminense","1.38","4.94","8.50","1.01","10.50","1.34","3.20","2.14","1.79","3.88","1.25","7.40","1.06","2.41","1.60"
"25670","31-05-18 02:00","Brazil","Serie A Betano","2018","Chapecoense-SC","Ceara","1.95","3.28","4.60","1.05","7.60","1.44","2.71","2.57","1.57","4.94","1.17","9.60","1.03","2.11","1.67"
"25671","31-05-18 02:00","Brazil","Serie A Betano","2018","Sao Paulo","Botafogo RJ","1.58","3.88","6.15","1.03","9.10","1.40","2.91","2.32","1.68","4.30","1.21","8.40","1.04","2.20","1.71"
"25672","31-05-18 00:30","Brazil","Serie A Betano","2018","Sport Recife","Atletico-MG","2.77","3.24","2.75","1.03","9.40","1.34","3.15","2.22","1.73","4.10","1.23","7.80","1.05","1.80","2.00"
"25673","31-05-18 00:30","Brazil","Serie A Betano","2018","Vasco","Parana","1.89","3.26","4.62","1.06","7.30","1.48","2.58","2.62","1.55","5.10","1.16","9.90","1.02","2.20","1.72"
"25674","31-05-18 00:30","Brazil","Serie A Betano","2018","Vitoria","Internacional","3.52","3.16","2.34","1.05","8.10","1.41","2.86","2.46","1.62","4.60","1.19","9.00","1.03","2.05","1.82"
"25675","28-05-18 00:00","Brazil","Serie A Betano","2018","America MG","Sao Paulo","3.06","3.04","2.67","1.07","6.90","1.50","2.53","2.82","1.49","5.65","1.14","10.50","1.01","2.10","1.75"
"25676","28-05-18 00:00","Brazil","Serie A Betano","2018","Ceara","Gremio","3.76","3.18","2.12","1.06","7.40","1.47","2.61","2.68","1.53","5.30","1.15","10.00","1.02","2.20","1.74"
"25677","27-05-18 21:00","Brazil","Serie A Betano","2018","Bahia","Vasco","1.72","3.60","5.30","1.02","10.00","1.32","3.32","2.13","1.80","3.78","1.26","7.40","1.06","2.00","1.83"
"25678","27-05-18 21:00","Brazil","Serie A Betano","2018","Botafogo RJ","Vitoria","1.90","3.74","4.26","1.04","13.00","1.25","3.88","1.88","2.01","3.20","1.34","5.95","1.10","1.75","2.10"
"25679","27-05-18 21:00","Brazil","Serie A Betano","2018","Internacional","Corinthians","1.88","3.28","5.05","1.07","6.80","1.49","2.53","2.76","1.50","5.50","1.14","10.50","1.02","2.38","1.62"
"25680","27-05-18 21:00","Brazil","Serie A Betano","2018","Santos","Cruzeiro","2.80","3.13","2.83","1.04","8.30","1.40","2.86","2.43","1.63","4.54","1.19","8.80","1.03","2.05","1.80"
"25681","27-05-18 16:00","Brazil","Serie A Betano","2018","Parana","Athletico-PR","2.69","3.16","2.97","1.05","7.60","1.47","2.65","2.63","1.55","5.10","1.16","9.90","1.02","2.05","1.75"
"25682","27-05-18 02:00","Brazil","Serie A Betano","2018","Atletico-MG","Flamengo RJ","1.90","2.86","4.16","1.03","9.50","1.35","3.15","2.22","1.74","3.98","1.24","7.70","1.05","1.98","1.90"
"25683","27-05-18 00:00","Brazil","Serie A Betano","2018","Palmeiras","Sport Recife","1.34","4.98","10.00","1.03","8.10","1.20","4.20","1.81","2.06","2.90","1.38","5.55","1.11","2.10","1.74"
"25684","26-05-18 21:00","Brazil","Serie A Betano","2018","Fluminense","Chapecoense-SC","1.83","3.36","4.80","1.04","8.40","1.36","3.10","2.36","1.66","4.20","1.22","8.20","1.04","2.20","1.72"
"25685","22-05-18 01:00","Brazil","Serie A Betano","2018","Internacional","Chapecoense-SC","1.62","3.72","5.80","1.05","8.10","1.44","2.75","2.49","1.58","4.80","1.18","9.20","1.03","2.46","1.60"
"25686","21-05-18 00:00","Brazil","Serie A Betano","2018","Fluminense","Athletico-PR","1.93","3.46","4.24","1.01","11.00","1.29","3.54","2.03","1.88","3.46","1.30","6.65","1.08","1.85","1.96"
"25687","20-05-18 21:00","Brazil","Serie A Betano","2018","America MG","Botafogo RJ","2.35","3.32","3.38","1.03","9.40","1.35","3.15","2.22","1.73","4.10","1.23","7.80","1.05","2.00","1.83"
"25688","20-05-18 21:00","Brazil","Serie A Betano","2018","Parana","Gremio","4.78","3.56","1.78","1.05","8.10","1.44","2.75","2.51","1.60","4.80","1.18","9.20","1.03","2.15","1.69"
"25689","20-05-18 21:00","Brazil","Serie A Betano","2018","Sao Paulo","Santos","2.09","3.34","4.02","1.03","9.10","1.35","3.15","2.24","1.73","3.98","1.24","7.80","1.05","1.91","1.91"
"25690","20-05-18 21:00","Brazil","Serie A Betano","2018","Sport Recife","Corinthians","2.05","3.00","4.08","1.04","8.20","1.40","2.91","2.51","1.60","4.60","1.19","9.10","1.03","2.10","1.72"
"25691","20-05-18 16:00","Brazil","Serie A Betano","2018","Vitoria","Ceara","1.96","3.60","4.26","1.02","10.00","1.34","3.20","2.13","1.80","3.78","1.26","7.20","1.06","1.91","1.91"
"25692","20-05-18 02:00","Brazil","Serie A Betano","2018","Palmeiras","Bahia","1.38","4.64","9.60","","","1.26","3.78","1.90","2.00","3.10","1.36","5.75","1.10","2.20","1.70"
"25693","20-05-18 00:00","Brazil","Serie A Betano","2018","Flamengo RJ","Vasco","1.61","4.10","5.55","","","1.26","3.78","1.94","1.95","3.24","1.33","6.10","1.09","1.94","1.94"
"25694","19-05-18 21:00","Brazil","Serie A Betano","2018","Atletico-MG","Cruzeiro","2.04","3.40","4.12","1.03","8.70","1.40","2.91","2.35","1.66","4.30","1.21","8.40","1.04","2.05","1.85"
"25695","15-05-18 01:00","Brazil","Serie A Betano","2018","Botafogo RJ","Fluminense","2.53","3.20","3.04","1.03","8.70","1.39","2.91","2.34","1.66","4.30","1.21","8.40","1.04","2.00","1.87"
"25696","15-05-18 01:00","Brazil","Serie A Betano","2018","Ceara","America MG","2.01","2.69","3.52","1.04","8.20","1.44","2.75","2.47","1.61","4.70","1.18","9.10","1.03","2.10","1.76"
"25697","14-05-18 00:00","Brazil","Serie A Betano","2018","Santos","Parana","1.53","3.88","7.30","1.02","10.00","1.32","3.32","2.14","1.74","3.78","1.26","7.20","1.06","2.18","1.74"
"25698","13-05-18 21:00","Brazil","Serie A Betano","2018","Athletico-PR","Atletico-MG","2.46","3.24","3.22","1.03","9.50","1.35","3.15","2.16","1.78","3.78","1.26","7.30","1.06","1.83","2.07"
"25699","13-05-18 21:00","Brazil","Serie A Betano","2018","Bahia","Sao Paulo","2.40","3.18","3.44","1.04","8.30","1.40","2.91","2.40","1.64","4.44","1.20","8.70","1.03","2.00","1.80"
"25700","13-05-18 21:00","Brazil","Serie A Betano","2018","Chapecoense-SC","Flamengo RJ","3.22","3.17","2.50","1.05","7.70","1.45","2.71","2.57","1.57","4.94","1.17","9.70","1.03","2.00","1.78"
"25701","13-05-18 21:00","Brazil","Serie A Betano","2018","Corinthians","Palmeiras","3.00","3.06","2.75","1.05","7.80","1.42","2.83","2.50","1.60","4.70","1.18","9.20","1.03","2.00","1.80"
"25702","13-05-18 21:00","Brazil","Serie A Betano","2018","Vasco","Vitoria","1.91","3.50","4.50","1.01","11.00","1.29","3.58","2.00","1.88","3.46","1.30","6.65","1.08","1.85","1.91"
"25703","13-05-18 16:00","Brazil","Serie A Betano","2018","Cruzeiro","Sport Recife","1.42","4.68","8.40","1.01","11.50","1.29","3.54","1.99","1.91","3.46","1.30","6.40","1.08","2.21","1.67"
"25704","12-05-18 21:00","Brazil","Serie A Betano","2018","Gremio","Internacional","1.92","3.10","5.20","1.08","6.45","1.54","2.45","2.75","1.51","5.40","1.14","10.50","1.02","2.35","1.62"
"25705","08-05-18 01:00","Brazil","Serie A Betano","2018","Chapecoense-SC","Parana","1.73","3.44","5.50","1.06","7.10","1.52","2.50","2.68","1.53","5.30","1.15","10.00","1.02","2.30","1.60"
"25706","07-05-18 00:00","Brazil","Serie A Betano","2018","Gremio","Santos","1.61","3.94","6.15","1.03","8.70","1.43","2.79","2.38","1.65","4.44","1.20","8.60","1.04","2.38","1.61"
"25707","07-05-18 00:00","Brazil","Serie A Betano","2018","Sport Recife","Bahia","2.34","3.30","3.36","1.03","9.60","1.34","3.20","2.19","1.76","3.88","1.25","7.50","1.06","1.87","1.95"
"25708","06-05-18 21:00","Brazil","Serie A Betano","2018","Athletico-PR","Palmeiras","2.88","2.81","2.63","1.04","8.50","1.38","3.00","2.35","1.66","4.30","1.21","8.40","1.04","1.95","1.86"
"25709","06-05-18 21:00","Brazil","Serie A Betano","2018","Cruzeiro","Botafogo RJ","1.49","4.44","7.90","1.02","10.00","1.36","3.10","2.22","1.74","4.10","1.23","7.80","1.05","2.33","1.57"
"25710","06-05-18 21:00","Brazil","Serie A Betano","2018","Flamengo RJ","Internacional","1.80","3.60","5.00","1.04","8.30","1.43","2.79","2.47","1.61","4.74","1.18","9.10","1.03","2.20","1.67"
"25711","06-05-18 21:00","Brazil","Serie A Betano","2018","Vitoria","Fluminense","2.10","3.54","3.80","1.01","10.50","1.30","3.46","2.05","1.85","3.58","1.29","6.80","1.07","1.73","2.10"
"25712","06-05-18 16:00","Brazil","Serie A Betano","2018","Corinthians","Ceara","1.68","3.50","6.05","1.05","8.20","1.39","2.95","2.40","1.64","4.44","1.20","8.70","1.03","2.30","1.67"
"25713","06-05-18 00:00","Brazil","Serie A Betano","2018","Sao Paulo","Atletico-MG","2.08","3.44","3.94","1.03","9.10","1.38","3.00","2.30","1.69","4.30","1.21","8.10","1.05","1.99","1.89"
"25714","06-05-18 00:00","Brazil","Serie A Betano","2018","Vasco","America MG","2.03","3.36","4.20","1.03","8.80","1.37","3.05","2.31","1.69","4.20","1.22","8.10","1.05","2.05","1.83"
"25715","01-05-18 01:00","Brazil","Serie A Betano","2018","America MG","Vitoria","2.11","3.24","4.16","1.05","8.10","1.42","2.83","2.39","1.65","4.44","1.20","8.60","1.04","2.04","1.83"
"25716","30-04-18 00:00","Brazil","Serie A Betano","2018","Internacional","Cruzeiro","1.87","3.30","5.05","1.06","7.10","1.51","2.53","2.66","1.54","5.10","1.16","9.90","1.02","2.30","1.67"
"25717","29-04-18 21:00","Brazil","Serie A Betano","2018","Atletico-MG","Corinthians","2.02","3.42","4.24","1.03","8.70","1.40","2.91","2.31","1.69","4.20","1.22","8.10","1.05","2.00","1.82"
"25718","29-04-18 21:00","Brazil","Serie A Betano","2018","Bahia","Athletico-PR","2.04","3.36","4.18","1.03","8.70","1.41","2.86","2.26","1.72","4.10","1.23","7.80","1.05","2.00","1.80"
"25719","29-04-18 21:00","Brazil","Serie A Betano","2018","Ceara","Flamengo RJ","3.38","3.26","2.36","1.04","8.40","1.44","2.75","2.39","1.65","4.44","1.20","8.60","1.04","2.00","1.80"
"25720","29-04-18 21:00","Brazil","Serie A Betano","2018","Fluminense","Sao Paulo","2.57","3.26","3.06","1.03","9.00","1.38","3.00","2.23","1.73","3.98","1.24","7.80","1.05","1.91","1.91"
"25721","29-04-18 21:00","Brazil","Serie A Betano","2018","Palmeiras","Chapecoense-SC","1.31","5.10","12.00","1.04","12.50","1.26","3.78","1.89","2.00","3.15","1.35","5.80","1.10","2.38","1.61"
"25722","29-04-18 21:00","Brazil","Serie A Betano","2018","Parana","Sport Recife","2.25","3.34","3.54","1.03","8.80","1.40","2.91","2.31","1.69","4.20","1.22","8.10","1.05","2.00","1.83"
"25723","28-04-18 21:00","Brazil","Serie A Betano","2018","Botafogo RJ","Gremio","2.68","3.13","3.03","1.05","7.80","1.45","2.71","2.48","1.61","4.60","1.19","9.10","1.03","2.05","1.80"
"25724","24-04-18 01:00","Brazil","Serie A Betano","2018","Sport Recife","Botafogo RJ","2.24","3.24","3.46","1.03","8.80","1.38","3.00","2.33","1.68","4.30","1.21","8.40","1.04","1.95","1.85"
"25725","23-04-18 00:00","Brazil","Serie A Betano","2018","Gremio","Athletico-PR","1.61","3.84","6.40","1.04","8.40","1.43","2.79","2.39","1.65","4.44","1.20","8.60","1.04","2.30","1.62"
"25726","22-04-18 21:00","Brazil","Serie A Betano","2018","Atletico-MG","Vitoria","1.59","4.24","6.30","1.04","13.00","1.25","3.88","1.88","2.03","3.15","1.35","5.80","1.10","1.90","1.95"
"25727","22-04-18 21:00","Brazil","Serie A Betano","2018","Ceara","Sao Paulo","3.13","3.30","2.49","1.03","8.70","1.40","2.91","2.35","1.66","4.30","1.21","8.40","1.04","2.00","1.85"
"25728","22-04-18 21:00","Brazil","Serie A Betano","2018","Chapecoense-SC","Vasco","1.91","3.46","4.72","1.03","9.30","1.37","3.08","2.19","1.76","3.88","1.25","7.50","1.06","2.00","1.84"
"25729","22-04-18 21:00","Brazil","Serie A Betano","2018","Fluminense","Cruzeiro","2.69","3.22","2.94","1.03","8.90","1.38","3.00","2.26","1.72","4.10","1.23","7.80","1.05","1.91","1.91"
"25730","22-04-18 21:00","Brazil","Serie A Betano","2018","Palmeiras","Internacional","1.64","3.84","6.40","1.03","9.10","1.38","3.00","2.29","1.70","4.20","1.22","8.40","1.04","2.25","1.65"
"25731","22-04-18 16:00","Brazil","Serie A Betano","2018","Parana","Corinthians","4.18","3.00","2.21","1.08","6.40","1.54","2.45","2.94","1.46","5.90","1.13","","","2.30","1.62"
"25732","22-04-18 00:00","Brazil","Serie A Betano","2018","Flamengo RJ","America MG","1.43","4.60","8.50","1.01","11.00","1.29","3.54","2.00","1.90","3.46","1.30","6.40","1.08","2.23","1.67"
"25733","21-04-18 21:00","Brazil","Serie A Betano","2018","Bahia","Santos","2.34","3.22","3.48","1.05","8.20","1.42","2.83","2.43","1.63","4.60","1.19","8.70","1.03","2.00","1.86"
"25734","17-04-18 01:00","Brazil","Serie A Betano","2018","Botafogo RJ","Palmeiras","3.80","3.32","2.13","1.03","8.80","1.39","2.95","2.35","1.66","4.30","1.21","8.40","1.04","2.00","1.84"
"25735","17-04-18 01:00","Brazil","Serie A Betano","2018","Sao Paulo","Parana","1.42","4.32","8.90","1.02","9.80","1.33","3.24","2.16","1.78","3.88","1.25","7.30","1.06","2.38","1.57"
"25736","16-04-18 00:00","Brazil","Serie A Betano","2018","Athletico-PR","Chapecoense-SC","2.14","3.26","3.92","1.05","8.10","1.42","2.83","2.47","1.61","4.74","1.18","9.10","1.03","2.05","1.78"
"25737","15-04-18 21:00","Brazil","Serie A Betano","2018","Corinthians","Fluminense","1.65","3.72","6.40","1.05","8.00","1.43","2.79","2.49","1.60","4.74","1.18","9.30","1.03","2.30","1.58"
"25738","15-04-18 21:00","Brazil","Serie A Betano","2018","Internacional","Bahia","1.81","3.46","5.40","1.03","9.00","1.36","3.10","2.27","1.71","4.10","1.23","8.10","1.05","2.10","1.75"
"25739","15-04-18 21:00","Brazil","Serie A Betano","2018","Vasco","Atletico-MG","2.95","3.22","2.64","1.03","9.70","1.34","3.20","2.16","1.78","3.88","1.25","7.50","1.06","1.83","2.07"
"25740","15-04-18 16:00","Brazil","Serie A Betano","2018","America MG","Sport Recife","2.01","3.34","4.38","1.03","8.70","1.38","3.00","2.32","1.68","4.20","1.22","8.10","1.05","2.00","1.80"
"25741","15-04-18 02:00","Brazil","Serie A Betano","2018","Santos","Ceara","1.54","4.10","6.45","1.01","11.00","1.30","3.46","2.05","1.86","3.58","1.29","6.80","1.07","2.00","1.83"
"25742","15-04-18 00:00","Brazil","Serie A Betano","2018","Vitoria","Flamengo RJ","3.48","3.40","2.24","1.02","10.50","1.31","3.40","2.08","1.83","3.62","1.28","6.80","1.07","1.81","2.00"
"25743","14-04-18 21:00","Brazil","Serie A Betano","2018","Cruzeiro","Gremio","2.09","3.20","4.30","1.06","7.40","1.44","2.75","2.60","1.56","4.74","1.18","9.50","1.03","2.20","1.70"
"25744","03-12-17 20:00","Brazil","Serie A Betano","2017","Athletico-PR","Palmeiras","2.86","3.52","2.47","1.03","10.00","1.17","4.64","1.70","2.23","2.57","1.47","4.50","1.15","1.62","2.39"
"25745","03-12-17 20:00","Brazil","Serie A Betano","2017","Atletico GO","Fluminense","2.32","3.54","3.06","1.04","9.50","1.18","4.50","1.76","2.14","2.70","1.43","4.80","1.13","1.62","2.39"
"25746","03-12-17 20:00","Brazil","Serie A Betano","2017","Atletico-MG","Gremio","1.25","6.20","11.50","1.02","12.00","1.17","4.70","1.67","2.29","2.54","1.48","4.44","1.15","2.32","1.67"
"25747","03-12-17 20:00","Brazil","Serie A Betano","2017","Botafogo RJ","Cruzeiro","1.79","3.62","4.90","1.02","9.20","1.32","3.20","2.22","1.71","3.90","1.23","7.40","1.05","2.12","1.79"
"25748","03-12-17 20:00","Brazil","Serie A Betano","2017","Chapecoense-SC","Coritiba","2.20","3.52","3.34","1.05","8.50","1.24","3.80","1.95","1.91","3.20","1.32","5.80","1.09","1.75","2.11"
"25749","03-12-17 20:00","Brazil","Serie A Betano","2017","Santos","Avai","2.03","3.72","3.58","1.03","10.00","1.18","4.50","1.74","2.17","2.70","1.43","4.80","1.13","1.62","2.29"
"25750","03-12-17 20:00","Brazil","Serie A Betano","2017","Sao Paulo","Bahia","1.70","4.04","4.90","1.05","12.00","1.21","4.10","1.83","2.04","2.94","1.37","5.50","1.10","1.86","2.02"
"25751","03-12-17 20:00","Brazil","Serie A Betano","2017","Sport Recife","Corinthians","1.38","5.05","7.90","1.03","10.50","1.18","4.50","1.71","2.21","2.65","1.45","4.74","1.14","2.00","1.84"
"25752","03-12-17 20:00","Brazil","Serie A Betano","2017","Vasco","Ponte Preta","1.32","5.30","9.20","1.03","10.00","1.22","3.98","1.86","2.01","3.04","1.35","5.50","1.10","2.25","1.67"
"25753","03-12-17 20:00","Brazil","Serie A Betano","2017","Vitoria","Flamengo RJ","2.18","3.54","3.32","1.01","11.00","1.21","4.10","1.85","2.02","2.94","1.37","5.50","1.10","1.67","2.17"
"25754","27-11-17 23:00","Brazil","Serie A Betano","2017","Palmeiras","Botafogo RJ","1.79","3.86","4.56","1.04","9.50","1.24","3.98","1.91","1.98","3.15","1.35","6.00","1.10","1.80","2.11"
"25755","26-11-17 22:00","Brazil","Serie A Betano","2017","Bahia","Chapecoense-SC","1.73","3.96","5.10","1.05","12.00","1.21","4.30","1.81","2.11","2.86","1.41","5.30","1.12","1.75","2.09"
"25756","26-11-17 22:00","Brazil","Serie A Betano","2017","Flamengo RJ","Santos","1.60","2.90","6.25","1.01","11.00","1.27","3.70","2.05","1.86","3.46","1.30","6.60","1.08","1.94","1.94"
"25757","26-11-17 20:00","Brazil","Serie A Betano","2017","Avai","Athletico-PR","2.69","3.26","2.76","","","1.25","3.72","2.00","1.87","3.26","1.31","6.20","1.08","1.75","2.10"
"25758","26-11-17 20:00","Brazil","Serie A Betano","2017","Corinthians","Atletico-MG","2.18","3.54","3.40","1.04","9.50","1.22","4.10","1.86","2.03","2.99","1.37","5.60","1.10","1.70","2.25"
"25759","26-11-17 20:00","Brazil","Serie A Betano","2017","Coritiba","Sao Paulo","2.01","3.54","4.10","1.02","10.50","1.30","3.46","2.12","1.81","3.62","1.28","7.00","1.06","1.91","1.95"
"25760","26-11-17 20:00","Brazil","Serie A Betano","2017","Cruzeiro","Vasco","1.95","3.50","4.16","1.04","9.50","1.22","4.00","1.89","1.97","2.98","1.37","5.50","1.10","1.75","2.10"
"25761","26-11-17 20:00","Brazil","Serie A Betano","2017","Gremio","Atletico GO","1.79","3.60","5.00","1.03","9.70","1.31","3.40","2.20","1.75","3.78","1.26","7.50","1.06","2.06","1.84"
"25762","26-11-17 20:00","Brazil","Serie A Betano","2017","Ponte Preta","Vitoria","2.18","3.54","3.56","1.01","11.50","1.26","3.78","1.96","1.94","3.15","1.35","6.00","1.10","1.73","2.02"
"25763","25-11-17 20:00","Brazil","Serie A Betano","2017","Fluminense","Sport Recife","2.16","3.52","3.36","1.04","9.50","1.20","4.24","1.73","2.11","2.78","1.41","5.00","1.12","1.67","2.31"
"25764","20-11-17 23:00","Brazil","Serie A Betano","2017","Avai","Palmeiras","3.76","3.74","1.94","1.04","9.50","1.22","4.20","1.83","2.05","2.95","1.38","5.50","1.11","1.67","2.22"
"25765","20-11-17 20:00","Brazil","Serie A Betano","2017","Fluminense","Ponte Preta","1.86","3.46","4.82","1.02","9.80","1.31","3.40","2.17","1.77","3.78","1.26","7.30","1.06","1.94","1.94"
"25766","19-11-17 22:00","Brazil","Serie A Betano","2017","Athletico-PR","Vasco","2.14","3.38","3.82","1.03","9.20","1.33","3.24","2.27","1.71","3.98","1.24","7.80","1.05","1.99","1.89"
"25767","19-11-17 22:00","Brazil","Serie A Betano","2017","Atletico-MG","Coritiba","1.61","4.30","5.90","1.03","10.00","1.19","4.60","1.76","2.17","2.75","1.44","4.90","1.14","1.80","2.10"
"25768","19-11-17 22:00","Brazil","Serie A Betano","2017","Santos","Gremio","1.50","4.30","7.40","1.02","10.50","1.29","3.54","2.10","1.80","3.62","1.28","6.80","1.07","2.17","1.75"
"25769","19-11-17 20:00","Brazil","Serie A Betano","2017","Atletico GO","Chapecoense-SC","2.53","3.40","2.99","1.02","10.50","1.29","3.54","2.11","1.81","3.58","1.29","6.80","1.07","1.80","2.08"
"25770","19-11-17 20:00","Brazil","Serie A Betano","2017","Flamengo RJ","Corinthians","1.72","3.74","5.50","1.02","10.00","1.32","3.32","2.23","1.73","3.98","1.24","7.80","1.05","2.06","1.84"
"25771","19-11-17 20:00","Brazil","Serie A Betano","2017","Sao Paulo","Botafogo RJ","2.15","3.38","3.58","1.02","10.00","1.31","3.40","2.20","1.75","3.78","1.26","7.30","1.06","1.91","1.95"
"25772","19-11-17 20:00","Brazil","Serie A Betano","2017","Sport Recife","Bahia","2.08","3.84","3.44","1.02","10.00","1.21","4.30","1.81","2.11","2.86","1.41","5.30","1.12","1.68","2.20"
"25773","19-11-17 20:00","Brazil","Serie A Betano","2017","Vitoria","Cruzeiro","2.07","3.66","3.76","1.01","10.50","1.23","4.10","1.90","2.00","3.08","1.37","5.80","1.10","1.70","2.20"
"25774","17-11-17 00:00","Brazil","Serie A Betano","2017","Bahia","Santos","1.95","3.48","4.06","1.03","8.70","1.24","3.88","1.96","1.91","3.24","1.33","6.30","1.09","1.90","1.98"
"25775","17-11-17 00:00","Brazil","Serie A Betano","2017","Coritiba","Flamengo RJ","3.10","3.26","2.46","1.03","9.10","1.32","3.24","2.19","1.70","3.98","1.24","7.80","1.05","1.91","1.95"
"25776","16-11-17 23:00","Brazil","Serie A Betano","2017","Botafogo RJ","Atletico GO","1.48","4.38","7.10","1.01","11.50","1.23","3.88","1.96","1.90","3.24","1.33","6.10","1.09","2.11","1.80"
"25777","16-11-17 23:00","Brazil","Serie A Betano","2017","Chapecoense-SC","Vitoria","2.54","3.32","2.99","1.02","10.00","1.29","3.58","2.09","1.80","3.58","1.29","6.80","1.07","1.78","2.10"
"25778","16-11-17 23:00","Brazil","Serie A Betano","2017","Palmeiras","Sport Recife","1.54","4.38","5.90","1.02","14.50","1.17","4.74","1.70","2.25","2.65","1.44","4.70","1.15","1.75","2.15"
"25779","16-11-17 00:45","Brazil","Serie A Betano","2017","Corinthians","Fluminense","1.52","4.10","6.85","1.02","10.50","1.28","3.62","2.04","1.80","3.54","1.29","6.80","1.07","2.10","1.80"
"25780","16-11-17 00:45","Brazil","Serie A Betano","2017","Vasco","Atletico-MG","2.67","3.28","2.81","1.02","10.50","1.27","3.70","2.03","1.86","3.40","1.31","6.40","1.08","1.80","2.10"
"25781","15-11-17 22:30","Brazil","Serie A Betano","2017","Cruzeiro","Avai","1.45","4.34","7.80","1.01","11.00","1.28","3.54","2.00","1.87","3.46","1.30","6.40","1.08","2.25","1.70"
"25782","15-11-17 22:30","Brazil","Serie A Betano","2017","Gremio","Sao Paulo","1.95","3.22","4.42","1.05","8.10","1.36","3.05","2.40","1.64","4.30","1.21","8.40","1.04","2.10","1.80"
"25783","15-11-17 20:00","Brazil","Serie A Betano","2017","Ponte Preta","Athletico-PR","2.08","3.40","3.66","1.03","9.50","1.34","3.20","2.31","1.70","4.10","1.23","8.10","1.05","1.95","1.90"
"25784","13-11-17 23:00","Brazil","Serie A Betano","2017","Chapecoense-SC","Santos","2.38","2.71","2.93","1.03","9.20","1.34","3.20","2.26","1.66","4.10","1.23","8.10","1.05","1.95","1.91"
"25785","12-11-17 22:00","Brazil","Serie A Betano","2017","Coritiba","Ponte Preta","1.79","3.72","4.66","1.02","10.50","1.29","3.54","2.13","1.80","3.70","1.27","7.00","1.06","1.97","1.92"
"25786","12-11-17 22:00","Brazil","Serie A Betano","2017","Cruzeiro","Fluminense","1.69","3.84","5.40","1.01","11.50","1.27","3.70","2.05","1.86","3.46","1.30","6.60","1.08","1.98","1.90"
"25787","12-11-17 21:00","Brazil","Serie A Betano","2017","Bahia","Atletico-MG","2.19","3.44","3.54","1.05","11.00","1.22","4.14","1.89","2.01","3.05","1.37","5.80","1.10","1.70","2.20"
"25788","12-11-17 20:00","Brazil","Serie A Betano","2017","Atletico GO","Sport Recife","3.24","3.46","2.35","","","1.23","4.10","1.91","1.99","3.05","1.37","5.80","1.10","1.74","2.19"
"25789","12-11-17 20:00","Brazil","Serie A Betano","2017","Gremio","Vitoria","1.80","3.64","4.34","1.02","10.00","1.24","3.98","1.92","1.95","3.15","1.35","6.00","1.10","1.76","2.00"
"25790","12-11-17 20:00","Brazil","Serie A Betano","2017","Palmeiras","Flamengo RJ","1.98","3.62","4.06","","","1.24","3.98","1.94","1.95","3.20","1.34","6.00","1.10","1.75","2.10"
"25791","12-11-17 20:00","Brazil","Serie A Betano","2017","Vasco","Sao Paulo","2.94","3.22","2.67","1.03","9.30","1.32","3.32","2.23","1.73","3.88","1.25","7.50","1.06","1.94","1.94"
"25792","11-11-17 22:00","Brazil","Serie A Betano","2017","Corinthians","Avai","1.40","4.64","8.80","1.01","11.50","1.26","3.78","2.00","1.90","3.32","1.32","6.30","1.09","2.19","1.74"
"25793","11-11-17 20:00","Brazil","Serie A Betano","2017","Botafogo RJ","Athletico-PR","2.04","3.42","3.84","1.03","8.90","1.36","3.10","2.35","1.66","4.20","1.22","8.10","1.05","2.05","1.85"
"25794","10-11-17 00:00","Brazil","Serie A Betano","2017","Fluminense","Coritiba","1.92","3.48","4.18","1.02","10.50","1.27","3.62","2.07","1.82","3.54","1.29","6.80","1.07","1.90","1.98"
"25795","09-11-17 23:00","Brazil","Serie A Betano","2017","Atletico-MG","Atletico GO","1.31","5.60","10.50","1.01","15.00","1.18","4.74","1.68","2.26","2.65","1.47","4.84","1.14","2.09","1.82"
"25796","09-11-17 23:00","Brazil","Serie A Betano","2017","Sao Paulo","Chapecoense-SC","1.57","4.08","6.00","1.01","11.00","1.29","3.54","2.01","1.82","3.62","1.28","6.80","1.07","2.08","1.75"
"25797","09-11-17 00:45","Brazil","Serie A Betano","2017","Flamengo RJ","Cruzeiro","1.75","3.30","5.15","1.02","10.00","1.31","3.40","2.19","1.75","3.78","1.26","7.50","1.06","1.99","1.89"
"25798","09-11-17 00:45","Brazil","Serie A Betano","2017","Santos","Vasco","1.55","4.24","6.05","1.02","10.50","1.25","3.88","1.92","1.95","3.05","1.37","5.60","1.11","1.95","1.91"
"25799","09-11-17 00:45","Brazil","Serie A Betano","2017","Vitoria","Palmeiras","2.93","3.54","2.35","1.04","12.50","1.26","3.78","1.92","1.96","3.15","1.35","5.80","1.10","1.66","2.10"
"25800","09-11-17 00:00","Brazil","Serie A Betano","2017","Athletico-PR","Corinthians","2.52","3.07","2.86","1.05","7.90","1.41","2.86","2.54","1.58","4.74","1.18","9.30","1.03","2.02","1.87"
"25801","09-11-17 00:00","Brazil","Serie A Betano","2017","Sport Recife","Botafogo RJ","2.07","3.54","3.78","1.02","10.50","1.29","3.54","2.11","1.81","3.58","1.29","6.80","1.07","1.91","1.95"
"25802","08-11-17 22:30","Brazil","Serie A Betano","2017","Avai","Bahia","2.85","3.19","2.77","1.04","8.30","1.39","2.91","2.41","1.63","4.44","1.20","8.60","1.04","1.97","1.92"
"25803","08-11-17 22:30","Brazil","Serie A Betano","2017","Ponte Preta","Gremio","2.31","3.20","3.36","1.06","7.60","1.43","2.73","2.67","1.52","5.30","1.15","10.50","1.02","2.15","1.74"
"25804","05-11-17 22:00","Brazil","Serie A Betano","2017","Chapecoense-SC","Sport Recife","2.41","3.18","3.40","1.02","9.90","1.27","3.70","2.06","1.84","3.40","1.31","6.60","1.08","1.81","2.09"
"25805","05-11-17 22:00","Brazil","Serie A Betano","2017","Vasco","Vitoria","2.19","3.26","3.82","1.02","10.50","1.27","3.70","2.07","1.84","3.40","1.31","6.60","1.08","1.75","2.07"
"25806","05-11-17 21:00","Brazil","Serie A Betano","2017","Bahia","Ponte Preta","1.78","3.62","5.40","1.03","8.90","1.35","3.15","2.32","1.68","4.14","1.22","8.10","1.05","2.15","1.77"
"25807","05-11-17 20:00","Brazil","Serie A Betano","2017","Corinthians","Palmeiras","2.45","3.12","3.36","1.05","7.90","1.38","3.00","2.49","1.60","4.44","1.20","9.10","1.03","1.99","1.89"
"25808","05-11-17 20:00","Brazil","Serie A Betano","2017","Cruzeiro","Athletico-PR","1.86","3.44","5.15","1.04","8.30","1.36","3.10","2.36","1.66","4.14","1.22","8.10","1.05","2.07","1.83"
"25809","05-11-17 20:00","Brazil","Serie A Betano","2017","Gremio","Flamengo RJ","2.39","3.16","3.44","1.06","7.20","1.45","2.68","2.73","1.51","5.30","1.15","10.50","1.02","2.10","1.78"
"25810","05-11-17 00:00","Brazil","Serie A Betano","2017","Coritiba","Avai","1.78","3.68","5.30","1.03","9.20","1.33","3.24","2.28","1.71","4.10","1.23","7.80","1.05","2.05","1.79"
"25811","04-11-17 22:00","Brazil","Serie A Betano","2017","Atletico GO","Sao Paulo","3.84","3.64","2.05","1.01","11.50","1.26","3.78","2.01","1.89","3.32","1.32","6.30","1.09","1.80","2.10"
"25812","04-11-17 22:00","Brazil","Serie A Betano","2017","Botafogo RJ","Fluminense","2.04","3.40","4.12","1.03","9.00","1.35","3.15","2.29","1.65","4.10","1.23","7.80","1.05","1.94","1.94"
"25813","04-11-17 20:00","Brazil","Serie A Betano","2017","Santos","Atletico-MG","2.25","3.44","3.48","1.01","11.00","1.29","3.58","2.01","1.89","3.40","1.31","6.40","1.08","1.77","2.05"
"25814","30-10-17 23:00","Brazil","Serie A Betano","2017","Palmeiras","Cruzeiro","1.69","3.80","5.05","1.02","10.50","1.31","3.40","2.16","1.77","3.78","1.26","7.30","1.06","2.05","1.82"
"25815","29-10-17 22:00","Brazil","Serie A Betano","2017","Avai","Gremio","2.45","3.09","3.36","1.07","6.90","1.48","2.61","2.83","1.49","5.50","1.14","11.50","1.01","2.20","1.72"
"25816","29-10-17 21:00","Brazil","Serie A Betano","2017","Sport Recife","Coritiba","1.90","3.62","4.54","1.02","10.50","1.30","3.46","2.11","1.81","3.70","1.27","7.00","1.06","1.95","1.93"
"25817","29-10-17 21:00","Brazil","Serie A Betano","2017","Vitoria","Atletico GO","1.63","4.34","5.55","1.04","15.00","1.19","4.60","1.74","2.22","2.68","1.46","4.84","1.14","1.70","2.10"
"25818","29-10-17 20:00","Brazil","Serie A Betano","2017","Atletico-MG","Botafogo RJ","1.69","3.94","5.65","1.01","11.50","1.26","3.70","2.03","1.88","3.40","1.31","6.40","1.08","2.02","1.87"
"25819","29-10-17 20:00","Brazil","Serie A Betano","2017","Fluminense","Bahia","2.09","3.48","3.84","1.02","10.50","1.28","3.62","2.07","1.83","3.46","1.30","6.60","1.08","1.89","2.00"
"25820","29-10-17 20:00","Brazil","Serie A Betano","2017","Ponte Preta","Corinthians","3.48","3.34","2.24","1.05","7.80","1.43","2.79","2.61","1.56","4.90","1.17","9.70","1.03","2.07","1.83"
"25821","29-10-17 01:00","Brazil","Serie A Betano","2017","Athletico-PR","Chapecoense-SC","1.83","3.68","4.86","1.02","9.90","1.31","3.40","2.20","1.75","3.78","1.26","7.50","1.06","1.98","1.90"
"25822","28-10-17 23:00","Brazil","Serie A Betano","2017","Flamengo RJ","Vasco","1.73","3.76","5.50","1.03","9.10","1.35","3.15","2.33","1.68","4.14","1.22","8.10","1.05","2.15","1.73"
"25823","28-10-17 21:00","Brazil","Serie A Betano","2017","Sao Paulo","Santos","2.04","3.54","3.94","1.03","9.20","1.35","3.15","2.33","1.68","4.14","1.22","8.10","1.05","2.09","1.81"
"25824","24-10-17 00:00","Brazil","Serie A Betano","2017","Botafogo RJ","Corinthians","2.76","3.08","2.82","1.06","7.40","1.43","2.79","2.63","1.55","4.90","1.17","9.70","1.02","2.15","1.75"
"25825","22-10-17 23:00","Brazil","Serie A Betano","2017","Chapecoense-SC","Fluminense","2.06","3.62","3.78","1.01","11.50","1.26","3.78","2.01","1.89","3.40","1.31","6.30","1.09","1.80","2.02"
"25826","22-10-17 23:00","Brazil","Serie A Betano","2017","Ponte Preta","Avai","1.71","3.70","5.95","1.04","8.40","1.38","3.00","2.43","1.63","4.44","1.20","8.60","1.04","2.34","1.66"
"25827","22-10-17 21:00","Brazil","Serie A Betano","2017","Athletico-PR","Sport Recife","1.97","3.68","4.12","1.02","10.00","1.31","3.40","2.16","1.78","3.70","1.27","7.00","1.06","1.98","1.90"
"25828","22-10-17 21:00","Brazil","Serie A Betano","2017","Bahia","Vitoria","2.21","3.42","3.60","1.02","10.50","1.28","3.62","2.09","1.83","3.54","1.29","6.60","1.08","1.78","1.95"
"25829","22-10-17 21:00","Brazil","Serie A Betano","2017","Cruzeiro","Atletico-MG","2.03","3.48","4.06","1.02","9.80","1.30","3.46","2.16","1.78","3.70","1.27","7.00","1.06","1.92","1.97"
"25830","22-10-17 21:00","Brazil","Serie A Betano","2017","Gremio","Palmeiras","3.02","3.13","2.69","1.06","7.60","1.41","2.86","2.55","1.58","4.74","1.18","9.50","1.03","2.07","1.83"
"25831","22-10-17 21:00","Brazil","Serie A Betano","2017","Santos","Atletico GO","1.45","4.44","7.60","1.01","11.50","1.27","3.70","2.03","1.88","3.40","1.31","6.40","1.08","2.07","1.83"
"25832","22-10-17 21:00","Brazil","Serie A Betano","2017","Sao Paulo","Flamengo RJ","2.43","3.40","3.14","1.03","9.70","1.32","3.32","2.20","1.75","3.78","1.26","7.30","1.06","1.82","2.02"
"25833","21-10-17 21:00","Brazil","Serie A Betano","2017","Vasco","Coritiba","2.02","3.40","4.12","1.04","8.60","1.36","3.10","2.36","1.66","4.20","1.22","8.40","1.04","2.05","1.80"
"25834","20-10-17 01:00","Brazil","Serie A Betano","2017","Flamengo RJ","Bahia","1.45","4.54","7.90","1.01","11.50","1.25","3.88","1.97","1.93","3.24","1.33","6.00","1.10","2.10","1.76"
"25835","20-10-17 01:00","Brazil","Serie A Betano","2017","Sport Recife","Santos","1.97","3.80","3.68","","","1.26","3.78","1.98","1.92","3.32","1.32","6.30","1.09","1.75","2.10"
"25836","20-10-17 00:00","Brazil","Serie A Betano","2017","Palmeiras","Ponte Preta","1.45","4.30","8.10","1.01","11.00","1.27","3.70","2.04","1.87","3.40","1.31","6.40","1.08","2.15","1.75"
"25837","20-10-17 00:00","Brazil","Serie A Betano","2017","Vitoria","Athletico-PR","2.28","3.32","3.48","1.02","9.90","1.30","3.46","2.12","1.79","3.62","1.28","7.00","1.06","1.74","1.97"
"25838","19-10-17 01:45","Brazil","Serie A Betano","2017","Avai","Botafogo RJ","2.84","3.11","2.76","1.06","7.40","1.45","2.71","2.71","1.53","5.10","1.16","10.50","1.02","2.07","1.83"
"25839","19-10-17 01:45","Brazil","Serie A Betano","2017","Corinthians","Gremio","2.10","3.19","4.10","1.06","7.10","1.46","2.68","2.76","1.50","5.30","1.15","10.50","1.02","2.37","1.65"
"25840","19-10-17 01:45","Brazil","Serie A Betano","2017","Fluminense","Sao Paulo","2.74","3.38","2.72","1.01","11.00","1.27","3.70","2.04","1.87","3.40","1.31","6.40","1.08","1.80","2.10"
"25841","19-10-17 01:00","Brazil","Serie A Betano","2017","Atletico-MG","Chapecoense-SC","1.46","4.44","6.55","1.03","13.50","1.22","4.20","1.85","2.06","2.95","1.39","5.30","1.12","1.91","1.96"
"25842","18-10-17 23:30","Brazil","Serie A Betano","2017","Atletico GO","Vasco","2.50","2.97","2.90","1.03","9.10","1.35","3.15","2.30","1.69","4.10","1.23","8.10","1.05","1.95","1.91"
"25843","18-10-17 23:30","Brazil","Serie A Betano","2017","Coritiba","Cruzeiro","3.34","3.20","2.33","1.06","7.70","1.36","3.10","2.39","1.65","4.30","1.21","8.40","1.04","2.00","1.85"
"25844","17-10-17 00:00","Brazil","Serie A Betano","2017","Santos","Vitoria","1.62","3.96","5.50","1.01","10.50","1.23","4.10","1.89","1.98","3.10","1.37","5.80","1.10","1.75","1.96"
"25845","15-10-17 23:00","Brazil","Serie A Betano","2017","Bahia","Corinthians","2.74","3.19","2.84","1.05","7.90","1.41","2.86","2.55","1.58","4.74","1.18","9.30","1.03","2.03","1.86"
"25846","15-10-17 23:00","Brazil","Serie A Betano","2017","Coritiba","Gremio","3.24","3.18","2.50","1.06","7.40","1.45","2.73","2.69","1.53","5.10","1.16","10.00","1.02","2.09","1.81"
"25847","15-10-17 21:00","Brazil","Serie A Betano","2017","Atletico GO","Palmeiras","3.94","3.48","2.06","1.02","9.90","1.30","3.46","2.16","1.76","3.70","1.27","7.00","1.06","1.97","1.92"
"25848","15-10-17 21:00","Brazil","Serie A Betano","2017","Chapecoense-SC","Flamengo RJ","3.64","3.36","2.21","1.03","8.80","1.35","3.15","2.34","1.66","4.14","1.22","8.10","1.05","2.00","1.85"
"25849","15-10-17 21:00","Brazil","Serie A Betano","2017","Fluminense","Avai","1.65","3.88","6.05","1.03","9.40","1.34","3.20","2.29","1.70","4.10","1.23","8.10","1.05","2.20","1.72"
"25850","15-10-17 21:00","Brazil","Serie A Betano","2017","Sport Recife","Atletico-MG","2.36","3.46","3.24","1.01","11.50","1.24","3.98","1.95","1.95","3.15","1.35","6.00","1.10","1.70","2.20"
"25851","15-10-17 02:00","Brazil","Serie A Betano","2017","Sao Paulo","Athletico-PR","1.81","3.70","4.74","1.02","9.90","1.32","3.32","2.20","1.72","3.88","1.25","7.50","1.06","2.04","1.85"
"25852","15-10-17 00:00","Brazil","Serie A Betano","2017","Vasco","Botafogo RJ","2.80","3.16","2.83","1.06","7.50","1.42","2.83","2.65","1.55","5.00","1.17","9.70","1.02","2.06","1.84"
"25853","13-10-17 02:00","Brazil","Serie A Betano","2017","Palmeiras","Bahia","1.53","4.20","6.45","1.01","11.00","1.27","3.70","2.05","1.86","3.46","1.30","6.60","1.08","2.00","1.83"
"25854","12-10-17 22:00","Brazil","Serie A Betano","2017","Flamengo RJ","Fluminense","1.58","4.24","5.50","1.04","9.50","1.22","4.10","1.88","1.98","3.24","1.33","6.10","1.09","1.92","1.97"
"25855","12-10-17 22:00","Brazil","Serie A Betano","2017","Ponte Preta","Santos","2.51","3.16","3.06","1.05","7.90","1.40","2.91","2.51","1.60","4.60","1.19","9.10","1.03","2.05","1.85"
"25856","12-10-17 22:00","Brazil","Serie A Betano","2017","Vitoria","Sport Recife","2.23","3.34","3.34","1.01","11.00","1.27","3.70","1.96","1.90","3.32","1.30","6.30","1.09","1.64","2.12"
"25857","12-10-17 02:45","Brazil","Serie A Betano","2017","Atletico-MG","Sao Paulo","2.20","3.56","3.48","1.01","11.50","1.25","3.88","1.96","1.94","3.20","1.34","6.00","1.10","1.75","2.10"
"25858","12-10-17 02:45","Brazil","Serie A Betano","2017","Avai","Vasco","2.65","3.15","3.06","1.06","7.40","1.46","2.68","2.71","1.53","5.30","1.15","10.50","1.02","2.10","1.80"
"25859","12-10-17 02:45","Brazil","Serie A Betano","2017","Gremio","Cruzeiro","2.06","3.28","4.30","1.06","7.00","1.47","2.65","2.70","1.50","5.30","1.15","10.50","1.02","2.22","1.73"
"25860","12-10-17 02:00","Brazil","Serie A Betano","2017","Corinthians","Coritiba","1.52","4.20","6.65","1.02","10.50","1.30","3.46","2.15","1.77","3.70","1.27","7.30","1.06","2.20","1.69"
"25861","12-10-17 00:30","Brazil","Serie A Betano","2017","Athletico-PR","Atletico GO","1.57","4.12","5.90","","","1.26","3.78","1.95","1.95","3.32","1.32","6.10","1.09","2.00","1.87"
"25862","12-10-17 00:30","Brazil","Serie A Betano","2017","Botafogo RJ","Chapecoense-SC","1.71","3.52","5.45","1.05","8.20","1.39","2.95","2.42","1.63","4.44","1.20","8.60","1.04","2.19","1.74"
"25863","07-10-17 21:00","Brazil","Serie A Betano","2017","Cruzeiro","Ponte Preta","1.58","3.94","6.55","1.03","9.50","1.33","3.24","2.23","1.72","3.98","1.24","7.80","1.05","2.19","1.74"
"25864","03-10-17 01:00","Brazil","Serie A Betano","2017","Ponte Preta","Flamengo RJ","3.78","3.50","1.99","1.04","8.40","1.38","2.91","2.39","1.60","4.56","1.19","8.60","1.03","1.98","1.90"
"25865","02-10-17 00:00","Brazil","Serie A Betano","2017","Athletico-PR","Atletico-MG","2.28","3.36","3.36","1.03","9.50","1.31","3.32","2.20","1.73","3.88","1.25","7.50","1.06","1.93","1.95"
"25866","01-10-17 21:00","Brazil","Serie A Betano","2017","Avai","Atletico GO","2.18","3.34","3.72","1.03","8.70","1.37","3.08","2.38","1.65","4.30","1.21","8.40","1.04","2.07","1.83"
"25867","01-10-17 21:00","Brazil","Serie A Betano","2017","Botafogo RJ","Vitoria","1.72","3.68","5.10","1.01","11.50","1.24","3.98","1.96","1.94","3.20","1.34","6.10","1.09","1.83","1.87"
"25868","01-10-17 21:00","Brazil","Serie A Betano","2017","Cruzeiro","Corinthians","2.22","3.28","3.72","1.05","7.90","1.42","2.83","2.54","1.58","4.74","1.18","9.30","1.03","2.16","1.77"
"25869","01-10-17 21:00","Brazil","Serie A Betano","2017","Gremio","Fluminense","1.65","3.92","5.95","1.02","10.50","1.29","3.54","2.11","1.81","3.62","1.28","7.00","1.06","1.98","1.90"
"25870","01-10-17 21:00","Brazil","Serie A Betano","2017","Sao Paulo","Sport Recife","1.58","4.24","6.05","1.03","10.00","1.21","4.30","1.82","2.10","2.86","1.41","5.20","1.13","1.90","1.98"
"25871","01-10-17 00:00","Brazil","Serie A Betano","2017","Palmeiras","Santos","1.66","3.82","6.05","1.02","9.80","1.31","3.40","2.18","1.75","3.78","1.26","7.50","1.06","2.06","1.84"
"25872","30-09-17 21:00","Brazil","Serie A Betano","2017","Bahia","Coritiba","1.92","3.54","4.50","1.03","9.50","1.33","3.26","2.22","1.74","3.88","1.25","7.50","1.06","2.00","1.88"
"25873","30-09-17 21:00","Brazil","Serie A Betano","2017","Vasco","Chapecoense-SC","2.09","3.18","4.22","1.06","7.70","1.40","2.91","2.54","1.58","4.74","1.18","9.10","1.03","2.15","1.77"
"25874","26-09-17 01:00","Brazil","Serie A Betano","2017","Sport Recife","Vasco","1.88","3.74","4.22","1.02","10.50","1.31","3.40","2.15","1.78","3.78","1.26","7.30","1.06","2.00","1.87"
"25875","25-09-17 00:00","Brazil","Serie A Betano","2017","Atletico-MG","Vitoria","1.54","4.44","6.45","1.02","14.50","1.18","4.74","1.74","2.22","2.68","1.46","4.84","1.14","1.73","2.10"
"25876","25-09-17 00:00","Brazil","Serie A Betano","2017","Bahia","Gremio","2.40","3.22","2.89","1.05","8.20","1.41","2.68","2.37","1.53","4.74","1.18","9.30","1.03","2.02","1.87"
"25877","24-09-17 21:00","Brazil","Serie A Betano","2017","Atletico GO","Cruzeiro","2.86","3.24","2.73","1.03","8.80","1.37","3.08","2.34","1.67","4.20","1.22","8.40","1.04","2.00","1.88"
"25878","24-09-17 21:00","Brazil","Serie A Betano","2017","Chapecoense-SC","Ponte Preta","1.95","3.44","4.30","1.04","8.40","1.38","3.00","2.44","1.63","4.44","1.20","8.60","1.04","2.09","1.81"
"25879","24-09-17 21:00","Brazil","Serie A Betano","2017","Coritiba","Botafogo RJ","2.47","3.10","3.40","1.06","7.00","1.46","2.68","2.75","1.51","5.30","1.15","10.50","1.02","2.15","1.75"
"25880","24-09-17 21:00","Brazil","Serie A Betano","2017","Fluminense","Palmeiras","3.09","3.44","2.44","1.01","11.00","1.28","3.62","2.05","1.86","3.46","1.30","6.60","1.08","1.89","2.00"
"25881","24-09-17 16:00","Brazil","Serie A Betano","2017","Sao Paulo","Corinthians","2.14","3.48","3.72","1.03","9.70","1.33","3.26","2.21","1.75","3.88","1.25","7.50","1.06","1.98","1.90"
"25882","24-09-17 02:00","Brazil","Serie A Betano","2017","Santos","Athletico-PR","1.89","3.52","4.30","1.03","9.10","1.35","3.15","2.32","1.68","4.14","1.22","8.10","1.05","2.05","1.80"
"25883","24-09-17 00:00","Brazil","Serie A Betano","2017","Flamengo RJ","Avai","1.38","4.72","8.90","1.06","10.00","1.25","3.78","1.99","1.89","3.32","1.32","6.30","1.09","2.15","1.75"
"25884","19-09-17 01:00","Brazil","Serie A Betano","2017","Palmeiras","Coritiba","1.40","4.74","8.40","1.03","12.00","1.23","4.10","1.91","1.92","3.26","1.32","6.00","1.10","2.21","1.73"
"25885","18-09-17 00:00","Brazil","Serie A Betano","2017","Cruzeiro","Bahia","1.48","4.40","7.10","1.01","11.00","1.29","3.54","2.10","1.82","3.62","1.28","6.80","1.07","2.19","1.74"
"25886","17-09-17 21:00","Brazil","Serie A Betano","2017","Athletico-PR","Fluminense","1.91","3.54","4.60","1.03","9.50","1.32","3.32","2.20","1.75","3.88","1.25","7.50","1.06","2.15","1.77"
"25887","17-09-17 21:00","Brazil","Serie A Betano","2017","Corinthians","Vasco","1.53","4.10","6.75","1.03","9.10","1.37","3.08","2.38","1.66","4.30","1.21","8.40","1.04","2.37","1.65"
"25888","17-09-17 21:00","Brazil","Serie A Betano","2017","Flamengo RJ","Sport Recife","1.51","4.64","6.95","1.04","9.50","1.24","3.98","1.90","2.00","3.10","1.36","5.80","1.10","2.00","1.82"
"25889","17-09-17 21:00","Brazil","Serie A Betano","2017","Gremio","Chapecoense-SC","1.59","4.02","5.95","1.03","9.60","1.34","3.20","2.29","1.70","4.10","1.23","8.10","1.05","2.18","1.75"
"25890","17-09-17 21:00","Brazil","Serie A Betano","2017","Vitoria","Sao Paulo","2.62","3.36","2.90","1.01","11.50","1.24","3.98","1.95","1.95","3.15","1.35","6.00","1.10","1.65","2.10"
"25891","17-09-17 16:00","Brazil","Serie A Betano","2017","Avai","Atletico-MG","3.88","3.32","2.12","1.04","8.30","1.39","2.95","2.45","1.61","4.44","1.20","8.70","1.03","2.10","1.79"
"25892","17-09-17 02:00","Brazil","Serie A Betano","2017","Ponte Preta","Atletico GO","1.61","3.84","6.10","1.03","9.30","1.34","3.20","2.29","1.70","4.10","1.23","8.10","1.05","2.24","1.71"
"25893","17-09-17 00:00","Brazil","Serie A Betano","2017","Botafogo RJ","Santos","1.99","2.86","4.04","1.05","7.90","1.43","2.79","2.57","1.57","4.90","1.17","9.50","1.03","1.90","1.74"
"25894","12-09-17 01:00","Brazil","Serie A Betano","2017","Atletico GO","Bahia","2.72","3.16","2.89","1.03","8.90","1.37","3.00","2.42","1.62","4.44","1.19","8.70","1.03","1.98","1.90"
"25895","11-09-17 00:00","Brazil","Serie A Betano","2017","Botafogo RJ","Flamengo RJ","3.24","3.24","2.41","1.03","8.80","1.37","3.05","2.34","1.66","4.30","1.21","8.40","1.04","1.91","1.95"
"25896","11-09-17 00:00","Brazil","Serie A Betano","2017","Chapecoense-SC","Cruzeiro","3.09","2.90","2.69","1.05","7.90","1.41","2.86","2.53","1.58","4.74","1.18","9.10","1.03","2.04","1.85"
"25897","10-09-17 21:00","Brazil","Serie A Betano","2017","Santos","Corinthians","2.50","3.07","2.91","1.03","9.10","1.33","3.26","2.30","1.69","4.10","1.23","8.10","1.05","2.00","1.88"
"25898","10-09-17 21:00","Brazil","Serie A Betano","2017","Sport Recife","Avai","1.47","4.32","8.90","1.02","9.90","1.30","3.46","2.13","1.80","3.62","1.28","6.80","1.07","2.33","1.66"
"25899","10-09-17 21:00","Brazil","Serie A Betano","2017","Vitoria","Fluminense","2.38","3.40","3.22","1.01","11.50","1.25","3.88","1.97","1.93","3.20","1.34","6.10","1.09","1.73","2.00"
"25900","10-09-17 16:00","Brazil","Serie A Betano","2017","Athletico-PR","Coritiba","1.79","3.48","5.10","1.04","8.60","1.35","3.15","2.33","1.68","4.10","1.23","8.10","1.05","2.19","1.74"
"25901","10-09-17 00:00","Brazil","Serie A Betano","2017","Sao Paulo","Ponte Preta","1.68","4.04","5.25","","","1.26","3.78","2.02","1.86","3.40","1.31","6.40","1.08","2.02","1.87"
"25902","09-09-17 23:00","Brazil","Serie A Betano","2017","Vasco","Gremio","3.10","3.17","2.54","1.05","7.80","1.42","2.83","2.61","1.56","4.90","1.17","9.70","1.03","2.00","1.85"
"25903","09-09-17 21:00","Brazil","Serie A Betano","2017","Atletico-MG","Palmeiras","2.13","3.44","3.78","1.01","11.00","1.26","3.78","2.02","1.89","3.32","1.32","6.30","1.09","1.84","2.05"
"25904","02-09-17 21:00","Brazil","Serie A Betano","2017","Gremio","Sport Recife","1.69","3.66","5.45","1.03","8.80","1.37","3.08","2.31","1.69","4.10","1.23","8.10","1.05","2.22","1.73"
"25905","29-08-17 01:00","Brazil","Serie A Betano","2017","Coritiba","Vitoria","2.06","3.44","3.72","1.03","9.70","1.32","3.32","2.18","1.68","3.88","1.24","7.50","1.06","1.94","1.86"
"25906","28-08-17 00:00","Brazil","Serie A Betano","2017","Avai","Chapecoense-SC","2.73","3.07","2.94","1.07","6.80","1.51","2.53","2.85","1.48","5.70","1.14","11.50","1.01","2.20","1.73"
"25907","28-08-17 00:00","Brazil","Serie A Betano","2017","Cruzeiro","Santos","1.79","3.34","4.70","1.03","9.20","1.36","3.10","2.29","1.69","4.14","1.22","8.10","1.05","2.13","1.78"
"25908","27-08-17 21:00","Brazil","Serie A Betano","2017","Bahia","Botafogo RJ","2.06","3.44","3.98","1.02","9.80","1.30","3.24","2.16","1.74","3.70","1.27","7.00","1.06","1.95","1.80"
"25909","27-08-17 21:00","Brazil","Serie A Betano","2017","Flamengo RJ","Athletico-PR","1.55","4.20","7.20","1.02","10.50","1.29","3.58","2.08","1.83","3.54","1.29","6.80","1.07","2.17","1.75"
"25910","27-08-17 21:00","Brazil","Serie A Betano","2017","Palmeiras","Sao Paulo","1.97","3.44","3.94","1.02","9.80","1.30","3.46","2.16","1.78","3.70","1.27","7.00","1.06","1.90","1.98"
"25911","27-08-17 21:00","Brazil","Serie A Betano","2017","Ponte Preta","Atletico-MG","2.67","3.19","2.97","1.03","8.90","1.33","3.24","2.29","1.70","3.98","1.24","7.80","1.05","1.92","1.97"
"25912","27-08-17 00:00","Brazil","Serie A Betano","2017","Corinthians","Atletico GO","1.33","5.05","11.00","1.01","11.00","1.29","3.58","2.03","1.88","3.40","1.31","6.40","1.08","2.20","1.74"
"25913","26-08-17 21:00","Brazil","Serie A Betano","2017","Fluminense","Vasco","2.01","3.44","4.10","1.03","9.40","1.36","3.10","2.24","1.73","4.10","1.23","7.80","1.05","1.95","1.93"
"25914","24-08-17 00:30","Brazil","Serie A Betano","2017","Chapecoense-SC","Corinthians","2.84","2.94","2.58","1.05","8.10","1.35","3.05","2.42","1.62","4.30","1.21","8.60","1.04","2.00","1.85"
"25915","22-08-17 01:00","Brazil","Serie A Betano","2017","Fluminense","Atletico-MG","2.27","3.40","3.20","1.01","11.00","1.26","3.70","1.99","1.87","3.32","1.32","6.40","1.08","1.75","2.12"
"25916","21-08-17 00:00","Brazil","Serie A Betano","2017","Coritiba","Santos","2.61","3.24","2.88","1.05","8.20","1.35","3.10","2.27","1.68","4.10","1.23","7.80","1.05","2.03","1.86"
"25917","21-08-17 00:00","Brazil","Serie A Betano","2017","Palmeiras","Chapecoense-SC","1.49","3.48","6.90","1.01","11.50","1.28","3.62","1.97","1.91","3.40","1.31","6.30","1.09","2.03","1.86"
"25918","20-08-17 21:00","Brazil","Serie A Betano","2017","Avai","Sao Paulo","3.76","3.32","2.17","1.04","8.30","1.39","2.95","2.48","1.61","4.60","1.19","9.10","1.03","2.09","1.81"
"25919","20-08-17 21:00","Brazil","Serie A Betano","2017","Bahia","Vasco","1.97","3.54","4.30","1.02","10.00","1.29","3.54","2.12","1.81","3.58","1.29","6.80","1.07","1.97","1.92"
"25920","20-08-17 21:00","Brazil","Serie A Betano","2017","Cruzeiro","Sport Recife","1.76","3.82","5.15","1.02","10.50","1.29","3.54","2.11","1.81","3.70","1.27","7.00","1.06","2.03","1.86"
"25921","20-08-17 21:00","Brazil","Serie A Betano","2017","Ponte Preta","Botafogo RJ","1.75","3.68","5.45","1.05","7.90","1.43","2.79","2.53","1.59","4.74","1.18","9.10","1.03","2.31","1.67"
"25922","20-08-17 16:00","Brazil","Serie A Betano","2017","Gremio","Athletico-PR","1.99","3.30","4.40","1.05","7.80","1.40","2.91","2.52","1.59","4.60","1.19","9.10","1.03","2.16","1.77"
"25923","20-08-17 00:00","Brazil","Serie A Betano","2017","Flamengo RJ","Atletico GO","1.39","5.00","8.40","1.03","10.00","1.18","4.74","1.72","2.23","2.68","1.46","4.84","1.14","2.10","1.80"
"25924","19-08-17 21:00","Brazil","Serie A Betano","2017","Corinthians","Vitoria","1.41","4.70","8.40","1.01","11.00","1.22","4.20","1.85","2.06","2.95","1.39","5.50","1.11","1.90","1.80"
"25925","15-08-17 01:00","Brazil","Serie A Betano","2017","Santos","Fluminense","1.90","3.32","3.98","1.03","12.50","1.22","3.98","1.86","1.93","3.20","1.34","6.00","1.10","1.80","2.06"
"25926","14-08-17 00:00","Brazil","Serie A Betano","2017","Athletico-PR","Bahia","2.09","3.44","3.76","1.05","8.10","1.44","2.75","2.51","1.60","4.74","1.18","9.10","1.03","2.15","1.70"
"25927","14-08-17 00:00","Brazil","Serie A Betano","2017","Botafogo RJ","Gremio","2.67","3.22","2.86","1.03","8.70","1.36","3.10","2.37","1.66","4.20","1.22","8.40","1.04","2.00","1.85"
"25928","13-08-17 21:00","Brazil","Serie A Betano","2017","Atletico-MG","Flamengo RJ","2.61","3.28","2.94","1.01","11.00","1.25","3.88","1.98","1.92","3.20","1.34","6.10","1.09","1.75","2.10"
"25929","13-08-17 21:00","Brazil","Serie A Betano","2017","Sport Recife","Ponte Preta","1.69","3.92","5.45","1.01","11.00","1.26","3.78","2.03","1.88","3.40","1.31","6.40","1.08","2.00","1.83"
"25930","13-08-17 21:00","Brazil","Serie A Betano","2017","Vasco","Palmeiras","3.34","3.38","2.33","1.03","9.40","1.33","3.24","2.18","1.77","3.70","1.27","7.30","1.06","1.91","1.91"
"25931","13-08-17 16:00","Brazil","Serie A Betano","2017","Sao Paulo","Cruzeiro","1.92","3.44","4.50","1.03","9.00","1.37","3.08","2.38","1.66","4.20","1.22","8.40","1.04","2.09","1.81"
"25932","13-08-17 00:00","Brazil","Serie A Betano","2017","Vitoria","Avai","1.62","4.04","5.50","1.01","11.50","1.27","3.70","2.03","1.88","3.46","1.30","6.60","1.08","2.10","1.71"
"25933","12-08-17 21:00","Brazil","Serie A Betano","2017","Atletico GO","Coritiba","2.46","3.24","3.24","1.03","9.10","1.34","3.20","2.27","1.71","3.98","1.24","7.80","1.05","1.95","1.91"
"25934","10-08-17 01:00","Brazil","Serie A Betano","2017","Ponte Preta","Fluminense","2.23","3.44","3.36","1.01","11.50","1.25","3.60","1.96","1.90","3.20","1.34","6.00","1.10","1.85","1.97"
"25935","07-08-17 00:00","Brazil","Serie A Betano","2017","Avai","Santos","3.64","3.36","2.07","1.03","8.80","1.37","2.95","2.38","1.64","4.44","1.20","8.70","1.03","2.10","1.77"
"25936","07-08-17 00:00","Brazil","Serie A Betano","2017","Ponte Preta","Vasco","1.70","3.76","5.60","1.02","9.80","1.32","3.32","2.21","1.74","3.88","1.25","7.50","1.06","2.10","1.79"
"25937","06-08-17 21:00","Brazil","Serie A Betano","2017","Bahia","Sao Paulo","2.72","3.42","2.75","1.02","10.50","1.29","3.54","2.05","1.85","3.54","1.29","6.60","1.08","1.76","2.00"
"25938","06-08-17 21:00","Brazil","Serie A Betano","2017","Coritiba","Chapecoense-SC","1.85","3.60","4.70","1.01","11.50","1.28","3.62","2.00","1.90","3.46","1.30","6.60","1.08","1.98","1.90"
"25939","06-08-17 21:00","Brazil","Serie A Betano","2017","Cruzeiro","Botafogo RJ","1.51","4.24","7.40","1.02","10.00","1.31","3.40","2.17","1.77","3.78","1.26","7.30","1.06","2.49","1.59"
"25940","06-08-17 21:00","Brazil","Serie A Betano","2017","Gremio","Atletico-MG","1.61","3.98","5.65","1.03","9.70","1.25","3.88","1.97","1.93","3.26","1.33","6.10","1.09","1.98","1.90"
"25941","06-08-17 21:00","Brazil","Serie A Betano","2017","Palmeiras","Athletico-PR","1.61","3.88","6.00","1.02","10.00","1.31","3.40","2.18","1.76","3.78","1.26","7.50","1.06","2.15","1.74"
"25942","06-08-17 16:00","Brazil","Serie A Betano","2017","Flamengo RJ","Vitoria","1.30","5.70","11.00","1.01","14.00","1.15","5.30","1.60","2.45","2.40","1.56","4.14","1.19","2.05","1.85"
"25943","06-08-17 00:00","Brazil","Serie A Betano","2017","Corinthians","Sport Recife","1.49","4.20","7.20","1.02","10.50","1.29","3.58","2.08","1.83","3.54","1.29","6.60","1.08","2.10","1.81"
"25944","06-08-17 00:00","Brazil","Serie A Betano","2017","Fluminense","Atletico GO","1.58","4.24","5.60","1.04","9.50","1.21","4.30","1.81","2.10","2.86","1.41","5.30","1.12","1.85","1.97"
"25945","04-08-17 01:00","Brazil","Serie A Betano","2017","Vasco","Cruzeiro","3.18","3.20","2.40","1.03","8.70","1.34","2.73","2.34","1.53","4.14","1.22","8.10","1.05","2.00","1.78"
"25946","04-08-17 00:30","Brazil","Serie A Betano","2017","Athletico-PR","Avai","1.69","3.72","5.60","1.05","7.90","1.41","2.79","2.55","1.57","4.74","1.18","9.30","1.03","2.30","1.65"
"25947","04-08-17 00:30","Brazil","Serie A Betano","2017","Sao Paulo","Coritiba","1.38","4.54","9.50","1.01","11.50","1.27","3.70","1.99","1.90","3.32","1.32","6.30","1.09","2.20","1.69"
"25948","03-08-17 02:45","Brazil","Serie A Betano","2017","Atletico GO","Gremio","3.72","3.38","1.88","1.02","10.50","1.29","3.18","2.10","1.69","3.58","1.29","6.80","1.07","1.94","1.94"
"25949","03-08-17 02:45","Brazil","Serie A Betano","2017","Botafogo RJ","Palmeiras","2.81","3.24","2.76","1.03","8.90","1.34","3.15","2.33","1.68","4.14","1.22","8.10","1.05","1.95","1.82"
"25950","03-08-17 02:45","Brazil","Serie A Betano","2017","Santos","Flamengo RJ","2.62","3.03","2.74","1.01","11.50","1.29","3.54","2.01","1.89","3.46","1.30","6.40","1.08","1.92","1.97"
"25951","03-08-17 02:00","Brazil","Serie A Betano","2017","Atletico-MG","Corinthians","2.17","2.54","3.24","1.03","9.30","1.36","3.10","2.25","1.72","4.10","1.23","7.80","1.05","2.00","1.87"
"25952","03-08-17 02:00","Brazil","Serie A Betano","2017","Vitoria","Ponte Preta","2.34","3.06","3.26","1.02","10.50","1.29","3.54","2.11","1.81","3.58","1.29","6.80","1.07","1.80","2.00"
"25953","03-08-17 00:30","Brazil","Serie A Betano","2017","Chapecoense-SC","Bahia","2.02","3.48","4.02","1.02","10.00","1.31","3.09","2.12","1.66","3.70","1.27","7.00","1.06","1.91","1.95"
"25954","03-08-17 00:30","Brazil","Serie A Betano","2017","Sport Recife","Fluminense","1.83","3.74","4.36","","","1.24","3.98","1.92","1.95","3.20","1.34","6.10","1.09","1.85","2.00"
"25955","01-08-17 01:00","Brazil","Serie A Betano","2017","Vasco","Athletico-PR","1.94","2.42","3.30","1.04","8.30","1.37","2.71","2.40","1.52","4.44","1.20","8.70","1.03","2.10","1.81"
"25956","31-07-17 00:00","Brazil","Serie A Betano","2017","Cruzeiro","Vitoria","1.41","4.70","8.40","1.01","12.00","1.19","4.20","1.78","2.13","2.83","1.42","5.20","1.11","2.00","1.88"
"25957","31-07-17 00:00","Brazil","Serie A Betano","2017","Gremio","Santos","1.72","3.58","5.50","1.02","9.90","1.30","3.46","2.18","1.77","3.78","1.26","7.30","1.06","2.10","1.78"
"25958","30-07-17 21:00","Brazil","Serie A Betano","2017","Bahia","Sport Recife","1.69","3.92","5.60","1.02","10.50","1.29","3.54","2.12","1.80","3.62","1.28","7.00","1.06","2.05","1.78"
"25959","30-07-17 21:00","Brazil","Serie A Betano","2017","Corinthians","Flamengo RJ","2.40","3.20","3.05","1.03","9.30","1.35","3.15","2.24","1.73","4.10","1.23","7.80","1.05","1.98","1.90"
"25960","30-07-17 21:00","Brazil","Serie A Betano","2017","Coritiba","Atletico-MG","2.47","3.32","3.15","1.03","9.70","1.34","3.20","2.13","1.80","3.58","1.29","7.00","1.06","1.82","2.00"
"25961","30-07-17 16:00","Brazil","Serie A Betano","2017","Chapecoense-SC","Atletico GO","1.53","4.32","6.80","1.04","12.50","1.25","3.88","1.91","1.99","3.15","1.35","5.80","1.10","1.95","1.93"
"25962","30-07-17 00:00","Brazil","Serie A Betano","2017","Palmeiras","Avai","1.30","5.50","11.50","1.04","9.50","1.24","3.98","1.91","1.99","3.10","1.36","5.80","1.10","2.28","1.62"
"25963","29-07-17 21:00","Brazil","Serie A Betano","2017","Botafogo RJ","Sao Paulo","2.35","3.36","3.13","1.05","9.00","1.47","2.65","2.28","1.71","4.60","1.19","8.70","1.03","2.00","1.88"
"25964","25-07-17 01:00","Brazil","Serie A Betano","2017","Sao Paulo","Gremio","2.38","2.74","2.74","1.03","9.40","1.34","3.20","2.29","1.70","4.10","1.23","8.10","1.05","1.85","2.04"
"25965","24-07-17 00:00","Brazil","Serie A Betano","2017","Athletico-PR","Ponte Preta","2.30","2.59","3.44","1.03","8.70","1.39","2.95","2.35","1.66","4.30","1.21","8.40","1.04","2.02","1.82"
"25966","24-07-17 00:00","Brazil","Serie A Betano","2017","Atletico GO","Botafogo RJ","2.59","2.76","3.01","1.05","8.20","1.38","2.81","2.44","1.58","4.44","1.20","8.60","1.04","2.10","1.70"
"25967","24-07-17 00:00","Brazil","Serie A Betano","2017","Atletico-MG","Vasco","1.70","3.90","4.98","1.04","9.50","1.23","4.10","1.82","2.10","3.00","1.38","5.50","1.11","1.83","2.07"
"25968","23-07-17 21:00","Brazil","Serie A Betano","2017","Avai","Cruzeiro","4.24","3.42","1.99","1.04","8.60","1.40","2.91","2.39","1.64","4.44","1.20","8.60","1.04","2.15","1.72"
"25969","23-07-17 21:00","Brazil","Serie A Betano","2017","Fluminense","Corinthians","2.90","3.34","2.53","1.02","10.00","1.33","3.26","2.15","1.78","3.78","1.26","7.30","1.06","1.91","1.91"
"25970","23-07-17 21:00","Brazil","Serie A Betano","2017","Sport Recife","Palmeiras","2.08","3.64","3.64","1.04","9.50","1.22","4.14","1.88","2.03","3.08","1.37","5.80","1.10","1.76","2.10"
"25971","23-07-17 16:00","Brazil","Serie A Betano","2017","Santos","Bahia","1.97","3.46","4.40","1.02","9.90","1.34","3.20","2.14","1.79","3.88","1.25","7.30","1.06","2.00","1.84"
"25972","23-07-17 00:00","Brazil","Serie A Betano","2017","Flamengo RJ","Coritiba","1.38","4.90","8.70","1.03","12.50","1.25","3.88","1.89","2.00","3.15","1.35","5.80","1.10","2.15","1.72"
"25973","22-07-17 21:00","Brazil","Serie A Betano","2017","Vitoria","Chapecoense-SC","2.21","3.54","3.38","1.01","11.50","1.22","4.14","1.88","2.03","3.00","1.38","5.60","1.11","1.60","2.25"
"25974","21-07-17 02:00","Brazil","Serie A Betano","2017","Athletico-PR","Botafogo RJ","2.30","3.20","3.40","1.05","8.00","1.41","2.75","2.52","1.58","4.74","1.18","9.50","1.03","2.10","1.78"
"25975","21-07-17 01:00","Brazil","Serie A Betano","2017","Sport Recife","Atletico GO","1.44","4.40","7.40","1.04","12.50","1.25","3.78","1.90","1.98","3.24","1.33","6.00","1.10","2.00","1.84"
"25976","21-07-17 00:30","Brazil","Serie A Betano","2017","Fluminense","Cruzeiro","2.44","3.26","3.01","1.01","11.00","1.29","3.58","2.01","1.88","3.46","1.30","6.40","1.08","1.77","2.00"
"25977","20-07-17 02:45","Brazil","Serie A Betano","2017","Atletico-MG","Bahia","1.77","3.56","5.15","1.01","11.50","1.26","3.78","1.94","1.95","3.24","1.33","6.10","1.09","1.95","1.91"
"25978","20-07-17 02:45","Brazil","Serie A Betano","2017","Flamengo RJ","Palmeiras","1.79","3.74","4.76","","","1.28","3.62","1.89","1.91","3.46","1.30","6.60","1.08","1.98","1.90"
"25979","20-07-17 02:45","Brazil","Serie A Betano","2017","Sao Paulo","Vasco","1.55","4.20","6.00","","","1.28","3.62","1.96","1.94","3.40","1.31","6.30","1.09","1.98","1.90"
"25980","20-07-17 02:00","Brazil","Serie A Betano","2017","Avai","Corinthians","4.28","3.34","1.94","1.04","8.60","1.38","3.00","2.38","1.66","4.30","1.21","8.60","1.04","2.10","1.75"
"25981","20-07-17 02:00","Brazil","Serie A Betano","2017","Ponte Preta","Coritiba","1.99","3.38","4.38","1.03","8.80","1.38","3.00","2.32","1.68","4.30","1.21","8.40","1.04","2.05","1.76"
"25982","20-07-17 00:30","Brazil","Serie A Betano","2017","Santos","Chapecoense-SC","1.66","3.90","5.30","1.01","11.50","1.29","3.58","1.99","1.91","3.46","1.30","6.60","1.08","1.95","1.91"
"25983","20-07-17 00:30","Brazil","Serie A Betano","2017","Vitoria","Gremio","3.28","3.42","2.22","1.01","11.00","1.30","3.46","2.04","1.86","3.54","1.29","6.60","1.08","1.77","2.00"
"25984","18-07-17 01:00","Brazil","Serie A Betano","2017","Botafogo RJ","Sport Recife","1.95","2.54","3.48","1.02","10.50","1.30","3.46","2.16","1.78","3.78","1.26","7.30","1.06","2.04","1.85"
"25985","17-07-17 00:00","Brazil","Serie A Betano","2017","Bahia","Avai","1.49","4.14","7.50","1.02","10.00","1.32","3.32","2.09","1.81","3.70","1.27","7.00","1.06","2.29","1.68"
"25986","17-07-17 00:00","Brazil","Serie A Betano","2017","Coritiba","Fluminense","2.08","2.98","3.36","1.01","11.00","1.26","3.78","2.02","1.89","3.32","1.32","6.30","1.09","1.80","2.00"
"25987","16-07-17 21:00","Brazil","Serie A Betano","2017","Atletico GO","Atletico-MG","3.40","3.56","2.17","1.01","11.00","1.29","3.54","2.01","1.86","3.46","1.30","6.40","1.08","1.80","2.00"
"25988","16-07-17 21:00","Brazil","Serie A Betano","2017","Chapecoense-SC","Sao Paulo","2.77","3.26","2.70","1.02","10.00","1.33","3.26","2.16","1.75","3.78","1.26","7.30","1.06","1.82","2.00"
"25989","16-07-17 21:00","Brazil","Serie A Betano","2017","Cruzeiro","Flamengo RJ","2.49","3.34","3.07","1.02","10.50","1.29","3.54","2.02","1.80","3.54","1.29","6.60","1.08","1.80","2.10"
"25990","16-07-17 21:00","Brazil","Serie A Betano","2017","Gremio","Ponte Preta","1.45","4.30","6.00","1.02","10.50","1.29","3.54","2.14","1.75","3.70","1.27","7.00","1.06","2.25","1.69"
"25991","16-07-17 21:00","Brazil","Serie A Betano","2017","Vasco","Santos","2.66","3.30","2.85","1.02","10.50","1.30","3.46","2.07","1.84","3.58","1.29","6.80","1.07","1.90","1.98"
"25992","16-07-17 16:00","Brazil","Serie A Betano","2017","Palmeiras","Vitoria","1.26","6.00","12.00","1.01","12.00","1.19","4.60","1.61","2.25","2.61","1.48","4.54","1.16","2.15","1.71"
"25993","16-07-17 00:00","Brazil","Serie A Betano","2017","Corinthians","Athletico-PR","1.42","4.44","8.50","1.02","10.00","1.33","3.24","2.11","1.76","3.78","1.26","7.30","1.06","2.38","1.60"
"25994","14-07-17 02:00","Brazil","Serie A Betano","2017","Avai","Coritiba","2.68","3.13","2.88","1.06","7.60","1.45","2.68","2.57","1.54","4.90","1.17","9.50","1.03","2.20","1.70"
"25995","14-07-17 00:30","Brazil","Serie A Betano","2017","Flamengo RJ","Gremio","1.82","3.54","4.42","1.02","10.50","1.32","3.32","2.10","1.82","3.70","1.27","7.00","1.06","1.95","1.90"
"25996","14-07-17 00:30","Brazil","Serie A Betano","2017","Sao Paulo","Atletico GO","1.36","5.05","8.90","1.04","13.50","1.25","3.88","1.85","2.06","3.08","1.37","5.60","1.11","2.25","1.71"
"25997","14-07-17 00:30","Brazil","Serie A Betano","2017","Sport Recife","Chapecoense-SC","1.86","3.70","4.10","","","1.24","3.78","1.93","1.93","3.26","1.33","6.30","1.09","1.80","2.00"
"25998","13-07-17 02:45","Brazil","Serie A Betano","2017","Athletico-PR","Cruzeiro","2.79","3.34","2.71","1.03","9.40","1.35","3.15","2.27","1.69","4.14","1.22","8.10","1.05","1.91","1.95"
"25999","13-07-17 02:45","Brazil","Serie A Betano","2017","Palmeiras","Corinthians","2.18","3.30","3.46","1.03","9.30","1.36","3.10","2.29","1.70","4.20","1.22","8.10","1.05","2.00","1.81"
"26000","13-07-17 02:45","Brazil","Serie A Betano","2017","Vitoria","Vasco","1.76","3.48","4.40","1.05","11.00","1.28","3.54","1.94","1.85","3.30","1.33","6.40","1.12","1.85","2.00"
"26001","13-07-17 02:00","Brazil","Serie A Betano","2017","Fluminense","Botafogo RJ","2.10","3.36","3.84","1.03","9.40","1.35","3.15","2.20","1.74","3.88","1.25","7.50","1.06","1.95","1.91"
"26002","13-07-17 00:30","Brazil","Serie A Betano","2017","Atletico-MG","Santos","1.63","3.98","5.75","1.01","11.50","1.29","3.58","1.97","1.91","3.46","1.30","6.40","1.08","2.02","1.86"
"26003","13-07-17 00:30","Brazil","Serie A Betano","2017","Ponte Preta","Bahia","1.78","3.54","4.78","1.04","8.60","1.41","2.86","2.36","1.65","4.44","1.19","8.40","1.04","2.10","1.74"
"26004","11-07-17 01:00","Brazil","Serie A Betano","2017","Coritiba","Sport Recife","1.86","3.36","5.25","1.04","8.40","1.36","3.10","2.32","1.68","4.14","1.22","8.10","1.05","2.10","1.74"
"26005","10-07-17 00:00","Brazil","Serie A Betano","2017","Botafogo RJ","Atletico-MG","2.07","2.87","3.40","1.01","11.00","1.28","3.58","2.06","1.79","3.54","1.29","6.60","1.08","1.91","1.94"
"26006","10-07-17 00:00","Brazil","Serie A Betano","2017","Santos","Sao Paulo","2.13","2.78","3.48","1.03","9.20","1.32","3.24","2.26","1.67","3.98","1.24","7.80","1.05","2.03","1.86"
"26007","09-07-17 21:00","Brazil","Serie A Betano","2017","Bahia","Fluminense","2.15","3.54","3.32","1.01","11.50","1.24","3.98","1.91","1.98","3.10","1.36","5.80","1.10","1.75","2.11"
"26008","09-07-17 21:00","Brazil","Serie A Betano","2017","Cruzeiro","Palmeiras","2.20","3.26","3.80","1.03","9.00","1.36","3.10","2.28","1.72","4.10","1.23","8.10","1.05","1.97","1.91"
"26009","09-07-17 21:00","Brazil","Serie A Betano","2017","Gremio","Avai","1.21","6.70","17.00","1.03","10.00","1.16","4.90","1.68","2.27","2.68","1.45","4.84","1.14","2.44","1.61"
"26010","09-07-17 16:00","Brazil","Serie A Betano","2017","Chapecoense-SC","Athletico-PR","1.86","3.52","4.76","1.03","9.20","1.38","3.00","2.26","1.71","4.20","1.22","8.10","1.05","2.10","1.75"
"26011","09-07-17 00:00","Brazil","Serie A Betano","2017","Corinthians","Ponte Preta","1.57","3.98","6.05","1.03","9.40","1.33","3.08","2.28","1.70","4.30","1.21","8.40","1.04","2.25","1.62"
"26012","08-07-17 23:00","Brazil","Serie A Betano","2017","Vasco","Flamengo RJ","3.88","3.44","1.97","1.02","10.50","1.30","3.40","2.07","1.83","3.62","1.28","6.80","1.07","1.80","2.01"
"26013","08-07-17 21:00","Brazil","Serie A Betano","2017","Atletico GO","Vitoria","2.14","3.26","3.64","1.03","9.40","1.34","3.20","2.20","1.73","3.88","1.25","7.50","1.06","1.91","1.94"
"26014","04-07-17 01:00","Brazil","Serie A Betano","2017","Fluminense","Chapecoense-SC","1.66","3.70","5.45","1.01","12.50","1.24","3.98","1.89","2.04","3.08","1.37","5.80","1.10","1.80","2.09"
"26015","03-07-17 00:00","Brazil","Serie A Betano","2017","Avai","Ponte Preta","2.93","2.93","2.83","1.07","6.80","1.51","2.53","2.82","1.49","5.50","1.14","","","2.24","1.71"
"26016","03-07-17 00:00","Brazil","Serie A Betano","2017","Coritiba","Vasco","1.86","3.36","4.60","1.04","8.50","1.38","3.00","2.32","1.66","4.20","1.22","8.40","1.04","2.05","1.82"
"26017","02-07-17 21:00","Brazil","Serie A Betano","2017","Atletico-MG","Cruzeiro","2.50","3.36","3.04","1.02","10.50","1.30","3.46","2.07","1.84","3.62","1.28","6.80","1.07","1.83","2.00"
"26018","02-07-17 21:00","Brazil","Serie A Betano","2017","Corinthians","Botafogo RJ","1.50","4.20","6.95","1.01","11.00","1.31","3.40","2.07","1.82","3.62","1.28","6.80","1.07","2.23","1.72"
"26019","02-07-17 21:00","Brazil","Serie A Betano","2017","Flamengo RJ","Sao Paulo","1.58","3.94","6.15","1.01","11.50","1.27","3.70","1.98","1.94","3.32","1.32","6.30","1.09","1.95","1.81"
"26020","02-07-17 21:00","Brazil","Serie A Betano","2017","Sport Recife","Athletico-PR","1.69","3.84","5.35","1.02","10.50","1.32","3.32","2.14","1.73","3.88","1.25","7.50","1.06","2.10","1.70"
"26021","02-07-17 21:00","Brazil","Serie A Betano","2017","Vitoria","Bahia","2.66","2.99","3.16","1.03","8.90","1.33","3.24","2.22","1.74","3.88","1.25","7.50","1.06","1.91","1.91"
"26022","02-07-17 00:00","Brazil","Serie A Betano","2017","Atletico GO","Santos","2.80","2.90","2.52","1.03","9.40","1.38","2.95","2.27","1.71","4.30","1.21","8.10","1.05","1.91","1.91"
"26023","01-07-17 21:00","Brazil","Serie A Betano","2017","Palmeiras","Gremio","1.87","3.76","4.04","1.02","10.50","1.27","3.54","2.10","1.79","3.58","1.29","6.80","1.07","1.95","1.89"
"26024","27-06-17 01:00","Brazil","Serie A Betano","2017","Botafogo RJ","Avai","1.38","4.36","11.50","1.03","9.50","1.31","3.32","2.10","1.77","3.78","1.26","7.00","1.06","2.30","1.60"
"26025","26-06-17 00:00","Brazil","Serie A Betano","2017","Chapecoense-SC","Atletico-MG","1.76","3.92","4.68","1.04","9.00","1.21","4.20","1.82","2.06","2.95","1.39","5.50","1.11","1.75","2.10"
"26026","25-06-17 23:30","Brazil","Serie A Betano","2017","Bahia","Flamengo RJ","2.77","3.46","2.57","","","1.24","3.98","1.93","1.97","3.10","1.36","5.80","1.10","1.70","2.17"
"26027","25-06-17 21:00","Brazil","Serie A Betano","2017","Athletico-PR","Vitoria","1.76","3.64","4.86","1.02","10.00","1.30","3.46","2.17","1.77","3.78","1.26","7.30","1.06","1.99","1.89"
"26028","25-06-17 21:00","Brazil","Serie A Betano","2017","Cruzeiro","Coritiba","1.55","4.00","6.50","1.06","7.40","1.34","3.15","2.32","1.68","4.20","1.22","8.40","1.04","2.25","1.68"
"26029","25-06-17 21:00","Brazil","Serie A Betano","2017","Gremio","Corinthians","1.81","3.54","4.64","1.05","7.40","1.30","3.26","2.20","1.76","3.88","1.25","7.50","1.06","2.03","1.86"
"26030","25-06-17 21:00","Brazil","Serie A Betano","2017","Ponte Preta","Palmeiras","2.89","3.18","2.70","1.03","9.20","1.33","3.20","2.32","1.68","4.10","1.23","8.10","1.05","1.95","1.86"
"26031","25-06-17 21:00","Brazil","Serie A Betano","2017","Sao Paulo","Fluminense","1.71","3.94","4.84","1.04","9.50","1.24","3.50","1.79","1.91","3.00","1.33","6.00","1.11","1.90","1.98"
"26032","25-06-17 16:00","Brazil","Serie A Betano","2017","Vasco","Atletico GO","1.50","4.22","7.00","1.04","9.50","1.24","3.50","1.91","1.80","3.20","1.30","6.00","1.10","2.02","1.87"
"26033","25-06-17 00:00","Brazil","Serie A Betano","2017","Santos","Sport Recife","1.40","4.60","8.40","1.04","9.50","1.25","3.50","1.83","1.83","3.20","1.30","6.00","1.11","2.00","1.88"
"26034","23-06-17 02:00","Brazil","Serie A Betano","2017","Flamengo RJ","Chapecoense-SC","1.50","4.38","6.55","1.05","13.00","1.22","3.98","1.84","2.07","3.10","1.36","5.80","1.10","2.03","1.86"
"26035","23-06-17 02:00","Brazil","Serie A Betano","2017","Gremio","Coritiba","1.51","4.22","6.65","1.01","11.00","1.28","3.40","2.04","1.84","3.62","1.28","6.80","1.07","2.10","1.81"
"26036","23-06-17 00:30","Brazil","Serie A Betano","2017","Corinthians","Bahia","1.44","4.26","8.40","1.03","9.70","1.31","3.32","2.13","1.78","3.78","1.26","7.30","1.06","2.35","1.65"
"26037","23-06-17 00:30","Brazil","Serie A Betano","2017","Ponte Preta","Cruzeiro","2.22","3.24","3.06","1.03","9.20","1.35","3.15","2.25","1.74","4.10","1.23","7.80","1.05","1.95","1.91"
"26038","22-06-17 02:45","Brazil","Serie A Betano","2017","Athletico-PR","Sao Paulo","2.62","3.24","2.99","1.05","8.10","1.42","2.83","2.47","1.61","4.74","1.18","9.10","1.03","2.05","1.75"
"26039","22-06-17 02:45","Brazil","Serie A Betano","2017","Atletico-MG","Sport Recife","1.43","4.70","7.70","1.03","10.00","1.17","4.90","1.69","2.30","2.58","1.48","4.54","1.16","1.91","1.94"
"26040","22-06-17 02:45","Brazil","Serie A Betano","2017","Avai","Fluminense","2.94","3.26","2.59","1.06","7.50","1.33","3.15","2.11","1.73","4.10","1.23","7.80","1.05","1.90","1.98"
"26041","22-06-17 02:00","Brazil","Serie A Betano","2017","Botafogo RJ","Vasco","2.02","3.48","3.88","1.02","10.50","1.28","3.58","2.10","1.82","3.54","1.29","6.80","1.07","1.85","1.94"
"26042","22-06-17 02:00","Brazil","Serie A Betano","2017","Palmeiras","Atletico GO","1.23","6.25","14.50","1.05","12.00","1.17","5.00","1.66","2.33","2.50","1.52","4.40","1.17","2.25","1.67"
"26043","22-06-17 00:30","Brazil","Serie A Betano","2017","Vitoria","Santos","2.54","3.26","2.97","1.03","8.90","1.30","3.46","2.15","1.77","3.70","1.27","7.30","1.06","1.91","1.94"
"26044","20-06-17 01:00","Brazil","Serie A Betano","2017","Cruzeiro","Gremio","2.20","3.09","2.81","1.03","9.50","1.40","2.91","2.33","1.68","4.44","1.20","8.60","1.04","1.95","1.93"
"26045","19-06-17 00:00","Brazil","Serie A Betano","2017","Sport Recife","Vitoria","1.66","3.60","5.35","1.07","9.50","1.33","3.30","2.00","1.80","3.44","1.30","6.80","1.10","1.91","1.80"
"26046","18-06-17 21:00","Brazil","Serie A Betano","2017","Bahia","Palmeiras","2.35","3.28","3.14","1.03","8.70","1.38","3.00","2.25","1.71","4.30","1.21","8.60","1.04","2.05","1.84"
"26047","18-06-17 21:00","Brazil","Serie A Betano","2017","Chapecoense-SC","Botafogo RJ","1.69","3.38","4.90","1.08","8.50","1.38","3.00","2.07","1.70","3.80","1.25","8.00","1.08","2.02","1.80"
"26048","18-06-17 21:00","Brazil","Serie A Betano","2017","Fluminense","Flamengo RJ","3.64","3.44","2.14","1.02","10.00","1.30","3.46","2.13","1.80","3.62","1.28","7.00","1.06","1.90","1.98"
"26049","18-06-17 21:00","Brazil","Serie A Betano","2017","Sao Paulo","Atletico-MG","1.64","3.96","5.40","","","1.25","3.88","1.95","1.86","3.24","1.33","6.10","1.09","1.91","1.91"
"26050","18-06-17 16:00","Brazil","Serie A Betano","2017","Coritiba","Corinthians","2.84","3.10","2.72","1.06","7.70","1.45","2.71","2.54","1.55","4.90","1.17","9.50","1.04","2.05","1.75"
"26051","18-06-17 02:00","Brazil","Serie A Betano","2017","Santos","Ponte Preta","1.69","3.64","5.40","1.03","9.70","1.34","3.20","2.16","1.78","3.58","1.29","6.60","1.08","2.06","1.83"
"26052","18-06-17 00:00","Brazil","Serie A Betano","2017","Vasco","Avai","1.46","4.32","7.70","1.01","11.00","1.26","3.70","1.95","1.90","3.40","1.31","6.30","1.09","2.18","1.75"
"26053","17-06-17 21:00","Brazil","Serie A Betano","2017","Atletico GO","Athletico-PR","2.29","3.30","3.36","1.03","9.70","1.32","3.32","2.20","1.74","3.78","1.26","7.00","1.06","1.96","1.92"
"26054","16-06-17 02:00","Brazil","Serie A Betano","2017","Fluminense","Gremio","2.61","3.06","2.75","1.02","10.50","1.23","3.78","2.00","1.83","3.32","1.32","6.40","1.08","1.78","2.00"
"26055","15-06-17 21:00","Brazil","Serie A Betano","2017","Coritiba","Bahia","1.74","3.24","4.96","1.05","8.20","1.37","3.05","2.40","1.64","4.30","1.21","8.40","1.04","2.14","1.78"
"26056","15-06-17 02:45","Brazil","Serie A Betano","2017","Chapecoense-SC","Vasco","1.66","3.84","5.30","1.02","10.50","1.25","3.70","2.01","1.84","3.54","1.29","6.80","1.07","1.95","1.91"
"26057","15-06-17 02:45","Brazil","Serie A Betano","2017","Corinthians","Cruzeiro","1.78","3.24","4.78","1.03","8.90","1.33","3.10","2.30","1.69","4.14","1.22","8.10","1.05","2.15","1.74"
"26058","15-06-17 02:45","Brazil","Serie A Betano","2017","Santos","Palmeiras","2.05","3.34","3.58","1.02","10.00","1.33","3.26","2.14","1.79","3.78","1.26","7.30","1.06","1.91","1.95"
"26059","15-06-17 02:00","Brazil","Serie A Betano","2017","Flamengo RJ","Ponte Preta","1.52","4.22","6.50","1.01","10.50","1.21","4.14","1.88","2.02","3.00","1.38","5.80","1.10","1.94","1.94"
"26060","15-06-17 00:30","Brazil","Serie A Betano","2017","Atletico GO","Avai","1.89","3.40","4.38","1.04","8.60","1.37","3.05","2.34","1.66","4.30","1.21","8.40","1.04","2.10","1.75"
"26061","15-06-17 00:30","Brazil","Serie A Betano","2017","Atletico-MG","Athletico-PR","1.55","3.98","6.50","1.04","9.50","1.23","3.98","1.92","1.91","3.15","1.34","6.00","1.10","1.91","1.94"
"26062","15-06-17 00:30","Brazil","Serie A Betano","2017","Sport Recife","Sao Paulo","2.41","3.26","3.10","1.02","10.00","1.29","3.46","2.10","1.81","3.62","1.28","7.00","1.06","1.92","1.97"
"26063","15-06-17 00:30","Brazil","Serie A Betano","2017","Vitoria","Botafogo RJ","2.30","3.20","3.52","1.05","8.00","1.40","2.91","2.50","1.58","4.60","1.19","9.10","1.03","2.05","1.70"
"26064","13-06-17 01:00","Brazil","Serie A Betano","2017","Gremio","Bahia","1.50","4.12","7.00","","","1.23","3.98","1.90","1.95","3.15","1.35","5.80","1.10","2.01","1.88"
"26065","12-06-17 00:00","Brazil","Serie A Betano","2017","Athletico-PR","Santos","2.05","3.07","3.58","1.04","8.60","1.36","3.00","2.39","1.62","4.20","1.22","8.10","1.05","2.14","1.78"
"26066","11-06-17 23:30","Brazil","Serie A Betano","2017","Cruzeiro","Atletico GO","1.37","4.94","9.20","1.04","13.00","1.19","4.60","1.74","2.20","2.79","1.43","5.10","1.13","2.09","1.81"
"26067","11-06-17 21:00","Brazil","Serie A Betano","2017","Avai","Flamengo RJ","3.84","3.40","2.08","1.04","8.60","1.38","3.00","2.43","1.63","4.30","1.21","8.10","1.05","2.05","1.81"
"26068","11-06-17 21:00","Brazil","Serie A Betano","2017","Corinthians","Sao Paulo","1.88","3.30","4.60","1.05","8.10","1.41","2.86","2.52","1.58","4.60","1.19","8.70","1.03","2.15","1.73"
"26069","11-06-17 21:00","Brazil","Serie A Betano","2017","Ponte Preta","Chapecoense-SC","1.91","3.56","4.32","1.01","11.00","1.29","3.54","2.09","1.83","3.46","1.30","6.40","1.08","2.05","1.80"
"26070","11-06-17 21:00","Brazil","Serie A Betano","2017","Vitoria","Atletico-MG","2.69","2.98","2.69","1.01","10.50","1.22","4.14","1.88","2.03","2.95","1.39","5.30","1.12","1.70","2.17"
"26071","11-06-17 16:00","Brazil","Serie A Betano","2017","Botafogo RJ","Coritiba","1.98","3.28","4.22","1.06","7.70","1.44","2.75","2.63","1.55","4.74","1.18","9.10","1.03","2.20","1.74"
"26072","11-06-17 00:00","Brazil","Serie A Betano","2017","Vasco","Sport Recife","1.69","3.84","5.10","1.05","11.00","1.19","4.44","1.78","2.09","2.86","1.41","5.20","1.13","1.80","2.00"
"26073","10-06-17 21:00","Brazil","Serie A Betano","2017","Palmeiras","Fluminense","1.59","2.29","5.65","1.05","11.00","1.19","4.60","1.77","2.16","2.71","1.45","5.50","1.11","1.80","2.06"
"26074","09-06-17 02:00","Brazil","Serie A Betano","2017","Bahia","Cruzeiro","2.31","3.15","3.32","1.03","9.20","1.37","3.08","2.29","1.68","3.98","1.24","7.50","1.06","1.95","1.90"
"26075","09-06-17 01:00","Brazil","Serie A Betano","2017","Chapecoense-SC","Gremio","2.44","3.06","3.05","1.04","8.60","1.40","2.91","2.38","1.65","4.14","1.22","7.80","1.05","2.01","1.87"
"26076","09-06-17 00:30","Brazil","Serie A Betano","2017","Atletico GO","Ponte Preta","3.18","3.28","2.26","1.02","10.50","1.31","3.40","2.10","1.82","3.58","1.29","6.60","1.08","1.90","1.98"
"26077","09-06-17 00:30","Brazil","Serie A Betano","2017","Sao Paulo","Vitoria","1.41","4.46","9.00","1.01","11.50","1.26","3.78","1.93","1.94","3.15","1.32","5.80","1.10","2.30","1.67"
"26078","08-06-17 02:45","Brazil","Serie A Betano","2017","Sport Recife","Flamengo RJ","3.09","3.20","2.36","1.02","9.90","1.32","3.32","2.17","1.76","3.70","1.26","7.00","1.06","1.95","1.91"
"26079","08-06-17 02:45","Brazil","Serie A Betano","2017","Vasco","Corinthians","2.67","3.28","2.66","1.03","9.30","1.36","3.10","2.29","1.70","4.10","1.22","7.80","1.05","1.95","1.91"
"26080","08-06-17 02:00","Brazil","Serie A Betano","2017","Santos","Botafogo RJ","1.69","3.86","5.05","1.02","9.90","1.32","3.32","2.13","1.76","3.70","1.27","7.00","1.06","2.15","1.74"
"26081","08-06-17 00:30","Brazil","Serie A Betano","2017","Atletico-MG","Avai","1.30","5.45","10.50","1.01","13.00","1.17","4.90","1.74","2.20","2.71","1.45","4.90","1.14","2.00","1.85"
"26082","08-06-17 00:30","Brazil","Serie A Betano","2017","Coritiba","Palmeiras","2.45","3.26","2.98","1.03","9.60","1.35","3.15","2.23","1.73","3.88","1.25","7.30","1.06","1.95","1.91"
"26083","07-06-17 01:00","Brazil","Serie A Betano","2017","Fluminense","Athletico-PR","1.61","3.88","5.80","1.01","11.50","1.23","3.78","1.97","1.87","3.08","1.37","5.60","1.11","1.99","1.89"
"26084","06-06-17 01:00","Brazil","Serie A Betano","2017","Bahia","Atletico GO","1.45","4.80","6.65","1.05","11.00","1.23","4.10","1.82","2.03","2.95","1.39","5.30","1.12","2.05","1.80"
"26085","05-06-17 00:00","Brazil","Serie A Betano","2017","Cruzeiro","Chapecoense-SC","1.56","3.88","6.60","1.04","8.60","1.37","3.05","2.39","1.64","4.30","1.20","8.40","1.04","2.38","1.62"
"26086","04-06-17 21:00","Brazil","Serie A Betano","2017","Gremio","Vasco","1.40","4.68","8.50","1.02","9.70","1.25","3.88","1.96","1.94","3.26","1.33","6.10","1.09","2.37","1.65"
"26087","04-06-17 21:00","Brazil","Serie A Betano","2017","Palmeiras","Atletico-MG","1.74","3.78","4.86","1.04","13.00","1.19","4.44","1.79","2.11","2.83","1.42","5.10","1.13","1.70","2.10"
"26088","04-06-17 21:00","Brazil","Serie A Betano","2017","Ponte Preta","Sao Paulo","2.54","3.22","3.05","1.02","9.70","1.33","3.24","2.25","1.72","3.88","1.24","7.30","1.06","1.92","1.97"
"26089","04-06-17 16:00","Brazil","Serie A Betano","2017","Avai","Sport Recife","2.40","3.28","3.24","1.03","9.40","1.33","3.26","2.27","1.71","3.88","1.25","7.30","1.06","1.94","1.94"
"26090","04-06-17 16:00","Brazil","Serie A Betano","2017","Flamengo RJ","Botafogo RJ","1.61","3.78","6.10","1.02","9.80","1.30","3.46","2.17","1.77","3.70","1.27","7.00","1.06","1.95","1.88"
"26091","04-06-17 00:00","Brazil","Serie A Betano","2017","Corinthians","Santos","1.73","3.20","4.92","1.03","9.10","1.34","3.20","2.32","1.67","3.98","1.24","7.80","1.05","2.20","1.71"
"26092","03-06-17 23:00","Brazil","Serie A Betano","2017","Fluminense","Vitoria","1.51","4.44","6.55","1.03","12.00","1.19","4.60","1.78","2.08","2.75","1.44","5.10","1.13","1.92","1.91"
"26093","03-06-17 21:00","Brazil","Serie A Betano","2017","Coritiba","Athletico-PR","1.74","3.58","5.00","1.03","8.90","1.36","3.10","2.29","1.68","4.10","1.23","7.80","1.05","2.08","1.82"
"26094","30-05-17 01:00","Brazil","Serie A Betano","2017","Chapecoense-SC","Avai","1.58","3.78","6.65","1.04","8.60","1.38","3.00","2.37","1.65","4.32","1.21","8.30","1.04","2.25","1.67"
"26095","29-05-17 00:00","Brazil","Serie A Betano","2017","Botafogo RJ","Bahia","1.83","3.56","4.68","1.02","10.00","1.31","3.38","2.14","1.79","3.68","1.27","6.90","1.07","2.00","1.85"
"26096","28-05-17 23:00","Brazil","Serie A Betano","2017","Sport Recife","Gremio","1.92","3.42","4.18","1.04","8.60","1.39","2.96","2.38","1.65","4.30","1.21","8.10","1.05","2.10","1.80"
"26097","28-05-17 21:00","Brazil","Serie A Betano","2017","Athletico-PR","Flamengo RJ","2.96","3.24","2.62","1.02","9.80","1.33","3.26","2.20","1.75","3.78","1.26","7.10","1.06","1.90","1.98"
"26098","28-05-17 21:00","Brazil","Serie A Betano","2017","Atletico GO","Corinthians","4.68","3.20","1.90","1.03","9.20","1.35","3.15","2.29","1.70","4.00","1.24","7.60","1.06","2.09","1.81"
"26099","28-05-17 21:00","Brazil","Serie A Betano","2017","Santos","Cruzeiro","2.00","3.48","4.02","1.03","9.70","1.33","3.26","2.19","1.76","3.80","1.26","7.10","1.06","2.00","1.86"
"26100","28-05-17 16:00","Brazil","Serie A Betano","2017","Atletico-MG","Ponte Preta","1.50","4.24","7.20","1.03","15.00","1.19","4.94","1.67","2.32","2.57","1.50","4.60","1.16","1.80","2.10"
"26101","28-05-17 02:00","Brazil","Serie A Betano","2017","Vitoria","Coritiba","2.12","3.34","3.80","1.02","9.70","1.33","3.24","2.29","1.70","3.92","1.25","7.50","1.06","2.00","1.83"
"26102","28-05-17 00:00","Brazil","Serie A Betano","2017","Sao Paulo","Palmeiras","2.60","3.26","2.90","1.04","8.50","1.40","2.92","2.40","1.64","4.10","1.23","7.60","1.06","2.00","1.88"
"26103","27-05-17 21:00","Brazil","Serie A Betano","2017","Vasco","Fluminense","2.69","3.42","2.72","1.06","10.00","1.23","4.10","1.89","2.00","2.99","1.38","5.50","1.11","1.72","2.12"
"26104","23-05-17 01:00","Brazil","Serie A Betano","2017","Sao Paulo","Avai","1.28","5.60","11.50","1.06","10.00","1.23","4.10","1.83","1.94","3.08","1.35","5.70","1.11","2.39","1.63"
"26105","22-05-17 00:00","Brazil","Serie A Betano","2017","Sport Recife","Cruzeiro","2.74","3.24","2.77","1.02","9.90","1.33","3.28","2.19","1.76","3.78","1.26","7.10","1.06","1.92","1.97"
"26106","21-05-17 23:00","Brazil","Serie A Betano","2017","Botafogo RJ","Ponte Preta","2.08","3.34","3.82","1.03","8.90","1.37","3.08","2.36","1.66","4.14","1.22","7.80","1.05","1.99","1.89"
"26107","21-05-17 21:00","Brazil","Serie A Betano","2017","Athletico-PR","Gremio","2.69","3.15","2.92","1.06","7.60","1.48","2.63","2.55","1.58","4.32","1.21","8.10","1.05","2.14","1.78"
"26108","21-05-17 21:00","Brazil","Serie A Betano","2017","Atletico-MG","Fluminense","1.59","4.20","5.45","1.04","13.00","1.18","4.74","1.68","2.30","2.60","1.49","4.60","1.16","1.80","2.10"
"26109","21-05-17 21:00","Brazil","Serie A Betano","2017","Vitoria","Corinthians","3.26","3.20","2.41","1.03","8.80","1.37","3.04","2.36","1.66","4.20","1.22","8.00","1.05","2.04","1.85"
"26110","21-05-17 16:00","Brazil","Serie A Betano","2017","Vasco","Bahia","1.81","3.72","4.68","1.01","11.00","1.27","3.70","2.04","1.87","3.38","1.31","6.30","1.09","1.91","1.95"
"26111","21-05-17 00:00","Brazil","Serie A Betano","2017","Atletico GO","Flamengo RJ","4.56","3.24","1.93","1.02","9.90","1.31","3.38","2.22","1.74","3.78","1.26","7.10","1.06","1.98","1.83"
"26112","21-05-17 00:00","Brazil","Serie A Betano","2017","Chapecoense-SC","Palmeiras","3.17","2.95","2.24","1.03","9.50","1.34","3.20","2.20","1.75","3.78","1.26","7.10","1.06","1.94","1.91"
"26113","20-05-17 21:00","Brazil","Serie A Betano","2017","Santos","Coritiba","1.51","4.30","6.35","","","1.24","3.96","1.88","2.01","3.10","1.36","5.80","1.10","1.95","1.91"
"26114","16-05-17 01:00","Brazil","Serie A Betano","2017","Coritiba","Atletico GO","1.63","3.48","6.60","1.04","8.60","1.32","3.14","2.28","1.60","4.30","1.21","8.30","1.04","2.18","1.74"
"26115","15-05-17 00:00","Brazil","Serie A Betano","2017","Gremio","Botafogo RJ","1.65","3.90","5.95","1.04","8.30","1.41","2.86","2.43","1.63","4.50","1.20","8.50","1.04","2.29","1.69"
"26116","14-05-17 21:00","Brazil","Serie A Betano","2017","Avai","Vitoria","2.43","3.18","3.38","1.04","8.50","1.39","2.95","2.39","1.64","4.30","1.21","8.10","1.05","2.01","1.88"
"26117","14-05-17 21:00","Brazil","Serie A Betano","2017","Bahia","Athletico-PR","1.79","3.44","5.80","1.05","8.10","1.40","2.91","2.52","1.59","4.60","1.19","8.70","1.03","2.25","1.68"
"26118","14-05-17 21:00","Brazil","Serie A Betano","2017","Cruzeiro","Sao Paulo","2.00","3.34","4.44","1.03","8.80","1.37","3.04","2.35","1.66","4.14","1.22","8.00","1.05","2.05","1.84"
"26119","14-05-17 21:00","Brazil","Serie A Betano","2017","Palmeiras","Vasco","1.42","4.54","9.20","","","1.24","3.96","1.91","1.99","3.14","1.35","5.80","1.10","2.10","1.80"
"26120","14-05-17 21:00","Brazil","Serie A Betano","2017","Ponte Preta","Sport Recife","1.69","3.76","6.05","1.02","9.90","1.31","3.40","2.14","1.79","3.72","1.27","7.10","1.06","2.06","1.83"
"26121","14-05-17 16:00","Brazil","Serie A Betano","2017","Fluminense","Santos","1.94","3.70","4.20","1.02","10.50","1.32","3.34","2.13","1.80","3.60","1.28","6.70","1.08","1.94","1.94"
"26122","14-05-17 00:00","Brazil","Serie A Betano","2017","Corinthians","Chapecoense-SC","1.34","4.70","12.00","1.03","9.60","1.32","3.34","2.19","1.76","3.86","1.25","7.50","1.06","2.52","1.58"
"26123","13-05-17 21:00","Brazil","Serie A Betano","2017","Flamengo RJ","Atletico-MG","1.86","3.64","4.34","","","1.21","4.20","1.85","2.06","2.99","1.38","5.50","1.11","1.76","2.17"
"26124","11-12-16 20:00","Brazil","Serie A Betano","2016","Athletico-PR","Flamengo RJ","2.19","3.34","3.52","","","1.25","3.70","1.96","1.90","3.20","1.32","5.80","1.09","1.78","2.13"
"26125","11-12-16 20:00","Brazil","Serie A Betano","2016","Cruzeiro","Corinthians","2.52","3.40","2.87","","","1.25","3.74","1.92","1.94","3.13","1.33","5.60","1.10","1.74","2.20"
"26126","11-12-16 20:00","Brazil","Serie A Betano","2016","Fluminense","Internacional","3.92","3.80","1.91","1.01","9.80","1.27","3.58","1.96","1.90","3.26","1.31","5.90","1.09","1.93","1.95"
"26127","11-12-16 20:00","Brazil","Serie A Betano","2016","Gremio","Botafogo RJ","3.74","3.44","2.07","","","1.28","3.46","2.04","1.83","3.42","1.29","6.30","1.07","1.88","2.00"
"26128","11-12-16 20:00","Brazil","Serie A Betano","2016","Ponte Preta","Coritiba","1.64","4.00","5.45","","","1.24","3.80","1.90","1.96","3.13","1.33","5.70","1.09","1.90","1.98"
"26129","11-12-16 20:00","Brazil","Serie A Betano","2016","Santos","America MG","1.20","7.20","14.00","","","1.12","5.10","1.50","2.49","2.39","1.62","4.10","1.21","2.44","1.61"
"26130","11-12-16 20:00","Brazil","Serie A Betano","2016","Sao Paulo","Santa Cruz","1.26","6.60","10.50","","","1.14","5.40","1.53","2.54","2.28","1.59","3.80","1.21","2.06","1.83"
"26131","11-12-16 20:00","Brazil","Serie A Betano","2016","Sport Recife","Figueirense","1.26","6.20","12.00","","","1.18","4.50","1.70","2.23","2.70","1.43","4.74","1.14","2.26","1.65"
"26132","11-12-16 20:00","Brazil","Serie A Betano","2016","Vitoria","Palmeiras","1.92","3.56","4.20","","","1.22","4.00","1.85","2.02","2.95","1.37","5.30","1.11","1.75","2.17"
"26133","28-11-16 23:00","Brazil","Serie A Betano","2016","Coritiba","Vitoria","2.22","3.52","3.32","1.01","11.50","1.25","3.92","1.90","2.00","3.08","1.37","5.60","1.11","1.66","2.22"
"26134","27-11-16 22:30","Brazil","Serie A Betano","2016","Figueirense","Fluminense","3.20","3.24","2.46","1.03","9.70","1.33","3.28","2.20","1.75","3.78","1.26","7.10","1.06","1.79","2.02"
"26135","27-11-16 22:30","Brazil","Serie A Betano","2016","Santa Cruz","Gremio","2.40","3.64","3.00","","","1.26","3.78","1.95","1.91","3.20","1.34","5.90","1.10","1.70","2.14"
"26136","27-11-16 20:00","Brazil","Serie A Betano","2016","Atletico-MG","Sao Paulo","2.77","3.42","2.65","","","1.22","4.14","1.83","2.09","2.88","1.41","5.20","1.13","1.58","2.38"
"26137","27-11-16 20:00","Brazil","Serie A Betano","2016","Flamengo RJ","Santos","1.91","3.74","4.16","1.01","11.50","1.22","4.20","1.83","2.09","2.92","1.40","5.30","1.12","1.65","2.24"
"26138","27-11-16 20:00","Brazil","Serie A Betano","2016","Internacional","Cruzeiro","1.65","3.94","6.10","1.03","9.60","1.33","3.24","2.20","1.75","3.88","1.25","7.30","1.06","2.09","1.74"
"26139","27-11-16 20:00","Brazil","Serie A Betano","2016","Palmeiras","Chapecoense-SC","1.44","4.44","8.50","","","1.24","4.00","1.90","1.99","3.14","1.35","5.80","1.10","1.96","1.80"
"26140","27-11-16 00:00","Brazil","Serie A Betano","2016","Corinthians","Athletico-PR","1.76","3.64","5.35","1.03","9.50","1.34","3.22","2.23","1.73","3.90","1.25","7.50","1.06","1.98","1.83"
"26141","26-11-16 23:00","Brazil","Serie A Betano","2016","America MG","Sport Recife","3.28","3.38","2.36","1.03","9.60","1.34","3.20","2.22","1.74","3.86","1.25","7.30","1.06","1.84","1.96"
"26142","26-11-16 23:00","Brazil","Serie A Betano","2016","Botafogo RJ","Ponte Preta","1.77","3.72","5.20","1.02","10.00","1.31","3.40","2.13","1.80","3.68","1.27","6.90","1.07","1.91","1.89"
"26143","21-11-16 23:00","Brazil","Serie A Betano","2016","Corinthians","Internacional","2.02","3.26","3.94","1.05","8.00","1.43","2.80","2.52","1.59","4.60","1.19","8.80","1.03","2.04","1.77"
"26144","20-11-16 22:30","Brazil","Serie A Betano","2016","Chapecoense-SC","Sao Paulo","2.76","3.05","2.95","1.04","8.30","1.40","2.90","2.46","1.62","4.44","1.20","8.40","1.04","1.92","1.88"
"26145","20-11-16 22:30","Brazil","Serie A Betano","2016","Flamengo RJ","Coritiba","1.37","4.84","9.30","1.01","11.50","1.26","3.80","1.94","1.94","3.26","1.33","6.10","1.09","2.10","1.68"
"26146","20-11-16 22:30","Brazil","Serie A Betano","2016","Santa Cruz","Atletico-MG","2.40","3.62","2.91","","","1.22","4.20","1.81","2.11","2.88","1.41","5.20","1.13","1.57","2.32"
"26147","20-11-16 20:00","Brazil","Serie A Betano","2016","Athletico-PR","Sport Recife","1.84","3.54","4.64","1.04","8.30","1.41","2.86","2.45","1.62","4.50","1.20","8.60","1.04","2.05","1.71"
"26148","20-11-16 20:00","Brazil","Serie A Betano","2016","Cruzeiro","Santos","2.25","3.38","3.42","1.02","10.50","1.29","3.52","2.09","1.83","3.52","1.29","6.60","1.08","1.75","2.06"
"26149","20-11-16 20:00","Brazil","Serie A Betano","2016","Gremio","America MG","1.51","4.34","7.00","1.01","11.00","1.28","3.60","2.02","1.88","3.44","1.30","6.40","1.08","2.08","1.75"
"26150","20-11-16 20:00","Brazil","Serie A Betano","2016","Palmeiras","Botafogo RJ","1.52","4.20","6.90","1.01","11.50","1.26","3.78","1.96","1.92","3.32","1.32","6.10","1.09","1.95","1.83"
"26151","20-11-16 20:00","Brazil","Serie A Betano","2016","Ponte Preta","Fluminense","2.35","3.20","3.44","1.01","11.00","1.28","3.64","2.04","1.87","3.36","1.32","6.30","1.09","1.68","2.19"
"26152","20-11-16 20:00","Brazil","Serie A Betano","2016","Vitoria","Figueirense","1.57","4.30","6.20","","","1.25","3.86","1.92","1.98","3.20","1.34","5.90","1.10","1.93","1.87"
"26153","18-11-16 00:00","Brazil","Serie A Betano","2016","Atletico-MG","Palmeiras","2.29","3.03","3.32","","","1.21","4.14","1.86","2.07","2.95","1.39","5.30","1.12","1.59","2.36"
"26154","18-11-16 00:00","Brazil","Serie A Betano","2016","Internacional","Ponte Preta","1.53","4.08","7.70","1.03","8.90","1.35","3.14","2.30","1.71","4.10","1.23","7.80","1.05","2.25","1.64"
"26155","17-11-16 22:30","Brazil","Serie A Betano","2016","Santos","Vitoria","1.35","5.10","8.30","1.04","13.00","1.16","5.10","1.55","2.43","2.48","1.53","4.32","1.18","1.77","2.05"
"26156","17-11-16 22:30","Brazil","Serie A Betano","2016","Sao Paulo","Gremio","1.93","3.40","4.32","1.04","8.60","1.40","2.91","2.45","1.60","4.44","1.20","8.50","1.04","2.05","1.77"
"26157","17-11-16 00:45","Brazil","Serie A Betano","2016","America MG","Flamengo RJ","8.10","4.54","1.41","1.01","11.50","1.26","3.46","1.97","1.80","3.26","1.33","6.10","1.09","2.02","1.79"
"26158","17-11-16 00:45","Brazil","Serie A Betano","2016","Figueirense","Corinthians","2.93","3.30","2.62","1.03","9.30","1.35","3.15","2.28","1.73","3.96","1.24","7.50","1.06","1.84","1.95"
"26159","17-11-16 00:45","Brazil","Serie A Betano","2016","Sport Recife","Cruzeiro","2.25","3.18","3.68","1.03","9.60","1.33","3.26","2.23","1.75","3.80","1.26","7.30","1.06","1.80","2.01"
"26160","17-11-16 00:00","Brazil","Serie A Betano","2016","Coritiba","Santa Cruz","1.41","4.80","8.80","","","1.21","4.32","1.81","2.14","2.90","1.40","5.30","1.12","1.97","1.83"
"26161","16-11-16 22:30","Brazil","Serie A Betano","2016","Botafogo RJ","Chapecoense-SC","1.61","3.96","6.50","1.03","9.60","1.33","3.26","2.22","1.77","3.86","1.25","7.30","1.06","2.09","1.74"
"26162","15-11-16 20:00","Brazil","Serie A Betano","2016","Fluminense","Athletico-PR","1.68","3.46","6.70","1.02","9.90","1.30","3.46","2.16","1.78","3.68","1.27","7.00","1.06","1.94","1.86"
"26163","07-11-16 23:00","Brazil","Serie A Betano","2016","Gremio","Sport Recife","1.76","3.58","5.30","1.03","9.20","1.35","3.14","2.29","1.70","4.10","1.23","7.80","1.05","2.04","1.78"
"26164","06-11-16 22:30","Brazil","Serie A Betano","2016","Chapecoense-SC","Figueirense","1.93","3.28","4.76","1.05","8.20","1.40","2.90","2.46","1.62","4.44","1.20","8.50","1.04","2.00","1.77"
"26165","06-11-16 22:30","Brazil","Serie A Betano","2016","Coritiba","Atletico-MG","2.63","3.24","2.85","1.01","11.00","1.28","3.60","2.04","1.87","3.38","1.31","6.30","1.09","1.68","2.19"
"26166","06-11-16 20:00","Brazil","Serie A Betano","2016","Cruzeiro","Fluminense","1.88","3.38","4.20","1.02","9.90","1.32","3.32","2.17","1.77","3.78","1.26","7.10","1.06","1.91","1.89"
"26167","06-11-16 20:00","Brazil","Serie A Betano","2016","Palmeiras","Internacional","1.64","3.58","6.70","1.03","8.90","1.35","3.16","2.30","1.69","4.10","1.23","7.80","1.05","2.09","1.74"
"26168","06-11-16 20:00","Brazil","Serie A Betano","2016","Santa Cruz","America MG","1.94","3.32","4.74","1.01","11.00","1.26","3.78","2.01","1.89","3.32","1.32","6.20","1.09","1.76","2.06"
"26169","06-11-16 20:00","Brazil","Serie A Betano","2016","Vitoria","Athletico-PR","1.94","3.19","5.05","1.03","8.90","1.35","3.14","2.32","1.68","4.10","1.23","7.80","1.05","1.93","1.87"
"26170","06-11-16 14:00","Brazil","Serie A Betano","2016","Ponte Preta","Santos","2.44","3.30","3.22","1.02","10.00","1.31","3.40","2.17","1.77","3.68","1.27","6.90","1.07","1.79","2.02"
"26171","05-11-16 22:30","Brazil","Serie A Betano","2016","Sao Paulo","Corinthians","2.24","3.08","3.86","1.03","9.20","1.35","3.16","2.29","1.69","3.96","1.24","7.50","1.06","1.84","1.96"
"26172","05-11-16 20:00","Brazil","Serie A Betano","2016","Flamengo RJ","Botafogo RJ","1.72","4.00","5.10","1.02","10.50","1.30","3.46","2.06","1.85","3.54","1.29","6.60","1.08","1.91","1.85"
"26173","31-10-16 23:00","Brazil","Serie A Betano","2016","America MG","Sao Paulo","4.40","3.42","1.92","1.03","9.60","1.31","3.24","2.22","1.74","3.86","1.25","7.30","1.06","1.96","1.84"
"26174","29-10-16 23:30","Brazil","Serie A Betano","2016","Figueirense","Gremio","2.57","3.10","3.15","1.05","8.10","1.42","2.84","2.49","1.60","4.60","1.19","8.60","1.04","1.97","1.83"
"26175","29-10-16 23:30","Brazil","Serie A Betano","2016","Santos","Palmeiras","2.39","3.32","3.20","1.01","11.50","1.28","3.64","2.01","1.89","3.34","1.32","6.20","1.09","1.70","2.10"
"26176","29-10-16 22:30","Brazil","Serie A Betano","2016","Botafogo RJ","Coritiba","1.63","3.44","5.60","1.03","9.20","1.35","3.16","2.29","1.70","4.10","1.23","7.80","1.05","1.99","1.82"
"26177","29-10-16 22:30","Brazil","Serie A Betano","2016","Internacional","Santa Cruz","1.33","5.10","12.00","1.01","11.00","1.26","3.82","1.96","1.94","3.32","1.32","6.30","1.09","2.31","1.62"
"26178","29-10-16 20:30","Brazil","Serie A Betano","2016","Athletico-PR","Cruzeiro","2.18","2.97","4.02","1.06","7.40","1.45","2.71","2.66","1.54","4.90","1.17","9.40","1.03","2.06","1.76"
"26179","29-10-16 20:30","Brazil","Serie A Betano","2016","Atletico-MG","Flamengo RJ","2.33","3.42","3.28","1.05","11.00","1.19","4.60","1.73","2.23","2.65","1.47","4.70","1.15","1.51","2.56"
"26180","29-10-16 20:30","Brazil","Serie A Betano","2016","Corinthians","Chapecoense-SC","1.56","4.04","6.85","1.02","10.50","1.30","3.46","2.10","1.82","3.62","1.28","6.80","1.07","2.06","1.76"
"26181","28-10-16 23:30","Brazil","Serie A Betano","2016","Fluminense","Vitoria","1.63","3.84","6.05","1.05","12.00","1.20","4.44","1.79","2.14","2.82","1.42","5.10","1.13","1.70","2.15"
"26182","28-10-16 00:30","Brazil","Serie A Betano","2016","Sport Recife","Ponte Preta","1.91","3.26","4.50","1.02","10.50","1.29","3.54","2.07","1.83","3.48","1.30","6.60","1.08","1.72","2.06"
"26183","25-10-16 00:00","Brazil","Serie A Betano","2016","America MG","Athletico-PR","2.86","2.99","2.78","1.06","7.20","1.48","2.61","2.72","1.51","5.10","1.16","9.70","1.03","2.09","1.74"
"26184","23-10-16 23:30","Brazil","Serie A Betano","2016","Atletico-MG","Figueirense","1.26","5.90","12.00","1.05","12.00","1.20","4.44","1.80","2.13","2.71","1.45","5.10","1.13","2.20","1.66"
"26185","23-10-16 23:30","Brazil","Serie A Betano","2016","Chapecoense-SC","Santos","2.93","3.06","2.57","1.03","9.60","1.33","3.24","2.19","1.75","3.82","1.26","7.30","1.06","1.82","1.99"
"26186","23-10-16 22:30","Brazil","Serie A Betano","2016","Coritiba","Fluminense","2.31","3.24","3.52","1.03","8.80","1.37","3.04","2.34","1.67","4.14","1.22","7.90","1.05","1.91","1.89"
"26187","23-10-16 21:00","Brazil","Serie A Betano","2016","Flamengo RJ","Corinthians","1.66","3.90","5.40","1.02","10.50","1.29","3.54","2.05","1.86","3.50","1.30","6.50","1.08","1.94","1.86"
"26188","23-10-16 21:00","Brazil","Serie A Betano","2016","Gremio","Internacional","2.19","3.16","3.66","1.06","7.30","1.48","2.63","2.69","1.53","5.10","1.16","9.60","1.03","2.15","1.70"
"26189","23-10-16 21:00","Brazil","Serie A Betano","2016","Palmeiras","Sport Recife","1.33","5.15","9.40","1.05","12.00","1.21","4.30","1.79","2.14","2.90","1.40","5.20","1.13","2.00","1.76"
"26190","23-10-16 21:00","Brazil","Serie A Betano","2016","Vitoria","Cruzeiro","2.65","3.22","2.80","1.02","10.50","1.30","3.50","2.09","1.83","3.52","1.29","6.50","1.08","1.71","2.14"
"26191","22-10-16 21:00","Brazil","Serie A Betano","2016","Sao Paulo","Ponte Preta","1.95","3.34","4.50","1.03","8.80","1.37","3.04","2.34","1.67","4.14","1.22","8.00","1.05","1.99","1.82"
"26192","20-10-16 01:45","Brazil","Serie A Betano","2016","Santa Cruz","Botafogo RJ","3.05","3.03","2.58","1.01","11.50","1.28","3.62","2.05","1.85","3.38","1.31","6.30","1.09","1.66","2.22"
"26193","18-10-16 00:00","Brazil","Serie A Betano","2016","Fluminense","Sao Paulo","1.77","3.38","4.44","1.03","8.80","1.34","3.20","2.24","1.72","3.96","1.24","7.50","1.06","1.79","2.01"
"26194","16-10-16 23:30","Brazil","Serie A Betano","2016","Santos","Gremio","1.55","3.10","4.82","1.02","10.50","1.30","3.48","2.09","1.83","3.58","1.29","6.80","1.07","2.01","1.80"
"26195","16-10-16 23:30","Brazil","Serie A Betano","2016","Sport Recife","Vitoria","1.87","3.72","4.44","","","1.25","3.86","1.93","1.97","3.16","1.35","5.80","1.10","1.74","2.09"
"26196","16-10-16 22:30","Brazil","Serie A Betano","2016","Corinthians","America MG","1.29","5.30","10.50","1.01","11.50","1.22","4.14","1.83","2.09","2.99","1.38","5.50","1.11","2.14","1.71"
"26197","16-10-16 22:30","Brazil","Serie A Betano","2016","Ponte Preta","Santa Cruz","1.57","4.14","6.15","","","1.25","3.90","1.92","1.98","3.16","1.35","5.80","1.10","1.85","1.94"
"26198","16-10-16 21:00","Brazil","Serie A Betano","2016","Athletico-PR","Coritiba","2.86","2.96","2.86","1.07","6.80","1.54","2.45","2.75","1.51","5.50","1.14","11.50","1.01","2.09","1.74"
"26199","16-10-16 21:00","Brazil","Serie A Betano","2016","Botafogo RJ","Atletico-MG","2.76","3.26","2.73","1.01","11.50","1.28","3.60","2.05","1.84","3.52","1.29","6.60","1.08","1.71","2.14"
"26200","16-10-16 21:00","Brazil","Serie A Betano","2016","Cruzeiro","Chapecoense-SC","1.45","4.34","8.50","1.02","10.50","1.27","3.68","2.03","1.88","3.44","1.30","6.50","1.08","2.09","1.74"
"26201","16-10-16 21:00","Brazil","Serie A Betano","2016","Figueirense","Palmeiras","5.20","3.74","1.73","1.02","9.80","1.33","3.30","2.13","1.80","3.54","1.29","6.60","1.08","1.91","1.89"
"26202","16-10-16 21:00","Brazil","Serie A Betano","2016","Internacional","Flamengo RJ","2.76","3.20","2.72","1.04","8.30","1.41","2.88","2.45","1.62","4.44","1.20","8.40","1.04","1.98","1.83"
"26203","14-10-16 02:00","Brazil","Serie A Betano","2016","Fluminense","Flamengo RJ","3.54","2.98","2.40","1.02","10.50","1.30","3.46","2.14","1.79","3.56","1.29","6.80","1.07","1.69","2.14"
"26204","14-10-16 02:00","Brazil","Serie A Betano","2016","Gremio","Athletico-PR","1.63","3.42","7.50","1.05","7.90","1.40","2.91","2.52","1.59","4.60","1.18","9.00","1.03","2.28","1.63"
"26205","14-10-16 02:00","Brazil","Serie A Betano","2016","Sao Paulo","Santos","2.66","2.88","3.15","1.03","9.50","1.33","3.26","2.25","1.72","3.82","1.26","7.30","1.06","1.75","2.08"
"26206","14-10-16 00:30","Brazil","Serie A Betano","2016","Atletico-MG","America MG","1.30","3.62","11.50","1.04","13.00","1.17","4.94","1.66","2.35","2.59","1.49","4.60","1.16","1.95","1.80"
"26207","14-10-16 00:30","Brazil","Serie A Betano","2016","Palmeiras","Cruzeiro","1.68","3.14","4.70","1.01","11.50","1.25","3.88","1.92","2.00","3.15","1.35","5.80","1.10","1.80","1.98"
"26208","14-10-16 00:30","Brazil","Serie A Betano","2016","Ponte Preta","Vitoria","1.74","3.84","5.05","","","1.25","3.88","1.92","1.98","3.16","1.35","5.80","1.10","1.78","2.02"
"26209","13-10-16 02:45","Brazil","Serie A Betano","2016","Botafogo RJ","Internacional","1.76","3.28","4.66","1.04","8.60","1.36","2.99","2.36","1.65","4.30","1.21","8.10","1.05","1.90","1.86"
"26210","13-10-16 02:45","Brazil","Serie A Betano","2016","Santa Cruz","Corinthians","4.72","3.36","1.88","1.01","11.00","1.26","3.72","2.00","1.89","3.32","1.32","6.30","1.09","1.86","1.93"
"26211","13-10-16 00:30","Brazil","Serie A Betano","2016","Coritiba","Figueirense","1.48","3.88","7.50","1.03","9.70","1.31","3.38","2.16","1.77","3.78","1.26","7.30","1.06","2.09","1.74"
"26212","12-10-16 16:00","Brazil","Serie A Betano","2016","Chapecoense-SC","Sport Recife","1.96","3.46","4.34","1.03","9.70","1.31","3.40","2.13","1.80","3.62","1.28","6.80","1.07","1.78","2.04"
"26213","09-10-16 22:00","Brazil","Serie A Betano","2016","America MG","Palmeiras","7.60","4.54","1.46","","","1.24","3.96","1.90","1.99","3.15","1.35","5.80","1.10","1.99","1.82"
"26214","09-10-16 22:00","Brazil","Serie A Betano","2016","Figueirense","Botafogo RJ","2.68","3.19","2.94","1.03","8.70","1.35","3.08","2.43","1.63","4.20","1.22","8.00","1.05","1.91","1.87"
"26215","09-10-16 22:00","Brazil","Serie A Betano","2016","Flamengo RJ","Santa Cruz","1.32","5.30","9.10","1.04","13.00","1.12","5.35","1.49","2.12","2.27","1.57","3.96","1.21","1.77","2.04"
"26216","09-10-16 02:00","Brazil","Serie A Betano","2016","Cruzeiro","Ponte Preta","1.68","3.84","5.45","1.05","11.00","1.24","3.98","1.89","2.00","3.10","1.36","5.80","1.10","1.76","2.06"
"26217","07-10-16 00:30","Brazil","Serie A Betano","2016","Internacional","Coritiba","1.84","3.44","4.80","1.05","7.80","1.44","2.75","2.55","1.58","4.74","1.18","9.00","1.03","2.20","1.66"
"26218","06-10-16 02:45","Brazil","Serie A Betano","2016","Sport Recife","Sao Paulo","2.19","3.28","3.62","1.03","9.20","1.37","3.08","2.30","1.69","4.10","1.23","7.80","1.05","1.92","1.88"
"26219","06-10-16 02:00","Brazil","Serie A Betano","2016","Corinthians","Atletico-MG","1.97","3.58","3.88","","","1.25","3.86","1.93","1.97","3.16","1.35","5.80","1.10","1.70","2.14"
"26220","06-10-16 02:00","Brazil","Serie A Betano","2016","Santos","Fluminense","1.87","3.42","4.14","1.01","11.50","1.26","3.78","1.97","1.92","3.26","1.33","6.10","1.09","1.70","2.12"
"26221","06-10-16 00:30","Brazil","Serie A Betano","2016","Athletico-PR","Chapecoense-SC","1.82","2.76","4.62","1.06","7.30","1.46","2.69","2.67","1.53","5.00","1.17","9.60","1.03","2.15","1.70"
"26222","06-10-16 00:30","Brazil","Serie A Betano","2016","Vitoria","Gremio","2.05","3.50","3.64","1.02","9.90","1.32","3.28","2.15","1.78","3.78","1.26","7.00","1.06","1.85","1.94"
"26223","04-10-16 02:00","Brazil","Serie A Betano","2016","Coritiba","America MG","1.49","4.34","6.40","1.02","10.50","1.29","3.44","2.05","1.85","3.56","1.29","6.60","1.08","2.09","1.72"
"26224","04-10-16 01:00","Brazil","Serie A Betano","2016","Santa Cruz","Palmeiras","3.30","3.32","2.07","1.01","11.50","1.27","3.72","1.98","1.92","3.26","1.33","6.00","1.10","1.64","2.18"
"26225","02-10-16 02:00","Brazil","Serie A Betano","2016","Internacional","Figueirense","1.50","4.32","6.65","1.02","9.90","1.33","3.28","2.13","1.80","3.78","1.26","7.00","1.06","2.24","1.65"
"26226","01-10-16 23:30","Brazil","Serie A Betano","2016","Cruzeiro","Gremio","1.70","3.96","5.35","1.02","10.50","1.30","3.44","2.09","1.83","3.60","1.28","6.70","1.08","1.96","1.84"
"26227","01-10-16 21:30","Brazil","Serie A Betano","2016","Botafogo RJ","Corinthians","2.45","3.20","3.32","1.03","8.70","1.35","3.15","2.38","1.65","4.24","1.22","8.00","1.05","1.83","1.89"
"26228","01-10-16 21:30","Brazil","Serie A Betano","2016","Ponte Preta","Atletico-MG","2.37","3.34","3.30","1.01","11.50","1.27","3.70","1.98","1.90","3.32","1.32","6.10","1.09","1.67","2.20"
"26229","01-10-16 21:00","Brazil","Serie A Betano","2016","Chapecoense-SC","Vitoria","1.98","3.44","4.42","1.02","10.00","1.31","3.40","2.14","1.79","3.68","1.27","6.90","1.07","1.84","1.96"
"26230","01-10-16 21:00","Brazil","Serie A Betano","2016","Santos","Athletico-PR","1.58","3.80","7.10","1.03","9.70","1.31","3.40","2.17","1.77","3.78","1.26","7.30","1.06","2.01","1.80"
"26231","01-10-16 21:00","Brazil","Serie A Betano","2016","Sao Paulo","Flamengo RJ","2.55","3.26","3.05","1.03","9.60","1.33","3.26","2.20","1.75","3.80","1.26","7.10","1.06","1.80","2.01"
"26232","01-10-16 16:00","Brazil","Serie A Betano","2016","Fluminense","Sport Recife","1.75","3.76","5.40","1.02","10.50","1.29","3.54","2.06","1.85","3.48","1.30","6.60","1.08","1.88","1.92"
"26233","25-09-16 23:30","Brazil","Serie A Betano","2016","Atletico-MG","Internacional","1.58","3.92","5.70","1.01","11.00","1.27","3.68","1.98","1.90","3.38","1.31","6.30","1.09","1.90","1.90"
"26234","25-09-16 21:00","Brazil","Serie A Betano","2016","Corinthians","Fluminense","1.78","3.58","5.30","1.04","8.40","1.38","2.95","2.40","1.64","4.34","1.21","8.30","1.04","2.10","1.71"
"26235","25-09-16 21:00","Brazil","Serie A Betano","2016","Flamengo RJ","Cruzeiro","1.75","3.76","4.62","1.01","11.50","1.27","3.72","1.98","1.92","3.32","1.32","6.10","1.09","1.81","2.00"
"26236","25-09-16 21:00","Brazil","Serie A Betano","2016","Gremio","Chapecoense-SC","1.62","3.86","6.50","1.03","9.60","1.33","3.26","2.20","1.75","3.86","1.25","7.30","1.06","2.05","1.73"
"26237","25-09-16 21:00","Brazil","Serie A Betano","2016","Vitoria","Sao Paulo","2.48","3.32","3.09","1.02","9.90","1.33","3.28","2.17","1.77","3.78","1.26","7.00","1.06","1.81","2.00"
"26238","25-09-16 16:00","Brazil","Serie A Betano","2016","Athletico-PR","Ponte Preta","2.41","2.74","3.48","1.06","7.40","1.45","2.71","2.68","1.53","4.90","1.17","9.40","1.03","2.02","1.79"
"26239","25-09-16 16:00","Brazil","Serie A Betano","2016","Figueirense","Santa Cruz","2.53","3.28","3.09","1.03","8.70","1.39","2.97","2.38","1.66","4.24","1.22","8.00","1.05","1.92","1.88"
"26240","25-09-16 02:00","Brazil","Serie A Betano","2016","America MG","Botafogo RJ","2.69","3.20","2.94","1.03","9.60","1.33","3.28","2.20","1.75","3.78","1.26","7.10","1.06","1.78","2.04"
"26241","24-09-16 23:30","Brazil","Serie A Betano","2016","Sport Recife","Santos","2.47","3.30","3.16","1.02","10.50","1.31","3.40","2.13","1.80","3.62","1.28","6.80","1.07","1.75","2.08"
"26242","24-09-16 21:00","Brazil","Serie A Betano","2016","Palmeiras","Coritiba","1.40","4.70","11.00","","","1.23","4.10","1.91","1.99","3.15","1.35","6.00","1.10","2.01","1.80"
"26243","20-09-16 01:00","Brazil","Serie A Betano","2016","America MG","Internacional","3.22","3.26","2.38","1.03","8.90","1.34","3.04","2.31","1.68","4.10","1.23","7.80","1.05","1.88","1.90"
"26244","18-09-16 23:30","Brazil","Serie A Betano","2016","Santos","Santa Cruz","1.44","4.60","7.00","1.01","11.50","1.22","4.24","1.78","2.13","2.90","1.40","5.20","1.13","1.80","1.92"
"26245","18-09-16 23:30","Brazil","Serie A Betano","2016","Vitoria","Botafogo RJ","2.08","3.42","3.92","1.02","9.80","1.21","4.30","1.82","2.05","2.86","1.41","5.20","1.13","1.58","2.38"
"26246","18-09-16 21:00","Brazil","Serie A Betano","2016","Athletico-PR","Sao Paulo","2.92","2.93","2.92","1.05","7.80","1.43","2.79","2.57","1.57","4.90","1.17","8.90","1.03","1.96","1.84"
"26247","18-09-16 21:00","Brazil","Serie A Betano","2016","Chapecoense-SC","Ponte Preta","2.67","3.04","3.10","1.03","9.60","1.33","3.28","2.22","1.74","3.78","1.26","7.30","1.06","1.76","2.06"
"26248","18-09-16 21:00","Brazil","Serie A Betano","2016","Cruzeiro","Atletico-MG","1.92","3.66","3.90","","","1.25","3.88","1.91","1.99","3.14","1.34","5.80","1.10","1.67","2.14"
"26249","18-09-16 21:00","Brazil","Serie A Betano","2016","Gremio","Fluminense","1.76","3.62","5.30","1.03","9.20","1.34","3.20","2.23","1.73","3.92","1.25","7.50","1.06","2.00","1.80"
"26250","18-09-16 21:00","Brazil","Serie A Betano","2016","Sport Recife","Coritiba","1.92","3.56","4.44","1.02","9.90","1.32","3.34","2.14","1.79","3.68","1.27","6.90","1.07","1.88","1.92"
"26251","18-09-16 16:00","Brazil","Serie A Betano","2016","Flamengo RJ","Figueirense","1.33","5.20","11.50","1.01","10.50","1.22","4.14","1.85","2.06","2.95","1.39","5.60","1.11","2.17","1.69"
"26252","17-09-16 21:00","Brazil","Serie A Betano","2016","Corinthians","Palmeiras","2.43","3.20","3.28","1.03","9.20","1.36","3.13","2.29","1.70","4.00","1.24","7.60","1.06","1.86","1.94"
"26253","16-09-16 02:00","Brazil","Serie A Betano","2016","Internacional","Vitoria","1.54","4.34","7.00","1.01","11.50","1.22","4.14","1.85","2.06","3.00","1.38","5.50","1.11","1.87","1.93"
"26254","16-09-16 02:00","Brazil","Serie A Betano","2016","Sao Paulo","Cruzeiro","1.97","3.50","4.26","1.02","10.00","1.33","3.28","2.09","1.83","3.32","1.32","6.10","1.09","1.81","2.00"
"26255","16-09-16 00:30","Brazil","Serie A Betano","2016","Atletico-MG","Sport Recife","1.40","4.80","7.50","1.01","14.00","1.14","5.50","1.61","2.43","2.38","1.57","4.14","1.19","1.71","2.14"
"26256","16-09-16 00:30","Brazil","Serie A Betano","2016","Fluminense","Chapecoense-SC","1.70","3.64","6.00","1.02","10.50","1.29","3.54","2.08","1.83","3.54","1.29","6.70","1.08","1.89","1.91"
"26257","15-09-16 02:45","Brazil","Serie A Betano","2016","Coritiba","Corinthians","2.61","3.18","3.05","1.05","8.10","1.42","2.82","2.50","1.60","4.60","1.19","8.60","1.04","1.98","1.83"
"26258","15-09-16 02:45","Brazil","Serie A Betano","2016","Palmeiras","Flamengo RJ","2.01","3.52","4.06","1.01","11.50","1.26","3.78","1.96","1.92","3.24","1.33","6.00","1.10","1.69","2.14"
"26259","15-09-16 02:00","Brazil","Serie A Betano","2016","Ponte Preta","Gremio","2.50","3.24","3.19","1.04","8.30","1.41","2.88","2.45","1.62","4.44","1.20","8.40","1.04","1.98","1.83"
"26260","15-09-16 02:00","Brazil","Serie A Betano","2016","Santa Cruz","Athletico-PR","2.02","3.36","4.08","1.04","8.30","1.41","2.88","2.45","1.62","4.44","1.20","8.40","1.04","2.04","1.78"
"26261","15-09-16 00:30","Brazil","Serie A Betano","2016","Botafogo RJ","Santos","2.72","3.30","2.79","1.01","11.00","1.25","3.86","1.92","1.96","3.14","1.35","5.80","1.10","1.62","2.30"
"26262","15-09-16 00:30","Brazil","Serie A Betano","2016","Figueirense","America MG","2.16","3.28","3.70","1.05","8.10","1.40","2.82","2.50","1.60","4.60","1.19","8.70","1.03","2.00","1.78"
"26263","13-09-16 01:00","Brazil","Serie A Betano","2016","Fluminense","Atletico-MG","2.35","3.42","3.10","1.01","11.00","1.19","4.44","1.75","2.15","2.75","1.44","4.90","1.14","1.61","2.28"
"26264","11-09-16 23:30","Brazil","Serie A Betano","2016","Gremio","Palmeiras","2.24","3.62","3.20","1.01","10.50","1.25","3.88","1.89","2.00","3.10","1.36","5.60","1.11","1.67","2.19"
"26265","11-09-16 23:30","Brazil","Serie A Betano","2016","Ponte Preta","America MG","1.43","4.24","8.10","1.02","10.00","1.30","3.46","2.10","1.82","3.64","1.28","6.90","1.07","2.15","1.70"
"26266","11-09-16 21:00","Brazil","Serie A Betano","2016","Athletico-PR","Internacional","2.65","3.22","2.93","1.05","8.20","1.42","2.83","2.46","1.61","4.50","1.20","8.60","1.04","2.00","1.81"
"26267","11-09-16 21:00","Brazil","Serie A Betano","2016","Cruzeiro","Botafogo RJ","1.57","4.44","6.10","1.01","11.00","1.19","4.64","1.71","2.27","2.68","1.46","4.74","1.15","1.73","2.11"
"26268","11-09-16 21:00","Brazil","Serie A Betano","2016","Santos","Corinthians","2.47","3.10","3.28","1.03","8.70","1.37","3.04","2.36","1.66","4.14","1.22","7.90","1.05","1.87","1.93"
"26269","11-09-16 21:00","Brazil","Serie A Betano","2016","Sport Recife","Santa Cruz","2.10","3.28","4.02","1.02","9.90","1.32","3.34","2.17","1.77","3.72","1.27","7.00","1.06","1.82","1.99"
"26270","11-09-16 16:00","Brazil","Serie A Betano","2016","Chapecoense-SC","Coritiba","2.15","3.34","3.86","1.03","9.20","1.37","3.08","2.30","1.69","4.10","1.23","7.80","1.05","1.92","1.88"
"26271","11-09-16 16:00","Brazil","Serie A Betano","2016","Sao Paulo","Figueirense","1.44","4.64","8.80","1.02","10.50","1.26","3.58","2.03","1.88","3.48","1.30","6.50","1.08","2.05","1.66"
"26272","10-09-16 23:30","Brazil","Serie A Betano","2016","Vitoria","Flamengo RJ","3.13","3.52","2.31","1.02","10.00","1.25","3.88","1.88","2.03","3.13","1.36","5.70","1.11","1.65","2.22"
"26273","09-09-16 02:00","Brazil","Serie A Betano","2016","America MG","Cruzeiro","4.62","3.68","1.79","1.02","10.50","1.29","3.58","2.04","1.84","3.44","1.30","6.40","1.08","1.82","1.97"
"26274","09-09-16 02:00","Brazil","Serie A Betano","2016","Internacional","Santos","2.12","3.34","3.60","1.03","9.20","1.34","3.16","2.25","1.72","3.96","1.24","7.50","1.06","1.89","1.91"
"26275","09-09-16 00:30","Brazil","Serie A Betano","2016","Corinthians","Sport Recife","1.42","4.42","7.30","1.06","10.00","1.23","4.10","1.86","2.05","3.04","1.37","5.60","1.11","1.91","1.88"
"26276","08-09-16 02:45","Brazil","Serie A Betano","2016","Coritiba","Gremio","2.57","3.14","3.11","1.04","8.40","1.40","2.92","2.43","1.63","4.34","1.21","8.30","1.04","1.93","1.87"
"26277","08-09-16 02:45","Brazil","Serie A Betano","2016","Flamengo RJ","Ponte Preta","1.68","3.78","5.65","1.02","10.50","1.29","3.54","2.07","1.84","3.52","1.29","6.60","1.08","1.90","1.90"
"26278","08-09-16 02:45","Brazil","Serie A Betano","2016","Palmeiras","Sao Paulo","1.60","3.74","5.40","1.02","9.90","1.30","3.38","2.14","1.78","3.70","1.27","7.00","1.06","1.95","1.85"
"26279","08-09-16 00:30","Brazil","Serie A Betano","2016","Atletico-MG","Vitoria","1.38","5.00","7.80","1.03","15.00","1.16","5.10","1.63","2.43","2.48","1.53","4.32","1.18","1.75","2.06"
"26280","07-09-16 21:00","Brazil","Serie A Betano","2016","Botafogo RJ","Fluminense","2.46","3.18","3.30","1.04","8.40","1.40","2.92","2.43","1.63","4.34","1.21","8.30","1.04","1.83","1.87"
"26281","07-09-16 21:00","Brazil","Serie A Betano","2016","Figueirense","Athletico-PR","2.41","3.07","3.50","1.04","8.40","1.42","2.83","2.43","1.63","4.30","1.21","8.30","1.04","1.90","1.90"
"26282","07-09-16 21:00","Brazil","Serie A Betano","2016","Santa Cruz","Chapecoense-SC","2.22","2.97","3.72","1.03","9.20","1.36","3.13","2.29","1.70","4.00","1.24","7.60","1.06","1.89","1.91"
"26283","04-09-16 21:00","Brazil","Serie A Betano","2016","Botafogo RJ","Gremio","2.51","3.44","2.93","1.02","10.50","1.30","3.48","2.06","1.84","3.52","1.29","6.50","1.08","1.72","2.11"
"26284","03-09-16 21:00","Brazil","Serie A Betano","2016","Fluminense","Figueirense","1.46","4.54","8.80","1.02","9.90","1.32","3.34","2.14","1.81","3.78","1.26","7.00","1.06","2.10","1.60"
"26285","30-08-16 01:00","Brazil","Serie A Betano","2016","Athletico-PR","Botafogo RJ","2.25","3.40","3.36","1.03","9.20","1.37","3.08","2.29","1.71","4.10","1.23","7.60","1.06","1.90","1.90"
"26286","28-08-16 23:30","Brazil","Serie A Betano","2016","Sport Recife","Internacional","2.57","3.24","3.06","1.03","9.20","1.36","3.10","2.29","1.70","4.00","1.24","7.60","1.06","1.86","1.94"
"26287","28-08-16 23:30","Brazil","Serie A Betano","2016","Vitoria","America MG","1.74","3.90","5.20","1.01","11.00","1.28","3.64","1.98","1.90","3.38","1.31","6.30","1.09","1.87","1.93"
"26288","28-08-16 21:00","Brazil","Serie A Betano","2016","Chapecoense-SC","Flamengo RJ","2.96","3.18","2.70","1.04","8.30","1.41","2.89","2.45","1.62","4.44","1.20","8.40","1.04","1.94","1.86"
"26289","28-08-16 21:00","Brazil","Serie A Betano","2016","Fluminense","Palmeiras","3.28","3.44","2.35","1.01","11.50","1.26","3.78","1.97","1.93","3.24","1.33","6.00","1.10","1.67","2.20"
"26290","28-08-16 21:00","Brazil","Serie A Betano","2016","Gremio","Atletico-MG","1.85","3.74","4.54","1.01","11.50","1.26","3.78","1.97","1.93","3.26","1.33","6.00","1.10","1.78","2.04"
"26291","28-08-16 21:00","Brazil","Serie A Betano","2016","Sao Paulo","Coritiba","1.76","3.74","5.30","1.02","9.90","1.32","3.32","2.17","1.77","3.78","1.26","7.10","1.06","1.96","1.84"
"26292","28-08-16 16:00","Brazil","Serie A Betano","2016","Cruzeiro","Santa Cruz","1.44","4.80","8.30","1.01","11.50","1.21","4.30","1.80","2.13","2.90","1.40","5.30","1.12","1.85","1.87"
"26293","28-08-16 16:00","Brazil","Serie A Betano","2016","Santos","Figueirense","1.39","5.00","9.30","1.01","11.50","1.23","4.10","1.85","2.06","3.04","1.37","5.60","1.11","2.08","1.75"
"26294","27-08-16 21:00","Brazil","Serie A Betano","2016","Ponte Preta","Corinthians","2.72","3.03","2.79","1.03","8.90","1.35","3.04","2.32","1.68","4.14","1.22","7.80","1.05","1.90","1.90"
"26295","23-08-16 01:00","Brazil","Serie A Betano","2016","Corinthians","Vitoria","1.35","4.94","8.60","1.01","11.50","1.17","5.00","1.63","2.25","2.60","1.48","4.70","1.15","1.85","1.93"
"26296","21-08-16 23:30","Brazil","Serie A Betano","2016","Figueirense","Cruzeiro","3.30","3.38","2.33","1.02","9.90","1.32","3.32","2.16","1.78","3.72","1.27","7.00","1.06","1.80","2.01"
"26297","21-08-16 23:00","Brazil","Serie A Betano","2016","Coritiba","Santos","2.58","3.16","3.12","1.02","9.90","1.34","3.20","2.25","1.72","3.88","1.25","7.40","1.06","1.81","2.00"
"26298","21-08-16 21:00","Brazil","Serie A Betano","2016","Internacional","Sao Paulo","2.11","3.34","3.96","1.04","8.30","1.40","2.90","2.43","1.63","4.44","1.20","8.30","1.04","2.00","1.80"
"26299","21-08-16 21:00","Brazil","Serie A Betano","2016","Palmeiras","Ponte Preta","1.66","4.10","5.40","1.01","11.50","1.26","3.78","1.94","1.94","3.24","1.33","6.00","1.10","1.80","1.93"
"26300","21-08-16 21:00","Brazil","Serie A Betano","2016","Santa Cruz","Fluminense","2.66","3.24","2.94","1.03","8.90","1.37","3.05","2.32","1.68","4.10","1.23","7.80","1.05","1.88","1.92"
"26301","21-08-16 16:00","Brazil","Serie A Betano","2016","Atletico-MG","Athletico-PR","1.45","4.44","8.60","1.05","11.00","1.21","4.32","1.81","2.11","2.95","1.39","5.30","1.12","1.89","1.91"
"26302","21-08-16 16:00","Brazil","Serie A Betano","2016","Flamengo RJ","Gremio","2.08","3.40","3.94","1.03","8.80","1.38","3.00","2.34","1.67","4.20","1.22","8.00","1.05","1.95","1.82"
"26303","21-08-16 02:00","Brazil","Serie A Betano","2016","Botafogo RJ","Sport Recife","1.97","3.50","4.34","1.02","10.50","1.29","3.56","2.06","1.85","3.46","1.30","6.50","1.08","1.79","2.02"
"26304","20-08-16 02:30","Brazil","Serie A Betano","2016","America MG","Chapecoense-SC","2.31","3.12","3.62","1.04","8.40","1.39","2.95","2.43","1.63","4.32","1.21","8.30","1.04","1.94","1.86"
"26305","16-08-16 01:00","Brazil","Serie A Betano","2016","Chapecoense-SC","Internacional","2.44","3.20","3.26","1.03","8.70","1.38","3.00","2.37","1.64","4.24","1.22","8.00","1.05","1.90","1.89"
"26306","14-08-16 23:30","Brazil","Serie A Betano","2016","Athletico-PR","Palmeiras","2.69","3.24","2.90","1.03","9.50","1.34","3.20","2.23","1.73","3.86","1.25","7.30","1.06","1.80","2.00"
"26307","14-08-16 21:15","Brazil","Serie A Betano","2016","Sao Paulo","Botafogo RJ","1.63","4.00","6.00","1.02","10.50","1.28","3.62","2.02","1.88","3.44","1.30","6.40","1.08","1.85","1.87"
"26308","14-08-16 21:00","Brazil","Serie A Betano","2016","Cruzeiro","Coritiba","1.55","4.20","6.90","1.02","10.50","1.29","3.52","2.05","1.85","3.54","1.29","6.60","1.08","2.05","1.77"
"26309","14-08-16 21:00","Brazil","Serie A Betano","2016","Santos","Atletico-MG","2.31","3.40","3.34","1.01","11.50","1.26","3.82","1.95","1.95","3.20","1.34","5.90","1.10","1.65","2.24"
"26310","14-08-16 21:00","Brazil","Serie A Betano","2016","Vitoria","Santa Cruz","1.81","3.74","4.82","1.05","12.00","1.24","4.00","1.89","2.01","3.08","1.37","5.60","1.11","1.71","2.14"
"26311","14-08-16 16:00","Brazil","Serie A Betano","2016","Fluminense","America MG","1.49","3.06","8.50","1.02","9.90","1.31","3.42","2.14","1.79","3.72","1.27","7.10","1.06","2.17","1.69"
"26312","14-08-16 16:00","Brazil","Serie A Betano","2016","Gremio","Corinthians","2.15","3.34","3.82","1.05","8.20","1.42","2.84","2.47","1.61","4.50","1.20","8.60","1.04","2.04","1.78"
"26313","13-08-16 23:30","Brazil","Serie A Betano","2016","Ponte Preta","Figueirense","1.63","3.94","6.25","1.02","9.90","1.32","3.36","2.09","1.79","3.72","1.27","7.00","1.06","2.05","1.77"
"26314","13-08-16 21:00","Brazil","Serie A Betano","2016","Sport Recife","Flamengo RJ","2.90","3.42","2.53","1.02","10.50","1.28","3.48","2.07","1.84","3.52","1.29","6.50","1.08","1.75","2.08"
"26315","09-08-16 02:00","Brazil","Serie A Betano","2016","Corinthians","Cruzeiro","1.52","3.98","5.80","1.01","11.50","1.27","3.70","1.95","1.87","3.32","1.32","6.20","1.09","1.89","1.90"
"26316","09-08-16 01:00","Brazil","Serie A Betano","2016","Atletico-MG","Chapecoense-SC","1.38","4.64","8.50","1.05","11.00","1.19","4.44","1.69","2.10","3.00","1.38","5.20","1.13","1.89","1.91"
"26317","07-08-16 23:30","Brazil","Serie A Betano","2016","Figueirense","Sport Recife","2.52","3.24","3.15","1.04","8.60","1.39","2.95","2.40","1.64","4.30","1.21","8.20","1.05","1.94","1.86"
"26318","07-08-16 21:15","Brazil","Serie A Betano","2016","Internacional","Fluminense","2.14","3.44","3.74","1.03","9.20","1.37","3.08","2.29","1.70","4.10","1.21","7.80","1.05","1.93","1.87"
"26319","07-08-16 21:15","Brazil","Serie A Betano","2016","Santa Cruz","Sao Paulo","2.58","3.24","3.06","1.03","8.90","1.37","3.05","2.32","1.68","4.10","1.23","7.80","1.05","1.89","1.91"
"26320","07-08-16 21:00","Brazil","Serie A Betano","2016","Coritiba","Ponte Preta","1.99","3.38","4.30","1.03","9.20","1.36","3.13","2.29","1.70","4.10","1.23","7.80","1.05","1.93","1.87"
"26321","07-08-16 21:00","Brazil","Serie A Betano","2016","Palmeiras","Vitoria","1.40","4.84","8.20","1.04","13.00","1.17","5.00","1.65","2.38","2.53","1.51","4.50","1.17","1.82","1.99"
"26322","07-08-16 16:00","Brazil","Serie A Betano","2016","America MG","Santos","3.20","3.30","2.40","1.03","9.20","1.35","3.16","2.25","1.72","3.96","1.24","7.50","1.06","1.85","1.95"
"26323","06-08-16 23:30","Brazil","Serie A Betano","2016","Flamengo RJ","Athletico-PR","1.76","3.62","5.25","1.03","9.20","1.34","3.20","2.25","1.72","3.96","1.24","7.50","1.06","2.01","1.80"
"26324","05-08-16 02:30","Brazil","Serie A Betano","2016","Chapecoense-SC","Palmeiras","2.82","3.34","2.68","1.02","10.50","1.30","3.38","2.13","1.80","3.64","1.28","6.80","1.07","1.76","2.05"
"26325","05-08-16 02:00","Brazil","Serie A Betano","2016","Cruzeiro","Internacional","1.70","3.86","5.60","1.02","10.50","1.29","3.52","2.07","1.86","3.52","1.29","6.60","1.08","1.91","1.89"
"26326","05-08-16 00:30","Brazil","Serie A Betano","2016","Gremio","Santa Cruz","1.45","4.52","6.55","1.01","11.00","1.24","3.96","1.88","2.03","3.10","1.36","5.60","1.11","1.93","1.87"
"26327","05-08-16 00:30","Brazil","Serie A Betano","2016","Sao Paulo","Atletico-MG","2.31","3.52","3.22","1.01","11.00","1.29","3.56","2.03","1.88","3.40","1.31","6.30","1.09","1.74","2.09"
"26328","05-08-16 00:15","Brazil","Serie A Betano","2016","Ponte Preta","Botafogo RJ","2.05","3.54","3.88","","","1.25","3.90","1.92","1.98","3.13","1.36","5.80","1.10","1.67","2.20"
"26329","04-08-16 02:45","Brazil","Serie A Betano","2016","Athletico-PR","Corinthians","3.34","3.10","2.46","1.06","7.70","1.45","2.72","2.60","1.56","4.80","1.18","9.10","1.03","2.00","1.78"
"26330","04-08-16 02:45","Brazil","Serie A Betano","2016","Santos","Flamengo RJ","3.15","3.36","2.46","1.03","9.20","1.35","3.14","2.26","1.73","3.96","1.24","7.50","1.06","1.80","1.93"
"26331","04-08-16 00:30","Brazil","Serie A Betano","2016","Sport Recife","America MG","1.44","4.50","8.00","1.01","11.50","1.26","3.78","1.94","1.95","3.28","1.33","6.10","1.09","1.95","1.76"
"26332","04-08-16 00:30","Brazil","Serie A Betano","2016","Vitoria","Coritiba","2.02","3.46","4.10","1.03","9.60","1.33","3.24","2.21","1.76","3.86","1.25","7.30","1.06","1.87","1.93"
"26333","31-07-16 23:30","Brazil","Serie A Betano","2016","America MG","Gremio","4.44","3.72","1.77","1.03","9.20","1.35","3.14","2.23","1.73","3.96","1.24","7.50","1.06","1.95","1.79"
"26334","31-07-16 23:30","Brazil","Serie A Betano","2016","Botafogo RJ","Palmeiras","2.74","3.52","2.60","1.03","11.00","1.25","3.90","1.90","2.00","3.10","1.36","5.60","1.11","1.66","2.22"
"26335","31-07-16 21:00","Brazil","Serie A Betano","2016","Coritiba","Flamengo RJ","2.51","3.28","3.03","1.04","8.50","1.40","2.91","2.40","1.64","4.34","1.21","8.20","1.05","1.97","1.83"
"26336","31-07-16 21:00","Brazil","Serie A Betano","2016","Internacional","Corinthians","2.61","3.17","2.99","1.05","8.20","1.41","2.86","2.47","1.61","4.50","1.20","8.60","1.04","1.98","1.83"
"26337","31-07-16 21:00","Brazil","Serie A Betano","2016","Santos","Cruzeiro","1.76","3.66","4.72","1.01","11.50","1.26","3.78","1.97","1.94","3.26","1.33","6.00","1.10","1.76","2.05"
"26338","31-07-16 16:00","Brazil","Serie A Betano","2016","Fluminense","Ponte Preta","1.97","3.56","4.26","1.02","9.90","1.33","3.30","2.17","1.77","3.78","1.26","7.10","1.06","1.88","1.92"
"26339","31-07-16 16:00","Brazil","Serie A Betano","2016","Sao Paulo","Chapecoense-SC","1.61","3.88","6.95","1.04","8.30","1.39","2.95","2.42","1.64","4.44","1.20","8.40","1.04","2.05","1.61"
"26340","31-07-16 02:00","Brazil","Serie A Betano","2016","Atletico-MG","Santa Cruz","1.37","4.90","8.30","1.04","13.00","1.17","4.74","1.70","2.29","2.65","1.47","4.74","1.15","1.89","1.90"
"26341","30-07-16 23:30","Brazil","Serie A Betano","2016","Figueirense","Vitoria","2.52","3.38","3.01","1.02","10.50","1.30","3.44","2.09","1.83","3.54","1.29","6.60","1.08","1.75","2.08"
"26342","30-07-16 23:30","Brazil","Serie A Betano","2016","Sport Recife","Athletico-PR","1.69","3.78","5.60","1.01","11.00","1.27","3.72","2.00","1.90","3.34","1.32","6.30","1.09","1.95","1.84"
"26343","26-07-16 01:00","Brazil","Serie A Betano","2016","Flamengo RJ","America MG","1.37","5.20","9.70","1.05","11.00","1.20","4.44","1.76","2.05","2.82","1.42","5.10","1.13","2.02","1.79"
"26344","24-07-16 23:30","Brazil","Serie A Betano","2016","Vitoria","Santos","2.74","3.38","2.77","1.01","11.50","1.27","3.72","1.99","1.93","3.26","1.33","6.00","1.10","1.67","2.20"
"26345","24-07-16 21:00","Brazil","Serie A Betano","2016","Athletico-PR","Fluminense","2.17","3.28","3.72","1.04","8.60","1.39","2.95","2.40","1.64","4.32","1.21","8.20","1.05","1.95","1.83"
"26346","24-07-16 21:00","Brazil","Serie A Betano","2016","Chapecoense-SC","Botafogo RJ","2.10","3.38","3.92","1.02","10.50","1.31","3.40","2.14","1.80","3.64","1.28","6.80","1.07","1.80","2.00"
"26347","24-07-16 21:00","Brazil","Serie A Betano","2016","Cruzeiro","Sport Recife","1.61","4.14","6.10","1.04","13.00","1.20","4.44","1.78","2.18","2.79","1.43","5.10","1.13","1.72","2.12"
"26348","24-07-16 21:00","Brazil","Serie A Betano","2016","Gremio","Sao Paulo","1.94","3.56","4.24","1.03","8.90","1.38","3.00","2.32","1.68","4.14","1.22","7.90","1.05","1.95","1.79"
"26349","24-07-16 16:00","Brazil","Serie A Betano","2016","Palmeiras","Atletico-MG","1.83","4.06","4.36","1.04","13.00","1.19","4.60","1.71","2.27","2.65","1.47","4.70","1.15","1.61","2.32"
"26350","24-07-16 16:00","Brazil","Serie A Betano","2016","Ponte Preta","Internacional","2.47","3.17","3.28","1.03","8.70","1.38","2.99","2.38","1.65","4.24","1.22","8.00","1.05","1.91","1.89"
"26351","23-07-16 23:30","Brazil","Serie A Betano","2016","Santa Cruz","Coritiba","2.41","3.01","3.46","1.03","9.50","1.33","3.24","2.24","1.72","3.86","1.25","7.30","1.06","1.79","2.02"
"26352","23-07-16 21:00","Brazil","Serie A Betano","2016","Corinthians","Figueirense","1.26","5.50","11.50","1.01","11.50","1.26","3.82","1.91","1.93","3.24","1.33","6.00","1.10","2.38","1.55"
"26353","19-07-16 01:00","Brazil","Serie A Betano","2016","Atletico-MG","Coritiba","1.51","3.92","6.25","1.03","12.00","1.21","4.32","1.75","2.08","2.88","1.39","5.20","1.13","1.74","1.92"
"26354","17-07-16 23:30","Brazil","Serie A Betano","2016","Sport Recife","Gremio","2.86","3.28","2.62","1.02","9.90","1.31","3.32","2.15","1.78","3.70","1.27","6.90","1.07","1.78","2.04"
"26355","17-07-16 21:00","Brazil","Serie A Betano","2016","Athletico-PR","Vitoria","1.60","3.92","6.15","1.02","10.50","1.30","3.48","2.09","1.82","3.60","1.28","6.80","1.07","1.99","1.82"
"26356","17-07-16 21:00","Brazil","Serie A Betano","2016","Corinthians","Sao Paulo","1.58","3.74","5.90","1.03","9.20","1.36","3.13","2.29","1.70","4.10","1.23","7.80","1.05","2.11","1.73"
"26357","17-07-16 21:00","Brazil","Serie A Betano","2016","Figueirense","Chapecoense-SC","2.26","3.20","3.68","1.03","8.80","1.38","3.00","2.38","1.66","4.20","1.22","8.00","1.05","1.92","1.88"
"26358","17-07-16 21:00","Brazil","Serie A Betano","2016","Fluminense","Cruzeiro","2.49","3.22","3.20","1.03","9.20","1.37","3.00","2.36","1.64","4.20","1.22","8.00","1.05","1.90","1.90"
"26359","17-07-16 21:00","Brazil","Serie A Betano","2016","Internacional","Palmeiras","2.41","3.28","3.14","1.02","10.50","1.30","3.44","2.11","1.80","3.58","1.29","6.70","1.08","1.73","2.08"
"26360","17-07-16 16:00","Brazil","Serie A Betano","2016","America MG","Santa Cruz","2.26","3.20","3.68","1.03","8.90","1.37","3.08","2.32","1.68","4.10","1.23","7.80","1.05","1.88","1.92"
"26361","16-07-16 23:30","Brazil","Serie A Betano","2016","Santos","Ponte Preta","1.44","4.60","7.90","1.03","12.00","1.23","4.10","1.86","2.05","3.04","1.37","5.60","1.11","1.95","1.85"
"26362","16-07-16 21:00","Brazil","Serie A Betano","2016","Botafogo RJ","Flamengo RJ","3.24","3.38","2.38","1.03","9.60","1.33","3.24","2.20","1.75","3.82","1.26","7.30","1.06","1.83","1.98"
"26363","13-07-16 01:30","Brazil","Serie A Betano","2016","Palmeiras","Santos","1.86","3.44","3.70","1.01","11.50","1.26","3.80","1.76","1.93","3.20","1.34","5.90","1.10","1.69","2.15"
"26364","12-07-16 01:00","Brazil","Serie A Betano","2016","Cruzeiro","Athletico-PR","1.79","3.92","4.80","1.06","10.00","1.25","3.92","1.91","2.00","3.10","1.36","5.80","1.10","1.75","2.08"
"26365","11-07-16 00:30","Brazil","Serie A Betano","2016","Vitoria","Fluminense","2.14","3.58","3.44","1.01","11.50","1.26","3.78","1.95","1.94","3.24","1.33","6.00","1.10","1.68","2.15"
"26366","10-07-16 21:00","Brazil","Serie A Betano","2016","Santa Cruz","Internacional","2.88","3.22","2.70","1.04","8.40","1.40","2.90","2.42","1.63","4.34","1.21","8.30","1.04","1.95","1.85"
"26367","10-07-16 21:00","Brazil","Serie A Betano","2016","Sao Paulo","America MG","1.44","4.24","7.00","1.02","9.90","1.32","3.34","2.14","1.79","3.78","1.26","7.00","1.06","2.00","1.69"
"26368","10-07-16 16:00","Brazil","Serie A Betano","2016","Flamengo RJ","Atletico-MG","2.65","3.20","2.94","1.01","11.00","1.29","3.58","2.05","1.86","3.40","1.31","6.30","1.09","1.67","2.19"
"26369","10-07-16 16:00","Brazil","Serie A Betano","2016","Gremio","Figueirense","1.32","5.10","11.50","1.01","11.00","1.26","3.78","1.96","1.92","3.38","1.31","6.30","1.09","2.25","1.61"
"26370","10-07-16 02:00","Brazil","Serie A Betano","2016","Ponte Preta","Sport Recife","1.84","3.60","4.56","1.01","11.50","1.26","3.78","1.98","1.92","3.28","1.33","6.10","1.09","1.82","1.99"
"26371","09-07-16 21:30","Brazil","Serie A Betano","2016","Chapecoense-SC","Corinthians","3.22","3.40","2.33","1.03","9.50","1.34","3.15","2.25","1.74","3.96","1.23","7.40","1.06","1.87","1.93"
"26372","09-07-16 21:30","Brazil","Serie A Betano","2016","Coritiba","Botafogo RJ","1.91","3.60","4.58","1.01","11.00","1.28","3.60","2.06","1.89","3.42","1.30","6.40","1.08","1.75","2.05"
"26373","05-07-16 01:00","Brazil","Serie A Betano","2016","Sport Recife","Palmeiras","2.93","3.40","2.38","1.01","12.00","1.20","4.10","1.74","2.05","2.95","1.39","5.30","1.12","1.47","2.47"
"26374","04-07-16 00:00","Brazil","Serie A Betano","2016","Figueirense","Atletico-MG","3.36","3.42","2.12","1.01","11.50","1.24","3.70","1.96","1.89","3.24","1.32","6.00","1.10","1.70","2.14"
"26375","03-07-16 21:00","Brazil","Serie A Betano","2016","Botafogo RJ","Santa Cruz","1.54","4.32","6.40","1.02","10.00","1.23","4.10","1.86","2.07","3.00","1.38","5.50","1.11","1.84","1.96"
"26376","03-07-16 21:00","Brazil","Serie A Betano","2016","Corinthians","Flamengo RJ","1.96","3.38","4.04","1.03","8.70","1.38","3.00","2.38","1.67","4.20","1.22","8.10","1.05","1.99","1.82"
"26377","03-07-16 21:00","Brazil","Serie A Betano","2016","Ponte Preta","Sao Paulo","2.12","2.92","3.66","1.04","8.60","1.39","2.95","2.38","1.67","4.20","1.22","8.10","1.05","2.05","1.74"
"26378","03-07-16 21:00","Brazil","Serie A Betano","2016","Santos","Chapecoense-SC","1.37","4.70","9.20","1.01","12.00","1.17","4.90","1.74","2.20","2.68","1.46","4.84","1.14","1.85","1.95"
"26379","03-07-16 16:00","Brazil","Serie A Betano","2016","Cruzeiro","Vitoria","1.49","4.34","7.80","1.01","11.50","1.19","4.60","1.77","2.17","2.75","1.44","4.90","1.14","1.91","1.82"
"26380","03-07-16 16:00","Brazil","Serie A Betano","2016","Internacional","Gremio","2.23","3.42","3.40","1.02","9.90","1.33","3.24","2.20","1.77","3.78","1.26","7.00","1.06","1.85","1.95"
"26381","02-07-16 23:30","Brazil","Serie A Betano","2016","Athletico-PR","America MG","1.46","4.40","7.50","1.02","10.50","1.27","3.54","2.03","1.87","3.54","1.29","6.40","1.08","2.05","1.71"
"26382","02-07-16 21:00","Brazil","Serie A Betano","2016","Fluminense","Coritiba","1.87","3.58","4.82","1.03","8.80","1.36","3.10","2.29","1.73","3.98","1.24","7.50","1.06","1.99","1.82"
"26383","01-07-16 02:00","Brazil","Serie A Betano","2016","Atletico-MG","Botafogo RJ","1.50","4.28","6.30","1.01","11.50","1.18","4.74","1.70","2.29","2.61","1.48","4.74","1.15","1.65","2.17"
"26384","01-07-16 00:30","Brazil","Serie A Betano","2016","Palmeiras","Figueirense","1.31","5.10","9.60","1.01","11.50","1.23","4.10","1.84","2.06","3.05","1.37","5.50","1.11","2.05","1.69"
"26385","01-07-16 00:30","Brazil","Serie A Betano","2016","Santa Cruz","Ponte Preta","2.30","3.36","3.36","1.03","9.60","1.34","3.15","2.26","1.71","3.98","1.24","7.50","1.06","1.84","1.93"
"26386","30-06-16 02:45","Brazil","Serie A Betano","2016","America MG","Corinthians","4.06","3.24","1.98","1.03","8.70","1.38","3.00","2.32","1.68","4.14","1.22","7.80","1.05","1.91","1.81"
"26387","30-06-16 02:45","Brazil","Serie A Betano","2016","Sao Paulo","Fluminense","1.90","3.48","4.64","1.04","8.30","1.40","2.91","2.42","1.65","4.30","1.21","8.40","1.04","2.05","1.75"
"26388","30-06-16 02:00","Brazil","Serie A Betano","2016","Chapecoense-SC","Cruzeiro","2.91","3.17","2.79","1.03","8.70","1.38","3.00","2.38","1.66","4.20","1.22","8.10","1.05","1.89","1.91"
"26389","30-06-16 02:00","Brazil","Serie A Betano","2016","Coritiba","Athletico-PR","2.37","3.26","3.32","1.04","8.50","1.40","2.91","2.42","1.65","4.30","1.21","8.10","1.05","1.97","1.83"
"26390","30-06-16 00:30","Brazil","Serie A Betano","2016","Flamengo RJ","Internacional","2.20","3.46","3.58","1.02","10.00","1.32","3.32","2.14","1.81","3.70","1.27","6.80","1.07","1.80","2.00"
"26391","30-06-16 00:30","Brazil","Serie A Betano","2016","Gremio","Santos","2.18","3.34","3.72","1.03","9.60","1.33","3.24","2.21","1.76","3.78","1.26","7.30","1.06","1.84","1.96"
"26392","30-06-16 00:30","Brazil","Serie A Betano","2016","Vitoria","Sport Recife","2.42","3.38","3.04","1.01","11.00","1.28","3.62","2.03","1.88","3.40","1.31","6.30","1.09","1.72","2.12"
"26393","26-06-16 23:30","Brazil","Serie A Betano","2016","Figueirense","Coritiba","2.33","3.28","3.38","1.05","7.50","1.40","2.90","2.40","1.64","4.30","1.21","8.10","1.05","1.95","1.85"
"26394","26-06-16 23:30","Brazil","Serie A Betano","2016","Sport Recife","Chapecoense-SC","1.76","3.70","5.40","1.03","8.60","1.30","3.46","2.09","1.82","3.56","1.29","6.80","1.07","1.89","1.91"
"26395","26-06-16 21:00","Brazil","Serie A Betano","2016","Athletico-PR","Gremio","2.54","3.17","3.08","1.06","7.30","1.40","2.90","2.43","1.63","4.30","1.21","8.40","1.04","1.93","1.87"
"26396","26-06-16 21:00","Brazil","Serie A Betano","2016","Flamengo RJ","Fluminense","2.03","3.32","4.26","1.06","7.30","1.40","2.90","2.45","1.62","4.44","1.20","8.40","1.04","2.00","1.79"
"26397","26-06-16 21:00","Brazil","Serie A Betano","2016","Internacional","Botafogo RJ","1.63","3.90","5.40","1.07","6.40","1.29","3.52","2.06","1.85","3.52","1.29","6.60","1.08","1.92","1.88"
"26398","26-06-16 21:00","Brazil","Serie A Betano","2016","Santos","Sao Paulo","2.04","3.30","3.84","1.05","7.80","1.37","3.08","2.29","1.70","4.10","1.23","7.80","1.05","1.93","1.87"
"26399","26-06-16 21:00","Brazil","Serie A Betano","2016","Vitoria","Ponte Preta","2.16","3.20","4.02","1.05","8.00","1.32","3.32","2.22","1.74","3.78","1.26","7.30","1.06","1.81","2.00"
"26400","26-06-16 16:00","Brazil","Serie A Betano","2016","America MG","Atletico-MG","6.25","4.10","1.58","1.01","10.50","1.24","3.96","1.89","2.01","3.08","1.37","5.80","1.10","1.83","1.98"
"26401","26-06-16 02:00","Brazil","Serie A Betano","2016","Corinthians","Santa Cruz","1.44","4.50","8.30","1.03","11.00","1.22","4.14","1.86","2.05","3.04","1.37","5.60","1.11","2.17","1.69"
"26402","26-06-16 00:00","Brazil","Serie A Betano","2016","Cruzeiro","Palmeiras","2.38","3.38","3.18","1.06","7.50","1.34","3.20","2.20","1.76","3.78","1.26","7.30","1.06","1.80","1.98"
"26403","24-06-16 02:30","Brazil","Serie A Betano","2016","Coritiba","Internacional","3.10","3.14","2.32","1.05","8.00","1.32","3.26","2.20","1.76","3.78","1.25","7.00","1.06","1.79","2.02"
"26404","24-06-16 02:00","Brazil","Serie A Betano","2016","Sao Paulo","Sport Recife","1.33","5.10","9.50","1.03","9.60","1.24","3.86","1.88","2.01","3.15","1.35","5.80","1.10","2.10","1.68"
"26405","24-06-16 00:15","Brazil","Serie A Betano","2016","Gremio","Vitoria","1.25","5.30","10.00","1.03","9.60","1.25","3.86","1.87","1.98","3.20","1.34","5.80","1.10","2.25","1.54"
"26406","23-06-16 20:00","Brazil","Serie A Betano","2016","Chapecoense-SC","Athletico-PR","1.88","3.20","4.48","1.07","6.80","1.43","2.73","2.59","1.56","4.74","1.18","9.00","1.03","2.10","1.72"
"26407","23-06-16 02:45","Brazil","Serie A Betano","2016","Atletico-MG","Corinthians","1.96","3.44","4.32","1.03","9.00","1.27","3.68","2.00","1.90","3.32","1.32","6.10","1.09","1.72","2.05"
"26408","23-06-16 02:45","Brazil","Serie A Betano","2016","Fluminense","Santos","2.63","2.96","3.24","1.06","7.50","1.38","2.99","2.40","1.64","4.20","1.22","8.00","1.05","1.85","1.95"
"26409","23-06-16 02:00","Brazil","Serie A Betano","2016","Botafogo RJ","Figueirense","1.90","3.54","4.50","1.06","7.50","1.38","2.99","2.36","1.66","4.30","1.21","8.10","1.05","2.04","1.78"
"26410","23-06-16 02:00","Brazil","Serie A Betano","2016","Santa Cruz","Flamengo RJ","3.11","3.13","2.58","1.04","8.30","1.28","3.38","2.14","1.79","3.60","1.28","6.80","1.07","1.72","2.12"
"26411","23-06-16 00:30","Brazil","Serie A Betano","2016","Ponte Preta","Cruzeiro","2.80","2.87","3.03","1.06","7.30","1.36","2.99","2.43","1.63","4.20","1.22","8.00","1.05","1.86","1.94"
"26412","22-06-16 02:30","Brazil","Serie A Betano","2016","Palmeiras","America MG","1.29","5.50","9.30","1.01","13.00","1.17","5.00","1.63","2.38","2.55","1.50","4.50","1.17","1.85","1.90"
"26413","20-06-16 00:00","Brazil","Serie A Betano","2016","Gremio","Cruzeiro","1.60","3.82","5.15","1.04","8.30","1.31","3.38","2.09","1.77","3.68","1.27","6.80","1.07","1.94","1.84"
"26414","19-06-16 21:00","Brazil","Serie A Betano","2016","Corinthians","Botafogo RJ","1.47","4.38","7.50","1.03","9.40","1.26","3.78","1.89","1.95","3.26","1.33","6.10","1.09","2.00","1.81"
"26415","19-06-16 21:00","Brazil","Serie A Betano","2016","Figueirense","Internacional","3.56","3.10","2.33","1.07","6.80","1.45","2.73","2.60","1.56","4.74","1.18","9.00","1.03","2.04","1.78"
"26416","19-06-16 21:00","Brazil","Serie A Betano","2016","Flamengo RJ","Sao Paulo","2.62","3.14","3.03","1.05","7.80","1.35","3.15","2.29","1.70","3.96","1.24","7.50","1.06","1.83","1.97"
"26417","19-06-16 21:00","Brazil","Serie A Betano","2016","Sport Recife","Fluminense","2.38","3.30","3.30","1.05","7.80","1.37","3.04","2.32","1.68","4.10","1.23","7.80","1.05","1.90","1.90"
"26418","19-06-16 16:00","Brazil","Serie A Betano","2016","Atletico-MG","Ponte Preta","1.48","4.54","7.30","1.06","10.00","1.22","4.20","1.81","2.10","2.95","1.39","5.30","1.12","1.88","1.92"
"26419","19-06-16 16:00","Brazil","Serie A Betano","2016","Vitoria","Chapecoense-SC","1.98","3.46","4.28","1.05","8.00","1.33","3.26","2.19","1.75","3.78","1.26","7.30","1.06","1.88","1.92"
"26420","19-06-16 02:00","Brazil","Serie A Betano","2016","America MG","Coritiba","2.42","3.34","3.22","1.05","7.80","1.37","3.08","2.29","1.70","4.10","1.23","7.50","1.06","1.89","1.91"
"26421","18-06-16 23:00","Brazil","Serie A Betano","2016","Athletico-PR","Santos","2.21","3.38","3.52","1.04","8.30","1.32","3.32","2.16","1.78","3.68","1.27","7.00","1.06","1.80","2.00"
"26422","18-06-16 21:00","Brazil","Serie A Betano","2016","Palmeiras","Santa Cruz","1.38","4.84","9.30","1.01","12.00","1.19","4.60","1.75","2.20","2.78","1.43","5.10","1.14","1.95","1.80"
"26423","17-06-16 01:00","Brazil","Serie A Betano","2016","Fluminense","Corinthians","3.66","3.14","2.24","1.05","7.30","1.38","2.95","2.43","1.63","4.30","1.21","8.40","1.04","1.94","1.86"
"26424","17-06-16 00:30","Brazil","Serie A Betano","2016","Internacional","Atletico-MG","1.63","3.74","4.96","1.03","9.40","1.25","3.78","1.92","1.93","3.20","1.34","6.00","1.10","1.78","2.02"
"26425","16-06-16 02:45","Brazil","Serie A Betano","2016","Coritiba","Palmeiras","3.22","3.13","2.48","1.05","8.00","1.27","3.20","2.24","1.72","3.86","1.25","7.30","1.06","1.80","2.01"
"26426","16-06-16 02:45","Brazil","Serie A Betano","2016","Cruzeiro","Flamengo RJ","2.10","3.26","3.74","1.05","7.80","1.35","3.15","2.27","1.71","3.96","1.23","7.50","1.06","1.87","1.93"
"26427","16-06-16 02:00","Brazil","Serie A Betano","2016","Botafogo RJ","America MG","1.88","3.42","4.90","1.05","8.00","1.34","3.20","2.25","1.72","3.86","1.20","7.50","1.06","1.92","1.88"
"26428","16-06-16 02:00","Brazil","Serie A Betano","2016","Santa Cruz","Figueirense","1.89","3.54","4.58","1.06","7.50","1.38","2.99","2.34","1.67","4.20","1.22","8.00","1.05","2.02","1.79"
"26429","16-06-16 02:00","Brazil","Serie A Betano","2016","Santos","Sport Recife","1.51","4.30","6.80","1.03","9.40","1.26","3.78","1.95","1.95","3.26","1.33","6.10","1.09","1.95","1.84"
"26430","16-06-16 00:30","Brazil","Serie A Betano","2016","Chapecoense-SC","Gremio","2.89","3.12","2.76","1.08","6.60","1.47","2.64","2.66","1.54","4.90","1.17","9.40","1.03","2.08","1.75"
"26431","16-06-16 00:30","Brazil","Serie A Betano","2016","Ponte Preta","Athletico-PR","1.90","3.52","4.10","1.05","7.80","1.37","3.08","2.29","1.69","4.10","1.23","7.80","1.05","1.95","1.82"
"26432","16-06-16 00:30","Brazil","Serie A Betano","2016","Sao Paulo","Vitoria","1.40","4.94","8.20","1.03","9.30","1.24","3.68","1.94","1.95","3.26","1.33","6.10","1.09","2.10","1.65"
"26433","13-06-16 00:00","Brazil","Serie A Betano","2016","Santa Cruz","Santos","2.48","2.88","3.03","1.06","7.00","1.44","2.75","2.37","1.64","4.30","1.21","8.10","1.05","1.94","1.85"
"26434","12-06-16 21:00","Brazil","Serie A Betano","2016","Atletico-MG","Cruzeiro","1.94","3.54","4.12","1.04","8.60","1.29","3.46","2.08","1.82","3.56","1.29","6.60","1.08","1.80","2.00"
"26435","12-06-16 21:00","Brazil","Serie A Betano","2016","Figueirense","Flamengo RJ","2.89","2.96","2.89","1.06","7.50","1.39","2.95","2.42","1.63","4.30","1.21","8.10","1.05","1.89","1.91"
"26436","12-06-16 21:00","Brazil","Serie A Betano","2016","Palmeiras","Corinthians","2.26","3.15","3.50","1.05","8.00","1.33","3.20","2.24","1.73","3.86","1.25","7.30","1.06","1.81","2.00"
"26437","12-06-16 16:00","Brazil","Serie A Betano","2016","Botafogo RJ","Vitoria","1.94","3.48","4.40","1.05","8.00","1.34","3.20","2.22","1.74","3.86","1.25","7.30","1.06","1.85","1.90"
"26438","12-06-16 16:00","Brazil","Serie A Betano","2016","Coritiba","Sport Recife","1.94","3.48","4.50","1.05","7.80","1.37","3.08","2.30","1.69","4.10","1.23","7.80","1.05","1.98","1.83"
"26439","12-06-16 02:00","Brazil","Serie A Betano","2016","Sao Paulo","Athletico-PR","1.78","3.74","5.05","1.05","8.00","1.29","3.24","2.20","1.75","3.86","1.25","7.30","1.06","1.95","1.82"
"26440","11-06-16 23:30","Brazil","Serie A Betano","2016","Fluminense","Gremio","2.30","3.07","3.72","1.07","6.80","1.42","2.78","2.57","1.57","4.74","1.18","9.00","1.03","2.01","1.80"
"26441","11-06-16 21:00","Brazil","Serie A Betano","2016","Internacional","America MG","1.47","4.30","7.80","1.05","8.00","1.32","3.32","2.16","1.78","3.78","1.26","7.30","1.06","2.21","1.66"
"26442","11-06-16 21:00","Brazil","Serie A Betano","2016","Ponte Preta","Chapecoense-SC","2.08","3.30","4.04","1.06","7.50","1.38","2.99","2.39","1.65","4.30","1.21","8.10","1.05","1.95","1.85"
"26443","05-06-16 23:30","Brazil","Serie A Betano","2016","Cruzeiro","Sao Paulo","1.61","3.72","5.25","1.06","7.00","1.43","2.78","2.49","1.60","4.60","1.19","8.70","1.03","2.10","1.63"
"26444","05-06-16 21:00","Brazil","Serie A Betano","2016","Flamengo RJ","Palmeiras","2.50","3.28","3.07","1.05","8.00","1.34","3.20","2.22","1.74","3.86","1.25","7.30","1.06","1.75","2.08"
"26445","05-06-16 21:00","Brazil","Serie A Betano","2016","Gremio","Ponte Preta","1.49","4.32","6.95","1.04","8.30","1.32","3.32","2.13","1.80","3.68","1.27","7.00","1.06","2.10","1.69"
"26446","05-06-16 21:00","Brazil","Serie A Betano","2016","Sport Recife","Atletico-MG","2.23","3.40","3.42","1.04","8.60","1.31","3.38","2.13","1.80","3.60","1.28","6.80","1.07","1.80","2.01"
"26447","05-06-16 21:00","Brazil","Serie A Betano","2016","Vitoria","Internacional","3.16","3.20","2.48","1.06","7.30","1.41","2.86","2.45","1.62","4.44","1.20","8.40","1.04","2.00","1.80"
"26448","05-06-16 16:00","Brazil","Serie A Betano","2016","America MG","Figueirense","2.27","3.30","3.50","1.06","7.00","1.42","2.82","2.48","1.61","4.44","1.20","8.70","1.04","2.02","1.79"
"26449","05-06-16 16:00","Brazil","Serie A Betano","2016","Santos","Botafogo RJ","1.77","3.64","5.40","1.06","7.50","1.37","3.04","2.34","1.67","4.20","1.22","8.00","1.05","2.09","1.74"
"26450","05-06-16 01:30","Brazil","Serie A Betano","2016","Chapecoense-SC","Fluminense","2.63","3.20","2.94","1.06","7.00","1.41","2.86","2.34","1.67","3.86","1.25","7.30","1.06","1.89","1.91"
"26451","05-06-16 01:30","Brazil","Serie A Betano","2016","Corinthians","Coritiba","1.41","4.40","9.40","1.05","8.00","1.31","3.38","2.16","1.78","3.78","1.26","7.30","1.06","2.25","1.62"
"26452","04-06-16 21:00","Brazil","Serie A Betano","2016","Athletico-PR","Santa Cruz","1.53","4.28","6.85","1.03","9.00","1.25","3.68","1.89","1.98","2.95","1.39","5.30","1.12","1.90","1.90"
"26453","03-06-16 02:00","Brazil","Serie A Betano","2016","Flamengo RJ","Vitoria","1.45","4.60","8.00","1.02","12.00","1.21","4.30","1.78","2.12","2.86","1.41","5.20","1.13","1.87","1.93"
"26454","03-06-16 02:00","Brazil","Serie A Betano","2016","Palmeiras","Gremio","2.02","3.44","4.00","1.05","7.80","1.34","3.20","2.13","1.80","3.38","1.31","6.30","1.09","1.79","2.01"
"26455","03-06-16 00:30","Brazil","Serie A Betano","2016","America MG","Ponte Preta","2.43","3.15","3.32","1.06","7.50","1.39","2.95","2.39","1.64","4.30","1.21","8.10","1.05","1.85","1.92"
"26456","02-06-16 02:45","Brazil","Serie A Betano","2016","Atletico-MG","Fluminense","1.96","3.50","4.34","1.03","8.70","1.29","3.56","2.06","1.85","3.46","1.30","6.40","1.08","1.79","2.02"
"26457","02-06-16 02:45","Brazil","Serie A Betano","2016","Botafogo RJ","Cruzeiro","5.05","3.60","1.72","1.05","8.00","1.33","3.26","2.20","1.75","3.86","1.25","7.30","1.06","1.96","1.84"
"26458","02-06-16 02:45","Brazil","Serie A Betano","2016","Figueirense","Sao Paulo","2.76","3.17","2.86","1.06","7.30","1.40","2.90","2.43","1.63","4.30","1.21","8.40","1.04","1.93","1.87"
"26459","02-06-16 02:00","Brazil","Serie A Betano","2016","Corinthians","Santos","1.62","3.80","6.20","1.05","7.80","1.37","3.08","2.32","1.68","4.14","1.22","8.00","1.05","2.15","1.70"
"26460","02-06-16 02:00","Brazil","Serie A Betano","2016","Coritiba","Chapecoense-SC","2.47","3.17","3.24","1.08","6.40","1.49","2.58","2.72","1.52","5.10","1.16","9.80","1.02","2.15","1.70"
"26461","02-06-16 02:00","Brazil","Serie A Betano","2016","Santa Cruz","Sport Recife","1.96","3.22","3.90","1.05","8.00","1.33","3.24","2.20","1.75","3.86","1.25","7.30","1.06","1.85","1.93"
"26462","02-06-16 00:30","Brazil","Serie A Betano","2016","Internacional","Athletico-PR","1.51","4.00","7.10","1.05","8.00","1.33","3.24","2.22","1.73","3.96","1.24","7.50","1.06","2.17","1.69"
"26463","29-05-16 23:30","Brazil","Serie A Betano","2016","Gremio","Coritiba","1.58","3.96","6.65","1.05","8.00","1.33","3.26","2.19","1.75","3.86","1.25","7.30","1.06","2.11","1.73"
"26464","29-05-16 23:30","Brazil","Serie A Betano","2016","Santos","Internacional","2.23","3.44","3.44","1.06","7.00","1.43","2.78","2.49","1.60","4.60","1.19","8.70","1.03","2.05","1.75"
"26465","29-05-16 21:00","Brazil","Serie A Betano","2016","Fluminense","Botafogo RJ","2.06","3.50","3.90","1.05","7.80","1.36","3.10","2.28","1.71","4.10","1.23","7.50","1.06","1.94","1.86"
"26466","29-05-16 21:00","Brazil","Serie A Betano","2016","Sao Paulo","Palmeiras","2.27","3.28","3.54","1.05","7.80","1.36","3.10","2.29","1.70","3.96","1.24","7.50","1.06","1.88","1.92"
"26467","29-05-16 21:00","Brazil","Serie A Betano","2016","Vitoria","Atletico-MG","2.31","3.50","3.24","1.04","8.30","1.32","3.32","2.13","1.80","3.68","1.27","6.80","1.07","1.75","1.99"
"26468","29-05-16 16:00","Brazil","Serie A Betano","2016","Ponte Preta","Flamengo RJ","2.51","3.26","3.13","1.05","7.80","1.37","3.04","2.32","1.68","4.10","1.23","7.80","1.05","1.89","1.91"
"26469","29-05-16 16:00","Brazil","Serie A Betano","2016","Sport Recife","Corinthians","3.03","3.16","2.60","1.06","7.50","1.38","2.99","2.38","1.65","4.20","1.22","8.00","1.05","1.90","1.90"
"26470","29-05-16 02:00","Brazil","Serie A Betano","2016","Chapecoense-SC","Santa Cruz","1.77","2.64","3.82","1.03","8.70","1.29","3.52","2.07","1.84","3.46","1.30","6.40","1.08","1.81","2.00"
"26471","28-05-16 23:30","Brazil","Serie A Betano","2016","Athletico-PR","Figueirense","1.73","3.90","5.30","1.04","8.30","1.32","3.32","2.14","1.79","3.68","1.27","7.00","1.06","2.00","1.81"
"26472","28-05-16 21:00","Brazil","Serie A Betano","2016","Cruzeiro","America MG","1.57","4.30","6.20","1.04","8.60","1.31","3.38","2.09","1.83","3.60","1.28","6.80","1.07","2.00","1.74"
"26473","27-05-16 02:00","Brazil","Serie A Betano","2016","Atletico-MG","Gremio","2.49","3.32","3.18","1.06","7.50","1.37","3.04","2.34","1.69","4.10","1.23","7.80","1.05","1.85","1.90"
"26474","26-05-16 21:00","Brazil","Serie A Betano","2016","Internacional","Sport Recife","1.52","4.18","7.20","1.05","8.00","1.33","3.26","2.19","1.76","3.86","1.25","7.30","1.06","2.21","1.66"
"26475","26-05-16 16:00","Brazil","Serie A Betano","2016","Corinthians","Ponte Preta","1.48","2.66","6.25","1.03","9.30","1.25","3.78","1.95","1.94","3.26","1.33","6.10","1.09","1.99","1.82"
"26476","26-05-16 02:45","Brazil","Serie A Betano","2016","Coritiba","Sao Paulo","2.29","3.20","3.62","1.06","7.00","1.42","2.82","2.49","1.60","4.60","1.19","8.70","1.04","2.01","1.80"
"26477","26-05-16 02:45","Brazil","Serie A Betano","2016","Palmeiras","Fluminense","1.98","3.58","4.10","1.03","8.70","1.29","3.52","2.06","1.85","3.46","1.30","6.40","1.08","1.80","2.01"
"26478","26-05-16 02:45","Brazil","Serie A Betano","2016","Santa Cruz","Cruzeiro","2.46","3.38","3.09","1.04","8.30","1.33","3.26","2.17","1.77","3.78","1.26","7.00","1.06","1.80","2.00"
"26479","26-05-16 02:00","Brazil","Serie A Betano","2016","America MG","Vitoria","2.26","3.54","3.34","1.03","9.30","1.27","3.68","1.97","1.93","3.26","1.33","6.00","1.10","1.75","2.08"
"26480","26-05-16 02:00","Brazil","Serie A Betano","2016","Flamengo RJ","Chapecoense-SC","1.69","3.80","5.95","1.05","7.80","1.37","3.04","2.32","1.68","4.14","1.22","8.00","1.05","2.15","1.70"
"26481","26-05-16 00:30","Brazil","Serie A Betano","2016","Botafogo RJ","Athletico-PR","2.26","3.26","3.58","1.06","7.30","1.41","2.86","2.47","1.61","4.44","1.20","8.70","1.04","1.95","1.80"
"26482","26-05-16 00:30","Brazil","Serie A Betano","2016","Figueirense","Santos","2.55","3.17","3.10","1.05","7.80","1.37","3.08","2.32","1.68","4.10","1.23","7.80","1.05","1.86","1.94"
"26483","22-05-16 23:30","Brazil","Serie A Betano","2016","Sport Recife","Botafogo RJ","1.85","3.72","4.46","1.05","7.80","1.37","3.04","2.29","1.70","4.10","1.23","7.80","1.05","1.91","1.76"
"26484","22-05-16 21:00","Brazil","Serie A Betano","2016","Chapecoense-SC","America MG","1.67","3.80","6.05","1.06","7.00","1.42","2.82","2.48","1.61","4.60","1.19","8.70","1.03","2.25","1.62"
"26485","22-05-16 21:00","Brazil","Serie A Betano","2016","Gremio","Flamengo RJ","2.08","3.52","3.80","1.06","7.50","1.40","2.90","2.38","1.65","4.30","1.21","8.10","1.05","2.00","1.79"
"26486","22-05-16 21:00","Brazil","Serie A Betano","2016","Sao Paulo","Internacional","1.96","3.32","4.54","1.06","7.00","1.42","2.82","2.51","1.60","4.60","1.19","8.70","1.03","2.05","1.75"
"26487","22-05-16 21:00","Brazil","Serie A Betano","2016","Vitoria","Corinthians","3.17","3.28","2.45","1.06","7.30","1.42","2.82","2.47","1.61","4.44","1.20","8.70","1.04","1.95","1.81"
"26488","22-05-16 16:00","Brazil","Serie A Betano","2016","Athletico-PR","Atletico-MG","2.26","3.34","3.52","1.05","8.00","1.35","3.15","2.25","1.72","3.96","1.24","7.50","1.06","1.85","1.95"
"26489","22-05-16 16:00","Brazil","Serie A Betano","2016","Santos","Coritiba","1.57","4.04","7.20","1.04","8.30","1.32","3.32","2.18","1.77","3.78","1.26","7.30","1.06","2.10","1.72"
"26490","22-05-16 02:00","Brazil","Serie A Betano","2016","Cruzeiro","Figueirense","1.42","4.50","10.50","1.05","7.80","1.36","3.10","2.30","1.69","4.20","1.22","8.00","1.05","2.50","1.52"
"26491","21-05-16 23:30","Brazil","Serie A Betano","2016","Fluminense","Santa Cruz","1.64","3.84","6.50","1.04","8.30","1.31","3.38","2.16","1.78","3.68","1.27","7.00","1.06","1.98","1.83"
"26492","21-05-16 21:00","Brazil","Serie A Betano","2016","Ponte Preta","Palmeiras","2.96","2.93","2.35","1.06","7.00","1.40","2.90","2.49","1.60","4.44","1.20","8.40","1.04","1.89","1.91"
"26493","15-05-16 23:30","Brazil","Serie A Betano","2016","Internacional","Chapecoense-SC","1.67","3.76","6.05","1.06","7.00","1.43","2.78","2.52","1.59","4.74","1.18","9.00","1.03","2.38","1.56"
"26494","15-05-16 21:00","Brazil","Serie A Betano","2016","Corinthians","Gremio","1.83","3.44","5.30","1.06","7.30","1.40","2.90","2.47","1.61","4.44","1.20","8.70","1.04","2.14","1.71"
"26495","15-05-16 21:00","Brazil","Serie A Betano","2016","Figueirense","Ponte Preta","2.46","3.10","3.40","1.06","7.00","1.43","2.78","2.54","1.58","4.60","1.19","8.70","1.03","1.99","1.82"
"26876","15-05-16 21:00","Brazil","Serie A Betano","2016","America MG","Fluminense","","","","","","","","","","","","","","",""
"26496","15-05-16 16:00","Brazil","Serie A Betano","2016","Botafogo RJ","Sao Paulo","1.85","3.54","4.66","1.05","7.80","1.36","3.10","2.28","1.71","4.10","1.23","7.50","1.06","1.93","1.87"
"26497","15-05-16 16:00","Brazil","Serie A Betano","2016","Santa Cruz","Vitoria","1.86","2.82","4.20","1.04","8.30","1.32","3.32","2.15","1.79","3.68","1.27","7.00","1.06","1.91","1.89"
"26498","15-05-16 02:00","Brazil","Serie A Betano","2016","Coritiba","Cruzeiro","2.70","3.40","2.78","1.06","7.30","1.42","2.82","2.46","1.62","4.60","1.19","8.70","1.04","2.02","1.79"
"26499","14-05-16 23:30","Brazil","Serie A Betano","2016","Atletico-MG","Santos","2.98","3.20","2.60","1.04","8.30","1.32","3.32","2.19","1.76","3.78","1.26","7.00","1.06","1.77","2.05"
"26500","14-05-16 21:00","Brazil","Serie A Betano","2016","Flamengo RJ","Sport Recife","1.63","3.88","6.55","1.04","8.30","1.32","3.32","2.19","1.76","3.78","1.26","7.30","1.06","2.06","1.76"
"26501","14-05-16 21:00","Brazil","Serie A Betano","2016","Palmeiras","Athletico-PR","1.80","3.80","4.86","1.05","8.00","1.35","3.15","2.23","1.73","3.96","1.24","7.50","1.06","1.95","1.79"
"26502","06-12-15 20:00","Brazil","Serie A Betano","2015","Atletico-MG","Chapecoense-SC","1.31","5.50","11.50","1.01","12.00","1.21","4.00","1.73","2.24","2.70","1.41","4.90","1.14","2.00","1.72"
"26503","06-12-15 20:00","Brazil","Serie A Betano","2015","Corinthians","Avai","1.67","4.00","5.10","1.01","11.00","1.24","3.70","1.79","2.10","2.90","1.36","5.50","1.11","1.69","2.04"
"26504","06-12-15 20:00","Brazil","Serie A Betano","2015","Coritiba","Vasco","2.56","3.35","2.86","1.04","8.50","1.36","2.90","2.28","1.68","3.80","1.23","7.60","1.05","1.82","1.88"
"26505","06-12-15 20:00","Brazil","Serie A Betano","2015","Figueirense","Fluminense","1.37","5.10","8.90","1.01","11.00","1.23","3.70","1.88","1.98","2.85","1.36","5.40","1.12","1.95","1.76"
"26506","06-12-15 20:00","Brazil","Serie A Betano","2015","Flamengo RJ","Palmeiras","1.58","4.45","6.10","1.05","12.00","1.25","3.80","1.82","2.10","2.85","1.40","5.70","1.14","1.80","1.90"
"26507","06-12-15 20:00","Brazil","Serie A Betano","2015","Goias","Sao Paulo","2.69","3.70","2.61","1.01","13.00","1.18","4.30","1.66","2.38","2.55","1.46","4.50","1.16","1.49","2.44"
"26508","06-12-15 20:00","Brazil","Serie A Betano","2015","Internacional","Cruzeiro","1.76","3.80","4.80","1.02","9.90","1.28","3.30","2.02","1.85","3.20","1.30","6.20","1.09","1.79","1.90"
"26509","06-12-15 20:00","Brazil","Serie A Betano","2015","Joinville","Gremio","4.65","3.70","1.86","1.04","8.10","1.38","2.80","2.17","1.77","3.90","1.21","8.10","1.05","1.94","1.77"
"26510","06-12-15 20:00","Brazil","Serie A Betano","2015","Ponte Preta","Sport Recife","2.28","3.50","2.92","1.02","9.80","1.29","3.30","2.06","1.82","3.20","1.30","6.30","1.08","1.69","2.04"
"26511","06-12-15 20:00","Brazil","Serie A Betano","2015","Santos","Athletico-PR","1.71","4.10","5.20","1.01","11.00","1.24","3.70","1.93","1.97","2.90","1.36","5.50","1.11","1.71","2.00"
"26512","29-11-15 22:30","Brazil","Serie A Betano","2015","Athletico-PR","Flamengo RJ","2.46","3.50","3.03","1.03","8.70","1.31","3.35","2.09","1.83","3.55","1.28","6.60","1.08","1.78","2.04"
"26513","29-11-15 21:00","Brazil","Serie A Betano","2015","Chapecoense-SC","Goias","1.99","3.55","4.10","1.04","8.30","1.32","3.30","2.16","1.78","3.65","1.27","7.00","1.07","1.87","1.93"
"26514","29-11-15 21:00","Brazil","Serie A Betano","2015","Palmeiras","Coritiba","2.95","3.40","2.56","1.04","8.30","1.33","3.20","2.19","1.76","3.75","1.26","7.00","1.07","1.82","1.99"
"26515","29-11-15 21:00","Brazil","Serie A Betano","2015","Vasco","Santos","1.62","3.80","5.60","1.05","11.00","1.37","3.00","2.15","1.66","3.90","1.24","6.00","1.12","1.83","1.83"
"26516","29-11-15 20:00","Brazil","Serie A Betano","2015","Cruzeiro","Joinville","1.34","5.40","10.50","1.01","12.00","1.21","4.30","1.79","2.14","2.90","1.40","5.30","1.12","2.17","1.69"
"26517","29-11-15 20:00","Brazil","Serie A Betano","2015","Gremio","Atletico-MG","2.17","3.40","3.75","1.04","8.60","1.30","3.45","2.10","1.82","3.55","1.28","6.60","1.08","1.77","2.05"
"26518","29-11-15 20:00","Brazil","Serie A Betano","2015","Sport Recife","Corinthians","2.38","3.40","3.20","1.03","9.30","1.27","3.65","1.99","1.91","3.25","1.33","6.10","1.09","1.69","2.17"
"26519","29-11-15 00:00","Brazil","Serie A Betano","2015","Avai","Ponte Preta","1.70","3.85","5.50","1.02","9.80","1.27","3.30","2.06","1.85","3.20","1.30","6.30","1.08","1.91","1.89"
"26520","28-11-15 22:30","Brazil","Serie A Betano","2015","Fluminense","Internacional","3.60","3.50","2.18","1.04","8.50","1.33","2.90","2.15","1.79","3.80","1.23","7.60","1.05","1.82","1.99"
"26521","28-11-15 20:00","Brazil","Serie A Betano","2015","Sao Paulo","Figueirense","1.53","4.40","7.10","1.03","9.00","1.28","3.55","2.03","1.88","3.45","1.30","6.40","1.08","2.08","1.75"
"26522","22-11-15 22:30","Brazil","Serie A Betano","2015","Coritiba","Santos","2.70","3.50","2.72","1.04","8.60","1.31","3.35","2.11","1.81","3.60","1.28","6.80","1.07","1.79","2.02"
"26523","22-11-15 22:30","Brazil","Serie A Betano","2015","Fluminense","Avai","2.06","3.09","4.25","1.07","7.00","1.42","2.82","2.54","1.58","4.60","1.19","8.70","1.03","2.00","1.81"
"26524","22-11-15 22:30","Brazil","Serie A Betano","2015","Sport Recife","Athletico-PR","1.74","3.80","5.50","1.04","8.30","1.31","3.35","2.13","1.80","3.65","1.27","6.80","1.07","1.88","1.92"
"26525","22-11-15 21:00","Brazil","Serie A Betano","2015","Flamengo RJ","Ponte Preta","1.78","3.75","5.00","1.04","8.30","1.32","3.30","2.10","1.82","3.65","1.27","7.00","1.07","1.93","1.87"
"26526","22-11-15 20:00","Brazil","Serie A Betano","2015","Atletico-MG","Goias","1.46","5.00","7.00","1.01","13.00","1.18","4.75","1.67","2.35","2.58","1.49","4.50","1.17","1.78","2.04"
"26527","22-11-15 20:00","Brazil","Serie A Betano","2015","Corinthians","Sao Paulo","2.62","3.35","2.87","1.04","8.30","1.32","3.30","2.14","1.79","3.65","1.27","6.80","1.07","1.78","2.04"
"26528","22-11-15 20:00","Brazil","Serie A Betano","2015","Figueirense","Chapecoense-SC","1.90","3.70","4.45","1.06","7.30","1.42","2.82","2.43","1.63","4.45","1.20","8.40","1.04","2.15","1.70"
"26529","22-11-15 20:00","Brazil","Serie A Betano","2015","Internacional","Gremio","2.81","3.18","2.83","1.07","7.00","1.42","2.82","2.49","1.60","4.60","1.19","8.70","1.04","1.98","1.83"
"26530","22-11-15 20:00","Brazil","Serie A Betano","2015","Joinville","Vasco","2.78","3.55","2.62","1.04","8.00","1.34","3.20","2.19","1.76","3.85","1.25","7.00","1.07","1.86","1.94"
"26531","21-11-15 22:30","Brazil","Serie A Betano","2015","Palmeiras","Cruzeiro","3.40","3.60","2.23","1.03","8.70","1.29","3.50","2.05","1.86","3.45","1.30","6.40","1.08","1.77","2.05"
"26532","20-11-15 01:00","Brazil","Serie A Betano","2015","Santos","Flamengo RJ","1.67","3.85","5.70","1.01","11.00","1.24","3.95","1.90","2.00","3.08","1.36","5.80","1.10","1.72","2.12"
"26533","20-11-15 01:00","Brazil","Serie A Betano","2015","Sao Paulo","Atletico-MG","2.00","3.75","3.80","1.01","10.50","1.19","4.60","1.73","2.22","2.71","1.45","4.85","1.14","1.67","2.21"
"26534","20-11-15 01:00","Brazil","Serie A Betano","2015","Vasco","Corinthians","2.87","3.30","2.63","1.06","7.30","1.40","2.90","2.40","1.64","4.30","1.21","8.10","1.04","1.92","1.88"
"26535","19-11-15 22:30","Brazil","Serie A Betano","2015","Chapecoense-SC","Internacional","2.46","3.13","3.25","1.06","7.30","1.44","2.75","2.46","1.62","4.45","1.20","8.40","1.04","1.95","1.85"
"26536","19-11-15 22:30","Brazil","Serie A Betano","2015","Gremio","Fluminense","1.53","4.20","7.20","1.04","8.60","1.30","3.45","2.11","1.81","3.65","1.27","6.80","1.07","2.12","1.72"
"26537","19-11-15 00:00","Brazil","Serie A Betano","2015","Athletico-PR","Palmeiras","2.41","3.25","3.25","1.03","8.70","1.29","3.50","2.07","1.84","3.45","1.30","6.40","1.08","1.74","2.09"
"26538","19-11-15 00:00","Brazil","Serie A Betano","2015","Avai","Joinville","2.06","3.50","3.90","1.05","7.50","1.39","2.95","2.36","1.66","4.30","1.21","8.10","1.04","2.05","1.77"
"26539","19-11-15 00:00","Brazil","Serie A Betano","2015","Ponte Preta","Figueirense","1.95","3.55","4.10","1.05","7.80","1.36","3.08","2.28","1.70","4.10","1.23","7.80","1.05","1.98","1.83"
"26540","18-11-15 22:30","Brazil","Serie A Betano","2015","Goias","Coritiba","2.01","3.30","4.30","1.04","8.20","1.35","3.15","2.27","1.71","3.90","1.21","8.00","1.05","2.06","1.76"
"26541","15-11-15 20:00","Brazil","Serie A Betano","2015","Cruzeiro","Sport Recife","1.50","4.40","7.50","1.03","9.00","1.28","3.60","2.03","1.88","3.45","1.30","6.40","1.08","2.08","1.75"
"26542","08-11-15 22:30","Brazil","Serie A Betano","2015","Sport Recife","Gremio","2.46","3.30","3.19","1.05","7.80","1.35","3.15","2.27","1.71","3.95","1.24","7.50","1.05","1.86","1.94"
"26543","08-11-15 21:00","Brazil","Serie A Betano","2015","Joinville","Santos","4.40","3.65","1.91","1.04","8.60","1.31","3.35","2.10","1.81","3.60","1.28","6.80","1.07","1.86","1.94"
"26544","08-11-15 20:00","Brazil","Serie A Betano","2015","Cruzeiro","Sao Paulo","2.07","3.40","4.10","1.05","7.80","1.36","3.10","2.29","1.70","4.10","1.23","7.80","1.05","1.93","1.87"
"26545","08-11-15 20:00","Brazil","Serie A Betano","2015","Figueirense","Atletico-MG","3.15","3.30","2.48","1.04","8.60","1.31","3.35","2.11","1.81","3.55","1.28","6.60","1.08","1.76","2.06"
"26546","08-11-15 20:00","Brazil","Serie A Betano","2015","Flamengo RJ","Goias","1.60","3.75","7.60","1.04","8.00","1.33","3.25","2.25","1.72","3.95","1.24","7.50","1.05","2.11","1.73"
"26547","08-11-15 20:00","Brazil","Serie A Betano","2015","Palmeiras","Vasco","1.59","4.25","6.30","1.02","9.60","1.25","3.85","1.91","1.99","3.15","1.35","5.80","1.10","1.89","1.91"
"26548","08-11-15 00:00","Brazil","Serie A Betano","2015","Fluminense","Chapecoense-SC","1.96","3.20","4.50","1.07","6.80","1.45","2.71","2.60","1.56","4.90","1.17","9.40","1.02","2.19","1.68"
"26549","07-11-15 22:30","Brazil","Serie A Betano","2015","Athletico-PR","Avai","1.85","3.55","5.00","1.06","7.30","1.40","2.90","2.41","1.64","4.30","1.21","8.40","1.04","2.11","1.73"
"26550","07-11-15 22:30","Brazil","Serie A Betano","2015","Corinthians","Coritiba","1.30","5.40","12.50","1.04","8.60","1.31","3.35","2.10","1.82","3.65","1.27","7.00","1.07","2.72","1.46"
"26551","07-11-15 20:00","Brazil","Serie A Betano","2015","Internacional","Ponte Preta","1.59","4.10","6.70","1.04","8.40","1.30","3.45","2.10","1.82","3.60","1.28","6.80","1.07","2.05","1.77"
"26552","01-11-15 22:30","Brazil","Serie A Betano","2015","Goias","Internacional","2.27","3.45","3.45","1.07","7.00","1.43","2.78","2.48","1.61","4.60","1.19","9.40","1.02","2.06","1.76"
"26553","01-11-15 21:00","Brazil","Serie A Betano","2015","Vasco","Fluminense","2.36","3.15","3.55","1.05","7.50","1.39","2.95","2.40","1.64","4.30","1.21","8.70","1.04","1.91","1.89"
"26554","01-11-15 20:00","Brazil","Serie A Betano","2015","Atletico-MG","Corinthians","1.88","3.80","4.40","1.03","8.70","1.30","3.45","2.06","1.85","3.50","1.29","6.60","1.08","1.86","1.94"
"26555","01-11-15 20:00","Brazil","Serie A Betano","2015","Chapecoense-SC","Athletico-PR","1.99","3.25","4.70","1.07","6.80","1.43","2.78","2.56","1.58","4.75","1.18","9.80","1.02","2.09","1.74"
"26556","01-11-15 20:00","Brazil","Serie A Betano","2015","Gremio","Flamengo RJ","1.69","3.80","6.00","1.05","7.80","1.37","3.04","2.32","1.68","4.15","1.22","8.40","1.04","2.01","1.80"
"26557","01-11-15 20:00","Brazil","Serie A Betano","2015","Santos","Palmeiras","1.80","3.90","4.65","1.03","9.30","1.25","3.85","1.90","2.00","3.10","1.36","5.80","1.10","1.76","2.06"
"26558","01-11-15 00:00","Brazil","Serie A Betano","2015","Coritiba","Figueirense","2.10","3.30","4.10","1.07","7.00","1.42","2.82","2.49","1.60","4.60","1.19","9.40","1.02","2.05","1.77"
"26898","31-10-15 22:30","Brazil","Serie A Betano","2015","Ponte Preta","Joinville","1.60","3.80","6.70","1.05","7.80","1.36","3.10","2.32","1.68","4.15","1.22","8.40","1.04","2.19","1.68"
"26906","31-10-15 22:30","Brazil","Serie A Betano","2015","Avai","Cruzeiro","3.04","3.10","2.69","1.05","7.80","1.35","3.15","2.30","1.69","3.95","1.24","7.80","1.05","1.83","1.97"
"26559","31-10-15 20:00","Brazil","Serie A Betano","2015","Sao Paulo","Sport Recife","1.45","4.25","8.00","1.02","9.40","1.26","3.75","1.95","1.95","3.25","1.33","6.10","1.09","2.09","1.74"
"26560","25-10-15 22:30","Brazil","Serie A Betano","2015","Atletico-MG","Ponte Preta","1.37","5.30","9.60","1.04","13.00","1.20","4.45","1.75","2.20","2.78","1.43","5.10","1.13","2.01","1.80"
"26561","25-10-15 21:00","Brazil","Serie A Betano","2015","Goias","Cruzeiro","2.44","3.25","3.30","1.07","6.80","1.45","2.71","2.59","1.57","4.75","1.18","9.80","1.02","2.08","1.75"
"26562","25-10-15 20:00","Brazil","Serie A Betano","2015","Chapecoense-SC","Avai","1.95","3.35","4.45","1.07","7.00","1.43","2.77","2.54","1.58","4.75","1.18","9.80","1.02","2.11","1.73"
"26563","25-10-15 20:00","Brazil","Serie A Betano","2015","Corinthians","Flamengo RJ","1.62","3.80","6.30","1.04","8.30","1.31","3.35","2.13","1.80","3.65","1.27","7.20","1.07","2.05","1.77"
"26564","25-10-15 20:00","Brazil","Serie A Betano","2015","Coritiba","Sao Paulo","2.64","3.25","2.97","1.04","8.00","1.35","3.15","2.25","1.72","3.95","1.24","7.80","1.05","1.85","1.95"
"26565","25-10-15 20:00","Brazil","Serie A Betano","2015","Vasco","Gremio","2.66","3.30","2.77","1.06","7.30","1.40","2.90","2.40","1.64","4.30","1.21","8.70","1.04","1.98","1.83"
"26566","25-10-15 01:00","Brazil","Serie A Betano","2015","Palmeiras","Sport Recife","1.84","3.65","4.90","1.02","9.40","1.25","3.85","1.95","1.95","3.20","1.34","6.00","1.10","1.74","2.09"
"26567","24-10-15 22:30","Brazil","Serie A Betano","2015","Figueirense","Santos","2.98","3.11","2.51","1.04","8.30","1.32","3.30","2.14","1.78","3.65","1.27","7.00","1.07","1.76","2.06"
"26568","24-10-15 22:30","Brazil","Serie A Betano","2015","Internacional","Joinville","1.44","3.60","8.50","1.03","9.00","1.28","3.40","2.03","1.83","3.45","1.30","6.60","1.08","2.20","1.67"
"26569","24-10-15 21:00","Brazil","Serie A Betano","2015","Fluminense","Athletico-PR","1.96","3.40","4.60","1.05","7.80","1.35","3.15","2.27","1.71","3.95","1.24","7.80","1.05","1.93","1.87"
"26570","18-10-15 22:30","Brazil","Serie A Betano","2015","Sport Recife","Atletico-MG","3.09","3.40","2.44","1.03","9.00","1.28","3.60","2.01","1.89","3.30","1.32","6.10","1.09","1.71","2.14"
"26571","18-10-15 21:00","Brazil","Serie A Betano","2015","Gremio","Chapecoense-SC","1.51","4.35","7.50","1.05","7.80","1.37","3.04","2.29","1.70","4.15","1.22","8.10","1.04","2.40","1.57"
"26572","18-10-15 21:00","Brazil","Serie A Betano","2015","Santos","Goias","1.49","4.40","7.70","1.04","8.60","1.30","3.45","2.10","1.82","3.60","1.28","7.00","1.07","2.17","1.69"
"26573","18-10-15 20:00","Brazil","Serie A Betano","2015","Athletico-PR","Corinthians","3.06","3.25","2.54","1.06","7.30","1.41","2.86","2.45","1.62","4.45","1.20","9.00","1.03","1.96","1.84"
"26574","18-10-15 20:00","Brazil","Serie A Betano","2015","Flamengo RJ","Internacional","1.85","3.45","5.20","1.04","8.30","1.31","3.35","2.17","1.77","3.65","1.27","7.20","1.07","1.88","1.92"
"26575","18-10-15 20:00","Brazil","Serie A Betano","2015","Sao Paulo","Vasco","1.53","4.25","7.40","1.04","8.30","1.31","3.35","2.13","1.80","3.65","1.27","7.20","1.07","2.17","1.69"
"26576","18-10-15 15:00","Brazil","Serie A Betano","2015","Cruzeiro","Fluminense","1.77","3.70","5.30","1.05","7.80","1.36","3.10","2.29","1.70","4.10","1.23","8.10","1.04","2.08","1.75"
"26577","18-10-15 15:00","Brazil","Serie A Betano","2015","Ponte Preta","Coritiba","1.73","3.70","5.60","1.06","7.30","1.40","2.90","2.43","1.63","4.45","1.20","9.00","1.03","2.21","1.67"
"26578","18-10-15 02:00","Brazil","Serie A Betano","2015","Joinville","Figueirense","2.47","3.25","3.19","1.06","7.30","1.40","2.90","2.43","1.63","4.30","1.21","9.00","1.03","1.95","1.85"
"26579","17-10-15 23:30","Brazil","Serie A Betano","2015","Avai","Palmeiras","2.68","3.30","2.65","1.04","8.60","1.31","3.35","2.11","1.81","3.55","1.28","6.80","1.07","1.75","2.08"
"26580","16-10-15 02:00","Brazil","Serie A Betano","2015","Gremio","Santos","2.01","3.50","4.10","1.03","8.70","1.29","3.50","2.06","1.85","3.45","1.30","6.60","1.08","1.78","2.04"
"26581","16-10-15 00:30","Brazil","Serie A Betano","2015","Corinthians","Goias","1.50","3.70","5.60","1.04","8.60","1.28","2.58","2.11","1.72","3.65","1.27","7.00","1.07","2.12","1.72"
"26582","16-10-15 00:30","Brazil","Serie A Betano","2015","Vasco","Chapecoense-SC","2.12","3.35","3.95","1.07","7.00","1.44","2.75","2.54","1.58","4.75","1.18","9.80","1.02","2.09","1.74"
"26583","15-10-15 03:00","Brazil","Serie A Betano","2015","Athletico-PR","Cruzeiro","2.40","3.25","3.35","1.06","7.30","1.41","2.86","2.46","1.62","4.45","1.20","9.00","1.03","1.99","1.82"
"26584","15-10-15 03:00","Brazil","Serie A Betano","2015","Fluminense","Sao Paulo","2.43","3.25","3.30","1.05","7.80","1.36","3.10","2.30","1.69","4.10","1.23","8.10","1.04","1.87","1.93"
"26585","15-10-15 02:00","Brazil","Serie A Betano","2015","Figueirense","Flamengo RJ","3.16","3.05","2.63","1.05","7.80","1.34","3.20","2.26","1.72","3.85","1.25","7.60","1.05","1.84","1.96"
"26586","15-10-15 02:00","Brazil","Serie A Betano","2015","Joinville","Coritiba","2.71","3.16","2.94","1.08","6.60","1.46","2.68","2.63","1.55","4.90","1.17","10.50","1.02","2.06","1.76"
"26587","15-10-15 02:00","Brazil","Serie A Betano","2015","Palmeiras","Ponte Preta","1.57","4.35","6.30","1.02","10.00","1.21","4.30","1.80","2.13","2.86","1.41","5.20","1.12","1.80","2.01"
"26588","15-10-15 00:30","Brazil","Serie A Betano","2015","Atletico-MG","Internacional","1.43","4.90","7.40","1.01","13.00","1.17","5.00","1.64","2.38","2.52","1.51","4.40","1.17","1.78","2.02"
"26589","15-10-15 00:30","Brazil","Serie A Betano","2015","Sport Recife","Avai","1.70","3.80","5.30","1.04","8.60","1.30","3.45","2.11","1.81","3.60","1.28","7.00","1.07","1.92","1.88"
"26590","04-10-15 23:30","Brazil","Serie A Betano","2015","Chapecoense-SC","Palmeiras","2.92","3.20","2.70","1.07","6.80","1.44","2.73","2.57","1.57","4.75","1.18","9.80","1.02","2.05","1.77"
"26591","04-10-15 21:00","Brazil","Serie A Betano","2015","Cruzeiro","Gremio","2.09","3.40","4.00","1.05","7.80","1.36","3.10","2.29","1.70","4.10","1.23","8.10","1.04","1.94","1.86"
"26592","04-10-15 21:00","Brazil","Serie A Betano","2015","Goias","Figueirense","1.70","2.67","5.80","1.06","7.30","1.42","2.82","2.46","1.62","4.60","1.19","9.40","1.02","2.30","1.62"
"26593","04-10-15 21:00","Brazil","Serie A Betano","2015","Ponte Preta","Corinthians","3.25","3.20","2.47","1.05","7.50","1.38","2.99","2.35","1.67","4.15","1.22","8.10","1.04","1.89","1.91"
"26594","04-10-15 21:00","Brazil","Serie A Betano","2015","Santos","Fluminense","1.54","4.20","7.30","1.04","8.70","1.28","3.60","2.05","1.86","3.45","1.30","6.80","1.07","2.05","1.77"
"26595","04-10-15 16:00","Brazil","Serie A Betano","2015","Avai","Vasco","2.09","3.35","4.05","1.05","7.50","1.37","3.04","2.34","1.67","4.15","1.22","8.10","1.04","1.95","1.85"
"26596","04-10-15 16:00","Brazil","Serie A Betano","2015","Flamengo RJ","Joinville","1.44","4.60","8.90","1.04","8.60","1.30","3.45","2.09","1.83","3.60","1.28","7.00","1.07","2.26","1.64"
"26597","04-10-15 02:00","Brazil","Serie A Betano","2015","Sao Paulo","Athletico-PR","1.77","3.65","5.40","1.05","7.50","1.37","3.04","2.34","1.67","4.20","1.22","8.40","1.04","2.09","1.74"
"26598","03-10-15 23:30","Brazil","Serie A Betano","2015","Internacional","Sport Recife","1.75","3.70","5.50","1.04","8.00","1.38","2.99","2.34","1.67","4.20","1.22","8.40","1.04","2.12","1.72"
"26905","03-10-15 23:30","Brazil","Serie A Betano","2015","Coritiba","Atletico-MG","3.17","3.45","2.37","1.04","8.30","1.33","3.25","2.16","1.78","3.65","1.27","7.20","1.07","1.82","1.99"
"26599","27-09-15 23:30","Brazil","Serie A Betano","2015","Cruzeiro","Coritiba","1.48","4.25","8.80","1.05","7.50","1.38","2.99","2.36","1.66","4.30","1.21","9.00","1.03","2.45","1.55"
"26600","27-09-15 23:30","Brazil","Serie A Betano","2015","Sport Recife","Chapecoense-SC","1.83","3.50","5.30","1.07","6.80","1.45","2.71","2.61","1.56","4.90","1.17","9.80","1.02","2.26","1.64"
"26601","27-09-15 21:00","Brazil","Serie A Betano","2015","Figueirense","Corinthians","3.30","3.40","2.35","1.07","7.00","1.43","2.78","2.49","1.60","4.60","1.19","9.40","1.02","2.06","1.76"
"26602","27-09-15 21:00","Brazil","Serie A Betano","2015","Flamengo RJ","Vasco","1.74","3.80","5.40","1.04","8.60","1.31","3.35","2.11","1.81","3.60","1.28","7.00","1.07","1.94","1.86"
"26603","27-09-15 21:00","Brazil","Serie A Betano","2015","Joinville","Atletico-MG","4.75","3.65","1.84","1.05","7.80","1.36","3.08","2.29","1.70","4.10","1.23","8.10","1.04","2.02","1.79"
"26604","27-09-15 21:00","Brazil","Serie A Betano","2015","Sao Paulo","Palmeiras","2.21","3.45","3.55","1.04","8.60","1.31","3.35","2.10","1.82","3.55","1.28","6.80","1.07","1.80","2.01"
"26605","27-09-15 16:00","Brazil","Serie A Betano","2015","Athletico-PR","Ponte Preta","1.94","3.50","4.45","1.06","7.30","1.41","2.86","2.46","1.62","4.45","1.20","9.40","1.02","2.11","1.73"
"26606","27-09-15 16:00","Brazil","Serie A Betano","2015","Santos","Internacional","1.76","3.75","5.30","1.04","8.00","1.35","3.15","2.25","1.72","3.95","1.24","7.80","1.05","2.05","1.77"
"26607","27-09-15 02:00","Brazil","Serie A Betano","2015","Gremio","Avai","1.46","4.45","8.70","1.04","8.00","1.33","3.20","2.20","1.75","3.85","1.25","7.80","1.05","2.34","1.60"
"26608","26-09-15 23:30","Brazil","Serie A Betano","2015","Fluminense","Goias","1.92","3.50","4.60","1.04","8.00","1.34","3.20","2.24","1.73","3.95","1.24","7.80","1.05","1.94","1.86"
"26609","20-09-15 23:30","Brazil","Serie A Betano","2015","Chapecoense-SC","Cruzeiro","2.70","3.20","2.92","1.10","6.00","1.58","2.35","2.98","1.45","5.90","1.12","13.50","1.04","2.34","1.60"
"26610","20-09-15 23:30","Brazil","Serie A Betano","2015","Coritiba","Athletico-PR","2.70","3.10","3.02","1.09","6.30","1.50","2.55","2.78","1.50","5.30","1.15","12.50","1.04","2.14","1.71"
"26611","20-09-15 21:00","Brazil","Serie A Betano","2015","Atletico-MG","Flamengo RJ","1.76","3.80","5.20","1.03","9.30","1.27","3.65","1.98","1.92","3.30","1.32","6.10","1.09","1.83","1.98"
"26612","20-09-15 21:00","Brazil","Serie A Betano","2015","Avai","Sao Paulo","2.61","3.25","2.99","1.05","7.80","1.35","3.15","2.27","1.71","3.95","1.24","7.80","1.05","1.85","1.95"
"26613","20-09-15 21:00","Brazil","Serie A Betano","2015","Vasco","Sport Recife","2.23","3.30","3.65","1.05","7.50","1.39","2.95","2.38","1.65","4.30","1.21","8.70","1.04","1.96","1.84"
"26614","20-09-15 16:00","Brazil","Serie A Betano","2015","Corinthians","Santos","2.18","3.35","3.75","1.05","7.80","1.35","3.15","2.27","1.71","3.95","1.24","7.80","1.05","1.87","1.93"
"26615","20-09-15 16:00","Brazil","Serie A Betano","2015","Goias","Joinville","1.61","3.90","6.80","1.06","7.30","1.41","2.86","2.46","1.62","4.60","1.19","9.40","1.02","2.38","1.58"
"26616","20-09-15 02:00","Brazil","Serie A Betano","2015","Ponte Preta","Fluminense","2.65","3.25","2.94","1.06","7.30","1.40","2.90","2.43","1.63","4.45","1.20","9.00","1.03","1.96","1.84"
"26617","19-09-15 23:30","Brazil","Serie A Betano","2015","Internacional","Figueirense","1.48","3.65","4.70","1.04","8.00","1.34","3.20","2.23","1.73","3.85","1.25","7.80","1.05","2.00","1.81"
"26618","19-09-15 23:30","Brazil","Serie A Betano","2015","Palmeiras","Gremio","2.03","3.40","4.20","1.04","8.00","1.35","3.15","2.26","1.72","3.95","1.24","7.80","1.05","1.91","1.89"
"26619","18-09-15 02:00","Brazil","Serie A Betano","2015","Flamengo RJ","Coritiba","1.55","3.95","7.40","1.05","7.50","1.37","3.04","2.34","1.67","4.20","1.22","8.40","1.04","2.30","1.62"
"26620","18-09-15 00:30","Brazil","Serie A Betano","2015","Sao Paulo","Chapecoense-SC","1.46","4.40","8.90","1.05","7.80","1.36","3.10","2.29","1.70","4.15","1.22","8.10","1.04","2.45","1.55"
"26621","17-09-15 03:00","Brazil","Serie A Betano","2015","Cruzeiro","Vasco","1.41","4.75","9.50","1.03","8.70","1.28","3.55","2.05","1.86","3.50","1.29","6.80","1.07","2.30","1.62"
"26622","17-09-15 03:00","Brazil","Serie A Betano","2015","Internacional","Corinthians","2.36","3.25","3.35","1.06","7.30","1.42","2.82","2.47","1.61","4.45","1.20","9.40","1.02","2.01","1.80"
"26623","17-09-15 03:00","Brazil","Serie A Betano","2015","Santos","Atletico-MG","2.16","3.55","3.50","1.03","9.00","1.28","3.55","2.02","1.88","3.35","1.31","6.40","1.08","1.76","2.06"
"26624","17-09-15 02:00","Brazil","Serie A Betano","2015","Athletico-PR","Gremio","2.72","3.25","2.86","1.05","7.80","1.37","3.04","2.32","1.68","4.10","1.23","8.10","1.04","1.88","1.92"
"26625","17-09-15 02:00","Brazil","Serie A Betano","2015","Figueirense","Avai","2.16","3.30","3.90","1.07","7.00","1.43","2.78","2.52","1.59","4.60","1.19","9.40","1.02","2.05","1.77"
"26626","17-09-15 00:30","Brazil","Serie A Betano","2015","Fluminense","Palmeiras","2.26","3.30","3.60","1.04","8.00","1.35","3.15","2.25","1.72","3.95","1.24","7.80","1.05","1.87","1.93"
"26627","17-09-15 00:30","Brazil","Serie A Betano","2015","Goias","Ponte Preta","1.78","3.70","5.10","1.05","7.80","1.36","3.08","2.29","1.70","4.10","1.23","8.10","1.04","2.06","1.76"
"26628","17-09-15 00:30","Brazil","Serie A Betano","2015","Joinville","Sport Recife","2.62","3.20","3.01","1.07","6.80","1.45","2.71","2.57","1.57","4.75","1.18","9.80","1.02","2.05","1.77"
"26629","13-09-15 23:30","Brazil","Serie A Betano","2015","Avai","Goias","2.22","3.20","3.85","1.08","6.60","1.48","2.61","2.68","1.53","5.00","1.17","9.00","1.03","2.15","1.70"
"26630","13-09-15 23:30","Brazil","Serie A Betano","2015","Sport Recife","Fluminense","2.20","3.45","3.60","1.04","8.30","1.32","3.30","2.14","1.79","3.65","1.27","7.00","1.07","1.81","2.00"
"26631","13-09-15 21:00","Brazil","Serie A Betano","2015","Chapecoense-SC","Flamengo RJ","2.84","3.12","2.84","1.10","6.00","1.56","2.40","2.95","1.46","5.70","1.13","13.00","1.03","2.28","1.63"
"26632","13-09-15 21:00","Brazil","Serie A Betano","2015","Cruzeiro","Atletico-MG","2.72","3.25","2.87","1.04","8.00","1.34","3.20","2.24","1.73","3.85","1.25","7.60","1.05","1.82","1.99"
"26633","13-09-15 21:00","Brazil","Serie A Betano","2015","Gremio","Sao Paulo","1.88","3.60","4.65","1.04","8.00","1.35","3.15","2.25","1.72","3.95","1.24","7.80","1.05","1.98","1.83"
"26634","13-09-15 21:00","Brazil","Serie A Betano","2015","Vasco","Athletico-PR","2.42","3.30","3.25","1.07","7.00","1.43","2.78","2.49","1.60","4.60","1.19","9.40","1.02","2.02","1.79"
"26635","13-09-15 16:00","Brazil","Serie A Betano","2015","Corinthians","Joinville","1.35","5.00","12.00","1.04","8.30","1.31","3.35","2.14","1.79","3.75","1.26","7.60","1.05","2.59","1.50"
"26636","13-09-15 16:00","Brazil","Serie A Betano","2015","Ponte Preta","Santos","3.35","3.20","2.42","1.05","7.80","1.37","3.04","2.32","1.68","4.10","1.23","8.10","1.04","1.89","1.91"
"26637","13-09-15 02:00","Brazil","Serie A Betano","2015","Palmeiras","Figueirense","1.47","4.65","7.80","1.05","11.00","1.23","4.10","1.85","2.06","2.99","1.38","5.50","1.11","1.94","1.86"
"26638","12-09-15 23:30","Brazil","Serie A Betano","2015","Coritiba","Internacional","2.39","3.20","3.40","1.08","6.60","1.46","2.68","2.62","1.55","4.90","1.17","9.80","1.02","2.11","1.73"
"26639","11-09-15 02:00","Brazil","Serie A Betano","2015","Flamengo RJ","Cruzeiro","1.99","3.40","4.05","1.05","7.50","1.37","3.04","2.33","1.67","4.15","1.22","8.10","1.04","1.96","1.84"
"26640","11-09-15 02:00","Brazil","Serie A Betano","2015","Joinville","Chapecoense-SC","2.41","3.20","3.40","1.09","6.10","1.53","2.46","2.85","1.48","5.50","1.14","12.50","1.02","2.26","1.64"
"26641","11-09-15 00:30","Brazil","Serie A Betano","2015","Goias","Sport Recife","2.00","3.45","4.25","1.07","6.80","1.45","2.71","2.57","1.57","4.75","1.18","9.80","1.02","2.17","1.69"
"26642","10-09-15 03:00","Brazil","Serie A Betano","2015","Corinthians","Gremio","1.92","3.50","4.60","1.08","6.60","1.44","2.73","2.55","1.58","4.75","1.18","9.80","1.02","2.20","1.67"
"26643","10-09-15 03:00","Brazil","Serie A Betano","2015","Coritiba","Fluminense","2.29","3.25","3.55","1.05","7.60","1.42","2.65","2.50","1.60","4.20","1.18","8.90","1.03","2.02","1.79"
"26644","10-09-15 03:00","Brazil","Serie A Betano","2015","Santos","Sao Paulo","2.19","3.45","3.60","1.03","9.40","1.31","3.20","2.22","1.74","3.40","1.27","6.70","1.07","1.87","1.93"
"26645","10-09-15 02:00","Brazil","Serie A Betano","2015","Figueirense","Athletico-PR","2.62","3.25","2.97","1.05","8.00","1.38","2.80","2.49","1.60","4.00","1.20","8.20","1.04","2.01","1.80"
"26646","10-09-15 00:30","Brazil","Serie A Betano","2015","Atletico-MG","Avai","1.29","6.10","12.00","1.01","13.50","1.19","4.60","1.72","2.25","2.73","1.44","4.85","1.14","2.15","1.70"
"26647","10-09-15 00:30","Brazil","Serie A Betano","2015","Internacional","Palmeiras","1.81","3.65","4.95","1.04","8.30","1.32","3.30","2.16","1.78","3.65","1.27","7.20","1.07","1.92","1.88"
"26648","10-09-15 00:30","Brazil","Serie A Betano","2015","Ponte Preta","Vasco","1.79","3.60","5.00","1.04","8.00","1.34","3.20","2.22","1.74","3.85","1.25","7.60","1.05","1.97","1.83"
"26649","06-09-15 23:30","Brazil","Serie A Betano","2015","Sport Recife","Santos","2.27","3.40","3.45","1.04","8.60","1.30","3.45","2.10","1.82","3.55","1.28","6.80","1.07","1.74","2.09"
"26650","06-09-15 21:00","Brazil","Serie A Betano","2015","Avai","Coritiba","2.18","3.25","3.90","1.07","6.80","1.45","2.71","2.49","1.60","4.70","1.18","8.40","1.04","2.01","1.80"
"26651","06-09-15 21:00","Brazil","Serie A Betano","2015","Fluminense","Flamengo RJ","3.17","2.91","2.34","1.07","7.00","1.43","2.78","2.49","1.60","4.60","1.19","9.40","1.02","2.02","1.79"
"26652","06-09-15 21:00","Brazil","Serie A Betano","2015","Gremio","Goias","1.71","3.70","5.80","1.08","6.60","1.47","2.64","2.66","1.54","5.10","1.16","9.50","1.02","2.43","1.56"
"26653","06-09-15 21:00","Brazil","Serie A Betano","2015","Palmeiras","Corinthians","2.22","3.30","3.70","1.06","7.30","1.40","2.90","2.42","1.63","4.45","1.20","9.00","1.03","2.00","1.81"
"26654","06-09-15 16:00","Brazil","Serie A Betano","2015","Chapecoense-SC","Ponte Preta","2.00","3.35","4.35","1.07","6.80","1.44","2.73","2.57","1.57","4.75","1.18","9.80","1.02","2.14","1.71"
"26655","06-09-15 16:00","Brazil","Serie A Betano","2015","Cruzeiro","Figueirense","1.57","4.05","7.10","1.05","7.80","1.36","3.10","2.30","1.69","4.15","1.22","8.10","1.04","2.28","1.63"
"26656","06-09-15 02:00","Brazil","Serie A Betano","2015","Athletico-PR","Joinville","1.49","4.40","8.00","1.04","8.00","1.33","3.20","2.20","1.75","3.85","1.25","7.80","1.05","2.21","1.67"
"26657","06-09-15 00:30","Brazil","Serie A Betano","2015","Sao Paulo","Internacional","2.21","3.45","3.55","1.07","9.00","1.32","3.30","2.14","1.79","3.65","1.27","7.00","1.07","1.81","2.00"
"26658","06-09-15 00:30","Brazil","Serie A Betano","2015","Vasco","Atletico-MG","5.20","3.95","1.73","1.03","9.00","1.27","3.65","1.99","1.91","3.30","1.32","6.10","1.09","1.86","1.94"
"26659","04-09-15 02:00","Brazil","Serie A Betano","2015","Figueirense","Gremio","2.78","3.19","2.81","1.08","6.40","1.52","2.50","2.72","1.52","5.20","1.15","9.50","1.02","2.02","1.79"
"26660","04-09-15 00:30","Brazil","Serie A Betano","2015","Santos","Chapecoense-SC","1.48","4.45","7.80","1.05","7.80","1.36","3.08","2.21","1.75","3.95","1.24","6.80","1.07","2.21","1.67"
"26661","03-09-15 03:00","Brazil","Serie A Betano","2015","Corinthians","Fluminense","1.65","3.70","5.40","1.06","7.30","1.39","2.95","2.32","1.68","4.30","1.21","7.80","1.05","2.08","1.75"
"26662","03-09-15 03:00","Brazil","Serie A Betano","2015","Coritiba","Sport Recife","1.99","3.45","4.20","1.05","7.80","1.36","3.08","2.20","1.75","3.95","1.24","6.80","1.07","1.89","1.91"
"26663","03-09-15 03:00","Brazil","Serie A Betano","2015","Goias","Palmeiras","2.47","3.30","3.15","1.07","6.80","1.43","2.79","2.46","1.62","4.60","1.19","8.40","1.04","1.92","1.88"
"26664","03-09-15 02:00","Brazil","Serie A Betano","2015","Atletico-MG","Athletico-PR","1.42","4.85","8.80","1.03","9.80","1.26","3.75","1.87","2.04","3.05","1.37","5.30","1.12","2.04","1.78"
"26665","03-09-15 02:00","Brazil","Serie A Betano","2015","Flamengo RJ","Avai","1.63","3.80","6.80","1.05","7.80","1.36","3.08","2.14","1.79","3.95","1.24","6.80","1.07","2.15","1.70"
"26666","03-09-15 00:30","Brazil","Serie A Betano","2015","Internacional","Vasco","1.56","4.05","7.30","1.04","8.00","1.35","3.15","2.15","1.79","3.70","1.27","6.40","1.08","2.15","1.70"
"26667","03-09-15 00:30","Brazil","Serie A Betano","2015","Joinville","Sao Paulo","2.99","3.50","2.46","1.04","8.00","1.34","3.20","2.11","1.81","3.70","1.27","6.40","1.08","1.79","2.03"
"26668","03-09-15 00:30","Brazil","Serie A Betano","2015","Ponte Preta","Cruzeiro","2.32","3.25","3.45","1.07","6.80","1.45","2.71","2.50","1.60","4.70","1.18","8.40","1.04","1.95","1.84"
"26669","30-08-15 23:30","Brazil","Serie A Betano","2015","Athletico-PR","Goias","1.96","3.50","4.35","1.08","6.60","1.47","2.64","2.62","1.55","5.00","1.17","9.80","1.02","2.24","1.65"
"26670","30-08-15 23:30","Brazil","Serie A Betano","2015","Cruzeiro","Santos","2.04","3.40","4.20","1.05","7.50","1.39","2.95","2.38","1.65","4.30","1.21","8.70","1.04","2.01","1.80"
"26671","30-08-15 21:00","Brazil","Serie A Betano","2015","Chapecoense-SC","Corinthians","2.68","3.10","3.04","1.09","6.30","1.52","2.50","2.82","1.49","5.30","1.15","12.50","1.03","2.19","1.68"
"26672","30-08-15 21:00","Brazil","Serie A Betano","2015","Fluminense","Atletico-MG","2.75","3.40","2.72","1.04","8.60","1.31","3.35","2.11","1.81","3.60","1.28","6.80","1.07","1.78","2.04"
"26673","30-08-15 21:00","Brazil","Serie A Betano","2015","Palmeiras","Joinville","1.47","4.45","8.30","1.03","9.00","1.27","3.65","2.00","1.90","3.35","1.31","6.60","1.08","2.08","1.75"
"26674","30-08-15 21:00","Brazil","Serie A Betano","2015","Sport Recife","Flamengo RJ","2.30","3.40","3.40","1.04","8.30","1.32","3.30","2.14","1.79","3.65","1.27","7.00","1.07","1.80","2.01"
"26675","30-08-15 16:00","Brazil","Serie A Betano","2015","Avai","Internacional","3.05","3.30","2.53","1.06","7.30","1.40","2.90","2.40","1.64","4.30","1.21","8.70","1.04","1.96","1.84"
"26676","30-08-15 16:00","Brazil","Serie A Betano","2015","Gremio","Coritiba","1.56","4.20","6.80","1.06","7.30","1.41","2.86","2.40","1.64","4.45","1.20","9.00","1.03","2.48","1.54"
"26677","30-08-15 02:00","Brazil","Serie A Betano","2015","Sao Paulo","Ponte Preta","1.83","3.60","4.95","1.04","8.30","1.32","3.30","2.17","1.77","3.75","1.26","7.40","1.06","1.91","1.89"
"26678","29-08-15 23:30","Brazil","Serie A Betano","2015","Vasco","Figueirense","2.02","3.40","4.25","1.07","6.80","1.46","2.68","2.60","1.56","4.90","1.17","9.80","1.02","2.17","1.69"
"26679","23-08-15 23:30","Brazil","Serie A Betano","2015","Atletico-MG","Palmeiras","1.62","4.00","5.50","1.02","10.50","1.22","4.20","1.83","2.08","2.95","1.39","5.30","1.12","1.77","2.05"
"26680","23-08-15 21:00","Brazil","Serie A Betano","2015","Corinthians","Cruzeiro","1.98","3.40","4.40","1.06","7.30","1.41","2.86","2.46","1.62","4.45","1.20","9.40","1.02","2.08","1.75"
"26681","23-08-15 21:00","Brazil","Serie A Betano","2015","Flamengo RJ","Sao Paulo","2.07","3.50","3.90","1.04","8.30","1.31","3.35","2.13","1.80","3.60","1.28","7.00","1.07","1.83","1.97"
"26682","23-08-15 21:00","Brazil","Serie A Betano","2015","Internacional","Athletico-PR","1.85","3.65","4.75","1.06","7.30","1.41","2.86","2.43","1.63","4.45","1.20","9.00","1.03","2.14","1.71"
"26683","23-08-15 21:00","Brazil","Serie A Betano","2015","Joinville","Fluminense","2.70","3.20","2.92","1.07","7.00","1.44","2.75","2.54","1.58","4.75","1.18","9.40","1.02","2.02","1.79"
"26684","23-08-15 16:00","Brazil","Serie A Betano","2015","Coritiba","Chapecoense-SC","1.86","3.45","5.10","1.07","6.80","1.44","2.73","2.59","1.57","4.75","1.18","9.80","1.02","2.21","1.67"
"26685","23-08-15 16:00","Brazil","Serie A Betano","2015","Ponte Preta","Gremio","2.62","3.20","3.01","1.07","6.80","1.44","2.73","2.57","1.57","4.75","1.18","9.80","1.02","2.04","1.78"
"26686","23-08-15 02:00","Brazil","Serie A Betano","2015","Figueirense","Sport Recife","2.04","2.57","3.40","1.05","7.80","1.36","3.10","2.29","1.70","4.10","1.23","8.10","1.04","1.94","1.86"
"26687","22-08-15 23:30","Brazil","Serie A Betano","2015","Goias","Vasco","1.72","3.60","5.50","1.05","7.80","1.36","3.08","2.32","1.68","4.15","1.22","8.10","1.04","2.08","1.75"
"26688","22-08-15 23:30","Brazil","Serie A Betano","2015","Santos","Avai","1.43","4.80","8.50","1.02","9.60","1.24","3.95","1.90","2.00","3.15","1.35","5.80","1.10","2.08","1.75"
"26689","16-08-15 23:30","Brazil","Serie A Betano","2015","Chapecoense-SC","Atletico-MG","3.30","3.30","2.39","1.07","6.80","1.43","2.79","2.38","1.65","4.60","1.19","8.40","1.04","1.92","1.88"
"26690","16-08-15 23:30","Brazil","Serie A Betano","2015","Gremio","Joinville","1.40","4.90","9.40","1.06","10.00","1.36","3.10","2.16","1.78","3.85","1.25","6.80","1.07","2.32","1.61"
"26691","16-08-15 21:00","Brazil","Serie A Betano","2015","Avai","Corinthians","3.15","3.30","2.47","1.07","6.80","1.45","2.71","2.47","1.61","4.70","1.18","8.40","1.04","1.95","1.85"
"26692","16-08-15 21:00","Brazil","Serie A Betano","2015","Cruzeiro","Internacional","1.82","3.60","5.10","1.06","7.30","1.39","2.95","2.34","1.67","4.30","1.21","7.80","1.05","2.05","1.77"
"26693","16-08-15 21:00","Brazil","Serie A Betano","2015","Fluminense","Figueirense","1.68","3.80","5.90","1.07","7.00","1.41","2.86","2.36","1.66","4.45","1.20","7.80","1.05","2.17","1.69"
"26694","16-08-15 21:00","Brazil","Serie A Betano","2015","Sport Recife","Ponte Preta","1.87","3.55","4.80","1.04","8.50","1.35","3.15","2.14","1.79","3.70","1.27","6.40","1.08","1.89","1.91"
"26695","16-08-15 16:00","Brazil","Serie A Betano","2015","Palmeiras","Flamengo RJ","2.04","3.55","3.95","1.05","7.80","1.36","3.08","2.22","1.74","3.95","1.24","6.80","1.07","1.87","1.93"
"26696","16-08-15 02:00","Brazil","Serie A Betano","2015","Sao Paulo","Goias","1.64","3.90","6.30","1.05","7.80","1.36","3.08","2.20","1.75","3.95","1.24","6.80","1.07","2.08","1.75"
"26697","15-08-15 23:30","Brazil","Serie A Betano","2015","Athletico-PR","Santos","2.50","3.30","3.10","1.05","7.80","1.36","3.08","2.20","1.75","3.95","1.24","6.80","1.07","1.83","1.98"
"26698","15-08-15 23:30","Brazil","Serie A Betano","2015","Vasco","Coritiba","2.22","3.35","3.65","1.07","6.80","1.45","2.71","2.50","1.60","4.70","1.18","8.40","1.04","1.99","1.82"
"26699","14-08-15 02:00","Brazil","Serie A Betano","2015","Atletico-MG","Gremio","1.74","3.65","5.60","1.05","7.80","1.36","3.10","2.19","1.76","3.85","1.25","6.80","1.07","2.01","1.80"
"26700","14-08-15 02:00","Brazil","Serie A Betano","2015","Joinville","Cruzeiro","3.75","2.84","2.20","1.08","6.40","1.52","2.50","2.72","1.52","5.20","1.15","9.50","1.02","2.08","1.75"
"26701","14-08-15 00:30","Brazil","Serie A Betano","2015","Ponte Preta","Avai","1.70","3.85","5.70","1.05","7.80","1.36","3.10","2.16","1.78","3.85","1.25","6.80","1.07","2.01","1.80"
"26702","13-08-15 03:00","Brazil","Serie A Betano","2015","Corinthians","Sport Recife","1.57","4.20","6.70","1.05","8.10","1.35","3.15","2.14","1.79","3.70","1.27","6.40","1.08","2.08","1.75"
"26703","13-08-15 03:00","Brazil","Serie A Betano","2015","Figueirense","Sao Paulo","3.13","3.30","2.48","1.06","7.60","1.39","2.95","2.29","1.70","4.20","1.22","7.30","1.06","1.85","1.95"
"26704","13-08-15 03:00","Brazil","Serie A Betano","2015","Internacional","Fluminense","2.04","3.45","4.10","1.07","7.30","1.39","2.95","2.35","1.67","4.30","1.21","7.80","1.05","1.95","1.85"
"26705","13-08-15 02:00","Brazil","Serie A Betano","2015","Goias","Chapecoense-SC","1.87","3.40","5.20","1.10","6.00","1.57","2.38","2.82","1.49","5.50","1.14","10.50","1.02","2.30","1.62"
"26706","13-08-15 02:00","Brazil","Serie A Betano","2015","Santos","Vasco","1.42","4.90","8.30","1.04","13.00","1.25","3.85","1.84","2.07","3.00","1.38","5.10","1.13","2.00","1.81"
"26707","13-08-15 00:30","Brazil","Serie A Betano","2015","Coritiba","Palmeiras","3.00","3.30","2.58","1.06","7.30","1.39","2.95","2.32","1.68","4.30","1.21","7.80","1.05","1.88","1.92"
"26708","13-08-15 00:30","Brazil","Serie A Betano","2015","Flamengo RJ","Athletico-PR","1.89","3.60","4.55","1.06","7.60","1.38","3.00","2.26","1.72","4.10","1.23","7.30","1.06","1.95","1.85"
"26709","09-08-15 23:30","Brazil","Serie A Betano","2015","Chapecoense-SC","Figueirense","1.95","3.45","4.50","1.08","6.60","1.48","2.61","2.55","1.58","4.90","1.17","8.70","1.03","2.08","1.75"
"26710","09-08-15 23:30","Brazil","Serie A Betano","2015","Gremio","Internacional","1.85","2.72","4.60","1.05","7.50","1.39","2.95","2.29","1.70","4.20","1.22","7.30","1.06","2.02","1.79"
"26711","09-08-15 21:00","Brazil","Serie A Betano","2015","Cruzeiro","Palmeiras","2.02","3.50","4.10","1.07","6.80","1.43","2.79","2.45","1.62","4.60","1.19","8.40","1.04","1.99","1.82"
"26712","09-08-15 21:00","Brazil","Serie A Betano","2015","Goias","Atletico-MG","3.13","3.30","2.47","1.07","9.00","1.39","2.95","2.29","1.70","4.20","1.22","7.30","1.06","1.85","1.95"
"26713","09-08-15 21:00","Brazil","Serie A Betano","2015","Ponte Preta","Flamengo RJ","2.80","3.20","2.82","1.05","7.50","1.39","2.95","2.29","1.70","4.20","1.22","7.30","1.06","1.87","1.93"
"26714","09-08-15 21:00","Brazil","Serie A Betano","2015","Sao Paulo","Corinthians","2.57","3.10","3.19","1.08","6.40","1.52","2.50","2.69","1.53","5.20","1.15","9.50","1.02","2.06","1.76"
"26715","09-08-15 16:00","Brazil","Serie A Betano","2015","Athletico-PR","Sport Recife","1.78","2.85","5.30","1.05","7.50","1.39","2.95","2.30","1.69","4.20","1.22","7.30","1.06","2.02","1.79"
"26716","09-08-15 16:00","Brazil","Serie A Betano","2015","Vasco","Joinville","1.90","3.50","4.70","1.08","6.60","1.50","2.55","2.63","1.55","4.95","1.17","8.70","1.03","2.14","1.71"
"26717","09-08-15 02:00","Brazil","Serie A Betano","2015","Santos","Coritiba","1.54","4.10","7.50","1.06","10.00","1.29","3.50","1.95","1.87","3.25","1.33","5.80","1.10","2.00","1.81"
"26718","08-08-15 23:30","Brazil","Serie A Betano","2015","Avai","Fluminense","2.64","3.25","2.94","1.05","7.80","1.36","3.08","2.20","1.75","3.95","1.24","6.80","1.07","1.82","1.99"
"26719","02-08-15 23:30","Brazil","Serie A Betano","2015","Sport Recife","Cruzeiro","2.14","3.35","3.80","1.05","7.50","1.39","2.95","2.29","1.70","4.20","1.22","7.30","1.06","1.91","1.89"
"26720","02-08-15 21:00","Brazil","Serie A Betano","2015","Figueirense","Ponte Preta","2.25","3.25","3.70","1.08","6.60","1.48","2.61","2.52","1.59","4.90","1.17","8.70","1.03","1.99","1.82"
"26721","02-08-15 21:00","Brazil","Serie A Betano","2015","Flamengo RJ","Santos","1.94","3.40","4.65","1.05","7.80","1.36","3.10","2.19","1.76","3.85","1.25","6.80","1.07","1.94","1.86"
"26722","02-08-15 21:00","Brazil","Serie A Betano","2015","Internacional","Chapecoense-SC","1.70","3.65","6.20","1.07","6.80","1.43","2.79","2.45","1.62","4.60","1.19","8.40","1.04","2.22","1.66"
"26723","02-08-15 21:00","Brazil","Serie A Betano","2015","Joinville","Avai","2.54","3.25","3.10","1.07","6.80","1.45","2.71","2.50","1.60","4.70","1.18","8.40","1.04","1.95","1.85"
"26724","02-08-15 16:00","Brazil","Serie A Betano","2015","Coritiba","Goias","1.95","3.35","4.65","1.10","6.00","1.57","2.38","2.82","1.49","5.50","1.14","10.50","1.02","2.24","1.65"
"26725","02-08-15 16:00","Brazil","Serie A Betano","2015","Palmeiras","Athletico-PR","1.49","4.40","8.00","1.04","8.60","1.29","3.50","1.95","1.95","3.25","1.33","5.80","1.10","2.05","1.77"
"26726","01-08-15 23:30","Brazil","Serie A Betano","2015","Fluminense","Gremio","2.19","3.30","3.65","1.08","6.60","1.48","2.61","2.57","1.57","4.90","1.17","8.70","1.03","2.01","1.80"
"26727","30-07-15 03:00","Brazil","Serie A Betano","2015","Atletico-MG","Sao Paulo","1.67","3.95","5.60","1.04","8.40","1.32","3.30","2.03","1.88","3.45","1.30","6.30","1.09","1.89","1.91"
"26728","30-07-15 03:00","Brazil","Serie A Betano","2015","Corinthians","Vasco","1.36","4.90","10.50","1.05","7.80","1.36","3.10","2.16","1.78","3.85","1.25","6.80","1.07","2.48","1.54"
"26729","26-07-15 23:30","Brazil","Serie A Betano","2015","Vasco","Palmeiras","3.19","3.45","2.36","1.07","7.00","1.41","2.86","2.38","1.65","4.45","1.20","7.80","1.05","1.88","1.92"
"26730","26-07-15 21:00","Brazil","Serie A Betano","2015","Coritiba","Corinthians","3.00","3.15","2.66","1.08","6.40","1.52","2.50","2.70","1.53","5.20","1.15","9.50","1.02","2.04","1.78"
"26731","26-07-15 21:00","Brazil","Serie A Betano","2015","Goias","Flamengo RJ","2.65","3.02","3.16","1.08","6.60","1.48","2.61","2.52","1.59","4.90","1.17","8.70","1.03","1.99","1.82"
"26732","26-07-15 21:00","Brazil","Serie A Betano","2015","Ponte Preta","Internacional","2.21","3.20","3.85","1.06","7.30","1.39","2.95","2.34","1.67","4.30","1.21","7.80","1.05","1.94","1.86"
"26733","26-07-15 21:00","Brazil","Serie A Betano","2015","Sao Paulo","Cruzeiro","2.03","3.45","4.10","1.07","7.00","1.41","2.86","2.38","1.66","4.45","1.20","7.80","1.05","1.98","1.83"
"26734","26-07-15 16:00","Brazil","Serie A Betano","2015","Chapecoense-SC","Fluminense","2.27","3.20","3.70","1.08","6.60","1.48","2.61","2.57","1.57","4.90","1.17","8.70","1.03","2.05","1.77"
"26735","26-07-15 16:00","Brazil","Serie A Betano","2015","Santos","Joinville","1.40","3.60","6.60","1.05","7.80","1.36","3.10","2.19","1.76","3.85","1.25","6.80","1.07","2.34","1.60"
"26736","26-07-15 02:00","Brazil","Serie A Betano","2015","Atletico-MG","Figueirense","1.31","5.60","11.50","1.03","15.00","1.22","4.20","1.72","2.25","2.75","1.44","4.55","1.16","2.11","1.73"
"26737","26-07-15 00:30","Brazil","Serie A Betano","2015","Gremio","Sport Recife","1.62","4.10","6.00","1.04","8.00","1.35","3.15","2.14","1.79","3.70","1.27","6.40","1.08","2.04","1.78"
"26900","25-07-15 23:30","Brazil","Serie A Betano","2015","Avai","Athletico-PR","2.37","3.25","3.40","1.07","6.80","1.43","2.79","2.43","1.63","4.60","1.19","8.40","1.04","1.95","1.85"
"26738","19-07-15 23:30","Brazil","Serie A Betano","2015","Cruzeiro","Avai","1.43","4.75","8.70","1.02","9.50","1.26","3.75","1.86","2.05","3.05","1.37","5.30","1.12","2.05","1.77"
"26739","19-07-15 23:30","Brazil","Serie A Betano","2015","Joinville","Ponte Preta","2.84","3.25","2.74","1.08","6.40","1.52","2.50","2.68","1.53","5.20","1.15","9.50","1.02","2.02","1.79"
"26740","19-07-15 21:00","Brazil","Serie A Betano","2015","Figueirense","Coritiba","2.00","2.97","3.85","1.08","6.60","1.48","2.61","2.52","1.59","4.90","1.17","8.70","1.03","2.04","1.78"
"26741","19-07-15 21:00","Brazil","Serie A Betano","2015","Fluminense","Vasco","1.65","3.90","5.70","1.05","7.50","1.39","2.95","2.29","1.70","4.20","1.22","7.30","1.06","2.06","1.76"
"26742","19-07-15 21:00","Brazil","Serie A Betano","2015","Palmeiras","Santos","1.72","3.80","5.40","1.03","8.80","1.32","3.30","2.05","1.86","3.45","1.30","6.30","1.09","1.89","1.91"
"26743","19-07-15 21:00","Brazil","Serie A Betano","2015","Sport Recife","Sao Paulo","2.43","3.35","3.17","1.05","7.80","1.36","3.10","2.17","1.77","3.85","1.25","6.80","1.07","1.80","2.01"
"26744","19-07-15 16:00","Brazil","Serie A Betano","2015","Athletico-PR","Chapecoense-SC","2.18","3.13","3.95","1.08","6.60","1.48","2.61","2.55","1.58","4.90","1.17","8.70","1.03","2.06","1.76"
"26745","19-07-15 02:00","Brazil","Serie A Betano","2015","Corinthians","Atletico-MG","2.60","3.08","3.17","1.07","6.80","1.30","2.79","2.21","1.63","4.60","1.19","8.40","1.04","1.95","1.85"
"26746","18-07-15 23:30","Brazil","Serie A Betano","2015","Flamengo RJ","Gremio","2.51","3.12","3.30","1.08","6.60","1.48","2.61","2.57","1.57","4.90","1.17","8.70","1.03","2.00","1.81"
"26747","18-07-15 23:30","Brazil","Serie A Betano","2015","Internacional","Goias","1.88","3.27","4.80","1.07","6.80","1.43","2.79","2.41","1.64","4.60","1.19","8.40","1.04","2.04","1.78"
"26748","12-07-15 23:30","Brazil","Serie A Betano","2015","Avai","Chapecoense-SC","2.68","3.15","2.98","1.08","6.40","1.52","2.50","2.72","1.52","5.20","1.15","9.50","1.02","2.04","1.78"
"26749","12-07-15 23:30","Brazil","Serie A Betano","2015","Sport Recife","Palmeiras","2.44","3.30","3.25","1.04","8.00","1.35","3.15","2.13","1.80","3.70","1.27","6.40","1.08","1.79","2.02"
"26750","12-07-15 21:00","Brazil","Serie A Betano","2015","Athletico-PR","Fluminense","2.01","3.50","4.15","1.05","7.50","1.38","3.00","2.23","1.73","4.10","1.23","7.30","1.06","1.91","1.89"
"26751","12-07-15 21:00","Brazil","Serie A Betano","2015","Cruzeiro","Goias","1.55","3.87","7.75","1.05","7.80","1.36","3.08","2.22","1.74","3.95","1.24","6.80","1.07","2.26","1.64"
"26752","12-07-15 21:00","Brazil","Serie A Betano","2015","Flamengo RJ","Corinthians","2.51","3.09","3.30","1.10","6.00","1.57","2.38","2.82","1.49","5.50","1.14","10.50","1.02","2.12","1.72"
"26753","12-07-15 21:00","Brazil","Serie A Betano","2015","Joinville","Internacional","2.36","3.25","3.30","1.08","6.60","1.48","2.61","2.55","1.58","4.90","1.17","8.70","1.03","2.00","1.81"
"26754","12-07-15 16:00","Brazil","Serie A Betano","2015","Sao Paulo","Coritiba","1.56","4.10","7.20","1.05","7.80","1.36","3.10","2.19","1.76","3.85","1.25","6.80","1.07","2.17","1.69"
"26755","12-07-15 02:00","Brazil","Serie A Betano","2015","Ponte Preta","Atletico-MG","2.92","3.52","2.49","1.04","8.60","1.28","3.55","2.01","1.89","3.40","1.31","6.00","1.10","1.69","2.17"
"26756","11-07-15 23:30","Brazil","Serie A Betano","2015","Gremio","Vasco","1.38","4.49","10.63","1.04","8.00","1.34","3.20","2.11","1.81","3.70","1.27","6.40","1.08","2.48","1.54"
"26757","11-07-15 23:30","Brazil","Serie A Betano","2015","Santos","Figueirense","1.58","4.30","6.10","1.04","8.00","1.35","3.15","2.14","1.79","3.70","1.27","6.40","1.08","2.01","1.80"
"26758","10-07-15 02:00","Brazil","Serie A Betano","2015","Fluminense","Cruzeiro","2.47","3.08","2.89","1.05","7.50","1.38","3.00","2.27","1.71","4.10","1.23","7.30","1.06","1.81","2.00"
"26759","10-07-15 00:30","Brazil","Serie A Betano","2015","Corinthians","Athletico-PR","1.50","4.18","7.50","1.07","7.00","1.41","2.86","2.39","1.65","4.45","1.20","7.80","1.05","2.34","1.60"
"26760","09-07-15 03:00","Brazil","Serie A Betano","2015","Atletico-MG","Sport Recife","1.41","4.95","8.70","1.04","13.00","1.24","3.95","1.76","2.19","2.86","1.41","4.90","1.14","1.96","1.84"
"26761","09-07-15 03:00","Brazil","Serie A Betano","2015","Internacional","Flamengo RJ","2.01","3.30","4.45","1.07","7.00","1.41","2.86","2.38","1.65","4.45","1.20","7.80","1.05","1.98","1.83"
"26762","09-07-15 03:00","Brazil","Serie A Betano","2015","Vasco","Sao Paulo","4.20","3.36","2.01","1.07","6.80","1.45","2.71","2.50","1.60","4.70","1.18","8.40","1.04","2.01","1.80"
"26763","09-07-15 02:00","Brazil","Serie A Betano","2015","Figueirense","Joinville","1.73","3.22","4.81","1.07","6.80","1.45","2.71","2.50","1.57","4.70","1.18","8.40","1.04","2.11","1.73"
"26764","09-07-15 02:00","Brazil","Serie A Betano","2015","Palmeiras","Avai","1.42","4.70","9.20","1.04","8.60","1.31","3.40","1.98","1.92","3.40","1.31","6.00","1.10","2.22","1.66"
"26765","09-07-15 00:30","Brazil","Serie A Betano","2015","Chapecoense-SC","Gremio","2.96","2.93","2.80","1.08","6.40","1.52","2.50","2.72","1.52","5.20","1.15","9.50","1.02","2.06","1.76"
"26766","09-07-15 00:30","Brazil","Serie A Betano","2015","Coritiba","Ponte Preta","2.39","3.25","3.35","1.08","8.00","1.43","2.79","2.46","1.62","4.60","1.19","8.40","1.04","1.87","1.93"
"26767","09-07-15 00:30","Brazil","Serie A Betano","2015","Goias","Santos","2.71","2.84","3.25","1.07","6.80","1.45","2.71","2.47","1.61","4.70","1.18","8.40","1.04","2.02","1.79"
"26768","05-07-15 23:30","Brazil","Serie A Betano","2015","Flamengo RJ","Figueirense","1.56","4.00","7.30","1.07","7.00","1.41","2.86","2.38","1.65","4.45","1.20","7.80","1.05","2.32","1.61"
"26769","05-07-15 23:30","Brazil","Serie A Betano","2015","Internacional","Atletico-MG","2.48","3.25","3.08","1.04","8.60","1.29","3.50","1.95","1.95","3.25","1.33","5.80","1.10","1.69","2.17"
"26770","05-07-15 23:30","Brazil","Serie A Betano","2015","Ponte Preta","Palmeiras","3.70","3.60","2.10","1.04","8.00","1.35","3.15","2.15","1.79","3.70","1.27","6.40","1.08","1.80","2.01"
"26771","05-07-15 21:00","Brazil","Serie A Betano","2015","Goias","Corinthians","3.25","3.10","2.54","1.10","6.00","1.57","2.38","2.82","1.49","5.50","1.14","10.50","1.02","2.11","1.73"
"26772","05-07-15 21:00","Brazil","Serie A Betano","2015","Santos","Gremio","2.24","3.11","3.80","1.07","9.00","1.41","2.86","2.38","1.65","4.45","1.20","7.80","1.05","1.97","1.83"
"26773","05-07-15 21:00","Brazil","Serie A Betano","2015","Sao Paulo","Fluminense","1.75","3.80","5.20","1.05","7.80","1.36","3.08","2.10","1.82","3.95","1.24","6.80","1.07","1.89","1.91"
"26774","05-07-15 16:00","Brazil","Serie A Betano","2015","Avai","Sport Recife","2.44","3.30","3.15","1.07","7.00","1.41","2.86","2.38","1.65","4.45","1.20","7.80","1.05","1.90","1.90"
"26775","05-07-15 02:00","Brazil","Serie A Betano","2015","Chapecoense-SC","Vasco","1.93","3.35","4.80","1.09","6.20","1.48","2.61","2.57","1.57","4.90","1.17","8.70","1.03","2.12","1.72"
"26776","05-07-15 02:00","Brazil","Serie A Betano","2015","Cruzeiro","Athletico-PR","1.76","3.65","5.50","1.04","8.00","1.35","3.15","2.13","1.80","3.70","1.27","6.40","1.08","1.99","1.82"
"26777","04-07-15 20:00","Brazil","Serie A Betano","2015","Coritiba","Joinville","1.65","3.70","6.60","1.07","6.80","1.45","2.71","2.50","1.60","4.70","1.18","8.40","1.04","2.30","1.62"
"26778","03-07-15 02:00","Brazil","Serie A Betano","2015","Fluminense","Santos","2.11","3.40","3.90","1.05","7.80","1.36","3.08","2.22","1.74","3.95","1.24","6.80","1.07","1.86","1.94"
"26779","03-07-15 00:30","Brazil","Serie A Betano","2015","Corinthians","Ponte Preta","1.78","3.45","5.90","1.07","6.80","1.43","2.79","2.44","1.63","4.60","1.19","8.40","1.04","2.15","1.70"
"26780","03-07-15 00:30","Brazil","Serie A Betano","2015","Figueirense","Goias","2.16","3.40","3.75","1.11","6.50","1.57","2.38","2.86","1.48","5.50","1.14","10.50","1.02","2.14","1.71"
"26781","02-07-15 03:00","Brazil","Serie A Betano","2015","Athletico-PR","Sao Paulo","2.33","3.35","3.35","1.07","6.80","1.43","2.79","2.32","1.68","4.60","1.19","8.40","1.04","1.92","1.88"
"26782","02-07-15 03:00","Brazil","Serie A Betano","2015","Gremio","Cruzeiro","1.86","3.40","5.20","1.06","7.30","1.39","2.95","2.29","1.70","4.30","1.21","7.80","1.05","1.99","1.81"
"26783","02-07-15 03:00","Brazil","Serie A Betano","2015","Joinville","Flamengo RJ","3.25","3.19","2.48","1.08","6.60","1.50","2.55","2.61","1.56","4.95","1.17","8.70","1.03","2.00","1.81"
"26784","02-07-15 02:00","Brazil","Serie A Betano","2015","Atletico-MG","Coritiba","1.34","5.50","10.50","1.03","15.00","1.21","4.30","1.70","2.29","2.68","1.46","4.55","1.16","1.95","1.85"
"26785","02-07-15 02:00","Brazil","Serie A Betano","2015","Palmeiras","Chapecoense-SC","1.67","4.00","5.70","1.05","7.50","1.38","3.00","2.25","1.72","4.05","1.23","7.30","1.06","2.05","1.77"
"26786","02-07-15 00:30","Brazil","Serie A Betano","2015","Sport Recife","Internacional","1.98","3.75","3.90","1.07","7.00","1.41","2.86","2.45","1.62","4.75","1.18","7.80","1.05","2.00","1.81"
"26787","02-07-15 00:30","Brazil","Serie A Betano","2015","Vasco","Avai","2.07","3.70","3.65","1.05","7.50","1.38","3.00","2.23","1.73","4.40","1.20","7.30","1.06","1.92","1.88"
"26788","28-06-15 23:30","Brazil","Serie A Betano","2015","Internacional","Santos","2.05","3.30","4.25","1.04","8.00","1.35","3.15","2.14","1.79","3.70","1.27","6.40","1.08","1.81","2.00"
"26789","28-06-15 23:30","Brazil","Serie A Betano","2015","Vasco","Flamengo RJ","4.05","3.01","2.23","1.07","7.00","1.41","2.86","2.24","1.73","4.45","1.20","7.80","1.05","1.89","1.91"
"26790","28-06-15 21:00","Brazil","Serie A Betano","2015","Coritiba","Cruzeiro","2.94","3.25","2.63","1.05","7.50","1.39","2.95","2.24","1.73","4.20","1.22","7.30","1.06","1.81","2.00"
"26791","28-06-15 21:00","Brazil","Serie A Betano","2015","Goias","Fluminense","2.53","3.20","3.19","1.10","7.00","1.49","2.59","2.57","1.57","4.90","1.17","8.70","1.03","1.98","1.82"
"26792","28-06-15 21:00","Brazil","Serie A Betano","2015","Palmeiras","Sao Paulo","2.36","3.40","3.25","1.07","6.80","1.43","2.79","2.44","1.62","4.55","1.19","8.40","1.04","1.96","1.84"
"26793","28-06-15 21:00","Brazil","Serie A Betano","2015","Ponte Preta","Athletico-PR","1.86","3.65","4.70","1.04","8.00","1.34","3.20","2.10","1.82","3.70","1.27","6.40","1.08","1.89","1.91"
"26794","28-06-15 16:00","Brazil","Serie A Betano","2015","Atletico-MG","Joinville","1.24","6.90","13.50","1.03","15.00","1.19","4.60","1.65","2.39","2.55","1.50","4.05","1.20","2.26","1.64"
"26795","28-06-15 02:00","Brazil","Serie A Betano","2015","Corinthians","Figueirense","1.49","4.10","7.70","1.07","7.00","1.41","2.86","2.38","1.65","4.45","1.20","7.80","1.05","2.43","1.56"
"26796","27-06-15 21:00","Brazil","Serie A Betano","2015","Avai","Gremio","3.35","3.19","2.41","1.06","7.30","1.39","2.95","2.47","1.61","4.25","1.21","7.80","1.05","1.92","1.88"
"26797","27-06-15 21:00","Brazil","Serie A Betano","2015","Chapecoense-SC","Sport Recife","2.02","3.30","4.40","1.07","6.80","1.45","2.71","2.50","1.60","4.70","1.18","8.40","1.04","2.01","1.80"
"26798","25-06-15 00:30","Brazil","Serie A Betano","2015","Fluminense","Ponte Preta","2.12","3.50","3.70","1.07","7.00","1.41","2.86","2.28","1.70","4.40","1.20","7.80","1.05","1.81","2.00"
"26799","21-06-15 21:00","Brazil","Serie A Betano","2015","Athletico-PR","Coritiba","1.82","3.55","5.10","1.07","6.80","1.43","2.79","2.41","1.64","4.55","1.19","8.40","1.04","2.02","1.79"
"26800","21-06-15 21:00","Brazil","Serie A Betano","2015","Joinville","Goias","2.32","3.25","3.50","1.10","5.80","1.59","2.33","2.79","1.50","5.60","1.14","10.50","1.02","2.15","1.70"
"26801","21-06-15 21:00","Brazil","Serie A Betano","2015","Sao Paulo","Avai","1.51","4.50","6.90","1.04","8.40","1.32","3.30","2.05","1.86","3.45","1.30","6.30","1.09","2.03","1.78"
"26802","21-06-15 16:00","Brazil","Serie A Betano","2015","Cruzeiro","Chapecoense-SC","1.62","4.00","6.20","1.05","7.50","1.39","2.95","2.27","1.71","4.15","1.22","7.30","1.06","2.12","1.72"
"26803","21-06-15 02:00","Brazil","Serie A Betano","2015","Gremio","Palmeiras","2.07","3.40","4.05","1.07","6.80","1.43","2.79","2.39","1.65","4.60","1.19","8.40","1.04","1.96","1.85"
"26804","20-06-15 21:30","Brazil","Serie A Betano","2015","Flamengo RJ","Atletico-MG","2.62","3.40","2.84","1.04","8.40","1.32","3.30","2.03","1.88","3.45","1.30","6.30","1.09","1.70","2.15"
"26805","20-06-15 21:30","Brazil","Serie A Betano","2015","Santos","Corinthians","2.35","3.35","3.30","1.07","6.80","1.43","2.79","2.51","1.59","4.60","1.19","8.40","1.04","1.76","2.07"
"26806","20-06-15 21:30","Brazil","Serie A Betano","2015","Sport Recife","Vasco","1.69","3.70","6.10","1.07","7.00","1.41","2.86","2.26","1.71","4.45","1.20","7.80","1.05","2.14","1.70"
"26807","19-06-15 02:00","Brazil","Serie A Betano","2015","Figueirense","Internacional","2.86","3.20","2.73","1.08","6.60","1.48","2.62","2.45","1.62","4.85","1.17","8.70","1.03","1.91","1.89"
"26808","14-06-15 21:00","Brazil","Serie A Betano","2015","Avai","Figueirense","2.11","3.30","3.95","1.07","6.80","1.45","2.71","2.50","1.60","4.70","1.18","8.40","1.04","1.98","1.83"
"26809","14-06-15 21:00","Brazil","Serie A Betano","2015","Gremio","Athletico-PR","1.80","3.65","5.00","1.07","7.00","1.41","2.86","2.38","1.65","4.45","1.20","7.80","1.05","2.12","1.72"
"26810","14-06-15 21:00","Brazil","Serie A Betano","2015","Palmeiras","Fluminense","1.99","3.60","4.05","1.05","7.50","1.38","3.03","2.26","1.72","4.10","1.23","7.30","1.06","1.97","1.83"
"26811","14-06-15 16:00","Brazil","Serie A Betano","2015","Ponte Preta","Goias","1.65","4.25","5.40","1.07","6.80","1.45","2.71","2.36","1.66","4.70","1.18","8.40","1.04","2.26","1.64"
"26812","14-06-15 02:00","Brazil","Serie A Betano","2015","Vasco","Cruzeiro","3.01","3.40","2.51","1.07","6.80","1.43","2.79","2.42","1.63","4.60","1.19","8.40","1.04","1.86","1.94"
"26901","14-06-15 02:00","Brazil","Serie A Betano","2015","Sport Recife","Joinville","1.70","3.80","5.70","1.05","7.50","1.39","2.96","2.30","1.69","4.20","1.22","7.30","1.06","2.08","1.75"
"26813","13-06-15 21:30","Brazil","Serie A Betano","2015","Chapecoense-SC","Sao Paulo","2.84","3.20","2.77","1.08","6.40","1.52","2.50","2.66","1.54","5.20","1.15","9.50","1.02","2.01","1.81"
"26814","13-06-15 21:30","Brazil","Serie A Betano","2015","Corinthians","Internacional","1.88","3.40","5.20","1.07","6.80","1.45","2.71","2.50","1.60","4.70","1.18","8.40","1.04","2.14","1.71"
"26815","13-06-15 21:30","Brazil","Serie A Betano","2015","Coritiba","Flamengo RJ","2.77","3.20","2.82","1.08","6.60","1.48","2.61","2.52","1.59","4.90","1.17","8.70","1.03","1.95","1.85"
"26816","11-06-15 00:30","Brazil","Serie A Betano","2015","Atletico-MG","Santos","1.56","4.65","5.90","","","1.20","4.45","1.62","2.44","2.60","1.48","4.40","1.17","1.63","2.17"
"26817","08-06-15 00:30","Brazil","Serie A Betano","2015","Figueirense","Palmeiras","3.50","3.30","2.31","1.10","7.00","1.43","2.79","2.33","1.67","4.30","1.21","7.80","1.05","1.89","1.91"
"26818","08-06-15 00:30","Brazil","Serie A Betano","2015","Fluminense","Sport Recife","1.70","3.65","6.10","1.05","7.50","1.38","3.00","2.14","1.79","4.10","1.23","7.30","1.06","2.10","1.74"
"26819","08-06-15 00:30","Brazil","Serie A Betano","2015","Goias","Avai","1.82","3.50","5.20","1.07","6.80","1.43","2.79","2.38","1.65","4.45","1.20","8.40","1.04","2.14","1.71"
"26820","07-06-15 16:00","Brazil","Serie A Betano","2015","Internacional","Coritiba","1.66","3.85","6.20","1.05","7.50","1.39","2.95","2.29","1.69","4.20","1.22","7.30","1.06","2.14","1.71"
"26821","07-06-15 03:00","Brazil","Serie A Betano","2015","Athletico-PR","Vasco","1.63","3.95","6.40","1.06","7.30","1.37","3.06","2.29","1.70","4.25","1.21","7.80","1.05","2.12","1.72"
"26822","07-06-15 03:00","Brazil","Serie A Betano","2015","Joinville","Corinthians","3.95","3.25","2.17","1.09","6.30","1.54","2.45","2.79","1.50","5.20","1.15","9.50","1.02","2.09","1.74"
"26823","07-06-15 03:00","Brazil","Serie A Betano","2015","Sao Paulo","Gremio","1.78","3.65","5.30","1.08","8.00","1.45","2.72","2.48","1.61","4.65","1.18","8.40","1.04","2.11","1.73"
"26824","06-06-15 23:30","Brazil","Serie A Betano","2015","Atletico-MG","Cruzeiro","1.63","4.00","6.20","1.05","11.00","1.28","3.55","1.94","1.96","3.20","1.34","5.50","1.11","1.82","1.84"
"26825","06-06-15 23:30","Brazil","Serie A Betano","2015","Flamengo RJ","Chapecoense-SC","1.79","3.65","5.10","1.07","7.50","1.45","2.71","2.50","1.60","4.65","1.18","8.40","1.04","2.14","1.71"
"26826","06-06-15 23:30","Brazil","Serie A Betano","2015","Santos","Ponte Preta","1.94","3.60","4.30","1.05","7.80","1.36","3.10","2.17","1.77","3.85","1.25","6.80","1.07","1.85","1.95"
"26827","05-06-15 02:00","Brazil","Serie A Betano","2015","Palmeiras","Internacional","1.95","3.80","3.90","1.04","8.30","1.34","3.20","2.08","1.83","3.70","1.27","6.40","1.08","1.82","1.99"
"26828","05-06-15 02:00","Brazil","Serie A Betano","2015","Sport Recife","Goias","1.92","3.55","4.50","1.08","8.00","1.39","2.95","2.29","1.69","3.55","1.29","7.30","1.06","2.00","1.80"
"26829","04-06-15 21:00","Brazil","Serie A Betano","2015","Fluminense","Coritiba","1.82","3.90","4.60","1.05","7.80","1.36","3.10","2.19","1.77","3.85","1.25","6.80","1.07","1.89","1.91"
"26830","04-06-15 03:00","Brazil","Serie A Betano","2015","Avai","Atletico-MG","4.55","3.65","1.88","1.04","8.40","1.33","3.25","1.93","1.96","3.50","1.29","6.30","1.09","1.80","2.01"
"26831","04-06-15 03:00","Brazil","Serie A Betano","2015","Cruzeiro","Flamengo RJ","1.89","3.85","4.20","1.05","7.80","1.36","3.10","2.17","1.77","3.85","1.25","6.80","1.07","1.92","1.87"
"26832","04-06-15 03:00","Brazil","Serie A Betano","2015","Gremio","Corinthians","2.20","3.20","3.85","1.10","6.00","1.57","2.38","2.86","1.48","5.50","1.14","10.50","1.02","2.15","1.70"
"26833","04-06-15 02:00","Brazil","Serie A Betano","2015","Sao Paulo","Santos","1.81","3.75","4.80","1.07","7.00","1.41","2.87","2.36","1.67","4.45","1.20","7.80","1.05","1.89","1.91"
"26834","04-06-15 00:30","Brazil","Serie A Betano","2015","Athletico-PR","Figueirense","1.58","3.95","7.10","1.07","6.80","1.45","2.72","2.46","1.62","4.70","1.18","8.40","1.04","2.31","1.61"
"26835","04-06-15 00:30","Brazil","Serie A Betano","2015","Chapecoense-SC","Joinville","1.69","3.70","6.00","1.08","6.60","1.48","2.61","2.52","1.59","4.90","1.17","8.70","1.03","2.22","1.66"
"26836","04-06-15 00:30","Brazil","Serie A Betano","2015","Vasco","Ponte Preta","2.52","3.40","2.97","1.07","6.80","1.43","2.78","2.42","1.64","4.55","1.19","8.40","1.04","1.83","1.98"
"26837","31-05-15 23:30","Brazil","Serie A Betano","2015","Figueirense","Cruzeiro","3.08","3.20","2.59","1.07","6.80","1.43","2.79","2.41","1.64","4.55","1.19","8.40","1.04","1.94","1.86"
"26838","31-05-15 23:30","Brazil","Serie A Betano","2015","Flamengo RJ","Fluminense","2.42","3.30","3.25","1.08","8.00","1.41","2.86","2.36","1.67","4.35","1.20","7.80","1.05","1.89","1.91"
"26839","31-05-15 21:00","Brazil","Serie A Betano","2015","Atletico-MG","Vasco","1.45","4.60","8.60","1.04","8.00","1.34","3.20","2.10","1.82","3.70","1.27","6.40","1.08","2.28","1.63"
"26840","31-05-15 21:00","Brazil","Serie A Betano","2015","Corinthians","Palmeiras","2.07","3.35","4.05","1.08","6.40","1.52","2.50","2.72","1.52","5.10","1.15","9.50","1.02","2.11","1.73"
"26841","31-05-15 21:00","Brazil","Serie A Betano","2015","Goias","Gremio","2.84","3.09","2.87","1.10","6.00","1.57","2.38","2.86","1.49","5.50","1.14","10.50","1.02","2.11","1.73"
"26842","31-05-15 21:00","Brazil","Serie A Betano","2015","Internacional","Sao Paulo","2.48","3.30","3.11","1.05","7.80","1.36","3.08","2.22","1.74","3.95","1.24","6.80","1.07","1.82","1.99"
"26843","31-05-15 16:00","Brazil","Serie A Betano","2015","Santos","Sport Recife","1.57","4.30","6.40","1.04","8.40","1.33","3.25","2.07","1.84","3.50","1.29","6.30","1.09","2.05","1.77"
"26902","31-05-15 02:00","Brazil","Serie A Betano","2015","Joinville","Athletico-PR","2.43","3.35","3.15","1.07","6.80","1.45","2.72","2.56","1.58","4.70","1.18","8.40","1.04","1.95","1.85"
"26844","30-05-15 23:30","Brazil","Serie A Betano","2015","Ponte Preta","Chapecoense-SC","1.86","3.60","4.65","1.07","7.00","1.41","2.86","2.38","1.65","4.45","1.20","7.80","1.05","2.01","1.80"
"26904","30-05-15 23:30","Brazil","Serie A Betano","2015","Coritiba","Avai","1.72","3.75","5.60","1.05","7.50","1.39","2.95","2.29","1.70","4.20","1.22","7.30","1.06","2.06","1.76"
"26845","24-05-15 23:30","Brazil","Serie A Betano","2015","Cruzeiro","Ponte Preta","2.10","3.60","3.65","1.05","7.80","1.36","3.10","2.20","1.75","3.95","1.24","6.80","1.07","1.83","1.97"
"26846","24-05-15 23:30","Brazil","Serie A Betano","2015","Sport Recife","Coritiba","1.84","3.55","5.00","1.07","6.80","1.43","2.79","2.42","1.64","4.60","1.19","8.40","1.04","2.08","1.75"
"26847","24-05-15 21:00","Brazil","Serie A Betano","2015","Athletico-PR","Atletico-MG","3.65","3.45","2.15","1.04","8.00","1.35","3.15","2.13","1.80","3.70","1.27","6.40","1.08","1.79","2.02"
"26848","24-05-15 21:00","Brazil","Serie A Betano","2015","Avai","Flamengo RJ","2.87","3.20","2.76","1.07","6.80","1.55","2.43","2.46","1.62","4.55","1.19","8.40","1.04","1.94","1.86"
"26849","24-05-15 21:00","Brazil","Serie A Betano","2015","Chapecoense-SC","Santos","2.62","3.40","2.86","1.07","7.00","1.41","2.86","2.38","1.65","4.45","1.20","7.80","1.05","1.89","1.91"
"26850","24-05-15 21:00","Brazil","Serie A Betano","2015","Fluminense","Corinthians","2.62","3.25","2.98","1.08","6.60","1.48","2.61","2.50","1.60","4.90","1.17","8.70","1.03","2.27","1.63"
"26851","24-05-15 16:00","Brazil","Serie A Betano","2015","Palmeiras","Goias","1.56","4.05","7.30","1.06","7.30","1.39","2.95","2.32","1.68","4.30","1.21","7.80","1.05","2.34","1.60"
"26852","24-05-15 02:00","Brazil","Serie A Betano","2015","Gremio","Figueirense","1.56","3.95","7.80","1.07","7.00","1.41","2.86","2.36","1.67","4.45","1.20","7.80","1.05","2.34","1.61"
"26853","23-05-15 23:30","Brazil","Serie A Betano","2015","Sao Paulo","Joinville","1.46","4.30","9.30","1.05","7.80","1.36","3.08","2.22","1.74","3.95","1.24","6.80","1.07","2.36","1.59"
"26854","23-05-15 23:30","Brazil","Serie A Betano","2015","Vasco","Internacional","1.83","3.70","4.80","1.07","6.80","1.45","2.71","2.50","1.60","4.70","1.18","8.40","1.04","2.08","1.75"
"26855","17-05-15 23:30","Brazil","Serie A Betano","2015","Internacional","Avai","1.64","3.95","6.10","1.04","8.80","1.30","3.45","1.99","1.91","3.30","1.32","6.00","1.10","1.94","1.86"
"26856","17-05-15 23:30","Brazil","Serie A Betano","2015","Joinville","Palmeiras","3.05","3.50","2.48","1.07","7.00","1.41","2.86","2.38","1.65","4.45","1.20","7.80","1.05","1.90","1.90"
"26857","17-05-15 23:30","Brazil","Serie A Betano","2015","Ponte Preta","Sao Paulo","3.40","3.30","2.32","1.05","7.80","1.36","3.08","2.19","1.75","3.90","1.24","6.80","1.07","1.82","1.99"
"26858","17-05-15 21:00","Brazil","Serie A Betano","2015","Atletico-MG","Fluminense","2.08","3.65","3.75","1.05","7.50","1.38","3.00","2.23","1.73","4.10","1.23","7.30","1.06","1.90","1.90"
"26859","17-05-15 21:00","Brazil","Serie A Betano","2015","Flamengo RJ","Sport Recife","1.62","4.00","6.10","1.05","7.80","1.36","3.10","2.16","1.78","3.85","1.25","6.80","1.07","2.06","1.76"
"26860","17-05-15 21:00","Brazil","Serie A Betano","2015","Santos","Cruzeiro","1.87","3.60","4.65","1.05","7.80","1.36","3.10","2.17","1.77","3.85","1.25","6.80","1.07","1.91","1.89"
"26861","17-05-15 16:00","Brazil","Serie A Betano","2015","Figueirense","Vasco","2.60","3.20","3.01","1.07","7.00","1.41","2.86","2.38","1.65","4.45","1.20","7.80","1.05","1.90","1.90"
"26862","17-05-15 02:00","Brazil","Serie A Betano","2015","Corinthians","Chapecoense-SC","1.58","3.90","7.30","1.07","6.80","1.43","2.79","2.40","1.64","4.60","1.19","8.40","1.04","2.34","1.60"
"26863","16-05-15 23:30","Brazil","Serie A Betano","2015","Coritiba","Gremio","2.79","3.20","2.81","1.08","6.80","1.52","2.50","2.71","1.53","5.20","1.15","9.50","1.02","2.04","1.78"
"26864","16-05-15 23:30","Brazil","Serie A Betano","2015","Goias","Athletico-PR","2.29","3.25","3.50","1.08","6.60","1.48","2.61","2.51","1.60","4.90","1.17","8.70","1.03","1.98","1.83"
"26865","10-05-15 23:30","Brazil","Serie A Betano","2015","Avai","Santos","3.55","3.35","2.22","1.05","7.80","1.36","3.08","2.20","1.75","3.95","1.24","6.80","1.07","1.83","1.97"
"26866","10-05-15 23:30","Brazil","Serie A Betano","2015","Vasco","Goias","1.66","3.85","6.10","1.07","7.00","1.41","2.86","2.28","1.70","4.45","1.20","7.80","1.05","2.15","1.70"
"26867","10-05-15 21:00","Brazil","Serie A Betano","2015","Athletico-PR","Internacional","2.31","3.30","3.40","1.05","7.50","1.39","2.95","2.24","1.72","4.20","1.22","7.30","1.06","1.87","1.93"
"26868","10-05-15 21:00","Brazil","Serie A Betano","2015","Cruzeiro","Corinthians","2.90","3.25","2.67","1.05","7.50","1.39","2.95","2.28","1.70","4.20","1.22","7.30","1.06","1.90","1.90"
"26869","10-05-15 21:00","Brazil","Serie A Betano","2015","Sao Paulo","Flamengo RJ","2.24","3.30","3.60","1.05","7.80","1.36","3.10","2.19","1.76","3.85","1.25","6.80","1.07","1.82","1.99"
"26870","10-05-15 21:00","Brazil","Serie A Betano","2015","Sport Recife","Figueirense","1.72","3.75","5.70","1.06","7.30","1.39","2.95","2.32","1.68","4.30","1.21","7.80","1.05","2.09","1.74"
"26871","10-05-15 16:00","Brazil","Serie A Betano","2015","Gremio","Ponte Preta","1.61","4.00","6.40","1.07","6.80","1.45","2.71","2.50","1.60","4.70","1.18","8.40","1.04","2.26","1.64"
"26872","10-05-15 02:00","Brazil","Serie A Betano","2015","Fluminense","Joinville","1.63","3.95","6.30","1.05","7.80","1.36","3.10","2.19","1.76","3.85","1.25","6.80","1.07","2.08","1.75"
"26873","09-05-15 23:30","Brazil","Serie A Betano","2015","Chapecoense-SC","Coritiba","2.32","3.08","3.70","1.07","7.00","1.41","2.86","2.37","1.66","4.45","1.20","7.80","1.05","1.98","1.83"
"26874","09-05-15 23:30","Brazil","Serie A Betano","2015","Palmeiras","Atletico-MG","1.60","3.20","5.80","1.05","7.50","1.39","2.95","2.29","1.70","4.20","1.22","7.30","1.06","2.09","1.74"