"id","matchDate","Country","League","Season","homeTeam","awayTeam","H","D","A","O05","U05","O15","U15","O25","U25","O35","U35","O45","U45","BTTSY","BTTSN"
"15300","17-05-25 21:00","France","Ligue 1","2024/2025","Lens","Monaco","2.70","3.91","2.47","1.01","22.00","1.14","6.00","1.41","3.00","2.13","1.80","3.43","1.34","1.38","3.04"
"15301","17-05-25 21:00","France","Ligue 1","2024/2025","Lille","Reims","1.40","4.86","9.21","1.05","11.00","1.23","4.33","1.82","2.10","2.86","1.45","5.41","1.17","2.04","1.78"
"15302","17-05-25 21:00","France","Ligue 1","2024/2025","Lyon","Angers","1.18","8.68","14.10","1.01","29.00","1.08","9.00","1.26","4.00","1.70","2.20","2.47","1.57","1.68","2.18"
"15303","17-05-25 21:00","France","Ligue 1","2024/2025","Marseille","Rennes","1.61","4.52","5.33","1.01","22.00","1.15","5.84","1.48","2.75","2.14","1.79","3.40","1.34","1.55","2.45"
"15304","17-05-25 21:00","France","Ligue 1","2024/2025","Nantes","Montpellier","1.59","4.45","5.64","1.05","11.00","1.29","3.75","1.90","2.00","3.24","1.37","6.00","1.14","1.98","1.83"
"15305","17-05-25 21:00","France","Ligue 1","2024/2025","Nice","Brest","1.54","4.61","6.14","1.01","20.00","1.16","5.50","1.48","2.75","2.24","1.73","3.79","1.29","1.62","2.31"
"15306","17-05-25 21:00","France","Ligue 1","2024/2025","PSG","Auxerre","1.14","10.00","20.00","1.01","29.00","1.08","8.84","1.24","4.24","1.59","2.43","2.30","1.65","1.83","1.98"
"15307","17-05-25 21:00","France","Ligue 1","2024/2025","St Etienne","Toulouse","2.37","3.91","2.83","1.02","17.00","1.19","5.00","1.61","2.38","2.47","1.57","4.48","1.22","1.52","2.54"
"15308","17-05-25 21:00","France","Ligue 1","2024/2025","Strasbourg","Le Havre","1.57","5.10","5.10","1.02","25.00","1.14","6.00","1.41","3.00","2.13","1.80","3.24","1.37","1.52","2.54"
"15309","10-05-25 21:00","France","Ligue 1","2024/2025","Angers","Strasbourg","4.43","3.83","1.84","1.05","11.00","1.29","3.75","1.90","2.00","3.24","1.37","6.00","1.14","1.72","2.12"
"15310","10-05-25 21:00","France","Ligue 1","2024/2025","Auxerre","Nantes","2.83","3.39","2.62","1.06","10.00","1.32","3.50","2.13","1.80","3.43","1.34","7.06","1.11","1.78","2.04"
"15311","10-05-25 21:00","France","Ligue 1","2024/2025","Brest","Lille","4.68","4.16","1.74","1.04","13.00","1.22","4.50","1.70","2.20","2.66","1.50","4.80","1.20","1.65","2.24"
"15312","10-05-25 21:00","France","Ligue 1","2024/2025","Le Havre","Marseille","5.71","4.67","1.56","1.03","15.00","1.22","4.50","1.65","2.30","2.66","1.50","4.80","1.20","1.78","2.04"
"15313","10-05-25 21:00","France","Ligue 1","2024/2025","Monaco","Lyon","1.86","4.31","3.86","1.01","26.00","1.13","6.32","1.42","2.98","1.98","1.92","3.13","1.38","1.38","3.04"
"15314","10-05-25 21:00","France","Ligue 1","2024/2025","Montpellier","PSG","6.35","5.85","1.43","1.01","26.00","1.10","7.29","1.30","3.65","1.83","2.09","2.75","1.48","1.46","2.73"
"15315","10-05-25 21:00","France","Ligue 1","2024/2025","Reims","St Etienne","2.15","3.69","3.38","1.05","11.00","1.26","4.00","1.82","2.10","2.86","1.45","5.41","1.17","1.65","2.25"
"15316","10-05-25 21:00","France","Ligue 1","2024/2025","Rennes","Nice","3.18","3.80","2.21","1.02","17.00","1.19","5.00","1.56","2.50","2.26","1.67","4.14","1.25","1.48","2.68"
"15317","10-05-25 21:00","France","Ligue 1","2024/2025","Toulouse","Lens","2.25","3.57","3.27","1.04","13.00","1.26","4.00","1.90","2.00","3.06","1.40","6.00","1.14","1.76","2.06"
"15318","04-05-25 20:45","France","Ligue 1","2024/2025","Lille","Marseille","2.44","3.38","3.08","1.05","11.60","1.25","4.21","1.82","2.10","2.91","1.43","5.71","1.15","1.65","2.24"
"15319","04-05-25 17:15","France","Ligue 1","2024/2025","Auxerre","Le Havre","2.50","3.54","2.86","1.04","13.00","1.23","4.33","1.82","2.10","2.86","1.45","5.41","1.17","1.57","2.41"
"15320","04-05-25 17:15","France","Ligue 1","2024/2025","Brest","Montpellier","1.40","5.38","7.69","1.02","17.00","1.19","5.00","1.61","2.38","2.47","1.57","4.48","1.22","1.83","1.98"
"15321","04-05-25 17:15","France","Ligue 1","2024/2025","Lyon","Lens","1.48","5.19","6.23","1.02","24.00","1.14","6.00","1.41","3.00","2.13","1.80","3.43","1.34","1.62","2.31"
"15322","04-05-25 15:00","France","Ligue 1","2024/2025","Nantes","Angers","1.99","3.46","4.18","1.09","8.00","1.37","3.20","2.24","1.73","4.14","1.25","8.45","1.09","1.98","1.83"
"15323","03-05-25 21:05","France","Ligue 1","2024/2025","St Etienne","Monaco","5.93","5.16","1.50","1.01","30.00","1.11","7.00","1.34","3.40","1.99","1.91","3.06","1.40","1.52","2.54"
"15324","03-05-25 19:00","France","Ligue 1","2024/2025","Toulouse","Rennes","2.21","3.58","3.35","1.04","13.00","1.23","4.33","1.82","2.10","2.86","1.45","5.41","1.17","1.65","2.25"
"15325","03-05-25 17:00","France","Ligue 1","2024/2025","Strasbourg","PSG","2.42","3.92","2.75","1.01","19.50","1.16","5.50","1.51","2.63","2.26","1.67","3.79","1.29","1.44","2.79"
"15326","02-05-25 20:45","France","Ligue 1","2024/2025","Nice","Reims","1.40","5.13","8.21","1.02","17.00","1.19","5.00","1.56","2.50","2.37","1.62","4.14","1.25","1.76","2.06"
"15327","27-04-25 20:45","France","Ligue 1","2024/2025","Marseille","Brest","1.40","5.38","7.69","1.01","20.00","1.16","5.50","1.51","2.63","2.26","1.67","3.79","1.29","1.72","2.12"
"15328","27-04-25 17:15","France","Ligue 1","2024/2025","Lens","Auxerre","1.59","4.31","5.90","1.03","15.00","1.22","4.50","1.65","2.30","2.57","1.54","4.48","1.22","1.70","2.15"
"15329","27-04-25 17:15","France","Ligue 1","2024/2025","Montpellier","Reims","4.43","3.68","1.88","1.04","13.00","1.23","4.33","1.82","2.10","2.86","1.45","5.41","1.17","1.70","2.15"
"15330","27-04-25 17:15","France","Ligue 1","2024/2025","Nantes","Toulouse","2.80","3.25","2.74","1.09","8.00","1.41","3.00","2.35","1.67","4.14","1.25","8.45","1.09","1.90","1.90"
"15331","27-04-25 15:00","France","Ligue 1","2024/2025","Angers","Lille","7.67","4.43","1.48","1.05","11.00","1.29","3.75","1.99","1.91","3.24","1.37","6.54","1.13","1.96","1.85"
"15332","26-04-25 21:05","France","Ligue 1","2024/2025","Lyon","Rennes","1.70","4.64","4.38","1.01","19.50","1.16","5.50","1.48","2.75","2.26","1.67","3.79","1.29","1.53","2.53"
"15333","26-04-25 19:00","France","Ligue 1","2024/2025","Le Havre","Monaco","7.63","5.34","1.41","1.02","18.50","1.19","5.00","1.51","2.63","2.37","1.62","4.14","1.25","1.72","2.12"
"15334","26-04-25 17:00","France","Ligue 1","2024/2025","Strasbourg","St Etienne","1.57","4.61","5.64","1.01","20.00","1.16","5.50","1.51","2.63","2.26","1.67","3.79","1.29","1.57","2.41"
"15335","25-04-25 20:45","France","Ligue 1","2024/2025","PSG","Nice","1.53","4.64","6.17","1.02","24.00","1.14","6.25","1.45","2.86","2.05","1.86","3.30","1.35","1.49","2.64"
"15336","22-04-25 20:45","France","Ligue 1","2024/2025","Nantes","PSG","7.12","5.60","1.41","1.01","22.00","1.16","5.50","1.48","2.75","2.24","1.73","3.67","1.30","1.65","2.24"
"15337","20-04-25 20:45","France","Ligue 1","2024/2025","St Etienne","Lyon","5.09","4.46","1.64","1.01","21.00","1.15","5.79","1.47","2.77","2.16","1.73","3.61","1.31","1.54","2.49"
"15338","20-04-25 17:15","France","Ligue 1","2024/2025","Brest","Lens","2.50","3.30","3.05","1.05","11.60","1.27","3.95","1.90","2.01","3.09","1.39","6.23","1.14","1.65","2.24"
"15339","20-04-25 17:15","France","Ligue 1","2024/2025","Nice","Angers","1.43","4.83","7.94","1.03","13.70","1.22","4.56","1.74","2.21","2.73","1.48","5.15","1.18","1.90","1.90"
"15340","20-04-25 17:15","France","Ligue 1","2024/2025","Reims","Toulouse","3.83","3.57","2.04","1.05","11.60","1.25","4.21","1.82","2.10","2.91","1.43","5.71","1.15","1.68","2.18"
"15341","20-04-25 15:00","France","Ligue 1","2024/2025","Lille","Auxerre","1.38","5.31","8.68","1.04","13.00","1.22","4.50","1.65","2.30","2.66","1.50","4.80","1.20","1.90","1.90"
"15342","19-04-25 21:05","France","Ligue 1","2024/2025","Marseille","Montpellier","1.16","9.59","15.20","1.01","29.00","1.10","7.62","1.35","3.34","2.00","1.90","3.02","1.41","1.90","1.90"
"15343","19-04-25 19:00","France","Ligue 1","2024/2025","Monaco","Strasbourg","1.53","4.85","5.89","1.01","22.00","1.13","6.32","1.44","2.90","2.14","1.80","3.27","1.36","1.57","2.41"
"15344","19-04-25 17:00","France","Ligue 1","2024/2025","PSG","Le Havre","1.21","8.17","12.80","1.01","25.00","1.07","9.47","1.25","4.21","1.64","2.32","2.45","1.58","1.68","2.18"
"15345","18-04-25 20:45","France","Ligue 1","2024/2025","Rennes","Nantes","1.78","3.78","4.85","1.05","11.60","1.27","3.95","1.90","2.01","3.09","1.39","6.23","1.14","1.76","2.06"
"15346","13-04-25 20:45","France","Ligue 1","2024/2025","Auxerre","Lyon","4.30","3.89","1.85","1.02","17.90","1.18","5.26","1.56","2.50","2.26","1.67","3.94","1.27","1.54","2.49"
"15347","13-04-25 17:15","France","Ligue 1","2024/2025","Angers","Montpellier","2.02","3.50","4.02","1.06","10.50","1.30","3.68","2.03","1.88","3.50","1.33","6.73","1.12","1.76","2.06"
"15348","13-04-25 17:15","France","Ligue 1","2024/2025","Le Havre","Rennes","4.02","3.50","2.02","1.06","10.50","1.30","3.68","1.90","2.01","3.27","1.36","6.73","1.12","1.72","2.12"
"15349","13-04-25 15:00","France","Ligue 1","2024/2025","St Etienne","Brest","3.81","3.76","1.99","1.03","15.00","1.22","4.50","1.65","2.30","2.57","1.54","4.48","1.22","1.57","2.42"
"15350","12-04-25 21:05","France","Ligue 1","2024/2025","Strasbourg","Nice","2.87","3.50","2.53","1.03","13.80","1.22","4.61","1.80","2.13","2.88","1.44","5.66","1.16","1.61","2.31"
"15351","12-04-25 19:00","France","Ligue 1","2024/2025","Toulouse","Lille","3.41","3.33","2.29","1.07","9.57","1.31","3.62","2.11","1.81","3.57","1.31","7.12","1.11","1.76","2.06"
"15352","12-04-25 17:00","France","Ligue 1","2024/2025","Monaco","Marseille","1.90","4.09","3.83","1.01","21.00","1.15","5.85","1.43","2.93","2.11","1.81","3.57","1.31","1.44","2.79"
"15353","11-04-25 20:45","France","Ligue 1","2024/2025","Lens","Reims","1.62","4.01","6.17","1.06","10.50","1.29","3.81","1.90","2.00","3.02","1.41","5.70","1.16","1.76","2.06"
"15354","06-04-25 20:45","France","Ligue 1","2024/2025","Marseille","Toulouse","1.75","4.11","4.63","1.02","15.80","1.22","4.56","1.64","2.32","2.73","1.48","5.15","1.18","1.68","2.18"
"15355","06-04-25 17:15","France","Ligue 1","2024/2025","Montpellier","Le Havre","2.55","3.37","2.93","1.05","11.00","1.29","3.75","1.99","1.91","3.43","1.34","6.54","1.13","1.74","2.10"
"15356","06-04-25 17:15","France","Ligue 1","2024/2025","Reims","Strasbourg","3.33","3.66","2.19","1.05","11.00","1.29","3.75","1.99","1.91","3.24","1.37","6.54","1.13","1.78","2.04"
"15357","06-04-25 17:15","France","Ligue 1","2024/2025","Rennes","Auxerre","1.91","3.68","4.26","1.04","13.00","1.23","4.33","1.82","2.10","2.86","1.45","5.41","1.17","1.70","2.15"
"15358","06-04-25 15:00","France","Ligue 1","2024/2025","Lens","St Etienne","1.61","4.19","5.88","1.02","17.90","1.18","5.26","1.56","2.50","2.26","1.67","3.94","1.27","1.62","2.30"
"15359","05-04-25 21:05","France","Ligue 1","2024/2025","Lyon","Lille","2.26","3.61","3.23","1.03","13.70","1.25","4.21","1.82","2.10","2.91","1.43","5.71","1.15","1.60","2.34"
"15360","05-04-25 19:00","France","Ligue 1","2024/2025","Brest","Monaco","4.63","3.86","1.80","1.02","17.00","1.19","5.00","1.61","2.38","2.37","1.62","4.14","1.25","1.53","2.53"
"15361","05-04-25 17:00","France","Ligue 1","2024/2025","PSG","Angers","1.14","9.53","21.00","1.01","26.00","1.07","9.47","1.25","4.21","1.64","2.32","2.45","1.58","1.90","1.90"
"15362","04-04-25 20:45","France","Ligue 1","2024/2025","Nice","Nantes","1.52","4.30","7.17","1.03","13.70","1.22","4.56","1.74","2.21","2.73","1.48","5.15","1.18","1.76","2.06"
"15363","30-03-25 20:45","France","Ligue 1","2024/2025","Lille","Lens","2.01","3.39","4.21","1.09","8.42","1.34","3.37","2.14","1.80","3.94","1.27","8.05","1.09","1.90","1.90"
"15364","30-03-25 17:15","France","Ligue 1","2024/2025","Angers","Rennes","4.06","3.49","2.01","1.06","10.00","1.32","3.50","2.13","1.80","3.67","1.30","7.06","1.11","1.83","1.98"
"15365","30-03-25 17:15","France","Ligue 1","2024/2025","Auxerre","Montpellier","1.83","3.88","4.42","1.04","13.00","1.23","4.33","1.82","2.10","2.86","1.45","5.41","1.17","1.70","2.15"
"15366","30-03-25 17:15","France","Ligue 1","2024/2025","Le Havre","Nantes","3.23","3.20","2.45","1.02","9.00","1.37","3.20","2.35","1.67","4.14","1.25","8.45","1.09","1.83","1.98"
"15367","30-03-25 15:00","France","Ligue 1","2024/2025","Toulouse","Brest","2.10","3.49","3.75","1.07","9.47","1.31","3.58","2.03","1.88","3.61","1.31","7.18","1.11","1.83","1.98"
"15368","29-03-25 21:05","France","Ligue 1","2024/2025","Monaco","Nice","1.84","3.98","4.25","1.02","15.80","1.21","4.74","1.59","2.42","2.45","1.58","4.57","1.22","1.55","2.46"
"15369","29-03-25 19:00","France","Ligue 1","2024/2025","St Etienne","PSG","12.30","7.00","1.24","1.01","29.00","1.08","9.00","1.26","4.00","1.65","2.30","2.47","1.57","1.62","2.31"
"15370","29-03-25 17:00","France","Ligue 1","2024/2025","Reims","Marseille","5.12","4.14","1.69","1.04","13.00","1.26","4.00","1.90","2.00","3.06","1.40","6.00","1.14","1.76","2.06"
"15371","28-03-25 20:45","France","Ligue 1","2024/2025","Strasbourg","Lyon","2.74","3.71","2.53","1.02","15.80","1.21","4.74","1.64","2.32","2.54","1.54","4.57","1.22","1.57","2.41"
"15372","16-03-25 20:45","France","Ligue 1","2024/2025","PSG","Marseille","1.37","5.79","8.70","1.01","20.00","1.10","5.10","1.44","2.54","2.26","1.75","3.46","1.25","1.72","2.07"
"15373","16-03-25 17:15","France","Ligue 1","2024/2025","Brest","Reims","1.68","3.87","5.64","1.07","9.47","1.31","3.58","2.03","1.88","3.50","1.33","7.18","1.11","1.90","1.90"
"15374","16-03-25 17:15","France","Ligue 1","2024/2025","Montpellier","St Etienne","2.33","3.48","3.19","1.03","15.00","1.22","4.50","1.70","2.20","2.66","1.50","4.80","1.20","1.57","2.42"
"15375","16-03-25 17:15","France","Ligue 1","2024/2025","Strasbourg","Toulouse","2.59","3.28","2.94","1.07","9.47","1.31","3.58","2.14","1.80","3.61","1.31","7.18","1.11","1.76","2.06"
"15376","16-03-25 15:00","France","Ligue 1","2024/2025","Lyon","Le Havre","1.30","6.63","9.19","1.01","22.00","1.16","5.50","1.48","2.75","2.24","1.73","3.67","1.30","1.83","1.98"
"15377","15-03-25 21:05","France","Ligue 1","2024/2025","Lens","Rennes","2.10","3.49","3.75","1.07","9.47","1.31","3.58","2.03","1.88","3.50","1.33","7.18","1.11","1.76","2.06"
"15378","15-03-25 19:00","France","Ligue 1","2024/2025","Angers","Monaco","7.40","5.13","1.43","1.02","17.90","1.18","5.26","1.47","2.77","2.26","1.67","3.94","1.27","1.70","2.15"
"15379","15-03-25 17:00","France","Ligue 1","2024/2025","Nantes","Lille","4.54","3.37","1.94","1.07","9.47","1.31","3.58","2.14","1.80","3.61","1.31","7.18","1.11","1.83","1.98"
"15380","14-03-25 20:45","France","Ligue 1","2024/2025","Nice","Auxerre","1.59","4.30","5.87","1.04","13.00","1.26","4.00","1.82","2.10","2.86","1.45","5.41","1.17","1.76","2.06"
"15381","09-03-25 20:45","France","Ligue 1","2024/2025","Nice","Lyon","2.23","3.61","3.28","1.03","13.80","1.22","4.61","1.73","2.23","2.70","1.49","5.11","1.18","1.60","2.34"
"15382","09-03-25 17:15","France","Ligue 1","2024/2025","Le Havre","St Etienne","2.28","3.47","3.30","1.05","11.00","1.29","3.75","1.99","1.91","3.24","1.37","6.54","1.13","1.68","2.18"
"15383","09-03-25 17:15","France","Ligue 1","2024/2025","Nantes","Strasbourg","3.10","3.50","2.37","1.04","13.00","1.26","4.00","1.90","2.00","3.06","1.40","6.00","1.14","1.65","2.24"
"15384","09-03-25 17:15","France","Ligue 1","2024/2025","Reims","Auxerre","2.46","3.37","3.06","1.06","10.00","1.32","3.50","2.13","1.80","3.67","1.30","7.06","1.11","1.72","2.12"
"15385","09-03-25 15:00","France","Ligue 1","2024/2025","Brest","Angers","1.74","3.91","5.43","1.01","8.40","1.27","3.32","2.00","1.94","3.13","1.30","5.75","1.07","1.87","1.89"
"15386","08-03-25 21:05","France","Ligue 1","2024/2025","Marseille","Lens","1.57","4.47","5.95","1.04","13.00","1.23","4.33","1.70","2.20","2.66","1.50","4.80","1.20","1.83","1.98"
"15387","08-03-25 19:00","France","Ligue 1","2024/2025","Lille","Montpellier","1.46","4.67","7.56","1.04","13.00","1.23","4.33","1.70","2.20","2.66","1.50","4.80","1.20","1.76","2.06"
"15388","08-03-25 17:00","France","Ligue 1","2024/2025","Rennes","PSG","4.82","4.32","1.69","1.02","18.50","1.16","5.50","1.51","2.63","2.26","1.67","3.79","1.29","1.53","2.53"
"15389","07-03-25 20:45","France","Ligue 1","2024/2025","Toulouse","Monaco","3.43","3.50","2.21","1.05","11.60","1.25","4.21","1.82","2.10","2.91","1.43","5.15","1.18","1.60","2.34"
"15390","02-03-25 20:45","France","Ligue 1","2024/2025","Marseille","Nantes","1.36","5.64","8.55","1.02","17.90","1.18","5.26","1.56","2.50","2.35","1.63","4.26","1.24","1.83","1.98"
"15391","02-03-25 17:15","France","Ligue 1","2024/2025","Angers","Toulouse","3.88","3.38","2.10","1.09","8.00","1.48","2.75","2.37","1.62","4.48","1.22","9.26","1.07","1.96","1.85"
"15392","02-03-25 17:15","France","Ligue 1","2024/2025","Auxerre","Strasbourg","3.18","3.46","2.34","1.05","11.60","1.27","3.95","1.90","2.01","3.09","1.39","6.23","1.14","1.65","2.24"
"15393","02-03-25 17:15","France","Ligue 1","2024/2025","Montpellier","Rennes","3.99","3.57","2.00","1.06","10.00","1.32","3.50","1.99","1.91","3.43","1.34","7.06","1.11","1.72","2.12"
"15394","02-03-25 15:00","France","Ligue 1","2024/2025","Lyon","Brest","1.74","4.04","4.85","1.02","15.80","1.21","4.74","1.59","2.42","2.45","1.58","4.57","1.22","1.60","2.34"
"15395","01-03-25 21:05","France","Ligue 1","2024/2025","PSG","Lille","1.36","5.41","9.12","1.02","17.90","1.18","5.26","1.56","2.50","2.35","1.63","4.26","1.24","1.83","1.98"
"15396","01-03-25 19:00","France","Ligue 1","2024/2025","Lens","Le Havre","1.45","4.87","7.40","1.05","11.00","1.29","3.75","1.90","2.00","3.24","1.37","6.00","1.14","2.02","1.80"
"15397","01-03-25 17:00","France","Ligue 1","2024/2025","St Etienne","Nice","5.30","4.18","1.66","1.02","15.80","1.21","4.74","1.59","2.42","2.54","1.54","4.57","1.22","1.67","2.20"
"15398","28-02-25 20:45","France","Ligue 1","2024/2025","Monaco","Reims","1.39","5.13","8.55","1.01","21.00","1.16","5.50","1.48","2.75","2.24","1.73","3.79","1.29","1.65","2.24"
"15399","23-02-25 20:45","France","Ligue 1","2024/2025","Lyon","PSG","5.95","4.67","1.54","1.01","22.00","1.13","6.32","1.38","3.16","2.03","1.88","3.27","1.36","1.49","2.64"
"15400","23-02-25 17:15","France","Ligue 1","2024/2025","Le Havre","Toulouse","3.56","3.50","2.16","1.09","8.00","1.41","3.00","2.26","1.67","4.48","1.22","9.26","1.07","1.90","1.90"
"15401","23-02-25 17:15","France","Ligue 1","2024/2025","Nice","Montpellier","1.36","5.36","9.18","1.03","15.00","1.19","5.00","1.61","2.38","2.47","1.57","4.48","1.22","1.83","1.98"
"15402","23-02-25 17:15","France","Ligue 1","2024/2025","Strasbourg","Brest","2.26","3.48","3.34","1.06","10.50","1.31","3.58","2.03","1.88","3.50","1.33","7.18","1.11","1.76","2.06"
"15403","23-02-25 15:00","France","Ligue 1","2024/2025","Nantes","Lens","3.73","3.38","2.14","1.07","9.47","1.34","3.37","2.14","1.80","3.94","1.27","8.05","1.09","1.86","1.95"
"15404","22-02-25 21:05","France","Ligue 1","2024/2025","Auxerre","Marseille","5.88","4.45","1.57","1.02","15.80","1.21","4.74","1.59","2.42","2.54","1.54","4.57","1.22","1.68","2.18"
"15405","22-02-25 19:00","France","Ligue 1","2024/2025","St Etienne","Angers","2.50","3.46","2.93","1.06","10.50","1.27","3.95","1.90","2.01","3.09","1.39","6.23","1.14","1.68","2.18"
"15406","22-02-25 17:00","France","Ligue 1","2024/2025","Lille","Monaco","2.37","3.70","2.96","1.02","15.80","1.22","4.56","1.64","2.32","2.73","1.48","5.15","1.18","1.57","2.41"
"15407","21-02-25 20:45","France","Ligue 1","2024/2025","Rennes","Reims","2.18","3.47","3.51","1.07","9.47","1.31","3.58","2.03","1.88","3.50","1.33","6.73","1.12","1.76","2.06"
"15408","16-02-25 20:45","France","Ligue 1","2024/2025","Rennes","Lille","3.17","3.17","2.50","1.09","8.42","1.38","3.16","2.24","1.73","4.26","1.24","8.82","1.08","1.83","1.98"
"15409","16-02-25 17:15","France","Ligue 1","2024/2025","Le Havre","Nice","5.64","4.10","1.64","1.04","13.00","1.23","4.33","1.82","2.10","2.86","1.45","5.41","1.17","1.72","2.12"
"15410","16-02-25 17:15","France","Ligue 1","2024/2025","Lens","Strasbourg","1.85","3.80","4.39","1.04","13.00","1.26","4.00","1.82","2.10","2.86","1.45","5.41","1.17","1.65","2.24"
"15411","16-02-25 17:15","France","Ligue 1","2024/2025","Reims","Angers","1.93","3.51","4.41","1.09","8.42","1.38","3.16","2.16","1.73","4.26","1.24","8.82","1.08","1.96","1.85"
"15412","16-02-25 15:00","France","Ligue 1","2024/2025","Montpellier","Lyon","5.33","4.86","1.57","1.01","21.00","1.16","5.50","1.48","2.75","2.24","1.73","3.67","1.30","1.57","2.42"
"15413","15-02-25 21:05","France","Ligue 1","2024/2025","Toulouse","PSG","5.94","4.45","1.57","1.02","17.90","1.21","4.74","1.56","2.50","2.45","1.58","4.26","1.24","1.65","2.24"
"15414","15-02-25 19:00","France","Ligue 1","2024/2025","Monaco","Nantes","1.52","4.61","6.40","1.03","15.00","1.22","4.50","1.61","2.38","2.57","1.54","4.48","1.22","1.68","2.18"
"15415","15-02-25 17:00","France","Ligue 1","2024/2025","Marseille","St Etienne","1.25","7.48","10.30","1.01","27.00","1.13","6.50","1.37","3.20","1.99","1.91","3.24","1.37","1.83","1.98"
"15416","14-02-25 20:45","France","Ligue 1","2024/2025","Brest","Auxerre","2.17","3.34","3.69","1.06","10.00","1.29","3.75","1.99","1.91","3.43","1.34","6.54","1.13","1.68","2.18"
"15417","09-02-25 20:45","France","Ligue 1","2024/2025","Angers","Marseille","5.87","4.30","1.59","1.03","13.70","1.22","4.56","1.74","2.21","2.73","1.48","5.15","1.18","1.74","2.09"
"15418","09-02-25 17:15","France","Ligue 1","2024/2025","Auxerre","Toulouse","3.09","3.32","2.47","1.07","9.47","1.31","3.58","2.14","1.80","3.61","1.31","7.18","1.11","1.76","2.06"
"15419","09-02-25 17:15","France","Ligue 1","2024/2025","Strasbourg","Montpellier","1.65","4.25","5.27","1.02","15.80","1.22","4.56","1.64","2.32","2.54","1.54","4.57","1.22","1.68","2.18"
"15420","09-02-25 15:00","France","Ligue 1","2024/2025","Lyon","Reims","1.52","4.61","6.40","1.02","17.00","1.22","4.50","1.61","2.38","2.57","1.54","4.48","1.22","1.68","2.18"
"15421","08-02-25 21:05","France","Ligue 1","2024/2025","St Etienne","Rennes","3.20","3.58","2.28","1.05","11.60","1.27","3.95","1.82","2.10","3.09","1.39","5.71","1.15","1.67","2.20"
"15422","08-02-25 19:00","France","Ligue 1","2024/2025","Lille","Le Havre","1.24","6.69","13.40","1.02","15.80","1.18","5.26","1.56","2.50","2.35","1.63","4.26","1.24","2.10","1.74"
"15423","08-02-25 17:00","France","Ligue 1","2024/2025","Nice","Lens","2.42","3.46","3.05","1.04","13.00","1.23","4.33","1.82","2.10","2.86","1.45","5.41","1.17","1.57","2.41"
"15424","07-02-25 21:05","France","Ligue 1","2024/2025","PSG","Monaco","1.45","5.62","6.13","1.01","26.00","1.09","8.42","1.27","3.95","1.74","2.21","2.54","1.54","1.44","2.79"
"15425","07-02-25 19:00","France","Ligue 1","2024/2025","Nantes","Brest","2.67","3.18","2.93","1.09","8.42","1.38","3.16","2.24","1.73","3.94","1.27","8.05","1.09","1.83","1.98"
"15426","02-02-25 20:45","France","Ligue 1","2024/2025","Marseille","Lyon","2.05","3.81","3.58","","","1.22","4.56","1.64","2.32","2.73","1.48","5.15","1.18","1.60","2.34"
"15427","02-02-25 17:15","France","Ligue 1","2024/2025","Angers","Le Havre","1.83","3.61","4.83","1.10","7.37","1.44","2.90","2.26","1.67","4.26","1.24","8.82","1.08","2.02","1.80"
"15428","02-02-25 17:15","France","Ligue 1","2024/2025","Reims","Nantes","2.20","3.33","3.63","1.10","7.62","1.45","2.86","2.38","1.61","4.71","1.21","9.75","1.06","1.90","1.90"
"15429","02-02-25 17:15","France","Ligue 1","2024/2025","Rennes","Strasbourg","2.06","3.54","3.79","1.07","9.47","1.31","3.58","2.03","1.88","3.50","1.33","7.18","1.11","1.76","2.06"
"15430","02-02-25 15:00","France","Ligue 1","2024/2025","Toulouse","Nice","3.19","3.37","2.38","1.01","8.50","1.26","3.40","1.99","1.91","3.02","1.32","5.45","1.08","1.67","2.15"
"15431","01-02-25 21:05","France","Ligue 1","2024/2025","Lille","St Etienne","1.52","4.30","7.17","1.04","13.00","1.26","4.00","1.82","2.10","2.86","1.45","5.41","1.17","1.83","1.98"
"15432","01-02-25 19:00","France","Ligue 1","2024/2025","Monaco","Auxerre","1.43","5.45","7.65","1.02","24.00","1.09","5.30","1.41","2.64","2.18","1.80","3.25","1.28","1.63","2.22"
"15433","01-02-25 17:00","France","Ligue 1","2024/2025","Brest","PSG","8.80","5.94","1.36","1.01","21.00","1.09","5.35","1.40","2.67","2.17","1.81","3.25","1.28","1.69","2.11"
"15434","31-01-25 20:45","France","Ligue 1","2024/2025","Montpellier","Lens","4.21","3.74","1.90","1.03","13.70","1.22","4.56","1.74","2.21","2.73","1.48","5.15","1.18","1.65","2.24"
"15435","26-01-25 20:45","France","Ligue 1","2024/2025","Nice","Marseille","2.77","3.45","2.63","1.05","11.60","1.27","3.95","1.90","2.01","3.09","1.39","6.23","1.14","1.65","2.24"
"15436","26-01-25 17:15","France","Ligue 1","2024/2025","Lens","Angers","1.54","4.31","6.67","1.06","10.50","1.29","3.81","2.00","1.90","3.22","1.37","6.31","1.13","1.90","1.90"
"15437","26-01-25 17:15","France","Ligue 1","2024/2025","Nantes","Lyon","4.19","3.78","1.90","1.04","12.40","1.29","3.81","2.00","1.90","3.22","1.37","6.31","1.13","1.68","2.18"
"15438","26-01-25 17:15","France","Ligue 1","2024/2025","Toulouse","Montpellier","1.74","3.92","4.96","1.03","13.70","1.25","4.21","1.82","2.10","2.91","1.43","5.71","1.15","1.72","2.12"
"15439","26-01-25 15:00","France","Ligue 1","2024/2025","Le Havre","Brest","3.52","3.33","2.24","1.07","9.47","1.34","3.37","2.14","1.80","3.94","1.27","8.05","1.09","1.83","1.98"
"15440","25-01-25 21:05","France","Ligue 1","2024/2025","PSG","Reims","1.22","8.76","10.30","1.01","29.00","1.08","9.00","1.23","4.33","1.65","2.30","2.37","1.62","1.60","2.34"
"15441","25-01-25 19:00","France","Ligue 1","2024/2025","Strasbourg","Lille","3.09","3.32","2.47","1.07","9.47","1.31","3.58","2.03","1.88","3.50","1.33","7.18","1.11","1.72","2.12"
"15442","25-01-25 17:00","France","Ligue 1","2024/2025","Monaco","Rennes","1.72","3.84","5.33","1.05","11.60","1.27","3.95","1.90","2.01","3.09","1.39","6.23","1.14","1.76","2.06"
"15443","24-01-25 20:45","France","Ligue 1","2024/2025","Auxerre","St Etienne","1.96","3.69","4.00","1.05","11.70","1.26","3.99","1.88","2.03","3.24","1.37","6.17","1.14","1.72","2.12"
"15444","19-01-25 20:45","France","Ligue 1","2024/2025","Marseille","Strasbourg","1.62","4.58","5.14","1.02","17.80","1.21","4.71","1.60","2.41","2.46","1.58","4.59","1.22","1.65","2.24"
"15445","19-01-25 17:15","France","Ligue 1","2024/2025","Angers","Auxerre","2.27","3.30","3.48","1.07","9.42","1.31","3.56","2.04","1.87","3.51","1.32","7.22","1.11","1.76","2.06"
"15446","19-01-25 17:15","France","Ligue 1","2024/2025","Reims","Le Havre","1.67","3.98","5.56","1.05","11.50","1.30","3.66","2.04","1.87","3.51","1.32","6.76","1.12","1.90","1.90"
"15447","19-01-25 15:00","France","Ligue 1","2024/2025","St Etienne","Nantes","2.97","3.38","2.51","1.06","10.50","1.31","3.56","2.04","1.87","3.62","1.30","7.22","1.11","1.76","2.06"
"15448","18-01-25 21:05","France","Ligue 1","2024/2025","Lyon","Toulouse","1.82","3.99","4.35","1.02","15.70","1.22","4.54","1.75","2.20","2.74","1.48","5.18","1.18","1.65","2.24"
"15449","18-01-25 19:00","France","Ligue 1","2024/2025","Rennes","Brest","2.04","3.52","4.14","1.04","7.40","1.40","2.79","2.35","1.70","4.10","1.21","7.80","1.03","1.98","1.79"
"15450","18-01-25 17:00","France","Ligue 1","2024/2025","Lens","PSG","3.98","4.19","1.90","1.03","19.00","1.12","5.00","1.50","2.47","2.39","1.68","3.85","1.23","1.48","2.57"
"15451","17-01-25 21:05","France","Ligue 1","2024/2025","Lille","Nice","1.93","3.60","4.26","1.06","10.50","1.30","3.66","2.04","1.87","3.29","1.36","6.76","1.12","1.75","2.07"
"15452","17-01-25 19:00","France","Ligue 1","2024/2025","Montpellier","Monaco","5.33","4.44","1.62","1.01","19.50","1.13","4.80","1.47","2.55","2.27","1.74","3.52","1.27","1.53","2.53"
"15453","12-01-25 20:45","France","Ligue 1","2024/2025","PSG","St Etienne","1.11","11.50","22.00","1.01","34.00","1.06","10.00","1.22","4.50","1.56","2.50","2.26","1.67","1.83","1.98"
"15454","12-01-25 17:15","France","Ligue 1","2024/2025","Montpellier","Angers","2.05","3.57","3.80","1.06","10.50","1.31","3.56","2.04","1.87","3.51","1.32","7.22","1.11","1.76","2.06"
"15455","12-01-25 17:15","France","Ligue 1","2024/2025","Toulouse","Strasbourg","1.99","3.69","3.87","1.05","11.00","1.26","4.00","1.90","2.00","3.06","1.40","6.00","1.14","1.68","2.18"
"15456","12-01-25 15:00","France","Ligue 1","2024/2025","Le Havre","Lens","5.94","4.20","1.60","1.06","10.00","1.29","3.75","1.99","1.91","3.43","1.34","6.54","1.13","1.90","1.90"
"15457","11-01-25 21:05","France","Ligue 1","2024/2025","Rennes","Marseille","3.49","3.28","2.28","1.07","9.42","1.31","3.56","2.04","1.87","3.51","1.32","7.22","1.11","1.76","2.06"
"15458","11-01-25 19:00","France","Ligue 1","2024/2025","Reims","Nice","2.98","3.39","2.50","1.05","11.50","1.27","3.93","1.91","2.00","3.10","1.39","6.26","1.14","1.68","2.18"
"15459","11-01-25 17:00","France","Ligue 1","2024/2025","Brest","Lyon","3.70","3.67","2.05","1.03","13.60","1.25","4.19","1.83","2.10","2.93","1.43","5.74","1.15","1.65","2.24"
"15460","10-01-25 21:05","France","Ligue 1","2024/2025","Auxerre","Lille","5.09","3.77","1.76","1.06","10.00","1.32","3.50","1.99","1.91","3.43","1.34","6.54","1.13","1.83","1.98"
"15461","10-01-25 19:00","France","Ligue 1","2024/2025","Nantes","Monaco","3.84","3.31","2.14","1.07","9.57","1.34","3.41","2.11","1.81","3.90","1.28","7.97","1.09","1.81","2.00"
"15462","05-01-25 20:45","France","Ligue 1","2024/2025","Marseille","Le Havre","1.32","5.74","10.40","1.05","11.60","1.24","4.23","1.74","2.22","2.90","1.44","5.13","1.18","2.16","1.70"
"15463","05-01-25 15:00","France","Ligue 1","2024/2025","Angers","Brest","3.46","3.28","2.29","1.10","7.33","1.44","2.88","2.36","1.62","4.59","1.22","9.56","1.07","1.96","1.85"
"15464","05-01-25 15:00","France","Ligue 1","2024/2025","Lens","Toulouse","1.96","3.58","4.16","1.05","11.00","1.29","3.75","1.99","1.91","3.43","1.34","6.54","1.13","1.72","2.12"
"15465","05-01-25 15:00","France","Ligue 1","2024/2025","Strasbourg","Auxerre","1.88","3.99","4.06","1.02","15.70","1.21","4.71","1.60","2.41","2.46","1.58","4.59","1.22","1.59","2.37"
"15466","04-01-25 21:00","France","Ligue 1","2024/2025","Lyon","Montpellier","1.38","5.59","7.90","1.02","27.00","1.10","7.37","1.31","3.58","1.90","2.01","2.91","1.43","1.57","2.41"
"15467","04-01-25 19:00","France","Ligue 1","2024/2025","Lille","Nantes","1.54","4.47","6.42","1.06","10.50","1.30","3.66","1.91","2.00","3.29","1.36","6.76","1.12","2.01","1.81"
"15468","04-01-25 17:00","France","Ligue 1","2024/2025","St Etienne","Reims","3.71","3.49","2.11","1.05","11.00","1.26","4.00","1.90","2.00","3.24","1.37","6.00","1.14","1.65","2.24"
"15469","03-01-25 21:00","France","Ligue 1","2024/2025","Nice","Rennes","2.34","3.25","3.38","1.08","9.00","1.37","3.20","2.24","1.73","3.79","1.29","7.54","1.10","1.76","2.06"
"15470","18-12-24 21:00","France","Ligue 1","2024/2025","Monaco","PSG","4.62","4.00","1.77","1.02","17.90","1.18","5.26","1.51","2.63","2.26","1.67","3.94","1.27","1.53","2.53"
"15471","15-12-24 20:45","France","Ligue 1","2024/2025","PSG","Lyon","1.42","5.64","6.78","1.02","27.00","1.13","6.50","1.37","3.20","1.99","1.91","3.06","1.40","1.57","2.41"
"15472","15-12-24 17:00","France","Ligue 1","2024/2025","Brest","Nantes","2.24","3.26","3.59","1.10","7.33","1.48","2.75","2.46","1.58","5.18","1.18","10.70","1.06","2.06","1.76"
"15473","15-12-24 17:00","France","Ligue 1","2024/2025","Le Havre","Strasbourg","3.50","3.30","2.26","1.07","9.42","1.31","3.56","2.14","1.79","3.62","1.30","7.22","1.11","1.76","2.06"
"15474","15-12-24 17:00","France","Ligue 1","2024/2025","Rennes","Angers","1.66","3.95","5.77","1.07","9.42","1.31","3.56","2.14","1.79","3.62","1.30","7.22","1.11","1.96","1.85"
"15475","15-12-24 15:00","France","Ligue 1","2024/2025","Montpellier","Nice","2.87","3.85","2.37","1.02","17.80","1.18","5.24","1.57","2.49","2.36","1.62","4.28","1.24","1.49","2.64"
"15476","14-12-24 21:00","France","Ligue 1","2024/2025","Reims","Monaco","3.40","3.46","2.23","1.06","10.50","1.28","3.83","1.99","1.91","3.20","1.37","6.28","1.14","1.65","2.24"
"15477","14-12-24 19:00","France","Ligue 1","2024/2025","Auxerre","Lens","4.58","3.97","1.78","1.03","13.60","1.25","4.19","1.83","2.10","2.93","1.43","5.74","1.15","1.72","2.12"
"15478","14-12-24 17:00","France","Ligue 1","2024/2025","Marseille","Lille","2.09","3.57","3.67","1.05","11.50","1.27","3.93","1.91","2.00","3.29","1.36","6.26","1.14","1.72","2.12"
"15479","13-12-24 20:45","France","Ligue 1","2024/2025","Toulouse","St Etienne","1.48","4.57","7.37","1.05","11.00","1.26","4.00","1.90","2.00","3.06","1.40","6.00","1.14","1.90","1.90"
"15480","08-12-24 20:45","France","Ligue 1","2024/2025","St Etienne","Marseille","6.41","4.31","1.56","1.03","13.60","1.22","4.54","1.75","2.20","2.74","1.48","5.18","1.18","1.72","2.12"
"15481","08-12-24 17:00","France","Ligue 1","2024/2025","Nantes","Rennes","3.42","3.05","2.44","1.13","6.62","1.48","2.75","2.40","1.60","4.92","1.19","10.60","1.05","1.98","1.83"
"15482","08-12-24 17:00","France","Ligue 1","2024/2025","Strasbourg","Reims","2.54","3.34","2.98","1.05","11.50","1.25","4.19","1.83","2.10","2.93","1.43","5.74","1.15","1.62","2.30"
"15483","08-12-24 15:00","France","Ligue 1","2024/2025","Lens","Montpellier","1.43","4.87","7.98","1.04","13.00","1.23","4.33","1.70","2.20","2.86","1.45","5.41","1.17","1.98","1.83"
"15484","07-12-24 21:00","France","Ligue 1","2024/2025","Angers","Lyon","5.56","4.19","1.63","1.02","15.70","1.21","4.71","1.60","2.41","2.46","1.58","4.28","1.24","1.62","2.30"
"15485","07-12-24 19:00","France","Ligue 1","2024/2025","Nice","Le Havre","1.62","3.91","6.42","1.05","11.00","1.29","3.75","1.99","1.91","3.24","1.37","6.54","1.13","1.90","1.90"
"15486","07-12-24 17:00","France","Ligue 1","2024/2025","Monaco","Toulouse","1.87","3.85","4.25","1.04","13.00","1.23","4.33","1.82","2.10","2.86","1.45","5.41","1.17","1.65","2.24"
"15487","06-12-24 21:00","France","Ligue 1","2024/2025","Auxerre","PSG","10.50","6.06","1.30","1.01","22.00","1.14","6.28","1.38","3.14","2.04","1.87","3.29","1.36","1.76","2.06"
"15488","06-12-24 19:00","France","Ligue 1","2024/2025","Lille","Brest","1.69","3.67","6.08","1.07","9.47","1.31","3.58","2.03","1.88","3.50","1.33","6.73","1.12","1.90","1.90"
"15489","01-12-24 20:45","France","Ligue 1","2024/2025","Marseille","Monaco","2.71","3.41","2.71","1.02","15.90","1.20","4.76","1.74","2.22","2.72","1.49","5.13","1.18","1.57","2.41"
"15490","01-12-24 17:00","France","Ligue 1","2024/2025","Le Havre","Angers","2.37","3.14","3.46","1.11","7.00","1.48","2.75","2.47","1.57","4.48","1.22","9.99","1.06","1.98","1.83"
"15491","01-12-24 17:00","France","Ligue 1","2024/2025","Lyon","Nice","1.73","4.27","4.58","1.02","18.50","1.19","5.00","1.56","2.50","2.37","1.62","4.14","1.25","1.57","2.42"
"15492","01-12-24 17:00","France","Ligue 1","2024/2025","Toulouse","Auxerre","1.71","3.80","5.45","1.05","11.50","1.25","4.19","1.83","2.10","2.93","1.43","5.18","1.18","1.75","2.09"
"15493","01-12-24 15:00","France","Ligue 1","2024/2025","Montpellier","Lille","5.10","3.62","1.79","1.05","11.00","1.26","4.00","1.90","2.00","3.06","1.40","6.00","1.14","1.72","2.12"
"15494","30-11-24 21:00","France","Ligue 1","2024/2025","PSG","Nantes","1.19","8.06","15.50","1.01","22.00","1.15","5.76","1.44","2.88","2.14","1.79","3.51","1.32","2.06","1.76"
"15495","30-11-24 19:00","France","Ligue 1","2024/2025","Brest","Strasbourg","2.11","3.49","3.71","1.06","10.50","1.30","3.66","1.91","2.00","3.29","1.36","6.76","1.12","1.72","2.12"
"15496","30-11-24 17:00","France","Ligue 1","2024/2025","Rennes","St Etienne","1.59","4.45","5.64","1.06","10.50","1.30","3.66","1.91","2.00","3.51","1.32","6.76","1.12","1.96","1.85"
"15497","29-11-24 20:45","France","Ligue 1","2024/2025","Reims","Lens","3.26","3.46","2.30","1.06","10.00","1.32","3.50","1.99","1.91","3.43","1.34","7.06","1.11","1.68","2.18"
"15498","24-11-24 20:45","France","Ligue 1","2024/2025","Nice","Strasbourg","1.77","3.86","4.82","1.04","13.00","1.23","4.33","1.70","2.20","2.86","1.45","5.41","1.17","1.60","2.34"
"15499","24-11-24 17:00","France","Ligue 1","2024/2025","Auxerre","Angers","1.77","3.69","5.13","1.05","11.50","1.25","4.19","1.83","2.10","2.93","1.43","5.74","1.15","1.72","2.12"
"15500","24-11-24 17:00","France","Ligue 1","2024/2025","Nantes","Le Havre","1.94","3.47","4.42","1.09","8.38","1.44","2.88","2.36","1.62","4.59","1.22","9.56","1.07","2.02","1.80"
"15501","24-11-24 15:00","France","Ligue 1","2024/2025","Lille","Rennes","1.91","3.47","4.58","1.07","9.47","1.34","3.37","2.14","1.80","3.94","1.27","8.05","1.09","1.90","1.90"
"15502","23-11-24 21:00","France","Ligue 1","2024/2025","Reims","Lyon","3.29","3.83","2.15","1.02","18.20","1.20","4.78","1.61","2.39","2.48","1.57","4.33","1.23","1.49","2.62"
"15503","23-11-24 19:00","France","Ligue 1","2024/2025","St Etienne","Montpellier","2.37","3.38","3.19","1.05","11.00","1.26","4.00","1.90","2.00","3.06","1.40","6.00","1.14","1.65","2.25"
"15504","23-11-24 17:00","France","Ligue 1","2024/2025","Lens","Marseille","2.36","3.46","3.14","1.05","11.50","1.27","3.93","1.91","2.00","3.10","1.39","6.26","1.14","1.65","2.24"
"15505","22-11-24 21:00","France","Ligue 1","2024/2025","PSG","Toulouse","1.42","5.60","6.90","1.01","23.00","1.14","6.28","1.38","3.14","2.04","1.87","3.29","1.36","1.60","2.34"
"15506","22-11-24 19:00","France","Ligue 1","2024/2025","Monaco","Brest","1.57","4.17","6.59","1.05","11.50","1.25","4.19","1.83","2.10","2.93","1.43","5.74","1.15","1.83","1.98"
"15507","10-11-24 20:45","France","Ligue 1","2024/2025","Lyon","St Etienne","1.34","6.01","8.54","1.02","25.00","1.13","6.50","1.41","3.00","2.13","1.80","3.24","1.37","1.65","2.24"
"15508","10-11-24 17:00","France","Ligue 1","2024/2025","Le Havre","Reims","3.70","3.17","2.25","1.09","8.00","1.41","3.00","2.37","1.62","4.48","1.22","9.26","1.07","1.90","1.90"
"15509","10-11-24 17:00","France","Ligue 1","2024/2025","Montpellier","Brest","3.04","3.27","2.53","1.07","9.42","1.31","3.56","2.14","1.79","3.62","1.30","7.22","1.11","1.79","2.03"
"15510","10-11-24 17:00","France","Ligue 1","2024/2025","Rennes","Toulouse","2.26","3.50","3.31","1.06","10.00","1.34","3.40","2.13","1.80","3.67","1.30","7.54","1.10","1.83","1.98"
"15511","10-11-24 15:00","France","Ligue 1","2024/2025","Nice","Lille","2.37","3.33","3.25","1.06","10.00","1.34","3.40","2.13","1.80","3.67","1.30","7.54","1.10","1.76","2.06"
"15512","09-11-24 21:00","France","Ligue 1","2024/2025","Angers","PSG","10.50","6.06","1.30","1.02","17.80","1.18","5.24","1.48","2.75","2.17","1.73","3.96","1.27","1.83","1.98"
"15513","09-11-24 19:00","France","Ligue 1","2024/2025","Lens","Nantes","1.69","3.92","5.48","1.07","9.42","1.34","3.35","2.14","1.79","3.96","1.27","8.09","1.09","2.05","1.77"
"15514","09-11-24 17:00","France","Ligue 1","2024/2025","Strasbourg","Monaco","3.94","3.78","1.95","1.03","15.00","1.22","4.50","1.70","2.20","2.66","1.50","5.41","1.17","1.60","2.34"
"15515","08-11-24 20:45","France","Ligue 1","2024/2025","Marseille","Auxerre","1.47","4.87","6.94","1.02","17.80","1.18","5.24","1.52","2.62","2.26","1.66","3.96","1.27","1.68","2.18"
"15516","03-11-24 20:45","France","Ligue 1","2024/2025","Nantes","Marseille","3.58","3.49","2.15","1.05","11.60","1.27","3.95","1.90","2.01","3.09","1.39","6.23","1.14","1.68","2.18"
"15517","03-11-24 17:00","France","Ligue 1","2024/2025","Auxerre","Rennes","3.30","3.70","2.18","1.04","13.00","1.26","4.00","1.90","2.00","3.06","1.40","6.00","1.14","1.65","2.24"
"15518","03-11-24 17:00","France","Ligue 1","2024/2025","Le Havre","Montpellier","2.30","3.46","3.26","1.06","10.00","1.32","3.50","1.99","1.91","3.43","1.34","7.06","1.11","1.78","2.04"
"15519","03-11-24 15:00","France","Ligue 1","2024/2025","Toulouse","Reims","1.97","3.56","4.13","1.07","9.42","1.30","3.66","2.04","1.87","3.29","1.36","6.76","1.12","1.79","2.03"
"15520","02-11-24 21:00","France","Ligue 1","2024/2025","St Etienne","Strasbourg","3.46","3.78","2.10","1.02","15.80","1.22","4.56","1.64","2.32","2.73","1.48","5.15","1.18","1.60","2.34"
"15521","02-11-24 19:00","France","Ligue 1","2024/2025","Brest","Nice","3.08","3.18","2.56","1.09","8.38","1.38","3.14","2.25","1.72","4.28","1.24","8.86","1.08","1.90","1.90"
"15522","02-11-24 17:00","France","Ligue 1","2024/2025","PSG","Lens","1.46","5.16","6.69","1.02","17.80","1.18","5.24","1.52","2.62","2.26","1.66","3.96","1.27","1.68","2.18"
"15523","01-11-24 21:00","France","Ligue 1","2024/2025","Lille","Lyon","2.25","3.84","3.07","1.02","17.80","1.21","4.71","1.60","2.41","2.46","1.58","4.28","1.24","1.49","2.64"
"15524","01-11-24 19:00","France","Ligue 1","2024/2025","Monaco","Angers","1.29","6.35","10.60","1.02","26.00","1.12","6.81","1.34","3.35","1.91","2.00","3.10","1.39","1.75","2.09"
"15525","27-10-24 20:45","France","Ligue 1","2024/2025","Marseille","PSG","4.21","3.80","1.89","1.02","16.30","1.20","4.78","1.61","2.39","2.48","1.57","4.33","1.23","1.49","2.64"
"15526","27-10-24 17:00","France","Ligue 1","2024/2025","Montpellier","Toulouse","3.18","3.80","2.21","1.02","17.00","1.22","4.50","1.65","2.30","2.66","1.50","4.80","1.20","1.62","2.31"
"15527","27-10-24 17:00","France","Ligue 1","2024/2025","Nice","Monaco","4.26","3.81","1.88","1.03","13.60","1.25","4.19","1.83","2.10","2.93","1.43","5.74","1.15","1.68","2.18"
"15528","27-10-24 17:00","France","Ligue 1","2024/2025","Strasbourg","Nantes","1.96","3.58","4.14","1.05","11.00","1.29","3.75","1.99","1.91","3.43","1.34","6.54","1.13","1.72","2.12"
"15529","27-10-24 15:00","France","Ligue 1","2024/2025","Lyon","Auxerre","1.46","5.44","6.18","1.01","23.00","1.14","6.00","1.41","3.00","2.13","1.80","3.43","1.34","1.62","2.31"
"15530","26-10-24 21:00","France","Ligue 1","2024/2025","Lens","Lille","2.14","3.47","3.61","1.07","9.42","1.34","3.35","2.14","1.79","3.62","1.30","8.09","1.09","1.83","1.98"
"15531","26-10-24 19:00","France","Ligue 1","2024/2025","Reims","Brest","1.90","3.59","4.44","1.01","8.10","1.31","3.56","2.04","1.87","3.62","1.30","7.22","1.05","1.83","1.98"
"15532","26-10-24 17:00","France","Ligue 1","2024/2025","Angers","St Etienne","2.30","3.57","3.16","1.06","10.50","1.30","3.66","1.91","2.00","3.29","1.36","6.76","1.12","1.75","2.09"
"15533","25-10-24 20:45","France","Ligue 1","2024/2025","Rennes","Le Havre","1.55","4.03","7.24","1.06","10.00","1.29","3.75","1.99","1.91","3.24","1.37","6.54","1.13","1.90","1.90"
"15534","20-10-24 20:45","France","Ligue 1","2024/2025","Montpellier","Marseille","4.82","4.11","1.73","1.02","18.50","1.18","5.24","1.52","2.62","2.26","1.66","3.96","1.27","1.53","2.53"
"15535","20-10-24 17:00","France","Ligue 1","2024/2025","Auxerre","Reims","3.45","3.49","2.20","1.04","13.00","1.23","4.33","1.82","2.10","2.86","1.45","5.41","1.17","1.65","2.25"
"15536","20-10-24 17:00","France","Ligue 1","2024/2025","Nantes","Nice","2.88","3.19","2.70","1.07","9.42","1.34","3.35","2.14","1.79","3.62","1.30","8.09","1.09","1.76","2.06"
"15537","20-10-24 17:00","France","Ligue 1","2024/2025","Toulouse","Angers","1.49","4.21","8.21","1.08","9.00","1.32","3.50","1.99","1.91","3.43","1.34","7.06","1.11","2.02","1.80"
"15538","20-10-24 15:00","France","Ligue 1","2024/2025","Le Havre","Lyon","5.07","3.91","1.73","1.03","15.00","1.22","4.50","1.70","2.20","2.66","1.50","4.80","1.20","1.65","2.25"
"15539","19-10-24 21:00","France","Ligue 1","2024/2025","PSG","Strasbourg","1.33","5.77","9.79","1.02","29.00","1.10","7.33","1.34","3.35","1.91","2.00","2.93","1.43","1.62","2.30"
"15540","19-10-24 19:00","France","Ligue 1","2024/2025","St Etienne","Lens","6.01","4.30","1.58","1.03","13.60","1.21","4.75","1.68","2.26","2.57","1.53","4.56","1.22","1.72","2.12"
"15541","19-10-24 17:00","France","Ligue 1","2024/2025","Brest","Rennes","2.73","3.23","2.83","1.07","9.25","1.32","3.54","2.06","1.86","3.43","1.34","7.32","1.10","1.76","2.06"
"15542","18-10-24 20:45","France","Ligue 1","2024/2025","Monaco","Lille","2.05","3.57","3.82","1.02","15.70","1.21","4.71","1.65","2.30","2.55","1.54","4.59","1.22","1.57","2.41"
"15543","06-10-24 20:45","France","Ligue 1","2024/2025","Nice","PSG","5.64","4.45","1.59","1.02","15.70","1.21","4.71","1.60","2.41","2.46","1.58","4.28","1.24","1.65","2.24"
"15544","06-10-24 17:00","France","Ligue 1","2024/2025","Brest","Le Havre","1.82","3.69","4.77","1.07","9.42","1.38","3.14","2.25","1.72","3.96","1.27","8.09","1.09","1.99","1.82"
"15545","06-10-24 17:00","France","Ligue 1","2024/2025","Reims","Montpellier","1.68","4.18","5.09","1.02","17.00","1.19","5.00","1.61","2.38","2.47","1.57","4.48","1.22","1.62","2.31"
"15546","06-10-24 17:00","France","Ligue 1","2024/2025","Strasbourg","Lens","2.87","3.39","2.58","1.05","11.50","1.27","3.93","1.91","2.00","3.10","1.39","6.26","1.14","1.68","2.20"
"15547","06-10-24 15:00","France","Ligue 1","2024/2025","Lyon","Nantes","1.66","3.95","5.77","1.03","13.60","1.22","4.54","1.65","2.30","2.74","1.48","5.18","1.18","1.68","2.18"
"15548","05-10-24 21:00","France","Ligue 1","2024/2025","Rennes","Monaco","3.06","3.44","2.42","1.03","13.60","1.22","4.54","1.75","2.20","2.74","1.48","5.18","1.18","1.57","2.41"
"15549","05-10-24 19:00","France","Ligue 1","2024/2025","Lille","Toulouse","1.77","4.00","4.63","1.05","11.50","1.30","3.66","1.91","2.00","3.29","1.36","6.76","1.12","1.83","1.98"
"15550","05-10-24 17:00","France","Ligue 1","2024/2025","St Etienne","Auxerre","2.97","3.58","2.42","1.04","13.00","1.26","4.00","1.90","2.00","3.06","1.40","6.00","1.14","1.65","2.25"
"15551","04-10-24 20:45","France","Ligue 1","2024/2025","Marseille","Angers","1.29","5.87","11.80","1.02","15.70","1.18","5.24","1.52","2.62","2.36","1.62","3.96","1.27","1.94","1.86"
"15552","29-09-24 20:45","France","Ligue 1","2024/2025","Strasbourg","Marseille","3.32","3.83","2.13","1.02","15.70","1.21","4.71","1.65","2.30","2.55","1.54","4.59","1.22","1.57","2.41"
"15553","29-09-24 17:00","France","Ligue 1","2024/2025","Angers","Reims","3.82","3.28","2.16","1.07","9.42","1.34","3.35","2.14","1.79","3.96","1.27","8.09","1.09","1.83","1.98"
"15554","29-09-24 17:00","France","Ligue 1","2024/2025","Nantes","St Etienne","1.72","3.84","5.30","1.06","10.50","1.31","3.56","2.04","1.87","3.62","1.30","7.22","1.11","1.90","1.90"
"15555","29-09-24 15:00","France","Ligue 1","2024/2025","Toulouse","Lyon","2.50","3.57","2.85","1.02","15.70","1.21","4.71","1.65","2.30","2.55","1.54","4.59","1.22","1.57","2.41"
"15556","28-09-24 21:00","France","Ligue 1","2024/2025","Monaco","Montpellier","1.29","6.18","10.60","1.01","29.00","1.09","8.00","1.32","3.50","1.90","2.00","2.86","1.45","1.62","2.31"
"15557","28-09-24 19:00","France","Ligue 1","2024/2025","Le Havre","Lille","4.40","3.64","1.89","1.07","9.57","1.36","3.26","2.23","1.74","3.84","1.28","7.90","1.10","1.83","1.98"
"15558","28-09-24 17:00","France","Ligue 1","2024/2025","Lens","Nice","1.97","3.56","4.13","1.07","9.42","1.34","3.35","2.14","1.79","3.62","1.30","7.22","1.11","1.83","1.98"
"15559","27-09-24 21:00","France","Ligue 1","2024/2025","PSG","Rennes","1.45","5.13","6.95","1.02","17.80","1.21","4.71","1.57","2.49","2.46","1.58","4.28","1.24","1.76","2.06"
"15560","27-09-24 19:00","France","Ligue 1","2024/2025","Auxerre","Brest","3.17","3.45","2.36","1.05","11.50","1.27","3.93","1.91","2.00","3.10","1.39","6.26","1.14","1.68","2.18"
"15561","22-09-24 20:45","France","Ligue 1","2024/2025","Lyon","Marseille","2.90","3.85","2.34","1.02","17.80","1.21","4.71","1.60","2.41","2.46","1.58","4.59","1.22","1.53","2.53"
"15562","22-09-24 17:00","France","Ligue 1","2024/2025","Angers","Nantes","3.38","3.36","2.29","1.09","8.00","1.48","2.75","2.37","1.62","4.48","1.22","9.26","1.07","1.90","1.90"
"15563","22-09-24 17:00","France","Ligue 1","2024/2025","Brest","Toulouse","2.77","3.27","2.75","1.09","8.38","1.38","3.14","2.25","1.72","3.96","1.27","8.09","1.09","1.90","1.90"
"15564","22-09-24 17:00","France","Ligue 1","2024/2025","Montpellier","Auxerre","2.09","3.56","3.69","1.03","15.00","1.22","4.50","1.65","2.30","2.57","1.54","4.80","1.20","1.57","2.42"
"15565","22-09-24 15:00","France","Ligue 1","2024/2025","Monaco","Le Havre","1.45","4.87","7.44","1.02","15.70","1.22","4.54","1.65","2.30","2.55","1.54","4.59","1.22","1.83","1.98"
"15566","21-09-24 21:00","France","Ligue 1","2024/2025","Reims","PSG","7.44","5.13","1.43","1.02","17.00","1.16","5.50","1.51","2.63","2.26","1.67","4.14","1.25","1.74","2.10"
"15567","21-09-24 19:00","France","Ligue 1","2024/2025","Rennes","Lens","2.48","3.58","2.87","1.05","11.00","1.29","3.75","1.99","1.91","3.24","1.37","6.54","1.13","1.68","2.18"
"15568","21-09-24 17:00","France","Ligue 1","2024/2025","Lille","Strasbourg","1.58","4.41","5.80","1.04","13.00","1.23","4.33","1.82","2.10","2.86","1.45","5.41","1.17","1.83","1.98"
"15569","20-09-24 20:45","France","Ligue 1","2024/2025","Nice","St Etienne","1.52","4.30","7.17","1.05","11.00","1.26","4.00","1.90","2.00","3.24","1.37","6.00","1.14","1.90","1.90"
"15570","15-09-24 20:45","France","Ligue 1","2024/2025","Lens","Lyon","1.83","4.00","4.26","1.02","17.00","1.19","5.00","1.56","2.50","2.47","1.57","4.14","1.25","1.57","2.42"
"15571","15-09-24 17:00","France","Ligue 1","2024/2025","Nantes","Reims","2.43","3.28","3.18","1.09","8.00","1.37","3.20","2.24","1.73","4.14","1.25","8.45","1.09","1.76","2.06"
"15572","15-09-24 17:00","France","Ligue 1","2024/2025","Strasbourg","Angers","1.63","4.18","5.61","1.05","11.50","1.27","3.93","1.91","2.00","3.29","1.36","6.26","1.14","1.94","1.86"
"15573","15-09-24 17:00","France","Ligue 1","2024/2025","Toulouse","Le Havre","1.97","3.47","4.27","1.09","8.00","1.37","3.20","2.24","1.73","4.14","1.25","8.45","1.09","1.90","1.90"
"15574","15-09-24 15:00","France","Ligue 1","2024/2025","Rennes","Montpellier","1.43","5.08","7.37","1.01","21.00","1.15","5.76","1.44","2.88","2.14","1.79","3.51","1.32","1.62","2.30"
"15575","14-09-24 21:00","France","Ligue 1","2024/2025","PSG","Brest","1.31","6.09","9.52","1.01","21.00","1.15","5.79","1.44","2.90","2.14","1.80","3.50","1.33","1.76","2.06"
"15576","14-09-24 19:00","France","Ligue 1","2024/2025","Auxerre","Monaco","4.81","3.92","1.76","1.03","15.00","1.19","5.00","1.61","2.38","2.47","1.57","4.48","1.22","1.57","2.42"
"15577","14-09-24 17:00","France","Ligue 1","2024/2025","Marseille","Nice","1.89","3.54","4.57","1.06","10.50","1.30","3.66","1.91","2.00","3.29","1.36","6.76","1.12","1.76","2.06"
"15578","13-09-24 20:45","France","Ligue 1","2024/2025","St Etienne","Lille","5.57","3.69","1.72","1.06","10.50","1.27","3.93","1.91","2.00","3.29","1.36","6.26","1.14","1.76","2.06"
"15579","01-09-24 20:45","France","Ligue 1","2024/2025","Lille","PSG","4.55","4.03","1.78","1.02","15.70","1.22","4.54","1.75","2.20","2.74","1.48","5.18","1.18","1.65","2.24"
"15580","01-09-24 17:00","France","Ligue 1","2024/2025","Angers","Nice","4.62","3.39","1.93","1.09","8.00","1.48","2.75","2.37","1.62","4.48","1.22","9.26","1.07","2.10","1.74"
"15581","01-09-24 17:00","France","Ligue 1","2024/2025","Le Havre","Auxerre","2.86","3.37","2.61","1.06","10.00","1.34","3.40","2.24","1.73","3.79","1.29","7.54","1.10","1.83","1.98"
"15582","01-09-24 17:00","France","Ligue 1","2024/2025","Reims","Rennes","3.39","3.57","2.19","1.05","11.50","1.25","4.19","1.83","2.10","2.93","1.43","5.74","1.15","1.65","2.24"
"15583","01-09-24 15:00","France","Ligue 1","2024/2025","Monaco","Lens","2.01","3.79","3.73","1.02","15.70","1.22","4.54","1.65","2.30","2.74","1.48","5.18","1.18","1.60","2.34"
"15584","31-08-24 21:00","France","Ligue 1","2024/2025","Toulouse","Marseille","3.23","3.80","2.18","1.03","13.60","1.22","4.54","1.75","2.20","2.74","1.48","5.18","1.18","1.60","2.34"
"15585","31-08-24 19:00","France","Ligue 1","2024/2025","Montpellier","Nantes","2.27","3.61","3.20","1.05","11.00","1.26","4.00","1.90","2.00","3.06","1.40","6.00","1.14","1.70","2.15"
"15586","31-08-24 17:00","France","Ligue 1","2024/2025","Brest","St Etienne","1.75","4.16","4.56","1.05","11.00","1.29","3.75","1.99","1.91","3.24","1.37","6.54","1.13","1.76","2.06"
"15587","30-08-24 20:45","France","Ligue 1","2024/2025","Lyon","Strasbourg","2.05","3.70","3.66","1.03","13.60","1.25","4.19","1.75","2.20","2.74","1.48","5.18","1.18","1.60","2.34"
"15588","25-08-24 20:45","France","Ligue 1","2024/2025","Marseille","Reims","1.36","5.64","8.55","1.03","15.00","1.19","5.00","1.61","2.38","2.47","1.57","4.48","1.22","1.76","2.06"
"15589","25-08-24 17:00","France","Ligue 1","2024/2025","Nantes","Auxerre","2.63","3.37","2.83","1.05","11.00","1.32","3.50","1.99","1.91","3.43","1.34","7.06","1.11","1.78","2.04"
"15590","25-08-24 17:00","France","Ligue 1","2024/2025","Nice","Toulouse","2.15","3.18","3.99","1.11","7.00","1.48","2.75","2.47","1.57","4.48","1.22","9.99","1.06","2.04","1.78"
"15591","25-08-24 17:00","France","Ligue 1","2024/2025","Strasbourg","Rennes","3.34","3.34","2.31","1.08","9.00","1.37","3.20","2.24","1.73","4.14","1.25","8.45","1.09","1.90","1.90"
"15592","25-08-24 15:00","France","Ligue 1","2024/2025","Lens","Brest","1.87","3.59","4.60","1.07","9.42","1.31","3.56","2.14","1.79","3.62","1.30","7.22","1.11","1.90","1.90"
"15593","24-08-24 21:00","France","Ligue 1","2024/2025","St Etienne","Le Havre","2.11","3.42","3.80","1.09","8.38","1.38","3.14","2.25","1.72","3.96","1.27","8.09","1.09","1.90","1.90"
"15594","24-08-24 19:00","France","Ligue 1","2024/2025","Lille","Angers","1.39","4.92","9.12","1.06","10.50","1.30","3.66","1.91","2.00","3.29","1.36","6.76","1.12","2.33","1.61"
"15595","24-08-24 17:00","France","Ligue 1","2024/2025","Lyon","Monaco","2.85","3.87","2.37","1.02","19.50","1.16","5.50","1.51","2.63","2.26","1.67","4.14","1.25","1.48","2.68"
"15596","23-08-24 20:45","France","Ligue 1","2024/2025","PSG","Montpellier","1.24","7.20","11.70","1.02","28.00","1.10","7.33","1.34","3.35","1.91","2.00","2.93","1.43","1.72","2.12"
"15597","18-08-24 20:45","France","Ligue 1","2024/2025","Rennes","Lyon","2.42","3.58","2.97","1.05","11.50","1.27","3.93","1.91","2.00","3.29","1.36","6.26","1.14","1.68","2.18"
"15598","18-08-24 17:00","France","Ligue 1","2024/2025","Angers","Lens","7.42","3.84","1.58","1.09","8.38","1.34","3.35","2.14","1.79","3.96","1.27","8.09","1.09","2.06","1.76"
"15599","18-08-24 17:00","France","Ligue 1","2024/2025","Montpellier","Strasbourg","2.08","3.62","3.65","1.04","13.00","1.23","4.33","1.82","2.10","2.86","1.45","5.41","1.17","1.57","2.41"
"15600","18-08-24 17:00","France","Ligue 1","2024/2025","Toulouse","Nantes","2.08","3.43","3.87","1.07","9.42","1.34","3.35","2.14","1.79","3.96","1.27","8.09","1.09","1.83","1.98"
"15601","18-08-24 15:00","France","Ligue 1","2024/2025","Auxerre","Nice","3.06","3.49","2.39","1.05","11.50","1.30","3.66","1.91","2.00","3.29","1.36","6.76","1.12","1.72","2.12"
"15602","17-08-24 21:00","France","Ligue 1","2024/2025","Monaco","St Etienne","1.36","5.54","8.75","1.01","22.00","1.14","6.28","1.44","2.88","2.14","1.79","3.51","1.32","1.70","2.14"
"15603","17-08-24 19:00","France","Ligue 1","2024/2025","Reims","Lille","3.03","3.30","2.51","1.08","9.00","1.34","3.40","2.13","1.80","3.79","1.29","7.54","1.10","1.83","1.98"
"15604","17-08-24 17:00","France","Ligue 1","2024/2025","Brest","Marseille","3.40","3.26","2.33","1.07","9.42","1.31","3.56","2.14","1.79","3.62","1.30","7.22","1.11","1.76","2.06"
"15605","16-08-24 20:45","France","Ligue 1","2024/2025","Le Havre","PSG","7.48","4.87","1.45","1.03","13.60","1.22","4.54","1.75","2.20","2.74","1.48","5.18","1.18","1.86","1.94"
"15606","19-05-24 21:00","France","Ligue 1","2023/2024","Le Havre","Marseille","4.87","3.84","1.77","1.03","13.40","1.23","4.47","1.78","2.17","2.78","1.46","5.25","1.18","1.69","2.18"
"15607","19-05-24 21:00","France","Ligue 1","2023/2024","Lens","Montpellier","1.36","5.64","8.46","1.02","28.00","1.11","7.00","1.37","3.20","1.99","1.91","3.24","1.37","1.65","2.25"
"15608","19-05-24 21:00","France","Ligue 1","2023/2024","Lille","Nice","1.55","4.51","6.06","1.03","15.00","1.22","4.50","1.70","2.20","2.66","1.50","4.80","1.20","1.78","2.04"
"15609","19-05-24 21:00","France","Ligue 1","2023/2024","Lorient","Clermont","1.65","4.29","5.21","1.01","20.00","1.14","6.00","1.48","2.75","2.24","1.73","3.67","1.30","1.52","2.54"
"15610","19-05-24 21:00","France","Ligue 1","2023/2024","Lyon","Strasbourg","1.34","5.56","9.77","1.02","24.00","1.14","6.00","1.41","3.00","2.13","1.80","3.43","1.34","1.70","2.15"
"15611","19-05-24 21:00","France","Ligue 1","2023/2024","Metz","PSG","4.74","3.76","1.81","1.02","17.50","1.16","5.67","1.53","2.58","2.20","1.70","4.02","1.26","1.50","2.57"
"15612","19-05-24 21:00","France","Ligue 1","2023/2024","Monaco","Nantes","1.53","5.13","5.55","1.02","25.00","1.13","6.50","1.37","3.20","1.99","1.91","3.24","1.37","1.50","2.61"
"15613","19-05-24 21:00","France","Ligue 1","2023/2024","Reims","Rennes","3.16","3.48","2.34","1.02","17.00","1.19","5.00","1.56","2.50","2.26","1.67","4.14","1.25","1.48","2.68"
"15614","19-05-24 21:00","France","Ligue 1","2023/2024","Toulouse","Brest","3.14","3.65","2.28","1.03","15.00","1.22","4.50","1.65","2.30","2.57","1.54","4.80","1.20","1.54","2.50"
"15615","15-05-24 21:00","France","Ligue 1","2023/2024","Nice","PSG","2.14","3.78","3.34","1.03","15.50","1.21","4.64","1.66","2.27","2.59","1.53","4.66","1.21","1.58","2.38"
"15616","15-05-24 21:00","France","Ligue 1","2023/2024","Reims","Marseille","4.23","3.85","1.87","1.03","15.00","1.22","4.50","1.65","2.30","2.57","1.54","4.80","1.20","1.62","2.31"
"15617","12-05-24 21:00","France","Ligue 1","2023/2024","Clermont","Lyon","5.29","4.31","1.64","1.02","24.00","1.14","6.00","1.48","2.75","2.24","1.73","3.67","1.30","1.52","2.54"
"15618","12-05-24 21:00","France","Ligue 1","2023/2024","Marseille","Lorient","1.49","4.47","7.44","1.03","15.00","1.22","4.50","1.65","2.30","2.57","1.54","4.48","1.22","1.74","2.10"
"15619","12-05-24 21:00","France","Ligue 1","2023/2024","Montpellier","Monaco","4.49","4.49","1.71","1.01","16.50","1.09","8.25","1.32","3.50","1.85","2.06","2.78","1.46","1.38","3.09"
"15620","12-05-24 21:00","France","Ligue 1","2023/2024","Nantes","Lille","5.26","3.87","1.72","1.06","10.30","1.31","3.61","2.06","1.85","3.56","1.31","6.86","1.12","1.95","1.86"
"15621","12-05-24 21:00","France","Ligue 1","2023/2024","PSG","Toulouse","1.36","6.01","7.75","1.02","29.00","1.11","7.22","1.32","3.50","1.85","2.06","2.78","1.46","1.55","2.46"
"15622","12-05-24 21:00","France","Ligue 1","2023/2024","Rennes","Lens","2.30","3.69","3.07","1.03","15.00","1.22","4.50","1.70","2.20","2.66","1.50","5.41","1.17","1.62","2.31"
"15623","12-05-24 21:00","France","Ligue 1","2023/2024","Strasbourg","Metz","2.17","3.71","3.35","1.05","11.00","1.26","4.00","1.90","2.00","3.24","1.37","6.00","1.14","1.74","2.10"
"15624","10-05-24 21:00","France","Ligue 1","2023/2024","Brest","Reims","1.66","4.40","5.43","","","1.18","4.25","1.73","2.29","2.56","1.44","4.45","1.15","1.71","2.08"
"15625","10-05-24 21:00","France","Ligue 1","2023/2024","Nice","Le Havre","1.58","4.07","6.61","1.06","10.30","1.31","3.61","2.06","1.85","3.56","1.31","6.86","1.12","1.98","1.83"
"15626","06-05-24 21:00","France","Ligue 1","2023/2024","Lille","Lyon","2.06","3.85","3.49","1.02","17.50","1.18","5.15","1.62","2.37","2.50","1.56","4.35","1.23","1.54","2.50"
"15627","04-05-24 21:00","France","Ligue 1","2023/2024","Brest","Nantes","1.74","3.69","5.38","1.07","9.28","1.35","3.30","2.18","1.77","4.02","1.26","8.21","1.09","1.98","1.83"
"15628","04-05-24 19:00","France","Ligue 1","2023/2024","Metz","Rennes","3.96","3.69","1.97","1.05","11.30","1.28","3.87","1.94","1.97","3.15","1.38","6.35","1.13","1.74","2.10"
"15629","04-05-24 17:00","France","Ligue 1","2023/2024","Monaco","Clermont","1.33","6.69","7.72","1.01","26.00","1.09","8.00","1.29","3.75","1.82","2.10","2.66","1.50","1.57","2.42"
"15630","04-05-24 15:00","France","Ligue 1","2023/2024","Le Havre","Strasbourg","2.53","3.30","3.01","1.09","8.00","1.48","2.75","2.37","1.62","4.48","1.22","9.26","1.07","1.92","1.88"
"15631","03-05-24 21:00","France","Ligue 1","2023/2024","Lens","Lorient","1.46","5.07","6.80","1.02","17.00","1.19","5.00","1.56","2.50","2.47","1.57","4.14","1.25","1.78","2.04"
"15632","03-05-24 19:00","France","Ligue 1","2023/2024","Toulouse","Montpellier","2.07","3.87","3.67","1.03","15.50","1.21","4.64","1.62","2.37","2.59","1.53","4.66","1.21","1.60","2.34"
"15633","28-04-24 21:00","France","Ligue 1","2023/2024","Marseille","Lens","2.26","3.77","3.25","1.01","13.80","1.21","3.88","1.81","2.16","2.74","1.39","4.90","1.12","1.62","2.23"
"15634","28-04-24 19:00","France","Ligue 1","2023/2024","Lyon","Monaco","2.35","4.08","2.78","1.02","27.00","1.11","7.00","1.34","3.40","1.99","1.91","3.06","1.40","1.34","3.26"
"15635","28-04-24 17:05","France","Ligue 1","2023/2024","Rennes","Brest","2.20","3.38","3.58","1.07","9.28","1.35","3.30","2.18","1.77","4.02","1.26","8.21","1.09","1.85","1.96"
"15636","28-04-24 15:00","France","Ligue 1","2023/2024","Clermont","Reims","3.45","3.80","2.09","1.03","14.60","1.23","4.37","1.69","2.23","2.65","1.50","4.95","1.19","1.58","2.38"
"15637","28-04-24 15:00","France","Ligue 1","2023/2024","Lorient","Toulouse","2.44","3.62","2.91","1.05","11.30","1.28","3.87","1.94","1.97","3.15","1.38","6.35","1.13","1.72","2.13"
"15638","28-04-24 15:00","France","Ligue 1","2023/2024","Strasbourg","Nice","3.61","3.40","2.18","1.09","8.00","1.41","3.00","2.35","1.67","4.14","1.25","8.45","1.09","1.92","1.88"
"15639","28-04-24 13:00","France","Ligue 1","2023/2024","Metz","Lille","6.03","4.07","1.62","1.05","11.30","1.28","3.87","1.94","1.97","3.33","1.35","6.35","1.13","1.92","1.88"
"15640","27-04-24 21:00","France","Ligue 1","2023/2024","PSG","Le Havre","1.36","6.21","7.55","1.01","20.00","1.16","5.67","1.45","2.84","2.20","1.70","3.68","1.30","1.84","1.97"
"15641","26-04-24 21:00","France","Ligue 1","2023/2024","Montpellier","Nantes","2.10","3.61","3.61","1.05","11.00","1.32","3.50","1.99","1.91","3.43","1.34","7.06","1.11","1.78","2.04"
"15642","24-04-24 21:00","France","Ligue 1","2023/2024","Marseille","Nice","2.18","3.34","3.65","1.09","8.25","1.39","3.10","2.20","1.70","4.35","1.23","8.99","1.08","1.92","1.88"
"15643","24-04-24 21:00","France","Ligue 1","2023/2024","Monaco","Lille","2.42","3.85","2.79","1.03","15.00","1.22","4.50","1.65","2.30","2.66","1.50","4.80","1.20","1.57","2.42"
"15644","24-04-24 19:00","France","Ligue 1","2023/2024","Lorient","PSG","6.50","4.92","1.49","1.01","22.00","1.16","5.67","1.45","2.84","2.18","1.77","3.56","1.31","1.61","2.31"
"15645","21-04-24 21:00","France","Ligue 1","2023/2024","PSG","Lyon","1.59","4.91","5.06","1.01","21.00","1.16","5.50","1.48","2.75","2.24","1.73","3.67","1.30","1.54","2.50"
"15646","21-04-24 19:00","France","Ligue 1","2023/2024","Toulouse","Marseille","2.78","3.34","2.70","1.08","9.00","1.34","3.40","2.13","1.80","3.67","1.30","7.06","1.11","1.74","2.10"
"15647","21-04-24 17:05","France","Ligue 1","2023/2024","Brest","Monaco","2.73","3.57","2.60","1.03","13.40","1.25","4.12","1.85","2.06","2.97","1.42","5.82","1.15","1.61","2.31"
"15648","21-04-24 15:00","France","Ligue 1","2023/2024","Le Havre","Metz","2.30","3.17","3.58","1.12","6.74","1.49","2.72","2.48","1.57","4.64","1.21","10.80","1.06","2.04","1.78"
"15649","21-04-24 15:00","France","Ligue 1","2023/2024","Lille","Strasbourg","1.61","4.07","6.06","1.05","11.00","1.29","3.75","1.99","1.91","3.43","1.34","6.54","1.13","1.92","1.88"
"15650","21-04-24 15:00","France","Ligue 1","2023/2024","Reims","Montpellier","2.25","3.84","3.07","1.02","17.00","1.19","5.00","1.61","2.38","2.57","1.54","4.48","1.22","1.52","2.54"
"15651","20-04-24 21:00","France","Ligue 1","2023/2024","Lens","Clermont","1.43","4.60","8.96","1.03","13.40","1.23","4.47","1.66","2.27","2.59","1.53","4.66","1.21","1.92","1.88"
"15652","20-04-24 17:00","France","Ligue 1","2023/2024","Nantes","Rennes","3.18","3.34","2.41","1.09","8.25","1.39","3.10","2.30","1.65","4.35","1.23","8.99","1.08","1.92","1.88"
"15653","19-04-24 21:00","France","Ligue 1","2023/2024","Nice","Lorient","1.58","4.41","5.93","1.05","11.30","1.28","3.87","1.94","1.97","3.15","1.38","6.35","1.13","1.92","1.88"
"15654","14-04-24 20:45","France","Ligue 1","2023/2024","Lyon","Brest","2.05","3.46","3.95","1.06","10.30","1.31","3.61","2.06","1.85","3.33","1.35","6.86","1.12","1.78","2.04"
"15655","14-04-24 15:00","France","Ligue 1","2023/2024","Clermont","Montpellier","3.38","3.68","2.16","1.03","15.00","1.22","4.50","1.65","2.30","2.57","1.54","4.80","1.20","1.52","2.54"
"15656","14-04-24 13:00","France","Ligue 1","2023/2024","Le Havre","Nantes","2.52","2.97","3.37","1.14","6.19","1.53","2.58","2.78","1.46","5.25","1.18","10.90","1.06","2.09","1.74"
"15657","13-04-24 21:00","France","Ligue 1","2023/2024","Rennes","Toulouse","1.82","3.69","4.75","1.06","10.30","1.31","3.61","1.94","1.97","3.33","1.35","6.86","1.12","1.78","2.04"
"15658","13-04-24 17:00","France","Ligue 1","2023/2024","Strasbourg","Reims","2.56","3.46","2.85","1.05","11.00","1.29","3.75","1.99","1.91","3.24","1.37","6.54","1.13","1.74","2.10"
"15659","12-04-24 21:00","France","Ligue 1","2023/2024","Metz","Lens","5.95","4.09","1.62","1.05","11.00","1.29","3.75","1.99","1.91","3.24","1.37","6.54","1.13","1.92","1.88"
"15660","07-04-24 20:45","France","Ligue 1","2023/2024","Nantes","Lyon","3.71","3.38","2.15","1.07","9.28","1.32","3.50","2.18","1.77","3.68","1.30","7.32","1.10","1.78","2.04"
"15661","07-04-24 17:05","France","Ligue 1","2023/2024","Monaco","Rennes","1.78","4.32","4.24","1.01","20.00","1.16","5.67","1.49","2.70","2.20","1.70","3.68","1.30","1.50","2.61"
"15662","07-04-24 15:00","France","Ligue 1","2023/2024","Montpellier","Lorient","1.85","4.10","4.10","1.02","17.00","1.19","5.00","1.61","2.38","2.47","1.57","4.48","1.22","1.62","2.31"
"15663","07-04-24 15:00","France","Ligue 1","2023/2024","Reims","Nice","2.90","3.18","2.69","1.07","9.28","1.35","3.30","2.18","1.77","4.02","1.26","8.21","1.09","1.80","2.01"
"15664","07-04-24 15:00","France","Ligue 1","2023/2024","Toulouse","Strasbourg","2.16","3.58","3.48","1.05","11.00","1.32","3.50","2.13","1.80","3.67","1.30","7.06","1.11","1.78","2.04"
"15665","07-04-24 13:00","France","Ligue 1","2023/2024","Brest","Metz","1.51","4.27","7.33","1.09","8.29","1.35","3.32","2.17","1.78","3.66","1.30","7.29","1.10","2.18","1.69"
"15666","06-04-24 21:00","France","Ligue 1","2023/2024","PSG","Clermont","1.32","5.88","9.69","1.02","17.60","1.18","5.18","1.58","2.46","2.38","1.61","4.33","1.23","1.87","1.94"
"15667","06-04-24 17:00","France","Ligue 1","2023/2024","Lens","Le Havre","1.51","4.27","7.33","1.06","10.30","1.31","3.61","1.94","1.97","3.33","1.35","6.86","1.12","2.01","1.81"
"15668","05-04-24 21:00","France","Ligue 1","2023/2024","Lille","Marseille","2.00","3.60","3.95","1.06","10.30","1.31","3.61","2.06","1.85","3.33","1.35","6.86","1.12","1.78","2.04"
"15669","31-03-24 20:45","France","Ligue 1","2023/2024","Marseille","PSG","3.89","3.85","1.95","1.03","13.60","1.22","4.54","1.75","2.20","2.74","1.48","5.18","1.18","1.61","2.31"
"15670","31-03-24 17:05","France","Ligue 1","2023/2024","Strasbourg","Rennes","3.26","3.57","2.25","1.06","10.00","1.32","3.50","2.13","1.80","3.67","1.30","7.06","1.11","1.74","2.10"
"15671","31-03-24 15:00","France","Ligue 1","2023/2024","Clermont","Toulouse","3.92","3.65","1.99","1.06","10.00","1.32","3.50","1.99","1.91","3.43","1.34","7.06","1.11","1.83","1.98"
"15672","31-03-24 15:00","France","Ligue 1","2023/2024","Le Havre","Montpellier","2.74","3.30","2.74","1.07","9.28","1.35","3.30","2.18","1.77","3.68","1.30","7.32","1.10","1.80","2.01"
"15673","31-03-24 15:00","France","Ligue 1","2023/2024","Nice","Nantes","1.82","3.46","5.25","1.11","7.00","1.48","2.75","2.47","1.57","4.80","1.20","9.99","1.06","2.15","1.70"
"15674","31-03-24 13:00","France","Ligue 1","2023/2024","Lorient","Brest","4.22","3.26","2.05","1.10","7.25","1.45","2.85","2.38","1.61","4.64","1.21","9.66","1.06","2.04","1.78"
"15675","30-03-24 21:00","France","Ligue 1","2023/2024","Lyon","Reims","2.04","3.64","3.76","1.03","15.00","1.22","4.50","1.70","2.20","2.66","1.50","4.80","1.20","1.58","2.38"
"15676","30-03-24 17:00","France","Ligue 1","2023/2024","Metz","Monaco","5.29","4.31","1.64","1.03","14.60","1.23","4.37","1.74","2.14","2.75","1.48","4.95","1.19","1.70","2.16"
"15677","29-03-24 21:00","France","Ligue 1","2023/2024","Lille","Lens","2.15","3.31","3.78","1.07","9.28","1.32","3.50","2.18","1.77","3.68","1.30","7.32","1.10","1.78","2.04"
"15678","17-03-24 20:45","France","Ligue 1","2023/2024","Montpellier","PSG","6.91","4.87","1.47","1.01","22.00","1.14","6.19","1.45","2.84","2.18","1.77","3.56","1.31","1.61","2.31"
"15679","17-03-24 17:05","France","Ligue 1","2023/2024","Rennes","Marseille","2.66","3.45","2.74","1.05","11.30","1.25","4.12","1.85","2.06","2.97","1.42","5.82","1.15","1.61","2.31"
"15680","17-03-24 15:00","France","Ligue 1","2023/2024","Clermont","Le Havre","2.90","3.32","2.61","1.09","8.00","1.41","3.00","2.37","1.62","4.48","1.22","9.26","1.07","1.92","1.88"
"15681","17-03-24 15:00","France","Ligue 1","2023/2024","Monaco","Lorient","1.40","5.64","8.20","1.01","20.00","1.11","5.15","1.44","2.56","2.27","1.74","3.52","1.25","1.72","2.07"
"15682","17-03-24 15:00","France","Ligue 1","2023/2024","Reims","Metz","1.76","3.81","4.98","1.05","11.00","1.29","3.75","1.99","1.91","3.43","1.34","6.54","1.13","1.78","2.04"
"15683","17-03-24 13:00","France","Ligue 1","2023/2024","Brest","Lille","2.64","3.08","3.07","1.12","6.74","1.49","2.72","2.58","1.53","5.23","1.18","10.80","1.06","2.04","1.78"
"15684","16-03-24 21:00","France","Ligue 1","2023/2024","Lens","Nice","1.98","3.56","4.07","1.06","10.40","1.30","3.63","2.06","1.86","3.55","1.32","6.82","1.12","1.78","2.04"
"15685","16-03-24 17:00","France","Ligue 1","2023/2024","Nantes","Strasbourg","2.02","3.37","4.21","1.09","8.25","1.35","3.30","2.28","1.70","4.02","1.26","8.21","1.09","1.92","1.88"
"15686","15-03-24 21:00","France","Ligue 1","2023/2024","Toulouse","Lyon","2.88","3.29","2.64","1.06","10.40","1.30","3.63","2.06","1.86","3.32","1.35","6.82","1.12","1.70","2.16"
"15687","10-03-24 20:45","France","Ligue 1","2023/2024","Marseille","Nantes","1.53","4.11","7.45","1.07","9.33","1.32","3.52","2.06","1.86","3.55","1.32","7.29","1.10","2.09","1.74"
"15688","10-03-24 17:05","France","Ligue 1","2023/2024","Lille","Rennes","1.96","3.49","4.30","1.09","8.25","1.35","3.30","2.18","1.77","4.02","1.26","8.21","1.09","1.92","1.88"
"15689","10-03-24 15:00","France","Ligue 1","2023/2024","Le Havre","Toulouse","3.15","3.06","2.58","1.11","7.00","1.48","2.75","2.47","1.57","4.48","1.22","9.99","1.06","1.92","1.88"
"15690","10-03-24 15:00","France","Ligue 1","2023/2024","Metz","Clermont","2.16","3.38","3.69","1.09","8.00","1.41","3.00","2.35","1.67","4.14","1.25","8.45","1.09","1.98","1.83"
"15691","10-03-24 15:00","France","Ligue 1","2023/2024","Strasbourg","Monaco","3.51","3.85","2.06","1.02","17.00","1.19","5.00","1.61","2.38","2.57","1.54","4.48","1.22","1.57","2.42"
"15692","10-03-24 13:00","France","Ligue 1","2023/2024","PSG","Reims","1.50","4.81","6.29","1.02","18.50","1.14","4.50","1.61","2.38","2.57","1.54","4.48","1.22","1.71","2.08"
"15693","09-03-24 21:00","France","Ligue 1","2023/2024","Lens","Brest","2.14","3.24","3.92","1.09","8.29","1.39","3.11","2.29","1.66","4.33","1.23","8.95","1.08","1.91","1.89"
"15694","09-03-24 17:00","France","Ligue 1","2023/2024","Lorient","Lyon","3.66","3.45","2.14","1.06","10.00","1.32","3.50","1.99","1.91","3.43","1.34","7.06","1.11","1.74","2.10"
"15695","08-03-24 21:00","France","Ligue 1","2023/2024","Nice","Montpellier","1.78","3.86","4.80","1.03","13.40","1.25","4.12","1.85","2.06","2.97","1.42","5.82","1.15","1.74","2.10"
"15696","03-03-24 20:45","France","Ligue 1","2023/2024","Lyon","Lens","2.54","3.37","2.94","1.05","11.30","1.31","3.61","1.94","1.97","3.33","1.35","6.86","1.12","1.70","2.16"
"15697","03-03-24 17:05","France","Ligue 1","2023/2024","Rennes","Lorient","1.52","4.42","6.83","1.05","11.00","1.26","4.00","1.90","2.00","3.06","1.40","6.00","1.14","1.92","1.88"
"15698","03-03-24 15:00","France","Ligue 1","2023/2024","Brest","Le Havre","1.60","3.84","6.91","1.11","7.22","1.39","3.10","2.30","1.65","4.35","1.23","8.99","1.08","2.18","1.69"
"15699","03-03-24 15:00","France","Ligue 1","2023/2024","Montpellier","Strasbourg","2.06","3.65","3.69","1.04","13.00","1.23","4.33","1.82","2.10","2.86","1.45","5.41","1.17","1.61","2.31"
"15700","03-03-24 15:00","France","Ligue 1","2023/2024","Nantes","Metz","1.86","3.45","4.96","1.11","7.00","1.51","2.63","2.57","1.54","4.80","1.20","11.20","1.05","2.18","1.69"
"15701","03-03-24 13:00","France","Ligue 1","2023/2024","Toulouse","Nice","3.46","3.26","2.30","1.09","8.33","1.38","3.13","2.18","1.72","4.30","1.24","8.91","1.08","1.92","1.88"
"15702","02-03-24 21:00","France","Ligue 1","2023/2024","Clermont","Marseille","5.50","4.27","1.63","1.03","13.50","1.21","4.66","1.66","2.28","2.58","1.53","4.64","1.21","1.71","2.14"
"15703","02-03-24 17:00","France","Ligue 1","2023/2024","Reims","Lille","3.06","3.48","2.40","1.05","11.30","1.28","3.87","1.94","1.97","3.15","1.38","6.35","1.13","1.66","2.22"
"15704","01-03-24 21:00","France","Ligue 1","2023/2024","Monaco","PSG","3.49","4.10","2.00","1.02","15.00","1.14","6.19","1.39","3.10","2.06","1.85","3.33","1.35","1.41","2.90"
"15705","25-02-24 20:45","France","Ligue 1","2023/2024","Marseille","Montpellier","1.71","4.07","4.98","1.03","13.40","1.23","4.47","1.78","2.17","2.78","1.46","5.25","1.18","1.70","2.16"
"15706","25-02-24 17:05","France","Ligue 1","2023/2024","PSG","Rennes","1.35","5.60","8.92","1.01","22.00","1.14","6.19","1.45","2.84","2.06","1.85","3.33","1.35","1.70","2.16"
"15707","25-02-24 15:00","France","Ligue 1","2023/2024","Le Havre","Reims","3.37","3.47","2.25","1.08","9.00","1.34","3.40","2.13","1.80","3.67","1.30","7.54","1.10","1.78","2.04"
"15708","25-02-24 15:00","France","Ligue 1","2023/2024","Nice","Clermont","1.44","4.87","7.70","1.06","10.70","1.30","3.64","1.96","1.94","3.34","1.35","6.18","1.14","1.98","1.83"
"15709","25-02-24 15:00","France","Ligue 1","2023/2024","Toulouse","Lille","4.14","3.52","1.98","1.08","9.00","1.34","3.40","2.13","1.80","3.67","1.30","7.06","1.11","1.78","2.04"
"15710","25-02-24 13:00","France","Ligue 1","2023/2024","Lens","Monaco","2.35","3.58","3.07","1.03","13.40","1.23","4.47","1.78","2.17","2.78","1.46","5.25","1.18","1.61","2.31"
"15711","24-02-24 21:00","France","Ligue 1","2023/2024","Strasbourg","Brest","2.85","3.18","2.74","1.09","8.25","1.39","3.10","2.28","1.70","4.02","1.26","8.21","1.09","1.85","1.96"
"15712","24-02-24 17:00","France","Ligue 1","2023/2024","Lorient","Nantes","2.96","3.15","2.66","1.11","7.22","1.45","2.84","2.40","1.60","4.66","1.21","9.70","1.06","1.98","1.83"
"15713","23-02-24 21:00","France","Ligue 1","2023/2024","Metz","Lyon","4.08","3.64","1.96","1.06","10.30","1.32","3.50","2.06","1.85","3.68","1.30","7.32","1.10","1.85","1.96"
"15714","18-02-24 20:45","France","Ligue 1","2023/2024","Brest","Marseille","2.50","3.17","3.17","1.07","9.33","1.30","3.63","2.06","1.86","3.32","1.35","6.82","1.12","1.70","2.16"
"15715","18-02-24 17:05","France","Ligue 1","2023/2024","Reims","Lens","2.29","3.30","3.44","1.06","10.30","1.32","3.50","2.06","1.85","3.56","1.31","7.32","1.10","1.78","2.04"
"15716","18-02-24 15:00","France","Ligue 1","2023/2024","Monaco","Toulouse","1.62","4.07","6.03","1.03","13.40","1.23","4.47","1.78","2.17","2.78","1.46","5.25","1.18","1.78","2.04"
"15717","18-02-24 15:00","France","Ligue 1","2023/2024","Montpellier","Metz","1.66","4.06","5.52","1.06","10.00","1.34","3.40","2.13","1.80","3.79","1.29","7.54","1.10","2.04","1.78"
"15718","18-02-24 15:00","France","Ligue 1","2023/2024","Rennes","Clermont","1.62","4.07","6.03","1.05","11.00","1.29","3.75","1.99","1.91","3.43","1.34","6.54","1.13","1.98","1.83"
"15719","18-02-24 13:00","France","Ligue 1","2023/2024","Strasbourg","Lorient","1.74","3.84","5.12","1.06","10.00","1.34","3.40","2.24","1.73","3.79","1.29","7.54","1.10","1.98","1.83"
"15720","17-02-24 21:00","France","Ligue 1","2023/2024","Nantes","PSG","7.56","4.47","1.48","1.05","11.00","1.26","4.00","1.90","2.00","3.06","1.40","6.00","1.14","1.92","1.88"
"15721","17-02-24 17:00","France","Ligue 1","2023/2024","Lille","Le Havre","1.50","4.37","7.28","1.07","9.28","1.35","3.30","2.18","1.77","4.02","1.26","8.21","1.09","2.18","1.69"
"15722","16-02-24 21:00","France","Ligue 1","2023/2024","Lyon","Nice","2.76","3.27","2.76","1.09","8.29","1.39","3.11","2.27","1.71","4.00","1.26","8.17","1.09","1.85","1.96"
"15723","11-02-24 20:45","France","Ligue 1","2023/2024","Nice","Monaco","2.37","3.31","3.26","1.09","8.25","1.39","3.10","2.28","1.70","4.02","1.26","8.21","1.09","1.91","1.89"
"15724","11-02-24 17:05","France","Ligue 1","2023/2024","Montpellier","Lyon","2.97","3.39","2.50","1.06","10.30","1.31","3.61","2.06","1.85","3.33","1.35","6.86","1.12","1.74","2.10"
"15725","11-02-24 15:00","France","Ligue 1","2023/2024","Clermont","Brest","3.99","3.38","2.06","1.09","8.00","1.37","3.20","2.24","1.73","4.14","1.25","8.45","1.09","1.90","1.90"
"15726","11-02-24 15:00","France","Ligue 1","2023/2024","Lorient","Reims","4.41","3.82","1.85","1.05","11.00","1.29","3.75","1.99","1.91","3.24","1.37","6.54","1.13","1.74","2.10"
"15727","11-02-24 15:00","France","Ligue 1","2023/2024","Toulouse","Nantes","2.07","3.50","3.81","1.06","10.00","1.32","3.50","2.13","1.80","3.67","1.30","7.06","1.11","1.83","1.98"
"15728","11-02-24 13:00","France","Ligue 1","2023/2024","Le Havre","Rennes","3.81","3.46","2.09","1.09","8.29","1.39","3.11","2.29","1.66","4.33","1.23","8.95","1.08","1.98","1.83"
"15729","10-02-24 21:00","France","Ligue 1","2023/2024","PSG","Lille","1.76","3.89","4.86","1.05","11.30","1.28","3.87","1.94","1.97","3.33","1.35","6.35","1.13","1.78","2.04"
"15730","10-02-24 17:00","France","Ligue 1","2023/2024","Lens","Strasbourg","1.73","4.06","5.23","1.01","9.30","1.27","3.38","1.98","1.96","3.13","1.31","5.85","1.08","1.88","1.88"
"15731","09-02-24 21:00","France","Ligue 1","2023/2024","Marseille","Metz","1.43","4.87","7.94","1.05","11.00","1.29","3.75","1.99","1.91","3.43","1.34","6.54","1.13","2.09","1.74"
"15732","04-02-24 20:45","France","Ligue 1","2023/2024","Lyon","Marseille","2.83","3.44","2.58","1.06","10.40","1.30","3.63","2.06","1.86","3.55","1.32","6.82","1.12","1.74","2.10"
"15733","04-02-24 17:05","France","Ligue 1","2023/2024","Brest","Nice","2.85","3.05","2.85","1.16","5.50","1.75","2.20","3.06","1.40","6.54","1.13","14.10","1.03","2.25","1.65"
"15734","04-02-24 15:00","France","Ligue 1","2023/2024","Lille","Clermont","1.45","4.87","7.47","1.05","11.00","1.26","4.00","1.90","2.00","3.06","1.40","6.00","1.14","1.98","1.83"
"15735","04-02-24 15:00","France","Ligue 1","2023/2024","Metz","Lorient","2.09","3.26","4.07","1.11","7.00","1.51","2.63","2.57","1.54","5.41","1.17","11.20","1.05","2.09","1.74"
"15736","04-02-24 15:00","France","Ligue 1","2023/2024","Reims","Toulouse","1.88","3.49","4.76","1.06","10.30","1.31","3.61","1.94","1.97","3.33","1.35","6.86","1.12","1.80","2.01"
"15737","04-02-24 13:00","France","Ligue 1","2023/2024","Monaco","Le Havre","1.60","4.11","6.13","1.03","13.40","1.23","4.47","1.78","2.17","2.78","1.46","5.25","1.18","1.74","2.10"
"15738","03-02-24 21:00","France","Ligue 1","2023/2024","Nantes","Lens","3.83","3.50","2.06","1.06","10.30","1.32","3.50","2.06","1.85","3.56","1.31","6.86","1.12","1.78","2.04"
"15739","03-02-24 17:00","France","Ligue 1","2023/2024","Rennes","Montpellier","1.55","4.25","6.58","1.05","11.30","1.28","3.87","1.94","1.97","3.15","1.38","6.35","1.13","1.95","1.86"
"15740","02-02-24 21:00","France","Ligue 1","2023/2024","Strasbourg","PSG","5.89","4.58","1.56","1.03","15.50","1.21","4.66","1.61","2.38","2.48","1.57","4.64","1.21","1.70","2.16"
"15741","28-01-24 20:45","France","Ligue 1","2023/2024","PSG","Brest","1.46","5.14","6.63","1.02","16.00","1.20","4.79","1.55","2.53","2.33","1.63","4.22","1.24","1.69","2.17"
"15742","28-01-24 17:05","France","Ligue 1","2023/2024","Toulouse","Lens","3.72","3.70","2.03","1.05","11.00","1.29","3.75","1.99","1.91","3.43","1.34","6.54","1.13","1.88","1.92"
"15743","28-01-24 15:00","France","Ligue 1","2023/2024","Clermont","Strasbourg","3.28","3.38","2.33","1.08","9.00","1.37","3.20","2.24","1.73","3.79","1.29","7.54","1.10","1.73","2.10"
"15744","28-01-24 15:00","France","Ligue 1","2023/2024","Lorient","Le Havre","3.34","3.14","2.42","1.13","6.50","1.56","2.50","2.66","1.50","5.41","1.17","11.20","1.05","2.03","1.79"
"15745","28-01-24 15:00","France","Ligue 1","2023/2024","Reims","Nantes","1.94","3.49","4.36","1.08","9.00","1.34","3.40","2.13","1.80","3.67","1.30","7.06","1.11","1.83","1.98"
"15746","28-01-24 13:00","France","Ligue 1","2023/2024","Montpellier","Lille","4.15","3.49","1.99","1.06","10.80","1.30","3.66","1.99","1.91","3.43","1.34","6.60","1.13","1.77","2.05"
"15747","27-01-24 21:00","France","Ligue 1","2023/2024","Marseille","Monaco","2.46","3.71","2.95","","","1.20","4.15","1.76","2.24","2.62","1.44","4.60","1.14","1.57","2.34"
"15748","27-01-24 17:00","France","Ligue 1","2023/2024","Nice","Metz","1.47","4.27","8.64","1.11","7.00","1.48","2.75","2.37","1.62","4.48","1.22","9.26","1.07","2.53","1.53"
"15749","26-01-24 21:00","France","Ligue 1","2023/2024","Lyon","Rennes","2.41","3.49","3.03","1.06","10.00","1.32","3.50","2.13","1.80","3.43","1.34","7.06","1.11","1.69","2.17"
"15750","14-01-24 20:45","France","Ligue 1","2023/2024","Lens","PSG","3.79","4.10","1.91","1.02","16.00","1.20","4.79","1.63","2.34","2.52","1.55","4.53","1.22","1.55","2.46"
"15751","14-01-24 17:05","France","Ligue 1","2023/2024","Le Havre","Lyon","3.43","3.19","2.34","1.08","8.51","1.38","3.19","2.23","1.69","4.22","1.24","8.74","1.08","1.87","1.94"
"15752","14-01-24 15:00","France","Ligue 1","2023/2024","Brest","Montpellier","1.78","3.80","4.85","1.06","10.60","1.31","3.62","2.01","1.90","3.46","1.33","6.66","1.12","1.85","1.96"
"15753","14-01-24 15:00","France","Ligue 1","2023/2024","Metz","Toulouse","3.14","3.29","2.45","1.09","8.00","1.48","2.75","2.37","1.62","4.48","1.22","9.26","1.07","1.98","1.83"
"15754","14-01-24 15:00","France","Ligue 1","2023/2024","Nantes","Clermont","1.91","3.72","4.18","1.05","11.00","1.32","3.50","1.99","1.91","3.43","1.34","6.54","1.13","1.73","2.10"
"15755","14-01-24 13:00","France","Ligue 1","2023/2024","Lille","Lorient","1.30","6.06","10.10","1.03","13.80","1.24","4.25","1.80","2.13","2.88","1.44","5.66","1.16","2.29","1.63"
"15756","13-01-24 21:00","France","Ligue 1","2023/2024","Rennes","Nice","2.48","3.34","3.04","1.09","8.00","1.41","3.00","2.26","1.67","4.48","1.22","9.26","1.07","1.98","1.83"
"15757","13-01-24 17:00","France","Ligue 1","2023/2024","Monaco","Reims","1.72","4.11","4.89","1.03","15.00","1.22","4.50","1.65","2.30","2.57","1.54","4.80","1.20","1.65","2.25"
"15758","12-01-24 21:00","France","Ligue 1","2023/2024","Marseille","Strasbourg","1.64","4.10","5.64","1.06","10.60","1.34","3.41","2.11","1.81","3.57","1.31","7.12","1.11","1.98","1.83"
"15759","20-12-23 21:00","France","Ligue 1","2023/2024","Brest","Lorient","1.73","3.84","5.26","1.08","9.00","1.34","3.40","2.13","1.80","3.67","1.30","7.54","1.10","1.98","1.83"
"15760","20-12-23 21:00","France","Ligue 1","2023/2024","Clermont","Rennes","3.16","3.31","2.42","1.11","7.00","1.48","2.75","2.47","1.57","4.80","1.20","9.99","1.06","1.92","1.88"
"15761","20-12-23 21:00","France","Ligue 1","2023/2024","Lyon","Nantes","1.90","3.72","4.22","1.05","11.00","1.32","3.50","1.99","1.91","3.43","1.34","6.54","1.13","1.83","1.98"
"15762","20-12-23 21:00","France","Ligue 1","2023/2024","Montpellier","Marseille","4.04","3.63","1.97","1.05","11.00","1.29","3.75","1.99","1.91","3.43","1.34","6.54","1.13","1.83","1.98"
"15763","20-12-23 21:00","France","Ligue 1","2023/2024","Nice","Lens","2.21","3.33","3.59","1.08","8.51","1.38","3.19","2.22","1.74","3.90","1.28","7.97","1.09","1.79","2.02"
"15764","20-12-23 21:00","France","Ligue 1","2023/2024","PSG","Metz","1.14","9.10","22.00","1.02","17.00","1.14","6.00","1.41","3.00","2.13","1.80","3.43","1.34","2.31","1.62"
"15765","20-12-23 21:00","France","Ligue 1","2023/2024","Reims","Le Havre","1.77","3.88","4.85","1.05","11.00","1.32","3.50","1.99","1.91","3.43","1.34","6.54","1.13","1.79","2.02"
"15766","20-12-23 21:00","France","Ligue 1","2023/2024","Strasbourg","Lille","3.70","3.50","2.11","1.08","9.00","1.34","3.40","2.13","1.80","3.67","1.30","7.06","1.11","1.83","1.98"
"15767","20-12-23 21:00","France","Ligue 1","2023/2024","Toulouse","Monaco","3.85","4.10","1.90","1.02","17.00","1.19","5.00","1.61","2.38","2.47","1.57","4.48","1.22","1.57","2.42"
"15768","17-12-23 20:45","France","Ligue 1","2023/2024","Lille","PSG","4.51","3.90","1.81","1.02","18.10","1.17","5.32","1.58","2.45","2.33","1.63","4.22","1.24","1.50","2.58"
"15769","17-12-23 17:05","France","Ligue 1","2023/2024","Marseille","Clermont","1.48","4.65","7.15","1.05","11.70","1.30","3.72","1.88","2.03","3.24","1.37","6.17","1.14","2.04","1.78"
"15770","17-12-23 15:00","France","Ligue 1","2023/2024","Lorient","Strasbourg","2.45","3.26","3.17","1.09","8.00","1.41","3.00","2.35","1.67","4.14","1.25","8.45","1.09","1.90","1.90"
"15771","17-12-23 15:00","France","Ligue 1","2023/2024","Metz","Montpellier","3.38","3.33","2.30","1.08","9.00","1.37","3.20","2.24","1.73","4.14","1.25","8.45","1.09","1.90","1.90"
"15772","17-12-23 15:00","France","Ligue 1","2023/2024","Toulouse","Rennes","3.47","3.46","2.20","1.08","9.00","1.34","3.40","2.24","1.73","3.79","1.29","7.54","1.10","1.83","1.98"
"15773","17-12-23 13:00","France","Ligue 1","2023/2024","Nantes","Brest","2.64","3.16","2.98","1.08","8.51","1.38","3.19","2.23","1.69","4.22","1.24","8.74","1.08","1.87","1.94"
"15774","16-12-23 21:00","France","Ligue 1","2023/2024","Lens","Reims","2.25","3.39","3.43","1.06","10.60","1.30","3.72","2.01","1.90","3.24","1.37","6.66","1.12","1.69","2.17"
"15775","16-12-23 17:00","France","Ligue 1","2023/2024","Le Havre","Nice","4.37","3.09","2.09","1.14","6.00","1.61","2.38","2.86","1.45","6.00","1.14","12.50","1.04","2.25","1.65"
"15776","15-12-23 21:00","France","Ligue 1","2023/2024","Monaco","Lyon","1.78","4.05","4.52","1.02","18.10","1.17","5.32","1.55","2.53","2.43","1.59","4.22","1.24","1.55","2.46"
"15777","10-12-23 20:45","France","Ligue 1","2023/2024","Lorient","Marseille","5.45","3.80","1.71","1.06","10.60","1.31","3.62","2.01","1.90","3.46","1.33","6.66","1.12","1.87","1.94"
"15778","10-12-23 17:05","France","Ligue 1","2023/2024","Lyon","Toulouse","1.79","4.09","4.73","1.01","15.00","1.19","4.15","1.74","2.28","2.57","1.44","4.50","1.15","1.66","2.16"
"15779","10-12-23 15:00","France","Ligue 1","2023/2024","Clermont","Lille","4.73","3.59","1.85","1.05","11.00","1.29","3.75","1.99","1.91","3.43","1.34","6.54","1.13","1.83","1.98"
"15780","10-12-23 15:00","France","Ligue 1","2023/2024","Metz","Brest","3.65","3.25","2.23","1.09","8.00","1.41","3.00","2.37","1.62","4.48","1.22","9.26","1.07","1.98","1.83"
"15781","10-12-23 15:00","France","Ligue 1","2023/2024","Strasbourg","Le Havre","2.30","3.12","3.64","1.11","7.00","1.48","2.75","2.47","1.57","4.80","1.20","9.99","1.06","2.04","1.78"
"15782","10-12-23 13:00","France","Ligue 1","2023/2024","Nice","Reims","1.94","3.49","4.36","1.09","8.00","1.41","3.00","2.35","1.67","4.48","1.22","9.26","1.07","2.04","1.78"
"15783","09-12-23 21:00","France","Ligue 1","2023/2024","PSG","Nantes","1.30","6.17","9.95","1.01","24.00","1.15","5.85","1.43","2.93","2.11","1.81","3.24","1.37","1.74","2.10"
"15784","09-12-23 17:00","France","Ligue 1","2023/2024","Rennes","Monaco","2.82","3.69","2.46","1.03","15.00","1.23","4.33","1.70","2.20","2.66","1.50","5.41","1.17","1.62","2.31"
"15785","08-12-23 21:00","France","Ligue 1","2023/2024","Montpellier","Lens","3.70","3.50","2.11","1.06","10.60","1.30","3.72","2.01","1.90","3.24","1.37","6.66","1.12","1.73","2.10"
"15786","07-12-23 20:30","France","Ligue 1","2023/2024","Brest","Strasbourg","1.85","3.59","4.73","1.07","9.57","1.38","3.19","2.22","1.74","3.90","1.28","7.97","1.09","1.92","1.88"
"15787","06-12-23 21:00","France","Ligue 1","2023/2024","Marseille","Lyon","1.90","3.72","4.22","1.04","13.00","1.23","4.33","1.82","2.10","2.86","1.45","5.41","1.17","1.70","2.15"
"15788","03-12-23 20:45","France","Ligue 1","2023/2024","Marseille","Rennes","1.91","3.84","4.03","1.06","10.40","1.35","3.30","2.12","1.81","3.65","1.30","6.96","1.11","1.72","2.13"
"15789","03-12-23 17:05","France","Ligue 1","2023/2024","Lille","Metz","1.45","4.60","8.20","1.05","11.00","1.26","4.00","1.90","2.00","3.24","1.37","6.00","1.14","2.10","1.74"
"15790","03-12-23 15:00","France","Ligue 1","2023/2024","Brest","Clermont","1.72","3.80","5.40","1.06","10.00","1.34","3.40","2.13","1.80","3.79","1.29","7.54","1.10","1.98","1.83"
"15791","03-12-23 15:00","France","Ligue 1","2023/2024","Monaco","Montpellier","1.66","4.10","5.45","1.02","16.00","1.17","5.32","1.55","2.53","2.33","1.63","4.22","1.24","1.61","2.31"
"15792","03-12-23 15:00","France","Ligue 1","2023/2024","Toulouse","Lorient","1.96","3.38","4.44","1.06","10.00","1.32","3.50","1.99","1.91","3.43","1.34","7.06","1.11","1.78","2.04"
"15793","03-12-23 13:00","France","Ligue 1","2023/2024","Le Havre","PSG","9.42","5.10","1.37","1.02","16.10","1.17","5.38","1.54","2.55","2.31","1.65","4.18","1.25","1.77","2.05"
"15794","02-12-23 21:00","France","Ligue 1","2023/2024","Nantes","Nice","4.08","3.28","2.08","1.08","8.51","1.38","3.19","2.22","1.74","4.22","1.24","8.74","1.08","1.87","1.94"
"15795","02-12-23 17:00","France","Ligue 1","2023/2024","Lens","Lyon","1.79","3.84","4.72","1.05","11.00","1.29","3.75","1.99","1.91","3.24","1.37","6.54","1.13","1.73","2.10"
"15796","01-12-23 21:00","France","Ligue 1","2023/2024","Reims","Strasbourg","1.78","3.84","4.78","1.05","11.00","1.29","3.75","1.99","1.91","3.24","1.37","6.54","1.13","1.73","2.10"
"15797","29-11-23 19:00","France","Ligue 1","2023/2024","Montpellier","Clermont","1.85","3.69","4.58","1.05","11.00","1.29","3.74","1.95","1.95","3.37","1.34","6.48","1.13","1.73","2.10"
"15798","26-11-23 20:45","France","Ligue 1","2023/2024","Lyon","Lille","3.10","3.50","2.38","1.03","13.80","1.22","4.61","1.73","2.23","2.70","1.49","5.11","1.18","1.58","2.39"
"15799","26-11-23 17:05","France","Ligue 1","2023/2024","Rennes","Reims","2.18","3.70","3.30","1.04","13.00","1.26","4.00","1.82","2.10","2.86","1.45","5.41","1.17","1.63","2.29"
"15800","26-11-23 15:00","France","Ligue 1","2023/2024","Lorient","Metz","2.15","3.45","3.63","1.08","8.51","1.38","3.19","2.22","1.74","3.90","1.28","7.97","1.09","1.92","1.88"
"15801","26-11-23 15:00","France","Ligue 1","2023/2024","Montpellier","Brest","2.21","3.38","3.54","1.06","10.60","1.31","3.62","2.01","1.90","3.46","1.33","7.12","1.11","1.78","2.04"
"15802","26-11-23 15:00","France","Ligue 1","2023/2024","Nantes","Le Havre","1.94","3.31","4.70","1.11","7.00","1.48","2.75","2.47","1.57","4.80","1.20","9.99","1.06","2.10","1.74"
"15803","26-11-23 13:00","France","Ligue 1","2023/2024","Nice","Toulouse","1.54","4.31","6.67","1.06","10.00","1.32","3.50","1.99","1.91","3.43","1.34","7.06","1.11","1.92","1.88"
"15804","25-11-23 21:00","France","Ligue 1","2023/2024","Strasbourg","Marseille","4.34","3.67","1.90","1.05","11.00","1.32","3.50","1.99","1.91","3.43","1.34","7.06","1.11","1.73","2.10"
"15805","25-11-23 17:00","France","Ligue 1","2023/2024","Clermont","Lens","3.83","3.57","2.04","1.08","9.00","1.34","3.40","2.13","1.80","3.79","1.29","7.54","1.10","1.90","1.90"
"15806","24-11-23 21:00","France","Ligue 1","2023/2024","PSG","Monaco","1.48","5.27","6.66","1.02","27.00","1.07","6.30","1.34","3.04","1.98","1.97","2.94","1.36","1.47","2.60"
"15807","12-11-23 20:45","France","Ligue 1","2023/2024","Lens","Marseille","2.46","3.47","2.98","1.05","11.00","1.29","3.75","1.99","1.91","3.24","1.37","6.54","1.13","1.66","2.23"
"15808","12-11-23 17:05","France","Ligue 1","2023/2024","Rennes","Lyon","1.81","4.06","4.32","1.03","15.00","1.26","4.00","1.82","2.10","3.06","1.40","5.41","1.17","1.66","2.23"
"15809","12-11-23 15:00","France","Ligue 1","2023/2024","Clermont","Lorient","2.25","3.37","3.47","1.08","9.00","1.37","3.20","2.24","1.73","3.79","1.29","8.45","1.09","1.83","1.98"
"15810","12-11-23 15:00","France","Ligue 1","2023/2024","Lille","Toulouse","1.58","4.41","5.86","1.05","11.00","1.29","3.75","1.90","2.00","3.24","1.37","6.54","1.13","1.98","1.83"
"15811","12-11-23 15:00","France","Ligue 1","2023/2024","Metz","Nantes","3.36","3.26","2.34","1.08","9.00","1.34","3.40","2.24","1.73","3.79","1.29","8.45","1.09","1.83","1.98"
"15812","11-11-23 21:00","France","Ligue 1","2023/2024","Le Havre","Monaco","4.84","4.22","1.75","1.01","14.90","1.21","3.92","1.79","2.20","2.68","1.41","4.80","1.13","1.72","2.07"
"15813","11-11-23 17:00","France","Ligue 1","2023/2024","Reims","PSG","5.17","4.30","1.66","1.02","17.00","1.19","5.00","1.61","2.38","2.47","1.57","4.48","1.22","1.65","2.25"
"15814","10-11-23 21:00","France","Ligue 1","2023/2024","Montpellier","Nice","3.89","3.50","2.12","1.03","8.20","1.30","3.20","2.08","1.87","3.32","1.28","6.25","1.07","1.82","1.94"
"15815","05-11-23 20:45","France","Ligue 1","2023/2024","Nice","Rennes","2.16","3.48","3.78","1.04","7.50","1.38","2.80","2.32","1.71","3.92","1.21","7.70","1.04","1.97","1.79"
"15816","05-11-23 17:05","France","Ligue 1","2023/2024","Monaco","Brest","1.78","3.85","4.81","1.04","13.00","1.26","4.00","1.82","2.10","2.86","1.45","5.41","1.17","1.74","2.10"
"15817","05-11-23 15:00","France","Ligue 1","2023/2024","Nantes","Reims","2.87","3.33","2.62","1.06","10.00","1.32","3.50","2.13","1.80","3.67","1.30","7.06","1.11","1.69","2.17"
"15818","05-11-23 15:00","France","Ligue 1","2023/2024","Strasbourg","Clermont","2.34","3.26","3.36","1.09","8.00","1.41","3.00","2.35","1.67","4.48","1.22","9.26","1.07","1.98","1.83"
"15819","05-11-23 15:00","France","Ligue 1","2023/2024","Toulouse","Le Havre","2.00","3.49","4.10","1.09","8.00","1.37","3.20","2.24","1.73","4.14","1.25","8.45","1.09","1.87","1.94"
"15820","05-11-23 13:00","France","Ligue 1","2023/2024","Lyon","Metz","1.67","3.84","5.82","1.05","11.70","1.24","4.25","1.80","2.13","2.88","1.44","5.66","1.16","1.73","2.10"
"15821","04-11-23 21:00","France","Ligue 1","2023/2024","Marseille","Lille","1.95","3.67","4.08","1.06","10.00","1.32","3.50","1.99","1.91","3.43","1.34","6.54","1.13","1.73","2.10"
"15822","04-11-23 17:00","France","Ligue 1","2023/2024","Lorient","Lens","4.85","3.65","1.82","1.06","10.00","1.34","3.40","2.13","1.80","3.67","1.30","7.54","1.10","1.90","1.90"
"15823","03-11-23 21:00","France","Ligue 1","2023/2024","PSG","Montpellier","1.26","7.22","11.60","1.01","14.90","1.06","6.75","1.30","3.20","1.90","2.04","2.72","1.40","1.68","2.13"
"15824","29-10-23 17:05","France","Ligue 1","2023/2024","Rennes","Strasbourg","1.52","4.55","6.57","1.05","11.70","1.26","3.99","1.80","2.13","3.06","1.40","5.66","1.16","1.87","1.94"
"15825","29-10-23 15:00","France","Ligue 1","2023/2024","Lille","Monaco","2.58","3.71","2.68","1.03","15.00","1.22","4.50","1.65","2.30","2.57","1.54","4.80","1.20","1.50","2.58"
"15826","29-10-23 15:00","France","Ligue 1","2023/2024","Metz","Le Havre","3.03","3.16","2.60","1.11","7.00","1.48","2.75","2.47","1.57","4.80","1.20","9.99","1.06","1.87","1.94"
"15827","29-10-23 15:00","France","Ligue 1","2023/2024","Montpellier","Toulouse","1.86","3.86","4.26","1.05","11.00","1.26","4.00","1.90","2.00","3.06","1.40","6.00","1.14","1.69","2.17"
"15828","29-10-23 13:00","France","Ligue 1","2023/2024","Brest","PSG","6.29","4.41","1.55","1.03","14.00","1.20","4.84","1.62","2.37","2.49","1.56","4.49","1.22","1.69","2.17"
"15829","28-10-23 21:00","France","Ligue 1","2023/2024","Lens","Nantes","1.69","4.31","4.84","1.03","13.80","1.22","4.61","1.73","2.23","2.70","1.49","5.11","1.18","1.69","2.17"
"15830","28-10-23 17:00","France","Ligue 1","2023/2024","Reims","Lorient","1.81","4.08","4.33","1.04","13.00","1.26","4.00","1.90","2.00","3.06","1.40","6.00","1.14","1.78","2.04"
"15831","27-10-23 21:00","France","Ligue 1","2023/2024","Clermont","Nice","4.36","3.43","2.02","1.04","7.40","1.39","2.76","2.35","1.70","4.10","1.19","7.90","1.03","1.98","1.79"
"15832","22-10-23 20:45","France","Ligue 1","2023/2024","Lyon","Clermont","1.89","3.60","4.47","1.05","11.70","1.26","3.99","1.88","2.03","3.06","1.40","6.17","1.14","1.69","2.17"
"15833","22-10-23 17:05","France","Ligue 1","2023/2024","Monaco","Metz","1.34","5.60","9.21","1.02","25.00","1.13","6.50","1.41","3.00","2.13","1.80","3.43","1.34","1.70","2.15"
"15834","22-10-23 15:00","France","Ligue 1","2023/2024","Lille","Brest","1.85","3.49","4.91","1.06","10.60","1.30","3.72","2.01","1.90","3.24","1.37","6.66","1.12","1.73","2.10"
"15835","22-10-23 15:00","France","Ligue 1","2023/2024","Nantes","Montpellier","2.99","3.57","2.41","1.04","13.00","1.23","4.33","1.82","2.10","2.86","1.45","5.41","1.17","1.58","2.39"
"15836","22-10-23 15:00","France","Ligue 1","2023/2024","Toulouse","Reims","2.89","3.52","2.50","1.05","11.70","1.26","3.99","1.88","2.03","3.24","1.37","6.17","1.14","1.66","2.23"
"15837","22-10-23 13:00","France","Ligue 1","2023/2024","Lorient","Rennes","3.92","3.90","1.93","1.05","11.70","1.26","3.99","1.88","2.03","3.24","1.37","6.17","1.14","1.73","2.10"
"15838","21-10-23 21:00","France","Ligue 1","2023/2024","Nice","Marseille","2.25","3.39","3.43","1.08","8.49","1.37","3.21","2.38","1.65","4.03","1.26","8.02","1.09","1.73","2.10"
"15839","21-10-23 17:00","France","Ligue 1","2023/2024","PSG","Strasbourg","1.22","7.49","12.80","1.02","25.00","1.16","5.50","1.51","2.63","2.26","1.67","3.79","1.29","2.10","1.74"
"15840","20-10-23 21:00","France","Ligue 1","2023/2024","Le Havre","Lens","4.73","3.59","1.85","1.08","8.51","1.34","3.41","2.11","1.81","3.90","1.28","7.97","1.09","1.87","1.94"
"15841","08-10-23 20:45","France","Ligue 1","2023/2024","Rennes","PSG","4.59","3.88","1.80","1.02","17.00","1.22","4.50","1.65","2.30","2.57","1.54","4.80","1.20","1.69","2.18"
"15842","08-10-23 17:05","France","Ligue 1","2023/2024","Lens","Lille","2.33","3.49","3.18","1.06","10.60","1.30","3.72","2.01","1.90","3.24","1.37","6.66","1.12","1.69","2.17"
"15843","08-10-23 15:00","France","Ligue 1","2023/2024","Brest","Toulouse","1.76","3.95","5.18","1.02","8.80","1.29","3.26","2.04","1.90","3.32","1.28","6.20","1.07","1.91","1.85"
"15844","08-10-23 15:00","France","Ligue 1","2023/2024","Lyon","Lorient","1.81","4.16","4.52","","","1.18","4.10","1.75","2.26","2.73","1.48","4.65","1.16","1.66","2.16"
"15845","08-10-23 13:00","France","Ligue 1","2023/2024","Marseille","Le Havre","1.48","4.65","7.15","1.03","13.80","1.22","4.61","1.73","2.23","2.70","1.49","5.11","1.18","1.73","2.10"
"15846","07-10-23 21:00","France","Ligue 1","2023/2024","Reims","Monaco","2.92","3.84","2.34","1.02","17.50","1.17","5.32","1.50","2.66","2.23","1.69","3.90","1.28","1.43","2.85"
"15847","07-10-23 17:00","France","Ligue 1","2023/2024","Metz","Nice","5.78","4.09","1.63","1.06","10.60","1.30","3.72","2.01","1.90","3.46","1.33","6.66","1.12","1.92","1.88"
"15848","06-10-23 21:00","France","Ligue 1","2023/2024","Strasbourg","Nantes","2.38","3.36","3.21","1.08","8.51","1.38","3.19","2.14","1.74","4.22","1.24","8.74","1.08","1.87","1.94"
"15849","01-10-23 20:45","France","Ligue 1","2023/2024","Rennes","Nantes","1.71","4.06","5.03","1.05","11.80","1.26","4.03","1.86","2.05","3.03","1.41","6.12","1.14","1.79","2.02"
"15850","01-10-23 17:05","France","Ligue 1","2023/2024","Lorient","Montpellier","3.08","3.46","2.40","1.05","11.70","1.26","3.99","1.88","2.03","3.24","1.37","6.17","1.14","1.66","2.23"
"15851","01-10-23 15:00","France","Ligue 1","2023/2024","Le Havre","Lille","4.90","3.69","1.80","1.08","9.00","1.34","3.40","2.13","1.80","3.79","1.29","7.54","1.10","1.87","1.94"
"15852","01-10-23 15:00","France","Ligue 1","2023/2024","Nice","Brest","1.78","3.95","4.65","1.05","11.00","1.32","3.50","2.13","1.80","3.67","1.30","7.06","1.11","1.79","2.02"
"15853","01-10-23 15:00","France","Ligue 1","2023/2024","Toulouse","Metz","1.96","3.69","4.02","1.06","10.00","1.32","3.50","1.99","1.91","3.43","1.34","6.54","1.13","1.73","2.10"
"15854","01-10-23 13:00","France","Ligue 1","2023/2024","Reims","Lyon","2.01","3.88","3.62","1.03","15.00","1.23","4.33","1.70","2.20","2.86","1.45","5.41","1.17","1.58","2.39"
"15855","30-09-23 21:00","France","Ligue 1","2023/2024","Monaco","Marseille","2.32","3.87","2.93","1.02","17.50","1.19","5.00","1.56","2.50","2.37","1.62","4.14","1.25","1.48","2.68"
"15856","30-09-23 17:00","France","Ligue 1","2023/2024","Clermont","PSG","7.83","4.94","1.43","1.02","16.00","1.20","4.79","1.58","2.45","2.43","1.59","4.22","1.24","1.78","2.04"
"15857","29-09-23 21:00","France","Ligue 1","2023/2024","Strasbourg","Lens","3.91","3.52","2.04","1.07","9.57","1.31","3.62","2.11","1.81","3.57","1.31","7.12","1.11","1.79","2.02"
"15858","26-09-23 21:00","France","Ligue 1","2023/2024","Lille","Reims","1.89","3.88","4.09","1.01","14.30","1.21","3.92","1.80","2.18","2.70","1.49","5.11","1.13","1.65","2.18"
"15859","24-09-23 20:45","France","Ligue 1","2023/2024","PSG","Marseille","1.53","4.79","6.56","1.02","18.50","1.13","4.80","1.51","2.42","2.47","1.64","3.90","1.22","1.61","2.25"
"15860","24-09-23 17:05","France","Ligue 1","2023/2024","Montpellier","Rennes","2.94","3.58","2.43","1.03","13.80","1.24","4.25","1.80","2.13","2.88","1.44","5.66","1.16","1.58","2.39"
"15861","24-09-23 15:00","France","Ligue 1","2023/2024","Le Havre","Clermont","2.41","3.20","3.30","1.11","7.00","1.51","2.63","2.66","1.50","5.41","1.17","11.20","1.05","2.15","1.70"
"15862","24-09-23 15:00","France","Ligue 1","2023/2024","Lens","Toulouse","1.47","4.58","7.48","1.05","11.00","1.26","4.00","1.90","2.00","3.06","1.40","6.00","1.14","1.98","1.83"
"15863","24-09-23 13:00","France","Ligue 1","2023/2024","Metz","Strasbourg","2.79","3.29","2.71","1.07","9.57","1.38","3.19","2.22","1.74","3.90","1.28","7.97","1.09","1.79","2.02"
"15864","23-09-23 21:00","France","Ligue 1","2023/2024","Brest","Lyon","2.89","3.41","2.56","1.05","11.70","1.24","4.25","1.80","2.13","3.06","1.40","5.66","1.16","1.63","2.29"
"15865","23-09-23 17:00","France","Ligue 1","2023/2024","Nantes","Lorient","2.22","3.39","3.50","1.06","10.00","1.34","3.40","2.13","1.80","3.67","1.30","7.06","1.11","1.73","2.10"
"15866","22-09-23 21:00","France","Ligue 1","2023/2024","Monaco","Nice","2.28","3.69","3.12","1.03","13.80","1.22","4.61","1.73","2.23","2.70","1.49","5.11","1.18","1.55","2.46"
"15867","17-09-23 20:45","France","Ligue 1","2023/2024","Lyon","Le Havre","1.68","4.11","5.20","1.02","16.00","1.22","4.61","1.63","2.34","2.70","1.49","5.11","1.18","1.70","2.16"
"15868","17-09-23 17:05","France","Ligue 1","2023/2024","Marseille","Toulouse","1.45","5.07","7.02","1.02","18.10","1.20","4.79","1.55","2.53","2.43","1.59","4.22","1.24","1.73","2.10"
"15869","17-09-23 15:00","France","Ligue 1","2023/2024","Clermont","Nantes","1.95","3.85","3.87","1.06","10.60","1.30","3.72","1.88","2.03","3.24","1.37","6.66","1.12","1.73","2.10"
"15870","17-09-23 15:00","France","Ligue 1","2023/2024","Reims","Brest","1.93","3.56","4.33","1.05","11.00","1.26","4.00","1.90","2.00","3.06","1.40","6.00","1.14","1.70","2.15"
"15871","17-09-23 15:00","France","Ligue 1","2023/2024","Strasbourg","Montpellier","2.76","3.53","2.60","1.06","10.00","1.32","3.50","1.99","1.91","3.43","1.34","7.06","1.11","1.78","2.04"
"15872","17-09-23 13:00","France","Ligue 1","2023/2024","Lorient","Monaco","5.20","4.07","1.69","1.02","16.10","1.20","4.84","1.57","2.48","2.40","1.60","4.18","1.25","1.58","2.39"
"15873","16-09-23 21:00","France","Ligue 1","2023/2024","Lens","Metz","1.55","4.47","6.19","1.03","14.30","1.20","4.76","1.59","2.42","2.63","1.51","4.96","1.19","1.73","2.10"
"15874","16-09-23 17:00","France","Ligue 1","2023/2024","Rennes","Lille","2.18","3.55","3.45","1.05","11.00","1.29","3.75","1.99","1.91","3.43","1.34","6.54","1.13","1.69","2.17"
"15875","15-09-23 21:00","France","Ligue 1","2023/2024","PSG","Nice","1.66","4.53","4.79","1.02","17.00","1.19","5.00","1.61","2.38","2.47","1.57","4.48","1.22","1.65","2.25"
"15876","03-09-23 20:45","France","Ligue 1","2023/2024","Lyon","PSG","5.90","4.29","1.59","1.02","16.00","1.21","4.72","1.62","2.36","2.52","1.55","4.40","1.23","1.55","2.46"
"15877","03-09-23 17:05","France","Ligue 1","2023/2024","Nice","Strasbourg","1.94","3.50","4.33","1.07","9.57","1.34","3.41","2.11","1.81","3.90","1.28","7.97","1.09","1.87","1.94"
"15878","03-09-23 15:00","France","Ligue 1","2023/2024","Le Havre","Lorient","2.42","3.40","3.25","1.04","7.50","1.39","2.81","2.34","1.70","4.05","1.21","7.80","1.04","1.93","1.83"
"15879","03-09-23 15:00","France","Ligue 1","2023/2024","Lille","Montpellier","2.08","3.91","3.58","1.01","15.00","1.19","4.25","1.74","2.28","2.59","1.45","4.50","1.15","1.59","2.29"
"15880","03-09-23 15:00","France","Ligue 1","2023/2024","Metz","Reims","4.29","3.91","1.90","1.01","9.80","1.26","3.55","1.92","2.03","2.99","1.35","5.50","1.10","1.76","2.01"
"15881","03-09-23 13:00","France","Ligue 1","2023/2024","Toulouse","Clermont","2.14","3.57","3.51","1.06","10.60","1.30","3.72","2.01","1.90","3.24","1.37","6.66","1.12","1.69","2.17"
"15882","02-09-23 21:00","France","Ligue 1","2023/2024","Monaco","Lens","1.94","3.94","3.79","1.02","18.10","1.20","4.79","1.55","2.53","2.43","1.59","4.22","1.24","1.50","2.58"
"15883","02-09-23 17:00","France","Ligue 1","2023/2024","Brest","Rennes","3.86","3.53","2.05","1.05","11.70","1.26","3.99","1.88","2.03","3.06","1.40","6.17","1.14","1.66","2.23"
"15884","01-09-23 21:00","France","Ligue 1","2023/2024","Nantes","Marseille","5.64","4.45","1.59","1.03","13.80","1.22","4.61","1.63","2.34","2.52","1.55","4.53","1.22","1.66","2.23"
"15885","27-08-23 20:45","France","Ligue 1","2023/2024","Nice","Lyon","2.00","3.87","3.89","","","1.21","4.05","1.76","2.23","2.66","1.43","4.65","1.14","1.63","2.22"
"15886","27-08-23 17:05","France","Ligue 1","2023/2024","Lorient","Lille","4.08","3.67","1.95","1.05","11.70","1.26","3.99","1.88","2.03","3.24","1.37","6.17","1.14","1.73","2.10"
"15887","27-08-23 15:00","France","Ligue 1","2023/2024","Clermont","Metz","1.95","3.67","4.08","1.05","11.00","1.32","3.50","1.99","1.91","3.43","1.34","7.06","1.11","1.73","2.10"
"15888","27-08-23 15:00","France","Ligue 1","2023/2024","Montpellier","Reims","2.16","3.57","3.48","1.04","13.00","1.23","4.33","1.82","2.10","2.86","1.45","5.41","1.17","1.55","2.46"
"15889","27-08-23 15:00","France","Ligue 1","2023/2024","Strasbourg","Toulouse","2.22","3.40","3.50","1.06","10.60","1.30","3.72","2.01","1.90","3.24","1.37","6.66","1.12","1.69","2.17"
"15890","27-08-23 13:00","France","Ligue 1","2023/2024","Rennes","Le Havre","1.54","4.31","6.61","1.05","11.70","1.24","4.25","1.80","2.13","2.88","1.44","5.66","1.16","1.79","2.02"
"15891","26-08-23 21:00","France","Ligue 1","2023/2024","PSG","Lens","1.63","4.25","5.56","1.03","15.00","1.22","4.50","1.65","2.30","2.57","1.54","4.80","1.20","1.58","2.39"
"15892","26-08-23 19:00","France","Ligue 1","2023/2024","Marseille","Brest","1.54","4.31","6.67","1.03","13.80","1.22","4.61","1.73","2.23","2.70","1.49","5.11","1.18","1.73","2.10"
"15893","25-08-23 21:00","France","Ligue 1","2023/2024","Nantes","Monaco","4.54","3.86","1.82","1.03","15.00","1.22","4.50","1.70","2.20","2.66","1.50","4.80","1.20","1.55","2.46"
"15894","20-08-23 20:45","France","Ligue 1","2023/2024","Lens","Rennes","2.35","3.58","3.07","1.05","11.00","1.29","3.75","1.99","1.91","3.43","1.34","6.54","1.13","1.69","2.17"
"15895","20-08-23 19:00","France","Ligue 1","2023/2024","Monaco","Strasbourg","1.75","4.32","4.37","1.02","18.10","1.17","5.32","1.55","2.53","2.33","1.63","4.22","1.24","1.55","2.46"
"15896","20-08-23 15:00","France","Ligue 1","2023/2024","Le Havre","Brest","3.02","3.14","2.63","1.12","6.91","1.46","2.79","2.52","1.55","5.11","1.18","10.60","1.06","1.98","1.83"
"15897","20-08-23 15:00","France","Ligue 1","2023/2024","Lorient","Nice","3.59","3.33","2.21","1.07","9.57","1.34","3.41","2.11","1.81","3.90","1.28","7.97","1.09","1.73","2.10"
"15898","20-08-23 15:00","France","Ligue 1","2023/2024","Reims","Clermont","1.84","3.86","4.38","1.05","11.70","1.26","3.99","1.88","2.03","3.06","1.40","6.17","1.14","1.73","2.10"
"15899","20-08-23 13:00","France","Ligue 1","2023/2024","Lille","Nantes","1.48","4.87","6.66","1.03","15.00","1.22","4.50","1.65","2.30","2.66","1.50","4.80","1.20","1.73","2.10"
"15900","19-08-23 21:00","France","Ligue 1","2023/2024","Toulouse","PSG","4.93","4.08","1.72","1.03","15.00","1.22","4.50","1.65","2.30","2.66","1.50","4.80","1.20","1.65","2.25"
"15901","19-08-23 19:00","France","Ligue 1","2023/2024","Lyon","Montpellier","1.86","4.14","3.97","1.02","19.50","1.19","5.00","1.51","2.63","2.26","1.67","4.14","1.25","1.52","2.54"
"15902","18-08-23 21:00","France","Ligue 1","2023/2024","Metz","Marseille","5.14","4.07","1.70","1.03","15.00","1.23","4.33","1.82","2.10","2.86","1.45","5.41","1.17","1.66","2.23"
"15903","13-08-23 20:45","France","Ligue 1","2023/2024","Strasbourg","Lyon","2.68","3.69","2.58","1.03","15.00","1.23","4.33","1.70","2.20","2.86","1.45","5.41","1.17","1.55","2.46"
"15904","13-08-23 17:05","France","Ligue 1","2023/2024","Rennes","Metz","1.63","4.31","5.45","1.04","13.00","1.23","4.33","1.82","2.10","2.86","1.45","5.41","1.17","1.69","2.17"
"15905","13-08-23 15:00","France","Ligue 1","2023/2024","Clermont","Monaco","3.28","3.46","2.29","1.05","11.70","1.24","4.25","1.80","2.13","2.88","1.44","5.66","1.16","1.61","2.31"
"15906","13-08-23 15:00","France","Ligue 1","2023/2024","Montpellier","Le Havre","1.75","3.88","5.38","1.03","8.20","1.34","3.04","2.17","1.81","3.64","1.25","6.85","1.06","2.02","1.75"
"15907","13-08-23 15:00","France","Ligue 1","2023/2024","Nantes","Toulouse","3.09","3.50","2.37","1.05","11.70","1.26","3.99","1.88","2.03","3.24","1.37","6.17","1.14","1.66","2.23"
"15908","13-08-23 13:00","France","Ligue 1","2023/2024","Brest","Lens","3.92","3.30","2.11","1.08","8.60","1.37","3.23","2.20","1.75","3.87","1.28","7.90","1.10","1.87","1.94"
"15909","12-08-23 21:00","France","Ligue 1","2023/2024","PSG","Lorient","1.43","4.94","7.75","1.05","11.70","1.24","4.25","1.80","2.13","2.88","1.44","5.66","1.16","1.92","1.88"
"15910","12-08-23 17:00","France","Ligue 1","2023/2024","Marseille","Reims","1.90","3.67","4.34","1.05","11.00","1.29","3.75","1.99","1.91","3.43","1.34","6.54","1.13","1.73","2.10"
"15911","11-08-23 21:00","France","Ligue 1","2023/2024","Nice","Lille","2.47","3.53","2.92","1.05","11.70","1.26","3.99","1.88","2.03","3.06","1.40","6.17","1.14","1.66","2.23"
"15912","03-06-23 21:00","France","Ligue 1","2022/2023","AC Ajaccio","Marseille","8.19","4.87","1.42","1.03","13.80","1.22","4.61","1.73","2.23","2.70","1.49","5.11","1.18","1.92","1.88"
"15913","03-06-23 21:00","France","Ligue 1","2022/2023","Auxerre","Lens","3.30","3.84","2.14","1.03","15.00","1.23","4.33","1.82","2.10","2.86","1.45","5.41","1.17","1.65","2.25"
"15914","03-06-23 21:00","France","Ligue 1","2022/2023","Brest","Rennes","4.81","3.87","1.77","1.03","15.00","1.22","4.50","1.70","2.20","2.66","1.50","4.80","1.20","1.70","2.15"
"15915","03-06-23 21:00","France","Ligue 1","2022/2023","Lorient","Strasbourg","3.17","3.57","2.30","1.04","13.00","1.23","4.33","1.70","2.20","2.86","1.45","5.41","1.17","1.62","2.31"
"15916","03-06-23 21:00","France","Ligue 1","2022/2023","Monaco","Toulouse","1.41","6.14","6.26","1.01","17.00","1.09","8.00","1.29","3.75","1.82","2.10","2.66","1.50","1.52","2.54"
"15917","03-06-23 21:00","France","Ligue 1","2022/2023","Nantes","Angers","1.55","4.70","6.30","1.03","18.00","1.16","4.30","1.70","2.35","2.61","1.53","4.40","1.18","1.75","2.03"
"15918","03-06-23 21:00","France","Ligue 1","2022/2023","Nice","Lyon","2.50","4.30","2.61","1.02","24.00","1.07","6.40","1.33","3.10","1.97","1.98","2.89","1.37","1.33","3.18"
"15919","03-06-23 21:00","France","Ligue 1","2022/2023","PSG","Clermont","1.32","6.70","9.20","1.01","17.00","1.05","7.30","1.27","3.48","1.81","2.17","2.53","1.47","1.55","2.38"
"15920","03-06-23 21:00","France","Ligue 1","2022/2023","Reims","Montpellier","1.88","4.25","3.82","1.02","27.00","1.13","6.50","1.41","3.00","1.99","1.91","3.24","1.37","1.43","2.82"
"15921","03-06-23 21:00","France","Ligue 1","2022/2023","Troyes","Lille","14.60","8.24","1.19","1.01","29.00","1.08","9.00","1.26","4.00","1.65","2.30","2.47","1.57","1.74","2.10"
"15922","27-05-23 21:00","France","Ligue 1","2022/2023","Angers","Troyes","1.78","4.31","4.19","1.02","21.00","1.16","5.50","1.51","2.63","2.24","1.73","3.79","1.29","1.52","2.54"
"15923","27-05-23 21:00","France","Ligue 1","2022/2023","Clermont","Lorient","2.30","3.37","3.37","1.08","9.00","1.34","3.40","2.13","1.80","3.67","1.30","7.54","1.10","1.73","2.10"
"15924","27-05-23 21:00","France","Ligue 1","2022/2023","Lens","AC Ajaccio","1.19","7.35","18.60","1.04","13.00","1.22","4.50","1.65","2.30","2.57","1.54","4.80","1.20","2.53","1.53"
"15925","27-05-23 21:00","France","Ligue 1","2022/2023","Lille","Nantes","1.45","4.77","7.54","1.04","13.00","1.23","4.33","1.82","2.10","2.86","1.45","5.41","1.17","1.98","1.83"
"15926","27-05-23 21:00","France","Ligue 1","2022/2023","Lyon","Reims","1.68","4.63","4.59","1.02","15.00","1.09","8.00","1.32","3.50","1.90","2.00","2.86","1.45","1.38","3.04"
"15927","27-05-23 21:00","France","Ligue 1","2022/2023","Marseille","Brest","1.32","6.31","8.94","1.03","20.00","1.16","5.50","1.51","2.63","2.26","1.67","3.79","1.29","1.87","1.94"
"15928","27-05-23 21:00","France","Ligue 1","2022/2023","Montpellier","Nice","2.43","3.69","2.87","1.03","15.00","1.23","4.33","1.70","2.20","2.86","1.45","5.41","1.17","1.62","2.31"
"15929","27-05-23 21:00","France","Ligue 1","2022/2023","Rennes","Monaco","2.01","3.88","3.62","1.02","17.00","1.19","5.00","1.61","2.38","2.47","1.57","4.48","1.22","1.50","2.58"
"15930","27-05-23 21:00","France","Ligue 1","2022/2023","Strasbourg","PSG","4.88","4.15","1.71","1.03","20.00","1.17","5.32","1.50","2.66","2.23","1.69","3.90","1.28","1.54","2.50"
"15931","27-05-23 21:00","France","Ligue 1","2022/2023","Toulouse","Auxerre","2.03","3.90","3.55","1.02","17.00","1.19","5.00","1.61","2.38","2.37","1.62","4.14","1.25","1.52","2.54"
"15932","21-05-23 20:45","France","Ligue 1","2022/2023","Auxerre","PSG","8.29","5.59","1.37","1.02","18.10","1.17","5.32","1.50","2.66","2.23","1.69","3.90","1.28","1.78","2.04"
"15933","21-05-23 17:05","France","Ligue 1","2022/2023","Lorient","Lens","4.83","4.10","1.73","1.05","11.70","1.26","3.99","1.88","2.03","3.06","1.40","6.17","1.14","1.79","2.02"
"15934","21-05-23 15:00","France","Ligue 1","2022/2023","Brest","Clermont","2.15","3.64","3.44","1.06","10.00","1.34","3.40","2.13","1.80","3.79","1.29","7.54","1.10","1.79","2.02"
"15935","21-05-23 15:00","France","Ligue 1","2022/2023","Nice","Toulouse","1.98","3.90","3.71","1.01","17.00","1.19","5.00","1.61","2.38","2.47","1.57","4.48","1.22","1.57","2.42"
"15936","21-05-23 15:00","France","Ligue 1","2022/2023","Reims","Angers","1.37","6.21","7.25","1.02","23.00","1.14","6.00","1.41","3.00","2.13","1.80","3.43","1.34","1.74","2.10"
"15937","21-05-23 15:00","France","Ligue 1","2022/2023","Troyes","Strasbourg","7.12","5.29","1.43","1.03","15.00","1.22","4.50","1.65","2.30","2.66","1.50","4.80","1.20","1.90","1.90"
"15938","21-05-23 13:00","France","Ligue 1","2022/2023","AC Ajaccio","Rennes","8.13","4.41","1.47","1.06","10.60","1.30","3.72","1.88","2.03","3.24","1.37","6.17","1.14","2.03","1.79"
"15939","20-05-23 21:00","France","Ligue 1","2022/2023","Lille","Marseille","2.93","3.63","2.42","1.03","13.80","1.24","4.25","1.80","2.13","2.88","1.44","5.66","1.16","1.58","2.39"
"15940","20-05-23 17:00","France","Ligue 1","2022/2023","Nantes","Montpellier","2.28","3.67","3.13","1.05","11.00","1.29","3.75","1.99","1.91","3.43","1.34","6.54","1.13","1.78","2.04"
"15941","19-05-23 21:00","France","Ligue 1","2022/2023","Lyon","Monaco","2.24","4.09","2.94","1.02","19.00","1.16","5.50","1.48","2.75","2.24","1.73","3.67","1.30","1.48","2.68"
"15942","14-05-23 20:45","France","Ligue 1","2022/2023","Marseille","Angers","1.17","9.91","14.00","1.02","27.00","1.12","6.91","1.34","3.41","2.01","1.90","3.06","1.40","2.03","1.79"
"15943","14-05-23 17:05","France","Ligue 1","2022/2023","Monaco","Lille","2.70","3.69","2.57","1.03","15.00","1.23","4.33","1.70","2.20","2.86","1.45","5.41","1.17","1.55","2.46"
"15944","14-05-23 15:00","France","Ligue 1","2022/2023","Brest","Auxerre","1.94","3.36","4.58","1.09","8.00","1.37","3.20","2.35","1.67","4.14","1.25","8.45","1.09","1.87","1.94"
"15945","14-05-23 15:00","France","Ligue 1","2022/2023","Montpellier","Lorient","1.96","3.60","4.11","1.05","11.70","1.26","3.99","1.88","2.03","3.24","1.37","6.17","1.14","1.73","2.10"
"15946","14-05-23 15:00","France","Ligue 1","2022/2023","Rennes","Troyes","1.19","8.24","14.40","1.01","17.00","1.09","8.00","1.32","3.50","1.90","2.00","2.86","1.45","1.83","1.98"
"15947","14-05-23 15:00","France","Ligue 1","2022/2023","Toulouse","Nantes","2.26","3.76","3.24","1.01","11.00","1.22","3.92","1.80","2.18","2.73","1.41","4.84","1.13","1.62","2.24"
"15948","14-05-23 13:00","France","Ligue 1","2022/2023","Clermont","Lyon","4.13","3.83","1.90","1.02","16.00","1.20","4.79","1.63","2.34","2.52","1.55","4.53","1.22","1.58","2.39"
"15949","13-05-23 21:00","France","Ligue 1","2022/2023","PSG","AC Ajaccio","1.11","12.50","19.90","1.02","26.00","1.13","6.38","1.38","3.19","2.01","1.90","3.06","1.40","2.53","1.53"
"15950","13-05-23 17:00","France","Ligue 1","2022/2023","Strasbourg","Nice","2.63","3.46","2.76","1.06","10.60","1.30","3.72","1.88","2.03","3.24","1.37","6.66","1.12","1.66","2.23"
"15951","12-05-23 21:00","France","Ligue 1","2022/2023","Lens","Reims","1.56","4.76","6.05","1.03","18.00","1.16","4.74","1.63","2.48","2.38","1.53","3.98","1.19","1.69","2.11"
"15952","07-05-23 20:45","France","Ligue 1","2022/2023","Troyes","PSG","10.30","6.59","1.28","1.02","29.00","1.10","7.45","1.31","3.62","1.88","2.03","2.88","1.44","1.83","1.98"
"15953","07-05-23 17:05","France","Ligue 1","2022/2023","Lyon","Montpellier","1.72","4.38","4.54","1.02","18.10","1.20","4.79","1.55","2.53","2.43","1.59","4.22","1.24","1.58","2.39"
"15954","07-05-23 15:00","France","Ligue 1","2022/2023","AC Ajaccio","Toulouse","3.92","3.62","2.06","1.03","8.20","1.34","3.04","2.17","1.81","3.64","1.25","6.90","1.06","1.89","1.87"
"15955","07-05-23 15:00","France","Ligue 1","2022/2023","Auxerre","Clermont","2.58","3.48","2.80","1.07","9.57","1.34","3.41","2.11","1.81","3.90","1.28","7.97","1.09","1.79","2.02"
"15956","07-05-23 15:00","France","Ligue 1","2022/2023","Lorient","Brest","2.51","3.38","2.97","1.08","8.51","1.43","2.93","2.23","1.69","4.22","1.24","8.74","1.08","1.87","1.94"
"15957","07-05-23 15:00","France","Ligue 1","2022/2023","Nantes","Strasbourg","2.94","3.38","2.54","1.08","8.51","1.38","3.19","2.23","1.69","4.22","1.24","8.74","1.08","1.87","1.94"
"15958","07-05-23 13:00","France","Ligue 1","2022/2023","Angers","Monaco","6.06","4.14","1.60","1.03","13.80","1.22","4.61","1.63","2.34","2.52","1.55","4.53","1.22","1.70","2.16"
"15959","06-05-23 21:00","France","Ligue 1","2022/2023","Lens","Marseille","2.28","3.57","3.22","1.05","11.70","1.26","3.99","1.88","2.03","3.06","1.40","6.17","1.14","1.66","2.23"
"15960","06-05-23 19:00","France","Ligue 1","2022/2023","Reims","Lille","3.70","3.88","2.05","","","1.21","4.04","1.78","2.21","2.70","1.42","4.74","1.13","1.63","2.22"
"15961","06-05-23 17:00","France","Ligue 1","2022/2023","Nice","Rennes","2.63","3.30","2.89","1.05","11.00","1.26","4.00","1.90","2.00","3.06","1.40","6.00","1.14","1.65","2.25"
"15962","03-05-23 21:00","France","Ligue 1","2022/2023","Brest","Nantes","2.50","3.30","3.19","1.05","7.10","1.43","2.66","2.45","1.65","4.34","1.18","8.40","1.03","1.99","1.78"
"15963","02-05-23 21:00","France","Ligue 1","2022/2023","Toulouse","Lens","4.91","4.48","1.66","1.03","20.00","1.19","5.00","1.56","2.50","2.37","1.62","4.14","1.25","1.62","2.31"
"15964","30-04-23 20:45","France","Ligue 1","2022/2023","Marseille","Auxerre","1.34","5.66","9.13","1.02","16.00","1.17","5.32","1.55","2.53","2.43","1.59","4.22","1.24","1.92","1.88"
"15965","30-04-23 17:05","France","Ligue 1","2022/2023","PSG","Lorient","1.20","8.22","13.10","1.01","17.00","1.10","7.45","1.31","3.62","1.80","2.13","2.88","1.44","1.73","2.10"
"15966","30-04-23 15:00","France","Ligue 1","2022/2023","Clermont","Reims","3.28","3.65","2.23","1.01","11.00","1.26","4.00","1.90","2.00","3.06","1.40","6.00","1.14","1.70","2.15"
"15967","30-04-23 15:00","France","Ligue 1","2022/2023","Rennes","Angers","1.31","5.56","11.10","1.03","15.00","1.22","4.50","1.65","2.30","2.57","1.54","4.48","1.22","1.98","1.83"
"15968","30-04-23 15:00","France","Ligue 1","2022/2023","Troyes","Nice","5.16","3.92","1.72","1.03","15.00","1.26","4.00","1.90","2.00","3.06","1.40","6.00","1.14","1.78","2.04"
"15969","30-04-23 13:00","France","Ligue 1","2022/2023","Monaco","Montpellier","1.55","4.41","6.23","1.02","18.10","1.17","5.32","1.55","2.53","2.33","1.63","4.22","1.24","1.63","2.29"
"15970","29-04-23 17:00","France","Ligue 1","2022/2023","Lille","AC Ajaccio","1.31","5.35","12.20","1.04","12.20","1.23","4.44","1.74","2.22","2.78","1.47","4.92","1.19","2.18","1.69"
"15971","28-04-23 21:00","France","Ligue 1","2022/2023","Strasbourg","Lyon","2.75","3.60","2.67","1.01","9.40","1.27","3.48","1.96","1.98","3.10","1.33","5.70","1.09","1.70","2.10"
"15972","23-04-23 20:45","France","Ligue 1","2022/2023","Lyon","Marseille","2.64","3.41","2.79","1.03","13.80","1.24","4.25","1.80","2.13","2.88","1.44","5.66","1.16","1.58","2.39"
"15973","23-04-23 17:05","France","Ligue 1","2022/2023","Montpellier","Rennes","3.28","3.44","2.37","1.03","8.40","1.30","3.28","2.05","1.90","3.34","1.29","6.15","1.08","1.77","2.00"
"15974","23-04-23 15:00","France","Ligue 1","2022/2023","AC Ajaccio","Brest","3.33","3.13","2.44","1.11","7.00","1.51","2.63","2.57","1.54","4.80","1.20","11.20","1.05","2.10","1.74"
"15975","23-04-23 15:00","France","Ligue 1","2022/2023","Lorient","Toulouse","2.56","3.58","2.77","1.03","13.80","1.24","4.25","1.80","2.13","2.88","1.44","5.66","1.16","1.63","2.29"
"15976","23-04-23 15:00","France","Ligue 1","2022/2023","Nantes","Troyes","1.54","4.61","6.14","1.03","13.80","1.22","4.61","1.73","2.23","2.70","1.49","5.11","1.18","1.85","1.96"
"15977","23-04-23 15:00","France","Ligue 1","2022/2023","Nice","Clermont","1.70","3.66","5.95","1.06","10.00","1.32","3.50","1.99","1.91","3.43","1.34","7.06","1.11","1.90","1.90"
"15978","23-04-23 13:00","France","Ligue 1","2022/2023","Reims","Strasbourg","2.14","3.52","3.58","1.05","11.00","1.29","3.75","1.99","1.91","3.43","1.34","6.54","1.13","1.66","2.23"
"15979","22-04-23 21:00","France","Ligue 1","2022/2023","Lens","Monaco","2.06","3.69","3.64","1.03","13.80","1.20","4.79","1.63","2.34","2.52","1.55","4.53","1.22","1.55","2.46"
"15980","22-04-23 17:00","France","Ligue 1","2022/2023","Auxerre","Lille","5.95","4.41","1.57","1.05","11.70","1.26","3.99","1.88","2.03","3.06","1.40","6.17","1.14","1.92","1.88"
"15981","21-04-23 21:00","France","Ligue 1","2022/2023","Angers","PSG","15.60","9.39","1.16","1.02","28.00","1.12","6.91","1.34","3.41","1.88","2.03","2.88","1.44","2.04","1.78"
"15982","16-04-23 20:45","France","Ligue 1","2022/2023","Marseille","Troyes","1.25","6.60","13.20","1.02","18.10","1.15","5.85","1.46","2.79","2.14","1.74","3.57","1.31","1.98","1.83"
"15983","16-04-23 17:05","France","Ligue 1","2022/2023","Monaco","Lorient","1.34","5.77","8.83","1.02","24.00","1.16","5.50","1.48","2.75","2.24","1.73","3.67","1.30","1.69","2.17"
"15984","16-04-23 15:00","France","Ligue 1","2022/2023","Auxerre","Nantes","2.95","2.99","2.80","1.12","6.91","1.50","2.66","2.52","1.55","5.11","1.18","10.60","1.06","1.98","1.83"
"15985","16-04-23 15:00","France","Ligue 1","2022/2023","Brest","Nice","2.66","3.27","2.86","1.08","8.51","1.38","3.19","2.22","1.74","3.90","1.28","7.97","1.09","1.79","2.02"
"15986","16-04-23 15:00","France","Ligue 1","2022/2023","Clermont","Angers","1.84","3.71","4.60","1.08","9.00","1.34","3.40","2.13","1.80","3.79","1.29","7.54","1.10","1.98","1.83"
"15987","16-04-23 15:00","France","Ligue 1","2022/2023","Strasbourg","AC Ajaccio","1.74","3.49","5.89","1.12","6.91","1.50","2.66","2.52","1.55","5.11","1.18","10.60","1.06","2.35","1.59"
"15988","16-04-23 13:00","France","Ligue 1","2022/2023","Lille","Montpellier","1.57","4.64","6.05","1.03","18.00","1.17","4.50","1.67","2.40","2.45","1.50","4.20","1.17","1.72","2.07"
"15989","15-04-23 21:00","France","Ligue 1","2022/2023","PSG","Lens","1.72","4.11","4.84","1.02","18.10","1.17","5.32","1.55","2.53","2.43","1.59","4.22","1.24","1.58","2.39"
"15990","15-04-23 17:00","France","Ligue 1","2022/2023","Rennes","Reims","2.17","3.49","3.54","1.05","11.70","1.26","3.99","1.88","2.03","3.06","1.40","6.17","1.14","1.66","2.23"
"15991","14-04-23 21:00","France","Ligue 1","2022/2023","Toulouse","Lyon","3.55","3.90","2.03","1.02","16.00","1.20","4.79","1.63","2.34","2.52","1.55","4.53","1.22","1.55","2.46"
"15992","09-04-23 20:45","France","Ligue 1","2022/2023","Lorient","Marseille","5.95","4.41","1.57","1.03","13.80","1.22","4.61","1.63","2.34","2.70","1.49","5.11","1.18","1.69","2.17"
"15993","09-04-23 17:05","France","Ligue 1","2022/2023","Nantes","Monaco","4.39","3.78","1.86","1.03","13.80","1.22","4.61","1.63","2.34","2.52","1.55","4.53","1.22","1.58","2.39"
"15994","09-04-23 15:00","France","Ligue 1","2022/2023","AC Ajaccio","Auxerre","2.70","2.85","3.25","1.17","5.32","1.73","2.23","3.06","1.40","6.66","1.12","14.30","1.03","2.29","1.63"
"15995","09-04-23 15:00","France","Ligue 1","2022/2023","Montpellier","Toulouse","1.94","3.85","3.93","1.03","13.80","1.22","4.61","1.73","2.23","2.70","1.49","5.11","1.18","1.58","2.39"
"15996","09-04-23 15:00","France","Ligue 1","2022/2023","Reims","Brest","1.62","4.08","5.96","1.05","11.70","1.26","3.99","1.88","2.03","3.06","1.40","6.17","1.14","1.85","1.96"
"15997","09-04-23 15:00","France","Ligue 1","2022/2023","Troyes","Clermont","3.14","3.35","2.42","1.06","10.60","1.31","3.62","2.11","1.81","3.57","1.31","7.12","1.11","1.73","2.10"
"15998","09-04-23 13:00","France","Ligue 1","2022/2023","Lyon","Rennes","2.24","3.56","3.30","1.03","13.80","1.24","4.25","1.80","2.13","2.88","1.44","5.66","1.16","1.58","2.39"
"15999","08-04-23 21:00","France","Ligue 1","2022/2023","Nice","PSG","4.53","3.86","1.82","1.04","12.30","1.29","3.77","1.92","1.98","3.05","1.40","5.76","1.15","1.63","2.29"
"16000","08-04-23 17:00","France","Ligue 1","2022/2023","Angers","Lille","8.03","5.29","1.39","1.04","13.00","1.22","4.50","1.65","2.30","2.57","1.54","4.80","1.20","1.90","1.90"
"16001","07-04-23 21:00","France","Ligue 1","2022/2023","Lens","Strasbourg","1.57","4.44","6.45","1.01","9.90","1.25","3.64","1.90","2.04","2.99","1.35","5.45","1.10","1.95","1.81"
"16002","02-04-23 20:45","France","Ligue 1","2022/2023","PSG","Lyon","1.45","5.07","7.09","1.02","23.00","1.13","6.38","1.43","2.93","2.11","1.81","3.46","1.33","1.58","2.38"
"16003","02-04-23 17:05","France","Ligue 1","2022/2023","Monaco","Strasbourg","1.57","4.31","6.27","1.03","13.80","1.22","4.61","1.63","2.34","2.70","1.49","5.11","1.18","1.69","2.17"
"16004","02-04-23 15:00","France","Ligue 1","2022/2023","Angers","Nice","5.95","3.81","1.66","1.07","9.57","1.31","3.62","2.11","1.81","3.57","1.31","7.12","1.11","1.98","1.83"
"16005","02-04-23 15:00","France","Ligue 1","2022/2023","Brest","Toulouse","2.93","3.46","2.50","1.05","11.00","1.26","4.00","1.90","2.00","3.06","1.40","6.00","1.14","1.70","2.15"
"16006","02-04-23 15:00","France","Ligue 1","2022/2023","Clermont","AC Ajaccio","2.00","3.07","4.90","1.15","5.85","1.58","2.45","2.88","1.44","5.66","1.16","11.80","1.05","2.25","1.65"
"16007","02-04-23 15:00","France","Ligue 1","2022/2023","Nantes","Reims","3.40","3.50","2.22","1.07","9.43","1.35","3.30","2.26","1.71","3.65","1.30","7.51","1.10","1.83","1.98"
"16008","02-04-23 13:00","France","Ligue 1","2022/2023","Lille","Lorient","1.44","5.33","6.71","1.02","23.00","1.16","5.50","1.51","2.63","2.26","1.67","3.79","1.29","1.66","2.23"
"16009","01-04-23 21:00","France","Ligue 1","2022/2023","Rennes","Lens","3.00","3.36","2.60","1.04","7.40","1.39","2.81","2.34","1.70","4.04","1.21","7.80","1.04","1.92","1.84"
"16010","01-04-23 17:00","France","Ligue 1","2022/2023","Auxerre","Troyes","1.97","3.64","4.28","1.03","8.00","1.35","2.99","2.20","1.79","3.72","1.24","7.10","1.05","1.95","1.81"
"16011","31-03-23 21:00","France","Ligue 1","2022/2023","Marseille","Montpellier","1.58","4.28","6.11","1.03","13.80","1.22","4.61","1.73","2.23","2.70","1.49","5.11","1.18","1.73","2.10"
"16012","19-03-23 20:45","France","Ligue 1","2022/2023","Reims","Marseille","3.19","3.48","2.32","1.05","11.00","1.26","4.00","1.90","2.00","3.24","1.37","6.00","1.14","1.70","2.15"
"16013","19-03-23 17:05","France","Ligue 1","2022/2023","PSG","Rennes","1.52","4.92","6.45","1.03","19.00","1.14","4.64","1.53","2.38","2.49","1.63","4.04","1.21","1.69","2.11"
"16014","19-03-23 15:00","France","Ligue 1","2022/2023","Montpellier","Clermont","1.80","3.69","4.90","1.07","9.57","1.34","3.41","2.11","1.81","3.90","1.28","7.97","1.09","1.92","1.88"
"16015","19-03-23 15:00","France","Ligue 1","2022/2023","Nice","Lorient","1.65","3.95","5.81","1.06","10.00","1.32","3.50","1.99","1.91","3.43","1.34","7.06","1.11","1.98","1.83"
"16016","19-03-23 15:00","France","Ligue 1","2022/2023","Strasbourg","Auxerre","2.03","3.34","4.22","1.09","8.00","1.41","3.00","2.37","1.62","4.48","1.22","9.26","1.07","2.04","1.78"
"16017","19-03-23 15:00","France","Ligue 1","2022/2023","Troyes","Brest","2.98","3.42","2.49","1.06","10.00","1.34","3.40","2.24","1.73","3.79","1.29","7.54","1.10","1.83","1.98"
"16018","19-03-23 13:00","France","Ligue 1","2022/2023","AC Ajaccio","Monaco","7.20","3.90","1.58","1.08","8.99","1.31","3.60","2.02","1.89","3.73","1.30","7.61","1.10","2.03","1.79"
"16019","18-03-23 21:00","France","Ligue 1","2022/2023","Lens","Angers","1.23","7.49","12.10","1.02","24.00","1.13","6.38","1.43","2.93","2.11","1.81","3.46","1.33","1.92","1.88"
"16020","18-03-23 17:00","France","Ligue 1","2022/2023","Toulouse","Lille","3.80","3.83","1.98","1.02","16.00","1.21","4.72","1.68","2.24","2.63","1.51","4.76","1.20","1.55","2.46"
"16021","17-03-23 21:00","France","Ligue 1","2022/2023","Lyon","Nantes","1.61","4.27","5.68","1.03","13.80","1.22","4.61","1.73","2.23","2.70","1.49","5.11","1.18","1.78","2.04"
"16022","12-03-23 20:45","France","Ligue 1","2022/2023","Marseille","Strasbourg","1.41","4.84","8.67","1.03","13.80","1.22","4.61","1.73","2.23","2.70","1.49","5.11","1.18","1.98","1.83"
"16023","12-03-23 17:05","France","Ligue 1","2022/2023","Monaco","Reims","1.88","3.67","4.43","1.03","13.80","1.22","4.61","1.73","2.23","2.70","1.49","5.11","1.18","1.61","2.31"
"16024","12-03-23 15:00","France","Ligue 1","2022/2023","AC Ajaccio","Montpellier","3.68","3.05","2.32","1.13","6.38","1.55","2.53","2.70","1.49","5.11","1.18","10.60","1.06","2.03","1.79"
"16025","12-03-23 15:00","France","Ligue 1","2022/2023","Angers","Toulouse","4.13","3.68","1.94","1.05","11.00","1.29","3.75","1.99","1.91","3.24","1.37","6.54","1.13","1.78","2.04"
"16026","12-03-23 15:00","France","Ligue 1","2022/2023","Lorient","Troyes","1.73","3.84","5.18","1.05","11.00","1.26","4.00","1.90","2.00","3.06","1.40","6.00","1.14","1.78","2.04"
"16027","12-03-23 15:00","France","Ligue 1","2022/2023","Nantes","Nice","3.12","3.27","2.47","1.10","7.55","1.53","2.59","2.52","1.55","4.76","1.20","9.85","1.06","2.04","1.78"
"16028","12-03-23 13:00","France","Ligue 1","2022/2023","Clermont","Lens","5.48","3.92","1.69","1.05","11.70","1.30","3.72","1.88","2.03","3.24","1.37","6.17","1.14","1.87","1.94"
"16029","11-03-23 21:00","France","Ligue 1","2022/2023","Brest","PSG","9.42","5.41","1.35","1.02","18.10","1.17","5.32","1.46","2.79","2.23","1.69","3.90","1.28","1.78","2.04"
"16030","11-03-23 17:00","France","Ligue 1","2022/2023","Auxerre","Rennes","4.15","3.34","2.04","1.08","8.51","1.38","3.19","2.22","1.74","4.22","1.24","8.74","1.08","1.92","1.88"
"16031","10-03-23 21:00","France","Ligue 1","2022/2023","Lille","Lyon","1.89","3.94","4.30","1.01","11.00","1.19","4.50","1.70","2.34","2.52","1.50","4.30","1.17","1.61","2.25"
"16032","05-03-23 20:45","France","Ligue 1","2022/2023","Rennes","Marseille","3.25","3.46","2.30","1.06","10.60","1.30","3.72","2.01","1.90","3.24","1.37","6.66","1.12","1.69","2.17"
"16033","05-03-23 17:05","France","Ligue 1","2022/2023","Lyon","Lorient","1.64","4.27","5.34","1.04","13.00","1.23","4.33","1.70","2.20","2.86","1.45","5.41","1.17","1.78","2.04"
"16034","05-03-23 15:00","France","Ligue 1","2022/2023","Montpellier","Angers","1.82","3.61","4.94","1.07","9.57","1.34","3.41","2.11","1.81","3.57","1.31","7.97","1.09","1.92","1.88"
"16035","05-03-23 15:00","France","Ligue 1","2022/2023","Reims","AC Ajaccio","1.55","3.90","7.64","1.06","10.00","1.32","3.50","2.13","1.80","3.67","1.30","7.06","1.11","2.04","1.78"
"16036","05-03-23 15:00","France","Ligue 1","2022/2023","Strasbourg","Brest","1.98","3.37","4.35","1.08","8.51","1.34","3.41","2.22","1.74","3.90","1.28","7.97","1.09","1.92","1.88"
"16037","05-03-23 15:00","France","Ligue 1","2022/2023","Toulouse","Clermont","1.70","3.91","5.40","1.05","11.70","1.24","4.25","1.80","2.13","2.88","1.44","5.66","1.16","1.74","2.10"
"16038","05-03-23 13:00","France","Ligue 1","2022/2023","Troyes","Monaco","7.09","4.87","1.46","1.02","16.00","1.20","4.79","1.55","2.53","2.43","1.59","4.22","1.24","1.69","2.17"
"16039","04-03-23 21:00","France","Ligue 1","2022/2023","PSG","Nantes","1.26","6.11","13.00","1.02","16.00","1.17","5.32","1.55","2.53","2.33","1.63","4.22","1.24","1.98","1.83"
"16040","04-03-23 17:00","France","Ligue 1","2022/2023","Lens","Lille","2.48","3.58","3.01","1.03","8.60","1.31","3.22","2.08","1.87","3.40","1.28","6.45","1.06","1.79","1.98"
"16041","03-03-23 21:00","France","Ligue 1","2022/2023","Nice","Auxerre","1.70","3.81","5.51","1.08","9.00","1.37","3.20","2.24","1.73","3.79","1.29","7.54","1.10","2.04","1.78"
"16042","26-02-23 20:45","France","Ligue 1","2022/2023","Marseille","PSG","3.42","3.65","2.15","1.03","13.80","1.22","4.61","1.73","2.23","2.70","1.49","5.11","1.18","1.55","2.46"
"16043","26-02-23 17:05","France","Ligue 1","2022/2023","Monaco","Nice","2.00","3.67","3.88","1.05","11.70","1.30","3.72","2.01","1.90","3.46","1.33","6.66","1.12","1.73","2.10"
"16044","26-02-23 15:00","France","Ligue 1","2022/2023","AC Ajaccio","Troyes","2.06","3.23","4.23","1.13","6.50","1.51","2.63","2.66","1.50","5.41","1.17","11.20","1.05","2.15","1.70"
"16045","26-02-23 15:00","France","Ligue 1","2022/2023","Clermont","Strasbourg","2.94","2.97","2.82","1.13","6.38","1.55","2.53","2.70","1.49","5.66","1.16","11.80","1.05","2.09","1.74"
"16046","26-02-23 15:00","France","Ligue 1","2022/2023","Nantes","Rennes","3.92","3.28","2.13","1.08","8.51","1.38","3.19","2.22","1.74","3.90","1.28","7.97","1.09","1.87","1.94"
"16047","26-02-23 15:00","France","Ligue 1","2022/2023","Reims","Toulouse","2.20","3.53","3.43","1.04","13.00","1.23","4.33","1.82","2.10","2.86","1.45","5.41","1.17","1.65","2.25"
"16048","26-02-23 13:00","France","Ligue 1","2022/2023","Lorient","Auxerre","2.12","3.34","3.86","1.07","9.57","1.34","3.41","2.11","1.81","3.90","1.28","7.97","1.09","1.79","2.02"
"16049","25-02-23 21:00","France","Ligue 1","2022/2023","Montpellier","Lens","4.76","3.72","1.82","1.06","10.60","1.34","3.41","2.11","1.81","3.57","1.31","7.12","1.11","1.87","1.94"
"16050","25-02-23 17:00","France","Ligue 1","2022/2023","Angers","Lyon","4.96","3.89","1.74","1.05","11.70","1.30","3.72","1.88","2.03","3.24","1.37","6.66","1.12","1.85","1.96"
"16051","24-02-23 21:00","France","Ligue 1","2022/2023","Lille","Brest","1.39","5.10","8.66","1.04","13.00","1.22","4.50","1.65","2.30","2.66","1.50","4.80","1.20","1.98","1.83"
"16052","19-02-23 20:45","France","Ligue 1","2022/2023","Toulouse","Marseille","4.22","3.68","1.91","1.03","13.80","1.22","4.61","1.73","2.23","2.70","1.49","5.11","1.18","1.58","2.39"
"16053","19-02-23 17:05","France","Ligue 1","2022/2023","Lens","Nantes","1.55","4.07","7.21","1.07","9.57","1.31","3.62","2.01","1.90","3.46","1.33","6.66","1.12","2.03","1.79"
"16054","19-02-23 15:00","France","Ligue 1","2022/2023","Brest","Monaco","4.71","3.68","1.83","1.03","13.80","1.24","4.25","1.80","2.13","2.88","1.44","5.66","1.16","1.70","2.16"
"16055","19-02-23 15:00","France","Ligue 1","2022/2023","Lorient","AC Ajaccio","2.02","3.46","4.06","1.11","7.00","1.51","2.63","2.57","1.54","5.41","1.17","11.20","1.05","2.25","1.65"
"16056","19-02-23 15:00","France","Ligue 1","2022/2023","Rennes","Clermont","1.61","4.04","6.19","1.06","10.00","1.32","3.50","2.13","1.80","3.67","1.30","7.06","1.11","2.04","1.78"
"16057","19-02-23 15:00","France","Ligue 1","2022/2023","Troyes","Montpellier","3.34","3.34","2.31","1.06","10.60","1.30","3.72","1.88","2.03","3.24","1.37","6.66","1.12","1.70","2.16"
"16058","19-02-23 13:00","France","Ligue 1","2022/2023","PSG","Lille","1.61","4.31","5.63","1.03","20.00","1.15","5.85","1.46","2.79","2.14","1.74","3.90","1.28","1.50","2.58"
"16059","18-02-23 21:00","France","Ligue 1","2022/2023","Strasbourg","Angers","1.95","3.49","4.31","1.08","8.51","1.38","3.19","2.22","1.74","3.90","1.28","7.97","1.09","1.92","1.88"
"16060","18-02-23 17:00","France","Ligue 1","2022/2023","Nice","Reims","2.04","3.50","3.94","1.06","10.60","1.30","3.72","1.88","2.03","3.24","1.37","6.17","1.14","1.69","2.17"
"16061","17-02-23 21:00","France","Ligue 1","2022/2023","Auxerre","Lyon","4.48","3.90","1.86","1.01","9.50","1.27","3.48","1.95","1.99","3.10","1.33","5.65","1.09","1.80","1.96"
"16062","12-02-23 20:45","France","Ligue 1","2022/2023","Lyon","Lens","2.40","3.39","3.14","1.06","9.68","1.37","3.23","2.20","1.75","3.87","1.28","7.90","1.10","1.79","2.02"
"16063","12-02-23 17:05","France","Ligue 1","2022/2023","Nantes","Lorient","2.02","3.60","3.88","1.07","9.43","1.35","3.30","2.12","1.81","3.65","1.30","6.96","1.11","1.69","2.17"
"16064","12-02-23 15:00","France","Ligue 1","2022/2023","Angers","Auxerre","2.34","3.37","3.26","1.08","8.49","1.41","3.02","2.38","1.65","4.40","1.23","8.99","1.08","1.79","2.02"
"16065","12-02-23 15:00","France","Ligue 1","2022/2023","Lille","Strasbourg","1.42","5.13","7.64","1.02","16.00","1.20","4.79","1.58","2.45","2.52","1.55","4.53","1.22","1.78","2.04"
"16066","12-02-23 15:00","France","Ligue 1","2022/2023","Montpellier","Brest","2.33","3.38","3.28","1.06","10.60","1.30","3.72","2.01","1.90","3.46","1.33","6.66","1.12","1.74","2.10"
"16067","12-02-23 15:00","France","Ligue 1","2022/2023","Reims","Troyes","1.54","4.61","6.14","1.03","13.80","1.22","4.61","1.73","2.23","2.70","1.49","5.11","1.18","1.78","2.04"
"16068","12-02-23 13:00","France","Ligue 1","2022/2023","Toulouse","Rennes","3.12","3.37","2.42","1.03","13.80","1.24","4.25","1.80","2.13","2.88","1.44","5.66","1.16","1.58","2.39"
"16069","11-02-23 21:00","France","Ligue 1","2022/2023","Clermont","Marseille","5.45","3.98","1.72","1.02","8.80","1.31","3.22","2.06","1.89","3.40","1.28","6.35","1.07","1.95","1.81"
"16070","11-02-23 17:00","France","Ligue 1","2022/2023","Monaco","PSG","2.50","3.39","2.98","1.03","13.80","1.24","4.25","1.80","2.13","2.88","1.44","5.66","1.16","1.58","2.39"
"16071","10-02-23 21:00","France","Ligue 1","2022/2023","Nice","AC Ajaccio","1.63","3.59","7.18","1.05","7.20","1.46","2.79","2.43","1.59","5.11","1.18","10.60","1.03","2.35","1.59"
"16072","05-02-23 20:45","France","Ligue 1","2022/2023","Marseille","Nice","1.66","4.07","5.42","1.06","10.00","1.32","3.50","1.99","1.91","3.43","1.34","7.06","1.11","1.87","1.94"
"16073","05-02-23 17:05","France","Ligue 1","2022/2023","Brest","Lens","4.65","3.54","1.88","1.07","9.57","1.31","3.62","2.01","1.90","3.46","1.33","7.12","1.11","1.79","2.02"
"16074","05-02-23 15:00","France","Ligue 1","2022/2023","AC Ajaccio","Nantes","2.79","3.01","2.94","1.13","6.38","1.55","2.53","2.70","1.49","5.66","1.16","11.80","1.05","2.12","1.73"
"16075","05-02-23 15:00","France","Ligue 1","2022/2023","Auxerre","Reims","4.18","3.72","1.91","1.06","10.60","1.31","3.62","2.01","1.90","3.46","1.33","6.66","1.12","1.83","1.98"
"16076","05-02-23 15:00","France","Ligue 1","2022/2023","Lorient","Angers","1.94","3.49","4.36","1.06","10.00","1.32","3.50","1.99","1.91","3.43","1.34","7.06","1.11","1.78","2.04"
"16077","05-02-23 15:00","France","Ligue 1","2022/2023","Strasbourg","Montpellier","2.17","3.38","3.66","1.07","9.57","1.31","3.62","2.01","1.90","3.46","1.33","7.12","1.11","1.73","2.10"
"16078","05-02-23 13:00","France","Ligue 1","2022/2023","Clermont","Monaco","4.66","3.79","1.81","1.05","12.10","1.28","3.85","1.83","2.09","3.15","1.38","6.00","1.14","1.83","1.98"
"16079","04-02-23 21:00","France","Ligue 1","2022/2023","Rennes","Lille","2.33","3.38","3.28","1.07","9.57","1.31","3.62","2.11","1.81","3.57","1.31","7.12","1.11","1.94","1.87"
"16080","04-02-23 19:00","France","Ligue 1","2022/2023","Troyes","Lyon","4.82","4.33","1.69","1.03","13.80","1.22","4.61","1.63","2.34","2.70","1.49","5.11","1.18","1.69","2.17"
"16081","04-02-23 17:00","France","Ligue 1","2022/2023","PSG","Toulouse","1.42","5.13","7.72","1.02","23.00","1.15","5.85","1.46","2.79","2.14","1.74","3.57","1.31","1.66","2.22"
"16082","01-02-23 21:00","France","Ligue 1","2022/2023","Lens","Nice","1.85","3.39","5.13","1.08","8.51","1.38","3.19","2.22","1.74","3.90","1.28","8.74","1.08","1.92","1.88"
"16083","01-02-23 21:00","France","Ligue 1","2022/2023","Lyon","Brest","1.51","4.42","7.05","1.04","13.00","1.23","4.33","1.70","2.20","2.66","1.50","4.80","1.20","1.69","2.17"
"16084","01-02-23 21:00","France","Ligue 1","2022/2023","Monaco","Auxerre","1.35","5.31","9.60","1.02","16.00","1.20","4.79","1.55","2.53","2.43","1.59","4.22","1.24","1.85","1.96"
"16085","01-02-23 21:00","France","Ligue 1","2022/2023","Montpellier","PSG","9.51","6.31","1.30","1.02","24.00","1.15","5.85","1.43","2.93","2.11","1.81","3.46","1.33","1.83","1.98"
"16086","01-02-23 21:00","France","Ligue 1","2022/2023","Rennes","Strasbourg","1.59","4.28","6.45","1.02","9.20","1.29","3.36","2.00","1.94","3.26","1.30","5.95","1.08","2.02","1.76"
"16087","01-02-23 19:00","France","Ligue 1","2022/2023","Angers","AC Ajaccio","2.30","3.17","3.57","1.13","6.50","1.51","2.63","2.66","1.50","5.41","1.17","11.20","1.05","1.98","1.83"
"16088","01-02-23 19:00","France","Ligue 1","2022/2023","Lille","Clermont","1.56","4.07","7.04","1.06","10.00","1.32","3.50","1.99","1.91","3.43","1.34","7.06","1.11","2.04","1.78"
"16089","01-02-23 19:00","France","Ligue 1","2022/2023","Nantes","Marseille","5.42","3.87","1.70","1.06","10.00","1.32","3.50","1.99","1.91","3.43","1.34","7.06","1.11","1.79","2.02"
"16090","01-02-23 19:00","France","Ligue 1","2022/2023","Reims","Lorient","1.85","3.86","4.37","1.05","11.00","1.26","4.00","1.90","2.00","3.24","1.37","6.00","1.14","1.83","1.98"
"16091","01-02-23 19:00","France","Ligue 1","2022/2023","Toulouse","Troyes","1.66","4.46","4.89","1.02","16.00","1.20","4.79","1.58","2.45","2.52","1.55","4.53","1.22","1.70","2.15"
"16092","29-01-23 20:45","France","Ligue 1","2022/2023","PSG","Reims","1.24","6.79","13.50","1.02","26.00","1.15","5.85","1.43","2.93","2.11","1.81","3.46","1.33","1.92","1.88"
"16093","29-01-23 17:05","France","Ligue 1","2022/2023","AC Ajaccio","Lyon","5.15","3.57","1.80","1.07","9.57","1.34","3.41","2.11","1.81","3.90","1.28","7.97","1.09","1.87","1.94"
"16094","29-01-23 15:00","France","Ligue 1","2022/2023","Auxerre","Montpellier","2.53","3.35","2.97","1.06","10.60","1.31","3.62","2.01","1.90","3.46","1.33","7.12","1.11","1.83","1.98"
"16095","29-01-23 15:00","France","Ligue 1","2022/2023","Brest","Angers","2.12","3.38","3.81","1.07","9.57","1.34","3.41","2.11","1.81","3.90","1.28","7.97","1.09","1.85","1.96"
"16096","29-01-23 15:00","France","Ligue 1","2022/2023","Clermont","Nantes","2.56","3.18","3.08","1.08","8.51","1.38","3.19","2.23","1.69","4.22","1.24","8.74","1.08","1.87","1.94"
"16097","29-01-23 15:00","France","Ligue 1","2022/2023","Strasbourg","Toulouse","2.39","3.43","3.12","1.05","11.70","1.24","4.25","1.80","2.13","2.88","1.44","5.66","1.16","1.58","2.39"
"16098","29-01-23 13:00","France","Ligue 1","2022/2023","Nice","Lille","3.37","3.26","2.34","1.08","8.51","1.34","3.41","2.11","1.81","3.90","1.28","7.97","1.09","1.73","2.10"
"16099","28-01-23 21:00","France","Ligue 1","2022/2023","Marseille","Monaco","1.94","3.85","3.93","1.03","14.20","1.24","4.24","1.78","2.08","2.84","1.45","5.11","1.18","1.55","2.46"
"16100","28-01-23 17:00","France","Ligue 1","2022/2023","Troyes","Lens","5.85","4.07","1.63","1.05","11.70","1.24","4.25","1.80","2.13","2.88","1.44","5.66","1.16","1.73","2.10"
"16101","27-01-23 21:00","France","Ligue 1","2022/2023","Lorient","Rennes","4.35","3.37","1.98","1.08","8.51","1.38","3.19","2.23","1.69","4.22","1.24","8.74","1.08","1.92","1.88"
"16102","15-01-23 20:45","France","Ligue 1","2022/2023","Rennes","PSG","5.77","4.29","1.60","1.03","13.80","1.22","4.61","1.63","2.34","2.52","1.55","4.53","1.22","1.66","2.23"
"16103","15-01-23 17:05","France","Ligue 1","2022/2023","Monaco","AC Ajaccio","1.41","4.77","9.04","1.06","10.60","1.26","3.99","1.88","2.03","3.24","1.37","6.17","1.14","2.12","1.73"
"16104","15-01-23 15:00","France","Ligue 1","2022/2023","Angers","Clermont","2.42","3.46","3.05","1.06","10.00","1.32","3.50","2.13","1.80","3.43","1.34","7.06","1.11","1.78","2.04"
"16105","15-01-23 15:00","France","Ligue 1","2022/2023","Montpellier","Nantes","2.42","3.31","3.16","1.08","9.00","1.34","3.40","2.13","1.80","3.67","1.30","7.54","1.10","1.83","1.98"
"16106","15-01-23 15:00","France","Ligue 1","2022/2023","Reims","Nice","2.57","3.29","2.96","1.09","8.00","1.37","3.20","2.24","1.73","4.14","1.25","8.45","1.09","1.83","1.98"
"16107","15-01-23 15:00","France","Ligue 1","2022/2023","Toulouse","Brest","1.90","3.69","4.30","1.04","13.00","1.23","4.33","1.82","2.10","2.86","1.45","5.41","1.17","1.70","2.15"
"16108","15-01-23 13:00","France","Ligue 1","2022/2023","Lille","Troyes","1.51","4.74","7.00","","","1.21","4.04","1.80","2.18","2.69","1.42","4.74","1.13","1.90","1.86"
"16109","14-01-23 21:00","France","Ligue 1","2022/2023","Lyon","Strasbourg","1.62","4.08","6.03","1.03","13.80","1.24","4.25","1.73","2.23","2.70","1.49","5.11","1.18","1.73","2.10"
"16110","14-01-23 19:00","France","Ligue 1","2022/2023","Marseille","Lorient","1.45","4.82","7.55","1.02","16.00","1.20","4.79","1.55","2.53","2.33","1.63","4.22","1.24","1.69","2.17"
"16111","14-01-23 17:00","France","Ligue 1","2022/2023","Lens","Auxerre","1.35","5.36","9.77","1.03","13.80","1.22","4.61","1.63","2.34","2.52","1.55","4.53","1.22","2.04","1.78"
"16112","11-01-23 21:00","France","Ligue 1","2022/2023","Lorient","Monaco","4.58","4.08","1.81","1.03","17.00","1.18","4.34","1.69","2.36","2.50","1.48","4.30","1.16","1.62","2.24"
"16113","11-01-23 21:00","France","Ligue 1","2022/2023","Nice","Montpellier","1.85","3.59","4.73","1.06","10.60","1.30","3.72","1.88","2.03","3.24","1.37","6.17","1.14","1.83","1.98"
"16114","11-01-23 21:00","France","Ligue 1","2022/2023","PSG","Angers","1.20","7.42","16.90","1.02","27.00","1.13","6.38","1.38","3.19","2.01","1.90","3.24","1.37","2.17","1.69"
"16115","11-01-23 21:00","France","Ligue 1","2022/2023","Strasbourg","Lens","4.01","3.42","2.05","1.08","8.51","1.34","3.41","2.11","1.81","3.90","1.28","7.97","1.09","1.79","2.02"
"16116","11-01-23 21:00","France","Ligue 1","2022/2023","Troyes","Marseille","5.67","4.06","1.65","1.06","10.40","1.29","3.77","2.02","1.89","3.25","1.37","6.38","1.13","1.73","2.10"
"16117","11-01-23 19:00","France","Ligue 1","2022/2023","AC Ajaccio","Reims","3.60","3.08","2.34","1.10","7.45","1.46","2.79","2.43","1.59","4.53","1.22","10.60","1.06","1.98","1.83"
"16118","11-01-23 19:00","France","Ligue 1","2022/2023","Auxerre","Toulouse","3.26","3.37","2.34","1.05","11.00","1.29","3.75","1.99","1.91","3.24","1.37","6.54","1.13","1.70","2.15"
"16119","11-01-23 19:00","France","Ligue 1","2022/2023","Brest","Lille","4.28","3.82","1.87","1.05","11.70","1.26","3.99","1.88","2.03","3.24","1.37","6.17","1.14","1.73","2.10"
"16120","11-01-23 19:00","France","Ligue 1","2022/2023","Clermont","Rennes","4.30","3.49","1.96","1.07","9.57","1.31","3.62","2.11","1.81","3.57","1.31","7.12","1.11","1.79","2.02"
"16121","11-01-23 19:00","France","Ligue 1","2022/2023","Nantes","Lyon","3.92","3.69","1.98","1.03","13.80","1.22","4.61","1.73","2.23","2.70","1.49","5.11","1.18","1.58","2.39"
"16122","02-01-23 21:00","France","Ligue 1","2022/2023","Rennes","Nice","1.93","3.79","4.02","1.05","11.10","1.29","3.78","1.94","1.97","3.34","1.35","6.42","1.13","1.78","2.05"
"16123","02-01-23 19:00","France","Ligue 1","2022/2023","Montpellier","Marseille","5.68","4.27","1.61","1.03","13.80","1.22","4.61","1.73","2.23","2.70","1.49","5.11","1.18","1.69","2.17"
"16124","02-01-23 17:00","France","Ligue 1","2022/2023","Lille","Reims","1.70","4.11","5.04","1.03","13.80","1.24","4.25","1.80","2.13","2.88","1.44","5.66","1.16","1.73","2.10"
"16125","02-01-23 15:00","France","Ligue 1","2022/2023","Strasbourg","Troyes","1.95","3.85","3.87","1.06","10.40","1.35","3.30","2.12","1.81","3.65","1.30","7.51","1.10","1.73","2.10"
"16126","01-01-23 20:45","France","Ligue 1","2022/2023","Lens","PSG","3.88","3.68","2.05","1.02","8.60","1.27","3.48","1.96","1.98","3.04","1.34","5.50","1.10","1.77","2.00"
"16127","01-01-23 17:00","France","Ligue 1","2022/2023","Lyon","Clermont","1.61","4.10","6.06","1.03","13.80","1.22","4.61","1.73","2.23","2.70","1.49","5.11","1.18","1.69","2.17"
"16128","01-01-23 15:00","France","Ligue 1","2022/2023","Angers","Lorient","2.74","3.49","2.64","1.06","10.40","1.35","3.30","2.12","1.81","3.65","1.30","7.51","1.10","1.83","1.98"
"16129","01-01-23 15:00","France","Ligue 1","2022/2023","Monaco","Brest","1.52","4.64","6.31","1.02","18.10","1.17","5.32","1.55","2.53","2.33","1.63","4.22","1.24","1.66","2.23"
"16130","01-01-23 15:00","France","Ligue 1","2022/2023","Nantes","Auxerre","1.83","3.46","5.15","1.07","9.43","1.37","3.21","2.26","1.71","3.90","1.28","8.02","1.09","1.79","2.02"
"16131","01-01-23 15:00","France","Ligue 1","2022/2023","Toulouse","AC Ajaccio","2.06","3.42","3.97","1.07","9.57","1.31","3.62","2.01","1.90","3.46","1.33","7.12","1.11","1.83","1.98"
"16132","29-12-22 21:00","France","Ligue 1","2022/2023","Marseille","Toulouse","1.42","5.13","7.64","1.02","23.00","1.15","5.85","1.46","2.79","2.14","1.74","3.57","1.31","1.74","2.10"
"16133","29-12-22 21:00","France","Ligue 1","2022/2023","Nice","Lens","3.20","3.28","2.42","1.07","9.57","1.34","3.41","2.11","1.81","3.57","1.31","7.97","1.09","1.73","2.10"
"16134","29-12-22 19:00","France","Ligue 1","2022/2023","Reims","Rennes","3.55","3.46","2.17","1.05","11.70","1.24","4.25","1.80","2.13","2.88","1.44","5.66","1.16","1.58","2.39"
"16135","29-12-22 17:00","France","Ligue 1","2022/2023","Lorient","Montpellier","1.86","3.89","4.24","1.03","13.80","1.22","4.61","1.73","2.23","2.70","1.49","5.11","1.18","1.63","2.29"
"16136","28-12-22 21:00","France","Ligue 1","2022/2023","Brest","Lyon","3.63","3.58","2.10","1.03","13.80","1.24","4.25","1.80","2.13","2.88","1.44","5.66","1.16","1.61","2.31"
"16137","28-12-22 21:00","France","Ligue 1","2022/2023","PSG","Strasbourg","1.21","7.08","16.10","1.02","29.00","1.11","6.99","1.33","3.44","1.86","2.05","2.86","1.45","1.73","2.10"
"16138","28-12-22 19:00","France","Ligue 1","2022/2023","Clermont","Lille","4.81","3.51","1.86","1.07","9.57","1.34","3.41","2.11","1.81","3.57","1.31","7.97","1.09","1.87","1.94"
"16139","28-12-22 17:00","France","Ligue 1","2022/2023","Auxerre","Monaco","5.25","4.07","1.68","1.02","16.00","1.20","4.79","1.63","2.34","2.52","1.55","4.53","1.22","1.63","2.29"
"16140","28-12-22 15:00","France","Ligue 1","2022/2023","AC Ajaccio","Angers","2.26","3.39","3.39","1.08","8.51","1.38","3.19","2.22","1.74","3.90","1.28","7.97","1.09","1.98","1.83"
"16141","28-12-22 15:00","France","Ligue 1","2022/2023","Troyes","Nantes","2.85","3.57","2.50","1.05","11.70","1.26","3.99","1.88","2.03","3.06","1.40","6.17","1.14","1.66","2.23"
"16142","13-11-22 20:45","France","Ligue 1","2022/2023","Monaco","Marseille","2.30","3.65","3.10","1.03","13.80","1.22","4.61","1.63","2.34","2.70","1.49","5.11","1.18","1.55","2.46"
"16143","13-11-22 17:05","France","Ligue 1","2022/2023","Strasbourg","Lorient","2.54","3.46","2.88","1.05","11.70","1.26","3.99","1.88","2.03","3.06","1.40","6.17","1.14","1.66","2.23"
"16144","13-11-22 15:00","France","Ligue 1","2022/2023","Brest","Troyes","2.18","3.70","3.30","1.03","15.00","1.23","4.33","1.82","2.10","2.86","1.45","5.41","1.17","1.65","2.25"
"16145","13-11-22 15:00","France","Ligue 1","2022/2023","Lille","Angers","1.29","6.27","10.80","1.02","16.00","1.17","5.32","1.50","2.66","2.33","1.63","3.90","1.28","2.04","1.78"
"16146","13-11-22 15:00","France","Ligue 1","2022/2023","Montpellier","Reims","2.71","3.33","2.77","1.06","10.60","1.30","3.72","2.01","1.90","3.46","1.33","6.66","1.12","1.78","2.04"
"16147","13-11-22 15:00","France","Ligue 1","2022/2023","Nantes","AC Ajaccio","2.08","3.28","4.08","1.10","7.45","1.43","2.93","2.33","1.63","4.53","1.22","9.43","1.07","2.04","1.78"
"16148","13-11-22 13:00","France","Ligue 1","2022/2023","PSG","Auxerre","1.11","12.70","18.30","1.01","17.00","1.06","10.60","1.20","4.79","1.50","2.66","2.14","1.74","1.94","1.87"
"16149","12-11-22 21:00","France","Ligue 1","2022/2023","Rennes","Toulouse","1.64","4.44","5.12","1.03","14.20","1.24","4.24","1.68","2.24","2.73","1.48","4.76","1.20","1.63","2.29"
"16150","12-11-22 17:00","France","Ligue 1","2022/2023","Lens","Clermont","1.46","4.60","7.62","1.05","11.70","1.24","4.25","1.80","2.13","2.88","1.44","5.66","1.16","1.92","1.88"
"16151","11-11-22 21:00","France","Ligue 1","2022/2023","Lyon","Nice","1.74","3.87","5.10","1.05","11.00","1.32","3.50","1.99","1.91","3.43","1.34","7.06","1.11","1.79","2.02"
"16152","06-11-22 20:45","France","Ligue 1","2022/2023","Marseille","Lyon","2.11","3.70","3.49","1.03","13.80","1.24","4.26","1.73","2.23","2.70","1.49","5.11","1.18","1.62","2.29"
"16153","06-11-22 17:05","France","Ligue 1","2022/2023","Lille","Rennes","2.16","3.57","3.46","1.05","11.70","1.26","3.99","1.88","2.03","3.06","1.40","6.17","1.14","1.66","2.23"
"16154","06-11-22 15:00","France","Ligue 1","2022/2023","Clermont","Montpellier","2.50","3.46","2.93","1.05","11.00","1.29","3.75","1.99","1.91","3.24","1.37","6.54","1.13","1.74","2.10"
"16155","06-11-22 15:00","France","Ligue 1","2022/2023","Nice","Brest","1.84","3.83","4.43","1.05","11.00","1.32","3.50","1.99","1.91","3.43","1.34","7.06","1.11","1.83","1.98"
"16156","06-11-22 15:00","France","Ligue 1","2022/2023","Reims","Nantes","2.17","3.62","3.41","1.05","11.00","1.32","3.50","1.99","1.91","3.43","1.34","7.06","1.11","1.69","2.17"
"16157","06-11-22 15:00","France","Ligue 1","2022/2023","Toulouse","Monaco","3.34","3.80","2.14","1.02","17.00","1.19","5.00","1.61","2.38","2.47","1.57","4.48","1.22","1.52","2.53"
"16158","06-11-22 13:00","France","Ligue 1","2022/2023","Lorient","PSG","8.73","5.64","1.36","1.02","24.00","1.13","6.38","1.37","3.19","2.01","1.90","3.24","1.36","1.61","2.31"
"16159","05-11-22 21:00","France","Ligue 1","2022/2023","Angers","Lens","5.60","4.18","1.67","1.02","9.30","1.28","3.40","1.98","1.96","3.14","1.32","5.80","1.09","1.91","1.85"
"16160","05-11-22 17:00","France","Ligue 1","2022/2023","AC Ajaccio","Strasbourg","3.27","3.18","2.44","1.10","7.45","1.46","2.79","2.52","1.55","5.11","1.18","10.60","1.06","2.03","1.78"
"16161","04-11-22 21:00","France","Ligue 1","2022/2023","Troyes","Auxerre","2.12","3.54","3.80","1.02","8.80","1.27","3.48","1.97","1.97","3.10","1.33","5.65","1.09","1.74","2.04"
"16162","30-10-22 20:45","France","Ligue 1","2022/2023","Lyon","Lille","1.94","3.85","3.93","1.03","18.00","1.20","4.79","1.58","2.45","2.42","1.59","4.53","1.22","1.61","2.31"
"16163","30-10-22 17:05","France","Ligue 1","2022/2023","Lorient","Nice","2.51","3.37","2.97","1.07","9.57","1.34","3.40","2.22","1.74","3.90","1.27","7.97","1.09","1.79","2.02"
"16164","30-10-22 15:00","France","Ligue 1","2022/2023","Brest","Reims","3.00","3.39","2.48","1.05","11.00","1.26","4.00","1.90","2.00","3.06","1.40","6.00","1.14","1.70","2.15"
"16165","30-10-22 15:00","France","Ligue 1","2022/2023","Monaco","Angers","1.45","5.07","7.02","1.02","22.00","1.16","5.50","1.51","2.63","2.26","1.67","3.79","1.29","1.70","2.15"
"16166","30-10-22 15:00","France","Ligue 1","2022/2023","Nantes","Clermont","1.97","3.79","3.84","1.05","11.70","1.26","3.99","1.88","2.03","3.06","1.40","6.17","1.14","1.78","2.04"
"16167","30-10-22 15:00","France","Ligue 1","2022/2023","Rennes","Montpellier","1.39","5.59","7.63","1.02","21.00","1.15","5.85","1.46","2.79","2.14","1.74","3.57","1.31","1.78","2.04"
"16168","30-10-22 13:00","France","Ligue 1","2022/2023","Auxerre","AC Ajaccio","2.77","3.28","2.86","1.06","6.85","1.44","2.62","2.50","1.63","4.50","1.17","8.60","1.02","2.01","1.76"
"16169","29-10-22 21:00","France","Ligue 1","2022/2023","Strasbourg","Marseille","3.74","3.59","2.06","1.05","11.70","1.26","3.99","1.88","2.03","3.24","1.36","6.17","1.14","1.78","2.04"
"16170","29-10-22 17:00","France","Ligue 1","2022/2023","PSG","Troyes","1.10","12.10","27.00","1.01","34.00","1.05","11.00","1.19","5.00","1.51","2.63","2.13","1.80","1.83","1.98"
"16171","28-10-22 21:00","France","Ligue 1","2022/2023","Lens","Toulouse","1.71","4.11","4.93","1.02","16.00","1.20","4.79","1.63","2.34","2.52","1.55","5.11","1.18","1.70","2.15"
"16172","23-10-22 20:45","France","Ligue 1","2022/2023","Lille","Monaco","2.58","3.80","2.63","1.02","16.00","1.21","4.61","1.63","2.34","2.52","1.55","4.53","1.22","1.61","2.31"
"16173","23-10-22 17:05","France","Ligue 1","2022/2023","Nice","Nantes","2.06","3.46","3.89","1.07","9.57","1.34","3.40","2.11","1.81","3.57","1.31","7.12","1.11","1.79","2.02"
"16174","23-10-22 15:00","France","Ligue 1","2022/2023","Clermont","Brest","2.05","3.63","3.76","1.05","11.00","1.32","3.50","1.99","1.91","3.43","1.34","6.54","1.13","1.78","2.04"
"16175","23-10-22 15:00","France","Ligue 1","2022/2023","Reims","Auxerre","1.89","3.71","4.32","1.05","11.00","1.32","3.50","1.99","1.91","3.43","1.34","6.54","1.13","1.83","1.98"
"16176","23-10-22 15:00","France","Ligue 1","2022/2023","Toulouse","Strasbourg","2.25","3.68","3.17","1.04","13.00","1.23","4.33","1.82","2.10","2.86","1.45","5.41","1.17","1.65","2.24"
"16177","23-10-22 15:00","France","Ligue 1","2022/2023","Troyes","Lorient","2.57","3.49","2.82","1.05","11.00","1.29","3.75","1.99","1.91","3.24","1.37","6.54","1.13","1.70","2.15"
"16178","23-10-22 13:00","France","Ligue 1","2022/2023","Angers","Rennes","5.35","4.44","1.66","1.01","17.00","1.18","4.32","1.71","2.33","2.53","1.47","4.40","1.16","1.70","2.10"
"16179","22-10-22 21:00","France","Ligue 1","2022/2023","Marseille","Lens","2.26","3.46","3.50","1.02","8.80","1.28","3.40","1.98","1.96","3.14","1.32","5.85","1.08","1.71","2.08"
"16180","22-10-22 17:00","France","Ligue 1","2022/2023","Montpellier","Lyon","3.93","3.69","1.98","1.03","13.80","1.21","4.61","1.73","2.23","2.70","1.49","5.11","1.18","1.58","2.38"
"16181","21-10-22 21:00","France","Ligue 1","2022/2023","AC Ajaccio","PSG","12.20","6.27","1.26","1.03","13.80","1.20","4.79","1.63","2.34","2.52","1.55","4.53","1.22","2.29","1.62"
"16182","16-10-22 20:45","France","Ligue 1","2022/2023","PSG","Marseille","1.43","5.21","7.20","1.02","17.00","1.16","5.50","1.51","2.63","2.26","1.67","3.79","1.29","1.66","2.23"
"16183","16-10-22 17:05","France","Ligue 1","2022/2023","Monaco","Clermont","1.37","5.59","8.12","1.02","23.00","1.16","5.50","1.48","2.75","2.26","1.67","3.79","1.29","1.78","2.04"
"16184","16-10-22 15:00","France","Ligue 1","2022/2023","Auxerre","Nice","3.90","3.57","2.02","1.08","9.00","1.34","3.40","2.24","1.73","3.79","1.29","7.54","1.10","1.83","1.98"
"16185","16-10-22 15:00","France","Ligue 1","2022/2023","Nantes","Brest","2.16","3.37","3.69","1.05","11.70","1.26","3.99","1.88","2.03","3.24","1.36","6.66","1.12","1.78","2.04"
"16186","16-10-22 15:00","France","Ligue 1","2022/2023","Rennes","Lyon","2.27","3.80","3.06","1.01","17.00","1.17","5.32","1.58","2.45","2.42","1.59","4.22","1.24","1.56","2.42"
"16187","16-10-22 15:00","France","Ligue 1","2022/2023","Troyes","AC Ajaccio","2.17","3.27","3.80","1.11","7.00","1.48","2.75","2.47","1.57","4.80","1.20","9.99","1.06","2.04","1.78"
"16188","16-10-22 13:00","France","Ligue 1","2022/2023","Toulouse","Angers","1.82","3.94","4.41","1.02","16.00","1.21","4.61","1.63","2.34","2.52","1.55","4.53","1.22","1.65","2.24"
"16189","15-10-22 21:00","France","Ligue 1","2022/2023","Lens","Montpellier","1.47","4.88","7.60","1.01","17.00","1.17","4.20","1.63","2.17","2.80","1.52","4.64","1.16","1.80","1.96"
"16190","15-10-22 17:00","France","Ligue 1","2022/2023","Lorient","Reims","2.36","3.41","3.18","1.05","11.70","1.26","3.99","1.88","2.03","3.06","1.40","6.17","1.14","1.66","2.23"
"16191","14-10-22 21:00","France","Ligue 1","2022/2023","Strasbourg","Lille","3.50","3.39","2.22","1.06","10.00","1.29","3.75","1.99","1.91","3.24","1.37","6.54","1.13","1.74","2.10"
"16192","09-10-22 20:45","France","Ligue 1","2022/2023","Lille","Lens","2.70","3.49","2.67","1.06","10.60","1.29","3.72","2.01","1.90","3.24","1.36","6.66","1.12","1.69","2.17"
"16193","09-10-22 17:05","France","Ligue 1","2022/2023","Rennes","Nantes","1.50","4.65","6.72","1.04","12.30","1.25","4.09","1.79","2.08","2.84","1.45","5.11","1.18","1.83","1.98"
"16194","09-10-22 15:00","France","Ligue 1","2022/2023","Angers","Strasbourg","2.72","3.52","2.64","1.06","10.00","1.34","3.40","2.13","1.80","3.67","1.30","7.06","1.11","1.78","2.04"
"16195","09-10-22 15:00","France","Ligue 1","2022/2023","Brest","Lorient","2.42","3.57","2.96","1.05","11.00","1.29","3.75","1.99","1.91","3.24","1.37","6.54","1.13","1.74","2.10"
"16196","09-10-22 15:00","France","Ligue 1","2022/2023","Clermont","Auxerre","2.28","3.45","3.30","1.08","9.00","1.34","3.40","2.24","1.73","3.79","1.29","7.54","1.10","1.83","1.98"
"16197","09-10-22 15:00","France","Ligue 1","2022/2023","Nice","Troyes","1.81","3.50","5.19","1.08","9.00","1.34","3.40","2.24","1.73","3.79","1.29","7.54","1.10","1.90","1.90"
"16198","09-10-22 13:00","France","Ligue 1","2022/2023","Montpellier","Monaco","4.31","4.25","1.77","1.03","20.00","1.21","4.72","1.62","2.36","2.63","1.51","4.40","1.23","1.59","2.35"
"16199","08-10-22 21:00","France","Ligue 1","2022/2023","Reims","PSG","8.75","5.85","1.34","1.02","21.00","1.17","5.32","1.50","2.66","2.33","1.63","3.90","1.27","1.84","1.96"
"16200","08-10-22 17:00","France","Ligue 1","2022/2023","Marseille","AC Ajaccio","1.57","4.24","6.95","1.03","8.20","1.34","3.04","2.17","1.81","3.62","1.25","6.85","1.06","2.20","1.64"
"16201","07-10-22 21:00","France","Ligue 1","2022/2023","Lyon","Toulouse","1.46","5.14","6.55","1.02","26.00","1.13","6.50","1.41","3.00","1.99","1.91","3.24","1.37","1.56","2.42"
"16202","02-10-22 20:45","France","Ligue 1","2022/2023","Lens","Lyon","2.45","3.89","2.74","","","1.20","4.79","1.58","2.45","2.52","1.55","4.53","1.22","1.50","2.57"
"16203","02-10-22 17:05","France","Ligue 1","2022/2023","Monaco","Nantes","1.44","5.34","6.71","1.03","19.00","1.16","5.32","1.50","2.66","2.23","1.68","3.90","1.19","1.78","2.04"
"16204","02-10-22 15:00","France","Ligue 1","2022/2023","AC Ajaccio","Clermont","2.69","3.07","3.00","1.11","6.91","1.50","2.66","2.52","1.55","5.11","1.18","10.60","1.06","2.15","1.70"
"16205","02-10-22 15:00","France","Ligue 1","2022/2023","Auxerre","Brest","3.01","3.39","2.48","1.06","10.00","1.32","3.50","2.13","1.80","3.43","1.34","7.06","1.11","1.78","2.04"
"16206","02-10-22 15:00","France","Ligue 1","2022/2023","Toulouse","Montpellier","2.06","3.95","3.43","1.02","16.00","1.20","4.79","1.63","2.34","2.52","1.55","4.53","1.22","1.65","2.24"
"16207","02-10-22 15:00","France","Ligue 1","2022/2023","Troyes","Reims","2.59","3.31","2.93","1.06","10.60","1.29","3.72","2.01","1.90","3.24","1.36","6.66","1.12","1.78","2.04"
"16208","02-10-22 13:00","France","Ligue 1","2022/2023","Lorient","Lille","3.07","3.58","2.35","1.03","13.80","1.24","4.26","1.80","2.13","2.88","1.44","5.66","1.16","1.62","2.29"
"16209","01-10-22 21:00","France","Ligue 1","2022/2023","PSG","Nice","1.23","7.64","11.00","1.02","24.00","1.13","6.38","1.37","3.19","2.01","1.90","3.24","1.36","1.84","1.96"
"16210","01-10-22 17:00","France","Ligue 1","2022/2023","Strasbourg","Rennes","3.49","3.69","2.11","1.05","11.70","1.29","3.72","1.88","2.03","3.24","1.36","6.17","1.14","1.78","2.04"
"16211","30-09-22 21:00","France","Ligue 1","2022/2023","Angers","Marseille","4.59","3.90","1.80","1.03","13.80","1.24","4.26","1.80","2.13","2.88","1.44","5.66","1.16","1.73","2.10"
"16212","18-09-22 20:45","France","Ligue 1","2022/2023","Lyon","PSG","5.48","5.10","1.53","1.02","15.00","1.10","7.45","1.31","3.62","1.80","2.13","2.70","1.49","1.47","2.66"
"16213","18-09-22 17:05","France","Ligue 1","2022/2023","Nantes","Lens","3.57","3.83","2.04","1.03","13.80","1.21","4.61","1.73","2.23","2.70","1.49","5.11","1.18","1.73","2.11"
"16214","18-09-22 15:00","France","Ligue 1","2022/2023","Brest","AC Ajaccio","2.07","3.33","4.04","1.09","8.00","1.41","3.00","2.37","1.62","4.48","1.22","9.26","1.07","2.04","1.78"
"16215","18-09-22 15:00","France","Ligue 1","2022/2023","Clermont","Troyes","2.20","3.47","3.47","1.06","10.00","1.32","3.50","2.13","1.80","3.43","1.34","7.06","1.11","1.78","2.04"
"16216","18-09-22 15:00","France","Ligue 1","2022/2023","Marseille","Rennes","2.00","3.64","3.87","1.04","13.00","1.26","4.00","1.90","2.00","3.06","1.40","6.00","1.14","1.62","2.29"
"16217","18-09-22 15:00","France","Ligue 1","2022/2023","Nice","Angers","1.65","4.08","5.61","1.05","11.70","1.26","3.99","1.88","2.03","3.06","1.40","6.17","1.14","1.90","1.90"
"16218","18-09-22 13:00","France","Ligue 1","2022/2023","Reims","Monaco","3.53","3.69","2.10","1.03","15.00","1.23","4.33","1.82","2.10","2.86","1.45","5.41","1.17","1.61","2.31"
"16219","17-09-22 21:00","France","Ligue 1","2022/2023","Lille","Toulouse","1.69","4.07","5.14","1.03","17.00","1.20","4.79","1.58","2.45","2.42","1.59","4.53","1.22","1.58","2.38"
"16220","17-09-22 17:00","France","Ligue 1","2022/2023","Montpellier","Strasbourg","2.56","3.59","2.77","1.05","11.00","1.32","3.50","1.99","1.91","3.43","1.34","7.06","1.11","1.78","2.04"
"16221","16-09-22 21:00","France","Ligue 1","2022/2023","Auxerre","Lorient","2.77","3.39","2.67","1.05","11.00","1.29","3.75","1.99","1.91","3.24","1.37","6.54","1.13","1.74","2.10"
"16222","11-09-22 20:45","France","Ligue 1","2022/2023","Monaco","Lyon","2.78","3.53","2.58","1.03","13.80","1.20","4.79","1.63","2.34","2.42","1.59","4.53","1.22","1.47","2.69"
"16223","11-09-22 17:05","France","Ligue 1","2022/2023","Rennes","Auxerre","1.45","4.84","7.69","1.03","13.80","1.20","4.79","1.58","2.45","2.52","1.55","4.53","1.22","1.73","2.11"
"16224","11-09-22 15:00","France","Ligue 1","2022/2023","AC Ajaccio","Nice","3.46","3.12","2.46","1.08","6.15","1.48","2.50","2.61","1.58","4.64","1.16","9.00","1.02","2.07","1.72"
"16225","11-09-22 15:00","France","Ligue 1","2022/2023","Angers","Montpellier","2.60","3.60","2.72","1.03","13.80","1.21","4.61","1.73","2.23","2.70","1.49","5.11","1.18","1.65","2.24"
"16226","11-09-22 15:00","France","Ligue 1","2022/2023","Lorient","Nantes","2.37","3.24","3.34","1.08","9.00","1.32","3.50","2.13","1.80","3.67","1.30","7.06","1.11","1.78","2.04"
"16227","11-09-22 15:00","France","Ligue 1","2022/2023","Toulouse","Reims","2.38","3.57","3.03","1.04","13.00","1.26","4.00","1.90","2.00","3.06","1.40","6.00","1.14","1.70","2.15"
"16228","11-09-22 13:00","France","Ligue 1","2022/2023","Strasbourg","Clermont","1.73","3.88","5.07","1.07","9.43","1.35","3.30","2.12","1.81","3.65","1.30","7.51","1.10","1.79","2.02"
"16229","10-09-22 21:00","France","Ligue 1","2022/2023","Marseille","Lille","2.05","3.66","3.68","1.06","10.40","1.29","3.77","1.92","1.98","3.05","1.40","5.76","1.15","1.58","2.38"
"16230","10-09-22 17:00","France","Ligue 1","2022/2023","PSG","Brest","1.09","13.70","26.00","1.01","34.00","1.06","10.40","1.21","4.72","1.57","2.48","2.26","1.71","1.90","1.90"
"16231","09-09-22 21:00","France","Ligue 1","2022/2023","Lens","Troyes","1.53","4.47","6.59","1.03","20.00","1.17","5.32","1.55","2.53","2.33","1.63","4.22","1.24","1.70","2.15"
"16232","07-09-22 19:00","France","Ligue 1","2022/2023","Lorient","Lyon","4.73","4.11","1.74","1.02","16.00","1.20","4.79","1.63","2.34","2.52","1.55","4.53","1.22","1.65","2.24"
"16233","04-09-22 20:45","France","Ligue 1","2022/2023","Nice","Monaco","3.24","3.70","2.28","","","1.21","4.04","1.78","2.21","2.66","1.43","4.70","1.14","1.59","2.29"
"16234","04-09-22 17:05","France","Ligue 1","2022/2023","Troyes","Rennes","4.38","3.98","1.86","","","1.23","3.80","1.84","2.12","2.85","1.38","5.10","1.12","1.72","2.07"
"16235","04-09-22 15:00","France","Ligue 1","2022/2023","AC Ajaccio","Lorient","2.62","3.12","3.05","1.11","7.00","1.48","2.75","2.57","1.54","4.80","1.20","9.99","1.06","2.04","1.78"
"16236","04-09-22 15:00","France","Ligue 1","2022/2023","Brest","Strasbourg","2.50","3.46","2.93","1.07","9.57","1.31","3.62","2.01","1.90","3.46","1.33","7.12","1.11","1.83","1.98"
"16237","04-09-22 15:00","France","Ligue 1","2022/2023","Clermont","Toulouse","3.16","3.47","2.35","1.05","11.70","1.26","3.99","1.88","2.03","3.06","1.40","6.17","1.14","1.70","2.15"
"16238","04-09-22 15:00","France","Ligue 1","2022/2023","Reims","Lens","3.45","3.54","2.19","1.05","11.70","1.26","3.99","1.88","2.03","3.24","1.36","6.17","1.14","1.66","2.23"
"16239","04-09-22 13:00","France","Ligue 1","2022/2023","Montpellier","Lille","3.93","3.85","1.94","1.03","13.80","1.21","4.61","1.73","2.23","2.70","1.49","5.11","1.18","1.58","2.38"
"16240","03-09-22 21:00","France","Ligue 1","2022/2023","Nantes","PSG","11.50","7.10","1.27","1.02","30.00","1.06","6.75","1.30","3.26","1.89","2.06","2.73","1.41","1.68","2.13"
"16241","03-09-22 19:00","France","Ligue 1","2022/2023","Lyon","Angers","1.31","6.50","10.00","1.02","26.00","1.08","5.85","1.38","2.85","2.07","1.88","3.10","1.33","1.74","2.04"
"16242","03-09-22 17:00","France","Ligue 1","2022/2023","Auxerre","Marseille","4.28","3.82","1.87","1.04","13.00","1.26","4.00","1.90","2.00","3.06","1.40","6.00","1.14","1.74","2.10"
"16243","31-08-22 21:00","France","Ligue 1","2022/2023","Lens","Lorient","1.65","4.38","5.45","","","1.21","4.04","1.77","2.23","2.69","1.42","4.70","1.14","1.75","2.03"
"16244","31-08-22 21:00","France","Ligue 1","2022/2023","Lille","Nice","2.03","3.66","4.00","1.02","9.20","1.26","3.54","1.93","2.02","2.98","1.35","5.45","1.10","1.71","2.08"
"16245","31-08-22 21:00","France","Ligue 1","2022/2023","Marseille","Clermont","1.33","6.00","10.00","1.03","17.00","1.16","4.74","1.63","2.50","2.35","1.54","3.94","1.19","1.95","1.81"
"16246","31-08-22 21:00","France","Ligue 1","2022/2023","Rennes","Brest","1.57","4.50","6.35","1.02","15.00","1.21","3.74","1.83","2.14","2.95","1.43","5.20","1.13","1.87","1.89"
"16247","31-08-22 21:00","France","Ligue 1","2022/2023","Toulouse","PSG","11.00","7.40","1.26","1.01","26.00","1.03","8.00","1.23","3.80","1.70","2.34","2.35","1.54","1.56","2.36"
"16248","31-08-22 19:00","France","Ligue 1","2022/2023","Angers","Reims","2.94","3.43","2.51","1.07","9.43","1.37","3.21","2.26","1.71","3.90","1.27","8.02","1.09","1.73","2.11"
"16249","31-08-22 19:00","France","Ligue 1","2022/2023","Lyon","Auxerre","1.32","6.36","8.35","1.02","26.00","1.13","6.50","1.41","3.00","2.13","1.80","3.24","1.37","1.74","2.10"
"16250","31-08-22 19:00","France","Ligue 1","2022/2023","Monaco","Troyes","1.31","6.06","9.49","1.02","23.00","1.16","5.50","1.48","2.75","2.24","1.73","3.67","1.30","1.78","2.04"
"16251","31-08-22 19:00","France","Ligue 1","2022/2023","Montpellier","AC Ajaccio","2.19","3.20","3.84","1.10","7.45","1.43","2.93","2.23","1.68","4.22","1.24","8.74","1.08","1.98","1.83"
"16252","31-08-22 19:00","France","Ligue 1","2022/2023","Strasbourg","Nantes","2.04","3.60","3.83","1.05","11.00","1.29","3.75","1.99","1.91","3.43","1.34","6.54","1.13","1.69","2.17"
"16253","28-08-22 20:45","France","Ligue 1","2022/2023","PSG","Monaco","1.26","6.69","10.90","1.01","26.00","1.08","8.51","1.26","3.99","1.68","2.23","2.52","1.55","1.55","2.46"
"16254","28-08-22 17:05","France","Ligue 1","2022/2023","Reims","Lyon","4.46","4.10","1.78","1.03","18.00","1.20","4.79","1.58","2.45","2.52","1.55","4.53","1.17","1.61","2.31"
"16255","28-08-22 15:00","France","Ligue 1","2022/2023","Brest","Montpellier","1.96","3.60","4.11","1.05","11.70","1.26","3.99","1.88","2.03","3.06","1.40","6.17","1.14","1.69","2.17"
"16256","28-08-22 15:00","France","Ligue 1","2022/2023","Lorient","Clermont","1.97","3.44","4.31","1.08","9.00","1.34","3.40","2.24","1.73","3.79","1.29","7.54","1.10","1.79","2.02"
"16257","28-08-22 15:00","France","Ligue 1","2022/2023","Nice","Marseille","2.96","3.64","2.40","1.05","11.70","1.26","3.99","1.88","2.03","3.06","1.40","6.17","1.14","1.66","2.23"
"16258","28-08-22 15:00","France","Ligue 1","2022/2023","Troyes","Angers","2.40","3.38","3.14","1.07","9.57","1.34","3.40","2.11","1.81","3.57","1.31","7.12","1.11","1.73","2.11"
"16259","28-08-22 13:00","France","Ligue 1","2022/2023","Nantes","Toulouse","2.31","3.46","3.24","1.05","11.70","1.26","3.99","1.88","2.03","3.06","1.40","6.17","1.14","1.70","2.15"
"16260","27-08-22 21:00","France","Ligue 1","2022/2023","Lens","Rennes","2.35","3.57","3.08","1.03","13.80","1.21","4.61","1.73","2.23","2.70","1.49","5.11","1.18","1.65","2.24"
"16261","27-08-22 17:00","France","Ligue 1","2022/2023","Auxerre","Strasbourg","3.38","3.70","2.22","1.01","9.80","1.25","3.62","1.91","2.03","2.98","1.35","5.50","1.10","1.70","2.10"
"16262","26-08-22 21:00","France","Ligue 1","2022/2023","AC Ajaccio","Lille","3.54","3.29","2.25","1.08","8.51","1.43","2.93","2.33","1.63","4.53","1.22","9.43","1.07","1.92","1.88"
"16263","21-08-22 20:45","France","Ligue 1","2022/2023","Lille","PSG","7.72","5.64","1.38","1.02","25.00","1.13","6.38","1.43","2.93","2.11","1.81","3.46","1.33","1.66","2.22"
"16264","21-08-22 17:05","France","Ligue 1","2022/2023","Rennes","AC Ajaccio","1.51","4.42","7.05","1.07","9.57","1.34","3.40","2.11","1.81","3.90","1.27","7.97","1.09","2.11","1.73"
"16265","21-08-22 15:00","France","Ligue 1","2022/2023","Angers","Brest","2.31","3.31","3.36","1.06","10.60","1.29","3.72","2.01","1.90","3.24","1.36","6.66","1.12","1.78","2.04"
"16266","21-08-22 15:00","France","Ligue 1","2022/2023","Clermont","Nice","3.69","3.38","2.15","1.06","10.60","1.29","3.72","2.01","1.90","3.24","1.36","6.66","1.12","1.78","2.04"
"16267","21-08-22 15:00","France","Ligue 1","2022/2023","Montpellier","Auxerre","1.91","3.60","4.37","1.03","13.80","1.24","4.26","1.80","2.13","2.88","1.44","5.66","1.16","1.70","2.15"
"16268","21-08-22 15:00","France","Ligue 1","2022/2023","Toulouse","Lorient","1.93","3.80","4.02","1.05","11.00","1.29","3.75","1.99","1.91","3.24","1.37","6.54","1.13","1.83","1.98"
"16269","21-08-22 13:00","France","Ligue 1","2022/2023","Strasbourg","Reims","1.75","3.73","5.23","1.07","9.57","1.31","3.62","2.01","1.90","3.57","1.31","7.12","1.11","1.87","1.94"
"16270","20-08-22 21:00","France","Ligue 1","2022/2023","Marseille","Nantes","1.61","4.29","5.71","1.04","13.00","1.26","4.00","1.82","2.10","2.86","1.45","5.41","1.17","1.73","2.11"
"16271","20-08-22 17:00","France","Ligue 1","2022/2023","Monaco","Lens","1.79","4.01","4.48","1.02","16.00","1.20","4.79","1.63","2.34","2.52","1.55","4.53","1.22","1.65","2.24"
"16272","19-08-22 21:00","France","Ligue 1","2022/2023","Lyon","Troyes","1.32","6.27","8.89","1.02","22.00","1.15","5.85","1.43","2.93","2.11","1.81","3.46","1.33","1.73","2.11"
"16273","14-08-22 20:45","France","Ligue 1","2022/2023","Brest","Marseille","4.13","3.79","1.90","1.03","13.80","1.24","4.26","1.73","2.23","2.88","1.44","5.11","1.18","1.62","2.29"
"16274","14-08-22 17:05","France","Ligue 1","2022/2023","Nice","Strasbourg","2.15","3.48","3.59","1.07","9.57","1.34","3.40","2.11","1.81","3.57","1.31","7.97","1.09","1.79","2.02"
"16275","14-08-22 15:00","France","Ligue 1","2022/2023","AC Ajaccio","Lens","3.57","3.20","2.28","1.10","7.55","1.52","2.59","2.52","1.55","4.76","1.20","9.85","1.06","1.87","1.94"
"16276","14-08-22 15:00","France","Ligue 1","2022/2023","Auxerre","Angers","2.49","3.31","3.05","1.06","10.60","1.29","3.72","2.01","1.90","3.46","1.33","6.66","1.12","1.78","2.04"
"16277","14-08-22 15:00","France","Ligue 1","2022/2023","Reims","Clermont","2.00","3.30","4.38","1.09","8.00","1.41","3.00","2.35","1.67","4.48","1.22","9.26","1.07","1.98","1.83"
"16278","14-08-22 15:00","France","Ligue 1","2022/2023","Troyes","Toulouse","2.90","3.27","2.63","1.07","9.57","1.31","3.62","2.01","1.90","3.57","1.31","7.12","1.11","1.83","1.98"
"16279","13-08-22 21:00","France","Ligue 1","2022/2023","PSG","Montpellier","1.05","21.00","30.00","","","1.04","12.30","1.18","5.19","1.45","2.83","2.12","1.81","1.92","1.88"
"16280","13-08-22 17:00","France","Ligue 1","2022/2023","Monaco","Rennes","2.02","3.67","3.80","1.03","13.80","1.21","4.61","1.63","2.34","2.70","1.49","5.11","1.18","1.55","2.46"
"16281","12-08-22 21:00","France","Ligue 1","2022/2023","Nantes","Lille","3.33","3.38","2.30","1.07","9.57","1.31","3.62","2.11","1.81","3.57","1.31","7.12","1.11","1.73","2.11"
"16282","07-08-22 20:45","France","Ligue 1","2022/2023","Marseille","Reims","1.61","4.34","6.10","1.01","9.40","1.27","3.48","1.97","1.98","3.14","1.32","5.75","1.09","1.93","1.83"
"16283","07-08-22 17:05","France","Ligue 1","2022/2023","Rennes","Lorient","1.52","4.81","6.08","1.04","13.00","1.26","4.00","1.90","2.00","3.06","1.40","6.00","1.14","1.98","1.83"
"16284","07-08-22 15:00","France","Ligue 1","2022/2023","Angers","Nantes","3.29","3.35","2.34","1.08","8.51","1.34","3.40","2.22","1.74","3.90","1.27","7.97","1.09","1.79","2.02"
"16285","07-08-22 15:00","France","Ligue 1","2022/2023","Lens","Brest","1.64","4.29","5.37","1.05","11.00","1.29","3.75","1.90","2.00","3.24","1.37","6.00","1.14","1.90","1.90"
"16286","07-08-22 15:00","France","Ligue 1","2022/2023","Lille","Auxerre","1.61","4.29","5.71","1.05","11.00","1.29","3.75","1.99","1.91","3.24","1.37","6.54","1.13","1.90","1.90"
"16287","07-08-22 15:00","France","Ligue 1","2022/2023","Montpellier","Troyes","2.12","3.28","3.93","1.09","8.00","1.41","3.00","2.26","1.67","4.48","1.22","9.26","1.07","1.98","1.83"
"16288","07-08-22 13:00","France","Ligue 1","2022/2023","Toulouse","Nice","2.68","3.34","2.79","1.06","10.60","1.29","3.72","2.01","1.90","3.24","1.36","6.66","1.12","1.69","2.17"
"16289","06-08-22 21:00","France","Ligue 1","2022/2023","Clermont","PSG","11.00","6.70","1.29","1.02","25.00","1.10","5.55","1.40","2.77","2.11","1.85","3.14","1.32","1.88","1.88"
"16290","06-08-22 17:00","France","Ligue 1","2022/2023","Strasbourg","Monaco","2.55","3.28","3.00","1.08","8.51","1.34","3.40","2.11","1.81","3.90","1.27","7.97","1.09","1.79","2.02"
"16291","05-08-22 21:00","France","Ligue 1","2022/2023","Lyon","AC Ajaccio","1.36","5.31","9.61","1.03","13.80","1.21","4.61","1.63","2.34","2.52","1.55","4.53","1.22","1.87","1.94"
"16292","21-05-22 21:00","France","Ligue 1","2021/2022","Angers","Montpellier","2.18","3.67","3.34","1.02","16.10","1.21","4.66","1.62","2.37","2.49","1.56","4.49","1.22","1.54","2.48"
"16293","21-05-22 21:00","France","Ligue 1","2021/2022","Brest","Bordeaux","1.60","4.87","4.97","1.02","24.00","1.15","5.91","1.42","2.96","2.09","1.83","3.43","1.33","1.46","2.72"
"16294","21-05-22 21:00","France","Ligue 1","2021/2022","Clermont","Lyon","3.74","4.30","1.89","1.02","26.00","1.11","6.99","1.37","3.23","1.86","2.05","3.03","1.41","1.34","3.27"
"16295","21-05-22 21:00","France","Ligue 1","2021/2022","Lens","Monaco","3.51","4.08","2.00","1.03","20.00","1.15","5.91","1.45","2.82","2.12","1.76","3.87","1.28","1.42","2.88"
"16296","21-05-22 21:00","France","Ligue 1","2021/2022","Lille","Rennes","3.30","3.94","2.10","1.03","18.00","1.20","4.84","1.57","2.47","2.40","1.60","4.49","1.22","1.54","2.48"
"16297","21-05-22 21:00","France","Ligue 1","2021/2022","Lorient","Troyes","2.14","3.68","3.41","1.03","14.00","1.21","4.66","1.72","2.26","2.68","1.50","5.06","1.18","1.57","2.41"
"16298","21-05-22 21:00","France","Ligue 1","2021/2022","Marseille","Strasbourg","2.12","3.34","3.86","1.07","9.68","1.30","3.66","2.09","1.83","3.54","1.32","7.05","1.11","1.72","2.13"
"16299","21-05-22 21:00","France","Ligue 1","2021/2022","Nantes","St Etienne","2.30","3.81","3.00","1.03","20.00","1.20","4.84","1.57","2.47","2.40","1.60","4.49","1.22","1.49","2.60"
"16300","21-05-22 21:00","France","Ligue 1","2021/2022","PSG","Metz","1.11","12.40","18.20","1.01","34.00","1.05","10.70","1.20","4.84","1.49","2.69","2.12","1.76","1.72","2.13"
"16301","21-05-22 21:00","France","Ligue 1","2021/2022","Reims","Nice","4.16","3.87","1.87","1.02","16.10","1.20","4.84","1.62","2.37","2.49","1.56","4.49","1.22","1.57","2.41"
"16302","14-05-22 21:00","France","Ligue 1","2021/2022","Bordeaux","Lorient","2.42","3.46","3.05","1.04","11.80","1.26","4.03","1.86","2.05","3.21","1.37","6.12","1.14","1.64","2.26"
"16303","14-05-22 21:00","France","Ligue 1","2021/2022","Lyon","Nantes","1.49","5.41","5.67","1.02","28.00","1.10","7.53","1.30","3.66","1.78","2.15","2.68","1.50","1.42","2.88"
"16304","14-05-22 21:00","France","Ligue 1","2021/2022","Metz","Angers","2.20","3.69","3.28","1.03","14.00","1.21","4.66","1.72","2.26","2.68","1.50","5.06","1.18","1.57","2.41"
"16305","14-05-22 21:00","France","Ligue 1","2021/2022","Monaco","Brest","1.23","7.66","11.20","1.02","24.00","1.11","6.99","1.33","3.44","1.86","2.05","3.03","1.41","1.72","2.13"
"16306","14-05-22 21:00","France","Ligue 1","2021/2022","Montpellier","PSG","8.49","6.98","1.30","1.01","29.00","1.07","9.68","1.24","4.30","1.62","2.37","2.40","1.60","1.46","2.72"
"16307","14-05-22 21:00","France","Ligue 1","2021/2022","Nice","Lille","1.76","4.08","4.59","1.02","16.10","1.20","4.84","1.62","2.37","2.49","1.56","5.06","1.18","1.61","2.31"
"16308","14-05-22 21:00","France","Ligue 1","2021/2022","Rennes","Marseille","1.95","3.83","3.88","1.04","11.80","1.24","4.30","1.78","2.15","3.03","1.41","5.60","1.16","1.68","2.19"
"16309","14-05-22 21:00","France","Ligue 1","2021/2022","St Etienne","Reims","2.01","3.60","3.91","1.04","11.80","1.29","3.76","1.86","2.05","3.21","1.37","6.60","1.12","1.72","2.13"
"16310","14-05-22 21:00","France","Ligue 1","2021/2022","Strasbourg","Clermont","1.44","4.88","7.70","1.04","11.80","1.26","4.03","1.78","2.15","3.03","1.41","5.60","1.16","1.96","1.85"
"16311","14-05-22 21:00","France","Ligue 1","2021/2022","Troyes","Lens","3.88","3.68","1.99","1.03","14.00","1.24","4.30","1.78","2.15","2.85","1.45","5.60","1.16","1.64","2.26"
"16312","11-05-22 21:00","France","Ligue 1","2021/2022","Nantes","Rennes","6.13","4.61","1.54","1.03","19.00","1.17","5.43","1.53","2.58","2.29","1.66","4.15","1.25","1.60","2.34"
"16313","11-05-22 19:00","France","Ligue 1","2021/2022","Nice","St Etienne","1.49","4.55","7.14","1.03","14.10","1.21","4.71","1.70","2.28","2.65","1.50","5.01","1.19","1.76","2.07"
"16314","08-05-22 20:45","France","Ligue 1","2021/2022","PSG","Troyes","1.18","9.00","16.00","1.01","26.00","1.05","7.60","1.27","3.62","1.77","2.22","2.52","1.50","1.99","1.78"
"16315","08-05-22 17:05","France","Ligue 1","2021/2022","Lorient","Marseille","3.88","3.71","1.98","1.04","11.80","1.29","3.76","1.86","2.05","3.21","1.37","6.60","1.12","1.72","2.13"
"16316","08-05-22 15:00","France","Ligue 1","2021/2022","Angers","Bordeaux","2.47","3.60","2.88","1.04","13.00","1.26","4.00","1.90","2.00","3.24","1.37","6.00","1.14","1.70","2.15"
"16317","08-05-22 15:00","France","Ligue 1","2021/2022","Clermont","Montpellier","1.69","4.30","4.86","1.03","15.00","1.23","4.33","1.70","2.20","2.86","1.45","5.41","1.17","1.78","2.04"
"16318","08-05-22 15:00","France","Ligue 1","2021/2022","Reims","Lens","3.30","3.45","2.28","1.06","10.00","1.34","3.40","2.13","1.80","3.67","1.30","7.06","1.11","1.83","1.98"
"16319","08-05-22 13:00","France","Ligue 1","2021/2022","Metz","Lyon","8.28","6.60","1.32","1.02","15.00","1.08","8.60","1.29","3.76","1.78","2.15","2.68","1.50","1.49","2.60"
"16320","07-05-22 17:00","France","Ligue 1","2021/2022","Brest","Strasbourg","3.92","3.72","1.97","1.03","14.00","1.24","4.30","1.78","2.15","2.85","1.45","5.60","1.16","1.64","2.26"
"16321","06-05-22 21:00","France","Ligue 1","2021/2022","Lille","Monaco","4.14","3.69","1.93","1.03","14.00","1.24","4.30","1.78","2.15","2.85","1.45","5.60","1.16","1.64","2.26"
"16322","01-05-22 20:45","France","Ligue 1","2021/2022","Marseille","Lyon","2.28","3.69","3.12","1.02","16.30","1.17","5.43","1.56","2.50","2.29","1.66","4.15","1.25","1.45","2.75"
"16323","01-05-22 17:05","France","Ligue 1","2021/2022","Bordeaux","Nice","3.48","3.61","2.15","1.03","14.10","1.23","4.35","1.70","2.28","2.65","1.50","5.01","1.19","1.56","2.43"
"16324","01-05-22 15:00","France","Ligue 1","2021/2022","Brest","Clermont","2.80","3.37","2.65","1.06","10.00","1.32","3.50","2.13","1.80","3.67","1.30","7.06","1.11","1.78","2.04"
"16325","01-05-22 15:00","France","Ligue 1","2021/2022","Lorient","Reims","2.25","3.27","3.57","1.08","9.00","1.37","3.20","2.35","1.67","4.14","1.25","8.45","1.09","1.98","1.83"
"16326","01-05-22 15:00","France","Ligue 1","2021/2022","Monaco","Angers","1.34","5.83","9.02","1.02","16.30","1.17","5.43","1.53","2.58","2.29","1.66","4.15","1.25","1.74","2.09"
"16327","01-05-22 15:00","France","Ligue 1","2021/2022","Montpellier","Metz","1.80","4.11","4.32","1.03","15.00","1.23","4.33","1.70","2.20","2.86","1.45","5.41","1.17","1.70","2.15"
"16328","01-05-22 13:00","France","Ligue 1","2021/2022","Troyes","Lille","3.44","3.44","2.23","1.06","9.78","1.30","3.70","2.07","1.84","3.51","1.32","6.98","1.11","1.69","2.18"
"16329","30-04-22 21:00","France","Ligue 1","2021/2022","Rennes","St Etienne","1.29","6.74","9.04","1.02","23.00","1.14","5.98","1.41","2.99","2.07","1.84","3.40","1.34","1.69","2.18"
"16330","30-04-22 17:00","France","Ligue 1","2021/2022","Lens","Nantes","1.62","4.31","5.58","1.03","14.10","1.21","4.71","1.60","2.39","2.65","1.50","5.01","1.19","1.62","2.31"
"16331","29-04-22 21:00","France","Ligue 1","2021/2022","Strasbourg","PSG","4.00","3.88","1.91","","","1.20","4.84","1.62","2.37","2.49","1.56","4.49","1.22","1.54","2.48"
"16332","24-04-22 20:45","France","Ligue 1","2021/2022","Reims","Marseille","4.38","3.54","1.97","1.04","8.20","1.36","3.04","2.21","1.78","3.78","1.25","7.20","1.06","2.04","1.74"
"16333","24-04-22 17:05","France","Ligue 1","2021/2022","Lille","Strasbourg","2.58","3.27","2.97","1.08","8.60","1.37","3.23","2.21","1.70","4.18","1.25","8.66","1.08","1.85","1.96"
"16334","24-04-22 15:00","France","Ligue 1","2021/2022","Clermont","Angers","2.00","3.46","4.14","1.08","8.70","1.36","3.26","2.17","1.77","3.83","1.28","7.83","1.09","1.82","2.00"
"16335","24-04-22 15:00","France","Ligue 1","2021/2022","Metz","Brest","2.70","3.34","2.77","1.06","10.00","1.32","3.50","2.13","1.80","3.67","1.30","7.06","1.11","1.78","2.04"
"16336","24-04-22 15:00","France","Ligue 1","2021/2022","Nantes","Bordeaux","2.12","3.63","3.53","1.04","13.00","1.23","4.33","1.82","2.10","2.86","1.45","5.41","1.17","1.65","2.24"
"16337","24-04-22 15:00","France","Ligue 1","2021/2022","Nice","Troyes","1.47","4.81","7.08","1.05","11.00","1.26","4.00","1.90","2.00","3.24","1.37","6.00","1.14","1.98","1.83"
"16338","24-04-22 13:00","France","Ligue 1","2021/2022","Rennes","Lorient","1.35","6.10","7.92","1.02","16.30","1.19","4.89","1.53","2.58","2.38","1.61","4.15","1.25","1.82","2.00"
"16339","23-04-22 21:00","France","Ligue 1","2021/2022","PSG","Lens","1.26","7.12","10.50","1.02","15.00","1.10","7.61","1.30","3.70","1.77","2.17","2.65","1.50","1.61","2.31"
"16340","23-04-22 19:00","France","Ligue 1","2021/2022","St Etienne","Monaco","4.73","4.27","1.71","1.02","16.10","1.20","4.84","1.54","2.55","2.40","1.60","4.18","1.25","1.52","2.51"
"16341","23-04-22 17:00","France","Ligue 1","2021/2022","Lyon","Montpellier","1.39","5.80","7.90","1.02","27.00","1.08","6.15","1.37","2.99","2.02","1.92","3.04","1.36","1.70","2.10"
"16342","20-04-22 21:00","France","Ligue 1","2021/2022","Angers","PSG","6.30","4.84","1.50","1.02","16.10","1.20","4.84","1.57","2.47","2.49","1.56","4.49","1.22","1.68","2.19"
"16343","20-04-22 21:00","France","Ligue 1","2021/2022","Brest","Lyon","4.08","4.59","1.76","1.02","17.00","1.22","4.50","1.61","2.38","2.47","1.57","4.48","1.22","1.65","2.24"
"16344","20-04-22 21:00","France","Ligue 1","2021/2022","Lens","Montpellier","1.49","4.23","8.12","1.04","11.80","1.21","4.66","1.72","2.26","2.68","1.50","5.06","1.18","1.78","2.04"
"16345","20-04-22 21:00","France","Ligue 1","2021/2022","Marseille","Nantes","1.56","4.31","6.34","1.03","14.00","1.24","4.30","1.78","2.15","2.85","1.45","5.60","1.16","1.72","2.13"
"16346","20-04-22 21:00","France","Ligue 1","2021/2022","Strasbourg","Rennes","2.44","3.46","3.01","1.05","10.70","1.29","3.76","1.99","1.91","3.43","1.33","6.60","1.12","1.68","2.19"
"16347","20-04-22 19:00","France","Ligue 1","2021/2022","Bordeaux","St Etienne","2.50","3.48","3.05","1.02","9.60","1.24","3.88","1.85","2.11","2.82","1.41","5.00","1.13","1.69","2.11"
"16348","20-04-22 19:00","France","Ligue 1","2021/2022","Lorient","Metz","1.62","4.24","6.15","1.02","9.30","1.30","3.40","2.01","1.93","3.32","1.31","6.15","1.08","2.04","1.74"
"16349","20-04-22 19:00","France","Ligue 1","2021/2022","Monaco","Nice","1.85","3.82","4.68","1.02","9.30","1.28","3.54","1.96","1.98","3.10","1.35","5.65","1.10","1.86","1.90"
"16350","20-04-22 19:00","France","Ligue 1","2021/2022","Reims","Lille","3.03","3.26","2.63","1.06","6.95","1.46","2.64","2.52","1.62","4.60","1.18","9.00","1.03","2.13","1.68"
"16351","20-04-22 19:00","France","Ligue 1","2021/2022","Troyes","Clermont","2.31","3.48","3.36","1.04","8.30","1.36","3.04","2.19","1.79","3.78","1.25","7.10","1.06","1.91","1.85"
"16352","17-04-22 20:45","France","Ligue 1","2021/2022","PSG","Marseille","1.42","5.39","7.17","1.02","24.00","1.13","6.45","1.42","2.96","2.09","1.83","3.43","1.33","1.57","2.41"
"16353","17-04-22 17:05","France","Ligue 1","2021/2022","Lyon","Bordeaux","1.38","5.38","8.27","1.02","23.00","1.17","5.38","1.45","2.82","2.21","1.70","3.87","1.28","1.72","2.13"
"16354","17-04-22 15:00","France","Ligue 1","2021/2022","Metz","Clermont","2.70","3.38","2.75","1.10","7.61","1.45","2.85","2.38","1.61","4.44","1.22","9.25","1.07","1.91","1.90"
"16355","17-04-22 15:00","France","Ligue 1","2021/2022","Montpellier","Reims","2.35","3.33","3.27","1.05","10.70","1.26","4.03","1.86","2.05","3.03","1.41","6.12","1.14","1.61","2.31"
"16356","17-04-22 15:00","France","Ligue 1","2021/2022","Nantes","Angers","2.03","3.44","4.05","1.09","8.00","1.41","3.00","2.26","1.67","4.48","1.22","9.26","1.07","1.98","1.83"
"16357","17-04-22 15:00","France","Ligue 1","2021/2022","Troyes","Strasbourg","4.28","3.32","2.02","1.08","8.60","1.42","2.96","2.21","1.70","4.18","1.25","8.66","1.08","1.91","1.90"
"16358","17-04-22 13:00","France","Ligue 1","2021/2022","Nice","Lorient","1.61","4.54","5.25","1.04","11.80","1.24","4.30","1.78","2.15","2.85","1.45","5.60","1.10","2.01","1.76"
"16359","16-04-22 21:00","France","Ligue 1","2021/2022","Lille","Lens","1.95","3.67","4.08","1.05","10.90","1.28","3.80","1.97","1.93","3.40","1.34","6.54","1.13","1.69","2.18"
"16360","16-04-22 17:00","France","Ligue 1","2021/2022","St Etienne","Brest","2.23","3.44","3.44","1.06","10.00","1.34","3.40","2.13","1.80","3.67","1.30","7.54","1.10","1.83","1.98"
"16361","15-04-22 21:00","France","Ligue 1","2021/2022","Rennes","Monaco","2.20","3.70","3.26","1.02","16.30","1.19","4.89","1.56","2.50","2.38","1.61","4.44","1.22","1.48","2.63"
"16362","10-04-22 21:00","France","Ligue 1","2021/2022","Marseille","Montpellier","1.45","4.86","7.23","1.02","16.30","1.19","4.89","1.56","2.50","2.38","1.61","4.44","1.22","1.65","2.24"
"16363","10-04-22 19:00","France","Ligue 1","2021/2022","Strasbourg","Lyon","2.57","3.40","3.00","1.03","9.00","1.27","3.62","1.93","2.02","3.02","1.36","5.45","1.11","1.71","2.08"
"16364","10-04-22 17:05","France","Ligue 1","2021/2022","Lens","Nice","2.43","3.67","2.88","1.06","9.78","1.33","3.48","2.07","1.84","3.83","1.28","7.83","1.09","1.74","2.09"
"16365","10-04-22 15:00","France","Ligue 1","2021/2022","Angers","Lille","3.86","3.30","2.13","1.11","7.00","1.48","2.75","2.47","1.57","4.80","1.20","9.99","1.06","2.04","1.78"
"16366","10-04-22 15:00","France","Ligue 1","2021/2022","Brest","Nantes","2.70","3.34","2.77","1.08","8.60","1.33","3.44","2.09","1.83","3.87","1.28","7.90","1.09","1.78","2.04"
"16367","10-04-22 15:00","France","Ligue 1","2021/2022","Monaco","Troyes","1.35","6.00","8.11","1.04","12.00","1.21","4.71","1.60","2.39","2.65","1.50","5.01","1.19","1.91","1.90"
"16368","10-04-22 13:00","France","Ligue 1","2021/2022","Bordeaux","Metz","1.93","3.54","4.37","1.07","9.68","1.37","3.23","2.20","1.75","3.87","1.28","7.90","1.09","1.91","1.90"
"16369","09-04-22 21:00","France","Ligue 1","2021/2022","Clermont","PSG","10.20","7.12","1.26","1.02","26.00","1.15","5.91","1.42","2.96","2.09","1.83","3.43","1.33","1.72","2.13"
"16370","09-04-22 17:00","France","Ligue 1","2021/2022","Reims","Rennes","5.25","3.70","1.75","1.07","9.68","1.33","3.44","2.09","1.83","3.87","1.28","7.90","1.09","1.91","1.90"
"16371","08-04-22 21:00","France","Ligue 1","2021/2022","Lorient","St Etienne","2.23","3.26","3.63","1.08","8.70","1.36","3.26","2.17","1.77","3.83","1.28","7.83","1.09","1.83","1.98"
"16372","03-04-22 20:45","France","Ligue 1","2021/2022","PSG","Lorient","1.17","8.68","15.20","1.02","15.00","1.11","6.99","1.33","3.44","1.86","2.05","2.85","1.45","1.85","1.96"
"16373","03-04-22 17:05","France","Ligue 1","2021/2022","Lyon","Angers","1.38","5.13","8.83","1.02","16.10","1.20","4.84","1.57","2.47","2.49","1.56","4.49","1.22","1.78","2.04"
"16374","03-04-22 15:00","France","Ligue 1","2021/2022","Clermont","Nantes","2.59","3.30","2.92","1.06","9.78","1.36","3.26","2.17","1.77","3.83","1.28","7.83","1.09","1.83","1.98"
"16375","03-04-22 15:00","France","Ligue 1","2021/2022","Metz","Monaco","8.39","4.32","1.47","1.05","10.70","1.29","3.76","1.99","1.91","3.43","1.33","6.60","1.12","1.99","1.81"
"16376","03-04-22 15:00","France","Ligue 1","2021/2022","Montpellier","Brest","2.11","3.49","3.70","1.05","11.00","1.29","3.75","1.99","1.91","3.24","1.37","6.54","1.13","1.74","2.10"
"16377","03-04-22 15:00","France","Ligue 1","2021/2022","St Etienne","Marseille","3.62","3.27","2.22","1.08","8.70","1.41","2.99","2.19","1.71","4.15","1.25","8.58","1.08","1.83","1.98"
"16378","03-04-22 15:00","France","Ligue 1","2021/2022","Troyes","Reims","2.62","3.08","3.08","1.14","6.00","1.61","2.38","2.86","1.45","6.00","1.14","12.50","1.04","2.24","1.65"
"16379","03-04-22 13:00","France","Ligue 1","2021/2022","Strasbourg","Lens","2.27","3.51","3.28","1.05","10.90","1.30","3.70","1.97","1.93","3.51","1.32","6.98","1.11","1.70","2.15"
"16380","02-04-22 19:00","France","Ligue 1","2021/2022","Lille","Bordeaux","1.48","4.37","7.76","1.04","12.00","1.23","4.35","1.77","2.17","2.83","1.45","5.55","1.16","1.83","1.98"
"16381","02-04-22 17:00","France","Ligue 1","2021/2022","Nice","Rennes","2.80","3.46","2.60","1.06","10.00","1.34","3.40","2.13","1.80","3.67","1.30","7.06","1.11","1.78","2.04"
"16382","20-03-22 20:45","France","Ligue 1","2021/2022","Marseille","Nice","1.87","3.56","4.64","1.05","10.90","1.28","3.80","1.85","2.07","3.18","1.38","6.54","1.13","1.69","2.18"
"16383","20-03-22 17:05","France","Ligue 1","2021/2022","Reims","Lyon","4.43","3.67","1.88","1.05","10.90","1.28","3.80","1.85","2.07","3.18","1.38","6.54","1.13","1.69","2.18"
"16384","20-03-22 15:00","France","Ligue 1","2021/2022","Angers","Brest","2.45","3.09","3.35","1.11","7.00","1.48","2.75","2.37","1.62","4.48","1.22","9.26","1.07","1.98","1.83"
"16385","20-03-22 15:00","France","Ligue 1","2021/2022","Bordeaux","Montpellier","2.50","3.46","2.93","1.05","11.00","1.29","3.75","1.99","1.91","3.24","1.37","6.54","1.13","1.74","2.10"
"16386","20-03-22 15:00","France","Ligue 1","2021/2022","Lorient","Strasbourg","3.47","3.37","2.24","1.11","7.00","1.48","2.75","2.37","1.62","4.48","1.22","9.26","1.07","1.98","1.83"
"16387","20-03-22 15:00","France","Ligue 1","2021/2022","Rennes","Metz","1.26","5.86","14.20","1.04","11.80","1.21","4.66","1.62","2.37","2.68","1.50","5.06","1.18","2.09","1.74"
"16388","20-03-22 13:00","France","Ligue 1","2021/2022","Monaco","PSG","4.01","3.73","1.95","1.02","16.10","1.20","4.84","1.57","2.47","2.49","1.56","4.49","1.22","1.54","2.48"
"16389","19-03-22 21:00","France","Ligue 1","2021/2022","Nantes","Lille","2.78","3.09","2.88","1.09","8.00","1.41","3.00","2.35","1.67","4.14","1.25","9.26","1.07","1.90","1.90"
"16390","19-03-22 17:00","France","Ligue 1","2021/2022","Lens","Clermont","1.71","3.88","5.27","1.04","12.00","1.28","3.80","1.85","2.07","3.18","1.38","6.54","1.13","1.76","2.07"
"16391","18-03-22 21:00","France","Ligue 1","2021/2022","St Etienne","Troyes","1.93","3.44","4.52","1.09","8.00","1.41","3.00","2.37","1.62","4.48","1.22","9.26","1.07","2.04","1.78"
"16392","13-03-22 20:45","France","Ligue 1","2021/2022","Brest","Marseille","4.24","3.53","1.95","1.04","11.80","1.26","4.03","1.86","2.05","3.03","1.41","6.12","1.14","1.64","2.26"
"16393","13-03-22 17:05","France","Ligue 1","2021/2022","Lyon","Rennes","1.96","3.83","3.84","1.03","14.00","1.21","4.66","1.72","2.26","2.68","1.50","5.06","1.18","1.57","2.41"
"16394","13-03-22 15:00","France","Ligue 1","2021/2022","Angers","Reims","2.37","2.96","3.70","1.14","6.00","1.56","2.50","2.86","1.45","5.41","1.17","12.50","1.04","2.15","1.70"
"16395","13-03-22 15:00","France","Ligue 1","2021/2022","Clermont","Lorient","2.31","3.09","3.86","1.07","6.65","1.38","2.94","2.27","1.74","3.78","1.25","7.10","1.06","2.04","1.74"
"16396","13-03-22 15:00","France","Ligue 1","2021/2022","Metz","Lens","4.89","3.91","1.75","1.06","10.00","1.34","3.40","2.13","1.80","3.67","1.30","7.06","1.11","1.98","1.83"
"16397","13-03-22 15:00","France","Ligue 1","2021/2022","Strasbourg","Monaco","2.78","3.20","2.78","1.08","9.00","1.34","3.40","2.24","1.73","3.79","1.29","7.54","1.10","1.83","1.98"
"16398","13-03-22 13:00","France","Ligue 1","2021/2022","PSG","Bordeaux","1.14","10.50","17.80","1.02","15.00","1.06","10.50","1.22","4.56","1.59","2.42","2.25","1.67","1.70","2.15"
"16399","12-03-22 21:00","France","Ligue 1","2021/2022","Troyes","Nantes","3.22","3.32","2.39","1.08","8.70","1.41","2.99","2.29","1.66","4.44","1.22","9.25","1.07","1.89","1.91"
"16400","12-03-22 17:00","France","Ligue 1","2021/2022","Montpellier","Nice","3.41","3.68","2.14","1.04","12.00","1.26","4.08","1.85","2.07","3.00","1.41","6.06","1.14","1.63","2.28"
"16401","11-03-22 21:00","France","Ligue 1","2021/2022","Lille","St Etienne","1.67","3.70","6.08","1.07","9.68","1.33","3.44","2.09","1.83","3.87","1.28","7.90","1.09","1.91","1.90"
"16402","06-03-22 20:45","France","Ligue 1","2021/2022","Marseille","Monaco","2.63","3.35","2.84","1.04","12.00","1.26","4.08","1.85","2.07","3.00","1.41","6.06","1.14","1.59","2.36"
"16403","06-03-22 17:05","France","Ligue 1","2021/2022","Lille","Clermont","1.70","3.67","5.87","1.08","8.70","1.33","3.48","2.17","1.77","3.83","1.28","7.83","1.09","1.93","1.88"
"16404","06-03-22 15:00","France","Ligue 1","2021/2022","Bordeaux","Troyes","2.11","3.60","3.80","1.03","8.40","1.35","3.10","2.16","1.81","3.70","1.26","6.95","1.06","1.97","1.80"
"16405","06-03-22 15:00","France","Ligue 1","2021/2022","Nantes","Montpellier","2.02","3.41","4.14","1.06","9.78","1.33","3.48","2.07","1.84","3.83","1.28","7.83","1.09","1.82","2.00"
"16406","06-03-22 15:00","France","Ligue 1","2021/2022","Reims","Strasbourg","3.97","3.00","2.24","1.11","7.07","1.45","2.85","2.47","1.57","5.01","1.19","10.40","1.06","1.93","1.88"
"16407","06-03-22 15:00","France","Ligue 1","2021/2022","Rennes","Angers","1.43","4.44","9.22","1.04","12.00","1.23","4.35","1.77","2.17","2.83","1.45","5.55","1.16","1.93","1.88"
"16408","06-03-22 13:00","France","Ligue 1","2021/2022","St Etienne","Metz","1.90","3.21","5.18","1.11","7.07","1.41","2.99","2.38","1.61","4.44","1.22","9.25","1.07","2.01","1.80"
"16409","05-03-22 21:00","France","Ligue 1","2021/2022","Nice","PSG","5.31","4.07","1.68","1.02","16.30","1.21","4.71","1.70","2.28","2.65","1.50","5.01","1.19","1.63","2.28"
"16410","05-03-22 17:00","France","Ligue 1","2021/2022","Lens","Brest","1.58","4.20","6.31","1.04","13.00","1.23","4.33","1.82","2.10","2.86","1.45","5.41","1.17","1.83","1.98"
"16411","04-03-22 21:00","France","Ligue 1","2021/2022","Lorient","Lyon","4.41","3.87","1.83","1.04","12.00","1.23","4.35","1.77","2.17","2.83","1.45","5.55","1.16","1.65","2.24"
"16412","27-02-22 20:45","France","Ligue 1","2021/2022","Lyon","Lille","1.79","3.83","4.76","1.04","11.80","1.24","4.30","1.78","2.15","2.85","1.45","5.60","1.16","1.64","2.26"
"16413","27-02-22 17:05","France","Ligue 1","2021/2022","Troyes","Marseille","5.25","3.70","1.75","1.05","10.70","1.29","3.76","1.99","1.91","3.21","1.37","6.60","1.12","1.72","2.13"
"16414","27-02-22 15:00","France","Ligue 1","2021/2022","Angers","Lens","3.28","3.18","2.43","1.09","8.00","1.34","3.40","2.13","1.80","3.67","1.30","7.54","1.10","1.78","2.04"
"16415","27-02-22 15:00","France","Ligue 1","2021/2022","Brest","Lorient","2.22","3.40","3.50","1.05","10.90","1.30","3.70","1.97","1.93","3.40","1.34","6.98","1.11","1.69","2.18"
"16416","27-02-22 15:00","France","Ligue 1","2021/2022","Clermont","Bordeaux","1.99","3.45","4.18","1.08","9.00","1.34","3.40","2.24","1.73","3.79","1.29","7.54","1.10","1.90","1.90"
"16417","27-02-22 15:00","France","Ligue 1","2021/2022","Metz","Nantes","2.95","3.05","2.75","1.13","6.50","1.56","2.50","2.66","1.50","5.41","1.17","11.20","1.05","2.10","1.74"
"16418","27-02-22 13:00","France","Ligue 1","2021/2022","Monaco","Reims","1.46","4.44","8.36","1.04","12.10","1.23","4.40","1.75","2.20","2.97","1.42","5.50","1.16","1.93","1.88"
"16419","26-02-22 21:00","France","Ligue 1","2021/2022","PSG","St Etienne","1.16","8.64","19.60","1.02","28.00","1.11","7.07","1.33","3.48","1.85","2.07","2.83","1.45","1.87","1.93"
"16420","26-02-22 17:00","France","Ligue 1","2021/2022","Strasbourg","Nice","2.07","3.41","3.93","1.06","9.78","1.33","3.48","2.07","1.84","3.83","1.28","7.83","1.09","1.82","2.00"
"16421","25-02-22 21:00","France","Ligue 1","2021/2022","Montpellier","Rennes","4.51","4.20","1.75","1.04","12.00","1.26","4.08","1.85","2.07","3.00","1.41","6.06","1.14","1.69","2.18"
"16422","20-02-22 20:45","France","Ligue 1","2021/2022","Marseille","Clermont","1.52","4.86","6.06","1.03","14.10","1.21","4.71","1.60","2.39","2.47","1.57","4.44","1.22","1.69","2.18"
"16423","20-02-22 17:05","France","Ligue 1","2021/2022","Bordeaux","Monaco","5.87","4.11","1.62","1.03","14.10","1.21","4.71","1.70","2.28","2.65","1.50","5.01","1.19","1.65","2.24"
"16424","20-02-22 15:00","France","Ligue 1","2021/2022","Lorient","Montpellier","2.50","3.17","3.17","1.08","9.00","1.37","3.20","2.24","1.73","3.79","1.29","8.45","1.09","1.83","1.98"
"16425","20-02-22 15:00","France","Ligue 1","2021/2022","Reims","Brest","2.35","3.16","3.47","1.08","8.70","1.36","3.26","2.19","1.71","4.15","1.25","8.58","1.08","1.83","1.98"
"16426","20-02-22 15:00","France","Ligue 1","2021/2022","Rennes","Troyes","1.31","5.66","11.30","1.04","12.00","1.21","4.71","1.70","2.28","2.65","1.50","5.01","1.19","1.97","1.83"
"16427","20-02-22 15:00","France","Ligue 1","2021/2022","St Etienne","Strasbourg","3.15","3.35","2.41","1.06","9.78","1.33","3.48","2.07","1.84","3.83","1.28","7.83","1.09","1.76","2.07"
"16428","20-02-22 13:00","France","Ligue 1","2021/2022","Nice","Angers","1.79","3.57","5.27","1.05","10.90","1.30","3.70","1.97","1.93","3.40","1.34","6.98","1.11","1.76","2.07"
"16429","19-02-22 21:00","France","Ligue 1","2021/2022","Nantes","PSG","8.83","5.13","1.38","1.02","16.10","1.17","5.38","1.54","2.55","2.31","1.64","4.18","1.25","1.70","2.15"
"16430","19-02-22 17:00","France","Ligue 1","2021/2022","Lens","Lyon","3.20","3.60","2.34","1.01","11.00","1.20","4.40","1.71","2.32","2.54","1.49","4.40","1.17","1.63","2.22"
"16431","18-02-22 21:00","France","Ligue 1","2021/2022","Lille","Metz","1.59","4.18","6.09","1.06","9.78","1.30","3.70","1.97","1.93","3.51","1.32","6.98","1.11","1.94","1.86"
"16432","13-02-22 20:45","France","Ligue 1","2021/2022","Metz","Marseille","5.47","4.07","1.66","1.05","10.90","1.28","3.80","1.85","2.07","3.18","1.38","6.54","1.13","1.82","2.00"
"16433","13-02-22 17:05","France","Ligue 1","2021/2022","Lens","Bordeaux","1.62","4.40","5.33","1.03","15.00","1.22","4.50","1.65","2.30","2.57","1.54","4.48","1.22","1.70","2.15"
"16434","13-02-22 15:00","France","Ligue 1","2021/2022","Angers","Strasbourg","3.25","3.25","2.41","1.09","8.00","1.41","3.00","2.26","1.67","4.48","1.22","9.26","1.07","1.98","1.83"
"16435","13-02-22 15:00","France","Ligue 1","2021/2022","Brest","Troyes","2.01","3.62","3.87","1.06","10.00","1.29","3.75","1.99","1.91","3.43","1.34","6.54","1.13","1.78","2.04"
"16436","13-02-22 15:00","France","Ligue 1","2021/2022","Clermont","St Etienne","2.43","3.34","3.13","1.08","9.00","1.37","3.20","2.35","1.67","4.14","1.25","8.45","1.09","1.90","1.90"
"16437","13-02-22 15:00","France","Ligue 1","2021/2022","Nantes","Reims","2.28","3.24","3.54","1.11","7.00","1.51","2.63","2.57","1.54","4.80","1.20","11.20","1.05","2.10","1.74"
"16438","13-02-22 13:00","France","Ligue 1","2021/2022","Monaco","Lorient","1.38","5.13","8.83","1.02","16.10","1.20","4.84","1.57","2.47","2.40","1.60","4.18","1.25","1.72","2.13"
"16439","12-02-22 21:00","France","Ligue 1","2021/2022","Lyon","Nice","1.80","4.20","4.21","1.03","14.10","1.23","4.35","1.70","2.28","2.65","1.50","5.01","1.19","1.62","2.31"
"16440","12-02-22 17:00","France","Ligue 1","2021/2022","Montpellier","Lille","3.33","3.37","2.30","1.05","10.90","1.30","3.70","2.07","1.84","3.51","1.32","6.98","1.11","1.69","2.18"
"16441","11-02-22 21:00","France","Ligue 1","2021/2022","PSG","Rennes","1.54","4.58","6.15","1.03","19.00","1.17","5.43","1.53","2.58","2.29","1.66","4.15","1.25","1.56","2.43"
"16442","06-02-22 20:45","France","Ligue 1","2021/2022","Lille","PSG","5.87","3.91","1.66","1.03","14.10","1.21","4.71","1.70","2.28","2.65","1.50","5.01","1.19","1.66","2.22"
"16443","06-02-22 17:00","France","Ligue 1","2021/2022","Rennes","Brest","1.48","4.47","7.85","1.04","12.00","1.23","4.35","1.70","2.28","2.65","1.50","5.01","1.19","1.76","2.07"
"16444","06-02-22 15:00","France","Ligue 1","2021/2022","Nice","Clermont","1.70","3.88","5.37","1.05","11.00","1.29","3.75","1.99","1.91","3.24","1.37","6.54","1.13","1.90","1.90"
"16445","06-02-22 15:00","France","Ligue 1","2021/2022","Reims","Bordeaux","1.99","3.68","3.88","1.05","11.00","1.29","3.75","1.99","1.91","3.24","1.37","6.54","1.13","1.78","2.04"
"16446","06-02-22 15:00","France","Ligue 1","2021/2022","Strasbourg","Nantes","1.95","3.67","4.08","1.06","10.00","1.32","3.50","2.13","1.80","3.67","1.30","7.06","1.11","1.83","1.98"
"16447","06-02-22 15:00","France","Ligue 1","2021/2022","Troyes","Metz","2.20","3.37","3.58","1.08","8.70","1.41","2.99","2.19","1.71","4.15","1.25","8.58","1.08","1.89","1.91"
"16448","06-02-22 13:00","France","Ligue 1","2021/2022","Lorient","Lens","3.30","3.35","2.33","1.08","9.00","1.34","3.40","2.13","1.80","3.67","1.30","7.54","1.10","1.83","1.98"
"16449","05-02-22 21:00","France","Ligue 1","2021/2022","Monaco","Lyon","2.20","3.70","3.26","1.03","14.10","1.21","4.71","1.70","2.28","2.65","1.50","5.01","1.19","1.56","2.43"
"16450","05-02-22 17:00","France","Ligue 1","2021/2022","St Etienne","Montpellier","2.42","3.46","3.05","1.06","10.00","1.34","3.40","2.13","1.80","3.67","1.30","7.54","1.10","1.83","1.98"
"16451","04-02-22 21:00","France","Ligue 1","2021/2022","Marseille","Angers","1.51","4.11","7.82","1.06","9.78","1.28","3.80","1.85","2.07","3.18","1.38","6.54","1.13","1.89","1.91"
"16452","01-02-22 21:00","France","Ligue 1","2021/2022","Lyon","Marseille","3.04","3.37","2.46","1.05","10.90","1.28","3.80","1.97","1.93","3.40","1.34","6.54","1.13","1.66","2.22"
"16453","26-01-22 19:00","France","Ligue 1","2021/2022","Angers","St Etienne","2.21","3.46","3.62","1.04","7.80","1.39","2.90","2.29","1.73","3.98","1.23","7.60","1.05","1.98","1.78"
"16454","23-01-22 20:45","France","Ligue 1","2021/2022","PSG","Reims","1.23","6.16","16.60","1.03","14.00","1.20","4.84","1.57","2.47","2.49","1.56","4.49","1.22","2.09","1.74"
"16455","23-01-22 17:05","France","Ligue 1","2021/2022","Montpellier","Monaco","4.39","3.67","1.89","1.04","11.80","1.26","4.03","1.86","2.05","3.03","1.41","6.12","1.14","1.68","2.19"
"16456","23-01-22 15:00","France","Ligue 1","2021/2022","Angers","Troyes","2.01","3.15","4.59","1.10","7.53","1.42","2.96","2.40","1.60","4.49","1.22","9.34","1.07","1.96","1.85"
"16457","23-01-22 15:00","France","Ligue 1","2021/2022","Bordeaux","Strasbourg","4.42","4.08","1.79","1.03","15.00","1.23","4.33","1.70","2.20","2.66","1.50","5.41","1.17","1.70","2.15"
"16458","23-01-22 15:00","France","Ligue 1","2021/2022","Clermont","Rennes","4.74","3.87","1.78","1.04","11.80","1.26","4.03","1.86","2.05","3.21","1.37","6.12","1.14","1.72","2.13"
"16459","23-01-22 15:00","France","Ligue 1","2021/2022","Nantes","Lorient","2.30","3.17","3.57","1.09","8.00","1.41","3.00","2.37","1.62","4.48","1.22","9.26","1.07","1.98","1.83"
"16460","23-01-22 13:00","France","Ligue 1","2021/2022","Metz","Nice","5.69","3.63","1.72","1.05","10.90","1.28","3.80","1.97","1.93","3.40","1.34","6.54","1.13","1.83","1.98"
"16461","22-01-22 21:00","France","Ligue 1","2021/2022","Lens","Marseille","2.63","3.67","2.65","1.03","14.10","1.23","4.35","1.77","2.17","2.83","1.45","5.55","1.16","1.59","2.36"
"16462","22-01-22 17:00","France","Ligue 1","2021/2022","Brest","Lille","3.26","3.47","2.29","1.06","10.00","1.29","3.75","1.99","1.91","3.24","1.37","6.54","1.13","1.74","2.10"
"16463","21-01-22 21:00","France","Ligue 1","2021/2022","Lyon","St Etienne","1.44","4.88","7.70","1.02","16.30","1.19","4.89","1.56","2.50","2.38","1.61","4.15","1.25","1.69","2.18"
"16464","19-01-22 19:00","France","Ligue 1","2021/2022","Clermont","Strasbourg","3.56","3.40","2.26","1.05","7.60","1.39","2.90","2.29","1.73","3.98","1.23","7.60","1.05","1.97","1.80"
"16465","19-01-22 19:00","France","Ligue 1","2021/2022","Lille","Lorient","1.60","4.28","6.35","1.02","9.40","1.29","3.46","1.99","1.95","3.26","1.32","5.95","1.09","2.06","1.73"
"16466","19-01-22 19:00","France","Ligue 1","2021/2022","Montpellier","Troyes","1.75","3.98","5.15","1.02","9.90","1.26","3.70","1.90","2.04","3.02","1.36","5.45","1.11","1.86","1.90"
"16467","16-01-22 20:45","France","Ligue 1","2021/2022","Marseille","Lille","2.17","3.47","3.54","1.05","10.90","1.28","3.80","1.97","1.93","3.18","1.38","6.54","1.13","1.66","2.22"
"16468","16-01-22 17:05","France","Ligue 1","2021/2022","Troyes","Lyon","4.31","3.90","1.85","1.04","13.00","1.23","4.33","1.82","2.10","2.86","1.45","5.41","1.17","1.70","2.15"
"16469","16-01-22 15:00","France","Ligue 1","2021/2022","Lorient","Angers","2.19","3.31","3.67","1.09","8.00","1.48","2.75","2.37","1.62","4.48","1.22","9.26","1.07","2.04","1.78"
"16470","16-01-22 15:00","France","Ligue 1","2021/2022","Monaco","Clermont","1.52","4.64","6.45","1.04","12.00","1.26","4.08","1.77","2.17","3.00","1.41","6.06","1.14","1.89","1.91"
"16471","16-01-22 15:00","France","Ligue 1","2021/2022","Reims","Metz","1.80","3.70","4.88","1.09","8.00","1.41","3.00","2.37","1.62","4.48","1.22","9.26","1.07","2.15","1.70"
"16472","16-01-22 15:00","France","Ligue 1","2021/2022","Strasbourg","Montpellier","2.09","3.57","3.67","1.04","12.00","1.26","4.08","1.85","2.07","3.00","1.41","6.06","1.14","1.66","2.22"
"16473","16-01-22 13:00","France","Ligue 1","2021/2022","Rennes","Bordeaux","1.45","5.07","7.10","1.03","21.00","1.17","5.38","1.49","2.69","2.21","1.70","3.87","1.28","1.64","2.26"
"16474","15-01-22 21:00","France","Ligue 1","2021/2022","PSG","Brest","1.27","6.69","10.30","1.02","19.00","1.14","5.98","1.41","2.99","2.10","1.77","3.51","1.32","1.69","2.18"
"16475","15-01-22 17:00","France","Ligue 1","2021/2022","St Etienne","Lens","4.09","3.88","1.89","1.04","13.00","1.26","4.00","1.90","2.00","3.06","1.40","6.00","1.14","1.78","2.04"
"16476","14-01-22 21:00","France","Ligue 1","2021/2022","Nice","Nantes","1.74","3.90","5.01","1.04","12.00","1.26","4.08","1.85","2.07","3.00","1.41","6.06","1.14","1.70","2.15"
"16477","09-01-22 20:45","France","Ligue 1","2021/2022","Lyon","PSG","3.27","3.80","2.17","1.01","16.00","1.20","4.84","1.57","2.47","2.40","1.60","4.49","1.22","1.49","2.60"
"16478","09-01-22 17:00","France","Ligue 1","2021/2022","Nantes","Monaco","4.45","3.41","1.95","1.08","8.60","1.33","3.44","2.20","1.75","3.87","1.28","7.90","1.09","1.85","1.96"
"16479","09-01-22 15:00","France","Ligue 1","2021/2022","Clermont","Reims","2.37","3.17","3.41","1.10","7.53","1.42","2.96","2.40","1.60","4.49","1.22","9.34","1.07","1.91","1.90"
"16480","09-01-22 15:00","France","Ligue 1","2021/2022","Metz","Strasbourg","5.15","4.03","1.70","1.04","11.80","1.26","4.03","1.86","2.05","3.03","1.41","6.12","1.14","1.72","2.13"
"16481","09-01-22 13:00","France","Ligue 1","2021/2022","Brest","Nice","2.70","3.49","2.67","1.05","10.90","1.28","3.80","1.97","1.93","3.18","1.38","6.54","1.13","1.65","2.24"
"16482","08-01-22 21:00","France","Ligue 1","2021/2022","Lens","Rennes","2.56","3.59","2.77","1.03","14.10","1.21","4.71","1.70","2.28","2.65","1.50","5.01","1.19","1.51","2.54"
"16483","07-01-22 21:00","France","Ligue 1","2021/2022","Bordeaux","Marseille","5.03","4.11","1.70","1.03","16.30","1.19","4.89","1.56","2.50","2.38","1.61","4.15","1.25","1.55","2.46"
"16484","22-12-21 21:00","France","Ligue 1","2021/2022","Bordeaux","Lille","3.57","3.83","2.04","1.03","14.10","1.21","4.71","1.70","2.28","2.65","1.50","5.01","1.19","1.55","2.46"
"16485","22-12-21 21:00","France","Ligue 1","2021/2022","Lorient","PSG","7.13","4.42","1.51","1.03","14.10","1.21","4.71","1.70","2.28","2.65","1.50","5.01","1.19","1.69","2.18"
"16486","22-12-21 21:00","France","Ligue 1","2021/2022","Lyon","Metz","1.35","5.09","10.80","1.03","14.10","1.19","4.89","1.56","2.50","2.47","1.57","4.44","1.22","1.82","2.00"
"16487","22-12-21 21:00","France","Ligue 1","2021/2022","Marseille","Reims","1.54","4.31","6.61","1.04","11.80","1.26","4.03","1.86","2.05","3.21","1.37","6.12","1.14","1.83","1.98"
"16488","22-12-21 21:00","France","Ligue 1","2021/2022","Monaco","Rennes","2.25","3.57","3.27","1.04","12.00","1.26","4.08","1.85","2.07","3.00","1.41","6.06","1.14","1.62","2.31"
"16489","22-12-21 21:00","France","Ligue 1","2021/2022","Montpellier","Angers","2.01","3.60","3.91","1.04","11.80","1.26","4.03","1.86","2.05","3.03","1.41","6.12","1.14","1.66","2.22"
"16490","22-12-21 21:00","France","Ligue 1","2021/2022","Nice","Lens","2.04","3.76","3.65","1.03","14.10","1.23","4.35","1.77","2.17","2.83","1.45","5.55","1.16","1.62","2.31"
"16491","22-12-21 21:00","France","Ligue 1","2021/2022","St Etienne","Nantes","2.44","3.38","3.08","1.08","9.00","1.41","3.00","2.35","1.67","4.14","1.25","9.26","1.07","1.98","1.83"
"16492","22-12-21 21:00","France","Ligue 1","2021/2022","Troyes","Brest","2.52","3.34","2.98","1.08","9.00","1.37","3.20","2.24","1.73","4.14","1.25","8.45","1.09","1.90","1.90"
"16493","12-12-21 20:45","France","Ligue 1","2021/2022","PSG","Monaco","1.46","4.91","7.15","1.02","20.00","1.15","5.91","1.45","2.82","2.12","1.76","3.54","1.32","1.57","2.41"
"16494","12-12-21 17:00","France","Ligue 1","2021/2022","Strasbourg","Marseille","2.37","3.39","3.17","1.04","11.80","1.26","4.03","1.86","2.05","3.21","1.37","6.12","1.14","1.64","2.26"
"16495","12-12-21 15:00","France","Ligue 1","2021/2022","Angers","Clermont","1.98","3.49","4.19","1.07","9.68","1.30","3.66","1.99","1.91","3.54","1.32","7.05","1.11","1.72","2.13"
"16496","12-12-21 15:00","France","Ligue 1","2021/2022","Metz","Lorient","2.34","3.19","3.43","1.07","9.68","1.33","3.44","2.20","1.75","3.87","1.28","7.90","1.09","1.78","2.04"
"16497","12-12-21 15:00","France","Ligue 1","2021/2022","Rennes","Nice","1.84","3.85","4.41","1.04","11.80","1.29","3.76","1.86","2.05","3.21","1.37","6.12","1.14","1.72","2.13"
"16498","12-12-21 15:00","France","Ligue 1","2021/2022","Troyes","Bordeaux","2.25","3.59","3.25","1.03","14.00","1.24","4.30","1.78","2.15","2.85","1.45","5.60","1.16","1.57","2.41"
"16499","12-12-21 13:00","France","Ligue 1","2021/2022","Lille","Lyon","2.05","3.69","3.69","1.04","12.00","1.23","4.35","1.77","2.17","2.83","1.45","5.55","1.16","1.59","2.36"
"16500","11-12-21 21:00","France","Ligue 1","2021/2022","Reims","St Etienne","2.15","3.44","3.61","1.08","8.70","1.33","3.48","2.17","1.77","3.83","1.28","7.83","1.09","1.74","2.09"
"16501","11-12-21 17:00","France","Ligue 1","2021/2022","Brest","Montpellier","2.20","3.70","3.26","1.04","12.00","1.26","4.08","1.85","2.07","3.00","1.41","6.06","1.14","1.62","2.31"
"16502","10-12-21 21:00","France","Ligue 1","2021/2022","Nantes","Lens","3.01","3.34","2.50","1.08","8.70","1.36","3.26","2.10","1.77","4.15","1.25","8.58","1.08","1.83","1.98"
"16503","05-12-21 20:45","France","Ligue 1","2021/2022","Bordeaux","Lyon","5.19","4.27","1.66","1.03","18.00","1.17","5.38","1.49","2.69","2.21","1.70","3.87","1.28","1.49","2.60"
"16504","05-12-21 17:00","France","Ligue 1","2021/2022","Nice","Strasbourg","1.90","3.48","4.62","1.05","10.70","1.29","3.76","1.99","1.91","3.21","1.37","6.60","1.12","1.72","2.13"
"16505","05-12-21 15:00","France","Ligue 1","2021/2022","Lorient","Nantes","2.45","3.27","3.16","1.08","8.60","1.37","3.23","2.20","1.75","3.87","1.28","7.90","1.09","1.78","2.04"
"16506","05-12-21 15:00","France","Ligue 1","2021/2022","Monaco","Metz","1.37","5.10","9.31","1.02","16.10","1.21","4.66","1.62","2.37","2.49","1.56","4.49","1.22","1.78","2.04"
"16507","05-12-21 15:00","France","Ligue 1","2021/2022","Montpellier","Clermont","1.97","3.69","3.97","1.04","11.80","1.24","4.30","1.78","2.15","2.85","1.45","5.60","1.16","1.64","2.26"
"16508","05-12-21 15:00","France","Ligue 1","2021/2022","Reims","Angers","2.12","3.17","4.13","1.11","6.99","1.49","2.69","2.49","1.56","5.06","1.18","10.50","1.06","2.01","1.80"
"16509","05-12-21 13:00","France","Ligue 1","2021/2022","St Etienne","Rennes","4.47","3.60","1.89","1.03","14.10","1.23","4.35","1.77","2.17","2.83","1.45","5.55","1.16","1.60","2.34"
"16510","04-12-21 21:00","France","Ligue 1","2021/2022","Lens","PSG","5.58","4.31","1.62","1.02","16.30","1.19","4.89","1.56","2.50","2.38","1.61","4.44","1.22","1.56","2.43"
"16511","04-12-21 19:00","France","Ligue 1","2021/2022","Lille","Troyes","1.54","4.41","6.52","1.05","10.90","1.28","3.80","1.85","2.07","3.18","1.38","6.54","1.13","1.83","1.98"
"16512","04-12-21 17:00","France","Ligue 1","2021/2022","Marseille","Brest","1.54","4.51","6.26","1.03","14.10","1.21","4.71","1.60","2.39","2.65","1.50","5.01","1.19","1.66","2.22"
"16513","01-12-21 21:00","France","Ligue 1","2021/2022","Clermont","Lens","2.96","3.57","2.42","1.05","11.00","1.26","4.00","1.90","2.00","3.06","1.40","6.00","1.14","1.70","2.15"
"16514","01-12-21 21:00","France","Ligue 1","2021/2022","Lyon","Reims","1.47","4.65","7.30","1.03","14.10","1.23","4.35","1.77","2.17","2.83","1.45","5.55","1.16","1.74","2.09"
"16515","01-12-21 21:00","France","Ligue 1","2021/2022","Nantes","Marseille","3.27","3.33","2.35","1.06","10.00","1.34","3.40","2.24","1.73","3.79","1.29","7.54","1.10","1.83","1.98"
"16516","01-12-21 21:00","France","Ligue 1","2021/2022","PSG","Nice","1.38","5.38","8.36","1.02","18.00","1.14","5.98","1.45","2.85","2.10","1.77","3.83","1.28","1.62","2.31"
"16517","01-12-21 21:00","France","Ligue 1","2021/2022","Rennes","Lille","1.99","3.68","3.88","1.04","11.80","1.26","4.03","1.86","2.05","3.21","1.37","6.12","1.14","1.66","2.22"
"16518","01-12-21 19:00","France","Ligue 1","2021/2022","Angers","Monaco","3.48","3.33","2.25","1.06","9.78","1.30","3.70","2.07","1.84","3.51","1.32","6.98","1.11","1.69","2.18"
"16519","01-12-21 19:00","France","Ligue 1","2021/2022","Brest","St Etienne","2.00","3.69","3.85","1.04","13.00","1.23","4.33","1.82","2.10","2.86","1.45","5.41","1.17","1.65","2.24"
"16520","01-12-21 19:00","France","Ligue 1","2021/2022","Metz","Montpellier","2.65","3.46","2.75","1.05","10.70","1.29","3.76","1.99","1.91","3.21","1.37","6.60","1.12","1.66","2.22"
"16521","01-12-21 19:00","France","Ligue 1","2021/2022","Strasbourg","Bordeaux","1.77","4.00","4.62","1.02","16.10","1.21","4.66","1.72","2.26","2.68","1.50","5.06","1.18","1.60","2.34"
"16522","01-12-21 19:00","France","Ligue 1","2021/2022","Troyes","Lorient","2.31","3.34","3.34","1.08","8.60","1.33","3.44","2.09","1.83","3.87","1.28","7.90","1.09","1.76","2.07"
"16523","28-11-21 20:45","France","Ligue 1","2021/2022","Marseille","Troyes","1.42","4.64","8.86","1.02","16.10","1.20","4.84","1.57","2.47","2.49","1.56","4.49","1.22","1.72","2.13"
"16524","28-11-21 17:00","France","Ligue 1","2021/2022","Montpellier","Lyon","4.42","4.32","1.75","1.02","19.00","1.15","5.91","1.45","2.82","2.12","1.76","3.54","1.32","1.46","2.72"
"16525","28-11-21 15:00","France","Ligue 1","2021/2022","Bordeaux","Brest","2.19","3.57","3.41","1.04","11.80","1.26","4.03","1.86","2.05","3.03","1.41","6.12","1.14","1.64","2.26"
"16526","28-11-21 15:00","France","Ligue 1","2021/2022","Lorient","Rennes","5.51","4.00","1.67","1.04","11.80","1.26","4.03","1.86","2.05","3.03","1.41","6.12","1.14","1.72","2.13"
"16527","28-11-21 15:00","France","Ligue 1","2021/2022","Monaco","Strasbourg","1.72","4.00","4.97","1.04","11.80","1.26","4.03","1.86","2.05","3.03","1.41","6.12","1.14","1.72","2.13"
"16528","28-11-21 15:00","France","Ligue 1","2021/2022","Reims","Clermont","2.15","3.27","3.84","1.08","8.60","1.42","2.96","2.21","1.70","4.18","1.25","8.66","1.08","1.91","1.90"
"16529","28-11-21 13:00","France","Ligue 1","2021/2022","St Etienne","PSG","11.30","6.69","1.26","1.02","23.00","1.11","7.07","1.33","3.48","1.85","2.07","2.83","1.45","1.59","2.36"
"16530","27-11-21 21:00","France","Ligue 1","2021/2022","Nice","Metz","1.37","5.10","9.31","1.03","14.00","1.24","4.30","1.78","2.15","2.85","1.45","5.60","1.16","1.96","1.85"
"16531","27-11-21 17:00","France","Ligue 1","2021/2022","Lille","Nantes","1.66","3.88","5.77","1.04","11.80","1.26","4.03","1.86","2.05","3.03","1.41","6.12","1.14","1.72","2.13"
"16532","26-11-21 21:00","France","Ligue 1","2021/2022","Lens","Angers","1.74","3.84","5.12","1.04","12.00","1.26","4.08","1.85","2.07","3.00","1.41","6.06","1.14","1.70","2.15"
"16533","21-11-21 17:00","France","Ligue 1","2021/2022","Clermont","Nice","3.52","3.57","2.15","1.04","11.80","1.24","4.30","1.78","2.15","3.03","1.41","5.60","1.16","1.61","2.31"
"16534","21-11-21 15:00","France","Ligue 1","2021/2022","Angers","Lorient","1.75","3.70","5.25","1.05","10.70","1.30","3.66","1.99","1.91","3.43","1.33","7.05","1.11","1.78","2.04"
"16535","21-11-21 15:00","France","Ligue 1","2021/2022","Metz","Bordeaux","2.25","3.60","3.25","1.07","9.68","1.33","3.44","2.09","1.83","3.87","1.28","7.90","1.09","1.78","2.04"
"16536","21-11-21 15:00","France","Ligue 1","2021/2022","Strasbourg","Reims","1.90","3.39","4.78","1.08","8.60","1.42","2.96","2.31","1.64","4.49","1.22","9.34","1.07","1.96","1.85"
"16537","21-11-21 15:00","France","Ligue 1","2021/2022","Troyes","St Etienne","2.42","3.57","2.96","1.03","14.00","1.24","4.30","1.78","2.15","2.85","1.45","5.60","1.16","1.61","2.31"
"16538","21-11-21 13:00","France","Ligue 1","2021/2022","Brest","Lens","3.67","3.57","2.09","1.04","12.00","1.28","3.80","1.85","2.07","3.18","1.38","6.06","1.14","1.65","2.24"
"16539","20-11-21 21:00","France","Ligue 1","2021/2022","Rennes","Montpellier","1.45","4.95","7.03","1.02","16.30","1.17","5.43","1.53","2.58","2.29","1.66","4.15","1.25","1.62","2.31"
"16540","20-11-21 17:00","France","Ligue 1","2021/2022","PSG","Nantes","1.19","7.98","15.70","1.02","24.00","1.10","7.61","1.30","3.70","1.77","2.17","2.83","1.45","1.69","2.18"
"16541","19-11-21 21:00","France","Ligue 1","2021/2022","Monaco","Lille","1.95","3.44","4.40","1.06","9.78","1.33","3.48","2.07","1.84","3.83","1.28","7.83","1.09","1.82","2.00"
"16542","07-11-21 20:45","France","Ligue 1","2021/2022","Rennes","Lyon","2.78","3.70","2.50","1.01","11.00","1.19","4.89","1.60","2.39","2.47","1.57","4.44","1.22","1.48","2.63"
"16543","07-11-21 17:00","France","Ligue 1","2021/2022","Nice","Montpellier","1.45","4.86","7.23","1.02","16.30","1.21","4.71","1.60","2.39","2.65","1.50","5.01","1.19","1.70","2.15"
"16544","07-11-21 15:00","France","Ligue 1","2021/2022","Lorient","Brest","2.44","3.50","2.98","1.05","10.90","1.30","3.70","1.97","1.93","3.40","1.34","6.54","1.13","1.70","2.15"
"16545","07-11-21 15:00","France","Ligue 1","2021/2022","Nantes","Strasbourg","2.62","3.19","2.98","1.08","8.70","1.36","3.26","2.17","1.77","3.83","1.28","7.83","1.09","1.76","2.07"
"16546","07-11-21 15:00","France","Ligue 1","2021/2022","Reims","Monaco","4.47","3.60","1.89","1.06","9.78","1.36","3.26","2.19","1.71","4.15","1.25","8.58","1.08","1.94","1.86"
"16547","07-11-21 15:00","France","Ligue 1","2021/2022","St Etienne","Clermont","2.46","3.48","2.97","1.03","14.10","1.21","4.71","1.70","2.28","2.65","1.50","5.01","1.19","1.52","2.51"
"16548","07-11-21 13:00","France","Ligue 1","2021/2022","Marseille","Metz","1.42","4.88","8.28","1.02","16.10","1.20","4.84","1.57","2.47","2.49","1.56","4.49","1.22","1.78","2.04"
"16549","06-11-21 21:00","France","Ligue 1","2021/2022","Bordeaux","PSG","11.00","7.09","1.25","1.02","21.00","1.13","6.52","1.36","3.26","1.97","1.93","3.00","1.41","1.65","2.24"
"16550","06-11-21 17:00","France","Ligue 1","2021/2022","Lille","Angers","1.61","4.10","6.06","1.04","12.00","1.26","4.08","1.85","2.07","3.18","1.38","6.06","1.14","1.82","2.00"
"16551","05-11-21 21:00","France","Ligue 1","2021/2022","Lens","Troyes","1.64","4.19","5.50","1.04","12.00","1.23","4.35","1.77","2.17","2.83","1.45","5.55","1.16","1.70","2.15"
"16552","31-10-21 20:45","France","Ligue 1","2021/2022","Clermont","Marseille","3.77","3.78","1.99","1.03","14.10","1.23","4.35","1.77","2.17","2.83","1.45","5.55","1.16","1.59","2.36"
"16553","31-10-21 17:00","France","Ligue 1","2021/2022","Brest","Monaco","4.85","3.87","1.76","1.03","14.10","1.21","4.71","1.70","2.28","2.65","1.50","5.01","1.19","1.59","2.36"
"16554","31-10-21 15:00","France","Ligue 1","2021/2022","Bordeaux","Reims","2.63","3.40","2.93","1.04","7.90","1.38","2.94","2.27","1.74","3.88","1.24","7.50","1.05","1.95","1.81"
"16555","31-10-21 15:00","France","Ligue 1","2021/2022","Montpellier","Nantes","2.20","3.58","3.37","1.06","10.00","1.32","3.50","2.13","1.80","3.43","1.34","7.06","1.11","1.78","2.04"
"16556","31-10-21 15:00","France","Ligue 1","2021/2022","Strasbourg","Lorient","1.89","3.61","4.46","1.06","10.00","1.34","3.40","2.13","1.80","3.67","1.30","7.54","1.10","1.90","1.90"
"16557","31-10-21 15:00","France","Ligue 1","2021/2022","Troyes","Rennes","4.12","3.81","1.90","1.06","10.00","1.32","3.50","1.99","1.91","3.43","1.34","7.06","1.11","1.83","1.98"
"16558","31-10-21 13:00","France","Ligue 1","2021/2022","Angers","Nice","3.27","3.33","2.35","1.06","9.78","1.33","3.48","2.07","1.84","3.83","1.28","7.83","1.09","1.74","2.09"
"16559","30-10-21 21:00","France","Ligue 1","2021/2022","Lyon","Lens","1.55","4.54","6.06","1.03","19.00","1.14","5.98","1.41","2.99","2.07","1.84","3.40","1.34","1.48","2.63"
"16560","30-10-21 17:00","France","Ligue 1","2021/2022","Metz","St Etienne","2.68","3.32","2.81","1.04","12.00","1.26","4.08","1.85","2.07","3.00","1.41","6.06","1.14","1.63","2.28"
"16561","29-10-21 21:00","France","Ligue 1","2021/2022","PSG","Lille","1.39","5.10","8.66","1.02","16.30","1.17","5.43","1.53","2.58","2.29","1.66","4.15","1.25","1.70","2.15"
"16562","27-10-21 21:00","France","Ligue 1","2021/2022","Nice","Marseille","3.29","3.41","2.31","1.06","9.78","1.33","3.48","2.07","1.84","3.83","1.28","7.83","1.09","1.70","2.15"
"16563","24-10-21 20:45","France","Ligue 1","2021/2022","Marseille","PSG","6.06","4.61","1.54","1.02","20.00","1.15","5.91","1.42","2.96","2.09","1.83","3.43","1.33","1.49","2.60"
"16564","24-10-21 17:00","France","Ligue 1","2021/2022","Monaco","Montpellier","1.44","4.82","7.63","1.01","17.00","1.17","5.38","1.54","2.55","2.31","1.64","4.18","1.25","1.68","2.19"
"16565","24-10-21 15:00","France","Ligue 1","2021/2022","Lens","Metz","1.45","4.70","7.83","1.04","12.00","1.26","4.08","1.77","2.17","3.00","1.41","5.55","1.16","1.89","1.91"
"16566","24-10-21 15:00","France","Ligue 1","2021/2022","Lorient","Bordeaux","2.23","3.46","3.39","1.06","9.78","1.30","3.70","2.07","1.84","3.51","1.32","6.98","1.11","1.70","2.15"
"16567","24-10-21 15:00","France","Ligue 1","2021/2022","Reims","Troyes","2.35","3.07","3.58","1.11","7.07","1.45","2.85","2.47","1.57","5.01","1.19","10.40","1.06","1.94","1.86"
"16568","24-10-21 15:00","France","Ligue 1","2021/2022","Rennes","Strasbourg","1.61","3.91","6.43","1.05","10.90","1.28","3.80","1.85","2.07","3.18","1.38","6.54","1.13","1.83","1.98"
"16569","24-10-21 13:00","France","Ligue 1","2021/2022","Nice","Lyon","3.23","3.69","2.22","1.01","16.00","1.19","4.89","1.56","2.50","2.38","1.61","4.44","1.22","1.45","2.75"
"16570","23-10-21 21:00","France","Ligue 1","2021/2022","Lille","Brest","1.47","4.32","8.30","1.04","12.00","1.23","4.35","1.77","2.17","2.83","1.45","5.55","1.16","1.83","1.98"
"16571","23-10-21 17:00","France","Ligue 1","2021/2022","Nantes","Clermont","2.12","3.56","3.59","1.06","9.78","1.33","3.48","2.07","1.84","3.51","1.32","6.98","1.11","1.76","2.07"
"16572","22-10-21 21:00","France","Ligue 1","2021/2022","St Etienne","Angers","3.26","3.36","2.34","1.04","11.80","1.26","4.03","1.86","2.05","3.03","1.41","6.12","1.14","1.62","2.31"
"16573","17-10-21 20:45","France","Ligue 1","2021/2022","Marseille","Lorient","1.58","4.19","6.32","1.03","14.00","1.21","4.66","1.72","2.26","2.68","1.50","5.06","1.18","1.72","2.13"
"16574","17-10-21 17:00","France","Ligue 1","2021/2022","Montpellier","Lens","2.95","3.49","2.46","1.04","13.00","1.23","4.33","1.82","2.10","2.86","1.45","5.41","1.17","1.61","2.31"
"16575","17-10-21 15:00","France","Ligue 1","2021/2022","Bordeaux","Nantes","2.75","3.38","2.80","1.03","8.40","1.32","3.26","2.09","1.86","3.46","1.29","6.45","1.07","1.84","1.92"
"16576","17-10-21 15:00","France","Ligue 1","2021/2022","Brest","Reims","2.32","3.26","3.58","1.06","7.20","1.38","2.94","2.27","1.74","3.88","1.24","7.30","1.05","1.97","1.80"
"16577","17-10-21 15:00","France","Ligue 1","2021/2022","Metz","Rennes","5.60","4.08","1.69","1.02","9.80","1.26","3.70","1.88","2.07","2.94","1.38","5.30","1.11","2.03","1.75"
"16578","17-10-21 15:00","France","Ligue 1","2021/2022","Strasbourg","St Etienne","2.24","3.50","3.50","1.03","8.90","1.28","3.54","1.97","1.97","3.14","1.34","5.70","1.10","1.78","1.99"
"16579","17-10-21 13:00","France","Ligue 1","2021/2022","Troyes","Nice","4.28","3.82","1.87","1.03","14.10","1.23","4.35","1.77","2.17","2.83","1.45","5.55","1.16","1.63","2.28"
"16580","16-10-21 21:00","France","Ligue 1","2021/2022","Lyon","Monaco","1.95","3.80","3.92","1.03","14.10","1.21","4.71","1.60","2.39","2.65","1.50","5.01","1.19","1.51","2.54"
"16581","16-10-21 17:00","France","Ligue 1","2021/2022","Clermont","Lille","3.15","3.54","2.41","1.03","8.90","1.31","3.32","2.04","1.90","3.40","1.30","6.30","1.08","1.80","1.96"
"16582","15-10-21 21:00","France","Ligue 1","2021/2022","PSG","Angers","1.38","5.13","9.02","1.02","16.10","1.20","4.84","1.57","2.47","2.49","1.56","4.49","1.22","1.83","1.98"
"16583","03-10-21 20:45","France","Ligue 1","2021/2022","St Etienne","Lyon","4.84","4.11","1.72","1.03","18.00","1.17","5.43","1.48","2.72","2.10","1.77","3.83","1.28","1.45","2.75"
"16584","03-10-21 17:00","France","Ligue 1","2021/2022","Lille","Marseille","2.34","3.40","3.24","1.06","9.78","1.33","3.48","2.07","1.84","3.83","1.28","7.83","1.09","1.76","2.07"
"16585","03-10-21 15:00","France","Ligue 1","2021/2022","Angers","Metz","1.94","3.46","4.41","1.08","8.60","1.37","3.23","2.21","1.70","4.18","1.25","8.66","1.08","1.93","1.88"
"16586","03-10-21 15:00","France","Ligue 1","2021/2022","Lorient","Clermont","2.58","3.51","2.79","1.04","11.80","1.26","4.03","1.86","2.05","3.03","1.41","6.12","1.14","1.63","2.28"
"16587","03-10-21 15:00","France","Ligue 1","2021/2022","Monaco","Bordeaux","1.36","5.36","9.18","1.02","16.30","1.19","4.89","1.53","2.58","2.29","1.66","4.15","1.25","1.69","2.18"
"16588","03-10-21 15:00","France","Ligue 1","2021/2022","Nantes","Troyes","1.76","3.70","5.19","1.05","10.70","1.29","3.76","1.99","1.91","3.21","1.37","6.60","1.12","1.74","2.09"
"16589","03-10-21 13:00","France","Ligue 1","2021/2022","Rennes","PSG","7.56","5.03","1.43","1.02","19.00","1.14","5.98","1.41","2.99","2.10","1.77","3.51","1.32","1.55","2.46"
"16590","02-10-21 21:00","France","Ligue 1","2021/2022","Nice","Brest","1.57","4.44","5.90","1.02","16.10","1.21","4.66","1.62","2.37","2.68","1.50","5.06","1.18","1.69","2.18"
"16591","02-10-21 17:00","France","Ligue 1","2021/2022","Montpellier","Strasbourg","2.46","3.48","2.97","1.05","11.00","1.29","3.75","1.99","1.91","3.43","1.34","6.54","1.13","1.74","2.10"
"16592","01-10-21 21:00","France","Ligue 1","2021/2022","Lens","Reims","2.02","3.39","4.16","1.05","10.90","1.28","3.80","1.85","2.07","3.18","1.38","6.54","1.13","1.66","2.22"
"16593","26-09-21 20:45","France","Ligue 1","2021/2022","Marseille","Lens","1.71","3.88","5.27","1.04","12.00","1.23","4.35","1.77","2.17","2.83","1.45","5.55","1.16","1.66","2.22"
"16594","26-09-21 17:00","France","Ligue 1","2021/2022","Clermont","Monaco","4.67","3.69","1.84","1.03","14.10","1.21","4.71","1.70","2.28","2.65","1.50","5.01","1.19","1.56","2.43"
"16595","26-09-21 15:00","France","Ligue 1","2021/2022","Brest","Metz","2.04","3.57","3.83","1.06","10.00","1.32","3.50","2.13","1.80","3.67","1.30","7.06","1.11","1.83","1.98"
"16596","26-09-21 15:00","France","Ligue 1","2021/2022","Reims","Nantes","2.68","3.16","2.93","1.10","7.53","1.45","2.82","2.40","1.60","4.49","1.22","10.50","1.06","1.94","1.86"
"16597","26-09-21 15:00","France","Ligue 1","2021/2022","Troyes","Angers","2.86","3.27","2.66","1.07","9.68","1.33","3.44","2.09","1.83","3.54","1.32","7.90","1.09","1.70","2.15"
"16598","26-09-21 13:00","France","Ligue 1","2021/2022","Bordeaux","Rennes","3.91","3.61","2.00","1.05","10.90","1.30","3.70","2.07","1.84","3.51","1.32","6.98","1.11","1.74","2.09"
"16599","25-09-21 21:00","France","Ligue 1","2021/2022","Lyon","Lorient","1.30","6.06","10.40","1.02","22.00","1.11","7.07","1.33","3.48","1.85","2.07","3.00","1.41","1.59","2.36"
"16600","25-09-21 21:00","France","Ligue 1","2021/2022","PSG","Montpellier","1.11","11.70","21.00","1.01","29.00","1.04","12.00","1.19","4.89","1.45","2.85","2.07","1.84","1.65","2.24"
"16601","25-09-21 19:00","France","Ligue 1","2021/2022","Strasbourg","Lille","3.49","3.18","2.33","1.08","8.70","1.41","2.99","2.19","1.71","4.15","1.25","8.58","1.08","1.82","2.00"
"16602","25-09-21 17:00","France","Ligue 1","2021/2022","St Etienne","Nice","3.41","3.62","2.17","1.05","11.00","1.26","4.00","1.90","2.00","3.06","1.40","6.00","1.14","1.65","2.24"
"16603","22-09-21 21:00","France","Ligue 1","2021/2022","Angers","Marseille","3.46","3.32","2.27","1.07","9.68","1.33","3.44","2.09","1.83","3.87","1.28","7.90","1.09","1.78","2.04"
"16604","22-09-21 21:00","France","Ligue 1","2021/2022","Lens","Strasbourg","2.01","3.67","3.84","1.04","11.80","1.29","3.76","1.86","2.05","3.21","1.37","6.12","1.14","1.68","2.19"
"16605","22-09-21 21:00","France","Ligue 1","2021/2022","Lorient","Nice","3.83","3.56","2.04","1.04","11.80","1.29","3.76","1.86","2.05","3.21","1.37","6.60","1.12","1.68","2.19"
"16606","22-09-21 21:00","France","Ligue 1","2021/2022","Lyon","Troyes","1.31","5.82","10.90","1.02","20.00","1.15","5.91","1.45","2.82","2.12","1.76","3.54","1.32","1.72","2.13"
"16607","22-09-21 21:00","France","Ligue 1","2021/2022","Metz","PSG","13.40","6.80","1.23","1.02","19.00","1.15","5.91","1.42","2.96","2.09","1.83","3.43","1.33","1.78","2.04"
"16608","22-09-21 19:00","France","Ligue 1","2021/2022","Lille","Reims","1.73","3.58","5.77","1.10","7.53","1.45","2.82","2.40","1.60","4.49","1.22","10.50","1.06","2.16","1.69"
"16609","22-09-21 19:00","France","Ligue 1","2021/2022","Monaco","St Etienne","1.46","4.62","7.72","1.03","14.00","1.20","4.84","1.57","2.47","2.49","1.56","4.49","1.22","1.72","2.13"
"16610","22-09-21 19:00","France","Ligue 1","2021/2022","Montpellier","Bordeaux","1.96","4.10","3.62","1.02","16.10","1.20","4.84","1.62","2.37","2.49","1.56","4.49","1.22","1.54","2.48"
"16611","22-09-21 19:00","France","Ligue 1","2021/2022","Nantes","Brest","1.98","3.61","3.99","1.05","10.70","1.30","3.66","2.09","1.83","3.54","1.32","7.05","1.11","1.78","2.04"
"16612","22-09-21 19:00","France","Ligue 1","2021/2022","Rennes","Clermont","1.93","3.49","4.41","1.04","11.80","1.26","4.03","1.86","2.05","3.03","1.41","6.12","1.14","1.64","2.26"
"16613","19-09-21 20:45","France","Ligue 1","2021/2022","PSG","Lyon","1.30","6.11","10.40","1.01","29.00","1.08","8.60","1.26","4.03","1.62","2.37","2.40","1.60","1.46","2.72"
"16614","19-09-21 17:00","France","Ligue 1","2021/2022","Marseille","Rennes","1.99","3.64","3.95","1.06","10.00","1.32","3.50","2.13","1.80","3.67","1.30","7.06","1.11","1.83","1.98"
"16615","19-09-21 15:00","France","Ligue 1","2021/2022","Angers","Nantes","2.09","3.32","3.98","1.08","8.70","1.41","2.99","2.29","1.66","4.44","1.22","9.25","1.07","1.94","1.86"
"16616","19-09-21 15:00","France","Ligue 1","2021/2022","Clermont","Brest","1.85","3.90","4.31","1.04","13.00","1.26","4.00","1.90","2.00","3.06","1.40","6.00","1.14","1.74","2.10"
"16617","19-09-21 15:00","France","Ligue 1","2021/2022","Reims","Lorient","2.22","3.40","3.50","1.09","8.00","1.48","2.75","2.37","1.62","4.80","1.20","9.99","1.06","2.04","1.78"
"16618","19-09-21 15:00","France","Ligue 1","2021/2022","Troyes","Montpellier","2.51","3.52","3.01","1.01","10.50","1.19","4.44","1.71","2.33","2.49","1.51","4.24","1.18","1.60","2.27"
"16619","19-09-21 13:00","France","Ligue 1","2021/2022","Nice","Monaco","3.16","3.47","2.35","1.04","12.00","1.28","3.80","1.85","2.07","3.18","1.38","6.54","1.13","1.66","2.22"
"16620","18-09-21 21:00","France","Ligue 1","2021/2022","St Etienne","Bordeaux","1.86","3.72","4.47","1.04","12.00","1.26","4.08","1.85","2.07","3.00","1.41","6.06","1.14","1.65","2.24"
"16621","18-09-21 17:00","France","Ligue 1","2021/2022","Lens","Lille","2.62","3.40","2.95","1.03","8.70","1.31","3.32","2.04","1.91","3.32","1.31","6.20","1.08","1.85","1.91"
"16622","17-09-21 21:00","France","Ligue 1","2021/2022","Strasbourg","Metz","1.90","3.69","4.30","1.06","9.78","1.36","3.26","2.17","1.77","3.83","1.28","7.83","1.09","1.87","1.93"
"16623","12-09-21 20:45","France","Ligue 1","2021/2022","Lyon","Strasbourg","1.57","4.48","6.45","1.01","16.00","1.16","4.50","1.66","2.41","2.63","1.61","4.20","1.21","1.70","2.10"
"16624","12-09-21 17:00","France","Ligue 1","2021/2022","Nantes","Nice","3.04","3.37","2.47","1.08","8.70","1.36","3.26","2.17","1.77","3.83","1.28","7.83","1.09","1.74","2.09"
"16625","12-09-21 15:00","France","Ligue 1","2021/2022","Bordeaux","Lens","2.94","3.57","2.44","1.04","12.00","1.28","3.80","1.85","2.07","3.18","1.38","6.54","1.13","1.66","2.22"
"16626","12-09-21 15:00","France","Ligue 1","2021/2022","Brest","Angers","2.58","3.44","2.83","1.06","9.78","1.33","3.48","2.07","1.84","3.83","1.28","7.83","1.09","1.76","2.07"
"16627","12-09-21 15:00","France","Ligue 1","2021/2022","Metz","Troyes","2.46","3.42","3.01","1.06","9.78","1.33","3.48","2.07","1.84","3.51","1.32","7.83","1.09","1.70","2.15"
"16628","12-09-21 15:00","France","Ligue 1","2021/2022","Rennes","Reims","1.75","3.51","5.68","1.10","7.61","1.36","3.26","2.19","1.71","4.15","1.25","8.58","1.08","1.99","1.81"
"16629","12-09-21 13:00","France","Ligue 1","2021/2022","Montpellier","St Etienne","2.36","3.69","2.98","1.03","14.10","1.21","4.71","1.70","2.28","2.65","1.50","5.01","1.19","1.52","2.51"
"16630","11-09-21 21:00","France","Ligue 1","2021/2022","Monaco","Marseille","1.80","3.93","4.51","1.04","11.80","1.26","4.03","1.86","2.05","3.03","1.41","6.12","1.14","1.72","2.13"
"16631","11-09-21 17:00","France","Ligue 1","2021/2022","PSG","Clermont","1.32","6.00","11.00","1.01","16.00","1.15","4.64","1.64","2.48","2.54","1.58","4.20","1.21","1.95","1.81"
"16632","10-09-21 21:00","France","Ligue 1","2021/2022","Lorient","Lille","3.77","3.47","2.09","1.06","9.78","1.33","3.48","2.17","1.77","3.83","1.28","7.83","1.09","1.83","1.98"
"16633","29-08-21 20:45","France","Ligue 1","2021/2022","Reims","PSG","15.50","7.78","1.19","1.02","24.00","1.10","7.53","1.30","3.66","1.86","2.05","2.85","1.45","1.72","2.13"
"16634","29-08-21 17:00","France","Ligue 1","2021/2022","Lille","Montpellier","1.61","4.10","6.06","1.03","14.00","1.21","4.66","1.62","2.37","2.68","1.50","5.06","1.18","1.64","2.26"
"16635","29-08-21 15:00","France","Ligue 1","2021/2022","Angers","Rennes","2.85","3.21","2.72","1.08","8.60","1.37","3.23","2.21","1.70","4.18","1.25","8.66","1.08","1.83","1.98"
"16636","29-08-21 15:00","France","Ligue 1","2021/2022","Clermont","Metz","1.65","4.08","5.61","1.04","11.80","1.29","3.76","1.86","2.05","3.21","1.37","6.12","1.14","1.83","1.98"
"16637","29-08-21 15:00","France","Ligue 1","2021/2022","Lens","Lorient","1.64","3.89","6.14","1.03","14.00","1.21","4.66","1.72","2.26","2.68","1.50","5.06","1.18","1.66","2.22"
"16638","29-08-21 15:00","France","Ligue 1","2021/2022","Strasbourg","Brest","2.00","3.49","4.10","1.03","14.00","1.21","4.66","1.72","2.26","2.68","1.50","5.06","1.18","1.56","2.43"
"16639","29-08-21 13:00","France","Ligue 1","2021/2022","Troyes","Monaco","5.63","3.84","1.69","1.04","12.00","1.26","4.08","1.85","2.07","3.18","1.38","6.06","1.14","1.69","2.18"
"16640","28-08-21 21:00","France","Ligue 1","2021/2022","Marseille","St Etienne","1.66","3.99","5.65","1.04","12.00","1.23","4.35","1.77","2.17","2.83","1.45","5.55","1.16","1.70","2.15"
"16641","28-08-21 17:00","France","Ligue 1","2021/2022","Nice","Bordeaux","1.88","4.05","3.97","1.04","12.00","1.28","3.80","1.85","2.07","3.18","1.38","6.54","1.13","1.76","2.07"
"16642","27-08-21 21:00","France","Ligue 1","2021/2022","Nantes","Lyon","4.49","4.15","1.76","1.03","14.10","1.23","4.35","1.70","2.28","2.65","1.50","5.01","1.19","1.62","2.31"
"16643","22-08-21 17:00","France","Ligue 1","2021/2022","Rennes","Nantes","1.69","3.84","5.63","1.08","8.60","1.37","3.23","2.20","1.75","3.87","1.28","7.90","1.09","1.97","1.83"
"16644","22-08-21 15:00","France","Ligue 1","2021/2022","Bordeaux","Angers","3.47","3.26","2.29","1.08","8.70","1.41","2.99","2.19","1.71","4.15","1.25","8.58","1.08","1.82","2.00"
"16645","22-08-21 15:00","France","Ligue 1","2021/2022","Metz","Reims","2.25","3.27","3.57","1.10","7.53","1.45","2.82","2.49","1.56","5.06","1.18","10.50","1.06","1.99","1.81"
"16646","22-08-21 15:00","France","Ligue 1","2021/2022","Montpellier","Lorient","2.13","3.56","3.56","1.03","14.00","1.20","4.84","1.62","2.37","2.49","1.56","4.49","1.22","1.48","2.63"
"16647","22-08-21 15:00","France","Ligue 1","2021/2022","Strasbourg","Troyes","1.98","3.52","4.14","1.05","10.90","1.28","3.80","1.97","1.93","3.18","1.38","6.54","1.13","1.69","2.18"
"16648","22-08-21 13:00","France","Ligue 1","2021/2022","Lyon","Clermont","1.58","4.62","5.52","1.01","17.00","1.19","4.89","1.53","2.58","2.29","1.66","4.15","1.25","1.55","2.46"
"16649","21-08-21 21:00","France","Ligue 1","2021/2022","St Etienne","Lille","3.43","3.26","2.31","1.06","9.78","1.33","3.48","2.17","1.77","3.83","1.28","7.83","1.09","1.76","2.07"
"16650","21-08-21 17:00","France","Ligue 1","2021/2022","Monaco","Lens","1.71","3.84","5.35","1.04","12.00","1.26","4.08","1.77","2.17","3.00","1.41","5.55","1.16","1.70","2.15"
"16651","20-08-21 21:00","France","Ligue 1","2021/2022","Brest","PSG","10.70","5.33","1.33","1.02","18.00","1.17","5.43","1.48","2.72","2.19","1.71","3.83","1.28","1.69","2.18"
"16652","15-08-21 20:45","France","Ligue 1","2021/2022","Marseille","Bordeaux","1.48","4.47","7.76","1.04","12.00","1.23","4.35","1.77","2.17","2.83","1.45","5.55","1.16","1.82","2.00"
"16653","15-08-21 17:00","France","Ligue 1","2021/2022","Lens","St Etienne","1.98","3.69","3.93","1.04","12.00","1.28","3.80","1.85","2.07","3.18","1.38","6.06","1.14","1.65","2.24"
"16654","15-08-21 15:00","France","Ligue 1","2021/2022","Brest","Rennes","3.89","3.52","2.04","1.04","11.80","1.29","3.76","1.86","2.05","3.21","1.37","6.60","1.12","1.68","2.19"
"16655","15-08-21 15:00","France","Ligue 1","2021/2022","Clermont","Troyes","1.89","3.67","4.39","1.04","11.80","1.26","4.03","1.86","2.05","3.21","1.37","6.12","1.14","1.72","2.13"
"16656","15-08-21 15:00","France","Ligue 1","2021/2022","Nantes","Metz","2.07","3.28","4.13","1.08","8.60","1.37","3.23","2.20","1.75","4.18","1.25","8.66","1.08","1.85","1.96"
"16657","15-08-21 15:00","France","Ligue 1","2021/2022","Reims","Montpellier","2.45","3.75","2.80","1.05","10.70","1.29","3.76","1.86","2.05","3.21","1.37","6.60","1.12","1.68","2.19"
"16658","15-08-21 13:00","France","Ligue 1","2021/2022","Angers","Lyon","4.90","3.80","1.77","1.03","14.00","1.21","4.66","1.72","2.26","2.68","1.50","5.06","1.18","1.64","2.26"
"16659","14-08-21 21:00","France","Ligue 1","2021/2022","PSG","Strasbourg","1.24","6.79","12.50","1.02","20.00","1.14","5.98","1.41","2.99","2.10","1.77","3.51","1.32","1.83","1.98"
"16660","14-08-21 17:00","France","Ligue 1","2021/2022","Lille","Nice","1.85","3.50","4.88","1.06","9.78","1.33","3.48","2.07","1.84","3.51","1.32","6.98","1.11","1.83","1.98"
"16661","13-08-21 21:00","France","Ligue 1","2021/2022","Lorient","Monaco","4.41","3.85","1.84","1.04","12.00","1.28","3.80","1.97","1.93","3.40","1.34","6.54","1.13","1.70","2.15"
"16662","08-08-21 20:45","France","Ligue 1","2021/2022","Montpellier","Marseille","3.95","3.57","2.01","1.03","14.10","1.23","4.35","1.77","2.17","2.83","1.45","5.55","1.16","1.56","2.43"
"16663","08-08-21 17:00","France","Ligue 1","2021/2022","Metz","Lille","5.09","3.46","1.83","1.10","7.61","1.45","2.85","2.38","1.61","5.01","1.19","10.40","1.06","2.14","1.71"
"16664","08-08-21 15:00","France","Ligue 1","2021/2022","Bordeaux","Clermont","2.35","3.42","3.19","1.06","9.78","1.36","3.26","2.17","1.77","3.83","1.28","7.83","1.09","1.76","2.07"
"16665","08-08-21 15:00","France","Ligue 1","2021/2022","Nice","Reims","1.75","3.70","5.30","1.06","9.78","1.36","3.26","2.19","1.71","4.15","1.25","8.58","1.08","1.99","1.81"
"16666","08-08-21 15:00","France","Ligue 1","2021/2022","St Etienne","Lorient","2.05","3.59","3.78","1.06","9.78","1.33","3.48","2.07","1.84","3.83","1.28","7.83","1.09","1.83","1.98"
"16667","08-08-21 15:00","France","Ligue 1","2021/2022","Strasbourg","Angers","2.06","3.50","3.86","1.06","9.78","1.33","3.48","2.07","1.84","3.83","1.28","7.83","1.09","1.83","1.98"
"16668","08-08-21 13:00","France","Ligue 1","2021/2022","Rennes","Lens","1.88","3.81","4.26","1.06","9.78","1.30","3.70","1.97","1.93","3.40","1.34","6.98","1.11","1.76","2.07"
"16669","07-08-21 21:00","France","Ligue 1","2021/2022","Troyes","PSG","10.70","5.56","1.32","1.02","16.30","1.19","4.89","1.56","2.50","2.38","1.61","4.44","1.22","1.83","1.98"
"16670","07-08-21 17:00","France","Ligue 1","2021/2022","Lyon","Brest","1.39","5.10","8.66","1.02","21.00","1.14","5.98","1.45","2.85","2.07","1.84","3.51","1.32","1.63","2.28"
"16671","06-08-21 21:00","France","Ligue 1","2021/2022","Monaco","Nantes","1.42","4.88","8.28","1.04","11.80","1.24","4.30","1.78","2.15","3.03","1.41","5.60","1.16","1.91","1.90"
"16672","23-05-21 21:00","France","Ligue 1","2020/2021","Angers","Lille","9.44","4.47","1.42","1.03","13.80","1.21","4.61","1.73","2.23","2.70","1.49","5.11","1.18","1.78","2.04"
"16673","23-05-21 21:00","France","Ligue 1","2020/2021","Brest","PSG","13.10","7.75","1.21","1.01","26.00","1.07","9.68","1.24","4.30","1.62","2.37","2.40","1.60","1.54","2.48"
"16674","23-05-21 21:00","France","Ligue 1","2020/2021","Lens","Monaco","5.83","4.65","1.55","1.01","17.00","1.17","5.38","1.49","2.69","2.21","1.70","3.87","1.28","1.57","2.41"
"16675","23-05-21 21:00","France","Ligue 1","2020/2021","Lyon","Nice","1.21","7.96","12.60","1.02","15.00","1.07","9.68","1.24","4.30","1.57","2.47","2.31","1.64","1.54","2.48"
"16676","23-05-21 21:00","France","Ligue 1","2020/2021","Metz","Marseille","4.39","3.67","1.89","1.03","14.00","1.21","4.66","1.72","2.26","2.49","1.56","5.06","1.18","1.57","2.41"
"16677","23-05-21 21:00","France","Ligue 1","2020/2021","Nantes","Montpellier","1.57","4.58","5.68","1.01","17.00","1.17","5.38","1.54","2.55","2.31","1.64","4.18","1.25","1.57","2.41"
"16678","23-05-21 21:00","France","Ligue 1","2020/2021","Reims","Bordeaux","2.54","3.09","3.18","1.05","10.70","1.26","4.03","1.86","2.05","3.03","1.41","6.12","1.14","1.57","2.41"
"16679","23-05-21 21:00","France","Ligue 1","2020/2021","Rennes","Nimes","1.23","6.60","14.00","1.02","15.00","1.11","6.99","1.37","3.23","1.99","1.91","3.03","1.41","1.68","2.19"
"16680","23-05-21 21:00","France","Ligue 1","2020/2021","St Etienne","Dijon","1.29","5.81","11.80","1.01","20.00","1.13","6.45","1.42","2.96","1.99","1.91","3.21","1.37","1.68","2.19"
"16681","23-05-21 21:00","France","Ligue 1","2020/2021","Strasbourg","Lorient","2.97","2.16","4.32","1.09","7.40","1.49","2.69","2.41","1.57","4.94","1.18","12.00","1.03","2.02","1.67"
"16682","16-05-21 21:00","France","Ligue 1","2020/2021","Bordeaux","Lens","3.09","3.96","2.20","1.04","11.80","1.26","4.03","1.86","2.05","3.21","1.37","6.12","1.14","1.68","2.19"
"16683","16-05-21 21:00","France","Ligue 1","2020/2021","Dijon","Nantes","8.67","4.84","1.42","1.03","14.00","1.21","4.66","1.72","2.26","2.68","1.50","5.06","1.18","1.85","1.96"
"16684","16-05-21 21:00","France","Ligue 1","2020/2021","Lille","St Etienne","1.36","5.21","10.00","1.04","11.80","1.24","4.30","1.78","2.15","2.85","1.45","5.60","1.16","2.01","1.80"
"16685","16-05-21 21:00","France","Ligue 1","2020/2021","Lorient","Metz","1.68","4.42","4.74","1.04","11.80","1.30","3.66","1.99","1.91","3.54","1.32","7.05","1.11","1.91","1.90"
"16686","16-05-21 21:00","France","Ligue 1","2020/2021","Marseille","Angers","1.46","4.30","8.81","1.04","11.80","1.24","4.30","1.78","2.15","2.85","1.45","5.60","1.16","1.85","1.96"
"16687","16-05-21 21:00","France","Ligue 1","2020/2021","Monaco","Rennes","1.76","4.42","4.23","1.03","14.00","1.21","4.66","1.72","2.26","2.68","1.50","5.06","1.18","1.64","2.26"
"16688","16-05-21 21:00","France","Ligue 1","2020/2021","Montpellier","Brest","2.25","3.94","3.01","1.01","18.00","1.17","5.38","1.45","2.82","2.21","1.70","3.87","1.28","1.42","2.88"
"16689","16-05-21 21:00","France","Ligue 1","2020/2021","Nice","Strasbourg","3.06","3.54","2.38","1.04","11.80","1.24","4.30","1.78","2.15","3.03","1.41","5.60","1.16","1.61","2.31"
"16690","16-05-21 21:00","France","Ligue 1","2020/2021","Nimes","Lyon","8.74","6.61","1.31","1.02","15.00","1.08","8.60","1.29","3.76","1.78","2.15","2.68","1.50","1.54","2.48"
"16691","16-05-21 21:00","France","Ligue 1","2020/2021","PSG","Reims","1.11","11.00","27.00","1.02","15.00","1.10","7.53","1.30","3.66","1.86","2.05","2.85","1.45","2.01","1.80"
"16692","09-05-21 21:00","France","Ligue 1","2020/2021","Rennes","PSG","7.47","4.65","1.47","1.02","16.30","1.19","4.89","1.56","2.50","2.47","1.57","4.44","1.22","1.66","2.22"
"16693","09-05-21 17:05","France","Ligue 1","2020/2021","Reims","Monaco","8.56","4.88","1.41","1.04","12.00","1.26","4.08","1.77","2.17","3.00","1.41","5.55","1.16","1.94","1.86"
"16694","09-05-21 15:00","France","Ligue 1","2020/2021","Angers","Dijon","1.64","3.96","5.99","1.04","12.00","1.23","4.35","1.77","2.17","2.83","1.45","5.55","1.16","1.69","2.18"
"16695","09-05-21 15:00","France","Ligue 1","2020/2021","Metz","Nimes","2.84","3.52","2.53","1.04","12.00","1.28","3.80","1.97","1.93","3.40","1.34","6.54","1.13","1.65","2.24"
"16696","09-05-21 15:00","France","Ligue 1","2020/2021","Nice","Brest","2.46","3.48","2.97","1.03","14.10","1.21","4.71","1.70","2.28","2.65","1.50","5.01","1.19","1.51","2.54"
"16697","09-05-21 15:00","France","Ligue 1","2020/2021","Strasbourg","Montpellier","1.69","4.10","5.12","1.03","14.10","1.19","4.89","1.60","2.39","2.47","1.57","4.44","1.22","1.62","2.31"
"16698","09-05-21 13:00","France","Ligue 1","2020/2021","St Etienne","Marseille","3.12","3.88","2.21","1.04","12.00","1.26","4.08","1.85","2.07","3.18","1.38","6.06","1.14","1.65","2.24"
"16699","08-05-21 17:00","France","Ligue 1","2020/2021","Lyon","Lorient","1.40","5.38","7.69","1.02","13.00","1.16","5.50","1.48","2.75","2.24","1.73","3.79","1.29","1.67","2.15"
"16700","08-05-21 13:00","France","Ligue 1","2020/2021","Nantes","Bordeaux","1.92","3.56","4.33","1.05","10.70","1.29","3.76","1.99","1.91","3.21","1.37","6.60","1.12","1.69","2.18"
"16701","07-05-21 21:00","France","Ligue 1","2020/2021","Lens","Lille","4.52","3.60","1.88","1.07","9.68","1.33","3.44","2.09","1.83","3.87","1.28","7.90","1.09","1.83","1.98"
"16702","02-05-21 21:00","France","Ligue 1","2020/2021","Monaco","Lyon","2.44","3.80","2.80","1.01","11.50","1.17","5.43","1.56","2.50","2.38","1.61","4.15","1.25","1.44","2.78"
"16703","02-05-21 17:05","France","Ligue 1","2020/2021","Montpellier","St Etienne","2.94","3.58","2.43","1.03","14.00","1.21","4.66","1.72","2.26","2.68","1.50","5.06","1.18","1.52","2.51"
"16704","02-05-21 15:00","France","Ligue 1","2020/2021","Brest","Nantes","2.57","3.39","2.88","1.05","10.70","1.29","3.76","1.86","2.05","3.21","1.37","6.60","1.12","1.63","2.28"
"16705","02-05-21 15:00","France","Ligue 1","2020/2021","Dijon","Metz","3.69","3.38","2.15","1.07","9.68","1.33","3.44","2.09","1.83","3.54","1.32","7.05","1.11","1.72","2.13"
"16706","02-05-21 15:00","France","Ligue 1","2020/2021","Lorient","Angers","1.95","3.67","4.08","1.07","9.68","1.33","3.44","2.09","1.83","3.54","1.32","7.05","1.11","1.85","1.96"
"16707","02-05-21 15:00","France","Ligue 1","2020/2021","Nimes","Reims","2.24","3.47","3.37","1.07","9.68","1.33","3.44","2.09","1.83","3.87","1.28","7.90","1.09","1.78","2.04"
"16708","02-05-21 13:00","France","Ligue 1","2020/2021","Bordeaux","Rennes","4.86","3.99","1.74","1.04","11.80","1.24","4.30","1.78","2.15","2.85","1.45","5.60","1.16","1.66","2.22"
"16709","01-05-21 21:00","France","Ligue 1","2020/2021","Lille","Nice","1.42","4.88","8.46","1.03","14.00","1.26","4.03","1.78","2.15","3.03","1.41","5.60","1.16","1.91","1.90"
"16710","01-05-21 17:00","France","Ligue 1","2020/2021","PSG","Lens","1.37","5.38","8.74","1.01","18.00","1.17","5.38","1.49","2.69","2.31","1.64","3.87","1.28","1.72","2.13"
"16711","30-04-21 21:00","France","Ligue 1","2020/2021","Marseille","Strasbourg","1.80","3.86","4.63","1.05","10.90","1.33","3.48","2.07","1.84","3.83","1.28","7.83","1.09","1.87","1.93"
"16712","25-04-21 21:00","France","Ligue 1","2020/2021","Lyon","Lille","2.01","3.88","3.62","1.05","10.70","1.29","3.76","1.86","2.05","3.21","1.37","6.60","1.12","1.66","2.22"
"16713","25-04-21 17:05","France","Ligue 1","2020/2021","Angers","Monaco","9.78","4.92","1.38","1.04","11.80","1.29","3.76","1.86","2.05","3.43","1.33","6.60","1.12","2.07","1.75"
"16714","25-04-21 15:00","France","Ligue 1","2020/2021","Lens","Nimes","1.87","3.68","4.43","1.04","11.80","1.26","4.03","1.86","2.05","3.03","1.41","6.12","1.14","1.68","2.19"
"16715","25-04-21 15:00","France","Ligue 1","2020/2021","Lorient","Bordeaux","2.25","3.48","3.33","1.05","10.70","1.30","3.66","1.99","1.91","3.43","1.33","6.60","1.12","1.72","2.13"
"16716","25-04-21 15:00","France","Ligue 1","2020/2021","Rennes","Dijon","1.40","4.86","9.21","1.03","14.00","1.20","4.84","1.57","2.47","2.49","1.56","4.49","1.22","1.78","2.04"
"16717","25-04-21 15:00","France","Ligue 1","2020/2021","Strasbourg","Nantes","2.15","3.48","3.59","1.07","9.68","1.33","3.44","2.20","1.75","3.87","1.28","7.90","1.09","1.83","1.98"
"16718","25-04-21 13:00","France","Ligue 1","2020/2021","Nice","Montpellier","2.75","3.86","2.45","1.03","13.80","1.21","4.61","1.73","2.23","2.70","1.49","5.11","1.18","1.54","2.48"
"16719","24-04-21 17:00","France","Ligue 1","2020/2021","Metz","PSG","13.50","7.28","1.22","1.01","18.00","1.15","5.91","1.45","2.82","2.12","1.76","3.54","1.32","1.94","1.86"
"16720","24-04-21 13:00","France","Ligue 1","2020/2021","St Etienne","Brest","2.04","3.48","3.95","1.04","12.00","1.28","3.80","1.85","2.07","3.18","1.38","6.54","1.13","1.66","2.22"
"16721","23-04-21 21:00","France","Ligue 1","2020/2021","Reims","Marseille","4.15","3.50","1.99","1.05","10.70","1.30","3.66","1.99","1.91","3.54","1.32","7.05","1.11","1.70","2.15"
"16722","18-04-21 21:00","France","Ligue 1","2020/2021","Nantes","Lyon","6.90","4.86","1.50","","","1.18","4.70","1.65","2.45","2.43","1.53","4.10","1.19","1.77","2.00"
"16723","18-04-21 17:05","France","Ligue 1","2020/2021","Bordeaux","Monaco","6.79","4.12","1.56","1.03","14.00","1.24","4.30","1.72","2.26","2.68","1.50","5.06","1.18","1.72","2.13"
"16724","18-04-21 15:00","France","Ligue 1","2020/2021","Brest","Lens","2.89","3.61","2.45","1.04","13.00","1.26","4.00","1.90","2.00","3.06","1.40","6.00","1.14","1.65","2.24"
"16725","18-04-21 15:00","France","Ligue 1","2020/2021","Dijon","Nice","4.89","3.91","1.75","1.04","11.80","1.24","4.30","1.78","2.15","2.85","1.45","5.60","1.16","1.70","2.15"
"16726","18-04-21 15:00","France","Ligue 1","2020/2021","Nimes","Strasbourg","3.71","3.61","2.06","1.05","10.70","1.29","3.76","1.99","1.91","3.43","1.33","6.60","1.12","1.70","2.15"
"16727","18-04-21 15:00","France","Ligue 1","2020/2021","Reims","Metz","2.62","3.19","2.98","1.10","7.53","1.42","2.96","2.21","1.70","4.18","1.25","8.66","1.08","1.83","1.98"
"16728","18-04-21 13:00","France","Ligue 1","2020/2021","PSG","St Etienne","1.29","5.94","10.80","1.02","13.00","1.14","5.98","1.41","2.99","2.07","1.84","3.40","1.34","1.64","2.27"
"16729","17-04-21 17:00","France","Ligue 1","2020/2021","Marseille","Lorient","1.97","3.57","4.12","1.04","12.00","1.26","4.08","1.85","2.07","3.18","1.38","6.06","1.14","1.64","2.27"
"16730","17-04-21 12:45","France","Ligue 1","2020/2021","Angers","Rennes","4.88","3.70","1.80","1.06","9.78","1.33","3.48","2.07","1.84","3.83","1.28","7.83","1.09","1.87","1.93"
"16731","16-04-21 21:00","France","Ligue 1","2020/2021","Lille","Montpellier","1.56","4.12","6.79","1.04","12.00","1.26","4.08","1.85","2.07","3.18","1.38","6.06","1.14","1.83","1.98"
"16732","11-04-21 21:00","France","Ligue 1","2020/2021","Lyon","Angers","1.32","5.35","11.20","1.03","14.10","1.19","4.89","1.56","2.50","2.47","1.57","4.44","1.22","1.82","2.00"
"16733","11-04-21 17:05","France","Ligue 1","2020/2021","Monaco","Dijon","1.16","8.81","18.70","1.01","19.00","1.16","5.50","1.48","2.75","2.26","1.67","3.79","1.29","2.10","1.74"
"16734","11-04-21 15:00","France","Ligue 1","2020/2021","Brest","Nimes","1.95","3.83","3.88","1.04","13.00","1.26","4.00","1.90","2.00","3.06","1.40","6.00","1.14","1.74","2.10"
"16735","11-04-21 15:00","France","Ligue 1","2020/2021","Lens","Lorient","2.20","3.58","3.37","1.08","9.00","1.37","3.20","2.24","1.73","4.14","1.25","8.45","1.09","1.90","1.90"
"16736","11-04-21 15:00","France","Ligue 1","2020/2021","Nice","Reims","2.11","3.34","3.90","1.05","10.70","1.30","3.66","1.99","1.91","3.54","1.32","7.05","1.11","1.70","2.15"
"16737","11-04-21 15:00","France","Ligue 1","2020/2021","St Etienne","Bordeaux","2.11","3.30","3.92","1.08","9.00","1.34","3.40","2.24","1.73","3.79","1.29","8.45","1.09","1.83","1.98"
"16738","11-04-21 13:00","France","Ligue 1","2020/2021","Rennes","Nantes","1.88","3.67","4.43","1.07","9.68","1.37","3.23","2.20","1.75","3.87","1.28","7.90","1.09","1.89","1.91"
"16739","10-04-21 21:00","France","Ligue 1","2020/2021","Montpellier","Marseille","2.69","3.47","2.70","1.04","11.80","1.26","4.03","1.86","2.05","3.21","1.37","6.12","1.14","1.62","2.31"
"16740","10-04-21 17:00","France","Ligue 1","2020/2021","Strasbourg","PSG","4.96","4.24","1.73","","","1.24","3.88","1.83","2.13","2.94","1.38","5.30","1.11","1.80","1.96"
"16741","09-04-21 21:00","France","Ligue 1","2020/2021","Metz","Lille","6.57","3.67","1.65","1.08","8.60","1.42","2.96","2.21","1.70","4.18","1.25","8.66","1.08","2.09","1.74"
"16742","04-04-21 21:00","France","Ligue 1","2020/2021","Marseille","Dijon","1.54","4.31","6.67","1.05","11.00","1.26","4.00","1.90","2.00","3.06","1.40","6.00","1.14","1.98","1.83"
"16743","04-04-21 17:05","France","Ligue 1","2020/2021","Nimes","St Etienne","3.43","3.50","2.21","1.05","10.70","1.30","3.66","1.99","1.91","3.43","1.33","7.05","1.11","1.72","2.13"
"16744","04-04-21 15:00","France","Ligue 1","2020/2021","Bordeaux","Strasbourg","2.83","3.29","2.68","1.06","9.78","1.33","3.48","2.17","1.77","3.83","1.28","7.83","1.09","1.74","2.09"
"16745","04-04-21 15:00","France","Ligue 1","2020/2021","Lorient","Brest","2.26","3.50","3.29","1.05","10.90","1.28","3.80","1.97","1.93","3.40","1.34","6.54","1.13","1.66","2.22"
"16746","04-04-21 15:00","France","Ligue 1","2020/2021","Nantes","Nice","2.50","3.34","3.15","1.04","8.10","1.33","3.18","2.13","1.83","3.54","1.28","6.65","1.07","1.90","1.86"
"16747","04-04-21 15:00","France","Ligue 1","2020/2021","Reims","Rennes","4.22","3.30","2.03","1.08","8.60","1.42","2.96","2.21","1.70","4.18","1.25","8.66","1.08","1.89","1.91"
"16748","04-04-21 13:00","France","Ligue 1","2020/2021","Angers","Montpellier","2.82","3.44","2.69","1.04","8.30","1.35","3.10","2.18","1.80","3.70","1.26","7.00","1.06","1.88","1.88"
"16749","03-04-21 21:00","France","Ligue 1","2020/2021","Lens","Lyon","4.88","4.15","1.71","1.02","16.10","1.20","4.84","1.57","2.47","2.40","1.60","4.18","1.25","1.56","2.43"
"16750","03-04-21 17:00","France","Ligue 1","2020/2021","PSG","Lille","1.66","3.88","5.84","1.04","12.00","1.26","4.08","1.85","2.07","3.18","1.38","6.06","1.14","1.74","2.09"
"16751","03-04-21 13:00","France","Ligue 1","2020/2021","Monaco","Metz","1.51","4.42","7.13","1.05","10.90","1.30","3.70","1.97","1.93","3.40","1.34","6.98","1.11","1.93","1.88"
"16752","21-03-21 21:00","France","Ligue 1","2020/2021","Lyon","PSG","3.54","4.07","1.99","1.02","18.30","1.17","5.38","1.54","2.55","2.30","1.65","4.14","1.25","1.50","2.60"
"16753","21-03-21 17:05","France","Ligue 1","2020/2021","Lille","Nimes","1.33","5.21","11.50","1.06","10.70","1.29","3.76","1.86","2.05","3.21","1.37","6.72","1.12","2.16","1.70"
"16754","21-03-21 15:00","France","Ligue 1","2020/2021","Brest","Angers","2.45","3.26","3.16","1.06","9.68","1.30","3.66","2.09","1.83","3.52","1.32","7.10","1.11","1.71","2.13"
"16755","21-03-21 15:00","France","Ligue 1","2020/2021","Dijon","Reims","3.55","3.45","2.18","1.10","7.53","1.46","2.82","2.30","1.65","4.50","1.22","9.34","1.07","1.96","1.84"
"16756","21-03-21 15:00","France","Ligue 1","2020/2021","Montpellier","Bordeaux","2.09","3.75","3.50","1.05","11.80","1.26","4.03","1.86","2.05","3.21","1.37","6.08","1.14","1.68","2.19"
"16757","21-03-21 15:00","France","Ligue 1","2020/2021","Nantes","Lorient","2.29","3.22","3.53","1.10","7.53","1.46","2.82","2.50","1.56","4.97","1.19","10.20","1.06","2.00","1.81"
"16758","21-03-21 13:00","France","Ligue 1","2020/2021","Strasbourg","Lens","2.69","3.48","2.69","1.06","9.68","1.37","3.23","2.29","1.70","4.14","1.25","8.64","1.08","1.85","1.95"
"16759","20-03-21 17:00","France","Ligue 1","2020/2021","Nice","Marseille","3.89","3.37","2.10","1.05","10.90","1.29","3.80","1.96","1.94","3.15","1.38","6.38","1.13","1.65","2.24"
"16760","20-03-21 13:00","France","Ligue 1","2020/2021","Metz","Rennes","4.08","3.18","2.12","1.10","7.61","1.45","2.85","2.38","1.61","4.37","1.23","10.20","1.06","1.92","1.88"
"16761","19-03-21 21:00","France","Ligue 1","2020/2021","St Etienne","Monaco","4.36","3.63","1.90","1.06","9.78","1.33","3.48","2.06","1.85","3.52","1.32","8.05","1.09","1.82","1.99"
"16762","14-03-21 21:00","France","Ligue 1","2020/2021","PSG","Nantes","1.23","6.17","17.70","1.02","16.10","1.17","5.38","1.54","2.55","2.30","1.65","4.14","1.25","1.94","1.86"
"16763","14-03-21 17:05","France","Ligue 1","2020/2021","Monaco","Lille","2.50","3.27","3.07","1.08","8.60","1.37","3.23","2.18","1.76","3.84","1.28","8.05","1.09","1.76","2.07"
"16764","14-03-21 15:00","France","Ligue 1","2020/2021","Dijon","Bordeaux","3.58","3.37","2.20","1.08","8.60","1.37","3.23","2.29","1.70","4.14","1.25","8.64","1.08","1.91","1.89"
"16765","14-03-21 15:00","France","Ligue 1","2020/2021","Lens","Metz","1.96","3.60","4.11","1.08","8.60","1.42","2.96","2.29","1.70","4.14","1.25","8.64","1.08","2.02","1.79"
"16766","14-03-21 15:00","France","Ligue 1","2020/2021","Lorient","Nice","2.46","3.33","3.08","1.06","10.00","1.32","3.50","1.99","1.91","3.43","1.34","7.06","1.11","1.74","2.10"
"16767","14-03-21 15:00","France","Ligue 1","2020/2021","Rennes","Strasbourg","2.15","3.38","3.69","1.09","8.00","1.41","3.00","2.35","1.67","4.48","1.22","9.26","1.07","1.98","1.83"
"16768","14-03-21 13:00","France","Ligue 1","2020/2021","Nimes","Montpellier","4.55","3.73","1.84","1.05","11.80","1.26","4.03","1.86","2.05","3.01","1.41","6.08","1.14","1.68","2.19"
"16769","13-03-21 17:00","France","Ligue 1","2020/2021","Marseille","Brest","1.95","3.75","3.99","1.06","9.78","1.30","3.70","1.96","1.94","3.38","1.34","6.38","1.13","1.70","2.15"
"16770","13-03-21 13:00","France","Ligue 1","2020/2021","Angers","St Etienne","2.29","3.26","3.47","1.10","7.45","1.43","2.93","2.32","1.64","4.50","1.22","9.34","1.07","1.91","1.89"
"16771","12-03-21 21:00","France","Ligue 1","2020/2021","Reims","Lyon","6.83","4.71","1.49","1.03","14.00","1.21","4.66","1.67","2.26","2.66","1.50","4.97","1.19","1.70","2.15"
"16772","10-03-21 19:00","France","Ligue 1","2020/2021","Marseille","Rennes","2.80","3.42","2.62","1.06","9.68","1.33","3.44","2.09","1.83","3.84","1.28","8.05","1.09","1.70","2.15"
"16773","03-03-21 21:00","France","Ligue 1","2020/2021","Bordeaux","PSG","6.67","4.31","1.54","1.05","12.00","1.26","4.08","1.84","2.08","3.01","1.41","6.08","1.14","1.82","1.99"
"16774","03-03-21 21:00","France","Ligue 1","2020/2021","Lille","Marseille","1.80","3.70","4.88","1.08","8.70","1.36","3.26","2.17","1.77","3.84","1.28","8.05","1.09","1.88","1.92"
"16775","03-03-21 21:00","France","Ligue 1","2020/2021","Montpellier","Lorient","1.99","3.68","3.88","1.05","12.00","1.26","4.08","1.84","2.08","3.01","1.41","6.08","1.14","1.67","2.21"
"16776","03-03-21 21:00","France","Ligue 1","2020/2021","Nantes","Reims","2.56","3.07","3.18","1.13","6.50","1.56","2.50","2.66","1.50","5.41","1.17","11.20","1.05","2.10","1.74"
"16777","03-03-21 21:00","France","Ligue 1","2020/2021","Strasbourg","Monaco","4.71","3.82","1.79","1.05","12.00","1.26","4.08","1.84","2.08","3.15","1.38","6.08","1.14","1.69","2.17"
"16778","03-03-21 19:00","France","Ligue 1","2020/2021","Brest","Dijon","1.79","3.90","4.61","1.05","11.00","1.26","4.00","1.90","2.00","3.06","1.40","6.00","1.14","1.78","2.04"
"16779","03-03-21 19:00","France","Ligue 1","2020/2021","Lyon","Rennes","1.64","4.08","5.67","1.03","14.10","1.23","4.35","1.72","2.17","2.84","1.45","5.57","1.16","1.68","2.19"
"16780","03-03-21 19:00","France","Ligue 1","2020/2021","Metz","Angers","2.63","3.20","2.96","1.11","6.99","1.54","2.55","2.66","1.50","5.57","1.16","11.20","1.05","2.10","1.73"
"16781","03-03-21 19:00","France","Ligue 1","2020/2021","Nice","Nimes","1.86","3.61","4.64","1.08","9.00","1.34","3.40","2.24","1.73","3.79","1.29","7.54","1.10","1.91","1.83"
"16782","03-03-21 19:00","France","Ligue 1","2020/2021","St Etienne","Lens","2.82","3.39","2.62","1.08","8.70","1.42","2.99","2.27","1.71","4.14","1.25","8.64","1.08","1.84","1.97"
"16783","28-02-21 21:00","France","Ligue 1","2020/2021","Marseille","Lyon","5.25","4.87","1.57","1.02","17.00","1.19","5.00","1.61","2.38","2.47","1.57","4.48","1.22","1.65","2.24"
"16784","28-02-21 17:00","France","Ligue 1","2020/2021","Lille","Strasbourg","1.67","3.68","6.31","1.08","8.70","1.42","2.99","2.27","1.71","4.14","1.25","8.64","1.08","2.06","1.76"
"16785","28-02-21 15:00","France","Ligue 1","2020/2021","Angers","Lens","3.18","3.07","2.56","1.08","8.70","1.42","2.99","2.27","1.71","4.14","1.25","9.34","1.07","1.82","1.99"
"16786","28-02-21 15:00","France","Ligue 1","2020/2021","Lorient","St Etienne","2.93","3.36","2.55","1.06","9.78","1.36","3.26","2.17","1.77","3.84","1.28","8.05","1.09","1.82","1.99"
"16787","28-02-21 15:00","France","Ligue 1","2020/2021","Nimes","Nantes","3.39","3.39","2.26","1.08","8.70","1.33","3.48","2.17","1.77","3.84","1.28","8.05","1.09","1.74","2.09"
"16788","28-02-21 15:00","France","Ligue 1","2020/2021","Reims","Montpellier","2.75","3.16","2.85","1.06","9.78","1.30","3.70","1.96","1.94","3.38","1.34","7.10","1.11","1.65","2.24"
"16789","28-02-21 13:00","France","Ligue 1","2020/2021","Monaco","Brest","1.42","4.88","8.28","1.02","16.30","1.17","5.43","1.53","2.58","2.28","1.66","4.14","1.25","1.65","2.24"
"16790","27-02-21 17:00","France","Ligue 1","2020/2021","Dijon","PSG","13.20","6.61","1.24","1.01","19.00","1.17","5.43","1.45","2.85","2.17","1.77","3.52","1.32","1.84","1.97"
"16791","27-02-21 13:00","France","Ligue 1","2020/2021","Bordeaux","Metz","2.33","3.21","3.45","1.10","7.61","1.45","2.85","2.38","1.61","4.37","1.23","10.20","1.06","1.94","1.86"
"16792","26-02-21 21:00","France","Ligue 1","2020/2021","Rennes","Nice","1.81","3.51","5.17","1.06","9.78","1.36","3.26","2.17","1.77","3.84","1.28","8.05","1.09","1.87","1.94"
"16793","24-02-21 19:00","France","Ligue 1","2020/2021","Nimes","Lorient","3.29","3.60","2.23","1.05","11.80","1.26","4.03","1.86","2.05","3.01","1.41","6.08","1.14","1.63","2.28"
"16794","21-02-21 21:00","France","Ligue 1","2020/2021","PSG","Monaco","1.61","4.10","6.05","1.02","16.30","1.19","4.89","1.61","2.39","2.47","1.57","4.37","1.23","1.59","2.36"
"16795","21-02-21 17:05","France","Ligue 1","2020/2021","Lorient","Lille","5.51","3.59","1.75","1.08","8.70","1.36","3.26","2.27","1.71","4.14","1.25","8.64","1.08","1.97","1.84"
"16796","21-02-21 15:00","France","Ligue 1","2020/2021","Lens","Dijon","1.48","4.43","7.67","1.05","11.80","1.26","4.03","1.86","2.05","3.01","1.41","6.08","1.14","1.84","1.97"
"16797","21-02-21 15:00","France","Ligue 1","2020/2021","Nice","Metz","2.15","3.28","3.84","1.09","8.00","1.48","2.75","2.37","1.62","4.48","1.22","9.26","1.07","2.04","1.78"
"16798","21-02-21 15:00","France","Ligue 1","2020/2021","Nimes","Bordeaux","3.16","3.47","2.35","1.08","9.00","1.34","3.40","2.13","1.80","3.79","1.29","7.54","1.10","1.83","1.98"
"16799","21-02-21 15:00","France","Ligue 1","2020/2021","Strasbourg","Angers","2.32","3.19","3.50","1.11","7.00","1.48","2.75","2.47","1.57","4.80","1.20","9.99","1.06","2.04","1.78"
"16800","21-02-21 13:00","France","Ligue 1","2020/2021","Montpellier","Rennes","3.19","3.39","2.37","1.06","9.78","1.33","3.48","2.06","1.85","3.84","1.28","8.05","1.09","1.74","2.09"
"16801","20-02-21 17:00","France","Ligue 1","2020/2021","Nantes","Marseille","2.64","3.23","2.92","1.08","8.60","1.42","2.96","2.38","1.65","4.50","1.22","9.34","1.07","1.87","1.94"
"16802","20-02-21 13:00","France","Ligue 1","2020/2021","St Etienne","Reims","2.17","3.31","3.72","1.10","7.53","1.42","2.96","2.29","1.70","4.14","1.25","8.64","1.08","1.88","1.92"
"16803","19-02-21 21:00","France","Ligue 1","2020/2021","Brest","Lyon","7.32","4.66","1.47","1.02","15.00","1.13","6.45","1.42","2.96","1.98","1.92","3.21","1.37","1.45","2.76"
"16804","17-02-21 21:00","France","Ligue 1","2020/2021","Marseille","Nice","2.34","3.16","3.48","1.08","8.60","1.37","3.23","2.18","1.76","3.84","1.28","8.05","1.09","1.76","2.07"
"16805","14-02-21 21:00","France","Ligue 1","2020/2021","Bordeaux","Marseille","2.73","3.42","2.69","1.06","9.78","1.36","3.26","2.17","1.77","3.84","1.28","8.05","1.09","1.76","2.07"
"16806","14-02-21 17:00","France","Ligue 1","2020/2021","Lille","Brest","1.58","3.85","7.25","1.05","12.00","1.26","4.08","1.84","2.08","3.15","1.38","6.08","1.14","1.84","1.97"
"16807","14-02-21 15:00","France","Ligue 1","2020/2021","Angers","Nantes","2.16","3.08","4.11","1.10","7.53","1.46","2.82","2.40","1.60","4.97","1.19","10.20","1.06","1.96","1.84"
"16808","14-02-21 15:00","France","Ligue 1","2020/2021","Dijon","Nimes","2.55","3.47","2.86","1.06","10.70","1.29","3.76","1.86","2.05","3.21","1.37","6.72","1.12","1.65","2.25"
"16809","14-02-21 15:00","France","Ligue 1","2020/2021","Metz","Strasbourg","2.98","3.19","2.62","1.11","6.99","1.49","2.69","2.50","1.56","4.97","1.19","10.20","1.06","2.00","1.81"
"16810","14-02-21 15:00","France","Ligue 1","2020/2021","Rennes","St Etienne","1.91","3.51","4.48","1.08","8.60","1.37","3.23","2.29","1.70","4.14","1.25","8.64","1.08","1.91","1.89"
"16811","14-02-21 13:00","France","Ligue 1","2020/2021","Monaco","Lorient","1.43","4.95","7.84","1.02","18.30","1.20","4.84","1.57","2.47","2.40","1.60","4.50","1.22","1.70","2.15"
"16812","13-02-21 21:00","France","Ligue 1","2020/2021","Lyon","Montpellier","1.40","5.38","7.69","1.01","19.00","1.14","5.98","1.45","2.85","2.17","1.77","3.52","1.32","1.60","2.33"
"16813","13-02-21 19:00","France","Ligue 1","2020/2021","Reims","Lens","3.24","3.13","2.48","1.08","8.70","1.42","2.99","2.36","1.66","4.37","1.23","9.34","1.07","1.88","1.92"
"16814","13-02-21 17:00","France","Ligue 1","2020/2021","PSG","Nice","1.31","5.94","9.81","1.01","20.00","1.14","5.98","1.42","2.99","2.17","1.77","3.52","1.32","1.68","2.19"
"16815","07-02-21 21:00","France","Ligue 1","2020/2021","Marseille","PSG","8.51","4.70","1.43","1.02","16.10","1.17","5.38","1.54","2.55","2.40","1.60","4.14","1.25","1.70","2.15"
"16816","07-02-21 17:00","France","Ligue 1","2020/2021","Nantes","Lille","4.68","3.68","1.83","1.08","8.60","1.42","2.96","2.29","1.70","4.50","1.22","9.34","1.07","1.99","1.82"
"16817","07-02-21 15:00","France","Ligue 1","2020/2021","Montpellier","Dijon","1.72","3.89","5.22","1.05","11.80","1.26","4.03","1.86","2.05","3.01","1.41","6.08","1.14","1.70","2.15"
"16818","07-02-21 15:00","France","Ligue 1","2020/2021","Nice","Angers","3.00","3.21","2.59","1.08","8.60","1.33","3.44","2.18","1.76","3.84","1.28","8.05","1.09","1.76","2.07"
"16819","07-02-21 15:00","France","Ligue 1","2020/2021","Nimes","Monaco","6.21","4.92","1.50","1.01","17.00","1.17","5.43","1.53","2.58","2.28","1.66","4.14","1.25","1.63","2.28"
"16820","07-02-21 15:00","France","Ligue 1","2020/2021","St Etienne","Metz","2.43","3.28","3.18","1.09","8.00","1.41","3.00","2.35","1.67","4.14","1.25","8.45","1.09","1.90","1.90"
"16821","07-02-21 13:00","France","Ligue 1","2020/2021","Brest","Bordeaux","2.80","3.65","2.50","1.05","12.00","1.23","4.35","1.77","2.17","3.01","1.41","5.57","1.16","1.60","2.33"
"16822","06-02-21 21:00","France","Ligue 1","2020/2021","Lens","Rennes","2.85","3.26","2.68","1.08","8.60","1.42","2.96","2.30","1.65","4.50","1.22","9.34","1.07","1.87","1.94"
"16823","06-02-21 19:00","France","Ligue 1","2020/2021","Lyon","Strasbourg","1.36","5.60","8.65","1.02","18.30","1.17","5.38","1.54","2.55","2.30","1.65","4.14","1.25","1.77","2.04"
"16824","06-02-21 17:00","France","Ligue 1","2020/2021","Lorient","Reims","2.97","3.28","2.56","1.06","9.68","1.37","3.23","2.18","1.76","3.84","1.28","8.64","1.08","1.87","1.94"
"16825","03-02-21 21:00","France","Ligue 1","2020/2021","Dijon","Lyon","10.40","5.74","1.31","1.02","13.00","1.13","6.45","1.42","2.96","1.98","1.92","3.21","1.37","1.67","2.21"
"16826","03-02-21 21:00","France","Ligue 1","2020/2021","Lens","Marseille","2.59","3.33","2.90","1.06","9.78","1.33","3.48","2.06","1.85","3.84","1.28","8.05","1.09","1.76","2.07"
"16827","03-02-21 21:00","France","Ligue 1","2020/2021","Monaco","Nice","1.47","4.92","6.76","1.02","16.30","1.21","4.71","1.61","2.39","2.64","1.51","4.97","1.19","1.69","2.17"
"16828","03-02-21 21:00","France","Ligue 1","2020/2021","PSG","Nimes","1.14","10.30","18.40","1.01","17.00","1.07","9.57","1.24","4.26","1.63","2.34","2.32","1.64","1.67","2.21"
"16829","03-02-21 21:00","France","Ligue 1","2020/2021","St Etienne","Nantes","2.06","3.39","4.01","1.06","9.68","1.33","3.44","2.09","1.83","3.52","1.32","8.05","1.09","1.76","2.07"
"16830","03-02-21 19:00","France","Ligue 1","2020/2021","Bordeaux","Lille","3.92","3.30","2.11","1.09","8.00","1.48","2.75","2.47","1.57","4.80","1.20","9.99","1.06","2.10","1.74"
"16831","03-02-21 19:00","France","Ligue 1","2020/2021","Metz","Montpellier","2.65","3.16","2.96","1.09","8.00","1.41","3.00","2.37","1.62","4.48","1.22","9.26","1.07","1.98","1.83"
"16832","03-02-21 19:00","France","Ligue 1","2020/2021","Reims","Angers","2.59","3.05","3.15","1.10","7.53","1.42","2.96","2.40","1.60","4.50","1.22","9.34","1.07","1.88","1.92"
"16833","03-02-21 19:00","France","Ligue 1","2020/2021","Rennes","Lorient","1.63","3.94","6.13","1.06","9.68","1.30","3.66","1.98","1.92","3.52","1.32","7.10","1.11","1.88","1.92"
"16834","03-02-21 19:00","France","Ligue 1","2020/2021","Strasbourg","Brest","1.73","3.88","5.10","1.04","13.00","1.26","4.00","1.90","2.00","3.06","1.40","6.00","1.14","1.78","2.04"
"16835","31-01-21 21:00","France","Ligue 1","2020/2021","Nantes","Monaco","5.20","4.12","1.68","1.05","11.80","1.26","4.03","1.86","2.05","3.21","1.37","6.08","1.14","1.76","2.07"
"16836","31-01-21 17:00","France","Ligue 1","2020/2021","Lille","Dijon","1.33","5.38","10.70","1.05","11.80","1.29","3.76","1.86","2.05","3.21","1.37","6.08","1.14","2.24","1.65"
"16837","31-01-21 15:00","France","Ligue 1","2020/2021","Angers","Nimes","1.70","3.91","5.40","1.06","10.70","1.30","3.66","1.98","1.92","3.45","1.33","7.10","1.11","1.84","1.97"
"16838","31-01-21 15:00","France","Ligue 1","2020/2021","Brest","Metz","1.93","3.54","4.37","1.06","9.68","1.30","3.66","2.09","1.83","3.52","1.32","7.10","1.11","1.76","2.07"
"16839","31-01-21 15:00","France","Ligue 1","2020/2021","Lorient","PSG","15.20","9.91","1.16","1.01","17.00","1.08","8.60","1.26","4.03","1.67","2.26","2.50","1.56","1.70","2.15"
"16840","31-01-21 15:00","France","Ligue 1","2020/2021","Strasbourg","Reims","2.08","3.42","3.89","1.08","8.60","1.37","3.23","2.18","1.76","4.14","1.25","8.64","1.08","1.84","1.97"
"16841","31-01-21 13:00","France","Ligue 1","2020/2021","Nice","St Etienne","2.33","3.80","2.94","1.06","10.70","1.30","3.66","1.98","1.92","3.45","1.33","6.72","1.12","1.70","2.15"
"16842","30-01-21 17:00","France","Ligue 1","2020/2021","Montpellier","Lens","3.12","3.43","2.39","1.06","9.68","1.37","3.23","2.18","1.76","3.84","1.28","8.05","1.09","1.77","2.04"
"16843","29-01-21 21:00","France","Ligue 1","2020/2021","Lyon","Bordeaux","1.40","5.26","7.89","1.01","19.00","1.14","5.91","1.46","2.82","2.18","1.76","3.84","1.28","1.68","2.19"
"16844","27-01-21 21:00","France","Ligue 1","2020/2021","Lorient","Dijon","2.20","3.47","3.47","1.06","10.70","1.29","3.76","1.98","1.92","3.21","1.37","6.72","1.12","1.68","2.19"
"16845","24-01-21 21:00","France","Ligue 1","2020/2021","St Etienne","Lyon","8.71","4.30","1.46","1.05","11.80","1.21","4.66","1.67","2.26","2.66","1.50","4.97","1.19","1.70","2.15"
"16846","24-01-21 17:00","France","Ligue 1","2020/2021","Rennes","Lille","3.08","3.08","2.62","1.11","6.99","1.46","2.82","2.50","1.56","4.97","1.19","10.20","1.06","1.94","1.86"
"16847","24-01-21 15:00","France","Ligue 1","2020/2021","Dijon","Strasbourg","3.86","3.35","2.11","1.06","9.68","1.33","3.44","2.09","1.83","3.52","1.32","8.05","1.09","1.77","2.04"
"16848","24-01-21 15:00","France","Ligue 1","2020/2021","Metz","Nantes","2.70","3.19","2.88","1.08","8.60","1.37","3.23","2.18","1.76","4.14","1.25","8.64","1.08","1.85","1.95"
"16849","24-01-21 15:00","France","Ligue 1","2020/2021","Reims","Brest","2.54","3.56","2.80","1.06","10.70","1.33","3.44","2.09","1.83","3.84","1.28","8.05","1.09","1.77","2.04"
"16850","24-01-21 13:00","France","Ligue 1","2020/2021","Bordeaux","Angers","2.59","3.21","3.00","1.10","7.53","1.46","2.82","2.40","1.60","4.50","1.22","9.34","1.07","1.96","1.84"
"16851","23-01-21 21:00","France","Ligue 1","2020/2021","Monaco","Marseille","1.70","4.15","4.92","1.03","14.00","1.21","4.66","1.67","2.26","2.66","1.50","4.97","1.19","1.63","2.28"
"16852","23-01-21 17:00","France","Ligue 1","2020/2021","Lens","Nice","2.06","3.50","3.86","1.05","11.80","1.26","4.03","1.86","2.05","3.21","1.37","6.08","1.14","1.67","2.21"
"16853","22-01-21 21:00","France","Ligue 1","2020/2021","PSG","Montpellier","1.16","8.81","18.70","1.01","17.00","1.10","7.53","1.29","3.76","1.74","2.15","2.66","1.50","1.83","1.97"
"16854","20-01-21 21:00","France","Ligue 1","2020/2021","Marseille","Lens","2.02","3.57","3.91","1.06","10.70","1.33","3.44","2.09","1.83","3.52","1.32","8.05","1.09","1.77","2.04"
"16855","17-01-21 21:00","France","Ligue 1","2020/2021","Lyon","Metz","1.37","5.41","8.76","1.03","14.00","1.21","4.66","1.67","2.26","2.66","1.50","4.97","1.19","1.92","1.88"
"16856","17-01-21 17:00","France","Ligue 1","2020/2021","Lille","Reims","1.71","3.84","5.38","1.08","8.60","1.37","3.23","2.18","1.76","4.14","1.25","8.64","1.08","2.00","1.81"
"16857","17-01-21 15:00","France","Ligue 1","2020/2021","Nantes","Lens","2.76","3.37","2.68","1.06","9.68","1.33","3.44","2.09","1.83","3.84","1.28","8.05","1.09","1.76","2.07"
"16858","17-01-21 15:00","France","Ligue 1","2020/2021","Nice","Bordeaux","2.34","3.36","3.26","1.06","9.68","1.33","3.44","2.09","1.83","3.84","1.28","8.05","1.09","1.77","2.04"
"16859","17-01-21 15:00","France","Ligue 1","2020/2021","Strasbourg","St Etienne","1.63","4.15","5.70","1.05","11.80","1.29","3.76","1.86","2.05","3.21","1.37","6.72","1.12","1.85","1.95"
"16860","17-01-21 13:00","France","Ligue 1","2020/2021","Brest","Rennes","3.25","3.50","2.28","1.06","10.70","1.29","3.76","1.86","2.05","3.21","1.37","6.72","1.12","1.67","2.21"
"16861","16-01-21 21:00","France","Ligue 1","2020/2021","Angers","PSG","13.00","6.72","1.24","1.01","18.00","1.14","5.91","1.42","2.96","2.09","1.83","3.45","1.33","1.81","2.00"
"16862","16-01-21 17:00","France","Ligue 1","2020/2021","Marseille","Nimes","1.50","4.65","6.72","1.03","14.00","1.24","4.30","1.67","2.26","2.84","1.45","4.97","1.19","1.77","2.04"
"16863","15-01-21 21:00","France","Ligue 1","2020/2021","Montpellier","Monaco","3.51","3.57","2.14","1.03","14.00","1.24","4.30","1.78","2.15","2.84","1.45","5.57","1.16","1.56","2.43"
"16864","09-01-21 21:00","France","Ligue 1","2020/2021","Bordeaux","Lorient","2.04","3.33","4.15","1.06","9.68","1.33","3.44","2.09","1.83","3.84","1.28","8.05","1.09","1.84","1.97"
"16865","09-01-21 21:00","France","Ligue 1","2020/2021","Dijon","Marseille","4.60","3.86","1.80","1.05","11.80","1.30","3.66","1.98","1.92","3.45","1.33","7.10","1.11","1.76","2.07"
"16866","09-01-21 21:00","France","Ligue 1","2020/2021","Lens","Strasbourg","2.39","3.43","3.12","1.06","9.68","1.30","3.66","1.98","1.92","3.52","1.32","7.10","1.11","1.70","2.15"
"16867","09-01-21 21:00","France","Ligue 1","2020/2021","Metz","Nice","2.79","3.25","2.74","1.09","8.00","1.41","3.00","2.35","1.67","4.48","1.22","9.26","1.07","1.98","1.83"
"16868","09-01-21 21:00","France","Ligue 1","2020/2021","Monaco","Angers","1.68","3.84","5.72","1.05","11.80","1.24","4.30","1.78","2.15","2.84","1.45","5.57","1.16","1.67","2.21"
"16869","09-01-21 21:00","France","Ligue 1","2020/2021","Montpellier","Nantes","2.15","3.59","3.48","1.05","11.80","1.26","4.03","1.86","2.05","3.01","1.41","6.08","1.14","1.63","2.28"
"16870","09-01-21 21:00","France","Ligue 1","2020/2021","Nimes","Lille","8.89","4.65","1.42","1.05","11.80","1.29","3.76","1.86","2.05","3.21","1.37","6.72","1.12","1.88","1.92"
"16871","09-01-21 21:00","France","Ligue 1","2020/2021","PSG","Brest","1.16","8.99","18.00","1.01","17.00","1.07","9.38","1.22","4.51","1.60","2.40","2.28","1.66","1.65","2.25"
"16872","09-01-21 21:00","France","Ligue 1","2020/2021","Reims","St Etienne","2.70","3.19","2.88","1.09","8.00","1.41","3.00","2.37","1.62","4.48","1.22","9.26","1.07","1.98","1.83"
"16873","09-01-21 21:00","France","Ligue 1","2020/2021","Rennes","Lyon","4.09","3.84","1.90","1.05","11.80","1.24","4.30","1.78","2.15","2.84","1.45","5.57","1.16","1.63","2.28"
"16874","06-01-21 21:00","France","Ligue 1","2020/2021","Lille","Angers","1.83","3.40","5.23","1.10","7.53","1.42","2.96","2.29","1.70","4.14","1.25","8.64","1.08","1.97","1.83"
"16875","06-01-21 21:00","France","Ligue 1","2020/2021","Lyon","Lens","1.51","4.95","5.99","1.02","18.30","1.20","4.84","1.57","2.47","2.50","1.56","4.50","1.22","1.68","2.19"
"16876","06-01-21 21:00","France","Ligue 1","2020/2021","Marseille","Montpellier","2.15","3.38","3.69","1.08","8.60","1.37","3.23","2.18","1.76","3.84","1.28","8.05","1.09","1.87","1.94"
"16877","06-01-21 21:00","France","Ligue 1","2020/2021","Reims","Dijon","1.90","3.59","4.44","1.06","9.68","1.33","3.44","2.09","1.83","3.84","1.28","8.05","1.09","1.85","1.95"
"16878","06-01-21 21:00","France","Ligue 1","2020/2021","St Etienne","PSG","12.20","6.11","1.27","1.01","19.00","1.14","5.91","1.46","2.82","2.18","1.76","3.52","1.32","1.85","1.95"
"16879","06-01-21 19:00","France","Ligue 1","2020/2021","Brest","Nice","2.37","3.70","2.96","1.02","16.00","1.21","4.61","1.69","2.23","2.70","1.49","5.15","1.18","1.57","2.41"
"16880","06-01-21 19:00","France","Ligue 1","2020/2021","Lorient","Monaco","4.73","4.00","1.76","1.03","14.00","1.24","4.30","1.78","2.15","2.84","1.45","5.57","1.16","1.65","2.25"
"16881","06-01-21 19:00","France","Ligue 1","2020/2021","Metz","Bordeaux","2.75","3.16","2.85","1.11","6.99","1.49","2.69","2.50","1.56","4.97","1.19","10.20","1.06","2.00","1.81"
"16882","06-01-21 19:00","France","Ligue 1","2020/2021","Nantes","Rennes","3.85","3.45","2.08","1.06","9.68","1.33","3.44","2.09","1.83","3.84","1.28","8.05","1.09","1.85","1.95"
"16883","06-01-21 19:00","France","Ligue 1","2020/2021","Strasbourg","Nimes","1.48","4.60","7.16","1.03","14.00","1.24","4.30","1.78","2.15","2.84","1.45","5.57","1.16","1.85","1.95"
"16884","23-12-20 21:00","France","Ligue 1","2020/2021","Angers","Marseille","3.13","3.08","2.58","1.10","7.53","1.46","2.82","2.50","1.56","4.97","1.19","10.20","1.06","1.94","1.86"
"16885","23-12-20 21:00","France","Ligue 1","2020/2021","Lyon","Nantes","1.27","6.49","10.80","1.02","18.30","1.17","5.38","1.49","2.69","2.21","1.70","3.84","1.28","1.84","1.97"
"16886","23-12-20 21:00","France","Ligue 1","2020/2021","Monaco","St Etienne","1.63","4.15","5.70","1.02","16.10","1.21","4.66","1.62","2.37","2.66","1.50","4.97","1.19","1.63","2.28"
"16887","23-12-20 21:00","France","Ligue 1","2020/2021","Montpellier","Lille","4.09","3.37","2.04","1.06","9.68","1.33","3.44","2.09","1.83","3.84","1.28","8.05","1.09","1.76","2.07"
"16888","23-12-20 21:00","France","Ligue 1","2020/2021","PSG","Strasbourg","1.31","5.89","10.30","1.01","18.00","1.17","5.38","1.46","2.82","2.29","1.70","3.84","1.28","1.76","2.07"
"16889","23-12-20 19:00","France","Ligue 1","2020/2021","Bordeaux","Reims","2.22","3.26","3.65","1.08","8.60","1.37","3.23","2.18","1.76","3.84","1.28","8.05","1.09","1.76","2.07"
"16890","23-12-20 19:00","France","Ligue 1","2020/2021","Lens","Brest","2.11","3.70","3.49","1.03","14.00","1.21","4.66","1.67","2.26","2.66","1.50","4.97","1.19","1.56","2.43"
"16891","23-12-20 19:00","France","Ligue 1","2020/2021","Nice","Lorient","1.97","3.62","4.03","1.06","10.00","1.34","3.40","2.13","1.80","3.79","1.29","7.54","1.10","1.90","1.90"
"16892","23-12-20 19:00","France","Ligue 1","2020/2021","Nimes","Dijon","2.45","3.51","2.96","1.05","11.00","1.29","3.75","1.99","1.91","3.43","1.34","6.54","1.13","1.75","2.04"
"16893","23-12-20 19:00","France","Ligue 1","2020/2021","Rennes","Metz","1.61","3.85","6.66","1.11","7.00","1.41","3.00","2.37","1.62","4.48","1.22","9.26","1.07","2.31","1.61"
"16894","20-12-20 21:00","France","Ligue 1","2020/2021","Lille","PSG","3.67","3.55","2.10","1.05","11.80","1.29","3.76","1.98","1.92","3.21","1.37","6.72","1.12","1.70","2.15"
"16895","20-12-20 17:00","France","Ligue 1","2020/2021","Lorient","Rennes","4.34","3.56","1.92","1.08","8.60","1.33","3.44","2.18","1.76","3.84","1.28","8.05","1.09","1.84","1.97"
"16896","20-12-20 15:00","France","Ligue 1","2020/2021","Dijon","Monaco","7.54","4.81","1.45","1.02","18.30","1.17","5.38","1.49","2.69","2.21","1.70","3.84","1.28","1.60","2.33"
"16897","20-12-20 15:00","France","Ligue 1","2020/2021","Nantes","Angers","2.55","3.36","2.93","1.08","8.60","1.42","2.96","2.29","1.70","4.14","1.25","8.64","1.08","1.84","1.97"
"16898","20-12-20 15:00","France","Ligue 1","2020/2021","St Etienne","Nimes","1.45","4.57","8.10","1.03","14.00","1.21","4.66","1.67","2.26","2.66","1.50","4.97","1.19","1.70","2.15"
"16899","20-12-20 15:00","France","Ligue 1","2020/2021","Strasbourg","Bordeaux","2.12","3.34","3.84","1.06","9.68","1.30","3.66","1.98","1.92","3.45","1.33","7.10","1.11","1.70","2.15"
"16900","20-12-20 13:00","France","Ligue 1","2020/2021","Brest","Montpellier","2.75","3.46","2.65","1.05","11.80","1.26","4.03","1.86","2.05","3.01","1.41","6.08","1.14","1.65","2.25"
"16901","19-12-20 21:00","France","Ligue 1","2020/2021","Nice","Lyon","6.58","4.47","1.53","1.02","18.30","1.17","5.38","1.49","2.69","2.29","1.70","3.84","1.28","1.56","2.43"
"16902","19-12-20 19:00","France","Ligue 1","2020/2021","Marseille","Reims","1.89","3.46","4.69","1.08","8.60","1.33","3.44","2.18","1.76","3.84","1.28","8.05","1.09","1.88","1.92"
"16903","19-12-20 17:00","France","Ligue 1","2020/2021","Metz","Lens","3.28","3.18","2.43","1.10","7.53","1.42","2.96","2.30","1.65","4.50","1.22","9.34","1.07","1.88","1.92"
"16904","16-12-20 21:00","France","Ligue 1","2020/2021","Bordeaux","St Etienne","2.37","3.39","3.19","1.08","9.00","1.34","3.40","2.13","1.80","3.67","1.30","7.54","1.10","1.83","1.98"
"16905","16-12-20 21:00","France","Ligue 1","2020/2021","Lyon","Brest","1.24","7.26","11.20","1.02","15.00","1.13","6.50","1.34","3.40","1.99","1.91","3.06","1.40","1.74","2.10"
"16906","16-12-20 21:00","France","Ligue 1","2020/2021","Monaco","Lens","1.58","4.31","6.01","1.02","18.30","1.20","4.84","1.57","2.47","2.50","1.56","4.50","1.22","1.63","2.28"
"16907","16-12-20 21:00","France","Ligue 1","2020/2021","PSG","Lorient","1.16","8.81","18.70","1.02","15.00","1.13","6.50","1.34","3.40","1.99","1.91","3.06","1.40","1.90","1.90"
"16908","16-12-20 21:00","France","Ligue 1","2020/2021","Rennes","Marseille","2.25","3.17","3.68","1.08","8.51","1.43","2.93","2.30","1.69","4.25","1.24","9.34","1.07","1.92","1.88"
"16909","16-12-20 19:00","France","Ligue 1","2020/2021","Angers","Strasbourg","2.42","3.31","3.16","1.06","9.68","1.33","3.44","2.18","1.76","3.84","1.28","8.05","1.09","1.79","2.02"
"16910","16-12-20 19:00","France","Ligue 1","2020/2021","Dijon","Lille","8.24","4.64","1.44","1.05","11.80","1.29","3.76","1.86","2.05","3.21","1.37","6.08","1.14","1.97","1.83"
"16911","16-12-20 19:00","France","Ligue 1","2020/2021","Montpellier","Metz","1.66","4.11","5.40","1.06","10.60","1.30","3.62","2.00","1.90","3.59","1.31","7.10","1.11","1.92","1.88"
"16912","16-12-20 19:00","France","Ligue 1","2020/2021","Nimes","Nice","4.10","3.85","1.90","1.05","11.00","1.29","3.75","1.99","1.91","3.43","1.34","6.54","1.13","1.81","1.98"
"16913","16-12-20 19:00","France","Ligue 1","2020/2021","Reims","Nantes","2.45","3.37","3.06","1.09","8.00","1.41","3.00","2.37","1.62","4.48","1.22","9.26","1.07","1.98","1.83"
"16914","13-12-20 21:00","France","Ligue 1","2020/2021","PSG","Lyon","1.59","4.52","5.56","1.02","15.00","1.11","6.99","1.37","3.23","1.98","1.92","3.01","1.41","1.41","2.91"
"16915","13-12-20 17:00","France","Ligue 1","2020/2021","Lille","Bordeaux","1.62","3.80","6.59","1.08","8.60","1.37","3.23","2.18","1.76","4.14","1.25","8.64","1.08","2.08","1.75"
"16916","13-12-20 15:00","France","Ligue 1","2020/2021","Brest","Reims","2.45","3.35","3.09","1.05","11.80","1.26","4.03","1.86","2.05","3.21","1.37","6.08","1.14","1.69","2.17"
"16917","13-12-20 15:00","France","Ligue 1","2020/2021","Lorient","Nimes","2.00","3.69","3.85","1.05","11.70","1.30","3.72","2.00","1.90","3.45","1.33","6.72","1.12","1.73","2.10"
"16918","13-12-20 15:00","France","Ligue 1","2020/2021","Nantes","Dijon","1.78","3.92","4.70","1.05","11.80","1.30","3.66","1.98","1.92","3.45","1.33","7.10","1.11","1.85","1.95"
"16919","13-12-20 15:00","France","Ligue 1","2020/2021","Strasbourg","Metz","1.93","3.53","4.37","1.06","10.70","1.30","3.66","1.98","1.92","3.45","1.33","7.10","1.11","1.83","1.97"
"16920","13-12-20 13:00","France","Ligue 1","2020/2021","Nice","Rennes","3.08","3.38","2.44","1.08","8.60","1.37","3.23","2.18","1.76","3.84","1.28","8.05","1.09","1.85","1.95"
"16921","12-12-20 21:00","France","Ligue 1","2020/2021","Lens","Montpellier","2.53","3.31","3.00","1.06","9.68","1.33","3.44","2.09","1.83","3.84","1.28","8.05","1.09","1.70","2.15"
"16922","12-12-20 17:00","France","Ligue 1","2020/2021","Marseille","Monaco","3.38","3.69","2.15","1.05","11.00","1.29","3.75","1.99","1.91","3.24","1.37","6.54","1.13","1.74","2.10"
"16923","11-12-20 21:00","France","Ligue 1","2020/2021","St Etienne","Angers","2.42","3.46","3.05","1.06","10.70","1.30","3.66","1.98","1.92","3.52","1.32","7.10","1.11","1.70","2.15"
"16924","06-12-20 21:00","France","Ligue 1","2020/2021","Metz","Lyon","6.66","4.87","1.48","1.03","14.00","1.24","4.30","1.67","2.26","2.66","1.50","4.97","1.19","1.77","2.04"
"16925","06-12-20 17:00","France","Ligue 1","2020/2021","Reims","Nice","2.42","3.46","3.05","1.06","9.68","1.33","3.44","2.09","1.83","3.84","1.28","8.05","1.09","1.77","2.04"
"16926","06-12-20 15:00","France","Ligue 1","2020/2021","Angers","Lorient","1.82","3.74","4.68","1.06","10.70","1.29","3.76","1.98","1.92","3.44","1.33","6.72","1.12","1.76","2.07"
"16927","06-12-20 15:00","France","Ligue 1","2020/2021","Bordeaux","Brest","2.17","3.62","3.41","1.05","11.80","1.24","4.30","1.78","2.15","2.84","1.45","5.57","1.16","1.60","2.33"
"16928","06-12-20 15:00","France","Ligue 1","2020/2021","Dijon","St Etienne","3.71","3.61","2.06","1.04","13.00","1.26","4.00","1.90","2.00","3.06","1.40","6.00","1.14","1.70","2.15"
"16929","06-12-20 15:00","France","Ligue 1","2020/2021","Nantes","Strasbourg","2.28","3.45","3.30","1.06","10.70","1.29","3.76","1.98","1.92","3.21","1.37","6.72","1.12","1.67","2.21"
"16930","06-12-20 13:00","France","Ligue 1","2020/2021","Lille","Monaco","2.73","3.82","2.48","1.02","16.10","1.21","4.66","1.67","2.26","2.66","1.50","4.97","1.19","1.56","2.43"
"16931","05-12-20 21:00","France","Ligue 1","2020/2021","Montpellier","PSG","4.93","4.12","1.71","1.02","16.10","1.20","4.84","1.57","2.47","2.40","1.60","4.50","1.22","1.57","2.41"
"16932","05-12-20 17:00","France","Ligue 1","2020/2021","Rennes","Lens","2.09","3.46","3.81","1.06","10.70","1.29","3.76","1.86","2.05","3.21","1.37","6.72","1.12","1.68","2.19"
"16933","04-12-20 21:00","France","Ligue 1","2020/2021","Nimes","Marseille","5.51","3.84","1.70","1.05","11.80","1.26","4.03","1.86","2.05","3.21","1.37","6.08","1.14","1.76","2.07"
"16934","29-11-20 21:00","France","Ligue 1","2020/2021","St Etienne","Lille","3.97","3.38","2.07","1.06","9.68","1.33","3.44","2.09","1.83","3.84","1.28","8.05","1.09","1.76","2.07"
"16935","29-11-20 17:00","France","Ligue 1","2020/2021","Nice","Dijon","1.85","3.90","4.31","1.03","15.00","1.22","4.50","1.70","2.20","2.66","1.50","5.41","1.17","1.65","2.24"
"16936","29-11-20 15:00","France","Ligue 1","2020/2021","Lens","Angers","2.13","3.46","3.66","1.06","9.68","1.33","3.44","2.09","1.83","3.52","1.32","8.05","1.09","1.77","2.04"
"16937","29-11-20 15:00","France","Ligue 1","2020/2021","Lorient","Montpellier","4.08","3.67","1.95","1.03","14.00","1.24","4.30","1.78","2.15","3.01","1.41","5.57","1.16","1.65","2.25"
"16938","29-11-20 15:00","France","Ligue 1","2020/2021","Metz","Brest","2.35","3.33","3.27","1.05","11.80","1.26","4.03","1.86","2.05","3.01","1.41","6.08","1.14","1.61","2.31"
"16939","29-11-20 15:00","France","Ligue 1","2020/2021","Monaco","Nimes","1.36","5.12","9.73","1.02","18.30","1.17","5.38","1.46","2.82","2.29","1.70","3.84","1.28","1.67","2.21"
"16940","29-11-20 13:00","France","Ligue 1","2020/2021","Lyon","Reims","1.43","4.93","7.65","1.03","14.00","1.21","4.66","1.62","2.37","2.50","1.56","4.50","1.22","1.79","2.02"
"16941","28-11-20 21:00","France","Ligue 1","2020/2021","PSG","Bordeaux","1.18","8.68","14.10","1.02","15.00","1.11","6.99","1.30","3.66","1.86","2.05","2.84","1.45","1.71","2.13"
"16942","28-11-20 17:00","France","Ligue 1","2020/2021","Marseille","Nantes","2.00","3.49","4.10","1.06","9.68","1.33","3.44","2.09","1.83","3.84","1.28","8.05","1.09","1.85","1.95"
"16943","27-11-20 21:00","France","Ligue 1","2020/2021","Strasbourg","Rennes","3.29","3.29","2.36","1.06","10.70","1.29","3.76","1.98","1.92","3.21","1.37","6.72","1.12","1.68","2.19"
"16944","25-11-20 19:00","France","Ligue 1","2020/2021","Lens","Nantes","2.31","3.39","3.29","1.06","9.68","1.37","3.23","2.18","1.76","3.84","1.28","8.05","1.09","1.85","1.95"
"16945","22-11-20 21:00","France","Ligue 1","2020/2021","Lille","Lorient","1.62","3.93","6.21","1.05","11.80","1.26","4.03","1.86","2.05","3.01","1.41","6.08","1.14","1.76","2.07"
"16946","22-11-20 17:00","France","Ligue 1","2020/2021","Angers","Lyon","4.63","3.89","1.79","1.03","14.00","1.24","4.30","1.67","2.26","2.66","1.50","4.97","1.19","1.60","2.33"
"16947","22-11-20 15:00","France","Ligue 1","2020/2021","Dijon","Lens","4.61","3.90","1.79","1.05","11.00","1.29","3.74","1.99","1.91","3.24","1.37","6.54","1.13","1.80","1.98"
"16948","22-11-20 15:00","France","Ligue 1","2020/2021","Montpellier","Strasbourg","1.94","3.46","4.41","1.08","8.60","1.37","3.23","2.29","1.70","4.14","1.25","8.64","1.08","1.88","1.92"
"16949","22-11-20 15:00","France","Ligue 1","2020/2021","Reims","Nimes","1.84","3.69","4.61","1.05","11.00","1.32","3.50","1.99","1.91","3.43","1.34","7.06","1.11","1.83","1.98"
"16950","22-11-20 13:00","France","Ligue 1","2020/2021","Nantes","Metz","2.20","3.28","3.69","1.08","8.60","1.37","3.23","2.18","1.76","3.84","1.28","8.05","1.09","1.76","2.07"
"16951","21-11-20 17:00","France","Ligue 1","2020/2021","Brest","St Etienne","2.30","3.57","3.17","1.04","13.00","1.22","4.50","1.70","2.20","2.66","1.50","5.41","1.17","1.59","2.31"
"16952","20-11-20 21:00","France","Ligue 1","2020/2021","Monaco","PSG","6.35","5.20","1.50","1.02","15.00","1.08","6.15","1.37","2.99","2.08","1.88","3.20","1.33","1.53","2.43"
"16953","20-11-20 19:00","France","Ligue 1","2020/2021","Rennes","Bordeaux","1.99","3.47","4.19","1.06","9.68","1.33","3.44","2.18","1.76","3.84","1.28","8.05","1.09","1.85","1.95"
"16954","08-11-20 21:00","France","Ligue 1","2020/2021","Lyon","St Etienne","1.30","5.56","11.80","1.01","16.00","1.17","5.38","1.49","2.69","2.21","1.70","3.84","1.28","1.76","2.07"
"16955","08-11-20 17:00","France","Ligue 1","2020/2021","Nice","Monaco","3.80","3.72","2.00","1.02","16.10","1.17","5.38","1.54","2.55","2.30","1.65","4.14","1.25","1.49","2.63"
"16956","08-11-20 15:00","France","Ligue 1","2020/2021","Lens","Reims","2.18","3.45","3.55","1.08","8.60","1.37","3.23","2.18","1.76","3.84","1.28","8.05","1.09","1.87","1.94"
"16957","08-11-20 15:00","France","Ligue 1","2020/2021","Lorient","Nantes","2.74","3.25","2.79","1.09","8.00","1.41","3.00","2.26","1.67","4.48","1.22","9.26","1.07","1.98","1.83"
"16958","08-11-20 15:00","France","Ligue 1","2020/2021","Metz","Dijon","2.08","3.45","3.85","1.08","9.00","1.37","3.20","2.24","1.73","4.14","1.25","8.45","1.09","1.90","1.90"
"16959","08-11-20 15:00","France","Ligue 1","2020/2021","Nimes","Angers","3.00","3.31","2.53","1.08","9.00","1.37","3.20","2.24","1.73","4.14","1.25","8.45","1.09","1.83","1.98"
"16960","08-11-20 13:00","France","Ligue 1","2020/2021","Brest","Lille","5.21","3.92","1.71","1.03","13.80","1.24","4.26","1.69","2.23","2.70","1.49","5.15","1.18","1.70","2.16"
"16961","07-11-20 21:00","France","Ligue 1","2020/2021","PSG","Rennes","1.47","4.93","6.69","1.02","18.30","1.20","4.84","1.57","2.47","2.40","1.60","4.14","1.25","1.67","2.21"
"16962","07-11-20 17:00","France","Ligue 1","2020/2021","Bordeaux","Montpellier","2.62","3.39","2.82","1.09","8.00","1.41","3.00","2.26","1.67","4.48","1.22","9.26","1.07","1.97","1.83"
"16963","06-11-20 21:00","France","Ligue 1","2020/2021","Strasbourg","Marseille","2.69","3.18","2.90","1.08","8.60","1.42","2.96","2.30","1.65","4.50","1.22","9.34","1.07","1.91","1.89"
"16964","01-11-20 21:00","France","Ligue 1","2020/2021","Lille","Lyon","2.88","3.39","2.57","1.03","14.00","1.24","4.30","1.78","2.15","2.84","1.45","5.57","1.16","1.57","2.41"
"16965","01-11-20 17:00","France","Ligue 1","2020/2021","Monaco","Bordeaux","1.74","4.08","4.70","1.03","14.00","1.24","4.30","1.78","2.15","2.84","1.45","5.57","1.16","1.65","2.25"
"16966","01-11-20 15:00","France","Ligue 1","2020/2021","Angers","Nice","2.37","3.39","3.19","1.08","9.00","1.34","3.40","2.13","1.80","3.67","1.30","7.06","1.11","1.78","2.04"
"16967","01-11-20 15:00","France","Ligue 1","2020/2021","Dijon","Lorient","3.34","3.59","2.21","1.05","11.00","1.26","4.00","1.90","2.00","3.06","1.40","6.00","1.14","1.70","2.15"
"16968","01-11-20 15:00","France","Ligue 1","2020/2021","Nimes","Metz","2.98","3.19","2.62","1.11","7.00","1.51","2.63","2.57","1.54","5.41","1.17","11.20","1.05","2.10","1.74"
"16969","01-11-20 15:00","France","Ligue 1","2020/2021","Reims","Strasbourg","2.67","3.38","2.89","1.07","8.80","1.41","2.96","2.29","1.73","4.14","1.24","8.70","1.07","1.97","1.79"
"16970","01-11-20 13:00","France","Ligue 1","2020/2021","St Etienne","Montpellier","2.68","3.32","2.81","1.06","10.70","1.29","3.76","1.86","2.05","3.21","1.37","6.08","1.14","1.65","2.25"
"16971","31-10-20 21:00","France","Ligue 1","2020/2021","Nantes","PSG","8.09","4.87","1.42","1.01","20.00","1.14","5.91","1.42","2.96","2.09","1.83","3.45","1.33","1.57","2.40"
"16972","31-10-20 17:00","France","Ligue 1","2020/2021","Rennes","Brest","1.91","3.95","3.95","1.03","14.00","1.21","4.66","1.62","2.37","2.66","1.50","4.97","1.19","1.61","2.31"
"16973","25-10-20 21:00","France","Ligue 1","2020/2021","Lyon","Monaco","1.81","3.93","4.48","1.02","18.30","1.17","5.38","1.54","2.55","2.30","1.65","4.14","1.25","1.53","2.51"
"16974","25-10-20 17:00","France","Ligue 1","2020/2021","Nice","Lille","4.27","3.56","1.94","1.06","10.70","1.29","3.76","1.86","2.05","3.21","1.37","6.72","1.12","1.70","2.15"
"16975","25-10-20 15:00","France","Ligue 1","2020/2021","Bordeaux","Nimes","1.78","3.81","4.83","1.05","11.80","1.29","3.76","1.86","2.05","3.21","1.37","6.08","1.14","1.73","2.10"
"16976","25-10-20 15:00","France","Ligue 1","2020/2021","Brest","Strasbourg","2.33","3.73","3.00","1.02","16.10","1.21","4.66","1.62","2.37","2.66","1.50","4.97","1.19","1.55","2.45"
"16977","25-10-20 15:00","France","Ligue 1","2020/2021","Metz","St Etienne","2.04","3.37","4.09","1.08","8.60","1.37","3.23","2.18","1.76","3.84","1.28","8.64","1.08","1.91","1.89"
"16978","25-10-20 15:00","France","Ligue 1","2020/2021","Montpellier","Reims","1.88","3.56","4.58","1.06","9.68","1.33","3.44","2.09","1.83","3.52","1.32","8.05","1.09","1.87","1.94"
"16979","24-10-20 21:00","France","Ligue 1","2020/2021","PSG","Dijon","1.11","12.20","21.00","","","1.06","10.70","1.21","4.66","1.54","2.55","2.18","1.76","1.96","1.84"
"16980","24-10-20 17:00","France","Ligue 1","2020/2021","Lorient","Marseille","2.82","3.18","2.77","1.06","9.68","1.30","3.66","2.09","1.83","3.52","1.32","7.10","1.11","1.71","2.13"
"16981","23-10-20 21:00","France","Ligue 1","2020/2021","Rennes","Angers","2.21","3.36","3.56","1.06","9.68","1.37","3.23","2.18","1.76","3.84","1.28","8.05","1.09","1.85","1.95"
"16982","18-10-20 21:00","France","Ligue 1","2020/2021","Lille","Lens","1.99","3.37","4.29","1.08","8.60","1.42","2.96","2.38","1.65","4.50","1.22","9.34","1.07","1.97","1.83"
"16983","18-10-20 17:00","France","Ligue 1","2020/2021","St Etienne","Nice","2.93","3.36","2.55","1.05","11.00","1.26","4.00","1.90","2.00","3.06","1.40","6.00","1.14","1.69","2.15"
"16984","18-10-20 15:00","France","Ligue 1","2020/2021","Angers","Metz","2.08","3.45","3.85","1.09","8.00","1.48","2.75","2.47","1.57","4.80","1.20","9.99","1.06","2.10","1.74"
"16985","18-10-20 15:00","France","Ligue 1","2020/2021","Monaco","Montpellier","1.81","3.89","4.49","1.03","15.00","1.22","4.50","1.70","2.20","2.66","1.50","4.80","1.20","1.61","2.31"
"16986","18-10-20 15:00","France","Ligue 1","2020/2021","Nantes","Brest","2.24","3.47","3.37","1.04","13.00","1.26","4.00","1.90","2.00","3.06","1.40","6.00","1.14","1.65","2.24"
"16987","18-10-20 13:00","France","Ligue 1","2020/2021","Strasbourg","Lyon","5.51","3.84","1.70","1.05","11.80","1.26","4.03","1.86","2.05","3.01","1.41","6.08","1.14","1.70","2.15"
"16988","17-10-20 21:00","France","Ligue 1","2020/2021","Marseille","Bordeaux","2.12","3.62","3.52","1.06","9.68","1.37","3.23","2.18","1.76","4.14","1.25","8.64","1.08","1.88","1.92"
"16989","17-10-20 17:00","France","Ligue 1","2020/2021","Reims","Lorient","2.07","3.53","3.78","1.06","9.68","1.37","3.23","2.18","1.76","3.84","1.28","8.05","1.09","1.84","1.97"
"16990","16-10-20 21:00","France","Ligue 1","2020/2021","Nimes","PSG","8.44","5.54","1.37","1.02","18.30","1.17","5.38","1.49","2.69","2.21","1.70","3.84","1.28","1.71","2.13"
"16991","16-10-20 19:00","France","Ligue 1","2020/2021","Dijon","Rennes","5.74","4.10","1.63","1.03","14.00","1.24","4.30","1.78","2.15","2.84","1.45","5.57","1.16","1.68","2.19"
"16992","04-10-20 21:00","France","Ligue 1","2020/2021","Lyon","Marseille","1.71","3.83","5.44","1.05","11.80","1.26","4.03","1.86","2.05","3.01","1.41","6.08","1.14","1.71","2.13"
"16993","04-10-20 17:00","France","Ligue 1","2020/2021","Rennes","Reims","1.74","3.67","5.42","1.08","8.60","1.37","3.23","2.18","1.76","3.84","1.28","8.05","1.09","1.88","1.92"
"16994","04-10-20 15:00","France","Ligue 1","2020/2021","Bordeaux","Dijon","1.70","3.91","5.40","1.05","11.00","1.29","3.74","1.99","1.91","3.24","1.37","6.54","1.13","1.83","1.98"
"16995","04-10-20 15:00","France","Ligue 1","2020/2021","Brest","Monaco","3.06","3.85","2.25","1.01","17.00","1.14","5.91","1.42","2.96","2.09","1.83","3.52","1.32","1.38","3.03"
"16996","04-10-20 15:00","France","Ligue 1","2020/2021","Metz","Lorient","2.29","3.26","3.47","1.11","7.00","1.48","2.75","2.37","1.62","4.48","1.22","9.26","1.07","1.98","1.83"
"16997","04-10-20 15:00","France","Ligue 1","2020/2021","Strasbourg","Lille","3.84","3.34","2.12","1.10","7.53","1.46","2.82","2.40","1.60","4.97","1.19","10.20","1.06","2.00","1.81"
"16998","04-10-20 13:00","France","Ligue 1","2020/2021","Montpellier","Nimes","1.73","3.88","5.10","1.05","11.00","1.26","4.00","1.90","2.00","3.06","1.40","6.00","1.14","1.78","2.04"
"16999","03-10-20 21:00","France","Ligue 1","2020/2021","Nice","Nantes","2.25","3.48","3.33","1.06","9.68","1.33","3.44","2.09","1.83","3.84","1.28","8.05","1.09","1.77","2.04"
"17000","03-10-20 17:00","France","Ligue 1","2020/2021","Lens","St Etienne","1.84","3.69","4.61","1.05","11.00","1.29","3.75","1.99","1.91","3.43","1.34","6.54","1.13","1.83","1.98"
"17001","02-10-20 21:00","France","Ligue 1","2020/2021","PSG","Angers","1.10","12.60","24.00","1.01","26.00","1.06","10.00","1.23","4.33","1.56","2.50","2.26","1.67","1.91","1.89"
"17002","27-09-20 21:00","France","Ligue 1","2020/2021","Reims","PSG","15.00","6.92","1.22","1.02","15.00","1.11","6.99","1.33","3.44","1.86","2.05","3.01","1.41","1.77","2.04"
"17003","27-09-20 17:00","France","Ligue 1","2020/2021","Lorient","Lyon","5.00","3.93","1.74","1.03","14.00","1.24","4.30","1.78","2.15","2.84","1.45","5.57","1.16","1.68","2.19"
"17004","27-09-20 15:00","France","Ligue 1","2020/2021","Angers","Brest","2.09","3.46","3.81","1.08","9.00","1.34","3.40","2.24","1.73","3.79","1.29","7.54","1.10","1.83","1.98"
"17005","27-09-20 15:00","France","Ligue 1","2020/2021","Dijon","Montpellier","5.12","3.84","1.74","1.05","11.80","1.26","4.03","1.86","2.05","3.21","1.37","6.08","1.14","1.71","2.13"
"17006","27-09-20 15:00","France","Ligue 1","2020/2021","Monaco","Strasbourg","1.68","3.84","5.72","1.05","11.80","1.24","4.30","1.78","2.15","2.84","1.45","5.57","1.16","1.71","2.13"
"17007","27-09-20 15:00","France","Ligue 1","2020/2021","Nimes","Lens","3.44","3.54","2.19","1.06","10.70","1.30","3.66","1.98","1.92","3.52","1.32","7.10","1.11","1.71","2.13"
"17008","27-09-20 13:00","France","Ligue 1","2020/2021","Bordeaux","Nice","2.07","3.41","3.93","1.06","9.68","1.30","3.66","2.09","1.83","3.52","1.32","7.10","1.11","1.77","2.04"
"17009","26-09-20 21:00","France","Ligue 1","2020/2021","Marseille","Metz","1.58","3.85","7.18","1.06","10.70","1.29","3.76","1.98","1.92","3.21","1.37","6.72","1.12","1.85","1.95"
"17010","26-09-20 17:00","France","Ligue 1","2020/2021","St Etienne","Rennes","3.17","3.17","2.50","1.06","10.70","1.29","3.76","1.98","1.92","3.21","1.37","6.72","1.12","1.68","2.19"
"17011","25-09-20 21:00","France","Ligue 1","2020/2021","Lille","Nantes","1.63","3.93","6.11","1.06","9.68","1.33","3.44","2.09","1.83","3.52","1.32","7.10","1.11","1.94","1.86"
"17012","20-09-20 21:00","France","Ligue 1","2020/2021","Marseille","Lille","2.40","3.27","3.23","1.08","8.60","1.37","3.23","2.18","1.76","3.84","1.28","8.05","1.09","1.77","2.04"
"17013","20-09-20 17:00","France","Ligue 1","2020/2021","Nantes","St Etienne","2.25","3.17","3.68","1.08","8.60","1.33","3.44","2.18","1.76","3.84","1.28","8.05","1.09","1.77","2.04"
"17014","20-09-20 15:00","France","Ligue 1","2020/2021","Brest","Lorient","2.27","3.36","3.41","1.05","11.80","1.26","4.03","1.86","2.05","3.01","1.41","6.08","1.14","1.63","2.28"
"17015","20-09-20 15:00","France","Ligue 1","2020/2021","Metz","Reims","2.68","2.99","3.09","1.13","6.45","1.57","2.47","2.84","1.45","5.57","1.16","11.20","1.05","2.14","1.71"
"17016","20-09-20 15:00","France","Ligue 1","2020/2021","Montpellier","Angers","1.91","3.41","4.65","1.08","8.60","1.42","2.96","2.29","1.70","4.14","1.25","8.64","1.08","1.94","1.86"
"17017","20-09-20 15:00","France","Ligue 1","2020/2021","Strasbourg","Dijon","1.62","3.93","6.21","1.05","11.80","1.26","4.03","1.86","2.05","3.01","1.41","6.08","1.14","1.76","2.07"
"17018","20-09-20 13:00","France","Ligue 1","2020/2021","Nice","PSG","10.20","5.72","1.32","1.02","18.30","1.17","5.38","1.46","2.82","2.18","1.76","3.84","1.28","1.70","2.15"
"17019","19-09-20 21:00","France","Ligue 1","2020/2021","Rennes","Monaco","2.32","3.61","3.09","1.03","14.00","1.24","4.30","1.78","2.15","2.84","1.45","5.57","1.16","1.61","2.31"
"17020","19-09-20 17:00","France","Ligue 1","2020/2021","Lens","Bordeaux","2.42","3.05","3.46","1.11","6.99","1.46","2.82","2.50","1.56","4.97","1.19","10.20","1.06","1.96","1.84"
"17021","18-09-20 21:00","France","Ligue 1","2020/2021","Lyon","Nimes","1.24","6.93","12.10","1.02","18.30","1.14","5.91","1.46","2.82","2.18","1.76","3.52","1.32","1.85","1.95"
"17022","17-09-20 21:00","France","Ligue 1","2020/2021","Marseille","St Etienne","1.79","3.57","5.22","1.08","8.60","1.33","3.44","2.18","1.76","3.84","1.28","8.05","1.09","1.91","1.89"
"17023","16-09-20 21:00","France","Ligue 1","2020/2021","PSG","Metz","1.24","6.33","14.50","1.05","11.80","1.24","4.30","1.67","2.26","2.66","1.50","4.97","1.19","2.14","1.71"
"17024","15-09-20 21:00","France","Ligue 1","2020/2021","Montpellier","Lyon","3.79","3.67","2.02","1.05","11.80","1.26","4.03","1.86","2.05","3.21","1.37","6.08","1.14","1.67","2.21"
"17025","13-09-20 21:00","France","Ligue 1","2020/2021","PSG","Marseille","1.38","5.29","8.35","1.02","18.30","1.17","5.38","1.46","2.82","2.29","1.70","3.84","1.28","1.68","2.19"
"17026","13-09-20 17:00","France","Ligue 1","2020/2021","Monaco","Nantes","1.85","3.79","4.38","1.06","10.70","1.30","3.66","1.98","1.92","3.45","1.33","7.10","1.11","1.77","2.04"
"17027","13-09-20 15:00","France","Ligue 1","2020/2021","Angers","Reims","2.06","3.10","4.47","1.13","6.45","1.54","2.55","2.66","1.50","5.57","1.16","11.20","1.05","2.14","1.71"
"17028","13-09-20 15:00","France","Ligue 1","2020/2021","Dijon","Brest","2.94","3.33","2.56","1.05","11.80","1.26","4.03","1.86","2.05","3.01","1.41","6.08","1.14","1.60","2.33"
"17029","13-09-20 15:00","France","Ligue 1","2020/2021","Lorient","Lens","2.26","3.39","3.39","1.08","8.60","1.37","3.23","2.18","1.76","4.14","1.25","8.64","1.08","1.84","1.97"
"17030","13-09-20 15:00","France","Ligue 1","2020/2021","Nimes","Rennes","3.47","3.26","2.29","1.06","9.68","1.30","3.66","2.09","1.83","3.52","1.32","7.10","1.11","1.70","2.15"
"17031","13-09-20 13:00","France","Ligue 1","2020/2021","Lille","Metz","1.56","3.87","7.68","1.11","6.91","1.50","2.66","2.52","1.55","5.15","1.18","10.20","1.06","2.48","1.54"
"17032","12-09-20 21:00","France","Ligue 1","2020/2021","St Etienne","Strasbourg","2.07","3.28","4.13","1.08","8.60","1.33","3.44","2.18","1.76","3.84","1.28","8.05","1.09","1.77","2.04"
"17033","12-09-20 17:00","France","Ligue 1","2020/2021","Montpellier","Nice","2.08","3.42","3.89","1.06","9.68","1.33","3.44","2.09","1.83","3.84","1.28","8.05","1.09","1.77","2.04"
"17034","11-09-20 21:00","France","Ligue 1","2020/2021","Bordeaux","Lyon","4.33","3.60","1.91","1.06","9.68","1.30","3.66","1.98","1.92","3.52","1.32","7.10","1.11","1.76","2.07"
"17035","10-09-20 21:00","France","Ligue 1","2020/2021","Lens","PSG","4.70","3.95","1.77","1.06","10.70","1.30","3.66","1.98","1.92","3.52","1.32","7.10","1.11","1.85","1.95"
"17036","30-08-20 21:00","France","Ligue 1","2020/2021","Brest","Marseille","3.89","3.27","2.14","1.08","8.60","1.42","2.96","2.29","1.70","4.14","1.25","8.64","1.08","1.85","1.95"
"17037","30-08-20 15:00","France","Ligue 1","2020/2021","Angers","Bordeaux","2.25","3.07","3.84","1.13","6.45","1.54","2.55","2.66","1.50","5.57","1.16","11.20","1.05","2.10","1.73"
"17038","30-08-20 15:00","France","Ligue 1","2020/2021","Metz","Monaco","4.34","3.67","1.89","1.06","10.70","1.26","4.03","1.86","2.05","3.01","1.41","6.08","1.14","1.68","2.19"
"17039","30-08-20 15:00","France","Ligue 1","2020/2021","Nantes","Nimes","1.87","3.46","4.84","1.08","8.60","1.33","3.44","2.18","1.76","3.84","1.28","8.05","1.09","1.84","1.97"
"17040","30-08-20 15:00","France","Ligue 1","2020/2021","St Etienne","Lorient","2.34","3.26","3.36","1.06","9.68","1.33","3.44","2.18","1.76","3.84","1.28","8.05","1.09","1.77","2.04"
"17041","30-08-20 13:00","France","Ligue 1","2020/2021","Reims","Lille","3.16","2.96","2.65","1.13","6.45","1.54","2.55","2.66","1.50","5.57","1.16","11.20","1.05","2.10","1.73"
"17042","29-08-20 21:00","France","Ligue 1","2020/2021","Strasbourg","Nice","2.11","3.60","3.60","1.06","9.68","1.33","3.44","2.09","1.83","3.52","1.32","8.05","1.09","1.77","2.04"
"17043","29-08-20 17:00","France","Ligue 1","2020/2021","Rennes","Montpellier","1.82","3.62","4.90","1.08","8.60","1.37","3.23","2.18","1.76","4.14","1.25","8.64","1.08","1.96","1.84"
"17044","28-08-20 21:00","France","Ligue 1","2020/2021","Lyon","Dijon","1.27","5.91","12.90","1.02","16.10","1.20","4.84","1.54","2.55","2.30","1.65","4.14","1.25","1.91","1.89"
"17045","23-08-20 17:00","France","Ligue 1","2020/2021","Nice","Lens","2.00","3.39","4.22","1.08","8.60","1.37","3.23","2.18","1.76","3.84","1.28","8.05","1.09","1.85","1.95"
"17046","23-08-20 15:00","France","Ligue 1","2020/2021","Lorient","Strasbourg","2.47","3.19","3.19","1.10","7.45","1.43","2.93","2.32","1.64","4.50","1.22","9.34","1.07","1.91","1.89"
"17047","23-08-20 15:00","France","Ligue 1","2020/2021","Nimes","Brest","2.29","3.26","3.47","1.06","10.60","1.30","3.72","2.00","1.90","3.21","1.37","6.72","1.12","1.68","2.19"
"17048","23-08-20 13:00","France","Ligue 1","2020/2021","Monaco","Reims","1.87","3.52","4.71","1.08","8.51","1.43","2.93","2.30","1.69","4.25","1.24","8.64","1.08","1.96","1.84"
"17049","22-08-20 21:00","France","Ligue 1","2020/2021","Lille","Rennes","1.87","3.54","4.65","1.08","8.60","1.37","3.23","2.18","1.76","4.14","1.25","8.64","1.08","1.91","1.89"
"17050","22-08-20 17:00","France","Ligue 1","2020/2021","Dijon","Angers","3.33","3.17","2.41","1.13","6.50","1.61","2.38","2.86","1.45","5.41","1.17","11.20","1.05","2.10","1.73"
"17051","21-08-20 19:00","France","Ligue 1","2020/2021","Bordeaux","Nantes","2.68","2.93","3.16","1.13","6.38","1.55","2.53","2.70","1.49","5.57","1.16","11.20","1.05","1.99","1.82"
"17052","08-03-20 21:00","France","Ligue 1","2019/2020","Lille","Lyon","2.34","3.32","3.28","1.09","8.40","1.34","3.36","2.13","1.80","3.92","1.27","8.00","1.09","1.81","2.00"
"17053","08-03-20 17:00","France","Ligue 1","2019/2020","Rennes","Montpellier","2.08","3.28","4.08","1.08","8.60","1.42","2.96","2.29","1.70","4.14","1.25","8.60","1.08","1.91","1.89"
"17054","08-03-20 15:00","France","Ligue 1","2019/2020","St Etienne","Bordeaux","2.24","3.36","3.46","1.08","8.50","1.43","2.93","2.30","1.69","4.24","1.24","8.60","1.08","1.91","1.89"
"17055","07-03-20 20:00","France","Ligue 1","2019/2020","Angers","Nantes","2.65","3.06","3.06","1.14","6.00","1.61","2.38","2.86","1.45","6.00","1.14","12.50","1.04","2.15","1.70"
"17056","07-03-20 20:00","France","Ligue 1","2019/2020","Dijon","Toulouse","1.80","3.70","4.88","1.06","10.00","1.32","3.50","2.13","1.80","3.42","1.34","7.00","1.11","1.90","1.90"
"17057","07-03-20 20:00","France","Ligue 1","2019/2020","Metz","Nimes","2.35","3.26","3.32","1.11","7.00","1.56","2.50","2.66","1.50","5.40","1.17","11.00","1.05","2.15","1.70"
"17058","07-03-20 20:00","France","Ligue 1","2019/2020","Nice","Monaco","3.22","3.86","2.24","1.01","18.00","1.16","5.00","1.57","2.54","2.41","1.66","3.74","1.22","1.55","2.38"
"17059","07-03-20 20:00","France","Ligue 1","2019/2020","Reims","Brest","2.00","3.48","4.10","1.11","7.00","1.51","2.63","2.57","1.54","4.80","1.20","9.90","1.06","2.15","1.70"
"17060","06-03-20 21:00","France","Ligue 1","2019/2020","Marseille","Amiens","1.58","4.08","6.60","1.06","9.60","1.33","3.44","2.09","1.83","3.52","1.32","7.10","1.11","1.96","1.84"
"17061","01-03-20 21:00","France","Ligue 1","2019/2020","Lyon","St Etienne","1.65","3.82","6.00","1.06","9.50","1.34","3.40","2.20","1.75","3.92","1.27","8.00","1.09","2.00","1.81"
"17062","01-03-20 17:00","France","Ligue 1","2019/2020","Bordeaux","Nice","1.95","3.66","4.08","1.05","11.00","1.29","3.74","1.99","1.91","3.42","1.34","6.50","1.13","1.83","1.98"
"17063","01-03-20 15:00","France","Ligue 1","2019/2020","Nantes","Lille","3.15","3.09","2.56","1.11","6.90","1.50","2.66","2.52","1.55","5.15","1.18","10.00","1.06","1.96","1.84"
"17064","29-02-20 20:00","France","Ligue 1","2019/2020","Amiens","Metz","2.09","3.26","4.08","1.14","6.00","1.65","2.30","3.06","1.40","6.50","1.13","12.50","1.04","2.42","1.56"
"17065","29-02-20 20:00","France","Ligue 1","2019/2020","Brest","Angers","2.47","3.30","3.09","1.08","9.00","1.37","3.20","2.24","1.73","4.14","1.25","8.40","1.09","1.83","1.98"
"17066","29-02-20 20:00","France","Ligue 1","2019/2020","Monaco","Reims","1.84","3.68","4.60","1.06","10.00","1.34","3.40","2.13","1.80","3.78","1.29","7.50","1.10","1.98","1.83"
"17067","29-02-20 20:00","France","Ligue 1","2019/2020","Montpellier","Strasbourg","2.47","3.19","3.19","1.11","7.00","1.51","2.63","2.66","1.50","5.40","1.17","11.00","1.05","2.15","1.70"
"17068","29-02-20 20:00","France","Ligue 1","2019/2020","Toulouse","Rennes","3.66","3.56","2.09","1.07","9.40","1.34","3.36","2.13","1.80","3.92","1.27","8.00","1.09","1.93","1.87"
"17069","29-02-20 17:30","France","Ligue 1","2019/2020","PSG","Dijon","1.11","13.00","18.00","","","1.05","11.50","1.18","5.25","1.43","2.89","2.03","1.88","1.67","2.21"
"17070","28-02-20 20:45","France","Ligue 1","2019/2020","Nimes","Marseille","3.58","3.36","2.20","1.09","8.00","1.41","3.00","2.37","1.62","4.48","1.22","9.20","1.07","1.98","1.83"
"17071","23-02-20 21:00","France","Ligue 1","2019/2020","PSG","Bordeaux","1.14","10.00","19.00","1.01","17.00","1.06","9.50","1.24","4.26","1.63","2.34","2.32","1.64","1.87","1.94"
"17072","23-02-20 17:00","France","Ligue 1","2019/2020","Rennes","Nimes","1.59","3.80","7.10","1.06","9.50","1.34","3.40","2.10","1.82","3.92","1.27","8.00","1.09","2.04","1.78"
"17073","23-02-20 15:00","France","Ligue 1","2019/2020","St Etienne","Reims","2.37","3.19","3.38","1.13","6.30","1.59","2.42","2.73","1.48","5.55","1.16","12.50","1.04","2.19","1.68"
"17074","22-02-20 20:00","France","Ligue 1","2019/2020","Angers","Montpellier","2.67","3.05","3.05","1.11","6.90","1.46","2.79","2.52","1.55","5.15","1.18","10.00","1.06","1.91","1.89"
"17075","22-02-20 20:00","France","Ligue 1","2019/2020","Dijon","Monaco","3.84","3.82","1.96","1.02","16.00","1.20","4.78","1.58","2.45","2.52","1.55","4.50","1.22","1.54","2.48"
"17076","22-02-20 20:00","France","Ligue 1","2019/2020","Lille","Toulouse","1.33","5.10","11.50","1.05","11.50","1.24","4.26","1.80","2.13","2.88","1.44","5.55","1.16","2.00","1.81"
"17077","22-02-20 20:00","France","Ligue 1","2019/2020","Strasbourg","Amiens","1.80","3.70","4.88","1.09","8.00","1.41","3.00","2.35","1.66","4.48","1.22","9.20","1.07","2.10","1.74"
"17078","22-02-20 17:30","France","Ligue 1","2019/2020","Marseille","Nantes","1.77","3.64","5.15","1.08","8.50","1.43","2.93","2.32","1.64","4.50","1.22","9.30","1.07","2.00","1.81"
"17079","21-02-20 20:45","France","Ligue 1","2019/2020","Metz","Lyon","4.80","3.70","1.81","1.08","8.50","1.38","3.19","2.20","1.75","4.24","1.24","8.00","1.09","1.91","1.89"
"17080","21-02-20 19:00","France","Ligue 1","2019/2020","Nice","Brest","1.94","3.94","3.80","1.02","16.00","1.21","4.60","1.69","2.23","2.70","1.49","5.15","1.18","1.61","2.31"
"17081","16-02-20 21:00","France","Ligue 1","2019/2020","Lille","Marseille","2.13","3.12","4.16","1.11","6.90","1.50","2.66","2.52","1.55","5.15","1.18","10.00","1.06","2.12","1.72"
"17082","16-02-20 17:00","France","Ligue 1","2019/2020","Brest","St Etienne","2.69","3.28","2.82","1.06","9.50","1.30","3.62","2.10","1.82","3.58","1.31","7.10","1.11","1.73","2.10"
"17083","16-02-20 17:00","France","Ligue 1","2019/2020","Reims","Rennes","2.78","2.88","3.09","1.15","5.85","1.63","2.34","3.06","1.40","6.70","1.12","14.00","1.03","2.29","1.62"
"17084","16-02-20 15:00","France","Ligue 1","2019/2020","Lyon","Strasbourg","1.66","3.84","5.90","1.06","9.50","1.30","3.62","2.00","1.90","3.58","1.31","7.10","1.11","1.87","1.94"
"17085","15-02-20 20:00","France","Ligue 1","2019/2020","Bordeaux","Dijon","1.80","3.70","4.88","1.09","8.00","1.41","3.00","2.35","1.66","4.14","1.25","8.40","1.09","2.10","1.74"
"17086","15-02-20 20:00","France","Ligue 1","2019/2020","Nantes","Metz","1.81","3.32","5.65","1.10","7.70","1.43","2.92","2.34","1.63","4.96","1.19","10.00","1.06","2.14","1.71"
"17087","15-02-20 20:00","France","Ligue 1","2019/2020","Nimes","Angers","2.82","3.32","2.66","1.06","9.60","1.33","3.44","2.18","1.76","3.84","1.28","8.00","1.09","1.83","1.97"
"17088","15-02-20 20:00","France","Ligue 1","2019/2020","Toulouse","Nice","2.35","3.58","3.07","1.03","13.00","1.26","4.00","1.90","2.00","3.06","1.40","6.00","1.14","1.70","2.15"
"17089","15-02-20 17:30","France","Ligue 1","2019/2020","Amiens","PSG","7.30","4.84","1.45","1.02","17.00","1.18","5.25","1.56","2.50","2.36","1.62","4.24","1.24","1.61","2.31"
"17090","14-02-20 20:45","France","Ligue 1","2019/2020","Monaco","Montpellier","1.79","4.02","4.46","1.05","11.50","1.25","4.20","1.81","2.11","2.92","1.43","5.55","1.16","1.75","2.08"
"17091","09-02-20 21:00","France","Ligue 1","2019/2020","PSG","Lyon","1.34","5.85","8.70","1.02","15.00","1.12","6.80","1.31","3.58","1.90","2.01","2.92","1.43","1.52","2.54"
"17092","09-02-20 17:00","France","Ligue 1","2019/2020","Strasbourg","Reims","2.06","3.01","4.70","1.13","6.45","1.54","2.55","2.66","1.50","5.55","1.16","11.00","1.05","2.17","1.69"
"17093","09-02-20 15:00","France","Ligue 1","2019/2020","Montpellier","St Etienne","2.07","3.32","4.04","1.10","7.40","1.46","2.79","2.42","1.59","4.50","1.22","9.30","1.07","2.00","1.81"
"17094","08-02-20 20:00","France","Ligue 1","2019/2020","Amiens","Monaco","3.40","3.68","2.14","1.06","10.50","1.31","3.58","2.03","1.88","3.52","1.32","7.10","1.11","1.79","2.03"
"17095","08-02-20 20:00","France","Ligue 1","2019/2020","Dijon","Nantes","2.49","3.30","3.05","1.09","8.40","1.43","2.89","2.34","1.67","4.24","1.24","8.60","1.08","1.93","1.87"
"17096","08-02-20 20:00","France","Ligue 1","2019/2020","Metz","Bordeaux","3.01","3.06","2.69","1.12","6.80","1.56","2.50","2.73","1.48","5.55","1.16","12.50","1.04","2.19","1.68"
"17097","08-02-20 20:00","France","Ligue 1","2019/2020","Nice","Nimes","1.87","3.84","4.22","1.05","11.50","1.30","3.68","1.90","2.01","3.26","1.36","6.70","1.12","1.79","2.03"
"17098","08-02-20 20:00","France","Ligue 1","2019/2020","Rennes","Brest","1.54","4.12","7.10","1.05","11.50","1.25","4.20","1.81","2.11","2.92","1.43","5.55","1.16","1.85","1.95"
"17099","08-02-20 17:30","France","Ligue 1","2019/2020","Marseille","Toulouse","1.37","5.05","9.40","1.05","11.50","1.27","3.94","1.81","2.11","3.10","1.39","5.55","1.16","2.04","1.78"
"17100","07-02-20 20:45","France","Ligue 1","2019/2020","Angers","Lille","2.87","3.18","2.72","1.10","7.30","1.47","2.76","2.55","1.54","5.15","1.18","10.00","1.06","2.02","1.79"
"17101","05-02-20 21:00","France","Ligue 1","2019/2020","St Etienne","Marseille","2.88","3.30","2.63","1.09","8.40","1.38","3.16","2.34","1.67","4.24","1.24","8.60","1.08","1.93","1.87"
"17102","05-02-20 19:00","France","Ligue 1","2019/2020","Brest","Bordeaux","2.80","3.30","2.69","1.07","9.40","1.31","3.58","2.13","1.80","3.58","1.31","7.10","1.11","1.79","2.03"
"17103","05-02-20 19:00","France","Ligue 1","2019/2020","Lyon","Amiens","1.43","4.84","8.10","1.05","11.50","1.25","4.20","1.81","2.11","2.92","1.43","5.55","1.16","1.93","1.87"
"17104","05-02-20 19:00","France","Ligue 1","2019/2020","Montpellier","Metz","1.66","3.58","6.65","1.10","7.30","1.43","2.89","2.36","1.62","4.50","1.22","9.30","1.07","2.26","1.64"
"17105","05-02-20 19:00","France","Ligue 1","2019/2020","Nimes","Dijon","2.23","3.34","3.54","1.07","9.40","1.38","3.16","2.23","1.73","4.24","1.24","8.60","1.08","1.93","1.87"
"17106","05-02-20 19:00","France","Ligue 1","2019/2020","Reims","Nice","1.89","3.50","4.64","1.10","7.30","1.43","2.89","2.36","1.62","4.50","1.22","9.30","1.07","2.10","1.74"
"17107","05-02-20 19:00","France","Ligue 1","2019/2020","Toulouse","Strasbourg","3.80","3.26","2.17","1.07","9.40","1.34","3.36","2.13","1.80","3.92","1.27","8.00","1.09","1.85","1.95"
"17108","04-02-20 21:05","France","Ligue 1","2019/2020","Nantes","PSG","10.50","5.95","1.30","1.02","17.00","1.18","5.25","1.51","2.63","2.26","1.67","3.92","1.27","1.85","1.95"
"17109","04-02-20 19:00","France","Ligue 1","2019/2020","Lille","Rennes","1.99","3.36","4.28","1.09","8.00","1.41","3.00","2.35","1.66","4.14","1.25","8.40","1.09","1.98","1.83"
"17110","04-02-20 19:00","France","Ligue 1","2019/2020","Monaco","Angers","1.61","4.10","5.90","1.03","13.50","1.22","4.56","1.70","2.21","2.73","1.48","5.15","1.18","1.71","2.14"
"17111","02-02-20 21:00","France","Ligue 1","2019/2020","Bordeaux","Marseille","3.92","3.17","2.17","1.10","7.30","1.47","2.76","2.45","1.58","5.15","1.18","10.00","1.06","1.96","1.84"
"17112","02-02-20 17:00","France","Ligue 1","2019/2020","Metz","St Etienne","3.20","3.00","2.59","1.12","6.80","1.47","2.76","2.55","1.54","5.15","1.18","10.00","1.06","1.96","1.84"
"17113","02-02-20 15:00","France","Ligue 1","2019/2020","Nice","Lyon","3.86","3.62","2.01","1.03","13.50","1.22","4.56","1.70","2.21","2.73","1.48","5.15","1.18","1.62","2.30"
"17114","01-02-20 20:00","France","Ligue 1","2019/2020","Amiens","Toulouse","2.04","3.36","4.08","1.09","8.00","1.41","3.00","2.35","1.66","4.14","1.25","9.20","1.07","1.98","1.83"
"17115","01-02-20 20:00","France","Ligue 1","2019/2020","Angers","Reims","1.96","3.18","4.86","1.14","6.00","1.61","2.38","2.86","1.45","6.00","1.14","12.50","1.04","2.42","1.56"
"17116","01-02-20 20:00","France","Ligue 1","2019/2020","Dijon","Brest","2.09","3.46","3.80","1.05","11.50","1.25","4.20","1.81","2.11","2.92","1.43","5.55","1.16","1.67","2.20"
"17117","01-02-20 20:00","France","Ligue 1","2019/2020","Nimes","Monaco","4.32","4.10","1.80","1.02","16.00","1.20","4.78","1.63","2.34","2.52","1.55","4.50","1.22","1.58","2.38"
"17118","01-02-20 20:00","France","Ligue 1","2019/2020","Strasbourg","Lille","2.65","3.06","3.06","1.10","7.30","1.47","2.76","2.55","1.54","5.15","1.18","10.00","1.06","2.00","1.81"
"17119","01-02-20 17:30","France","Ligue 1","2019/2020","PSG","Montpellier","1.14","9.20","23.00","1.02","15.00","1.09","8.30","1.30","3.64","1.84","2.08","2.77","1.47","2.11","1.73"
"17120","31-01-20 20:45","France","Ligue 1","2019/2020","Rennes","Nantes","1.96","3.38","4.44","1.11","7.00","1.51","2.63","2.57","1.54","5.40","1.17","11.00","1.05","2.24","1.65"
"17121","26-01-20 21:00","France","Ligue 1","2019/2020","Lille","PSG","7.80","4.86","1.43","1.02","17.00","1.22","4.50","1.61","2.38","2.57","1.54","4.48","1.22","1.62","2.30"
"17122","26-01-20 17:00","France","Ligue 1","2019/2020","Nantes","Bordeaux","2.17","3.32","3.68","1.11","7.00","1.51","2.63","2.57","1.54","5.40","1.17","11.00","1.05","1.97","1.84"
"17123","26-01-20 15:00","France","Ligue 1","2019/2020","Lyon","Toulouse","1.24","6.60","13.00","1.02","13.00","1.14","6.00","1.41","3.00","2.13","1.80","3.42","1.34","1.90","1.90"
"17124","25-01-20 20:00","France","Ligue 1","2019/2020","Brest","Amiens","2.06","3.70","3.60","1.05","11.00","1.29","3.74","1.99","1.91","3.42","1.34","6.50","1.13","1.78","2.04"
"17125","25-01-20 20:00","France","Ligue 1","2019/2020","Monaco","Strasbourg","1.62","4.10","5.90","1.03","13.00","1.23","4.32","1.82","2.10","2.86","1.45","5.40","1.17","1.78","2.04"
"17126","25-01-20 20:00","France","Ligue 1","2019/2020","Montpellier","Dijon","1.65","3.90","5.90","1.08","9.00","1.34","3.40","2.13","1.80","3.78","1.29","7.50","1.10","2.04","1.78"
"17127","25-01-20 20:00","France","Ligue 1","2019/2020","Reims","Metz","2.00","3.07","4.86","1.16","5.50","1.75","2.20","3.24","1.37","7.00","1.11","14.00","1.03","2.68","1.47"
"17128","25-01-20 20:00","France","Ligue 1","2019/2020","St Etienne","Nimes","1.74","3.68","5.35","1.08","9.00","1.37","3.20","2.24","1.73","3.78","1.29","7.50","1.10","2.04","1.78"
"17129","25-01-20 17:30","France","Ligue 1","2019/2020","Marseille","Angers","2.02","3.40","4.14","1.08","9.00","1.37","3.20","2.24","1.73","4.14","1.25","8.40","1.09","1.98","1.83"
"17130","24-01-20 20:45","France","Ligue 1","2019/2020","Nice","Rennes","2.99","3.20","2.60","1.08","9.00","1.37","3.20","2.35","1.66","4.14","1.25","8.40","1.09","1.74","2.09"
"17131","15-01-20 21:00","France","Ligue 1","2019/2020","Monaco","PSG","4.86","4.86","1.61","1.02","15.00","1.11","7.00","1.34","3.40","1.90","2.00","3.06","1.40","1.40","2.95"
"17132","15-01-20 19:00","France","Ligue 1","2019/2020","Amiens","Reims","2.70","2.98","3.08","1.16","5.50","1.75","2.20","3.06","1.40","6.50","1.13","14.00","1.03","2.20","1.67"
"17133","15-01-20 19:00","France","Ligue 1","2019/2020","Nimes","Rennes","4.08","3.30","2.07","1.09","8.00","1.48","2.75","2.37","1.62","4.48","1.22","9.20","1.07","1.94","1.87"
"17134","12-01-20 21:00","France","Ligue 1","2019/2020","PSG","Monaco","1.15","9.20","17.00","1.01","17.00","1.06","10.00","1.23","4.32","1.56","2.50","2.26","1.66","1.67","2.21"
"17135","12-01-20 17:00","France","Ligue 1","2019/2020","Dijon","Lille","4.26","3.36","2.00","1.08","9.00","1.41","3.00","2.35","1.66","4.14","1.25","8.40","1.09","1.88","1.92"
"17136","12-01-20 15:00","France","Ligue 1","2019/2020","St Etienne","Nantes","2.46","3.08","3.32","1.13","6.50","1.51","2.63","2.66","1.50","5.40","1.17","11.00","1.05","2.10","1.74"
"17137","11-01-20 20:00","France","Ligue 1","2019/2020","Amiens","Montpellier","3.17","3.17","2.50","1.11","7.00","1.51","2.63","2.57","1.54","5.40","1.17","11.00","1.05","2.10","1.74"
"17138","11-01-20 20:00","France","Ligue 1","2019/2020","Angers","Nice","1.80","3.70","4.88","1.06","10.00","1.34","3.40","2.24","1.73","3.78","1.29","7.50","1.10","1.98","1.83"
"17139","11-01-20 20:00","France","Ligue 1","2019/2020","Metz","Strasbourg","2.93","3.06","2.75","1.14","6.00","1.65","2.30","3.06","1.40","6.00","1.14","12.50","1.04","2.24","1.65"
"17140","11-01-20 20:00","France","Ligue 1","2019/2020","Nimes","Reims","2.75","3.16","2.85","1.13","6.50","1.61","2.38","2.86","1.45","6.00","1.14","12.50","1.04","2.24","1.65"
"17141","11-01-20 20:00","France","Ligue 1","2019/2020","Toulouse","Brest","2.34","3.36","3.26","1.05","11.00","1.26","4.00","1.82","2.10","2.86","1.45","5.40","1.17","1.61","2.31"
"17142","11-01-20 17:30","France","Ligue 1","2019/2020","Bordeaux","Lyon","4.12","3.36","2.03","1.08","9.00","1.37","3.20","2.35","1.66","4.14","1.25","8.40","1.09","1.98","1.83"
"17143","10-01-20 20:45","France","Ligue 1","2019/2020","Rennes","Marseille","2.67","3.30","2.83","1.08","9.00","1.37","3.20","2.24","1.73","4.14","1.25","8.40","1.09","1.77","2.04"
"17144","21-12-19 20:45","France","Ligue 1","2019/2020","Dijon","Metz","2.20","3.28","3.68","1.10","7.30","1.43","2.89","2.36","1.62","4.50","1.22","9.30","1.07","2.04","1.78"
"17145","21-12-19 20:45","France","Ligue 1","2019/2020","Marseille","Nimes","1.44","5.10","7.10","1.02","15.00","1.22","4.56","1.63","2.32","2.55","1.54","4.50","1.22","1.85","1.95"
"17146","21-12-19 20:45","France","Ligue 1","2019/2020","Monaco","Lille","2.25","3.48","3.32","1.03","13.50","1.25","4.20","1.81","2.11","2.92","1.43","5.55","1.16","1.62","2.30"
"17147","21-12-19 20:45","France","Ligue 1","2019/2020","Montpellier","Brest","1.57","4.10","6.65","1.06","10.50","1.31","3.58","2.03","1.88","3.52","1.32","6.70","1.12","2.04","1.78"
"17148","21-12-19 20:45","France","Ligue 1","2019/2020","Nantes","Angers","2.16","3.19","3.90","1.10","7.30","1.47","2.76","2.55","1.54","5.15","1.18","10.00","1.06","2.10","1.74"
"17149","21-12-19 20:45","France","Ligue 1","2019/2020","Nice","Toulouse","1.88","3.90","4.10","1.03","13.50","1.25","4.20","1.81","2.11","2.92","1.43","5.55","1.16","1.71","2.14"
"17150","21-12-19 20:45","France","Ligue 1","2019/2020","PSG","Amiens","1.06","13.00","34.00","1.01","26.00","1.05","11.50","1.21","4.74","1.47","2.76","2.13","1.80","2.26","1.64"
"17151","21-12-19 20:45","France","Ligue 1","2019/2020","Reims","Lyon","2.94","3.17","2.66","1.11","7.00","1.48","2.75","2.57","1.54","4.80","1.20","9.90","1.06","2.04","1.78"
"17152","21-12-19 20:45","France","Ligue 1","2019/2020","Rennes","Bordeaux","2.00","3.48","4.10","1.09","8.40","1.38","3.16","2.34","1.67","4.24","1.24","8.60","1.08","1.98","1.82"
"17153","21-12-19 20:45","France","Ligue 1","2019/2020","Strasbourg","St Etienne","2.05","3.48","3.90","1.09","8.40","1.38","3.16","2.34","1.67","4.24","1.24","8.60","1.08","1.98","1.82"
"17154","15-12-19 21:00","France","Ligue 1","2019/2020","St Etienne","PSG","12.00","6.10","1.27","1.01","20.00","1.14","5.90","1.46","2.82","2.18","1.76","3.52","1.32","1.79","2.02"
"17155","15-12-19 17:00","France","Ligue 1","2019/2020","Lyon","Rennes","1.62","4.06","5.90","1.03","13.50","1.24","4.26","1.80","2.13","2.88","1.44","5.55","1.16","1.73","2.10"
"17156","15-12-19 15:00","France","Ligue 1","2019/2020","Bordeaux","Strasbourg","2.22","3.30","3.60","1.10","7.30","1.47","2.76","2.45","1.58","4.50","1.22","10.00","1.06","2.04","1.78"
"17157","14-12-19 20:00","France","Ligue 1","2019/2020","Amiens","Dijon","2.08","3.44","3.84","1.07","9.40","1.31","3.58","2.03","1.88","3.58","1.31","7.10","1.11","1.79","2.03"
"17158","14-12-19 20:00","France","Ligue 1","2019/2020","Angers","Monaco","3.18","3.56","2.29","1.03","13.50","1.22","4.56","1.70","2.21","2.73","1.48","5.10","1.18","1.62","2.30"
"17159","14-12-19 20:00","France","Ligue 1","2019/2020","Brest","Nice","2.58","3.50","2.79","1.03","13.50","1.25","4.20","1.81","2.11","2.92","1.43","5.55","1.16","1.62","2.30"
"17160","14-12-19 20:00","France","Ligue 1","2019/2020","Nimes","Nantes","3.94","3.24","2.13","1.10","7.30","1.43","2.89","2.34","1.67","4.24","1.24","8.60","1.08","1.98","1.82"
"17161","14-12-19 20:00","France","Ligue 1","2019/2020","Toulouse","Reims","3.46","3.26","2.29","1.09","8.40","1.38","3.16","2.23","1.73","4.24","1.24","8.60","1.08","1.93","1.87"
"17162","14-12-19 17:30","France","Ligue 1","2019/2020","Metz","Marseille","4.64","3.60","1.86","1.09","8.40","1.38","3.16","2.23","1.73","3.92","1.27","8.00","1.09","1.98","1.82"
"17163","13-12-19 20:45","France","Ligue 1","2019/2020","Lille","Montpellier","1.82","3.54","5.05","1.10","7.30","1.43","2.89","2.36","1.62","4.50","1.22","9.30","1.07","2.10","1.74"
"17164","08-12-19 21:00","France","Ligue 1","2019/2020","Marseille","Bordeaux","1.60","3.98","6.45","1.05","10.50","1.30","3.70","1.96","1.94","3.52","1.32","7.10","1.11","1.96","1.85"
"17165","08-12-19 17:00","France","Ligue 1","2019/2020","Nantes","Dijon","1.59","3.88","6.90","1.06","9.60","1.33","3.44","2.09","1.83","3.84","1.28","8.00","1.09","2.02","1.79"
"17166","08-12-19 15:00","France","Ligue 1","2019/2020","Reims","St Etienne","2.19","3.16","3.86","1.11","6.95","1.49","2.69","2.66","1.50","4.96","1.19","11.00","1.05","2.08","1.75"
"17167","07-12-19 20:00","France","Ligue 1","2019/2020","Monaco","Amiens","1.42","4.96","8.10","1.02","18.00","1.17","5.35","1.49","2.69","2.30","1.65","4.12","1.25","1.66","2.23"
"17168","07-12-19 20:00","France","Ligue 1","2019/2020","Nice","Metz","1.79","3.58","5.10","1.09","8.40","1.38","3.16","2.23","1.73","3.92","1.27","8.00","1.09","1.92","1.88"
"17169","07-12-19 20:00","France","Ligue 1","2019/2020","Rennes","Angers","2.05","3.30","4.16","1.08","8.60","1.37","3.22","2.29","1.70","4.12","1.25","8.60","1.08","1.91","1.89"
"17170","07-12-19 20:00","France","Ligue 1","2019/2020","Strasbourg","Toulouse","1.70","3.90","5.35","1.06","10.50","1.29","3.76","1.86","2.05","3.20","1.37","6.70","1.12","1.77","2.04"
"17171","07-12-19 17:30","France","Ligue 1","2019/2020","Montpellier","PSG","6.85","5.10","1.45","1.02","18.00","1.17","5.35","1.54","2.55","2.30","1.65","4.12","1.25","1.68","2.19"
"17172","06-12-19 20:45","France","Ligue 1","2019/2020","Nimes","Lyon","5.65","4.14","1.63","1.05","11.50","1.26","4.02","1.86","2.05","3.20","1.37","6.05","1.14","1.83","1.97"
"17173","06-12-19 19:00","France","Ligue 1","2019/2020","Lille","Brest","1.37","5.20","9.30","1.03","13.00","1.23","4.32","1.70","2.20","2.66","1.50","4.80","1.20","1.98","1.83"
"17174","04-12-19 21:05","France","Ligue 1","2019/2020","PSG","Nantes","1.12","10.00","23.00","","","1.12","6.80","1.31","3.58","1.90","2.01","2.92","1.43","2.10","1.74"
"17175","04-12-19 19:00","France","Ligue 1","2019/2020","Dijon","Montpellier","2.91","3.04","2.79","1.10","7.30","1.43","2.89","2.45","1.58","4.50","1.22","9.30","1.07","1.98","1.82"
"17176","04-12-19 19:00","France","Ligue 1","2019/2020","Metz","Rennes","3.14","3.14","2.53","1.10","7.30","1.47","2.76","2.55","1.54","5.10","1.18","10.00","1.06","2.10","1.74"
"17177","04-12-19 19:00","France","Ligue 1","2019/2020","St Etienne","Nice","2.08","3.44","3.84","1.07","9.40","1.34","3.36","2.13","1.80","3.92","1.27","8.00","1.09","1.93","1.87"
"17178","04-12-19 19:00","France","Ligue 1","2019/2020","Toulouse","Monaco","4.36","3.72","1.87","1.02","15.00","1.21","4.74","1.59","2.42","2.45","1.58","4.50","1.22","1.58","2.38"
"17179","03-12-19 21:05","France","Ligue 1","2019/2020","Lyon","Lille","2.04","3.50","3.94","1.06","9.60","1.30","3.66","2.09","1.83","3.52","1.32","7.10","1.11","1.76","2.07"
"17180","03-12-19 19:00","France","Ligue 1","2019/2020","Angers","Marseille","3.30","3.32","2.33","1.06","9.60","1.33","3.44","2.18","1.76","3.84","1.28","8.00","1.09","1.76","2.07"
"17181","03-12-19 19:00","France","Ligue 1","2019/2020","Bordeaux","Nimes","1.95","3.30","4.66","1.08","8.60","1.37","3.22","2.18","1.76","3.84","1.28","8.00","1.09","1.84","1.97"
"17182","03-12-19 19:00","France","Ligue 1","2019/2020","Brest","Strasbourg","3.30","3.36","2.32","1.06","9.60","1.33","3.44","2.09","1.83","3.84","1.28","8.00","1.09","1.76","2.07"
"17183","01-12-19 17:00","France","Ligue 1","2019/2020","Rennes","St Etienne","1.94","3.46","4.40","1.09","8.00","1.41","3.00","2.35","1.66","4.12","1.25","8.40","1.08","1.98","1.83"
"17184","01-12-19 15:00","France","Ligue 1","2019/2020","Nantes","Toulouse","1.74","3.68","5.35","1.08","9.00","1.34","3.40","2.13","1.80","3.66","1.30","7.50","1.10","1.98","1.83"
"17185","30-11-19 20:00","France","Ligue 1","2019/2020","Lille","Dijon","1.50","4.36","7.20","1.05","11.00","1.26","4.00","1.90","2.00","3.06","1.40","5.95","1.14","2.04","1.78"
"17186","30-11-19 20:00","France","Ligue 1","2019/2020","Montpellier","Amiens","1.70","3.66","5.85","1.09","8.00","1.41","3.00","2.35","1.66","4.12","1.25","8.40","1.08","2.10","1.74"
"17187","30-11-19 20:00","France","Ligue 1","2019/2020","Nice","Angers","2.22","3.30","3.60","1.09","8.00","1.37","3.20","2.35","1.66","4.12","1.25","8.40","1.08","1.90","1.90"
"17188","30-11-19 20:00","France","Ligue 1","2019/2020","Nimes","Metz","2.10","3.36","3.88","1.11","7.00","1.48","2.75","2.47","1.57","4.80","1.20","9.90","1.06","2.10","1.74"
"17189","30-11-19 20:00","France","Ligue 1","2019/2020","Reims","Bordeaux","2.22","3.20","3.72","1.14","6.00","1.65","2.30","2.86","1.45","5.95","1.14","12.00","1.04","2.31","1.61"
"17190","30-11-19 17:30","France","Ligue 1","2019/2020","Strasbourg","Lyon","2.64","3.34","2.83","1.07","9.40","1.34","3.36","2.13","1.80","3.58","1.31","8.00","1.09","1.79","2.03"
"17191","29-11-19 20:45","France","Ligue 1","2019/2020","Marseille","Brest","1.43","4.68","8.50","1.03","13.50","1.22","4.56","1.70","2.21","2.73","1.48","5.10","1.18","1.93","1.87"
"17192","24-11-19 21:00","France","Ligue 1","2019/2020","Toulouse","Marseille","3.92","3.62","2.00","1.03","13.50","1.24","4.30","1.78","2.15","3.01","1.41","5.55","1.16","1.69","2.17"
"17193","24-11-19 17:00","France","Ligue 1","2019/2020","St Etienne","Montpellier","2.48","3.20","3.16","1.10","7.50","1.42","2.96","2.30","1.65","4.50","1.22","9.30","1.07","1.96","1.84"
"17194","24-11-19 15:00","France","Ligue 1","2019/2020","Bordeaux","Monaco","3.94","3.58","2.00","1.03","13.50","1.25","4.20","1.81","2.11","2.92","1.43","5.55","1.16","1.62","2.30"
"17195","23-11-19 20:00","France","Ligue 1","2019/2020","Amiens","Strasbourg","2.38","3.20","3.36","1.11","7.00","1.48","2.75","2.47","1.57","4.80","1.20","9.90","1.06","2.04","1.78"
"17196","23-11-19 20:00","France","Ligue 1","2019/2020","Angers","Nimes","1.76","3.70","5.25","1.06","10.50","1.31","3.58","2.03","1.88","3.52","1.32","6.70","1.12","1.85","1.95"
"17197","23-11-19 20:00","France","Ligue 1","2019/2020","Brest","Nantes","2.63","3.30","2.88","1.09","8.40","1.38","3.16","2.34","1.67","4.24","1.24","8.60","1.08","1.93","1.87"
"17198","23-11-19 20:00","France","Ligue 1","2019/2020","Dijon","Rennes","3.12","3.22","2.49","1.07","9.40","1.34","3.36","2.13","1.80","3.58","1.31","7.10","1.11","1.79","2.03"
"17199","23-11-19 20:00","France","Ligue 1","2019/2020","Metz","Reims","3.15","2.95","2.67","1.13","6.30","1.59","2.42","2.92","1.43","5.55","1.16","12.00","1.04","2.19","1.68"
"17200","23-11-19 17:30","France","Ligue 1","2019/2020","Lyon","Nice","1.57","4.10","6.65","1.03","13.00","1.23","4.32","1.70","2.20","2.66","1.50","4.80","1.20","1.74","2.10"
"17201","22-11-19 20:45","France","Ligue 1","2019/2020","PSG","Lille","1.30","5.70","11.50","1.01","20.00","1.17","5.35","1.46","2.82","2.18","1.76","3.52","1.32","1.73","2.11"
"17202","10-11-19 21:00","France","Ligue 1","2019/2020","Marseille","Lyon","2.53","3.58","2.81","1.04","12.00","1.25","4.12","1.82","2.10","3.15","1.38","6.35","1.13","1.71","2.13"
"17203","10-11-19 17:00","France","Ligue 1","2019/2020","Montpellier","Toulouse","1.81","3.62","4.92","1.06","10.00","1.34","3.40","2.13","1.80","3.66","1.30","7.00","1.11","1.90","1.90"
"17204","10-11-19 17:00","France","Ligue 1","2019/2020","Nantes","St Etienne","1.89","3.60","4.46","1.09","8.00","1.41","3.00","2.35","1.66","4.12","1.25","8.40","1.08","2.04","1.78"
"17205","10-11-19 15:00","France","Ligue 1","2019/2020","Rennes","Amiens","2.02","3.40","4.14","1.09","8.00","1.41","3.00","2.35","1.66","4.12","1.25","8.40","1.08","1.98","1.83"
"17206","09-11-19 20:00","France","Ligue 1","2019/2020","Lille","Metz","1.54","3.82","8.30","1.08","8.60","1.37","3.22","2.18","1.76","4.12","1.25","8.60","1.08","2.16","1.70"
"17207","09-11-19 20:00","France","Ligue 1","2019/2020","Monaco","Dijon","1.45","4.58","8.20","1.02","18.00","1.17","5.35","1.49","2.69","2.21","1.70","3.84","1.28","1.60","2.33"
"17208","09-11-19 20:00","France","Ligue 1","2019/2020","Reims","Angers","2.62","3.08","3.08","1.11","6.95","1.49","2.69","2.50","1.56","4.96","1.19","10.00","1.06","1.99","1.82"
"17209","09-11-19 20:00","France","Ligue 1","2019/2020","Strasbourg","Nimes","1.75","3.70","5.30","1.06","9.60","1.37","3.22","2.18","1.76","3.84","1.28","8.00","1.09","1.91","1.89"
"17210","09-11-19 17:30","France","Ligue 1","2019/2020","Brest","PSG","13.50","6.80","1.23","1.01","18.00","1.19","4.88","1.49","2.72","2.28","1.66","3.84","1.28","1.97","1.83"
"17211","08-11-19 20:45","France","Ligue 1","2019/2020","Nice","Bordeaux","2.35","3.16","3.46","1.10","7.40","1.43","2.93","2.32","1.64","4.50","1.22","9.30","1.07","1.97","1.83"
"17212","03-11-19 21:00","France","Ligue 1","2019/2020","St Etienne","Monaco","3.07","3.58","2.35","1.05","11.50","1.23","4.34","1.77","2.17","3.01","1.41","5.55","1.16","1.60","2.33"
"17213","03-11-19 17:00","France","Ligue 1","2019/2020","Nice","Reims","2.75","3.16","2.85","1.10","7.50","1.46","2.82","2.50","1.56","4.96","1.19","10.00","1.06","1.94","1.86"
"17214","03-11-19 15:00","France","Ligue 1","2019/2020","Bordeaux","Nantes","2.50","3.07","3.26","1.13","6.35","1.58","2.45","2.70","1.49","5.55","1.16","11.00","1.05","2.18","1.68"
"17215","02-11-19 20:00","France","Ligue 1","2019/2020","Amiens","Brest","1.65","3.82","6.10","1.06","10.00","1.32","3.50","2.13","1.80","3.42","1.33","7.00","1.11","1.98","1.83"
"17216","02-11-19 20:00","France","Ligue 1","2019/2020","Angers","Strasbourg","2.06","3.19","4.32","1.11","7.00","1.48","2.75","2.47","1.57","4.80","1.20","9.90","1.06","2.04","1.78"
"17217","02-11-19 20:00","France","Ligue 1","2019/2020","Metz","Montpellier","3.34","3.09","2.45","1.13","6.50","1.61","2.38","2.86","1.45","5.95","1.14","12.00","1.04","2.24","1.65"
"17218","02-11-19 20:00","France","Ligue 1","2019/2020","Toulouse","Lyon","5.15","3.92","1.72","1.02","16.00","1.20","4.84","1.62","2.37","2.50","1.56","4.50","1.22","1.60","2.33"
"17219","02-11-19 17:30","France","Ligue 1","2019/2020","Marseille","Lille","2.04","3.36","4.08","1.08","8.60","1.42","2.96","2.29","1.70","4.12","1.25","8.60","1.08","1.96","1.84"
"17220","01-11-19 20:45","France","Ligue 1","2019/2020","Dijon","PSG","12.00","6.80","1.24","","","1.13","6.45","1.37","3.22","1.98","1.92","3.20","1.37","1.77","2.05"
"17221","27-10-19 21:00","France","Ligue 1","2019/2020","PSG","Marseille","1.20","7.60","15.00","1.01","27.00","1.11","6.95","1.30","3.66","1.86","2.05","2.66","1.50","1.77","2.05"
"17222","27-10-19 17:00","France","Ligue 1","2019/2020","St Etienne","Amiens","2.30","3.32","3.38","1.08","9.00","1.41","3.00","2.35","1.66","4.12","1.25","9.20","1.07","1.98","1.83"
"17223","27-10-19 15:00","France","Ligue 1","2019/2020","Rennes","Toulouse","1.83","3.46","5.05","1.05","11.00","1.26","4.00","1.90","2.00","3.06","1.40","5.95","1.14","1.74","2.10"
"17224","26-10-19 20:00","France","Ligue 1","2019/2020","Brest","Dijon","2.36","3.28","3.28","1.06","10.00","1.32","3.50","2.13","1.80","3.66","1.30","7.00","1.11","1.78","2.04"
"17225","26-10-19 20:00","France","Ligue 1","2019/2020","Lyon","Metz","1.40","4.80","9.40","1.03","14.00","1.25","4.12","1.70","2.20","2.81","1.46","5.55","1.16","1.89","1.91"
"17226","26-10-19 20:00","France","Ligue 1","2019/2020","Montpellier","Angers","2.25","3.17","3.68","1.11","7.00","1.48","2.75","2.47","1.57","4.80","1.20","9.90","1.06","2.04","1.78"
"17227","26-10-19 20:00","France","Ligue 1","2019/2020","Reims","Nimes","1.71","3.72","5.65","1.08","9.00","1.37","3.20","2.35","1.66","4.12","1.25","8.40","1.08","2.10","1.74"
"17228","26-10-19 20:00","France","Ligue 1","2019/2020","Strasbourg","Nice","2.02","3.48","4.00","1.08","8.70","1.35","3.30","2.14","1.79","4.12","1.25","8.60","1.08","1.95","1.86"
"17229","26-10-19 17:30","France","Ligue 1","2019/2020","Lille","Bordeaux","1.87","3.68","4.42","1.09","8.00","1.41","3.00","2.35","1.66","4.46","1.22","9.20","1.07","2.04","1.78"
"17230","25-10-19 20:45","France","Ligue 1","2019/2020","Nantes","Monaco","3.19","3.38","2.37","1.05","10.50","1.29","3.80","1.96","1.94","3.15","1.38","6.35","1.13","1.65","2.24"
"17231","20-10-19 21:00","France","Ligue 1","2019/2020","Marseille","Strasbourg","1.77","3.60","5.30","1.06","9.60","1.33","3.44","2.18","1.76","3.84","1.28","8.00","1.09","1.88","1.92"
"17232","20-10-19 17:00","France","Ligue 1","2019/2020","Monaco","Rennes","1.67","4.06","5.30","1.03","13.00","1.23","4.32","1.82","2.10","2.86","1.45","5.40","1.17","1.74","2.10"
"17233","20-10-19 15:00","France","Ligue 1","2019/2020","Bordeaux","St Etienne","2.53","3.20","3.10","1.09","8.00","1.41","3.00","2.37","1.62","4.46","1.22","9.20","1.07","1.98","1.83"
"17234","19-10-19 20:00","France","Ligue 1","2019/2020","Angers","Brest","1.61","3.82","6.70","1.06","10.50","1.29","3.76","1.86","2.05","3.20","1.37","6.05","1.14","1.76","2.07"
"17235","19-10-19 20:00","France","Ligue 1","2019/2020","Metz","Nantes","2.56","3.07","3.18","1.11","7.00","1.48","2.75","2.47","1.57","4.80","1.20","9.90","1.06","2.04","1.78"
"17236","19-10-19 20:00","France","Ligue 1","2019/2020","Nimes","Amiens","2.25","3.48","3.32","1.06","9.60","1.33","3.44","2.09","1.83","3.84","1.28","8.00","1.09","1.76","2.07"
"17237","19-10-19 20:00","France","Ligue 1","2019/2020","Reims","Montpellier","2.30","2.94","3.88","1.13","6.45","1.54","2.55","2.66","1.50","5.55","1.16","11.00","1.05","2.08","1.75"
"17238","19-10-19 20:00","France","Ligue 1","2019/2020","Toulouse","Lille","3.36","3.36","2.29","1.08","9.00","1.34","3.40","2.13","1.80","3.78","1.29","7.50","1.10","1.83","1.98"
"17239","19-10-19 17:30","France","Ligue 1","2019/2020","Lyon","Dijon","1.39","5.10","8.60","1.03","15.00","1.22","4.50","1.65","2.30","2.66","1.50","4.80","1.20","1.98","1.83"
"17240","18-10-19 20:45","France","Ligue 1","2019/2020","Nice","PSG","9.60","5.10","1.37","1.03","14.00","1.20","4.76","1.59","2.42","2.61","1.52","4.96","1.19","1.89","1.91"
"17241","06-10-19 21:00","France","Ligue 1","2019/2020","St Etienne","Lyon","4.10","3.72","1.93","1.05","11.50","1.29","3.76","1.98","1.92","3.44","1.33","6.70","1.12","1.77","2.05"
"17242","06-10-19 17:00","France","Ligue 1","2019/2020","Rennes","Reims","2.35","3.16","3.46","1.10","7.50","1.46","2.82","2.40","1.60","4.96","1.19","10.00","1.06","2.02","1.79"
"17243","06-10-19 15:00","France","Ligue 1","2019/2020","Lille","Nimes","1.61","3.84","6.65","1.05","11.00","1.26","4.00","1.90","2.00","3.06","1.40","5.95","1.14","1.83","1.98"
"17244","05-10-19 20:00","France","Ligue 1","2019/2020","Brest","Metz","2.66","3.26","2.86","1.09","8.00","1.41","3.00","2.35","1.66","4.12","1.25","9.20","1.07","1.90","1.90"
"17245","05-10-19 20:00","France","Ligue 1","2019/2020","Dijon","Strasbourg","3.10","3.10","2.59","1.12","6.80","1.51","2.63","2.55","1.54","5.10","1.18","10.00","1.06","2.04","1.78"
"17246","05-10-19 20:00","France","Ligue 1","2019/2020","Montpellier","Monaco","3.22","3.42","2.34","1.05","11.50","1.24","4.30","1.78","2.15","2.84","1.45","5.55","1.16","1.60","2.33"
"17247","05-10-19 20:00","France","Ligue 1","2019/2020","Nantes","Nice","2.12","3.42","3.72","1.08","8.60","1.37","3.22","2.18","1.76","4.12","1.25","8.60","1.08","1.91","1.89"
"17248","05-10-19 20:00","France","Ligue 1","2019/2020","Toulouse","Bordeaux","2.41","3.15","3.34","1.08","9.00","1.34","3.40","2.24","1.73","3.78","1.29","8.40","1.08","1.83","1.98"
"17249","05-10-19 17:30","France","Ligue 1","2019/2020","PSG","Angers","1.22","7.20","13.50","1.01","19.00","1.14","6.00","1.48","2.75","2.24","1.73","3.66","1.30","2.10","1.74"
"17250","04-10-19 20:45","France","Ligue 1","2019/2020","Amiens","Marseille","3.16","3.46","2.35","1.06","10.00","1.32","3.50","2.13","1.80","3.42","1.33","7.00","1.11","1.78","2.04"
"17251","29-09-19 21:00","France","Ligue 1","2019/2020","Marseille","Rennes","2.03","3.64","3.80","1.06","9.50","1.34","3.40","2.10","1.82","3.92","1.27","8.00","1.09","1.92","1.88"
"17252","29-09-19 17:00","France","Ligue 1","2019/2020","Nimes","St Etienne","2.60","3.26","2.95","1.06","10.00","1.29","3.74","1.99","1.91","3.42","1.33","6.50","1.13","1.74","2.10"
"17253","29-09-19 15:00","France","Ligue 1","2019/2020","Strasbourg","Montpellier","2.31","3.28","3.38","1.11","7.00","1.56","2.50","2.66","1.50","5.40","1.17","11.00","1.05","2.15","1.70"
"17254","28-09-19 20:00","France","Ligue 1","2019/2020","Angers","Amiens","1.70","3.56","6.10","1.10","7.50","1.37","3.22","2.18","1.76","4.12","1.25","8.60","1.08","2.02","1.79"
"17255","28-09-19 20:00","France","Ligue 1","2019/2020","Metz","Toulouse","2.13","3.30","3.86","1.08","8.50","1.38","3.19","2.20","1.75","3.92","1.27","8.60","1.08","1.92","1.88"
"17256","28-09-19 20:00","France","Ligue 1","2019/2020","Monaco","Brest","1.41","4.54","9.60","1.02","16.00","1.17","5.35","1.54","2.55","2.21","1.70","3.84","1.28","1.69","2.17"
"17257","28-09-19 20:00","France","Ligue 1","2019/2020","Nice","Lille","3.14","3.24","2.48","1.08","9.00","1.34","3.40","2.24","1.73","3.78","1.29","7.50","1.10","1.83","1.98"
"17258","28-09-19 20:00","France","Ligue 1","2019/2020","Reims","Dijon","1.75","3.44","5.80","1.11","7.00","1.41","3.00","2.37","1.62","4.46","1.22","9.20","1.07","2.15","1.70"
"17259","28-09-19 17:30","France","Ligue 1","2019/2020","Bordeaux","PSG","7.80","5.25","1.40","1.02","16.00","1.21","4.66","1.57","2.47","2.66","1.50","4.50","1.22","1.77","2.05"
"17260","28-09-19 13:30","France","Ligue 1","2019/2020","Lyon","Nantes","1.55","3.92","7.70","1.03","13.50","1.21","4.66","1.67","2.26","2.66","1.50","4.96","1.19","1.67","2.21"
"17261","25-09-19 21:00","France","Ligue 1","2019/2020","PSG","Reims","1.31","5.70","10.50","1.02","16.00","1.20","4.84","1.57","2.47","2.40","1.60","4.12","1.25","1.91","1.89"
"17262","25-09-19 19:00","France","Ligue 1","2019/2020","Amiens","Bordeaux","2.82","3.05","2.88","1.11","6.95","1.46","2.82","2.50","1.56","4.96","1.19","10.00","1.06","1.96","1.84"
"17263","25-09-19 19:00","France","Ligue 1","2019/2020","Brest","Lyon","5.05","3.86","1.74","1.02","16.00","1.20","4.84","1.57","2.47","2.40","1.60","4.50","1.22","1.54","2.48"
"17264","25-09-19 19:00","France","Ligue 1","2019/2020","Lille","Strasbourg","1.73","3.56","5.80","1.08","8.60","1.37","3.22","2.18","1.76","3.84","1.28","8.00","1.09","1.92","1.88"
"17265","25-09-19 19:00","France","Ligue 1","2019/2020","Montpellier","Nimes","1.96","3.50","4.24","1.06","9.60","1.33","3.44","2.18","1.76","3.84","1.28","8.00","1.09","1.85","1.95"
"17266","25-09-19 19:00","France","Ligue 1","2019/2020","Nantes","Rennes","2.56","3.18","3.07","1.11","7.00","1.51","2.63","2.57","1.53","4.80","1.20","11.00","1.05","2.10","1.74"
"17267","25-09-19 19:00","France","Ligue 1","2019/2020","St Etienne","Metz","1.89","3.40","4.78","1.06","10.50","1.26","4.02","1.86","2.05","3.20","1.37","6.05","1.14","1.68","2.19"
"17268","25-09-19 19:00","France","Ligue 1","2019/2020","Toulouse","Angers","2.68","3.16","2.93","1.08","9.00","1.37","3.20","2.24","1.73","4.12","1.25","8.40","1.08","1.83","1.98"
"17269","24-09-19 21:00","France","Ligue 1","2019/2020","Monaco","Nice","1.86","3.60","4.64","1.03","13.50","1.21","4.66","1.67","2.26","2.66","1.50","4.96","1.19","1.61","2.31"
"17270","24-09-19 19:00","France","Ligue 1","2019/2020","Dijon","Marseille","3.90","3.60","2.01","1.06","10.50","1.30","3.66","1.98","1.92","3.52","1.32","7.10","1.11","1.73","2.10"
"17271","22-09-19 21:00","France","Ligue 1","2019/2020","Lyon","PSG","3.76","4.34","1.87","1.01","20.00","1.17","5.40","1.49","2.72","2.28","1.66","3.84","1.28","1.48","2.66"
"17272","22-09-19 17:00","France","Ligue 1","2019/2020","Angers","St Etienne","2.07","3.40","3.92","1.06","10.00","1.29","3.74","1.99","1.91","3.42","1.33","6.50","1.13","1.78","2.04"
"17273","22-09-19 15:00","France","Ligue 1","2019/2020","Rennes","Lille","3.01","3.11","2.65","1.09","8.00","1.37","3.20","2.35","1.66","4.12","1.25","8.40","1.08","1.83","1.98"
"17274","21-09-19 20:00","France","Ligue 1","2019/2020","Bordeaux","Brest","1.72","3.58","5.85","1.08","8.60","1.37","3.22","2.18","1.76","3.84","1.28","8.00","1.09","1.96","1.84"
"17275","21-09-19 20:00","France","Ligue 1","2019/2020","Metz","Amiens","2.20","3.17","3.84","1.11","7.00","1.51","2.63","2.66","1.50","5.40","1.17","11.00","1.05","2.15","1.70"
"17276","21-09-19 20:00","France","Ligue 1","2019/2020","Nice","Dijon","1.76","3.40","5.90","1.06","9.60","1.30","3.66","2.09","1.83","3.52","1.32","7.10","1.11","1.84","1.97"
"17277","21-09-19 20:00","France","Ligue 1","2019/2020","Nimes","Toulouse","2.04","3.56","3.82","1.03","13.50","1.21","4.66","1.67","2.26","2.66","1.50","4.96","1.19","1.56","2.43"
"17278","21-09-19 20:00","France","Ligue 1","2019/2020","Reims","Monaco","2.73","3.34","2.73","1.06","9.60","1.33","3.44","2.09","1.83","3.52","1.32","7.10","1.11","1.71","2.13"
"17279","21-09-19 17:30","France","Ligue 1","2019/2020","Marseille","Montpellier","2.04","3.26","4.28","1.09","8.00","1.41","3.00","2.35","1.66","4.46","1.22","9.20","1.07","1.98","1.83"
"17280","20-09-19 20:45","France","Ligue 1","2019/2020","Strasbourg","Nantes","2.22","3.10","3.86","1.12","6.80","1.47","2.76","2.55","1.54","5.10","1.18","10.00","1.06","2.04","1.78"
"17281","15-09-19 21:00","France","Ligue 1","2019/2020","Monaco","Marseille","2.10","3.70","3.62","1.03","8.30","1.27","3.62","1.86","2.05","2.90","1.39","4.84","1.14","1.73","2.22"
"17282","15-09-19 17:00","France","Ligue 1","2019/2020","St Etienne","Toulouse","1.65","4.08","5.60","1.03","13.00","1.22","4.50","1.70","2.20","2.66","1.50","4.80","1.20","1.70","2.15"
"17283","15-09-19 15:00","France","Ligue 1","2019/2020","Nantes","Reims","2.20","3.17","3.84","1.11","7.00","1.51","2.63","2.66","1.50","5.40","1.17","11.00","1.05","2.15","1.70"
"17284","14-09-19 20:00","France","Ligue 1","2019/2020","Bordeaux","Metz","1.79","3.36","5.70","1.11","7.10","1.52","2.61","2.61","1.52","5.55","1.16","11.00","1.05","2.21","1.67"
"17285","14-09-19 20:00","France","Ligue 1","2019/2020","Brest","Rennes","3.18","3.28","2.43","1.08","9.00","1.34","3.40","2.24","1.73","3.78","1.29","7.50","1.10","1.83","1.98"
"17286","14-09-19 20:00","France","Ligue 1","2019/2020","Dijon","Nimes","2.88","3.38","2.57","1.05","11.00","1.32","3.50","1.99","1.91","3.42","1.33","7.00","1.11","1.78","2.04"
"17287","14-09-19 20:00","France","Ligue 1","2019/2020","Montpellier","Nice","1.94","3.46","4.40","1.08","9.00","1.37","3.20","2.35","1.66","4.12","1.25","8.40","1.08","1.98","1.83"
"17288","14-09-19 17:30","France","Ligue 1","2019/2020","PSG","Strasbourg","1.21","7.30","14.50","","","1.11","6.95","1.37","3.22","1.98","1.92","3.01","1.41","1.96","1.84"
"17289","13-09-19 20:45","France","Ligue 1","2019/2020","Amiens","Lyon","4.26","3.56","1.94","1.05","11.50","1.26","4.02","1.86","2.05","3.20","1.37","6.05","1.14","1.67","2.21"
"17290","13-09-19 19:00","France","Ligue 1","2019/2020","Lille","Angers","2.00","3.48","4.10","1.06","9.60","1.33","3.44","2.09","1.83","3.84","1.28","8.00","1.09","1.84","1.97"
"17291","01-09-19 21:00","France","Ligue 1","2019/2020","Marseille","St Etienne","1.77","3.80","4.90","1.05","11.00","1.32","3.50","1.99","1.91","3.42","1.33","7.00","1.11","1.83","1.98"
"17292","01-09-19 17:00","France","Ligue 1","2019/2020","Strasbourg","Monaco","2.70","3.26","2.81","1.07","9.40","1.31","3.58","2.13","1.80","3.58","1.31","7.10","1.11","1.75","2.08"
"17293","01-09-19 15:00","France","Ligue 1","2019/2020","Reims","Lille","3.06","2.93","2.75","1.12","6.80","1.51","2.63","2.55","1.54","5.10","1.18","10.00","1.06","2.04","1.78"
"17294","01-09-19 15:00","France","Ligue 1","2019/2020","Rennes","Nice","1.76","3.60","5.40","1.06","9.50","1.30","3.62","2.00","1.90","3.58","1.31","7.10","1.11","1.85","1.95"
"17295","31-08-19 20:00","France","Ligue 1","2019/2020","Angers","Dijon","1.67","3.88","5.70","1.08","9.00","1.34","3.40","2.24","1.73","3.78","1.29","7.50","1.10","2.04","1.78"
"17296","31-08-19 20:00","France","Ligue 1","2019/2020","Nantes","Montpellier","2.53","3.14","3.14","1.10","7.50","1.42","2.96","2.40","1.60","4.50","1.22","9.30","1.07","1.96","1.84"
"17297","31-08-19 20:00","France","Ligue 1","2019/2020","Nimes","Brest","2.14","3.30","3.82","1.06","10.00","1.32","3.50","2.13","1.80","3.42","1.33","7.00","1.11","1.83","1.98"
"17298","31-08-19 20:00","France","Ligue 1","2019/2020","Toulouse","Amiens","2.35","3.07","3.58","1.09","8.00","1.37","3.20","2.24","1.73","3.78","1.29","8.40","1.08","1.83","1.98"
"17299","31-08-19 17:30","France","Ligue 1","2019/2020","Lyon","Bordeaux","1.54","4.30","6.65","1.05","11.00","1.26","4.00","1.90","2.00","3.06","1.40","5.95","1.14","1.83","1.98"
"17300","30-08-19 20:45","France","Ligue 1","2019/2020","Metz","PSG","6.70","4.60","1.50","1.03","13.50","1.24","4.30","1.67","2.26","2.84","1.45","4.96","1.19","1.75","2.08"
"17301","28-08-19 21:00","France","Ligue 1","2019/2020","Nice","Marseille","3.64","3.28","2.21","1.10","7.50","1.46","2.82","2.40","1.60","4.96","1.19","10.00","1.06","2.00","1.81"
"17302","28-08-19 19:00","France","Ligue 1","2019/2020","Lille","St Etienne","2.00","3.48","4.06","1.05","10.50","1.29","3.80","1.96","1.94","3.15","1.38","6.35","1.13","1.69","2.17"
"17303","27-08-19 19:00","France","Ligue 1","2019/2020","Montpellier","Lyon","4.68","3.62","1.84","1.05","11.50","1.25","4.20","1.81","2.11","2.92","1.43","5.55","1.16","1.67","2.21"
"17304","25-08-19 21:00","France","Ligue 1","2019/2020","PSG","Toulouse","1.10","11.50","29.00","1.01","21.00","1.06","10.50","1.22","4.56","1.56","2.50","2.26","1.67","1.88","1.92"
"17305","25-08-19 17:00","France","Ligue 1","2019/2020","Strasbourg","Rennes","3.20","3.09","2.53","1.10","7.50","1.42","2.96","2.40","1.60","4.50","1.22","9.30","1.07","1.96","1.84"
"17306","25-08-19 15:00","France","Ligue 1","2019/2020","Monaco","Nimes","1.63","3.80","6.50","1.06","10.50","1.26","4.02","1.86","2.05","3.01","1.41","6.05","1.14","1.71","2.13"
"17307","24-08-19 20:00","France","Ligue 1","2019/2020","Amiens","Nantes","2.82","3.18","2.77","1.13","6.50","1.61","2.38","2.86","1.45","5.95","1.14","12.00","1.04","2.24","1.65"
"17308","24-08-19 20:00","France","Ligue 1","2019/2020","Angers","Metz","2.17","3.30","3.72","1.11","7.00","1.56","2.50","2.66","1.50","5.40","1.17","11.00","1.05","2.24","1.65"
"17309","24-08-19 20:00","France","Ligue 1","2019/2020","Brest","Reims","2.65","3.06","3.06","1.11","7.00","1.48","2.75","2.47","1.57","4.80","1.20","9.90","1.06","1.98","1.83"
"17310","24-08-19 20:00","France","Ligue 1","2019/2020","Dijon","Bordeaux","2.95","3.15","2.67","1.11","7.00","1.48","2.75","2.57","1.53","4.80","1.20","9.90","1.06","2.04","1.78"
"17311","18-08-19 21:00","France","Ligue 1","2019/2020","Rennes","PSG","9.00","5.30","1.36","1.01","18.00","1.17","5.40","1.49","2.72","2.28","1.66","3.84","1.28","1.69","2.17"
"17312","18-08-19 17:00","France","Ligue 1","2019/2020","Reims","Strasbourg","2.14","3.26","3.88","1.10","7.50","1.46","2.82","2.40","1.60","4.96","1.19","10.00","1.06","2.08","1.75"
"17313","18-08-19 15:00","France","Ligue 1","2019/2020","St Etienne","Brest","1.60","3.88","6.80","1.04","12.00","1.23","4.44","1.69","2.22","2.77","1.47","5.30","1.17","1.75","2.08"
"17314","17-08-19 20:00","France","Ligue 1","2019/2020","Amiens","Lille","3.34","3.15","2.41","1.11","7.00","1.48","2.75","2.57","1.53","4.80","1.20","9.90","1.06","2.04","1.78"
"17315","17-08-19 20:00","France","Ligue 1","2019/2020","Bordeaux","Montpellier","2.67","3.05","3.05","1.13","6.50","1.56","2.50","2.66","1.50","5.40","1.17","11.00","1.05","2.10","1.74"
"17316","17-08-19 20:00","France","Ligue 1","2019/2020","Metz","Monaco","3.16","3.26","2.45","1.11","7.00","1.48","2.75","2.47","1.57","4.80","1.20","9.90","1.06","2.04","1.78"
"17317","17-08-19 20:00","France","Ligue 1","2019/2020","Nimes","Nice","2.05","3.48","3.90","1.08","9.00","1.37","3.20","2.24","1.73","4.12","1.25","8.40","1.08","1.98","1.83"
"17318","17-08-19 20:00","France","Ligue 1","2019/2020","Toulouse","Dijon","1.95","3.58","4.18","1.06","10.00","1.34","3.40","2.24","1.73","3.78","1.29","7.50","1.10","1.90","1.90"
"17319","17-08-19 17:30","France","Ligue 1","2019/2020","Nantes","Marseille","2.50","3.17","3.17","1.09","8.00","1.37","3.20","2.35","1.66","4.12","1.25","8.40","1.08","1.90","1.90"
"17320","16-08-19 20:45","France","Ligue 1","2019/2020","Lyon","Angers","1.50","4.46","7.20","1.03","13.00","1.22","4.50","1.70","2.20","2.66","1.50","4.80","1.20","1.78","2.04"
"17321","11-08-19 21:00","France","Ligue 1","2019/2020","PSG","Nimes","1.08","11.00","24.00","1.01","26.00","1.07","9.40","1.25","4.20","1.59","2.42","2.36","1.62","2.10","1.74"
"17322","11-08-19 17:00","France","Ligue 1","2019/2020","Strasbourg","Metz","2.14","3.26","3.88","1.13","6.50","1.56","2.50","2.66","1.50","5.40","1.17","11.00","1.05","2.24","1.65"
"17323","11-08-19 15:00","France","Ligue 1","2019/2020","Lille","Nantes","2.25","3.20","3.64","1.10","7.60","1.42","2.99","2.28","1.66","4.36","1.23","9.30","1.07","1.96","1.85"
"17324","10-08-19 20:00","France","Ligue 1","2019/2020","Angers","Bordeaux","2.11","3.30","3.92","1.10","7.50","1.49","2.69","2.50","1.56","4.96","1.19","10.00","1.06","2.08","1.75"
"17325","10-08-19 20:00","France","Ligue 1","2019/2020","Brest","Toulouse","2.07","3.40","3.92","1.06","9.60","1.33","3.44","2.09","1.83","3.52","1.32","8.00","1.09","1.76","2.07"
"17326","10-08-19 20:00","France","Ligue 1","2019/2020","Dijon","St Etienne","3.90","3.48","2.05","1.06","9.60","1.30","3.66","1.98","1.92","3.52","1.32","7.10","1.11","1.70","2.15"
"17327","10-08-19 20:00","France","Ligue 1","2019/2020","Montpellier","Rennes","2.14","3.26","3.88","1.08","8.60","1.42","2.96","2.29","1.70","4.12","1.25","8.60","1.08","1.88","1.92"
"17328","10-08-19 20:00","France","Ligue 1","2019/2020","Nice","Amiens","2.28","3.04","3.80","1.11","6.95","1.49","2.69","2.50","1.56","4.96","1.19","10.00","1.06","2.08","1.75"
"17329","10-08-19 17:30","France","Ligue 1","2019/2020","Marseille","Reims","1.72","3.50","6.15","1.09","8.00","1.37","3.20","2.24","1.73","3.78","1.29","7.50","1.10","1.98","1.83"
"17330","09-08-19 20:45","France","Ligue 1","2019/2020","Monaco","Lyon","3.17","3.48","2.36","1.05","11.50","1.24","4.30","1.80","2.15","2.84","1.45","5.55","1.16","1.58","2.39"
"17331","24-05-19 21:05","France","Ligue 1","2018/2019","Amiens","Guingamp","1.57","4.10","6.65","1.06","10.00","1.32","3.50","1.99","1.91","3.42","1.33","6.50","1.13","1.98","1.83"
"17332","24-05-19 21:05","France","Ligue 1","2018/2019","Angers","St Etienne","2.25","3.90","3.03","1.01","20.00","1.18","5.25","1.51","2.63","2.26","1.67","3.92","1.27","1.48","2.66"
"17333","24-05-19 21:05","France","Ligue 1","2018/2019","Caen","Bordeaux","2.02","3.40","4.14","1.08","9.00","1.41","3.00","2.35","1.66","4.12","1.25","8.40","1.08","1.98","1.83"
"17334","24-05-19 21:05","France","Ligue 1","2018/2019","Dijon","Toulouse","1.45","5.20","6.75","1.01","21.00","1.16","5.50","1.48","2.75","2.26","1.66","3.78","1.29","1.65","2.24"
"17335","24-05-19 21:05","France","Ligue 1","2018/2019","Marseille","Montpellier","1.84","4.10","4.10","1.02","17.00","1.19","5.00","1.61","2.38","2.47","1.57","4.46","1.22","1.56","2.42"
"17336","24-05-19 21:05","France","Ligue 1","2018/2019","Nantes","Strasbourg","1.99","3.68","3.88","1.02","17.00","1.19","5.00","1.61","2.38","2.47","1.57","4.46","1.22","1.56","2.42"
"17337","24-05-19 21:05","France","Ligue 1","2018/2019","Nice","Monaco","3.92","3.36","2.08","1.06","10.50","1.26","4.02","1.86","2.05","3.20","1.37","6.05","1.14","1.67","2.21"
"17338","24-05-19 21:05","France","Ligue 1","2018/2019","Nimes","Lyon","4.28","4.30","1.77","1.01","17.00","1.06","9.60","1.24","4.30","1.57","2.47","2.30","1.65","1.28","3.72"
"17339","24-05-19 21:05","France","Ligue 1","2018/2019","Reims","PSG","7.90","5.65","1.37","1.01","17.00","1.09","8.00","1.29","3.74","1.77","2.10","2.66","1.50","1.47","2.68"
"17340","24-05-19 21:05","France","Ligue 1","2018/2019","Rennes","Lille","2.55","3.84","2.64","1.01","20.00","1.17","5.35","1.49","2.69","2.21","1.70","3.84","1.28","1.44","2.81"
"17341","18-05-19 21:00","France","Ligue 1","2018/2019","Bordeaux","Reims","2.13","3.30","3.86","1.08","9.00","1.37","3.20","2.24","1.73","3.78","1.29","8.40","1.08","1.83","1.98"
"17342","18-05-19 21:00","France","Ligue 1","2018/2019","Guingamp","Nimes","2.30","3.56","3.17","1.03","13.00","1.26","4.00","1.90","2.00","3.06","1.40","5.95","1.14","1.65","2.24"
"17343","18-05-19 21:00","France","Ligue 1","2018/2019","Lille","Angers","1.62","4.10","5.90","1.03","13.00","1.26","4.00","1.90","2.00","3.06","1.40","5.95","1.14","1.83","1.98"
"17344","18-05-19 21:00","France","Ligue 1","2018/2019","Lyon","Caen","1.24","7.20","11.00","1.01","21.00","1.14","6.00","1.41","3.00","2.13","1.80","3.42","1.33","1.90","1.90"
"17345","18-05-19 21:00","France","Ligue 1","2018/2019","Monaco","Amiens","1.57","3.98","6.90","1.06","9.70","1.33","3.48","2.06","1.85","3.84","1.28","8.00","1.09","1.97","1.84"
"17346","18-05-19 21:00","France","Ligue 1","2018/2019","Montpellier","Nantes","1.87","3.82","4.28","1.05","11.00","1.29","3.74","1.99","1.91","3.24","1.37","6.50","1.13","1.83","1.98"
"17347","18-05-19 21:00","France","Ligue 1","2018/2019","PSG","Dijon","1.19","8.20","14.50","1.01","21.00","1.05","10.50","1.21","4.70","1.53","2.58","2.19","1.71","1.54","2.47"
"17348","18-05-19 21:00","France","Ligue 1","2018/2019","St Etienne","Nice","1.60","4.08","6.10","1.03","13.00","1.23","4.32","1.82","2.10","2.86","1.45","5.40","1.17","1.83","1.98"
"17349","18-05-19 21:00","France","Ligue 1","2018/2019","Strasbourg","Rennes","2.18","3.64","3.34","1.03","15.00","1.22","4.50","1.70","2.20","2.66","1.50","4.80","1.20","1.56","2.42"
"17350","18-05-19 21:00","France","Ligue 1","2018/2019","Toulouse","Marseille","3.32","3.38","2.30","1.05","11.00","1.29","3.74","1.99","1.91","3.24","1.37","6.50","1.13","1.74","2.10"
"17351","12-05-19 21:00","France","Ligue 1","2018/2019","Marseille","Lyon","3.40","3.84","2.10","1.01","20.00","1.14","5.90","1.46","2.82","2.18","1.76","3.84","1.28","1.40","2.97"
"17352","12-05-19 17:00","France","Ligue 1","2018/2019","Lille","Bordeaux","1.50","4.40","7.30","1.06","9.60","1.30","3.66","1.98","1.92","3.52","1.32","7.10","1.11","1.92","1.88"
"17353","12-05-19 15:00","France","Ligue 1","2018/2019","Rennes","Guingamp","1.82","3.80","4.56","1.05","11.00","1.26","4.00","1.90","2.00","3.24","1.37","5.95","1.14","1.78","2.04"
"17354","11-05-19 20:00","France","Ligue 1","2018/2019","Amiens","Toulouse","2.22","3.20","3.72","1.09","8.00","1.41","3.00","2.37","1.62","4.46","1.22","9.20","1.07","1.98","1.83"
"17355","11-05-19 20:00","France","Ligue 1","2018/2019","Caen","Reims","2.85","3.05","2.85","1.13","6.50","1.51","2.63","2.66","1.50","5.40","1.17","11.00","1.05","2.10","1.74"
"17356","11-05-19 20:00","France","Ligue 1","2018/2019","Dijon","Strasbourg","2.07","3.56","3.72","1.05","11.50","1.27","3.94","1.90","2.01","3.10","1.39","6.05","1.14","1.71","2.14"
"17357","11-05-19 20:00","France","Ligue 1","2018/2019","Nice","Nantes","2.42","3.18","3.30","1.08","9.00","1.34","3.40","2.13","1.80","3.66","1.30","7.50","1.10","1.78","2.04"
"17358","11-05-19 20:00","France","Ligue 1","2018/2019","Nimes","Monaco","3.72","3.92","1.97","1.03","15.00","1.22","4.50","1.70","2.20","2.66","1.50","4.80","1.20","1.61","2.31"
"17359","11-05-19 17:00","France","Ligue 1","2018/2019","Angers","PSG","6.15","4.58","1.54","1.02","17.00","1.19","5.00","1.56","2.50","2.37","1.62","4.12","1.25","1.59","2.36"
"17360","10-05-19 20:45","France","Ligue 1","2018/2019","St Etienne","Montpellier","1.75","4.00","4.50","1.03","13.00","1.23","4.32","1.82","2.10","2.86","1.45","5.40","1.17","1.74","2.10"
"17361","05-05-19 21:00","France","Ligue 1","2018/2019","Lyon","Lille","1.56","4.52","5.50","1.01","20.00","1.15","5.85","1.46","2.79","2.20","1.75","3.58","1.31","1.53","2.51"
"17362","05-05-19 17:00","France","Ligue 1","2018/2019","Monaco","St Etienne","2.00","3.68","3.68","1.03","13.50","1.22","4.56","1.70","2.21","2.73","1.48","5.10","1.18","1.56","2.43"
"17363","05-05-19 15:00","France","Ligue 1","2018/2019","Montpellier","Amiens","1.75","3.84","4.80","1.08","9.00","1.41","3.00","2.35","1.66","4.46","1.22","9.20","1.07","2.10","1.74"
"17364","05-05-19 15:00","France","Ligue 1","2018/2019","Nantes","Dijon","1.98","3.44","4.06","1.08","9.00","1.29","3.74","1.99","1.91","3.06","1.40","5.95","1.14","1.70","2.15"
"17365","05-05-19 15:00","France","Ligue 1","2018/2019","Toulouse","Rennes","2.44","3.38","2.98","1.05","11.00","1.29","3.74","1.99","1.91","3.42","1.33","6.50","1.13","1.74","2.10"
"17366","04-05-19 20:00","France","Ligue 1","2018/2019","Bordeaux","Angers","2.48","3.13","3.13","1.08","9.00","1.37","3.20","2.24","1.73","4.12","1.25","8.40","1.08","1.83","1.98"
"17367","04-05-19 20:00","France","Ligue 1","2018/2019","Guingamp","Caen","1.87","3.34","4.80","1.13","6.50","1.56","2.50","2.66","1.50","5.40","1.17","11.00","1.05","2.31","1.61"
"17368","04-05-19 20:00","France","Ligue 1","2018/2019","Reims","Nimes","2.00","3.50","4.20","1.02","10.00","1.21","4.20","1.87","2.04","2.95","1.38","5.45","1.10","1.70","2.26"
"17369","04-05-19 17:00","France","Ligue 1","2018/2019","PSG","Nice","1.18","8.20","13.00","1.01","26.00","1.09","8.30","1.25","4.16","1.65","2.29","2.38","1.61","1.60","2.33"
"17370","03-05-19 20:45","France","Ligue 1","2018/2019","Strasbourg","Marseille","3.74","3.50","2.05","1.06","9.60","1.33","3.44","2.09","1.83","3.52","1.32","8.00","1.09","1.77","2.04"
"17371","01-05-19 19:00","France","Ligue 1","2018/2019","Rennes","Monaco","4.02","3.62","1.95","1.05","11.50","1.26","4.02","1.88","2.05","3.01","1.41","6.05","1.14","1.65","2.24"
"17372","30-04-19 19:00","France","Ligue 1","2018/2019","Montpellier","PSG","5.10","3.82","1.71","1.02","16.00","1.17","5.35","1.54","2.55","2.30","1.65","4.12","1.25","1.51","2.57"
"17373","28-04-19 21:00","France","Ligue 1","2018/2019","Marseille","Nantes","1.47","4.00","8.90","1.05","11.50","1.26","4.08","1.77","2.17","3.01","1.41","5.55","1.16","1.74","2.09"
"17374","28-04-19 17:00","France","Ligue 1","2018/2019","St Etienne","Toulouse","1.51","4.36","6.55","1.03","15.00","1.22","4.50","1.65","2.30","2.57","1.53","4.80","1.20","1.74","2.10"
"17375","28-04-19 15:00","France","Ligue 1","2018/2019","Amiens","Strasbourg","2.27","3.22","3.42","1.08","8.60","1.37","3.22","2.18","1.76","3.84","1.28","8.00","1.09","1.91","1.89"
"17376","28-04-19 15:00","France","Ligue 1","2018/2019","Angers","Reims","2.27","3.13","3.54","1.08","8.60","1.37","3.22","2.29","1.70","4.12","1.25","8.60","1.08","1.91","1.89"
"17377","28-04-19 15:00","France","Ligue 1","2018/2019","Caen","Dijon","2.97","3.18","2.56","1.10","7.40","1.43","2.93","2.32","1.64","4.50","1.22","9.30","1.07","1.97","1.83"
"17378","28-04-19 15:00","France","Ligue 1","2018/2019","Lille","Nimes","1.40","4.58","9.00","1.03","13.50","1.20","4.84","1.62","2.37","2.50","1.56","4.50","1.22","1.71","2.13"
"17379","28-04-19 15:00","France","Ligue 1","2018/2019","Nice","Guingamp","2.09","3.22","3.92","1.10","7.50","1.46","2.82","2.40","1.60","4.50","1.22","10.00","1.06","2.02","1.79"
"17380","26-04-19 20:45","France","Ligue 1","2018/2019","Bordeaux","Lyon","4.80","4.10","1.70","1.02","15.00","1.21","4.74","1.59","2.42","2.45","1.58","4.50","1.22","1.62","2.30"
"17381","21-04-19 21:00","France","Ligue 1","2018/2019","PSG","Monaco","1.28","6.55","9.10","","","1.11","6.90","1.34","3.40","1.88","2.03","2.88","1.44","1.60","2.33"
"17382","21-04-19 17:00","France","Ligue 1","2018/2019","Reims","St Etienne","2.92","3.13","2.64","1.06","9.60","1.30","3.66","1.98","1.92","3.44","1.33","7.10","1.11","1.64","2.26"
"17383","21-04-19 15:00","France","Ligue 1","2018/2019","Nantes","Amiens","1.97","3.30","4.32","1.10","7.50","1.49","2.69","2.50","1.56","4.96","1.19","10.00","1.06","2.17","1.69"
"17384","21-04-19 15:00","France","Ligue 1","2018/2019","Toulouse","Lille","4.56","3.16","1.98","1.06","9.60","1.30","3.66","2.09","1.83","3.52","1.32","7.10","1.11","1.66","2.23"
"17385","20-04-19 20:00","France","Ligue 1","2018/2019","Nice","Caen","1.62","3.64","6.55","1.11","7.00","1.51","2.63","2.57","1.53","4.80","1.20","11.00","1.05","2.53","1.52"
"17386","20-04-19 20:00","France","Ligue 1","2018/2019","Nimes","Bordeaux","2.05","3.50","3.74","1.05","11.00","1.29","3.74","1.99","1.91","3.42","1.33","6.50","1.13","1.78","2.04"
"17387","20-04-19 20:00","France","Ligue 1","2018/2019","Strasbourg","Montpellier","2.93","3.13","2.63","1.08","9.00","1.37","3.20","2.24","1.73","4.12","1.25","8.40","1.08","1.83","1.98"
"17388","20-04-19 17:00","France","Ligue 1","2018/2019","Guingamp","Marseille","3.82","3.58","1.99","1.08","9.00","1.41","3.00","2.35","1.66","4.46","1.22","9.20","1.07","2.04","1.78"
"17389","19-04-19 20:45","France","Ligue 1","2018/2019","Lyon","Angers","1.35","5.30","8.60","1.02","17.00","1.19","5.00","1.56","2.50","2.37","1.62","4.12","1.25","1.83","1.98"
"17390","19-04-19 19:00","France","Ligue 1","2018/2019","Dijon","Rennes","3.20","3.34","2.32","1.05","11.50","1.26","4.08","1.84","2.08","3.15","1.38","6.05","1.14","1.68","2.18"
"17391","17-04-19 19:00","France","Ligue 1","2018/2019","Nantes","PSG","4.24","3.66","1.88","1.05","11.50","1.26","4.02","1.86","2.05","3.20","1.37","6.05","1.14","1.68","2.19"
"17392","14-04-19 21:00","France","Ligue 1","2018/2019","Lille","PSG","5.10","3.90","1.69","1.03","13.50","1.21","4.60","1.69","2.23","2.70","1.49","5.10","1.18","1.60","2.33"
"17393","14-04-19 17:00","France","Ligue 1","2018/2019","St Etienne","Bordeaux","1.63","3.82","6.00","1.05","11.50","1.24","4.26","1.80","2.13","2.88","1.44","5.55","1.16","1.69","2.17"
"17394","14-04-19 15:00","France","Ligue 1","2018/2019","Montpellier","Toulouse","1.96","3.32","4.34","1.08","9.00","1.37","3.20","2.24","1.73","4.12","1.25","8.40","1.08","1.98","1.83"
"17395","14-04-19 15:00","France","Ligue 1","2018/2019","Rennes","Nice","1.86","3.52","4.52","1.06","9.70","1.33","3.48","2.17","1.77","3.84","1.28","8.00","1.09","1.91","1.89"
"17396","13-04-19 20:00","France","Ligue 1","2018/2019","Caen","Angers","3.64","2.94","2.34","1.13","6.35","1.54","2.53","2.70","1.49","5.55","1.16","11.00","1.05","2.10","1.73"
"17397","13-04-19 20:00","France","Ligue 1","2018/2019","Monaco","Reims","1.77","3.54","5.15","1.06","9.60","1.33","3.44","2.09","1.83","3.52","1.32","8.00","1.09","1.87","1.94"
"17398","13-04-19 20:00","France","Ligue 1","2018/2019","Strasbourg","Guingamp","1.86","3.44","4.68","1.08","8.60","1.42","2.96","2.29","1.70","4.12","1.25","8.60","1.08","1.97","1.83"
"17399","13-04-19 17:00","France","Ligue 1","2018/2019","Marseille","Nimes","1.36","5.05","9.00","1.02","18.00","1.20","4.84","1.54","2.55","2.40","1.60","4.12","1.25","1.73","2.10"
"17400","12-04-19 20:45","France","Ligue 1","2018/2019","Nantes","Lyon","4.42","3.88","1.79","1.05","11.50","1.24","4.30","1.78","2.15","2.84","1.45","5.55","1.16","1.67","2.21"
"17401","12-04-19 19:00","France","Ligue 1","2018/2019","Dijon","Amiens","2.30","3.14","3.48","1.10","7.50","1.46","2.82","2.40","1.60","4.96","1.19","10.00","1.06","2.00","1.81"
"17402","09-04-19 19:00","France","Ligue 1","2018/2019","Nimes","Rennes","2.77","3.32","2.64","1.05","11.00","1.26","4.00","1.99","1.91","3.24","1.37","6.50","1.13","1.70","2.15"
"17403","07-04-19 21:00","France","Ligue 1","2018/2019","PSG","Strasbourg","1.28","6.00","10.50","1.01","20.00","1.14","5.90","1.46","2.82","2.18","1.76","3.52","1.32","1.83","1.97"
"17404","07-04-19 17:00","France","Ligue 1","2018/2019","Nice","Montpellier","3.22","2.92","2.57","1.14","6.00","1.61","2.38","2.86","1.45","5.40","1.17","12.00","1.04","2.15","1.70"
"17405","07-04-19 15:00","France","Ligue 1","2018/2019","Reims","Lille","2.72","3.13","2.82","1.10","7.60","1.42","2.99","2.28","1.66","4.36","1.23","9.30","1.07","1.96","1.85"
"17406","07-04-19 15:00","France","Ligue 1","2018/2019","Toulouse","Nantes","2.50","3.06","3.17","1.11","7.00","1.51","2.63","2.57","1.53","5.40","1.17","11.00","1.05","2.10","1.74"
"17407","06-04-19 20:00","France","Ligue 1","2018/2019","Amiens","St Etienne","3.50","3.10","2.30","1.11","7.00","1.48","2.75","2.37","1.62","4.46","1.22","9.20","1.07","1.98","1.83"
"17408","06-04-19 20:00","France","Ligue 1","2018/2019","Angers","Rennes","2.79","3.14","2.74","1.09","8.00","1.41","3.00","2.35","1.66","4.46","1.22","9.20","1.07","1.98","1.83"
"17409","06-04-19 20:00","France","Ligue 1","2018/2019","Guingamp","Monaco","3.84","3.34","2.07","1.08","8.70","1.36","3.26","2.27","1.71","4.12","1.25","8.60","1.08","1.91","1.89"
"17410","06-04-19 20:00","France","Ligue 1","2018/2019","Nimes","Caen","1.75","3.80","4.82","1.06","10.00","1.34","3.40","2.13","1.80","3.66","1.30","7.50","1.10","1.90","1.90"
"17411","06-04-19 17:00","France","Ligue 1","2018/2019","Lyon","Dijon","1.19","7.50","15.00","","","1.13","6.50","1.34","3.40","1.99","1.91","3.06","1.40","1.83","1.98"
"17412","05-04-19 20:45","France","Ligue 1","2018/2019","Bordeaux","Marseille","3.50","3.40","2.16","1.08","9.00","1.41","3.00","2.35","1.66","4.12","1.25","9.20","1.07","1.98","1.83"
"17413","03-04-19 19:00","France","Ligue 1","2018/2019","Montpellier","Guingamp","1.83","3.38","5.00","1.10","7.50","1.46","2.82","2.40","1.60","4.96","1.19","10.00","1.06","2.17","1.69"
"17414","03-04-19 19:00","France","Ligue 1","2018/2019","Strasbourg","Reims","2.95","3.05","2.67","1.11","6.95","1.46","2.82","2.40","1.60","4.50","1.22","10.00","1.06","1.88","1.92"
"17415","01-04-19 20:30","France","Ligue 1","2018/2019","St Etienne","Nimes","1.65","3.84","5.75","1.03","13.50","1.20","4.84","1.62","2.37","2.50","1.56","4.50","1.22","1.61","2.31"
"17416","31-03-19 21:00","France","Ligue 1","2018/2019","Toulouse","PSG","8.00","5.30","1.37","1.01","20.00","1.21","4.74","1.56","2.50","2.45","1.58","4.24","1.24","1.74","2.09"
"17417","31-03-19 17:00","France","Ligue 1","2018/2019","Nantes","Lille","2.81","3.14","2.72","1.10","7.50","1.46","2.82","2.40","1.60","4.96","1.19","10.00","1.06","2.02","1.79"
"17418","31-03-19 15:00","France","Ligue 1","2018/2019","Amiens","Bordeaux","2.57","3.02","3.12","1.13","6.50","1.56","2.50","2.66","1.50","5.40","1.17","11.00","1.05","2.10","1.74"
"17419","31-03-19 15:00","France","Ligue 1","2018/2019","Dijon","Nice","2.34","3.16","3.36","1.11","7.00","1.48","2.75","2.47","1.57","4.80","1.20","9.90","1.06","2.04","1.78"
"17420","31-03-19 15:00","France","Ligue 1","2018/2019","Monaco","Caen","1.38","5.00","8.50","1.05","11.00","1.32","3.50","1.90","2.00","3.24","1.37","5.95","1.14","2.10","1.74"
"17421","30-03-19 17:00","France","Ligue 1","2018/2019","Marseille","Angers","1.51","4.02","7.50","1.06","10.00","1.32","3.50","2.13","1.80","3.42","1.33","7.00","1.11","2.10","1.74"
"17422","29-03-19 20:45","France","Ligue 1","2018/2019","Rennes","Lyon","4.80","4.06","1.70","1.01","18.00","1.17","5.40","1.53","2.58","2.38","1.61","4.12","1.25","1.57","2.40"
"17423","17-03-19 21:00","France","Ligue 1","2018/2019","PSG","Marseille","1.29","6.50","9.00","","","1.13","6.50","1.37","3.20","2.13","1.80","3.24","1.37","1.74","2.10"
"17424","17-03-19 17:00","France","Ligue 1","2018/2019","Bordeaux","Rennes","2.65","3.06","2.96","1.09","8.00","1.41","3.00","2.35","1.66","4.12","1.25","8.40","1.08","1.90","1.90"
"17425","17-03-19 15:00","France","Ligue 1","2018/2019","Reims","Nantes","2.16","3.02","4.02","1.13","6.50","1.51","2.63","2.57","1.53","5.40","1.17","11.00","1.05","2.10","1.74"
"17426","17-03-19 14:30","France","Ligue 1","2018/2019","Lyon","Montpellier","1.48","4.42","7.10","1.03","13.00","1.19","5.00","1.61","2.38","2.47","1.57","4.46","1.22","1.64","2.26"
"17427","16-03-19 20:00","France","Ligue 1","2018/2019","Angers","Amiens","2.07","3.03","4.38","1.13","6.50","1.51","2.63","2.66","1.50","5.40","1.17","11.00","1.05","2.15","1.70"
"17428","16-03-19 20:00","France","Ligue 1","2018/2019","Caen","St Etienne","3.28","3.13","2.40","1.11","7.00","1.51","2.63","2.57","1.53","5.40","1.17","11.00","1.05","2.10","1.74"
"17429","16-03-19 20:00","France","Ligue 1","2018/2019","Guingamp","Dijon","2.06","3.12","4.22","1.13","6.50","1.51","2.63","2.66","1.50","5.40","1.17","11.00","1.05","2.15","1.70"
"17430","16-03-19 20:00","France","Ligue 1","2018/2019","Nimes","Strasbourg","2.24","3.26","3.46","1.08","9.00","1.34","3.40","2.24","1.73","3.78","1.29","8.40","1.08","1.83","1.98"
"17431","15-03-19 20:45","France","Ligue 1","2018/2019","Lille","Monaco","1.96","3.48","4.10","1.08","9.00","1.34","3.40","2.24","1.73","3.78","1.29","7.50","1.10","1.90","1.90"
"17432","15-03-19 19:00","France","Ligue 1","2018/2019","Nice","Toulouse","2.23","3.14","3.64","1.11","7.00","1.41","3.00","2.37","1.62","4.46","1.22","9.20","1.07","1.98","1.83"
"17433","12-03-19 19:00","France","Ligue 1","2018/2019","Dijon","PSG","15.00","7.60","1.18","1.01","28.00","1.11","7.00","1.30","3.70","1.84","2.08","2.84","1.45","1.70","2.15"
"17434","10-03-19 21:00","France","Ligue 1","2018/2019","Marseille","Nice","1.46","4.40","7.60","1.05","11.00","1.29","3.74","1.90","2.00","3.24","1.37","5.95","1.14","1.85","1.95"
"17435","10-03-19 17:00","France","Ligue 1","2018/2019","Rennes","Caen","1.46","4.02","9.00","1.08","9.00","1.34","3.40","2.13","1.80","3.78","1.29","7.50","1.10","2.24","1.65"
"17436","10-03-19 15:00","France","Ligue 1","2018/2019","Montpellier","Angers","1.94","3.15","4.82","1.13","6.50","1.51","2.63","2.57","1.53","4.80","1.20","11.00","1.05","2.15","1.70"
"17437","10-03-19 15:00","France","Ligue 1","2018/2019","St Etienne","Lille","2.73","3.24","2.87","1.02","9.70","1.33","3.20","2.19","1.79","3.80","1.25","7.20","1.06","1.80","2.11"
"17438","10-03-19 15:00","France","Ligue 1","2018/2019","Toulouse","Guingamp","2.08","3.22","3.96","1.09","8.00","1.41","3.00","2.35","1.66","4.12","1.25","8.40","1.08","1.98","1.83"
"17439","09-03-19 20:00","France","Ligue 1","2018/2019","Amiens","Nimes","2.65","3.22","2.82","1.08","9.00","1.37","3.20","2.24","1.73","4.12","1.25","8.40","1.08","1.90","1.90"
"17440","09-03-19 20:00","France","Ligue 1","2018/2019","Dijon","Reims","3.04","3.14","2.53","1.11","7.00","1.48","2.75","2.47","1.57","4.80","1.20","9.90","1.06","2.04","1.78"
"17441","09-03-19 20:00","France","Ligue 1","2018/2019","Monaco","Bordeaux","1.80","3.62","5.25","1.02","9.90","1.33","3.20","2.18","1.78","3.88","1.24","7.40","1.05","1.95","1.94"
"17442","09-03-19 17:00","France","Ligue 1","2018/2019","Strasbourg","Lyon","3.88","3.68","1.95","1.05","11.00","1.26","4.00","1.90","2.00","3.24","1.37","5.95","1.14","1.78","2.04"
"17443","05-03-19 19:00","France","Ligue 1","2018/2019","Bordeaux","Montpellier","2.63","2.93","3.13","1.13","6.50","1.56","2.50","2.66","1.50","5.40","1.17","11.00","1.05","2.10","1.74"
"17444","03-03-19 21:00","France","Ligue 1","2018/2019","Marseille","St Etienne","1.75","3.64","5.05","1.05","11.50","1.26","4.08","1.84","2.08","3.01","1.41","6.05","1.14","1.66","2.23"
"17445","03-03-19 17:00","France","Ligue 1","2018/2019","Lyon","Toulouse","1.25","6.00","13.00","1.01","18.00","1.17","5.40","1.45","2.85","2.17","1.77","3.52","1.32","1.82","1.99"
"17446","03-03-19 15:00","France","Ligue 1","2018/2019","Guingamp","Nantes","3.24","2.94","2.54","1.14","6.00","1.65","2.30","2.86","1.45","5.95","1.14","12.00","1.04","2.24","1.65"
"17447","03-03-19 15:00","France","Ligue 1","2018/2019","Lille","Dijon","1.58","4.08","6.10","1.05","11.00","1.32","3.50","1.99","1.91","3.42","1.33","6.50","1.13","1.98","1.83"
"17448","03-03-19 15:00","France","Ligue 1","2018/2019","Nice","Strasbourg","2.48","2.94","3.34","1.13","6.50","1.56","2.50","2.66","1.50","5.40","1.17","11.00","1.05","2.15","1.70"
"17449","02-03-19 20:00","France","Ligue 1","2018/2019","Angers","Monaco","3.56","3.28","2.19","1.08","8.60","1.42","2.96","2.29","1.70","4.12","1.25","8.60","1.08","1.88","1.92"
"17450","02-03-19 20:00","France","Ligue 1","2018/2019","Reims","Amiens","1.98","3.15","4.56","1.14","6.00","1.61","2.38","2.86","1.45","5.95","1.14","12.00","1.04","2.42","1.56"
"17451","02-03-19 17:00","France","Ligue 1","2018/2019","Caen","PSG","16.00","7.00","1.19","1.02","18.00","1.14","5.90","1.42","2.96","2.09","1.83","3.44","1.33","1.96","1.84"
"17452","24-02-19 21:00","France","Ligue 1","2018/2019","Monaco","Lyon","3.22","3.54","2.22","1.02","16.00","1.19","4.94","1.59","2.42","2.45","1.58","4.36","1.23","1.48","2.66"
"17453","24-02-19 17:00","France","Ligue 1","2018/2019","Rennes","Marseille","2.81","3.30","2.61","1.08","9.00","1.34","3.40","2.13","1.80","3.66","1.30","7.50","1.10","1.83","1.98"
"17454","24-02-19 15:00","France","Ligue 1","2018/2019","Montpellier","Reims","2.08","3.05","4.26","1.16","5.50","1.75","2.20","3.06","1.40","6.50","1.13","14.00","1.03","2.42","1.56"
"17455","24-02-19 15:00","France","Ligue 1","2018/2019","Nantes","Bordeaux","2.13","3.24","3.80","1.13","6.50","1.61","2.38","2.86","1.45","5.95","1.14","12.00","1.04","2.31","1.61"
"17456","24-02-19 15:00","France","Ligue 1","2018/2019","Toulouse","Caen","1.75","3.64","5.05","1.11","7.00","1.51","2.63","2.57","1.53","4.80","1.20","9.90","1.06","2.31","1.61"
"17457","23-02-19 20:00","France","Ligue 1","2018/2019","Amiens","Nice","2.49","2.95","3.30","1.14","6.00","1.65","2.30","2.86","1.45","5.95","1.14","12.00","1.04","2.24","1.65"
"17458","23-02-19 20:00","France","Ligue 1","2018/2019","Guingamp","Angers","2.51","3.20","3.01","1.13","6.50","1.61","2.38","2.86","1.45","5.95","1.14","12.00","1.04","2.24","1.65"
"17459","23-02-19 17:00","France","Ligue 1","2018/2019","PSG","Nimes","1.21","7.00","13.00","","","1.10","7.20","1.32","3.54","1.91","1.99","2.92","1.43","1.86","1.94"
"17460","22-02-19 20:45","France","Ligue 1","2018/2019","Strasbourg","Lille","3.66","3.13","2.22","1.09","8.00","1.48","2.75","2.37","1.62","4.46","1.22","9.20","1.07","1.98","1.83"
"17461","22-02-19 19:00","France","Ligue 1","2018/2019","Dijon","St Etienne","4.10","3.34","2.00","1.05","10.50","1.28","3.84","1.82","2.10","3.15","1.38","6.05","1.14","1.67","2.20"
"17462","20-02-19 21:00","France","Ligue 1","2018/2019","PSG","Montpellier","1.30","5.55","11.00","1.03","14.00","1.21","4.70","1.66","2.28","2.63","1.51","4.96","1.19","1.97","1.84"
"17463","20-02-19 19:00","France","Ligue 1","2018/2019","Bordeaux","Guingamp","2.05","3.38","3.84","1.11","7.00","1.56","2.50","2.66","1.50","5.40","1.17","11.00","1.05","2.06","1.76"
"17464","17-02-19 21:00","France","Ligue 1","2018/2019","St Etienne","PSG","6.80","4.42","1.49","1.01","20.00","1.14","5.95","1.45","2.85","2.17","1.77","3.84","1.28","1.52","2.54"
"17465","17-02-19 17:00","France","Ligue 1","2018/2019","Reims","Rennes","2.51","3.01","3.20","1.11","7.00","1.45","2.85","2.47","1.57","4.96","1.19","10.00","1.06","2.01","1.80"
"17466","17-02-19 15:00","France","Ligue 1","2018/2019","Bordeaux","Toulouse","2.09","3.16","4.06","1.09","8.00","1.41","3.00","2.35","1.66","4.12","1.25","8.40","1.08","1.98","1.83"
"17467","17-02-19 15:00","France","Ligue 1","2018/2019","Caen","Strasbourg","3.24","2.94","2.54","1.14","6.00","1.56","2.50","2.86","1.45","5.40","1.17","11.00","1.05","2.15","1.70"
"17468","17-02-19 15:00","France","Ligue 1","2018/2019","Lille","Montpellier","1.87","3.34","4.80","1.09","8.00","1.48","2.75","2.47","1.57","4.80","1.20","9.90","1.06","2.15","1.70"
"17469","16-02-19 20:00","France","Ligue 1","2018/2019","Angers","Nice","2.01","3.11","4.50","1.13","6.50","1.56","2.50","2.66","1.50","5.40","1.17","11.00","1.05","2.15","1.70"
"17470","16-02-19 20:00","France","Ligue 1","2018/2019","Monaco","Nantes","1.88","3.54","4.40","1.08","9.00","1.34","3.40","2.13","1.80","3.78","1.29","7.50","1.10","1.98","1.83"
"17471","16-02-19 17:00","France","Ligue 1","2018/2019","Marseille","Amiens","1.43","4.68","7.90","1.06","10.00","1.32","3.50","1.99","1.91","3.42","1.33","7.00","1.11","2.10","1.74"
"17472","15-02-19 20:45","France","Ligue 1","2018/2019","Lyon","Guingamp","1.26","5.80","13.00","1.01","19.00","1.16","5.50","1.48","2.75","2.24","1.73","3.66","1.30","1.90","1.90"
"17473","15-02-19 19:00","France","Ligue 1","2018/2019","Nimes","Dijon","1.85","3.76","4.22","1.03","13.50","1.24","4.30","1.78","2.15","2.84","1.45","5.55","1.16","1.65","2.25"
"17474","13-02-19 19:30","France","Ligue 1","2018/2019","Caen","Nantes","3.68","3.07","2.25","1.13","6.50","1.56","2.50","2.66","1.50","5.40","1.17","11.00","1.05","2.15","1.70"
"17475","13-02-19 19:00","France","Ligue 1","2018/2019","St Etienne","Strasbourg","1.76","3.62","5.00","1.08","9.00","1.37","3.20","2.35","1.66","4.12","1.25","8.40","1.08","2.04","1.78"
"17476","10-02-19 21:00","France","Ligue 1","2018/2019","Nice","Lyon","6.55","4.36","1.51","1.03","13.00","1.23","4.32","1.82","2.10","2.86","1.45","5.40","1.17","1.67","2.20"
"17477","10-02-19 17:00","France","Ligue 1","2018/2019","Guingamp","Lille","3.20","3.22","2.50","1.04","8.10","1.42","2.78","2.50","1.60","4.70","1.18","9.10","1.03","2.05","1.85"
"17478","10-02-19 17:00","France","Ligue 1","2018/2019","Rennes","St Etienne","2.16","3.48","3.68","1.01","10.50","1.29","3.46","2.04","1.87","3.46","1.29","6.50","1.07","1.80","2.11"
"17479","10-02-19 15:00","France","Ligue 1","2018/2019","Montpellier","Monaco","2.40","3.13","3.28","1.11","7.00","1.48","2.75","2.57","1.53","4.80","1.20","9.90","1.06","2.04","1.78"
"17480","10-02-19 15:00","France","Ligue 1","2018/2019","Nantes","Nimes","1.84","3.56","4.58","1.08","9.00","1.34","3.40","2.13","1.80","3.66","1.30","7.00","1.11","1.90","1.90"
"17481","10-02-19 15:00","France","Ligue 1","2018/2019","Toulouse","Reims","2.56","3.07","3.07","1.11","7.00","1.48","2.75","2.47","1.57","4.80","1.20","9.90","1.06","1.98","1.83"
"17482","09-02-19 20:00","France","Ligue 1","2018/2019","Amiens","Caen","2.30","2.90","3.80","1.16","5.50","1.65","2.30","3.06","1.40","6.50","1.13","12.00","1.04","2.31","1.61"
"17483","09-02-19 20:00","France","Ligue 1","2018/2019","Strasbourg","Angers","1.94","3.15","4.82","1.13","6.50","1.56","2.50","2.66","1.50","5.40","1.17","11.00","1.05","2.24","1.65"
"17484","09-02-19 17:00","France","Ligue 1","2018/2019","PSG","Bordeaux","1.33","5.60","9.10","1.03","15.00","1.23","4.32","1.70","2.20","2.66","1.50","4.80","1.20","2.04","1.78"
"17485","08-02-19 20:45","France","Ligue 1","2018/2019","Dijon","Marseille","4.80","3.52","1.82","1.05","11.00","1.29","3.74","1.99","1.91","3.24","1.37","6.50","1.13","1.64","2.26"
"17486","05-02-19 19:00","France","Ligue 1","2018/2019","Marseille","Bordeaux","2.14","3.14","3.92","1.09","8.00","1.41","3.00","2.37","1.62","4.46","1.22","9.20","1.07","1.85","1.95"
"17487","03-02-19 21:00","France","Ligue 1","2018/2019","Lyon","PSG","3.38","3.88","2.05","1.01","21.00","1.14","6.00","1.48","2.75","2.13","1.80","3.42","1.33","1.43","2.82"
"17488","03-02-19 15:00","France","Ligue 1","2018/2019","Nimes","Montpellier","2.45","3.06","3.26","1.11","7.00","1.45","2.85","2.47","1.57","4.96","1.19","10.00","1.06","2.01","1.80"
"17489","02-02-19 21:00","France","Ligue 1","2018/2019","Reims","Marseille","2.85","3.06","2.75","1.11","7.00","1.51","2.63","2.57","1.53","4.80","1.20","11.00","1.05","2.04","1.78"
"17490","02-02-19 20:00","France","Ligue 1","2018/2019","Angers","Dijon","1.96","3.40","4.20","1.08","9.00","1.34","3.40","2.24","1.73","3.78","1.29","7.50","1.10","1.90","1.90"
"17491","02-02-19 20:00","France","Ligue 1","2018/2019","Monaco","Toulouse","1.65","3.84","5.70","1.05","11.50","1.27","3.94","1.90","2.01","3.10","1.39","6.05","1.14","1.71","2.13"
"17492","02-02-19 20:00","France","Ligue 1","2018/2019","Rennes","Amiens","1.55","4.06","6.55","1.09","8.00","1.41","3.00","2.35","1.66","4.12","1.25","8.40","1.08","2.24","1.65"
"17493","01-02-19 20:45","France","Ligue 1","2018/2019","Lille","Nice","1.81","3.42","5.00","1.11","7.00","1.48","2.75","2.47","1.57","4.80","1.20","9.90","1.06","2.15","1.70"
"17494","30-01-19 21:00","France","Ligue 1","2018/2019","Nantes","St Etienne","2.95","3.19","2.57","1.06","10.00","1.32","3.50","2.13","1.80","3.42","1.33","7.00","1.11","1.65","2.24"
"17495","27-01-19 21:00","France","Ligue 1","2018/2019","PSG","Rennes","1.20","7.00","15.00","","","1.14","6.00","1.37","3.20","1.99","1.91","3.06","1.40","1.74","2.09"
"17496","27-01-19 20:00","France","Ligue 1","2018/2019","Toulouse","Angers","2.40","3.13","3.28","1.08","9.00","1.37","3.20","2.24","1.73","4.12","1.25","8.40","1.08","1.69","2.17"
"17497","27-01-19 17:00","France","Ligue 1","2018/2019","Amiens","Lyon","6.50","4.50","1.50","1.03","13.00","1.23","4.32","1.82","2.10","2.86","1.45","5.40","1.17","1.70","2.15"
"17498","27-01-19 15:00","France","Ligue 1","2018/2019","Montpellier","Caen","1.56","3.76","7.50","1.11","7.00","1.48","2.75","2.37","1.62","4.46","1.22","9.20","1.07","2.11","1.72"
"17499","26-01-19 20:00","France","Ligue 1","2018/2019","Dijon","Monaco","3.62","3.42","2.11","1.05","11.00","1.29","3.74","1.99","1.91","3.24","1.37","6.50","1.13","1.74","2.10"
"17500","26-01-19 20:00","France","Ligue 1","2018/2019","Guingamp","Reims","2.68","2.93","3.06","1.13","6.50","1.51","2.63","2.66","1.50","5.40","1.17","11.00","1.05","2.10","1.74"
"17501","26-01-19 20:00","France","Ligue 1","2018/2019","Nice","Nimes","2.40","3.13","3.28","1.08","9.00","1.37","3.20","2.35","1.66","4.12","1.25","8.40","1.08","1.90","1.90"
"17502","26-01-19 20:00","France","Ligue 1","2018/2019","Strasbourg","Bordeaux","2.34","3.14","3.60","1.04","8.00","1.41","2.82","2.47","1.61","4.60","1.18","8.80","1.03","2.01","1.88"
"17503","25-01-19 20:45","France","Ligue 1","2018/2019","Marseille","Lille","2.33","3.28","3.24","1.09","8.00","1.37","3.20","2.35","1.66","4.12","1.25","8.40","1.08","1.73","2.11"
"17504","23-01-19 19:00","France","Ligue 1","2018/2019","Nimes","Angers","2.24","3.16","3.56","1.09","8.00","1.41","3.00","2.35","1.66","4.46","1.22","9.20","1.07","1.98","1.83"
"17505","20-01-19 21:00","France","Ligue 1","2018/2019","St Etienne","Lyon","3.72","3.62","2.01","1.03","13.00","1.23","4.32","1.82","2.10","2.86","1.45","5.40","1.17","1.65","2.24"
"17506","20-01-19 19:00","France","Ligue 1","2018/2019","Bordeaux","Dijon","1.68","3.62","5.80","1.08","9.00","1.32","3.50","2.13","1.80","3.42","1.33","7.00","1.11","1.90","1.90"
"17507","20-01-19 17:00","France","Ligue 1","2018/2019","Angers","Nantes","2.35","3.17","3.32","1.13","6.50","1.61","2.38","2.86","1.45","5.95","1.14","12.00","1.04","2.24","1.65"
"17508","20-01-19 17:00","France","Ligue 1","2018/2019","Caen","Marseille","5.05","3.80","1.72","1.08","9.00","1.34","3.40","2.13","1.80","3.78","1.29","7.50","1.10","1.98","1.83"
"17509","20-01-19 15:00","France","Ligue 1","2018/2019","Rennes","Montpellier","2.06","3.42","3.76","1.08","9.00","1.37","3.20","2.24","1.73","4.12","1.25","8.40","1.08","1.98","1.83"
"17510","19-01-19 20:00","France","Ligue 1","2018/2019","Monaco","Strasbourg","1.80","3.44","5.05","1.06","9.60","1.33","3.44","2.09","1.83","3.84","1.28","8.00","1.09","1.91","1.89"
"17511","19-01-19 20:00","France","Ligue 1","2018/2019","Nimes","Toulouse","2.02","3.54","3.78","1.05","11.00","1.29","3.74","1.99","1.91","3.42","1.33","6.50","1.13","1.78","2.04"
"17512","19-01-19 20:00","France","Ligue 1","2018/2019","Reims","Nice","2.23","3.04","3.80","1.13","6.50","1.56","2.50","2.66","1.50","5.40","1.17","11.00","1.05","2.15","1.70"
"17513","19-01-19 17:00","France","Ligue 1","2018/2019","PSG","Guingamp","1.07","13.00","28.00","1.01","26.00","1.06","10.50","1.22","4.56","1.51","2.63","2.23","1.73","1.87","1.94"
"17514","18-01-19 20:45","France","Ligue 1","2018/2019","Lille","Amiens","1.70","3.66","6.25","1.02","9.60","1.32","3.26","2.18","1.77","3.88","1.24","7.40","1.05","2.06","1.84"
"17515","16-01-19 21:00","France","Ligue 1","2018/2019","St Etienne","Marseille","2.44","3.60","2.83","1.03","13.00","1.29","3.74","1.99","1.91","3.24","1.37","6.50","1.13","1.74","2.10"
"17516","16-01-19 19:00","France","Ligue 1","2018/2019","Guingamp","Rennes","2.82","3.22","2.65","1.09","8.00","1.48","2.75","2.47","1.57","4.80","1.20","9.90","1.06","2.04","1.78"
"17517","16-01-19 19:00","France","Ligue 1","2018/2019","Monaco","Nice","2.07","3.26","3.96","1.08","8.60","1.42","2.96","2.29","1.70","4.12","1.25","8.60","1.08","1.91","1.89"
"17518","16-01-19 19:00","France","Ligue 1","2018/2019","Nimes","Nantes","2.26","3.34","3.34","1.08","9.00","1.37","3.20","2.24","1.73","4.12","1.25","8.40","1.08","1.90","1.90"
"17519","16-01-19 19:00","France","Ligue 1","2018/2019","Toulouse","Lyon","5.90","4.06","1.60","1.03","13.50","1.21","4.66","1.62","2.37","2.66","1.50","4.96","1.19","1.65","2.25"
"17520","15-01-19 19:00","France","Ligue 1","2018/2019","Angers","Bordeaux","2.50","3.06","3.17","1.11","7.00","1.48","2.75","2.57","1.53","4.80","1.20","9.90","1.06","2.04","1.78"
"17521","13-01-19 21:00","France","Ligue 1","2018/2019","Marseille","Monaco","1.81","4.14","4.04","1.03","13.00","1.26","4.00","1.90","2.00","3.06","1.40","5.95","1.14","1.78","2.04"
"17522","13-01-19 17:00","France","Ligue 1","2018/2019","Dijon","Montpellier","3.44","3.18","2.39","1.03","8.80","1.37","3.02","2.30","1.69","4.10","1.22","7.90","1.04","1.95","1.94"
"17523","13-01-19 17:00","France","Ligue 1","2018/2019","Toulouse","Strasbourg","2.38","3.15","3.52","1.04","8.20","1.39","2.90","2.40","1.64","4.40","1.20","8.50","1.03","1.97","1.91"
"17524","13-01-19 15:00","France","Ligue 1","2018/2019","Nantes","Rennes","2.76","3.16","2.76","1.09","8.00","1.41","3.00","2.37","1.62","4.46","1.22","9.20","1.07","1.98","1.83"
"17525","12-01-19 20:00","France","Ligue 1","2018/2019","Guingamp","St Etienne","3.03","3.15","2.54","1.06","9.60","1.30","3.66","1.98","1.92","3.44","1.33","7.10","1.11","1.65","2.24"
"17526","12-01-19 20:00","France","Ligue 1","2018/2019","Nice","Bordeaux","2.89","3.06","2.71","1.10","7.50","1.46","2.82","2.40","1.60","4.50","1.22","10.00","1.06","1.87","1.94"
"17527","12-01-19 17:00","France","Ligue 1","2018/2019","Amiens","PSG","15.00","6.75","1.21","1.01","18.00","1.14","5.95","1.42","2.99","2.06","1.85","3.52","1.32","1.91","1.89"
"17528","11-01-19 20:45","France","Ligue 1","2018/2019","Lyon","Reims","1.45","4.60","7.30","1.03","13.50","1.24","4.26","1.80","2.13","3.06","1.40","5.55","1.16","1.97","1.83"
"17529","11-01-19 19:00","France","Ligue 1","2018/2019","Caen","Lille","3.92","3.20","2.11","1.10","7.40","1.46","2.79","2.52","1.55","5.10","1.18","10.00","1.06","1.99","1.82"
"17530","08-01-19 19:00","France","Ligue 1","2018/2019","Amiens","Angers","3.48","3.04","2.34","1.11","6.95","1.49","2.69","2.66","1.50","4.96","1.19","11.00","1.05","1.97","1.84"
"17531","08-01-19 19:00","France","Ligue 1","2018/2019","Nantes","Montpellier","2.41","3.14","3.24","1.10","7.60","1.41","3.02","2.34","1.67","4.36","1.23","9.30","1.07","1.87","1.94"
"17532","23-12-18 17:00","France","Ligue 1","2018/2019","Bordeaux","Amiens","1.80","3.40","5.80","1.05","7.70","1.41","2.82","2.49","1.62","4.54","1.18","8.70","1.03","2.23","1.72"
"17533","22-12-18 21:00","France","Ligue 1","2018/2019","Angers","Marseille","4.00","3.50","1.95","1.06","10.00","1.32","3.50","2.13","1.80","3.42","1.33","7.00","1.11","1.70","2.15"
"17534","22-12-18 21:00","France","Ligue 1","2018/2019","Lille","Toulouse","1.65","3.80","5.50","1.06","10.00","1.34","3.40","2.13","1.80","3.66","1.30","7.00","1.11","1.88","1.92"
"17535","22-12-18 21:00","France","Ligue 1","2018/2019","Monaco","Guingamp","2.00","3.30","4.00","1.08","9.00","1.37","3.20","2.24","1.73","3.78","1.29","8.40","1.08","1.74","2.09"
"17536","22-12-18 21:00","France","Ligue 1","2018/2019","Montpellier","Lyon","3.80","3.30","2.00","1.06","10.00","1.32","3.50","2.13","1.80","3.66","1.30","7.00","1.11","1.71","2.13"
"17537","22-12-18 21:00","France","Ligue 1","2018/2019","PSG","Nantes","1.13","10.00","17.00","1.01","26.00","1.13","6.50","1.34","3.40","1.99","1.91","2.86","1.45","1.91","1.89"
"17538","22-12-18 21:00","France","Ligue 1","2018/2019","Reims","Caen","1.70","3.40","6.00","1.11","6.90","1.50","2.66","2.52","1.55","5.10","1.18","10.00","1.06","2.22","1.66"
"17539","22-12-18 21:00","France","Ligue 1","2018/2019","Rennes","Nimes","1.73","3.50","5.25","1.05","11.00","1.29","3.74","1.99","1.91","3.24","1.37","6.50","1.13","1.83","1.98"
"17540","22-12-18 21:00","France","Ligue 1","2018/2019","St Etienne","Dijon","1.53","4.20","6.00","1.03","13.00","1.23","4.32","1.82","2.10","2.86","1.45","5.40","1.17","1.70","2.15"
"17541","22-12-18 21:00","France","Ligue 1","2018/2019","Strasbourg","Nice","2.20","3.20","3.60","1.09","8.00","1.48","2.75","2.47","1.57","4.80","1.20","9.90","1.06","2.04","1.78"
"17542","18-12-18 19:30","France","Ligue 1","2018/2019","Caen","Toulouse","2.53","3.14","3.04","1.11","7.00","1.48","2.75","2.47","1.57","4.80","1.20","9.90","1.06","1.87","1.94"
"17543","16-12-18 21:00","France","Ligue 1","2018/2019","Lyon","Monaco","1.34","5.25","9.50","1.01","19.00","1.19","5.00","1.51","2.63","2.26","1.66","3.78","1.29","1.74","2.10"
"17544","16-12-18 17:00","France","Ligue 1","2018/2019","Nice","St Etienne","2.15","3.28","3.68","1.09","8.30","1.38","3.12","2.25","1.72","3.92","1.27","8.00","1.09","1.94","1.86"
"17545","16-12-18 15:00","France","Ligue 1","2018/2019","Nimes","Lille","2.51","3.38","2.87","1.08","9.00","1.34","3.40","2.24","1.73","3.78","1.29","7.50","1.10","1.83","1.98"
"17546","15-12-18 20:00","France","Ligue 1","2018/2019","Reims","Strasbourg","2.20","3.16","3.70","1.11","6.95","1.54","2.55","2.66","1.50","5.55","1.16","11.00","1.05","2.06","1.76"
"17547","09-12-18 17:00","France","Ligue 1","2018/2019","Lille","Reims","1.94","3.16","4.74","1.10","7.50","1.42","2.96","2.30","1.65","4.50","1.22","9.30","1.07","2.02","1.79"
"17548","09-12-18 15:00","France","Ligue 1","2018/2019","Strasbourg","Caen","1.76","3.52","5.25","1.09","8.00","1.48","2.75","2.37","1.62","4.46","1.22","9.20","1.07","2.15","1.70"
"17549","08-12-18 20:00","France","Ligue 1","2018/2019","Guingamp","Amiens","1.87","3.20","4.80","1.10","7.30","1.47","2.76","2.55","1.54","5.10","1.18","10.00","1.06","2.06","1.76"
"17550","08-12-18 20:00","France","Ligue 1","2018/2019","Rennes","Dijon","1.57","4.00","6.00","1.05","11.00","1.26","4.00","1.90","2.00","3.06","1.40","5.95","1.14","1.90","1.90"
"17551","05-12-18 21:00","France","Ligue 1","2018/2019","Strasbourg","PSG","5.85","4.58","1.53","1.02","17.00","1.22","4.50","1.65","2.30","2.57","1.53","4.80","1.20","1.78","2.04"
"17552","05-12-18 19:00","France","Ligue 1","2018/2019","Bordeaux","St Etienne","2.65","3.13","2.90","1.08","9.00","1.37","3.20","2.35","1.66","4.12","1.25","8.40","1.08","1.90","1.90"
"17553","05-12-18 19:00","France","Ligue 1","2018/2019","Caen","Nimes","2.80","3.11","2.75","1.09","8.00","1.41","3.00","2.35","1.66","4.12","1.25","8.40","1.08","1.90","1.90"
"17554","05-12-18 19:00","France","Ligue 1","2018/2019","Dijon","Guingamp","2.42","3.13","3.22","1.09","8.00","1.37","3.20","2.35","1.66","4.12","1.25","8.40","1.08","1.90","1.90"
"17555","05-12-18 19:00","France","Ligue 1","2018/2019","Lyon","Rennes","1.48","4.60","6.65","1.02","17.00","1.22","4.50","1.65","2.30","2.57","1.53","4.80","1.20","1.65","2.24"
"17556","05-12-18 19:00","France","Ligue 1","2018/2019","Nantes","Marseille","3.11","3.44","2.33","1.06","10.00","1.34","3.40","2.13","1.80","3.66","1.30","7.00","1.11","1.78","2.04"
"17557","05-12-18 19:00","France","Ligue 1","2018/2019","Reims","Toulouse","1.78","3.54","5.05","1.09","8.00","1.48","2.75","2.37","1.62","4.46","1.22","9.20","1.07","2.15","1.70"
"17558","04-12-18 21:00","France","Ligue 1","2018/2019","Montpellier","Lille","2.14","3.30","3.66","1.09","8.00","1.41","3.00","2.26","1.66","4.46","1.22","9.20","1.07","1.98","1.83"
"17559","04-12-18 19:00","France","Ligue 1","2018/2019","Amiens","Monaco","2.83","3.32","2.58","1.09","8.00","1.41","3.00","2.26","1.66","4.46","1.22","9.20","1.07","1.98","1.83"
"17560","04-12-18 19:00","France","Ligue 1","2018/2019","Nice","Angers","2.02","3.22","4.24","1.11","7.00","1.41","3.00","2.37","1.62","4.46","1.22","9.20","1.07","1.98","1.83"
"17561","02-12-18 21:00","France","Ligue 1","2018/2019","Bordeaux","PSG","12.00","5.65","1.27","1.02","17.00","1.19","5.00","1.51","2.63","2.37","1.62","4.12","1.25","1.98","1.83"
"17562","02-12-18 17:00","France","Ligue 1","2018/2019","Marseille","Reims","1.52","4.26","6.60","1.08","9.00","1.32","3.50","1.99","1.91","3.42","1.33","7.00","1.11","2.04","1.78"
"17563","02-12-18 17:00","France","Ligue 1","2018/2019","Rennes","Strasbourg","1.69","3.84","5.30","1.06","10.00","1.32","3.50","1.99","1.91","3.42","1.33","7.00","1.11","1.90","1.90"
"17564","02-12-18 15:00","France","Ligue 1","2018/2019","Toulouse","Dijon","1.96","3.52","4.02","1.08","9.00","1.37","3.20","2.24","1.73","3.78","1.29","8.40","1.08","1.98","1.83"
"17565","01-12-18 20:00","France","Ligue 1","2018/2019","Angers","Caen","1.87","3.34","4.80","1.09","8.00","1.48","2.75","2.47","1.57","4.80","1.20","9.90","1.06","2.10","1.74"
"17566","01-12-18 20:00","France","Ligue 1","2018/2019","Guingamp","Nice","3.90","3.13","2.14","1.09","8.00","1.41","3.00","2.35","1.66","4.12","1.25","8.40","1.08","1.90","1.90"
"17567","01-12-18 20:00","France","Ligue 1","2018/2019","Monaco","Montpellier","2.46","3.30","3.01","1.06","10.00","1.35","3.32","2.13","1.80","3.74","1.29","7.50","1.10","1.73","2.11"
"17568","01-12-18 20:00","France","Ligue 1","2018/2019","Nimes","Amiens","1.76","3.62","5.00","1.08","9.00","1.41","3.00","2.35","1.66","4.12","1.25","8.40","1.08","2.10","1.74"
"17569","01-12-18 17:00","France","Ligue 1","2018/2019","Lille","Lyon","3.56","3.40","2.15","1.03","12.50","1.24","4.30","1.78","2.15","2.84","1.45","5.55","1.16","1.60","2.33"
"17570","30-11-18 20:45","France","Ligue 1","2018/2019","St Etienne","Nantes","2.02","3.34","4.04","1.06","10.00","1.32","3.50","2.13","1.80","3.42","1.33","7.00","1.11","1.83","1.98"
"17571","25-11-18 21:00","France","Ligue 1","2018/2019","Amiens","Marseille","5.00","3.60","1.73","1.07","9.40","1.31","3.58","2.03","1.88","3.58","1.31","7.10","1.11","1.85","1.95"
"17572","25-11-18 17:00","France","Ligue 1","2018/2019","Nice","Lille","2.56","3.10","3.00","1.09","8.40","1.38","3.16","2.23","1.73","3.92","1.27","8.00","1.09","1.81","2.00"
"17573","25-11-18 15:00","France","Ligue 1","2018/2019","Montpellier","Rennes","2.35","3.00","3.40","1.11","7.00","1.51","2.63","2.57","1.53","4.80","1.20","11.00","1.05","2.04","1.78"
"17574","24-11-18 20:00","France","Ligue 1","2018/2019","Caen","Monaco","3.00","3.20","2.40","1.08","9.00","1.34","3.40","2.13","1.80","3.66","1.30","7.50","1.10","1.83","1.98"
"17575","24-11-18 20:00","France","Ligue 1","2018/2019","Dijon","Bordeaux","3.00","3.30","2.38","1.08","9.00","1.37","3.20","2.24","1.73","4.12","1.25","8.40","1.08","1.90","1.90"
"17576","24-11-18 20:00","France","Ligue 1","2018/2019","Nantes","Angers","2.15","3.10","3.80","1.09","8.00","1.41","3.00","2.37","1.62","4.46","1.22","9.20","1.07","1.98","1.83"
"17577","24-11-18 20:00","France","Ligue 1","2018/2019","Reims","Guingamp","1.91","3.20","4.32","1.11","7.00","1.51","2.63","2.57","1.53","5.40","1.17","11.00","1.05","2.24","1.65"
"17578","24-11-18 20:00","France","Ligue 1","2018/2019","Strasbourg","Nimes","2.15","3.40","3.40","1.06","10.00","1.37","3.20","2.24","1.73","3.78","1.29","8.40","1.08","1.90","1.90"
"17579","24-11-18 17:00","France","Ligue 1","2018/2019","PSG","Toulouse","1.11","9.00","21.00","","","1.06","10.00","1.26","4.00","1.70","2.20","2.57","1.53","2.04","1.78"
"17580","23-11-18 21:00","France","Ligue 1","2018/2019","Lyon","St Etienne","1.57","4.20","5.75","1.02","17.00","1.19","5.00","1.56","2.50","2.37","1.62","4.12","1.25","1.61","2.31"
"17581","11-11-18 21:00","France","Ligue 1","2018/2019","Monaco","PSG","14.50","8.60","1.20","1.01","21.00","1.05","7.50","1.22","4.10","1.66","2.35","2.44","1.53","1.85","2.05"
"17582","11-11-18 17:00","France","Ligue 1","2018/2019","Marseille","Dijon","1.31","5.55","10.00","1.03","15.00","1.19","5.00","1.61","2.38","2.47","1.57","4.46","1.22","1.98","1.83"
"17583","11-11-18 17:00","France","Ligue 1","2018/2019","Rennes","Nantes","2.14","3.30","3.66","1.08","9.00","1.37","3.20","2.24","1.73","3.78","1.29","8.40","1.08","1.83","1.98"
"17584","11-11-18 15:00","France","Ligue 1","2018/2019","Bordeaux","Caen","1.66","3.82","5.55","1.08","9.00","1.37","3.20","2.24","1.73","4.12","1.25","8.40","1.08","2.15","1.70"
"17585","10-11-18 20:00","France","Ligue 1","2018/2019","Angers","Montpellier","2.74","3.14","2.79","1.11","7.00","1.48","2.75","2.57","1.53","4.80","1.20","9.90","1.06","2.10","1.74"
"17586","10-11-18 20:00","France","Ligue 1","2018/2019","Nimes","Nice","2.35","3.32","3.17","1.06","10.00","1.32","3.50","2.13","1.80","3.42","1.33","7.00","1.11","1.78","2.04"
"17587","10-11-18 20:00","France","Ligue 1","2018/2019","St Etienne","Reims","1.82","3.52","4.80","1.08","9.00","1.34","3.40","2.13","1.80","3.78","1.29","7.50","1.10","1.90","1.90"
"17588","10-11-18 20:00","France","Ligue 1","2018/2019","Toulouse","Amiens","2.24","3.16","3.56","1.11","7.00","1.51","2.63","2.57","1.53","4.80","1.20","11.00","1.05","2.10","1.74"
"17589","10-11-18 17:00","France","Ligue 1","2018/2019","Guingamp","Lyon","5.05","3.90","1.76","1.03","8.10","1.22","4.10","1.81","2.11","2.90","1.39","5.30","1.11","1.77","2.16"
"17590","09-11-18 20:45","France","Ligue 1","2018/2019","Lille","Strasbourg","1.73","3.76","5.00","1.09","8.00","1.41","3.00","2.35","1.66","4.12","1.25","8.40","1.08","2.10","1.74"
"17591","04-11-18 21:00","France","Ligue 1","2018/2019","Montpellier","Marseille","3.28","3.24","2.33","1.08","9.00","1.34","3.40","2.13","1.80","3.66","1.30","7.50","1.10","1.83","1.98"
"17592","04-11-18 17:00","France","Ligue 1","2018/2019","St Etienne","Angers","1.82","3.52","4.80","1.08","9.00","1.37","3.20","2.35","1.66","4.12","1.25","8.40","1.08","2.04","1.78"
"17593","04-11-18 15:00","France","Ligue 1","2018/2019","Nantes","Guingamp","1.71","3.62","5.50","1.11","7.00","1.48","2.75","2.47","1.57","4.80","1.20","9.90","1.06","2.31","1.61"
"17594","03-11-18 20:00","France","Ligue 1","2018/2019","Caen","Rennes","4.02","3.30","2.04","1.08","8.60","1.42","2.96","2.29","1.70","4.12","1.25","8.60","1.08","1.83","1.97"
"17595","03-11-18 20:00","France","Ligue 1","2018/2019","Dijon","Nimes","2.39","3.42","3.02","1.05","11.00","1.29","3.74","1.99","1.91","3.24","1.37","6.50","1.13","1.70","2.15"
"17596","03-11-18 20:00","France","Ligue 1","2018/2019","Nice","Amiens","1.69","3.52","6.05","1.08","8.60","1.33","3.44","2.18","1.76","3.84","1.28","8.00","1.09","1.87","1.94"
"17597","03-11-18 20:00","France","Ligue 1","2018/2019","Reims","Monaco","2.67","3.30","2.74","1.06","9.60","1.33","3.44","2.09","1.83","3.84","1.28","8.00","1.09","1.68","2.18"
"17598","03-11-18 20:00","France","Ligue 1","2018/2019","Strasbourg","Toulouse","1.87","3.64","4.30","1.06","10.50","1.30","3.66","1.98","1.92","3.52","1.32","7.10","1.11","1.74","2.09"
"17599","03-11-18 17:00","France","Ligue 1","2018/2019","Lyon","Bordeaux","1.47","4.56","7.10","1.03","15.00","1.19","5.00","1.61","2.38","2.47","1.57","4.46","1.22","1.83","1.98"
"17600","02-11-18 20:45","France","Ligue 1","2018/2019","PSG","Lille","1.17","8.00","15.00","1.01","27.00","1.06","9.50","1.30","3.72","1.69","2.23","2.52","1.55","1.69","2.17"
"17601","28-10-18 21:00","France","Ligue 1","2018/2019","Marseille","PSG","5.00","4.50","1.61","","","1.14","6.00","1.48","2.75","2.24","1.73","3.66","1.30","1.44","2.81"
"17602","28-10-18 17:00","France","Ligue 1","2018/2019","Bordeaux","Nice","2.11","3.30","3.78","1.08","9.00","1.37","3.20","2.24","1.73","4.12","1.25","8.40","1.08","1.73","2.11"
"17603","28-10-18 15:00","France","Ligue 1","2018/2019","Rennes","Reims","1.81","3.42","5.00","1.08","9.00","1.37","3.20","2.24","1.73","4.12","1.25","8.40","1.08","2.04","1.78"
"17604","27-10-18 20:00","France","Ligue 1","2018/2019","Amiens","Nantes","2.97","3.18","2.56","1.11","7.00","1.51","2.63","2.66","1.50","5.40","1.17","11.00","1.05","2.15","1.70"
"17605","27-10-18 20:00","France","Ligue 1","2018/2019","Guingamp","Strasbourg","2.54","3.24","2.94","1.09","8.00","1.48","2.75","2.37","1.62","4.46","1.22","9.20","1.07","1.98","1.83"
"17606","27-10-18 20:00","France","Ligue 1","2018/2019","Lille","Caen","1.62","3.64","6.55","1.09","8.00","1.34","3.40","2.24","1.73","3.78","1.29","7.50","1.10","2.04","1.78"
"17607","27-10-18 20:00","France","Ligue 1","2018/2019","Monaco","Dijon","1.59","4.20","5.70","1.03","13.00","1.23","4.32","1.82","2.10","2.86","1.45","5.40","1.17","1.78","2.04"
"17608","27-10-18 20:00","France","Ligue 1","2018/2019","Toulouse","Montpellier","3.22","3.13","2.42","1.11","7.00","1.56","2.50","2.66","1.50","5.40","1.17","11.00","1.05","2.15","1.70"
"17609","27-10-18 17:00","France","Ligue 1","2018/2019","Angers","Lyon","4.16","3.50","1.94","1.04","12.50","1.25","4.20","1.81","2.11","3.10","1.39","5.55","1.16","1.67","2.21"
"17610","26-10-18 20:45","France","Ligue 1","2018/2019","Nimes","St Etienne","3.01","3.30","2.46","1.07","9.40","1.31","3.58","2.03","1.88","3.52","1.32","7.10","1.11","1.74","2.09"
"17611","21-10-18 21:00","France","Ligue 1","2018/2019","Nice","Marseille","3.05","3.56","2.34","1.03","13.00","1.23","4.32","1.84","2.10","2.86","1.45","5.40","1.17","1.65","2.24"
"17612","21-10-18 17:00","France","Ligue 1","2018/2019","St Etienne","Rennes","2.35","3.28","3.42","1.01","10.00","1.30","3.40","2.07","1.84","3.54","1.28","6.70","1.07","1.85","2.04"
"17613","21-10-18 15:00","France","Ligue 1","2018/2019","Montpellier","Bordeaux","2.03","3.34","4.06","1.14","6.00","1.61","2.38","2.86","1.45","5.95","1.14","12.00","1.04","2.31","1.61"
"17614","20-10-18 20:00","France","Ligue 1","2018/2019","Caen","Guingamp","2.24","3.24","3.56","1.11","7.00","1.48","2.75","2.47","1.57","4.80","1.20","9.90","1.06","2.10","1.74"
"17615","20-10-18 20:00","France","Ligue 1","2018/2019","Dijon","Lille","3.54","3.64","2.08","1.05","11.00","1.29","3.74","2.02","1.91","3.24","1.37","6.50","1.13","1.78","2.04"
"17616","20-10-18 20:00","France","Ligue 1","2018/2019","Nantes","Toulouse","1.99","3.46","4.08","1.08","9.00","1.37","3.20","2.26","1.73","4.12","1.25","8.40","1.08","1.98","1.83"
"17617","20-10-18 20:00","France","Ligue 1","2018/2019","Reims","Angers","2.33","3.15","3.44","1.14","6.00","1.56","2.50","2.86","1.45","5.95","1.14","12.00","1.04","2.24","1.65"
"17618","20-10-18 20:00","France","Ligue 1","2018/2019","Strasbourg","Monaco","2.36","3.48","3.08","1.05","12.00","1.26","4.00","1.92","2.00","3.06","1.40","5.95","1.14","1.65","2.24"
"17619","20-10-18 17:00","France","Ligue 1","2018/2019","PSG","Amiens","1.10","11.50","31.00","1.01","26.00","1.06","8.20","1.22","4.10","1.66","2.35","2.44","1.53","2.00","1.89"
"17620","19-10-18 20:45","France","Ligue 1","2018/2019","Lyon","Nimes","1.32","6.30","9.40","1.01","13.00","1.09","6.10","1.37","3.02","2.04","1.87","3.26","1.32","1.67","2.24"
"17621","07-10-18 21:00","France","Ligue 1","2018/2019","PSG","Lyon","1.31","5.95","9.30","1.01","21.00","1.06","10.00","1.29","3.74","1.70","2.20","2.57","1.53","1.51","2.57"
"17622","07-10-18 17:00","France","Ligue 1","2018/2019","Marseille","Caen","1.35","5.30","9.10","1.02","16.00","1.21","4.70","1.61","2.39","2.63","1.51","4.96","1.19","1.80","2.01"
"17623","07-10-18 17:00","France","Ligue 1","2018/2019","Monaco","Rennes","2.08","3.54","3.64","1.05","11.00","1.29","3.74","2.02","1.91","3.24","1.37","6.50","1.13","1.74","2.10"
"17624","07-10-18 15:00","France","Ligue 1","2018/2019","Bordeaux","Nantes","2.44","3.24","3.15","1.09","8.00","1.48","2.75","2.47","1.57","4.80","1.20","9.90","1.06","2.04","1.78"
"17625","06-10-18 20:00","France","Ligue 1","2018/2019","Amiens","Dijon","2.26","3.32","3.42","1.08","9.00","1.37","3.20","2.26","1.73","4.12","1.25","8.40","1.08","1.90","1.90"
"17626","06-10-18 20:00","France","Ligue 1","2018/2019","Angers","Strasbourg","2.28","3.24","3.44","1.11","7.00","1.48","2.75","2.57","1.53","4.80","1.20","9.90","1.06","2.10","1.74"
"17627","06-10-18 20:00","France","Ligue 1","2018/2019","Guingamp","Montpellier","2.96","3.07","2.68","1.11","7.00","1.51","2.63","2.66","1.50","5.40","1.17","11.00","1.05","2.10","1.74"
"17628","06-10-18 20:00","France","Ligue 1","2018/2019","Nimes","Reims","2.61","3.28","2.87","1.08","9.00","1.41","3.00","2.38","1.66","4.12","1.25","9.20","1.07","1.98","1.83"
"17629","06-10-18 17:00","France","Ligue 1","2018/2019","Lille","St Etienne","1.97","3.54","4.06","1.03","12.50","1.24","4.30","1.80","2.15","3.01","1.41","5.55","1.16","1.62","2.30"
"17630","05-10-18 20:45","France","Ligue 1","2018/2019","Toulouse","Nice","2.28","3.34","3.34","1.06","10.00","1.32","3.50","2.02","1.91","3.42","1.33","7.00","1.11","1.78","2.04"
"17631","30-09-18 21:00","France","Ligue 1","2018/2019","Lille","Marseille","3.38","3.56","2.18","1.05","12.00","1.26","4.00","1.92","2.00","3.06","1.40","5.95","1.14","1.55","2.44"
"17632","30-09-18 17:00","France","Ligue 1","2018/2019","Montpellier","Nimes","2.01","3.50","3.92","1.08","8.50","1.43","2.93","2.32","1.64","4.50","1.22","9.30","1.07","1.95","1.85"
"17633","30-09-18 15:00","France","Ligue 1","2018/2019","Rennes","Toulouse","1.77","3.64","5.05","1.05","11.00","1.29","3.74","2.02","1.91","3.42","1.33","6.50","1.13","1.83","1.98"
"17634","29-09-18 20:00","France","Ligue 1","2018/2019","Angers","Guingamp","2.07","3.28","4.04","1.11","7.00","1.51","2.63","2.57","1.53","5.40","1.17","11.00","1.05","2.15","1.70"
"17635","29-09-18 20:00","France","Ligue 1","2018/2019","Caen","Amiens","2.22","3.28","3.54","1.09","8.00","1.48","2.75","2.47","1.57","4.80","1.20","9.90","1.06","2.10","1.74"
"17636","29-09-18 20:00","France","Ligue 1","2018/2019","Lyon","Nantes","1.29","5.75","11.00","1.01","19.00","1.16","5.50","1.48","2.75","2.26","1.73","3.66","1.30","1.83","1.98"
"17637","29-09-18 20:00","France","Ligue 1","2018/2019","Reims","Bordeaux","2.24","3.24","3.56","1.11","7.00","1.56","2.50","2.86","1.45","5.95","1.14","12.00","1.04","2.24","1.65"
"17638","29-09-18 20:00","France","Ligue 1","2018/2019","Strasbourg","Dijon","1.87","3.64","4.38","1.05","11.00","1.29","3.74","2.02","1.91","3.24","1.37","6.50","1.13","1.78","2.04"
"17639","29-09-18 17:15","France","Ligue 1","2018/2019","Nice","PSG","10.00","6.45","1.27","1.01","21.00","1.16","5.50","1.48","2.75","2.26","1.66","3.66","1.30","1.83","1.98"
"17640","28-09-18 20:45","France","Ligue 1","2018/2019","St Etienne","Monaco","1.98","3.92","3.82","1.03","10.00","1.21","4.20","1.79","2.17","2.90","1.39","5.20","1.12","1.68","2.29"
"17641","26-09-18 21:00","France","Ligue 1","2018/2019","PSG","Reims","1.14","9.10","21.00","1.01","34.00","1.09","8.00","1.29","3.74","1.84","2.10","2.66","1.50","1.90","1.90"
"17642","26-09-18 19:00","France","Ligue 1","2018/2019","Amiens","Rennes","3.58","3.08","2.31","1.09","8.00","1.41","3.00","2.37","1.62","4.46","1.22","9.20","1.07","1.98","1.83"
"17643","26-09-18 19:00","France","Ligue 1","2018/2019","Bordeaux","Lille","2.62","3.22","2.90","1.09","8.00","1.41","3.00","2.37","1.62","4.46","1.22","9.20","1.07","1.98","1.83"
"17644","26-09-18 19:00","France","Ligue 1","2018/2019","Caen","Montpellier","3.14","3.03","2.58","1.14","6.00","1.61","2.38","2.86","1.45","5.95","1.14","12.00","1.04","2.24","1.65"
"17645","26-09-18 19:00","France","Ligue 1","2018/2019","Dijon","Lyon","6.15","4.38","1.55","1.02","17.00","1.19","5.00","1.61","2.38","2.47","1.57","4.46","1.22","1.65","2.24"
"17646","26-09-18 19:00","France","Ligue 1","2018/2019","Marseille","Strasbourg","1.42","4.80","8.10","1.05","12.00","1.23","4.32","1.84","2.10","2.86","1.45","5.40","1.17","1.90","1.90"
"17647","26-09-18 19:00","France","Ligue 1","2018/2019","Nimes","Guingamp","2.05","3.58","3.68","1.05","11.00","1.29","3.74","2.02","1.91","3.42","1.33","6.50","1.13","1.78","2.04"
"17648","25-09-18 21:00","France","Ligue 1","2018/2019","Toulouse","St Etienne","2.35","3.38","3.32","1.01","10.00","1.32","3.26","2.13","1.80","3.70","1.26","7.10","1.06","1.86","2.03"
"17649","25-09-18 19:00","France","Ligue 1","2018/2019","Monaco","Angers","1.68","3.82","5.55","1.06","10.00","1.34","3.40","2.26","1.73","3.78","1.29","7.50","1.10","2.04","1.78"
"17650","25-09-18 19:00","France","Ligue 1","2018/2019","Nantes","Nice","2.11","3.32","3.82","1.08","9.00","1.34","3.40","2.26","1.73","3.78","1.29","7.50","1.10","1.83","1.98"
"17651","23-09-18 21:00","France","Ligue 1","2018/2019","Lyon","Marseille","1.88","3.68","4.30","1.02","17.00","1.19","5.00","1.56","2.50","2.37","1.62","4.12","1.25","1.52","2.53"
"17652","23-09-18 17:00","France","Ligue 1","2018/2019","Guingamp","Bordeaux","2.71","3.20","2.81","1.09","8.00","1.41","3.00","2.38","1.66","4.46","1.22","9.20","1.07","1.98","1.83"
"17653","23-09-18 15:00","France","Ligue 1","2018/2019","Rennes","PSG","11.00","5.60","1.30","1.01","20.00","1.17","5.40","1.45","2.85","2.30","1.71","3.84","1.28","1.69","2.17"
"17654","22-09-18 20:00","France","Ligue 1","2018/2019","Angers","Toulouse","2.31","3.42","3.22","1.08","9.00","1.34","3.40","2.26","1.73","3.78","1.29","7.50","1.10","1.83","1.98"
"17655","22-09-18 20:00","France","Ligue 1","2018/2019","Montpellier","Nice","2.44","3.05","3.34","1.11","7.00","1.41","3.00","2.37","1.62","4.46","1.22","9.20","1.07","1.98","1.83"
"17656","22-09-18 20:00","France","Ligue 1","2018/2019","Reims","Dijon","2.03","3.34","4.06","1.06","10.00","1.32","3.50","2.02","1.91","3.42","1.33","7.00","1.11","1.78","2.04"
"17657","22-09-18 20:00","France","Ligue 1","2018/2019","St Etienne","Caen","1.60","3.82","6.60","1.09","8.00","1.41","3.00","2.38","1.66","4.12","1.25","8.40","1.08","2.15","1.70"
"17658","22-09-18 20:00","France","Ligue 1","2018/2019","Strasbourg","Amiens","1.85","3.34","5.05","1.11","7.00","1.48","2.75","2.47","1.57","4.80","1.20","9.90","1.06","2.10","1.74"
"17659","22-09-18 17:00","France","Ligue 1","2018/2019","Lille","Nantes","1.95","3.50","4.20","1.08","9.00","1.34","3.40","2.15","1.80","3.78","1.29","7.50","1.10","1.90","1.90"
"17660","21-09-18 20:45","France","Ligue 1","2018/2019","Monaco","Nimes","2.12","3.44","3.64","1.03","13.50","1.21","4.60","1.69","2.23","2.70","1.49","5.10","1.18","1.51","2.57"
"17661","16-09-18 21:00","France","Ligue 1","2018/2019","Marseille","Guingamp","1.28","6.45","12.50","1.02","12.00","1.11","5.60","1.44","2.75","2.22","1.76","3.70","1.27","1.89","2.00"
"17662","16-09-18 17:00","France","Ligue 1","2018/2019","Bordeaux","Nimes","1.74","3.62","5.30","1.06","10.00","1.32","3.50","2.10","1.83","3.66","1.30","7.00","1.11","1.83","1.98"
"17663","16-09-18 15:00","France","Ligue 1","2018/2019","Nantes","Reims","2.04","3.36","3.98","1.09","8.00","1.48","2.75","2.47","1.57","4.80","1.20","9.90","1.06","2.04","1.78"
"17664","15-09-18 20:00","France","Ligue 1","2018/2019","Amiens","Lille","3.32","3.28","2.32","1.09","8.00","1.48","2.75","2.37","1.62","4.46","1.22","9.90","1.06","1.98","1.83"
"17665","15-09-18 20:00","France","Ligue 1","2018/2019","Dijon","Angers","2.32","3.32","3.28","1.08","9.00","1.34","3.40","2.15","1.80","3.78","1.29","7.50","1.10","1.78","2.04"
"17666","15-09-18 20:00","France","Ligue 1","2018/2019","Montpellier","Strasbourg","1.97","3.42","4.24","1.09","8.00","1.48","2.75","2.47","1.57","4.80","1.20","9.90","1.06","2.04","1.78"
"17667","15-09-18 20:00","France","Ligue 1","2018/2019","Toulouse","Monaco","2.64","3.32","2.80","1.05","11.50","1.27","3.94","1.99","1.93","3.06","1.40","6.05","1.14","1.58","2.39"
"17668","15-09-18 17:00","France","Ligue 1","2018/2019","Caen","Lyon","7.20","4.22","1.51","1.05","11.50","1.24","4.26","1.74","2.13","2.88","1.44","5.55","1.16","1.73","2.11"
"17669","14-09-18 20:45","France","Ligue 1","2018/2019","PSG","St Etienne","1.26","6.10","12.00","1.02","17.00","1.16","5.50","1.56","2.50","2.37","1.62","4.12","1.25","1.98","1.83"
"17670","14-09-18 19:00","France","Ligue 1","2018/2019","Nice","Rennes","2.70","3.10","2.89","1.03","10.00","1.37","3.05","2.25","1.63","4.18","1.22","9.90","1.05","1.89","1.89"
"17671","02-09-18 21:00","France","Ligue 1","2018/2019","Monaco","Marseille","3.05","3.56","2.34","1.02","15.00","1.21","4.74","1.63","2.32","2.52","1.55","4.50","1.22","1.44","2.81"
"17672","02-09-18 17:00","France","Ligue 1","2018/2019","Rennes","Bordeaux","2.07","3.44","3.78","1.11","7.00","1.51","2.63","2.57","1.53","5.10","1.18","11.00","1.05","2.15","1.70"
"17673","02-09-18 15:00","France","Ligue 1","2018/2019","St Etienne","Amiens","1.61","3.70","6.85","1.09","8.40","1.38","3.16","2.35","1.68","4.24","1.24","8.60","1.08","1.97","1.84"
"17674","01-09-18 20:00","France","Ligue 1","2018/2019","Angers","Lille","2.89","3.26","2.60","1.08","8.50","1.38","3.19","2.23","1.75","4.24","1.24","8.60","1.08","1.76","2.07"
"17675","01-09-18 20:00","France","Ligue 1","2018/2019","Dijon","Caen","1.87","3.42","4.78","1.08","9.00","1.36","3.24","2.26","1.73","4.12","1.25","8.40","1.08","1.98","1.83"
"17676","01-09-18 20:00","France","Ligue 1","2018/2019","Guingamp","Toulouse","2.07","3.44","3.78","1.06","10.00","1.32","3.50","2.15","1.80","3.66","1.30","7.50","1.10","1.78","2.04"
"17677","01-09-18 20:00","France","Ligue 1","2018/2019","Reims","Montpellier","3.06","3.16","2.55","1.13","6.50","1.61","2.38","2.86","1.45","5.95","1.14","12.00","1.04","2.10","1.73"
"17678","01-09-18 20:00","France","Ligue 1","2018/2019","Strasbourg","Nantes","2.09","3.26","3.98","1.09","8.00","1.41","3.00","2.37","1.62","4.46","1.22","9.20","1.07","1.98","1.83"
"17679","01-09-18 17:00","France","Ligue 1","2018/2019","Nimes","PSG","12.00","7.10","1.23","","","1.13","6.50","1.41","3.00","2.15","1.80","3.42","1.33","1.83","1.98"
"17680","31-08-18 20:45","France","Ligue 1","2018/2019","Lyon","Nice","1.42","5.05","7.50","1.02","15.00","1.22","4.56","1.63","2.32","2.73","1.48","4.80","1.20","1.70","2.15"
"17681","26-08-18 21:00","France","Ligue 1","2018/2019","Marseille","Rennes","1.46","4.54","7.50","1.03","13.00","1.23","4.32","1.77","2.10","2.86","1.45","5.40","1.17","1.83","1.98"
"17682","26-08-18 17:00","France","Ligue 1","2018/2019","Bordeaux","Monaco","3.05","3.46","2.38","1.05","11.50","1.29","3.80","1.97","1.95","3.38","1.34","7.10","1.11","1.64","2.26"
"17683","26-08-18 15:00","France","Ligue 1","2018/2019","Lille","Guingamp","1.90","3.60","4.30","1.05","11.50","1.30","3.68","1.99","1.93","3.44","1.33","6.70","1.12","1.75","2.08"
"17684","25-08-18 20:00","France","Ligue 1","2018/2019","Amiens","Reims","2.84","3.14","2.74","1.11","7.00","1.51","2.63","2.66","1.50","5.40","1.17","11.00","1.05","2.10","1.74"
"17685","25-08-18 20:00","France","Ligue 1","2018/2019","Montpellier","St Etienne","2.33","3.15","3.44","1.11","7.00","1.56","2.50","2.86","1.45","5.40","1.17","12.00","1.04","2.15","1.70"
"17686","25-08-18 20:00","France","Ligue 1","2018/2019","Nantes","Caen","2.11","3.12","4.12","1.13","6.50","1.56","2.50","2.86","1.45","5.95","1.14","12.00","1.04","2.24","1.65"
"17687","25-08-18 20:00","France","Ligue 1","2018/2019","Nice","Dijon","2.01","3.38","4.10","1.08","9.00","1.34","3.40","2.26","1.73","3.78","1.29","7.50","1.10","1.83","1.98"
"17688","25-08-18 20:00","France","Ligue 1","2018/2019","Toulouse","Nimes","2.54","3.50","2.96","","","1.26","3.78","1.95","1.99","3.24","1.33","6.00","1.10","1.70","2.21"
"17689","25-08-18 17:00","France","Ligue 1","2018/2019","PSG","Angers","1.10","12.50","32.00","","","1.07","7.70","1.25","3.88","1.74","2.27","2.65","1.47","2.15","1.77"
"17690","24-08-18 20:45","France","Ligue 1","2018/2019","Lyon","Strasbourg","1.38","5.05","8.60","1.03","15.00","1.23","4.32","1.70","2.20","2.86","1.45","5.10","1.18","1.90","1.90"
"17691","19-08-18 21:00","France","Ligue 1","2018/2019","Nimes","Marseille","5.15","4.06","1.67","1.02","15.00","1.20","4.78","1.61","2.39","2.50","1.56","4.50","1.22","1.53","2.50"
"17692","19-08-18 17:00","France","Ligue 1","2018/2019","Toulouse","Bordeaux","2.63","3.15","2.96","1.09","8.40","1.47","2.76","2.45","1.58","4.80","1.20","10.00","1.06","1.91","1.89"
"17693","19-08-18 15:00","France","Ligue 1","2018/2019","Strasbourg","St Etienne","2.78","3.22","2.73","1.08","9.00","1.41","3.00","2.38","1.66","4.46","1.22","9.20","1.07","1.90","1.90"
"17694","18-08-18 20:00","France","Ligue 1","2018/2019","Amiens","Montpellier","3.34","3.05","2.44","1.14","6.00","1.68","2.25","3.06","1.40","6.50","1.13","14.00","1.03","2.31","1.61"
"17695","18-08-18 20:00","France","Ligue 1","2018/2019","Caen","Nice","2.92","3.15","2.66","1.11","7.00","1.56","2.50","2.66","1.50","5.40","1.17","11.00","1.05","2.10","1.74"
"17696","18-08-18 20:00","France","Ligue 1","2018/2019","Dijon","Nantes","2.68","3.26","2.81","1.06","10.00","1.32","3.50","2.10","1.83","3.42","1.33","7.00","1.11","1.74","2.10"
"17697","18-08-18 20:00","France","Ligue 1","2018/2019","Monaco","Lille","1.63","4.02","5.75","1.03","13.00","1.23","4.32","1.70","2.20","2.66","1.50","5.10","1.18","1.70","2.15"
"17698","18-08-18 20:00","France","Ligue 1","2018/2019","Rennes","Angers","1.93","3.34","4.56","1.11","7.00","1.48","2.75","2.47","1.57","4.80","1.20","9.90","1.06","2.10","1.74"
"17699","18-08-18 17:00","France","Ligue 1","2018/2019","Guingamp","PSG","11.50","6.60","1.25","1.01","20.00","1.13","6.45","1.42","2.96","2.19","1.77","3.38","1.34","1.69","2.17"
"17700","17-08-18 20:45","France","Ligue 1","2018/2019","Reims","Lyon","5.20","4.10","1.72","1.03","15.00","1.20","4.44","1.75","2.26","2.75","1.44","4.90","1.14","1.74","2.19"
"17701","12-08-18 21:00","France","Ligue 1","2018/2019","PSG","Caen","1.09","13.50","36.00","","","1.06","9.20","1.25","3.88","1.74","2.24","2.58","1.49","2.30","1.68"
"17702","12-08-18 17:00","France","Ligue 1","2018/2019","Bordeaux","Strasbourg","1.98","3.48","4.44","1.04","8.60","1.39","2.95","2.38","1.66","4.44","1.20","8.50","1.04","2.05","1.85"
"17703","12-08-18 15:00","France","Ligue 1","2018/2019","Lyon","Amiens","1.26","6.60","14.00","1.01","19.00","1.14","5.45","1.54","2.69","2.38","1.68","3.92","1.21","2.02","1.87"
"17704","11-08-18 20:00","France","Ligue 1","2018/2019","Angers","Nimes","2.45","3.13","3.46","1.05","7.80","1.44","2.75","2.55","1.59","4.84","1.18","9.50","1.03","1.98","1.90"
"17705","11-08-18 20:00","France","Ligue 1","2018/2019","Lille","Rennes","2.83","3.32","2.75","1.03","9.40","1.35","3.15","2.24","1.74","4.10","1.23","7.80","1.05","1.91","1.95"
"17706","11-08-18 20:00","France","Ligue 1","2018/2019","Montpellier","Dijon","1.79","3.64","5.40","1.03","9.60","1.34","3.20","2.22","1.76","3.98","1.24","7.70","1.05","2.04","1.85"
"17707","11-08-18 20:00","France","Ligue 1","2018/2019","Nice","Reims","1.91","3.40","4.98","1.03","9.30","1.33","3.24","2.21","1.76","3.88","1.25","7.60","1.05","1.95","1.90"
"17708","11-08-18 20:00","France","Ligue 1","2018/2019","St Etienne","Guingamp","1.86","3.62","4.92","1.02","10.00","1.32","3.32","2.14","1.81","3.78","1.26","7.30","1.06","1.95","1.90"
"17709","11-08-18 17:00","France","Ligue 1","2018/2019","Nantes","Monaco","2.63","3.34","2.97","1.02","9.80","1.33","3.24","2.18","1.78","3.88","1.25","7.40","1.06","1.83","2.07"
"17710","10-08-18 20:45","France","Ligue 1","2018/2019","Marseille","Toulouse","1.48","4.60","8.00","1.02","14.00","1.21","4.30","1.77","2.22","2.83","1.42","5.10","1.13","1.90","1.95"
"17711","19-05-18 21:00","France","Ligue 1","2017/2018","Caen","PSG","4.10","3.54","2.04","1.03","10.00","1.16","4.54","1.64","2.23","2.75","1.54","4.94","1.17","1.59","2.48"
"17712","19-05-18 21:00","France","Ligue 1","2017/2018","Dijon","Angers","2.39","3.64","3.09","1.02","11.00","1.17","5.00","1.64","2.48","2.45","1.54","4.32","1.18","1.54","2.63"
"17713","19-05-18 21:00","France","Ligue 1","2017/2018","Lyon","Nice","1.48","5.40","6.35","1.01","27.00","1.07","6.90","1.32","3.32","2.00","1.94","3.00","1.38","1.52","2.63"
"17714","19-05-18 21:00","France","Ligue 1","2017/2018","Marseille","Amiens","1.23","8.20","12.50","","","1.06","7.10","1.30","3.46","1.88","2.07","2.86","1.41","1.71","2.23"
"17715","19-05-18 21:00","France","Ligue 1","2017/2018","Metz","Bordeaux","7.80","5.30","1.41","1.02","12.00","1.13","5.65","1.51","2.82","2.17","1.66","3.64","1.23","1.70","2.20"
"17716","19-05-18 21:00","France","Ligue 1","2017/2018","Nantes","Strasbourg","1.81","3.84","4.88","1.04","12.00","1.23","4.10","1.86","2.09","3.05","1.37","5.60","1.11","1.71","2.15"
"17717","19-05-18 21:00","France","Ligue 1","2017/2018","Rennes","Montpellier","1.95","3.52","4.54","1.02","10.00","1.32","3.32","2.14","1.83","3.70","1.27","7.10","1.06","1.91","1.95"
"17718","19-05-18 21:00","France","Ligue 1","2017/2018","St Etienne","Lille","1.61","4.54","5.60","1.03","15.00","1.17","4.74","1.66","2.43","2.52","1.50","4.40","1.17","1.67","2.21"
"17719","19-05-18 21:00","France","Ligue 1","2017/2018","Toulouse","Guingamp","1.71","4.28","4.94","1.02","12.00","1.12","5.90","1.51","2.82","2.16","1.66","3.64","1.23","1.54","2.55"
"17720","19-05-18 21:00","France","Ligue 1","2017/2018","Troyes","Monaco","4.92","3.98","1.78","1.02","17.00","1.15","5.25","1.60","2.57","2.35","1.58","4.10","1.20","1.58","2.50"
"17721","12-05-18 21:00","France","Ligue 1","2017/2018","Amiens","Metz","1.79","4.14","4.62","1.03","11.00","1.18","4.74","1.66","2.39","2.55","1.50","4.50","1.17","1.66","2.34"
"17722","12-05-18 21:00","France","Ligue 1","2017/2018","Angers","Nantes","2.45","3.28","3.28","1.03","9.50","1.34","3.20","2.22","1.77","3.88","1.25","7.60","1.06","1.91","1.97"
"17723","12-05-18 21:00","France","Ligue 1","2017/2018","Bordeaux","Toulouse","1.79","3.78","5.15","1.01","11.50","1.28","3.62","2.01","1.93","3.40","1.31","6.50","1.08","1.91","1.95"
"17724","12-05-18 21:00","France","Ligue 1","2017/2018","Lille","Dijon","1.51","4.70","7.00","1.02","11.00","1.16","5.20","1.60","2.53","2.42","1.55","4.24","1.18","1.70","2.20"
"17725","12-05-18 21:00","France","Ligue 1","2017/2018","Monaco","St Etienne","1.74","4.20","4.90","1.03","11.00","1.18","4.74","1.66","2.38","2.55","1.50","4.50","1.17","1.63","2.35"
"17726","12-05-18 21:00","France","Ligue 1","2017/2018","Montpellier","Troyes","1.73","4.00","5.30","1.01","11.50","1.30","3.46","2.05","1.90","3.58","1.29","6.80","1.07","1.95","1.91"
"17727","12-05-18 21:00","France","Ligue 1","2017/2018","Nice","Caen","1.60","4.14","6.60","1.04","11.00","1.26","3.78","1.91","2.01","3.15","1.35","5.85","1.10","1.94","1.94"
"17728","12-05-18 21:00","France","Ligue 1","2017/2018","PSG","Rennes","1.32","6.50","9.40","","","1.06","7.20","1.30","3.46","1.86","2.09","2.83","1.42","1.57","2.54"
"17729","12-05-18 21:00","France","Ligue 1","2017/2018","Strasbourg","Lyon","5.25","4.64","1.63","1.02","20.00","1.13","5.75","1.51","2.79","2.21","1.65","3.74","1.23","1.55","2.59"
"17730","11-05-18 20:45","France","Ligue 1","2017/2018","Guingamp","Marseille","5.10","4.40","1.69","1.02","19.00","1.14","5.55","1.54","2.73","2.25","1.63","3.80","1.22","1.59","2.45"
"17731","06-05-18 21:05","France","Ligue 1","2017/2018","Marseille","Nice","1.88","3.92","4.34","1.03","11.00","1.17","5.00","1.63","2.46","2.45","1.54","4.24","1.18","1.58","2.50"
"17732","06-05-18 17:00","France","Ligue 1","2017/2018","Caen","Monaco","3.20","3.40","2.44","1.01","10.50","1.30","3.46","2.07","1.86","3.58","1.29","6.80","1.07","1.79","2.10"
"17733","06-05-18 17:00","France","Ligue 1","2017/2018","Dijon","Guingamp","2.91","3.56","2.54","1.03","11.00","1.17","4.90","1.65","2.41","2.50","1.52","4.40","1.17","1.54","2.53"
"17734","06-05-18 17:00","France","Ligue 1","2017/2018","Metz","Angers","2.84","3.50","2.63","1.01","11.50","1.28","3.62","1.99","1.93","3.40","1.31","6.30","1.09","1.74","2.18"
"17735","06-05-18 17:00","France","Ligue 1","2017/2018","Nantes","Montpellier","2.11","3.52","3.86","1.04","8.60","1.42","2.83","2.44","1.64","4.60","1.19","9.10","1.03","2.02","1.83"
"17736","06-05-18 17:00","France","Ligue 1","2017/2018","Rennes","Strasbourg","1.98","3.68","4.16","1.01","11.50","1.28","3.62","1.99","1.93","3.40","1.31","6.40","1.08","1.81","2.02"
"17737","06-05-18 17:00","France","Ligue 1","2017/2018","Toulouse","Lille","2.43","3.32","3.28","1.03","9.00","1.37","3.05","2.32","1.70","4.20","1.22","8.10","1.05","1.99","1.89"
"17738","06-05-18 16:30","France","Ligue 1","2017/2018","Lyon","Troyes","1.19","9.10","15.00","","","1.06","8.00","1.25","3.88","1.73","2.26","2.58","1.49","1.85","2.04"
"17739","06-05-18 15:00","France","Ligue 1","2017/2018","St Etienne","Bordeaux","2.08","3.44","4.06","1.03","9.60","1.33","3.24","2.19","1.78","3.88","1.25","7.50","1.06","1.98","1.90"
"17740","04-05-18 20:45","France","Ligue 1","2017/2018","Amiens","PSG","10.50","6.40","1.31","1.01","30.00","1.06","7.00","1.32","3.32","2.00","1.92","3.05","1.37","1.66","2.32"
"17741","29-04-18 21:00","France","Ligue 1","2017/2018","PSG","Guingamp","1.12","11.00","30.00","","","1.06","8.30","1.21","4.30","1.65","2.45","2.38","1.57","1.94","1.94"
"17742","29-04-18 17:00","France","Ligue 1","2017/2018","Angers","Marseille","4.60","3.88","1.85","1.04","13.00","1.24","3.98","1.88","2.07","3.10","1.36","5.80","1.10","1.75","2.10"
"17743","29-04-18 15:00","France","Ligue 1","2017/2018","Rennes","Toulouse","2.01","3.44","4.36","1.03","9.00","1.37","3.05","2.31","1.72","4.14","1.22","8.10","1.05","2.00","1.87"
"17744","28-04-18 20:00","France","Ligue 1","2017/2018","Bordeaux","Dijon","1.56","4.44","6.65","1.03","10.00","1.23","4.10","1.83","2.13","2.95","1.39","5.30","1.12","1.91","1.96"
"17745","28-04-18 20:00","France","Ligue 1","2017/2018","Lille","Metz","1.96","3.64","4.30","","","1.27","3.70","1.96","1.96","3.32","1.32","6.30","1.09","1.81","2.09"
"17746","28-04-18 20:00","France","Ligue 1","2017/2018","Monaco","Amiens","1.25","6.70","14.50","1.02","12.00","1.15","5.30","1.56","2.64","2.35","1.58","4.04","1.20","2.08","1.82"
"17747","28-04-18 20:00","France","Ligue 1","2017/2018","Strasbourg","Nice","3.40","3.30","2.38","1.02","10.50","1.29","3.58","2.05","1.90","3.46","1.30","6.60","1.08","1.79","2.11"
"17748","28-04-18 20:00","France","Ligue 1","2017/2018","Troyes","Caen","2.48","3.18","3.34","1.06","7.70","1.45","2.73","2.58","1.58","4.90","1.17","9.60","1.03","2.02","1.81"
"17749","28-04-18 17:00","France","Ligue 1","2017/2018","Lyon","Nantes","1.30","6.20","11.50","1.02","12.00","1.14","5.50","1.53","2.73","2.25","1.63","3.80","1.22","1.91","1.95"
"17750","27-04-18 20:45","France","Ligue 1","2017/2018","Montpellier","St Etienne","2.58","3.24","3.12","1.04","8.30","1.41","2.86","2.46","1.63","4.60","1.19","9.10","1.03","2.08","1.82"
"17751","25-04-18 18:45","France","Ligue 1","2017/2018","Caen","Toulouse","3.08","2.78","3.00","1.11","6.30","1.54","2.70","2.71","1.45","5.10","1.13","","","2.15","1.77"
"17752","22-04-18 21:00","France","Ligue 1","2017/2018","Bordeaux","PSG","6.75","4.84","1.51","1.02","12.00","1.11","5.50","1.52","2.79","2.28","1.72","3.88","1.25","1.63","2.41"
"17753","22-04-18 17:00","France","Ligue 1","2017/2018","St Etienne","Troyes","1.57","4.14","7.20","1.01","11.50","1.24","3.98","1.97","1.97","3.15","1.35","6.00","1.10","2.03","1.86"
"17754","22-04-18 15:00","France","Ligue 1","2017/2018","Nice","Montpellier","2.02","3.38","4.40","1.03","8.70","1.38","3.00","2.35","1.70","4.20","1.22","8.40","1.04","2.05","1.82"
"17755","21-04-18 20:00","France","Ligue 1","2017/2018","Amiens","Strasbourg","2.76","3.18","2.93","1.03","8.90","1.37","3.05","2.31","1.70","4.14","1.22","8.10","1.05","1.95","1.93"
"17756","21-04-18 20:00","France","Ligue 1","2017/2018","Guingamp","Monaco","4.58","4.00","1.82","1.02","11.00","1.14","5.50","1.61","2.50","2.33","1.59","4.04","1.20","1.58","2.50"
"17757","21-04-18 20:00","France","Ligue 1","2017/2018","Metz","Caen","2.41","3.42","3.22","1.02","9.80","1.34","3.20","2.20","1.77","3.88","1.25","7.50","1.06","1.81","2.04"
"17758","21-04-18 20:00","France","Ligue 1","2017/2018","Toulouse","Angers","2.38","3.16","3.56","1.06","7.70","1.40","2.91","2.55","1.59","4.60","1.19","9.10","1.03","2.10","1.80"
"17759","21-04-18 17:00","France","Ligue 1","2017/2018","Marseille","Lille","1.37","5.50","9.40","1.02","12.00","1.14","4.84","1.54","2.45","2.50","1.61","4.30","1.21","1.97","1.92"
"17760","20-04-18 21:00","France","Ligue 1","2017/2018","Dijon","Lyon","8.40","5.30","1.41","1.02","12.00","1.12","5.30","1.53","2.76","2.26","1.73","3.88","1.25","1.74","2.19"
"17761","20-04-18 19:30","France","Ligue 1","2017/2018","Nantes","Rennes","2.38","3.14","3.58","1.05","7.80","1.39","2.95","2.54","1.61","4.60","1.19","9.10","1.03","2.10","1.81"
"17762","15-04-18 21:00","France","Ligue 1","2017/2018","PSG","Monaco","1.31","6.80","9.30","","","1.09","6.85","1.28","3.62","1.88","2.05","2.79","1.43","1.60","2.46"
"17763","15-04-18 17:00","France","Ligue 1","2017/2018","Troyes","Marseille","6.80","4.50","1.54","1.04","13.00","1.25","3.88","1.87","2.06","3.08","1.37","5.60","1.11","1.95","1.91"
"17764","15-04-18 15:00","France","Ligue 1","2017/2018","Montpellier","Bordeaux","2.27","3.10","3.94","1.07","6.90","1.47","2.65","2.79","1.51","5.30","1.15","10.50","1.02","2.22","1.67"
"17765","14-04-18 20:00","France","Ligue 1","2017/2018","Lille","Guingamp","2.35","3.38","3.38","1.03","9.50","1.32","3.32","2.24","1.76","3.88","1.25","7.50","1.06","1.91","1.96"
"17766","14-04-18 20:00","France","Ligue 1","2017/2018","Nantes","Dijon","1.56","4.34","6.85","1.01","11.50","1.29","3.58","1.98","1.94","3.46","1.30","6.40","1.08","2.05","1.82"
"17767","14-04-18 20:00","France","Ligue 1","2017/2018","Rennes","Metz","1.45","4.84","8.20","1.03","11.00","1.17","4.90","1.70","2.31","2.61","1.48","4.70","1.15","1.90","1.98"
"17768","14-04-18 20:00","France","Ligue 1","2017/2018","Strasbourg","St Etienne","3.22","3.40","2.42","1.02","10.50","1.32","3.32","2.12","1.82","3.70","1.27","7.00","1.06","1.78","2.04"
"17769","14-04-18 17:00","France","Ligue 1","2017/2018","Lyon","Amiens","1.22","7.40","16.00","1.02","12.00","1.10","5.80","1.42","2.83","2.29","1.72","3.70","1.27","2.13","1.78"
"17770","13-04-18 20:45","France","Ligue 1","2017/2018","Angers","Nice","2.63","3.28","2.99","1.03","9.40","1.35","3.15","2.23","1.75","3.98","1.24","7.80","1.05","1.91","1.97"
"17771","08-04-18 21:00","France","Ligue 1","2017/2018","Marseille","Montpellier","1.91","3.56","4.68","1.02","10.50","1.31","3.40","2.12","1.84","3.70","1.27","7.00","1.06","1.90","1.98"
"17772","08-04-18 17:00","France","Ligue 1","2017/2018","Metz","Lyon","6.10","4.80","1.55","1.02","11.00","1.13","5.20","1.51","2.53","2.57","1.60","4.30","1.21","1.66","2.33"
"17773","08-04-18 15:00","France","Ligue 1","2017/2018","Nice","Rennes","1.90","3.72","4.48","","","1.27","3.70","1.97","1.97","3.32","1.32","6.30","1.09","1.80","2.04"
"17774","07-04-18 20:00","France","Ligue 1","2017/2018","Amiens","Caen","2.56","3.04","3.36","1.08","6.50","1.53","2.46","2.94","1.47","5.90","1.13","","","2.25","1.66"
"17775","07-04-18 20:00","France","Ligue 1","2017/2018","Angers","Strasbourg","1.92","3.48","4.78","1.03","9.10","1.36","3.10","2.30","1.71","4.10","1.23","7.80","1.05","1.95","1.90"
"17776","07-04-18 20:00","France","Ligue 1","2017/2018","Bordeaux","Lille","1.74","3.72","5.75","1.03","9.10","1.33","3.24","2.30","1.71","4.10","1.23","8.10","1.05","2.12","1.74"
"17777","07-04-18 20:00","France","Ligue 1","2017/2018","Guingamp","Troyes","1.93","3.58","4.54","1.03","9.20","1.37","3.05","2.30","1.71","4.20","1.22","8.10","1.05","2.00","1.87"
"17778","07-04-18 20:00","France","Ligue 1","2017/2018","Toulouse","Dijon","2.07","3.50","4.02","1.01","11.00","1.26","3.78","2.01","1.91","3.26","1.33","6.30","1.09","1.85","2.04"
"17779","07-04-18 17:00","France","Ligue 1","2017/2018","Monaco","Nantes","1.66","4.10","5.85","1.04","9.40","1.24","3.98","1.87","2.06","3.05","1.37","5.60","1.11","1.82","2.00"
"17780","06-04-18 20:45","France","Ligue 1","2017/2018","St Etienne","PSG","7.50","5.30","1.44","1.02","12.00","1.11","5.50","1.47","2.65","2.38","1.68","3.98","1.24","1.77","2.16"
"17781","04-04-18 18:45","France","Ligue 1","2017/2018","Rennes","Monaco","3.50","3.58","2.21","1.02","13.50","1.19","4.60","1.81","2.16","2.79","1.43","5.10","1.13","1.63","2.33"
"17782","01-04-18 21:00","France","Ligue 1","2017/2018","Lyon","Toulouse","1.40","5.20","9.00","1.03","10.00","1.21","4.30","1.75","2.26","2.83","1.42","5.10","1.14","1.95","1.91"
"17783","01-04-18 17:00","France","Ligue 1","2017/2018","Caen","Montpellier","3.42","3.10","2.49","1.06","7.00","1.46","2.68","2.81","1.52","5.30","1.15","10.50","1.02","2.20","1.73"
"17784","01-04-18 17:00","France","Ligue 1","2017/2018","Lille","Amiens","2.17","3.24","4.02","1.06","7.50","1.46","2.68","2.65","1.57","5.10","1.16","9.90","1.02","2.20","1.74"
"17785","01-04-18 17:00","France","Ligue 1","2017/2018","Nantes","St Etienne","2.29","3.22","3.70","1.05","8.20","1.38","3.00","2.47","1.64","4.44","1.20","8.70","1.03","2.09","1.81"
"17786","01-04-18 17:00","France","Ligue 1","2017/2018","Strasbourg","Metz","1.91","3.72","4.44","1.04","13.50","1.23","4.10","1.83","2.11","2.95","1.39","5.50","1.11","1.74","2.18"
"17787","01-04-18 17:00","France","Ligue 1","2017/2018","Troyes","Nice","3.84","3.44","2.14","1.03","9.70","1.33","3.26","2.23","1.78","3.88","1.25","7.50","1.06","1.95","1.92"
"17788","01-04-18 15:00","France","Ligue 1","2017/2018","Guingamp","Bordeaux","3.22","3.14","2.58","1.05","7.90","1.42","2.83","2.52","1.62","4.74","1.18","9.30","1.03","2.05","1.84"
"17789","31-03-18 17:00","France","Ligue 1","2017/2018","Dijon","Marseille","4.90","4.10","1.76","1.03","11.00","1.18","4.74","1.66","2.39","2.58","1.49","4.54","1.16","1.62","2.40"
"17790","18-03-18 21:00","France","Ligue 1","2017/2018","Marseille","Lyon","2.00","3.64","4.10","1.03","8.10","1.22","4.14","1.83","2.11","2.95","1.39","5.50","1.11","1.66","2.26"
"17791","18-03-18 17:00","France","Ligue 1","2017/2018","St Etienne","Guingamp","1.80","3.70","5.20","1.02","10.00","1.30","3.46","2.17","1.79","3.70","1.27","7.30","1.06","2.09","1.82"
"17792","18-03-18 15:00","France","Ligue 1","2017/2018","Metz","Nantes","3.76","3.38","2.19","1.03","8.70","1.39","2.95","2.38","1.67","4.44","1.20","8.60","1.04","2.00","1.88"
"17793","18-03-18 13:00","France","Ligue 1","2017/2018","Nice","PSG","9.50","5.80","1.35","1.01","10.00","1.10","5.80","1.41","2.86","2.21","1.76","3.62","1.28","1.77","2.15"
"17794","17-03-18 20:00","France","Ligue 1","2017/2018","Amiens","Troyes","2.43","3.13","3.50","1.06","7.40","1.45","2.71","2.66","1.55","5.10","1.16","9.90","1.02","2.13","1.73"
"17795","17-03-18 20:00","France","Ligue 1","2017/2018","Angers","Caen","2.06","3.22","4.50","1.06","7.30","1.47","2.65","2.68","1.56","5.10","1.16","9.90","1.02","2.25","1.67"
"17796","17-03-18 20:00","France","Ligue 1","2017/2018","Montpellier","Dijon","1.75","3.80","5.50","1.02","10.00","1.30","3.46","2.18","1.80","3.78","1.26","7.30","1.06","2.10","1.80"
"17797","17-03-18 20:00","France","Ligue 1","2017/2018","Toulouse","Strasbourg","2.03","3.42","4.28","1.03","9.00","1.37","3.08","2.29","1.72","4.10","1.23","8.10","1.05","2.07","1.83"
"17798","17-03-18 17:00","France","Ligue 1","2017/2018","Bordeaux","Rennes","2.14","3.28","4.06","1.04","8.30","1.40","2.91","2.41","1.65","4.44","1.20","8.60","1.04","2.05","1.84"
"17799","16-03-18 20:45","France","Ligue 1","2017/2018","Monaco","Lille","1.34","5.60","11.00","1.02","9.10","1.14","4.84","1.55","2.42","2.65","1.57","4.44","1.20","1.99","1.89"
"17800","14-03-18 17:00","France","Ligue 1","2017/2018","PSG","Angers","1.09","14.00","34.00","1.01","26.00","1.06","6.80","1.26","3.78","1.79","2.19","2.68","1.46","2.35","1.65"
"17801","11-03-18 21:00","France","Ligue 1","2017/2018","Toulouse","Marseille","4.62","3.52","1.93","1.03","9.60","1.31","3.40","2.21","1.76","3.78","1.26","7.30","1.06","1.99","1.89"
"17802","11-03-18 17:00","France","Ligue 1","2017/2018","Lyon","Caen","1.41","5.10","8.90","1.02","14.50","1.21","4.30","1.77","2.20","2.86","1.41","5.20","1.13","2.00","1.85"
"17803","11-03-18 15:00","France","Ligue 1","2017/2018","Guingamp","Nice","2.84","3.20","2.83","1.03","8.80","1.34","3.20","2.34","1.69","4.10","1.23","8.10","1.05","1.93","1.92"
"17804","10-03-18 20:00","France","Ligue 1","2017/2018","Bordeaux","Angers","1.92","3.32","5.15","1.05","8.20","1.39","2.95","2.40","1.66","4.30","1.21","8.40","1.04","2.15","1.75"
"17805","10-03-18 20:00","France","Ligue 1","2017/2018","Dijon","Amiens","2.14","3.38","3.94","1.03","9.70","1.29","3.54","2.15","1.80","3.62","1.28","7.00","1.06","1.90","1.98"
"17806","10-03-18 20:00","France","Ligue 1","2017/2018","Lille","Montpellier","3.22","3.10","2.60","1.06","7.60","1.45","2.73","2.59","1.58","4.90","1.17","9.70","1.03","2.17","1.76"
"17807","10-03-18 20:00","France","Ligue 1","2017/2018","Nantes","Troyes","1.61","3.80","7.50","1.05","8.20","1.40","2.91","2.46","1.63","4.60","1.19","9.10","1.03","2.42","1.58"
"17808","10-03-18 20:00","France","Ligue 1","2017/2018","Rennes","St Etienne","2.18","3.32","3.88","1.03","8.80","1.37","3.05","2.33","1.71","4.20","1.22","8.10","1.05","1.97","1.91"
"17809","10-03-18 17:00","France","Ligue 1","2017/2018","PSG","Metz","1.08","16.00","39.00","1.01","29.00","1.03","12.00","1.14","5.10","1.45","2.71","2.21","1.78","2.12","1.79"
"17810","09-03-18 20:45","France","Ligue 1","2017/2018","Strasbourg","Monaco","5.30","3.94","1.74","1.03","13.00","1.24","3.98","1.86","2.09","3.05","1.37","5.60","1.11","1.80","2.10"
"17811","04-03-18 21:00","France","Ligue 1","2017/2018","Marseille","Nantes","1.54","4.20","7.70","","","1.25","3.88","1.90","2.02","3.10","1.36","5.80","1.10","1.95","1.93"
"17812","04-03-18 17:00","France","Ligue 1","2017/2018","Montpellier","Lyon","2.96","3.20","2.72","1.03","9.00","1.33","3.26","2.28","1.72","3.98","1.24","7.80","1.05","1.88","1.96"
"17813","04-03-18 15:00","France","Ligue 1","2017/2018","Caen","Strasbourg","2.24","3.26","3.78","1.03","8.80","1.37","3.05","2.32","1.70","4.20","1.22","8.10","1.05","2.00","1.86"
"17814","03-03-18 20:00","France","Ligue 1","2017/2018","Amiens","Rennes","3.58","3.20","2.34","1.04","8.30","1.40","2.91","2.41","1.65","4.44","1.20","8.70","1.03","2.06","1.83"
"17815","03-03-18 20:00","France","Ligue 1","2017/2018","Angers","Guingamp","1.99","3.38","4.54","1.04","8.60","1.35","3.15","2.35","1.68","4.10","1.23","8.10","1.05","2.05","1.81"
"17816","03-03-18 20:00","France","Ligue 1","2017/2018","Metz","Toulouse","2.88","3.24","2.77","1.03","9.40","1.35","3.15","2.28","1.72","3.98","1.24","7.80","1.05","1.90","1.98"
"17817","03-03-18 20:00","France","Ligue 1","2017/2018","St Etienne","Dijon","1.74","3.80","5.60","1.01","11.00","1.27","3.70","2.06","1.87","3.46","1.30","6.60","1.08","2.00","1.89"
"17818","03-03-18 17:00","France","Ligue 1","2017/2018","Troyes","PSG","9.60","5.80","1.35","1.02","9.10","1.15","5.30","1.62","2.48","2.42","1.55","4.14","1.19","1.94","1.94"
"17819","02-03-18 20:45","France","Ligue 1","2017/2018","Monaco","Bordeaux","1.69","3.94","5.85","1.01","11.50","1.27","3.70","1.99","1.95","3.32","1.32","6.30","1.09","1.93","1.95"
"17820","02-03-18 19:00","France","Ligue 1","2017/2018","Nice","Lille","1.79","3.62","5.50","1.03","9.60","1.32","3.32","2.24","1.76","3.88","1.25","7.50","1.06","2.10","1.79"
"17821","25-02-18 21:00","France","Ligue 1","2017/2018","PSG","Marseille","1.29","6.90","10.50","1.01","26.00","1.07","8.30","1.26","3.78","1.82","2.15","2.65","1.47","1.62","2.40"
"17822","25-02-18 17:00","France","Ligue 1","2017/2018","Lyon","St Etienne","1.61","4.24","6.20","1.03","8.60","1.18","4.74","1.69","2.33","2.61","1.48","4.70","1.15","1.72","2.22"
"17823","25-02-18 15:00","France","Ligue 1","2017/2018","Bordeaux","Nice","2.07","3.24","4.42","1.05","7.90","1.38","3.00","2.48","1.62","4.44","1.20","8.70","1.03","2.07","1.78"
"17824","24-02-18 20:00","France","Ligue 1","2017/2018","Dijon","Caen","2.39","3.40","3.28","1.01","11.00","1.29","3.58","2.02","1.90","3.40","1.31","6.40","1.08","1.82","2.09"
"17825","24-02-18 20:00","France","Ligue 1","2017/2018","Guingamp","Metz","2.08","3.50","3.96","1.01","11.00","1.26","3.78","2.04","1.89","3.32","1.32","6.40","1.08","1.88","2.01"
"17826","24-02-18 20:00","France","Ligue 1","2017/2018","Lille","Angers","2.51","3.13","3.34","1.06","7.50","1.46","2.68","2.65","1.56","5.10","1.16","9.90","1.02","2.12","1.75"
"17827","24-02-18 20:00","France","Ligue 1","2017/2018","Nantes","Amiens","1.63","3.76","7.20","1.04","8.40","1.37","3.08","2.41","1.65","4.30","1.21","8.60","1.04","2.45","1.58"
"17828","24-02-18 20:00","France","Ligue 1","2017/2018","Rennes","Troyes","1.67","3.92","6.10","1.03","9.10","1.38","3.00","2.33","1.69","4.30","1.21","8.40","1.04","2.22","1.72"
"17829","24-02-18 17:00","France","Ligue 1","2017/2018","Toulouse","Monaco","5.00","3.58","1.86","1.02","10.50","1.28","3.62","2.10","1.84","3.54","1.29","6.80","1.07","1.95","1.91"
"17830","23-02-18 20:45","France","Ligue 1","2017/2018","Strasbourg","Montpellier","3.08","3.15","2.66","1.05","8.20","1.40","2.91","2.45","1.65","4.44","1.20","8.70","1.03","2.05","1.84"
"17831","20-02-18 18:30","France","Ligue 1","2017/2018","Troyes","Dijon","2.65","3.28","2.98","1.02","10.00","1.30","3.46","2.13","1.82","3.62","1.28","7.00","1.06","1.80","2.10"
"17832","18-02-18 21:00","France","Ligue 1","2017/2018","Marseille","Bordeaux","1.64","4.14","6.05","1.03","8.60","1.22","4.20","1.80","2.18","2.86","1.41","5.20","1.13","1.72","2.15"
"17833","18-02-18 17:00","France","Ligue 1","2017/2018","Lille","Lyon","4.36","3.56","1.97","1.05","7.20","1.26","3.78","2.04","1.89","3.40","1.31","6.40","1.08","1.90","1.98"
"17834","18-02-18 15:00","France","Ligue 1","2017/2018","Nice","Nantes","2.28","3.34","3.58","1.03","9.30","1.35","3.15","2.26","1.75","3.98","1.24","7.80","1.05","1.95","1.91"
"17835","17-02-18 20:00","France","Ligue 1","2017/2018","Amiens","Toulouse","2.74","3.00","3.12","1.07","6.80","1.46","2.68","2.79","1.51","5.30","1.15","10.50","1.02","2.14","1.73"
"17836","17-02-18 20:00","France","Ligue 1","2017/2018","Angers","St Etienne","2.77","3.10","3.00","1.05","8.20","1.40","2.91","2.44","1.64","4.44","1.20","8.70","1.03","2.00","1.86"
"17837","17-02-18 20:00","France","Ligue 1","2017/2018","Caen","Rennes","2.70","3.16","3.02","1.04","8.40","1.37","3.05","2.38","1.66","4.30","1.21","8.40","1.04","2.00","1.89"
"17838","17-02-18 20:00","France","Ligue 1","2017/2018","Montpellier","Guingamp","1.78","3.62","5.60","1.04","8.40","1.37","3.05","2.41","1.65","4.30","1.21","8.40","1.04","2.19","1.74"
"17839","17-02-18 20:00","France","Ligue 1","2017/2018","Troyes","Metz","2.63","3.24","3.05","1.03","9.50","1.31","3.40","2.22","1.77","3.78","1.26","7.30","1.06","1.85","2.00"
"17840","17-02-18 17:00","France","Ligue 1","2017/2018","PSG","Strasbourg","1.05","19.00","64.00","","","1.02","9.00","1.13","5.20","1.40","2.91","1.98","1.96","2.24","1.71"
"17841","16-02-18 20:45","France","Ligue 1","2017/2018","Monaco","Dijon","1.36","5.70","9.30","1.01","10.00","1.08","6.40","1.37","3.05","2.16","1.81","3.40","1.31","1.70","2.20"
"17842","11-02-18 21:00","France","Ligue 1","2017/2018","Lyon","Rennes","1.44","5.00","8.10","1.01","19.00","1.13","5.90","1.54","2.74","2.13","1.70","3.56","1.25","1.74","2.20"
"17843","11-02-18 17:00","France","Ligue 1","2017/2018","Nantes","Lille","1.96","3.30","4.88","1.06","7.70","1.43","2.79","2.52","1.62","4.74","1.18","9.10","1.03","2.23","1.67"
"17844","11-02-18 15:00","France","Ligue 1","2017/2018","Strasbourg","Troyes","1.91","3.50","4.78","1.03","9.50","1.34","3.20","2.23","1.77","3.98","1.24","7.50","1.06","2.03","1.83"
"17845","10-02-18 20:00","France","Ligue 1","2017/2018","Angers","Monaco","3.18","3.34","2.48","1.02","10.00","1.32","3.32","2.14","1.83","3.70","1.27","7.00","1.06","1.90","1.98"
"17846","10-02-18 20:00","France","Ligue 1","2017/2018","Bordeaux","Amiens","1.55","4.00","8.10","1.03","9.20","1.34","3.20","2.21","1.78","3.88","1.25","7.50","1.06","2.35","1.65"
"17847","10-02-18 20:00","France","Ligue 1","2017/2018","Dijon","Nice","2.88","3.30","2.72","1.02","10.50","1.30","3.46","2.06","1.87","3.58","1.29","6.80","1.07","1.80","2.07"
"17848","10-02-18 20:00","France","Ligue 1","2017/2018","Guingamp","Caen","2.17","3.28","3.96","1.03","8.90","1.36","3.10","2.29","1.73","4.10","1.23","7.80","1.05","2.00","1.88"
"17849","10-02-18 20:00","France","Ligue 1","2017/2018","Metz","Montpellier","3.50","3.30","2.33","1.03","8.80","1.38","3.00","2.36","1.68","4.30","1.21","8.40","1.04","2.00","1.88"
"17850","10-02-18 17:00","France","Ligue 1","2017/2018","Toulouse","PSG","17.00","8.00","1.20","1.01","10.00","1.09","6.10","1.43","3.16","2.06","1.87","3.26","1.33","2.14","1.78"
"17851","09-02-18 20:45","France","Ligue 1","2017/2018","St Etienne","Marseille","3.96","3.56","2.06","1.03","12.50","1.25","3.88","1.91","2.03","3.15","1.35","6.00","1.10","1.72","2.18"
"17852","04-02-18 21:00","France","Ligue 1","2017/2018","Monaco","Lyon","2.66","3.60","2.74","1.01","18.00","1.11","6.30","1.53","2.72","2.14","1.69","3.64","1.24","1.47","2.75"
"17853","04-02-18 17:00","France","Ligue 1","2017/2018","Caen","Nantes","3.08","2.98","2.80","1.08","6.60","1.49","2.58","2.90","1.48","5.50","1.14","11.50","1.01","2.23","1.67"
"17854","04-02-18 15:00","France","Ligue 1","2017/2018","Rennes","Guingamp","1.85","3.50","5.20","1.02","10.00","1.31","3.40","2.12","1.82","3.70","1.27","7.30","1.06","2.03","1.86"
"17855","03-02-18 20:00","France","Ligue 1","2017/2018","Amiens","St Etienne","3.04","3.05","2.77","1.06","7.70","1.38","3.00","2.51","1.62","4.44","1.20","8.70","1.03","2.06","1.83"
"17856","03-02-18 20:00","France","Ligue 1","2017/2018","Montpellier","Angers","2.12","3.16","4.36","1.08","6.70","1.52","2.50","2.88","1.50","5.70","1.14","11.50","1.01","2.36","1.62"
"17857","03-02-18 20:00","France","Ligue 1","2017/2018","Nice","Toulouse","1.86","3.64","4.90","1.03","8.90","1.35","3.15","2.34","1.70","4.10","1.23","8.10","1.05","2.03","1.83"
"17858","03-02-18 20:00","France","Ligue 1","2017/2018","Strasbourg","Bordeaux","3.34","3.15","2.49","1.03","8.70","1.37","3.05","2.33","1.70","4.14","1.22","8.10","1.05","1.98","1.90"
"17859","03-02-18 17:00","France","Ligue 1","2017/2018","Lille","PSG","21.00","8.70","1.17","1.01","10.00","1.10","6.00","1.40","2.91","2.10","1.84","3.40","1.31","2.44","1.61"
"17860","02-02-18 20:45","France","Ligue 1","2017/2018","Marseille","Metz","1.30","6.30","11.00","1.01","18.00","1.12","5.30","1.47","2.65","2.38","1.68","3.88","1.25","1.94","1.94"
"17861","28-01-18 21:00","France","Ligue 1","2017/2018","Marseille","Monaco","2.05","3.80","3.76","1.01","15.00","1.14","5.10","1.54","2.45","2.65","1.57","4.44","1.20","1.62","2.38"
"17862","28-01-18 17:00","France","Ligue 1","2017/2018","Bordeaux","Lyon","3.72","3.52","2.15","1.03","12.00","1.23","4.10","1.86","2.09","3.00","1.38","5.60","1.11","1.76","2.15"
"17863","28-01-18 15:00","France","Ligue 1","2017/2018","Lille","Strasbourg","2.31","3.24","3.62","1.03","9.00","1.33","3.26","2.29","1.73","3.98","1.24","7.80","1.05","1.97","1.83"
"17864","27-01-18 20:00","France","Ligue 1","2017/2018","Angers","Amiens","1.97","3.26","4.90","1.05","7.80","1.41","2.86","2.47","1.64","4.44","1.20","8.70","1.03","2.20","1.67"
"17865","27-01-18 20:00","France","Ligue 1","2017/2018","Guingamp","Nantes","2.71","3.10","3.06","1.05","7.80","1.40","2.91","2.57","1.60","4.60","1.19","9.10","1.03","2.16","1.75"
"17866","27-01-18 20:00","France","Ligue 1","2017/2018","Metz","Nice","3.06","3.32","2.57","1.02","10.00","1.32","3.32","2.12","1.84","3.70","1.27","7.00","1.06","1.85","2.04"
"17867","27-01-18 20:00","France","Ligue 1","2017/2018","St Etienne","Caen","2.10","3.32","4.16","1.05","8.10","1.38","3.00","2.49","1.63","4.44","1.20","8.70","1.03","2.16","1.70"
"17868","27-01-18 20:00","France","Ligue 1","2017/2018","Toulouse","Troyes","2.04","3.38","4.30","1.03","8.70","1.38","3.00","2.36","1.69","4.30","1.21","8.40","1.04","2.12","1.75"
"17869","27-01-18 17:00","France","Ligue 1","2017/2018","PSG","Montpellier","1.14","10.00","27.00","1.01","17.00","1.06","7.30","1.29","3.54","1.95","1.99","2.86","1.41","2.20","1.70"
"17870","26-01-18 20:45","France","Ligue 1","2017/2018","Dijon","Rennes","2.78","3.46","2.71","1.03","13.00","1.23","4.10","1.91","2.03","2.91","1.40","5.30","1.12","1.68","2.30"
"17871","21-01-18 21:00","France","Ligue 1","2017/2018","Lyon","PSG","5.85","4.40","1.62","1.02","12.00","1.11","5.60","1.45","2.71","2.25","1.74","3.78","1.26","1.53","2.63"
"17872","21-01-18 17:00","France","Ligue 1","2017/2018","Monaco","Metz","1.38","5.60","8.90","1.01","13.00","1.10","5.80","1.42","2.83","2.27","1.73","3.62","1.28","1.73","2.20"
"17873","21-01-18 15:00","France","Ligue 1","2017/2018","Nice","St Etienne","1.84","3.64","5.00","","","1.25","3.88","1.92","2.00","3.15","1.35","6.00","1.10","1.80","2.00"
"17874","20-01-18 20:00","France","Ligue 1","2017/2018","Amiens","Guingamp","2.80","3.14","2.92","1.05","7.90","1.40","2.91","2.51","1.62","4.60","1.19","9.10","1.03","2.06","1.76"
"17875","20-01-18 20:00","France","Ligue 1","2017/2018","Montpellier","Toulouse","1.90","3.38","5.15","1.06","7.40","1.47","2.65","2.65","1.57","5.10","1.16","9.70","1.02","2.32","1.62"
"17876","20-01-18 20:00","France","Ligue 1","2017/2018","Rennes","Angers","2.20","3.42","3.70","1.02","10.00","1.31","3.40","2.12","1.84","3.70","1.27","7.00","1.06","1.81","2.00"
"17877","20-01-18 20:00","France","Ligue 1","2017/2018","Strasbourg","Dijon","2.27","3.54","3.38","1.04","12.50","1.25","3.88","1.90","2.04","3.10","1.36","5.80","1.10","1.75","2.15"
"17878","20-01-18 20:00","France","Ligue 1","2017/2018","Troyes","Lille","2.75","3.10","3.02","1.06","7.60","1.42","2.83","2.57","1.60","4.60","1.19","9.10","1.03","2.06","1.80"
"17879","20-01-18 17:00","France","Ligue 1","2017/2018","Nantes","Bordeaux","2.29","3.04","3.98","1.07","6.80","1.50","2.55","2.81","1.52","5.50","1.14","11.50","1.01","2.20","1.70"
"17880","19-01-18 20:45","France","Ligue 1","2017/2018","Caen","Marseille","4.64","3.62","1.90","1.04","9.50","1.23","4.10","1.94","2.00","3.10","1.36","5.80","1.10","1.88","2.00"
"17881","17-01-18 21:00","France","Ligue 1","2017/2018","PSG","Dijon","1.06","16.00","49.00","","","1.02","14.50","1.13","5.20","1.40","2.91","1.90","2.04","2.47","1.60"
"17882","17-01-18 19:00","France","Ligue 1","2017/2018","Amiens","Montpellier","3.74","3.10","2.34","1.08","6.70","1.53","2.46","2.92","1.49","5.80","1.13","11.50","1.01","2.32","1.62"
"17883","17-01-18 19:00","France","Ligue 1","2017/2018","Angers","Troyes","1.95","3.34","4.86","1.03","8.70","1.37","3.05","2.33","1.70","4.14","1.22","8.10","1.05","2.05","1.80"
"17884","17-01-18 19:00","France","Ligue 1","2017/2018","Guingamp","Lyon","3.72","3.72","2.08","1.03","13.00","1.22","4.20","1.83","2.13","2.91","1.40","5.30","1.12","1.71","2.24"
"17885","17-01-18 19:00","France","Ligue 1","2017/2018","Lille","Rennes","2.39","3.22","3.46","1.04","8.40","1.40","2.91","2.45","1.65","4.44","1.20","8.70","1.03","2.07","1.76"
"17886","17-01-18 19:00","France","Ligue 1","2017/2018","Metz","St Etienne","2.53","3.44","3.01","1.01","11.00","1.29","3.54","2.05","1.90","3.46","1.30","6.60","1.08","1.88","2.00"
"17887","17-01-18 19:00","France","Ligue 1","2017/2018","Toulouse","Nantes","2.80","3.02","3.04","1.07","6.80","1.51","2.53","2.85","1.51","5.50","1.14","11.50","1.01","2.15","1.72"
"17888","16-01-18 21:00","France","Ligue 1","2017/2018","Monaco","Nice","1.81","3.88","4.82","1.02","14.00","1.19","4.60","1.72","2.28","2.68","1.46","4.74","1.15","1.72","2.12"
"17889","16-01-18 19:00","France","Ligue 1","2017/2018","Bordeaux","Caen","1.81","3.58","5.40","1.03","9.10","1.36","3.10","2.29","1.73","4.14","1.22","8.10","1.05","2.12","1.75"
"17890","16-01-18 19:00","France","Ligue 1","2017/2018","Marseille","Strasbourg","1.38","5.50","9.10","1.01","18.00","1.13","5.80","1.55","2.66","2.23","1.64","3.80","1.22","1.80","2.10"
"17891","14-01-18 21:00","France","Ligue 1","2017/2018","Nantes","PSG","9.50","5.80","1.35","1.02","12.00","1.13","5.20","1.50","2.55","2.52","1.62","4.20","1.22","2.00","1.84"
"17892","14-01-18 17:00","France","Ligue 1","2017/2018","Lyon","Angers","1.43","4.84","8.90","1.03","10.50","1.18","4.74","1.69","2.36","2.61","1.48","4.70","1.15","1.84","2.00"
"17893","14-01-18 15:00","France","Ligue 1","2017/2018","St Etienne","Toulouse","2.18","3.34","3.86","1.03","9.10","1.36","3.10","2.27","1.74","4.10","1.23","7.80","1.05","1.96","1.91"
"17894","13-01-18 20:00","France","Ligue 1","2017/2018","Caen","Lille","2.30","3.15","3.76","1.06","7.60","1.45","2.73","2.60","1.58","4.90","1.17","9.60","1.03","2.25","1.70"
"17895","13-01-18 20:00","France","Ligue 1","2017/2018","Dijon","Metz","1.97","3.52","4.40","1.02","13.00","1.23","4.10","1.88","2.07","3.05","1.37","5.80","1.10","1.72","2.12"
"17896","13-01-18 20:00","France","Ligue 1","2017/2018","Montpellier","Monaco","2.93","3.20","2.75","1.03","8.70","1.38","3.00","2.36","1.68","4.30","1.21","8.40","1.04","2.00","1.86"
"17897","13-01-18 20:00","France","Ligue 1","2017/2018","Nice","Amiens","1.62","4.04","6.50","1.02","10.50","1.31","3.40","2.09","1.86","3.62","1.28","6.80","1.07","2.15","1.71"
"17898","13-01-18 20:00","France","Ligue 1","2017/2018","Troyes","Bordeaux","2.91","3.13","2.82","1.05","8.10","1.40","2.91","2.45","1.65","4.44","1.20","8.70","1.03","2.02","1.87"
"17899","13-01-18 17:00","France","Ligue 1","2017/2018","Rennes","Marseille","4.02","3.48","2.08","1.01","11.00","1.29","3.54","2.05","1.90","3.46","1.30","6.60","1.08","1.87","2.00"
"17900","12-01-18 20:45","France","Ligue 1","2017/2018","Strasbourg","Guingamp","2.77","3.28","2.86","1.02","10.00","1.31","3.40","2.13","1.83","3.70","1.27","7.00","1.06","1.87","2.00"
"17901","20-12-17 20:50","France","Ligue 1","2017/2018","Amiens","Nantes","3.10","2.92","2.83","1.08","6.50","1.51","2.53","2.95","1.48","5.70","1.14","11.50","1.01","2.22","1.66"
"17902","20-12-17 20:50","France","Ligue 1","2017/2018","Angers","Dijon","2.05","3.44","4.18","1.02","10.00","1.32","3.32","2.14","1.83","3.70","1.27","7.00","1.06","1.91","1.91"
"17903","20-12-17 20:50","France","Ligue 1","2017/2018","Bordeaux","Montpellier","2.19","3.13","4.18","1.06","7.60","1.42","2.83","2.57","1.60","4.74","1.18","9.30","1.03","2.10","1.77"
"17904","20-12-17 20:50","France","Ligue 1","2017/2018","Guingamp","St Etienne","1.94","3.60","4.44","1.02","10.50","1.30","3.46","2.09","1.86","3.62","1.28","6.80","1.07","1.91","1.95"
"17905","20-12-17 20:50","France","Ligue 1","2017/2018","Lille","Nice","2.93","3.24","2.72","1.04","8.60","1.35","3.15","2.38","1.68","4.20","1.22","8.40","1.04","1.95","1.91"
"17906","20-12-17 20:50","France","Ligue 1","2017/2018","Marseille","Troyes","1.31","6.00","11.50","1.02","12.00","1.15","5.30","1.59","2.59","2.38","1.57","4.04","1.20","2.02","1.87"
"17907","20-12-17 20:50","France","Ligue 1","2017/2018","Metz","Strasbourg","2.85","3.42","2.67","1.01","11.00","1.27","3.70","2.03","1.90","3.40","1.31","6.40","1.08","1.80","2.10"
"17908","20-12-17 20:50","France","Ligue 1","2017/2018","Monaco","Rennes","1.44","4.94","8.30","1.03","10.50","1.19","4.60","1.72","2.31","2.71","1.45","4.84","1.14","1.91","1.95"
"17909","20-12-17 20:50","France","Ligue 1","2017/2018","PSG","Caen","1.09","14.00","34.00","","","1.05","8.50","1.18","4.74","1.63","2.50","2.21","1.65","2.38","1.62"
"17910","20-12-17 20:50","France","Ligue 1","2017/2018","Toulouse","Lyon","4.24","3.82","1.92","1.04","13.00","1.25","3.88","1.92","2.02","3.20","1.34","6.10","1.09","1.75","2.10"
"17911","17-12-17 21:00","France","Ligue 1","2017/2018","Lyon","Marseille","2.26","3.60","3.36","1.01","16.00","1.17","4.90","1.66","2.43","2.50","1.52","4.40","1.17","1.50","2.60"
"17912","17-12-17 17:00","France","Ligue 1","2017/2018","Nice","Bordeaux","2.14","3.48","3.80","1.01","11.00","1.26","3.78","2.03","1.91","3.32","1.32","6.30","1.09","1.79","2.10"
"17913","17-12-17 15:00","France","Ligue 1","2017/2018","Nantes","Angers","1.94","3.28","5.05","1.06","7.00","1.48","2.61","2.73","1.54","5.30","1.15","10.50","1.02","2.25","1.66"
"17914","16-12-17 20:00","France","Ligue 1","2017/2018","Caen","Guingamp","2.48","3.13","3.40","1.05","7.90","1.38","3.00","2.49","1.63","4.44","1.20","8.70","1.03","1.99","1.89"
"17915","16-12-17 20:00","France","Ligue 1","2017/2018","Dijon","Lille","2.32","3.30","3.54","1.03","9.40","1.35","3.15","2.24","1.76","3.98","1.24","7.80","1.05","1.90","1.98"
"17916","16-12-17 20:00","France","Ligue 1","2017/2018","Montpellier","Metz","1.53","4.24","7.90","1.02","9.90","1.30","3.46","2.18","1.80","3.70","1.27","7.00","1.06","2.30","1.65"
"17917","16-12-17 20:00","France","Ligue 1","2017/2018","Strasbourg","Toulouse","2.27","3.38","3.56","1.03","9.00","1.38","3.00","2.34","1.70","4.30","1.21","8.40","1.04","2.02","1.80"
"17918","16-12-17 20:00","France","Ligue 1","2017/2018","Troyes","Amiens","2.69","3.18","3.02","1.04","8.60","1.35","3.15","2.36","1.69","4.10","1.23","8.10","1.05","1.95","1.91"
"17919","16-12-17 17:00","France","Ligue 1","2017/2018","Rennes","PSG","14.00","7.20","1.24","1.01","13.00","1.10","5.80","1.43","2.79","2.22","1.77","3.70","1.27","2.07","1.83"
"17920","15-12-17 20:45","France","Ligue 1","2017/2018","St Etienne","Monaco","4.82","3.88","1.81","1.03","13.00","1.19","4.60","1.79","2.19","2.73","1.45","5.10","1.14","1.75","2.10"
"17921","10-12-17 21:00","France","Ligue 1","2017/2018","Marseille","St Etienne","1.42","5.00","8.80","1.01","15.00","1.14","5.50","1.62","2.48","2.38","1.57","4.14","1.19","1.80","2.04"
"17922","10-12-17 17:00","France","Ligue 1","2017/2018","Nantes","Nice","2.25","3.26","3.74","1.03","9.00","1.36","3.10","2.29","1.72","4.10","1.23","8.10","1.05","2.09","1.82"
"17923","10-12-17 15:00","France","Ligue 1","2017/2018","Amiens","Lyon","5.20","4.04","1.73","1.02","14.00","1.19","4.60","1.76","2.21","2.68","1.46","4.84","1.14","1.70","2.20"
"17924","09-12-17 20:00","France","Ligue 1","2017/2018","Angers","Montpellier","2.86","2.89","3.10","1.09","6.20","1.55","2.42","3.04","1.46","6.10","1.12","12.00","1.01","2.22","1.67"
"17925","09-12-17 20:00","France","Ligue 1","2017/2018","Guingamp","Dijon","2.31","3.42","3.42","1.02","9.90","1.30","3.46","2.18","1.80","3.70","1.27","7.00","1.06","1.80","2.00"
"17926","09-12-17 20:00","France","Ligue 1","2017/2018","Metz","Rennes","3.84","3.24","2.23","1.05","8.20","1.41","2.86","2.45","1.65","4.44","1.20","8.70","1.03","2.05","1.80"
"17927","09-12-17 20:00","France","Ligue 1","2017/2018","Monaco","Troyes","1.33","5.70","11.50","1.01","16.00","1.14","5.50","1.61","2.54","2.33","1.59","4.04","1.20","2.00","1.89"
"17928","09-12-17 20:00","France","Ligue 1","2017/2018","Toulouse","Caen","2.38","3.10","3.62","1.06","7.20","1.52","2.50","2.57","1.60","4.74","1.18","9.30","1.03","2.16","1.70"
"17929","09-12-17 17:00","France","Ligue 1","2017/2018","PSG","Lille","1.12","11.50","28.00","","","1.05","9.60","1.20","4.44","1.68","2.38","2.38","1.57","2.01","1.88"
"17930","08-12-17 20:45","France","Ligue 1","2017/2018","Bordeaux","Strasbourg","1.67","3.92","6.10","1.04","11.00","1.28","3.62","2.00","1.94","3.40","1.31","6.40","1.08","1.98","1.90"
"17931","03-12-17 21:00","France","Ligue 1","2017/2018","Montpellier","Marseille","3.50","3.34","2.32","1.02","10.00","1.31","3.40","2.12","1.84","3.62","1.28","7.00","1.06","1.89","1.99"
"17932","03-12-17 17:00","France","Ligue 1","2017/2018","Caen","Lyon","4.28","3.96","1.88","1.02","14.00","1.17","4.90","1.71","2.30","2.58","1.49","4.54","1.16","1.70","2.20"
"17933","03-12-17 15:00","France","Ligue 1","2017/2018","St Etienne","Nantes","2.32","3.06","3.84","1.08","6.60","1.54","2.45","2.94","1.47","5.90","1.13","","","2.26","1.67"
"17934","02-12-17 20:00","France","Ligue 1","2017/2018","Lille","Toulouse","2.03","3.42","4.30","1.03","9.00","1.32","3.32","2.27","1.73","3.88","1.25","7.50","1.06","2.10","1.75"
"17935","02-12-17 20:00","France","Ligue 1","2017/2018","Monaco","Angers","1.46","5.10","7.50","1.01","16.00","1.21","4.30","1.75","2.23","2.79","1.43","5.10","1.14","1.74","2.18"
"17936","02-12-17 20:00","France","Ligue 1","2017/2018","Nice","Metz","1.50","4.64","7.30","1.03","13.00","1.20","4.44","1.80","2.15","2.83","1.42","5.10","1.13","1.91","1.95"
"17937","02-12-17 20:00","France","Ligue 1","2017/2018","Rennes","Amiens","2.08","3.10","4.66","1.06","7.70","1.40","2.91","2.47","1.63","4.44","1.20","8.70","1.03","2.15","1.70"
"17938","02-12-17 20:00","France","Ligue 1","2017/2018","Troyes","Guingamp","2.48","3.24","3.28","1.03","9.30","1.32","3.32","2.23","1.75","3.88","1.25","7.50","1.06","1.98","1.90"
"17939","02-12-17 17:00","France","Ligue 1","2017/2018","Strasbourg","PSG","20.00","9.50","1.16","1.01","34.00","1.07","8.30","1.23","4.10","1.70","2.31","2.53","1.51","2.02","1.86"
"17940","01-12-17 20:45","France","Ligue 1","2017/2018","Dijon","Bordeaux","3.30","3.34","2.41","1.02","10.00","1.32","3.32","2.15","1.82","3.70","1.27","7.00","1.06","1.91","1.95"
"17941","29-11-17 21:00","France","Ligue 1","2017/2018","PSG","Troyes","1.06","19.00","61.00","","","1.02","14.50","1.11","5.60","1.36","3.10","1.99","1.95","2.63","1.54"
"17942","29-11-17 19:00","France","Ligue 1","2017/2018","Angers","Rennes","2.18","3.26","3.96","1.03","8.90","1.32","3.32","2.28","1.74","3.88","1.25","7.50","1.06","2.00","1.84"
"17943","29-11-17 19:00","France","Ligue 1","2017/2018","Guingamp","Montpellier","3.04","3.05","2.77","1.06","7.50","1.44","2.75","2.58","1.58","4.90","1.17","9.60","1.03","2.10","1.78"
"17944","29-11-17 19:00","France","Ligue 1","2017/2018","Lyon","Lille","1.35","5.90","9.70","1.01","18.00","1.10","6.00","1.41","2.86","2.27","1.74","3.62","1.28","1.92","1.97"
"17945","29-11-17 19:00","France","Ligue 1","2017/2018","Metz","Marseille","6.30","4.58","1.56","1.01","16.00","1.17","4.90","1.63","2.46","2.53","1.51","4.40","1.17","1.67","2.22"
"17946","29-11-17 19:00","France","Ligue 1","2017/2018","Nantes","Monaco","3.74","3.54","2.14","1.01","11.00","1.27","3.70","2.06","1.89","3.40","1.31","6.40","1.08","1.90","1.98"
"17947","29-11-17 19:00","France","Ligue 1","2017/2018","Toulouse","Nice","2.84","3.14","2.88","1.05","8.20","1.39","2.95","2.41","1.65","4.44","1.20","8.60","1.04","2.00","1.81"
"17948","28-11-17 21:00","France","Ligue 1","2017/2018","Bordeaux","St Etienne","1.85","3.54","5.15","1.03","9.50","1.35","3.15","2.23","1.75","3.98","1.24","7.80","1.05","2.09","1.80"
"17949","28-11-17 19:00","France","Ligue 1","2017/2018","Amiens","Dijon","2.48","3.16","3.36","1.04","8.60","1.38","3.00","2.35","1.68","4.30","1.21","8.40","1.04","1.95","1.86"
"17950","28-11-17 19:00","France","Ligue 1","2017/2018","Strasbourg","Caen","2.09","3.58","3.86","1.02","10.00","1.26","3.78","1.95","1.97","3.24","1.33","6.10","1.09","1.88","2.00"
"17951","26-11-17 21:00","France","Ligue 1","2017/2018","Monaco","PSG","7.60","5.70","1.41","1.01","17.00","1.08","7.00","1.25","3.88","1.82","2.15","2.61","1.48","1.49","2.78"
"17952","26-11-17 17:00","France","Ligue 1","2017/2018","Marseille","Guingamp","1.44","5.10","7.80","1.02","11.00","1.17","5.00","1.62","2.51","2.47","1.53","4.30","1.18","1.74","2.19"
"17953","26-11-17 15:00","France","Ligue 1","2017/2018","Nice","Lyon","3.11","3.62","2.38","1.03","10.00","1.15","5.30","1.68","2.39","2.45","1.54","4.30","1.18","1.54","2.50"
"17954","25-11-17 20:00","France","Ligue 1","2017/2018","Caen","Bordeaux","3.54","3.26","2.33","1.03","8.80","1.37","3.05","2.34","1.70","4.20","1.22","8.40","1.04","2.00","1.85"
"17955","25-11-17 20:00","France","Ligue 1","2017/2018","Dijon","Toulouse","2.36","3.20","3.54","1.04","8.50","1.35","3.15","2.38","1.67","4.14","1.22","8.10","1.05","1.95","1.90"
"17956","25-11-17 20:00","France","Ligue 1","2017/2018","Metz","Amiens","2.84","3.13","2.89","1.03","8.70","1.37","3.05","2.34","1.70","4.20","1.22","8.40","1.04","2.02","1.85"
"17957","25-11-17 20:00","France","Ligue 1","2017/2018","Montpellier","Lille","2.03","3.24","4.64","1.06","7.20","1.43","2.79","2.66","1.55","4.90","1.17","9.70","1.03","2.20","1.73"
"17958","25-11-17 20:00","France","Ligue 1","2017/2018","Troyes","Angers","3.50","3.34","2.31","1.03","9.60","1.33","3.24","2.19","1.79","3.88","1.25","7.30","1.06","1.90","1.98"
"17959","25-11-17 17:00","France","Ligue 1","2017/2018","Rennes","Nantes","2.88","2.88","3.10","1.08","6.40","1.49","2.58","2.94","1.47","5.50","1.14","11.50","1.01","2.26","1.67"
"17960","24-11-17 20:45","France","Ligue 1","2017/2018","St Etienne","Strasbourg","1.98","3.56","4.30","1.02","10.50","1.30","3.46","2.08","1.87","3.58","1.29","6.80","1.07","1.89","2.00"
"17961","20-11-17 19:00","France","Ligue 1","2017/2018","Amiens","Lille","3.14","3.22","2.57","1.04","8.50","1.40","2.91","2.41","1.65","4.44","1.20","8.70","1.03","2.04","1.85"
"17962","19-11-17 21:00","France","Ligue 1","2017/2018","Bordeaux","Marseille","2.34","3.50","3.30","1.04","12.50","1.24","3.98","1.88","2.05","3.08","1.37","5.60","1.11","1.66","2.34"
"17963","19-11-17 17:00","France","Ligue 1","2017/2018","Lyon","Montpellier","1.58","4.34","6.50","1.03","10.50","1.17","4.90","1.70","2.31","2.55","1.50","4.54","1.16","1.75","2.15"
"17964","19-11-17 15:00","France","Ligue 1","2017/2018","Caen","Nice","2.74","3.15","2.98","1.04","8.40","1.39","2.95","2.39","1.66","4.30","1.21","8.60","1.04","1.97","1.92"
"17965","18-11-17 20:00","France","Ligue 1","2017/2018","Dijon","Troyes","1.89","3.60","4.72","1.02","10.50","1.31","3.40","2.11","1.85","3.70","1.27","7.00","1.06","1.90","1.98"
"17966","18-11-17 20:00","France","Ligue 1","2017/2018","Guingamp","Angers","2.35","3.42","3.34","1.01","11.00","1.25","3.88","2.01","1.93","3.24","1.33","6.10","1.09","1.80","2.10"
"17967","18-11-17 20:00","France","Ligue 1","2017/2018","Strasbourg","Rennes","2.20","3.24","3.94","1.04","8.60","1.37","3.05","2.29","1.73","4.20","1.22","8.10","1.05","1.98","1.90"
"17968","18-11-17 20:00","France","Ligue 1","2017/2018","Toulouse","Metz","1.89","3.50","4.92","1.03","8.90","1.33","3.24","2.31","1.72","3.98","1.24","7.80","1.05","2.07","1.83"
"17969","18-11-17 17:00","France","Ligue 1","2017/2018","PSG","Nantes","1.14","11.50","19.00","1.01","34.00","1.07","7.00","1.26","3.78","1.85","2.11","2.71","1.45","2.38","1.64"
"17970","17-11-17 20:45","France","Ligue 1","2017/2018","Amiens","Monaco","6.15","4.14","1.63","1.04","9.50","1.23","4.10","1.85","2.11","3.00","1.38","5.50","1.11","1.85","2.04"
"17971","17-11-17 19:00","France","Ligue 1","2017/2018","Lille","St Etienne","2.30","3.32","3.54","1.04","8.50","1.37","3.08","2.43","1.66","4.30","1.21","8.40","1.04","2.02","1.87"
"17972","05-11-17 21:00","France","Ligue 1","2017/2018","St Etienne","Lyon","3.56","3.52","2.21","1.04","9.50","1.18","4.74","1.80","2.18","2.71","1.45","5.10","1.14","1.62","2.30"
"17973","05-11-17 17:00","France","Ligue 1","2017/2018","Marseille","Caen","1.54","4.34","7.20","1.02","12.50","1.25","3.88","1.88","2.05","3.10","1.36","5.80","1.10","1.88","2.01"
"17974","05-11-17 17:00","France","Ligue 1","2017/2018","Metz","Lille","3.20","3.28","2.50","1.03","9.20","1.35","3.15","2.27","1.74","4.10","1.23","7.80","1.05","1.90","1.98"
"17975","05-11-17 15:00","France","Ligue 1","2017/2018","Nice","Dijon","1.96","3.60","4.34","1.04","9.50","1.21","4.30","1.89","2.06","2.95","1.39","5.60","1.11","1.70","2.20"
"17976","04-11-17 20:00","France","Ligue 1","2017/2018","Monaco","Guingamp","1.44","5.20","7.70","1.01","17.00","1.11","5.50","1.46","2.68","2.44","1.67","3.98","1.24","1.70","2.20"
"17977","04-11-17 20:00","France","Ligue 1","2017/2018","Montpellier","Amiens","1.72","3.50","6.60","1.06","7.40","1.45","2.73","2.59","1.59","4.90","1.17","9.50","1.03","2.38","1.62"
"17978","04-11-17 20:00","France","Ligue 1","2017/2018","Nantes","Toulouse","2.02","3.14","4.88","1.09","6.30","1.53","2.47","3.06","1.46","5.90","1.13","","","2.38","1.64"
"17979","04-11-17 20:00","France","Ligue 1","2017/2018","Troyes","Strasbourg","2.83","3.40","2.70","1.01","11.00","1.29","3.58","2.03","1.91","3.46","1.30","6.40","1.08","1.74","2.19"
"17980","04-11-17 17:00","France","Ligue 1","2017/2018","Angers","PSG","10.50","6.80","1.30","1.01","15.00","1.09","6.10","1.38","3.00","2.08","1.87","3.40","1.31","1.77","2.16"
"17981","03-11-17 20:45","France","Ligue 1","2017/2018","Rennes","Bordeaux","3.34","3.26","2.43","1.04","8.60","1.39","2.95","2.39","1.66","4.44","1.20","8.60","1.04","1.99","1.89"
"17982","29-10-17 21:00","France","Ligue 1","2017/2018","Lille","Marseille","3.48","3.60","2.21","1.02","13.00","1.22","4.20","1.82","2.15","2.91","1.40","5.30","1.12","1.64","2.38"
"17983","29-10-17 17:00","France","Ligue 1","2017/2018","Toulouse","St Etienne","2.56","3.14","3.24","1.05","8.10","1.37","3.05","2.43","1.66","4.30","1.21","8.60","1.04","2.09","1.81"
"17984","29-10-17 15:00","France","Ligue 1","2017/2018","Lyon","Metz","1.19","9.30","14.50","1.01","34.00","1.07","8.30","1.27","3.70","1.79","2.19","2.68","1.46","1.85","2.04"
"17985","28-10-17 20:00","France","Ligue 1","2017/2018","Caen","Troyes","1.72","3.70","6.05","1.03","9.60","1.31","3.40","2.22","1.77","3.78","1.26","7.50","1.06","2.10","1.80"
"17986","28-10-17 20:00","France","Ligue 1","2017/2018","Dijon","Nantes","2.79","3.20","2.88","1.05","8.10","1.42","2.83","2.49","1.62","4.74","1.18","9.10","1.03","1.99","1.89"
"17987","28-10-17 20:00","France","Ligue 1","2017/2018","Guingamp","Amiens","1.94","3.36","4.88","1.03","8.90","1.32","3.32","2.28","1.74","3.88","1.25","7.80","1.05","1.99","1.89"
"17988","28-10-17 20:00","France","Ligue 1","2017/2018","Montpellier","Rennes","2.08","3.15","4.56","1.06","7.30","1.45","2.71","2.61","1.57","4.90","1.17","9.70","1.03","2.12","1.77"
"17989","28-10-17 20:00","France","Ligue 1","2017/2018","Strasbourg","Angers","3.04","3.34","2.57","1.01","11.00","1.26","3.78","2.04","1.90","3.32","1.32","6.30","1.09","1.82","2.08"
"17990","28-10-17 17:00","France","Ligue 1","2017/2018","Bordeaux","Monaco","2.65","3.58","2.78","1.03","10.00","1.23","4.10","1.83","2.13","2.91","1.40","5.30","1.12","1.63","2.40"
"17991","27-10-17 20:45","France","Ligue 1","2017/2018","PSG","Nice","1.17","9.30","18.00","1.01","34.00","1.06","9.20","1.21","4.30","1.68","2.35","2.40","1.56","1.85","2.04"
"17992","22-10-17 21:00","France","Ligue 1","2017/2018","Marseille","PSG","8.90","6.10","1.35","1.01","17.00","1.08","7.70","1.24","3.98","1.79","2.19","2.55","1.50","1.57","2.50"
"17993","22-10-17 17:00","France","Ligue 1","2017/2018","Troyes","Lyon","6.10","4.40","1.60","1.01","16.00","1.18","4.74","1.67","2.41","2.55","1.50","4.50","1.17","1.70","2.20"
"17994","22-10-17 15:00","France","Ligue 1","2017/2018","Nice","Strasbourg","1.74","3.90","5.30","1.03","13.00","1.21","4.30","1.86","2.09","2.91","1.40","5.30","1.12","1.78","2.13"
"17995","21-10-17 20:00","France","Ligue 1","2017/2018","Amiens","Bordeaux","6.15","3.86","1.68","1.02","9.80","1.35","3.15","2.24","1.76","4.10","1.23","7.80","1.05","2.18","1.75"
"17996","21-10-17 20:00","France","Ligue 1","2017/2018","Angers","Toulouse","2.03","3.42","4.28","1.03","8.70","1.35","3.15","2.36","1.69","4.14","1.22","8.10","1.05","2.07","1.83"
"17997","21-10-17 20:00","France","Ligue 1","2017/2018","Metz","Dijon","2.75","3.34","2.82","1.02","10.50","1.31","3.40","2.11","1.85","3.62","1.28","7.00","1.06","1.80","2.10"
"17998","21-10-17 20:00","France","Ligue 1","2017/2018","Nantes","Guingamp","2.31","3.10","3.80","1.06","7.40","1.41","2.86","2.63","1.57","4.74","1.18","9.50","1.03","2.09","1.81"
"17999","21-10-17 20:00","France","Ligue 1","2017/2018","Rennes","Lille","2.19","3.32","3.86","1.04","8.50","1.39","2.95","2.41","1.67","4.44","1.20","8.60","1.04","1.98","1.90"
"18000","21-10-17 17:00","France","Ligue 1","2017/2018","Monaco","Caen","1.43","5.00","8.50","1.01","17.00","1.14","5.50","1.60","2.57","2.31","1.60","4.04","1.20","1.80","2.10"
"18001","20-10-17 20:45","France","Ligue 1","2017/2018","St Etienne","Montpellier","2.21","3.18","3.98","1.06","7.40","1.45","2.71","2.61","1.57","5.00","1.17","9.70","1.02","2.19","1.74"
"18002","15-10-17 21:00","France","Ligue 1","2017/2018","Strasbourg","Marseille","4.38","3.76","1.91","1.03","13.00","1.21","4.30","1.80","2.18","2.95","1.39","5.20","1.13","1.66","2.33"
"18003","15-10-17 17:00","France","Ligue 1","2017/2018","Montpellier","Nice","2.89","3.22","2.77","1.04","8.50","1.37","3.05","2.43","1.64","4.30","1.21","8.60","1.05","1.91","1.91"
"18004","15-10-17 15:00","France","Ligue 1","2017/2018","Bordeaux","Nantes","1.70","3.74","6.10","1.03","9.10","1.37","3.05","2.31","1.70","4.20","1.22","8.40","1.04","2.15","1.74"
"18005","14-10-17 20:00","France","Ligue 1","2017/2018","Caen","Angers","2.49","3.22","3.28","1.05","8.50","1.36","3.10","2.41","1.67","4.20","1.22","8.40","1.04","2.05","1.84"
"18006","14-10-17 20:00","France","Ligue 1","2017/2018","Guingamp","Rennes","2.16","3.50","3.72","1.02","10.50","1.31","3.40","2.10","1.86","3.62","1.28","6.80","1.06","1.83","2.06"
"18007","14-10-17 20:00","France","Ligue 1","2017/2018","Lille","Troyes","1.69","4.04","5.65","1.01","11.50","1.25","3.88","2.04","1.90","3.26","1.33","6.30","1.09","2.03","1.86"
"18008","14-10-17 20:00","France","Ligue 1","2017/2018","St Etienne","Metz","1.62","4.04","6.50","1.01","11.00","1.30","3.46","2.07","1.88","3.58","1.29","6.80","1.07","2.03","1.89"
"18009","14-10-17 20:00","France","Ligue 1","2017/2018","Toulouse","Amiens","1.87","3.36","5.40","1.06","7.40","1.41","2.86","2.60","1.58","4.74","1.18","9.30","1.03","2.25","1.68"
"18010","14-10-17 17:00","France","Ligue 1","2017/2018","Dijon","PSG","20.00","9.50","1.14","","","1.07","8.80","1.22","4.14","1.68","2.38","2.45","1.54","1.83","2.04"
"18011","13-10-17 20:45","France","Ligue 1","2017/2018","Lyon","Monaco","2.06","4.20","3.40","1.02","12.00","1.09","6.30","1.39","2.95","2.22","1.77","3.40","1.31","1.42","3.09"
"18012","01-10-17 21:00","France","Ligue 1","2017/2018","Nice","Marseille","2.38","3.54","3.18","1.02","14.00","1.16","5.10","1.69","2.36","2.50","1.52","4.50","1.17","1.58","2.50"
"18013","01-10-17 17:00","France","Ligue 1","2017/2018","Angers","Lyon","3.40","3.52","2.27","1.03","13.00","1.24","3.98","1.87","2.08","3.00","1.38","5.60","1.11","1.63","2.39"
"18014","01-10-17 15:00","France","Ligue 1","2017/2018","Troyes","St Etienne","4.06","3.40","2.09","1.04","8.60","1.37","3.08","2.43","1.66","4.30","1.21","8.40","1.04","2.15","1.75"
"18015","30-09-17 20:00","France","Ligue 1","2017/2018","Dijon","Strasbourg","2.15","3.56","3.68","1.01","11.50","1.24","3.98","1.98","1.96","3.15","1.35","6.00","1.10","1.80","2.08"
"18016","30-09-17 20:00","France","Ligue 1","2017/2018","Guingamp","Toulouse","1.91","3.54","4.72","1.02","10.50","1.30","3.46","2.08","1.87","3.58","1.29","6.80","1.07","2.05","1.82"
"18017","30-09-17 20:00","France","Ligue 1","2017/2018","Nantes","Metz","1.63","4.00","6.45","1.02","10.50","1.28","3.62","2.12","1.86","3.54","1.29","6.80","1.07","2.10","1.80"
"18018","30-09-17 20:00","France","Ligue 1","2017/2018","Rennes","Caen","1.92","3.54","4.66","1.03","9.60","1.34","3.20","2.22","1.77","3.98","1.24","7.50","1.06","2.00","1.80"
"18019","30-09-17 17:00","France","Ligue 1","2017/2018","PSG","Bordeaux","1.17","9.20","19.00","1.01","34.00","1.07","8.80","1.23","4.10","1.74","2.24","2.50","1.52","1.91","1.97"
"18020","29-09-17 20:45","France","Ligue 1","2017/2018","Monaco","Montpellier","1.33","5.70","11.50","1.02","11.00","1.19","4.60","1.69","2.33","2.68","1.46","4.74","1.15","2.00","1.83"
"18021","24-09-17 21:00","France","Ligue 1","2017/2018","Marseille","Toulouse","1.59","4.30","6.35","1.02","13.00","1.23","4.10","1.84","2.12","2.95","1.39","5.50","1.11","1.82","2.02"
"18022","24-09-17 17:00","France","Ligue 1","2017/2018","Strasbourg","Nantes","2.67","3.13","3.10","1.06","7.60","1.42","2.83","2.65","1.58","4.74","1.18","9.50","1.03","2.19","1.74"
"18023","24-09-17 15:00","France","Ligue 1","2017/2018","St Etienne","Rennes","2.38","3.20","3.52","1.03","9.10","1.38","3.00","2.35","1.68","4.30","1.21","8.40","1.04","1.98","1.90"
"18024","23-09-17 20:00","France","Ligue 1","2017/2018","Bordeaux","Guingamp","1.73","3.90","5.40","","","1.25","3.88","1.91","2.03","3.15","1.35","5.80","1.10","1.91","1.93"
"18025","23-09-17 20:00","France","Ligue 1","2017/2018","Caen","Amiens","2.03","3.30","4.50","1.05","7.90","1.39","2.95","2.51","1.62","4.44","1.20","8.70","1.04","2.14","1.78"
"18026","23-09-17 20:00","France","Ligue 1","2017/2018","Lyon","Dijon","1.37","5.70","8.90","1.01","20.00","1.13","5.90","1.48","2.90","2.23","1.76","3.56","1.25","1.70","2.20"
"18027","23-09-17 20:00","France","Ligue 1","2017/2018","Metz","Troyes","2.21","3.26","3.82","1.03","9.00","1.32","3.32","2.24","1.76","3.88","1.25","7.50","1.06","1.88","2.01"
"18028","23-09-17 17:00","France","Ligue 1","2017/2018","Montpellier","PSG","15.00","6.90","1.24","1.01","17.00","1.14","4.90","1.52","2.50","2.49","1.63","4.30","1.21","2.15","1.76"
"18029","22-09-17 20:45","France","Ligue 1","2017/2018","Lille","Monaco","5.10","4.10","1.73","1.03","13.00","1.20","4.44","1.75","2.26","2.75","1.44","4.90","1.14","1.73","2.22"
"18030","22-09-17 19:00","France","Ligue 1","2017/2018","Nice","Angers","1.80","3.64","5.35","1.03","9.40","1.28","3.62","2.14","1.83","3.62","1.28","7.00","1.06","2.01","1.88"
"18031","17-09-17 21:00","France","Ligue 1","2017/2018","PSG","Lyon","1.17","10.50","14.50","","","1.04","10.50","1.17","5.00","1.58","2.58","2.14","1.69","1.70","2.26"
"18032","17-09-17 17:00","France","Ligue 1","2017/2018","Angers","Metz","1.58","4.12","7.10","1.01","11.50","1.24","3.98","1.95","1.99","3.10","1.36","5.80","1.10","2.00","1.89"
"18033","17-09-17 17:00","France","Ligue 1","2017/2018","Rennes","Nice","2.55","3.62","2.88","","","1.26","3.78","1.91","2.03","3.20","1.34","6.00","1.10","1.73","2.22"
"18034","17-09-17 15:00","France","Ligue 1","2017/2018","Amiens","Marseille","3.44","3.56","2.24","1.03","13.50","1.24","3.98","1.88","2.05","3.08","1.37","5.80","1.10","1.70","2.20"
"18035","16-09-17 20:00","France","Ligue 1","2017/2018","Dijon","St Etienne","2.89","3.20","2.78","1.03","8.70","1.37","3.05","2.35","1.70","4.20","1.22","8.40","1.04","1.96","1.90"
"18036","16-09-17 20:00","France","Ligue 1","2017/2018","Guingamp","Lille","2.12","3.40","3.98","1.03","9.70","1.33","3.26","2.17","1.79","3.78","1.26","7.30","1.06","1.90","1.98"
"18037","16-09-17 20:00","France","Ligue 1","2017/2018","Nantes","Caen","1.97","3.34","4.96","1.06","7.50","1.46","2.68","2.62","1.58","5.00","1.17","9.70","1.02","2.20","1.72"
"18038","16-09-17 20:00","France","Ligue 1","2017/2018","Troyes","Montpellier","3.06","3.24","2.62","1.03","9.20","1.35","3.15","2.27","1.74","4.10","1.23","7.80","1.05","1.91","1.96"
"18039","16-09-17 17:00","France","Ligue 1","2017/2018","Monaco","Strasbourg","1.25","7.00","13.50","1.01","20.00","1.09","6.30","1.37","3.05","2.22","1.77","3.46","1.30","1.89","2.00"
"18040","15-09-17 20:45","France","Ligue 1","2017/2018","Toulouse","Bordeaux","3.17","3.24","2.55","1.03","9.20","1.38","3.00","2.36","1.69","4.30","1.21","8.40","1.04","1.98","1.90"
"18041","10-09-17 21:00","France","Ligue 1","2017/2018","Marseille","Rennes","1.59","4.52","6.00","1.01","16.00","1.18","4.74","1.68","2.35","2.61","1.48","4.70","1.15","1.70","2.26"
"18042","10-09-17 17:00","France","Ligue 1","2017/2018","Lyon","Guingamp","1.43","5.20","8.10","1.01","19.00","1.13","5.90","1.54","2.69","2.19","1.66","3.74","1.23","1.70","2.22"
"18043","10-09-17 15:00","France","Ligue 1","2017/2018","St Etienne","Angers","2.16","3.14","4.02","1.04","8.30","1.42","2.83","2.50","1.61","4.74","1.18","9.10","1.03","2.15","1.71"
"18044","09-09-17 20:00","France","Ligue 1","2017/2018","Caen","Dijon","1.94","3.48","4.66","1.02","10.50","1.30","3.46","2.08","1.87","3.58","1.29","6.80","1.07","1.90","1.98"
"18045","09-09-17 20:00","France","Ligue 1","2017/2018","Montpellier","Nantes","2.27","3.18","3.84","1.06","7.40","1.42","2.83","2.65","1.56","4.90","1.18","9.50","1.03","2.15","1.70"
"18046","09-09-17 20:00","France","Ligue 1","2017/2018","Strasbourg","Amiens","2.05","3.52","4.10","1.03","9.20","1.30","3.46","2.27","1.73","4.14","1.22","7.80","1.05","1.97","1.92"
"18047","09-09-17 20:00","France","Ligue 1","2017/2018","Troyes","Toulouse","2.96","3.26","2.70","1.02","9.40","1.30","3.46","2.18","1.80","3.70","1.27","7.00","1.06","1.91","1.96"
"18048","09-09-17 17:00","France","Ligue 1","2017/2018","Nice","Monaco","4.62","4.14","1.79","1.01","15.00","1.16","5.10","1.68","2.35","2.46","1.53","4.30","1.18","1.66","2.34"
"18049","08-09-17 20:45","France","Ligue 1","2017/2018","Metz","PSG","39.00","13.50","1.09","1.01","34.00","1.06","7.30","1.29","3.58","1.85","2.11","2.83","1.42","2.29","1.68"
"18050","08-09-17 19:00","France","Ligue 1","2017/2018","Lille","Bordeaux","2.80","3.32","2.78","","","1.25","3.88","2.01","1.93","3.20","1.34","6.10","1.09","1.81","2.10"
"18051","27-08-17 21:00","France","Ligue 1","2017/2018","Monaco","Marseille","1.63","4.44","5.65","1.02","11.00","1.11","6.30","1.51","2.79","2.11","1.71","3.56","1.25","1.60","2.46"
"18052","27-08-17 17:00","France","Ligue 1","2017/2018","Angers","Lille","2.19","3.32","3.84","1.03","9.10","1.36","3.10","2.27","1.73","4.10","1.23","7.80","1.05","1.92","1.97"
"18053","27-08-17 15:00","France","Ligue 1","2017/2018","Guingamp","Strasbourg","1.80","3.76","5.10","1.01","11.50","1.26","3.78","2.04","1.89","3.40","1.31","6.60","1.08","1.95","1.93"
"18054","26-08-17 20:00","France","Ligue 1","2017/2018","Amiens","Nice","3.20","3.28","2.50","1.03","8.70","1.38","3.00","2.36","1.69","4.30","1.21","8.40","1.04","1.93","1.95"
"18055","26-08-17 20:00","France","Ligue 1","2017/2018","Bordeaux","Troyes","1.39","5.20","9.50","1.03","10.00","1.18","4.74","1.75","2.26","2.68","1.46","4.84","1.14","1.95","1.91"
"18056","26-08-17 20:00","France","Ligue 1","2017/2018","Caen","Metz","1.83","3.80","4.82","1.01","11.00","1.31","3.40","2.12","1.84","3.78","1.26","7.30","1.06","1.91","1.95"
"18057","26-08-17 20:00","France","Ligue 1","2017/2018","Dijon","Montpellier","2.62","3.26","3.03","1.03","9.70","1.30","3.46","2.18","1.80","3.62","1.28","7.00","1.06","1.83","2.06"
"18058","26-08-17 20:00","France","Ligue 1","2017/2018","Toulouse","Rennes","2.27","3.28","3.66","1.03","8.80","1.37","3.05","2.31","1.72","4.20","1.22","8.10","1.05","2.00","1.88"
"18059","26-08-17 17:15","France","Ligue 1","2017/2018","Nantes","Lyon","3.74","3.68","2.09","1.03","12.50","1.24","3.98","1.94","2.00","3.15","1.35","5.80","1.10","1.70","2.25"
"18060","25-08-17 20:45","France","Ligue 1","2017/2018","PSG","St Etienne","1.08","14.50","44.00","","","1.04","9.50","1.22","4.14","1.66","2.43","2.40","1.56","2.12","1.78"
"18061","20-08-17 21:00","France","Ligue 1","2017/2018","PSG","Toulouse","1.10","12.00","33.00","","","1.04","10.50","1.21","4.30","1.65","2.42","2.38","1.57","2.18","1.74"
"18062","20-08-17 17:00","France","Ligue 1","2017/2018","Marseille","Angers","1.71","3.86","5.75","1.03","12.00","1.25","3.88","1.98","1.94","3.20","1.34","6.10","1.09","1.81","2.02"
"18063","20-08-17 15:00","France","Ligue 1","2017/2018","Lille","Caen","1.79","3.86","5.00","1.03","12.50","1.24","3.98","1.87","2.02","3.05","1.37","6.00","1.10","1.82","2.05"
"18064","19-08-17 20:00","France","Ligue 1","2017/2018","Montpellier","Strasbourg","2.02","3.32","4.50","1.02","9.60","1.29","3.54","2.16","1.80","3.58","1.29","6.60","1.08","1.90","1.98"
"18065","19-08-17 20:00","France","Ligue 1","2017/2018","Nice","Guingamp","1.90","3.62","4.64","1.01","11.00","1.28","3.54","2.01","1.91","3.46","1.30","6.60","1.08","1.88","2.00"
"18066","19-08-17 20:00","France","Ligue 1","2017/2018","Rennes","Dijon","1.79","3.86","5.00","1.01","11.50","1.27","3.70","2.05","1.90","3.46","1.30","6.60","1.08","1.95","1.93"
"18067","19-08-17 20:00","France","Ligue 1","2017/2018","St Etienne","Amiens","1.65","3.84","6.70","1.03","9.40","1.33","3.24","2.21","1.76","3.98","1.24","7.80","1.05","2.20","1.74"
"18068","19-08-17 20:00","France","Ligue 1","2017/2018","Troyes","Nantes","2.67","3.26","2.97","1.03","9.40","1.33","3.24","2.23","1.75","3.88","1.25","7.50","1.06","1.94","1.94"
"18069","19-08-17 17:00","France","Ligue 1","2017/2018","Lyon","Bordeaux","1.77","4.00","4.90","1.01","17.00","1.20","4.44","1.71","2.30","2.73","1.45","4.74","1.14","1.62","2.34"
"18070","18-08-17 20:45","France","Ligue 1","2017/2018","Metz","Monaco","9.30","5.70","1.37","1.01","20.00","1.08","6.60","1.35","3.15","2.18","1.80","3.32","1.32","1.74","2.19"
"18071","13-08-17 21:00","France","Ligue 1","2017/2018","Guingamp","PSG","14.50","6.50","1.26","1.01","13.00","1.10","6.90","1.50","2.88","2.01","1.78","3.40","1.27","2.01","1.88"
"18072","13-08-17 17:00","France","Ligue 1","2017/2018","Dijon","Monaco","6.70","4.70","1.54","1.02","12.00","1.15","5.30","1.58","2.62","2.35","1.58","4.04","1.20","1.66","2.34"
"18073","13-08-17 15:00","France","Ligue 1","2017/2018","Strasbourg","Lille","3.76","3.60","2.11","1.04","9.50","1.23","4.10","1.91","2.01","3.08","1.37","5.80","1.10","1.77","2.10"
"18074","12-08-17 20:00","France","Ligue 1","2017/2018","Amiens","Angers","3.16","3.10","2.65","1.05","8.10","1.40","2.91","2.55","1.59","4.60","1.19","9.10","1.03","2.10","1.73"
"18075","12-08-17 20:00","France","Ligue 1","2017/2018","Bordeaux","Metz","1.42","4.94","8.90","1.02","11.00","1.18","4.74","1.67","2.38","2.61","1.48","4.70","1.15","1.90","1.98"
"18076","12-08-17 20:00","France","Ligue 1","2017/2018","Caen","St Etienne","3.02","3.22","2.66","1.04","8.60","1.35","3.15","2.38","1.67","4.20","1.22","8.40","1.04","2.10","1.81"
"18077","12-08-17 20:00","France","Ligue 1","2017/2018","Toulouse","Montpellier","2.41","3.16","3.50","1.04","8.30","1.39","2.95","2.38","1.66","4.30","1.21","8.40","1.04","1.95","1.91"
"18078","12-08-17 17:00","France","Ligue 1","2017/2018","Nantes","Marseille","3.09","3.28","2.57","1.02","10.50","1.32","3.32","2.15","1.80","3.78","1.26","7.30","1.06","1.88","2.01"
"18079","11-08-17 20:45","France","Ligue 1","2017/2018","Rennes","Lyon","3.68","3.64","2.12","1.04","9.50","1.22","4.20","1.88","2.07","3.00","1.38","5.60","1.11","1.68","2.20"
"18080","11-08-17 19:00","France","Ligue 1","2017/2018","Nice","Troyes","1.56","4.24","7.10","1.04","9.50","1.24","3.98","1.87","2.06","3.00","1.38","5.50","1.11","1.91","1.97"
"18081","06-08-17 21:00","France","Ligue 1","2017/2018","Marseille","Dijon","1.31","6.00","11.50","1.02","12.00","1.17","4.90","1.63","2.47","2.50","1.52","4.30","1.18","1.97","1.83"
"18082","06-08-17 17:00","France","Ligue 1","2017/2018","Angers","Bordeaux","2.57","3.04","3.34","1.06","7.90","1.39","2.95","2.49","1.62","4.74","1.18","9.50","1.03","2.07","1.76"
"18083","06-08-17 15:00","France","Ligue 1","2017/2018","Lille","Nantes","2.21","3.22","3.92","1.04","8.40","1.39","2.95","2.39","1.66","4.30","1.21","8.40","1.04","2.10","1.79"
"18084","05-08-17 20:00","France","Ligue 1","2017/2018","Lyon","Strasbourg","1.35","5.60","11.00","1.02","12.00","1.13","5.80","1.54","2.70","2.21","1.65","3.74","1.23","2.52","1.58"
"18085","05-08-17 20:00","France","Ligue 1","2017/2018","Metz","Guingamp","3.06","3.30","2.58","1.03","9.10","1.37","3.08","2.29","1.73","4.10","1.23","8.10","1.05","1.87","1.95"
"18086","05-08-17 20:00","France","Ligue 1","2017/2018","Montpellier","Caen","1.85","3.54","5.15","1.03","10.00","1.31","3.40","2.13","1.83","3.70","1.27","7.30","1.06","1.98","1.90"
"18087","05-08-17 20:00","France","Ligue 1","2017/2018","St Etienne","Nice","2.45","3.18","3.40","1.05","8.10","1.42","2.83","2.48","1.62","4.60","1.19","9.10","1.03","2.00","1.80"
"18088","05-08-17 20:00","France","Ligue 1","2017/2018","Troyes","Rennes","2.98","3.20","2.70","1.05","8.60","1.38","3.00","2.35","1.68","4.74","1.18","9.10","1.03","2.00","1.84"
"18089","05-08-17 17:15","France","Ligue 1","2017/2018","PSG","Amiens","1.09","13.00","44.00","1.01","34.00","1.06","7.50","1.27","3.70","1.80","2.18","2.71","1.45","2.59","1.55"
"18090","04-08-17 20:45","France","Ligue 1","2017/2018","Monaco","Toulouse","1.35","5.60","10.00","1.01","16.00","1.16","5.10","1.66","2.39","2.47","1.53","4.40","1.17","2.04","1.85"
"18091","20-05-17 21:00","France","Ligue 1","2016/2017","Angers","Montpellier","1.82","4.00","4.50","1.01","18.00","1.11","6.20","1.53","2.69","2.20","1.77","3.56","1.24","1.54","2.62"
"18092","20-05-17 21:00","France","Ligue 1","2016/2017","Guingamp","Metz","1.48","4.94","7.00","1.01","18.00","1.14","5.50","1.56","2.60","2.30","1.59","3.94","1.20","1.67","2.25"
"18093","20-05-17 21:00","France","Ligue 1","2016/2017","Lille","Nantes","2.69","3.60","2.69","1.03","13.00","1.19","4.54","1.77","2.20","2.67","1.45","4.70","1.14","1.65","2.35"
"18094","20-05-17 21:00","France","Ligue 1","2016/2017","Lorient","Bordeaux","2.37","3.60","3.14","1.01","16.00","1.16","5.10","1.65","2.41","2.45","1.54","4.24","1.18","1.50","2.60"
"18095","20-05-17 21:00","France","Ligue 1","2016/2017","Lyon","Nice","1.34","6.55","8.30","1.01","17.00","1.07","8.30","1.22","4.10","1.70","2.29","2.44","1.53","1.50","2.70"
"18096","20-05-17 21:00","France","Ligue 1","2016/2017","Marseille","Bastia","1.34","6.00","9.50","1.01","20.00","1.12","6.10","1.51","2.79","2.19","1.66","3.68","1.24","1.78","2.13"
"18097","20-05-17 21:00","France","Ligue 1","2016/2017","Nancy","St Etienne","1.92","3.94","4.06","1.03","12.50","1.21","4.20","1.87","2.06","2.90","1.39","5.20","1.12","1.80","2.10"
"18098","20-05-17 21:00","France","Ligue 1","2016/2017","PSG","Caen","1.18","9.00","17.00","","","1.04","10.50","1.18","4.80","1.53","2.73","2.23","1.64","1.81","2.09"
"18099","20-05-17 21:00","France","Ligue 1","2016/2017","Rennes","Monaco","3.46","4.24","2.02","1.01","18.00","1.12","5.20","1.51","2.49","2.50","1.60","4.10","1.22","1.47","2.85"
"18100","20-05-17 21:00","France","Ligue 1","2016/2017","Toulouse","Dijon","2.38","3.17","3.42","1.02","13.50","1.21","4.24","1.83","2.09","2.82","1.41","5.10","1.13","1.62","2.42"
"18101","17-05-17 21:00","France","Ligue 1","2016/2017","Monaco","St Etienne","1.16","9.70","19.00","1.01","34.00","1.07","8.60","1.25","3.86","1.74","2.24","2.68","1.46","1.80","2.10"
"18102","14-05-17 21:00","France","Ligue 1","2016/2017","Bastia","Lorient","3.70","3.70","2.10","","","1.20","4.44","1.87","2.08","2.84","1.42","5.20","1.13","1.70","2.25"
"18103","14-05-17 21:00","France","Ligue 1","2016/2017","Bordeaux","Marseille","2.36","3.56","3.18","","","1.18","4.74","1.73","2.29","2.61","1.48","4.60","1.16","1.55","2.59"
"18104","14-05-17 21:00","France","Ligue 1","2016/2017","Caen","Rennes","1.78","3.84","5.10","1.01","11.00","1.25","3.86","2.06","1.89","3.32","1.32","6.30","1.09","1.98","1.90"
"18105","14-05-17 21:00","France","Ligue 1","2016/2017","Dijon","Nancy","2.10","3.42","4.02","1.02","10.50","1.29","3.54","2.09","1.86","3.48","1.30","6.50","1.08","1.83","2.06"
"18106","14-05-17 21:00","France","Ligue 1","2016/2017","Metz","Toulouse","2.79","3.38","2.75","","","1.20","4.44","1.86","2.09","2.80","1.43","5.10","1.13","1.65","2.35"
"18107","14-05-17 21:00","France","Ligue 1","2016/2017","Monaco","Lille","1.16","10.50","18.00","","","1.05","8.00","1.26","3.78","1.78","2.21","2.75","1.44","2.02","1.86"
"18108","14-05-17 21:00","France","Ligue 1","2016/2017","Montpellier","Lyon","3.68","3.84","2.06","","","1.08","6.50","1.44","3.10","2.12","1.82","3.34","1.32","1.42","3.06"
"18109","14-05-17 21:00","France","Ligue 1","2016/2017","Nantes","Guingamp","2.08","3.50","3.98","","","1.24","4.00","1.91","2.03","3.04","1.37","5.60","1.11","1.73","2.21"
"18110","14-05-17 21:00","France","Ligue 1","2016/2017","Nice","Angers","1.72","4.30","4.90","","","1.18","4.74","1.78","2.21","2.68","1.46","4.80","1.15","1.74","2.19"
"18111","14-05-17 21:00","France","Ligue 1","2016/2017","St Etienne","PSG","7.90","5.20","1.43","","","1.14","5.60","1.58","2.62","2.32","1.60","3.98","1.21","1.75","2.18"
"18112","07-05-17 21:00","France","Ligue 1","2016/2017","Marseille","Nice","2.04","3.70","3.88","1.05","9.70","1.19","4.60","1.74","2.24","2.68","1.46","4.74","1.15","1.62","2.43"
"18113","07-05-17 17:00","France","Ligue 1","2016/2017","Lyon","Nantes","1.55","4.74","6.10","","","1.12","6.10","1.56","2.64","2.21","1.65","3.74","1.23","1.65","2.37"
"18114","07-05-17 15:00","France","Ligue 1","2016/2017","Rennes","Montpellier","2.32","3.30","3.52","1.02","10.50","1.29","3.54","2.08","1.85","3.46","1.30","6.50","1.08","1.76","2.14"
"18115","06-05-17 20:00","France","Ligue 1","2016/2017","Guingamp","Dijon","2.22","3.44","3.56","","","1.17","4.90","1.78","2.21","2.61","1.48","4.70","1.15","1.61","2.44"
"18116","06-05-17 20:00","France","Ligue 1","2016/2017","Lille","Metz","1.64","4.24","5.85","","","1.17","4.90","1.69","2.36","2.55","1.50","4.50","1.17","1.73","2.22"
"18117","06-05-17 20:00","France","Ligue 1","2016/2017","Lorient","Angers","2.18","3.52","3.58","","","1.17","4.94","1.75","2.26","2.56","1.50","4.54","1.16","1.60","2.47"
"18118","06-05-17 20:00","France","Ligue 1","2016/2017","Nancy","Monaco","6.90","4.74","1.51","","","1.18","4.80","1.71","2.33","2.63","1.48","4.70","1.15","1.83","2.07"
"18119","06-05-17 20:00","France","Ligue 1","2016/2017","Toulouse","Caen","2.13","3.50","3.74","1.01","11.50","1.25","3.86","2.05","1.90","3.26","1.33","6.10","1.09","1.82","2.02"
"18120","06-05-17 17:00","France","Ligue 1","2016/2017","PSG","Bastia","1.08","14.50","44.00","","","1.05","8.10","1.24","3.96","1.76","2.24","2.76","1.44","2.45","1.61"
"18121","05-05-17 20:45","France","Ligue 1","2016/2017","St Etienne","Bordeaux","2.73","3.18","2.97","1.03","9.70","1.32","3.32","2.27","1.74","3.78","1.26","7.30","1.06","1.92","1.97"
"18122","30-04-17 21:00","France","Ligue 1","2016/2017","Nice","PSG","7.10","4.94","1.48","","","1.15","5.30","1.62","2.48","2.44","1.54","4.24","1.18","1.77","2.15"
"18123","30-04-17 17:00","France","Ligue 1","2016/2017","Dijon","Bordeaux","3.28","3.70","2.26","","","1.22","4.24","1.87","2.06","2.91","1.40","5.30","1.12","1.65","2.36"
"18124","30-04-17 15:00","France","Ligue 1","2016/2017","Caen","Marseille","3.98","3.76","2.00","","","1.19","4.60","1.74","2.24","2.68","1.46","4.74","1.15","1.61","2.45"
"18125","29-04-17 20:00","France","Ligue 1","2016/2017","Bastia","Rennes","4.16","3.50","2.03","1.03","9.30","1.34","3.20","2.33","1.69","4.00","1.24","7.60","1.06","2.08","1.82"
"18126","29-04-17 20:00","France","Ligue 1","2016/2017","Guingamp","St Etienne","2.40","3.28","3.38","1.02","9.90","1.33","3.30","2.20","1.77","3.78","1.26","7.10","1.06","1.89","2.00"
"18127","29-04-17 20:00","France","Ligue 1","2016/2017","Metz","Nancy","2.61","3.38","2.94","1.01","11.00","1.27","3.68","2.10","1.84","3.40","1.31","6.30","1.09","1.81","2.10"
"18128","29-04-17 20:00","France","Ligue 1","2016/2017","Montpellier","Lille","2.12","3.48","3.88","","","1.22","4.14","1.86","2.07","2.95","1.39","5.30","1.12","1.66","2.35"
"18129","29-04-17 20:00","France","Ligue 1","2016/2017","Nantes","Lorient","1.97","3.62","4.28","","","1.19","4.60","1.82","2.12","2.75","1.44","5.10","1.13","1.70","2.26"
"18130","29-04-17 17:00","France","Ligue 1","2016/2017","Monaco","Toulouse","1.20","8.70","16.00","","","1.08","6.50","1.37","3.04","2.06","1.87","3.34","1.32","2.08","1.82"
"18131","28-04-17 20:45","France","Ligue 1","2016/2017","Angers","Lyon","3.90","3.90","1.98","","","1.20","4.44","1.78","2.18","2.86","1.50","4.90","1.14","1.66","2.33"
"18132","23-04-17 21:15","France","Ligue 1","2016/2017","Lyon","Monaco","3.54","3.96","2.08","","","1.10","6.00","1.43","2.80","2.13","1.83","3.46","1.30","1.40","3.17"
"18133","23-04-17 17:00","France","Ligue 1","2016/2017","St Etienne","Rennes","2.02","3.36","4.46","1.04","8.50","1.37","3.04","2.49","1.63","4.30","1.21","8.30","1.04","2.12","1.76"
"18134","23-04-17 15:00","France","Ligue 1","2016/2017","Toulouse","Nice","3.05","3.20","2.65","1.03","9.20","1.36","3.10","2.33","1.71","4.00","1.24","7.60","1.06","1.94","1.94"
"18135","22-04-17 20:00","France","Ligue 1","2016/2017","Bordeaux","Bastia","1.41","5.20","8.80","","","1.21","4.30","1.84","2.12","2.91","1.40","5.30","1.12","2.13","1.78"
"18136","22-04-17 20:00","France","Ligue 1","2016/2017","Caen","Nantes","2.68","3.26","2.98","1.03","8.70","1.39","2.97","2.41","1.67","4.24","1.22","8.00","1.05","1.99","1.89"
"18137","22-04-17 20:00","France","Ligue 1","2016/2017","Dijon","Angers","2.37","3.26","3.48","1.01","11.00","1.28","3.64","2.13","1.84","3.42","1.31","6.40","1.08","1.83","2.06"
"18138","22-04-17 20:00","France","Ligue 1","2016/2017","Lille","Guingamp","2.14","3.40","3.90","1.02","10.50","1.30","3.44","2.13","1.83","3.58","1.29","6.70","1.08","1.88","2.01"
"18139","22-04-17 20:00","France","Ligue 1","2016/2017","Lorient","Metz","1.74","4.20","4.86","","","1.16","5.10","1.69","2.37","2.48","1.53","4.32","1.18","1.66","2.33"
"18140","22-04-17 17:00","France","Ligue 1","2016/2017","PSG","Montpellier","1.15","10.00","22.00","","","","","1.27","3.68","1.81","2.16","2.79","1.43","1.90","1.98"
"18141","21-04-17 20:45","France","Ligue 1","2016/2017","Nancy","Marseille","4.10","3.64","2.00","","","1.20","4.44","1.88","2.07","2.86","1.41","5.20","1.13","1.71","2.25"
"18142","18-04-17 18:30","France","Ligue 1","2016/2017","Metz","PSG","18.00","8.90","1.18","","","1.05","7.80","1.26","4.60","1.70","2.31","2.56","1.50","1.83","2.06"
"18143","16-04-17 21:00","France","Ligue 1","2016/2017","Marseille","St Etienne","1.72","3.94","5.50","1.01","11.50","1.26","3.82","1.97","1.97","3.22","1.34","6.00","1.10","1.90","1.98"
"18145","16-04-17 15:00","France","Ligue 1","2016/2017","Nantes","Bordeaux","2.63","3.18","3.10","1.03","9.10","1.36","3.10","2.26","1.74","4.10","1.23","8.50","1.04","1.86","2.02"
"18146","15-04-17 21:00","France","Ligue 1","2016/2017","Monaco","Dijon","1.23","7.50","14.50","","","1.07","6.90","1.36","3.13","2.01","1.93","3.24","1.33","1.85","2.04"
"18147","15-04-17 20:00","France","Ligue 1","2016/2017","Guingamp","Toulouse","2.15","3.34","3.94","1.02","10.00","1.31","3.42","2.21","1.78","3.68","1.27","7.00","1.06","1.93","1.95"
"18148","15-04-17 20:00","France","Ligue 1","2016/2017","Metz","Caen","2.38","3.32","3.42","1.02","10.50","1.30","3.44","2.13","1.83","3.56","1.29","6.70","1.08","1.80","2.10"
"18149","15-04-17 20:00","France","Ligue 1","2016/2017","Montpellier","Lorient","1.85","4.20","4.20","","","1.13","5.80","1.60","2.53","2.27","1.62","3.88","1.22","1.57","2.54"
"18150","15-04-17 20:00","France","Ligue 1","2016/2017","Rennes","Lille","2.42","3.04","3.64","1.06","7.70","1.45","2.73","2.64","1.56","4.80","1.18","9.20","1.03","2.13","1.78"
"18151","15-04-17 17:00","France","Ligue 1","2016/2017","Nice","Nancy","1.68","3.74","6.45","1.03","8.80","1.37","3.08","2.35","1.68","4.20","1.22","8.00","1.05","2.18","1.73"
"18152","14-04-17 20:45","France","Ligue 1","2016/2017","Angers","PSG","11.50","6.20","1.30","","","1.17","4.90","1.71","2.33","2.61","1.48","4.70","1.15","1.99","1.90"
"18153","09-04-17 21:00","France","Ligue 1","2016/2017","PSG","Guingamp","1.14","10.50","23.00","","","1.06","7.30","1.33","3.26","1.96","1.96","3.14","1.35","2.16","1.77"
"18154","09-04-17 17:00","France","Ligue 1","2016/2017","St Etienne","Nantes","2.21","3.26","3.88","1.04","8.40","1.39","2.97","2.46","1.63","4.32","1.21","8.30","1.04","2.09","1.82"
"18155","09-04-17 15:00","France","Ligue 1","2016/2017","Toulouse","Marseille","3.00","3.40","2.56","1.01","11.50","1.28","3.64","2.02","1.90","3.34","1.32","6.20","1.09","1.74","2.15"
"18156","08-04-17 20:00","France","Ligue 1","2016/2017","Bordeaux","Metz","1.46","4.80","8.10","","","1.18","4.74","1.71","2.30","2.64","1.47","4.74","1.15","1.89","2.00"
"18157","08-04-17 20:00","France","Ligue 1","2016/2017","Caen","Montpellier","2.57","3.32","3.05","1.01","11.50","1.27","3.72","2.02","1.90","3.26","1.33","6.10","1.09","1.77","2.16"
"18158","08-04-17 20:00","France","Ligue 1","2016/2017","Dijon","Bastia","1.74","3.78","5.65","1.02","9.90","1.32","3.34","2.17","1.79","3.74","1.27","7.00","1.06","2.00","1.88"
"18159","08-04-17 20:00","France","Ligue 1","2016/2017","Lyon","Lorient","1.30","6.70","10.50","","","1.06","7.60","1.27","3.72","1.75","2.23","2.66","1.47","1.55","2.60"
"18160","08-04-17 20:00","France","Ligue 1","2016/2017","Nancy","Rennes","2.55","3.08","3.32","1.06","7.30","1.48","2.63","2.73","1.53","5.10","1.16","9.70","1.03","2.13","1.78"
"18161","08-04-17 17:00","France","Ligue 1","2016/2017","Angers","Monaco","5.30","4.24","1.69","","","1.19","4.60","1.73","2.26","2.68","1.46","4.74","1.15","1.76","2.17"
"18162","07-04-17 20:45","France","Ligue 1","2016/2017","Lille","Nice","2.88","3.22","2.79","1.03","8.80","1.37","3.04","2.35","1.68","4.14","1.22","7.80","1.05","1.97","1.91"
"18163","05-04-17 19:00","France","Ligue 1","2016/2017","Metz","Lyon","8.00","5.20","1.43","1.01","16.00","1.10","6.70","1.46","2.98","2.05","1.75","3.40","1.27","1.63","2.39"
"18164","02-04-17 21:00","France","Ligue 1","2016/2017","Nice","Bordeaux","2.28","3.34","3.58","1.02","9.90","1.33","3.28","2.21","1.78","3.78","1.26","7.10","1.06","1.85","2.04"
"18165","02-04-17 17:00","France","Ligue 1","2016/2017","Lorient","Caen","2.22","3.54","3.54","1.02","10.50","1.22","4.14","1.89","2.06","2.95","1.39","5.40","1.12","1.73","2.19"
"18166","02-04-17 17:00","France","Ligue 1","2016/2017","Montpellier","Toulouse","2.22","3.48","3.58","1.01","11.50","1.28","3.64","2.03","1.91","3.34","1.32","6.20","1.09","1.81","2.09"
"18167","02-04-17 17:00","France","Ligue 1","2016/2017","Nantes","Angers","2.36","3.32","3.42","1.03","9.40","1.35","3.14","2.29","1.73","3.96","1.24","7.50","1.06","1.98","1.90"
"18168","02-04-17 15:00","France","Ligue 1","2016/2017","Rennes","Lyon","4.26","3.76","1.94","","","1.18","4.74","1.74","2.27","2.64","1.47","4.70","1.15","1.63","2.40"
"18169","01-04-17 19:00","France","Ligue 1","2016/2017","Bastia","Lille","3.40","3.13","2.48","1.06","7.60","1.45","2.71","2.65","1.57","4.90","1.17","9.20","1.03","2.15","1.77"
"18170","01-04-17 17:00","France","Ligue 1","2016/2017","Marseille","Dijon","1.39","5.40","8.80","","","1.14","5.50","1.60","2.57","2.38","1.57","4.14","1.19","1.77","2.12"
"18171","31-03-17 19:00","France","Ligue 1","2016/2017","Guingamp","Nancy","1.76","3.80","5.40","1.03","9.20","1.30","3.46","2.12","1.84","3.58","1.29","6.80","1.07","1.99","1.89"
"18172","19-03-17 21:00","France","Ligue 1","2016/2017","PSG","Lyon","1.44","5.10","7.90","","","1.06","7.00","1.40","3.34","1.96","1.96","3.14","1.35","1.50","2.75"
"18173","19-03-17 17:00","France","Ligue 1","2016/2017","Dijon","St Etienne","2.91","3.20","2.77","1.02","10.00","1.31","3.38","2.18","1.80","3.68","1.27","6.90","1.07","1.88","2.01"
"18174","19-03-17 15:00","France","Ligue 1","2016/2017","Caen","Monaco","5.30","4.08","1.72","","","1.18","4.80","1.71","2.33","2.61","1.48","4.60","1.16","1.70","2.26"
"18175","18-03-17 20:00","France","Ligue 1","2016/2017","Angers","Guingamp","2.30","3.26","3.62","1.03","8.80","1.37","3.05","2.35","1.68","4.14","1.22","7.80","1.05","2.01","1.88"
"18176","18-03-17 20:00","France","Ligue 1","2016/2017","Bordeaux","Montpellier","1.88","3.74","4.60","","","1.21","4.30","1.83","2.13","2.86","1.41","5.20","1.13","1.71","2.25"
"18177","18-03-17 20:00","France","Ligue 1","2016/2017","Nancy","Lorient","2.26","3.40","3.56","1.02","10.50","1.30","3.44","2.13","1.83","3.58","1.29","6.70","1.08","1.89","2.00"
"18178","18-03-17 20:00","France","Ligue 1","2016/2017","Toulouse","Rennes","2.29","3.20","3.72","1.04","8.50","1.38","3.00","2.46","1.63","4.30","1.21","8.20","1.05","2.12","1.79"
"18179","18-03-17 17:00","France","Ligue 1","2016/2017","Nantes","Nice","2.62","3.20","3.10","1.04","8.30","1.40","2.90","2.46","1.63","4.44","1.20","8.30","1.04","2.06","1.84"
"18180","17-03-17 20:45","France","Ligue 1","2016/2017","Lille","Marseille","3.07","3.42","2.54","1.01","11.50","1.28","3.64","2.04","1.92","3.34","1.32","6.20","1.09","1.79","2.12"
"18181","17-03-17 19:00","France","Ligue 1","2016/2017","Metz","Bastia","1.86","3.76","4.72","1.02","9.90","1.31","3.40","2.13","1.83","3.62","1.28","6.80","1.07","1.94","1.94"
"18182","12-03-17 21:00","France","Ligue 1","2016/2017","Lorient","PSG","12.50","7.00","1.26","","","1.08","6.40","1.39","2.97","2.08","1.85","3.40","1.31","1.88","2.01"
"18183","12-03-17 17:00","France","Ligue 1","2016/2017","Lyon","Toulouse","1.43","5.30","7.80","","","1.15","5.30","1.59","2.55","2.38","1.57","4.10","1.20","1.78","2.14"
"18184","12-03-17 15:00","France","Ligue 1","2016/2017","St Etienne","Metz","1.63","4.02","6.60","1.02","10.50","1.30","3.44","2.13","1.83","3.64","1.28","6.90","1.07","2.10","1.80"
"18185","11-03-17 20:00","France","Ligue 1","2016/2017","Guingamp","Bastia","1.65","3.90","6.50","1.02","10.50","1.30","3.48","2.12","1.82","3.62","1.28","6.80","1.07","2.20","1.74"
"18186","11-03-17 20:00","France","Ligue 1","2016/2017","Montpellier","Nantes","2.08","3.34","4.20","1.02","10.00","1.30","3.46","2.18","1.80","3.62","1.28","6.80","1.07","1.91","1.97"
"18187","11-03-17 20:00","France","Ligue 1","2016/2017","Nancy","Lille","2.92","2.96","2.96","1.08","6.50","1.56","2.40","3.04","1.46","5.80","1.13","","","2.28","1.65"
"18188","11-03-17 20:00","France","Ligue 1","2016/2017","Rennes","Dijon","1.75","3.78","5.50","1.02","10.00","1.30","3.46","2.16","1.81","3.64","1.28","6.90","1.07","2.05","1.85"
"18189","11-03-17 16:45","France","Ligue 1","2016/2017","Monaco","Bordeaux","1.49","4.80","7.40","","","1.14","5.70","1.61","2.54","2.33","1.59","4.04","1.20","1.73","2.21"
"18190","10-03-17 20:45","France","Ligue 1","2016/2017","Marseille","Angers","1.77","3.74","5.40","","","1.22","4.14","1.89","2.08","2.97","1.39","5.50","1.11","1.83","2.07"
"18191","10-03-17 19:00","France","Ligue 1","2016/2017","Nice","Caen","1.71","3.78","6.20","1.01","11.00","1.27","3.68","2.07","1.90","3.42","1.31","6.40","1.08","1.98","1.90"
"18192","05-03-17 21:00","France","Ligue 1","2016/2017","Monaco","Nantes","1.37","5.40","9.90","","","1.17","4.90","1.69","2.36","2.60","1.49","4.60","1.16","2.01","1.88"
"18193","05-03-17 17:00","France","Ligue 1","2016/2017","Toulouse","Lille","2.09","3.20","4.44","1.05","7.80","1.43","2.79","2.59","1.59","4.74","1.18","9.00","1.03","2.22","1.72"
"18194","05-03-17 15:00","France","Ligue 1","2016/2017","Lorient","Marseille","3.30","3.58","2.30","","","1.21","4.34","1.80","2.18","2.78","1.43","4.94","1.14","1.63","2.41"
"18195","04-03-17 20:00","France","Ligue 1","2016/2017","Bastia","St Etienne","3.20","2.99","2.69","1.06","7.30","1.47","2.64","2.73","1.53","5.00","1.17","9.60","1.03","2.17","1.76"
"18196","04-03-17 20:00","France","Ligue 1","2016/2017","Caen","Angers","2.45","3.10","3.50","1.05","8.10","1.41","2.88","2.51","1.62","4.44","1.20","8.60","1.04","2.07","1.83"
"18197","04-03-17 20:00","France","Ligue 1","2016/2017","Dijon","Nice","3.76","3.46","2.16","1.02","10.50","1.30","3.44","2.12","1.84","3.56","1.29","6.70","1.08","1.88","2.01"
"18198","04-03-17 20:00","France","Ligue 1","2016/2017","Metz","Rennes","3.10","3.15","2.65","1.04","8.60","1.39","2.97","2.43","1.66","4.30","1.21","8.10","1.05","1.97","1.90"
"18199","04-03-17 20:00","France","Ligue 1","2016/2017","Montpellier","Guingamp","1.97","3.52","4.40","1.01","11.50","1.26","3.82","1.98","1.96","3.20","1.34","6.00","1.10","1.80","2.10"
"18200","04-03-17 17:00","France","Ligue 1","2016/2017","PSG","Nancy","1.12","10.50","34.00","","","1.11","6.40","1.49","2.92","2.18","1.67","3.68","1.24","2.65","1.51"
"18201","03-03-17 20:45","France","Ligue 1","2016/2017","Bordeaux","Lyon","3.54","3.62","2.18","","","1.15","5.30","1.67","2.41","2.33","1.59","4.14","1.19","1.54","2.61"
"18202","01-03-17 19:30","France","Ligue 1","2016/2017","Bastia","Nantes","3.14","3.00","2.73","1.06","7.40","1.46","2.68","2.69","1.54","4.90","1.17","9.40","1.03","2.18","1.75"
"18203","26-02-17 21:00","France","Ligue 1","2016/2017","Marseille","PSG","5.50","4.32","1.67","","","1.17","4.90","1.70","2.34","2.58","1.49","4.54","1.16","1.72","2.23"
"18204","26-02-17 17:00","France","Ligue 1","2016/2017","Lyon","Metz","1.25","7.10","13.50","","","1.06","7.30","1.33","3.28","1.93","2.01","3.06","1.37","1.80","2.10"
"18205","26-02-17 15:00","France","Ligue 1","2016/2017","St Etienne","Caen","1.91","3.40","4.98","1.04","8.30","1.40","2.90","2.49","1.63","4.44","1.20","8.60","1.04","2.18","1.74"
"18206","25-02-17 20:00","France","Ligue 1","2016/2017","Angers","Bastia","1.89","3.42","5.15","1.05","7.90","1.43","2.80","2.57","1.60","4.74","1.18","9.00","1.03","2.33","1.66"
"18207","25-02-17 20:00","France","Ligue 1","2016/2017","Lille","Bordeaux","2.62","3.11","3.20","1.05","8.00","1.43","2.80","2.57","1.60","4.60","1.19","8.80","1.03","2.08","1.82"
"18208","25-02-17 20:00","France","Ligue 1","2016/2017","Nancy","Toulouse","2.89","3.04","2.91","1.06","7.70","1.44","2.75","2.62","1.58","4.74","1.18","9.00","1.03","2.17","1.75"
"18209","25-02-17 20:00","France","Ligue 1","2016/2017","Rennes","Lorient","2.07","3.46","4.06","1.02","10.50","1.30","3.46","2.12","1.84","3.56","1.29","6.70","1.08","1.91","1.97"
"18210","25-02-17 17:00","France","Ligue 1","2016/2017","Guingamp","Monaco","4.50","3.86","1.87","","","1.20","4.44","1.79","2.19","2.78","1.43","5.10","1.13","1.69","2.28"
"18211","24-02-17 20:45","France","Ligue 1","2016/2017","Nice","Montpellier","2.01","3.48","4.30","1.01","11.00","1.29","3.56","2.08","1.87","3.46","1.30","6.50","1.08","1.85","2.04"
"18212","24-02-17 19:00","France","Ligue 1","2016/2017","Nantes","Dijon","1.79","3.74","5.25","1.02","10.50","1.30","3.46","2.12","1.84","3.58","1.29","6.80","1.07","2.02","1.87"
"18213","21-02-17 18:30","France","Ligue 1","2016/2017","Caen","Nancy","2.26","3.20","3.82","1.05","8.00","1.42","2.83","2.54","1.61","4.60","1.19","8.70","1.03","2.05","1.81"
"18214","19-02-17 21:00","France","Ligue 1","2016/2017","PSG","Toulouse","1.21","7.70","17.00","","","1.11","6.30","1.51","2.85","2.19","1.66","3.72","1.23","2.16","1.75"
"18215","19-02-17 17:00","France","Ligue 1","2016/2017","Lyon","Dijon","1.36","5.60","9.60","","","1.10","6.90","1.46","3.04","2.03","1.77","3.36","1.28","1.68","2.30"
"18216","19-02-17 17:00","France","Ligue 1","2016/2017","Montpellier","St Etienne","2.25","3.32","3.68","1.02","10.50","1.30","3.48","2.12","1.84","3.52","1.29","6.60","1.08","1.86","2.02"
"18217","19-02-17 15:00","France","Ligue 1","2016/2017","Bordeaux","Guingamp","1.99","3.50","4.36","1.03","9.50","1.35","3.18","2.27","1.74","3.96","1.24","7.50","1.06","2.00","1.88"
"18218","18-02-17 20:00","France","Ligue 1","2016/2017","Angers","Nancy","2.14","3.20","4.22","1.06","7.60","1.45","2.71","2.64","1.56","4.90","1.17","9.30","1.03","2.27","1.70"
"18219","18-02-17 20:00","France","Ligue 1","2016/2017","Caen","Lille","2.56","3.20","3.18","1.03","8.70","1.38","2.99","2.39","1.66","4.20","1.22","8.00","1.05","1.98","1.90"
"18220","18-02-17 20:00","France","Ligue 1","2016/2017","Lorient","Nice","2.90","3.38","2.66","","","1.25","3.86","1.95","1.99","3.14","1.35","5.80","1.10","1.72","2.23"
"18221","18-02-17 20:00","France","Ligue 1","2016/2017","Metz","Nantes","3.26","3.10","2.58","1.05","7.80","1.43","2.78","2.58","1.58","4.74","1.18","9.00","1.03","2.03","1.82"
"18222","18-02-17 17:00","France","Ligue 1","2016/2017","Marseille","Rennes","1.79","3.70","5.30","1.02","10.50","1.29","3.56","2.08","1.87","3.48","1.30","6.50","1.08","1.97","1.92"
"18223","17-02-17 20:45","France","Ligue 1","2016/2017","Bastia","Monaco","7.40","5.00","1.46","","","1.18","4.80","1.74","2.24","2.66","1.47","4.74","1.15","1.91","1.94"
"18224","12-02-17 21:00","France","Ligue 1","2016/2017","Nantes","Marseille","3.16","3.34","2.49","1.02","10.50","1.31","3.38","2.16","1.81","3.64","1.28","6.80","1.07","1.90","1.98"
"18225","12-02-17 17:00","France","Ligue 1","2016/2017","St Etienne","Lorient","1.76","3.74","5.50","1.02","10.50","1.30","3.44","2.12","1.84","3.60","1.28","6.80","1.07","1.97","1.92"
"18226","12-02-17 15:00","France","Ligue 1","2016/2017","Rennes","Nice","3.00","3.05","2.80","1.06","7.10","1.50","2.57","2.81","1.52","5.30","1.15","10.00","1.02","2.13","1.75"
"18227","11-02-17 20:00","France","Ligue 1","2016/2017","Dijon","Caen","2.34","3.30","3.48","1.03","9.60","1.33","3.28","2.22","1.77","3.78","1.26","7.10","1.06","1.89","1.99"
"18228","11-02-17 20:00","France","Ligue 1","2016/2017","Lille","Angers","2.27","2.99","4.12","1.07","6.80","1.51","2.52","2.86","1.46","5.50","1.14","11.50","1.01","2.27","1.70"
"18229","11-02-17 20:00","France","Ligue 1","2016/2017","Monaco","Metz","1.30","6.30","11.50","","","1.12","6.10","1.52","2.81","2.20","1.66","3.72","1.23","1.91","1.97"
"18230","11-02-17 20:00","France","Ligue 1","2016/2017","Nancy","Montpellier","2.62","3.24","3.06","1.03","9.60","1.33","3.24","2.24","1.76","3.82","1.26","7.30","1.06","1.89","1.99"
"18231","11-02-17 20:00","France","Ligue 1","2016/2017","Toulouse","Bastia","1.76","3.54","6.05","1.06","7.30","1.41","2.88","2.51","1.62","4.60","1.19","8.70","1.03","2.25","1.71"
"18232","11-02-17 17:00","France","Ligue 1","2016/2017","Guingamp","Lyon","3.58","3.50","2.21","","","1.22","4.14","1.87","2.08","2.95","1.39","5.30","1.12","1.66","2.33"
"18233","10-02-17 20:45","France","Ligue 1","2016/2017","Bordeaux","PSG","6.20","4.26","1.62","","","1.19","4.60","1.81","2.16","2.78","1.43","5.10","1.13","1.83","2.06"
"18234","08-02-17 21:00","France","Ligue 1","2016/2017","Marseille","Guingamp","1.66","4.10","5.80","","","1.23","4.10","1.88","2.07","3.00","1.38","5.50","1.11","1.86","2.03"
"18235","08-02-17 19:00","France","Ligue 1","2016/2017","Angers","Rennes","2.44","3.00","3.64","1.07","6.90","1.51","2.53","2.88","1.50","5.40","1.15","11.50","1.01","2.20","1.72"
"18236","08-02-17 19:00","France","Ligue 1","2016/2017","Lorient","Toulouse","2.32","3.42","3.40","1.02","10.50","1.31","3.42","2.13","1.83","3.58","1.29","6.70","1.08","1.84","2.05"
"18237","08-02-17 19:00","France","Ligue 1","2016/2017","Lyon","Nancy","1.39","5.30","9.10","","","1.18","4.74","1.71","2.33","2.65","1.47","4.74","1.15","1.94","1.94"
"18238","08-02-17 19:00","France","Ligue 1","2016/2017","Metz","Dijon","2.52","3.36","3.09","1.01","11.00","1.29","3.58","2.06","1.89","3.40","1.31","6.30","1.09","1.78","2.13"
"18239","08-02-17 19:00","France","Ligue 1","2016/2017","Nice","St Etienne","2.04","3.32","4.40","1.04","8.40","1.38","2.99","2.41","1.65","4.30","1.21","8.20","1.05","2.09","1.81"
"18240","07-02-17 21:00","France","Ligue 1","2016/2017","PSG","Lille","1.26","6.60","14.50","","","1.16","5.10","1.67","2.41","2.58","1.49","4.60","1.16","2.25","1.68"
"18241","07-02-17 19:00","France","Ligue 1","2016/2017","Caen","Bordeaux","2.74","3.30","2.86","1.02","10.50","1.30","3.46","2.12","1.84","3.54","1.29","6.60","1.08","1.86","2.02"
"18242","07-02-17 19:00","France","Ligue 1","2016/2017","Montpellier","Monaco","4.30","3.94","1.89","","","1.18","4.74","1.71","2.33","2.59","1.49","4.54","1.16","1.58","2.50"
"18243","05-02-17 21:00","France","Ligue 1","2016/2017","St Etienne","Lyon","3.82","3.56","2.11","","","1.22","4.20","1.85","2.11","2.90","1.40","5.20","1.13","1.70","2.27"
"18244","05-02-17 17:00","France","Ligue 1","2016/2017","Nantes","Nancy","2.07","3.18","4.56","1.08","6.70","1.53","2.46","2.95","1.48","5.70","1.14","","","2.38","1.64"
"18245","05-02-17 15:00","France","Ligue 1","2016/2017","Toulouse","Angers","2.27","3.15","3.86","1.06","7.30","1.48","2.63","2.74","1.54","5.10","1.16","9.70","1.03","2.26","1.70"
"18246","04-02-17 20:00","France","Ligue 1","2016/2017","Bordeaux","Rennes","1.91","3.30","5.25","1.06","7.70","1.43","2.78","2.62","1.58","4.74","1.18","9.10","1.03","2.23","1.71"
"18247","04-02-17 20:00","France","Ligue 1","2016/2017","Dijon","PSG","11.00","5.30","1.36","","","1.15","5.30","1.65","2.45","2.48","1.53","4.40","1.17","1.85","2.04"
"18248","04-02-17 20:00","France","Ligue 1","2016/2017","Guingamp","Caen","2.09","3.42","4.06","1.01","11.00","1.28","3.64","2.05","1.90","3.38","1.31","6.30","1.09","1.82","2.08"
"18249","04-02-17 20:00","France","Ligue 1","2016/2017","Lille","Lorient","1.83","3.68","5.00","1.02","10.50","1.30","3.44","2.13","1.83","3.60","1.28","6.80","1.07","1.90","1.98"
"18250","04-02-17 20:00","France","Ligue 1","2016/2017","Montpellier","Bastia","1.93","3.62","4.48","1.02","9.90","1.31","3.38","2.16","1.81","3.68","1.27","6.90","1.07","1.98","1.90"
"18251","04-02-17 17:00","France","Ligue 1","2016/2017","Monaco","Nice","1.63","4.24","5.90","","","1.18","4.80","1.71","2.33","2.61","1.48","4.60","1.16","1.72","2.22"
"18252","03-02-17 20:45","France","Ligue 1","2016/2017","Metz","Marseille","4.32","3.64","1.98","","","1.21","4.30","1.83","2.13","2.86","1.41","5.20","1.13","1.68","2.29"
"18253","29-01-17 21:00","France","Ligue 1","2016/2017","PSG","Monaco","1.57","4.94","5.65","","","1.14","5.50","1.57","2.61","2.33","1.59","3.92","1.21","1.63","2.40"
"18254","29-01-17 17:00","France","Ligue 1","2016/2017","Toulouse","St Etienne","2.32","3.08","3.80","1.06","7.20","1.48","2.61","2.76","1.52","5.10","1.16","9.80","1.02","2.25","1.71"
"18255","29-01-17 15:00","France","Ligue 1","2016/2017","Nice","Guingamp","2.05","3.40","4.26","1.02","9.90","1.32","3.32","2.21","1.78","3.78","1.26","7.10","1.06","1.92","1.97"
"18256","28-01-17 20:00","France","Ligue 1","2016/2017","Angers","Metz","2.07","3.16","4.60","1.04","8.60","1.37","3.04","2.41","1.65","4.24","1.22","8.10","1.05","2.09","1.81"
"18257","28-01-17 20:00","France","Ligue 1","2016/2017","Bastia","Caen","2.48","3.10","3.42","1.06","7.70","1.44","2.75","2.61","1.57","4.74","1.18","9.00","1.03","2.08","1.79"
"18258","28-01-17 20:00","France","Ligue 1","2016/2017","Lorient","Dijon","1.99","3.72","4.06","","","1.21","4.30","1.81","2.14","2.75","1.44","4.74","1.15","1.69","2.29"
"18259","28-01-17 20:00","France","Ligue 1","2016/2017","Nancy","Bordeaux","2.76","3.02","3.11","1.06","7.40","1.46","2.68","2.69","1.54","4.90","1.17","9.40","1.03","2.15","1.77"
"18260","28-01-17 20:00","France","Ligue 1","2016/2017","Rennes","Nantes","2.42","2.98","3.76","1.06","7.30","1.46","2.68","2.72","1.53","5.00","1.17","9.50","1.03","2.18","1.75"
"18261","28-01-17 17:00","France","Ligue 1","2016/2017","Lyon","Lille","1.46","4.76","8.30","","","1.19","4.60","1.76","2.24","2.75","1.44","4.94","1.14","1.90","1.98"
"18262","27-01-17 20:45","France","Ligue 1","2016/2017","Marseille","Montpellier","1.67","4.14","5.65","","","1.22","4.24","1.83","2.13","2.90","1.40","5.20","1.13","1.84","2.06"
"18263","22-01-17 21:00","France","Ligue 1","2016/2017","Lyon","Marseille","1.73","3.96","5.40","","","1.16","5.10","1.67","2.41","2.48","1.53","4.40","1.17","1.61","2.44"
"18264","22-01-17 17:00","France","Ligue 1","2016/2017","St Etienne","Angers","1.90","3.28","5.35","1.06","7.20","1.48","2.63","2.78","1.53","5.20","1.16","9.90","1.02","2.38","1.63"
"18265","22-01-17 15:00","France","Ligue 1","2016/2017","Monaco","Lorient","1.31","6.10","11.50","","","1.10","6.90","1.45","3.08","2.02","1.78","3.34","1.28","1.71","2.25"
"18266","21-01-17 20:00","France","Ligue 1","2016/2017","Bordeaux","Toulouse","2.10","3.32","4.18","1.05","7.80","1.44","2.75","2.58","1.58","4.74","1.18","9.00","1.03","2.22","1.73"
"18267","21-01-17 20:00","France","Ligue 1","2016/2017","Dijon","Lille","3.24","3.15","2.56","1.04","8.30","1.41","2.88","2.48","1.62","4.44","1.20","8.40","1.04","2.06","1.84"
"18268","21-01-17 20:00","France","Ligue 1","2016/2017","Guingamp","Rennes","2.14","3.24","4.14","1.04","8.30","1.40","2.90","2.48","1.62","4.44","1.20","8.50","1.04","2.04","1.81"
"18269","21-01-17 20:00","France","Ligue 1","2016/2017","Metz","Montpellier","2.93","3.34","2.66","1.01","11.00","1.28","3.62","2.05","1.90","3.38","1.31","6.30","1.09","1.79","2.12"
"18270","21-01-17 17:00","France","Ligue 1","2016/2017","Nantes","PSG","9.30","4.74","1.43","","","1.22","4.20","1.86","2.09","3.00","1.38","5.50","1.11","2.11","1.79"
"18271","20-01-17 20:45","France","Ligue 1","2016/2017","Bastia","Nice","3.22","3.16","2.57","1.06","7.30","1.48","2.61","2.73","1.54","5.10","1.16","9.70","1.03","2.13","1.78"
"18272","18-01-17 20:00","France","Ligue 1","2016/2017","Nantes","Caen","2.33","3.22","3.58","1.03","8.80","1.37","3.05","2.36","1.69","4.10","1.23","7.80","1.05","1.98","1.90"
"18273","15-01-17 21:00","France","Ligue 1","2016/2017","Marseille","Monaco","2.90","3.46","2.60","1.04","10.50","1.22","4.14","1.85","2.08","2.92","1.40","5.30","1.12","1.64","2.38"
"18274","15-01-17 17:00","France","Ligue 1","2016/2017","Caen","Lyon","4.86","4.14","1.75","1.05","9.70","1.18","4.74","1.72","2.28","2.68","1.46","4.74","1.15","1.67","2.27"
"18275","15-01-17 15:00","France","Ligue 1","2016/2017","Nice","Metz","1.53","4.24","7.80","","","1.24","4.00","1.92","2.00","3.14","1.35","5.80","1.10","1.94","1.94"
"18276","14-01-17 20:00","France","Ligue 1","2016/2017","Angers","Bordeaux","3.06","3.11","2.73","1.04","8.30","1.40","2.90","2.49","1.63","4.44","1.20","8.40","1.04","2.05","1.85"
"18277","14-01-17 20:00","France","Ligue 1","2016/2017","Lorient","Guingamp","2.49","3.36","3.14","1.01","11.50","1.27","3.72","2.01","1.93","3.28","1.33","6.10","1.09","1.74","2.19"
"18278","14-01-17 20:00","France","Ligue 1","2016/2017","Montpellier","Dijon","1.82","3.74","5.05","1.05","10.00","1.22","4.24","1.85","2.11","2.90","1.40","5.30","1.12","1.70","2.22"
"18279","14-01-17 20:00","France","Ligue 1","2016/2017","Nancy","Bastia","2.05","3.18","4.64","1.06","7.70","1.43","2.78","2.62","1.58","4.74","1.18","9.10","1.03","2.23","1.72"
"18280","14-01-17 20:00","France","Ligue 1","2016/2017","Toulouse","Nantes","2.27","3.04","4.02","1.06","7.70","1.43","2.78","2.62","1.58","4.74","1.18","9.00","1.03","2.14","1.78"
"18281","14-01-17 17:00","France","Ligue 1","2016/2017","Rennes","PSG","9.20","5.00","1.41","","","1.22","4.20","1.85","2.11","2.99","1.38","5.50","1.11","2.12","1.78"
"18282","13-01-17 20:45","France","Ligue 1","2016/2017","Lille","St Etienne","2.15","3.20","4.16","1.05","7.90","1.42","2.82","2.57","1.60","4.60","1.19","8.80","1.03","2.20","1.74"
"18283","21-12-16 20:50","France","Ligue 1","2016/2017","Bastia","Marseille","3.90","3.24","2.21","1.06","7.50","1.38","3.02","2.39","1.68","4.20","1.22","8.00","1.05","2.03","1.86"
"18284","21-12-16 20:50","France","Ligue 1","2016/2017","Bordeaux","Nice","2.60","3.50","2.88","","","1.26","3.78","1.97","1.97","3.20","1.34","5.90","1.10","1.77","2.16"
"18285","21-12-16 20:50","France","Ligue 1","2016/2017","Dijon","Toulouse","2.52","3.20","3.24","1.03","9.30","1.35","3.16","2.29","1.73","3.96","1.24","7.50","1.06","1.94","1.94"
"18286","21-12-16 20:50","France","Ligue 1","2016/2017","Lille","Rennes","2.17","3.22","4.08","1.06","7.70","1.45","2.74","2.62","1.58","4.80","1.18","9.10","1.03","2.11","1.75"
"18287","21-12-16 20:50","France","Ligue 1","2016/2017","Lyon","Angers","1.43","4.86","9.20","1.03","13.00","1.18","4.74","1.73","2.26","2.70","1.46","4.84","1.14","1.96","1.92"
"18288","21-12-16 20:50","France","Ligue 1","2016/2017","Metz","Guingamp","3.17","3.26","2.52","1.02","10.50","1.31","3.38","2.16","1.81","3.62","1.28","6.80","1.07","1.86","2.03"
"18289","21-12-16 20:50","France","Ligue 1","2016/2017","Monaco","Caen","1.31","6.00","11.50","1.01","20.00","1.07","6.80","1.43","3.15","2.14","1.81","3.44","1.30","1.78","2.13"
"18290","21-12-16 20:50","France","Ligue 1","2016/2017","Nantes","Montpellier","2.67","3.14","3.08","1.03","9.50","1.34","3.20","2.29","1.73","3.92","1.25","7.50","1.06","1.92","1.97"
"18291","21-12-16 20:50","France","Ligue 1","2016/2017","PSG","Lorient","1.21","7.50","18.00","1.01","23.00","1.04","8.30","1.30","3.48","1.93","2.01","3.00","1.38","1.86","2.02"
"18292","21-12-16 20:50","France","Ligue 1","2016/2017","St Etienne","Nancy","2.49","2.98","3.58","1.06","7.10","1.49","2.59","2.81","1.52","5.30","1.15","9.90","1.02","2.15","1.73"
"18293","18-12-16 20:45","France","Ligue 1","2016/2017","Monaco","Lyon","1.88","3.92","4.34","","","1.15","5.30","1.62","2.48","2.40","1.56","4.14","1.19","1.56","2.56"
"18294","18-12-16 17:00","France","Ligue 1","2016/2017","Marseille","Lille","2.01","3.42","4.42","1.03","9.20","1.35","3.16","2.29","1.73","3.96","1.24","7.50","1.06","2.08","1.82"
"18295","18-12-16 15:00","France","Ligue 1","2016/2017","Nice","Dijon","1.60","4.24","6.40","","","1.20","4.50","1.77","2.20","2.76","1.44","5.10","1.13","1.77","2.15"
"18296","18-12-16 14:30","France","Ligue 1","2016/2017","Caen","Metz","2.04","3.44","4.20","1.01","11.00","1.28","3.64","2.04","1.89","3.38","1.31","6.30","1.09","1.85","2.04"
"18297","17-12-16 20:00","France","Ligue 1","2016/2017","Lorient","St Etienne","2.59","3.30","3.05","1.02","10.50","1.30","3.44","2.12","1.82","3.56","1.29","6.70","1.08","1.86","2.03"
"18298","17-12-16 20:00","France","Ligue 1","2016/2017","Montpellier","Bordeaux","2.40","3.26","3.40","1.02","10.50","1.31","3.42","2.14","1.81","3.60","1.28","6.80","1.07","1.86","2.03"
"18299","17-12-16 20:00","France","Ligue 1","2016/2017","Rennes","Bastia","1.75","3.62","5.85","1.05","8.00","1.42","2.82","2.53","1.60","4.64","1.19","8.90","1.03","2.27","1.70"
"18300","17-12-16 20:00","France","Ligue 1","2016/2017","Toulouse","Nancy","2.05","3.18","4.64","1.05","8.10","1.41","2.86","2.53","1.60","4.60","1.19","8.70","1.03","2.16","1.76"
"18301","17-12-16 17:00","France","Ligue 1","2016/2017","Guingamp","PSG","7.20","4.30","1.55","","","1.24","4.00","1.90","2.02","3.10","1.36","5.80","1.10","1.95","1.93"
"18302","16-12-16 20:45","France","Ligue 1","2016/2017","Angers","Nantes","2.45","2.99","3.66","1.06","7.70","1.43","2.80","2.66","1.55","4.74","1.18","9.10","1.03","2.20","1.74"
"18303","11-12-16 20:45","France","Ligue 1","2016/2017","PSG","Nice","1.38","5.65","9.40","","","1.16","5.10","1.66","2.46","2.50","1.52","4.40","1.17","1.98","1.90"
"18304","11-12-16 17:00","France","Ligue 1","2016/2017","St Etienne","Guingamp","2.18","3.19","4.12","1.04","8.60","1.38","3.00","2.43","1.66","4.24","1.22","8.10","1.05","2.09","1.82"
"18305","11-12-16 15:00","France","Ligue 1","2016/2017","Lyon","Rennes","1.55","4.52","6.65","","","1.17","4.94","1.69","2.36","2.56","1.50","4.54","1.16","1.79","2.11"
"18306","10-12-16 20:00","France","Ligue 1","2016/2017","Bastia","Metz","1.91","3.46","4.88","1.03","9.60","1.33","3.26","2.23","1.75","3.86","1.25","7.30","1.06","2.06","1.84"
"18307","10-12-16 20:00","France","Ligue 1","2016/2017","Lille","Montpellier","1.99","3.30","4.70","1.04","8.60","1.39","2.97","2.41","1.65","4.30","1.21","8.20","1.05","2.07","1.83"
"18308","10-12-16 20:00","France","Ligue 1","2016/2017","Nancy","Angers","2.53","2.97","3.50","1.06","7.40","1.46","2.69","2.69","1.54","4.90","1.17","9.40","1.03","2.18","1.75"
"18309","10-12-16 20:00","France","Ligue 1","2016/2017","Toulouse","Lorient","2.12","3.44","3.92","1.01","11.00","1.27","3.72","2.06","1.87","3.34","1.32","6.30","1.09","1.84","2.06"
"18310","10-12-16 17:00","France","Ligue 1","2016/2017","Bordeaux","Monaco","3.66","3.40","2.22","","","1.25","3.86","1.96","1.96","3.18","1.35","5.80","1.10","1.68","2.21"
"18311","10-12-16 14:30","France","Ligue 1","2016/2017","Dijon","Marseille","3.09","3.36","2.52","1.01","11.50","1.22","4.24","1.84","2.10","2.88","1.41","5.20","1.13","1.65","2.37"
"18312","04-12-16 20:45","France","Ligue 1","2016/2017","Nice","Toulouse","1.82","3.54","5.40","1.03","8.80","1.37","3.08","2.35","1.68","4.14","1.22","8.00","1.05","2.05","1.77"
"18313","04-12-16 17:00","France","Ligue 1","2016/2017","Marseille","Nancy","1.81","3.58","5.40","1.02","10.50","1.30","3.48","2.13","1.83","3.58","1.29","6.80","1.07","1.85","1.95"
"18314","04-12-16 15:00","France","Ligue 1","2016/2017","Rennes","St Etienne","2.62","3.00","3.30","1.06","7.10","1.49","2.58","2.81","1.52","5.30","1.15","9.90","1.02","2.05","1.74"
"18315","03-12-16 20:00","France","Ligue 1","2016/2017","Angers","Lorient","2.15","3.30","4.02","1.03","9.60","1.33","3.26","2.23","1.75","3.82","1.26","7.30","1.06","1.82","1.99"
"18316","03-12-16 20:00","France","Ligue 1","2016/2017","Bordeaux","Lille","2.44","3.10","3.52","1.06","7.40","1.47","2.66","2.69","1.54","5.00","1.17","9.50","1.03","2.05","1.75"
"18317","03-12-16 20:00","France","Ligue 1","2016/2017","Guingamp","Nantes","2.28","3.08","3.94","1.06","7.60","1.44","2.76","2.69","1.54","4.90","1.17","9.30","1.03","2.11","1.73"
"18318","03-12-16 20:00","France","Ligue 1","2016/2017","Monaco","Bastia","1.35","5.50","11.00","","","1.18","4.74","1.76","2.21","2.74","1.45","4.94","1.14","2.00","1.77"
"18319","03-12-16 17:00","France","Ligue 1","2016/2017","Montpellier","PSG","7.90","4.54","1.49","","","1.19","4.60","1.75","2.23","2.73","1.45","4.90","1.14","1.78","2.04"
"18320","02-12-16 20:45","France","Ligue 1","2016/2017","Caen","Dijon","2.23","3.26","3.82","1.01","11.50","1.26","3.78","2.01","1.93","3.24","1.33","6.00","1.10","1.65","2.24"
"18321","30-11-16 21:00","France","Ligue 1","2016/2017","PSG","Angers","1.25","6.70","14.50","","","1.17","4.94","1.68","2.35","2.64","1.47","4.74","1.15","2.25","1.63"
"18322","30-11-16 19:00","France","Ligue 1","2016/2017","Bastia","Bordeaux","3.26","3.00","2.65","1.06","7.10","1.49","2.58","2.79","1.51","5.30","1.15","9.90","1.02","2.10","1.73"
"18323","30-11-16 19:00","France","Ligue 1","2016/2017","Guingamp","Nice","2.68","3.24","2.98","1.01","11.50","1.27","3.70","2.02","1.90","3.32","1.32","6.10","1.09","1.70","2.15"
"18324","30-11-16 19:00","France","Ligue 1","2016/2017","Nancy","Metz","2.12","3.26","4.16","1.04","8.60","1.38","2.99","2.41","1.65","4.30","1.21","8.10","1.05","1.91","1.85"
"18325","30-11-16 19:00","France","Ligue 1","2016/2017","Nantes","Lyon","3.98","3.34","2.14","1.02","10.50","1.31","3.40","2.15","1.80","3.64","1.28","6.80","1.07","1.78","2.04"
"18326","30-11-16 19:00","France","Ligue 1","2016/2017","St Etienne","Marseille","2.17","3.22","4.08","1.05","7.90","1.43","2.80","2.55","1.59","4.64","1.19","8.80","1.03","1.95","1.78"
"18327","30-11-16 19:00","France","Ligue 1","2016/2017","Toulouse","Montpellier","2.41","3.28","3.36","1.01","11.00","1.28","3.62","2.05","1.88","3.38","1.31","6.30","1.09","1.69","2.17"
"18328","29-11-16 21:00","France","Ligue 1","2016/2017","Dijon","Monaco","5.50","4.26","1.66","","","1.15","5.30","1.65","2.41","2.45","1.54","4.24","1.18","1.59","2.36"
"18329","29-11-16 19:00","France","Ligue 1","2016/2017","Lille","Caen","1.79","3.54","5.65","1.03","8.70","1.37","3.06","2.41","1.65","4.24","1.22","8.20","1.05","2.08","1.75"
"18330","29-11-16 19:00","France","Ligue 1","2016/2017","Lorient","Rennes","2.72","3.30","2.88","1.02","10.50","1.30","3.46","2.12","1.84","3.54","1.29","6.60","1.08","1.73","2.11"
"18331","27-11-16 20:45","France","Ligue 1","2016/2017","Lyon","PSG","3.66","3.60","2.14","1.02","14.00","1.21","4.30","1.83","2.13","2.86","1.41","5.20","1.13","1.61","2.32"
"18332","27-11-16 17:00","France","Ligue 1","2016/2017","Nice","Bastia","1.65","3.94","6.30","1.03","9.60","1.33","3.26","2.21","1.76","3.86","1.25","7.30","1.06","2.09","1.74"
"18333","27-11-16 15:00","France","Ligue 1","2016/2017","Angers","St Etienne","2.79","2.86","3.22","1.10","6.00","1.53","2.46","2.98","1.46","5.60","1.14","","","2.15","1.70"
"18334","26-11-16 20:00","France","Ligue 1","2016/2017","Bordeaux","Dijon","1.66","3.88","6.35","1.01","11.50","1.25","3.86","1.98","1.96","3.24","1.33","6.00","1.10","1.83","1.98"
"18335","26-11-16 20:00","France","Ligue 1","2016/2017","Caen","Guingamp","2.47","3.10","3.44","1.04","8.30","1.40","2.93","2.46","1.63","4.34","1.21","8.30","1.04","1.91","1.89"
"18336","26-11-16 20:00","France","Ligue 1","2016/2017","Metz","Lorient","2.63","3.34","2.97","1.01","11.50","1.27","3.72","2.01","1.93","3.28","1.33","6.10","1.09","1.66","2.22"
"18337","26-11-16 20:00","France","Ligue 1","2016/2017","Montpellier","Nancy","1.87","3.70","4.84","1.03","9.50","1.34","3.20","2.26","1.75","3.96","1.24","7.50","1.06","1.95","1.82"
"18338","26-11-16 20:00","France","Ligue 1","2016/2017","Nantes","Lille","2.58","2.96","3.42","1.06","7.20","1.48","2.61","2.73","1.53","5.10","1.16","9.70","1.03","2.05","1.77"
"18339","26-11-16 17:10","France","Ligue 1","2016/2017","Monaco","Marseille","1.69","3.92","5.85","","","1.23","4.10","1.89","2.06","3.02","1.38","5.60","1.11","1.76","2.06"
"18340","25-11-16 20:45","France","Ligue 1","2016/2017","Rennes","Toulouse","2.42","3.24","3.38","1.03","9.30","1.34","3.20","2.33","1.71","3.96","1.24","7.50","1.06","1.86","1.94"
"18341","20-11-16 20:45","France","Ligue 1","2016/2017","St Etienne","Nice","2.31","3.26","3.60","1.03","9.20","1.36","3.10","2.33","1.71","4.10","1.23","7.60","1.06","1.87","1.93"
"18342","20-11-16 17:00","France","Ligue 1","2016/2017","Marseille","Caen","1.78","3.90","5.10","1.01","11.50","1.27","3.72","2.00","1.94","3.32","1.32","6.10","1.09","1.82","1.99"
"18343","20-11-16 15:00","France","Ligue 1","2016/2017","Guingamp","Bordeaux","2.63","3.20","3.09","1.03","9.30","1.35","3.16","2.29","1.73","3.96","1.24","7.50","1.06","1.82","1.99"
"18344","19-11-16 20:00","France","Ligue 1","2016/2017","Bastia","Montpellier","2.86","3.20","2.83","1.03","9.20","1.35","3.16","2.29","1.73","3.96","1.24","7.50","1.06","1.82","1.99"
"18345","19-11-16 20:00","France","Ligue 1","2016/2017","Nancy","Dijon","2.17","3.24","4.04","1.02","9.90","1.31","3.40","2.17","1.79","3.64","1.28","6.90","1.07","1.77","2.05"
"18346","19-11-16 20:00","France","Ligue 1","2016/2017","Rennes","Angers","2.46","3.00","3.58","1.08","6.50","1.43","2.78","2.62","1.58","4.74","1.18","9.00","1.03","1.99","1.82"
"18347","19-11-16 20:00","France","Ligue 1","2016/2017","Toulouse","Metz","1.58","4.26","6.80","","","1.25","3.90","1.94","2.00","3.18","1.35","5.90","1.10","1.89","1.91"
"18348","19-11-16 17:00","France","Ligue 1","2016/2017","PSG","Nantes","1.23","7.10","16.00","1.01","18.00","1.11","5.50","1.51","2.52","2.52","1.62","4.30","1.21","2.20","1.66"
"18349","18-11-16 20:45","France","Ligue 1","2016/2017","Lille","Lyon","3.10","3.20","2.62","1.02","10.50","1.29","3.56","2.09","1.86","3.44","1.30","6.40","1.08","1.68","2.19"
"18350","18-11-16 19:00","France","Ligue 1","2016/2017","Lorient","Monaco","4.06","3.70","1.99","1.03","12.50","1.20","4.44","1.78","2.21","2.75","1.44","4.90","1.14","1.59","2.36"
"18351","06-11-16 20:45","France","Ligue 1","2016/2017","PSG","Rennes","1.24","7.00","15.00","1.01","17.00","1.13","5.90","1.54","2.73","2.27","1.62","3.88","1.22","2.02","1.79"
"18352","06-11-16 17:00","France","Ligue 1","2016/2017","Metz","St Etienne","3.68","3.28","2.27","1.03","9.60","1.33","3.24","2.24","1.76","3.82","1.26","7.30","1.06","1.81","2.00"
"18353","06-11-16 15:00","France","Ligue 1","2016/2017","Caen","Nice","3.14","3.34","2.50","1.01","11.50","1.26","3.80","1.97","1.97","3.20","1.34","5.90","1.10","1.67","2.20"
"18354","05-11-16 20:00","France","Ligue 1","2016/2017","Angers","Lille","2.54","2.93","3.54","1.06","7.10","1.48","2.63","2.85","1.51","5.20","1.16","9.90","1.02","2.11","1.73"
"18355","05-11-16 20:00","France","Ligue 1","2016/2017","Bordeaux","Lorient","1.75","3.78","5.45","1.03","9.70","1.33","3.26","2.21","1.78","3.86","1.25","7.30","1.06","2.00","1.80"
"18356","05-11-16 20:00","France","Ligue 1","2016/2017","Dijon","Guingamp","2.75","3.14","3.06","1.03","9.20","1.35","3.15","2.31","1.72","3.96","1.24","7.50","1.06","1.80","1.99"
"18357","05-11-16 20:00","France","Ligue 1","2016/2017","Lyon","Bastia","1.42","4.94","9.20","1.02","14.00","1.18","4.74","1.72","2.28","2.68","1.46","4.84","1.14","1.85","1.95"
"18358","05-11-16 20:00","France","Ligue 1","2016/2017","Nantes","Toulouse","2.73","3.01","3.20","1.06","7.30","1.46","2.68","2.78","1.53","5.00","1.17","9.60","1.03","2.06","1.76"
"18359","05-11-16 17:00","France","Ligue 1","2016/2017","Monaco","Nancy","1.47","4.60","8.50","","","1.24","3.96","1.93","2.01","3.16","1.35","5.90","1.10","2.00","1.80"
"18360","04-11-16 20:45","France","Ligue 1","2016/2017","Montpellier","Marseille","2.73","3.24","2.92","1.02","10.50","1.31","3.42","2.15","1.82","3.60","1.28","6.80","1.07","1.73","2.11"
"18361","30-10-16 20:45","France","Ligue 1","2016/2017","Marseille","Bordeaux","2.18","3.34","3.88","1.02","9.90","1.32","3.32","2.21","1.78","3.78","1.26","7.10","1.06","1.80","1.99"
"18362","30-10-16 17:00","France","Ligue 1","2016/2017","Rennes","Metz","1.64","3.96","6.45","1.03","11.50","1.23","4.10","1.90","2.05","3.04","1.37","5.60","1.11","1.77","2.05"
"18363","30-10-16 15:00","France","Ligue 1","2016/2017","Nice","Nantes","1.95","3.34","4.90","1.02","10.00","1.31","3.42","2.16","1.81","3.64","1.28","6.90","1.07","1.86","1.94"
"18364","29-10-16 20:00","France","Ligue 1","2016/2017","Bastia","Dijon","2.30","3.16","3.78","1.06","7.70","1.44","2.75","2.61","1.57","4.74","1.18","9.10","1.03","2.05","1.77"
"18365","29-10-16 20:00","France","Ligue 1","2016/2017","Guingamp","Angers","2.38","3.10","3.66","1.06","7.70","1.44","2.75","2.61","1.57","4.74","1.18","9.00","1.03","2.02","1.79"
"18366","29-10-16 20:00","France","Ligue 1","2016/2017","Lorient","Montpellier","2.12","3.42","3.94","1.01","11.50","1.25","3.86","2.01","1.93","3.22","1.34","6.00","1.10","1.70","2.15"
"18367","29-10-16 20:00","France","Ligue 1","2016/2017","Nancy","Caen","2.14","3.20","4.22","1.04","8.30","1.39","2.95","2.46","1.63","4.34","1.21","8.40","1.04","1.97","1.83"
"18368","29-10-16 20:00","France","Ligue 1","2016/2017","St Etienne","Monaco","2.65","3.24","3.02","1.02","10.00","1.30","3.44","2.21","1.78","3.62","1.28","6.90","1.07","1.78","2.04"
"18369","29-10-16 17:00","France","Ligue 1","2016/2017","Toulouse","Lyon","2.77","3.34","2.80","1.01","11.50","1.27","3.72","2.01","1.93","3.28","1.33","6.10","1.09","1.67","2.20"
"18370","28-10-16 20:45","France","Ligue 1","2016/2017","Lille","PSG","6.40","4.08","1.62","1.02","10.50","1.28","3.62","2.11","1.85","3.52","1.29","6.60","1.08","2.05","1.76"
"18371","23-10-16 20:45","France","Ligue 1","2016/2017","PSG","Marseille","1.28","6.30","13.00","1.01","20.00","1.11","6.50","1.49","2.92","2.13","1.70","3.58","1.25","1.75","2.06"
"18372","23-10-16 17:00","France","Ligue 1","2016/2017","Metz","Nice","3.36","3.36","2.37","1.01","11.50","1.26","3.78","1.99","1.95","3.22","1.34","6.00","1.10","1.66","2.21"
"18373","23-10-16 15:00","France","Ligue 1","2016/2017","Caen","St Etienne","2.69","3.20","3.02","1.04","8.60","1.39","2.96","2.43","1.66","4.30","1.21","8.10","1.05","1.92","1.88"
"18374","22-10-16 20:00","France","Ligue 1","2016/2017","Angers","Toulouse","2.82","3.05","2.98","1.05","8.00","1.42","2.84","2.54","1.61","4.60","1.19","8.60","1.04","1.94","1.86"
"18375","22-10-16 20:00","France","Ligue 1","2016/2017","Bordeaux","Nancy","1.79","3.50","5.80","1.03","8.90","1.36","3.10","2.36","1.69","4.14","1.22","8.00","1.05","2.02","1.79"
"18376","22-10-16 20:00","France","Ligue 1","2016/2017","Dijon","Lorient","2.33","3.24","3.58","1.02","9.90","1.29","3.52","2.12","1.84","3.52","1.29","6.60","1.08","1.73","2.11"
"18377","22-10-16 20:00","France","Ligue 1","2016/2017","Lille","Bastia","1.87","3.32","5.50","1.08","6.70","1.52","2.50","2.92","1.49","5.50","1.14","11.50","1.01","2.38","1.57"
"18378","22-10-16 20:00","France","Ligue 1","2016/2017","Nantes","Rennes","2.51","3.05","3.42","1.05","7.80","1.43","2.79","2.59","1.59","4.64","1.19","8.90","1.03","2.00","1.81"
"18379","22-10-16 17:00","France","Ligue 1","2016/2017","Lyon","Guingamp","1.50","4.56","7.70","1.03","13.00","1.21","4.30","1.83","2.13","2.92","1.40","5.30","1.12","1.88","1.92"
"18380","21-10-16 20:45","France","Ligue 1","2016/2017","Monaco","Montpellier","1.63","4.24","6.15","1.03","13.00","1.23","4.10","1.88","2.07","3.02","1.38","5.50","1.11","1.80","1.94"
"18381","16-10-16 20:45","France","Ligue 1","2016/2017","Marseille","Metz","1.46","4.86","8.00","1.01","17.00","1.13","5.80","1.56","2.68","2.26","1.63","3.86","1.22","1.60","2.34"
"18382","16-10-16 17:00","France","Ligue 1","2016/2017","St Etienne","Dijon","1.79","3.64","5.60","1.02","9.90","1.31","3.38","2.18","1.80","3.70","1.27","7.00","1.06","1.91","1.89"
"18383","16-10-16 15:00","France","Ligue 1","2016/2017","Rennes","Bordeaux","2.69","3.20","3.02","1.03","9.20","1.35","3.14","2.31","1.72","3.98","1.24","7.50","1.06","1.83","1.97"
"18384","15-10-16 20:00","France","Ligue 1","2016/2017","Bastia","Angers","2.74","2.86","3.30","1.09","6.30","1.60","2.31","3.22","1.42","6.30","1.11","13.00","1.02","2.32","1.61"
"18385","15-10-16 20:00","France","Ligue 1","2016/2017","Guingamp","Lille","2.91","2.97","2.99","1.06","7.10","1.49","2.59","2.81","1.52","5.20","1.16","9.90","1.02","2.08","1.75"
"18386","15-10-16 20:00","France","Ligue 1","2016/2017","Lorient","Nantes","2.82","3.08","2.95","1.05","7.90","1.43","2.80","2.57","1.60","4.60","1.19","8.80","1.03","1.96","1.84"
"18387","15-10-16 20:00","France","Ligue 1","2016/2017","Montpellier","Caen","2.08","3.42","4.12","1.01","11.50","1.25","3.86","1.98","1.96","3.20","1.34","6.00","1.10","1.69","2.17"
"18388","15-10-16 17:00","France","Ligue 1","2016/2017","Nancy","PSG","8.40","4.48","1.48","1.01","11.50","1.25","3.88","1.96","1.98","3.24","1.33","6.10","1.09","2.05","1.77"
"18389","14-10-16 20:45","France","Ligue 1","2016/2017","Nice","Lyon","2.91","3.52","2.58","1.03","12.00","1.22","4.14","1.86","2.09","2.95","1.39","5.30","1.12","1.59","2.36"
"18390","14-10-16 19:00","France","Ligue 1","2016/2017","Toulouse","Monaco","2.85","3.15","2.89","1.02","10.50","1.31","3.38","2.15","1.82","3.62","1.28","6.80","1.07","1.75","2.05"
"18391","02-10-16 20:45","France","Ligue 1","2016/2017","Lyon","St Etienne","1.79","3.78","5.35","1.03","12.00","1.23","4.10","1.91","2.03","3.06","1.37","5.60","1.11","1.71","2.14"
"18392","02-10-16 17:00","France","Ligue 1","2016/2017","Nice","Lorient","1.71","3.94","5.80","1.01","11.50","1.25","3.86","1.96","1.98","3.20","1.34","6.00","1.10","1.80","2.00"
"18393","02-10-16 15:00","France","Ligue 1","2016/2017","Angers","Marseille","2.85","3.16","2.88","1.03","9.20","1.35","3.16","2.29","1.73","3.96","1.24","7.50","1.06","1.82","1.99"
"18394","01-10-16 20:00","France","Ligue 1","2016/2017","Caen","Toulouse","2.93","3.24","2.72","1.02","9.90","1.32","3.34","2.18","1.80","3.68","1.27","6.90","1.07","1.75","2.08"
"18395","01-10-16 20:00","France","Ligue 1","2016/2017","Dijon","Montpellier","2.56","3.24","3.14","1.03","9.20","1.35","3.15","2.29","1.73","3.96","1.24","7.50","1.06","1.80","1.95"
"18396","01-10-16 20:00","France","Ligue 1","2016/2017","Lille","Nancy","1.83","3.44","5.55","1.05","8.10","1.41","2.88","2.51","1.62","4.60","1.19","8.70","1.03","2.12","1.72"
"18397","01-10-16 20:00","France","Ligue 1","2016/2017","Metz","Monaco","5.15","3.98","1.77","1.01","11.50","1.26","3.78","1.89","2.06","3.24","1.33","6.00","1.10","1.80","2.00"
"18398","01-10-16 20:00","France","Ligue 1","2016/2017","Nantes","Bastia","2.03","3.20","4.76","1.07","6.90","1.50","2.56","2.85","1.51","5.30","1.15","11.50","1.01","2.24","1.65"
"18399","01-10-16 17:00","France","Ligue 1","2016/2017","PSG","Bordeaux","1.30","6.00","12.50","1.01","18.00","1.11","6.50","1.50","2.88","2.14","1.69","3.64","1.24","1.77","2.05"
"18400","30-09-16 20:45","France","Ligue 1","2016/2017","Rennes","Guingamp","2.18","3.18","4.14","1.03","9.20","1.34","3.20","2.29","1.73","3.92","1.25","7.50","1.06","1.86","1.94"
"18401","25-09-16 20:45","France","Ligue 1","2016/2017","Marseille","Nantes","2.17","3.22","4.08","1.03","8.70","1.38","3.02","2.41","1.67","4.20","1.22","8.00","1.05","1.93","1.87"
"18402","25-09-16 17:00","France","Ligue 1","2016/2017","Nancy","Nice","2.56","3.30","3.10","1.04","8.60","1.39","2.95","2.43","1.66","4.30","1.21","8.10","1.05","1.90","1.90"
"18403","25-09-16 15:00","France","Ligue 1","2016/2017","St Etienne","Lille","2.46","3.13","3.52","1.06","7.50","1.46","2.69","2.66","1.55","4.90","1.17","9.40","1.03","2.05","1.77"
"18404","24-09-16 20:00","France","Ligue 1","2016/2017","Bastia","Guingamp","2.66","2.93","3.32","1.06","7.20","1.48","2.63","2.76","1.52","5.10","1.16","9.70","1.03","2.05","1.77"
"18405","24-09-16 20:00","France","Ligue 1","2016/2017","Bordeaux","Caen","1.77","3.80","5.30","1.02","10.50","1.29","3.60","2.06","1.89","3.44","1.30","6.40","1.08","1.80","1.94"
"18406","24-09-16 20:00","France","Ligue 1","2016/2017","Dijon","Rennes","2.56","3.16","3.22","1.04","8.30","1.40","2.90","2.46","1.63","4.44","1.20","8.30","1.04","1.93","1.87"
"18407","24-09-16 20:00","France","Ligue 1","2016/2017","Monaco","Angers","1.83","3.58","5.25","1.02","10.50","1.30","3.48","2.13","1.83","3.58","1.29","6.80","1.07","1.86","1.94"
"18408","24-09-16 20:00","France","Ligue 1","2016/2017","Montpellier","Metz","1.66","4.18","5.85","1.03","12.00","1.24","3.96","1.91","2.03","3.10","1.36","5.70","1.11","1.80","1.99"
"18409","24-09-16 17:00","France","Ligue 1","2016/2017","Lorient","Lyon","4.02","3.50","2.07","1.03","13.00","1.24","4.00","1.91","2.03","3.04","1.37","5.60","1.11","1.65","2.24"
"18410","23-09-16 20:45","France","Ligue 1","2016/2017","Toulouse","PSG","7.70","4.66","1.50","1.02","13.00","1.17","4.90","1.81","2.19","2.71","1.45","4.90","1.14","1.88","1.92"
"18411","21-09-16 21:00","France","Ligue 1","2016/2017","Rennes","Marseille","2.36","3.34","3.40","1.02","9.90","1.33","3.28","2.20","1.77","3.78","1.26","7.10","1.06","1.80","2.00"
"18412","21-09-16 19:00","France","Ligue 1","2016/2017","Angers","Caen","2.30","3.16","3.74","1.05","8.20","1.38","2.99","2.41","1.65","4.24","1.22","8.10","1.05","1.91","1.89"
"18413","21-09-16 19:00","France","Ligue 1","2016/2017","Bastia","Nancy","2.41","3.00","3.72","1.06","7.10","1.49","2.60","2.79","1.51","5.20","1.16","9.90","1.02","2.11","1.73"
"18414","21-09-16 19:00","France","Ligue 1","2016/2017","Guingamp","Lorient","1.99","3.44","4.46","1.04","10.50","1.22","4.20","1.95","1.97","3.00","1.38","5.60","1.11","1.68","2.19"
"18415","21-09-16 19:00","France","Ligue 1","2016/2017","Lyon","Montpellier","1.76","3.90","5.20","1.02","14.00","1.22","4.14","1.87","2.08","2.97","1.39","5.50","1.11","1.71","2.14"
"18416","21-09-16 19:00","France","Ligue 1","2016/2017","Metz","Bordeaux","3.24","3.24","2.50","1.01","11.00","1.28","3.62","2.06","1.89","3.38","1.31","6.30","1.09","1.70","2.12"
"18417","21-09-16 19:00","France","Ligue 1","2016/2017","Nantes","St Etienne","2.91","3.00","2.93","1.07","6.90","1.51","2.52","2.86","1.49","5.40","1.15","11.50","1.01","2.10","1.70"
"18418","21-09-16 19:00","France","Ligue 1","2016/2017","Nice","Monaco","3.68","3.34","2.24","1.01","11.50","1.26","3.80","2.02","1.90","3.24","1.33","6.10","1.09","1.70","2.15"
"18419","20-09-16 21:00","France","Ligue 1","2016/2017","PSG","Dijon","1.12","11.50","30.00","1.01","26.00","1.09","7.40","1.28","3.64","1.83","2.13","2.90","1.40","2.05","1.74"
"18420","20-09-16 19:00","France","Ligue 1","2016/2017","Lille","Toulouse","2.30","3.20","3.70","1.06","7.00","1.45","2.71","2.64","1.56","4.90","1.17","9.30","1.03","2.08","1.75"
"18421","18-09-16 20:45","France","Ligue 1","2016/2017","Marseille","Lyon","2.69","3.36","2.90","1.01","11.50","1.26","3.82","1.97","1.97","3.18","1.35","5.80","1.10","1.63","2.28"
"18422","18-09-16 17:00","France","Ligue 1","2016/2017","St Etienne","Bastia","1.83","3.44","5.60","1.04","8.60","1.37","3.05","2.39","1.66","4.24","1.22","8.10","1.05","2.04","1.78"
"18423","18-09-16 15:00","France","Ligue 1","2016/2017","Montpellier","Nice","2.26","3.40","3.56","1.02","10.00","1.31","3.38","2.16","1.81","3.68","1.27","6.80","1.07","1.75","2.02"
"18424","17-09-16 20:00","France","Ligue 1","2016/2017","Bordeaux","Angers","1.82","3.54","5.40","1.03","9.20","1.35","3.15","2.31","1.72","4.00","1.24","7.80","1.05","2.00","1.81"
"18425","17-09-16 20:00","France","Ligue 1","2016/2017","Dijon","Metz","2.04","3.48","4.16","1.02","10.50","1.30","3.44","2.13","1.83","3.58","1.29","6.70","1.08","1.80","2.01"
"18426","17-09-16 20:00","France","Ligue 1","2016/2017","Lorient","Lille","3.62","3.30","2.28","1.03","9.50","1.34","3.20","2.27","1.74","3.90","1.25","7.40","1.06","1.84","1.96"
"18427","17-09-16 20:00","France","Ligue 1","2016/2017","Nancy","Nantes","2.42","2.94","3.78","1.08","6.60","1.54","2.45","3.04","1.46","5.70","1.14","","","2.20","1.66"
"18428","17-09-16 20:00","France","Ligue 1","2016/2017","Toulouse","Guingamp","2.15","3.42","3.84","1.02","9.90","1.32","3.32","2.19","1.79","3.72","1.27","7.00","1.06","1.83","1.98"
"18429","17-09-16 17:00","France","Ligue 1","2016/2017","Monaco","Rennes","1.82","3.70","5.25","1.03","9.60","1.33","3.24","2.21","1.78","3.86","1.25","7.30","1.06","1.95","1.83"
"18430","16-09-16 20:45","France","Ligue 1","2016/2017","Caen","PSG","8.80","5.10","1.42","1.01","15.00","1.16","5.10","1.65","2.45","2.48","1.53","4.40","1.17","1.76","2.06"
"18431","11-09-16 20:45","France","Ligue 1","2016/2017","Nice","Marseille","2.21","3.44","3.74","1.02","10.00","1.31","3.38","2.16","1.81","3.68","1.27","6.90","1.07","1.80","2.00"
"18432","11-09-16 17:00","France","Ligue 1","2016/2017","Rennes","Caen","2.14","3.36","3.96","1.02","10.50","1.30","3.46","2.13","1.83","3.56","1.29","6.70","1.08","1.77","2.05"
"18433","11-09-16 15:00","France","Ligue 1","2016/2017","Nantes","Metz","1.76","3.58","5.90","1.05","7.90","1.42","2.82","2.54","1.61","4.64","1.19","8.90","1.03","2.10","1.66"
"18434","10-09-16 20:00","France","Ligue 1","2016/2017","Angers","Dijon","2.38","3.06","3.72","1.05","7.80","1.43","2.80","2.59","1.59","4.64","1.19","8.90","1.03","2.00","1.81"
"18435","10-09-16 20:00","France","Ligue 1","2016/2017","Bastia","Toulouse","3.08","2.94","2.86","1.08","6.70","1.52","2.50","2.92","1.49","5.50","1.14","11.50","1.01","2.17","1.69"
"18436","10-09-16 20:00","France","Ligue 1","2016/2017","Guingamp","Montpellier","2.47","3.18","3.36","1.03","9.60","1.33","3.26","2.23","1.75","3.80","1.26","7.30","1.06","1.78","2.04"
"18437","10-09-16 20:00","France","Ligue 1","2016/2017","Lille","Monaco","2.48","3.13","3.40","1.05","8.10","1.41","2.86","2.50","1.61","4.50","1.20","8.60","1.04","1.97","1.83"
"18438","10-09-16 20:00","France","Ligue 1","2016/2017","Lorient","Nancy","2.46","3.22","3.40","1.02","10.50","1.28","3.60","2.09","1.88","3.40","1.31","6.40","1.08","1.68","2.19"
"18439","10-09-16 17:00","France","Ligue 1","2016/2017","Lyon","Bordeaux","1.66","4.26","5.60","1.02","14.00","1.18","4.74","1.72","2.31","2.63","1.48","4.70","1.15","1.64","2.26"
"18440","09-09-16 20:45","France","Ligue 1","2016/2017","PSG","St Etienne","1.37","5.20","11.00","1.01","15.00","1.16","5.10","1.67","2.38","2.56","1.50","4.54","1.16","1.95","1.79"
"18441","28-08-16 20:45","France","Ligue 1","2016/2017","Monaco","PSG","4.74","3.84","1.86","1.03","12.00","1.24","4.00","1.91","2.03","3.08","1.37","5.60","1.11","1.71","2.14"
"18442","28-08-16 17:00","France","Ligue 1","2016/2017","St Etienne","Toulouse","2.33","3.20","3.62","1.03","9.20","1.35","3.14","2.33","1.71","4.00","1.24","7.60","1.06","1.85","1.95"
"18443","28-08-16 15:00","France","Ligue 1","2016/2017","Bordeaux","Nantes","2.15","3.14","4.26","1.06","7.50","1.45","2.71","2.68","1.56","4.90","1.17","9.40","1.03","2.09","1.74"
"18444","27-08-16 20:00","France","Ligue 1","2016/2017","Caen","Bastia","2.36","3.02","3.84","1.03","8.70","1.37","3.05","2.41","1.67","4.14","1.22","8.00","1.05","1.87","1.93"
"18445","27-08-16 20:00","France","Ligue 1","2016/2017","Metz","Angers","2.73","3.00","3.14","1.06","7.50","1.45","2.71","2.68","1.56","4.90","1.17","9.30","1.03","1.95","1.80"
"18446","27-08-16 20:00","France","Ligue 1","2016/2017","Montpellier","Rennes","2.13","3.30","4.06","1.03","8.70","1.38","3.02","2.38","1.68","4.20","1.22","8.00","1.05","1.94","1.86"
"18447","27-08-16 20:00","France","Ligue 1","2016/2017","Nancy","Guingamp","2.16","3.30","4.00","1.03","9.20","1.36","3.13","2.33","1.71","4.10","1.23","7.80","1.05","1.89","1.91"
"18448","27-08-16 20:00","France","Ligue 1","2016/2017","Nice","Lille","2.70","2.92","3.28","1.08","6.70","1.52","2.51","2.92","1.49","5.50","1.14","11.50","1.01","2.15","1.70"
"18449","27-08-16 17:00","France","Ligue 1","2016/2017","Dijon","Lyon","5.25","3.74","1.79","1.02","10.50","1.28","3.60","2.06","1.89","3.44","1.30","6.40","1.08","1.85","1.95"
"18450","26-08-16 20:45","France","Ligue 1","2016/2017","Marseille","Lorient","1.83","3.72","4.98","1.03","12.50","1.21","4.32","1.83","2.13","2.86","1.41","5.20","1.13","1.64","2.26"
"18451","21-08-16 20:45","France","Ligue 1","2016/2017","PSG","Metz","1.10","12.00","36.00","1.01","23.00","1.08","7.50","1.41","3.26","1.99","1.81","3.28","1.29","2.20","1.55"
"18452","21-08-16 17:00","France","Ligue 1","2016/2017","St Etienne","Montpellier","2.44","3.05","3.58","1.06","7.30","1.47","2.64","2.74","1.54","5.00","1.17","9.60","1.03","2.09","1.74"
"18453","21-08-16 15:00","France","Ligue 1","2016/2017","Guingamp","Marseille","2.88","3.22","2.83","1.03","8.70","1.39","2.95","2.43","1.66","4.30","1.21","8.10","1.05","1.92","1.88"
"18454","20-08-16 20:00","France","Ligue 1","2016/2017","Angers","Nice","2.74","2.81","3.36","1.10","5.90","1.61","2.29","3.26","1.41","6.30","1.11","13.00","1.01","2.30","1.62"
"18455","20-08-16 20:00","France","Ligue 1","2016/2017","Lille","Dijon","1.74","3.50","6.35","1.05","8.00","1.41","2.86","2.54","1.61","4.60","1.19","8.90","1.03","2.20","1.66"
"18456","20-08-16 20:00","France","Ligue 1","2016/2017","Lorient","Bastia","2.22","3.02","4.22","1.05","7.80","1.42","2.82","2.59","1.59","4.60","1.19","8.90","1.03","2.00","1.81"
"18457","20-08-16 20:00","France","Ligue 1","2016/2017","Rennes","Nancy","2.04","3.30","4.46","1.03","8.90","1.37","3.08","2.36","1.69","4.10","1.23","7.90","1.05","1.93","1.87"
"18458","20-08-16 20:00","France","Ligue 1","2016/2017","Toulouse","Bordeaux","2.72","3.15","3.00","1.03","9.20","1.35","3.18","2.29","1.73","3.96","1.24","7.50","1.06","1.79","2.02"
"18459","20-08-16 17:00","France","Ligue 1","2016/2017","Nantes","Monaco","2.55","3.04","3.38","1.06","7.10","1.49","2.58","2.81","1.52","5.30","1.15","10.00","1.02","2.12","1.72"
"18460","19-08-16 20:45","France","Ligue 1","2016/2017","Lyon","Caen","1.38","5.60","8.80","1.01","17.00","1.11","6.30","1.56","2.68","2.19","1.66","3.72","1.23","1.74","2.09"
"18461","14-08-16 20:45","France","Ligue 1","2016/2017","Marseille","Toulouse","2.14","3.32","4.02","1.03","8.80","1.37","3.05","2.35","1.68","4.14","1.22","7.90","1.05","1.91","1.87"
"18462","14-08-16 17:00","France","Ligue 1","2016/2017","Nice","Rennes","2.46","3.16","3.40","1.03","8.90","1.37","3.08","2.36","1.69","4.10","1.23","7.80","1.05","1.86","1.94"
"18463","14-08-16 15:00","France","Ligue 1","2016/2017","Nancy","Lyon","3.26","3.38","2.41","1.02","10.00","1.31","3.38","2.15","1.80","3.64","1.28","6.80","1.07","1.79","2.02"
"18464","13-08-16 20:00","France","Ligue 1","2016/2017","Caen","Lorient","2.46","3.32","3.24","1.02","9.90","1.33","3.28","2.21","1.78","3.78","1.26","7.10","1.06","1.79","2.02"
"18465","13-08-16 20:00","France","Ligue 1","2016/2017","Dijon","Nantes","2.62","3.00","3.30","1.06","7.30","1.47","2.65","2.73","1.54","5.00","1.17","9.50","1.03","2.06","1.76"
"18466","13-08-16 20:00","France","Ligue 1","2016/2017","Metz","Lille","3.54","3.20","2.37","1.06","7.40","1.47","2.64","2.70","1.55","5.00","1.17","9.50","1.03","2.10","1.73"
"18467","13-08-16 20:00","France","Ligue 1","2016/2017","Montpellier","Angers","1.91","3.36","5.10","1.08","6.40","1.49","2.59","2.78","1.53","5.30","1.15","10.00","1.02","2.25","1.63"
"18468","13-08-16 17:00","France","Ligue 1","2016/2017","Bordeaux","St Etienne","2.44","3.08","3.54","1.05","7.90","1.42","2.82","2.55","1.59","4.60","1.19","8.80","1.03","1.99","1.82"
"18469","12-08-16 20:30","France","Ligue 1","2016/2017","Monaco","Guingamp","1.70","3.78","6.20","1.02","10.50","1.30","3.46","2.13","1.83","3.62","1.28","6.80","1.07","1.95","1.85"
"18470","12-08-16 20:00","France","Ligue 1","2016/2017","Bastia","PSG","11.00","5.00","1.38","1.03","13.00","1.21","4.32","1.82","2.12","2.95","1.39","5.50","1.11","2.09","1.74"
"18471","14-05-16 21:00","France","Ligue 1","2015/2016","Angers","Toulouse","5.95","4.20","1.64","1.02","9.80","1.25","3.86","2.01","1.93","3.24","1.33","6.60","1.11","1.94","1.86"
"18472","14-05-16 21:00","France","Ligue 1","2015/2016","Caen","Bordeaux","2.90","3.52","2.58","1.03","15.00","1.14","5.50","1.61","2.54","2.33","1.59","3.92","1.21","1.45","2.75"
"18473","14-05-16 21:00","France","Ligue 1","2015/2016","Guingamp","Nice","4.96","3.96","1.78","1.03","15.00","1.18","4.74","1.72","2.28","2.64","1.47","4.70","1.15","1.59","2.36"
"18474","14-05-16 21:00","France","Ligue 1","2015/2016","Lorient","GFC Ajaccio","2.80","3.54","2.65","1.04","13.00","1.23","3.98","1.86","2.07","2.94","1.38","5.40","1.11","1.61","2.29"
"18475","14-05-16 21:00","France","Ligue 1","2015/2016","Monaco","Montpellier","1.51","4.68","7.40","1.03","17.00","1.15","5.10","1.65","2.42","2.46","1.52","4.30","1.17","1.67","2.18"
"18476","14-05-16 21:00","France","Ligue 1","2015/2016","PSG","Nantes","1.19","9.20","16.00","1.01","23.00","1.04","7.90","1.28","3.54","1.92","1.98","2.90","1.39","1.89","1.89"
"18477","14-05-16 21:00","France","Ligue 1","2015/2016","Reims","Lyon","3.94","4.24","1.90","1.02","21.00","1.14","5.50","1.55","2.67","2.24","1.62","3.72","1.22","1.45","2.61"
"18478","14-05-16 21:00","France","Ligue 1","2015/2016","Rennes","Bastia","1.76","3.90","5.20","1.05","11.00","1.23","4.10","1.88","2.07","2.99","1.38","5.50","1.11","1.72","2.12"
"18479","14-05-16 21:00","France","Ligue 1","2015/2016","St Etienne","Lille","2.72","3.18","2.99","1.06","7.50","1.39","2.95","2.43","1.66","4.30","1.21","8.10","1.05","1.92","1.88"
"18480","14-05-16 21:00","France","Ligue 1","2015/2016","Troyes","Marseille","5.25","4.76","1.63","1.02","21.00","1.11","6.10","1.49","2.87","2.10","1.70","3.48","1.25","1.45","2.58"
"18481","11-05-16 20:30","France","Ligue 1","2015/2016","Bordeaux","PSG","6.10","4.54","1.58","1.01","17.00","1.14","5.30","1.61","2.51","2.36","1.56","4.04","1.19","1.59","2.33"
"18482","07-05-16 21:00","France","Ligue 1","2015/2016","Bastia","Angers","2.35","3.26","3.58","1.06","7.20","1.38","2.94","2.42","1.65","4.20","1.21","8.00","1.04","1.92","1.86"
"18483","07-05-16 21:00","France","Ligue 1","2015/2016","Bordeaux","Lorient","1.72","4.12","5.30","1.01","15.00","1.19","4.50","1.77","2.23","2.70","1.44","4.74","1.14","1.66","2.19"
"18484","07-05-16 21:00","France","Ligue 1","2015/2016","GFC Ajaccio","PSG","6.90","5.05","1.50","1.01","15.00","1.17","4.80","1.68","2.33","2.57","1.48","4.54","1.15","1.73","2.08"
"18485","07-05-16 21:00","France","Ligue 1","2015/2016","Lille","Guingamp","1.50","4.44","7.90","1.03","11.50","1.19","4.60","1.87","2.08","2.86","1.41","5.30","1.12","1.90","1.90"
"18486","07-05-16 21:00","France","Ligue 1","2015/2016","Lyon","Monaco","1.75","3.96","5.20","1.02","13.00","1.22","4.20","1.85","2.11","2.90","1.40","5.30","1.12","1.70","2.15"
"18487","07-05-16 21:00","France","Ligue 1","2015/2016","Marseille","Reims","1.93","3.96","4.04","1.01","16.00","1.10","5.80","1.52","2.79","2.35","1.68","3.78","1.26","1.50","2.56"
"18488","07-05-16 21:00","France","Ligue 1","2015/2016","Montpellier","Rennes","2.33","3.50","3.30","1.02","9.20","1.25","3.78","1.97","1.97","3.14","1.34","5.80","1.10","1.67","2.18"
"18489","07-05-16 21:00","France","Ligue 1","2015/2016","Nantes","Caen","1.95","3.56","4.50","1.02","9.90","1.25","3.86","2.09","1.86","3.32","1.32","6.30","1.09","1.75","2.01"
"18490","07-05-16 21:00","France","Ligue 1","2015/2016","Nice","St Etienne","2.13","3.42","3.92","1.03","9.00","1.28","3.60","2.06","1.89","3.38","1.31","6.30","1.09","1.73","2.11"
"18491","07-05-16 21:00","France","Ligue 1","2015/2016","Toulouse","Troyes","1.22","8.50","13.00","1.01","26.00","1.09","7.60","1.27","3.68","1.81","2.16","2.71","1.45","1.70","2.11"
"18492","01-05-16 17:00","France","Ligue 1","2015/2016","Angers","Marseille","3.18","3.30","2.50","1.05","7.80","1.37","3.08","2.33","1.71","4.10","1.23","7.80","1.05","1.85","1.93"
"18493","30-04-16 21:00","France","Ligue 1","2015/2016","Lyon","GFC Ajaccio","1.28","6.35","13.00","1.01","19.00","1.13","5.90","1.55","2.70","2.28","1.62","3.92","1.21","1.90","1.90"
"18494","30-04-16 19:00","France","Ligue 1","2015/2016","Caen","Bastia","1.96","3.56","4.54","1.04","8.20","1.31","3.32","2.16","1.81","3.62","1.27","6.80","1.06","1.84","1.94"
"18495","30-04-16 19:00","France","Ligue 1","2015/2016","Lorient","Lille","3.48","3.56","2.25","1.03","8.90","1.27","3.62","2.01","1.93","3.26","1.32","6.10","1.09","1.71","2.11"
"18496","30-04-16 19:00","France","Ligue 1","2015/2016","Monaco","Guingamp","1.46","5.15","7.60","1.03","13.00","1.22","4.14","1.85","2.11","2.99","1.38","5.50","1.11","2.05","1.76"
"18497","30-04-16 19:00","France","Ligue 1","2015/2016","Reims","Montpellier","2.10","3.66","3.80","1.03","9.40","1.26","3.78","1.97","1.97","3.20","1.34","6.00","1.10","1.71","2.14"
"18498","30-04-16 19:00","France","Ligue 1","2015/2016","Troyes","Bordeaux","4.74","4.16","1.77","1.01","18.00","1.13","5.90","1.54","2.74","2.19","1.66","3.64","1.24","1.45","2.75"
"18499","30-04-16 17:00","France","Ligue 1","2015/2016","St Etienne","Toulouse","2.05","3.62","4.04","1.03","9.00","1.29","3.56","2.06","1.89","3.38","1.31","6.40","1.08","1.79","2.02"
"18500","30-04-16 14:00","France","Ligue 1","2015/2016","Nantes","Nice","3.11","3.44","2.47","1.04","7.90","1.33","3.18","2.23","1.77","3.78","1.25","7.00","1.06","1.80","1.95"
"18501","29-04-16 20:30","France","Ligue 1","2015/2016","PSG","Rennes","1.28","6.50","12.00","1.01","21.00","1.08","6.40","1.35","3.10","2.09","1.83","3.18","1.33","1.72","2.10"
"18502","27-04-16 18:30","France","Ligue 1","2015/2016","Lille","Angers","1.63","3.80","7.10","1.05","8.00","1.33","3.24","2.26","1.75","3.96","1.24","7.50","1.06","2.14","1.71"
"18503","24-04-16 21:00","France","Ligue 1","2015/2016","Rennes","Monaco","3.00","3.26","2.66","1.04","8.30","1.32","3.32","2.16","1.81","3.68","1.27","6.80","1.07","1.75","2.05"
"18504","24-04-16 17:00","France","Ligue 1","2015/2016","GFC Ajaccio","Bastia","2.19","3.28","3.94","1.06","7.00","1.43","2.78","2.57","1.60","4.60","1.19","8.70","1.03","2.05","1.77"
"18505","24-04-16 17:00","France","Ligue 1","2015/2016","Guingamp","Caen","2.10","3.55","3.85","1.03","12.00","1.22","4.20","1.90","2.05","2.73","1.45","5.10","1.14","1.62","2.30"
"18506","24-04-16 17:00","France","Ligue 1","2015/2016","Montpellier","Troyes","1.30","6.09","12.00","1.01","18.00","1.14","5.50","1.60","2.57","2.36","1.56","4.15","1.18","1.91","1.87"
"18507","24-04-16 17:00","France","Ligue 1","2015/2016","St Etienne","Lorient","1.56","4.47","6.63","1.02","13.50","1.22","4.10","1.87","2.08","2.99","1.37","5.40","1.11","1.80","1.91"
"18508","24-04-16 14:00","France","Ligue 1","2015/2016","Marseille","Nantes","1.78","3.80","5.18","1.04","8.30","1.29","3.52","2.16","1.81","3.52","1.29","6.40","1.08","1.95","1.85"
"18509","23-04-16 17:30","France","Ligue 1","2015/2016","Toulouse","Lyon","3.50","3.74","2.15","1.02","12.00","1.21","4.30","1.79","2.19","2.78","1.43","4.90","1.14","1.60","2.34"
"18510","22-04-16 20:30","France","Ligue 1","2015/2016","Nice","Reims","1.66","4.29","5.51","1.03","11.50","1.24","3.96","1.90","2.05","3.08","1.37","5.60","1.11","1.85","1.89"
"18511","17-04-16 21:00","France","Ligue 1","2015/2016","Monaco","Marseille","2.03","3.53","4.20","1.02","9.40","1.26","3.78","1.97","1.97","3.20","1.34","6.00","1.10","1.70","2.14"
"18512","17-04-16 17:00","France","Ligue 1","2015/2016","Rennes","Guingamp","1.87","3.58","5.00","1.04","8.70","1.29","3.52","2.09","1.86","3.46","1.30","6.60","1.08","1.83","1.97"
"18513","17-04-16 14:00","France","Ligue 1","2015/2016","Nantes","Montpellier","2.67","3.15","3.08","1.07","7.00","1.42","2.82","2.54","1.61","4.60","1.19","8.70","1.03","1.98","1.83"
"18514","16-04-16 20:00","France","Ligue 1","2015/2016","Bastia","St Etienne","3.90","3.16","2.25","1.09","6.10","1.53","2.47","2.92","1.49","5.50","1.14","12.50","1.03","2.10","1.64"
"18515","16-04-16 20:00","France","Ligue 1","2015/2016","Bordeaux","Angers","2.06","3.35","4.50","1.04","8.00","1.34","3.20","2.31","1.75","3.96","1.24","7.50","1.05","1.88","1.92"
"18516","16-04-16 20:00","France","Ligue 1","2015/2016","GFC Ajaccio","Lille","3.12","3.27","2.60","1.06","7.30","1.41","2.86","2.49","1.63","4.45","1.20","8.40","1.04","1.98","1.83"
"18517","16-04-16 20:00","France","Ligue 1","2015/2016","Lorient","Toulouse","2.89","3.46","2.62","1.03","12.00","1.21","4.30","1.82","2.15","2.82","1.42","5.10","1.13","1.55","2.45"
"18518","16-04-16 20:00","France","Ligue 1","2015/2016","Troyes","Reims","5.40","4.20","1.69","1.01","15.50","1.16","5.10","1.66","2.42","2.47","1.53","4.30","1.18","1.57","2.40"
"18519","16-04-16 17:00","France","Ligue 1","2015/2016","PSG","Caen","1.28","7.10","10.50","1.01","21.00","1.11","6.30","1.52","2.85","2.18","1.67","3.72","1.23","1.80","1.85"
"18520","15-04-16 20:30","France","Ligue 1","2015/2016","Lyon","Nice","1.68","4.13","5.76","1.02","15.00","1.15","5.30","1.63","2.49","2.40","1.56","4.15","1.19","1.55","2.45"
"18521","10-04-16 21:00","France","Ligue 1","2015/2016","Marseille","Bordeaux","1.88","3.68","4.75","1.02","13.00","1.24","3.96","1.93","2.01","3.10","1.36","5.80","1.10","1.71","2.14"
"18522","10-04-16 17:00","France","Ligue 1","2015/2016","Nice","Rennes","2.39","3.28","3.45","1.05","10.50","1.24","3.96","1.95","1.99","3.10","1.36","5.80","1.10","1.62","2.31"
"18523","10-04-16 14:00","France","Ligue 1","2015/2016","Lille","Monaco","2.32","3.17","3.70","1.07","6.80","1.44","2.75","2.59","1.59","4.75","1.18","9.00","1.03","2.00","1.78"
"18524","09-04-16 20:00","France","Ligue 1","2015/2016","Angers","GFC Ajaccio","2.24","3.16","3.95","1.07","6.80","1.45","2.71","2.65","1.57","4.75","1.18","9.00","1.03","2.08","1.75"
"18525","09-04-16 20:00","France","Ligue 1","2015/2016","Caen","Lorient","2.02","3.70","4.00","1.03","12.50","1.22","4.15","1.85","2.11","2.90","1.40","5.30","1.12","1.62","2.30"
"18526","09-04-16 20:00","France","Ligue 1","2015/2016","Reims","Nantes","2.31","3.25","3.64","1.05","7.50","1.38","2.99","2.40","1.67","4.20","1.22","8.00","1.04","1.92","1.88"
"18527","09-04-16 20:00","France","Ligue 1","2015/2016","St Etienne","Troyes","1.24","7.13","14.06","1.01","19.00","1.11","6.40","1.50","2.88","2.16","1.68","3.64","1.24","1.94","1.86"
"18528","09-04-16 20:00","France","Ligue 1","2015/2016","Toulouse","Bastia","1.72","3.76","5.90","1.05","7.50","1.37","3.04","2.36","1.69","4.20","1.22","8.00","1.04","2.14","1.71"
"18529","09-04-16 17:00","France","Ligue 1","2015/2016","Guingamp","PSG","3.25","3.35","2.45","1.03","9.00","1.27","3.68","2.03","1.91","3.32","1.32","6.10","1.09","1.67","2.19"
"18530","08-04-16 20:30","France","Ligue 1","2015/2016","Montpellier","Lyon","3.70","3.65","2.12","1.03","12.00","1.23","4.10","1.86","1.95","2.95","1.39","5.30","1.12","1.63","2.28"
"18531","03-04-16 21:00","France","Ligue 1","2015/2016","Lorient","Lyon","4.32","3.84","1.91","1.02","12.00","1.20","4.45","1.78","2.21","2.75","1.44","4.90","1.14","1.60","2.34"
"18532","03-04-16 17:00","France","Ligue 1","2015/2016","Bastia","Marseille","3.75","3.22","2.29","1.05","7.80","1.36","3.10","2.34","1.70","4.10","1.23","7.80","1.05","1.86","1.94"
"18533","03-04-16 14:00","France","Ligue 1","2015/2016","Nantes","Lille","2.52","2.90","3.65","1.14","5.50","1.72","2.28","3.53","1.37","6.30","1.09","12.00","1.02","2.45","1.55"
"18534","02-04-16 20:00","France","Ligue 1","2015/2016","GFC Ajaccio","St Etienne","3.11","3.08","2.69","1.07","7.00","1.41","2.86","2.51","1.62","4.45","1.20","8.70","1.04","1.94","1.86"
"18535","02-04-16 20:00","France","Ligue 1","2015/2016","Guingamp","Montpellier","2.74","3.08","3.05","1.05","7.50","1.40","2.90","2.49","1.63","3.96","1.24","6.80","1.07","1.92","1.88"
"18536","02-04-16 20:00","France","Ligue 1","2015/2016","Rennes","Reims","1.99","3.53","4.35","1.04","8.60","1.26","3.78","1.99","1.95","3.24","1.33","6.00","1.10","1.72","2.12"
"18537","02-04-16 20:00","France","Ligue 1","2015/2016","Toulouse","Caen","1.99","3.70","4.10","1.03","9.00","1.28","3.60","2.03","1.91","3.38","1.31","6.30","1.09","1.75","2.05"
"18538","02-04-16 20:00","France","Ligue 1","2015/2016","Troyes","Angers","3.50","3.46","2.26","1.03","9.00","1.28","3.60","2.03","1.91","3.32","1.32","6.30","1.09","1.73","2.11"
"18539","02-04-16 17:00","France","Ligue 1","2015/2016","PSG","Nice","1.49","4.55","7.90","1.03","12.50","1.19","4.60","1.78","2.21","2.78","1.43","5.10","1.13","1.80","2.01"
"18540","01-04-16 20:30","France","Ligue 1","2015/2016","Monaco","Bordeaux","1.81","3.75","5.10","1.03","8.70","1.26","3.78","2.08","1.87","3.46","1.30","6.60","1.08","1.85","1.90"
"18541","20-03-16 21:00","France","Ligue 1","2015/2016","PSG","Monaco","1.39","5.33","9.37","1.02","13.50","1.20","4.45","1.79","2.19","2.82","1.42","5.20","1.12","2.00","1.78"
"18542","20-03-16 17:00","France","Ligue 1","2015/2016","Nice","GFC Ajaccio","1.85","3.70","4.85","1.04","8.30","1.29","3.52","2.16","1.81","3.46","1.30","6.10","1.09","1.91","1.89"
"18543","20-03-16 14:00","France","Ligue 1","2015/2016","Bordeaux","Bastia","1.89","3.36","5.30","1.07","6.80","1.44","2.75","2.62","1.58","4.75","1.18","9.00","1.03","2.10","1.68"
"18544","19-03-16 21:00","France","Ligue 1","2015/2016","Lyon","Nantes","1.60","4.19","6.60","1.04","8.60","1.31","3.38","2.13","1.83","3.68","1.27","6.80","1.07","2.11","1.73"
"18545","19-03-16 20:00","France","Ligue 1","2015/2016","Angers","Lorient","2.62","2.97","3.37","1.06","7.30","1.39","2.95","2.47","1.64","4.30","1.21","8.40","1.04","1.87","1.93"
"18546","19-03-16 20:00","France","Ligue 1","2015/2016","Caen","Troyes","1.49","4.77","7.53","1.01","18.00","1.13","5.80","1.56","2.68","2.25","1.63","3.82","1.22","1.59","2.36"
"18547","19-03-16 20:00","France","Ligue 1","2015/2016","Lille","Toulouse","1.92","3.48","4.84","1.04","8.00","1.33","3.24","2.25","1.75","3.86","1.25","7.30","1.06","1.91","1.89"
"18548","19-03-16 20:00","France","Ligue 1","2015/2016","Reims","Guingamp","2.22","3.30","3.80","1.05","7.80","1.36","3.10","2.32","1.71","4.10","1.23","7.80","1.05","1.88","1.92"
"18549","19-03-16 17:00","France","Ligue 1","2015/2016","St Etienne","Montpellier","2.31","3.22","3.68","1.07","7.00","1.41","2.86","2.51","1.62","4.45","1.20","8.70","1.04","1.99","1.82"
"18550","18-03-16 20:30","France","Ligue 1","2015/2016","Marseille","Rennes","1.92","3.64","4.56","1.02","9.40","1.25","3.86","1.97","1.97","3.20","1.34","6.00","1.10","1.73","2.11"
"18551","13-03-16 21:00","France","Ligue 1","2015/2016","Rennes","Lyon","3.30","3.36","2.40","1.04","8.30","1.31","3.38","2.16","1.81","3.60","1.28","6.80","1.07","1.78","2.04"
"18552","13-03-16 17:00","France","Ligue 1","2015/2016","Nantes","Angers","2.07","3.08","4.80","1.08","6.40","1.48","2.61","2.80","1.52","5.10","1.16","15.00","1.01","2.17","1.69"
"18553","13-03-16 14:00","France","Ligue 1","2015/2016","Troyes","PSG","18.00","7.49","1.21","1.01","21.00","1.09","7.10","1.45","3.08","2.04","1.76","3.40","1.27","1.85","1.91"
"18554","12-03-16 20:00","France","Ligue 1","2015/2016","Bastia","Lille","3.70","2.94","2.46","1.14","5.00","1.49","2.58","2.84","1.51","5.30","1.15","12.50","1.02","2.09","1.74"
"18555","12-03-16 20:00","France","Ligue 1","2015/2016","GFC Ajaccio","Caen","2.55","3.30","3.09","1.05","7.80","1.36","3.10","2.31","1.72","3.96","1.24","7.50","1.05","1.87","1.93"
"18556","12-03-16 20:00","France","Ligue 1","2015/2016","Guingamp","St Etienne","2.97","3.20","2.71","1.05","7.50","1.37","3.04","2.36","1.69","4.10","1.23","7.80","1.05","1.87","1.93"
"18557","12-03-16 20:00","France","Ligue 1","2015/2016","Montpellier","Nice","2.14","3.32","4.05","1.05","7.80","1.36","3.10","2.32","1.71","4.10","1.23","7.80","1.05","1.90","1.90"
"18558","12-03-16 20:00","France","Ligue 1","2015/2016","Toulouse","Bordeaux","2.14","3.44","3.90","1.03","9.00","1.28","3.60","2.06","1.89","3.38","1.31","6.30","1.09","1.73","2.11"
"18559","12-03-16 17:00","France","Ligue 1","2015/2016","Lorient","Marseille","3.15","3.40","2.46","1.02","9.40","1.26","3.78","1.97","1.97","3.20","1.34","5.80","1.10","1.65","2.22"
"18560","11-03-16 20:30","France","Ligue 1","2015/2016","Monaco","Reims","1.66","4.00","6.10","1.03","8.70","1.30","3.46","2.11","1.85","3.56","1.28","6.80","1.07","1.95","1.82"
"18561","09-03-16 18:30","France","Ligue 1","2015/2016","Bastia","Nantes","3.14","2.90","2.82","1.14","5.50","1.72","2.28","3.48","1.37","6.30","1.09","12.00","1.01","2.40","1.56"
"18562","09-03-16 18:30","France","Ligue 1","2015/2016","GFC Ajaccio","Marseille","4.25","3.40","2.05","1.04","8.30","1.32","3.32","2.19","1.79","3.68","1.27","7.00","1.07","1.77","2.05"
"18563","06-03-16 21:00","France","Ligue 1","2015/2016","Lyon","Guingamp","1.52","4.47","7.54","1.02","13.50","1.19","4.60","1.80","2.18","2.71","1.45","4.90","1.14","1.73","2.06"
"18564","06-03-16 17:00","France","Ligue 1","2015/2016","Rennes","Nantes","2.71","2.82","3.40","1.09","6.10","1.51","2.52","2.84","1.51","5.30","1.15","9.70","1.02","2.06","1.76"
"18565","06-03-16 14:00","France","Ligue 1","2015/2016","Marseille","Toulouse","1.72","3.86","5.70","1.03","9.00","1.27","3.68","2.03","1.91","3.38","1.31","6.30","1.09","1.86","1.94"
"18566","05-03-16 20:00","France","Ligue 1","2015/2016","Angers","St Etienne","3.45","3.05","2.52","1.09","6.30","1.50","2.55","2.82","1.50","5.30","1.15","9.80","1.02","2.14","1.71"
"18567","05-03-16 20:00","France","Ligue 1","2015/2016","Bastia","Lorient","2.71","3.02","3.15","1.05","7.50","1.37","3.04","2.38","1.67","4.10","1.23","7.80","1.05","1.84","1.96"
"18568","05-03-16 20:00","France","Ligue 1","2015/2016","Bordeaux","GFC Ajaccio","1.71","3.80","6.00","1.04","8.60","1.30","3.46","2.13","1.83","3.60","1.28","6.80","1.07","1.93","1.87"
"18569","05-03-16 20:00","France","Ligue 1","2015/2016","Lille","Reims","1.98","3.30","4.80","1.05","7.80","1.35","3.15","2.32","1.71","3.96","1.24","7.80","1.05","1.93","1.87"
"18570","05-03-16 20:00","France","Ligue 1","2015/2016","Nice","Troyes","1.49","4.85","7.10","1.02","14.50","1.18","4.75","1.72","2.28","2.68","1.46","4.75","1.15","1.80","2.00"
"18571","05-03-16 17:00","France","Ligue 1","2015/2016","PSG","Montpellier","1.56","4.25","7.10","1.03","9.00","1.27","3.68","2.03","1.91","3.38","1.31","6.40","1.08","1.95","1.76"
"18572","04-03-16 20:30","France","Ligue 1","2015/2016","Caen","Monaco","3.38","3.11","2.54","1.07","6.80","1.37","3.04","2.39","1.67","4.15","1.22","7.80","1.05","1.95","1.74"
"18573","28-02-16 21:00","France","Ligue 1","2015/2016","Lyon","PSG","4.93","3.84","1.83","1.02","9.40","1.26","3.78","1.97","1.97","3.20","1.34","6.00","1.10","1.77","2.05"
"18574","28-02-16 17:00","France","Ligue 1","2015/2016","St Etienne","Caen","1.77","3.78","5.40","1.04","8.30","1.31","3.38","2.16","1.81","3.68","1.27","7.00","1.07","1.94","1.86"
"18575","28-02-16 14:00","France","Ligue 1","2015/2016","Nantes","Monaco","2.67","3.14","3.08","1.07","7.00","1.43","2.78","2.56","1.60","4.60","1.19","8.70","1.03","1.99","1.82"
"18576","27-02-16 20:00","France","Ligue 1","2015/2016","Guingamp","Angers","2.32","3.10","3.80","1.09","6.30","1.50","2.55","2.84","1.51","5.30","1.15","9.70","1.02","2.19","1.68"
"18577","27-02-16 20:00","France","Ligue 1","2015/2016","Reims","Bordeaux","2.51","3.32","3.18","1.04","8.30","1.33","3.26","2.21","1.78","3.78","1.26","7.00","1.07","1.80","2.01"
"18578","27-02-16 20:00","France","Ligue 1","2015/2016","Toulouse","Rennes","2.31","3.35","3.50","1.05","7.50","1.38","2.99","2.37","1.70","4.15","1.22","7.80","1.05","1.93","1.87"
"18579","27-02-16 20:00","France","Ligue 1","2015/2016","Troyes","Lorient","3.09","3.60","2.41","1.02","14.50","1.17","5.00","1.66","2.39","2.47","1.53","4.30","1.18","1.46","2.72"
"18580","27-02-16 17:00","France","Ligue 1","2015/2016","Montpellier","Lille","2.65","3.02","3.27","1.08","6.60","1.45","2.71","2.68","1.56","4.90","1.17","9.40","1.02","2.01","1.80"
"18581","26-02-16 20:30","France","Ligue 1","2015/2016","Nice","Bastia","1.92","3.44","4.95","1.07","7.00","1.42","2.82","2.53","1.60","4.60","1.19","8.70","1.03","2.14","1.71"
"18582","21-02-16 21:00","France","Ligue 1","2015/2016","Lille","Lyon","2.72","3.10","3.05","1.05","7.80","1.36","3.08","2.36","1.69","4.10","1.23","7.80","1.05","1.85","1.95"
"18583","21-02-16 17:00","France","Ligue 1","2015/2016","Caen","Rennes","2.90","3.14","2.82","1.04","8.30","1.32","3.32","2.21","1.76","3.78","1.26","7.00","1.07","1.77","2.05"
"18584","21-02-16 14:00","France","Ligue 1","2015/2016","Marseille","St Etienne","2.02","3.45","4.30","1.04","8.00","1.34","3.20","2.25","1.75","3.86","1.25","7.30","1.06","1.90","1.90"
"18585","20-02-16 20:00","France","Ligue 1","2015/2016","Angers","Montpellier","3.35","2.95","2.63","1.10","5.80","1.56","2.40","3.07","1.45","5.80","1.13","12.50","1.03","2.20","1.64"
"18586","20-02-16 20:00","France","Ligue 1","2015/2016","Lorient","Guingamp","2.10","3.32","4.20","1.04","8.30","1.32","3.32","2.19","1.79","3.68","1.27","7.00","1.07","1.80","2.01"
"18587","20-02-16 20:00","France","Ligue 1","2015/2016","Monaco","Troyes","1.38","5.43","9.35","1.01","15.00","1.15","5.30","1.62","2.51","2.42","1.55","4.25","1.18","1.80","2.00"
"18588","20-02-16 20:00","France","Ligue 1","2015/2016","Toulouse","GFC Ajaccio","1.84","3.68","5.00","1.04","8.30","1.32","3.32","2.18","1.80","3.68","1.27","7.00","1.07","1.92","1.88"
"18589","20-02-16 17:00","France","Ligue 1","2015/2016","PSG","Reims","1.16","8.95","26.13","1.01","18.00","1.13","5.70","1.57","2.65","2.38","1.57","4.15","1.19","2.25","1.51"
"18590","19-02-16 20:30","France","Ligue 1","2015/2016","Bordeaux","Nice","2.14","3.40","3.90","1.03","9.30","1.26","3.78","1.99","1.95","3.20","1.34","6.00","1.10","1.68","2.19"
"18591","14-02-16 21:00","France","Ligue 1","2015/2016","Nice","Marseille","3.35","3.30","2.42","1.04","8.00","1.34","3.20","2.24","1.74","3.85","1.25","7.30","1.06","1.84","1.96"
"18592","14-02-16 17:00","France","Ligue 1","2015/2016","St Etienne","Monaco","2.59","3.02","3.35","1.05","7.80","1.36","3.10","2.35","1.68","4.10","1.23","7.80","1.05","1.82","1.99"
"18593","14-02-16 14:00","France","Ligue 1","2015/2016","Lyon","Caen","1.54","4.30","7.40","1.02","13.50","1.21","4.30","1.82","2.12","2.90","1.40","5.30","1.12","1.80","2.01"
"18594","13-02-16 20:00","France","Ligue 1","2015/2016","GFC Ajaccio","Troyes","1.63","4.00","6.50","1.02","9.40","1.25","3.85","1.97","1.95","3.20","1.33","6.10","1.09","1.87","1.93"
"18595","13-02-16 20:00","France","Ligue 1","2015/2016","Guingamp","Bordeaux","2.48","3.10","3.45","1.05","7.80","1.35","3.15","2.30","1.71","3.95","1.24","7.50","1.05","1.82","1.99"
"18596","13-02-16 20:00","France","Ligue 1","2015/2016","Montpellier","Toulouse","2.32","3.25","3.60","1.05","7.50","1.37","3.04","2.35","1.68","4.15","1.22","7.80","1.05","1.89","1.91"
"18597","13-02-16 20:00","France","Ligue 1","2015/2016","Nantes","Lorient","1.99","3.30","4.70","1.05","7.50","1.38","2.99","2.41","1.65","4.30","1.21","8.10","1.04","1.98","1.83"
"18598","13-02-16 20:00","France","Ligue 1","2015/2016","Reims","Bastia","1.85","3.20","6.10","1.07","7.00","1.41","2.86","2.55","1.59","4.60","1.19","8.70","1.03","2.09","1.74"
"18599","13-02-16 17:00","France","Ligue 1","2015/2016","PSG","Lille","1.48","4.40","8.70","1.04","8.00","1.34","3.20","2.24","1.74","3.95","1.24","7.50","1.05","2.20","1.59"
"18600","12-02-16 20:30","France","Ligue 1","2015/2016","Rennes","Angers","2.10","3.25","4.30","1.07","6.80","1.45","2.71","2.63","1.56","4.90","1.17","9.40","1.02","2.10","1.70"
"18601","07-02-16 21:00","France","Ligue 1","2015/2016","Marseille","PSG","5.20","3.55","1.86","1.03","9.00","1.28","3.60","2.08","1.89","3.45","1.30","6.40","1.08","1.82","1.99"
"18602","07-02-16 17:00","France","Ligue 1","2015/2016","Bordeaux","St Etienne","2.12","3.18","4.30","1.04","8.00","1.33","3.20","2.27","1.73","3.85","1.25","7.30","1.06","1.84","1.96"
"18603","07-02-16 14:00","France","Ligue 1","2015/2016","Lille","Rennes","2.02","3.25","4.65","1.07","6.80","1.44","2.73","2.63","1.56","4.90","1.17","9.40","1.02","2.10","1.72"
"18604","06-02-16 20:00","France","Ligue 1","2015/2016","Bastia","Troyes","1.84","3.60","5.10","1.04","8.60","1.30","3.45","2.12","1.82","3.60","1.28","6.80","1.07","1.86","1.94"
"18605","06-02-16 20:00","France","Ligue 1","2015/2016","Caen","Reims","2.28","3.35","3.60","1.03","8.70","1.30","3.45","2.10","1.84","3.20","1.33","5.30","1.12","1.75","2.08"
"18606","06-02-16 20:00","France","Ligue 1","2015/2016","GFC Ajaccio","Guingamp","2.80","3.12","2.94","1.07","7.00","1.41","2.86","2.50","1.61","4.45","1.20","8.70","1.04","1.95","1.85"
"18607","06-02-16 20:00","France","Ligue 1","2015/2016","Lorient","Montpellier","2.42","3.25","3.40","1.04","8.30","1.31","3.35","2.15","1.80","3.60","1.28","6.80","1.07","1.75","2.08"
"18608","06-02-16 20:00","France","Ligue 1","2015/2016","Toulouse","Nantes","2.34","3.25","3.55","1.07","7.00","1.43","2.78","2.58","1.58","4.60","1.19","8.70","1.03","1.95","1.79"
"18609","06-02-16 17:00","France","Ligue 1","2015/2016","Angers","Lyon","3.50","3.30","2.34","1.07","6.80","1.44","2.73","2.58","1.58","4.75","1.18","9.00","1.03","2.08","1.75"
"18610","06-02-16 14:00","France","Ligue 1","2015/2016","Monaco","Nice","1.94","3.40","4.85","1.04","8.00","1.33","3.20","2.21","1.76","3.85","1.25","7.30","1.06","1.90","1.90"
"18611","04-02-16 21:00","France","Ligue 1","2015/2016","Rennes","St Etienne","2.20","3.20","4.00","1.06","7.30","1.41","2.86","2.48","1.62","4.45","1.20","8.40","1.04","1.99","1.82"
"18612","03-02-16 21:00","France","Ligue 1","2015/2016","PSG","Lorient","1.22","7.20","17.00","1.01","17.00","1.12","6.10","1.52","2.76","2.23","1.64","3.80","1.22","2.10","1.70"
"18613","03-02-16 19:00","France","Ligue 1","2015/2016","Guingamp","Troyes","1.56","4.30","7.00","1.03","12.00","1.23","4.10","1.88","2.05","3.04","1.37","5.60","1.11","1.86","1.94"
"18614","03-02-16 19:00","France","Ligue 1","2015/2016","Lille","Caen","1.79","3.70","5.30","1.04","8.30","1.32","3.30","2.18","1.78","3.75","1.26","7.00","1.07","1.95","1.85"
"18615","03-02-16 19:00","France","Ligue 1","2015/2016","Lyon","Bordeaux","1.70","3.90","5.80","1.02","9.40","1.25","3.85","1.96","1.96","3.20","1.34","6.00","1.10","1.82","1.99"
"18616","03-02-16 19:00","France","Ligue 1","2015/2016","Nantes","GFC Ajaccio","2.05","3.25","4.50","1.07","7.00","1.41","2.86","2.50","1.61","4.45","1.20","8.70","1.04","2.04","1.78"
"18617","03-02-16 19:00","France","Ligue 1","2015/2016","Nice","Toulouse","2.57","3.25","3.12","1.04","8.30","1.33","3.25","2.20","1.77","3.75","1.26","7.00","1.07","1.78","2.04"
"18618","03-02-16 19:00","France","Ligue 1","2015/2016","Reims","Angers","2.34","3.10","3.75","1.08","6.40","1.47","2.64","2.72","1.53","5.00","1.17","9.70","1.02","2.11","1.73"
"18619","02-02-16 21:00","France","Ligue 1","2015/2016","Montpellier","Marseille","2.63","3.20","3.08","1.05","7.50","1.37","3.04","2.35","1.68","4.10","1.23","7.80","1.05","1.80","1.93"
"18620","02-02-16 19:00","France","Ligue 1","2015/2016","Monaco","Bastia","1.45","4.45","9.70","1.05","7.80","1.35","3.15","2.28","1.72","3.65","1.27","7.00","1.07","2.43","1.56"
"18621","31-01-16 21:00","France","Ligue 1","2015/2016","St Etienne","PSG","7.00","4.20","1.57","1.03","9.00","1.27","3.65","2.02","1.90","3.35","1.31","6.40","1.08","1.98","1.83"
"18622","31-01-16 17:00","France","Ligue 1","2015/2016","Bordeaux","Rennes","2.72","3.12","3.04","1.04","8.00","1.35","3.15","2.31","1.70","3.95","1.24","7.50","1.05","1.83","1.98"
"18623","31-01-16 14:00","France","Ligue 1","2015/2016","Caen","Nice","2.55","3.30","3.09","1.03","8.70","1.29","3.50","2.14","1.81","3.45","1.30","6.40","1.08","1.71","2.14"
"18624","30-01-16 20:00","France","Ligue 1","2015/2016","Bastia","Lyon","5.40","3.90","1.74","1.03","8.70","1.30","3.45","2.10","1.84","3.55","1.28","6.60","1.08","1.95","1.85"
"18625","30-01-16 20:00","France","Ligue 1","2015/2016","GFC Ajaccio","Montpellier","2.71","3.30","2.89","1.07","7.00","1.42","2.82","2.50","1.61","4.60","1.19","8.70","1.04","1.99","1.82"
"18626","30-01-16 20:00","France","Ligue 1","2015/2016","Lorient","Reims","2.18","3.30","3.95","1.04","8.60","1.30","3.45","2.12","1.82","3.50","1.29","6.60","1.08","1.75","2.08"
"18627","30-01-16 20:00","France","Ligue 1","2015/2016","Toulouse","Guingamp","2.12","3.30","4.15","1.05","7.80","1.36","3.10","2.33","1.69","4.10","1.23","7.80","1.05","1.91","1.89"
"18628","30-01-16 20:00","France","Ligue 1","2015/2016","Troyes","Nantes","3.45","3.45","2.29","1.04","8.00","1.34","3.20","2.23","1.75","3.85","1.25","7.30","1.06","1.87","1.93"
"18629","30-01-16 17:00","France","Ligue 1","2015/2016","Angers","Monaco","3.80","3.20","2.27","1.09","6.30","1.52","2.50","2.86","1.49","5.50","1.14","11.00","1.04","2.20","1.65"
"18630","29-01-16 20:30","France","Ligue 1","2015/2016","Marseille","Lille","2.02","3.45","4.30","1.04","8.30","1.31","3.35","2.15","1.80","3.65","1.27","6.80","1.07","1.84","1.96"
"18631","24-01-16 21:00","France","Ligue 1","2015/2016","Lyon","Marseille","2.12","3.40","4.00","1.03","9.00","1.27","3.65","2.02","1.90","3.30","1.32","6.10","1.09","1.70","2.15"
"18632","24-01-16 17:00","France","Ligue 1","2015/2016","Reims","St Etienne","2.81","3.25","2.82","1.05","7.50","1.38","2.99","2.38","1.67","3.95","1.24","8.00","1.04","1.91","1.89"
"18633","24-01-16 14:00","France","Ligue 1","2015/2016","Monaco","Toulouse","1.89","3.50","4.95","1.04","8.00","1.34","3.20","2.26","1.73","3.95","1.24","7.50","1.05","1.83","1.86"
"18634","23-01-16 20:00","France","Ligue 1","2015/2016","Guingamp","Bastia","1.81","3.50","5.60","1.08","6.60","1.47","2.64","2.69","1.54","5.10","1.16","9.70","1.02","2.34","1.60"
"18635","23-01-16 20:00","France","Ligue 1","2015/2016","Lille","Troyes","1.47","4.65","8.20","1.03","12.00","1.23","4.10","1.88","2.05","3.08","1.36","5.60","1.11","1.96","1.84"
"18636","23-01-16 20:00","France","Ligue 1","2015/2016","Montpellier","Caen","2.08","3.30","4.30","1.05","7.50","1.36","3.08","2.35","1.68","4.15","1.22","7.80","1.05","1.90","1.88"
"18637","23-01-16 20:00","France","Ligue 1","2015/2016","Nantes","Bordeaux","2.74","3.02","3.10","1.08","6.60","1.45","2.71","2.66","1.55","4.90","1.17","9.40","1.02","2.00","1.80"
"18638","23-01-16 20:00","France","Ligue 1","2015/2016","Nice","Lorient","1.96","3.45","4.60","1.03","9.00","1.27","3.65","2.02","1.90","3.30","1.32","6.30","1.09","1.74","2.09"
"18639","23-01-16 17:00","France","Ligue 1","2015/2016","PSG","Angers","1.22","6.80","20.00","1.05","12.00","1.21","4.30","1.82","2.12","2.99","1.38","5.60","1.11","2.62","1.47"
"18640","22-01-16 20:30","France","Ligue 1","2015/2016","Rennes","GFC Ajaccio","1.97","3.45","4.55","1.04","8.30","1.31","3.35","2.17","1.79","3.65","1.27","7.00","1.07","1.83","1.97"
"18641","17-01-16 21:00","France","Ligue 1","2015/2016","St Etienne","Lyon","2.80","3.30","2.80","1.03","8.70","1.29","3.50","2.07","1.86","3.45","1.30","6.40","1.08","1.70","2.15"
"18642","17-01-16 17:00","France","Ligue 1","2015/2016","Caen","Marseille","3.40","3.30","2.38","1.04","8.30","1.32","3.30","2.17","1.79","3.65","1.27","6.80","1.07","1.79","2.02"
"18643","17-01-16 14:00","France","Ligue 1","2015/2016","Lorient","Monaco","3.30","3.25","2.46","1.05","7.80","1.35","3.15","2.28","1.72","3.95","1.24","7.50","1.05","1.80","1.96"
"18644","16-01-16 20:00","France","Ligue 1","2015/2016","Bastia","Montpellier","3.20","3.02","2.67","1.09","6.10","1.54","2.44","2.94","1.47","5.50","1.14","12.00","1.03","2.20","1.67"
"18645","16-01-16 20:00","France","Ligue 1","2015/2016","Bordeaux","Lille","2.43","2.99","3.70","1.08","6.40","1.47","2.64","2.72","1.53","5.00","1.17","9.70","1.02","2.00","1.76"
"18646","16-01-16 20:00","France","Ligue 1","2015/2016","GFC Ajaccio","Reims","2.26","3.30","3.70","1.05","7.80","1.36","3.08","2.33","1.69","4.10","1.23","7.80","1.05","1.89","1.91"
"18647","16-01-16 20:00","France","Ligue 1","2015/2016","Guingamp","Nantes","2.50","2.97","3.55","1.10","6.00","1.54","2.44","2.98","1.46","5.70","1.13","13.00","1.02","2.20","1.66"
"18648","16-01-16 20:00","France","Ligue 1","2015/2016","Troyes","Rennes","4.00","3.35","2.14","1.03","8.70","1.28","3.55","2.07","1.86","3.45","1.30","6.40","1.08","1.74","2.09"
"18649","16-01-16 17:00","France","Ligue 1","2015/2016","Toulouse","PSG","6.20","4.30","1.60","1.02","14.00","1.20","4.45","1.77","2.20","2.78","1.43","5.10","1.13","1.72","2.11"
"18650","15-01-16 20:30","France","Ligue 1","2015/2016","Nice","Angers","2.06","3.20","4.55","1.06","7.30","1.39","2.95","2.43","1.64","4.30","1.21","8.40","1.04","1.98","1.83"
"18651","10-01-16 21:00","France","Ligue 1","2015/2016","Marseille","Guingamp","1.64","3.90","6.60","1.03","8.70","1.29","3.50","2.10","1.84","3.55","1.28","6.60","1.08","1.91","1.85"
"18652","10-01-16 17:00","France","Ligue 1","2015/2016","Lille","Nice","2.04","3.40","4.30","1.06","7.30","1.40","2.90","2.43","1.64","4.30","1.21","8.40","1.04","2.02","1.79"
"18653","10-01-16 14:00","France","Ligue 1","2015/2016","Nantes","St Etienne","2.60","3.08","3.25","1.08","6.40","1.49","2.58","2.76","1.52","5.10","1.16","9.80","1.02","2.12","1.72"
"18654","09-01-16 20:00","France","Ligue 1","2015/2016","Angers","Caen","2.76","3.05","3.05","1.10","6.00","1.55","2.42","2.94","1.47","5.70","1.13","13.00","1.04","2.20","1.66"
"18655","09-01-16 20:00","France","Ligue 1","2015/2016","Monaco","GFC Ajaccio","1.64","3.70","7.30","1.05","7.80","1.35","3.15","2.31","1.70","4.10","1.23","7.80","1.05","2.10","1.73"
"18656","09-01-16 20:00","France","Ligue 1","2015/2016","Montpellier","Bordeaux","2.52","3.25","3.19","1.05","7.50","1.38","2.99","2.38","1.67","4.20","1.22","8.00","1.04","1.90","1.90"
"18657","09-01-16 20:00","France","Ligue 1","2015/2016","Reims","Toulouse","2.66","3.30","2.95","1.03","9.30","1.27","3.65","2.00","1.92","3.25","1.33","6.10","1.09","1.67","2.20"
"18658","09-01-16 20:00","France","Ligue 1","2015/2016","Rennes","Lorient","1.93","3.25","5.20","1.04","8.00","1.33","3.25","2.26","1.73","3.85","1.25","7.50","1.05","1.89","1.91"
"18659","09-01-16 17:00","France","Ligue 1","2015/2016","Lyon","Troyes","1.37","5.50","9.40","1.01","16.00","1.15","5.30","1.60","2.48","2.44","1.54","4.30","1.18","1.80","1.98"
"18660","08-01-16 20:30","France","Ligue 1","2015/2016","PSG","Bastia","1.11","12.00","31.00","1.01","21.00","1.09","6.30","1.38","2.99","2.11","1.83","3.45","1.30","2.45","1.55"
"18661","20-12-15 21:00","France","Ligue 1","2015/2016","Bordeaux","Marseille","3.35","3.20","2.46","1.04","8.00","1.33","3.20","2.23","1.75","3.75","1.26","7.30","1.06","1.80","2.01"
"18662","20-12-15 17:00","France","Ligue 1","2015/2016","GFC Ajaccio","Lyon","3.45","3.30","2.36","1.05","7.80","1.36","3.08","2.31","1.70","4.10","1.23","7.80","1.05","1.88","1.92"
"18663","20-12-15 14:00","France","Ligue 1","2015/2016","St Etienne","Angers","2.02","3.25","4.65","1.09","6.10","1.53","2.47","2.90","1.48","5.50","1.14","12.50","1.03","2.32","1.61"
"18664","19-12-15 20:00","France","Ligue 1","2015/2016","Bastia","Reims","2.48","3.20","3.35","1.07","7.00","1.42","2.82","2.50","1.61","4.45","1.20","8.70","1.04","1.99","1.82"
"18665","19-12-15 20:00","France","Ligue 1","2015/2016","Guingamp","Rennes","2.65","3.10","3.15","1.08","6.40","1.49","2.58","2.76","1.52","5.10","1.16","9.80","1.02","2.12","1.72"
"18666","19-12-15 20:00","France","Ligue 1","2015/2016","Lorient","Nantes","2.27","3.30","3.65","1.05","7.80","1.36","3.10","2.30","1.71","3.95","1.24","7.50","1.05","1.87","1.93"
"18667","19-12-15 20:00","France","Ligue 1","2015/2016","Toulouse","Lille","2.74","3.25","2.90","1.05","7.80","1.37","3.04","2.33","1.69","4.10","1.23","7.80","1.05","1.87","1.93"
"18668","19-12-15 20:00","France","Ligue 1","2015/2016","Troyes","Monaco","4.55","3.70","1.90","1.03","9.30","1.27","3.65","2.00","1.92","3.30","1.32","6.10","1.09","1.77","2.05"
"18669","19-12-15 17:00","France","Ligue 1","2015/2016","Caen","PSG","9.00","4.70","1.44","1.05","12.00","1.23","4.10","1.88","2.05","3.08","1.36","5.60","1.11","1.99","1.82"
"18670","18-12-15 20:30","France","Ligue 1","2015/2016","Nice","Montpellier","2.42","3.30","3.35","1.04","8.00","1.34","3.20","2.24","1.74","3.85","1.25","7.30","1.06","1.70","2.15"
"18671","13-12-15 21:00","France","Ligue 1","2015/2016","PSG","Lyon","1.27","6.60","13.00","1.01","18.00","1.17","5.00","1.65","2.41","2.55","1.50","4.50","1.17","2.17","1.69"
"18672","13-12-15 17:00","France","Ligue 1","2015/2016","Angers","Bordeaux","2.60","3.06","3.25","1.09","6.30","1.50","2.55","2.79","1.51","5.30","1.15","9.40","1.02","2.12","1.72"
"18673","13-12-15 17:00","France","Ligue 1","2015/2016","Marseille","GFC Ajaccio","1.50","4.50","7.80","1.02","9.70","1.24","3.95","1.90","2.02","3.10","1.36","5.80","1.10","1.95","1.85"
"18674","13-12-15 14:00","France","Ligue 1","2015/2016","Monaco","St Etienne","2.20","3.30","3.85","1.04","8.30","1.32","3.30","2.20","1.77","3.75","1.26","7.00","1.07","1.81","2.00"
"18675","12-12-15 20:00","France","Ligue 1","2015/2016","Lille","Lorient","1.88","3.45","5.10","1.05","7.80","1.36","3.10","2.31","1.70","4.10","1.23","7.80","1.05","1.98","1.83"
"18676","12-12-15 20:00","France","Ligue 1","2015/2016","Montpellier","Guingamp","1.94","3.40","4.80","1.05","7.50","1.38","2.99","2.39","1.66","4.20","1.22","8.00","1.04","2.01","1.80"
"18677","12-12-15 20:00","France","Ligue 1","2015/2016","Nantes","Toulouse","2.57","3.16","3.19","1.07","6.80","1.44","2.75","2.58","1.58","4.75","1.18","9.00","1.03","2.01","1.80"
"18678","12-12-15 20:00","France","Ligue 1","2015/2016","Troyes","Bastia","2.28","3.25","3.70","1.05","7.80","1.36","3.08","2.33","1.69","4.10","1.23","7.80","1.05","1.88","1.92"
"18679","12-12-15 16:00","France","Ligue 1","2015/2016","Reims","Nice","2.77","3.20","2.90","1.05","7.80","1.35","3.15","2.28","1.72","3.95","1.24","7.50","1.05","1.82","1.99"
"18680","11-12-15 20:30","France","Ligue 1","2015/2016","Rennes","Caen","2.60","3.30","3.03","1.05","7.50","1.39","2.95","2.39","1.66","4.30","1.21","8.10","1.04","1.93","1.87"
"18681","06-12-15 21:00","France","Ligue 1","2015/2016","St Etienne","Rennes","2.16","3.15","4.25","1.07","6.80","1.43","2.78","2.58","1.58","4.75","1.18","9.00","1.03","2.04","1.78"
"18682","06-12-15 17:00","France","Ligue 1","2015/2016","Bordeaux","Guingamp","1.95","3.35","4.85","1.05","7.50","1.38","2.99","2.41","1.65","4.30","1.21","8.10","1.04","2.01","1.80"
"18683","06-12-15 14:00","France","Ligue 1","2015/2016","Marseille","Montpellier","1.73","3.90","5.50","1.02","9.50","1.25","3.85","1.94","1.98","3.15","1.35","5.80","1.10","1.80","2.01"
"18684","05-12-15 20:00","France","Ligue 1","2015/2016","Bastia","Monaco","4.05","3.20","2.19","1.08","6.40","1.48","2.61","2.72","1.53","5.10","1.16","9.80","1.02","2.15","1.70"
"18685","05-12-15 20:00","France","Ligue 1","2015/2016","Caen","Lille","2.49","3.12","3.40","1.07","6.80","1.44","2.73","2.61","1.57","4.75","1.18","9.00","1.03","2.02","1.79"
"18686","05-12-15 20:00","France","Ligue 1","2015/2016","GFC Ajaccio","Nantes","2.97","3.04","2.84","1.09","6.30","1.49","2.58","2.79","1.51","5.30","1.15","9.80","1.02","2.11","1.73"
"18687","05-12-15 20:00","France","Ligue 1","2015/2016","Reims","Troyes","1.69","4.10","5.50","1.03","11.50","1.23","4.10","1.88","2.05","3.04","1.37","5.60","1.11","1.79","2.02"
"18688","05-12-15 20:00","France","Ligue 1","2015/2016","Toulouse","Lorient","2.00","3.50","4.30","1.03","9.00","1.28","3.60","2.04","1.89","3.35","1.31","6.30","1.09","1.75","2.08"
"18689","05-12-15 17:00","France","Ligue 1","2015/2016","Lyon","Angers","1.79","3.50","5.80","1.05","7.80","1.36","3.10","2.33","1.69","4.10","1.23","7.80","1.05","2.04","1.78"
"18690","04-12-15 20:30","France","Ligue 1","2015/2016","Nice","PSG","8.50","4.75","1.45","1.02","14.50","1.19","4.60","1.74","2.24","2.71","1.45","4.90","1.14","1.82","1.99"
"18691","03-12-15 21:00","France","Ligue 1","2015/2016","Rennes","Marseille","3.45","3.30","2.37","1.04","8.00","1.35","3.15","2.26","1.73","3.85","1.25","7.50","1.05","1.84","1.96"
"18692","02-12-15 21:00","France","Ligue 1","2015/2016","Lille","St Etienne","2.60","3.10","3.25","1.07","7.00","1.43","2.78","2.55","1.59","4.60","1.19","8.70","1.03","1.97","1.83"
"18693","02-12-15 19:00","France","Ligue 1","2015/2016","Bastia","Bordeaux","2.96","3.20","2.72","1.08","6.60","1.47","2.64","2.66","1.55","4.90","1.17","9.40","1.02","2.08","1.75"
"18694","02-12-15 19:00","France","Ligue 1","2015/2016","Guingamp","Reims","1.94","3.50","4.65","1.04","8.00","1.34","3.20","2.24","1.74","3.85","1.25","7.30","1.06","1.93","1.87"
"18695","02-12-15 19:00","France","Ligue 1","2015/2016","Monaco","Caen","1.84","3.70","4.95","1.03","8.70","1.30","3.45","2.10","1.84","3.50","1.29","6.60","1.08","1.87","1.93"
"18696","02-12-15 19:00","France","Ligue 1","2015/2016","Montpellier","GFC Ajaccio","1.77","3.50","6.00","1.04","8.00","1.34","3.20","2.28","1.72","3.95","1.24","7.50","1.05","1.98","1.83"
"18697","02-12-15 19:00","France","Ligue 1","2015/2016","Troyes","Toulouse","3.19","3.30","2.49","1.03","9.30","1.27","3.65","2.00","1.92","3.25","1.33","6.00","1.10","1.66","2.22"
"18698","01-12-15 21:00","France","Ligue 1","2015/2016","Nantes","Lyon","3.35","3.30","2.40","1.05","7.80","1.36","3.10","2.30","1.71","3.95","1.24","7.50","1.05","1.88","1.92"
"18699","01-12-15 19:00","France","Ligue 1","2015/2016","Angers","PSG","11.00","5.00","1.38","1.01","11.00","1.33","3.25","2.18","1.78","3.85","1.25","7.30","1.06","2.59","1.50"
"18700","01-12-15 19:00","France","Ligue 1","2015/2016","Lorient","Nice","2.06","3.60","3.95","1.03","11.50","1.25","3.85","1.92","2.00","3.10","1.36","5.80","1.10","1.67","2.20"
"18701","29-11-15 21:00","France","Ligue 1","2015/2016","Marseille","Monaco","1.96","3.50","4.55","1.04","8.30","1.32","3.30","2.17","1.79","3.65","1.27","7.00","1.07","1.86","1.94"
"18702","29-11-15 17:00","France","Ligue 1","2015/2016","Bordeaux","Caen","2.05","3.40","4.25","1.04","8.60","1.30","3.45","2.12","1.82","3.55","1.28","6.60","1.08","1.79","2.02"
"18703","29-11-15 14:00","France","Ligue 1","2015/2016","St Etienne","Guingamp","1.94","3.50","4.65","1.04","8.00","1.34","3.20","2.24","1.74","3.85","1.25","7.30","1.06","1.91","1.89"
"18704","28-11-15 20:00","France","Ligue 1","2015/2016","Angers","Lille","3.04","2.80","3.01","1.14","5.50","1.75","2.23","3.30","1.32","6.40","1.08","12.50","1.01","2.48","1.54"
"18705","28-11-15 20:00","France","Ligue 1","2015/2016","GFC Ajaccio","Lorient","2.71","3.20","2.98","1.04","8.00","1.34","3.20","2.26","1.73","3.85","1.25","7.30","1.06","1.82","1.99"
"18706","28-11-15 20:00","France","Ligue 1","2015/2016","Nantes","Bastia","1.94","3.20","5.30","1.08","6.60","1.44","2.73","2.66","1.55","4.90","1.17","9.40","1.02","2.15","1.70"
"18707","28-11-15 20:00","France","Ligue 1","2015/2016","Reims","Rennes","2.95","3.15","2.77","1.07","6.80","1.45","2.71","2.63","1.56","4.90","1.17","9.00","1.03","2.05","1.77"
"18708","28-11-15 20:00","France","Ligue 1","2015/2016","Toulouse","Nice","2.61","3.45","2.90","1.02","9.60","1.25","3.85","1.93","1.99","3.10","1.36","5.80","1.10","1.64","2.26"
"18709","28-11-15 17:00","France","Ligue 1","2015/2016","PSG","Troyes","1.09","14.00","37.00","1.01","21.00","1.08","7.70","1.26","3.75","1.84","2.10","2.86","1.41","2.62","1.49"
"18710","27-11-15 20:30","France","Ligue 1","2015/2016","Lyon","Montpellier","1.59","4.30","6.40","1.02","9.50","1.25","3.85","1.93","1.99","3.20","1.34","5.80","1.10","1.91","1.89"
"18711","22-11-15 21:00","France","Ligue 1","2015/2016","St Etienne","Marseille","2.62","3.25","3.05","1.03","8.70","1.30","3.45","2.11","1.83","3.50","1.29","6.60","1.08","1.73","2.11"
"18712","22-11-15 17:00","France","Ligue 1","2015/2016","Rennes","Bordeaux","2.54","3.15","3.25","1.07","7.00","1.41","2.86","2.50","1.61","4.45","1.20","8.70","1.04","1.96","1.84"
"18713","22-11-15 14:00","France","Ligue 1","2015/2016","Bastia","GFC Ajaccio","2.20","3.15","4.10","1.07","7.00","1.42","2.82","2.55","1.59","4.60","1.19","8.70","1.03","2.00","1.81"
"18714","22-11-15 14:00","France","Ligue 1","2015/2016","Caen","Angers","1.99","3.20","4.95","1.07","6.80","1.43","2.78","2.61","1.57","4.75","1.18","9.00","1.03","2.09","1.74"
"18715","21-11-15 20:00","France","Ligue 1","2015/2016","Guingamp","Toulouse","2.17","3.40","3.80","1.04","8.30","1.33","3.25","2.20","1.77","3.75","1.26","7.00","1.07","1.83","1.98"
"18716","21-11-15 20:00","France","Ligue 1","2015/2016","Monaco","Nantes","1.72","3.70","6.10","1.05","7.50","1.39","2.95","2.41","1.65","4.30","1.21","8.40","1.04","2.19","1.68"
"18717","21-11-15 20:00","France","Ligue 1","2015/2016","Montpellier","Reims","2.12","3.40","4.00","1.04","8.00","1.35","3.15","2.26","1.73","3.95","1.24","7.50","1.05","1.89","1.91"
"18718","21-11-15 20:00","France","Ligue 1","2015/2016","Troyes","Lille","3.85","3.20","2.25","1.06","7.30","1.40","2.90","2.46","1.63","4.45","1.20","8.40","1.04","1.98","1.83"
"18719","21-11-15 17:00","France","Ligue 1","2015/2016","Lorient","PSG","6.90","4.40","1.55","1.01","15.00","1.21","4.30","1.80","2.15","2.86","1.41","5.20","1.12","1.80","2.01"
"18720","20-11-15 20:30","France","Ligue 1","2015/2016","Nice","Lyon","4.10","3.40","2.09","1.03","9.30","1.26","3.75","1.99","1.93","3.20","1.34","6.00","1.10","1.69","2.17"
"18721","08-11-15 21:00","France","Ligue 1","2015/2016","Bordeaux","Monaco","2.61","3.25","3.06","1.05","7.50","1.39","2.95","2.39","1.66","4.20","1.22","8.00","1.04","1.92","1.88"
"18722","08-11-15 21:00","France","Ligue 1","2015/2016","Lyon","St Etienne","2.07","3.50","4.05","1.03","8.70","1.29","3.50","2.08","1.85","3.45","1.30","6.40","1.08","1.78","2.04"
"18723","08-11-15 17:00","France","Ligue 1","2015/2016","Marseille","Nice","1.77","4.00","4.90","1.02","13.50","1.22","4.20","1.82","2.12","2.90","1.40","5.20","1.12","1.70","2.15"
"18724","07-11-15 20:00","France","Ligue 1","2015/2016","Caen","Guingamp","2.17","3.30","3.95","1.05","7.80","1.36","3.08","2.33","1.69","4.10","1.23","7.80","1.05","1.90","1.90"
"18725","07-11-15 20:00","France","Ligue 1","2015/2016","Lille","Bastia","1.70","3.65","6.40","1.07","6.80","1.45","2.71","2.63","1.56","4.90","1.17","9.40","1.02","2.38","1.58"
"18726","07-11-15 20:00","France","Ligue 1","2015/2016","Lorient","Troyes","1.64","4.15","6.00","1.03","9.00","1.27","3.65","2.00","1.92","3.30","1.32","6.30","1.09","1.93","1.87"
"18727","07-11-15 20:00","France","Ligue 1","2015/2016","Montpellier","Nantes","2.54","3.02","3.45","1.09","6.30","1.50","2.55","2.82","1.50","5.30","1.15","9.40","1.02","2.14","1.71"
"18728","07-11-15 20:00","France","Ligue 1","2015/2016","Reims","GFC Ajaccio","1.89","3.50","4.95","1.05","7.50","1.39","2.95","2.41","1.65","4.30","1.21","8.40","1.04","2.06","1.76"
"18729","07-11-15 17:00","France","Ligue 1","2015/2016","PSG","Toulouse","1.18","8.50","20.00","1.02","19.00","1.11","6.30","1.50","2.82","2.21","1.65","3.80","1.22","2.22","1.66"
"18730","06-11-15 20:30","France","Ligue 1","2015/2016","Angers","Rennes","3.10","2.93","2.82","1.11","5.60","1.60","2.31","3.16","1.42","6.10","1.12","13.00","1.02","2.30","1.62"
"18731","04-11-15 18:30","France","Ligue 1","2015/2016","Nice","Nantes","2.02","3.30","4.55","1.06","7.30","1.39","2.95","2.43","1.64","4.30","1.21","9.00","1.03","1.99","1.82"
"18732","01-11-15 21:00","France","Ligue 1","2015/2016","Nantes","Marseille","3.75","3.30","2.24","1.05","7.50","1.37","3.04","2.35","1.68","4.15","1.22","8.10","1.04","1.91","1.89"
"18733","01-11-15 17:00","France","Ligue 1","2015/2016","Monaco","Angers","1.77","3.70","5.50","1.05","7.50","1.39","2.95","2.39","1.66","4.30","1.21","8.70","1.04","2.14","1.71"
"18734","01-11-15 14:00","France","Ligue 1","2015/2016","Nice","Lille","2.40","3.20","3.50","1.05","7.50","1.37","3.04","2.35","1.68","4.10","1.23","8.10","1.04","1.87","1.93"
"18735","31-10-15 20:00","France","Ligue 1","2015/2016","Bastia","Caen","3.15","3.16","2.61","1.05","7.50","1.37","3.04","2.35","1.68","4.10","1.23","8.10","1.04","1.81","2.00"
"18736","31-10-15 20:00","France","Ligue 1","2015/2016","GFC Ajaccio","Bordeaux","4.60","3.35","1.99","1.06","7.30","1.39","2.95","2.43","1.64","4.30","1.21","9.00","1.03","2.02","1.79"
"18737","31-10-15 20:00","France","Ligue 1","2015/2016","Guingamp","Lorient","2.21","3.40","3.70","1.04","8.00","1.35","3.15","2.26","1.73","3.95","1.24","7.80","1.05","1.88","1.92"
"18738","31-10-15 20:00","France","Ligue 1","2015/2016","Toulouse","Montpellier","2.22","3.25","3.85","1.04","8.30","1.32","3.30","2.20","1.77","3.65","1.27","7.20","1.07","1.80","2.01"
"18739","31-10-15 20:00","France","Ligue 1","2015/2016","Troyes","Lyon","5.30","3.90","1.75","1.03","12.00","1.23","4.10","1.88","2.05","3.04","1.37","5.50","1.11","1.73","2.11"
"18740","31-10-15 17:00","France","Ligue 1","2015/2016","St Etienne","Reims","1.69","3.80","6.20","1.04","8.60","1.30","3.45","2.18","1.78","3.60","1.28","7.00","1.07","1.95","1.85"
"18741","30-10-15 20:30","France","Ligue 1","2015/2016","Rennes","PSG","6.40","3.80","1.67","1.04","8.30","1.31","3.35","2.17","1.79","3.65","1.27","7.20","1.07","1.98","1.83"
"18742","25-10-15 21:00","France","Ligue 1","2015/2016","PSG","St Etienne","1.36","5.30","11.00","1.04","12.00","1.18","4.75","1.72","2.28","2.68","1.46","4.85","1.14","1.93","1.87"
"18743","25-10-15 17:00","France","Ligue 1","2015/2016","Bordeaux","Troyes","1.51","4.30","8.10","1.02","9.60","1.24","3.95","1.93","1.99","3.15","1.35","6.00","1.10","1.92","1.88"
"18744","25-10-15 17:00","France","Ligue 1","2015/2016","Lille","Marseille","2.67","3.20","3.02","1.05","7.50","1.39","2.95","2.41","1.65","4.30","1.21","8.70","1.04","1.92","1.88"
"18745","25-10-15 14:00","France","Ligue 1","2015/2016","Reims","Monaco","3.55","3.30","2.33","1.04","8.00","1.33","3.25","2.21","1.76","3.75","1.26","7.40","1.06","1.83","1.98"
"18746","24-10-15 20:00","France","Ligue 1","2015/2016","Angers","Guingamp","2.63","3.12","3.15","1.08","6.40","1.48","2.61","2.72","1.53","5.10","1.16","12.00","1.03","2.11","1.73"
"18747","24-10-15 20:00","France","Ligue 1","2015/2016","GFC Ajaccio","Nice","4.15","3.50","2.03","1.03","8.70","1.29","3.50","2.08","1.85","3.45","1.30","6.60","1.08","1.79","2.02"
"18748","24-10-15 20:00","France","Ligue 1","2015/2016","Montpellier","Bastia","1.92","3.40","4.95","1.07","6.80","1.44","2.73","2.61","1.57","4.75","1.18","9.80","1.02","2.19","1.68"
"18749","24-10-15 17:00","France","Ligue 1","2015/2016","Lorient","Rennes","2.58","3.25","3.10","1.05","7.50","1.38","2.99","2.38","1.67","4.20","1.22","8.40","1.04","1.92","1.88"
"18750","23-10-15 20:30","France","Ligue 1","2015/2016","Lyon","Toulouse","1.70","3.90","5.80","1.05","11.00","1.21","4.30","1.81","2.14","2.82","1.42","5.20","1.12","1.68","2.19"
"18751","23-10-15 18:30","France","Ligue 1","2015/2016","Caen","Nantes","2.00","3.25","4.75","1.07","7.00","1.41","2.86","2.53","1.60","4.60","1.19","9.40","1.02","2.11","1.73"
"18752","18-10-15 21:00","France","Ligue 1","2015/2016","Rennes","Nice","2.12","3.45","3.90","1.03","9.00","1.28","3.55","2.06","1.87","3.45","1.30","6.60","1.08","1.75","2.08"
"18753","18-10-15 17:00","France","Ligue 1","2015/2016","Bordeaux","Montpellier","1.72","3.70","6.00","1.04","8.30","1.30","3.45","2.15","1.80","3.65","1.27","7.20","1.07","1.93","1.87"
"18754","18-10-15 14:00","France","Ligue 1","2015/2016","Marseille","Lorient","1.57","4.30","6.70","1.05","11.00","1.22","4.15","1.85","2.08","2.99","1.38","5.50","1.11","1.82","1.99"
"18755","17-10-15 20:00","France","Ligue 1","2015/2016","Guingamp","Lille","2.62","3.20","3.08","1.06","7.30","1.41","2.86","2.50","1.61","4.45","1.20","9.40","1.02","1.98","1.83"
"18756","17-10-15 20:00","France","Ligue 1","2015/2016","Nantes","Troyes","2.03","3.20","4.65","1.07","7.00","1.41","2.86","2.55","1.59","4.60","1.19","9.40","1.02","2.02","1.79"
"18757","17-10-15 20:00","France","Ligue 1","2015/2016","Reims","Caen","2.83","3.25","2.79","1.03","9.00","1.28","3.60","2.05","1.88","3.35","1.31","6.40","1.08","1.69","2.17"
"18758","17-10-15 20:00","France","Ligue 1","2015/2016","St Etienne","GFC Ajaccio","1.45","4.50","9.20","1.04","8.00","1.34","3.20","2.26","1.73","4.10","1.23","8.10","1.04","2.43","1.56"
"18759","17-10-15 20:00","France","Ligue 1","2015/2016","Toulouse","Angers","1.96","3.45","4.55","1.05","7.50","1.37","3.04","2.35","1.68","4.15","1.22","8.10","1.04","1.99","1.82"
"18760","17-10-15 17:00","France","Ligue 1","2015/2016","Bastia","PSG","8.80","5.50","1.38","1.05","12.00","1.20","4.45","1.75","2.23","2.78","1.43","4.90","1.14","2.04","1.78"
"18761","16-10-15 20:30","France","Ligue 1","2015/2016","Monaco","Lyon","2.78","3.25","2.83","1.04","8.60","1.30","3.45","2.12","1.82","3.55","1.28","6.80","1.07","1.73","2.11"
"18762","04-10-15 21:00","France","Ligue 1","2015/2016","PSG","Marseille","1.32","5.70","12.00","1.04","13.00","1.18","4.75","1.71","2.30","2.68","1.46","4.85","1.14","2.02","1.79"
"18763","04-10-15 17:00","France","Ligue 1","2015/2016","Caen","St Etienne","2.58","3.25","3.09","1.04","8.00","1.33","3.20","2.23","1.75","3.75","1.26","7.60","1.05","1.80","2.01"
"18764","04-10-15 17:00","France","Ligue 1","2015/2016","Lorient","Bordeaux","2.84","3.20","2.82","1.03","8.70","1.29","3.50","2.10","1.84","3.45","1.30","6.60","1.08","1.73","2.11"
"18765","04-10-15 14:00","France","Ligue 1","2015/2016","Monaco","Rennes","1.83","3.65","5.10","1.04","8.00","1.33","3.20","2.21","1.76","3.85","1.25","7.60","1.05","1.96","1.84"
"18766","03-10-15 20:00","France","Ligue 1","2015/2016","Angers","Bastia","2.12","3.14","4.40","1.08","6.40","1.48","2.61","2.76","1.52","5.10","1.16","9.40","1.02","2.17","1.69"
"18767","03-10-15 20:00","France","Ligue 1","2015/2016","GFC Ajaccio","Toulouse","3.40","3.25","2.40","1.07","7.00","1.42","2.82","2.50","1.61","4.60","1.19","9.40","1.02","2.00","1.81"
"18768","03-10-15 20:00","France","Ligue 1","2015/2016","Troyes","Guingamp","2.87","3.12","2.85","1.04","8.30","1.32","3.30","2.21","1.76","3.75","1.26","7.40","1.06","1.77","2.05"
"18769","03-10-15 17:30","France","Ligue 1","2015/2016","Lyon","Reims","1.59","4.25","6.40","1.02","9.80","1.24","3.95","1.90","2.02","3.10","1.36","5.80","1.10","1.86","1.94"
"18770","02-10-15 20:30","France","Ligue 1","2015/2016","Lille","Montpellier","2.08","3.30","4.25","1.05","7.50","1.38","2.99","2.41","1.65","4.30","1.21","8.70","1.04","1.96","1.84"
"18771","29-09-15 18:30","France","Ligue 1","2015/2016","Lille","Nantes","1.82","3.35","5.80","1.10","6.00","1.56","2.40","3.02","1.45","5.90","1.12","13.50","1.03","2.53","1.52"
"18772","27-09-15 21:00","France","Ligue 1","2015/2016","St Etienne","Nice","1.77","3.65","5.50","1.03","9.00","1.27","3.65","2.05","1.88","3.35","1.31","6.60","1.08","1.82","1.99"
"18773","27-09-15 17:00","France","Ligue 1","2015/2016","Guingamp","Monaco","3.04","3.20","2.64","1.05","7.50","1.37","3.04","2.35","1.68","4.10","1.23","8.10","1.04","1.87","1.93"
"18774","27-09-15 17:00","France","Ligue 1","2015/2016","Montpellier","Lorient","2.17","3.35","3.85","1.05","7.80","1.35","3.15","2.24","1.74","3.95","1.24","7.80","1.05","1.88","1.92"
"18775","27-09-15 14:00","France","Ligue 1","2015/2016","Marseille","Angers","1.55","4.10","7.60","1.03","9.00","1.26","3.75","2.02","1.90","3.35","1.31","6.60","1.08","1.95","1.85"
"18776","26-09-15 20:00","France","Ligue 1","2015/2016","Bastia","Toulouse","2.98","3.16","2.72","1.05","7.80","1.36","3.10","2.31","1.60","3.95","1.24","7.80","1.05","1.83","1.97"
"18777","26-09-15 20:00","France","Ligue 1","2015/2016","Bordeaux","Lyon","2.46","3.40","3.13","1.03","8.70","1.28","3.55","2.07","1.86","3.25","1.33","6.40","1.08","1.72","2.12"
"18778","26-09-15 20:00","France","Ligue 1","2015/2016","Caen","GFC Ajaccio","1.82","3.50","5.50","1.04","8.00","1.33","3.25","2.23","1.75","3.85","1.25","7.60","1.05","1.91","1.89"
"18779","26-09-15 20:00","France","Ligue 1","2015/2016","Rennes","Troyes","1.66","3.85","6.40","1.04","8.30","1.31","3.35","2.15","1.80","3.50","1.29","6.40","1.08","2.01","1.80"
"18780","26-09-15 17:30","France","Ligue 1","2015/2016","Nantes","PSG","11.00","4.65","1.40","1.05","7.80","1.36","3.10","2.31","1.70","4.20","1.22","8.40","1.04","2.62","1.49"
"18781","25-09-15 20:30","France","Ligue 1","2015/2016","Reims","Lille","2.74","3.14","2.97","1.06","7.30","1.39","2.80","2.46","1.63","4.30","1.21","8.70","1.04","1.90","1.90"
"18782","24-09-15 18:55","France","Ligue 1","2015/2016","Montpellier","Monaco","3.50","3.08","2.45","1.07","7.00","1.42","2.82","2.53","1.60","4.60","1.19","9.40","1.02","1.97","1.83"
"18783","23-09-15 21:00","France","Ligue 1","2015/2016","Toulouse","Marseille","3.17","3.40","2.44","1.04","8.60","1.31","3.35","2.12","1.82","3.55","1.28","6.80","1.07","1.76","2.06"
"18784","23-09-15 19:00","France","Ligue 1","2015/2016","GFC Ajaccio","Rennes","3.45","3.00","2.53","1.08","6.40","1.49","2.58","2.79","1.51","5.30","1.15","12.50","1.03","2.11","1.73"
"18785","23-09-15 19:00","France","Ligue 1","2015/2016","Lorient","Caen","2.26","3.35","3.60","1.04","8.60","1.30","3.45","2.12","1.82","3.55","1.28","6.80","1.07","1.77","2.05"
"18786","23-09-15 19:00","France","Ligue 1","2015/2016","Lyon","Bastia","1.43","4.75","9.10","1.03","9.00","1.27","3.65","2.02","1.90","3.45","1.30","6.60","1.08","2.20","1.67"
"18787","23-09-15 19:00","France","Ligue 1","2015/2016","Nice","Bordeaux","3.08","3.20","2.62","1.04","8.00","1.33","3.25","2.21","1.76","3.75","1.26","7.40","1.06","1.78","2.04"
"18788","23-09-15 19:00","France","Ligue 1","2015/2016","Troyes","St Etienne","3.80","3.40","2.16","1.04","8.30","1.32","3.30","2.18","1.78","3.65","1.27","7.20","1.07","1.90","1.90"
"18789","22-09-15 21:00","France","Ligue 1","2015/2016","PSG","Guingamp","1.17","8.10","24.00","1.03","15.00","1.17","5.00","1.69","2.33","2.71","1.45","4.90","1.14","2.75","1.27"
"18790","22-09-15 19:00","France","Ligue 1","2015/2016","Angers","Reims","2.74","3.10","3.00","1.07","6.80","1.44","2.73","2.61","1.57","4.75","1.18","9.80","1.02","2.02","1.79"
"18791","20-09-15 21:00","France","Ligue 1","2015/2016","Marseille","Lyon","2.07","3.55","3.95","1.03","8.70","1.30","3.45","2.10","1.84","3.50","1.29","6.80","1.07","1.80","2.01"
"18792","20-09-15 17:00","France","Ligue 1","2015/2016","Monaco","Lorient","1.64","3.90","6.50","1.04","8.30","1.32","3.30","2.24","1.74","3.75","1.26","7.60","1.05","2.04","1.78"
"18793","20-09-15 17:00","France","Ligue 1","2015/2016","St Etienne","Nantes","1.86","3.35","5.50","1.08","6.60","1.45","2.71","2.69","1.54","5.00","1.17","13.00","1.02","2.22","1.66"
"18794","20-09-15 14:00","France","Ligue 1","2015/2016","Bordeaux","Toulouse","2.05","3.40","4.20","1.04","8.60","1.30","3.45","2.12","1.82","3.55","1.28","6.80","1.07","1.79","2.02"
"18795","19-09-15 20:00","France","Ligue 1","2015/2016","Angers","Troyes","2.39","3.20","3.50","1.07","7.00","1.42","2.82","2.50","1.61","4.60","1.19","9.40","1.02","2.00","1.81"
"18796","19-09-15 20:00","France","Ligue 1","2015/2016","Bastia","Nice","2.65","3.15","3.08","1.05","7.50","1.39","2.95","2.41","1.65","4.30","1.21","8.70","1.04","1.90","1.90"
"18797","19-09-15 20:00","France","Ligue 1","2015/2016","Caen","Montpellier","2.37","3.20","3.50","1.04","8.30","1.32","3.30","2.18","1.78","3.65","1.27","7.20","1.07","1.76","2.06"
"18798","19-09-15 20:00","France","Ligue 1","2015/2016","Guingamp","GFC Ajaccio","1.79","3.55","5.60","1.08","7.70","1.52","2.50","2.82","1.50","5.50","1.14","11.00","1.04","2.48","1.54"
"18799","19-09-15 17:30","France","Ligue 1","2015/2016","Reims","PSG","8.10","4.30","1.51","1.03","9.30","1.26","3.75","2.00","1.92","3.30","1.32","6.40","1.08","2.00","1.81"
"18800","18-09-15 20:30","France","Ligue 1","2015/2016","Rennes","Lille","2.43","3.08","3.55","1.09","6.10","1.53","2.47","2.90","1.48","5.50","1.14","12.50","1.03","2.20","1.67"
"18801","13-09-15 21:00","France","Ligue 1","2015/2016","Marseille","Bastia","1.49","4.40","8.20","1.05","11.00","1.22","4.15","1.87","2.06","2.99","1.38","5.60","1.11","1.89","1.91"
"18802","13-09-15 17:00","France","Ligue 1","2015/2016","Nantes","Rennes","2.73","2.93","3.20","1.09","6.10","1.53","2.47","2.94","1.47","5.50","1.14","12.50","1.01","2.17","1.69"
"18803","13-09-15 14:00","France","Ligue 1","2015/2016","GFC Ajaccio","Monaco","4.55","3.15","2.08","1.09","6.30","1.50","2.55","2.82","1.50","5.30","1.15","12.50","1.04","2.22","1.66"
"18804","12-09-15 20:00","France","Ligue 1","2015/2016","Lorient","Angers","1.99","3.30","4.65","1.08","6.60","1.46","2.68","2.66","1.55","4.90","1.17","9.40","1.02","2.17","1.69"
"18805","12-09-15 20:00","France","Ligue 1","2015/2016","Montpellier","St Etienne","2.98","3.16","2.72","1.07","7.00","1.41","2.86","2.50","1.61","4.45","1.20","9.40","1.02","1.96","1.84"
"18806","12-09-15 20:00","France","Ligue 1","2015/2016","Nice","Guingamp","2.29","3.25","3.65","1.05","7.80","1.35","3.15","2.30","1.71","3.95","1.24","7.80","1.05","1.87","1.93"
"18807","12-09-15 20:00","France","Ligue 1","2015/2016","Toulouse","Reims","1.93","3.50","4.65","1.04","8.60","1.31","3.35","2.14","1.81","3.60","1.28","7.00","1.07","1.83","1.98"
"18808","12-09-15 20:00","France","Ligue 1","2015/2016","Troyes","Caen","2.44","3.30","3.25","1.03","8.70","1.29","3.50","2.08","1.85","3.45","1.30","6.60","1.08","1.71","2.14"
"18809","12-09-15 17:00","France","Ligue 1","2015/2016","Lyon","Lille","1.94","3.35","4.85","1.07","6.80","1.44","2.75","2.58","1.58","4.75","1.18","9.80","1.02","2.17","1.69"
"18810","11-09-15 20:30","France","Ligue 1","2015/2016","PSG","Bordeaux","1.28","6.00","14.00","1.04","13.00","1.20","4.45","1.79","2.17","2.90","1.40","5.30","1.12","2.28","1.63"
"18811","30-08-15 21:00","France","Ligue 1","2015/2016","Monaco","PSG","5.10","3.40","1.89","1.05","7.50","1.38","2.99","2.41","1.65","4.30","1.21","8.70","1.04","2.02","1.79"
"18812","30-08-15 17:00","France","Ligue 1","2015/2016","Bordeaux","Nantes","2.32","2.98","3.95","1.08","6.40","1.48","2.61","2.79","1.51","5.10","1.16","9.80","1.02","2.15","1.70"
"18813","30-08-15 14:00","France","Ligue 1","2015/2016","St Etienne","Bastia","1.74","3.55","6.10","1.07","6.80","1.44","2.75","2.60","1.57","4.75","1.18","9.80","1.02","2.30","1.62"
"18814","29-08-15 20:00","France","Ligue 1","2015/2016","Angers","Nice","2.41","3.20","3.45","1.05","7.50","1.37","3.04","2.41","1.65","4.10","1.23","8.10","1.04","1.88","1.92"
"18815","29-08-15 20:00","France","Ligue 1","2015/2016","Lille","GFC Ajaccio","1.62","3.75","7.40","1.08","8.00","1.36","2.86","2.53","1.60","4.60","1.19","10.50","1.04","2.36","1.59"
"18816","29-08-15 20:00","France","Ligue 1","2015/2016","Reims","Lorient","2.31","3.30","3.55","1.04","8.00","1.34","3.20","2.26","1.73","3.85","1.25","7.80","1.05","1.84","1.96"
"18817","29-08-15 20:00","France","Ligue 1","2015/2016","Rennes","Toulouse","2.31","3.30","3.55","1.07","6.80","1.45","2.71","2.60","1.57","4.75","1.18","9.80","1.02","2.09","1.74"
"18818","29-08-15 20:00","France","Ligue 1","2015/2016","Troyes","Montpellier","2.65","3.10","3.13","1.05","7.50","1.37","3.04","2.38","1.67","4.15","1.22","8.10","1.04","1.86","1.94"
"18819","29-08-15 17:00","France","Ligue 1","2015/2016","Caen","Lyon","3.40","3.30","2.38","1.04","8.30","1.31","3.35","2.15","1.80","3.60","1.28","7.00","1.07","1.76","2.06"
"18820","28-08-15 20:30","France","Ligue 1","2015/2016","Guingamp","Marseille","4.75","3.55","1.90","1.05","7.80","1.35","3.15","2.28","1.72","3.95","1.24","7.80","1.05","1.96","1.84"
"18821","23-08-15 21:00","France","Ligue 1","2015/2016","Marseille","Troyes","1.62","4.00","6.60","1.02","9.40","1.25","3.85","1.96","1.96","3.20","1.34","6.00","1.10","1.85","1.95"
"18822","23-08-15 17:00","France","Ligue 1","2015/2016","Lorient","St Etienne","2.57","3.16","3.17","1.07","6.80","1.44","2.73","2.60","1.57","4.75","1.18","9.80","1.02","2.05","1.77"
"18823","23-08-15 14:00","France","Ligue 1","2015/2016","Lille","Bordeaux","2.07","3.30","4.30","1.08","6.60","1.46","2.68","2.66","1.55","4.90","1.17","9.80","1.02","2.17","1.69"
"18824","22-08-15 20:00","France","Ligue 1","2015/2016","Bastia","Guingamp","2.37","3.04","3.75","1.09","6.30","1.51","2.52","2.86","1.49","5.30","1.15","12.50","1.03","2.19","1.68"
"18825","22-08-15 20:00","France","Ligue 1","2015/2016","GFC Ajaccio","Angers","2.67","2.97","3.25","1.10","5.80","1.57","2.38","3.06","1.44","5.90","1.12","13.50","1.01","2.26","1.64"
"18826","22-08-15 20:00","France","Ligue 1","2015/2016","Nantes","Reims","2.57","2.96","3.45","1.09","6.10","1.52","2.50","2.90","1.48","5.50","1.14","12.50","1.03","2.15","1.70"
"18827","22-08-15 20:00","France","Ligue 1","2015/2016","Nice","Caen","2.29","3.30","3.60","1.03","9.30","1.26","3.75","1.98","1.94","3.20","1.34","6.00","1.10","1.65","2.24"
"18828","22-08-15 20:00","France","Ligue 1","2015/2016","Toulouse","Monaco","2.83","3.30","2.75","1.05","7.50","1.39","2.95","2.39","1.66","4.30","1.21","8.70","1.04","1.94","1.86"
"18829","22-08-15 17:00","France","Ligue 1","2015/2016","Lyon","Rennes","1.65","3.75","6.80","1.04","8.00","1.33","3.20","2.26","1.73","3.95","1.24","7.80","1.05","2.08","1.75"
"18830","21-08-15 20:30","France","Ligue 1","2015/2016","Montpellier","PSG","9.60","4.65","1.43","1.04","8.30","1.31","3.35","2.14","1.81","3.65","1.27","7.20","1.07","2.34","1.60"
"18831","16-08-15 21:00","France","Ligue 1","2015/2016","PSG","GFC Ajaccio","1.16","8.70","23.00","1.02","19.00","1.12","5.90","1.44","2.66","2.35","1.58","4.05","1.20","2.72","1.46"
"18832","16-08-15 17:00","France","Ligue 1","2015/2016","Lorient","Bastia","1.96","3.50","4.45","1.07","7.00","1.42","2.82","2.50","1.61","4.60","1.19","9.40","1.02","2.12","1.72"
"18833","16-08-15 14:00","France","Ligue 1","2015/2016","Reims","Marseille","3.65","3.50","2.19","1.04","8.60","1.31","3.35","2.11","1.83","3.55","1.28","6.80","1.07","1.80","2.01"
"18834","15-08-15 20:00","France","Ligue 1","2015/2016","Angers","Nantes","2.82","2.97","3.04","1.10","5.80","1.57","2.38","3.06","1.44","5.90","1.12","13.50","1.01","2.26","1.64"
"18835","15-08-15 20:00","France","Ligue 1","2015/2016","Caen","Toulouse","2.58","3.35","3.00","1.03","9.00","1.28","3.55","2.05","1.88","3.35","1.31","6.40","1.08","1.70","2.15"
"18836","15-08-15 20:00","France","Ligue 1","2015/2016","Guingamp","Lyon","4.85","3.50","1.90","1.04","8.00","1.34","3.20","2.24","1.74","3.85","1.25","7.60","1.05","1.93","1.87"
"18837","15-08-15 20:00","France","Ligue 1","2015/2016","Rennes","Montpellier","2.22","3.05","4.15","1.09","6.10","1.52","2.50","2.90","1.48","5.50","1.14","12.50","1.04","2.21","1.67"
"18838","15-08-15 20:00","France","Ligue 1","2015/2016","Troyes","Nice","2.11","3.30","4.15","1.06","7.30","1.40","2.90","2.46","1.63","4.45","1.20","9.00","1.03","2.01","1.80"
"18839","15-08-15 17:00","France","Ligue 1","2015/2016","St Etienne","Bordeaux","2.16","3.25","4.00","1.06","7.30","1.39","2.95","2.43","1.64","4.30","1.21","9.00","1.03","1.97","1.83"
"18840","14-08-15 20:30","France","Ligue 1","2015/2016","Monaco","Lille","1.65","3.75","6.80","1.05","7.80","1.35","3.15","2.30","1.71","4.10","1.23","8.10","1.04","2.11","1.73"
"18841","09-08-15 21:00","France","Ligue 1","2015/2016","Lyon","Lorient","1.59","4.15","6.70","1.03","12.00","1.26","3.75","1.87","2.06","3.05","1.37","5.30","1.12","1.89","1.91"
"18842","09-08-15 17:00","France","Ligue 1","2015/2016","Bordeaux","Reims","1.70","3.85","5.90","1.04","8.40","1.32","3.30","2.05","1.88","3.45","1.30","6.30","1.09","1.95","1.85"
"18843","09-08-15 17:00","France","Ligue 1","2015/2016","Toulouse","St Etienne","2.77","3.15","2.93","1.07","6.80","1.43","2.79","2.46","1.63","4.60","1.19","8.40","1.04","1.95","1.85"
"18844","08-08-15 21:00","France","Ligue 1","2015/2016","Bastia","Rennes","2.70","3.06","3.10","1.11","5.50","1.62","2.28","3.02","1.45","6.10","1.12","9.50","1.02","2.19","1.68"
"18845","08-08-15 21:00","France","Ligue 1","2015/2016","Marseille","Caen","1.56","4.50","6.40","1.02","13.50","1.19","4.60","1.67","2.38","2.55","1.50","4.30","1.18","1.75","2.08"
"18846","08-08-15 21:00","France","Ligue 1","2015/2016","Montpellier","Angers","1.84","3.45","5.50","1.08","7.40","1.48","2.61","2.56","1.59","4.90","1.17","8.70","1.03","2.20","1.67"
"18847","08-08-15 21:00","France","Ligue 1","2015/2016","Nantes","Guingamp","2.27","3.10","3.90","1.11","5.50","1.62","2.28","3.02","1.45","6.10","1.12","10.50","1.02","2.24","1.65"
"18848","08-08-15 21:00","France","Ligue 1","2015/2016","Nice","Monaco","4.50","3.30","2.02","1.06","7.50","1.39","2.95","2.35","1.68","4.30","1.21","7.80","1.05","2.01","1.80"
"18849","08-08-15 21:00","France","Ligue 1","2015/2016","Troyes","GFC Ajaccio","2.00","3.35","4.50","1.07","6.80","1.45","2.71","2.49","1.62","4.70","1.18","8.40","1.04","2.06","1.76"
"18850","07-08-15 20:30","France","Ligue 1","2015/2016","Lille","PSG","7.30","3.95","1.59","1.04","8.00","1.39","2.95","2.26","1.73","4.20","1.22","7.30","1.06","2.15","1.70"