"id","matchDate","Country","League","Season","homeTeam","awayTeam","H","D","A","O05","U05","O15","U15","O25","U25","O35","U35","O45","U45","BTTSY","BTTSN"
"13854","25-05-25 21:00","Spain","LaLiga","2024/2025","Ath Bilbao","Barcelona","3.49","4.00","2.03","1.01","22.00","1.14","6.00","1.48","2.75","2.13","1.80","3.43","1.34","1.41","2.94"
"13855","25-05-25 16:15","Spain","LaLiga","2024/2025","Villarreal","Sevilla","1.75","4.42","4.30","1.02","17.00","1.19","5.00","1.61","2.38","2.47","1.57","4.48","1.22","1.57","2.41"
"13856","25-05-25 14:00","Spain","LaLiga","2024/2025","Girona","Atl. Madrid","3.48","3.57","2.16","1.02","17.00","1.19","5.00","1.61","2.38","2.37","1.62","4.14","1.25","1.50","2.58"
"13857","24-05-25 21:00","Spain","LaLiga","2024/2025","Alaves","Osasuna","3.46","3.29","2.28","1.09","8.00","1.41","3.00","2.37","1.62","4.48","1.22","9.26","1.07","1.90","1.90"
"13858","24-05-25 21:00","Spain","LaLiga","2024/2025","Getafe","Celta Vigo","4.85","3.88","1.77","1.06","10.00","1.34","3.40","2.13","1.80","3.67","1.30","7.54","1.10","1.90","1.90"
"13859","24-05-25 21:00","Spain","LaLiga","2024/2025","Rayo Vallecano","Mallorca","1.53","4.19","7.29","1.08","9.00","1.34","3.40","2.13","1.80","3.67","1.30","7.54","1.10","2.06","1.76"
"13860","24-05-25 18:30","Spain","LaLiga","2024/2025","Espanyol","Las Palmas","1.44","5.13","7.18","1.03","15.00","1.22","4.50","1.65","2.30","2.66","1.50","4.80","1.20","1.83","1.98"
"13861","24-05-25 18:30","Spain","LaLiga","2024/2025","Leganes","Valladolid","1.36","5.60","8.65","1.02","17.00","1.19","5.00","1.61","2.38","2.47","1.57","4.48","1.22","1.83","1.98"
"13862","24-05-25 16:15","Spain","LaLiga","2024/2025","Real Madrid","Real Sociedad","1.40","5.64","7.18","1.01","23.00","1.11","7.00","1.34","3.40","1.90","2.00","2.86","1.45","1.52","2.54"
"13863","23-05-25 21:00","Spain","LaLiga","2024/2025","Betis","Valencia","1.94","3.98","3.78","1.02","17.00","1.19","5.00","1.61","2.38","2.37","1.62","4.14","1.25","1.49","2.64"
"13864","18-05-25 19:00","Spain","LaLiga","2024/2025","Atl. Madrid","Betis","1.57","4.44","5.90","1.03","15.00","1.22","4.50","1.65","2.30","2.66","1.50","4.80","1.20","1.68","2.18"
"13865","18-05-25 19:00","Spain","LaLiga","2024/2025","Barcelona","Villarreal","1.70","4.60","4.41","1.01","26.00","1.08","9.00","1.26","4.00","1.65","2.30","2.47","1.57","1.30","3.54"
"13866","18-05-25 19:00","Spain","LaLiga","2024/2025","Celta Vigo","Rayo Vallecano","1.94","3.58","4.20","1.06","10.00","1.29","3.75","1.99","1.91","3.24","1.37","6.54","1.13","1.72","2.12"
"13867","18-05-25 19:00","Spain","LaLiga","2024/2025","Las Palmas","Leganes","3.11","3.57","2.33","1.04","13.00","1.26","4.00","1.90","2.00","3.06","1.40","6.00","1.14","1.70","2.15"
"13868","18-05-25 19:00","Spain","LaLiga","2024/2025","Mallorca","Getafe","2.62","2.95","3.23","1.19","5.00","1.82","2.10","3.24","1.37","7.06","1.11","14.10","1.03","2.42","1.57"
"13869","18-05-25 19:00","Spain","LaLiga","2024/2025","Osasuna","Espanyol","1.99","3.37","4.30","1.08","9.00","1.34","3.40","2.13","1.80","3.67","1.30","7.54","1.10","1.76","2.06"
"13870","18-05-25 19:00","Spain","LaLiga","2024/2025","Real Sociedad","Girona","1.77","3.69","5.13","1.04","13.00","1.23","4.33","1.82","2.10","2.86","1.45","5.41","1.17","1.70","2.15"
"13871","18-05-25 19:00","Spain","LaLiga","2024/2025","Sevilla","Real Madrid","3.35","3.80","2.13","1.02","17.00","1.19","5.00","1.61","2.38","2.47","1.57","4.48","1.22","1.49","2.64"
"13872","18-05-25 19:00","Spain","LaLiga","2024/2025","Valencia","Ath Bilbao","2.57","2.98","3.28","1.11","7.00","1.48","2.75","2.47","1.57","4.48","1.22","9.99","1.06","1.90","1.90"
"13873","18-05-25 19:00","Spain","LaLiga","2024/2025","Valladolid","Alaves","6.15","3.79","1.66","1.08","9.00","1.37","3.20","2.24","1.73","4.14","1.25","8.45","1.09","2.10","1.74"
"13874","15-05-25 21:30","Spain","LaLiga","2024/2025","Espanyol","Barcelona","8.11","5.91","1.35","1.01","29.00","1.11","7.00","1.34","3.40","1.90","2.00","2.86","1.45","1.61","2.33"
"13875","15-05-25 21:30","Spain","LaLiga","2024/2025","Getafe","Ath Bilbao","3.34","2.66","2.81","1.22","4.51","1.92","1.98","3.64","1.30","8.13","1.09","15.70","1.03","2.55","1.52"
"13876","15-05-25 19:00","Spain","LaLiga","2024/2025","Osasuna","Atl. Madrid","3.77","3.49","2.09","1.06","10.00","1.32","3.50","1.99","1.91","3.43","1.34","7.06","1.11","1.72","2.12"
"13877","15-05-25 19:00","Spain","LaLiga","2024/2025","Rayo Vallecano","Betis","3.41","3.33","2.29","1.06","10.00","1.32","3.50","1.99","1.91","3.43","1.34","6.54","1.13","1.68","2.18"
"13878","14-05-25 21:30","Spain","LaLiga","2024/2025","Real Madrid","Mallorca","1.46","4.87","7.01","1.03","15.00","1.19","5.00","1.61","2.38","2.47","1.57","4.48","1.22","1.72","2.12"
"13879","14-05-25 19:00","Spain","LaLiga","2024/2025","Alaves","Valencia","2.38","2.94","3.70","1.15","5.79","1.59","2.42","2.91","1.43","5.71","1.15","11.90","1.05","2.22","1.66"
"13880","14-05-25 19:00","Spain","LaLiga","2024/2025","Villarreal","Leganes","1.33","6.13","8.69","1.03","17.00","1.19","5.00","1.51","2.63","2.37","1.62","4.14","1.25","1.83","1.98"
"13881","13-05-25 21:30","Spain","LaLiga","2024/2025","Sevilla","Las Palmas","1.73","3.88","5.17","1.05","11.00","1.29","3.75","1.99","1.91","3.24","1.37","6.54","1.13","1.76","2.06"
"13882","13-05-25 20:00","Spain","LaLiga","2024/2025","Real Sociedad","Celta Vigo","2.30","3.33","3.38","1.06","10.00","1.29","3.75","1.99","1.91","3.24","1.37","6.54","1.13","1.68","2.18"
"13883","13-05-25 19:00","Spain","LaLiga","2024/2025","Valladolid","Girona","4.63","4.11","1.75","","","1.23","4.33","1.82","2.10","2.86","1.45","5.41","1.17","1.68","2.18"
"13884","11-05-25 21:00","Spain","LaLiga","2024/2025","Betis","Osasuna","1.65","4.19","5.36","1.04","13.00","1.23","4.33","1.70","2.20","2.86","1.45","5.41","1.17","1.68","2.18"
"13885","11-05-25 18:30","Spain","LaLiga","2024/2025","Ath Bilbao","Alaves","2.06","2.99","4.75","1.19","5.00","1.82","2.10","3.24","1.37","7.06","1.11","15.10","1.03","2.44","1.56"
"13886","11-05-25 16:15","Spain","LaLiga","2024/2025","Barcelona","Real Madrid","1.94","4.43","3.48","1.01","26.00","1.07","9.47","1.25","4.21","1.64","2.32","2.45","1.58","1.29","3.63"
"13887","11-05-25 14:00","Spain","LaLiga","2024/2025","Leganes","Espanyol","2.42","3.29","3.19","1.08","9.00","1.37","3.20","2.24","1.73","4.14","1.25","8.45","1.09","1.83","1.98"
"13888","10-05-25 21:00","Spain","LaLiga","2024/2025","Atl. Madrid","Real Sociedad","1.78","3.62","5.18","1.08","9.00","1.37","3.20","2.24","1.73","4.14","1.25","8.45","1.09","1.89","1.92"
"13889","10-05-25 18:30","Spain","LaLiga","2024/2025","Girona","Villarreal","3.03","3.73","2.31","1.03","15.00","1.22","4.50","1.70","2.20","2.66","1.50","4.80","1.20","1.53","2.53"
"13890","10-05-25 18:30","Spain","LaLiga","2024/2025","Mallorca","Valladolid","1.35","5.56","9.11","1.05","11.00","1.29","3.75","1.90","2.00","3.24","1.37","6.00","1.14","2.16","1.70"
"13891","10-05-25 16:15","Spain","LaLiga","2024/2025","Celta Vigo","Sevilla","1.89","3.66","4.41","1.06","9.65","1.34","3.43","2.02","1.89","3.27","1.36","6.68","1.12","1.78","2.03"
"13892","10-05-25 14:00","Spain","LaLiga","2024/2025","Valencia","Getafe","2.01","3.17","4.61","1.12","6.84","1.47","2.77","2.45","1.58","4.57","1.22","9.52","1.07","2.02","1.80"
"13893","09-05-25 21:00","Spain","LaLiga","2024/2025","Las Palmas","Rayo Vallecano","2.70","3.19","2.88","1.09","8.00","1.37","3.20","2.35","1.67","4.14","1.25","8.45","1.09","1.83","1.98"
"13894","05-05-25 21:00","Spain","LaLiga","2024/2025","Girona","Mallorca","2.10","3.34","3.91","1.08","9.00","1.37","3.20","2.35","1.67","4.14","1.25","8.45","1.09","1.90","1.90"
"13895","04-05-25 21:00","Spain","LaLiga","2024/2025","Real Sociedad","Ath Bilbao","2.65","2.98","3.16","1.13","6.32","1.51","2.63","2.73","1.48","5.15","1.18","10.70","1.06","2.06","1.76"
"13896","04-05-25 18:30","Spain","LaLiga","2024/2025","Espanyol","Betis","3.49","3.16","2.34","1.08","9.00","1.34","3.40","2.13","1.80","3.67","1.30","7.54","1.10","1.72","2.12"
"13897","04-05-25 16:15","Spain","LaLiga","2024/2025","Sevilla","Leganes","1.68","3.81","5.84","1.09","8.00","1.37","3.20","2.24","1.73","4.14","1.25","8.45","1.09","2.02","1.80"
"13898","04-05-25 14:00","Spain","LaLiga","2024/2025","Real Madrid","Celta Vigo","1.38","5.86","7.50","1.01","28.00","1.13","6.50","1.34","3.40","1.99","1.91","3.06","1.40","1.53","2.53"
"13899","03-05-25 21:00","Spain","LaLiga","2024/2025","Valladolid","Barcelona","9.22","5.41","1.36","1.01","23.00","1.14","6.00","1.48","2.75","2.24","1.73","3.67","1.30","1.65","2.24"
"13900","03-05-25 18:30","Spain","LaLiga","2024/2025","Las Palmas","Valencia","2.62","3.18","2.98","1.08","9.00","1.37","3.20","2.24","1.73","4.14","1.25","8.45","1.09","1.76","2.06"
"13901","03-05-25 16:15","Spain","LaLiga","2024/2025","Villarreal","Osasuna","1.46","4.87","7.18","1.03","15.00","1.22","4.50","1.65","2.30","2.57","1.54","4.48","1.22","1.76","2.06"
"13902","03-05-25 14:00","Spain","LaLiga","2024/2025","Alaves","Atl. Madrid","4.15","3.34","2.04","1.09","8.00","1.48","2.75","2.37","1.62","4.48","1.22","9.26","1.07","1.96","1.85"
"13903","02-05-25 21:00","Spain","LaLiga","2024/2025","Rayo Vallecano","Getafe","2.42","3.05","3.46","1.14","6.00","1.61","2.38","2.86","1.45","6.00","1.14","12.50","1.04","2.16","1.70"
"13904","27-04-25 16:15","Spain","LaLiga","2024/2025","Villarreal","Espanyol","1.43","5.39","6.91","1.02","17.00","1.19","5.00","1.61","2.38","2.47","1.57","4.48","1.22","1.76","2.06"
"13905","24-04-25 21:30","Spain","LaLiga","2024/2025","Atl. Madrid","Rayo Vallecano","1.53","4.23","7.06","1.05","11.50","1.28","3.91","1.92","1.98","3.12","1.39","6.29","1.14","1.90","1.90"
"13906","24-04-25 21:30","Spain","LaLiga","2024/2025","Betis","Valladolid","1.16","9.68","15.70","1.02","25.00","1.13","6.50","1.37","3.20","1.99","1.91","3.24","1.37","1.90","1.90"
"13907","24-04-25 19:00","Spain","LaLiga","2024/2025","Leganes","Girona","3.34","3.08","2.46","1.09","8.00","1.37","3.20","2.24","1.73","3.79","1.29","8.45","1.09","1.76","2.06"
"13908","24-04-25 19:00","Spain","LaLiga","2024/2025","Osasuna","Sevilla","2.35","3.07","3.58","1.12","6.84","1.47","2.77","2.45","1.58","4.57","1.22","10.70","1.06","2.02","1.80"
"13909","23-04-25 21:30","Spain","LaLiga","2024/2025","Alaves","Real Sociedad","2.41","3.16","3.34","1.13","6.50","1.56","2.50","2.66","1.50","5.41","1.17","11.20","1.05","2.06","1.76"
"13910","23-04-25 21:30","Spain","LaLiga","2024/2025","Getafe","Real Madrid","6.50","3.81","1.63","1.09","8.42","1.34","3.37","2.14","1.80","3.94","1.27","8.05","1.09","2.06","1.76"
"13911","23-04-25 19:00","Spain","LaLiga","2024/2025","Ath Bilbao","Las Palmas","1.42","5.13","7.70","1.05","11.00","1.29","3.75","1.90","2.00","3.24","1.37","6.54","1.13","2.16","1.70"
"13912","23-04-25 19:00","Spain","LaLiga","2024/2025","Celta Vigo","Villarreal","2.43","3.57","2.96","1.03","15.00","1.22","4.50","1.65","2.30","2.57","1.54","4.80","1.20","1.53","2.53"
"13913","22-04-25 21:30","Spain","LaLiga","2024/2025","Barcelona","Mallorca","1.32","5.74","10.40","1.03","15.00","1.19","5.00","1.61","2.38","2.47","1.57","4.48","1.22","1.83","1.98"
"13914","22-04-25 19:00","Spain","LaLiga","2024/2025","Valencia","Espanyol","2.01","3.39","4.21","1.09","8.00","1.41","3.00","2.35","1.67","4.14","1.25","8.45","1.09","1.89","1.92"
"13915","21-04-25 21:00","Spain","LaLiga","2024/2025","Girona","Betis","2.81","3.39","2.64","1.05","11.00","1.26","4.00","1.90","2.00","3.06","1.40","6.00","1.14","1.65","2.24"
"13916","20-04-25 21:00","Spain","LaLiga","2024/2025","Real Madrid","Ath Bilbao","1.46","4.63","7.71","1.05","11.60","1.22","4.56","1.74","2.21","2.73","1.48","5.15","1.18","1.90","1.90"
"13917","20-04-25 18:30","Spain","LaLiga","2024/2025","Sevilla","Alaves","2.09","3.05","4.45","1.13","6.32","1.51","2.63","2.54","1.54","5.15","1.18","10.70","1.06","2.06","1.76"
"13918","20-04-25 16:15","Spain","LaLiga","2024/2025","Villarreal","Real Sociedad","1.70","4.18","4.90","1.03","13.70","1.22","4.56","1.74","2.21","2.73","1.48","5.15","1.18","1.72","2.12"
"13919","20-04-25 14:00","Spain","LaLiga","2024/2025","Valladolid","Osasuna","5.60","3.58","1.74","1.10","7.62","1.40","3.05","2.36","1.66","3.99","1.26","7.94","1.09","1.89","1.92"
"13920","19-04-25 21:00","Spain","LaLiga","2024/2025","Las Palmas","Atl. Madrid","5.94","4.00","1.63","1.06","10.50","1.30","3.68","1.90","2.01","3.27","1.36","6.73","1.12","1.90","1.90"
"13921","19-04-25 18:30","Spain","LaLiga","2024/2025","Mallorca","Leganes","1.89","3.09","5.66","1.15","5.79","1.69","2.32","2.91","1.43","6.23","1.14","13.50","1.03","2.44","1.56"
"13922","19-04-25 16:15","Spain","LaLiga","2024/2025","Barcelona","Celta Vigo","1.26","7.12","10.10","1.01","26.00","1.09","8.42","1.27","3.95","1.74","2.21","2.54","1.54","1.60","2.34"
"13923","19-04-25 14:00","Spain","LaLiga","2024/2025","Rayo Vallecano","Valencia","2.46","3.25","3.17","1.09","8.42","1.38","3.16","2.24","1.73","3.94","1.27","8.82","1.08","1.90","1.90"
"13924","18-04-25 21:00","Spain","LaLiga","2024/2025","Espanyol","Getafe","2.82","2.69","3.28","1.18","5.26","1.74","2.21","3.27","1.36","7.18","1.11","14.40","1.03","2.31","1.62"
"13925","14-04-25 21:00","Spain","LaLiga","2024/2025","Atl. Madrid","Valladolid","1.09","9.00","26.00","1.02","15.80","1.15","5.79","1.44","2.90","2.14","1.80","3.61","1.31","2.71","1.46"
"13926","13-04-25 21:00","Spain","LaLiga","2024/2025","Ath Bilbao","Rayo Vallecano","1.88","3.20","5.37","1.12","6.84","1.47","2.77","2.45","1.58","4.57","1.22","9.52","1.07","2.06","1.76"
"13927","13-04-25 18:30","Spain","LaLiga","2024/2025","Betis","Villarreal","2.14","3.58","3.51","1.03","13.70","1.25","4.21","1.82","2.10","2.91","1.43","5.15","1.18","1.60","2.34"
"13928","13-04-25 16:15","Spain","LaLiga","2024/2025","Alaves","Real Madrid","5.20","3.91","1.71","1.05","11.60","1.27","3.95","1.82","2.10","3.09","1.39","5.71","1.15","1.76","2.06"
"13929","13-04-25 14:00","Spain","LaLiga","2024/2025","Osasuna","Girona","2.58","3.30","3.09","1.03","7.70","1.36","2.95","2.24","1.76","3.82","1.23","7.50","1.04","1.84","1.92"
"13930","12-04-25 21:00","Spain","LaLiga","2024/2025","Leganes","Barcelona","10.20","6.98","1.27","1.01","21.00","1.15","5.79","1.44","2.90","2.14","1.80","3.50","1.33","1.86","1.95"
"13931","12-04-25 18:30","Spain","LaLiga","2024/2025","Celta Vigo","Espanyol","1.67","3.83","5.89","1.07","9.47","1.31","3.58","2.03","1.88","3.50","1.33","7.18","1.11","1.96","1.85"
"13932","12-04-25 16:15","Spain","LaLiga","2024/2025","Getafe","Las Palmas","1.70","3.81","5.63","1.09","8.42","1.38","3.16","2.26","1.67","4.26","1.24","8.82","1.08","2.16","1.70"
"13933","12-04-25 14:00","Spain","LaLiga","2024/2025","Real Sociedad","Mallorca","2.04","3.24","4.33","1.14","6.19","1.56","2.50","2.70","1.49","5.70","1.16","11.80","1.05","2.06","1.76"
"13934","11-04-25 21:00","Spain","LaLiga","2024/2025","Valencia","Sevilla","2.33","3.16","3.50","1.10","7.37","1.44","2.90","2.45","1.58","4.57","1.22","9.52","1.07","1.96","1.85"
"13935","07-04-25 21:00","Spain","LaLiga","2024/2025","Leganes","Osasuna","2.88","2.95","2.90","1.14","6.13","1.62","2.36","2.84","1.45","5.76","1.15","11.90","1.05","2.02","1.80"
"13936","06-04-25 21:00","Spain","LaLiga","2024/2025","Villarreal","Ath Bilbao","2.41","3.36","3.14","1.05","11.60","1.27","3.95","1.90","2.01","3.09","1.39","6.23","1.14","1.68","2.18"
"13937","06-04-25 18:30","Spain","LaLiga","2024/2025","Valladolid","Getafe","4.61","3.17","2.01","1.13","6.32","1.56","2.50","2.73","1.48","5.15","1.18","11.90","1.05","2.16","1.70"
"13938","06-04-25 16:15","Spain","LaLiga","2024/2025","Sevilla","Atl. Madrid","3.77","3.24","2.19","1.09","8.42","1.44","2.90","2.26","1.67","4.26","1.24","8.82","1.08","1.90","1.90"
"13939","06-04-25 14:00","Spain","LaLiga","2024/2025","Las Palmas","Real Sociedad","3.17","3.35","2.49","1.03","8.10","1.33","3.08","2.18","1.80","3.64","1.25","7.00","1.05","1.80","1.96"
"13940","05-04-25 21:00","Spain","LaLiga","2024/2025","Barcelona","Betis","1.38","5.95","7.08","1.01","28.00","1.12","6.84","1.34","3.37","1.90","2.01","2.91","1.43","1.57","2.41"
"13941","05-04-25 18:30","Spain","LaLiga","2024/2025","Mallorca","Celta Vigo","2.92","3.16","2.69","1.09","8.42","1.38","3.16","2.26","1.67","4.26","1.24","8.82","1.08","1.90","1.90"
"13942","05-04-25 16:15","Spain","LaLiga","2024/2025","Real Madrid","Valencia","1.30","6.42","9.54","1.01","22.00","1.13","6.32","1.44","2.90","2.14","1.80","3.27","1.36","1.72","2.12"
"13943","05-04-25 14:00","Spain","LaLiga","2024/2025","Girona","Alaves","2.06","3.50","3.85","1.09","8.42","1.38","3.16","2.24","1.73","3.94","1.27","8.05","1.09","1.90","1.90"
"13944","04-04-25 21:00","Spain","LaLiga","2024/2025","Rayo Vallecano","Espanyol","1.71","3.59","5.92","1.10","7.37","1.47","2.77","2.45","1.58","4.57","1.22","9.52","1.07","2.20","1.67"
"13945","31-03-25 21:00","Spain","LaLiga","2024/2025","Celta Vigo","Las Palmas","1.59","4.19","6.13","1.05","11.60","1.27","3.95","1.90","2.01","3.27","1.36","6.23","1.14","1.90","1.90"
"13946","30-03-25 21:00","Spain","LaLiga","2024/2025","Betis","Sevilla","1.77","3.59","5.34","1.09","8.42","1.38","3.16","2.24","1.73","4.26","1.24","8.82","1.08","2.00","1.82"
"13947","30-03-25 18:30","Spain","LaLiga","2024/2025","Ath Bilbao","Osasuna","1.54","4.15","7.25","1.06","10.00","1.32","3.50","1.99","1.91","3.43","1.34","6.54","1.13","1.96","1.85"
"13948","30-03-25 18:30","Spain","LaLiga","2024/2025","Valencia","Mallorca","2.04","3.28","4.27","1.12","6.84","1.47","2.77","2.45","1.58","5.15","1.18","10.70","1.06","2.06","1.76"
"13949","30-03-25 16:15","Spain","LaLiga","2024/2025","Barcelona","Girona","1.32","6.13","9.14","1.02","26.00","1.13","6.32","1.38","3.16","2.03","1.88","3.27","1.36","1.68","2.18"
"13950","30-03-25 14:00","Spain","LaLiga","2024/2025","Getafe","Villarreal","3.42","3.18","2.37","1.10","7.37","1.44","2.90","2.26","1.67","4.26","1.24","9.52","1.01","1.90","1.90"
"13951","29-03-25 21:00","Spain","LaLiga","2024/2025","Real Madrid","Leganes","1.22","7.10","14.90","1.02","23.00","1.13","6.32","1.44","2.90","2.14","1.80","3.50","1.33","2.06","1.76"
"13952","29-03-25 18:30","Spain","LaLiga","2024/2025","Alaves","Rayo Vallecano","2.15","3.08","4.15","1.13","6.32","1.51","2.63","2.73","1.48","5.15","1.18","10.70","1.06","2.16","1.70"
"13953","29-03-25 16:15","Spain","LaLiga","2024/2025","Espanyol","Atl. Madrid","5.94","3.80","1.67","1.09","8.42","1.38","3.16","2.24","1.73","3.94","1.27","8.05","1.09","2.05","1.78"
"13954","29-03-25 14:00","Spain","LaLiga","2024/2025","Real Sociedad","Valladolid","1.38","4.83","10.10","1.06","10.00","1.29","3.75","1.99","1.91","3.43","1.34","6.54","1.13","2.16","1.70"
"13955","27-03-25 21:00","Spain","LaLiga","2024/2025","Barcelona","Osasuna","1.21","7.61","14.40","1.01","30.00","1.10","7.37","1.31","3.58","1.82","2.10","2.73","1.48","1.76","2.06"
"13956","16-03-25 21:00","Spain","LaLiga","2024/2025","Atl. Madrid","Barcelona","3.40","3.61","2.18","1.02","15.80","1.21","4.74","1.59","2.42","2.45","1.58","4.26","1.24","1.49","2.64"
"13957","16-03-25 18:30","Spain","LaLiga","2024/2025","Osasuna","Getafe","2.35","2.94","3.78","1.15","5.79","1.59","2.42","2.91","1.43","6.23","1.14","13.50","1.03","2.22","1.66"
"13958","16-03-25 18:30","Spain","LaLiga","2024/2025","Rayo Vallecano","Real Sociedad","2.45","3.04","3.41","1.13","6.32","1.59","2.42","2.91","1.43","6.23","1.14","11.90","1.05","2.22","1.66"
"13959","16-03-25 16:15","Spain","LaLiga","2024/2025","Sevilla","Ath Bilbao","2.69","3.15","2.94","1.10","7.37","1.47","2.77","2.45","1.58","4.57","1.22","9.52","1.07","1.96","1.85"
"13960","16-03-25 14:00","Spain","LaLiga","2024/2025","Leganes","Betis","4.22","3.39","2.01","1.09","8.00","1.41","3.00","2.35","1.67","4.48","1.22","9.26","1.07","1.90","1.90"
"13961","15-03-25 21:00","Spain","LaLiga","2024/2025","Girona","Valencia","1.94","3.77","3.97","1.06","10.50","1.31","3.58","2.03","1.88","3.50","1.33","6.73","1.12","1.76","2.06"
"13962","15-03-25 18:30","Spain","LaLiga","2024/2025","Villarreal","Real Madrid","3.38","3.68","2.16","1.02","17.00","1.19","5.00","1.61","2.38","2.47","1.57","4.48","1.22","1.49","2.64"
"13963","15-03-25 16:15","Spain","LaLiga","2024/2025","Mallorca","Espanyol","1.88","3.50","4.70","1.11","7.00","1.51","2.63","2.57","1.54","5.41","1.17","11.20","1.05","2.16","1.70"
"13964","15-03-25 14:00","Spain","LaLiga","2024/2025","Valladolid","Celta Vigo","5.05","3.88","1.74","1.05","11.60","1.27","3.95","1.90","2.01","3.27","1.36","6.23","1.14","1.76","2.06"
"13965","14-03-25 21:00","Spain","LaLiga","2024/2025","Las Palmas","Alaves","2.86","3.07","2.81","1.11","7.00","1.48","2.75","2.57","1.54","4.80","1.20","9.99","1.06","1.96","1.85"
"13966","10-03-25 21:00","Spain","LaLiga","2024/2025","Espanyol","Girona","3.34","3.26","2.36","1.09","8.00","1.41","3.00","2.37","1.62","4.48","1.22","9.26","1.07","1.90","1.90"
"13967","09-03-25 21:00","Spain","LaLiga","2024/2025","Real Sociedad","Sevilla","2.43","3.17","3.30","1.12","6.84","1.51","2.63","2.54","1.54","5.15","1.18","10.70","1.06","2.00","1.82"
"13968","09-03-25 18:30","Spain","LaLiga","2024/2025","Ath Bilbao","Mallorca","1.71","3.56","6.09","1.09","8.42","1.38","3.16","2.24","1.73","4.26","1.24","8.82","1.08","2.06","1.76"
"13969","09-03-25 18:30","Spain","LaLiga","2024/2025","Betis","Las Palmas","1.34","5.46","10.00","1.05","11.00","1.23","4.33","1.70","2.20","2.66","1.50","4.80","1.20","2.12","1.72"
"13970","09-03-25 16:15","Spain","LaLiga","2024/2025","Real Madrid","Rayo Vallecano","1.31","5.74","10.90","1.02","17.00","1.19","5.00","1.56","2.50","2.37","1.62","4.14","1.25","1.83","1.98"
"13971","09-03-25 14:00","Spain","LaLiga","2024/2025","Getafe","Atl. Madrid","5.14","3.26","1.89","1.12","6.84","1.51","2.63","2.54","1.54","5.15","1.18","10.70","1.06","2.16","1.70"
"13972","08-03-25 18:30","Spain","LaLiga","2024/2025","Valencia","Valladolid","1.45","4.64","7.94","1.07","9.47","1.30","3.68","1.90","2.01","3.27","1.36","6.23","1.14","2.06","1.76"
"13973","08-03-25 16:15","Spain","LaLiga","2024/2025","Alaves","Villarreal","3.23","3.20","2.45","1.10","7.62","1.45","2.86","2.47","1.61","4.36","1.23","8.90","1.08","1.83","1.98"
"13974","08-03-25 14:00","Spain","LaLiga","2024/2025","Celta Vigo","Leganes","1.60","4.09","6.15","1.06","10.00","1.34","3.40","2.13","1.80","3.67","1.30","7.54","1.10","2.02","1.80"
"13975","02-03-25 21:00","Spain","LaLiga","2024/2025","Osasuna","Valencia","2.30","3.30","3.42","1.03","8.49","1.35","2.99","2.24","1.76","3.82","1.23","8.99","1.03","1.85","1.91"
"13976","02-03-25 18:30","Spain","LaLiga","2024/2025","Mallorca","Alaves","2.53","3.08","3.23","1.13","6.32","1.69","2.32","3.09","1.39","6.73","1.12","13.50","1.03","2.33","1.61"
"13977","02-03-25 16:15","Spain","LaLiga","2024/2025","Barcelona","Real Sociedad","1.28","6.27","11.50","1.02","17.90","1.15","5.79","1.47","2.77","2.16","1.73","3.61","1.31","1.90","1.90"
"13978","02-03-25 14:00","Spain","LaLiga","2024/2025","Leganes","Getafe","3.33","2.75","2.85","1.15","4.95","1.80","2.17","3.22","1.31","6.75","1.05","17.00","1.01","2.44","1.53"
"13979","01-03-25 21:00","Spain","LaLiga","2024/2025","Atl. Madrid","Ath Bilbao","2.10","3.41","3.85","1.07","9.47","1.34","3.37","2.14","1.80","3.94","1.27","8.05","1.09","1.89","1.92"
"13980","01-03-25 18:30","Spain","LaLiga","2024/2025","Betis","Real Madrid","4.05","3.86","1.90","1.02","15.80","1.21","4.74","1.59","2.42","2.35","1.63","4.26","1.24","1.54","2.49"
"13981","01-03-25 16:15","Spain","LaLiga","2024/2025","Rayo Vallecano","Sevilla","2.74","3.06","2.94","1.12","6.84","1.47","2.77","2.45","1.58","4.57","1.22","10.70","1.06","1.96","1.85"
"13982","01-03-25 14:00","Spain","LaLiga","2024/2025","Girona","Celta Vigo","2.21","3.34","3.59","1.06","10.50","1.35","3.34","2.10","1.82","3.61","1.31","7.43","1.10","1.72","2.12"
"13983","28-02-25 21:00","Spain","LaLiga","2024/2025","Valladolid","Las Palmas","3.17","3.25","2.46","1.09","8.00","1.41","3.00","2.37","1.62","4.48","1.22","9.26","1.07","1.90","1.90"
"13984","24-02-25 21:00","Spain","LaLiga","2024/2025","Sevilla","Mallorca","1.94","3.31","4.67","1.10","7.37","1.47","2.77","2.45","1.58","4.57","1.22","9.52","1.07","2.06","1.76"
"13985","23-02-25 21:00","Spain","LaLiga","2024/2025","Real Sociedad","Leganes","1.63","3.80","6.59","1.10","7.55","1.53","2.59","2.52","1.55","4.76","1.20","9.85","1.06","2.22","1.66"
"13986","23-02-25 18:30","Spain","LaLiga","2024/2025","Getafe","Betis","3.14","2.98","2.66","1.15","5.79","1.69","2.32","2.91","1.43","6.23","1.14","13.50","1.03","2.22","1.66"
"13987","23-02-25 16:15","Spain","LaLiga","2024/2025","Real Madrid","Girona","1.32","6.39","8.61","1.01","27.00","1.13","6.50","1.37","3.20","1.99","1.91","3.24","1.37","1.68","2.18"
"13988","23-02-25 14:00","Spain","LaLiga","2024/2025","Ath Bilbao","Valladolid","1.22","6.59","16.60","1.05","11.60","1.21","4.74","1.64","2.32","2.54","1.54","4.57","1.22","2.33","1.61"
"13989","22-02-25 21:00","Spain","LaLiga","2024/2025","Las Palmas","Barcelona","10.50","7.82","1.24","1.01","26.00","1.09","8.42","1.30","3.68","1.82","2.10","2.73","1.48","1.65","2.24"
"13990","22-02-25 18:30","Spain","LaLiga","2024/2025","Valencia","Atl. Madrid","4.35","3.37","1.98","1.09","8.42","1.38","3.16","2.26","1.67","4.26","1.24","8.82","1.08","1.96","1.85"
"13991","22-02-25 16:15","Spain","LaLiga","2024/2025","Rayo Vallecano","Villarreal","2.82","3.33","2.66","1.06","10.50","1.27","3.95","1.90","2.01","3.27","1.36","6.23","1.14","1.68","2.18"
"13992","22-02-25 14:00","Spain","LaLiga","2024/2025","Alaves","Espanyol","1.92","3.17","5.16","1.15","5.79","1.59","2.42","2.91","1.43","6.23","1.14","11.90","1.05","2.44","1.56"
"13993","21-02-25 21:00","Spain","LaLiga","2024/2025","Celta Vigo","Osasuna","1.74","3.80","5.13","1.05","11.00","1.32","3.50","1.99","1.91","3.43","1.34","6.54","1.13","1.83","1.98"
"13994","17-02-25 21:00","Spain","LaLiga","2024/2025","Barcelona","Rayo Vallecano","1.23","7.09","12.70","1.01","29.00","1.12","6.84","1.34","3.37","1.90","2.01","2.91","1.43","1.76","2.06"
"13995","16-02-25 21:00","Spain","LaLiga","2024/2025","Betis","Real Sociedad","2.46","3.25","3.17","1.10","7.37","1.44","2.90","2.35","1.63","4.57","1.22","9.52","1.07","1.96","1.85"
"13996","16-02-25 18:30","Spain","LaLiga","2024/2025","Mallorca","Las Palmas","1.80","3.64","5.01","1.09","8.42","1.38","3.16","2.24","1.73","3.94","1.27","8.05","1.09","2.02","1.80"
"13997","16-02-25 16:15","Spain","LaLiga","2024/2025","Valladolid","Sevilla","4.27","3.49","1.96","1.09","8.42","1.44","2.90","2.26","1.67","4.26","1.24","8.82","1.08","2.02","1.80"
"13998","16-02-25 14:00","Spain","LaLiga","2024/2025","Espanyol","Ath Bilbao","5.34","3.69","1.74","1.09","8.42","1.38","3.16","2.24","1.73","4.26","1.24","8.82","1.08","2.02","1.80"
"13999","15-02-25 21:00","Spain","LaLiga","2024/2025","Villarreal","Valencia","1.74","3.87","5.10","1.05","11.60","1.25","4.21","1.82","2.10","2.91","1.43","5.71","1.15","1.72","2.12"
"14000","15-02-25 18:30","Spain","LaLiga","2024/2025","Atl. Madrid","Celta Vigo","1.43","4.64","8.69","1.05","11.60","1.25","4.21","1.82","2.10","2.91","1.43","5.71","1.15","1.96","1.85"
"14001","15-02-25 16:15","Spain","LaLiga","2024/2025","Osasuna","Real Madrid","6.76","4.88","1.48","1.01","21.00","1.15","5.79","1.44","2.90","2.14","1.80","3.50","1.33","1.60","2.34"
"14002","15-02-25 14:00","Spain","LaLiga","2024/2025","Leganes","Alaves","3.54","3.07","2.37","1.15","5.71","1.71","2.19","3.22","1.37","6.31","1.13","13.10","1.04","2.22","1.66"
"14003","14-02-25 21:00","Spain","LaLiga","2024/2025","Girona","Getafe","1.93","3.18","5.07","1.13","6.32","1.56","2.50","2.73","1.48","5.71","1.15","11.90","1.05","2.22","1.66"
"14004","10-02-25 21:00","Spain","LaLiga","2024/2025","Mallorca","Osasuna","2.38","3.10","3.47","1.12","6.84","1.47","2.77","2.54","1.54","5.15","1.18","10.70","1.06","2.02","1.80"
"14005","09-02-25 21:00","Spain","LaLiga","2024/2025","Sevilla","Barcelona","6.60","4.92","1.48","1.01","21.00","1.15","5.79","1.44","2.90","2.14","1.80","3.50","1.33","1.57","2.41"
"14006","09-02-25 18:30","Spain","LaLiga","2024/2025","Real Sociedad","Espanyol","1.67","3.74","6.07","1.12","6.67","1.52","2.62","2.60","1.53","5.05","1.18","10.50","1.06","2.22","1.66"
"14007","09-02-25 16:15","Spain","LaLiga","2024/2025","Valencia","Leganes","1.78","3.56","5.33","1.11","7.00","1.48","2.75","2.47","1.57","4.80","1.20","9.99","1.06","2.06","1.76"
"14008","09-02-25 14:00","Spain","LaLiga","2024/2025","Alaves","Getafe","2.40","2.86","3.78","1.18","5.26","1.82","2.10","3.27","1.36","7.18","1.11","14.40","1.03","2.58","1.50"
"14009","08-02-25 21:00","Spain","LaLiga","2024/2025","Real Madrid","Atl. Madrid","1.95","3.85","3.89","1.02","16.00","1.20","4.79","1.58","2.45","2.52","1.55","4.53","1.22","1.56","2.43"
"14010","08-02-25 18:30","Spain","LaLiga","2024/2025","Las Palmas","Villarreal","5.64","4.10","1.64","1.03","14.30","1.24","4.29","1.77","2.10","2.81","1.46","5.05","1.18","1.68","2.18"
"14011","08-02-25 16:15","Spain","LaLiga","2024/2025","Ath Bilbao","Girona","1.74","3.69","5.34","1.07","9.47","1.31","3.58","2.03","1.88","3.50","1.33","7.18","1.11","1.83","1.98"
"14012","08-02-25 14:00","Spain","LaLiga","2024/2025","Celta Vigo","Betis","2.18","3.45","3.55","1.05","11.00","1.32","3.50","1.99","1.91","3.43","1.34","7.06","1.11","1.72","2.12"
"14013","07-02-25 21:00","Spain","LaLiga","2024/2025","Rayo Vallecano","Valladolid","1.45","4.44","8.86","1.07","9.47","1.31","3.58","2.03","1.88","3.61","1.31","7.18","1.11","2.33","1.61"
"14014","03-02-25 21:00","Spain","LaLiga","2024/2025","Girona","Las Palmas","1.54","4.62","6.17","1.03","13.70","1.25","4.21","1.74","2.21","2.73","1.48","5.15","1.18","1.83","1.98"
"14015","02-02-25 21:00","Spain","LaLiga","2024/2025","Betis","Ath Bilbao","3.09","3.40","2.42","1.09","8.42","1.38","3.16","2.24","1.73","4.26","1.24","8.82","1.08","1.90","1.90"
"14016","02-02-25 18:30","Spain","LaLiga","2024/2025","Osasuna","Real Sociedad","3.08","3.10","2.61","1.09","7.37","1.47","2.77","2.45","1.58","4.57","1.22","10.70","1.01","2.02","1.80"
"14017","02-02-25 16:15","Spain","LaLiga","2024/2025","Valencia","Celta Vigo","2.32","3.10","3.61","1.09","8.42","1.38","3.16","2.26","1.67","4.26","1.24","8.82","1.08","1.90","1.90"
"14018","02-02-25 14:00","Spain","LaLiga","2024/2025","Barcelona","Alaves","1.18","8.58","15.80","1.01","26.00","1.09","8.42","1.27","3.95","1.64","2.32","2.45","1.58","1.72","2.12"
"14019","01-02-25 21:00","Spain","LaLiga","2024/2025","Espanyol","Real Madrid","9.69","5.88","1.32","1.02","15.80","1.18","5.26","1.47","2.77","2.16","1.73","3.94","1.27","1.76","2.06"
"14020","01-02-25 18:30","Spain","LaLiga","2024/2025","Atl. Madrid","Mallorca","1.52","4.19","7.53","1.09","8.42","1.38","3.16","2.16","1.73","4.26","1.24","8.82","1.08","2.33","1.61"
"14021","01-02-25 16:15","Spain","LaLiga","2024/2025","Villarreal","Valladolid","1.23","7.69","11.80","1.02","25.00","1.14","6.00","1.41","3.00","2.13","1.80","3.24","1.37","1.93","1.74"
"14022","01-02-25 14:00","Spain","LaLiga","2024/2025","Getafe","Sevilla","2.88","2.88","2.97","1.15","5.79","1.59","2.42","2.91","1.43","6.23","1.14","11.90","1.05","2.14","1.71"
"14023","31-01-25 21:00","Spain","LaLiga","2024/2025","Leganes","Rayo Vallecano","3.53","3.08","2.37","1.12","6.84","1.47","2.77","2.45","1.58","4.57","1.22","10.70","1.06","1.96","1.85"
"14024","27-01-25 21:00","Spain","LaLiga","2024/2025","Alaves","Celta Vigo","2.38","3.19","3.37","1.09","8.42","1.38","3.16","2.26","1.67","4.26","1.24","8.82","1.08","1.89","1.92"
"14025","26-01-25 21:00","Spain","LaLiga","2024/2025","Barcelona","Valencia","1.25","7.00","11.80","1.01","22.00","1.13","6.32","1.38","3.16","2.03","1.88","3.27","1.36","1.89","1.92"
"14026","26-01-25 18:30","Spain","LaLiga","2024/2025","Ath Bilbao","Leganes","1.41","4.61","9.75","1.09","8.42","1.34","3.37","2.14","1.80","3.61","1.31","7.18","1.11","2.44","1.56"
"14027","26-01-25 16:15","Spain","LaLiga","2024/2025","Real Sociedad","Getafe","1.94","2.98","5.62","1.18","5.26","1.82","2.10","3.50","1.33","7.18","1.11","15.50","1.03","2.71","1.46"
"14028","26-01-25 14:00","Spain","LaLiga","2024/2025","Rayo Vallecano","Girona","2.69","3.15","2.94","1.09","8.42","1.38","3.16","2.24","1.73","3.94","1.27","8.05","1.09","1.81","2.00"
"14029","25-01-25 21:00","Spain","LaLiga","2024/2025","Valladolid","Real Madrid","13.00","6.79","1.24","1.02","17.90","1.15","5.79","1.47","2.77","2.16","1.73","3.61","1.31","1.96","1.85"
"14030","25-01-25 18:30","Spain","LaLiga","2024/2025","Sevilla","Espanyol","1.77","3.59","5.34","1.10","7.62","1.45","2.86","2.47","1.61","4.36","1.23","8.90","1.08","2.02","1.80"
"14031","25-01-25 16:15","Spain","LaLiga","2024/2025","Atl. Madrid","Villarreal","2.01","3.58","3.95","1.05","11.60","1.25","4.21","1.82","2.10","3.09","1.39","5.71","1.15","1.68","2.18"
"14032","25-01-25 14:00","Spain","LaLiga","2024/2025","Mallorca","Betis","2.20","3.07","3.99","1.14","6.19","1.61","2.38","2.81","1.46","5.70","1.16","11.80","1.05","2.05","1.78"
"14033","24-01-25 21:00","Spain","LaLiga","2024/2025","Las Palmas","Osasuna","2.65","3.18","2.96","1.08","9.00","1.34","3.40","2.24","1.73","3.79","1.29","7.54","1.10","1.76","2.06"
"14034","20-01-25 21:00","Spain","LaLiga","2024/2025","Villarreal","Mallorca","1.70","3.77","5.63","1.06","10.50","1.27","3.95","1.90","2.01","3.09","1.39","6.23","1.14","1.81","2.00"
"14035","19-01-25 21:00","Spain","LaLiga","2024/2025","Valencia","Real Sociedad","3.24","2.96","2.60","1.18","5.29","1.74","2.22","3.25","1.36","7.15","1.11","14.30","1.03","2.43","1.56"
"14036","19-01-25 18:30","Spain","LaLiga","2024/2025","Osasuna","Rayo Vallecano","2.30","3.17","3.57","1.10","7.33","1.38","3.14","2.26","1.66","4.28","1.24","8.86","1.08","1.90","1.90"
"14037","19-01-25 16:15","Spain","LaLiga","2024/2025","Real Madrid","Las Palmas","1.19","7.58","17.60","1.02","17.80","1.14","6.28","1.38","3.14","2.04","1.87","3.29","1.36","1.96","1.85"
"14038","19-01-25 14:00","Spain","LaLiga","2024/2025","Celta Vigo","Ath Bilbao","3.46","3.38","2.24","1.07","9.42","1.31","3.56","2.04","1.87","3.62","1.30","7.22","1.11","1.75","2.07"
"14039","18-01-25 21:00","Spain","LaLiga","2024/2025","Getafe","Barcelona","7.11","4.46","1.50","1.05","11.60","1.25","4.21","1.82","2.10","2.91","1.43","5.71","1.15","1.83","1.98"
"14040","18-01-25 18:30","Spain","LaLiga","2024/2025","Betis","Alaves","1.89","3.51","4.64","1.09","8.00","1.41","3.00","2.35","1.67","4.14","1.25","8.45","1.09","1.96","1.85"
"14041","18-01-25 16:15","Spain","LaLiga","2024/2025","Leganes","Atl. Madrid","7.15","4.22","1.57","1.02","8.80","1.35","2.99","2.24","1.76","3.92","1.22","8.00","1.03","2.23","1.62"
"14042","18-01-25 14:00","Spain","LaLiga","2024/2025","Girona","Sevilla","1.92","3.49","4.49","1.07","9.42","1.31","3.56","2.04","1.87","3.51","1.32","6.76","1.12","1.79","2.03"
"14043","17-01-25 21:00","Spain","LaLiga","2024/2025","Espanyol","Valladolid","1.86","3.32","5.16","1.12","6.81","1.48","2.75","2.46","1.58","4.59","1.22","9.56","1.07","2.16","1.70"
"14044","13-01-25 21:00","Spain","LaLiga","2024/2025","Real Sociedad","Villarreal","2.00","3.49","4.10","1.06","10.00","1.32","3.50","1.99","1.91","3.43","1.34","7.06","1.11","1.76","2.06"
"14045","12-01-25 16:15","Spain","LaLiga","2024/2025","Atl. Madrid","Osasuna","1.33","5.21","11.90","1.06","10.50","1.27","3.93","1.91","2.00","3.10","1.39","6.26","1.14","2.22","1.66"
"14046","12-01-25 14:00","Spain","LaLiga","2024/2025","Las Palmas","Getafe","2.46","2.82","3.72","1.20","4.78","1.82","2.10","3.20","1.37","6.85","1.12","14.80","1.03","2.22","1.66"
"14047","11-01-25 21:00","Spain","LaLiga","2024/2025","Sevilla","Valencia","2.15","3.28","3.84","1.10","7.33","1.44","2.88","2.36","1.62","4.59","1.22","9.56","1.07","1.96","1.85"
"14048","11-01-25 18:30","Spain","LaLiga","2024/2025","Espanyol","Leganes","2.24","2.93","4.13","1.14","6.00","1.61","2.38","2.86","1.45","5.41","1.17","12.50","1.04","2.16","1.70"
"14049","11-01-25 16:15","Spain","LaLiga","2024/2025","Valladolid","Betis","5.10","3.73","1.77","1.07","9.42","1.31","3.56","2.14","1.79","3.62","1.30","7.22","1.11","1.94","1.86"
"14050","11-01-25 14:00","Spain","LaLiga","2024/2025","Alaves","Girona","3.30","3.17","2.43","1.09","8.38","1.38","3.14","2.25","1.72","4.28","1.24","8.86","1.08","1.90","1.90"
"14051","10-01-25 21:00","Spain","LaLiga","2024/2025","Rayo Vallecano","Celta Vigo","2.96","3.26","2.59","1.09","8.38","1.34","3.35","2.25","1.72","3.96","1.27","8.09","1.09","1.83","1.98"
"14052","03-01-25 21:00","Spain","LaLiga","2024/2025","Valencia","Real Madrid","7.64","4.87","1.44","1.03","13.70","1.22","4.56","1.64","2.32","2.54","1.54","4.57","1.22","1.75","2.07"
"14053","22-12-24 21:00","Spain","LaLiga","2024/2025","Betis","Rayo Vallecano","1.74","3.84","5.12","1.06","10.50","1.31","3.56","2.04","1.87","3.62","1.30","7.22","1.11","1.90","1.90"
"14054","22-12-24 18:30","Spain","LaLiga","2024/2025","Las Palmas","Espanyol","2.10","3.38","3.88","1.10","7.33","1.44","2.88","2.36","1.62","4.59","1.22","9.56","1.07","2.02","1.80"
"14055","22-12-24 18:30","Spain","LaLiga","2024/2025","Leganes","Villarreal","4.43","3.56","1.90","1.06","10.50","1.30","3.66","2.04","1.87","3.29","1.36","6.76","1.12","1.76","2.06"
"14056","22-12-24 16:15","Spain","LaLiga","2024/2025","Real Madrid","Sevilla","1.27","6.69","10.70","1.02","24.00","1.12","6.81","1.38","3.14","2.04","1.87","3.10","1.39","1.72","2.12"
"14057","22-12-24 14:00","Spain","LaLiga","2024/2025","Valencia","Alaves","2.06","3.30","4.10","1.10","7.33","1.44","2.88","2.36","1.62","4.59","1.22","9.56","1.07","2.02","1.80"
"14058","21-12-24 21:00","Spain","LaLiga","2024/2025","Barcelona","Atl. Madrid","2.03","3.80","3.65","1.02","18.10","1.17","5.32","1.55","2.53","2.33","1.63","4.22","1.24","1.51","2.55"
"14059","21-12-24 18:30","Spain","LaLiga","2024/2025","Osasuna","Ath Bilbao","4.52","3.19","2.02","1.10","7.37","1.47","2.77","2.45","1.58","4.57","1.22","10.70","1.06","2.06","1.76"
"14060","21-12-24 16:15","Spain","LaLiga","2024/2025","Celta Vigo","Real Sociedad","2.85","3.05","2.84","1.13","6.32","1.56","2.50","2.73","1.48","5.15","1.18","11.90","1.05","2.06","1.76"
"14061","21-12-24 14:00","Spain","LaLiga","2024/2025","Getafe","Mallorca","2.45","2.60","4.20","1.25","4.19","1.91","2.00","3.96","1.27","8.86","1.08","17.90","1.02","2.70","1.47"
"14062","20-12-24 21:00","Spain","LaLiga","2024/2025","Girona","Valladolid","1.38","5.20","9.00","1.05","11.00","1.26","4.00","1.90","2.00","3.06","1.40","6.00","1.14","2.06","1.76"
"14063","18-12-24 21:30","Spain","LaLiga","2024/2025","Espanyol","Valencia","2.56","3.08","3.18","1.14","6.28","1.57","2.49","2.74","1.48","5.74","1.15","11.90","1.05","2.15","1.70"
"14064","18-12-24 21:30","Spain","LaLiga","2024/2025","Villarreal","Rayo Vallecano","1.80","3.80","4.72","1.05","11.50","1.25","4.19","1.83","2.10","2.93","1.43","5.74","1.15","1.72","2.12"
"14065","15-12-24 21:00","Spain","LaLiga","2024/2025","Barcelona","Leganes","1.12","10.40","23.00","1.01","26.00","1.06","10.00","1.23","4.33","1.65","2.30","2.37","1.62","1.98","1.83"
"14066","15-12-24 18:30","Spain","LaLiga","2024/2025","Real Sociedad","Las Palmas","1.34","5.46","9.96","1.06","10.50","1.30","3.66","1.91","2.00","3.29","1.36","6.76","1.12","2.43","1.56"
"14067","15-12-24 18:30","Spain","LaLiga","2024/2025","Villarreal","Betis","2.01","3.90","3.63","1.02","15.70","1.21","4.71","1.65","2.30","2.55","1.54","4.59","1.22","1.60","2.34"
"14068","15-12-24 16:15","Spain","LaLiga","2024/2025","Alaves","Ath Bilbao","4.29","3.21","2.06","1.12","6.84","1.51","2.63","2.54","1.54","5.15","1.18","10.70","1.06","2.16","1.70"
"14069","15-12-24 14:00","Spain","LaLiga","2024/2025","Atl. Madrid","Getafe","1.34","5.30","10.50","1.06","10.60","1.31","3.60","2.02","1.89","3.48","1.33","6.69","1.12","2.56","1.51"
"14070","14-12-24 21:00","Spain","LaLiga","2024/2025","Rayo Vallecano","Real Madrid","6.77","4.28","1.54","1.05","11.60","1.25","4.21","1.82","2.10","2.91","1.43","5.71","1.15","1.83","1.98"
"14071","14-12-24 18:30","Spain","LaLiga","2024/2025","Sevilla","Celta Vigo","2.66","3.17","2.96","1.09","8.38","1.34","3.35","2.25","1.72","3.96","1.27","8.09","1.09","1.83","1.98"
"14072","14-12-24 16:15","Spain","LaLiga","2024/2025","Mallorca","Girona","2.90","3.18","2.70","1.12","6.81","1.52","2.62","2.55","1.54","5.18","1.18","10.70","1.06","2.06","1.76"
"14073","14-12-24 14:00","Spain","LaLiga","2024/2025","Espanyol","Osasuna","2.87","3.25","2.67","1.09","8.38","1.38","3.14","2.26","1.66","4.28","1.24","8.86","1.08","1.90","1.90"
"14074","13-12-24 21:00","Spain","LaLiga","2024/2025","Valladolid","Valencia","3.35","3.22","2.37","1.10","7.37","1.44","2.90","2.35","1.63","4.57","1.22","9.52","1.07","1.96","1.85"
"14075","09-12-24 21:00","Spain","LaLiga","2024/2025","Getafe","Espanyol","1.88","2.98","6.15","1.18","5.24","1.69","2.30","3.10","1.39","6.76","1.12","13.50","1.03","2.58","1.50"
"14076","08-12-24 21:00","Spain","LaLiga","2024/2025","Atl. Madrid","Sevilla","1.40","4.86","9.21","1.05","11.50","1.27","3.93","1.91","2.00","3.29","1.36","6.26","1.14","2.16","1.70"
"14077","08-12-24 18:30","Spain","LaLiga","2024/2025","Osasuna","Alaves","2.22","3.14","3.82","1.12","6.81","1.52","2.62","2.55","1.54","5.18","1.18","10.70","1.06","2.06","1.76"
"14078","08-12-24 16:15","Spain","LaLiga","2024/2025","Ath Bilbao","Villarreal","1.85","3.68","4.59","1.06","10.50","1.30","3.66","1.91","2.00","3.29","1.36","6.76","1.12","1.76","2.06"
"14079","08-12-24 14:00","Spain","LaLiga","2024/2025","Leganes","Real Sociedad","5.71","3.12","1.87","1.18","5.24","1.69","2.30","3.10","1.39","6.76","1.12","13.50","1.03","2.58","1.50"
"14080","07-12-24 21:00","Spain","LaLiga","2024/2025","Girona","Real Madrid","4.59","4.11","1.76","1.02","17.80","1.18","5.24","1.52","2.62","2.26","1.66","3.96","1.27","1.53","2.53"
"14081","07-12-24 18:30","Spain","LaLiga","2024/2025","Valencia","Rayo Vallecano","2.24","3.05","3.90","1.14","6.28","1.52","2.62","2.55","1.54","5.18","1.18","10.70","1.06","2.06","1.76"
"14082","07-12-24 16:15","Spain","LaLiga","2024/2025","Betis","Barcelona","5.69","4.92","1.54","1.02","24.00","1.13","6.35","1.38","3.18","2.02","1.89","3.07","1.40","1.49","2.64"
"14083","07-12-24 14:00","Spain","LaLiga","2024/2025","Las Palmas","Valladolid","1.64","3.89","6.10","1.07","9.42","1.31","3.56","2.04","1.87","3.62","1.30","7.22","1.11","1.96","1.85"
"14084","06-12-24 21:00","Spain","LaLiga","2024/2025","Celta Vigo","Mallorca","1.92","3.33","4.79","1.10","7.33","1.48","2.75","2.46","1.58","4.59","1.22","9.56","1.07","2.16","1.70"
"14085","04-12-24 21:00","Spain","LaLiga","2024/2025","Ath Bilbao","Real Madrid","3.69","3.37","2.16","1.05","11.00","1.26","4.00","1.90","2.00","3.06","1.40","6.00","1.14","1.65","2.24"
"14086","03-12-24 19:00","Spain","LaLiga","2024/2025","Mallorca","Barcelona","5.74","4.21","1.62","1.03","13.60","1.25","4.19","1.83","2.10","2.93","1.43","5.74","1.15","1.75","2.07"
"14087","02-12-24 21:00","Spain","LaLiga","2024/2025","Sevilla","Osasuna","2.05","3.49","3.92","1.09","8.38","1.38","3.14","2.25","1.72","4.28","1.24","8.86","1.08","1.96","1.85"
"14088","01-12-24 21:00","Spain","LaLiga","2024/2025","Real Sociedad","Betis","1.73","3.84","5.18","1.09","8.38","1.38","3.14","2.25","1.72","3.96","1.27","8.09","1.09","2.06","1.76"
"14089","01-12-24 18:30","Spain","LaLiga","2024/2025","Rayo Vallecano","Ath Bilbao","3.42","3.17","2.37","1.12","6.81","1.52","2.62","2.55","1.54","5.18","1.18","10.70","1.06","2.06","1.76"
"14090","01-12-24 16:15","Spain","LaLiga","2024/2025","Real Madrid","Getafe","1.33","5.37","11.20","1.05","11.50","1.22","4.54","1.75","2.20","2.74","1.48","5.18","1.18","2.06","1.76"
"14091","01-12-24 14:00","Spain","LaLiga","2024/2025","Villarreal","Girona","1.83","3.86","4.47","1.03","15.00","1.22","4.50","1.65","2.30","2.57","1.54","4.48","1.22","1.57","2.41"
"14092","30-11-24 21:00","Spain","LaLiga","2024/2025","Valladolid","Atl. Madrid","7.40","4.82","1.46","1.05","11.50","1.30","3.66","1.91","2.00","3.29","1.36","6.26","1.14","2.06","1.76"
"14093","30-11-24 18:30","Spain","LaLiga","2024/2025","Espanyol","Celta Vigo","3.63","3.33","2.20","1.09","8.38","1.34","3.35","2.25","1.72","3.96","1.27","8.09","1.09","1.83","1.98"
"14094","30-11-24 16:15","Spain","LaLiga","2024/2025","Alaves","Leganes","1.86","3.17","5.67","1.15","5.76","1.69","2.30","2.93","1.43","6.26","1.14","13.50","1.03","2.58","1.50"
"14095","30-11-24 14:00","Spain","LaLiga","2024/2025","Barcelona","Las Palmas","1.15","9.59","16.60","1.01","34.00","1.08","8.49","1.29","3.77","1.78","2.08","2.73","1.48","1.88","1.92"
"14096","29-11-24 21:00","Spain","LaLiga","2024/2025","Mallorca","Valencia","2.24","2.86","4.26","1.18","5.26","1.74","2.21","3.27","1.36","7.18","1.11","14.40","1.03","2.58","1.50"
"14097","24-11-24 21:00","Spain","LaLiga","2024/2025","Ath Bilbao","Real Sociedad","2.34","2.97","3.75","1.12","6.88","1.47","2.78","2.53","1.55","5.13","1.18","10.60","1.06","2.01","1.81"
"14098","24-11-24 18:30","Spain","LaLiga","2024/2025","Leganes","Real Madrid","9.40","5.31","1.36","1.05","11.50","1.25","4.19","1.75","2.20","2.74","1.48","5.18","1.18","2.01","1.81"
"14099","24-11-24 16:15","Spain","LaLiga","2024/2025","Sevilla","Rayo Vallecano","2.05","3.35","4.11","1.09","8.38","1.38","3.14","2.26","1.66","4.28","1.24","8.86","1.08","1.96","1.85"
"14100","24-11-24 14:00","Spain","LaLiga","2024/2025","Osasuna","Villarreal","2.78","3.38","2.67","1.05","11.50","1.25","4.19","1.91","2.00","3.10","1.39","6.26","1.14","1.65","2.24"
"14101","23-11-24 21:00","Spain","LaLiga","2024/2025","Celta Vigo","Barcelona","4.71","4.19","1.73","1.01","20.00","1.15","5.76","1.48","2.75","2.17","1.73","3.62","1.30","1.49","2.64"
"14102","23-11-24 18:30","Spain","LaLiga","2024/2025","Girona","Espanyol","1.69","3.78","5.82","1.08","9.00","1.37","3.20","2.24","1.73","4.14","1.25","8.45","1.09","2.02","1.80"
"14103","23-11-24 18:30","Spain","LaLiga","2024/2025","Las Palmas","Mallorca","2.94","3.00","2.80","1.13","6.50","1.56","2.50","2.66","1.50","5.41","1.17","11.20","1.05","2.10","1.74"
"14104","23-11-24 16:15","Spain","LaLiga","2024/2025","Atl. Madrid","Alaves","1.47","4.43","7.94","1.07","9.42","1.34","3.35","2.14","1.79","3.62","1.30","7.22","1.11","2.22","1.66"
"14105","23-11-24 14:00","Spain","LaLiga","2024/2025","Valencia","Betis","2.63","3.05","3.10","1.10","7.33","1.48","2.75","2.46","1.58","4.59","1.22","9.56","1.07","1.96","1.85"
"14106","22-11-24 21:00","Spain","LaLiga","2024/2025","Getafe","Valladolid","1.70","3.57","6.10","1.12","6.81","1.52","2.62","2.55","1.54","5.18","1.18","10.70","1.06","2.44","1.56"
"14107","10-11-24 21:00","Spain","LaLiga","2024/2025","Real Sociedad","Barcelona","4.15","3.80","1.90","1.03","13.60","1.22","4.54","1.75","2.20","2.74","1.48","5.18","1.18","1.65","2.24"
"14108","10-11-24 18:30","Spain","LaLiga","2024/2025","Getafe","Girona","2.66","2.98","3.14","1.16","5.50","1.75","2.20","3.06","1.40","6.54","1.13","14.10","1.03","2.22","1.66"
"14109","10-11-24 18:30","Spain","LaLiga","2024/2025","Valladolid","Ath Bilbao","4.63","3.35","1.94","1.09","8.38","1.38","3.14","2.26","1.66","4.28","1.24","8.86","1.08","1.96","1.85"
"14110","10-11-24 16:15","Spain","LaLiga","2024/2025","Mallorca","Atl. Madrid","3.54","3.02","2.40","1.14","6.28","1.52","2.62","2.55","1.54","5.18","1.18","10.70","1.06","2.02","1.80"
"14111","10-11-24 14:00","Spain","LaLiga","2024/2025","Betis","Celta Vigo","2.18","3.23","3.80","1.07","9.42","1.31","3.56","2.04","1.87","3.51","1.32","7.22","1.11","1.76","2.06"
"14112","09-11-24 21:00","Spain","LaLiga","2024/2025","Leganes","Sevilla","3.34","3.10","2.45","1.12","6.81","1.52","2.62","2.55","1.54","5.18","1.18","10.70","1.06","2.06","1.76"
"14113","09-11-24 16:15","Spain","LaLiga","2024/2025","Villarreal","Alaves","1.58","4.02","6.67","1.05","11.50","1.25","4.19","1.83","2.10","2.93","1.43","5.74","1.15","1.76","2.06"
"14114","09-11-24 14:00","Spain","LaLiga","2024/2025","Real Madrid","Osasuna","1.27","6.27","12.00","1.01","22.00","1.15","5.82","1.43","2.91","2.12","1.81","3.48","1.33","1.75","2.07"
"14115","08-11-24 21:00","Spain","LaLiga","2024/2025","Rayo Vallecano","Las Palmas","1.89","3.41","4.82","1.10","7.33","1.38","3.14","2.26","1.66","4.28","1.24","8.86","1.08","2.02","1.80"
"14116","04-11-24 21:00","Spain","LaLiga","2024/2025","Celta Vigo","Getafe","2.08","3.10","4.41","1.13","6.38","1.58","2.45","2.88","1.44","5.66","1.16","11.80","1.05","2.22","1.66"
"14117","03-11-24 21:00","Spain","LaLiga","2024/2025","Ath Bilbao","Betis","1.86","3.71","4.48","1.07","9.57","1.36","3.26","2.23","1.74","3.96","1.27","7.90","1.10","1.90","1.90"
"14118","03-11-24 18:30","Spain","LaLiga","2024/2025","Sevilla","Real Sociedad","3.46","3.26","2.30","1.10","7.33","1.44","2.88","2.36","1.62","4.59","1.22","9.56","1.07","1.96","1.85"
"14119","03-11-24 16:15","Spain","LaLiga","2024/2025","Barcelona","Espanyol","1.15","8.81","19.50","1.01","25.00","1.07","9.42","1.25","4.19","1.65","2.30","2.46","1.58","1.76","2.06"
"14120","03-11-24 14:00","Spain","LaLiga","2024/2025","Atl. Madrid","Las Palmas","1.36","5.31","9.40","1.03","13.60","1.21","4.71","1.65","2.30","2.55","1.54","4.59","1.22","1.90","1.90"
"14121","02-11-24 16:15","Spain","LaLiga","2024/2025","Girona","Leganes","1.72","3.53","6.06","1.10","7.33","1.38","3.14","2.26","1.66","4.28","1.24","8.86","1.08","2.06","1.76"
"14122","02-11-24 14:00","Spain","LaLiga","2024/2025","Osasuna","Valladolid","1.72","3.69","5.57","1.08","9.00","1.34","3.40","2.24","1.73","3.79","1.29","7.54","1.10","2.04","1.78"
"14123","01-11-24 21:00","Spain","LaLiga","2024/2025","Alaves","Mallorca","2.40","3.05","3.50","1.15","5.76","1.69","2.30","2.93","1.43","6.26","1.14","13.50","1.03","2.22","1.66"
"14124","28-10-24 21:00","Spain","LaLiga","2024/2025","Mallorca","Ath Bilbao","2.66","3.14","2.97","1.12","6.84","1.51","2.63","2.54","1.54","5.15","1.18","10.70","1.06","2.05","1.78"
"14125","27-10-24 21:00","Spain","LaLiga","2024/2025","Real Sociedad","Osasuna","1.68","3.89","5.66","1.09","8.38","1.38","3.14","2.25","1.72","4.28","1.24","8.86","1.08","2.15","1.70"
"14126","27-10-24 18:30","Spain","LaLiga","2024/2025","Betis","Atl. Madrid","3.81","3.38","2.12","1.07","9.42","1.34","3.35","2.14","1.79","3.96","1.27","8.09","1.09","1.86","1.94"
"14127","27-10-24 16:15","Spain","LaLiga","2024/2025","Getafe","Valencia","2.06","2.95","4.88","1.19","5.00","1.82","2.10","3.43","1.34","7.54","1.10","15.10","1.03","2.58","1.50"
"14128","27-10-24 14:00","Spain","LaLiga","2024/2025","Leganes","Celta Vigo","3.92","3.36","2.09","1.09","8.38","1.44","2.88","2.26","1.66","4.28","1.24","8.86","1.08","1.96","1.85"
"14129","26-10-24 21:00","Spain","LaLiga","2024/2025","Real Madrid","Barcelona","2.03","4.30","3.29","1.01","19.50","1.12","6.84","1.38","3.16","2.03","1.88","3.09","1.39","1.39","3.00"
"14130","26-10-24 18:30","Spain","LaLiga","2024/2025","Las Palmas","Girona","2.67","3.28","2.85","1.06","10.50","1.30","3.66","2.04","1.87","3.29","1.36","6.76","1.12","1.72","2.12"
"14131","26-10-24 16:15","Spain","LaLiga","2024/2025","Rayo Vallecano","Alaves","2.03","3.19","4.48","1.12","6.81","1.52","2.62","2.55","1.54","5.18","1.18","10.70","1.06","2.16","1.70"
"14132","26-10-24 14:00","Spain","LaLiga","2024/2025","Valladolid","Villarreal","4.05","3.70","1.94","1.05","11.50","1.27","3.93","1.91","2.00","3.10","1.39","6.26","1.14","1.72","2.12"
"14133","25-10-24 21:00","Spain","LaLiga","2024/2025","Espanyol","Sevilla","2.98","3.28","2.57","1.07","9.42","1.38","3.14","2.25","1.72","3.96","1.27","8.09","1.09","1.90","1.90"
"14134","21-10-24 21:00","Spain","LaLiga","2024/2025","Valencia","Las Palmas","1.86","3.49","4.80","1.09","8.38","1.38","3.14","2.26","1.66","4.28","1.24","8.86","1.08","1.96","1.85"
"14135","20-10-24 21:00","Spain","LaLiga","2024/2025","Barcelona","Sevilla","1.30","6.48","9.04","1.02","26.00","1.14","6.28","1.38","3.14","2.04","1.87","3.29","1.36","1.71","2.13"
"14136","20-10-24 18:30","Spain","LaLiga","2024/2025","Villarreal","Getafe","1.85","3.56","4.77","1.07","9.42","1.38","3.14","2.25","1.72","3.96","1.27","8.09","1.09","1.96","1.85"
"14137","20-10-24 16:15","Spain","LaLiga","2024/2025","Atl. Madrid","Leganes","1.43","4.44","9.60","1.07","9.42","1.31","3.56","2.14","1.79","3.62","1.30","7.22","1.11","2.33","1.61"
"14138","20-10-24 14:00","Spain","LaLiga","2024/2025","Mallorca","Rayo Vallecano","2.11","3.19","4.11","1.12","6.81","1.57","2.49","2.74","1.48","5.74","1.15","11.90","1.05","2.22","1.66"
"14139","19-10-24 21:00","Spain","LaLiga","2024/2025","Celta Vigo","Real Madrid","5.73","4.62","1.56","1.02","17.90","1.21","4.74","1.59","2.42","2.45","1.58","4.26","1.24","1.68","2.18"
"14140","19-10-24 18:30","Spain","LaLiga","2024/2025","Girona","Real Sociedad","2.68","3.23","2.88","1.09","7.95","1.43","2.95","2.25","1.68","4.36","1.23","9.63","1.06","1.96","1.85"
"14141","19-10-24 16:15","Spain","LaLiga","2024/2025","Osasuna","Betis","2.45","3.32","3.11","1.09","8.38","1.38","3.14","2.26","1.66","4.28","1.24","8.86","1.08","1.90","1.90"
"14142","19-10-24 14:00","Spain","LaLiga","2024/2025","Ath Bilbao","Espanyol","1.43","4.49","9.12","1.07","9.42","1.30","3.66","1.91","2.00","3.29","1.36","6.76","1.12","2.16","1.70"
"14143","18-10-24 21:00","Spain","LaLiga","2024/2025","Alaves","Valladolid","1.61","3.96","6.32","1.08","9.00","1.41","3.00","2.35","1.67","4.14","1.25","8.45","1.09","2.16","1.70"
"14144","06-10-24 21:00","Spain","LaLiga","2024/2025","Real Sociedad","Atl. Madrid","2.97","3.18","2.64","1.10","7.33","1.48","2.75","2.46","1.58","4.59","1.22","9.56","1.07","1.96","1.85"
"14145","06-10-24 18:30","Spain","LaLiga","2024/2025","Sevilla","Betis","2.76","3.27","2.76","1.07","9.42","1.34","3.35","2.25","1.72","3.96","1.27","8.09","1.09","1.83","1.98"
"14146","06-10-24 16:15","Spain","LaLiga","2024/2025","Alaves","Barcelona","4.65","4.37","1.70","1.02","15.70","1.21","4.71","1.60","2.41","2.46","1.58","4.28","1.24","1.60","2.34"
"14147","06-10-24 14:00","Spain","LaLiga","2024/2025","Girona","Ath Bilbao","2.47","3.37","3.04","1.06","10.50","1.30","3.66","2.04","1.87","3.29","1.36","6.76","1.12","1.72","2.12"
"14148","05-10-24 21:00","Spain","LaLiga","2024/2025","Real Madrid","Villarreal","1.27","6.98","10.00","1.01","14.90","1.10","7.37","1.30","3.68","1.82","2.10","2.73","1.48","1.65","2.24"
"14149","05-10-24 18:30","Spain","LaLiga","2024/2025","Las Palmas","Celta Vigo","4.07","3.72","1.94","1.03","13.60","1.25","4.19","1.83","2.10","2.93","1.43","5.74","1.15","1.68","2.18"
"14150","05-10-24 18:30","Spain","LaLiga","2024/2025","Valladolid","Rayo Vallecano","3.65","3.09","2.31","1.12","6.81","1.52","2.62","2.55","1.54","5.18","1.18","10.70","1.06","2.06","1.76"
"14151","05-10-24 16:15","Spain","LaLiga","2024/2025","Getafe","Osasuna","2.14","3.15","4.07","1.14","6.28","1.60","2.41","2.93","1.43","5.74","1.15","11.90","1.05","2.22","1.66"
"14152","05-10-24 14:00","Spain","LaLiga","2024/2025","Espanyol","Mallorca","3.71","3.07","2.30","1.18","5.26","1.70","2.20","3.20","1.37","6.28","1.14","13.10","1.04","2.20","1.67"
"14153","04-10-24 21:00","Spain","LaLiga","2024/2025","Leganes","Valencia","3.04","2.86","2.84","1.17","5.32","1.73","2.23","3.24","1.37","6.66","1.12","14.30","1.03","2.33","1.61"
"14154","30-09-24 21:00","Spain","LaLiga","2024/2025","Villarreal","Las Palmas","1.55","4.85","5.56","1.01","19.50","1.15","5.79","1.47","2.77","2.16","1.73","3.61","1.31","1.60","2.34"
"14155","29-09-24 21:00","Spain","LaLiga","2024/2025","Atl. Madrid","Real Madrid","3.03","3.21","2.57","1.07","9.42","1.31","3.56","2.04","1.87","3.51","1.32","7.22","1.11","1.71","2.13"
"14156","29-09-24 18:30","Spain","LaLiga","2024/2025","Betis","Espanyol","1.54","4.19","7.15","1.06","10.50","1.30","3.66","1.91","2.00","3.29","1.36","6.26","1.14","1.96","1.85"
"14157","29-09-24 16:15","Spain","LaLiga","2024/2025","Ath Bilbao","Sevilla","1.71","3.76","5.56","1.07","9.42","1.31","3.56","2.04","1.87","3.62","1.30","7.22","1.11","1.96","1.85"
"14158","29-09-24 14:00","Spain","LaLiga","2024/2025","Celta Vigo","Girona","2.65","3.58","2.67","1.03","13.60","1.25","4.19","1.83","2.10","2.93","1.43","5.74","1.15","1.60","2.34"
"14159","28-09-24 21:00","Spain","LaLiga","2024/2025","Osasuna","Barcelona","4.90","3.69","1.80","1.02","15.70","1.21","4.71","1.60","2.41","2.46","1.58","4.59","1.22","1.57","2.41"
"14160","28-09-24 18:30","Spain","LaLiga","2024/2025","Real Sociedad","Valencia","1.83","3.35","5.37","1.14","6.28","1.57","2.49","2.74","1.48","5.74","1.15","11.90","1.05","2.33","1.61"
"14161","28-09-24 16:15","Spain","LaLiga","2024/2025","Rayo Vallecano","Leganes","1.87","3.17","5.56","1.15","5.76","1.60","2.41","2.93","1.43","5.74","1.15","11.90","1.05","2.44","1.56"
"14162","28-09-24 14:00","Spain","LaLiga","2024/2025","Getafe","Alaves","2.57","2.88","3.39","1.19","5.00","1.82","2.10","3.43","1.34","7.54","1.10","15.10","1.03","2.44","1.56"
"14163","27-09-24 21:00","Spain","LaLiga","2024/2025","Valladolid","Mallorca","3.46","2.96","2.48","1.15","5.76","1.69","2.30","2.93","1.43","6.26","1.14","13.50","1.03","2.22","1.66"
"14164","26-09-24 21:00","Spain","LaLiga","2024/2025","Celta Vigo","Atl. Madrid","4.22","3.62","1.93","1.05","11.50","1.27","3.93","1.91","2.00","3.29","1.36","6.26","1.14","1.71","2.13"
"14165","26-09-24 19:00","Spain","LaLiga","2024/2025","Espanyol","Villarreal","3.63","3.58","2.10","1.05","11.50","1.25","4.19","1.83","2.10","2.93","1.43","5.74","1.15","1.65","2.24"
"14166","26-09-24 19:00","Spain","LaLiga","2024/2025","Las Palmas","Betis","3.90","3.36","2.10","1.07","9.42","1.30","3.66","2.04","1.87","3.29","1.36","6.76","1.12","1.72","2.12"
"14167","25-09-24 21:00","Spain","LaLiga","2024/2025","Barcelona","Getafe","1.22","7.49","13.30","1.02","17.90","1.21","4.74","1.59","2.42","2.54","1.54","4.57","1.22","2.06","1.77"
"14168","25-09-24 19:00","Spain","LaLiga","2024/2025","Girona","Rayo Vallecano","1.70","3.95","5.25","1.05","11.00","1.32","3.50","1.99","1.91","3.43","1.34","7.06","1.11","1.83","1.98"
"14169","24-09-24 21:00","Spain","LaLiga","2024/2025","Real Madrid","Alaves","1.18","8.06","16.70","1.02","18.00","1.15","5.82","1.47","2.78","2.14","1.74","3.59","1.31","2.16","1.70"
"14170","24-09-24 19:00","Spain","LaLiga","2024/2025","Sevilla","Valladolid","1.63","3.91","6.14","1.07","9.47","1.31","3.58","2.03","1.88","3.61","1.31","7.18","1.11","1.96","1.85"
"14171","24-09-24 19:00","Spain","LaLiga","2024/2025","Valencia","Osasuna","2.01","3.22","4.51","1.13","6.32","1.56","2.50","2.73","1.48","5.71","1.15","11.90","1.05","2.21","1.66"
"14172","23-09-24 21:00","Spain","LaLiga","2024/2025","Betis","Mallorca","1.86","3.27","5.35","1.13","6.32","1.56","2.50","2.73","1.48","5.15","1.18","11.90","1.05","2.22","1.66"
"14173","22-09-24 21:00","Spain","LaLiga","2024/2025","Rayo Vallecano","Atl. Madrid","5.72","3.58","1.74","1.09","8.42","1.38","3.16","2.24","1.73","3.94","1.27","8.05","1.09","2.02","1.80"
"14174","22-09-24 18:30","Spain","LaLiga","2024/2025","Villarreal","Barcelona","4.09","3.89","1.89","1.01","22.00","1.14","6.28","1.44","2.88","2.04","1.87","3.29","1.36","1.41","2.94"
"14175","22-09-24 16:15","Spain","LaLiga","2024/2025","Ath Bilbao","Celta Vigo","1.84","3.46","5.01","1.07","9.47","1.27","3.95","1.90","2.01","3.09","1.39","6.23","1.14","1.76","2.06"
"14176","22-09-24 14:00","Spain","LaLiga","2024/2025","Getafe","Leganes","2.03","2.78","5.63","1.25","4.19","1.91","2.00","3.96","1.27","8.86","1.08","17.00","1.02","2.92","1.41"
"14177","21-09-24 21:00","Spain","LaLiga","2024/2025","Real Madrid","Espanyol","1.14","9.25","23.00","1.02","28.00","1.12","6.81","1.34","3.35","1.91","2.00","2.93","1.43","2.06","1.76"
"14178","21-09-24 18:30","Spain","LaLiga","2024/2025","Valencia","Girona","2.54","3.39","3.07","1.03","7.00","1.36","2.75","2.33","1.71","3.88","1.19","7.20","1.02","1.92","1.84"
"14179","21-09-24 16:15","Spain","LaLiga","2024/2025","Osasuna","Las Palmas","1.82","3.69","4.77","1.06","10.00","1.34","3.40","2.13","1.80","3.67","1.30","7.06","1.11","1.83","1.98"
"14180","21-09-24 14:00","Spain","LaLiga","2024/2025","Valladolid","Real Sociedad","4.52","3.08","2.06","1.12","6.81","1.52","2.62","2.55","1.54","5.18","1.18","10.70","1.06","2.16","1.70"
"14181","20-09-24 21:00","Spain","LaLiga","2024/2025","Alaves","Sevilla","2.17","3.19","3.91","1.09","8.38","1.38","3.14","2.26","1.66","4.28","1.24","8.86","1.08","1.90","1.90"
"14182","19-09-24 19:00","Spain","LaLiga","2024/2025","Leganes","Ath Bilbao","4.39","3.06","2.10","1.15","5.76","1.60","2.41","2.74","1.48","5.74","1.15","11.90","1.05","2.22","1.66"
"14183","18-09-24 19:00","Spain","LaLiga","2024/2025","Betis","Getafe","1.87","3.17","5.56","1.13","6.32","1.51","2.63","2.54","1.54","5.15","1.18","10.70","1.06","2.22","1.66"
"14184","17-09-24 19:00","Spain","LaLiga","2024/2025","Mallorca","Real Sociedad","3.08","2.62","3.08","1.22","4.54","1.91","2.00","3.62","1.30","8.09","1.09","15.60","1.03","2.56","1.51"
"14185","16-09-24 21:00","Spain","LaLiga","2024/2025","Rayo Vallecano","Osasuna","2.18","3.26","3.75","1.10","7.37","1.47","2.77","2.54","1.54","5.15","1.18","10.70","1.06","2.15","1.70"
"14186","15-09-24 21:00","Spain","LaLiga","2024/2025","Atl. Madrid","Valencia","1.39","4.60","10.50","1.06","10.00","1.29","3.75","1.99","1.91","3.24","1.37","6.54","1.13","2.15","1.70"
"14187","15-09-24 18:30","Spain","LaLiga","2024/2025","Las Palmas","Ath Bilbao","4.29","3.49","1.96","1.09","8.38","1.38","3.14","2.25","1.72","3.96","1.27","8.09","1.09","1.90","1.90"
"14188","15-09-24 16:15","Spain","LaLiga","2024/2025","Girona","Barcelona","4.71","4.19","1.73","1.01","22.00","1.14","6.00","1.48","2.75","2.13","1.80","3.43","1.34","1.48","2.68"
"14189","15-09-24 14:00","Spain","LaLiga","2024/2025","Celta Vigo","Valladolid","1.65","3.92","5.88","1.05","11.50","1.25","4.19","1.83","2.10","2.93","1.43","5.74","1.15","1.79","2.03"
"14190","14-09-24 21:00","Spain","LaLiga","2024/2025","Real Sociedad","Real Madrid","5.19","3.80","1.74","1.06","10.50","1.30","3.68","2.03","1.88","3.50","1.33","6.73","1.12","1.82","1.99"
"14191","14-09-24 18:30","Spain","LaLiga","2024/2025","Sevilla","Getafe","2.24","3.07","3.86","1.12","6.81","1.52","2.62","2.74","1.48","5.18","1.18","10.70","1.06","2.06","1.76"
"14192","14-09-24 16:15","Spain","LaLiga","2024/2025","Espanyol","Alaves","2.95","3.05","2.74","1.13","6.50","1.56","2.50","2.66","1.50","5.41","1.17","11.20","1.05","2.15","1.70"
"14193","14-09-24 14:00","Spain","LaLiga","2024/2025","Mallorca","Villarreal","2.46","3.30","3.12","1.09","8.38","1.34","3.35","2.25","1.72","3.96","1.27","8.09","1.09","1.83","1.98"
"14194","13-09-24 21:00","Spain","LaLiga","2024/2025","Betis","Leganes","1.68","3.57","6.38","1.10","7.33","1.48","2.75","2.46","1.58","4.59","1.22","9.56","1.07","2.22","1.66"
"14195","01-09-24 21:30","Spain","LaLiga","2024/2025","Real Madrid","Betis","1.24","6.79","13.00","1.02","16.30","1.20","4.78","1.61","2.39","2.48","1.57","4.33","1.23","1.90","1.90"
"14196","01-09-24 19:15","Spain","LaLiga","2024/2025","Getafe","Real Sociedad","3.29","2.80","2.70","1.18","5.24","1.83","2.10","3.51","1.32","7.22","1.11","15.60","1.03","2.44","1.56"
"14197","01-09-24 19:00","Spain","LaLiga","2024/2025","Sevilla","Girona","2.94","3.84","2.33","1.02","15.70","1.22","4.54","1.75","2.20","2.74","1.48","5.18","1.18","1.60","2.34"
"14198","01-09-24 17:00","Spain","LaLiga","2024/2025","Alaves","Las Palmas","1.78","3.72","4.99","1.09","8.38","1.38","3.14","2.17","1.73","4.28","1.24","8.86","1.08","2.06","1.76"
"14199","01-09-24 17:00","Spain","LaLiga","2024/2025","Osasuna","Celta Vigo","2.55","3.34","2.94","1.07","9.42","1.31","3.56","2.04","1.87","3.51","1.32","7.22","1.11","1.76","2.06"
"14200","31-08-24 21:30","Spain","LaLiga","2024/2025","Leganes","Mallorca","2.86","2.81","3.07","1.18","5.24","1.83","2.10","3.51","1.32","7.22","1.11","14.50","1.03","2.44","1.56"
"14201","31-08-24 21:30","Spain","LaLiga","2024/2025","Valencia","Villarreal","2.78","3.33","2.70","1.06","10.50","1.31","3.56","2.04","1.87","3.62","1.30","7.22","1.11","1.76","2.06"
"14202","31-08-24 19:15","Spain","LaLiga","2024/2025","Espanyol","Rayo Vallecano","2.95","3.05","2.75","1.14","6.28","1.60","2.41","2.74","1.48","5.74","1.15","11.90","1.05","2.16","1.70"
"14203","31-08-24 19:00","Spain","LaLiga","2024/2025","Ath Bilbao","Atl. Madrid","2.89","3.38","2.57","1.07","9.42","1.31","3.56","2.14","1.79","3.62","1.30","7.22","1.11","1.76","2.06"
"14204","31-08-24 17:00","Spain","LaLiga","2024/2025","Barcelona","Valladolid","1.22","7.28","14.00","1.02","27.00","1.13","6.50","1.37","3.20","1.99","1.91","3.24","1.37","1.90","1.90"
"14205","29-08-24 21:30","Spain","LaLiga","2024/2025","Las Palmas","Real Madrid","8.88","5.54","1.36","1.02","17.80","1.21","4.71","1.57","2.49","2.46","1.58","4.28","1.24","2.06","1.76"
"14206","29-08-24 19:00","Spain","LaLiga","2024/2025","Girona","Osasuna","1.70","4.04","5.09","1.05","11.00","1.26","4.00","1.90","2.00","3.24","1.37","6.00","1.14","1.76","2.06"
"14207","28-08-24 21:30","Spain","LaLiga","2024/2025","Atl. Madrid","Espanyol","1.28","5.79","13.60","1.07","9.42","1.27","3.93","1.83","2.10","3.10","1.39","5.74","1.15","2.44","1.56"
"14208","28-08-24 21:30","Spain","LaLiga","2024/2025","Real Sociedad","Alaves","1.62","3.82","6.61","1.09","8.38","1.38","3.14","2.26","1.66","4.28","1.24","8.86","1.08","2.26","1.64"
"14209","28-08-24 19:00","Spain","LaLiga","2024/2025","Ath Bilbao","Valencia","1.74","3.77","5.27","1.07","9.47","1.34","3.37","2.14","1.80","3.94","1.27","8.05","1.09","1.95","1.86"
"14210","28-08-24 19:00","Spain","LaLiga","2024/2025","Valladolid","Leganes","2.17","3.09","4.05","1.14","6.28","1.57","2.49","2.74","1.48","5.74","1.15","11.90","1.05","2.16","1.70"
"14211","27-08-24 21:30","Spain","LaLiga","2024/2025","Rayo Vallecano","Barcelona","5.48","3.92","1.69","1.05","11.50","1.25","4.19","1.83","2.10","3.10","1.39","5.74","1.15","1.76","2.06"
"14212","27-08-24 19:00","Spain","LaLiga","2024/2025","Mallorca","Sevilla","2.38","3.33","3.23","1.09","8.38","1.38","3.14","2.26","1.66","4.28","1.24","8.86","1.08","1.90","1.90"
"14213","26-08-24 21:30","Spain","LaLiga","2024/2025","Villarreal","Celta Vigo","1.68","4.27","5.01","1.02","17.90","1.21","4.74","1.56","2.50","2.45","1.58","4.26","1.24","1.60","2.34"
"14214","25-08-24 21:30","Spain","LaLiga","2024/2025","Atl. Madrid","Girona","1.52","4.61","6.43","1.02","15.70","1.21","4.71","1.60","2.41","2.46","1.58","4.28","1.24","1.68","2.18"
"14215","25-08-24 19:15","Spain","LaLiga","2024/2025","Alaves","Betis","2.58","3.06","3.17","1.14","6.00","1.61","2.38","2.86","1.45","6.00","1.14","12.50","1.04","2.16","1.70"
"14216","25-08-24 19:00","Spain","LaLiga","2024/2025","Leganes","Las Palmas","2.51","3.08","3.26","1.13","6.50","1.56","2.50","2.66","1.50","5.41","1.17","11.20","1.05","2.06","1.76"
"14217","25-08-24 17:00","Spain","LaLiga","2024/2025","Real Madrid","Valladolid","1.14","10.10","19.70","1.02","28.00","1.12","6.81","1.34","3.35","1.91","2.00","3.10","1.39","2.18","1.68"
"14218","24-08-24 21:30","Spain","LaLiga","2024/2025","Espanyol","Real Sociedad","4.12","3.26","2.08","1.12","6.88","1.51","2.65","2.53","1.55","5.13","1.18","10.60","1.06","2.16","1.70"
"14219","24-08-24 21:30","Spain","LaLiga","2024/2025","Getafe","Rayo Vallecano","2.59","2.86","3.40","1.21","4.71","1.83","2.10","3.29","1.36","7.22","1.11","14.50","1.03","2.43","1.56"
"14220","24-08-24 19:00","Spain","LaLiga","2024/2025","Barcelona","Ath Bilbao","1.61","4.45","5.39","1.02","15.70","1.21","4.71","1.60","2.41","2.55","1.54","4.59","1.22","1.68","2.18"
"14221","24-08-24 17:00","Spain","LaLiga","2024/2025","Osasuna","Mallorca","2.42","3.28","3.22","1.10","7.33","1.48","2.75","2.46","1.58","5.18","1.18","10.70","1.06","2.06","1.76"
"14222","23-08-24 21:30","Spain","LaLiga","2024/2025","Sevilla","Villarreal","2.30","3.68","3.09","1.03","13.60","1.22","4.54","1.75","2.20","2.74","1.48","5.18","1.18","1.59","2.35"
"14223","23-08-24 19:00","Spain","LaLiga","2024/2025","Celta Vigo","Valencia","2.23","3.45","3.43","1.06","10.50","1.31","3.56","2.04","1.87","3.62","1.30","7.22","1.11","1.75","2.07"
"14224","19-08-24 21:30","Spain","LaLiga","2024/2025","Villarreal","Atl. Madrid","3.62","3.66","2.08","1.05","11.50","1.25","4.19","1.83","2.10","2.93","1.43","5.74","1.15","1.65","2.24"
"14225","19-08-24 19:00","Spain","LaLiga","2024/2025","Valladolid","Espanyol","2.39","2.89","3.76","1.15","5.76","1.57","2.49","2.74","1.48","5.74","1.15","11.90","1.05","2.16","1.70"
"14226","18-08-24 21:30","Spain","LaLiga","2024/2025","Mallorca","Real Madrid","8.19","4.87","1.42","1.05","11.60","1.25","4.21","1.82","2.10","2.91","1.43","5.71","1.15","2.02","1.80"
"14227","18-08-24 19:00","Spain","LaLiga","2024/2025","Real Sociedad","Rayo Vallecano","1.78","3.38","5.84","1.14","6.28","1.52","2.62","2.55","1.54","5.18","1.18","10.70","1.06","2.33","1.61"
"14228","17-08-24 21:30","Spain","LaLiga","2024/2025","Valencia","Barcelona","4.55","3.76","1.83","1.03","13.60","1.27","3.93","1.83","2.10","3.10","1.39","6.26","1.14","1.72","2.12"
"14229","17-08-24 19:00","Spain","LaLiga","2024/2025","Osasuna","Leganes","1.86","3.29","5.32","1.14","6.28","1.57","2.49","2.74","1.48","5.74","1.15","11.90","1.05","2.33","1.61"
"14230","16-08-24 21:30","Spain","LaLiga","2024/2025","Las Palmas","Sevilla","2.71","3.37","2.74","1.07","9.42","1.34","3.35","2.14","1.79","3.62","1.30","8.09","1.09","1.76","2.06"
"14231","16-08-24 19:00","Spain","LaLiga","2024/2025","Celta Vigo","Alaves","2.11","3.18","4.14","1.10","7.33","1.44","2.88","2.26","1.66","4.28","1.24","8.86","1.08","1.96","1.85"
"14232","15-08-24 21:30","Spain","LaLiga","2024/2025","Betis","Girona","2.34","3.47","3.16","1.05","11.50","1.27","3.93","1.91","2.00","3.29","1.36","6.26","1.14","1.68","2.18"
"14233","15-08-24 19:00","Spain","LaLiga","2024/2025","Ath Bilbao","Getafe","1.61","3.65","7.40","1.12","6.84","1.47","2.77","2.54","1.54","5.15","1.18","10.70","1.06","2.44","1.56"
"124","26-05-24 21:00","Spain","LaLiga","2023/2024","Sevilla","Barcelona","5.03","4.27","1.67","1.01","20.00","1.16","5.67","1.49","2.70","2.20","1.70","3.68","1.30","1.55","2.46"
"126","26-05-24 16:15","Spain","LaLiga","2023/2024","Las Palmas","Alaves","2.35","3.58","3.07","1.05","11.00","1.29","3.75","1.99","1.91","3.24","1.37","6.54","1.13","1.66","2.22"
"504","26-05-24 16:15","Spain","LaLiga","2023/2024","Celta Vigo","Valencia","1.93","3.80","4.03","1.04","13.00","1.26","4.00","1.82","2.10","3.06","1.40","5.41","1.17","1.66","2.22"
"127","26-05-24 14:00","Spain","LaLiga","2023/2024","Getafe","Mallorca","2.35","3.28","3.33","1.11","7.22","1.45","2.84","2.40","1.60","4.66","1.21","9.70","1.06","2.04","1.78"
"128","25-05-24 21:00","Spain","LaLiga","2023/2024","Real Madrid","Betis","1.31","6.17","9.59","1.01","14.90","1.09","8.00","1.34","3.40","1.90","2.00","2.86","1.45","1.74","2.10"
"129","25-05-24 18:30","Spain","LaLiga","2023/2024","Almeria","Cadiz CF","2.18","3.88","3.17","1.03","15.50","1.23","4.47","1.78","2.17","2.78","1.46","5.25","1.18","1.61","2.31"
"130","25-05-24 18:30","Spain","LaLiga","2023/2024","Rayo Vallecano","Ath Bilbao","3.37","3.30","2.33","1.09","8.29","1.35","3.32","2.17","1.78","4.00","1.26","8.17","1.09","1.85","1.96"
"131","25-05-24 16:15","Spain","LaLiga","2023/2024","Real Sociedad","Atl. Madrid","2.69","3.38","2.76","1.05","11.30","1.28","3.87","1.94","1.97","3.15","1.38","6.35","1.13","1.66","2.22"
"132","25-05-24 14:00","Spain","LaLiga","2023/2024","Osasuna","Villarreal","2.67","3.70","2.59","1.01","20.00","1.18","5.18","1.53","2.59","2.29","1.66","4.00","1.26","1.45","2.76"
"133","24-05-24 21:00","Spain","LaLiga","2023/2024","Girona","Granada CF","1.25","7.09","11.70","1.01","16.50","1.09","8.00","1.32","3.50","1.90","2.00","2.86","1.45","1.70","2.16"
"134","19-05-24 19:00","Spain","LaLiga","2023/2024","Ath Bilbao","Sevilla","1.59","4.28","5.93","1.04","13.00","1.23","4.33","1.82","2.10","2.86","1.45","5.41","1.17","1.83","1.98"
"135","19-05-24 19:00","Spain","LaLiga","2023/2024","Atl. Madrid","Osasuna","1.34","5.30","10.40","1.03","13.40","1.23","4.47","1.66","2.27","2.78","1.46","5.25","1.18","2.06","1.76"
"136","19-05-24 19:00","Spain","LaLiga","2023/2024","Barcelona","Rayo Vallecano","1.36","5.64","8.51","1.01","21.00","1.16","5.50","1.48","2.75","2.24","1.73","3.67","1.30","1.78","2.04"
"137","19-05-24 19:00","Spain","LaLiga","2023/2024","Betis","Real Sociedad","3.38","2.97","2.51","1.12","6.70","1.49","2.70","2.59","1.53","5.25","1.18","10.90","1.06","2.04","1.78"
"138","19-05-24 19:00","Spain","LaLiga","2023/2024","Cadiz CF","Las Palmas","1.91","3.47","4.55","1.09","8.00","1.48","2.75","2.37","1.62","4.48","1.22","9.26","1.07","2.10","1.74"
"139","19-05-24 19:00","Spain","LaLiga","2023/2024","Granada CF","Celta Vigo","3.99","3.56","2.01","1.05","11.00","1.29","3.75","1.99","1.91","3.43","1.34","6.54","1.13","1.78","2.04"
"140","19-05-24 19:00","Spain","LaLiga","2023/2024","Mallorca","Almeria","1.40","4.59","9.99","1.08","9.00","1.37","3.20","2.24","1.73","4.14","1.25","8.45","1.09","2.54","1.52"
"141","19-05-24 19:00","Spain","LaLiga","2023/2024","Valencia","Girona","3.88","3.82","1.96","1.03","13.40","1.23","4.47","1.78","2.17","2.78","1.46","5.25","1.18","1.63","2.28"
"142","19-05-24 19:00","Spain","LaLiga","2023/2024","Villarreal","Real Madrid","3.22","3.87","2.17","1.02","24.00","1.14","6.19","1.39","3.10","2.06","1.85","3.33","1.35","1.40","2.95"
"143","18-05-24 21:00","Spain","LaLiga","2023/2024","Alaves","Getafe","1.97","3.46","4.28","1.09","8.25","1.39","3.10","2.28","1.70","4.02","1.26","8.21","1.09","1.91","1.89"
"144","16-05-24 22:00","Spain","LaLiga","2023/2024","Real Sociedad","Valencia","1.50","4.32","7.42","1.09","8.25","1.35","3.30","2.18","1.77","4.02","1.26","8.21","1.09","2.35","1.59"
"145","16-05-24 21:30","Spain","LaLiga","2023/2024","Almeria","Barcelona","7.56","5.13","1.42","1.02","28.00","1.12","6.70","1.35","3.30","1.94","1.97","2.97","1.42","1.54","2.50"
"146","16-05-24 19:30","Spain","LaLiga","2023/2024","Las Palmas","Betis","3.40","3.33","2.29","1.09","8.29","1.35","3.32","2.17","1.78","4.00","1.26","8.17","1.09","1.85","1.96"
"147","15-05-24 22:00","Spain","LaLiga","2023/2024","Celta Vigo","Ath Bilbao","2.41","3.36","3.14","1.08","9.00","1.34","3.40","2.24","1.73","3.79","1.29","7.54","1.10","1.78","2.04"
"148","15-05-24 22:00","Spain","LaLiga","2023/2024","Getafe","Atl. Madrid","5.52","3.73","1.72","1.06","10.00","1.32","3.50","2.13","1.80","3.67","1.30","7.06","1.11","1.92","1.88"
"149","15-05-24 19:30","Spain","LaLiga","2023/2024","Rayo Vallecano","Granada CF","1.55","4.05","7.10","1.07","9.28","1.31","3.61","2.06","1.85","3.33","1.35","6.86","1.12","1.98","1.83"
"150","15-05-24 19:30","Spain","LaLiga","2023/2024","Sevilla","Cadiz CF","2.10","3.49","3.73","1.07","9.28","1.35","3.30","2.18","1.77","4.02","1.26","8.21","1.09","1.85","1.96"
"151","14-05-24 22:00","Spain","LaLiga","2023/2024","Girona","Villarreal","1.65","4.64","4.81","1.02","27.00","1.11","7.22","1.32","3.50","1.85","2.06","2.97","1.42","1.41","2.90"
"152","14-05-24 21:30","Spain","LaLiga","2023/2024","Real Madrid","Alaves","1.24","7.20","11.70","1.01","22.00","1.16","5.67","1.45","2.84","2.20","1.70","3.68","1.30","1.98","1.83"
"153","14-05-24 19:30","Spain","LaLiga","2023/2024","Osasuna","Mallorca","2.66","2.95","3.16","1.15","5.73","1.70","2.29","2.94","1.43","6.29","1.14","13.60","1.03","2.23","1.66"
"154","13-05-24 21:00","Spain","LaLiga","2023/2024","Barcelona","Real Sociedad","1.70","3.87","5.37","1.03","13.40","1.23","4.47","1.78","2.17","2.78","1.46","5.25","1.18","1.70","2.16"
"155","12-05-24 21:00","Spain","LaLiga","2023/2024","Betis","Almeria","1.44","5.39","6.67","1.02","19.50","1.19","5.00","1.56","2.50","2.37","1.62","4.14","1.25","1.78","2.04"
"156","12-05-24 18:30","Spain","LaLiga","2023/2024","Valencia","Rayo Vallecano","2.25","3.17","3.70","1.12","6.70","1.53","2.58","2.59","1.53","5.25","1.18","10.90","1.06","2.09","1.74"
"157","12-05-24 16:15","Spain","LaLiga","2023/2024","Atl. Madrid","Celta Vigo","1.43","4.75","8.21","1.03","15.50","1.18","5.15","1.58","2.45","2.40","1.60","4.35","1.23","1.74","2.10"
"158","12-05-24 14:00","Spain","LaLiga","2023/2024","Cadiz CF","Getafe","2.14","3.34","3.77","1.11","7.22","1.49","2.70","2.50","1.56","4.66","1.21","10.90","1.06","2.09","1.74"
"159","11-05-24 21:00","Spain","LaLiga","2023/2024","Ath Bilbao","Osasuna","1.44","4.60","8.36","1.07","9.28","1.31","3.61","1.94","1.97","3.33","1.35","6.86","1.12","2.18","1.69"
"160","11-05-24 18:30","Spain","LaLiga","2023/2024","Granada CF","Real Madrid","5.61","4.82","1.55","1.03","15.50","1.21","4.64","1.62","2.37","2.59","1.53","4.66","1.21","1.76","2.07"
"161","11-05-24 16:15","Spain","LaLiga","2023/2024","Villarreal","Sevilla","2.09","3.90","3.38","1.03","15.50","1.21","4.64","1.62","2.37","2.50","1.56","4.66","1.21","1.54","2.50"
"162","11-05-24 14:00","Spain","LaLiga","2023/2024","Mallorca","Las Palmas","1.66","3.67","6.40","1.12","6.70","1.49","2.70","2.50","1.56","5.25","1.18","10.90","1.06","2.35","1.59"
"163","10-05-24 21:00","Spain","LaLiga","2023/2024","Alaves","Girona","3.34","3.57","2.22","1.03","13.40","1.23","4.47","1.78","2.17","2.78","1.46","5.25","1.18","1.58","2.38"
"164","05-05-24 21:00","Spain","LaLiga","2023/2024","Rayo Vallecano","Almeria","1.70","3.87","5.44","1.06","10.30","1.31","3.61","2.06","1.85","3.56","1.31","6.86","1.12","1.92","1.88"
"165","05-05-24 21:00","Spain","LaLiga","2023/2024","Sevilla","Granada CF","1.71","4.07","5.01","1.05","11.30","1.28","3.87","1.94","1.97","3.33","1.35","6.35","1.13","1.85","1.96"
"166","05-05-24 18:30","Spain","LaLiga","2023/2024","Valencia","Alaves","2.18","3.25","3.78","1.12","6.70","1.49","2.70","2.50","1.56","5.25","1.18","10.90","1.06","2.04","1.78"
"167","05-05-24 16:15","Spain","LaLiga","2023/2024","Celta Vigo","Villarreal","2.79","3.70","2.49","1.03","14.60","1.23","4.37","1.69","2.23","2.65","1.50","4.95","1.19","1.54","2.50"
"168","05-05-24 14:00","Spain","LaLiga","2023/2024","Osasuna","Betis","3.43","3.31","2.29","1.09","8.29","1.39","3.11","2.29","1.66","4.33","1.23","8.95","1.08","1.92","1.88"
"169","04-05-24 21:00","Spain","LaLiga","2023/2024","Mallorca","Atl. Madrid","4.12","3.09","2.15","1.12","6.74","1.53","2.59","2.58","1.53","5.23","1.18","10.80","1.06","2.09","1.74"
"170","04-05-24 18:30","Spain","LaLiga","2023/2024","Girona","Barcelona","3.07","3.85","2.25","1.01","19.50","1.16","5.67","1.49","2.70","2.18","1.77","3.68","1.30","1.41","2.92"
"171","04-05-24 16:15","Spain","LaLiga","2023/2024","Real Madrid","Cadiz CF","1.39","4.86","9.59","1.05","11.30","1.28","3.87","1.94","1.97","3.33","1.35","6.35","1.13","2.18","1.69"
"172","04-05-24 14:00","Spain","LaLiga","2023/2024","Real Sociedad","Las Palmas","1.35","5.05","10.80","1.06","10.30","1.31","3.61","1.94","1.97","3.33","1.35","6.35","1.13","2.38","1.58"
"173","03-05-24 21:00","Spain","LaLiga","2023/2024","Getafe","Ath Bilbao","3.95","3.17","2.16","1.12","6.70","1.49","2.70","2.59","1.53","5.25","1.18","10.90","1.06","2.09","1.74"
"174","29-04-24 21:00","Spain","LaLiga","2023/2024","Barcelona","Valencia","1.36","5.64","8.51","1.01","22.00","1.16","5.50","1.48","2.75","2.24","1.73","3.67","1.30","1.70","2.16"
"175","28-04-24 21:00","Spain","LaLiga","2023/2024","Betis","Sevilla","1.98","3.52","4.14","1.07","9.28","1.32","3.50","2.18","1.77","3.68","1.30","7.32","1.10","1.85","1.96"
"176","28-04-24 18:30","Spain","LaLiga","2023/2024","Villarreal","Rayo Vallecano","1.80","3.80","4.70","1.06","10.70","1.34","3.40","2.06","1.86","3.54","1.32","7.28","1.10","1.85","1.96"
"177","28-04-24 16:15","Spain","LaLiga","2023/2024","Granada CF","Osasuna","2.43","3.09","3.38","1.11","7.22","1.45","2.84","2.40","1.60","4.66","1.21","9.70","1.06","1.98","1.83"
"178","28-04-24 14:00","Spain","LaLiga","2023/2024","Cadiz CF","Mallorca","2.81","2.86","3.07","1.19","5.00","1.82","2.10","3.43","1.34","7.54","1.10","15.10","1.03","2.46","1.55"
"179","27-04-24 21:00","Spain","LaLiga","2023/2024","Atl. Madrid","Ath Bilbao","1.94","3.45","4.41","1.07","9.28","1.35","3.30","2.18","1.77","3.68","1.30","7.32","1.10","1.85","1.96"
"180","27-04-24 18:30","Spain","LaLiga","2023/2024","Alaves","Celta Vigo","2.70","3.19","2.88","1.09","8.00","1.41","3.00","2.37","1.62","4.48","1.22","9.26","1.07","1.92","1.88"
"181","27-04-24 16:15","Spain","LaLiga","2023/2024","Almeria","Getafe","2.62","3.37","2.85","1.08","8.74","1.39","3.11","2.31","1.69","4.27","1.24","8.71","1.08","1.85","1.96"
"182","27-04-24 14:00","Spain","LaLiga","2023/2024","Las Palmas","Girona","5.04","4.11","1.70","1.03","13.40","1.23","4.47","1.66","2.27","2.78","1.46","5.25","1.18","1.70","2.16"
"183","26-04-24 21:00","Spain","LaLiga","2023/2024","Real Sociedad","Real Madrid","2.41","3.30","3.20","1.09","8.29","1.45","2.85","2.38","1.61","4.64","1.21","9.66","1.06","1.95","1.86"
"184","22-04-24 21:00","Spain","LaLiga","2023/2024","Sevilla","Mallorca","2.10","3.09","4.33","1.10","7.25","1.45","2.85","2.48","1.57","4.64","1.21","9.66","1.06","2.04","1.78"
"185","21-04-24 21:00","Spain","LaLiga","2023/2024","Real Madrid","Barcelona","1.79","4.27","4.19","1.02","24.00","1.16","5.67","1.49","2.70","2.18","1.77","3.68","1.30","1.50","2.61"
"186","21-04-24 18:30","Spain","LaLiga","2023/2024","Alaves","Atl. Madrid","4.75","3.65","1.83","1.09","8.25","1.39","3.10","2.30","1.65","4.35","1.23","8.99","1.08","2.04","1.78"
"187","21-04-24 16:15","Spain","LaLiga","2023/2024","Almeria","Villarreal","3.48","4.29","1.96","1.01","17.00","1.16","5.50","1.48","2.75","2.24","1.73","3.67","1.30","1.50","2.60"
"188","21-04-24 14:00","Spain","LaLiga","2023/2024","Getafe","Real Sociedad","3.82","3.07","2.26","1.14","6.19","1.58","2.45","2.78","1.46","5.82","1.15","12.10","1.05","2.18","1.69"
"189","20-04-24 21:00","Spain","LaLiga","2023/2024","Girona","Cadiz CF","1.43","4.87","7.98","1.04","13.00","1.23","4.33","1.82","2.10","2.86","1.45","5.41","1.17","1.92","1.88"
"190","20-04-24 18:30","Spain","LaLiga","2023/2024","Valencia","Betis","2.78","3.09","2.88","1.06","6.50","1.51","2.63","2.66","1.50","5.41","1.17","11.20","1.05","2.04","1.78"
"191","20-04-24 16:15","Spain","LaLiga","2023/2024","Rayo Vallecano","Osasuna","2.25","2.98","3.99","1.14","6.00","1.56","2.50","2.86","1.45","5.41","1.17","12.50","1.04","2.18","1.69"
"192","20-04-24 14:00","Spain","LaLiga","2023/2024","Celta Vigo","Las Palmas","1.70","3.91","5.40","1.05","11.30","1.28","3.87","1.94","1.97","3.15","1.38","6.35","1.13","1.85","1.96"
"193","19-04-24 21:00","Spain","LaLiga","2023/2024","Ath Bilbao","Granada CF","1.30","5.60","11.60","1.03","13.40","1.23","4.47","1.78","2.17","2.78","1.46","5.25","1.18","2.09","1.74"
"194","15-04-24 21:00","Spain","LaLiga","2023/2024","Osasuna","Valencia","2.43","3.09","3.38","1.14","6.22","1.53","2.59","2.58","1.53","5.23","1.18","10.80","1.06","2.09","1.74"
"195","14-04-24 21:00","Spain","LaLiga","2023/2024","Real Sociedad","Almeria","1.34","5.21","11.00","1.05","11.00","1.23","4.33","1.70","2.20","2.86","1.45","5.41","1.17","2.04","1.78"
"196","14-04-24 18:30","Spain","LaLiga","2023/2024","Ath Bilbao","Villarreal","1.63","4.34","5.42","1.03","15.00","1.23","4.33","1.70","2.20","2.86","1.45","5.41","1.17","1.74","2.10"
"197","14-04-24 16:15","Spain","LaLiga","2023/2024","Granada CF","Alaves","2.75","3.06","2.93","1.11","7.22","1.45","2.84","2.40","1.60","4.35","1.23","9.70","1.06","1.92","1.88"
"198","14-04-24 14:00","Spain","LaLiga","2023/2024","Las Palmas","Sevilla","2.88","3.38","2.58","1.06","10.30","1.31","3.61","2.06","1.85","3.56","1.31","6.86","1.12","1.74","2.10"
"199","13-04-24 21:00","Spain","LaLiga","2023/2024","Cadiz CF","Barcelona","3.89","3.50","2.05","1.06","10.30","1.32","3.50","2.06","1.85","3.56","1.31","6.86","1.12","1.78","2.04"
"200","13-04-24 18:30","Spain","LaLiga","2023/2024","Mallorca","Real Madrid","5.36","3.66","1.75","1.09","8.25","1.35","3.30","2.28","1.70","4.02","1.26","8.21","1.09","1.98","1.83"
"201","13-04-24 16:15","Spain","LaLiga","2023/2024","Rayo Vallecano","Getafe","2.42","3.05","3.46","1.14","6.19","1.53","2.58","2.59","1.53","5.25","1.18","10.90","1.06","2.12","1.73"
"202","13-04-24 14:00","Spain","LaLiga","2023/2024","Atl. Madrid","Girona","1.90","3.85","4.10","1.03","15.50","1.21","4.64","1.66","2.27","2.59","1.53","4.66","1.21","1.61","2.31"
"203","12-04-24 21:00","Spain","LaLiga","2023/2024","Betis","Celta Vigo","1.94","3.60","4.24","1.07","9.28","1.32","3.50","2.06","1.85","3.56","1.31","7.32","1.10","1.85","1.96"
"204","04-04-24 20:00","Spain","LaLiga","2023/2024","Granada CF","Valencia","3.41","3.07","2.43","1.09","8.25","1.35","3.30","2.28","1.70","4.02","1.26","8.21","1.09","1.85","1.96"
"205","01-04-24 21:00","Spain","LaLiga","2023/2024","Villarreal","Atl. Madrid","3.64","3.70","2.06","1.04","13.00","1.23","4.33","1.82","2.10","2.86","1.45","5.41","1.17","1.61","2.31"
"206","31-03-24 21:00","Spain","LaLiga","2023/2024","Real Madrid","Ath Bilbao","1.57","4.38","6.02","1.04","12.60","1.28","3.88","1.87","2.04","3.15","1.38","5.58","1.16","1.78","2.04"
"207","31-03-24 18:30","Spain","LaLiga","2023/2024","Alaves","Real Sociedad","4.24","3.05","2.14","1.14","6.22","1.58","2.46","2.77","1.47","5.79","1.15","12.10","1.05","2.18","1.69"
"208","31-03-24 16:15","Spain","LaLiga","2023/2024","Girona","Betis","1.75","4.07","4.69","1.03","15.50","1.21","4.64","1.66","2.27","2.59","1.53","4.66","1.21","1.63","2.28"
"209","31-03-24 14:00","Spain","LaLiga","2023/2024","Celta Vigo","Rayo Vallecano","1.91","3.56","4.40","1.06","10.30","1.31","3.61","2.06","1.85","3.33","1.35","6.86","1.12","1.78","2.04"
"210","30-03-24 21:00","Spain","LaLiga","2023/2024","Barcelona","Las Palmas","1.28","6.50","10.30","1.01","23.00","1.14","6.00","1.48","2.75","2.24","1.73","3.43","1.34","1.83","1.98"
"211","30-03-24 18:30","Spain","LaLiga","2023/2024","Valencia","Mallorca","2.13","3.09","4.24","1.14","6.19","1.62","2.37","2.97","1.42","5.82","1.15","12.10","1.05","2.25","1.65"
"212","30-03-24 16:15","Spain","LaLiga","2023/2024","Almeria","Osasuna","2.57","3.31","2.95","1.07","9.28","1.32","3.50","2.06","1.85","3.68","1.30","7.32","1.10","1.78","2.04"
"213","30-03-24 14:00","Spain","LaLiga","2023/2024","Getafe","Sevilla","2.67","3.05","3.05","1.11","7.22","1.45","2.84","2.40","1.60","4.66","1.21","9.70","1.06","1.98","1.83"
"214","29-03-24 21:00","Spain","LaLiga","2023/2024","Cadiz CF","Granada CF","1.93","3.29","4.80","1.12","6.74","1.53","2.59","2.58","1.53","5.23","1.18","10.80","1.06","2.25","1.65"
"215","17-03-24 21:00","Spain","LaLiga","2023/2024","Atl. Madrid","Barcelona","2.31","3.65","3.09","1.03","13.40","1.23","4.47","1.78","2.17","2.78","1.46","5.25","1.18","1.58","2.38"
"216","17-03-24 18:30","Spain","LaLiga","2023/2024","Rayo Vallecano","Betis","2.63","3.08","3.09","1.11","7.22","1.45","2.84","2.40","1.60","4.66","1.21","9.70","1.06","1.92","1.88"
"217","17-03-24 16:15","Spain","LaLiga","2023/2024","Las Palmas","Almeria","1.79","4.05","4.42","1.04","13.00","1.26","4.00","1.82","2.10","2.86","1.45","5.41","1.17","1.70","2.16"
"218","17-03-24 16:15","Spain","LaLiga","2023/2024","Villarreal","Valencia","2.22","3.40","3.50","1.07","9.28","1.32","3.50","2.06","1.85","3.56","1.31","7.32","1.10","1.78","2.04"
"219","17-03-24 14:00","Spain","LaLiga","2023/2024","Sevilla","Celta Vigo","1.95","3.56","4.22","1.05","11.40","1.28","3.89","1.93","1.98","3.32","1.35","6.32","1.13","1.74","2.10"
"220","16-03-24 21:00","Spain","LaLiga","2023/2024","Ath Bilbao","Alaves","1.62","3.69","7.01","1.10","7.25","1.39","3.11","2.29","1.66","4.33","1.23","8.95","1.08","2.18","1.69"
"221","16-03-24 18:30","Spain","LaLiga","2023/2024","Getafe","Girona","3.87","3.50","2.06","1.06","10.30","1.32","3.50","2.06","1.85","3.56","1.31","6.86","1.12","1.78","2.04"
"222","16-03-24 16:15","Spain","LaLiga","2023/2024","Osasuna","Real Madrid","7.00","4.65","1.49","1.05","11.30","1.28","3.87","1.85","2.06","3.15","1.38","5.82","1.15","1.98","1.83"
"223","16-03-24 14:00","Spain","LaLiga","2023/2024","Mallorca","Granada CF","1.88","3.49","5.08","1.06","6.50","1.48","2.47","2.65","1.57","4.80","1.15","9.40","1.01","2.28","1.60"
"224","15-03-24 21:00","Spain","LaLiga","2023/2024","Real Sociedad","Cadiz CF","1.45","4.22","9.84","1.11","7.22","1.45","2.84","2.30","1.65","4.35","1.23","8.99","1.08","2.60","1.50"
"225","11-03-24 21:00","Spain","LaLiga","2023/2024","Almeria","Sevilla","3.65","3.40","2.16","1.06","10.30","1.32","3.50","2.06","1.85","3.56","1.31","7.32","1.10","1.78","2.04"
"226","10-03-24 21:00","Spain","LaLiga","2023/2024","Betis","Villarreal","2.23","3.61","3.28","1.03","13.50","1.25","4.14","1.84","2.08","2.95","1.43","5.79","1.15","1.61","2.31"
"227","10-03-24 18:30","Spain","LaLiga","2023/2024","Real Madrid","Celta Vigo","1.36","5.41","9.22","1.03","15.00","1.19","5.00","1.61","2.38","2.47","1.57","4.48","1.22","1.90","1.90"
"228","10-03-24 16:15","Spain","LaLiga","2023/2024","Las Palmas","Ath Bilbao","5.00","3.57","1.82","1.09","8.25","1.35","3.30","2.18","1.77","4.02","1.26","8.21","1.09","1.92","1.88"
"229","10-03-24 14:00","Spain","LaLiga","2023/2024","Alaves","Rayo Vallecano","2.19","3.09","3.99","1.12","6.70","1.53","2.58","2.59","1.53","5.25","1.18","10.90","1.06","2.09","1.74"
"230","09-03-24 21:00","Spain","LaLiga","2023/2024","Girona","Osasuna","1.52","4.61","6.40","1.03","13.40","1.23","4.47","1.78","2.17","2.78","1.46","5.25","1.18","1.78","2.04"
"231","09-03-24 18:30","Spain","LaLiga","2023/2024","Granada CF","Real Sociedad","4.97","3.25","1.92","1.12","6.70","1.49","2.70","2.50","1.56","5.25","1.18","10.90","1.06","2.18","1.69"
"232","09-03-24 16:15","Spain","LaLiga","2023/2024","Cadiz CF","Atl. Madrid","4.87","3.74","1.79","1.07","9.28","1.32","3.50","2.06","1.85","3.68","1.30","7.32","1.10","1.92","1.88"
"233","09-03-24 14:00","Spain","LaLiga","2023/2024","Valencia","Getafe","1.89","3.27","5.11","1.14","6.19","1.58","2.45","2.78","1.46","5.82","1.15","12.10","1.05","2.35","1.59"
"234","08-03-24 21:00","Spain","LaLiga","2023/2024","Barcelona","Mallorca","1.47","4.62","7.48","1.05","11.30","1.28","3.87","1.85","2.06","3.15","1.38","5.82","1.15","1.98","1.83"
"235","04-03-24 21:00","Spain","LaLiga","2023/2024","Osasuna","Alaves","2.30","3.07","3.69","1.14","6.19","1.53","2.58","2.78","1.46","5.25","1.18","10.90","1.06","2.08","1.75"
"236","03-03-24 21:00","Spain","LaLiga","2023/2024","Ath Bilbao","Barcelona","3.41","3.54","2.20","1.05","11.50","1.28","3.91","1.92","1.98","3.12","1.39","6.29","1.14","1.70","2.16"
"237","03-03-24 18:30","Spain","LaLiga","2023/2024","Mallorca","Girona","3.75","3.33","2.23","1.04","7.40","1.35","2.94","2.20","1.79","3.64","1.24","6.85","1.06","1.88","1.88"
"238","03-03-24 16:15","Spain","LaLiga","2023/2024","Atl. Madrid","Betis","1.54","4.25","6.82","1.05","11.30","1.25","4.12","1.85","2.06","2.97","1.42","5.82","1.15","1.92","1.88"
"239","03-03-24 14:00","Spain","LaLiga","2023/2024","Villarreal","Granada CF","1.74","3.88","5.00","1.04","13.00","1.22","4.50","1.70","2.20","2.66","1.50","4.80","1.20","1.65","2.25"
"240","02-03-24 21:00","Spain","LaLiga","2023/2024","Valencia","Real Madrid","5.90","4.08","1.62","1.05","11.30","1.28","3.87","1.94","1.97","3.33","1.35","6.35","1.13","1.92","1.88"
"241","02-03-24 18:30","Spain","LaLiga","2023/2024","Getafe","Las Palmas","2.06","3.26","4.20","1.11","7.22","1.39","3.10","2.30","1.65","4.35","1.23","8.99","1.08","1.98","1.83"
"242","02-03-24 16:15","Spain","LaLiga","2023/2024","Rayo Vallecano","Cadiz CF","1.78","3.48","5.46","1.11","7.00","1.48","2.75","2.47","1.57","4.80","1.20","9.99","1.06","2.18","1.69"
"243","02-03-24 14:00","Spain","LaLiga","2023/2024","Sevilla","Real Sociedad","2.70","2.98","3.08","1.14","6.22","1.61","2.38","2.95","1.43","6.32","1.13","13.60","1.03","2.25","1.65"
"244","01-03-24 21:00","Spain","LaLiga","2023/2024","Celta Vigo","Almeria","1.82","3.83","4.56","1.05","11.30","1.28","3.87","1.85","2.06","3.15","1.38","5.82","1.15","1.74","2.10"
"245","26-02-24 21:00","Spain","LaLiga","2023/2024","Girona","Rayo Vallecano","1.64","4.11","5.62","1.03","13.40","1.25","4.12","1.78","2.17","2.97","1.42","5.25","1.18","1.74","2.10"
"246","25-02-24 21:00","Spain","LaLiga","2023/2024","Real Madrid","Sevilla","1.30","6.11","9.97","1.02","18.40","1.17","5.34","1.54","2.55","2.34","1.63","3.90","1.28","1.85","1.96"
"247","25-02-24 18:30","Spain","LaLiga","2023/2024","Las Palmas","Osasuna","2.58","2.90","3.34","1.12","6.70","1.49","2.70","2.59","1.53","5.25","1.18","10.90","1.06","2.03","1.79"
"248","25-02-24 16:15","Spain","LaLiga","2023/2024","Betis","Ath Bilbao","3.94","3.31","2.10","1.09","8.00","1.37","3.20","2.35","1.67","4.14","1.25","8.45","1.09","1.91","1.89"
"249","25-02-24 14:00","Spain","LaLiga","2023/2024","Cadiz CF","Celta Vigo","3.34","3.05","2.48","1.12","6.70","1.58","2.45","2.78","1.46","5.82","1.15","12.10","1.05","2.16","1.70"
"250","24-02-24 21:00","Spain","LaLiga","2023/2024","Almeria","Atl. Madrid","5.06","4.07","1.70","1.04","12.60","1.28","3.88","1.96","1.94","3.15","1.38","6.18","1.14","1.86","1.95"
"251","24-02-24 18:30","Spain","LaLiga","2023/2024","Alaves","Mallorca","1.96","3.05","5.18","1.18","5.21","1.76","2.19","3.12","1.39","6.79","1.12","14.60","1.03","2.56","1.51"
"252","24-02-24 16:15","Spain","LaLiga","2023/2024","Barcelona","Getafe","1.45","5.13","6.97","1.03","13.40","1.25","4.12","1.78","2.17","2.78","1.46","5.25","1.18","1.92","1.88"
"253","23-02-24 21:00","Spain","LaLiga","2023/2024","Real Sociedad","Villarreal","1.66","4.08","5.44","1.05","11.00","1.26","4.00","1.90","2.00","3.24","1.37","6.54","1.13","1.85","1.96"
"254","19-02-24 21:00","Spain","LaLiga","2023/2024","Ath Bilbao","Girona","1.91","3.68","4.22","1.05","11.50","1.28","3.91","1.92","1.98","3.30","1.35","6.29","1.14","1.77","2.05"
"255","18-02-24 21:00","Spain","LaLiga","2023/2024","Betis","Alaves","2.37","3.15","3.44","1.12","6.74","1.49","2.72","2.58","1.53","5.23","1.18","10.80","1.06","2.04","1.78"
"256","18-02-24 18:30","Spain","LaLiga","2023/2024","Mallorca","Real Sociedad","3.82","2.96","2.32","1.18","5.15","1.85","2.06","3.56","1.31","8.21","1.09","15.80","1.02","2.60","1.50"
"257","18-02-24 16:15","Spain","LaLiga","2023/2024","Granada CF","Almeria","2.34","3.49","3.17","1.07","9.28","1.32","3.50","2.06","1.85","3.68","1.30","7.32","1.10","1.78","2.04"
"258","18-02-24 14:00","Spain","LaLiga","2023/2024","Rayo Vallecano","Real Madrid","5.36","4.07","1.67","1.03","13.40","1.25","4.12","1.78","2.17","2.97","1.42","5.25","1.18","1.74","2.10"
"259","17-02-24 21:00","Spain","LaLiga","2023/2024","Valencia","Sevilla","2.36","3.26","3.34","1.10","7.25","1.49","2.72","2.48","1.57","4.64","1.21","9.66","1.06","2.03","1.79"
"260","17-02-24 18:30","Spain","LaLiga","2023/2024","Celta Vigo","Barcelona","3.89","3.85","1.95","1.03","15.50","1.23","4.47","1.78","2.17","2.78","1.46","5.25","1.18","1.61","2.31"
"261","17-02-24 16:15","Spain","LaLiga","2023/2024","Osasuna","Cadiz CF","1.82","3.32","5.53","1.13","6.50","1.51","2.63","2.66","1.50","5.41","1.17","11.20","1.05","2.25","1.65"
"262","17-02-24 14:00","Spain","LaLiga","2023/2024","Atl. Madrid","Las Palmas","1.50","4.51","7.02","1.06","10.30","1.31","3.61","1.94","1.97","3.33","1.35","6.35","1.13","2.04","1.78"
"263","16-02-24 21:00","Spain","LaLiga","2023/2024","Villarreal","Getafe","2.07","3.50","3.81","1.05","11.00","1.29","3.75","1.99","1.91","3.24","1.37","6.54","1.13","1.70","2.16"
"264","12-02-24 21:00","Spain","LaLiga","2023/2024","Almeria","Ath Bilbao","4.77","3.69","1.82","1.07","9.28","1.35","3.30","2.18","1.77","3.68","1.30","8.21","1.09","1.95","1.86"
"265","11-02-24 21:00","Spain","LaLiga","2023/2024","Barcelona","Granada CF","1.20","8.17","13.30","1.02","27.00","1.14","6.19","1.39","3.10","2.06","1.85","3.33","1.35","1.92","1.88"
"266","11-02-24 18:30","Spain","LaLiga","2023/2024","Sevilla","Atl. Madrid","3.86","3.57","2.03","1.05","11.00","1.26","4.00","1.90","2.00","3.06","1.40","6.00","1.14","1.70","2.16"
"267","11-02-24 16:15","Spain","LaLiga","2023/2024","Mallorca","Rayo Vallecano","2.51","2.82","3.60","1.18","5.15","1.85","2.06","3.56","1.31","7.32","1.10","14.70","1.03","2.46","1.55"
"268","11-02-24 14:00","Spain","LaLiga","2023/2024","Getafe","Celta Vigo","2.17","3.21","3.88","1.14","6.22","1.58","2.46","2.77","1.47","5.79","1.15","12.10","1.05","2.18","1.69"
"269","10-02-24 21:00","Spain","LaLiga","2023/2024","Las Palmas","Valencia","2.64","3.02","3.11","1.12","6.70","1.53","2.58","2.59","1.53","5.25","1.18","10.90","1.06","2.03","1.79"
"270","10-02-24 18:30","Spain","LaLiga","2023/2024","Real Madrid","Girona","1.46","5.68","5.99","1.02","30.00","1.11","7.00","1.34","3.40","1.90","2.00","2.86","1.45","1.50","2.61"
"271","10-02-24 16:15","Spain","LaLiga","2023/2024","Real Sociedad","Osasuna","1.75","3.38","6.07","1.14","6.22","1.58","2.46","2.77","1.47","5.79","1.15","12.10","1.05","2.46","1.55"
"272","10-02-24 14:00","Spain","LaLiga","2023/2024","Alaves","Villarreal","2.29","3.47","3.27","1.07","9.28","1.31","3.61","2.06","1.85","3.33","1.35","6.86","1.12","1.74","2.10"
"273","09-02-24 21:00","Spain","LaLiga","2023/2024","Cadiz CF","Betis","3.28","3.08","2.50","1.12","6.70","1.53","2.58","2.59","1.53","5.25","1.18","10.90","1.06","2.09","1.74"
"274","05-02-24 21:00","Spain","LaLiga","2023/2024","Rayo Vallecano","Sevilla","2.18","3.46","3.52","1.09","8.25","1.45","2.84","2.30","1.65","4.35","1.23","8.99","1.08","1.98","1.83"
"275","04-02-24 21:00","Spain","LaLiga","2023/2024","Real Madrid","Atl. Madrid","1.70","4.27","4.83","1.02","17.50","1.21","4.64","1.62","2.37","2.50","1.56","4.35","1.23","1.60","2.34"
"276","04-02-24 18:30","Spain","LaLiga","2023/2024","Betis","Getafe","1.96","3.25","4.71","1.11","7.22","1.45","2.84","2.30","1.65","4.35","1.23","8.99","1.08","1.98","1.83"
"277","04-02-24 16:15","Spain","LaLiga","2023/2024","Osasuna","Celta Vigo","2.20","3.17","3.83","1.14","6.19","1.53","2.58","2.78","1.46","5.25","1.18","10.90","1.06","2.18","1.69"
"278","04-02-24 14:00","Spain","LaLiga","2023/2024","Villarreal","Cadiz CF","1.65","4.11","5.56","1.05","11.30","1.25","4.12","1.85","2.06","3.15","1.38","5.82","1.15","1.85","1.96"
"279","03-02-24 21:00","Spain","LaLiga","2023/2024","Girona","Real Sociedad","2.00","3.49","4.10","1.07","9.37","1.32","3.54","2.05","1.86","3.53","1.32","7.25","1.10","1.77","2.05"
"280","03-02-24 18:30","Spain","LaLiga","2023/2024","Alaves","Barcelona","4.33","3.60","1.92","1.05","11.30","1.28","3.87","1.94","1.97","3.15","1.38","6.35","1.13","1.74","2.10"
"281","03-02-24 16:15","Spain","LaLiga","2023/2024","Granada CF","Las Palmas","2.22","3.35","3.55","1.09","8.00","1.37","3.20","2.35","1.67","4.14","1.25","8.45","1.09","1.85","1.96"
"282","03-02-24 14:00","Spain","LaLiga","2023/2024","Valencia","Almeria","1.71","3.80","5.49","1.06","10.30","1.32","3.50","2.06","1.85","3.56","1.31","7.32","1.10","1.92","1.88"
"283","02-02-24 21:00","Spain","LaLiga","2023/2024","Ath Bilbao","Mallorca","1.55","3.95","7.51","1.11","7.00","1.51","2.63","2.47","1.57","4.80","1.20","9.99","1.06","2.60","1.50"
"284","01-02-24 21:00","Spain","LaLiga","2023/2024","Getafe","Real Madrid","6.55","3.89","1.61","1.06","9.68","1.30","3.66","1.99","1.91","3.54","1.32","7.05","1.11","1.92","1.88"
"285","31-01-24 21:00","Spain","LaLiga","2023/2024","Atl. Madrid","Rayo Vallecano","1.62","3.85","6.50","1.06","10.60","1.30","3.72","2.01","1.90","3.46","1.33","6.66","1.12","1.87","1.94"
"286","31-01-24 19:00","Spain","LaLiga","2023/2024","Barcelona","Osasuna","1.35","5.12","10.30","1.02","18.10","1.17","5.32","1.46","2.79","2.14","1.74","3.90","1.28","1.73","2.10"
"287","29-01-24 21:00","Spain","LaLiga","2023/2024","Getafe","Granada CF","1.90","3.49","4.61","1.08","8.51","1.43","2.93","2.23","1.69","4.22","1.24","9.43","1.07","1.98","1.83"
"288","28-01-24 21:00","Spain","LaLiga","2023/2024","Atl. Madrid","Valencia","1.58","4.09","6.52","1.06","10.60","1.30","3.72","2.01","1.90","3.46","1.33","6.66","1.12","1.92","1.88"
"289","28-01-24 18:30","Spain","LaLiga","2023/2024","Sevilla","Osasuna","2.07","3.31","4.06","1.10","7.45","1.46","2.79","2.43","1.59","4.53","1.22","10.60","1.06","2.03","1.79"
"290","28-01-24 16:15","Spain","LaLiga","2023/2024","Cadiz CF","Ath Bilbao","5.17","3.41","1.84","1.10","7.45","1.43","2.93","2.33","1.63","4.53","1.22","9.43","1.07","2.12","1.73"
"291","28-01-24 14:00","Spain","LaLiga","2023/2024","Celta Vigo","Girona","3.11","3.46","2.38","1.03","13.80","1.22","4.61","1.73","2.23","2.70","1.49","5.11","1.18","1.55","2.46"
"292","27-01-24 21:00","Spain","LaLiga","2023/2024","Mallorca","Betis","2.40","3.14","3.38","1.12","6.91","1.46","2.79","2.43","1.59","4.53","1.22","9.43","1.07","1.98","1.83"
"293","27-01-24 18:30","Spain","LaLiga","2023/2024","Barcelona","Villarreal","1.38","5.49","8.05","1.01","20.00","1.11","7.00","1.37","3.20","1.99","1.91","3.06","1.40","1.55","2.46"
"294","27-01-24 16:15","Spain","LaLiga","2023/2024","Las Palmas","Real Madrid","7.32","4.87","1.45","1.02","16.00","1.20","4.79","1.58","2.45","2.43","1.59","4.53","1.22","1.74","2.10"
"295","27-01-24 14:00","Spain","LaLiga","2023/2024","Real Sociedad","Rayo Vallecano","1.79","3.36","5.74","1.13","6.45","1.54","2.55","2.68","1.50","5.60","1.16","11.70","1.05","2.39","1.58"
"296","26-01-24 21:00","Spain","LaLiga","2023/2024","Almeria","Alaves","2.69","3.16","2.92","1.11","7.00","1.48","2.75","2.47","1.57","4.80","1.20","9.99","1.06","1.92","1.88"
"297","22-01-24 21:00","Spain","LaLiga","2023/2024","Granada CF","Atl. Madrid","5.40","4.14","1.66","1.03","13.80","1.24","4.25","1.80","2.13","2.88","1.44","5.11","1.18","1.88","1.92"
"298","21-01-24 21:00","Spain","LaLiga","2023/2024","Girona","Sevilla","1.77","4.10","4.50","1.02","16.00","1.20","4.79","1.63","2.34","2.52","1.55","4.53","1.22","1.58","2.39"
"299","21-01-24 18:30","Spain","LaLiga","2023/2024","Betis","Barcelona","4.55","4.10","1.77","1.02","18.10","1.17","5.32","1.55","2.53","2.33","1.63","4.22","1.24","1.50","2.58"
"300","21-01-24 16:15","Spain","LaLiga","2023/2024","Real Madrid","Almeria","1.14","10.10","20.00","1.01","14.90","1.08","8.51","1.30","3.72","1.80","2.13","2.70","1.49","1.92","1.88"
"301","21-01-24 14:00","Spain","LaLiga","2023/2024","Osasuna","Getafe","2.58","2.86","3.40","1.17","5.32","1.67","2.34","2.88","1.44","6.17","1.14","13.30","1.04","2.16","1.70"
"302","20-01-24 21:00","Spain","LaLiga","2023/2024","Celta Vigo","Real Sociedad","2.74","2.88","3.14","1.14","5.91","1.54","2.55","2.68","1.50","5.60","1.16","11.70","1.05","2.12","1.73"
"303","20-01-24 18:30","Spain","LaLiga","2023/2024","Valencia","Ath Bilbao","3.71","3.30","2.18","1.08","8.51","1.43","2.93","2.33","1.63","4.53","1.22","9.43","1.07","1.92","1.88"
"304","20-01-24 16:15","Spain","LaLiga","2023/2024","Villarreal","Mallorca","2.01","3.57","3.95","1.07","9.57","1.34","3.41","2.11","1.81","3.90","1.28","7.97","1.09","1.87","1.94"
"305","20-01-24 14:00","Spain","LaLiga","2023/2024","Rayo Vallecano","Las Palmas","1.78","3.58","5.26","1.08","8.49","1.41","3.02","2.38","1.65","4.40","1.23","8.99","1.08","1.92","1.88"
"306","19-01-24 21:00","Spain","LaLiga","2023/2024","Alaves","Cadiz CF","1.66","3.78","6.18","1.10","7.45","1.46","2.79","2.52","1.55","5.11","1.18","10.60","1.06","2.39","1.58"
"307","14-01-24 16:15","Spain","LaLiga","2023/2024","Cadiz CF","Valencia","3.29","2.96","2.57","1.14","5.91","1.57","2.48","2.86","1.45","6.12","1.14","11.70","1.05","2.18","1.69"
"308","14-01-24 14:00","Spain","LaLiga","2023/2024","Almeria","Girona","4.10","3.85","1.90","1.02","16.00","1.20","4.79","1.58","2.45","2.43","1.59","4.53","1.22","1.54","2.50"
"309","13-01-24 21:00","Spain","LaLiga","2023/2024","Betis","Granada CF","1.70","3.84","5.44","1.06","10.00","1.32","3.50","1.99","1.91","3.43","1.34","6.54","1.13","1.90","1.90"
"310","13-01-24 18:30","Spain","LaLiga","2023/2024","Ath Bilbao","Real Sociedad","2.14","3.15","4.07","1.13","6.50","1.56","2.50","2.66","1.50","5.41","1.17","11.20","1.05","2.25","1.65"
"311","13-01-24 16:15","Spain","LaLiga","2023/2024","Mallorca","Celta Vigo","2.44","3.08","3.38","1.14","6.00","1.61","2.38","2.86","1.45","6.00","1.14","12.50","1.04","2.25","1.65"
"312","13-01-24 14:00","Spain","LaLiga","2023/2024","Las Palmas","Villarreal","2.53","3.50","2.87","1.03","13.80","1.24","4.25","1.80","2.13","2.88","1.44","5.66","1.16","1.58","2.39"
"313","12-01-24 21:00","Spain","LaLiga","2023/2024","Sevilla","Alaves","2.00","3.42","4.23","1.10","7.45","1.43","2.93","2.33","1.63","4.53","1.22","9.43","1.07","1.98","1.83"
"314","04-01-24 21:30","Spain","LaLiga","2023/2024","Las Palmas","Barcelona","6.07","4.81","1.52","1.03","15.00","1.19","5.00","1.61","2.38","2.47","1.57","4.48","1.22","1.74","2.10"
"315","04-01-24 19:15","Spain","LaLiga","2023/2024","Sevilla","Ath Bilbao","2.97","3.38","2.51","1.07","9.57","1.31","3.62","2.11","1.81","3.57","1.31","7.12","1.11","1.70","2.15"
"316","04-01-24 17:00","Spain","LaLiga","2023/2024","Osasuna","Almeria","1.70","3.87","5.48","1.06","10.60","1.30","3.72","1.88","2.03","3.24","1.37","6.66","1.12","1.79","2.02"
"317","03-01-24 21:30","Spain","LaLiga","2023/2024","Girona","Atl. Madrid","2.62","3.85","2.57","1.02","16.00","1.24","4.24","1.72","2.17","2.73","1.48","5.11","1.18","1.50","2.58"
"318","03-01-24 19:15","Spain","LaLiga","2023/2024","Celta Vigo","Betis","2.32","3.30","3.38","1.08","9.00","1.34","3.40","2.24","1.73","3.79","1.29","7.54","1.10","1.94","1.87"
"319","03-01-24 19:15","Spain","LaLiga","2023/2024","Real Madrid","Mallorca","1.22","6.78","16.70","1.02","16.00","1.20","4.79","1.58","2.45","2.43","1.59","4.22","1.24","2.12","1.73"
"320","03-01-24 17:00","Spain","LaLiga","2023/2024","Granada CF","Cadiz CF","2.23","3.14","3.80","1.14","6.13","1.57","2.48","2.73","1.48","5.11","1.18","10.60","1.06","2.23","1.66"
"321","02-01-24 21:30","Spain","LaLiga","2023/2024","Valencia","Villarreal","2.25","3.47","3.37","1.06","9.89","1.29","3.74","1.95","1.95","3.37","1.34","6.92","1.12","1.72","2.13"
"322","02-01-24 19:15","Spain","LaLiga","2023/2024","Real Sociedad","Alaves","1.58","3.90","7.19","1.08","8.51","1.43","2.93","2.23","1.69","4.22","1.24","8.74","1.08","2.29","1.63"
"323","02-01-24 17:00","Spain","LaLiga","2023/2024","Getafe","Rayo Vallecano","2.22","3.07","3.93","1.13","6.52","1.53","2.58","2.65","1.50","5.55","1.16","11.60","1.05","2.12","1.73"
"324","23-12-23 16:15","Spain","LaLiga","2023/2024","Atl. Madrid","Sevilla","1.57","4.27","6.22","1.05","11.70","1.24","4.25","1.80","2.13","2.88","1.44","5.66","1.16","1.73","2.10"
"325","21-12-23 21:30","Spain","LaLiga","2023/2024","Alaves","Real Madrid","6.26","4.30","1.57","1.05","11.70","1.26","3.99","1.80","2.13","3.06","1.40","6.17","1.14","1.79","2.02"
"326","21-12-23 21:30","Spain","LaLiga","2023/2024","Mallorca","Osasuna","2.33","2.95","3.81","1.15","5.85","1.67","2.34","3.06","1.40","6.66","1.12","13.30","1.04","2.39","1.58"
"327","21-12-23 19:00","Spain","LaLiga","2023/2024","Betis","Girona","2.94","3.71","2.37","1.02","16.00","1.22","4.61","1.73","2.23","2.70","1.49","5.11","1.18","1.55","2.46"
"328","21-12-23 19:00","Spain","LaLiga","2023/2024","Cadiz CF","Real Sociedad","6.62","3.59","1.66","1.11","7.00","1.48","2.75","2.47","1.57","4.80","1.20","9.99","1.06","2.18","1.69"
"329","20-12-23 21:30","Spain","LaLiga","2023/2024","Ath Bilbao","Las Palmas","1.40","5.38","7.69","1.03","15.00","1.26","4.00","1.82","2.10","2.86","1.45","5.41","1.17","2.04","1.78"
"330","20-12-23 21:30","Spain","LaLiga","2023/2024","Villarreal","Celta Vigo","2.35","3.58","3.07","1.05","11.00","1.34","3.40","2.13","1.80","3.67","1.30","7.54","1.10","1.73","2.10"
"331","20-12-23 19:00","Spain","LaLiga","2023/2024","Barcelona","Almeria","1.18","8.24","16.40","1.01","26.00","1.09","8.00","1.29","3.75","1.77","2.10","2.66","1.50","1.94","1.87"
"332","19-12-23 21:30","Spain","LaLiga","2023/2024","Atl. Madrid","Getafe","1.48","4.50","7.53","1.05","11.70","1.24","4.25","1.80","2.13","2.88","1.44","5.66","1.16","1.92","1.88"
"333","19-12-23 21:30","Spain","LaLiga","2023/2024","Granada CF","Sevilla","3.30","3.27","2.37","1.09","8.00","1.41","3.00","2.37","1.62","4.48","1.22","9.26","1.07","1.87","1.94"
"334","19-12-23 19:00","Spain","LaLiga","2023/2024","Rayo Vallecano","Valencia","2.39","3.26","3.27","1.11","7.00","1.48","2.75","2.37","1.62","4.48","1.22","9.26","1.07","1.87","1.94"
"335","18-12-23 21:00","Spain","LaLiga","2023/2024","Girona","Alaves","1.63","4.15","5.64","1.03","13.80","1.24","4.25","1.80","2.13","2.88","1.44","5.66","1.16","1.73","2.10"
"336","17-12-23 21:00","Spain","LaLiga","2023/2024","Real Madrid","Villarreal","1.29","6.69","9.62","1.02","29.00","1.12","6.91","1.34","3.41","1.88","2.03","2.88","1.44","1.69","2.17"
"337","17-12-23 18:30","Spain","LaLiga","2023/2024","Las Palmas","Cadiz CF","1.95","3.34","4.59","1.10","7.45","1.43","2.93","2.33","1.63","4.53","1.22","9.43","1.07","2.03","1.79"
"338","17-12-23 16:15","Spain","LaLiga","2023/2024","Real Sociedad","Betis","1.61","4.30","5.64","1.06","10.60","1.30","3.72","1.88","2.03","3.24","1.37","6.66","1.12","1.87","1.94"
"339","17-12-23 14:00","Spain","LaLiga","2023/2024","Almeria","Mallorca","2.44","3.23","3.21","1.10","7.45","1.43","2.93","2.33","1.63","4.53","1.22","9.43","1.07","1.98","1.83"
"340","16-12-23 21:00","Spain","LaLiga","2023/2024","Valencia","Barcelona","6.07","4.45","1.56","1.03","13.90","1.25","4.17","1.70","2.20","2.79","1.46","4.87","1.20","1.63","2.29"
"341","16-12-23 18:30","Spain","LaLiga","2023/2024","Sevilla","Getafe","1.77","3.62","5.29","1.10","7.45","1.43","2.93","2.33","1.63","4.53","1.22","9.43","1.07","2.12","1.73"
"342","16-12-23 16:15","Spain","LaLiga","2023/2024","Ath Bilbao","Atl. Madrid","2.51","3.38","2.97","1.05","11.70","1.26","3.99","1.88","2.03","3.06","1.40","6.17","1.14","1.66","2.23"
"343","16-12-23 14:00","Spain","LaLiga","2023/2024","Celta Vigo","Granada CF","1.66","4.07","5.42","1.05","11.70","1.30","3.72","1.88","2.03","3.46","1.33","6.66","1.12","1.87","1.94"
"344","15-12-23 21:00","Spain","LaLiga","2023/2024","Osasuna","Rayo Vallecano","2.26","3.30","3.50","1.10","7.45","1.43","2.93","2.33","1.63","4.53","1.22","9.43","1.07","1.92","1.88"
"345","11-12-23 21:00","Spain","LaLiga","2023/2024","Granada CF","Ath Bilbao","11.60","4.96","1.37","1.05","11.00","1.17","4.45","1.68","2.37","2.49","1.47","4.90","1.15","1.75","2.03"
"346","11-12-23 21:00","Spain","LaLiga","2023/2024","Rayo Vallecano","Celta Vigo","2.58","3.16","3.07","1.08","8.70","1.33","3.48","2.18","1.77","3.83","1.28","7.83","1.10","1.73","2.10"
"347","10-12-23 21:00","Spain","LaLiga","2023/2024","Barcelona","Girona","1.48","5.38","5.89","1.02","28.00","1.14","6.13","1.41","3.02","2.12","1.81","3.25","1.37","1.55","2.46"
"348","10-12-23 18:30","Spain","LaLiga","2023/2024","Cadiz CF","Osasuna","3.03","3.18","2.59","1.11","7.00","1.51","2.63","2.57","1.54","4.80","1.20","9.99","1.06","1.92","1.88"
"349","10-12-23 14:00","Spain","LaLiga","2023/2024","Atl. Madrid","Almeria","1.22","7.49","13.70","1.01","14.90","1.13","6.38","1.38","3.19","2.01","1.90","3.06","1.40","1.85","1.96"
"350","09-12-23 21:00","Spain","LaLiga","2023/2024","Mallorca","Sevilla","2.84","3.08","2.83","1.14","6.13","1.62","2.36","2.84","1.45","5.76","1.15","11.90","1.05","2.03","1.79"
"351","09-12-23 18:30","Spain","LaLiga","2023/2024","Villarreal","Real Sociedad","3.38","3.58","2.20","1.06","10.00","1.32","3.50","2.13","1.80","3.67","1.30","7.06","1.11","1.83","1.98"
"352","09-12-23 16:15","Spain","LaLiga","2023/2024","Betis","Real Madrid","4.98","4.11","1.70","1.02","16.00","1.20","4.79","1.63","2.34","2.52","1.55","4.53","1.22","1.66","2.22"
"353","09-12-23 14:00","Spain","LaLiga","2023/2024","Alaves","Las Palmas","2.05","3.17","4.43","1.11","7.14","1.44","2.89","2.45","1.58","4.96","1.19","10.30","1.06","2.03","1.79"
"354","08-12-23 21:00","Spain","LaLiga","2023/2024","Getafe","Valencia","2.79","2.96","2.98","1.15","5.85","1.58","2.45","2.70","1.49","5.66","1.16","11.80","1.05","2.12","1.73"
"355","04-12-23 21:00","Spain","LaLiga","2023/2024","Celta Vigo","Cadiz CF","1.60","4.10","6.17","1.07","9.43","1.32","3.54","2.12","1.81","3.65","1.30","6.96","1.11","1.87","1.94"
"356","03-12-23 21:00","Spain","LaLiga","2023/2024","Barcelona","Atl. Madrid","1.93","4.04","3.78","1.03","14.20","1.24","4.24","1.78","2.08","2.84","1.45","5.11","1.18","1.58","2.39"
"357","03-12-23 18:30","Spain","LaLiga","2023/2024","Sevilla","Villarreal","1.96","3.84","3.84","1.03","15.00","1.22","4.50","1.70","2.20","2.66","1.50","4.80","1.20","1.65","2.25"
"358","03-12-23 16:15","Spain","LaLiga","2023/2024","Almeria","Betis","3.93","3.85","1.94","1.03","15.00","1.23","4.33","1.82","2.10","2.86","1.45","5.41","1.17","1.65","2.25"
"359","03-12-23 14:00","Spain","LaLiga","2023/2024","Mallorca","Alaves","2.53","2.96","3.37","1.15","5.85","1.58","2.45","2.88","1.44","6.17","1.14","11.80","1.05","2.12","1.73"
"360","02-12-23 21:00","Spain","LaLiga","2023/2024","Osasuna","Real Sociedad","4.16","3.16","2.11","1.12","6.91","1.46","2.79","2.52","1.55","5.11","1.18","10.60","1.06","2.01","1.81"
"361","02-12-23 18:30","Spain","LaLiga","2023/2024","Real Madrid","Granada CF","1.18","8.47","15.80","1.01","27.00","1.10","7.45","1.34","3.41","1.88","2.03","2.88","1.44","1.87","1.94"
"362","02-12-23 16:15","Spain","LaLiga","2023/2024","Ath Bilbao","Rayo Vallecano","1.49","4.82","6.64","1.03","13.80","1.22","4.61","1.63","2.34","2.52","1.55","4.53","1.22","1.73","2.10"
"363","02-12-23 14:00","Spain","LaLiga","2023/2024","Girona","Valencia","1.63","4.11","5.80","1.05","11.70","1.26","3.99","1.88","2.03","3.24","1.37","6.17","1.14","1.79","2.02"
"364","01-12-23 21:00","Spain","LaLiga","2023/2024","Las Palmas","Getafe","2.56","2.97","3.31","1.16","5.50","1.75","2.20","3.06","1.40","6.54","1.13","14.10","1.03","2.14","1.71"
"365","29-11-23 21:00","Spain","LaLiga","2023/2024","Mallorca","Cadiz CF","1.90","3.36","4.87","1.13","6.50","1.51","2.63","2.66","1.50","5.41","1.17","11.20","1.05","2.12","1.73"
"366","27-11-23 21:00","Spain","LaLiga","2023/2024","Girona","Ath Bilbao","2.24","3.79","3.27","","","1.17","4.40","1.68","2.37","2.43","1.49","4.20","1.17","1.53","2.43"
"367","26-11-23 21:00","Spain","LaLiga","2023/2024","Betis","Las Palmas","1.71","3.78","5.47","1.07","9.57","1.34","3.41","2.11","1.81","3.90","1.28","7.97","1.09","1.92","1.88"
"368","26-11-23 18:30","Spain","LaLiga","2023/2024","Cadiz CF","Real Madrid","7.15","4.86","1.46","1.05","11.90","1.30","3.67","2.08","1.84","3.36","1.34","6.59","1.13","1.87","1.94"
"369","26-11-23 16:15","Spain","LaLiga","2023/2024","Real Sociedad","Sevilla","1.70","3.92","5.31","1.08","8.49","1.37","3.21","2.26","1.71","4.03","1.26","8.02","1.09","1.98","1.83"
"370","26-11-23 14:00","Spain","LaLiga","2023/2024","Villarreal","Osasuna","2.10","3.58","3.63","1.05","11.00","1.32","3.50","1.99","1.91","3.43","1.34","7.06","1.11","1.69","2.17"
"371","25-11-23 21:00","Spain","LaLiga","2023/2024","Atl. Madrid","Mallorca","1.38","5.13","8.83","1.05","11.70","1.26","3.99","1.80","2.13","3.06","1.40","6.17","1.14","2.12","1.73"
"372","25-11-23 18:30","Spain","LaLiga","2023/2024","Getafe","Almeria","1.77","3.69","5.13","1.08","9.00","1.37","3.20","2.24","1.73","3.79","1.29","7.54","1.10","1.98","1.83"
"373","25-11-23 16:15","Spain","LaLiga","2023/2024","Valencia","Celta Vigo","2.20","3.56","3.58","1.03","8.20","1.33","3.04","2.17","1.81","3.54","1.25","6.85","1.06","1.86","1.90"
"374","25-11-23 14:00","Spain","LaLiga","2023/2024","Rayo Vallecano","Barcelona","5.13","4.27","1.71","1.01","14.80","1.20","4.05","1.77","2.22","2.68","1.41","4.75","1.13","1.73","2.06"
"375","24-11-23 21:00","Spain","LaLiga","2023/2024","Alaves","Granada CF","1.77","3.78","5.39","1.04","7.40","1.37","2.84","2.28","1.74","3.82","1.22","7.30","1.05","2.15","1.67"
"376","12-11-23 21:00","Spain","LaLiga","2023/2024","Atl. Madrid","Villarreal","1.37","5.85","7.61","1.01","22.00","1.15","5.85","1.43","2.93","2.11","1.81","3.46","1.33","1.70","2.16"
"377","12-11-23 18:30","Spain","LaLiga","2023/2024","Sevilla","Betis","2.20","3.58","3.38","1.01","11.00","1.29","3.75","1.99","1.91","3.24","1.37","6.54","1.10","1.74","2.10"
"378","12-11-23 16:15","Spain","LaLiga","2023/2024","Barcelona","Alaves","1.26","6.83","10.60","1.03","15.00","1.22","4.50","1.61","2.38","2.57","1.54","4.48","1.22","2.03","1.79"
"379","11-11-23 21:00","Spain","LaLiga","2023/2024","Real Madrid","Valencia","1.36","5.58","9.75","","","1.18","4.33","1.71","2.33","2.59","1.45","4.50","1.15","1.91","1.85"
"380","11-11-23 18:30","Spain","LaLiga","2023/2024","Granada CF","Getafe","2.50","3.17","3.17","1.09","8.00","1.41","3.00","2.35","1.67","4.48","1.22","9.26","1.07","1.98","1.83"
"381","11-11-23 18:30","Spain","LaLiga","2023/2024","Osasuna","Las Palmas","1.96","3.29","4.62","1.11","7.00","1.48","2.75","2.47","1.57","4.80","1.20","9.99","1.06","2.10","1.74"
"382","11-11-23 16:15","Spain","LaLiga","2023/2024","Almeria","Real Sociedad","4.36","3.74","1.87","1.05","11.00","1.26","4.00","1.90","2.00","3.24","1.37","6.00","1.14","1.78","2.04"
"383","11-11-23 14:00","Spain","LaLiga","2023/2024","Rayo Vallecano","Girona","3.11","3.52","2.44","1.02","9.10","1.26","3.46","1.95","1.99","3.04","1.33","5.55","1.10","1.69","2.11"
"384","10-11-23 21:00","Spain","LaLiga","2023/2024","Ath Bilbao","Celta Vigo","1.67","4.37","5.35","1.01","12.80","1.20","4.10","1.77","2.23","2.65","1.42","4.70","1.14","1.74","2.04"
"385","06-11-23 21:00","Spain","LaLiga","2023/2024","Getafe","Cadiz CF","1.99","3.29","4.78","1.08","6.35","1.61","2.54","2.58","1.44","5.00","1.12","10.00","1.01","2.26","1.61"
"386","05-11-23 21:00","Spain","LaLiga","2023/2024","Real Madrid","Rayo Vallecano","1.24","6.79","13.50","1.02","18.10","1.17","5.32","1.46","2.79","2.23","1.69","3.90","1.28","1.92","1.88"
"387","05-11-23 18:30","Spain","LaLiga","2023/2024","Villarreal","Ath Bilbao","3.55","3.79","2.13","","","1.21","4.05","1.78","2.21","2.66","1.43","4.70","1.14","1.61","2.25"
"388","05-11-23 16:15","Spain","LaLiga","2023/2024","Valencia","Granada CF","1.66","4.32","5.50","","","1.22","3.82","1.83","2.14","2.80","1.38","5.00","1.12","1.80","1.96"
"389","05-11-23 14:00","Spain","LaLiga","2023/2024","Alaves","Almeria","1.77","3.84","4.87","1.07","9.57","1.31","3.62","2.01","1.90","3.46","1.33","6.66","1.12","1.87","1.94"
"390","04-11-23 21:00","Spain","LaLiga","2023/2024","Real Sociedad","Barcelona","3.74","3.49","2.10","1.06","9.89","1.32","3.52","2.06","1.86","3.48","1.33","6.92","1.12","1.73","2.10"
"391","04-11-23 18:30","Spain","LaLiga","2023/2024","Celta Vigo","Sevilla","2.49","3.46","2.94","1.06","10.00","1.32","3.50","2.13","1.80","3.43","1.34","7.06","1.11","1.78","2.04"
"392","04-11-23 16:15","Spain","LaLiga","2023/2024","Betis","Mallorca","1.90","3.36","4.87","1.10","7.45","1.38","3.19","2.23","1.69","4.22","1.24","8.74","1.08","1.92","1.88"
"393","04-11-23 14:00","Spain","LaLiga","2023/2024","Osasuna","Girona","2.94","3.50","2.57","1.02","8.90","1.27","3.40","1.97","1.97","3.08","1.32","5.70","1.09","1.70","2.10"
"394","03-11-23 21:00","Spain","LaLiga","2023/2024","Las Palmas","Atl. Madrid","6.12","4.03","1.66","1.03","8.50","1.32","3.08","2.11","1.85","3.46","1.26","6.60","1.06","2.03","1.75"
"395","30-10-23 21:00","Spain","LaLiga","2023/2024","Granada CF","Villarreal","3.45","3.58","2.17","1.03","13.80","1.20","4.79","1.63","2.34","2.52","1.55","4.53","1.22","1.50","2.58"
"396","29-10-23 21:00","Spain","LaLiga","2023/2024","Atl. Madrid","Alaves","1.45","4.57","8.11","1.06","10.60","1.30","3.72","1.88","2.03","3.24","1.37","6.66","1.12","2.09","1.74"
"397","29-10-23 18:30","Spain","LaLiga","2023/2024","Ath Bilbao","Valencia","1.63","4.05","5.82","1.06","10.60","1.31","3.62","2.01","1.90","3.57","1.31","7.12","1.11","1.92","1.88"
"398","29-10-23 16:15","Spain","LaLiga","2023/2024","Rayo Vallecano","Real Sociedad","3.65","3.19","2.26","1.10","7.45","1.43","2.93","2.33","1.63","4.53","1.22","9.43","1.07","1.92","1.88"
"399","29-10-23 14:00","Spain","LaLiga","2023/2024","Betis","Osasuna","1.93","3.38","4.62","1.08","8.51","1.34","3.41","2.11","1.81","3.90","1.28","7.97","1.09","2.10","1.73"
"400","28-10-23 21:00","Spain","LaLiga","2023/2024","Cadiz CF","Sevilla","3.90","3.34","2.10","1.09","8.00","1.37","3.20","2.35","1.67","4.14","1.25","8.45","1.09","1.98","1.83"
"401","28-10-23 18:30","Spain","LaLiga","2023/2024","Mallorca","Getafe","2.41","3.07","3.45","1.14","5.91","1.66","2.37","3.03","1.41","6.60","1.13","13.20","1.04","2.29","1.63"
"402","28-10-23 16:15","Spain","LaLiga","2023/2024","Barcelona","Real Madrid","2.65","3.57","2.68","1.04","13.00","1.23","4.33","1.82","2.10","2.86","1.45","5.41","1.17","1.62","2.31"
"403","28-10-23 14:00","Spain","LaLiga","2023/2024","Almeria","Las Palmas","2.30","3.46","3.26","1.08","9.00","1.37","3.20","2.24","1.73","4.14","1.25","8.45","1.09","1.98","1.83"
"404","27-10-23 21:00","Spain","LaLiga","2023/2024","Girona","Celta Vigo","1.72","4.32","4.98","1.01","16.50","1.17","4.40","1.70","2.35","2.49","1.47","4.35","1.16","1.62","2.23"
"405","23-10-23 21:00","Spain","LaLiga","2023/2024","Valencia","Cadiz CF","1.75","3.70","5.28","1.08","8.51","1.43","2.93","2.23","1.69","4.22","1.24","8.74","1.08","2.12","1.73"
"406","22-10-23 21:00","Spain","LaLiga","2023/2024","Barcelona","Ath Bilbao","1.82","3.85","4.56","1.03","14.00","1.21","4.66","1.72","2.26","2.68","1.50","5.06","1.18","1.66","2.23"
"407","22-10-23 18:30","Spain","LaLiga","2023/2024","Villarreal","Alaves","2.05","3.54","4.10","1.03","8.40","1.32","3.08","2.14","1.83","3.54","1.25","6.75","1.06","1.84","1.92"
"408","22-10-23 16:15","Spain","LaLiga","2023/2024","Girona","Almeria","1.38","5.13","8.73","1.03","15.60","1.22","4.59","1.65","2.30","2.60","1.52","4.55","1.22","1.69","2.17"
"409","22-10-23 14:00","Spain","LaLiga","2023/2024","Las Palmas","Rayo Vallecano","2.76","3.08","2.91","1.12","6.91","1.46","2.79","2.52","1.55","5.11","1.18","10.60","1.06","1.98","1.83"
"410","21-10-23 21:00","Spain","LaLiga","2023/2024","Celta Vigo","Atl. Madrid","3.79","3.58","2.05","1.05","11.80","1.26","4.03","1.86","2.05","3.21","1.37","6.12","1.14","1.73","2.11"
"411","21-10-23 18:30","Spain","LaLiga","2023/2024","Sevilla","Real Madrid","4.79","4.03","1.74","1.02","17.00","1.19","5.00","1.61","2.38","2.47","1.57","4.48","1.22","1.62","2.31"
"412","21-10-23 16:15","Spain","LaLiga","2023/2024","Getafe","Betis","2.50","3.06","3.31","1.11","7.00","1.48","2.75","2.47","1.57","4.80","1.20","9.99","1.06","1.98","1.83"
"413","21-10-23 14:00","Spain","LaLiga","2023/2024","Real Sociedad","Mallorca","1.66","3.59","6.62","1.12","6.91","1.50","2.66","2.52","1.55","5.11","1.18","10.60","1.06","2.39","1.58"
"414","20-10-23 21:00","Spain","LaLiga","2023/2024","Osasuna","Granada CF","1.71","3.87","5.29","1.07","9.57","1.31","3.62","2.01","1.90","3.46","1.33","7.12","1.11","1.87","1.94"
"415","08-10-23 21:00","Spain","LaLiga","2023/2024","Granada CF","Barcelona","7.18","5.39","1.42","1.01","21.00","1.15","5.85","1.43","2.93","2.14","1.74","3.57","1.31","1.73","2.12"
"416","08-10-23 18:30","Spain","LaLiga","2023/2024","Alaves","Betis","2.68","3.27","2.84","1.09","8.00","1.37","3.20","2.35","1.67","4.14","1.25","8.45","1.09","1.79","2.02"
"417","08-10-23 18:30","Spain","LaLiga","2023/2024","Celta Vigo","Getafe","2.09","3.30","4.02","1.08","8.51","1.43","2.93","2.23","1.69","4.22","1.24","8.74","1.08","2.17","1.69"
"418","08-10-23 16:15","Spain","LaLiga","2023/2024","Atl. Madrid","Real Sociedad","1.94","3.34","4.64","1.07","9.57","1.34","3.41","2.22","1.74","3.90","1.28","7.97","1.09","1.85","1.95"
"419","08-10-23 14:00","Spain","LaLiga","2023/2024","Villarreal","Las Palmas","1.65","4.06","5.67","1.05","11.00","1.26","4.00","1.90","2.00","3.06","1.40","6.00","1.14","1.73","2.10"
"420","07-10-23 21:00","Spain","LaLiga","2023/2024","Sevilla","Rayo Vallecano","1.80","3.86","4.64","1.06","10.60","1.30","3.72","2.01","1.90","3.46","1.33","6.66","1.12","1.79","2.02"
"421","07-10-23 18:30","Spain","LaLiga","2023/2024","Mallorca","Valencia","2.70","3.00","3.06","1.13","6.38","1.55","2.53","2.70","1.49","5.66","1.16","11.80","1.05","2.03","1.79"
"422","07-10-23 16:15","Spain","LaLiga","2023/2024","Real Madrid","Osasuna","1.30","6.61","9.20","1.02","17.00","1.19","5.00","1.61","2.38","2.47","1.57","4.48","1.22","1.92","1.88"
"423","07-10-23 14:00","Spain","LaLiga","2023/2024","Cadiz CF","Girona","3.58","3.45","2.17","1.06","10.60","1.30","3.72","2.01","1.90","3.46","1.33","6.66","1.12","1.73","2.10"
"424","06-10-23 21:00","Spain","LaLiga","2023/2024","Ath Bilbao","Almeria","1.32","6.01","9.45","1.02","16.00","1.17","5.32","1.50","2.66","2.33","1.63","3.90","1.28","1.87","1.94"
"425","02-10-23 21:00","Spain","LaLiga","2023/2024","Las Palmas","Celta Vigo","3.11","3.20","2.52","1.08","8.51","1.38","3.19","2.23","1.69","4.22","1.24","8.74","1.08","1.87","1.94"
"426","01-10-23 21:00","Spain","LaLiga","2023/2024","Atl. Madrid","Cadiz CF","1.34","5.56","9.69","1.05","11.70","1.24","4.25","1.80","2.13","2.88","1.44","5.66","1.16","2.12","1.73"
"427","01-10-23 21:00","Spain","LaLiga","2023/2024","Betis","Valencia","2.08","3.30","4.06","1.09","8.00","1.41","3.00","2.37","1.62","4.48","1.22","9.26","1.07","1.92","1.88"
"428","01-10-23 16:15","Spain","LaLiga","2023/2024","Alaves","Osasuna","2.69","3.08","3.00","1.13","6.38","1.55","2.53","2.70","1.49","5.66","1.16","11.80","1.05","2.03","1.79"
"429","01-10-23 14:00","Spain","LaLiga","2023/2024","Almeria","Granada CF","1.95","3.83","3.88","1.03","13.80","1.22","4.61","1.73","2.23","2.70","1.49","5.11","1.18","1.58","2.39"
"430","30-09-23 21:00","Spain","LaLiga","2023/2024","Real Sociedad","Ath Bilbao","2.25","3.17","3.68","1.10","7.45","1.46","2.79","2.43","1.59","5.11","1.18","10.60","1.06","1.98","1.83"
"431","30-09-23 18:30","Spain","LaLiga","2023/2024","Girona","Real Madrid","4.18","4.10","1.83","1.02","17.00","1.19","5.00","1.61","2.38","2.47","1.57","4.48","1.22","1.50","2.58"
"432","30-09-23 16:15","Spain","LaLiga","2023/2024","Rayo Vallecano","Mallorca","2.07","3.30","4.09","1.11","7.00","1.51","2.63","2.57","1.54","5.41","1.17","11.20","1.05","2.03","1.79"
"433","30-09-23 14:00","Spain","LaLiga","2023/2024","Getafe","Villarreal","2.83","3.09","2.83","1.10","7.45","1.38","3.19","2.23","1.69","4.22","1.24","8.74","1.08","1.87","1.94"
"434","29-09-23 21:00","Spain","LaLiga","2023/2024","Barcelona","Sevilla","1.38","5.31","8.36","1.01","23.00","1.15","5.85","1.43","2.93","2.11","1.81","3.46","1.33","1.63","2.29"
"435","28-09-23 21:30","Spain","LaLiga","2023/2024","Osasuna","Atl. Madrid","4.33","3.49","1.95","1.08","8.51","1.38","3.19","2.22","1.74","3.90","1.28","7.97","1.09","1.87","1.94"
"436","28-09-23 19:00","Spain","LaLiga","2023/2024","Celta Vigo","Alaves","1.59","3.84","7.09","1.09","8.00","1.41","3.00","2.35","1.67","4.14","1.25","8.45","1.09","2.25","1.65"
"437","28-09-23 19:00","Spain","LaLiga","2023/2024","Granada CF","Betis","2.85","3.60","2.59","1.02","9.20","1.27","3.40","1.99","1.95","3.20","1.30","5.90","1.08","1.72","2.07"
"438","27-09-23 21:30","Spain","LaLiga","2023/2024","Cadiz CF","Rayo Vallecano","2.62","3.18","2.98","1.09","8.00","1.48","2.75","2.37","1.62","4.48","1.22","9.26","1.07","1.87","1.94"
"439","27-09-23 21:30","Spain","LaLiga","2023/2024","Valencia","Real Sociedad","2.56","3.08","3.18","1.13","6.50","1.56","2.50","2.66","1.50","5.41","1.17","11.20","1.05","2.15","1.70"
"440","27-09-23 19:00","Spain","LaLiga","2023/2024","Ath Bilbao","Getafe","1.54","4.31","6.67","1.08","9.00","1.37","3.20","2.24","1.73","4.14","1.25","8.45","1.09","2.18","1.69"
"441","27-09-23 19:00","Spain","LaLiga","2023/2024","Real Madrid","Las Palmas","1.18","8.24","16.40","1.01","21.00","1.15","5.85","1.43","2.93","2.11","1.81","3.57","1.31","2.18","1.69"
"442","27-09-23 19:00","Spain","LaLiga","2023/2024","Villarreal","Girona","2.17","3.78","3.28","1.02","17.00","1.22","4.50","1.65","2.30","2.57","1.54","4.80","1.20","1.57","2.42"
"443","26-09-23 21:30","Spain","LaLiga","2023/2024","Mallorca","Barcelona","7.76","4.47","1.48","1.05","11.70","1.26","3.99","1.88","2.03","3.24","1.37","6.17","1.14","1.98","1.83"
"444","26-09-23 19:00","Spain","LaLiga","2023/2024","Sevilla","Almeria","1.67","3.88","5.77","1.05","11.70","1.24","4.25","1.80","2.13","2.88","1.44","5.66","1.16","1.69","2.17"
"445","24-09-23 21:00","Spain","LaLiga","2023/2024","Atl. Madrid","Real Madrid","3.15","3.37","2.40","1.05","11.70","1.30","3.72","2.01","1.90","3.46","1.33","7.12","1.11","1.72","2.13"
"446","24-09-23 18:30","Spain","LaLiga","2023/2024","Betis","Cadiz CF","1.78","3.62","5.23","1.08","8.51","1.34","3.41","2.11","1.81","3.90","1.28","7.97","1.09","1.92","1.88"
"447","24-09-23 18:30","Spain","LaLiga","2023/2024","Las Palmas","Granada CF","2.01","3.67","3.85","1.05","11.00","1.29","3.75","1.99","1.91","3.24","1.37","6.54","1.13","1.78","2.04"
"448","24-09-23 16:15","Spain","LaLiga","2023/2024","Rayo Vallecano","Villarreal","2.77","3.49","2.61","1.04","13.00","1.26","4.00","1.90","2.00","3.06","1.40","6.00","1.14","1.58","2.39"
"449","24-09-23 14:00","Spain","LaLiga","2023/2024","Real Sociedad","Getafe","1.68","3.38","7.16","1.14","6.04","1.55","2.53","2.80","1.46","6.00","1.14","11.40","1.05","2.50","1.53"
"450","23-09-23 21:00","Spain","LaLiga","2023/2024","Almeria","Valencia","2.95","3.56","2.43","1.06","10.60","1.31","3.62","2.01","1.90","3.57","1.31","7.12","1.11","1.73","2.10"
"451","23-09-23 18:30","Spain","LaLiga","2023/2024","Barcelona","Celta Vigo","1.30","6.41","11.30","1.02","18.50","1.12","5.05","1.46","2.52","2.31","1.72","3.54","1.25","1.91","1.85"
"452","23-09-23 16:15","Spain","LaLiga","2023/2024","Osasuna","Sevilla","2.61","3.26","2.93","1.08","8.51","1.38","3.19","2.22","1.74","3.90","1.28","7.97","1.09","2.02","1.79"
"453","23-09-23 14:00","Spain","LaLiga","2023/2024","Girona","Mallorca","1.90","3.32","4.95","1.10","7.45","1.43","2.93","2.43","1.59","4.53","1.22","9.43","1.07","2.01","1.81"
"454","22-09-23 21:00","Spain","LaLiga","2023/2024","Alaves","Ath Bilbao","4.75","3.06","2.03","1.13","6.38","1.50","2.66","2.70","1.49","5.11","1.18","10.60","1.06","2.12","1.73"
"455","18-09-23 21:00","Spain","LaLiga","2023/2024","Granada CF","Girona","3.20","3.58","2.28","1.03","14.20","1.24","4.24","1.78","2.08","2.84","1.45","5.76","1.15","1.55","2.46"
"456","17-09-23 21:00","Spain","LaLiga","2023/2024","Real Madrid","Real Sociedad","1.70","3.88","5.39","1.05","11.00","1.29","3.75","1.99","1.91","3.43","1.34","6.54","1.13","1.73","2.10"
"457","17-09-23 18:30","Spain","LaLiga","2023/2024","Sevilla","Las Palmas","1.56","4.24","6.45","1.05","11.70","1.26","3.99","1.88","2.03","3.06","1.40","5.66","1.16","1.79","2.02"
"458","17-09-23 16:15","Spain","LaLiga","2023/2024","Villarreal","Almeria","1.52","4.64","6.31","1.02","25.00","1.13","6.38","1.38","3.19","2.01","1.90","3.24","1.37","1.50","2.61"
"459","17-09-23 14:00","Spain","LaLiga","2023/2024","Getafe","Osasuna","2.60","2.95","3.26","1.14","5.98","1.65","2.39","3.00","1.41","6.06","1.14","13.10","1.04","2.16","1.70"
"460","16-09-23 21:00","Spain","LaLiga","2023/2024","Barcelona","Betis","1.35","6.16","7.93","1.01","21.00","1.15","5.85","1.43","2.93","2.11","1.81","3.46","1.33","1.73","2.10"
"461","16-09-23 18:30","Spain","LaLiga","2023/2024","Celta Vigo","Mallorca","1.99","3.17","4.71","1.13","6.38","1.50","2.66","2.52","1.55","5.11","1.18","10.60","1.06","2.12","1.73"
"462","16-09-23 16:15","Spain","LaLiga","2023/2024","Valencia","Atl. Madrid","3.79","3.33","2.14","1.08","8.51","1.38","3.19","2.22","1.74","4.22","1.24","8.74","1.08","1.87","1.94"
"463","16-09-23 14:00","Spain","LaLiga","2023/2024","Ath Bilbao","Cadiz CF","1.67","3.91","6.26","1.04","7.40","1.40","2.77","2.36","1.69","4.15","1.20","7.90","1.03","2.25","1.61"
"464","15-09-23 21:00","Spain","LaLiga","2023/2024","Rayo Vallecano","Alaves","1.99","3.34","4.37","1.12","6.91","1.50","2.66","2.52","1.55","5.11","1.18","10.60","1.06","2.12","1.73"
"465","03-09-23 21:00","Spain","LaLiga","2023/2024","Osasuna","Barcelona","7.15","4.55","1.49","1.03","13.80","1.22","4.61","1.73","2.23","2.70","1.49","5.11","1.18","1.73","2.10"
"466","03-09-23 16:15","Spain","LaLiga","2023/2024","Mallorca","Ath Bilbao","3.36","2.99","2.50","1.13","6.38","1.55","2.53","2.70","1.49","5.66","1.16","11.80","1.05","2.03","1.79"
"467","03-09-23 14:00","Spain","LaLiga","2023/2024","Girona","Las Palmas","1.69","4.07","5.20","1.05","11.00","1.29","3.75","1.99","1.91","3.43","1.34","6.54","1.13","1.79","2.02"
"468","02-09-23 21:00","Spain","LaLiga","2023/2024","Betis","Rayo Vallecano","2.03","3.38","4.13","1.09","8.00","1.41","3.00","2.37","1.62","4.48","1.22","9.26","1.07","1.92","1.88"
"469","02-09-23 18:30","Spain","LaLiga","2023/2024","Alaves","Valencia","3.46","2.95","2.48","1.13","6.38","1.55","2.53","2.70","1.49","5.66","1.16","11.80","1.05","2.01","1.81"
"470","02-09-23 16:15","Spain","LaLiga","2023/2024","Real Madrid","Getafe","1.38","5.10","9.32","1.06","10.60","1.31","3.62","2.01","1.90","3.46","1.33","6.66","1.12","2.26","1.64"
"471","02-09-23 14:00","Spain","LaLiga","2023/2024","Real Sociedad","Granada CF","1.44","4.64","8.24","1.05","11.00","1.32","3.50","1.99","1.91","3.43","1.34","6.54","1.13","2.03","1.79"
"472","01-09-23 22:00","Spain","LaLiga","2023/2024","Almeria","Celta Vigo","3.06","3.39","2.44","1.06","10.60","1.30","3.72","2.01","1.90","3.24","1.37","6.66","1.12","1.69","2.17"
"473","01-09-23 19:30","Spain","LaLiga","2023/2024","Cadiz CF","Villarreal","3.59","3.57","2.12","1.03","13.80","1.24","4.25","1.80","2.13","2.88","1.44","5.66","1.16","1.58","2.39"
"474","28-08-23 21:30","Spain","LaLiga","2023/2024","Rayo Vallecano","Atl. Madrid","3.99","3.58","2.06","1.03","7.90","1.36","2.94","2.23","1.77","3.72","1.24","7.20","1.05","1.92","1.84"
"475","28-08-23 19:30","Spain","LaLiga","2023/2024","Getafe","Alaves","2.36","2.70","4.24","1.24","4.25","1.88","2.03","3.90","1.28","8.74","1.08","16.70","1.02","2.63","1.49"
"476","27-08-23 21:30","Spain","LaLiga","2023/2024","Ath Bilbao","Betis","2.08","3.45","3.87","1.08","9.00","1.37","3.20","2.24","1.73","4.14","1.25","8.45","1.09","1.87","1.94"
"477","27-08-23 19:30","Spain","LaLiga","2023/2024","Valencia","Osasuna","1.79","3.49","5.38","1.13","6.50","1.56","2.50","2.66","1.50","5.41","1.17","11.20","1.05","2.18","1.69"
"478","27-08-23 17:30","Spain","LaLiga","2023/2024","Villarreal","Barcelona","3.84","3.66","2.01","1.03","14.20","1.24","4.24","1.72","2.17","2.73","1.48","5.11","1.18","1.59","2.35"
"479","26-08-23 21:30","Spain","LaLiga","2023/2024","Sevilla","Girona","1.94","3.56","4.27","1.07","9.57","1.30","3.72","2.01","1.90","3.24","1.37","6.66","1.12","1.73","2.10"
"480","26-08-23 19:30","Spain","LaLiga","2023/2024","Granada CF","Mallorca","2.74","3.05","2.95","1.13","6.38","1.55","2.53","2.70","1.49","5.66","1.16","11.80","1.05","2.12","1.73"
"481","26-08-23 19:00","Spain","LaLiga","2023/2024","Cadiz CF","Almeria","2.10","3.35","3.88","1.08","9.00","1.34","3.40","2.24","1.73","3.79","1.29","7.54","1.10","1.73","2.10"
"482","25-08-23 21:30","Spain","LaLiga","2023/2024","Celta Vigo","Real Madrid","5.13","3.89","1.73","1.03","13.80","1.24","4.25","1.73","2.23","2.88","1.44","5.11","1.18","1.66","2.23"
"483","25-08-23 19:30","Spain","LaLiga","2023/2024","Las Palmas","Real Sociedad","4.73","3.38","1.91","1.11","7.00","1.48","2.75","2.57","1.54","4.80","1.20","9.99","1.06","2.15","1.70"
"484","21-08-23 21:30","Spain","LaLiga","2023/2024","Granada CF","Rayo Vallecano","3.12","3.16","2.54","1.10","7.69","1.41","3.02","2.26","1.66","4.40","1.23","9.17","1.07","1.92","1.88"
"485","21-08-23 19:00","Spain","LaLiga","2023/2024","Alaves","Sevilla","3.64","3.09","2.31","1.11","6.99","1.50","2.69","2.49","1.56","5.06","1.18","10.50","1.06","1.98","1.83"
"486","20-08-23 21:30","Spain","LaLiga","2023/2024","Betis","Atl. Madrid","4.19","3.50","1.98","1.05","11.70","1.30","3.72","1.88","2.03","3.24","1.37","6.66","1.12","1.69","2.17"
"487","20-08-23 19:30","Spain","LaLiga","2023/2024","Barcelona","Cadiz CF","1.27","6.27","12.20","1.03","13.80","1.20","4.79","1.63","2.34","2.52","1.55","4.53","1.22","2.09","1.74"
"488","20-08-23 19:00","Spain","LaLiga","2023/2024","Girona","Getafe","1.95","3.25","4.75","1.13","6.59","1.48","2.75","2.45","1.58","4.96","1.19","10.30","1.06","2.18","1.69"
"489","19-08-23 21:30","Spain","LaLiga","2023/2024","Osasuna","Ath Bilbao","3.06","2.98","2.71","1.11","7.14","1.44","2.89","2.45","1.58","4.96","1.19","10.30","1.06","1.98","1.83"
"490","19-08-23 19:30","Spain","LaLiga","2023/2024","Almeria","Real Madrid","7.80","5.13","1.42","1.01","22.00","1.13","6.38","1.43","2.93","2.11","1.81","3.46","1.33","1.61","2.31"
"491","19-08-23 17:00","Spain","LaLiga","2023/2024","Real Sociedad","Celta Vigo","1.70","3.46","6.49","1.12","6.91","1.46","2.79","2.43","1.59","5.11","1.18","10.60","1.06","2.18","1.69"
"492","18-08-23 21:30","Spain","LaLiga","2023/2024","Valencia","Las Palmas","1.61","3.88","6.64","1.09","8.00","1.37","3.20","2.24","1.73","4.14","1.25","8.45","1.09","2.15","1.70"
"493","18-08-23 19:30","Spain","LaLiga","2023/2024","Mallorca","Villarreal","2.74","3.34","2.74","1.05","9.57","1.34","3.41","2.11","1.81","3.90","1.28","7.97","1.09","1.73","2.10"
"494","14-08-23 21:30","Spain","LaLiga","2023/2024","Atl. Madrid","Granada CF","1.35","5.41","9.32","1.04","13.00","1.22","4.50","1.65","2.30","2.66","1.50","4.80","1.20","2.04","1.78"
"495","14-08-23 19:30","Spain","LaLiga","2023/2024","Cadiz CF","Alaves","2.28","3.04","3.80","1.15","5.85","1.67","2.34","2.88","1.44","6.17","1.14","13.30","1.04","2.18","1.69"
"496","13-08-23 21:30","Spain","LaLiga","2023/2024","Getafe","Barcelona","7.40","4.10","1.54","1.08","8.60","1.37","3.23","2.20","1.75","4.18","1.25","8.66","1.08","2.18","1.69"
"497","13-08-23 19:30","Spain","LaLiga","2023/2024","Villarreal","Betis","1.75","4.11","4.63","1.03","13.80","1.22","4.61","1.73","2.23","2.70","1.49","5.11","1.18","1.66","2.23"
"498","13-08-23 17:00","Spain","LaLiga","2023/2024","Celta Vigo","Osasuna","2.08","3.26","4.12","1.10","7.45","1.43","2.93","2.33","1.63","4.53","1.22","9.43","1.07","1.98","1.83"
"499","12-08-23 21:30","Spain","LaLiga","2023/2024","Ath Bilbao","Real Madrid","3.70","3.49","2.11","1.05","11.70","1.26","3.99","1.88","2.03","3.24","1.37","6.17","1.14","1.69","2.17"
"500","12-08-23 19:30","Spain","LaLiga","2023/2024","Las Palmas","Mallorca","2.76","2.98","3.01","1.14","5.91","1.66","2.37","3.03","1.41","6.12","1.14","13.20","1.04","2.29","1.63"
"501","12-08-23 17:00","Spain","LaLiga","2023/2024","Real Sociedad","Girona","1.82","3.72","4.76","1.07","9.57","1.34","3.41","2.11","1.81","3.90","1.28","7.97","1.09","1.92","1.88"
"502","11-08-23 22:00","Spain","LaLiga","2023/2024","Sevilla","Valencia","1.89","3.46","4.74","1.08","8.51","1.38","3.19","2.23","1.69","4.22","1.24","8.74","1.08","1.92","1.88"
"503","11-08-23 19:30","Spain","LaLiga","2023/2024","Almeria","Rayo Vallecano","2.53","3.28","3.03","1.08","8.51","1.38","3.19","2.23","1.69","4.22","1.24","8.74","1.08","1.87","1.94"
"506","04-06-23 21:00","Spain","LaLiga","2022/2023","Celta Vigo","Barcelona","3.01","3.69","2.34","1.05","11.70","1.30","3.72","1.88","2.03","3.24","1.37","6.17","1.14","1.69","2.17"
"507","04-06-23 21:00","Spain","LaLiga","2022/2023","Elche","Cadiz CF","2.66","3.39","2.78","1.05","11.00","1.29","3.75","1.99","1.91","3.24","1.37","6.54","1.13","1.70","2.15"
"508","04-06-23 21:00","Spain","LaLiga","2022/2023","Espanyol","Almeria","2.44","3.81","2.79","1.03","22.00","1.16","5.50","1.48","2.75","2.24","1.73","3.79","1.29","1.43","2.82"
"509","04-06-23 21:00","Spain","LaLiga","2022/2023","Valladolid","Getafe","2.00","3.33","4.34","1.11","7.00","1.48","2.75","2.47","1.57","4.80","1.20","9.99","1.06","1.98","1.83"
"885","04-06-23 21:00","Spain","LaLiga","2022/2023","Betis","Valencia","2.78","3.39","2.66","1.08","8.49","1.41","3.02","2.38","1.65","4.40","1.23","8.99","1.08","1.79","2.02"
"510","04-06-23 18:30","Spain","LaLiga","2022/2023","Mallorca","Rayo Vallecano","3.26","3.27","2.39","1.11","7.00","1.48","2.75","2.47","1.57","4.80","1.20","9.99","1.06","1.92","1.88"
"511","04-06-23 18:30","Spain","LaLiga","2022/2023","Osasuna","Girona","2.06","3.75","3.60","1.04","13.00","1.26","4.00","1.90","2.00","3.06","1.40","5.41","1.17","1.63","2.29"
"512","04-06-23 18:30","Spain","LaLiga","2022/2023","Real Madrid","Ath Bilbao","1.66","4.14","5.34","1.02","17.00","1.19","5.00","1.56","2.50","2.37","1.62","4.14","1.25","1.62","2.31"
"513","04-06-23 18:30","Spain","LaLiga","2022/2023","Real Sociedad","Sevilla","1.65","4.11","5.53","1.05","11.00","1.29","3.75","1.99","1.91","3.24","1.37","6.00","1.14","1.79","2.02"
"514","04-06-23 18:30","Spain","LaLiga","2022/2023","Villarreal","Atl. Madrid","2.86","3.84","2.38","1.02","23.00","1.14","6.00","1.48","2.75","2.13","1.80","3.43","1.34","1.42","2.87"
"515","28-05-23 19:00","Spain","LaLiga","2022/2023","Almeria","Valladolid","2.26","3.50","3.46","1.02","9.20","1.24","3.72","1.87","2.08","2.81","1.39","5.05","1.12","1.65","2.18"
"516","28-05-23 19:00","Spain","LaLiga","2022/2023","Ath Bilbao","Elche","1.44","5.20","7.90","1.03","18.00","1.18","4.10","1.75","2.26","2.71","1.50","4.60","1.17","1.98","1.78"
"517","28-05-23 19:00","Spain","LaLiga","2022/2023","Atl. Madrid","Real Sociedad","2.33","3.16","3.70","1.06","6.90","1.39","2.81","2.33","1.70","3.90","1.22","7.50","1.04","1.88","1.88"
"518","28-05-23 19:00","Spain","LaLiga","2022/2023","Barcelona","Mallorca","1.28","6.85","11.50","1.03","18.00","1.16","4.40","1.66","2.42","2.51","1.57","4.04","1.21","2.30","1.59"
"519","28-05-23 19:00","Spain","LaLiga","2022/2023","Cadiz CF","Celta Vigo","2.62","3.07","3.24","1.08","6.10","1.47","2.53","2.58","1.59","4.60","1.17","8.90","1.02","2.06","1.73"
"520","28-05-23 19:00","Spain","LaLiga","2022/2023","Getafe","Osasuna","2.57","2.85","3.64","1.14","4.94","1.78","2.21","3.10","1.33","6.15","1.08","16.00","1.01","2.44","1.53"
"521","28-05-23 19:00","Spain","LaLiga","2022/2023","Girona","Betis","2.00","3.76","4.00","1.02","9.10","1.29","3.38","2.00","1.94","3.28","1.30","6.00","1.08","1.80","1.96"
"522","28-05-23 19:00","Spain","LaLiga","2022/2023","Rayo Vallecano","Villarreal","3.22","3.88","2.23","1.01","16.00","1.16","4.30","1.70","2.35","2.61","1.53","4.40","1.18","1.54","2.41"
"523","28-05-23 19:00","Spain","LaLiga","2022/2023","Valencia","Espanyol","2.12","3.64","3.70","1.02","8.60","1.31","3.22","2.08","1.87","3.40","1.28","6.40","1.07","1.82","1.94"
"524","27-05-23 19:00","Spain","LaLiga","2022/2023","Sevilla","Real Madrid","3.44","3.57","2.17","1.03","13.80","1.22","4.61","1.73","2.23","2.70","1.49","5.11","1.18","1.58","2.39"
"525","25-05-23 21:30","Spain","LaLiga","2022/2023","Osasuna","Ath Bilbao","3.48","3.29","2.28","1.07","9.57","1.31","3.62","2.01","1.90","3.57","1.31","7.12","1.11","1.73","2.10"
"526","25-05-23 19:30","Spain","LaLiga","2022/2023","Mallorca","Valencia","3.05","3.05","2.67","1.12","6.91","1.50","2.66","2.52","1.55","5.11","1.18","10.60","1.06","1.98","1.83"
"527","24-05-23 22:00","Spain","LaLiga","2022/2023","Betis","Getafe","2.33","3.13","3.76","1.09","5.80","1.62","2.51","2.74","1.49","5.20","1.13","10.00","1.01","2.22","1.63"
"528","24-05-23 22:00","Spain","LaLiga","2022/2023","Espanyol","Atl. Madrid","3.41","3.58","2.18","1.04","13.00","1.23","4.33","1.82","2.10","2.86","1.45","5.41","1.17","1.73","2.12"
"529","24-05-23 19:30","Spain","LaLiga","2022/2023","Elche","Sevilla","3.67","3.58","2.09","1.05","11.70","1.26","3.99","1.88","2.03","3.24","1.37","6.17","1.14","1.69","2.17"
"530","24-05-23 19:30","Spain","LaLiga","2022/2023","Real Madrid","Rayo Vallecano","1.38","5.26","8.39","1.02","18.10","1.17","5.32","1.46","2.79","2.23","1.69","3.90","1.28","1.74","2.10"
"531","24-05-23 19:30","Spain","LaLiga","2022/2023","Villarreal","Cadiz CF","1.50","4.92","6.21","1.02","17.00","1.19","5.00","1.61","2.38","2.47","1.57","4.48","1.22","1.74","2.10"
"532","23-05-23 22:00","Spain","LaLiga","2022/2023","Valladolid","Barcelona","4.10","3.85","1.90","1.02","16.00","1.22","4.61","1.63","2.34","2.70","1.49","5.11","1.18","1.73","2.12"
"533","23-05-23 19:30","Spain","LaLiga","2022/2023","Celta Vigo","Girona","2.23","3.46","3.42","1.07","9.57","1.31","3.62","2.01","1.90","3.46","1.33","7.12","1.11","1.73","2.10"
"534","23-05-23 19:30","Spain","LaLiga","2022/2023","Real Sociedad","Almeria","1.40","5.13","8.21","1.03","15.00","1.22","4.50","1.61","2.38","2.57","1.54","4.48","1.22","1.73","2.10"
"535","21-05-23 21:00","Spain","LaLiga","2022/2023","Sevilla","Betis","2.04","3.57","3.83","1.05","11.70","1.30","3.72","1.88","2.03","3.24","1.37","6.66","1.12","1.69","2.17"
"536","21-05-23 18:30","Spain","LaLiga","2022/2023","Valencia","Real Madrid","3.67","3.57","2.09","1.03","13.80","1.22","4.61","1.73","2.23","2.70","1.49","5.11","1.18","1.58","2.38"
"537","21-05-23 16:15","Spain","LaLiga","2022/2023","Atl. Madrid","Osasuna","1.50","4.55","6.99","1.03","15.00","1.22","4.50","1.70","2.20","2.66","1.50","4.80","1.20","1.83","1.98"
"538","21-05-23 14:00","Spain","LaLiga","2022/2023","Rayo Vallecano","Espanyol","1.82","3.72","4.76","1.06","10.60","1.31","3.62","2.11","1.81","3.57","1.31","7.12","1.11","1.87","1.94"
"539","20-05-23 21:00","Spain","LaLiga","2022/2023","Barcelona","Real Sociedad","1.70","3.84","5.56","1.05","11.70","1.26","3.99","1.88","2.03","3.24","1.37","6.17","1.14","1.73","2.10"
"540","20-05-23 18:30","Spain","LaLiga","2022/2023","Almeria","Mallorca","2.40","3.33","3.19","1.08","9.00","1.37","3.20","2.24","1.73","4.14","1.25","8.45","1.09","1.90","1.90"
"541","20-05-23 18:30","Spain","LaLiga","2022/2023","Getafe","Elche","1.70","3.59","6.16","1.11","7.00","1.48","2.75","2.47","1.57","4.80","1.20","9.99","1.06","2.31","1.62"
"542","20-05-23 16:15","Spain","LaLiga","2022/2023","Ath Bilbao","Celta Vigo","1.68","3.87","5.61","1.08","9.00","1.37","3.20","2.13","1.80","3.79","1.29","7.54","1.10","1.92","1.88"
"543","20-05-23 14:00","Spain","LaLiga","2022/2023","Girona","Villarreal","2.56","3.89","2.61","1.02","20.00","1.19","5.00","1.51","2.63","2.26","1.67","4.14","1.25","1.43","2.85"
"544","19-05-23 21:00","Spain","LaLiga","2022/2023","Cadiz CF","Valladolid","2.23","3.58","3.29","1.06","10.40","1.35","3.30","2.12","1.81","3.65","1.30","7.51","1.10","1.83","1.98"
"545","15-05-23 21:00","Spain","LaLiga","2022/2023","Betis","Rayo Vallecano","2.05","3.52","3.86","1.06","10.60","1.31","3.62","2.01","1.90","3.46","1.33","7.12","1.11","1.73","2.10"
"546","14-05-23 21:00","Spain","LaLiga","2022/2023","Espanyol","Barcelona","6.52","4.54","1.52","1.03","14.20","1.26","4.09","1.78","2.08","3.05","1.40","5.76","1.15","1.88","1.92"
"547","14-05-23 18:30","Spain","LaLiga","2022/2023","Valladolid","Sevilla","2.66","3.46","2.74","1.06","10.60","1.31","3.62","2.01","1.90","3.46","1.33","7.12","1.11","1.73","2.10"
"548","14-05-23 16:15","Spain","LaLiga","2022/2023","Elche","Atl. Madrid","7.75","4.94","1.43","1.03","15.00","1.19","5.00","1.61","2.38","2.47","1.57","4.48","1.22","1.78","2.04"
"549","14-05-23 14:00","Spain","LaLiga","2022/2023","Celta Vigo","Valencia","2.40","3.45","3.08","1.08","9.00","1.37","3.20","2.24","1.73","3.79","1.29","7.54","1.10","1.73","2.10"
"550","13-05-23 21:00","Spain","LaLiga","2022/2023","Real Madrid","Getafe","1.60","4.12","6.18","1.06","10.60","1.31","3.62","2.01","1.90","3.46","1.33","6.66","1.06","1.98","1.83"
"551","13-05-23 18:30","Spain","LaLiga","2022/2023","Villarreal","Ath Bilbao","2.05","3.82","3.56","1.03","13.80","1.24","4.25","1.80","2.13","2.88","1.44","5.11","1.18","1.63","2.29"
"552","13-05-23 16:15","Spain","LaLiga","2022/2023","Osasuna","Almeria","1.90","3.67","4.34","1.04","13.00","1.23","4.33","1.82","2.10","2.86","1.45","5.41","1.17","1.65","2.25"
"553","13-05-23 14:00","Spain","LaLiga","2022/2023","Real Sociedad","Girona","1.64","3.96","6.55","1.03","8.20","1.35","2.99","2.20","1.79","3.72","1.24","7.10","1.05","2.09","1.70"
"554","12-05-23 21:00","Spain","LaLiga","2022/2023","Mallorca","Cadiz CF","2.27","3.04","4.06","1.11","5.80","1.62","2.51","2.63","1.44","5.00","1.12","10.00","1.01","2.24","1.62"
"555","04-05-23 22:00","Spain","LaLiga","2022/2023","Ath Bilbao","Betis","1.68","4.08","5.24","1.07","9.57","1.34","3.41","2.11","1.81","3.90","1.28","7.97","1.09","2.03","1.79"
"556","04-05-23 22:00","Spain","LaLiga","2022/2023","Rayo Vallecano","Valladolid","1.90","3.83","4.13","1.06","10.60","1.30","3.72","1.88","2.03","3.24","1.37","6.66","1.12","1.73","2.10"
"557","04-05-23 19:30","Spain","LaLiga","2022/2023","Girona","Mallorca","1.91","3.29","4.92","1.10","7.45","1.43","2.93","2.43","1.59","4.53","1.22","9.43","1.07","2.03","1.79"
"558","04-05-23 19:30","Spain","LaLiga","2022/2023","Sevilla","Espanyol","1.81","3.86","4.60","1.05","11.80","1.29","3.76","1.86","2.05","3.21","1.37","6.12","1.14","1.73","2.10"
"559","03-05-23 22:00","Spain","LaLiga","2022/2023","Atl. Madrid","Cadiz CF","1.33","5.61","10.20","1.03","15.00","1.22","4.50","1.65","2.30","2.66","1.50","4.80","1.20","2.04","1.78"
"560","03-05-23 22:00","Spain","LaLiga","2022/2023","Getafe","Celta Vigo","2.85","2.95","2.93","1.13","6.38","1.55","2.53","2.70","1.49","5.66","1.16","11.80","1.05","2.12","1.73"
"561","03-05-23 19:30","Spain","LaLiga","2022/2023","Valencia","Villarreal","2.69","3.46","2.81","1.02","8.80","1.28","3.40","1.97","1.97","3.15","1.32","5.75","1.09","1.71","2.08"
"562","02-05-23 22:00","Spain","LaLiga","2022/2023","Real Sociedad","Real Madrid","2.57","3.29","2.97","1.08","8.60","1.37","3.23","2.20","1.75","3.87","1.28","7.90","1.10","1.87","1.94"
"563","02-05-23 19:30","Spain","LaLiga","2022/2023","Almeria","Elche","1.81","4.08","4.33","1.02","16.00","1.20","4.79","1.58","2.45","2.52","1.55","4.53","1.22","1.58","2.39"
"564","02-05-23 19:30","Spain","LaLiga","2022/2023","Barcelona","Osasuna","1.19","7.88","15.60","1.02","24.00","1.14","6.18","1.39","3.09","2.02","1.89","3.31","1.35","2.03","1.79"
"565","01-05-23 21:00","Spain","LaLiga","2022/2023","Sevilla","Girona","1.87","3.56","4.64","1.06","10.60","1.31","3.62","2.01","1.90","3.46","1.33","7.12","1.11","1.79","2.02"
"566","01-05-23 19:00","Spain","LaLiga","2022/2023","Mallorca","Ath Bilbao","3.54","2.86","2.51","1.17","5.38","1.66","2.37","3.03","1.41","6.12","1.14","13.20","1.04","2.18","1.69"
"567","30-04-23 21:00","Spain","LaLiga","2022/2023","Valladolid","Atl. Madrid","5.32","3.91","1.70","1.03","13.80","1.24","4.25","1.80","2.13","2.88","1.44","5.66","1.16","1.73","2.10"
"568","30-04-23 18:30","Spain","LaLiga","2022/2023","Espanyol","Getafe","2.42","3.00","3.52","1.13","6.38","1.55","2.53","2.70","1.49","5.66","1.16","11.80","1.05","2.12","1.73"
"569","30-04-23 16:15","Spain","LaLiga","2022/2023","Villarreal","Celta Vigo","1.63","4.07","5.85","1.04","13.00","1.23","4.33","1.82","2.10","2.86","1.45","5.41","1.17","1.83","1.98"
"570","30-04-23 14:00","Spain","LaLiga","2022/2023","Cadiz CF","Valencia","3.38","2.94","2.54","1.13","6.38","1.55","2.53","2.70","1.49","5.11","1.18","11.80","1.05","2.03","1.79"
"571","29-04-23 21:00","Spain","LaLiga","2022/2023","Barcelona","Betis","1.39","5.10","8.66","1.02","16.00","1.20","4.79","1.55","2.53","2.43","1.59","4.22","1.24","1.73","2.10"
"572","29-04-23 18:30","Spain","LaLiga","2022/2023","Real Madrid","Almeria","1.14","9.71","18.80","1.01","29.00","1.06","10.60","1.22","4.61","1.55","2.53","2.23","1.69","1.94","1.87"
"573","29-04-23 16:15","Spain","LaLiga","2022/2023","Elche","Rayo Vallecano","4.39","3.37","1.98","1.08","8.51","1.38","3.19","2.22","1.74","3.90","1.28","7.97","1.09","1.92","1.88"
"574","28-04-23 21:00","Spain","LaLiga","2022/2023","Osasuna","Real Sociedad","3.90","3.06","2.31","1.10","5.45","1.69","2.37","2.93","1.44","5.65","1.11","","","2.32","1.58"
"575","27-04-23 22:00","Spain","LaLiga","2022/2023","Ath Bilbao","Sevilla","1.84","3.80","4.76","1.03","8.40","1.33","3.10","2.12","1.84","3.54","1.26","6.65","1.06","1.93","1.83"
"576","27-04-23 19:30","Spain","LaLiga","2022/2023","Valencia","Valladolid","1.75","4.02","5.10","1.02","9.30","1.28","3.40","1.97","1.97","3.15","1.32","5.80","1.09","1.87","1.89"
"577","27-04-23 19:30","Spain","LaLiga","2022/2023","Villarreal","Espanyol","1.58","4.54","6.10","","","1.21","4.04","1.79","2.20","2.70","1.42","4.74","1.13","1.81","1.95"
"578","26-04-23 22:00","Spain","LaLiga","2022/2023","Celta Vigo","Elche","1.38","5.30","9.40","1.01","15.00","1.22","3.92","1.81","2.17","2.77","1.40","4.90","1.12","2.09","1.70"
"579","26-04-23 22:00","Spain","LaLiga","2022/2023","Rayo Vallecano","Barcelona","5.10","4.00","1.75","1.02","9.20","1.28","3.40","1.97","1.97","3.15","1.32","5.85","1.08","1.88","1.88"
"580","26-04-23 19:30","Spain","LaLiga","2022/2023","Atl. Madrid","Mallorca","1.38","4.92","11.00","1.03","8.50","1.33","3.08","2.17","1.81","3.72","1.24","7.10","1.05","2.46","1.52"
"581","26-04-23 19:30","Spain","LaLiga","2022/2023","Getafe","Almeria","1.86","3.68","4.80","1.04","7.60","1.38","2.85","2.30","1.73","3.92","1.22","7.60","1.04","2.05","1.73"
"582","25-04-23 22:00","Spain","LaLiga","2022/2023","Betis","Real Sociedad","2.86","3.26","2.68","1.10","7.45","1.46","2.79","2.43","1.59","5.11","1.18","10.60","1.06","1.98","1.83"
"583","25-04-23 19:30","Spain","LaLiga","2022/2023","Cadiz CF","Osasuna","2.17","3.26","3.81","1.12","6.91","1.46","2.79","2.43","1.59","5.11","1.18","10.60","1.06","2.03","1.79"
"584","25-04-23 19:30","Spain","LaLiga","2022/2023","Girona","Real Madrid","5.83","4.29","1.60","1.03","19.00","1.16","5.62","1.50","2.67","2.23","1.69","4.03","1.26","1.58","2.38"
"585","23-04-23 21:00","Spain","LaLiga","2022/2023","Sevilla","Villarreal","2.78","3.49","2.59","1.06","10.60","1.30","3.72","1.88","2.03","3.24","1.37","6.17","1.14","1.69","2.17"
"586","23-04-23 18:30","Spain","LaLiga","2022/2023","Mallorca","Getafe","2.57","2.69","3.70","1.22","4.61","1.88","2.03","3.90","1.28","8.74","1.08","16.70","1.02","2.66","1.48"
"587","23-04-23 16:15","Spain","LaLiga","2022/2023","Barcelona","Atl. Madrid","1.97","3.41","4.34","1.07","9.57","1.34","3.41","2.11","1.81","3.90","1.28","7.97","1.09","1.87","1.94"
"588","23-04-23 14:00","Spain","LaLiga","2022/2023","Elche","Valencia","4.58","3.69","1.85","1.07","9.57","1.31","3.62","2.11","1.81","3.57","1.31","7.12","1.11","1.87","1.94"
"589","22-04-23 21:00","Spain","LaLiga","2022/2023","Real Madrid","Celta Vigo","1.26","6.49","11.50","1.02","24.00","1.15","5.85","1.43","2.93","2.11","1.81","3.46","1.33","1.79","2.02"
"590","22-04-23 18:30","Spain","LaLiga","2022/2023","Real Sociedad","Rayo Vallecano","1.70","3.69","5.90","1.09","8.00","1.41","3.00","2.35","1.67","4.48","1.22","9.26","1.07","2.03","1.79"
"591","22-04-23 18:30","Spain","LaLiga","2022/2023","Valladolid","Girona","2.70","3.47","2.70","1.07","9.43","1.35","3.30","2.26","1.71","3.90","1.28","7.51","1.10","1.69","2.17"
"592","22-04-23 16:15","Spain","LaLiga","2022/2023","Almeria","Ath Bilbao","4.98","4.16","1.70","1.05","11.70","1.24","4.25","1.80","2.13","3.06","1.40","5.66","1.16","1.78","2.04"
"593","22-04-23 14:00","Spain","LaLiga","2022/2023","Osasuna","Betis","2.57","3.18","3.06","1.10","7.45","1.46","2.79","2.43","1.59","4.53","1.22","9.43","1.07","1.98","1.83"
"594","21-04-23 21:00","Spain","LaLiga","2022/2023","Espanyol","Cadiz CF","2.14","3.21","3.96","1.10","7.45","1.46","2.79","2.43","1.59","4.53","1.22","10.60","1.06","2.03","1.79"
"595","17-04-23 21:00","Spain","LaLiga","2022/2023","Celta Vigo","Mallorca","1.85","3.41","5.12","1.12","6.91","1.50","2.66","2.52","1.55","5.11","1.18","10.60","1.06","2.29","1.63"
"596","16-04-23 21:00","Spain","LaLiga","2022/2023","Valencia","Sevilla","2.19","3.50","3.46","1.07","9.57","1.38","3.19","2.22","1.74","3.90","1.28","7.97","1.09","1.87","1.94"
"597","16-04-23 18:30","Spain","LaLiga","2022/2023","Atl. Madrid","Almeria","1.23","7.58","11.80","1.02","25.00","1.15","5.85","1.43","2.93","2.11","1.81","3.46","1.33","1.92","1.88"
"598","16-04-23 16:15","Spain","LaLiga","2022/2023","Getafe","Barcelona","5.91","3.69","1.70","1.08","8.51","1.43","2.93","2.23","1.69","4.22","1.24","8.74","1.08","2.12","1.73"
"599","16-04-23 14:00","Spain","LaLiga","2022/2023","Girona","Elche","1.47","5.02","6.63","1.03","14.20","1.24","4.24","1.72","2.17","2.84","1.45","5.11","1.18","1.88","1.92"
"600","15-04-23 21:00","Spain","LaLiga","2022/2023","Cadiz CF","Real Madrid","6.64","4.28","1.55","1.05","11.70","1.24","4.25","1.80","2.13","3.06","1.40","5.66","1.16","1.87","1.94"
"601","15-04-23 18:30","Spain","LaLiga","2022/2023","Betis","Espanyol","2.01","3.38","4.22","1.08","8.51","1.38","3.19","2.22","1.74","3.90","1.28","7.97","1.09","1.87","1.94"
"602","15-04-23 16:15","Spain","LaLiga","2022/2023","Ath Bilbao","Real Sociedad","2.28","3.17","3.62","1.12","6.91","1.50","2.66","2.52","1.55","5.11","1.18","10.60","1.06","2.12","1.73"
"603","15-04-23 14:00","Spain","LaLiga","2022/2023","Villarreal","Valladolid","1.48","4.92","6.60","1.02","17.00","1.22","4.50","1.61","2.38","2.57","1.54","4.48","1.22","1.78","2.04"
"604","14-04-23 21:00","Spain","LaLiga","2022/2023","Rayo Vallecano","Osasuna","2.04","3.26","4.28","1.10","7.45","1.43","2.93","2.33","1.63","4.53","1.22","9.43","1.07","1.98","1.83"
"605","10-04-23 21:00","Spain","LaLiga","2022/2023","Barcelona","Girona","1.34","5.36","9.98","1.02","16.10","1.17","5.38","1.54","2.55","2.31","1.65","4.18","1.25","1.84","1.97"
"606","09-04-23 21:00","Spain","LaLiga","2022/2023","Rayo Vallecano","Atl. Madrid","4.95","3.69","1.79","1.10","7.45","1.46","2.79","2.33","1.63","4.53","1.22","9.43","1.07","2.12","1.73"
"607","09-04-23 18:30","Spain","LaLiga","2022/2023","Almeria","Valencia","3.65","3.40","2.16","1.05","11.70","1.26","3.99","1.88","2.03","3.06","1.40","6.17","1.14","1.66","2.23"
"608","09-04-23 16:15","Spain","LaLiga","2022/2023","Betis","Cadiz CF","1.67","3.70","6.14","1.08","8.51","1.34","3.41","2.11","1.81","3.90","1.28","7.97","1.09","1.98","1.83"
"609","09-04-23 14:00","Spain","LaLiga","2022/2023","Valladolid","Mallorca","2.55","2.86","3.47","1.15","5.85","1.55","2.53","2.70","1.49","5.66","1.16","11.80","1.05","2.03","1.79"
"610","08-04-23 21:00","Spain","LaLiga","2022/2023","Real Madrid","Villarreal","1.46","5.12","6.61","1.02","22.00","1.19","5.00","1.51","2.63","2.37","1.62","4.14","1.25","1.63","2.29"
"611","08-04-23 18:30","Spain","LaLiga","2022/2023","Real Sociedad","Getafe","1.76","3.36","6.10","1.13","6.38","1.50","2.66","2.52","1.55","5.11","1.18","10.60","1.06","2.39","1.58"
"612","08-04-23 16:15","Spain","LaLiga","2022/2023","Espanyol","Ath Bilbao","4.33","3.26","2.03","1.11","7.00","1.51","2.63","2.57","1.54","4.80","1.20","11.20","1.05","1.98","1.83"
"613","08-04-23 14:00","Spain","LaLiga","2022/2023","Osasuna","Elche","1.80","3.74","5.15","1.04","7.60","1.39","2.81","2.32","1.71","4.04","1.21","7.60","1.04","2.10","1.70"
"614","07-04-23 21:00","Spain","LaLiga","2022/2023","Sevilla","Celta Vigo","2.31","3.36","3.48","1.04","7.50","1.36","2.94","2.25","1.76","3.82","1.23","7.20","1.05","1.88","1.88"
"615","03-04-23 21:00","Spain","LaLiga","2022/2023","Valencia","Rayo Vallecano","2.02","3.34","4.24","1.08","8.51","1.38","3.19","2.23","1.69","4.22","1.24","8.74","1.08","1.87","1.94"
"616","02-04-23 21:00","Spain","LaLiga","2022/2023","Atl. Madrid","Betis","1.42","4.73","8.85","1.07","9.43","1.35","3.30","2.12","1.81","3.65","1.30","6.96","1.11","2.12","1.73"
"617","02-04-23 18:30","Spain","LaLiga","2022/2023","Villarreal","Real Sociedad","2.46","3.15","3.25","1.10","7.45","1.43","2.93","2.23","1.69","4.22","1.24","8.74","1.08","1.87","1.94"
"618","02-04-23 16:15","Spain","LaLiga","2022/2023","Real Madrid","Valladolid","1.19","8.43","13.40","1.02","29.00","1.13","6.38","1.38","3.19","2.01","1.90","3.24","1.37","2.10","1.73"
"619","02-04-23 14:00","Spain","LaLiga","2022/2023","Celta Vigo","Almeria","1.53","4.42","6.63","1.03","13.80","1.22","4.61","1.63","2.34","2.70","1.49","5.11","1.18","1.78","2.04"
"620","01-04-23 21:00","Spain","LaLiga","2022/2023","Elche","Barcelona","11.10","5.46","1.32","1.05","11.70","1.22","4.61","1.73","2.23","2.70","1.49","5.11","1.18","2.29","1.63"
"621","01-04-23 18:30","Spain","LaLiga","2022/2023","Cadiz CF","Sevilla","3.73","3.16","2.24","1.10","7.45","1.46","2.79","2.43","1.59","4.53","1.22","10.60","1.06","1.98","1.83"
"622","01-04-23 16:15","Spain","LaLiga","2022/2023","Ath Bilbao","Getafe","1.78","3.56","5.75","1.07","6.25","1.61","2.54","2.67","1.51","5.10","1.14","9.90","1.01","2.44","1.53"
"623","01-04-23 14:00","Spain","LaLiga","2022/2023","Girona","Espanyol","1.94","3.56","4.27","1.08","9.00","1.37","3.20","2.24","1.73","3.79","1.29","8.45","1.09","1.98","1.83"
"624","31-03-23 21:00","Spain","LaLiga","2022/2023","Mallorca","Osasuna","2.23","2.96","4.08","1.20","4.79","1.88","2.03","3.90","1.28","8.74","1.08","16.70","1.02","2.87","1.42"
"625","19-03-23 21:00","Spain","LaLiga","2022/2023","Barcelona","Real Madrid","2.44","3.49","3.00","1.06","10.80","1.29","3.76","1.99","1.91","3.21","1.37","6.60","1.13","1.69","2.17"
"626","19-03-23 18:30","Spain","LaLiga","2022/2023","Getafe","Sevilla","2.89","3.19","2.70","1.13","6.38","1.58","2.45","2.88","1.44","6.17","1.14","13.30","1.04","2.18","1.69"
"627","19-03-23 16:15","Spain","LaLiga","2022/2023","Osasuna","Villarreal","3.08","3.18","2.56","1.08","8.51","1.38","3.19","2.23","1.69","4.22","1.24","8.74","1.08","1.87","1.94"
"628","19-03-23 16:15","Spain","LaLiga","2022/2023","Real Sociedad","Elche","1.41","4.57","9.73","1.07","9.57","1.34","3.41","2.11","1.81","3.57","1.31","7.12","1.11","2.35","1.59"
"629","19-03-23 14:00","Spain","LaLiga","2022/2023","Betis","Mallorca","1.95","3.14","5.01","1.13","6.38","1.50","2.66","2.70","1.49","5.11","1.18","10.60","1.06","2.12","1.73"
"630","18-03-23 21:00","Spain","LaLiga","2022/2023","Atl. Madrid","Valencia","1.50","4.27","7.65","1.08","8.51","1.38","3.19","2.22","1.74","3.90","1.28","7.97","1.09","2.29","1.63"
"631","18-03-23 18:30","Spain","LaLiga","2022/2023","Espanyol","Celta Vigo","3.25","3.05","2.54","1.12","6.91","1.46","2.79","2.52","1.55","5.11","1.18","10.60","1.06","1.98","1.83"
"632","18-03-23 16:15","Spain","LaLiga","2022/2023","Rayo Vallecano","Girona","2.01","3.42","4.18","1.08","8.49","1.41","3.02","2.50","1.60","4.40","1.23","8.99","1.08","1.87","1.94"
"633","18-03-23 14:00","Spain","LaLiga","2022/2023","Almeria","Cadiz CF","2.11","3.48","3.90","1.04","7.90","1.33","3.08","2.17","1.81","3.54","1.26","6.75","1.06","1.88","1.88"
"634","17-03-23 21:00","Spain","LaLiga","2022/2023","Valladolid","Ath Bilbao","4.37","3.60","1.91","1.07","9.57","1.31","3.62","2.01","1.90","3.46","1.33","7.12","1.11","2.02","1.79"
"635","13-03-23 21:00","Spain","LaLiga","2022/2023","Girona","Atl. Madrid","4.11","3.50","1.99","1.07","9.57","1.34","3.41","2.11","1.81","3.57","1.31","7.12","1.11","1.79","2.02"
"636","12-03-23 21:00","Spain","LaLiga","2022/2023","Ath Bilbao","Barcelona","3.98","3.38","2.07","1.07","9.57","1.34","3.41","2.11","1.81","3.90","1.28","7.97","1.09","2.02","1.79"
"637","12-03-23 18:30","Spain","LaLiga","2022/2023","Villarreal","Betis","1.73","4.10","4.79","1.04","13.00","1.26","4.00","1.82","2.10","3.06","1.40","5.41","1.17","1.69","2.17"
"638","12-03-23 16:15","Spain","LaLiga","2022/2023","Sevilla","Almeria","1.61","4.27","5.68","1.03","13.80","1.22","4.61","1.73","2.23","2.70","1.49","5.11","1.18","1.74","2.10"
"639","12-03-23 14:00","Spain","LaLiga","2022/2023","Mallorca","Real Sociedad","3.95","2.86","2.34","1.20","4.79","1.88","2.03","3.57","1.31","7.97","1.09","15.40","1.03","2.53","1.53"
"640","11-03-23 21:00","Spain","LaLiga","2022/2023","Valencia","Osasuna","2.04","3.26","4.28","1.12","6.91","1.46","2.79","2.43","1.59","5.11","1.18","10.60","1.06","2.03","1.79"
"641","11-03-23 18:30","Spain","LaLiga","2022/2023","Celta Vigo","Rayo Vallecano","2.10","3.38","3.88","1.08","8.51","1.38","3.19","2.22","1.74","3.90","1.28","7.97","1.09","1.92","1.88"
"642","11-03-23 16:15","Spain","LaLiga","2022/2023","Elche","Valladolid","2.58","3.36","2.89","1.08","9.00","1.37","3.20","2.24","1.73","4.14","1.25","8.45","1.09","1.83","1.98"
"643","11-03-23 14:00","Spain","LaLiga","2022/2023","Real Madrid","Espanyol","1.28","6.30","13.50","","","1.24","3.72","1.85","2.11","2.85","1.38","5.10","1.11","2.46","1.52"
"644","10-03-23 21:00","Spain","LaLiga","2022/2023","Cadiz CF","Getafe","2.57","2.92","3.52","1.13","5.20","1.76","2.25","2.99","1.35","6.00","1.08","16.00","1.01","2.41","1.54"
"645","06-03-23 21:00","Spain","LaLiga","2022/2023","Osasuna","Celta Vigo","2.50","3.17","3.17","1.10","7.45","1.43","2.93","2.33","1.63","4.53","1.22","9.43","1.07","1.87","1.94"
"646","05-03-23 21:00","Spain","LaLiga","2022/2023","Betis","Real Madrid","5.32","3.91","1.70","1.03","13.80","1.22","4.61","1.73","2.23","2.70","1.49","5.11","1.18","1.66","2.23"
"647","05-03-23 18:30","Spain","LaLiga","2022/2023","Rayo Vallecano","Ath Bilbao","2.98","3.16","2.64","1.12","6.91","1.46","2.79","2.52","1.55","5.11","1.18","10.60","1.06","1.98","1.83"
"648","05-03-23 16:15","Spain","LaLiga","2022/2023","Barcelona","Valencia","1.35","5.41","9.32","1.05","11.70","1.24","4.25","1.80","2.13","2.88","1.44","5.66","1.16","2.12","1.73"
"649","05-03-23 14:00","Spain","LaLiga","2022/2023","Valladolid","Espanyol","2.31","3.34","3.34","1.10","7.55","1.46","2.83","2.50","1.60","4.40","1.23","8.99","1.08","1.87","1.94"
"650","04-03-23 21:00","Spain","LaLiga","2022/2023","Atl. Madrid","Sevilla","1.64","3.89","6.14","1.08","8.51","1.38","3.19","2.22","1.74","3.90","1.28","7.97","1.09","2.12","1.73"
"651","04-03-23 18:30","Spain","LaLiga","2022/2023","Mallorca","Elche","1.71","3.50","6.17","1.09","6.91","1.50","2.66","2.52","1.55","5.11","1.12","10.00","1.06","2.29","1.63"
"652","04-03-23 16:15","Spain","LaLiga","2022/2023","Almeria","Villarreal","3.32","3.72","2.24","1.01","10.00","1.24","3.72","1.87","2.08","2.90","1.37","5.25","1.11","1.66","2.16"
"653","04-03-23 14:00","Spain","LaLiga","2022/2023","Getafe","Girona","2.82","3.05","2.88","1.13","6.38","1.50","2.66","2.52","1.55","5.11","1.18","10.60","1.06","1.98","1.83"
"654","03-03-23 21:00","Spain","LaLiga","2022/2023","Real Sociedad","Cadiz CF","1.58","3.90","7.19","1.10","7.45","1.46","2.79","2.43","1.59","4.53","1.22","9.43","1.07","2.39","1.58"
"655","27-02-23 21:00","Spain","LaLiga","2022/2023","Villarreal","Getafe","1.73","3.56","5.84","1.12","6.91","1.50","2.66","2.52","1.55","5.11","1.18","10.60","1.06","2.29","1.63"
"656","26-02-23 21:00","Spain","LaLiga","2022/2023","Sevilla","Osasuna","1.74","3.69","5.38","1.05","8.00","1.41","2.73","2.26","1.67","4.48","1.22","9.26","1.03","2.18","1.65"
"657","26-02-23 18:30","Spain","LaLiga","2022/2023","Almeria","Barcelona","7.32","4.87","1.45","1.02","16.00","1.17","5.32","1.55","2.53","2.33","1.63","4.22","1.24","1.74","2.10"
"658","26-02-23 16:15","Spain","LaLiga","2022/2023","Celta Vigo","Valladolid","1.72","4.04","5.00","1.05","11.70","1.30","3.72","1.88","2.03","3.24","1.37","6.17","1.14","1.85","1.96"
"659","26-02-23 14:00","Spain","LaLiga","2022/2023","Ath Bilbao","Girona","1.62","4.08","5.96","1.07","9.57","1.31","3.62","2.01","1.90","3.57","1.31","7.12","1.11","1.92","1.88"
"660","25-02-23 21:00","Spain","LaLiga","2022/2023","Valencia","Real Sociedad","3.56","3.18","2.30","1.10","7.45","1.46","2.79","2.43","1.59","5.11","1.18","10.60","1.06","1.98","1.83"
"661","25-02-23 18:30","Spain","LaLiga","2022/2023","Real Madrid","Atl. Madrid","1.77","3.64","5.23","1.07","9.57","1.34","3.41","2.11","1.81","3.90","1.28","7.97","1.09","1.92","1.88"
"662","25-02-23 16:15","Spain","LaLiga","2022/2023","Cadiz CF","Rayo Vallecano","3.25","2.95","2.61","1.13","6.38","1.50","2.66","2.52","1.55","5.11","1.18","10.60","1.06","1.98","1.83"
"663","25-02-23 14:00","Spain","LaLiga","2022/2023","Espanyol","Mallorca","2.61","2.86","3.37","1.17","5.32","1.73","2.23","3.06","1.40","6.66","1.12","13.30","1.04","2.29","1.63"
"664","24-02-23 21:00","Spain","LaLiga","2022/2023","Elche","Betis","3.87","3.60","2.03","1.06","10.60","1.31","3.62","2.01","1.90","3.57","1.31","7.12","1.11","1.78","2.04"
"665","20-02-23 21:00","Spain","LaLiga","2022/2023","Getafe","Valencia","3.27","2.94","2.61","1.17","5.43","1.65","2.39","3.00","1.41","6.54","1.13","13.10","1.04","2.29","1.63"
"666","19-02-23 21:00","Spain","LaLiga","2022/2023","Barcelona","Cadiz CF","1.24","6.43","15.00","1.03","14.00","1.21","4.67","1.69","2.22","2.66","1.50","4.81","1.20","2.23","1.66"
"667","19-02-23 18:30","Spain","LaLiga","2022/2023","Atl. Madrid","Ath Bilbao","1.93","3.38","4.62","1.08","8.51","1.43","2.93","2.23","1.69","4.22","1.24","8.74","1.08","1.98","1.83"
"668","19-02-23 16:15","Spain","LaLiga","2022/2023","Rayo Vallecano","Sevilla","2.49","3.19","3.17","1.10","7.45","1.43","2.93","2.33","1.63","4.53","1.22","9.43","1.07","1.92","1.88"
"669","19-02-23 14:00","Spain","LaLiga","2022/2023","Elche","Espanyol","2.85","3.08","2.81","1.12","6.91","1.46","2.79","2.43","1.59","5.11","1.18","10.60","1.06","1.92","1.88"
"670","18-02-23 21:00","Spain","LaLiga","2022/2023","Osasuna","Real Madrid","5.83","3.88","1.66","1.06","10.90","1.30","3.70","1.97","1.93","3.51","1.32","6.98","1.11","1.87","1.94"
"671","18-02-23 18:30","Spain","LaLiga","2022/2023","Mallorca","Villarreal","3.43","2.98","2.48","1.13","6.38","1.58","2.45","2.88","1.44","6.17","1.14","13.30","1.04","2.18","1.69"
"672","18-02-23 16:15","Spain","LaLiga","2022/2023","Betis","Valladolid","1.66","4.10","5.45","1.05","11.70","1.26","3.99","1.88","2.03","3.24","1.37","6.17","1.14","1.85","1.96"
"673","18-02-23 14:00","Spain","LaLiga","2022/2023","Real Sociedad","Celta Vigo","1.81","3.39","5.52","1.08","8.51","1.38","3.19","2.23","1.69","4.22","1.24","8.74","1.08","1.98","1.83"
"674","17-02-23 21:00","Spain","LaLiga","2022/2023","Girona","Almeria","1.90","3.69","4.30","1.05","11.70","1.26","3.99","1.88","2.03","3.06","1.40","6.17","1.14","1.74","2.10"
"675","15-02-23 21:00","Spain","LaLiga","2022/2023","Real Madrid","Elche","1.22","6.78","16.70","1.02","16.00","1.17","5.32","1.50","2.66","2.23","1.69","3.90","1.28","2.09","1.74"
"676","13-02-23 21:00","Spain","LaLiga","2022/2023","Espanyol","Real Sociedad","4.21","3.19","2.08","1.13","6.50","1.56","2.50","2.66","1.50","5.41","1.17","11.20","1.05","2.03","1.79"
"677","12-02-23 21:00","Spain","LaLiga","2022/2023","Villarreal","Barcelona","5.20","3.81","1.74","1.05","11.70","1.30","3.72","2.01","1.90","3.46","1.33","6.66","1.12","1.79","2.02"
"678","12-02-23 18:30","Spain","LaLiga","2022/2023","Valladolid","Osasuna","2.45","3.26","3.17","1.09","8.00","1.41","3.00","2.37","1.62","4.48","1.22","9.26","1.07","1.98","1.83"
"679","12-02-23 16:15","Spain","LaLiga","2022/2023","Celta Vigo","Atl. Madrid","4.17","3.07","2.15","1.10","7.45","1.43","2.93","2.33","1.63","4.53","1.22","9.43","1.07","1.92","1.88"
"680","12-02-23 14:00","Spain","LaLiga","2022/2023","Getafe","Rayo Vallecano","3.25","2.91","2.64","1.15","5.85","1.67","2.34","2.88","1.44","6.17","1.14","13.30","1.04","2.18","1.69"
"681","11-02-23 21:00","Spain","LaLiga","2022/2023","Valencia","Ath Bilbao","3.37","3.31","2.32","1.08","8.51","1.38","3.19","2.23","1.69","4.22","1.24","8.74","1.08","1.87","1.94"
"682","11-02-23 18:30","Spain","LaLiga","2022/2023","Sevilla","Mallorca","1.94","3.25","4.82","1.13","6.38","1.55","2.53","2.70","1.49","5.66","1.16","11.80","1.05","2.29","1.63"
"683","11-02-23 16:15","Spain","LaLiga","2022/2023","Almeria","Betis","3.10","3.34","2.45","1.07","9.57","1.34","3.41","2.11","1.81","3.57","1.31","7.97","1.09","1.78","2.04"
"684","10-02-23 21:00","Spain","LaLiga","2022/2023","Cadiz CF","Girona","3.22","3.13","2.59","1.07","6.25","1.46","2.56","2.56","1.60","4.54","1.17","8.80","1.02","2.05","1.73"
"685","06-02-23 21:00","Spain","LaLiga","2022/2023","Rayo Vallecano","Almeria","1.96","3.49","4.30","1.07","9.57","1.34","3.41","2.11","1.81","3.90","1.28","7.97","1.09","1.92","1.88"
"686","05-02-23 21:00","Spain","LaLiga","2022/2023","Barcelona","Sevilla","1.34","5.77","8.75","1.04","13.00","1.23","4.33","1.82","2.10","2.86","1.45","5.41","1.17","2.15","1.70"
"687","05-02-23 18:30","Spain","LaLiga","2022/2023","Real Sociedad","Valladolid","1.50","4.27","7.57","1.07","9.57","1.30","3.72","2.01","1.90","3.46","1.33","6.66","1.12","2.29","1.63"
"688","05-02-23 16:15","Spain","LaLiga","2022/2023","Girona","Valencia","2.42","3.34","3.15","1.08","8.49","1.37","3.21","2.38","1.65","4.03","1.26","8.02","1.09","1.83","1.98"
"689","05-02-23 14:00","Spain","LaLiga","2022/2023","Mallorca","Real Madrid","5.22","3.61","1.78","1.08","8.51","1.38","3.19","2.22","1.74","3.90","1.28","7.97","1.09","1.92","1.88"
"690","04-02-23 21:00","Spain","LaLiga","2022/2023","Betis","Celta Vigo","2.00","3.34","4.34","1.08","8.51","1.38","3.19","2.14","1.74","4.22","1.24","8.74","1.08","1.87","1.94"
"691","04-02-23 18:30","Spain","LaLiga","2022/2023","Atl. Madrid","Getafe","1.49","4.16","8.39","1.10","7.45","1.43","2.93","2.33","1.63","4.53","1.22","9.43","1.07","2.53","1.53"
"692","04-02-23 16:15","Spain","LaLiga","2022/2023","Elche","Villarreal","5.16","3.92","1.72","1.05","11.00","1.29","3.75","1.99","1.91","3.43","1.34","6.54","1.13","1.90","1.90"
"693","04-02-23 14:00","Spain","LaLiga","2022/2023","Espanyol","Osasuna","2.78","3.09","2.88","1.12","6.91","1.46","2.79","2.52","1.55","5.11","1.18","10.60","1.06","1.98","1.83"
"694","03-02-23 21:00","Spain","LaLiga","2022/2023","Ath Bilbao","Cadiz CF","1.41","4.61","9.66","1.08","9.00","1.34","3.40","2.13","1.80","3.79","1.29","7.54","1.10","2.29","1.63"
"695","02-02-23 21:00","Spain","LaLiga","2022/2023","Real Madrid","Valencia","1.43","4.86","9.90","1.03","17.00","1.18","4.79","1.63","2.34","2.52","1.55","4.53","1.22","1.90","1.90"
"696","01-02-23 21:00","Spain","LaLiga","2022/2023","Betis","Barcelona","5.25","3.70","1.75","1.07","9.43","1.37","3.21","2.26","1.71","3.90","1.28","7.51","1.10","1.79","2.02"
"697","30-01-23 21:00","Spain","LaLiga","2022/2023","Villarreal","Rayo Vallecano","1.74","3.73","5.35","1.06","10.60","1.30","3.72","1.88","2.03","3.24","1.37","6.17","1.14","1.73","2.10"
"698","29-01-23 21:00","Spain","LaLiga","2022/2023","Real Madrid","Real Sociedad","1.73","3.81","5.25","1.06","10.60","1.30","3.72","1.88","2.03","3.24","1.37","6.66","1.12","1.79","2.02"
"699","29-01-23 18:30","Spain","LaLiga","2022/2023","Celta Vigo","Ath Bilbao","3.39","3.05","2.45","1.12","6.91","1.50","2.66","2.70","1.49","5.11","1.18","10.60","1.06","2.03","1.79"
"700","29-01-23 16:15","Spain","LaLiga","2022/2023","Osasuna","Atl. Madrid","4.43","3.26","2.01","1.12","6.91","1.50","2.66","2.52","1.55","5.11","1.18","10.60","1.06","2.12","1.73"
"701","29-01-23 14:00","Spain","LaLiga","2022/2023","Valladolid","Valencia","3.38","3.14","2.40","1.10","7.55","1.41","3.02","2.38","1.65","4.03","1.26","8.99","1.08","1.73","2.10"
"702","28-01-23 21:00","Spain","LaLiga","2022/2023","Getafe","Betis","3.33","2.96","2.55","1.15","5.85","1.67","2.34","3.06","1.40","6.66","1.12","13.30","1.04","2.29","1.63"
"703","28-01-23 18:30","Spain","LaLiga","2022/2023","Sevilla","Elche","1.52","4.11","7.65","1.07","9.57","1.34","3.41","2.11","1.81","3.57","1.31","7.12","1.11","2.03","1.79"
"704","28-01-23 16:15","Spain","LaLiga","2022/2023","Girona","Barcelona","6.20","4.45","1.55","1.03","13.80","1.24","4.25","1.80","2.13","2.88","1.44","5.66","1.16","1.78","2.04"
"705","28-01-23 14:00","Spain","LaLiga","2022/2023","Cadiz CF","Mallorca","2.94","2.75","3.20","1.16","4.64","1.85","2.11","3.26","1.30","6.65","1.06","18.00","1.02","2.54","1.49"
"706","27-01-23 21:00","Spain","LaLiga","2022/2023","Almeria","Espanyol","2.63","3.17","2.99","1.07","9.57","1.36","2.94","2.11","1.81","3.90","1.28","7.97","1.09","1.73","2.10"
"707","23-01-23 21:00","Spain","LaLiga","2022/2023","Valencia","Almeria","1.61","4.10","6.00","1.04","12.30","1.29","3.77","1.92","1.98","3.25","1.37","5.76","1.15","1.73","2.10"
"708","22-01-23 21:00","Spain","LaLiga","2022/2023","Ath Bilbao","Real Madrid","3.10","3.39","2.42","1.05","11.70","1.26","3.99","1.88","2.03","3.24","1.37","6.17","1.14","1.70","2.16"
"709","22-01-23 18:30","Spain","LaLiga","2022/2023","Barcelona","Getafe","1.24","6.43","14.80","1.05","11.70","1.24","4.25","1.80","2.13","2.88","1.44","5.66","1.16","2.46","1.55"
"710","22-01-23 16:15","Spain","LaLiga","2022/2023","Elche","Osasuna","3.23","3.21","2.44","1.13","6.60","1.53","2.59","2.63","1.51","5.11","1.18","10.60","1.06","1.92","1.88"
"711","22-01-23 14:00","Spain","LaLiga","2022/2023","Villarreal","Girona","1.74","3.89","4.96","1.04","13.00","1.23","4.33","1.70","2.20","2.66","1.50","4.80","1.20","1.63","2.29"
"712","21-01-23 21:00","Spain","LaLiga","2022/2023","Sevilla","Cadiz CF","1.75","3.70","5.25","1.08","8.51","1.38","3.19","2.23","1.69","4.22","1.24","8.74","1.08","2.03","1.79"
"713","21-01-23 18:30","Spain","LaLiga","2022/2023","Atl. Madrid","Valladolid","1.35","5.36","9.77","1.05","11.70","1.24","4.25","1.80","2.13","2.88","1.44","5.66","1.16","2.12","1.73"
"714","21-01-23 16:15","Spain","LaLiga","2022/2023","Espanyol","Betis","3.01","3.16","2.62","1.10","7.78","1.43","2.92","2.34","1.63","4.92","1.19","10.20","1.06","1.98","1.83"
"715","21-01-23 14:00","Spain","LaLiga","2022/2023","Rayo Vallecano","Real Sociedad","3.05","3.10","2.74","1.08","6.10","1.59","2.59","2.63","1.52","4.90","1.15","9.50","1.01","2.10","1.70"
"716","20-01-23 21:00","Spain","LaLiga","2022/2023","Mallorca","Celta Vigo","2.80","2.80","3.16","1.17","5.32","1.80","2.13","3.46","1.33","7.12","1.11","15.40","1.03","2.37","1.59"
"717","16-01-23 21:00","Spain","LaLiga","2022/2023","Cadiz CF","Elche","1.91","3.38","4.73","1.08","8.51","1.43","2.93","2.23","1.69","4.22","1.24","8.74","1.08","1.98","1.83"
"718","15-01-23 16:15","Spain","LaLiga","2022/2023","Almeria","Atl. Madrid","5.17","3.99","1.70","1.06","10.60","1.31","3.62","2.01","1.90","3.46","1.33","6.66","1.12","1.87","1.94"
"719","15-01-23 14:00","Spain","LaLiga","2022/2023","Getafe","Espanyol","2.29","3.00","3.85","1.15","5.85","1.67","2.34","2.88","1.44","6.17","1.14","13.30","1.04","2.18","1.69"
"720","14-01-23 21:00","Spain","LaLiga","2022/2023","Real Sociedad","Ath Bilbao","2.21","3.07","3.96","1.13","6.38","1.55","2.53","2.70","1.49","5.66","1.16","11.80","1.05","2.10","1.74"
"721","14-01-23 18:30","Spain","LaLiga","2022/2023","Osasuna","Mallorca","2.17","3.06","4.12","1.15","5.85","1.58","2.45","2.88","1.44","6.17","1.14","13.30","1.04","2.18","1.69"
"722","14-01-23 16:15","Spain","LaLiga","2022/2023","Girona","Sevilla","2.56","3.25","3.01","1.08","8.51","1.38","3.19","2.23","1.69","4.22","1.24","8.74","1.08","1.92","1.88"
"723","14-01-23 14:00","Spain","LaLiga","2022/2023","Valladolid","Rayo Vallecano","3.03","3.16","2.60","1.10","7.45","1.38","3.19","2.23","1.69","4.22","1.24","8.74","1.08","1.87","1.94"
"724","13-01-23 21:00","Spain","LaLiga","2022/2023","Celta Vigo","Villarreal","3.11","3.27","2.48","1.08","9.00","1.34","3.40","2.13","1.80","3.79","1.29","7.54","1.10","1.73","2.10"
"725","09-01-23 21:00","Spain","LaLiga","2022/2023","Ath Bilbao","Osasuna","1.61","3.88","6.64","1.07","9.57","1.31","3.62","2.01","1.90","3.46","1.33","6.66","1.12","1.92","1.88"
"726","08-01-23 21:00","Spain","LaLiga","2022/2023","Atl. Madrid","Barcelona","3.51","3.23","2.29","1.08","8.60","1.37","3.23","2.21","1.70","4.18","1.25","8.66","1.08","1.85","1.95"
"727","08-01-23 18:30","Spain","LaLiga","2022/2023","Sevilla","Getafe","1.83","3.29","5.52","1.16","5.61","1.63","2.34","2.87","1.45","5.82","1.15","12.00","1.05","2.40","1.58"
"728","08-01-23 16:15","Spain","LaLiga","2022/2023","Rayo Vallecano","Betis","2.50","3.27","3.07","1.10","7.48","1.46","2.81","2.54","1.54","4.81","1.20","9.96","1.06","1.87","1.94"
"729","08-01-23 14:00","Spain","LaLiga","2022/2023","Almeria","Real Sociedad","4.73","3.38","1.91","1.07","9.57","1.34","3.41","2.11","1.81","3.57","1.31","7.97","1.09","1.87","1.94"
"730","07-01-23 21:00","Spain","LaLiga","2022/2023","Espanyol","Girona","2.48","3.33","3.06","1.07","9.57","1.34","3.41","2.22","1.74","3.90","1.28","7.97","1.09","1.79","2.02"
"731","07-01-23 18:30","Spain","LaLiga","2022/2023","Mallorca","Valladolid","2.04","3.26","4.28","1.12","6.91","1.50","2.66","2.52","1.55","5.11","1.18","10.60","1.06","2.12","1.73"
"732","07-01-23 16:15","Spain","LaLiga","2022/2023","Villarreal","Real Madrid","3.64","3.70","2.12","1.01","10.00","1.22","3.90","1.79","2.19","2.69","1.42","4.74","1.13","1.62","2.24"
"733","06-01-23 21:00","Spain","LaLiga","2022/2023","Valencia","Cadiz CF","1.55","4.31","6.54","1.05","11.70","1.30","3.72","1.88","2.03","3.24","1.37","6.17","1.14","1.92","1.88"
"734","06-01-23 18:30","Spain","LaLiga","2022/2023","Elche","Celta Vigo","4.10","3.34","2.05","1.11","7.00","1.48","2.75","2.47","1.57","4.80","1.20","9.99","1.06","2.10","1.70"
"735","31-12-22 16:15","Spain","LaLiga","2022/2023","Real Sociedad","Osasuna","1.90","3.38","4.78","1.10","7.45","1.46","2.79","2.43","1.59","4.53","1.22","9.43","1.07","2.03","1.79"
"736","31-12-22 16:15","Spain","LaLiga","2022/2023","Villarreal","Valencia","2.07","3.42","3.93","1.07","9.43","1.32","3.54","2.12","1.81","3.45","1.33","6.96","1.11","1.66","2.23"
"737","31-12-22 14:00","Spain","LaLiga","2022/2023","Barcelona","Espanyol","1.22","7.28","14.40","1.02","18.10","1.15","5.85","1.43","2.93","2.11","1.81","3.46","1.33","1.92","1.88"
"738","30-12-22 21:30","Spain","LaLiga","2022/2023","Valladolid","Real Madrid","7.24","4.87","1.46","1.02","18.10","1.17","5.32","1.50","2.66","2.33","1.63","3.90","1.28","1.74","2.10"
"739","30-12-22 19:15","Spain","LaLiga","2022/2023","Cadiz CF","Almeria","2.19","3.31","3.67","1.07","9.57","1.31","3.62","2.11","1.81","3.57","1.31","7.12","1.11","1.73","2.10"
"740","30-12-22 19:15","Spain","LaLiga","2022/2023","Celta Vigo","Sevilla","2.42","3.32","3.17","1.10","7.78","1.40","3.06","2.25","1.68","4.36","1.23","9.09","1.08","1.92","1.88"
"741","30-12-22 17:00","Spain","LaLiga","2022/2023","Getafe","Mallorca","2.88","2.70","3.19","1.19","4.94","1.75","2.20","3.48","1.33","7.75","1.10","15.00","1.03","2.50","1.53"
"742","29-12-22 21:30","Spain","LaLiga","2022/2023","Atl. Madrid","Elche","1.25","6.60","13.20","1.03","13.80","1.20","4.79","1.58","2.45","2.43","1.59","4.22","1.24","2.12","1.73"
"743","29-12-22 19:15","Spain","LaLiga","2022/2023","Betis","Ath Bilbao","3.08","3.34","2.46","1.06","10.60","1.31","3.62","2.01","1.90","3.46","1.33","7.12","1.11","1.73","2.10"
"744","29-12-22 17:00","Spain","LaLiga","2022/2023","Girona","Rayo Vallecano","2.14","3.61","3.47","1.06","10.60","1.30","3.72","2.01","1.90","3.46","1.33","6.66","1.12","1.73","2.10"
"745","10-11-22 21:30","Spain","LaLiga","2022/2023","Real Madrid","Cadiz CF","1.23","7.20","12.00","1.02","21.00","1.17","5.32","1.46","2.79","2.14","1.74","3.57","1.31","2.04","1.78"
"746","10-11-22 20:00","Spain","LaLiga","2022/2023","Valencia","Betis","2.32","3.44","3.25","1.07","9.57","1.34","3.40","2.11","1.81","3.57","1.31","7.12","1.11","1.79","2.02"
"747","10-11-22 19:00","Spain","LaLiga","2022/2023","Rayo Vallecano","Celta Vigo","2.03","3.26","4.34","1.11","6.99","1.49","2.69","2.49","1.56","5.06","1.18","10.50","1.06","2.11","1.73"
"748","09-11-22 21:30","Spain","LaLiga","2022/2023","Mallorca","Atl. Madrid","4.23","2.94","2.20","1.17","5.38","1.66","2.37","3.03","1.41","6.60","1.12","13.20","1.04","2.28","1.62"
"749","09-11-22 20:00","Spain","LaLiga","2022/2023","Espanyol","Villarreal","2.87","3.59","2.48","1.05","11.00","1.29","3.75","1.99","1.91","3.24","1.37","6.54","1.13","1.66","2.23"
"750","09-11-22 19:00","Spain","LaLiga","2022/2023","Almeria","Getafe","2.16","3.26","3.85","1.10","7.45","1.46","2.79","2.42","1.59","5.11","1.18","10.60","1.06","2.03","1.78"
"751","09-11-22 19:00","Spain","LaLiga","2022/2023","Sevilla","Real Sociedad","2.39","3.38","3.16","1.08","8.49","1.41","3.02","2.38","1.65","4.40","1.23","8.99","1.07","1.79","2.02"
"752","08-11-22 21:30","Spain","LaLiga","2022/2023","Osasuna","Barcelona","5.94","4.34","1.58","1.03","13.80","1.21","4.61","1.73","2.23","2.70","1.49","5.11","1.18","1.73","2.11"
"753","08-11-22 20:00","Spain","LaLiga","2022/2023","Ath Bilbao","Valladolid","1.47","4.70","7.39","1.03","13.80","1.21","4.61","1.73","2.23","2.70","1.49","5.11","1.18","1.87","1.94"
"754","08-11-22 19:00","Spain","LaLiga","2022/2023","Elche","Girona","3.39","3.48","2.23","1.08","8.49","1.41","3.02","2.38","1.65","4.03","1.26","8.02","1.09","1.73","2.11"
"755","07-11-22 21:00","Spain","LaLiga","2022/2023","Rayo Vallecano","Real Madrid","5.53","3.73","1.72","1.05","11.70","1.26","3.99","1.88","2.03","3.06","1.40","6.17","1.14","1.73","2.11"
"756","06-11-22 21:00","Spain","LaLiga","2022/2023","Betis","Sevilla","2.11","3.19","4.11","1.08","8.51","1.34","3.40","2.22","1.74","3.90","1.27","7.97","1.09","1.79","2.02"
"757","06-11-22 18:30","Spain","LaLiga","2022/2023","Villarreal","Mallorca","1.75","3.59","5.52","1.08","8.51","1.37","3.19","2.22","1.74","4.22","1.24","8.74","1.08","1.98","1.83"
"758","06-11-22 16:15","Spain","LaLiga","2022/2023","Real Sociedad","Valencia","1.93","3.45","4.53","1.08","8.51","1.37","3.19","2.23","1.68","4.22","1.24","8.74","1.04","1.92","1.88"
"759","06-11-22 14:00","Spain","LaLiga","2022/2023","Atl. Madrid","Espanyol","1.54","4.31","6.61","1.06","10.60","1.29","3.72","1.88","2.03","3.24","1.36","6.66","1.12","1.92","1.88"
"760","05-11-22 21:00","Spain","LaLiga","2022/2023","Barcelona","Almeria","1.14","10.30","17.20","1.01","29.00","1.08","8.49","1.29","3.77","1.72","2.17","2.63","1.51","1.94","1.87"
"761","05-11-22 18:30","Spain","LaLiga","2022/2023","Celta Vigo","Osasuna","2.35","3.37","3.24","1.08","8.51","1.37","3.19","2.22","1.74","4.22","1.24","8.74","1.08","1.87","1.94"
"762","05-11-22 16:15","Spain","LaLiga","2022/2023","Valladolid","Elche","1.97","3.74","4.18","1.02","8.80","1.30","3.26","2.05","1.90","3.36","1.29","6.20","1.07","1.83","1.93"
"763","05-11-22 14:00","Spain","LaLiga","2022/2023","Getafe","Cadiz CF","2.19","3.05","4.07","1.16","5.50","1.75","2.20","3.24","1.37","7.06","1.11","14.10","1.03","2.53","1.52"
"764","04-11-22 21:00","Spain","LaLiga","2022/2023","Girona","Ath Bilbao","3.90","3.53","2.04","1.07","9.57","1.31","3.62","2.01","1.90","3.46","1.33","6.66","1.12","1.78","2.04"
"765","31-10-22 21:00","Spain","LaLiga","2022/2023","Elche","Getafe","2.85","2.98","2.91","1.13","6.38","1.58","2.45","2.88","1.44","6.17","1.14","13.30","1.03","2.18","1.68"
"766","30-10-22 21:00","Spain","LaLiga","2022/2023","Real Sociedad","Betis","2.17","3.26","3.81","1.08","8.51","1.37","3.19","2.23","1.68","4.22","1.24","8.74","1.08","1.87","1.94"
"767","30-10-22 18:30","Spain","LaLiga","2022/2023","Ath Bilbao","Villarreal","2.16","3.57","3.46","1.06","10.60","1.29","3.72","1.88","2.03","3.24","1.36","6.66","1.12","1.73","2.10"
"768","30-10-22 16:15","Spain","LaLiga","2022/2023","Real Madrid","Girona","1.26","6.08","13.10","1.02","17.00","1.16","5.50","1.51","2.63","2.26","1.67","3.79","1.29","1.79","2.02"
"769","30-10-22 14:00","Spain","LaLiga","2022/2023","Osasuna","Valladolid","1.86","3.80","4.30","1.05","11.70","1.29","3.72","2.01","1.90","3.46","1.33","6.66","1.12","1.79","2.02"
"770","29-10-22 21:00","Spain","LaLiga","2022/2023","Valencia","Barcelona","6.06","4.61","1.54","1.03","19.00","1.17","5.32","1.50","2.66","2.23","1.68","3.90","1.27","1.62","2.29"
"771","29-10-22 18:30","Spain","LaLiga","2022/2023","Sevilla","Rayo Vallecano","2.01","3.37","4.23","1.07","9.57","1.34","3.40","2.11","1.81","3.90","1.27","7.97","1.09","1.87","1.94"
"772","29-10-22 16:15","Spain","LaLiga","2022/2023","Cadiz CF","Atl. Madrid","7.18","3.59","1.63","1.09","8.00","1.41","3.00","2.37","1.62","4.48","1.22","9.26","1.07","2.11","1.73"
"773","29-10-22 14:00","Spain","LaLiga","2022/2023","Almeria","Celta Vigo","3.20","3.52","2.38","1.02","8.60","1.31","3.20","2.08","1.87","3.40","1.28","6.40","1.07","1.79","1.98"
"774","28-10-22 21:00","Spain","LaLiga","2022/2023","Mallorca","Espanyol","2.52","3.15","3.16","1.11","6.91","1.50","2.66","2.52","1.55","5.11","1.18","10.60","1.06","2.03","1.78"
"775","24-10-22 21:00","Spain","LaLiga","2022/2023","Celta Vigo","Getafe","1.74","3.76","5.70","1.05","7.10","1.43","2.66","2.45","1.65","4.40","1.18","8.40","1.03","2.26","1.61"
"776","23-10-22 21:00","Spain","LaLiga","2022/2023","Barcelona","Ath Bilbao","1.45","5.07","7.10","1.02","16.00","1.20","4.79","1.58","2.45","2.52","1.55","4.53","1.22","1.73","2.11"
"777","23-10-22 18:30","Spain","LaLiga","2022/2023","Girona","Osasuna","2.70","3.25","2.84","1.08","8.51","1.34","3.40","2.11","1.81","3.90","1.27","7.97","1.09","1.73","2.11"
"778","23-10-22 18:30","Spain","LaLiga","2022/2023","Villarreal","Almeria","1.39","5.34","8.14","1.03","14.10","1.24","4.25","1.72","2.17","2.73","1.48","4.76","1.20","1.79","2.02"
"779","23-10-22 16:15","Spain","LaLiga","2022/2023","Betis","Atl. Madrid","3.40","3.26","2.32","1.08","8.51","1.43","2.93","2.33","1.63","4.53","1.22","9.43","1.07","1.92","1.88"
"780","23-10-22 14:00","Spain","LaLiga","2022/2023","Espanyol","Elche","1.67","3.89","5.79","1.07","9.57","1.29","3.72","2.01","1.90","3.46","1.33","6.66","1.12","1.87","1.94"
"781","22-10-22 21:00","Spain","LaLiga","2022/2023","Real Madrid","Sevilla","1.38","5.03","9.11","1.02","16.00","1.20","4.79","1.55","2.53","2.42","1.59","4.22","1.24","1.78","2.04"
"782","22-10-22 18:30","Spain","LaLiga","2022/2023","Valencia","Mallorca","1.75","3.59","5.46","1.08","8.51","1.37","3.19","2.22","1.74","3.90","1.27","7.97","1.09","1.98","1.83"
"783","22-10-22 16:15","Spain","LaLiga","2022/2023","Valladolid","Real Sociedad","4.40","3.52","1.92","1.08","9.00","1.37","3.20","2.35","1.67","4.14","1.25","8.45","1.09","1.98","1.83"
"784","22-10-22 14:00","Spain","LaLiga","2022/2023","Rayo Vallecano","Cadiz CF","1.77","3.48","5.63","1.10","7.45","1.43","2.93","2.23","1.68","4.22","1.24","8.74","1.08","2.03","1.78"
"785","20-10-22 21:00","Spain","LaLiga","2022/2023","Barcelona","Villarreal","1.48","4.65","7.23","1.03","20.00","1.17","5.32","1.50","2.66","2.23","1.68","3.90","1.27","1.70","2.15"
"786","20-10-22 20:00","Spain","LaLiga","2022/2023","Osasuna","Espanyol","2.28","3.30","3.45","1.10","7.45","1.43","2.93","2.33","1.63","4.53","1.22","9.43","1.07","1.98","1.83"
"787","20-10-22 19:00","Spain","LaLiga","2022/2023","Almeria","Girona","2.52","3.49","2.87","1.07","9.43","1.35","3.30","2.26","1.71","3.65","1.30","7.51","1.10","1.69","2.17"
"788","19-10-22 21:00","Spain","LaLiga","2022/2023","Elche","Real Madrid","11.10","6.62","1.26","1.02","22.00","1.15","5.85","1.46","2.79","2.14","1.74","3.57","1.31","1.90","1.90"
"789","19-10-22 20:00","Spain","LaLiga","2022/2023","Real Sociedad","Mallorca","1.56","3.87","7.60","1.10","7.45","1.46","2.79","2.42","1.59","4.53","1.22","9.43","1.07","2.39","1.58"
"790","19-10-22 19:00","Spain","LaLiga","2022/2023","Cadiz CF","Betis","3.56","3.30","2.24","1.09","8.00","1.37","3.20","2.35","1.67","4.14","1.25","8.45","1.09","1.98","1.83"
"791","19-10-22 19:00","Spain","LaLiga","2022/2023","Valladolid","Celta Vigo","3.18","3.28","2.43","1.09","8.00","1.41","3.00","2.35","1.67","4.48","1.22","9.26","1.07","1.98","1.83"
"792","18-10-22 21:00","Spain","LaLiga","2022/2023","Atl. Madrid","Rayo Vallecano","1.58","3.85","7.24","1.08","8.51","1.37","3.19","2.22","1.74","3.90","1.27","7.97","1.09","2.11","1.73"
"793","18-10-22 20:00","Spain","LaLiga","2022/2023","Getafe","Ath Bilbao","5.13","3.45","1.84","1.10","7.45","1.46","2.79","2.52","1.55","5.11","1.18","10.60","1.06","2.18","1.68"
"794","18-10-22 19:00","Spain","LaLiga","2022/2023","Sevilla","Valencia","2.19","3.36","3.61","1.07","9.57","1.31","3.62","2.01","1.90","3.46","1.33","7.12","1.11","1.73","2.11"
"795","17-10-22 21:00","Spain","LaLiga","2022/2023","Villarreal","Osasuna","1.73","3.84","5.24","1.07","9.43","1.37","3.21","2.26","1.71","4.03","1.26","8.02","1.09","1.87","1.94"
"796","16-10-22 21:00","Spain","LaLiga","2022/2023","Betis","Almeria","1.55","4.31","6.54","1.05","11.70","1.26","3.99","1.88","2.03","3.24","1.36","6.17","1.14","1.98","1.83"
"797","16-10-22 18:30","Spain","LaLiga","2022/2023","Espanyol","Valladolid","2.01","3.52","4.02","1.07","9.57","1.31","3.62","2.01","1.90","3.46","1.33","7.12","1.11","1.73","2.11"
"798","16-10-22 16:15","Spain","LaLiga","2022/2023","Real Madrid","Barcelona","2.31","3.85","2.95","1.03","21.00","1.18","5.19","1.57","2.48","2.41","1.60","4.40","1.23","1.42","2.85"
"799","16-10-22 14:00","Spain","LaLiga","2022/2023","Celta Vigo","Real Sociedad","2.57","3.16","3.06","1.10","7.45","1.46","2.79","2.42","1.59","4.53","1.22","10.60","1.06","1.98","1.83"
"800","15-10-22 21:00","Spain","LaLiga","2022/2023","Ath Bilbao","Atl. Madrid","2.48","3.24","3.26","1.05","7.10","1.40","2.77","2.36","1.69","4.04","1.21","7.80","1.04","1.93","1.83"
"801","15-10-22 18:30","Spain","LaLiga","2022/2023","Mallorca","Sevilla","3.37","2.94","2.53","1.11","6.91","1.50","2.66","2.52","1.55","5.11","1.18","10.60","1.06","1.98","1.83"
"802","15-10-22 16:15","Spain","LaLiga","2022/2023","Valencia","Elche","1.43","4.94","7.74","1.03","13.80","1.24","4.26","1.73","2.23","2.70","1.49","5.11","1.18","1.98","1.83"
"803","15-10-22 14:00","Spain","LaLiga","2022/2023","Girona","Cadiz CF","2.03","3.42","4.34","1.06","6.60","1.47","2.53","2.58","1.60","4.70","1.16","9.10","1.02","2.17","1.66"
"804","14-10-22 21:00","Spain","LaLiga","2022/2023","Rayo Vallecano","Getafe","1.93","3.29","4.80","1.13","6.50","1.51","2.63","2.66","1.50","5.41","1.17","11.20","1.05","2.24","1.65"
"805","10-10-22 21:00","Spain","LaLiga","2022/2023","Elche","Mallorca","3.04","3.22","2.66","1.06","6.55","1.48","2.50","2.61","1.58","4.74","1.16","9.20","1.02","2.07","1.72"
"806","09-10-22 21:00","Spain","LaLiga","2022/2023","Barcelona","Celta Vigo","1.30","6.11","10.30","1.02","21.00","1.18","5.19","1.57","2.48","2.41","1.60","4.03","1.26","1.79","2.02"
"807","09-10-22 18:30","Spain","LaLiga","2022/2023","Real Sociedad","Villarreal","2.72","3.49","2.66","1.06","10.60","1.31","3.62","2.01","1.90","3.46","1.33","7.12","1.11","1.69","2.17"
"808","09-10-22 16:15","Spain","LaLiga","2022/2023","Cadiz CF","Espanyol","3.04","3.27","2.52","1.10","7.45","1.46","2.79","2.42","1.59","5.11","1.18","10.60","1.06","1.98","1.83"
"809","09-10-22 14:00","Spain","LaLiga","2022/2023","Valladolid","Betis","3.36","3.54","2.22","1.03","13.80","1.24","4.26","1.80","2.13","2.88","1.44","5.66","1.16","1.62","2.29"
"810","08-10-22 21:00","Spain","LaLiga","2022/2023","Getafe","Real Madrid","7.72","4.62","1.46","1.05","11.70","1.24","4.26","1.80","2.13","3.06","1.40","5.66","1.16","1.92","1.88"
"811","08-10-22 18:30","Spain","LaLiga","2022/2023","Sevilla","Ath Bilbao","3.24","3.47","2.30","1.06","10.60","1.26","3.99","1.88","2.03","3.24","1.36","6.17","1.14","1.70","2.16"
"812","08-10-22 16:15","Spain","LaLiga","2022/2023","Atl. Madrid","Girona","1.42","4.60","9.24","1.06","10.60","1.26","3.99","1.88","2.03","3.24","1.36","6.17","1.14","2.15","1.70"
"813","08-10-22 14:00","Spain","LaLiga","2022/2023","Almeria","Rayo Vallecano","3.46","3.25","2.31","1.04","7.55","1.41","3.02","2.50","1.60","4.40","1.23","8.99","1.05","1.79","2.02"
"814","07-10-22 21:00","Spain","LaLiga","2022/2023","Osasuna","Valencia","2.67","3.27","2.84","1.08","8.51","1.37","3.19","2.22","1.74","3.90","1.27","7.97","1.09","1.79","2.02"
"815","03-10-22 21:00","Spain","LaLiga","2022/2023","Rayo Vallecano","Elche","1.55","4.25","6.58","1.05","11.70","1.26","3.99","1.88","2.03","3.06","1.40","6.17","1.14","1.87","1.94"
"816","02-10-22 21:00","Spain","LaLiga","2022/2023","Real Madrid","Osasuna","1.38","5.38","8.36","1.02","16.00","1.20","4.79","1.55","2.53","2.42","1.59","4.22","1.24","1.90","1.90"
"817","02-10-22 18:30","Spain","LaLiga","2022/2023","Girona","Real Sociedad","3.58","3.27","2.24","1.10","7.45","1.43","2.93","2.23","1.68","4.22","1.24","8.74","1.08","1.98","1.83"
"818","02-10-22 16:15","Spain","LaLiga","2022/2023","Celta Vigo","Betis","2.60","3.30","2.92","1.08","8.51","1.34","3.40","2.22","1.74","3.90","1.27","7.97","1.09","1.79","2.02"
"819","02-10-22 14:00","Spain","LaLiga","2022/2023","Espanyol","Valencia","3.02","3.32","2.51","1.07","9.57","1.34","3.40","2.11","1.81","3.57","1.31","7.97","1.09","1.73","2.11"
"820","01-10-22 21:00","Spain","LaLiga","2022/2023","Mallorca","Barcelona","9.81","5.06","1.37","1.03","13.80","1.21","4.61","1.63","2.34","2.70","1.49","5.11","1.18","1.92","1.88"
"821","01-10-22 18:30","Spain","LaLiga","2022/2023","Sevilla","Atl. Madrid","3.53","3.18","2.31","1.10","7.45","1.43","2.93","2.33","1.63","4.53","1.22","9.43","1.07","1.92","1.88"
"822","01-10-22 16:15","Spain","LaLiga","2022/2023","Getafe","Valladolid","2.44","3.14","3.46","1.06","6.55","1.45","2.61","2.53","1.62","4.50","1.17","8.60","1.02","1.99","1.78"
"823","01-10-22 14:00","Spain","LaLiga","2022/2023","Cadiz CF","Villarreal","5.15","3.90","1.77","1.03","8.40","1.32","3.14","2.12","1.84","3.54","1.26","6.60","1.06","1.97","1.80"
"824","30-09-22 21:00","Spain","LaLiga","2022/2023","Ath Bilbao","Almeria","1.40","5.08","8.11","1.03","13.80","1.21","4.61","1.73","2.23","2.70","1.49","5.11","1.18","1.98","1.83"
"825","18-09-22 21:00","Spain","LaLiga","2022/2023","Atl. Madrid","Real Madrid","3.42","3.38","2.26","1.08","8.51","1.37","3.19","2.22","1.74","3.90","1.27","7.97","1.09","1.79","2.02"
"826","18-09-22 18:30","Spain","LaLiga","2022/2023","Betis","Girona","1.69","3.84","5.57","1.06","10.60","1.31","3.62","2.01","1.90","3.46","1.33","6.66","1.12","1.87","1.94"
"827","18-09-22 18:30","Spain","LaLiga","2022/2023","Real Sociedad","Espanyol","1.72","3.66","5.67","1.07","9.57","1.31","3.62","2.01","1.90","3.57","1.31","7.12","1.11","1.87","1.94"
"828","18-09-22 16:15","Spain","LaLiga","2022/2023","Villarreal","Sevilla","1.78","3.80","5.25","1.03","8.60","1.30","3.26","2.05","1.90","3.32","1.29","6.20","1.07","1.88","1.88"
"829","18-09-22 14:00","Spain","LaLiga","2022/2023","Osasuna","Getafe","1.72","3.46","6.18","1.11","6.91","1.46","2.79","2.42","1.59","5.11","1.18","10.60","1.06","2.18","1.68"
"830","17-09-22 21:00","Spain","LaLiga","2022/2023","Ath Bilbao","Rayo Vallecano","1.64","3.89","6.14","1.08","8.49","1.37","3.21","2.26","1.71","4.03","1.26","8.02","1.09","1.98","1.83"
"831","17-09-22 18:30","Spain","LaLiga","2022/2023","Valencia","Celta Vigo","2.26","3.19","3.65","1.08","8.51","1.37","3.19","2.23","1.68","4.22","1.24","8.74","1.08","1.87","1.94"
"832","17-09-22 16:15","Spain","LaLiga","2022/2023","Barcelona","Elche","1.07","12.00","26.00","1.01","29.00","1.07","9.57","1.24","4.26","1.58","2.45","2.33","1.63","2.24","1.65"
"833","17-09-22 14:00","Spain","LaLiga","2022/2023","Mallorca","Almeria","1.92","3.29","4.84","1.08","8.51","1.37","3.19","2.23","1.68","4.22","1.24","8.74","1.08","1.92","1.88"
"834","16-09-22 21:00","Spain","LaLiga","2022/2023","Valladolid","Cadiz CF","1.99","3.49","4.15","1.08","8.51","1.37","3.19","2.22","1.74","3.90","1.27","7.97","1.09","1.98","1.83"
"835","12-09-22 21:00","Spain","LaLiga","2022/2023","Almeria","Osasuna","3.04","3.25","2.54","1.08","8.49","1.41","3.02","2.38","1.65","4.40","1.23","8.99","1.07","1.73","2.11"
"836","11-09-22 21:00","Spain","LaLiga","2022/2023","Betis","Villarreal","2.99","3.41","2.48","1.06","10.60","1.29","3.72","1.88","2.03","3.24","1.36","6.17","1.14","1.66","2.23"
"837","11-09-22 18:30","Spain","LaLiga","2022/2023","Getafe","Real Sociedad","4.65","3.19","1.99","1.13","6.38","1.55","2.53","2.70","1.49","5.66","1.16","11.80","1.05","2.18","1.68"
"838","11-09-22 16:15","Spain","LaLiga","2022/2023","Elche","Ath Bilbao","4.98","3.74","1.78","1.07","9.43","1.37","3.21","2.26","1.71","4.03","1.26","8.02","1.09","1.87","1.94"
"839","11-09-22 14:00","Spain","LaLiga","2022/2023","Real Madrid","Mallorca","1.31","6.01","9.65","1.03","13.80","1.20","4.79","1.63","2.34","2.52","1.55","4.53","1.22","1.98","1.83"
"840","10-09-22 21:00","Spain","LaLiga","2022/2023","Atl. Madrid","Celta Vigo","1.85","3.49","4.96","1.08","8.51","1.34","3.40","2.22","1.74","3.90","1.27","7.97","1.09","1.92","1.88"
"841","10-09-22 18:30","Spain","LaLiga","2022/2023","Cadiz CF","Barcelona","9.32","5.41","1.36","1.03","13.80","1.21","4.61","1.63","2.34","2.52","1.55","4.53","1.22","1.92","1.88"
"842","10-09-22 16:15","Spain","LaLiga","2022/2023","Espanyol","Sevilla","2.72","3.28","2.78","1.07","9.57","1.34","3.40","2.22","1.74","3.90","1.27","7.97","1.09","1.79","2.02"
"843","10-09-22 14:00","Spain","LaLiga","2022/2023","Rayo Vallecano","Valencia","2.79","3.04","2.91","1.11","7.00","1.48","2.75","2.37","1.62","4.48","1.22","9.26","1.07","1.98","1.83"
"844","09-09-22 21:00","Spain","LaLiga","2022/2023","Girona","Valladolid","2.09","3.44","3.82","1.07","9.57","1.34","3.40","2.22","1.74","3.90","1.27","7.97","1.09","1.92","1.88"
"845","05-09-22 21:00","Spain","LaLiga","2022/2023","Valladolid","Almeria","2.20","3.33","3.63","1.06","10.60","1.29","3.72","1.88","2.03","3.24","1.36","6.66","1.12","1.69","2.17"
"846","04-09-22 21:00","Spain","LaLiga","2022/2023","Valencia","Getafe","1.95","3.40","4.74","1.08","6.65","1.58","2.61","2.53","1.47","4.80","1.13","9.70","1.01","2.28","1.60"
"847","04-09-22 18:30","Spain","LaLiga","2022/2023","Villarreal","Elche","1.40","4.92","8.80","1.03","13.80","1.20","4.79","1.63","2.34","2.52","1.55","4.53","1.22","1.98","1.83"
"848","04-09-22 16:15","Spain","LaLiga","2022/2023","Ath Bilbao","Espanyol","1.52","4.31","7.10","1.05","11.00","1.26","4.00","1.90","2.00","3.24","1.37","6.00","1.14","1.98","1.83"
"849","04-09-22 14:00","Spain","LaLiga","2022/2023","Osasuna","Rayo Vallecano","2.09","3.08","4.37","1.10","7.45","1.43","2.93","2.42","1.59","4.53","1.22","9.43","1.07","1.98","1.83"
"850","03-09-22 21:00","Spain","LaLiga","2022/2023","Sevilla","Barcelona","5.15","4.04","1.74","","","1.22","3.88","1.83","2.14","2.81","1.39","5.00","1.12","1.71","2.08"
"851","03-09-22 18:30","Spain","LaLiga","2022/2023","Real Sociedad","Atl. Madrid","2.82","3.18","2.89","1.06","6.90","1.44","2.62","2.52","1.62","4.50","1.18","8.60","1.02","1.95","1.81"
"852","03-09-22 16:15","Spain","LaLiga","2022/2023","Real Madrid","Betis","1.38","5.52","7.83","1.02","24.00","1.16","5.50","1.48","2.75","2.26","1.67","3.79","1.29","1.66","2.23"
"853","03-09-22 14:00","Spain","LaLiga","2022/2023","Mallorca","Girona","2.20","3.28","3.88","1.06","6.60","1.44","2.62","2.50","1.63","4.44","1.18","8.60","1.03","2.06","1.73"
"854","02-09-22 21:00","Spain","LaLiga","2022/2023","Celta Vigo","Cadiz CF","1.72","3.70","6.15","1.05","7.10","1.43","2.66","2.45","1.65","4.40","1.18","8.40","1.03","2.22","1.63"
"855","29-08-22 22:00","Spain","LaLiga","2022/2023","Valencia","Atl. Madrid","4.61","3.37","1.93","1.08","8.70","1.36","3.26","2.17","1.77","3.83","1.28","8.58","1.08","1.87","1.94"
"856","29-08-22 20:00","Spain","LaLiga","2022/2023","Cadiz CF","Ath Bilbao","4.11","3.31","2.06","1.10","7.45","1.43","2.93","2.33","1.63","4.53","1.22","9.43","1.07","1.98","1.83"
"857","28-08-22 22:00","Spain","LaLiga","2022/2023","Espanyol","Real Madrid","6.50","4.50","1.53","1.02","16.00","1.20","4.79","1.63","2.34","2.52","1.55","4.53","1.22","1.73","2.10"
"858","28-08-22 19:30","Spain","LaLiga","2022/2023","Barcelona","Valladolid","1.15","9.79","16.40","1.02","15.00","1.10","7.45","1.31","3.62","1.80","2.13","2.70","1.49","2.04","1.78"
"859","28-08-22 17:30","Spain","LaLiga","2022/2023","Getafe","Villarreal","5.28","3.88","1.72","1.08","9.00","1.34","3.40","2.13","1.80","3.79","1.29","7.54","1.10","1.92","1.88"
"860","27-08-22 22:00","Spain","LaLiga","2022/2023","Almeria","Sevilla","3.74","3.44","2.12","1.07","9.57","1.31","3.62","2.01","1.90","3.46","1.33","7.12","1.11","1.73","2.11"
"861","27-08-22 19:30","Spain","LaLiga","2022/2023","Rayo Vallecano","Mallorca","1.96","3.33","4.51","1.10","7.45","1.37","3.19","2.23","1.68","4.22","1.24","8.74","1.08","1.87","1.94"
"862","27-08-22 17:30","Spain","LaLiga","2022/2023","Elche","Real Sociedad","4.14","3.39","2.02","1.08","8.51","1.34","3.40","2.11","1.81","3.90","1.27","7.97","1.09","1.98","1.83"
"863","26-08-22 22:00","Spain","LaLiga","2022/2023","Betis","Osasuna","1.81","3.72","4.81","1.06","10.60","1.29","3.72","2.01","1.90","3.24","1.36","6.66","1.12","1.73","2.11"
"864","26-08-22 20:00","Spain","LaLiga","2022/2023","Girona","Celta Vigo","2.97","3.25","2.59","1.08","8.51","1.37","3.19","2.23","1.68","4.22","1.24","8.74","1.08","1.87","1.94"
"865","22-08-22 22:00","Spain","LaLiga","2022/2023","Girona","Getafe","2.43","2.93","3.60","1.15","5.85","1.58","2.45","2.88","1.44","5.66","1.16","11.80","1.05","2.18","1.68"
"866","22-08-22 20:00","Spain","LaLiga","2022/2023","Elche","Almeria","2.44","3.26","3.17","1.08","9.00","1.37","3.20","2.35","1.67","4.14","1.25","8.45","1.09","1.90","1.90"
"867","21-08-22 22:00","Spain","LaLiga","2022/2023","Real Sociedad","Barcelona","4.03","3.48","2.02","1.06","10.60","1.26","3.99","1.88","2.03","3.24","1.36","6.17","1.14","1.66","2.23"
"868","21-08-22 19:30","Spain","LaLiga","2022/2023","Atl. Madrid","Villarreal","1.85","3.49","4.90","1.07","9.57","1.31","3.62","2.01","1.90","3.57","1.31","7.12","1.11","1.79","2.02"
"869","21-08-22 17:30","Spain","LaLiga","2022/2023","Ath Bilbao","Valencia","1.74","3.84","5.08","1.07","9.57","1.34","3.40","2.11","1.81","3.90","1.27","7.97","1.09","1.98","1.83"
"870","20-08-22 22:00","Spain","LaLiga","2022/2023","Celta Vigo","Real Madrid","5.50","4.25","1.63","1.04","11.80","1.24","4.30","1.72","2.26","2.68","1.50","5.06","1.18","1.69","2.17"
"871","20-08-22 19:30","Spain","LaLiga","2022/2023","Mallorca","Betis","3.58","3.27","2.24","1.07","9.57","1.34","3.40","2.22","1.74","3.90","1.27","7.97","1.09","1.79","2.02"
"872","20-08-22 17:30","Spain","LaLiga","2022/2023","Osasuna","Cadiz CF","1.89","3.36","4.87","1.10","7.45","1.46","2.79","2.42","1.59","5.11","1.18","10.60","1.06","2.11","1.73"
"873","19-08-22 22:00","Spain","LaLiga","2022/2023","Sevilla","Valladolid","1.50","4.27","7.56","1.07","9.43","1.35","3.30","2.12","1.81","3.65","1.30","7.51","1.10","1.92","1.88"
"874","19-08-22 20:00","Spain","LaLiga","2022/2023","Espanyol","Rayo Vallecano","2.56","3.18","3.07","1.10","7.45","1.46","2.79","2.52","1.55","5.11","1.18","10.60","1.06","2.04","1.78"
"875","15-08-22 21:30","Spain","LaLiga","2022/2023","Betis","Elche","1.60","4.15","6.06","1.06","10.60","1.31","3.62","2.01","1.90","3.46","1.33","7.12","1.11","1.92","1.88"
"876","15-08-22 19:30","Spain","LaLiga","2022/2023","Getafe","Atl. Madrid","5.75","3.18","1.90","1.10","5.95","1.72","2.31","2.94","1.36","6.00","1.08","15.00","1.01","2.41","1.54"
"877","15-08-22 17:30","Spain","LaLiga","2022/2023","Ath Bilbao","Mallorca","1.63","4.02","6.45","1.04","7.90","1.36","2.94","2.24","1.76","3.80","1.23","7.20","1.05","2.18","1.65"
"878","14-08-22 22:00","Spain","LaLiga","2022/2023","Almeria","Real Madrid","7.63","4.82","1.44","1.03","19.00","1.17","5.32","1.50","2.66","2.23","1.68","3.90","1.27","1.88","1.92"
"879","14-08-22 19:30","Spain","LaLiga","2022/2023","Valencia","Girona","1.85","3.59","4.72","1.06","10.60","1.29","3.72","2.01","1.90","3.24","1.36","6.66","1.12","1.73","2.11"
"880","14-08-22 17:30","Spain","LaLiga","2022/2023","Cadiz CF","Real Sociedad","3.91","3.09","2.21","1.13","6.38","1.50","2.66","2.52","1.55","5.11","1.18","10.60","1.06","2.03","1.78"
"881","13-08-22 21:00","Spain","LaLiga","2022/2023","Barcelona","Rayo Vallecano","1.23","6.79","13.30","1.02","20.00","1.17","5.32","1.46","2.79","2.14","1.74","3.90","1.27","1.98","1.83"
"882","13-08-22 19:00","Spain","LaLiga","2022/2023","Valladolid","Villarreal","3.66","3.47","2.13","1.07","9.57","1.31","3.62","2.01","1.90","3.57","1.31","7.12","1.11","1.73","2.11"
"883","13-08-22 17:00","Spain","LaLiga","2022/2023","Celta Vigo","Espanyol","1.75","3.73","5.23","1.08","8.60","1.37","3.23","2.20","1.75","3.87","1.28","7.90","1.09","1.98","1.83"
"884","12-08-22 21:00","Spain","LaLiga","2022/2023","Osasuna","Sevilla","3.52","3.14","2.34","1.11","6.91","1.46","2.79","2.52","1.55","5.11","1.18","10.60","1.06","2.04","1.78"
"886","22-05-22 22:00","Spain","LaLiga","2021/2022","Barcelona","Villarreal","1.97","3.96","3.92","1.03","21.00","1.13","4.84","1.52","2.46","2.40","1.67","3.88","1.24","1.60","2.27"
"887","22-05-22 22:00","Spain","LaLiga","2021/2022","Real Sociedad","Atl. Madrid","2.71","3.34","2.89","1.05","7.50","1.39","2.90","2.31","1.72","3.98","1.23","7.60","1.05","1.94","1.82"
"888","22-05-22 22:00","Spain","LaLiga","2021/2022","Sevilla","Ath Bilbao","2.64","3.16","2.98","1.08","8.70","1.36","3.26","2.17","1.77","3.83","1.28","7.83","1.09","1.74","2.09"
"889","22-05-22 20:00","Spain","LaLiga","2021/2022","Alaves","Cadiz CF","4.99","4.08","1.71","1.03","14.10","1.26","4.08","1.77","2.17","3.00","1.41","5.55","1.16","1.69","2.18"
"890","22-05-22 20:00","Spain","LaLiga","2021/2022","Granada CF","Espanyol","1.45","5.29","6.53","1.02","16.30","1.19","4.89","1.56","2.50","2.47","1.57","4.44","1.22","1.69","2.18"
"891","22-05-22 20:00","Spain","LaLiga","2021/2022","Osasuna","Mallorca","2.86","3.75","2.41","1.06","9.78","1.33","3.48","2.07","1.84","3.51","1.32","6.98","1.11","1.69","2.18"
"892","22-05-22 17:30","Spain","LaLiga","2021/2022","Elche","Getafe","3.17","2.94","2.66","1.13","6.50","1.48","2.75","2.57","1.54","4.80","1.20","9.99","1.06","1.98","1.83"
"893","21-05-22 17:30","Spain","LaLiga","2021/2022","Valencia","Celta Vigo","2.50","3.39","2.98","1.04","11.80","1.24","4.30","1.78","2.15","2.85","1.45","5.60","1.16","1.57","2.41"
"894","20-05-22 21:00","Spain","LaLiga","2021/2022","Rayo Vallecano","Levante","1.80","4.11","4.32","1.02","17.00","1.19","5.00","1.61","2.38","2.47","1.57","4.14","1.25","1.56","2.42"
"895","20-05-22 21:00","Spain","LaLiga","2021/2022","Real Madrid","Betis","1.54","5.22","5.27","1.02","21.00","1.10","7.61","1.33","3.48","1.85","2.07","2.83","1.45","1.41","2.91"
"896","15-05-22 19:30","Spain","LaLiga","2021/2022","Ath Bilbao","Osasuna","1.48","4.62","7.18","1.03","14.10","1.21","4.71","1.70","2.28","2.65","1.50","5.01","1.19","1.76","2.07"
"897","15-05-22 19:30","Spain","LaLiga","2021/2022","Atl. Madrid","Sevilla","1.98","3.15","4.82","1.13","6.52","1.48","2.72","2.47","1.57","5.01","1.19","10.40","1.06","2.07","1.75"
"898","15-05-22 19:30","Spain","LaLiga","2021/2022","Betis","Granada CF","1.58","4.58","5.60","1.03","23.00","1.14","5.98","1.45","2.85","2.10","1.77","3.51","1.32","1.52","2.51"
"899","15-05-22 19:30","Spain","LaLiga","2021/2022","Cadiz CF","Real Madrid","2.89","3.58","2.46","1.03","14.10","1.21","4.71","1.70","2.28","2.65","1.50","5.01","1.19","1.52","2.51"
"900","15-05-22 19:30","Spain","LaLiga","2021/2022","Celta Vigo","Elche","1.37","5.41","8.76","1.03","15.00","1.22","4.50","1.70","2.20","2.66","1.50","4.80","1.20","2.04","1.78"
"901","15-05-22 19:30","Spain","LaLiga","2021/2022","Getafe","Barcelona","4.18","3.39","2.01","1.06","9.78","1.28","3.80","1.97","1.93","3.18","1.38","6.54","1.13","1.66","2.22"
"902","15-05-22 19:30","Spain","LaLiga","2021/2022","Levante","Alaves","2.89","3.92","2.32","1.02","17.00","1.19","5.00","1.61","2.38","2.47","1.57","4.48","1.22","1.52","2.53"
"903","15-05-22 19:30","Spain","LaLiga","2021/2022","Mallorca","Rayo Vallecano","1.81","3.51","5.17","1.11","7.00","1.48","2.75","2.47","1.57","4.80","1.20","9.99","1.06","2.24","1.65"
"904","15-05-22 19:30","Spain","LaLiga","2021/2022","Villarreal","Real Sociedad","2.15","3.48","3.59","1.06","9.78","1.33","3.48","2.17","1.77","3.83","1.28","7.83","1.09","1.83","1.98"
"905","14-05-22 18:30","Spain","LaLiga","2021/2022","Espanyol","Valencia","2.82","3.59","2.51","1.04","8.30","1.32","3.26","2.08","1.87","3.03","1.41","6.40","1.08","1.83","1.93"
"906","12-05-22 21:30","Spain","LaLiga","2021/2022","Real Madrid","Levante","1.41","5.60","7.12","1.02","15.00","1.08","8.70","1.28","3.80","1.77","2.17","2.65","1.50","1.45","2.75"
"907","12-05-22 20:00","Spain","LaLiga","2021/2022","Rayo Vallecano","Villarreal","4.48","3.86","1.82","1.04","12.00","1.26","4.08","1.85","2.07","3.18","1.38","6.06","1.14","1.70","2.15"
"908","12-05-22 19:00","Spain","LaLiga","2021/2022","Real Sociedad","Cadiz CF","1.63","3.89","6.23","1.06","9.78","1.33","3.48","2.07","1.84","3.83","1.28","7.83","1.09","1.99","1.81"
"909","11-05-22 21:30","Spain","LaLiga","2021/2022","Elche","Atl. Madrid","7.82","3.90","1.54","1.06","9.78","1.33","3.48","2.07","1.84","3.83","1.28","7.83","1.09","2.07","1.75"
"910","11-05-22 20:30","Spain","LaLiga","2021/2022","Sevilla","Mallorca","1.54","4.10","7.24","1.06","9.78","1.33","3.48","2.07","1.84","3.83","1.28","7.83","1.09","1.99","1.81"
"911","11-05-22 19:00","Spain","LaLiga","2021/2022","Alaves","Espanyol","2.24","3.48","3.36","1.05","10.90","1.30","3.70","1.97","1.93","3.51","1.32","6.98","1.11","1.70","2.15"
"912","11-05-22 19:00","Spain","LaLiga","2021/2022","Osasuna","Getafe","2.43","3.00","3.49","1.14","5.98","1.56","2.50","2.83","1.45","6.06","1.14","11.60","1.05","2.14","1.71"
"913","10-05-22 21:30","Spain","LaLiga","2021/2022","Barcelona","Celta Vigo","1.44","5.03","7.40","1.02","21.00","1.17","5.43","1.45","2.85","2.19","1.71","3.83","1.28","1.63","2.28"
"914","10-05-22 20:00","Spain","LaLiga","2021/2022","Granada CF","Ath Bilbao","3.70","3.49","2.11","1.05","10.90","1.28","3.80","1.97","1.93","3.40","1.34","6.54","1.13","1.70","2.15"
"915","10-05-22 19:00","Spain","LaLiga","2021/2022","Valencia","Betis","3.37","3.47","2.24","1.06","9.78","1.33","3.48","2.07","1.84","3.51","1.32","6.98","1.11","1.70","2.15"
"916","08-05-22 21:00","Spain","LaLiga","2021/2022","Atl. Madrid","Real Madrid","1.86","3.80","4.64","1.02","9.50","1.28","3.54","1.98","1.97","3.20","1.33","5.85","1.09","1.86","1.90"
"917","08-05-22 18:30","Spain","LaLiga","2021/2022","Espanyol","Osasuna","2.35","3.47","3.16","1.08","9.00","1.37","3.20","2.24","1.73","3.79","1.29","7.54","1.10","1.83","1.98"
"918","08-05-22 16:15","Spain","LaLiga","2021/2022","Villarreal","Sevilla","2.01","3.76","3.76","1.05","10.70","1.30","3.66","1.99","1.91","3.43","1.33","7.05","1.11","1.72","2.13"
"919","08-05-22 14:00","Spain","LaLiga","2021/2022","Getafe","Rayo Vallecano","2.15","3.17","3.99","1.13","6.45","1.54","2.55","2.68","1.50","5.60","1.16","11.70","1.05","2.16","1.69"
"920","07-05-22 21:00","Spain","LaLiga","2021/2022","Betis","Barcelona","3.24","3.70","2.28","1.03","18.00","1.16","4.40","1.60","2.28","2.59","1.59","4.20","1.21","1.54","2.41"
"921","07-05-22 18:30","Spain","LaLiga","2021/2022","Cadiz CF","Elche","1.68","3.87","5.61","1.07","9.68","1.30","3.66","1.99","1.91","3.43","1.33","7.05","1.11","1.85","1.96"
"922","07-05-22 18:30","Spain","LaLiga","2021/2022","Celta Vigo","Alaves","1.78","3.66","5.09","1.08","8.60","1.33","3.44","2.09","1.83","3.87","1.28","7.90","1.09","1.91","1.90"
"923","07-05-22 16:15","Spain","LaLiga","2021/2022","Ath Bilbao","Valencia","1.42","4.94","8.11","1.05","10.70","1.29","3.76","1.86","2.05","3.21","1.37","6.12","1.14","2.01","1.80"
"924","07-05-22 14:00","Spain","LaLiga","2021/2022","Mallorca","Granada CF","1.94","3.56","4.27","1.06","9.78","1.33","3.48","2.07","1.84","3.83","1.28","7.83","1.09","1.83","1.98"
"925","06-05-22 21:00","Spain","LaLiga","2021/2022","Levante","Real Sociedad","3.55","3.56","2.14","1.04","11.80","1.26","4.03","1.86","2.05","3.03","1.41","6.12","1.14","1.64","2.26"
"926","02-05-22 21:00","Spain","LaLiga","2021/2022","Getafe","Betis","3.13","3.19","2.51","1.08","8.70","1.36","3.26","2.19","1.71","4.15","1.25","8.58","1.08","1.82","2.00"
"927","01-05-22 21:00","Spain","LaLiga","2021/2022","Barcelona","Mallorca","1.24","7.20","11.30","1.02","22.00","1.15","5.91","1.45","2.82","2.12","1.76","3.54","1.32","1.89","1.91"
"928","01-05-22 18:30","Spain","LaLiga","2021/2022","Rayo Vallecano","Real Sociedad","4.03","3.35","2.06","1.08","8.70","1.41","2.99","2.19","1.71","4.15","1.25","8.58","1.08","1.89","1.91"
"929","01-05-22 16:15","Spain","LaLiga","2021/2022","Granada CF","Celta Vigo","3.13","3.49","2.36","1.06","9.78","1.33","3.48","2.07","1.84","3.51","1.32","7.83","1.09","1.70","2.15"
"930","01-05-22 14:00","Spain","LaLiga","2021/2022","Elche","Osasuna","2.89","3.16","2.71","1.10","7.61","1.41","2.99","2.38","1.61","4.44","1.22","9.25","1.07","1.87","1.93"
"931","30-04-22 21:00","Spain","LaLiga","2021/2022","Ath Bilbao","Atl. Madrid","3.08","3.09","2.62","1.11","7.07","1.48","2.72","2.47","1.57","5.01","1.19","10.40","1.06","1.93","1.88"
"932","30-04-22 18:30","Spain","LaLiga","2021/2022","Valencia","Levante","2.00","3.57","3.99","1.05","10.90","1.30","3.70","1.97","1.93","3.40","1.34","6.54","1.13","1.69","2.18"
"933","30-04-22 16:15","Spain","LaLiga","2021/2022","Real Madrid","Espanyol","1.48","5.39","5.90","1.03","19.00","1.17","5.43","1.48","2.72","2.29","1.66","4.15","1.25","1.65","2.24"
"934","30-04-22 14:00","Spain","LaLiga","2021/2022","Alaves","Villarreal","3.51","3.47","2.18","1.06","9.78","1.33","3.48","2.07","1.84","3.51","1.32","6.98","1.11","1.70","2.15"
"935","29-04-22 21:00","Spain","LaLiga","2021/2022","Sevilla","Cadiz CF","1.51","4.11","7.82","1.07","9.68","1.33","3.44","2.09","1.83","3.54","1.32","7.05","1.11","2.01","1.80"
"936","24-04-22 21:00","Spain","LaLiga","2021/2022","Barcelona","Rayo Vallecano","1.31","5.97","10.10","1.03","20.00","1.17","5.38","1.45","2.82","2.21","1.70","3.87","1.28","1.78","2.04"
"937","21-04-22 21:30","Spain","LaLiga","2021/2022","Real Sociedad","Barcelona","3.59","3.59","2.11","1.03","14.00","1.24","4.30","1.78","2.15","2.85","1.45","5.60","1.16","1.57","2.41"
"938","21-04-22 20:00","Spain","LaLiga","2021/2022","Cadiz CF","Ath Bilbao","3.53","2.97","2.43","1.11","6.99","1.49","2.69","2.68","1.50","5.06","1.18","11.70","1.05","2.01","1.80"
"939","21-04-22 19:00","Spain","LaLiga","2021/2022","Espanyol","Rayo Vallecano","2.59","3.18","3.03","1.08","8.60","1.37","3.23","2.20","1.75","3.87","1.28","8.66","1.08","1.78","2.04"
"940","21-04-22 19:00","Spain","LaLiga","2021/2022","Levante","Sevilla","3.62","3.47","2.14","1.05","10.70","1.29","3.76","1.99","1.91","3.21","1.37","6.60","1.12","1.68","2.19"
"941","20-04-22 21:30","Spain","LaLiga","2021/2022","Osasuna","Real Madrid","4.22","3.72","1.90","1.03","14.00","1.21","4.66","1.72","2.26","2.68","1.50","5.06","1.18","1.57","2.41"
"942","20-04-22 20:00","Spain","LaLiga","2021/2022","Celta Vigo","Getafe","2.06","3.15","4.38","1.13","6.45","1.54","2.55","2.68","1.50","5.60","1.16","11.70","1.05","2.16","1.69"
"943","20-04-22 19:00","Spain","LaLiga","2021/2022","Atl. Madrid","Granada CF","1.42","5.05","8.70","1.01","10.50","1.24","3.88","1.83","2.13","2.86","1.40","5.10","1.12","2.21","1.63"
"944","19-04-22 21:30","Spain","LaLiga","2021/2022","Villarreal","Valencia","1.36","5.65","9.60","1.03","18.00","1.17","4.80","1.64","2.48","2.41","1.54","4.04","1.19","2.00","1.77"
"945","19-04-22 21:00","Spain","LaLiga","2021/2022","Betis","Elche","1.46","4.64","8.50","1.01","10.50","1.26","3.70","1.89","2.06","3.02","1.36","5.45","1.11","2.06","1.73"
"946","19-04-22 19:00","Spain","LaLiga","2021/2022","Mallorca","Alaves","1.93","3.36","4.96","1.07","6.55","1.46","2.64","2.52","1.62","4.60","1.18","8.90","1.03","2.30","1.59"
"947","18-04-22 21:00","Spain","LaLiga","2021/2022","Barcelona","Cadiz CF","1.18","7.74","17.50","1.02","26.00","1.14","5.98","1.41","2.99","2.07","1.84","3.40","1.34","1.99","1.81"
"948","17-04-22 21:00","Spain","LaLiga","2021/2022","Sevilla","Real Madrid","3.24","3.42","2.33","1.04","11.80","1.26","4.03","1.86","2.05","3.03","1.41","6.12","1.14","1.64","2.26"
"949","17-04-22 18:30","Spain","LaLiga","2021/2022","Ath Bilbao","Celta Vigo","1.72","3.72","5.56","1.08","8.60","1.33","3.44","2.09","1.83","3.87","1.28","7.90","1.09","1.91","1.90"
"950","17-04-22 16:15","Spain","LaLiga","2021/2022","Atl. Madrid","Espanyol","1.36","4.93","11.20","1.04","11.80","1.24","4.30","1.78","2.15","2.85","1.45","5.60","1.16","2.01","1.80"
"951","17-04-22 14:00","Spain","LaLiga","2021/2022","Granada CF","Levante","2.35","3.47","3.16","1.06","10.00","1.32","3.50","1.99","1.91","3.43","1.34","6.54","1.13","1.74","2.10"
"952","16-04-22 21:00","Spain","LaLiga","2021/2022","Getafe","Villarreal","3.67","3.08","2.31","1.10","7.61","1.41","2.99","2.38","1.61","4.44","1.22","9.25","1.07","1.87","1.93"
"953","16-04-22 18:30","Spain","LaLiga","2021/2022","Valencia","Osasuna","2.27","3.36","3.41","1.08","8.70","1.33","3.48","2.17","1.77","3.83","1.28","7.83","1.09","1.74","2.09"
"954","16-04-22 16:15","Spain","LaLiga","2021/2022","Alaves","Rayo Vallecano","2.80","3.11","2.85","1.10","7.61","1.41","2.99","2.29","1.66","4.44","1.22","9.25","1.07","1.82","2.00"
"955","16-04-22 14:00","Spain","LaLiga","2021/2022","Elche","Mallorca","2.64","2.95","3.18","1.13","6.52","1.53","2.58","2.65","1.50","5.55","1.16","11.60","1.05","1.97","1.83"
"956","15-04-22 21:00","Spain","LaLiga","2021/2022","Real Sociedad","Betis","2.09","3.60","3.65","1.05","10.90","1.28","3.80","1.85","2.07","3.18","1.38","6.54","1.13","1.70","2.15"
"957","11-04-22 21:00","Spain","LaLiga","2021/2022","Rayo Vallecano","Valencia","2.31","3.61","3.11","1.08","8.60","1.37","3.23","2.20","1.75","3.87","1.28","7.90","1.09","1.78","2.04"
"958","10-04-22 21:00","Spain","LaLiga","2021/2022","Levante","Barcelona","7.24","4.87","1.45","1.03","19.00","1.17","5.43","1.53","2.58","2.29","1.66","4.15","1.25","1.65","2.24"
"959","10-04-22 18:30","Spain","LaLiga","2021/2022","Elche","Real Sociedad","4.80","3.66","1.87","1.05","7.60","1.41","2.82","2.34","1.70","4.10","1.22","7.90","1.04","2.16","1.66"
"960","10-04-22 16:15","Spain","LaLiga","2021/2022","Espanyol","Celta Vigo","2.88","3.30","2.63","1.08","9.00","1.34","3.40","2.13","1.80","3.79","1.29","7.54","1.10","1.83","1.98"
"961","10-04-22 14:00","Spain","LaLiga","2021/2022","Osasuna","Alaves","1.99","3.28","4.47","1.08","8.60","1.37","3.23","2.20","1.75","3.87","1.28","7.90","1.09","1.85","1.96"
"962","09-04-22 21:00","Spain","LaLiga","2021/2022","Real Madrid","Getafe","1.42","4.94","8.11","1.05","10.90","1.28","3.80","1.85","2.07","3.18","1.38","6.06","1.14","1.96","1.85"
"963","09-04-22 18:30","Spain","LaLiga","2021/2022","Villarreal","Ath Bilbao","2.65","3.31","2.85","1.06","10.00","1.34","3.40","2.13","1.80","3.67","1.30","7.54","1.10","1.78","2.04"
"964","09-04-22 16:15","Spain","LaLiga","2021/2022","Mallorca","Atl. Madrid","4.28","3.26","2.04","1.06","6.50","1.46","2.64","2.66","1.50","5.41","1.18","11.20","1.03","2.20","1.64"
"965","09-04-22 14:00","Spain","LaLiga","2021/2022","Cadiz CF","Betis","3.39","3.29","2.31","1.09","8.00","1.41","3.00","2.35","1.67","4.14","1.25","8.45","1.09","1.98","1.83"
"966","08-04-22 21:00","Spain","LaLiga","2021/2022","Sevilla","Granada CF","1.40","4.80","9.45","1.04","12.00","1.26","4.08","1.85","2.07","3.18","1.38","6.06","1.14","1.99","1.81"
"967","04-04-22 21:00","Spain","LaLiga","2021/2022","Real Sociedad","Espanyol","1.53","4.46","6.50","1.05","10.90","1.28","3.80","1.97","1.93","3.40","1.34","6.54","1.13","1.87","1.93"
"968","03-04-22 21:00","Spain","LaLiga","2021/2022","Barcelona","Sevilla","1.43","4.70","8.42","1.04","11.80","1.24","4.30","1.78","2.15","2.85","1.45","5.60","1.16","1.91","1.90"
"969","03-04-22 18:30","Spain","LaLiga","2021/2022","Granada CF","Rayo Vallecano","2.81","3.07","2.86","1.11","7.00","1.41","3.00","2.37","1.62","4.48","1.22","9.26","1.07","1.98","1.83"
"970","03-04-22 18:30","Spain","LaLiga","2021/2022","Valencia","Cadiz CF","1.99","3.30","4.43","1.10","7.53","1.42","2.96","2.31","1.64","4.49","1.22","9.34","1.07","1.96","1.85"
"971","03-04-22 16:15","Spain","LaLiga","2021/2022","Betis","Osasuna","1.93","3.49","4.41","1.07","9.68","1.33","3.44","2.09","1.83","3.54","1.32","7.90","1.09","1.78","2.04"
"972","03-04-22 14:00","Spain","LaLiga","2021/2022","Ath Bilbao","Elche","1.50","4.64","7.30","1.01","10.00","1.27","3.62","1.91","2.03","3.04","1.36","5.55","1.10","2.22","1.63"
"973","02-04-22 21:00","Spain","LaLiga","2021/2022","Atl. Madrid","Alaves","1.38","5.29","8.65","1.08","8.70","1.33","3.48","1.97","1.93","3.51","1.32","6.98","1.11","2.24","1.64"
"974","02-04-22 18:30","Spain","LaLiga","2021/2022","Celta Vigo","Real Madrid","4.91","3.72","1.79","1.04","12.00","1.23","4.35","1.77","2.17","3.00","1.41","5.55","1.16","1.66","2.22"
"975","02-04-22 16:15","Spain","LaLiga","2021/2022","Levante","Villarreal","5.57","4.10","1.65","1.02","16.30","1.19","4.89","1.56","2.50","2.38","1.61","4.44","1.22","1.60","2.34"
"976","02-04-22 14:00","Spain","LaLiga","2021/2022","Getafe","Mallorca","1.98","3.21","4.66","1.13","6.52","1.53","2.58","2.65","1.50","5.01","1.19","10.40","1.06","2.12","1.72"
"977","20-03-22 21:00","Spain","LaLiga","2021/2022","Real Madrid","Barcelona","2.28","3.77","3.06","1.03","14.10","1.21","4.71","1.70","2.28","2.65","1.50","5.01","1.19","1.51","2.54"
"978","20-03-22 18:30","Spain","LaLiga","2021/2022","Sevilla","Real Sociedad","2.06","3.28","4.17","1.10","7.61","1.41","2.99","2.29","1.66","4.44","1.22","9.25","1.07","1.93","1.88"
"979","20-03-22 16:15","Spain","LaLiga","2021/2022","Cadiz CF","Villarreal","3.82","3.52","2.13","1.03","8.70","1.32","3.26","2.09","1.86","3.54","1.28","6.55","1.07","1.88","1.88"
"980","20-03-22 16:15","Spain","LaLiga","2021/2022","Celta Vigo","Betis","2.36","3.37","3.21","1.06","9.78","1.30","3.70","2.07","1.84","3.51","1.32","6.98","1.11","1.70","2.15"
"981","20-03-22 14:00","Spain","LaLiga","2021/2022","Espanyol","Mallorca","2.11","3.47","3.73","1.07","9.68","1.33","3.44","2.09","1.83","3.87","1.28","7.90","1.09","1.78","2.04"
"982","19-03-22 21:00","Spain","LaLiga","2021/2022","Rayo Vallecano","Atl. Madrid","4.47","3.15","2.04","1.10","7.53","1.45","2.82","2.40","1.60","4.49","1.22","9.34","1.07","1.94","1.86"
"983","19-03-22 18:30","Spain","LaLiga","2021/2022","Osasuna","Levante","1.86","3.82","4.34","1.05","10.90","1.30","3.70","1.97","1.93","3.51","1.32","6.98","1.11","1.76","2.07"
"984","19-03-22 16:15","Spain","LaLiga","2021/2022","Elche","Valencia","2.88","3.30","2.63","1.06","9.78","1.33","3.48","2.17","1.77","3.83","1.28","7.83","1.09","1.76","2.07"
"985","19-03-22 14:00","Spain","LaLiga","2021/2022","Alaves","Granada CF","2.04","3.40","4.28","1.06","7.00","1.44","2.70","2.45","1.65","4.40","1.20","8.40","1.03","2.16","1.66"
"986","18-03-22 21:00","Spain","LaLiga","2021/2022","Ath Bilbao","Getafe","1.66","3.48","7.23","1.11","7.07","1.45","2.85","2.38","1.61","4.44","1.22","10.40","1.06","2.12","1.72"
"987","14-03-22 21:00","Spain","LaLiga","2021/2022","Mallorca","Real Madrid","6.61","4.07","1.58","1.03","14.10","1.21","4.71","1.70","2.28","2.65","1.50","5.01","1.19","1.69","2.18"
"988","13-03-22 21:00","Spain","LaLiga","2021/2022","Barcelona","Osasuna","1.32","5.66","10.50","1.03","14.00","1.20","4.84","1.62","2.37","2.49","1.56","4.49","1.22","1.91","1.90"
"989","13-03-22 18:30","Spain","LaLiga","2021/2022","Real Sociedad","Alaves","1.65","3.67","6.57","1.08","8.60","1.33","3.44","2.20","1.75","3.87","1.28","7.90","1.09","1.96","1.85"
"990","13-03-22 16:15","Spain","LaLiga","2021/2022","Betis","Ath Bilbao","2.35","3.34","3.27","1.07","9.68","1.30","3.66","1.99","1.91","3.43","1.33","6.60","1.12","1.68","2.19"
"991","13-03-22 14:00","Spain","LaLiga","2021/2022","Rayo Vallecano","Sevilla","3.43","3.26","2.31","1.10","7.61","1.41","2.99","2.29","1.66","4.44","1.22","9.25","1.07","1.89","1.91"
"992","12-03-22 21:00","Spain","LaLiga","2021/2022","Getafe","Valencia","2.30","3.07","3.69","1.14","5.98","1.56","2.50","2.83","1.45","6.06","1.14","13.10","1.04","2.14","1.71"
"993","12-03-22 18:30","Spain","LaLiga","2021/2022","Villarreal","Celta Vigo","1.65","4.41","5.01","1.03","14.10","1.21","4.71","1.70","2.28","2.65","1.50","5.01","1.19","1.66","2.22"
"994","12-03-22 16:15","Spain","LaLiga","2021/2022","Granada CF","Elche","2.56","3.18","3.07","1.10","7.61","1.41","2.99","2.19","1.71","4.15","1.25","9.25","1.07","1.83","1.98"
"995","12-03-22 14:00","Spain","LaLiga","2021/2022","Levante","Espanyol","2.17","3.66","3.36","1.05","10.90","1.28","3.80","1.97","1.93","3.40","1.34","6.54","1.13","1.65","2.24"
"996","11-03-22 21:00","Spain","LaLiga","2021/2022","Atl. Madrid","Cadiz CF","1.39","4.71","10.50","1.07","9.68","1.29","3.76","1.86","2.05","3.21","1.37","6.60","1.12","2.09","1.74"
"997","07-03-22 21:00","Spain","LaLiga","2021/2022","Ath Bilbao","Levante","1.50","4.27","7.65","1.04","11.80","1.24","4.30","1.78","2.15","2.85","1.45","5.60","1.16","1.78","2.04"
"998","06-03-22 21:00","Spain","LaLiga","2021/2022","Betis","Atl. Madrid","3.56","3.30","2.24","1.08","8.70","1.36","3.26","2.17","1.77","3.83","1.28","7.83","1.09","1.82","2.00"
"999","06-03-22 18:30","Spain","LaLiga","2021/2022","Celta Vigo","Mallorca","1.95","3.32","4.60","1.10","7.61","1.41","2.99","2.19","1.71","4.15","1.25","9.25","1.07","1.93","1.88"
"1000","06-03-22 16:15","Spain","LaLiga","2021/2022","Elche","Barcelona","8.50","4.86","1.44","1.01","10.50","1.22","4.10","1.79","2.19","2.74","1.43","4.74","1.14","2.00","1.77"
"1001","06-03-22 14:00","Spain","LaLiga","2021/2022","Cadiz CF","Rayo Vallecano","2.44","3.37","3.09","1.11","6.99","1.49","2.69","2.49","1.56","5.06","1.18","10.50","1.06","2.01","1.80"
"1002","05-03-22 21:00","Spain","LaLiga","2021/2022","Real Madrid","Real Sociedad","1.49","4.81","6.61","1.02","16.10","1.21","4.66","1.62","2.37","2.68","1.50","5.06","1.18","1.70","2.15"
"1003","05-03-22 18:30","Spain","LaLiga","2021/2022","Valencia","Granada CF","1.86","3.65","4.54","1.04","12.00","1.23","4.35","1.77","2.17","3.00","1.41","5.55","1.16","1.66","2.22"
"1004","05-03-22 16:15","Spain","LaLiga","2021/2022","Espanyol","Getafe","2.28","3.13","3.65","1.11","7.07","1.45","2.85","2.38","1.61","5.01","1.19","10.40","1.06","1.94","1.86"
"1005","05-03-22 14:00","Spain","LaLiga","2021/2022","Osasuna","Villarreal","3.47","3.47","2.20","1.06","9.78","1.33","3.48","2.07","1.84","3.83","1.28","7.83","1.09","1.74","2.09"
"1006","04-03-22 21:00","Spain","LaLiga","2021/2022","Alaves","Sevilla","5.02","3.18","1.93","1.11","7.07","1.45","2.85","2.47","1.57","5.01","1.19","10.40","1.06","2.06","1.77"
"1007","02-03-22 21:00","Spain","LaLiga","2021/2022","Mallorca","Real Sociedad","3.51","3.16","2.33","1.08","8.70","1.36","3.26","2.19","1.71","4.15","1.25","8.58","1.08","1.85","1.96"
"1008","28-02-22 21:00","Spain","LaLiga","2021/2022","Granada CF","Cadiz CF","2.04","3.19","4.42","1.10","7.53","1.42","2.96","2.21","1.70","4.18","1.25","8.66","1.08","1.91","1.90"
"1009","27-02-22 21:00","Spain","LaLiga","2021/2022","Barcelona","Ath Bilbao","1.52","4.11","7.73","1.05","10.70","1.26","4.03","1.86","2.05","3.03","1.41","5.60","1.16","1.85","1.96"
"1010","27-02-22 18:30","Spain","LaLiga","2021/2022","Real Sociedad","Osasuna","2.33","3.04","3.65","1.13","6.50","1.51","2.63","2.66","1.50","5.41","1.17","11.20","1.05","2.10","1.74"
"1011","27-02-22 16:15","Spain","LaLiga","2021/2022","Sevilla","Betis","2.18","3.30","3.71","1.07","9.68","1.33","3.44","2.09","1.83","3.87","1.28","7.90","1.09","1.78","2.04"
"1012","27-02-22 14:00","Spain","LaLiga","2021/2022","Villarreal","Espanyol","1.53","4.46","6.50","1.04","12.00","1.21","4.71","1.70","2.28","2.65","1.50","5.01","1.19","1.65","2.24"
"1013","26-02-22 21:00","Spain","LaLiga","2021/2022","Atl. Madrid","Celta Vigo","1.73","3.46","6.11","1.10","7.61","1.41","2.99","2.29","1.66","4.44","1.22","9.25","1.07","2.06","1.77"
"1014","26-02-22 18:30","Spain","LaLiga","2021/2022","Rayo Vallecano","Real Madrid","6.69","4.15","1.56","1.04","12.00","1.23","4.35","1.77","2.17","2.83","1.45","5.55","1.16","1.74","2.09"
"1015","26-02-22 16:15","Spain","LaLiga","2021/2022","Getafe","Alaves","1.94","3.05","5.34","1.14","5.98","1.65","2.39","2.83","1.45","6.06","1.14","13.10","1.04","2.32","1.61"
"1016","26-02-22 14:00","Spain","LaLiga","2021/2022","Mallorca","Valencia","2.43","3.19","3.27","1.08","8.70","1.33","3.48","2.07","1.84","3.83","1.28","7.83","1.09","1.76","2.07"
"1017","25-02-22 21:00","Spain","LaLiga","2021/2022","Levante","Elche","2.03","3.68","3.73","1.06","9.78","1.33","3.48","2.07","1.84","3.83","1.28","7.83","1.09","1.74","2.09"
"1018","21-02-22 21:00","Spain","LaLiga","2021/2022","Celta Vigo","Levante","1.64","4.10","5.64","1.04","12.00","1.26","4.08","1.85","2.07","3.00","1.41","6.06","1.14","1.74","2.09"
"1019","20-02-22 21:00","Spain","LaLiga","2021/2022","Ath Bilbao","Real Sociedad","2.10","3.28","4.01","1.10","7.61","1.45","2.85","2.38","1.61","4.44","1.22","9.25","1.07","1.93","1.88"
"1020","20-02-22 18:30","Spain","LaLiga","2021/2022","Betis","Mallorca","1.54","4.65","5.97","1.03","14.10","1.21","4.71","1.70","2.28","2.65","1.50","5.01","1.19","1.69","2.18"
"1021","20-02-22 16:15","Spain","LaLiga","2021/2022","Valencia","Barcelona","3.63","4.05","1.96","1.03","14.10","1.21","4.71","1.70","2.28","2.65","1.50","5.01","1.19","1.55","2.46"
"1022","20-02-22 14:00","Spain","LaLiga","2021/2022","Espanyol","Sevilla","4.01","3.28","2.10","1.10","7.61","1.45","2.85","2.47","1.57","5.01","1.19","10.40","1.06","1.99","1.81"
"1023","19-02-22 21:00","Spain","LaLiga","2021/2022","Real Madrid","Alaves","1.21","7.74","13.40","1.02","20.00","1.15","5.91","1.45","2.82","2.12","1.76","3.54","1.32","1.99","1.81"
"1024","19-02-22 18:30","Spain","LaLiga","2021/2022","Cadiz CF","Getafe","3.09","2.83","2.83","1.17","5.38","1.72","2.26","3.21","1.37","7.05","1.11","14.10","1.03","2.34","1.60"
"1025","19-02-22 16:15","Spain","LaLiga","2021/2022","Osasuna","Atl. Madrid","3.85","3.24","2.17","1.10","7.53","1.42","2.96","2.40","1.60","4.49","1.22","9.34","1.07","1.94","1.86"
"1026","19-02-22 14:00","Spain","LaLiga","2021/2022","Granada CF","Villarreal","4.85","3.61","1.83","1.05","10.90","1.26","4.08","1.85","2.07","3.18","1.38","6.06","1.14","1.65","2.24"
"1027","18-02-22 21:00","Spain","LaLiga","2021/2022","Elche","Rayo Vallecano","2.99","3.17","2.62","1.11","6.99","1.45","2.82","2.49","1.56","5.06","1.18","10.50","1.06","1.94","1.86"
"1028","16-02-22 19:00","Spain","LaLiga","2021/2022","Atl. Madrid","Levante","1.29","5.69","12.10","1.03","14.00","1.20","4.84","1.57","2.47","2.40","1.60","4.49","1.22","1.99","1.81"
"1029","14-02-22 21:00","Spain","LaLiga","2021/2022","Mallorca","Ath Bilbao","3.33","3.06","2.48","1.11","7.07","1.48","2.72","2.47","1.57","5.01","1.19","10.40","1.06","1.97","1.83"
"1030","13-02-22 21:00","Spain","LaLiga","2021/2022","Espanyol","Barcelona","5.87","4.11","1.62","1.03","14.10","1.21","4.71","1.70","2.28","2.65","1.50","5.01","1.19","1.62","2.31"
"1031","13-02-22 18:30","Spain","LaLiga","2021/2022","Real Sociedad","Granada CF","1.37","5.20","10.50","1.01","10.50","1.24","3.88","1.83","2.13","2.86","1.40","5.10","1.12","2.18","1.65"
"1032","13-02-22 16:15","Spain","LaLiga","2021/2022","Levante","Betis","3.20","3.72","2.22","1.03","14.10","1.23","4.35","1.77","2.17","2.83","1.45","5.55","1.16","1.59","2.36"
"1033","13-02-22 14:00","Spain","LaLiga","2021/2022","Alaves","Valencia","2.68","3.14","2.93","1.10","7.53","1.42","2.96","2.31","1.64","4.49","1.22","9.34","1.07","1.91","1.90"
"1034","12-02-22 21:00","Spain","LaLiga","2021/2022","Atl. Madrid","Getafe","1.51","4.07","8.30","1.10","7.61","1.41","2.99","2.19","1.71","4.15","1.25","8.58","1.08","2.32","1.61"
"1035","12-02-22 18:30","Spain","LaLiga","2021/2022","Rayo Vallecano","Osasuna","2.10","3.28","4.01","1.11","7.07","1.48","2.72","2.47","1.57","5.01","1.19","10.40","1.06","1.97","1.83"
"1036","12-02-22 16:15","Spain","LaLiga","2021/2022","Villarreal","Real Madrid","3.01","3.48","2.43","1.04","12.00","1.26","4.08","1.85","2.07","3.18","1.38","6.06","1.14","1.62","2.31"
"1037","12-02-22 14:00","Spain","LaLiga","2021/2022","Cadiz CF","Celta Vigo","4.28","3.26","2.04","1.10","7.61","1.41","2.99","2.29","1.66","4.44","1.22","9.25","1.07","1.93","1.88"
"1038","11-02-22 21:00","Spain","LaLiga","2021/2022","Sevilla","Elche","1.39","4.52","10.90","1.08","8.70","1.33","3.48","2.07","1.84","3.51","1.32","6.98","1.11","2.24","1.64"
"1039","07-02-22 21:00","Spain","LaLiga","2021/2022","Ath Bilbao","Espanyol","1.58","3.85","7.16","1.08","8.60","1.33","3.44","2.09","1.83","3.87","1.28","7.90","1.09","2.01","1.80"
"1040","06-02-22 21:00","Spain","LaLiga","2021/2022","Real Madrid","Granada CF","1.25","6.45","12.30","1.02","16.30","1.19","4.89","1.53","2.58","2.38","1.61","4.15","1.25","1.94","1.86"
"1041","06-02-22 18:30","Spain","LaLiga","2021/2022","Betis","Villarreal","2.38","3.84","2.86","1.03","14.10","1.21","4.71","1.70","2.28","2.65","1.50","5.01","1.19","1.56","2.43"
"1042","06-02-22 16:15","Spain","LaLiga","2021/2022","Barcelona","Atl. Madrid","2.41","3.47","3.05","1.05","10.90","1.30","3.70","1.97","1.93","3.51","1.32","6.98","1.11","1.70","2.15"
"1043","06-02-22 14:00","Spain","LaLiga","2021/2022","Valencia","Real Sociedad","3.84","3.28","2.15","1.06","9.78","1.33","3.48","2.17","1.77","3.83","1.28","7.83","1.09","1.74","2.09"
"1044","05-02-22 21:00","Spain","LaLiga","2021/2022","Osasuna","Sevilla","4.01","3.07","2.19","1.11","7.07","1.48","2.72","2.65","1.50","5.01","1.19","11.60","1.05","2.07","1.75"
"1045","05-02-22 18:30","Spain","LaLiga","2021/2022","Celta Vigo","Rayo Vallecano","1.93","3.71","4.15","1.08","8.70","1.36","3.26","2.17","1.77","3.83","1.28","7.83","1.09","1.83","1.98"
"1046","05-02-22 16:15","Spain","LaLiga","2021/2022","Mallorca","Cadiz CF","1.85","3.75","4.49","1.10","7.61","1.45","2.85","2.38","1.61","5.01","1.19","10.40","1.06","2.07","1.75"
"1047","05-02-22 14:00","Spain","LaLiga","2021/2022","Elche","Alaves","2.36","3.09","3.51","1.11","7.07","1.48","2.72","2.47","1.57","5.01","1.19","10.40","1.06","1.99","1.81"
"1048","04-02-22 21:00","Spain","LaLiga","2021/2022","Getafe","Levante","2.13","3.10","4.18","1.13","6.52","1.53","2.58","2.65","1.50","5.55","1.16","11.60","1.05","2.14","1.71"
"1049","23-01-22 21:00","Spain","LaLiga","2021/2022","Alaves","Barcelona","6.33","3.89","1.62","1.05","10.70","1.26","4.03","1.86","2.05","3.21","1.37","6.12","1.14","1.85","1.96"
"1050","23-01-22 18:30","Spain","LaLiga","2021/2022","Rayo Vallecano","Ath Bilbao","2.86","3.16","2.74","1.10","7.53","1.45","2.82","2.49","1.56","5.06","1.18","10.50","1.06","1.96","1.85"
"1051","23-01-22 18:30","Spain","LaLiga","2021/2022","Real Sociedad","Getafe","1.75","3.48","5.78","1.11","6.99","1.49","2.69","2.49","1.56","5.06","1.18","10.50","1.06","2.16","1.69"
"1052","23-01-22 16:15","Spain","LaLiga","2021/2022","Real Madrid","Elche","1.17","8.68","15.20","1.02","25.00","1.15","5.91","1.42","2.96","2.09","1.83","3.43","1.33","2.01","1.80"
"1053","23-01-22 14:00","Spain","LaLiga","2021/2022","Granada CF","Osasuna","2.56","3.18","3.07","1.08","8.70","1.36","3.26","2.19","1.71","4.15","1.25","8.58","1.08","1.83","1.98"
"1054","22-01-22 21:00","Spain","LaLiga","2021/2022","Atl. Madrid","Valencia","1.40","5.00","8.51","1.04","12.00","1.23","4.35","1.77","2.17","3.00","1.41","5.55","1.16","1.93","1.88"
"1055","22-01-22 18:30","Spain","LaLiga","2021/2022","Sevilla","Celta Vigo","1.90","3.35","4.85","1.10","7.61","1.41","2.99","2.38","1.61","4.44","1.22","9.25","1.07","1.97","1.83"
"1056","22-01-22 16:15","Spain","LaLiga","2021/2022","Villarreal","Mallorca","1.52","4.06","7.72","1.05","10.90","1.26","4.08","1.85","2.07","3.00","1.41","6.06","1.14","1.82","2.00"
"1057","22-01-22 14:00","Spain","LaLiga","2021/2022","Levante","Cadiz CF","1.73","3.97","5.01","1.06","9.78","1.30","3.70","1.97","1.93","3.40","1.34","6.54","1.13","1.83","1.98"
"1058","21-01-22 21:00","Spain","LaLiga","2021/2022","Espanyol","Betis","3.43","3.50","2.21","1.03","14.10","1.21","4.71","1.70","2.28","2.65","1.50","5.01","1.19","1.51","2.54"
"1059","20-01-22 19:00","Spain","LaLiga","2021/2022","Getafe","Granada CF","1.99","3.37","4.32","1.13","6.52","1.53","2.58","2.65","1.50","5.55","1.16","11.60","1.05","2.14","1.71"
"1060","19-01-22 21:30","Spain","LaLiga","2021/2022","Valencia","Sevilla","3.17","3.46","2.35","1.10","7.61","1.41","2.99","2.29","1.66","4.44","1.22","9.25","1.07","1.87","1.93"
"1061","19-01-22 19:00","Spain","LaLiga","2021/2022","Celta Vigo","Osasuna","1.74","4.07","4.73","1.08","8.70","1.36","3.26","2.17","1.77","3.83","1.28","7.83","1.09","1.93","1.88"
"1062","18-01-22 21:30","Spain","LaLiga","2021/2022","Cadiz CF","Espanyol","3.08","3.33","2.46","1.08","8.70","1.36","3.26","2.19","1.71","4.15","1.25","8.58","1.08","1.82","2.00"
"1063","18-01-22 20:00","Spain","LaLiga","2021/2022","Betis","Alaves","1.62","4.24","6.15","1.02","9.60","1.26","3.70","1.90","2.04","2.99","1.37","5.40","1.11","1.92","1.84"
"1064","16-01-22 14:00","Spain","LaLiga","2021/2022","Elche","Villarreal","6.29","4.07","1.60","1.04","11.80","1.29","3.76","1.86","2.05","3.21","1.37","6.60","1.12","1.85","1.96"
"1065","10-01-22 21:00","Spain","LaLiga","2021/2022","Espanyol","Elche","1.73","3.97","5.01","1.04","12.00","1.23","4.35","1.77","2.17","2.83","1.45","5.55","1.16","1.66","2.22"
"1066","09-01-22 21:00","Spain","LaLiga","2021/2022","Villarreal","Atl. Madrid","2.72","3.28","2.78","1.07","9.68","1.30","3.66","2.09","1.83","3.54","1.32","7.05","1.11","1.72","2.13"
"1067","09-01-22 18:30","Spain","LaLiga","2021/2022","Alaves","Ath Bilbao","4.41","3.33","1.98","1.08","8.60","1.37","3.23","2.20","1.75","3.87","1.28","7.90","1.09","1.85","1.96"
"1068","09-01-22 18:30","Spain","LaLiga","2021/2022","Osasuna","Cadiz CF","1.61","3.69","7.16","1.08","8.60","1.37","3.23","2.21","1.70","4.18","1.25","8.66","1.08","2.09","1.74"
"1069","09-01-22 16:15","Spain","LaLiga","2021/2022","Sevilla","Getafe","1.61","3.69","7.16","1.11","6.99","1.45","2.82","2.49","1.56","5.06","1.18","10.50","1.06","2.36","1.59"
"1070","09-01-22 14:00","Spain","LaLiga","2021/2022","Rayo Vallecano","Betis","2.88","3.49","2.52","1.04","12.00","1.26","4.08","1.85","2.07","3.00","1.41","6.06","1.14","1.62","2.31"
"1071","08-01-22 21:00","Spain","LaLiga","2021/2022","Real Madrid","Valencia","1.35","5.36","9.87","1.02","16.30","1.17","5.43","1.48","2.72","2.29","1.66","3.83","1.28","1.69","2.18"
"1072","08-01-22 18:30","Spain","LaLiga","2021/2022","Granada CF","Barcelona","5.57","4.00","1.67","1.03","14.10","1.21","4.71","1.70","2.28","2.65","1.50","5.01","1.19","1.62","2.31"
"1073","08-01-22 16:15","Spain","LaLiga","2021/2022","Real Sociedad","Celta Vigo","1.84","3.58","4.81","1.06","9.78","1.33","3.48","2.17","1.77","3.83","1.28","7.83","1.09","1.87","1.93"
"1074","08-01-22 14:00","Spain","LaLiga","2021/2022","Levante","Mallorca","2.14","3.63","3.48","1.06","9.78","1.33","3.48","2.07","1.84","3.51","1.32","7.83","1.09","1.74","2.09"
"1075","03-01-22 21:15","Spain","LaLiga","2021/2022","Cadiz CF","Sevilla","6.34","3.69","1.66","1.10","7.61","1.41","2.99","2.29","1.66","4.44","1.22","9.25","1.07","2.14","1.71"
"1076","03-01-22 21:00","Spain","LaLiga","2021/2022","Osasuna","Ath Bilbao","3.39","2.95","2.52","1.13","6.52","1.53","2.58","2.65","1.50","5.55","1.16","11.60","1.05","2.07","1.75"
"1077","03-01-22 19:00","Spain","LaLiga","2021/2022","Villarreal","Levante","1.38","5.72","7.59","1.02","16.30","1.19","4.89","1.56","2.50","2.38","1.61","4.15","1.25","1.76","2.07"
"1078","02-01-22 21:00","Spain","LaLiga","2021/2022","Mallorca","Barcelona","4.09","3.29","2.08","1.08","8.70","1.36","3.26","2.17","1.77","3.83","1.28","7.83","1.09","1.83","1.98"
"1079","02-01-22 18:30","Spain","LaLiga","2021/2022","Alaves","Real Sociedad","4.86","3.37","1.89","1.09","8.00","1.41","3.00","2.37","1.62","4.48","1.22","9.26","1.07","2.10","1.74"
"1080","02-01-22 18:30","Spain","LaLiga","2021/2022","Betis","Celta Vigo","1.76","4.11","4.54","1.03","14.10","1.23","4.35","1.70","2.28","2.65","1.50","5.01","1.19","1.63","2.28"
"1081","02-01-22 16:15","Spain","LaLiga","2021/2022","Atl. Madrid","Rayo Vallecano","1.45","4.57","8.05","1.06","9.78","1.33","3.48","2.07","1.84","3.51","1.32","6.98","1.11","2.07","1.75"
"1082","02-01-22 16:15","Spain","LaLiga","2021/2022","Elche","Granada CF","2.45","3.16","3.26","1.08","8.70","1.36","3.26","2.17","1.77","3.83","1.28","7.83","1.09","1.76","2.07"
"1083","02-01-22 14:00","Spain","LaLiga","2021/2022","Getafe","Real Madrid","7.32","4.10","1.54","1.05","10.90","1.28","3.80","1.85","2.07","3.18","1.38","6.06","1.14","1.87","1.93"
"1084","31-12-21 16:15","Spain","LaLiga","2021/2022","Valencia","Espanyol","1.80","3.90","4.63","1.04","11.80","1.24","4.30","1.78","2.15","3.03","1.41","5.60","1.16","1.68","2.19"
"1085","22-12-21 21:30","Spain","LaLiga","2021/2022","Ath Bilbao","Real Madrid","3.61","3.41","2.17","1.04","12.00","1.23","4.35","1.77","2.17","2.83","1.45","5.55","1.16","1.59","2.36"
"1086","22-12-21 19:00","Spain","LaLiga","2021/2022","Granada CF","Atl. Madrid","6.67","3.89","1.61","1.05","10.90","1.28","3.80","1.85","2.07","3.18","1.38","6.06","1.14","1.82","2.00"
"1087","21-12-21 21:30","Spain","LaLiga","2021/2022","Sevilla","Barcelona","2.17","3.30","3.75","1.08","8.70","1.36","3.26","2.17","1.77","4.15","1.25","8.58","1.08","1.82","2.00"
"1088","21-12-21 19:00","Spain","LaLiga","2021/2022","Villarreal","Alaves","1.39","5.10","8.66","1.03","14.10","1.21","4.71","1.70","2.28","2.65","1.50","5.01","1.19","1.82","2.00"
"1089","20-12-21 21:00","Spain","LaLiga","2021/2022","Levante","Valencia","3.33","3.47","2.26","1.04","12.00","1.26","4.08","1.85","2.07","3.18","1.38","6.06","1.14","1.62","2.31"
"1090","19-12-21 21:00","Spain","LaLiga","2021/2022","Real Madrid","Cadiz CF","1.12","10.20","24.00","1.02","22.00","1.11","7.07","1.36","3.26","1.85","2.07","3.00","1.41","2.34","1.60"
"1091","19-12-21 18:30","Spain","LaLiga","2021/2022","Getafe","Osasuna","2.20","2.94","4.23","1.14","5.98","1.56","2.50","2.83","1.45","6.06","1.14","13.10","1.04","2.14","1.71"
"1092","19-12-21 16:15","Spain","LaLiga","2021/2022","Ath Bilbao","Betis","2.30","3.47","3.24","1.05","10.90","1.28","3.80","1.85","2.07","3.18","1.38","6.06","1.14","1.66","2.22"
"1093","19-12-21 14:00","Spain","LaLiga","2021/2022","Granada CF","Mallorca","2.37","3.17","3.41","1.08","8.60","1.37","3.23","2.20","1.75","4.18","1.25","8.66","1.08","1.85","1.96"
"1094","18-12-21 21:00","Spain","LaLiga","2021/2022","Sevilla","Atl. Madrid","3.17","3.05","2.58","1.13","6.52","1.53","2.58","2.65","1.50","5.55","1.16","11.60","1.05","1.99","1.81"
"1095","18-12-21 18:30","Spain","LaLiga","2021/2022","Barcelona","Elche","1.31","5.88","10.30","1.04","12.00","1.21","4.71","1.70","2.28","2.65","1.50","5.01","1.19","1.99","1.81"
"1096","18-12-21 16:15","Spain","LaLiga","2021/2022","Real Sociedad","Villarreal","2.22","3.51","3.37","1.06","9.78","1.30","3.70","1.97","1.93","3.51","1.32","6.98","1.11","1.70","2.15"
"1097","18-12-21 14:00","Spain","LaLiga","2021/2022","Rayo Vallecano","Alaves","1.70","3.58","6.05","1.08","8.70","1.33","3.48","2.07","1.84","3.83","1.28","7.83","1.09","1.87","1.93"
"1098","17-12-21 21:00","Spain","LaLiga","2021/2022","Celta Vigo","Espanyol","1.99","3.47","4.18","1.08","9.00","1.37","3.20","2.24","1.73","4.14","1.25","8.45","1.09","1.98","1.83"
"1099","13-12-21 21:00","Spain","LaLiga","2021/2022","Cadiz CF","Granada CF","2.72","3.18","2.87","1.10","7.61","1.41","2.99","2.29","1.66","4.44","1.22","9.25","1.07","1.83","1.98"
"1100","12-12-21 21:00","Spain","LaLiga","2021/2022","Real Madrid","Atl. Madrid","1.78","3.76","4.91","1.04","11.80","1.29","3.76","1.86","2.05","3.21","1.37","6.60","1.12","1.72","2.13"
"1101","12-12-21 18:30","Spain","LaLiga","2021/2022","Betis","Real Sociedad","2.42","3.38","3.11","1.05","10.70","1.29","3.76","1.86","2.05","3.21","1.37","6.60","1.12","1.64","2.26"
"1102","12-12-21 16:15","Spain","LaLiga","2021/2022","Osasuna","Barcelona","4.62","3.48","1.90","1.08","8.60","1.33","3.44","2.20","1.75","3.87","1.28","7.90","1.09","1.85","1.96"
"1103","12-12-21 14:00","Spain","LaLiga","2021/2022","Villarreal","Rayo Vallecano","1.76","3.88","4.85","1.04","12.00","1.26","4.08","1.85","2.07","3.00","1.41","6.06","1.14","1.69","2.18"
"1104","11-12-21 21:00","Spain","LaLiga","2021/2022","Ath Bilbao","Sevilla","2.57","2.98","3.27","1.13","6.52","1.56","2.50","2.83","1.45","5.55","1.16","11.60","1.05","2.12","1.72"
"1105","11-12-21 18:30","Spain","LaLiga","2021/2022","Valencia","Elche","1.61","3.88","6.64","1.08","9.00","1.34","3.40","2.24","1.73","3.79","1.29","7.54","1.10","2.04","1.78"
"1106","11-12-21 16:15","Spain","LaLiga","2021/2022","Alaves","Getafe","2.71","2.86","3.21","1.17","5.43","1.65","2.39","3.00","1.41","6.54","1.13","13.10","1.04","2.22","1.66"
"1107","11-12-21 14:00","Spain","LaLiga","2021/2022","Espanyol","Levante","1.90","3.60","4.42","1.04","11.80","1.26","4.03","1.86","2.05","3.03","1.41","6.12","1.14","1.68","2.19"
"1108","10-12-21 21:00","Spain","LaLiga","2021/2022","Mallorca","Celta Vigo","3.13","2.98","2.67","1.13","6.52","1.53","2.58","2.65","1.50","5.55","1.16","11.60","1.05","1.99","1.81"
"1109","06-12-21 21:00","Spain","LaLiga","2021/2022","Getafe","Ath Bilbao","3.97","2.97","2.26","1.15","5.91","1.57","2.47","2.85","1.45","6.12","1.14","11.70","1.05","2.16","1.69"
"1110","05-12-21 21:00","Spain","LaLiga","2021/2022","Celta Vigo","Valencia","1.94","3.56","4.27","1.04","11.80","1.29","3.76","1.99","1.91","3.43","1.33","6.60","1.12","1.72","2.13"
"1111","05-12-21 18:30","Spain","LaLiga","2021/2022","Levante","Osasuna","2.24","3.33","3.52","1.08","8.60","1.42","2.96","2.21","1.70","4.49","1.22","9.34","1.07","1.91","1.90"
"1112","05-12-21 16:15","Spain","LaLiga","2021/2022","Elche","Cadiz CF","2.04","3.19","4.42","1.11","6.99","1.49","2.69","2.68","1.50","5.06","1.18","11.70","1.05","2.09","1.74"
"1113","05-12-21 14:00","Spain","LaLiga","2021/2022","Rayo Vallecano","Espanyol","2.19","3.34","3.64","1.06","9.78","1.33","3.48","2.07","1.84","3.83","1.28","7.83","1.09","1.76","2.07"
"1114","04-12-21 21:00","Spain","LaLiga","2021/2022","Real Sociedad","Real Madrid","3.82","3.59","2.04","1.03","14.10","1.23","4.35","1.77","2.17","2.83","1.45","5.55","1.16","1.60","2.34"
"1115","04-12-21 18:30","Spain","LaLiga","2021/2022","Atl. Madrid","Mallorca","1.34","5.47","10.00","1.06","9.78","1.30","3.70","1.97","1.93","3.51","1.32","6.98","1.11","2.34","1.60"
"1116","04-12-21 16:15","Spain","LaLiga","2021/2022","Barcelona","Betis","1.50","4.75","6.50","1.01","17.00","1.17","5.43","1.53","2.58","2.29","1.66","4.15","1.25","1.60","2.34"
"1117","04-12-21 14:00","Spain","LaLiga","2021/2022","Sevilla","Villarreal","2.00","3.39","4.21","1.08","8.70","1.33","3.48","2.17","1.77","3.83","1.28","7.83","1.09","1.83","1.98"
"1118","03-12-21 21:00","Spain","LaLiga","2021/2022","Granada CF","Alaves","2.24","3.16","3.73","1.10","7.61","1.41","2.99","2.38","1.61","4.44","1.22","9.25","1.07","1.87","1.93"
"1119","01-12-21 21:00","Spain","LaLiga","2021/2022","Real Madrid","Ath Bilbao","1.46","4.60","7.78","1.03","14.10","1.23","4.35","1.77","2.17","2.83","1.45","5.55","1.16","1.82","2.00"
"1120","29-11-21 21:00","Spain","LaLiga","2021/2022","Osasuna","Elche","1.83","3.46","5.09","1.08","8.70","1.36","3.26","2.10","1.77","4.15","1.25","8.58","1.08","1.93","1.88"
"1121","28-11-21 21:00","Spain","LaLiga","2021/2022","Real Madrid","Sevilla","1.66","4.07","5.47","1.02","16.10","1.24","4.30","1.78","2.15","2.85","1.45","5.60","1.16","1.68","2.19"
"1122","28-11-21 18:30","Spain","LaLiga","2021/2022","Cadiz CF","Atl. Madrid","8.30","4.32","1.47","1.07","9.68","1.33","3.44","2.09","1.83","3.87","1.28","7.90","1.09","2.16","1.69"
"1123","28-11-21 16:15","Spain","LaLiga","2021/2022","Espanyol","Real Sociedad","3.19","3.28","2.41","1.08","8.60","1.33","3.44","2.20","1.75","3.87","1.28","7.90","1.09","1.78","2.04"
"1124","28-11-21 14:00","Spain","LaLiga","2021/2022","Betis","Levante","1.70","4.11","4.98","1.02","16.30","1.19","4.89","1.56","2.50","2.38","1.61","4.44","1.22","1.55","2.46"
"1125","27-11-21 21:00","Spain","LaLiga","2021/2022","Villarreal","Barcelona","3.00","3.41","2.48","1.04","11.80","1.26","4.03","1.86","2.05","3.03","1.41","6.12","1.14","1.61","2.31"
"1126","27-11-21 18:30","Spain","LaLiga","2021/2022","Mallorca","Getafe","2.21","2.97","4.13","1.15","5.91","1.57","2.47","2.85","1.45","6.12","1.14","13.20","1.04","2.16","1.69"
"1127","27-11-21 16:15","Spain","LaLiga","2021/2022","Valencia","Rayo Vallecano","1.97","3.37","4.40","1.08","8.60","1.37","3.23","2.20","1.75","3.87","1.28","8.66","1.08","1.85","1.96"
"1128","27-11-21 14:00","Spain","LaLiga","2021/2022","Alaves","Celta Vigo","3.17","3.17","2.50","1.10","7.61","1.41","2.99","2.29","1.66","4.44","1.22","9.25","1.07","1.89","1.91"
"1129","26-11-21 21:00","Spain","LaLiga","2021/2022","Ath Bilbao","Granada CF","1.40","4.86","9.21","1.05","10.90","1.30","3.70","1.97","1.93","3.40","1.34","6.54","1.13","2.24","1.64"
"1130","22-11-21 21:00","Spain","LaLiga","2021/2022","Rayo Vallecano","Mallorca","1.85","3.49","4.96","1.10","7.53","1.42","2.96","2.31","1.64","4.49","1.22","9.34","1.07","2.01","1.80"
"1131","21-11-21 21:00","Spain","LaLiga","2021/2022","Real Sociedad","Valencia","1.57","4.27","6.29","1.04","11.80","1.26","4.03","1.86","2.05","3.03","1.41","6.12","1.14","1.78","2.04"
"1132","21-11-21 18:30","Spain","LaLiga","2021/2022","Elche","Betis","3.58","3.27","2.24","1.07","9.68","1.33","3.44","2.09","1.83","3.54","1.32","7.05","1.11","1.72","2.13"
"1133","21-11-21 16:15","Spain","LaLiga","2021/2022","Granada CF","Real Madrid","8.83","5.13","1.38","1.01","17.00","1.17","5.38","1.54","2.55","2.31","1.64","4.18","1.25","1.72","2.13"
"1134","21-11-21 14:00","Spain","LaLiga","2021/2022","Getafe","Cadiz CF","1.98","3.07","5.01","1.13","6.52","1.56","2.50","2.83","1.45","6.06","1.14","11.60","1.05","2.22","1.66"
"1135","20-11-21 21:00","Spain","LaLiga","2021/2022","Barcelona","Espanyol","1.48","4.70","6.92","1.03","14.10","1.21","4.71","1.70","2.28","2.65","1.50","5.01","1.19","1.69","2.18"
"1136","20-11-21 18:30","Spain","LaLiga","2021/2022","Atl. Madrid","Osasuna","1.46","4.29","8.78","1.06","9.78","1.33","3.48","2.07","1.84","3.83","1.28","7.83","1.09","2.12","1.72"
"1137","20-11-21 16:15","Spain","LaLiga","2021/2022","Sevilla","Alaves","1.46","4.30","8.81","1.08","8.70","1.36","3.26","2.17","1.77","3.83","1.28","7.83","1.09","2.12","1.72"
"1138","20-11-21 14:00","Spain","LaLiga","2021/2022","Celta Vigo","Villarreal","2.43","3.28","3.18","1.08","8.70","1.36","3.26","2.17","1.77","4.15","1.25","8.58","1.08","1.82","2.00"
"1139","19-11-21 21:00","Spain","LaLiga","2021/2022","Levante","Ath Bilbao","4.18","3.39","2.01","1.05","10.90","1.30","3.70","1.97","1.93","3.51","1.32","6.98","1.11","1.69","2.18"
"1140","07-11-21 21:00","Spain","LaLiga","2021/2022","Betis","Sevilla","3.23","3.27","2.41","1.08","8.70","1.36","3.26","2.10","1.77","4.15","1.25","8.58","1.08","1.83","1.98"
"1141","07-11-21 18:30","Spain","LaLiga","2021/2022","Mallorca","Elche","2.05","3.15","4.42","1.11","7.07","1.45","2.85","2.47","1.57","5.01","1.19","10.40","1.06","1.99","1.81"
"1142","07-11-21 18:30","Spain","LaLiga","2021/2022","Osasuna","Real Sociedad","3.62","3.29","2.22","1.08","8.70","1.41","2.99","2.19","1.71","4.15","1.25","8.58","1.08","1.83","1.98"
"1143","07-11-21 16:15","Spain","LaLiga","2021/2022","Valencia","Atl. Madrid","4.71","3.37","1.91","1.10","7.61","1.45","2.85","2.38","1.61","5.01","1.19","10.40","1.06","2.07","1.75"
"1144","07-11-21 14:00","Spain","LaLiga","2021/2022","Villarreal","Getafe","1.46","4.29","8.78","1.07","9.68","1.30","3.66","1.99","1.91","3.54","1.32","7.05","1.11","2.09","1.74"
"1145","06-11-21 21:00","Spain","LaLiga","2021/2022","Real Madrid","Rayo Vallecano","1.35","5.59","9.21","1.03","14.10","1.21","4.71","1.60","2.39","2.47","1.57","4.44","1.22","1.82","2.00"
"1146","06-11-21 18:30","Spain","LaLiga","2021/2022","Alaves","Levante","2.40","3.16","3.36","1.11","7.00","1.41","3.00","2.37","1.62","4.48","1.22","9.26","1.07","1.98","1.83"
"1147","06-11-21 16:15","Spain","LaLiga","2021/2022","Celta Vigo","Barcelona","4.16","3.57","1.96","1.04","12.00","1.26","4.08","1.85","2.07","3.18","1.38","6.06","1.14","1.65","2.24"
"1148","06-11-21 14:00","Spain","LaLiga","2021/2022","Espanyol","Granada CF","1.80","3.97","4.50","1.05","10.90","1.30","3.70","1.97","1.93","3.40","1.34","6.98","1.11","1.76","2.07"
"1149","05-11-21 21:00","Spain","LaLiga","2021/2022","Ath Bilbao","Cadiz CF","1.42","4.64","8.96","1.05","10.90","1.28","3.80","1.85","2.07","3.18","1.38","6.54","1.13","1.99","1.81"
"1150","01-11-21 21:00","Spain","LaLiga","2021/2022","Levante","Granada CF","2.03","3.34","4.19","1.07","9.68","1.33","3.44","2.20","1.75","3.87","1.28","7.90","1.09","1.85","1.96"
"1151","01-11-21 18:30","Spain","LaLiga","2021/2022","Rayo Vallecano","Celta Vigo","2.24","3.37","3.48","1.10","7.53","1.42","2.96","2.31","1.64","4.49","1.22","9.34","1.07","1.91","1.90"
"1152","31-10-21 21:00","Spain","LaLiga","2021/2022","Real Sociedad","Ath Bilbao","2.12","3.17","4.13","1.10","7.61","1.36","3.26","2.19","1.71","4.15","1.25","8.58","1.08","1.82","2.00"
"1153","31-10-21 18:30","Spain","LaLiga","2021/2022","Getafe","Espanyol","2.73","2.97","3.04","1.13","6.52","1.53","2.58","2.65","1.50","5.55","1.16","11.60","1.05","2.06","1.77"
"1154","31-10-21 16:15","Spain","LaLiga","2021/2022","Atl. Madrid","Betis","1.50","4.42","7.21","1.04","12.00","1.21","4.71","1.70","2.28","2.65","1.50","5.01","1.19","1.74","2.09"
"1155","31-10-21 14:00","Spain","LaLiga","2021/2022","Cadiz CF","Mallorca","2.78","2.93","3.03","1.11","7.07","1.48","2.72","2.47","1.57","5.01","1.19","10.40","1.06","1.93","1.88"
"1156","30-10-21 21:00","Spain","LaLiga","2021/2022","Barcelona","Alaves","1.23","6.79","13.60","1.02","16.30","1.17","5.43","1.48","2.72","2.29","1.66","4.15","1.25","1.94","1.86"
"1157","30-10-21 18:30","Spain","LaLiga","2021/2022","Valencia","Villarreal","3.33","3.37","2.30","1.06","9.78","1.30","3.70","1.97","1.93","3.40","1.34","6.98","1.11","1.70","2.15"
"1158","30-10-21 16:15","Spain","LaLiga","2021/2022","Sevilla","Osasuna","1.51","4.07","8.30","1.06","9.78","1.30","3.70","1.97","1.93","3.40","1.34","6.54","1.13","1.94","1.86"
"1159","30-10-21 14:00","Spain","LaLiga","2021/2022","Elche","Real Madrid","7.77","4.19","1.50","1.03","14.10","1.23","4.35","1.77","2.17","2.83","1.45","5.55","1.16","1.74","2.09"
"1160","28-10-21 21:30","Spain","LaLiga","2021/2022","Levante","Atl. Madrid","7.17","4.31","1.52","1.05","10.90","1.28","3.80","1.85","2.07","3.18","1.38","6.54","1.13","1.94","1.86"
"1161","28-10-21 20:00","Spain","LaLiga","2021/2022","Granada CF","Getafe","2.30","2.97","3.84","1.14","5.98","1.65","2.39","3.00","1.41","6.06","1.14","13.10","1.04","2.24","1.64"
"1162","28-10-21 19:00","Spain","LaLiga","2021/2022","Celta Vigo","Real Sociedad","2.86","3.52","2.53","1.06","9.78","1.33","3.48","2.07","1.84","3.83","1.28","7.83","1.09","1.76","2.07"
"1163","27-10-21 21:30","Spain","LaLiga","2021/2022","Real Madrid","Osasuna","1.26","6.17","12.80","1.01","17.00","1.17","5.43","1.48","2.72","2.19","1.71","3.83","1.28","1.83","1.98"
"1164","27-10-21 20:00","Spain","LaLiga","2021/2022","Betis","Valencia","1.90","3.83","4.14","1.03","14.10","1.23","4.35","1.77","2.17","2.83","1.45","5.55","1.16","1.63","2.28"
"1165","27-10-21 19:00","Spain","LaLiga","2021/2022","Mallorca","Sevilla","5.52","3.28","1.83","1.10","7.61","1.45","2.85","2.38","1.61","5.01","1.19","10.40","1.06","2.07","1.75"
"1166","27-10-21 19:00","Spain","LaLiga","2021/2022","Rayo Vallecano","Barcelona","4.28","3.82","1.87","1.03","14.10","1.23","4.35","1.77","2.17","2.83","1.45","5.55","1.16","1.63","2.28"
"1167","26-10-21 21:30","Spain","LaLiga","2021/2022","Villarreal","Cadiz CF","1.33","5.47","10.40","1.04","12.00","1.21","4.71","1.70","2.28","2.65","1.50","5.01","1.19","2.06","1.77"
"1168","26-10-21 21:00","Spain","LaLiga","2021/2022","Espanyol","Ath Bilbao","2.87","3.18","2.72","1.09","8.00","1.37","3.20","2.35","1.67","4.14","1.25","8.45","1.09","1.90","1.90"
"1169","26-10-21 19:00","Spain","LaLiga","2021/2022","Alaves","Elche","2.15","3.17","3.99","1.13","6.52","1.53","2.58","2.65","1.50","5.55","1.16","11.60","1.05","2.06","1.77"
"1170","25-10-21 21:00","Spain","LaLiga","2021/2022","Getafe","Celta Vigo","2.58","3.26","2.98","1.13","6.45","1.54","2.55","2.68","1.50","5.60","1.16","11.70","1.05","2.09","1.74"
"1171","24-10-21 21:00","Spain","LaLiga","2021/2022","Atl. Madrid","Real Sociedad","1.66","3.84","6.05","1.07","9.57","1.34","3.40","2.11","1.81","3.57","1.31","7.12","1.11","1.91","1.90"
"1172","24-10-21 18:30","Spain","LaLiga","2021/2022","Betis","Rayo Vallecano","1.75","3.86","4.98","1.04","11.80","1.24","4.30","1.78","2.15","3.03","1.41","5.60","1.16","1.68","2.19"
"1173","24-10-21 16:15","Spain","LaLiga","2021/2022","Barcelona","Real Madrid","2.38","3.93","2.81","1.01","17.00","1.17","5.38","1.49","2.69","2.21","1.70","3.87","1.28","1.42","2.88"
"1174","24-10-21 14:00","Spain","LaLiga","2021/2022","Sevilla","Levante","1.46","4.43","8.34","1.05","10.90","1.30","3.70","1.97","1.93","3.51","1.32","6.98","1.11","1.99","1.81"
"1175","23-10-21 21:00","Spain","LaLiga","2021/2022","Ath Bilbao","Villarreal","2.29","3.54","3.20","1.06","9.78","1.33","3.48","2.17","1.77","3.83","1.28","7.83","1.09","1.76","2.07"
"1176","23-10-21 18:30","Spain","LaLiga","2021/2022","Elche","Espanyol","2.79","3.08","2.88","1.11","7.07","1.48","2.72","2.47","1.57","5.01","1.19","10.40","1.06","1.99","1.81"
"1177","23-10-21 16:15","Spain","LaLiga","2021/2022","Cadiz CF","Alaves","2.56","2.97","3.28","1.14","6.00","1.56","2.50","2.86","1.45","5.41","1.17","12.50","1.04","2.15","1.70"
"1178","23-10-21 14:00","Spain","LaLiga","2021/2022","Valencia","Mallorca","1.78","3.61","5.16","1.09","8.00","1.41","3.00","2.35","1.67","4.48","1.22","9.26","1.07","2.10","1.74"
"1179","22-10-21 21:00","Spain","LaLiga","2021/2022","Osasuna","Granada CF","1.68","3.67","6.11","1.08","8.60","1.37","3.23","2.20","1.75","3.87","1.28","7.90","1.09","1.93","1.88"
"1180","18-10-21 21:00","Spain","LaLiga","2021/2022","Espanyol","Cadiz CF","1.66","3.59","6.62","1.08","8.60","1.37","3.23","2.21","1.70","4.18","1.25","8.66","1.08","2.09","1.74"
"1181","18-10-21 19:00","Spain","LaLiga","2021/2022","Alaves","Betis","3.97","3.38","2.07","1.07","9.68","1.30","3.66","1.99","1.91","3.54","1.32","7.05","1.11","1.72","2.13"
"1182","17-10-21 21:00","Spain","LaLiga","2021/2022","Barcelona","Valencia","1.52","4.90","6.04","1.02","16.10","1.17","5.38","1.49","2.69","2.21","1.70","3.87","1.28","1.57","2.41"
"1183","17-10-21 18:30","Spain","LaLiga","2021/2022","Villarreal","Osasuna","1.54","4.10","7.16","1.04","11.80","1.24","4.30","1.78","2.15","2.85","1.45","5.60","1.16","1.78","2.04"
"1184","17-10-21 16:15","Spain","LaLiga","2021/2022","Celta Vigo","Sevilla","3.08","3.07","2.63","1.08","8.60","1.33","3.44","2.20","1.75","3.87","1.28","7.90","1.09","1.78","2.04"
"1185","17-10-21 14:00","Spain","LaLiga","2021/2022","Rayo Vallecano","Elche","1.79","3.48","5.38","1.10","7.61","1.45","2.85","2.38","1.61","4.44","1.22","9.25","1.07","2.07","1.75"
"1186","16-10-21 21:00","Spain","LaLiga","2021/2022","Real Sociedad","Mallorca","1.47","4.33","8.32","1.05","10.90","1.30","3.70","1.97","1.93","3.40","1.34","6.54","1.13","1.97","1.83"
"1187","16-10-21 18:30","Spain","LaLiga","2021/2022","Levante","Getafe","2.34","2.97","3.74","1.13","6.52","1.56","2.50","2.83","1.45","6.06","1.14","13.10","1.04","2.12","1.72"
"1188","03-10-21 21:00","Spain","LaLiga","2021/2022","Granada CF","Sevilla","6.41","3.69","1.65","1.06","9.78","1.36","3.26","2.19","1.71","4.15","1.25","8.58","1.08","1.99","1.81"
"1189","03-10-21 18:30","Spain","LaLiga","2021/2022","Getafe","Real Sociedad","3.95","2.97","2.27","1.13","6.52","1.53","2.58","2.65","1.50","5.55","1.16","11.60","1.05","2.07","1.75"
"1190","03-10-21 18:30","Spain","LaLiga","2021/2022","Villarreal","Betis","2.07","3.58","3.73","1.04","12.00","1.23","4.35","1.77","2.17","2.83","1.45","5.55","1.16","1.60","2.34"
"1191","03-10-21 16:15","Spain","LaLiga","2021/2022","Espanyol","Real Madrid","5.87","4.11","1.62","1.03","14.10","1.21","4.71","1.70","2.28","2.65","1.50","5.01","1.19","1.66","2.22"
"1192","03-10-21 14:00","Spain","LaLiga","2021/2022","Elche","Celta Vigo","3.52","3.05","2.38","1.10","7.53","1.42","2.96","2.31","1.64","4.49","1.22","9.34","1.07","1.89","1.91"
"1193","02-10-21 21:00","Spain","LaLiga","2021/2022","Atl. Madrid","Barcelona","1.96","3.60","4.11","1.05","10.70","1.29","3.76","1.99","1.91","3.21","1.37","6.60","1.12","1.69","2.18"
"1194","02-10-21 18:30","Spain","LaLiga","2021/2022","Cadiz CF","Valencia","3.69","3.16","2.26","1.10","7.53","1.45","2.82","2.40","1.60","4.49","1.22","9.34","1.07","1.93","1.88"
"1195","02-10-21 16:15","Spain","LaLiga","2021/2022","Mallorca","Levante","2.29","3.26","3.47","1.08","9.00","1.37","3.20","2.24","1.73","3.79","1.29","8.45","1.09","1.83","1.98"
"1196","02-10-21 14:00","Spain","LaLiga","2021/2022","Osasuna","Rayo Vallecano","2.32","3.34","3.32","1.08","8.70","1.41","2.99","2.19","1.71","4.15","1.25","8.58","1.08","1.89","1.91"
"1197","01-10-21 21:00","Spain","LaLiga","2021/2022","Ath Bilbao","Alaves","1.56","3.84","7.87","1.10","7.61","1.41","2.99","2.29","1.66","4.44","1.22","9.25","1.07","2.24","1.64"
"1198","27-09-21 21:00","Spain","LaLiga","2021/2022","Celta Vigo","Granada CF","1.60","4.12","6.18","1.05","10.90","1.28","3.80","1.85","2.07","3.18","1.38","6.54","1.13","1.83","1.98"
"1199","26-09-21 21:00","Spain","LaLiga","2021/2022","Betis","Getafe","1.61","3.89","6.67","1.08","8.70","1.41","2.99","2.19","1.71","4.15","1.25","9.25","1.07","2.14","1.71"
"1200","26-09-21 18:30","Spain","LaLiga","2021/2022","Rayo Vallecano","Cadiz CF","1.68","3.89","5.69","1.08","8.70","1.36","3.26","2.17","1.77","3.83","1.28","7.83","1.09","1.99","1.81"
"1201","26-09-21 18:30","Spain","LaLiga","2021/2022","Real Sociedad","Elche","1.51","4.21","7.60","1.08","8.70","1.33","3.48","2.07","1.84","3.83","1.28","7.83","1.09","2.07","1.75"
"1202","26-09-21 16:15","Spain","LaLiga","2021/2022","Barcelona","Levante","1.46","4.60","7.78","1.03","14.10","1.21","4.71","1.60","2.39","2.65","1.50","5.01","1.19","1.70","2.15"
"1203","26-09-21 14:00","Spain","LaLiga","2021/2022","Mallorca","Osasuna","2.48","3.14","3.24","1.10","7.61","1.45","2.85","2.47","1.57","5.01","1.19","10.40","1.06","1.93","1.88"
"1204","25-09-21 21:00","Spain","LaLiga","2021/2022","Real Madrid","Villarreal","1.45","4.86","7.23","1.03","18.00","1.14","5.98","1.45","2.85","2.10","1.77","3.51","1.32","1.55","2.46"
"1205","25-09-21 18:30","Spain","LaLiga","2021/2022","Sevilla","Espanyol","1.41","4.60","9.34","1.05","10.90","1.26","4.08","1.77","2.17","3.00","1.41","5.55","1.16","1.87","1.93"
"1206","25-09-21 16:15","Spain","LaLiga","2021/2022","Valencia","Ath Bilbao","2.86","3.27","2.66","1.08","8.70","1.41","2.99","2.19","1.71","4.15","1.25","8.58","1.08","1.82","2.00"
"1207","25-09-21 14:00","Spain","LaLiga","2021/2022","Alaves","Atl. Madrid","8.74","4.11","1.48","1.08","8.70","1.36","3.26","2.17","1.77","3.83","1.28","7.83","1.09","2.14","1.71"
"1208","23-09-21 22:00","Spain","LaLiga","2021/2022","Cadiz CF","Barcelona","7.72","4.62","1.46","1.04","11.80","1.26","4.03","1.86","2.05","3.21","1.37","6.12","1.14","1.96","1.85"
"1209","23-09-21 19:30","Spain","LaLiga","2021/2022","Granada CF","Real Sociedad","4.61","3.37","1.93","1.08","8.60","1.37","3.23","2.20","1.75","3.87","1.28","7.90","1.09","1.85","1.96"
"1210","23-09-21 19:30","Spain","LaLiga","2021/2022","Osasuna","Betis","2.43","3.39","3.07","1.07","9.68","1.30","3.66","1.99","1.91","3.43","1.33","7.05","1.11","1.72","2.13"
"1211","22-09-21 22:00","Spain","LaLiga","2021/2022","Real Madrid","Mallorca","1.21","7.49","13.80","1.02","21.00","1.15","5.91","1.42","2.96","2.09","1.83","3.43","1.33","1.85","1.96"
"1212","22-09-21 22:00","Spain","LaLiga","2021/2022","Villarreal","Elche","1.46","4.44","8.27","1.07","9.68","1.30","3.66","1.99","1.91","3.43","1.33","7.05","1.11","2.01","1.80"
"1213","22-09-21 19:30","Spain","LaLiga","2021/2022","Espanyol","Alaves","1.75","3.59","5.52","1.07","9.68","1.33","3.44","2.20","1.75","3.87","1.28","7.90","1.09","1.91","1.90"
"1214","22-09-21 19:30","Spain","LaLiga","2021/2022","Sevilla","Valencia","1.57","4.09","6.59","1.05","10.70","1.30","3.66","1.99","1.91","3.54","1.32","7.05","1.11","1.91","1.90"
"1215","21-09-21 22:00","Spain","LaLiga","2021/2022","Ath Bilbao","Rayo Vallecano","1.75","3.59","5.52","1.08","8.70","1.36","3.26","2.10","1.77","4.15","1.25","8.58","1.08","1.93","1.88"
"1216","21-09-21 22:00","Spain","LaLiga","2021/2022","Levante","Celta Vigo","3.36","3.47","2.25","1.06","9.78","1.30","3.70","1.97","1.93","3.40","1.34","6.98","1.11","1.69","2.18"
"1217","21-09-21 19:30","Spain","LaLiga","2021/2022","Getafe","Atl. Madrid","7.51","3.59","1.62","1.13","6.52","1.53","2.58","2.65","1.50","5.55","1.16","11.60","1.05","2.46","1.55"
"1218","20-09-21 21:00","Spain","LaLiga","2021/2022","Barcelona","Granada CF","1.30","5.94","10.40","1.02","19.00","1.14","5.98","1.45","2.85","2.10","1.77","3.51","1.32","1.74","2.09"
"1219","19-09-21 21:00","Spain","LaLiga","2021/2022","Valencia","Real Madrid","4.96","3.90","1.74","1.03","14.00","1.21","4.66","1.72","2.26","2.68","1.50","5.06","1.18","1.61","2.31"
"1220","19-09-21 18:30","Spain","LaLiga","2021/2022","Betis","Espanyol","1.89","3.64","4.70","1.04","8.10","1.34","3.14","2.14","1.82","3.62","1.27","6.75","1.06","2.02","1.76"
"1221","19-09-21 16:15","Spain","LaLiga","2021/2022","Real Sociedad","Sevilla","2.39","3.36","3.18","1.08","8.60","1.33","3.44","2.20","1.75","3.87","1.28","7.90","1.09","1.78","2.04"
"1222","19-09-21 14:00","Spain","LaLiga","2021/2022","Mallorca","Villarreal","3.63","3.33","2.20","1.06","9.78","1.33","3.48","2.07","1.84","3.83","1.28","7.83","1.09","1.76","2.07"
"1223","18-09-21 21:00","Spain","LaLiga","2021/2022","Alaves","Osasuna","3.69","3.06","2.30","1.11","7.07","1.48","2.72","2.47","1.57","5.01","1.19","10.40","1.06","1.97","1.83"
"1224","18-09-21 18:30","Spain","LaLiga","2021/2022","Elche","Levante","2.35","3.16","3.47","1.11","6.99","1.49","2.69","2.49","1.56","5.06","1.18","10.50","1.06","1.99","1.81"
"1225","18-09-21 16:15","Spain","LaLiga","2021/2022","Atl. Madrid","Ath Bilbao","1.72","3.66","6.20","1.06","6.85","1.45","2.69","2.47","1.64","4.44","1.19","8.60","1.04","2.37","1.56"
"1226","18-09-21 14:00","Spain","LaLiga","2021/2022","Rayo Vallecano","Getafe","2.49","3.00","3.38","1.14","5.98","1.56","2.50","2.83","1.45","6.06","1.14","13.10","1.04","2.14","1.71"
"1227","17-09-21 21:00","Spain","LaLiga","2021/2022","Celta Vigo","Cadiz CF","1.41","4.89","8.55","1.04","11.80","1.26","4.03","1.86","2.05","3.21","1.37","6.12","1.14","1.93","1.88"
"1228","13-09-21 22:00","Spain","LaLiga","2021/2022","Granada CF","Betis","3.43","3.39","2.25","1.07","9.68","1.37","3.23","2.20","1.75","3.87","1.28","7.90","1.09","1.85","1.96"
"1229","13-09-21 20:00","Spain","LaLiga","2021/2022","Getafe","Elche","1.72","3.24","7.09","1.15","5.91","1.57","2.47","2.85","1.45","6.12","1.14","13.20","1.04","2.50","1.53"
"1230","12-09-21 21:00","Spain","LaLiga","2021/2022","Real Madrid","Celta Vigo","1.40","5.34","7.73","1.01","17.00","1.17","5.43","1.53","2.58","2.29","1.66","4.15","1.25","1.65","2.24"
"1231","12-09-21 18:30","Spain","LaLiga","2021/2022","Cadiz CF","Real Sociedad","6.12","3.84","1.65","1.05","10.90","1.30","3.70","1.97","1.93","3.51","1.32","6.98","1.11","1.87","1.93"
"1232","12-09-21 16:15","Spain","LaLiga","2021/2022","Osasuna","Valencia","2.39","3.17","3.37","1.10","7.61","1.41","2.99","2.19","1.71","4.15","1.25","8.58","1.08","1.78","2.04"
"1233","12-09-21 14:00","Spain","LaLiga","2021/2022","Espanyol","Atl. Madrid","5.15","3.48","1.86","1.06","7.00","1.45","2.67","2.49","1.63","4.54","1.18","8.90","1.03","2.22","1.63"
"1234","11-09-21 21:00","Spain","LaLiga","2021/2022","Ath Bilbao","Mallorca","1.75","3.59","5.52","1.08","8.60","1.37","3.23","2.21","1.70","4.18","1.25","8.66","1.08","2.01","1.80"
"1235","11-09-21 18:30","Spain","LaLiga","2021/2022","Levante","Rayo Vallecano","2.19","3.31","3.67","1.09","8.00","1.37","3.20","2.35","1.67","4.14","1.25","8.45","1.09","1.90","1.90"
"1236","29-08-21 22:00","Spain","LaLiga","2021/2022","Atl. Madrid","Villarreal","1.71","3.55","6.00","1.08","8.60","1.33","3.44","2.09","1.83","3.54","1.32","7.90","1.09","1.91","1.90"
"1237","29-08-21 19:30","Spain","LaLiga","2021/2022","Cadiz CF","Osasuna","3.81","3.12","2.24","1.13","6.45","1.57","2.47","2.85","1.45","6.12","1.14","11.70","1.05","2.16","1.69"
"1238","29-08-21 19:30","Spain","LaLiga","2021/2022","Rayo Vallecano","Granada CF","2.02","3.37","4.18","1.10","7.53","1.45","2.82","2.40","1.60","5.06","1.18","10.50","1.06","2.01","1.80"
"1239","29-08-21 17:00","Spain","LaLiga","2021/2022","Barcelona","Getafe","1.38","5.03","9.11","1.03","13.80","1.21","4.61","1.73","2.23","2.70","1.49","5.11","1.18","1.85","1.96"
"1240","28-08-21 22:00","Spain","LaLiga","2021/2022","Betis","Real Madrid","4.16","3.88","1.87","1.03","14.10","1.21","4.71","1.70","2.28","2.65","1.50","5.01","1.19","1.60","2.34"
"1241","28-08-21 19:30","Spain","LaLiga","2021/2022","Elche","Sevilla","5.58","3.59","1.74","1.10","7.61","1.45","2.85","2.29","1.66","4.44","1.22","9.25","1.07","2.07","1.75"
"1242","28-08-21 19:30","Spain","LaLiga","2021/2022","Real Sociedad","Levante","1.51","4.31","7.25","1.03","14.10","1.19","4.89","1.60","2.39","2.47","1.57","4.44","1.22","1.66","2.22"
"1243","28-08-21 17:00","Spain","LaLiga","2021/2022","Celta Vigo","Ath Bilbao","2.39","3.56","3.01","1.08","8.70","1.33","3.48","2.07","1.84","3.83","1.28","7.83","1.09","1.83","1.98"
"1244","27-08-21 22:15","Spain","LaLiga","2021/2022","Valencia","Alaves","1.76","3.61","5.42","1.08","9.00","1.37","3.20","2.24","1.73","4.14","1.25","8.45","1.09","2.04","1.78"
"1245","27-08-21 20:00","Spain","LaLiga","2021/2022","Mallorca","Espanyol","2.89","3.00","2.84","1.13","6.45","1.54","2.55","2.68","1.50","5.06","1.18","11.70","1.05","1.97","1.83"
"1246","23-08-21 22:00","Spain","LaLiga","2021/2022","Osasuna","Celta Vigo","2.47","3.40","3.02","1.08","8.60","1.33","3.44","2.20","1.75","3.87","1.28","7.90","1.09","1.78","2.04"
"1247","23-08-21 20:00","Spain","LaLiga","2021/2022","Getafe","Sevilla","3.43","2.98","2.48","1.13","6.45","1.54","2.55","2.68","1.50","5.60","1.16","11.70","1.05","2.09","1.74"
"1248","22-08-21 22:00","Spain","LaLiga","2021/2022","Levante","Real Madrid","6.50","4.58","1.52","1.02","16.10","1.20","4.84","1.62","2.37","2.49","1.56","4.49","1.22","1.63","2.28"
"1249","22-08-21 19:30","Spain","LaLiga","2021/2022","Atl. Madrid","Elche","1.30","5.47","12.70","1.04","11.80","1.29","3.76","1.86","2.05","3.21","1.37","6.12","1.14","2.32","1.61"
"1250","22-08-21 17:00","Spain","LaLiga","2021/2022","Real Sociedad","Rayo Vallecano","1.44","4.38","9.23","1.04","11.80","1.24","4.30","1.78","2.15","2.85","1.45","5.60","1.16","1.87","1.93"
"1251","21-08-21 22:00","Spain","LaLiga","2021/2022","Ath Bilbao","Barcelona","4.80","3.95","1.75","1.02","16.10","1.20","4.84","1.62","2.37","2.49","1.56","4.49","1.22","1.57","2.41"
"1252","21-08-21 19:30","Spain","LaLiga","2021/2022","Espanyol","Villarreal","3.33","3.32","2.33","1.08","8.70","1.36","3.26","2.17","1.77","4.15","1.25","8.58","1.08","1.83","1.98"
"1253","21-08-21 19:30","Spain","LaLiga","2021/2022","Granada CF","Valencia","2.76","3.29","2.74","1.08","8.70","1.36","3.26","2.17","1.77","4.15","1.25","8.58","1.08","1.83","1.98"
"1254","21-08-21 17:00","Spain","LaLiga","2021/2022","Alaves","Mallorca","2.23","3.24","3.65","1.11","7.07","1.48","2.72","2.47","1.57","5.01","1.19","10.40","1.06","2.07","1.75"
"1255","20-08-21 21:00","Spain","LaLiga","2021/2022","Betis","Cadiz CF","1.50","4.65","6.72","1.04","12.00","1.30","3.70","1.97","1.93","3.51","1.32","6.98","1.11","1.97","1.83"
"1256","16-08-21 22:00","Spain","LaLiga","2021/2022","Elche","Ath Bilbao","3.96","3.17","2.16","1.11","6.99","1.49","2.69","2.49","1.56","5.06","1.18","10.50","1.06","2.09","1.74"
"1257","16-08-21 20:00","Spain","LaLiga","2021/2022","Villarreal","Granada CF","1.57","4.40","6.70","1.02","9.70","1.27","3.62","1.92","2.02","3.04","1.36","5.55","1.10","2.00","1.77"
"1258","15-08-21 22:15","Spain","LaLiga","2021/2022","Sevilla","Rayo Vallecano","1.37","4.81","11.00","1.06","9.78","1.36","3.26","2.07","1.84","3.83","1.28","7.83","1.09","2.24","1.64"
"1259","15-08-21 20:00","Spain","LaLiga","2021/2022","Barcelona","Real Sociedad","1.67","3.94","5.64","1.03","14.10","1.21","4.71","1.70","2.28","2.65","1.50","5.01","1.19","1.64","2.26"
"1260","15-08-21 17:30","Spain","LaLiga","2021/2022","Celta Vigo","Atl. Madrid","3.86","3.34","2.12","1.08","8.70","1.36","3.26","2.19","1.71","4.15","1.25","8.58","1.08","1.82","2.00"
"1261","14-08-21 22:00","Spain","LaLiga","2021/2022","Alaves","Real Madrid","6.52","4.24","1.56","1.04","12.00","1.26","4.08","1.85","2.07","3.18","1.38","6.06","1.14","1.83","1.98"
"1262","14-08-21 22:00","Spain","LaLiga","2021/2022","Osasuna","Espanyol","2.60","3.27","2.94","1.08","8.60","1.42","2.96","2.31","1.64","4.49","1.22","9.34","1.07","1.89","1.91"
"1263","14-08-21 19:30","Spain","LaLiga","2021/2022","Cadiz CF","Levante","3.41","3.36","2.27","1.08","8.70","1.36","3.26","2.19","1.71","4.15","1.25","8.58","1.08","1.83","1.98"
"1264","14-08-21 19:30","Spain","LaLiga","2021/2022","Mallorca","Betis","2.56","3.18","3.07","1.10","7.53","1.42","2.96","2.31","1.64","4.49","1.22","9.34","1.07","1.91","1.89"
"1265","13-08-21 21:00","Spain","LaLiga","2021/2022","Valencia","Getafe","2.44","3.08","3.38","1.13","6.52","1.53","2.58","2.65","1.50","5.55","1.16","11.60","1.05","2.07","1.75"
"1267","23-05-21 21:00","Spain","LaLiga","2020/2021","Sevilla","Alaves","1.37","5.34","8.75","1.01","17.00","1.17","5.38","1.57","2.47","2.40","1.60","4.18","1.25","1.85","1.96"
"1268","23-05-21 18:30","Spain","LaLiga","2020/2021","Granada CF","Getafe","3.00","3.60","2.38","1.07","9.68","1.30","3.66","1.99","1.91","3.43","1.33","7.05","1.11","1.68","2.19"
"1269","22-05-21 18:00","Spain","LaLiga","2020/2021","Celta Vigo","Betis","3.39","3.85","2.10","1.04","13.00","1.26","4.00","1.82","2.10","2.86","1.45","5.41","1.17","1.65","2.24"
"1270","22-05-21 18:00","Spain","LaLiga","2020/2021","Eibar","Barcelona","5.51","4.86","1.56","1.01","20.00","1.14","5.98","1.41","2.99","2.07","1.84","3.40","1.34","1.48","2.63"
"1271","22-05-21 18:00","Spain","LaLiga","2020/2021","Elche","Ath Bilbao","2.05","3.79","3.59","1.05","11.00","1.32","3.50","2.13","1.80","3.67","1.30","7.06","1.11","1.83","1.98"
"1272","22-05-21 18:00","Spain","LaLiga","2020/2021","Huesca","Valencia","1.76","4.08","4.59","1.04","12.00","1.26","4.08","1.85","2.07","3.00","1.41","6.06","1.14","1.70","2.15"
"1273","22-05-21 18:00","Spain","LaLiga","2020/2021","Osasuna","Real Sociedad","5.93","4.64","1.55","1.01","16.00","1.19","4.89","1.56","2.50","2.38","1.61","4.15","1.25","1.63","2.28"
"1274","22-05-21 18:00","Spain","LaLiga","2020/2021","Real Madrid","Villarreal","1.53","4.67","6.14","1.01","18.00","1.17","5.43","1.48","2.72","2.19","1.71","3.83","1.28","1.56","2.43"
"1275","22-05-21 18:00","Spain","LaLiga","2020/2021","Valladolid","Atl. Madrid","10.40","5.66","1.32","1.02","16.30","1.19","4.89","1.56","2.50","2.47","1.57","4.44","1.22","1.83","1.98"
"1276","21-05-21 21:00","Spain","LaLiga","2020/2021","Levante","Cadiz CF","1.66","4.51","4.76","1.01","16.00","1.20","4.84","1.57","2.47","2.40","1.60","4.18","1.25","1.56","2.43"
"1277","16-05-21 18:30","Spain","LaLiga","2020/2021","Alaves","Granada CF","1.85","3.50","4.88","1.10","7.53","1.42","2.96","2.31","1.64","4.49","1.22","9.34","1.07","2.01","1.80"
"1278","16-05-21 18:30","Spain","LaLiga","2020/2021","Ath Bilbao","Real Madrid","6.02","4.41","1.57","1.03","14.00","1.21","4.66","1.62","2.37","2.49","1.56","4.49","1.22","1.64","2.26"
"1279","16-05-21 18:30","Spain","LaLiga","2020/2021","Atl. Madrid","Osasuna","1.23","6.43","15.00","1.02","16.10","1.20","4.84","1.57","2.47","2.40","1.60","4.49","1.22","2.09","1.74"
"1280","16-05-21 18:30","Spain","LaLiga","2020/2021","Barcelona","Celta Vigo","1.23","7.20","12.20","1.01","17.00","1.08","8.60","1.26","4.03","1.67","2.26","2.49","1.56","1.61","2.31"
"1281","16-05-21 18:30","Spain","LaLiga","2020/2021","Betis","Huesca","1.99","3.64","3.91","1.05","10.70","1.30","3.66","1.99","1.91","3.43","1.33","7.05","1.11","1.72","2.13"
"1282","16-05-21 18:30","Spain","LaLiga","2020/2021","Cadiz CF","Elche","3.67","3.31","2.19","1.09","8.00","1.41","3.00","2.37","1.62","4.48","1.22","9.26","1.07","1.98","1.83"
"1283","16-05-21 18:30","Spain","LaLiga","2020/2021","Getafe","Levante","1.67","3.92","5.68","1.07","9.68","1.33","3.44","2.09","1.83","3.87","1.28","7.90","1.09","1.96","1.85"
"1284","16-05-21 18:30","Spain","LaLiga","2020/2021","Real Sociedad","Valladolid","1.46","4.30","8.71","1.05","10.70","1.26","4.03","1.86","2.05","3.21","1.37","6.12","1.14","1.91","1.90"
"1285","16-05-21 18:30","Spain","LaLiga","2020/2021","Valencia","Eibar","2.12","3.63","3.53","1.04","11.80","1.29","3.76","1.99","1.91","3.43","1.33","6.60","1.12","1.72","2.13"
"1286","16-05-21 18:30","Spain","LaLiga","2020/2021","Villarreal","Sevilla","2.25","3.78","3.10","1.02","16.10","1.21","4.66","1.62","2.37","2.49","1.56","5.06","1.18","1.54","2.48"
"1287","13-05-21 22:00","Spain","LaLiga","2020/2021","Granada CF","Real Madrid","8.44","5.54","1.37","1.01","16.00","1.19","4.89","1.56","2.50","2.38","1.61","4.44","1.22","1.82","2.00"
"1288","13-05-21 20:00","Spain","LaLiga","2020/2021","Eibar","Betis","2.75","3.75","2.50","1.06","9.78","1.36","3.26","2.17","1.77","3.83","1.28","7.83","1.09","1.82","2.00"
"1289","13-05-21 19:00","Spain","LaLiga","2020/2021","Valladolid","Villarreal","4.82","3.93","1.76","1.04","12.00","1.28","3.80","1.85","2.07","3.18","1.38","6.54","1.13","1.69","2.18"
"1290","12-05-21 22:00","Spain","LaLiga","2020/2021","Atl. Madrid","Real Sociedad","1.66","3.78","6.10","1.08","8.70","1.33","3.48","2.07","1.84","3.83","1.28","7.83","1.09","1.97","1.83"
"1291","12-05-21 20:00","Spain","LaLiga","2020/2021","Celta Vigo","Getafe","2.86","3.07","2.81","1.10","7.61","1.41","2.99","2.29","1.66","4.15","1.25","9.25","1.07","1.82","2.00"
"1292","12-05-21 20:00","Spain","LaLiga","2020/2021","Huesca","Ath Bilbao","2.61","3.33","2.87","1.08","8.70","1.36","3.26","2.17","1.77","4.15","1.25","8.58","1.08","1.82","2.00"
"1293","12-05-21 19:00","Spain","LaLiga","2020/2021","Sevilla","Valencia","1.60","4.10","6.13","1.03","14.10","1.21","4.71","1.70","2.28","2.65","1.50","5.01","1.19","1.62","2.31"
"1294","11-05-21 22:00","Spain","LaLiga","2020/2021","Levante","Barcelona","13.70","8.57","1.19","1.01","17.00","1.06","9.78","1.23","4.35","1.60","2.39","2.38","1.61","1.63","2.28"
"1295","11-05-21 20:00","Spain","LaLiga","2020/2021","Elche","Alaves","2.98","2.98","2.78","1.13","6.52","1.65","2.39","2.83","1.45","6.06","1.14","13.10","1.04","2.22","1.66"
"1296","11-05-21 19:00","Spain","LaLiga","2020/2021","Osasuna","Cadiz CF","1.80","3.70","4.88","1.06","9.78","1.30","3.70","1.97","1.93","3.40","1.34","6.98","1.11","1.82","2.00"
"1297","10-05-21 21:00","Spain","LaLiga","2020/2021","Betis","Granada CF","1.79","3.90","4.61","1.04","11.80","1.29","3.76","1.86","2.05","3.21","1.37","6.12","1.14","1.76","2.07"
"1298","09-05-21 21:00","Spain","LaLiga","2020/2021","Real Madrid","Sevilla","1.79","4.06","4.41","1.02","16.30","1.21","4.71","1.60","2.39","2.65","1.50","5.01","1.19","1.55","2.46"
"1299","09-05-21 18:30","Spain","LaLiga","2020/2021","Villarreal","Celta Vigo","1.62","4.44","5.32","1.02","16.30","1.19","4.89","1.60","2.39","2.47","1.57","4.44","1.22","1.59","2.36"
"1300","09-05-21 16:15","Spain","LaLiga","2020/2021","Valencia","Valladolid","2.07","3.38","3.97","1.06","9.78","1.33","3.48","2.07","1.84","3.83","1.28","7.83","1.09","1.74","2.09"
"1301","09-05-21 14:00","Spain","LaLiga","2020/2021","Getafe","Eibar","2.11","3.19","4.11","1.13","6.50","1.56","2.50","2.66","1.50","5.41","1.17","11.20","1.05","2.24","1.65"
"1302","08-05-21 21:00","Spain","LaLiga","2020/2021","Ath Bilbao","Osasuna","1.69","3.84","5.63","1.06","9.78","1.33","3.48","2.07","1.84","3.83","1.28","7.83","1.09","1.94","1.86"
"1303","08-05-21 18:30","Spain","LaLiga","2020/2021","Cadiz CF","Huesca","3.98","3.62","1.98","1.10","7.61","1.45","2.85","2.38","1.61","5.01","1.19","10.40","1.06","2.07","1.75"
"1304","08-05-21 16:15","Spain","LaLiga","2020/2021","Barcelona","Atl. Madrid","1.72","4.17","4.74","1.04","11.80","1.24","4.30","1.78","2.15","3.03","1.41","5.60","1.16","1.72","2.13"
"1305","08-05-21 14:00","Spain","LaLiga","2020/2021","Alaves","Levante","2.11","3.49","3.70","1.07","9.68","1.33","3.44","2.09","1.83","3.87","1.28","7.90","1.09","1.83","1.98"
"1306","07-05-21 21:00","Spain","LaLiga","2020/2021","Real Sociedad","Elche","1.46","4.30","8.81","1.07","9.68","1.29","3.76","1.99","1.91","3.21","1.37","6.60","1.12","1.99","1.81"
"1307","03-05-21 21:00","Spain","LaLiga","2020/2021","Sevilla","Ath Bilbao","1.58","3.99","6.89","1.06","9.78","1.33","3.48","2.07","1.84","3.51","1.32","6.98","1.11","1.93","1.88"
"1308","02-05-21 21:00","Spain","LaLiga","2020/2021","Valencia","Barcelona","8.59","6.52","1.32","1.02","15.00","1.11","6.99","1.37","3.23","1.99","1.91","3.03","1.41","1.59","2.36"
"1309","02-05-21 18:30","Spain","LaLiga","2020/2021","Granada CF","Cadiz CF","1.81","3.46","5.26","1.10","7.53","1.42","2.96","2.31","1.64","4.49","1.22","9.34","1.07","1.99","1.81"
"1310","02-05-21 16:15","Spain","LaLiga","2020/2021","Villarreal","Getafe","1.97","3.28","4.57","1.08","8.60","1.37","3.23","2.21","1.70","4.18","1.25","8.66","1.08","1.83","1.98"
"1311","02-05-21 14:00","Spain","LaLiga","2020/2021","Valladolid","Betis","4.03","3.57","1.99","1.07","9.68","1.30","3.66","1.99","1.91","3.54","1.32","7.05","1.11","1.78","2.04"
"1312","01-05-21 21:00","Spain","LaLiga","2020/2021","Real Madrid","Osasuna","1.34","5.36","10.30","1.03","14.00","1.24","4.30","1.72","2.26","2.85","1.45","5.06","1.18","1.91","1.90"
"1313","01-05-21 18:30","Spain","LaLiga","2020/2021","Huesca","Real Sociedad","4.03","3.48","2.02","1.06","9.78","1.36","3.26","2.17","1.77","3.83","1.28","7.83","1.09","1.83","1.98"
"1314","01-05-21 16:15","Spain","LaLiga","2020/2021","Elche","Atl. Madrid","10.30","4.47","1.41","1.08","8.60","1.37","3.23","2.20","1.75","3.87","1.28","7.90","1.09","2.26","1.63"
"1315","01-05-21 14:00","Spain","LaLiga","2020/2021","Eibar","Alaves","2.34","3.39","3.25","1.10","7.53","1.42","2.96","2.31","1.64","4.49","1.22","9.34","1.07","1.91","1.90"
"1316","30-04-21 21:00","Spain","LaLiga","2020/2021","Celta Vigo","Levante","1.79","3.90","4.61","1.03","14.10","1.23","4.35","1.77","2.17","2.83","1.45","5.55","1.16","1.62","2.31"
"1317","29-04-21 19:00","Spain","LaLiga","2020/2021","Barcelona","Granada CF","1.12","11.30","21.00","1.01","17.00","1.08","8.60","1.26","4.03","1.72","2.26","2.49","1.56","1.85","1.96"
"1318","28-04-21 19:00","Spain","LaLiga","2020/2021","Ath Bilbao","Valladolid","1.80","3.50","5.25","1.10","7.61","1.41","2.99","2.29","1.66","4.44","1.22","9.25","1.07","1.97","1.83"
"1319","26-04-21 21:00","Spain","LaLiga","2020/2021","Eibar","Real Sociedad","4.29","3.58","1.93","1.06","9.78","1.33","3.48","2.07","1.84","3.83","1.28","7.83","1.09","1.82","2.00"
"1320","25-04-21 21:00","Spain","LaLiga","2020/2021","Ath Bilbao","Atl. Madrid","5.22","3.57","1.79","1.08","8.60","1.42","2.96","2.21","1.70","4.18","1.25","8.66","1.08","1.99","1.81"
"1321","25-04-21 18:30","Spain","LaLiga","2020/2021","Celta Vigo","Osasuna","1.78","3.81","4.83","1.05","10.70","1.29","3.76","1.99","1.91","3.43","1.33","6.60","1.12","1.76","2.07"
"1322","25-04-21 18:30","Spain","LaLiga","2020/2021","Sevilla","Granada CF","1.45","4.62","7.98","1.04","11.80","1.26","4.03","1.86","2.05","3.21","1.37","6.12","1.14","1.94","1.86"
"1323","25-04-21 16:15","Spain","LaLiga","2020/2021","Villarreal","Barcelona","4.97","4.45","1.66","1.01","19.00","1.15","5.91","1.45","2.82","2.12","1.76","3.54","1.32","1.44","2.78"
"1324","25-04-21 14:00","Spain","LaLiga","2020/2021","Huesca","Getafe","2.79","3.20","2.79","1.15","5.91","1.66","2.37","2.85","1.45","6.12","1.14","13.20","1.04","2.16","1.69"
"1325","24-04-21 21:00","Spain","LaLiga","2020/2021","Real Madrid","Betis","1.51","4.61","6.67","1.03","14.10","1.23","4.35","1.70","2.28","2.65","1.50","5.01","1.19","1.74","2.09"
"1326","24-04-21 18:30","Spain","LaLiga","2020/2021","Valencia","Alaves","2.04","3.57","3.83","1.04","12.00","1.26","4.08","1.85","2.07","3.00","1.41","6.06","1.14","1.65","2.24"
"1327","24-04-21 16:15","Spain","LaLiga","2020/2021","Valladolid","Cadiz CF","1.74","3.58","5.63","1.11","7.00","1.48","2.75","2.37","1.62","4.48","1.22","9.26","1.07","2.15","1.70"
"1328","24-04-21 14:00","Spain","LaLiga","2020/2021","Elche","Levante","2.74","3.65","2.55","1.07","9.68","1.33","3.44","2.09","1.83","3.87","1.28","7.90","1.09","1.76","2.07"
"1329","22-04-21 22:00","Spain","LaLiga","2020/2021","Barcelona","Getafe","1.21","7.42","15.00","1.01","17.00","1.17","5.38","1.49","2.69","2.31","1.64","3.87","1.28","1.99","1.81"
"1330","22-04-21 21:00","Spain","LaLiga","2020/2021","Granada CF","Eibar","2.20","3.26","3.69","1.10","7.53","1.42","2.96","2.21","1.70","4.49","1.22","9.34","1.07","1.87","1.93"
"1331","22-04-21 21:00","Spain","LaLiga","2020/2021","Real Sociedad","Celta Vigo","1.80","3.83","4.71","1.03","14.00","1.24","4.30","1.78","2.15","2.85","1.45","5.60","1.16","1.65","2.24"
"1332","22-04-21 19:00","Spain","LaLiga","2020/2021","Atl. Madrid","Huesca","1.34","5.09","11.30","1.07","9.68","1.33","3.44","1.99","1.91","3.54","1.32","7.05","1.11","2.34","1.60"
"1333","21-04-21 22:00","Spain","LaLiga","2020/2021","Cadiz CF","Real Madrid","8.83","5.13","1.38","1.03","14.00","1.24","4.30","1.72","2.26","2.68","1.50","5.06","1.18","1.85","1.96"
"1334","21-04-21 21:00","Spain","LaLiga","2020/2021","Alaves","Villarreal","5.51","4.10","1.65","1.04","11.80","1.26","4.03","1.86","2.05","3.21","1.37","6.12","1.14","1.78","2.04"
"1335","21-04-21 21:00","Spain","LaLiga","2020/2021","Elche","Valladolid","3.09","3.20","2.53","1.11","6.99","1.45","2.82","2.49","1.56","5.06","1.18","10.50","1.06","1.96","1.85"
"1336","21-04-21 20:00","Spain","LaLiga","2020/2021","Betis","Ath Bilbao","1.89","3.60","4.47","1.04","11.80","1.26","4.03","1.86","2.05","3.03","1.41","6.12","1.14","1.68","2.19"
"1337","21-04-21 19:00","Spain","LaLiga","2020/2021","Levante","Sevilla","7.19","4.73","1.47","1.03","14.00","1.20","4.84","1.62","2.37","2.49","1.56","5.06","1.18","1.76","2.07"
"1338","21-04-21 19:00","Spain","LaLiga","2020/2021","Osasuna","Valencia","2.87","3.17","2.72","1.07","9.68","1.33","3.44","2.20","1.75","3.87","1.28","7.90","1.09","1.78","2.04"
"1339","18-04-21 21:00","Spain","LaLiga","2020/2021","Getafe","Real Madrid","4.79","3.56","1.85","1.05","10.70","1.29","3.76","1.86","2.05","3.21","1.37","6.12","1.14","1.68","2.19"
"1340","18-04-21 21:00","Spain","LaLiga","2020/2021","Levante","Villarreal","5.93","3.91","1.65","1.02","16.10","1.17","5.38","1.57","2.47","2.31","1.64","4.18","1.25","1.54","2.48"
"1341","18-04-21 18:30","Spain","LaLiga","2020/2021","Betis","Valencia","1.87","3.93","4.15","1.02","16.10","1.20","4.84","1.57","2.47","2.40","1.60","4.49","1.22","1.52","2.51"
"1342","18-04-21 18:30","Spain","LaLiga","2020/2021","Cadiz CF","Celta Vigo","4.08","3.61","1.96","1.06","9.78","1.33","3.48","2.07","1.84","3.83","1.28","7.83","1.09","1.83","1.98"
"1343","18-04-21 16:15","Spain","LaLiga","2020/2021","Alaves","Huesca","2.69","3.32","2.79","1.10","7.53","1.45","2.82","2.40","1.60","5.06","1.18","10.50","1.06","1.96","1.85"
"1344","18-04-21 16:15","Spain","LaLiga","2020/2021","Atl. Madrid","Eibar","1.41","4.31","11.50","1.08","8.60","1.37","3.23","2.20","1.75","3.87","1.28","7.90","1.09","2.36","1.59"
"1345","18-04-21 14:00","Spain","LaLiga","2020/2021","Osasuna","Elche","1.94","3.28","4.77","1.10","7.53","1.45","2.82","2.40","1.60","5.06","1.18","10.50","1.06","1.97","1.83"
"1346","18-04-21 14:00","Spain","LaLiga","2020/2021","Real Sociedad","Sevilla","2.82","3.33","2.66","1.08","8.70","1.33","3.48","2.07","1.84","3.83","1.28","7.83","1.09","1.69","2.18"
"1347","12-04-21 21:00","Spain","LaLiga","2020/2021","Celta Vigo","Sevilla","3.75","3.80","2.00","1.06","9.78","1.30","3.70","2.07","1.84","3.51","1.32","6.98","1.11","1.69","2.18"
"1348","11-04-21 21:00","Spain","LaLiga","2020/2021","Betis","Atl. Madrid","3.88","3.27","2.14","1.08","8.70","1.36","3.26","2.19","1.71","4.15","1.25","8.58","1.08","1.82","2.00"
"1349","11-04-21 18:30","Spain","LaLiga","2020/2021","Valladolid","Granada CF","2.22","3.30","3.61","1.10","7.61","1.41","2.99","2.29","1.66","4.44","1.22","9.25","1.07","1.89","1.91"
"1350","11-04-21 16:15","Spain","LaLiga","2020/2021","Valencia","Real Sociedad","3.06","3.37","2.45","1.04","11.80","1.26","4.03","1.86","2.05","3.03","1.41","6.12","1.14","1.63","2.28"
"1351","11-04-21 14:00","Spain","LaLiga","2020/2021","Villarreal","Osasuna","1.75","3.48","5.78","1.08","8.60","1.37","3.23","2.21","1.70","4.18","1.25","8.66","1.08","1.99","1.81"
"1352","10-04-21 21:00","Spain","LaLiga","2020/2021","Real Madrid","Barcelona","2.71","4.14","2.38","1.01","18.00","1.17","5.32","1.50","2.66","2.23","1.68","3.90","1.27","1.41","2.91"
"1353","10-04-21 18:30","Spain","LaLiga","2020/2021","Eibar","Levante","2.44","3.50","2.98","1.04","11.80","1.26","4.03","1.86","2.05","3.21","1.37","6.12","1.14","1.62","2.31"
"1354","10-04-21 16:15","Spain","LaLiga","2020/2021","Ath Bilbao","Alaves","2.05","3.36","4.34","1.06","6.80","1.45","2.69","2.48","1.64","4.44","1.19","8.70","1.04","2.20","1.64"
"1355","10-04-21 14:00","Spain","LaLiga","2020/2021","Getafe","Cadiz CF","1.85","3.44","5.01","1.13","6.45","1.57","2.47","2.68","1.50","5.60","1.16","11.70","1.05","2.36","1.59"
"1356","09-04-21 21:00","Spain","LaLiga","2020/2021","Huesca","Elche","2.14","3.26","3.88","1.11","7.00","1.48","2.75","2.47","1.57","4.80","1.20","9.99","1.06","2.10","1.74"
"1357","07-04-21 21:00","Spain","LaLiga","2020/2021","Real Sociedad","Ath Bilbao","2.30","3.26","3.62","1.06","6.95","1.43","2.74","2.40","1.67","4.20","1.21","8.20","1.04","2.10","1.70"
"1358","05-04-21 21:00","Spain","LaLiga","2020/2021","Barcelona","Valladolid","1.11","11.00","25.00","1.01","17.00","1.12","6.84","1.31","3.58","1.90","2.01","2.91","1.43","1.91","1.90"
"1359","04-04-21 21:00","Spain","LaLiga","2020/2021","Sevilla","Atl. Madrid","3.17","2.97","2.64","1.13","6.45","1.54","2.55","2.68","1.50","5.60","1.16","11.70","1.05","2.09","1.74"
"1360","04-04-21 18:30","Spain","LaLiga","2020/2021","Cadiz CF","Valencia","4.06","3.32","2.07","1.08","8.60","1.37","3.23","2.21","1.70","4.18","1.25","8.66","1.08","1.85","1.96"
"1361","04-04-21 16:15","Spain","LaLiga","2020/2021","Elche","Betis","4.93","3.86","1.76","1.05","10.70","1.30","3.66","1.99","1.91","3.54","1.32","7.05","1.11","1.85","1.96"
"1362","04-04-21 14:00","Spain","LaLiga","2020/2021","Alaves","Celta Vigo","3.37","3.17","2.39","1.08","8.60","1.37","3.23","2.20","1.75","4.18","1.25","8.66","1.08","1.83","1.98"
"1363","03-04-21 18:30","Spain","LaLiga","2020/2021","Osasuna","Getafe","2.57","2.88","3.39","1.17","5.43","1.70","2.28","3.18","1.38","6.98","1.11","14.00","1.03","2.32","1.61"
"1364","03-04-21 16:15","Spain","LaLiga","2020/2021","Real Madrid","Eibar","1.37","5.34","8.95","1.02","16.30","1.21","4.71","1.70","2.28","2.65","1.50","5.01","1.19","1.82","2.00"
"1365","03-04-21 14:00","Spain","LaLiga","2020/2021","Granada CF","Villarreal","4.44","3.59","1.90","1.06","9.78","1.33","3.48","2.07","1.84","3.83","1.28","7.83","1.09","1.82","2.00"
"1366","02-04-21 21:00","Spain","LaLiga","2020/2021","Levante","Huesca","2.31","3.48","3.23","1.04","11.80","1.29","3.76","1.86","2.05","3.21","1.37","6.60","1.12","1.68","2.19"
"1367","21-03-21 21:00","Spain","LaLiga","2020/2021","Real Sociedad","Barcelona","5.30","4.06","1.68","1.02","18.30","1.17","5.38","1.54","2.55","2.21","1.70","3.84","1.28","1.50","2.60"
"1368","21-03-21 18:30","Spain","LaLiga","2020/2021","Atl. Madrid","Alaves","1.35","5.11","10.70","1.05","11.80","1.29","3.76","1.86","2.05","3.21","1.37","6.72","1.12","2.16","1.70"
"1369","21-03-21 16:15","Spain","LaLiga","2020/2021","Valencia","Granada CF","1.98","3.37","4.36","1.06","9.68","1.33","3.44","2.18","1.76","3.84","1.28","8.05","1.09","1.85","1.95"
"1370","21-03-21 16:15","Spain","LaLiga","2020/2021","Villarreal","Cadiz CF","1.44","4.41","8.94","1.06","10.70","1.29","3.76","1.98","1.92","3.45","1.33","6.72","1.12","2.00","1.81"
"1371","21-03-21 14:00","Spain","LaLiga","2020/2021","Getafe","Elche","1.94","3.07","5.23","1.13","6.45","1.57","2.47","2.84","1.45","5.57","1.16","11.20","1.05","2.26","1.64"
"1372","20-03-21 21:00","Spain","LaLiga","2020/2021","Valladolid","Sevilla","4.85","3.47","1.87","1.08","8.70","1.36","3.26","2.17","1.77","4.14","1.25","8.64","1.08","1.87","1.94"
"1373","20-03-21 18:30","Spain","LaLiga","2020/2021","Huesca","Osasuna","2.50","3.17","3.17","1.10","7.61","1.45","2.85","2.38","1.61","4.97","1.19","10.20","1.06","1.94","1.86"
"1374","20-03-21 16:15","Spain","LaLiga","2020/2021","Celta Vigo","Real Madrid","5.26","4.22","1.66","1.03","14.10","1.21","4.71","1.66","2.28","2.64","1.51","4.97","1.19","1.65","2.24"
"1375","20-03-21 14:00","Spain","LaLiga","2020/2021","Ath Bilbao","Eibar","1.72","3.61","5.77","1.08","8.70","1.36","3.26","2.27","1.71","4.14","1.25","8.64","1.08","1.97","1.84"
"1376","19-03-21 21:00","Spain","LaLiga","2020/2021","Betis","Levante","1.76","3.88","4.85","1.03","14.10","1.21","4.71","1.66","2.28","2.64","1.51","4.97","1.19","1.62","2.30"
"1377","17-03-21 19:00","Spain","LaLiga","2020/2021","Sevilla","Elche","1.46","4.29","8.79","1.08","8.60","1.37","3.23","2.18","1.76","3.84","1.28","8.05","1.09","2.26","1.64"
"1378","15-03-21 21:00","Spain","LaLiga","2020/2021","Barcelona","Huesca","1.14","9.56","19.40","1.02","15.00","1.10","7.37","1.30","3.68","1.81","2.11","2.73","1.48","1.85","1.95"
"1379","14-03-21 21:00","Spain","LaLiga","2020/2021","Sevilla","Betis","1.74","3.90","4.97","1.05","10.90","1.33","3.48","2.06","1.85","3.84","1.28","8.05","1.09","1.88","1.92"
"1380","14-03-21 18:30","Spain","LaLiga","2020/2021","Eibar","Villarreal","3.74","3.47","2.10","1.06","9.68","1.37","3.23","2.18","1.76","3.84","1.28","8.05","1.09","1.84","1.97"
"1381","14-03-21 16:15","Spain","LaLiga","2020/2021","Granada CF","Real Sociedad","5.61","4.08","1.65","1.05","11.80","1.26","4.03","1.86","2.05","3.21","1.37","6.08","1.14","1.82","1.99"
"1382","14-03-21 14:00","Spain","LaLiga","2020/2021","Celta Vigo","Ath Bilbao","2.60","3.51","2.77","1.08","8.70","1.36","3.26","2.17","1.77","4.14","1.25","8.64","1.08","1.84","1.97"
"1383","13-03-21 21:00","Spain","LaLiga","2020/2021","Getafe","Atl. Madrid","5.58","3.29","1.83","1.13","6.52","1.56","2.50","2.64","1.51","5.57","1.16","11.20","1.05","2.32","1.61"
"1384","13-03-21 18:30","Spain","LaLiga","2020/2021","Osasuna","Valladolid","2.15","3.28","3.84","1.10","7.61","1.42","2.99","2.28","1.66","4.37","1.23","9.34","1.07","1.94","1.86"
"1385","13-03-21 16:15","Spain","LaLiga","2020/2021","Real Madrid","Elche","1.21","6.91","16.90","1.03","14.10","1.21","4.71","1.61","2.39","2.64","1.51","4.97","1.19","2.11","1.72"
"1386","13-03-21 14:00","Spain","LaLiga","2020/2021","Alaves","Cadiz CF","2.15","3.17","4.00","1.14","5.98","1.56","2.50","2.84","1.45","5.57","1.16","11.20","1.05","2.16","1.70"
"1387","12-03-21 21:00","Spain","LaLiga","2020/2021","Levante","Valencia","2.46","3.47","2.98","1.06","10.70","1.30","3.66","1.98","1.92","3.45","1.33","6.72","1.12","1.70","2.15"
"1388","10-03-21 19:00","Spain","LaLiga","2020/2021","Atl. Madrid","Ath Bilbao","1.90","3.29","4.97","1.10","7.53","1.42","2.96","2.30","1.65","4.50","1.22","9.34","1.07","1.99","1.82"
"1389","08-03-21 21:00","Spain","LaLiga","2020/2021","Betis","Alaves","1.74","3.69","5.38","1.08","8.60","1.37","3.23","2.18","1.76","4.14","1.25","8.64","1.08","1.99","1.82"
"1390","07-03-21 21:00","Spain","LaLiga","2020/2021","Ath Bilbao","Granada CF","2.00","3.34","4.31","1.08","8.70","1.42","2.99","2.36","1.66","4.37","1.23","9.34","1.07","1.94","1.86"
"1391","07-03-21 18:30","Spain","LaLiga","2020/2021","Real Sociedad","Levante","1.37","5.44","8.39","1.02","18.30","1.17","5.38","1.54","2.55","2.30","1.65","4.14","1.25","1.69","2.17"
"1392","07-03-21 16:15","Spain","LaLiga","2020/2021","Atl. Madrid","Real Madrid","2.99","3.38","2.50","1.08","8.60","1.42","2.96","2.30","1.65","4.50","1.22","9.34","1.07","1.87","1.94"
"1393","07-03-21 14:00","Spain","LaLiga","2020/2021","Huesca","Celta Vigo","2.97","3.28","2.56","1.08","8.70","1.36","3.26","2.17","1.77","4.14","1.25","8.64","1.08","1.91","1.89"
"1394","06-03-21 21:00","Spain","LaLiga","2020/2021","Osasuna","Barcelona","8.66","4.88","1.41","1.03","14.00","1.21","4.66","1.62","2.37","2.66","1.50","4.97","1.19","1.77","2.04"
"1395","06-03-21 18:30","Spain","LaLiga","2020/2021","Cadiz CF","Eibar","3.79","3.33","2.14","1.10","7.53","1.46","2.82","2.40","1.60","4.97","1.19","10.20","1.06","2.00","1.81"
"1396","06-03-21 16:15","Spain","LaLiga","2020/2021","Elche","Sevilla","5.92","3.69","1.69","1.06","9.68","1.33","3.44","2.09","1.83","3.52","1.32","8.05","1.09","1.91","1.89"
"1397","06-03-21 14:00","Spain","LaLiga","2020/2021","Valladolid","Getafe","3.27","2.86","2.66","1.16","5.50","1.75","2.20","3.24","1.37","7.06","1.11","14.10","1.03","2.42","1.56"
"1398","05-03-21 21:00","Spain","LaLiga","2020/2021","Valencia","Villarreal","4.30","3.69","1.90","1.05","10.90","1.30","3.70","1.96","1.94","3.52","1.32","7.10","1.11","1.74","2.09"
"1399","01-03-21 21:00","Spain","LaLiga","2020/2021","Real Madrid","Real Sociedad","1.98","3.59","4.03","1.06","9.68","1.33","3.44","2.09","1.83","3.52","1.32","7.10","1.11","1.76","2.07"
"1400","28-02-21 21:00","Spain","LaLiga","2020/2021","Villarreal","Atl. Madrid","3.51","3.06","2.38","1.11","7.07","1.49","2.72","2.47","1.57","4.97","1.19","10.20","1.06","1.97","1.84"
"1401","28-02-21 18:30","Spain","LaLiga","2020/2021","Granada CF","Elche","1.93","3.31","4.75","1.10","7.61","1.45","2.85","2.38","1.61","4.97","1.19","10.20","1.06","1.97","1.84"
"1402","28-02-21 16:15","Spain","LaLiga","2020/2021","Cadiz CF","Betis","4.34","3.61","1.91","1.05","10.90","1.30","3.70","1.96","1.94","3.38","1.34","7.10","1.11","1.74","2.09"
"1403","28-02-21 14:00","Spain","LaLiga","2020/2021","Celta Vigo","Valladolid","1.90","3.59","4.44","1.06","9.78","1.33","3.48","2.06","1.85","3.84","1.28","8.05","1.09","1.84","1.97"
"1404","27-02-21 21:00","Spain","LaLiga","2020/2021","Getafe","Valencia","2.36","2.97","3.69","1.13","6.52","1.49","2.72","2.64","1.51","4.97","1.19","11.20","1.05","1.97","1.84"
"1405","27-02-21 18:30","Spain","LaLiga","2020/2021","Alaves","Osasuna","2.88","2.98","2.88","1.11","7.07","1.45","2.85","2.47","1.57","4.97","1.19","10.20","1.06","1.92","1.88"
"1406","27-02-21 16:15","Spain","LaLiga","2020/2021","Sevilla","Barcelona","3.27","3.57","2.25","1.03","14.10","1.23","4.35","1.72","2.17","2.84","1.45","4.97","1.19","1.54","2.47"
"1407","27-02-21 14:00","Spain","LaLiga","2020/2021","Eibar","Huesca","2.29","3.26","3.47","1.10","7.53","1.42","2.96","2.30","1.65","4.50","1.22","9.34","1.07","1.88","1.92"
"1408","26-02-21 21:00","Spain","LaLiga","2020/2021","Levante","Ath Bilbao","3.90","3.49","2.05","1.05","10.90","1.29","3.80","1.96","1.94","3.38","1.34","6.38","1.13","1.69","2.17"
"1409","24-02-21 19:00","Spain","LaLiga","2020/2021","Barcelona","Elche","1.13","9.94","21.00","1.02","15.00","1.11","6.99","1.33","3.44","1.86","2.05","2.84","1.45","2.00","1.81"
"1410","22-02-21 21:00","Spain","LaLiga","2020/2021","Osasuna","Sevilla","4.52","3.34","1.96","1.08","8.70","1.42","2.99","2.36","1.66","4.37","1.23","9.34","1.07","1.94","1.86"
"1411","21-02-21 21:00","Spain","LaLiga","2020/2021","Ath Bilbao","Villarreal","2.56","3.18","3.07","1.10","7.53","1.37","3.23","2.29","1.70","4.14","1.25","8.64","1.08","1.84","1.97"
"1412","21-02-21 18:30","Spain","LaLiga","2020/2021","Huesca","Granada CF","2.23","3.27","3.63","1.10","7.53","1.42","2.96","2.30","1.65","4.50","1.22","9.34","1.07","1.94","1.86"
"1413","21-02-21 16:15","Spain","LaLiga","2020/2021","Real Sociedad","Alaves","1.53","4.05","7.63","1.06","9.68","1.30","3.66","1.98","1.92","3.45","1.33","7.10","1.11","1.94","1.86"
"1414","21-02-21 14:00","Spain","LaLiga","2020/2021","Barcelona","Cadiz CF","1.11","11.30","24.00","1.02","15.00","1.08","8.70","1.29","3.80","1.72","2.17","2.64","1.51","2.06","1.76"
"1415","20-02-21 21:00","Spain","LaLiga","2020/2021","Valladolid","Real Madrid","6.69","4.31","1.54","1.05","12.00","1.23","4.35","1.77","2.17","3.01","1.41","5.57","1.16","1.76","2.07"
"1416","20-02-21 18:30","Spain","LaLiga","2020/2021","Valencia","Celta Vigo","2.44","3.38","3.08","1.06","10.70","1.30","3.66","1.98","1.92","3.45","1.33","6.72","1.12","1.67","2.21"
"1417","20-02-21 16:15","Spain","LaLiga","2020/2021","Atl. Madrid","Levante","1.43","4.60","8.69","1.08","9.00","1.37","3.20","2.13","1.80","3.79","1.29","7.54","1.10","2.30","1.61"
"1418","20-02-21 14:00","Spain","LaLiga","2020/2021","Elche","Eibar","4.35","3.37","1.98","1.08","8.60","1.37","3.23","2.29","1.70","4.14","1.25","8.64","1.08","1.88","1.92"
"1419","19-02-21 21:00","Spain","LaLiga","2020/2021","Betis","Getafe","2.13","3.07","4.25","1.13","6.52","1.53","2.58","2.64","1.51","5.57","1.16","11.20","1.05","2.06","1.76"
"1420","17-02-21 19:00","Spain","LaLiga","2020/2021","Levante","Atl. Madrid","5.62","3.59","1.74","1.06","9.68","1.33","3.44","2.18","1.76","3.84","1.28","8.05","1.09","1.88","1.92"
"1421","15-02-21 21:00","Spain","LaLiga","2020/2021","Cadiz CF","Ath Bilbao","5.80","3.28","1.81","1.11","6.99","1.49","2.69","2.50","1.56","4.97","1.19","10.20","1.06","2.08","1.75"
"1422","14-02-21 21:00","Spain","LaLiga","2020/2021","Villarreal","Betis","1.96","3.60","4.11","1.05","10.90","1.29","3.80","1.96","1.94","3.38","1.34","6.38","1.13","1.70","2.15"
"1423","14-02-21 18:30","Spain","LaLiga","2020/2021","Levante","Osasuna","2.71","3.07","2.97","1.08","8.70","1.36","3.26","2.17","1.77","3.84","1.28","8.64","1.08","1.74","2.09"
"1424","14-02-21 16:15","Spain","LaLiga","2020/2021","Real Madrid","Valencia","1.39","5.34","8.14","1.01","18.00","1.17","5.43","1.53","2.58","2.28","1.66","4.14","1.25","1.69","2.17"
"1425","14-02-21 14:00","Spain","LaLiga","2020/2021","Getafe","Real Sociedad","4.64","3.34","1.94","1.10","7.53","1.42","2.96","2.30","1.65","4.50","1.22","9.34","1.07","1.99","1.82"
"1426","13-02-21 21:00","Spain","LaLiga","2020/2021","Barcelona","Alaves","1.31","6.17","9.25","1.02","15.00","1.14","5.98","1.42","2.99","2.06","1.85","3.38","1.34","1.71","2.13"
"1427","13-02-21 18:30","Spain","LaLiga","2020/2021","Eibar","Valladolid","1.96","3.48","4.30","1.06","9.78","1.33","3.48","2.06","1.85","3.84","1.28","8.05","1.09","1.84","1.97"
"1428","13-02-21 16:15","Spain","LaLiga","2020/2021","Sevilla","Huesca","1.57","3.89","7.39","1.06","9.78","1.33","3.48","2.06","1.85","3.84","1.28","8.05","1.09","1.99","1.82"
"1429","13-02-21 14:00","Spain","LaLiga","2020/2021","Granada CF","Atl. Madrid","5.72","3.48","1.76","1.10","7.53","1.46","2.82","2.40","1.60","4.97","1.19","10.20","1.06","2.14","1.71"
"1430","12-02-21 21:00","Spain","LaLiga","2020/2021","Celta Vigo","Elche","1.48","4.43","7.67","1.06","9.78","1.30","3.70","1.96","1.94","3.38","1.34","7.10","1.11","1.99","1.82"
"1431","09-02-21 21:00","Spain","LaLiga","2020/2021","Real Madrid","Getafe","1.60","4.11","6.14","1.06","10.70","1.30","3.66","1.98","1.92","3.45","1.33","6.72","1.12","1.85","1.95"
"1432","08-02-21 21:00","Spain","LaLiga","2020/2021","Atl. Madrid","Celta Vigo","1.73","3.28","6.70","1.13","6.52","1.49","2.72","2.47","1.57","4.97","1.19","10.20","1.06","2.14","1.71"
"1433","07-02-21 21:00","Spain","LaLiga","2020/2021","Betis","Barcelona","6.11","4.80","1.52","1.01","18.00","1.17","5.38","1.46","2.82","2.29","1.70","3.84","1.28","1.58","2.38"
"1434","07-02-21 18:30","Spain","LaLiga","2020/2021","Osasuna","Eibar","2.65","3.06","3.06","1.10","7.53","1.46","2.82","2.40","1.60","4.50","1.22","10.20","1.06","1.94","1.86"
"1435","07-02-21 16:15","Spain","LaLiga","2020/2021","Ath Bilbao","Valencia","2.43","3.18","3.28","1.10","7.53","1.42","2.96","2.29","1.70","4.14","1.25","8.64","1.08","1.84","1.97"
"1436","07-02-21 14:00","Spain","LaLiga","2020/2021","Real Sociedad","Cadiz CF","1.40","4.71","9.73","1.06","9.78","1.33","3.48","1.96","1.94","3.52","1.32","7.10","1.11","2.22","1.66"
"1437","06-02-21 21:00","Spain","LaLiga","2020/2021","Sevilla","Getafe","1.73","3.58","5.78","1.11","6.99","1.49","2.69","2.50","1.56","4.97","1.19","10.20","1.06","2.26","1.64"
"1438","06-02-21 18:30","Spain","LaLiga","2020/2021","Elche","Villarreal","7.69","4.44","1.48","1.06","10.70","1.26","4.03","1.86","2.05","3.21","1.37","6.08","1.14","1.99","1.82"
"1439","06-02-21 16:15","Spain","LaLiga","2020/2021","Huesca","Real Madrid","7.09","4.31","1.52","1.06","9.68","1.30","3.66","1.98","1.92","3.45","1.33","7.10","1.11","1.94","1.86"
"1440","06-02-21 14:00","Spain","LaLiga","2020/2021","Levante","Granada CF","1.90","3.69","4.30","1.06","9.68","1.30","3.66","1.98","1.92","3.45","1.33","7.10","1.11","1.76","2.07"
"1441","05-02-21 21:00","Spain","LaLiga","2020/2021","Alaves","Valladolid","2.46","3.08","3.33","1.11","6.99","1.49","2.69","2.50","1.56","4.97","1.19","10.20","1.06","1.99","1.82"
"1442","01-02-21 21:00","Spain","LaLiga","2020/2021","Betis","Osasuna","1.83","3.68","4.71","1.06","9.68","1.30","3.66","1.98","1.92","3.52","1.32","7.10","1.11","1.76","2.07"
"1443","31-01-21 21:00","Spain","LaLiga","2020/2021","Barcelona","Ath Bilbao","1.46","4.86","7.07","1.01","18.00","1.17","5.38","1.46","2.82","2.29","1.70","3.84","1.28","1.60","2.33"
"1444","31-01-21 18:30","Spain","LaLiga","2020/2021","Granada CF","Celta Vigo","2.97","3.28","2.56","1.06","9.68","1.30","3.66","2.09","1.83","3.52","1.32","7.10","1.11","1.70","2.15"
"1445","31-01-21 16:15","Spain","LaLiga","2020/2021","Cadiz CF","Atl. Madrid","7.27","3.60","1.62","1.11","6.99","1.49","2.69","2.50","1.56","4.97","1.19","10.20","1.06","2.24","1.65"
"1446","31-01-21 14:00","Spain","LaLiga","2020/2021","Getafe","Alaves","2.09","3.08","4.37","1.13","6.45","1.57","2.47","2.84","1.45","5.57","1.16","11.20","1.05","2.14","1.71"
"1447","30-01-21 21:00","Spain","LaLiga","2020/2021","Villarreal","Real Sociedad","2.50","3.17","3.17","1.10","7.53","1.46","2.82","2.40","1.60","4.50","1.22","10.20","1.06","1.96","1.84"
"1448","30-01-21 18:30","Spain","LaLiga","2020/2021","Valencia","Elche","1.73","3.69","5.46","1.06","9.68","1.30","3.66","1.98","1.92","3.52","1.32","7.10","1.11","1.85","1.95"
"1449","30-01-21 16:15","Spain","LaLiga","2020/2021","Real Madrid","Levante","1.37","5.91","7.71","1.01","20.00","1.14","5.91","1.42","2.96","2.09","1.83","3.45","1.33","1.68","2.19"
"1450","30-01-21 14:00","Spain","LaLiga","2020/2021","Eibar","Sevilla","4.72","3.37","1.91","1.06","9.68","1.30","3.66","2.09","1.83","3.52","1.32","7.10","1.11","1.76","2.07"
"1451","29-01-21 21:00","Spain","LaLiga","2020/2021","Valladolid","Huesca","2.09","3.26","4.08","1.11","6.99","1.49","2.69","2.50","1.56","4.97","1.19","10.20","1.06","2.10","1.73"
"1452","25-01-21 21:00","Spain","LaLiga","2020/2021","Ath Bilbao","Getafe","2.23","2.97","4.05","1.14","5.98","1.61","2.39","3.01","1.41","6.08","1.14","12.50","1.04","2.24","1.65"
"1453","24-01-21 21:00","Spain","LaLiga","2020/2021","Atl. Madrid","Valencia","1.54","3.98","7.61","1.06","9.68","1.26","4.03","1.86","2.05","3.01","1.41","6.08","1.14","1.91","1.89"
"1454","24-01-21 18:30","Spain","LaLiga","2020/2021","Celta Vigo","Eibar","2.12","3.31","3.90","1.08","8.60","1.42","2.96","2.29","1.70","4.14","1.25","8.64","1.08","1.91","1.89"
"1455","24-01-21 16:15","Spain","LaLiga","2020/2021","Elche","Barcelona","10.80","5.85","1.30","1.02","18.30","1.17","5.38","1.49","2.69","2.21","1.70","3.84","1.28","1.79","2.02"
"1456","24-01-21 14:00","Spain","LaLiga","2020/2021","Osasuna","Granada CF","2.76","2.98","3.00","1.13","6.45","1.54","2.55","2.66","1.50","5.57","1.16","11.20","1.05","2.00","1.81"
"1457","23-01-21 21:00","Spain","LaLiga","2020/2021","Alaves","Real Madrid","7.70","4.88","1.44","1.05","11.80","1.24","4.30","1.67","2.26","2.84","1.45","5.57","1.16","1.85","1.95"
"1458","23-01-21 18:30","Spain","LaLiga","2020/2021","Real Sociedad","Betis","1.74","3.90","4.97","1.05","11.80","1.29","3.76","1.86","2.05","3.21","1.37","6.08","1.14","1.76","2.07"
"1459","23-01-21 16:15","Spain","LaLiga","2020/2021","Sevilla","Cadiz CF","1.38","4.54","11.30","1.08","8.60","1.42","2.96","2.29","1.70","4.14","1.25","8.64","1.08","2.48","1.54"
"1460","23-01-21 14:00","Spain","LaLiga","2020/2021","Huesca","Villarreal","4.74","3.46","1.88","1.08","8.60","1.37","3.23","2.29","1.70","4.14","1.25","8.64","1.08","1.91","1.89"
"1461","22-01-21 21:00","Spain","LaLiga","2020/2021","Levante","Valladolid","2.06","3.46","3.89","1.05","11.80","1.26","4.03","1.86","2.05","3.21","1.37","6.08","1.14","1.65","2.25"
"1462","21-01-21 21:30","Spain","LaLiga","2020/2021","Eibar","Atl. Madrid","5.78","3.58","1.73","1.10","7.53","1.49","2.69","2.50","1.56","4.97","1.19","10.20","1.06","2.34","1.60"
"1463","21-01-21 19:00","Spain","LaLiga","2020/2021","Valencia","Osasuna","1.95","3.61","4.16","1.06","10.70","1.30","3.66","2.09","1.83","3.52","1.32","7.10","1.11","1.77","2.04"
"1464","20-01-21 21:30","Spain","LaLiga","2020/2021","Villarreal","Granada CF","1.71","3.70","5.65","1.08","8.60","1.37","3.23","2.29","1.70","4.14","1.25","8.64","1.08","2.10","1.73"
"1465","20-01-21 21:00","Spain","LaLiga","2020/2021","Betis","Celta Vigo","2.15","3.59","3.48","1.05","11.80","1.26","4.03","1.86","2.05","3.01","1.41","6.08","1.14","1.68","2.19"
"1466","20-01-21 19:00","Spain","LaLiga","2020/2021","Getafe","Huesca","1.85","3.37","5.16","1.11","6.99","1.49","2.69","2.66","1.50","5.57","1.16","11.20","1.05","2.26","1.64"
"1467","19-01-21 21:30","Spain","LaLiga","2020/2021","Alaves","Sevilla","5.51","3.59","1.75","1.08","8.60","1.42","2.96","2.29","1.70","4.50","1.22","9.34","1.07","1.94","1.86"
"1468","19-01-21 19:00","Spain","LaLiga","2020/2021","Cadiz CF","Levante","2.98","3.19","2.62","1.08","8.60","1.37","3.23","2.18","1.76","4.14","1.25","8.64","1.08","1.84","1.97"
"1469","19-01-21 19:00","Spain","LaLiga","2020/2021","Valladolid","Elche","1.77","3.58","5.37","1.10","7.53","1.42","2.96","2.29","1.70","4.14","1.25","8.64","1.08","2.08","1.75"
"1470","12-01-21 21:30","Spain","LaLiga","2020/2021","Atl. Madrid","Sevilla","2.04","3.17","4.46","1.11","6.99","1.49","2.69","2.50","1.56","4.97","1.19","10.20","1.06","2.08","1.75"
"1471","12-01-21 19:00","Spain","LaLiga","2020/2021","Granada CF","Osasuna","2.21","3.16","3.80","1.10","7.53","1.42","2.96","2.30","1.65","4.50","1.22","9.34","1.07","1.88","1.92"
"1472","11-01-21 21:00","Spain","LaLiga","2020/2021","Huesca","Betis","3.04","3.37","2.47","1.06","9.68","1.33","3.44","2.18","1.76","3.84","1.28","8.05","1.09","1.76","2.07"
"1473","11-01-21 19:00","Spain","LaLiga","2020/2021","Elche","Getafe","4.91","2.95","2.05","1.14","5.91","1.57","2.47","2.84","1.45","6.08","1.14","11.20","1.05","2.14","1.71"
"1474","10-01-21 21:00","Spain","LaLiga","2020/2021","Valladolid","Valencia","2.83","3.33","2.65","1.06","9.68","1.33","3.44","2.09","1.83","3.84","1.28","8.05","1.09","1.76","2.07"
"1475","10-01-21 16:15","Spain","LaLiga","2020/2021","Cadiz CF","Alaves","2.66","2.94","3.17","1.13","6.45","1.57","2.47","2.84","1.45","5.57","1.16","11.20","1.05","2.08","1.75"
"1476","10-01-21 14:00","Spain","LaLiga","2020/2021","Levante","Eibar","2.24","3.47","3.37","1.06","10.70","1.30","3.66","1.98","1.92","3.52","1.32","7.10","1.11","1.71","2.13"
"1477","09-01-21 21:00","Spain","LaLiga","2020/2021","Osasuna","Real Madrid","8.28","4.88","1.42","1.03","14.00","1.21","4.66","1.62","2.37","2.66","1.50","4.97","1.19","1.79","2.02"
"1478","09-01-21 18:30","Spain","LaLiga","2020/2021","Granada CF","Barcelona","7.71","5.63","1.38","1.01","20.00","1.13","6.45","1.33","3.44","1.98","1.92","3.01","1.41","1.55","2.45"
"1479","09-01-21 14:00","Spain","LaLiga","2020/2021","Sevilla","Real Sociedad","1.99","3.19","4.64","1.10","7.53","1.46","2.82","2.40","1.60","4.97","1.19","10.20","1.06","2.00","1.81"
"1480","08-01-21 21:00","Spain","LaLiga","2020/2021","Celta Vigo","Villarreal","3.71","3.35","2.16","1.08","8.60","1.42","2.96","2.29","1.70","4.14","1.25","8.64","1.08","1.88","1.92"
"1481","06-01-21 21:00","Spain","LaLiga","2020/2021","Ath Bilbao","Barcelona","5.79","4.44","1.58","1.02","16.10","1.20","4.84","1.57","2.47","2.40","1.60","4.50","1.22","1.61","2.31"
"1482","04-01-21 21:00","Spain","LaLiga","2020/2021","Valencia","Cadiz CF","1.85","3.48","4.90","1.08","8.60","1.37","3.23","2.18","1.76","4.14","1.25","8.64","1.08","1.88","1.92"
"1483","03-01-21 21:00","Spain","LaLiga","2020/2021","Huesca","Barcelona","8.69","6.13","1.33","1.01","19.00","1.14","5.91","1.37","3.23","1.98","1.92","3.21","1.37","1.65","2.25"
"1484","03-01-21 18:30","Spain","LaLiga","2020/2021","Eibar","Granada CF","2.43","3.18","3.28","1.08","8.60","1.37","3.23","2.29","1.70","4.14","1.25","8.64","1.08","1.85","1.95"
"1485","03-01-21 18:30","Spain","LaLiga","2020/2021","Real Sociedad","Osasuna","1.62","3.93","6.21","1.06","10.70","1.30","3.66","1.98","1.92","3.45","1.33","7.10","1.11","1.91","1.89"
"1486","03-01-21 16:15","Spain","LaLiga","2020/2021","Alaves","Atl. Madrid","8.12","3.91","1.53","1.10","7.53","1.42","2.96","2.30","1.65","4.50","1.22","9.34","1.07","2.37","1.59"
"1487","03-01-21 14:00","Spain","LaLiga","2020/2021","Ath Bilbao","Elche","1.63","3.89","6.27","1.08","8.60","1.37","3.23","2.29","1.70","4.14","1.25","8.64","1.08","2.08","1.75"
"1488","02-01-21 21:00","Spain","LaLiga","2020/2021","Real Madrid","Celta Vigo","1.55","4.61","5.99","1.02","16.10","1.21","4.66","1.67","2.26","2.66","1.50","4.97","1.19","1.70","2.15"
"1489","02-01-21 18:30","Spain","LaLiga","2020/2021","Getafe","Valladolid","1.96","3.18","4.87","1.14","5.91","1.67","2.26","3.21","1.37","7.10","1.11","14.10","1.03","2.48","1.54"
"1490","02-01-21 16:15","Spain","LaLiga","2020/2021","Betis","Sevilla","3.91","3.57","2.02","1.06","10.70","1.29","3.76","1.86","2.05","3.21","1.37","6.72","1.12","1.67","2.21"
"1491","02-01-21 14:00","Spain","LaLiga","2020/2021","Villarreal","Levante","1.54","4.31","6.67","1.02","16.10","1.20","4.84","1.57","2.47","2.40","1.60","4.14","1.25","1.60","2.33"
"1492","31-12-20 16:15","Spain","LaLiga","2020/2021","Osasuna","Alaves","2.34","3.17","3.46","1.02","15.00","1.34","3.38","2.15","1.78","3.89","1.27","8.84","1.08","1.78","2.04"
"1493","31-12-20 14:00","Spain","LaLiga","2020/2021","Ath Bilbao","Real Sociedad","3.35","2.98","2.52","1.13","6.45","1.54","2.55","2.66","1.50","5.57","1.16","11.20","1.05","2.08","1.75"
"1494","30-12-20 21:30","Spain","LaLiga","2020/2021","Elche","Real Madrid","11.50","6.27","1.27","1.02","16.10","1.20","4.84","1.54","2.55","2.30","1.65","4.14","1.25","1.91","1.89"
"1495","30-12-20 19:15","Spain","LaLiga","2020/2021","Atl. Madrid","Getafe","1.55","3.68","8.69","1.13","6.45","1.54","2.55","2.66","1.50","5.57","1.16","11.20","1.05","2.63","1.49"
"1496","30-12-20 19:15","Spain","LaLiga","2020/2021","Celta Vigo","Huesca","1.76","3.70","5.20","1.06","9.68","1.33","3.44","2.09","1.83","3.52","1.32","8.05","1.09","1.85","1.95"
"1497","30-12-20 17:00","Spain","LaLiga","2020/2021","Granada CF","Valencia","2.31","3.39","3.29","1.06","9.68","1.33","3.44","2.09","1.83","3.84","1.28","8.05","1.09","1.79","2.02"
"1498","29-12-20 21:30","Spain","LaLiga","2020/2021","Cadiz CF","Valladolid","3.06","2.93","2.75","1.13","6.45","1.54","2.55","2.66","1.50","5.57","1.16","11.20","1.05","2.08","1.75"
"1499","29-12-20 21:30","Spain","LaLiga","2020/2021","Levante","Betis","2.66","3.58","2.66","1.02","16.10","1.21","4.66","1.62","2.37","2.50","1.56","4.97","1.19","1.53","2.51"
"1500","29-12-20 19:15","Spain","LaLiga","2020/2021","Barcelona","Eibar","1.30","5.85","10.80","1.02","18.30","1.17","5.38","1.49","2.69","2.30","1.65","3.84","1.28","1.91","1.89"
"1501","29-12-20 17:00","Spain","LaLiga","2020/2021","Sevilla","Villarreal","2.18","3.27","3.76","1.08","8.60","1.33","3.44","2.18","1.76","3.84","1.28","8.05","1.09","1.76","2.07"
"1502","23-12-20 22:00","Spain","LaLiga","2020/2021","Alaves","Eibar","2.95","2.93","2.85","1.11","6.99","1.46","2.82","2.40","1.60","4.50","1.22","10.20","1.06","1.88","1.92"
"1503","23-12-20 22:00","Spain","LaLiga","2020/2021","Betis","Cadiz CF","1.81","3.50","5.19","1.08","8.60","1.37","3.23","2.29","1.70","4.14","1.25","8.64","1.08","1.94","1.86"
"1504","23-12-20 19:45","Spain","LaLiga","2020/2021","Real Madrid","Granada CF","1.31","5.86","10.20","1.01","18.00","1.17","5.38","1.46","2.82","2.29","1.70","3.84","1.28","1.77","2.04"
"1505","23-12-20 17:30","Spain","LaLiga","2020/2021","Getafe","Celta Vigo","2.96","2.96","2.81","1.13","6.45","1.54","2.55","2.66","1.50","5.57","1.16","11.20","1.05","2.08","1.75"
"1506","22-12-20 22:00","Spain","LaLiga","2020/2021","Valladolid","Barcelona","7.65","5.14","1.42","1.01","20.00","1.14","5.91","1.42","2.96","2.18","1.76","3.52","1.32","1.60","2.33"
"1507","22-12-20 22:00","Spain","LaLiga","2020/2021","Villarreal","Ath Bilbao","2.09","3.46","3.81","1.08","8.60","1.42","2.96","2.29","1.70","4.14","1.25","8.64","1.08","1.91","1.89"
"1508","22-12-20 19:45","Spain","LaLiga","2020/2021","Huesca","Levante","2.46","3.33","3.08","1.06","10.70","1.29","3.76","1.98","1.92","3.45","1.33","6.72","1.12","1.68","2.19"
"1509","22-12-20 19:45","Spain","LaLiga","2020/2021","Real Sociedad","Atl. Madrid","3.31","3.08","2.47","1.10","7.53","1.42","2.96","2.38","1.65","4.14","1.25","9.34","1.07","1.85","1.95"
"1510","22-12-20 17:30","Spain","LaLiga","2020/2021","Elche","Osasuna","3.02","3.07","2.67","1.11","6.99","1.46","2.82","2.50","1.56","4.97","1.19","10.20","1.06","1.96","1.84"
"1511","22-12-20 17:30","Spain","LaLiga","2020/2021","Valencia","Sevilla","4.07","3.57","1.98","1.05","11.80","1.24","4.30","1.86","2.05","3.01","1.41","6.08","1.14","1.65","2.25"
"1512","20-12-20 21:00","Spain","LaLiga","2020/2021","Eibar","Real Madrid","7.11","4.74","1.47","1.02","16.10","1.21","4.66","1.67","2.26","2.66","1.50","4.97","1.19","1.76","2.07"
"1513","20-12-20 18:30","Spain","LaLiga","2020/2021","Cadiz CF","Getafe","3.61","2.89","2.45","1.17","5.38","1.67","2.26","3.21","1.37","6.72","1.12","14.10","1.03","2.34","1.60"
"1514","20-12-20 16:15","Spain","LaLiga","2020/2021","Granada CF","Betis","2.37","3.50","3.09","1.06","9.68","1.30","3.66","2.09","1.83","3.52","1.32","7.10","1.11","1.70","2.15"
"1515","20-12-20 14:00","Spain","LaLiga","2020/2021","Celta Vigo","Alaves","1.71","3.84","5.38","1.06","9.68","1.33","3.44","2.09","1.83","3.84","1.28","8.05","1.09","1.97","1.83"
"1516","19-12-20 21:00","Spain","LaLiga","2020/2021","Sevilla","Valladolid","1.42","4.59","9.23","1.05","11.80","1.29","3.76","1.86","2.05","3.21","1.37","6.08","1.14","1.94","1.86"
"1517","19-12-20 18:30","Spain","LaLiga","2020/2021","Levante","Real Sociedad","3.55","3.59","2.12","1.05","11.80","1.26","4.03","1.86","2.05","3.01","1.41","6.08","1.14","1.63","2.28"
"1518","19-12-20 18:30","Spain","LaLiga","2020/2021","Osasuna","Villarreal","3.89","3.37","2.10","1.08","8.60","1.33","3.44","2.18","1.76","3.84","1.28","8.05","1.09","1.84","1.97"
"1519","19-12-20 16:15","Spain","LaLiga","2020/2021","Barcelona","Valencia","1.26","6.85","10.70","1.02","15.00","1.08","8.60","1.26","4.03","1.67","2.26","2.50","1.56","1.53","2.51"
"1520","19-12-20 14:00","Spain","LaLiga","2020/2021","Atl. Madrid","Elche","1.18","7.04","23.00","1.03","14.00","1.24","4.30","1.67","2.26","2.84","1.45","4.97","1.19","2.81","1.44"
"1521","18-12-20 21:00","Spain","LaLiga","2020/2021","Ath Bilbao","Huesca","1.85","3.37","5.16","1.10","7.53","1.42","2.96","2.30","1.65","4.50","1.22","9.34","1.07","2.00","1.81"
"1522","16-12-20 21:00","Spain","LaLiga","2020/2021","Barcelona","Real Sociedad","1.66","4.46","4.93","1.02","18.30","1.17","5.38","1.54","2.55","2.30","1.65","4.14","1.25","1.54","2.48"
"1523","15-12-20 22:00","Spain","LaLiga","2020/2021","Real Madrid","Ath Bilbao","1.62","4.07","5.96","1.06","9.68","1.33","3.44","2.09","1.83","3.52","1.32","8.05","1.09","2.02","1.79"
"1524","14-12-20 21:00","Spain","LaLiga","2020/2021","Celta Vigo","Cadiz CF","1.72","3.90","5.13","1.06","9.68","1.33","3.44","2.09","1.83","3.84","1.28","8.05","1.09","1.94","1.86"
"1525","13-12-20 21:00","Spain","LaLiga","2020/2021","Barcelona","Levante","1.26","6.85","10.70","1.01","17.00","1.08","8.60","1.26","4.03","1.67","2.26","2.50","1.56","1.53","2.51"
"1526","13-12-20 18:30","Spain","LaLiga","2020/2021","Elche","Granada CF","3.61","3.20","2.27","1.10","7.53","1.46","2.82","2.40","1.60","4.50","1.22","10.20","1.06","1.94","1.86"
"1527","13-12-20 16:15","Spain","LaLiga","2020/2021","Betis","Villarreal","3.38","3.68","2.16","1.05","11.80","1.24","4.30","1.78","2.15","2.84","1.45","5.57","1.16","1.60","2.33"
"1528","13-12-20 14:00","Spain","LaLiga","2020/2021","Real Sociedad","Eibar","1.85","3.39","5.13","1.11","7.00","1.48","2.75","2.37","1.62","4.48","1.22","9.26","1.07","2.10","1.74"
"1529","12-12-20 21:00","Spain","LaLiga","2020/2021","Real Madrid","Atl. Madrid","2.45","3.37","3.06","1.07","9.47","1.31","3.58","2.13","1.80","3.59","1.31","7.10","1.11","1.70","2.15"
"1530","12-12-20 18:30","Spain","LaLiga","2020/2021","Huesca","Alaves","2.05","3.49","3.90","1.06","9.68","1.30","3.66","1.98","1.92","3.45","1.33","6.72","1.12","1.70","2.15"
"1531","12-12-20 16:15","Spain","LaLiga","2020/2021","Getafe","Sevilla","3.96","3.17","2.16","1.11","6.99","1.49","2.69","2.50","1.56","4.97","1.19","10.20","1.06","2.08","1.75"
"1532","12-12-20 14:00","Spain","LaLiga","2020/2021","Valencia","Ath Bilbao","3.07","3.18","2.56","1.08","8.60","1.37","3.23","2.29","1.70","4.14","1.25","8.64","1.08","1.84","1.97"
"1533","11-12-20 21:00","Spain","LaLiga","2020/2021","Valladolid","Osasuna","2.56","3.07","3.18","1.10","7.53","1.46","2.82","2.50","1.56","4.97","1.19","10.20","1.06","1.94","1.86"
"1534","07-12-20 21:00","Spain","LaLiga","2020/2021","Eibar","Valencia","2.61","3.17","3.02","1.10","7.53","1.42","2.96","2.30","1.65","4.50","1.22","9.34","1.07","1.85","1.95"
"1535","06-12-20 21:00","Spain","LaLiga","2020/2021","Alaves","Real Sociedad","4.41","3.66","1.88","1.05","11.80","1.26","4.03","1.86","2.05","3.01","1.41","6.08","1.14","1.68","2.19"
"1536","06-12-20 18:30","Spain","LaLiga","2020/2021","Villarreal","Elche","1.32","5.35","11.20","1.05","11.80","1.24","4.30","1.78","2.15","2.84","1.45","5.57","1.16","2.10","1.73"
"1537","06-12-20 16:15","Spain","LaLiga","2020/2021","Osasuna","Betis","2.55","3.32","2.96","1.06","10.70","1.29","3.76","1.98","1.92","3.44","1.33","6.72","1.12","1.68","2.19"
"1538","06-12-20 14:00","Spain","LaLiga","2020/2021","Granada CF","Huesca","2.56","2.97","3.28","1.10","7.53","1.42","2.96","2.30","1.65","4.50","1.22","9.34","1.07","1.84","1.97"
"1539","05-12-20 21:00","Spain","LaLiga","2020/2021","Cadiz CF","Barcelona","12.50","6.79","1.24","1.01","17.00","1.19","5.00","1.51","2.63","2.37","1.62","4.14","1.25","2.01","1.78"
"1540","05-12-20 18:30","Spain","LaLiga","2020/2021","Atl. Madrid","Valladolid","1.43","4.60","8.69","1.06","9.68","1.33","3.44","1.98","1.92","3.84","1.28","7.10","1.11","2.16","1.70"
"1541","05-12-20 16:15","Spain","LaLiga","2020/2021","Sevilla","Real Madrid","2.83","3.39","2.62","1.03","14.00","1.24","4.30","1.78","2.15","2.84","1.45","5.57","1.16","1.57","2.41"
"1542","05-12-20 14:00","Spain","LaLiga","2020/2021","Levante","Getafe","2.81","3.07","2.86","1.10","7.53","1.42","2.96","2.38","1.65","4.14","1.25","9.34","1.07","1.85","1.95"
"1543","04-12-20 21:00","Spain","LaLiga","2020/2021","Ath Bilbao","Celta Vigo","2.34","3.26","3.36","1.08","8.60","1.33","3.44","2.18","1.76","3.84","1.28","8.05","1.09","1.76","2.07"
"1544","30-11-20 21:00","Spain","LaLiga","2020/2021","Betis","Eibar","1.80","3.70","4.88","1.06","10.70","1.30","3.66","1.98","1.92","3.44","1.33","7.10","1.11","1.85","1.95"
"1545","29-11-20 21:00","Spain","LaLiga","2020/2021","Real Sociedad","Villarreal","2.45","3.26","3.16","1.08","8.60","1.37","3.23","2.18","1.76","3.84","1.28","8.05","1.09","1.76","2.07"
"1546","29-11-20 18:30","Spain","LaLiga","2020/2021","Celta Vigo","Granada CF","2.00","3.39","4.21","1.08","8.60","1.42","2.96","2.29","1.70","4.14","1.25","8.64","1.08","1.94","1.86"
"1547","29-11-20 16:15","Spain","LaLiga","2020/2021","Getafe","Ath Bilbao","2.82","2.77","3.18","1.17","5.38","1.62","2.37","3.01","1.41","6.08","1.14","14.10","1.03","2.16","1.70"
"1548","29-11-20 14:00","Spain","LaLiga","2020/2021","Barcelona","Osasuna","1.22","7.49","12.80","1.02","15.00","1.14","5.91","1.37","3.23","1.98","1.92","3.01","1.41","1.77","2.05"
"1549","28-11-20 21:00","Spain","LaLiga","2020/2021","Real Madrid","Alaves","1.32","5.68","10.30","1.02","16.10","1.17","5.38","1.49","2.69","2.30","1.65","3.84","1.28","1.77","2.04"
"1550","28-11-20 18:30","Spain","LaLiga","2020/2021","Huesca","Sevilla","4.37","3.53","1.93","1.06","9.68","1.30","3.66","2.09","1.83","3.52","1.32","7.10","1.11","1.79","2.02"
"1551","28-11-20 16:15","Spain","LaLiga","2020/2021","Valencia","Atl. Madrid","5.17","3.72","1.76","1.08","8.60","1.37","3.23","2.18","1.76","4.14","1.25","8.64","1.08","2.00","1.81"
"1552","28-11-20 14:00","Spain","LaLiga","2020/2021","Elche","Cadiz CF","2.78","2.98","2.98","1.14","5.91","1.62","2.37","3.01","1.41","6.72","1.12","14.10","1.03","2.26","1.64"
"1553","27-11-20 21:00","Spain","LaLiga","2020/2021","Valladolid","Levante","2.44","3.38","3.08","1.05","11.80","1.26","4.03","1.86","2.05","3.21","1.37","6.08","1.14","1.65","2.25"
"1554","23-11-20 21:00","Spain","LaLiga","2020/2021","Ath Bilbao","Betis","2.11","3.34","3.90","1.06","9.68","1.33","3.44","2.09","1.83","3.84","1.28","8.05","1.09","1.84","1.97"
"1555","22-11-20 21:00","Spain","LaLiga","2020/2021","Alaves","Valencia","2.79","3.27","2.73","1.06","9.68","1.33","3.44","2.09","1.83","3.52","1.32","8.05","1.09","1.70","2.15"
"1556","22-11-20 18:30","Spain","LaLiga","2020/2021","Granada CF","Valladolid","2.09","3.20","4.16","1.11","6.99","1.49","2.69","2.50","1.56","4.97","1.19","10.20","1.06","2.08","1.75"
"1557","22-11-20 16:15","Spain","LaLiga","2020/2021","Cadiz CF","Real Sociedad","6.57","3.82","1.62","1.10","7.53","1.46","2.82","2.40","1.60","4.97","1.19","10.20","1.06","2.24","1.65"
"1558","22-11-20 14:00","Spain","LaLiga","2020/2021","Eibar","Getafe","3.48","2.97","2.46","1.14","5.91","1.62","2.37","3.01","1.41","6.72","1.12","14.10","1.03","2.24","1.65"
"1559","21-11-20 21:00","Spain","LaLiga","2020/2021","Atl. Madrid","Barcelona","2.98","3.56","2.41","1.03","14.00","1.21","4.66","1.67","2.26","2.66","1.50","4.97","1.19","1.58","2.38"
"1560","21-11-20 18:30","Spain","LaLiga","2020/2021","Sevilla","Celta Vigo","1.72","3.80","5.40","1.08","8.60","1.37","3.23","2.18","1.76","3.84","1.28","8.05","1.09","1.96","1.84"
"1561","21-11-20 16:15","Spain","LaLiga","2020/2021","Villarreal","Real Madrid","2.74","3.62","2.57","1.02","16.10","1.20","4.84","1.57","2.47","2.40","1.60","4.50","1.22","1.50","2.60"
"1562","21-11-20 14:00","Spain","LaLiga","2020/2021","Levante","Elche","1.49","4.48","7.24","1.05","11.80","1.24","4.30","1.78","2.15","2.84","1.45","5.57","1.16","1.84","1.97"
"1563","20-11-20 21:00","Spain","LaLiga","2020/2021","Osasuna","Huesca","2.45","3.11","3.32","1.03","13.60","1.38","3.13","2.25","1.72","4.36","1.23","8.84","1.08","1.87","1.93"
"1564","08-11-20 21:00","Spain","LaLiga","2020/2021","Valencia","Real Madrid","7.11","5.40","1.42","1.01","20.00","1.14","5.91","1.42","2.96","2.09","1.83","3.45","1.33","1.56","2.43"
"1565","08-11-20 18:30","Spain","LaLiga","2020/2021","Levante","Alaves","2.09","3.57","3.67","1.05","11.80","1.26","4.03","1.86","2.05","3.01","1.41","6.08","1.14","1.67","2.21"
"1566","08-11-20 18:30","Spain","LaLiga","2020/2021","Valladolid","Ath Bilbao","3.99","2.97","2.25","1.14","5.91","1.62","2.37","3.01","1.41","6.08","1.14","14.10","1.03","2.24","1.65"
"1567","08-11-20 16:15","Spain","LaLiga","2020/2021","Real Sociedad","Granada CF","1.18","8.40","19.00","1.01","17.00","1.16","5.40","1.54","2.65","2.34","1.70","3.84","1.27","2.60","1.47"
"1568","08-11-20 14:00","Spain","LaLiga","2020/2021","Getafe","Villarreal","3.57","3.27","2.25","1.08","8.60","1.42","2.96","2.30","1.65","4.50","1.22","9.34","1.07","1.92","1.88"
"1569","07-11-20 21:00","Spain","LaLiga","2020/2021","Atl. Madrid","Cadiz CF","1.40","4.61","10.20","1.08","8.60","1.42","2.96","2.18","1.76","4.14","1.25","8.64","1.08","2.48","1.54"
"1570","07-11-20 18:30","Spain","LaLiga","2020/2021","Sevilla","Osasuna","1.47","4.61","7.56","1.06","10.70","1.30","3.66","1.98","1.92","3.52","1.32","7.10","1.11","2.08","1.75"
"1571","07-11-20 16:15","Spain","LaLiga","2020/2021","Barcelona","Betis","1.46","5.25","6.37","1.02","15.00","1.10","7.53","1.30","3.66","1.78","2.15","2.66","1.50","1.44","2.77"
"1572","07-11-20 14:00","Spain","LaLiga","2020/2021","Huesca","Eibar","2.35","3.16","3.47","1.10","7.53","1.46","2.82","2.40","1.60","4.50","1.22","9.34","1.07","1.94","1.86"
"1573","06-11-20 21:00","Spain","LaLiga","2020/2021","Elche","Celta Vigo","4.85","3.57","1.84","1.08","8.51","1.38","3.19","2.20","1.75","3.93","1.27","8.05","1.09","1.97","1.83"
"1574","02-11-20 21:00","Spain","LaLiga","2020/2021","Villarreal","Valladolid","1.60","4.08","6.24","1.06","10.70","1.29","3.76","1.98","1.92","3.45","1.33","6.72","1.12","1.91","1.89"
"1575","01-11-20 21:00","Spain","LaLiga","2020/2021","Valencia","Getafe","3.18","3.07","2.56","1.13","6.45","1.57","2.47","2.66","1.50","5.57","1.16","11.20","1.05","2.10","1.73"
"1576","01-11-20 18:30","Spain","LaLiga","2020/2021","Granada CF","Levante","2.33","3.38","3.27","1.06","9.68","1.33","3.44","2.09","1.83","3.84","1.28","8.05","1.09","1.77","2.04"
"1577","01-11-20 16:00","Spain","LaLiga","2020/2021","Celta Vigo","Real Sociedad","3.33","3.27","2.35","1.08","9.00","1.37","3.20","2.35","1.67","4.14","1.25","8.45","1.09","1.90","1.90"
"1578","01-11-20 14:00","Spain","LaLiga","2020/2021","Betis","Elche","1.48","4.62","7.18","1.05","11.80","1.26","4.03","1.78","2.15","3.01","1.41","5.57","1.16","1.91","1.89"
"1579","31-10-20 21:00","Spain","LaLiga","2020/2021","Alaves","Barcelona","8.21","5.64","1.37","1.02","18.30","1.17","5.38","1.49","2.69","2.21","1.70","3.84","1.28","1.71","2.13"
"1580","31-10-20 18:30","Spain","LaLiga","2020/2021","Osasuna","Atl. Madrid","5.13","3.59","1.79","1.10","7.53","1.42","2.96","2.30","1.65","4.50","1.22","9.34","1.07","2.10","1.73"
"1581","31-10-20 16:15","Spain","LaLiga","2020/2021","Ath Bilbao","Sevilla","3.38","3.08","2.44","1.13","6.45","1.54","2.55","2.66","1.50","5.57","1.16","11.20","1.05","2.10","1.73"
"1582","31-10-20 14:00","Spain","LaLiga","2020/2021","Real Madrid","Huesca","1.36","5.12","9.73","1.02","16.10","1.17","5.38","1.54","2.55","2.21","1.70","3.84","1.28","1.77","2.04"
"1583","30-10-20 21:00","Spain","LaLiga","2020/2021","Eibar","Cadiz CF","2.41","2.88","3.72","1.20","4.84","1.78","2.15","3.52","1.32","8.05","1.09","16.30","1.02","2.50","1.53"
"1584","26-10-20 21:00","Spain","LaLiga","2020/2021","Levante","Celta Vigo","2.52","3.39","2.95","1.06","10.50","1.31","3.57","2.10","1.82","3.38","1.34","7.10","1.11","1.63","2.28"
"1585","25-10-20 21:00","Spain","LaLiga","2020/2021","Real Sociedad","Huesca","1.79","3.46","5.42","1.08","8.60","1.37","3.23","2.18","1.76","3.84","1.28","8.64","1.08","1.88","1.92"
"1586","25-10-20 18:30","Spain","LaLiga","2020/2021","Getafe","Granada CF","2.05","3.07","4.61","1.14","5.91","1.62","2.37","3.01","1.41","6.08","1.14","14.10","1.03","2.34","1.60"
"1587","25-10-20 16:00","Spain","LaLiga","2020/2021","Cadiz CF","Villarreal","4.10","3.39","2.03","1.08","8.60","1.37","3.23","2.29","1.70","4.14","1.25","8.64","1.08","1.88","1.92"
"1588","25-10-20 14:00","Spain","LaLiga","2020/2021","Valladolid","Alaves","2.52","2.95","3.39","1.13","6.45","1.49","2.69","2.66","1.50","4.97","1.19","10.20","1.06","2.00","1.81"
"1589","24-10-20 21:00","Spain","LaLiga","2020/2021","Atl. Madrid","Betis","1.65","3.89","5.89","1.06","9.68","1.33","3.44","2.09","1.83","3.84","1.28","8.05","1.09","1.97","1.83"
"1590","24-10-20 18:30","Spain","LaLiga","2020/2021","Osasuna","Ath Bilbao","3.27","3.07","2.50","1.11","6.99","1.46","2.82","2.50","1.56","4.97","1.19","10.20","1.06","1.96","1.84"
"1591","24-10-20 18:30","Spain","LaLiga","2020/2021","Sevilla","Eibar","1.64","3.89","6.14","1.10","7.53","1.42","2.96","2.29","1.70","4.14","1.25","8.64","1.08","2.16","1.70"
"1592","24-10-20 16:00","Spain","LaLiga","2020/2021","Barcelona","Real Madrid","1.94","3.87","3.87","1.01","20.00","1.14","5.91","1.46","2.82","2.09","1.83","3.52","1.32","1.41","2.91"
"1593","23-10-20 21:00","Spain","LaLiga","2020/2021","Elche","Valencia","3.58","3.36","2.20","1.08","8.60","1.42","2.96","2.30","1.65","4.50","1.22","9.34","1.07","1.96","1.84"
"1594","18-10-20 21:00","Spain","LaLiga","2020/2021","Betis","Real Sociedad","2.84","3.52","2.53","1.05","11.80","1.26","4.03","1.86","2.05","3.01","1.41","6.08","1.14","1.66","2.23"
"1595","18-10-20 18:30","Spain","LaLiga","2020/2021","Alaves","Elche","1.88","3.39","4.88","1.11","6.99","1.49","2.69","2.50","1.56","4.97","1.19","10.20","1.06","2.16","1.70"
"1596","18-10-20 18:30","Spain","LaLiga","2020/2021","Huesca","Valladolid","2.16","3.08","4.11","1.14","5.91","1.57","2.47","2.84","1.45","6.08","1.14","11.20","1.05","2.16","1.70"
"1597","18-10-20 16:00","Spain","LaLiga","2020/2021","Villarreal","Valencia","1.63","4.23","5.52","1.03","14.00","1.21","4.66","1.67","2.26","2.66","1.50","4.97","1.19","1.67","2.21"
"1598","18-10-20 14:00","Spain","LaLiga","2020/2021","Ath Bilbao","Levante","2.04","3.50","3.94","1.05","11.80","1.26","4.03","1.86","2.05","3.21","1.37","6.08","1.14","1.67","2.21"
"1599","18-10-20 12:00","Spain","LaLiga","2020/2021","Eibar","Osasuna","2.82","2.95","2.97","1.13","6.45","1.54","2.55","2.66","1.50","5.57","1.16","11.20","1.05","1.99","1.82"
"1600","17-10-20 21:00","Spain","LaLiga","2020/2021","Getafe","Barcelona","5.56","3.72","1.72","1.06","10.70","1.29","3.76","1.98","1.92","3.21","1.37","6.72","1.12","1.76","2.07"
"1601","17-10-20 18:30","Spain","LaLiga","2020/2021","Real Madrid","Cadiz CF","1.23","6.40","16.00","1.02","16.10","1.21","4.66","1.57","2.47","2.50","1.56","4.50","1.22","2.02","1.79"
"1602","17-10-20 16:00","Spain","LaLiga","2020/2021","Celta Vigo","Atl. Madrid","4.88","3.50","1.85","1.09","8.00","1.48","2.75","2.47","1.57","4.80","1.20","9.99","1.06","2.24","1.65"
"1603","17-10-20 13:00","Spain","LaLiga","2020/2021","Granada CF","Sevilla","4.32","3.29","2.02","1.10","7.53","1.42","2.96","2.30","1.65","4.50","1.22","9.34","1.07","1.94","1.86"
"1604","04-10-20 21:00","Spain","LaLiga","2020/2021","Barcelona","Sevilla","1.63","4.33","5.37","1.02","18.30","1.17","5.38","1.49","2.69","2.21","1.70","3.84","1.28","1.54","2.48"
"1605","04-10-20 18:30","Spain","LaLiga","2020/2021","Cadiz CF","Granada CF","3.33","2.94","2.56","1.14","5.91","1.62","2.37","3.01","1.41","6.72","1.12","14.10","1.03","2.26","1.64"
"1606","04-10-20 16:00","Spain","LaLiga","2020/2021","Levante","Real Madrid","6.31","4.85","1.50","1.01","17.00","1.17","5.38","1.49","2.69","2.21","1.70","3.84","1.28","1.58","2.38"
"1607","04-10-20 14:00","Spain","LaLiga","2020/2021","Alaves","Ath Bilbao","3.69","2.97","2.36","1.14","5.91","1.62","2.37","2.84","1.45","6.08","1.14","14.10","1.03","2.16","1.70"
"1608","04-10-20 12:00","Spain","LaLiga","2020/2021","Osasuna","Celta Vigo","2.91","3.12","2.73","1.10","7.53","1.46","2.82","2.40","1.60","4.97","1.19","10.20","1.06","1.96","1.84"
"1609","03-10-20 21:00","Spain","LaLiga","2020/2021","Valencia","Betis","3.01","3.47","2.44","1.03","14.00","1.24","4.30","1.78","2.15","2.84","1.45","5.57","1.16","1.57","2.41"
"1610","03-10-20 18:30","Spain","LaLiga","2020/2021","Elche","Huesca","3.92","3.30","2.11","1.10","7.53","1.46","2.82","2.50","1.56","4.97","1.19","10.20","1.06","2.00","1.81"
"1611","03-10-20 18:30","Spain","LaLiga","2020/2021","Real Sociedad","Getafe","2.09","3.06","4.42","1.13","6.45","1.54","2.55","2.66","1.50","5.57","1.16","11.20","1.05","2.10","1.73"
"1612","03-10-20 16:00","Spain","LaLiga","2020/2021","Atl. Madrid","Villarreal","1.59","4.12","6.36","1.03","14.00","1.24","4.30","1.78","2.15","2.84","1.45","5.57","1.16","1.77","2.04"
"1613","03-10-20 13:00","Spain","LaLiga","2020/2021","Valladolid","Eibar","2.06","3.10","4.47","1.14","5.91","1.62","2.37","3.01","1.41","6.08","1.14","14.10","1.03","2.37","1.59"
"1614","01-10-20 21:30","Spain","LaLiga","2020/2021","Celta Vigo","Barcelona","6.76","4.92","1.47","1.02","18.30","1.17","5.38","1.49","2.69","2.21","1.70","3.84","1.28","1.65","2.25"
"1615","01-10-20 19:00","Spain","LaLiga","2020/2021","Ath Bilbao","Cadiz CF","1.63","3.59","7.17","1.11","6.99","1.54","2.55","2.66","1.50","5.57","1.16","11.20","1.05","2.48","1.54"
"1616","01-10-20 19:00","Spain","LaLiga","2020/2021","Sevilla","Levante","1.51","4.62","6.62","1.02","18.30","1.17","5.38","1.54","2.55","2.30","1.65","4.14","1.25","1.65","2.25"
"1617","30-09-20 21:30","Spain","LaLiga","2020/2021","Eibar","Elche","1.77","3.58","5.37","1.10","7.53","1.42","2.96","2.29","1.70","4.14","1.25","9.34","1.07","2.08","1.75"
"1618","30-09-20 21:30","Spain","LaLiga","2020/2021","Real Madrid","Valladolid","1.24","6.79","12.50","1.02","16.10","1.20","4.84","1.57","2.47","2.40","1.60","4.14","1.25","2.08","1.75"
"1619","30-09-20 19:00","Spain","LaLiga","2020/2021","Huesca","Atl. Madrid","7.56","4.06","1.53","1.08","8.60","1.37","3.23","2.18","1.76","4.14","1.25","8.64","1.08","2.08","1.75"
"1620","30-09-20 19:00","Spain","LaLiga","2020/2021","Villarreal","Alaves","1.55","4.31","6.49","1.05","11.80","1.26","4.03","1.86","2.05","3.01","1.41","6.08","1.14","1.84","1.97"
"1621","29-09-20 21:30","Spain","LaLiga","2020/2021","Getafe","Betis","2.43","3.07","3.40","1.11","6.99","1.46","2.82","2.50","1.56","4.97","1.19","10.20","1.06","1.96","1.84"
"1622","29-09-20 19:00","Spain","LaLiga","2020/2021","Real Sociedad","Valencia","1.55","4.47","6.19","1.03","14.00","1.21","4.66","1.67","2.26","2.66","1.50","4.97","1.19","1.77","2.04"
"1623","27-09-20 21:00","Spain","LaLiga","2020/2021","Barcelona","Villarreal","1.49","4.81","6.60","1.02","15.00","1.11","6.99","1.37","3.23","1.86","2.05","3.01","1.41","1.42","2.88"
"1624","27-09-20 18:30","Spain","LaLiga","2020/2021","Cadiz CF","Sevilla","6.08","3.70","1.68","1.10","7.53","1.49","2.69","2.50","1.56","4.97","1.19","10.20","1.06","2.26","1.64"
"1625","27-09-20 18:30","Spain","LaLiga","2020/2021","Valladolid","Celta Vigo","3.35","2.98","2.52","1.13","6.45","1.54","2.55","2.66","1.50","5.57","1.16","11.20","1.05","2.10","1.73"
"1626","27-09-20 16:00","Spain","LaLiga","2020/2021","Atl. Madrid","Granada CF","1.43","4.46","9.31","1.08","8.60","1.37","3.23","2.18","1.76","4.14","1.25","8.64","1.08","2.37","1.59"
"1627","27-09-20 14:00","Spain","LaLiga","2020/2021","Eibar","Ath Bilbao","3.38","2.97","2.51","1.13","6.45","1.57","2.47","2.84","1.45","6.08","1.14","14.10","1.03","2.16","1.70"
"1628","27-09-20 12:00","Spain","LaLiga","2020/2021","Osasuna","Levante","2.20","3.58","3.37","1.06","10.70","1.30","3.66","1.98","1.92","3.45","1.33","7.10","1.11","1.73","2.10"
"1629","26-09-20 21:00","Spain","LaLiga","2020/2021","Betis","Real Madrid","4.97","4.11","1.71","1.03","14.00","1.24","4.30","1.78","2.15","2.84","1.45","5.57","1.16","1.68","2.19"
"1630","26-09-20 18:30","Spain","LaLiga","2020/2021","Elche","Real Sociedad","7.24","3.94","1.56","1.08","8.60","1.42","2.96","2.30","1.65","4.50","1.22","9.34","1.07","2.26","1.64"
"1631","26-09-20 16:00","Spain","LaLiga","2020/2021","Valencia","Huesca","2.04","3.50","3.94","1.06","9.68","1.33","3.44","2.09","1.83","3.52","1.32","7.10","1.11","1.77","2.04"
"1632","26-09-20 13:00","Spain","LaLiga","2020/2021","Alaves","Getafe","3.75","2.85","2.42","1.17","5.38","1.71","2.26","3.21","1.37","7.10","1.11","14.10","1.03","2.37","1.59"
"1633","20-09-20 21:00","Spain","LaLiga","2020/2021","Real Sociedad","Real Madrid","4.97","3.90","1.74","1.05","11.80","1.26","4.03","1.86","2.05","3.21","1.37","6.08","1.14","1.71","2.13"
"1634","20-09-20 18:30","Spain","LaLiga","2020/2021","Betis","Valladolid","1.77","3.65","5.18","1.08","8.60","1.42","2.96","2.29","1.70","4.50","1.22","9.34","1.07","2.00","1.81"
"1635","20-09-20 18:30","Spain","LaLiga","2020/2021","Granada CF","Alaves","2.15","3.10","4.12","1.14","5.91","1.67","2.26","3.01","1.41","6.72","1.12","14.10","1.03","2.37","1.59"
"1636","20-09-20 16:00","Spain","LaLiga","2020/2021","Huesca","Cadiz CF","1.98","3.11","4.92","1.14","5.91","1.62","2.37","3.01","1.41","6.72","1.12","14.10","1.03","2.48","1.54"
"1637","19-09-20 21:00","Spain","LaLiga","2020/2021","Celta Vigo","Valencia","2.15","3.59","3.48","1.06","9.68","1.37","3.23","2.18","1.76","3.84","1.28","8.05","1.09","1.85","1.95"
"1638","19-09-20 18:30","Spain","LaLiga","2020/2021","Getafe","Osasuna","1.96","3.39","4.45","1.13","6.38","1.63","2.34","3.06","1.40","6.72","1.12","14.10","1.03","2.50","1.53"
"1639","19-09-20 16:00","Spain","LaLiga","2020/2021","Villarreal","Eibar","1.67","3.88","5.70","1.08","8.60","1.37","3.23","2.18","1.76","4.14","1.25","8.64","1.08","2.00","1.81"
"1640","13-09-20 21:00","Spain","LaLiga","2020/2021","Valencia","Levante","2.51","3.38","2.97","1.06","10.70","1.30","3.66","1.98","1.92","3.45","1.33","7.10","1.11","1.71","2.13"
"1641","13-09-20 18:30","Spain","LaLiga","2020/2021","Villarreal","Huesca","1.53","4.42","6.63","1.03","14.00","1.26","4.03","1.78","2.15","3.01","1.41","6.08","1.14","1.85","1.95"
"1642","13-09-20 16:00","Spain","LaLiga","2020/2021","Valladolid","Real Sociedad","3.24","3.08","2.51","1.13","6.38","1.63","2.34","2.88","1.44","6.08","1.14","14.10","1.03","2.26","1.64"
"1643","13-09-20 14:00","Spain","LaLiga","2020/2021","Alaves","Betis","3.36","3.16","2.40","1.10","7.53","1.42","2.96","2.30","1.65","4.50","1.22","9.34","1.07","1.88","1.92"
"1644","12-09-20 21:00","Spain","LaLiga","2020/2021","Cadiz CF","Osasuna","3.16","2.96","2.65","1.14","5.91","1.67","2.26","3.01","1.41","6.72","1.12","14.10","1.03","2.26","1.64"
"1645","12-09-20 18:30","Spain","LaLiga","2020/2021","Granada CF","Ath Bilbao","2.56","2.97","3.28","1.14","5.91","1.62","2.37","3.01","1.41","6.72","1.12","14.10","1.03","2.26","1.64"
"1646","12-09-20 16:00","Spain","LaLiga","2020/2021","Eibar","Celta Vigo","2.70","3.19","2.88","1.10","7.53","1.46","2.82","2.50","1.56","4.97","1.19","10.20","1.06","1.96","1.84"
"1647","19-07-20 21:00","Spain","LaLiga","2019/2020","Atl. Madrid","Real Sociedad","2.07","3.15","4.33","1.08","8.51","1.38","3.19","2.30","1.69","4.25","1.24","8.64","1.08","1.85","1.95"
"1648","19-07-20 21:00","Spain","LaLiga","2019/2020","Espanyol","Celta Vigo","5.63","3.84","1.69","1.05","11.70","1.30","3.72","1.88","2.03","3.21","1.37","6.72","1.12","1.79","2.02"
"1649","19-07-20 21:00","Spain","LaLiga","2019/2020","Granada CF","Ath Bilbao","1.72","3.92","5.16","1.06","10.60","1.30","3.62","2.00","1.90","3.59","1.31","7.10","1.11","1.87","1.94"
"1650","19-07-20 21:00","Spain","LaLiga","2019/2020","Leganes","Real Madrid","3.56","3.71","2.08","1.03","14.00","1.24","4.30","1.67","2.26","2.66","1.50","4.97","1.19","1.57","2.41"
"1651","19-07-20 21:00","Spain","LaLiga","2019/2020","Levante","Getafe","7.18","4.62","1.48","1.04","13.00","1.23","4.33","1.70","2.20","2.66","1.50","4.80","1.20","1.83","1.98"
"1652","19-07-20 21:00","Spain","LaLiga","2019/2020","Osasuna","Mallorca","1.66","4.31","5.13","1.03","15.00","1.22","4.50","1.65","2.30","2.57","1.54","4.80","1.20","1.65","2.24"
"1653","19-07-20 21:00","Spain","LaLiga","2019/2020","Sevilla","Valencia","1.73","4.07","4.83","1.02","16.10","1.17","5.38","1.54","2.55","2.30","1.65","4.14","1.25","1.55","2.45"
"1654","19-07-20 18:30","Spain","LaLiga","2019/2020","Valladolid","Betis","2.86","3.47","2.55","1.04","13.00","1.23","4.33","1.82","2.10","2.66","1.50","5.41","1.17","1.61","2.31"
"1655","19-07-20 18:30","Spain","LaLiga","2019/2020","Villarreal","Eibar","1.64","4.29","5.37","1.03","15.00","1.22","4.50","1.65","2.30","2.66","1.50","4.80","1.20","1.70","2.15"
"1656","19-07-20 17:00","Spain","LaLiga","2019/2020","Alaves","Barcelona","7.28","4.94","1.45","1.02","18.30","1.17","5.38","1.49","2.69","2.21","1.70","3.84","1.28","1.68","2.19"
"1657","16-07-20 21:00","Spain","LaLiga","2019/2020","Ath Bilbao","Leganes","1.89","3.36","4.88","1.11","6.99","1.54","2.55","2.66","1.50","5.57","1.16","11.20","1.05","2.16","1.70"
"1658","16-07-20 21:00","Spain","LaLiga","2019/2020","Barcelona","Osasuna","1.14","10.10","19.00","1.02","15.00","1.13","6.45","1.30","3.66","1.86","2.05","2.84","1.45","1.88","1.92"
"1659","16-07-20 21:00","Spain","LaLiga","2019/2020","Betis","Alaves","1.98","3.56","4.07","1.08","9.00","1.37","3.20","2.24","1.73","4.14","1.25","8.45","1.09","1.98","1.83"
"1660","16-07-20 21:00","Spain","LaLiga","2019/2020","Celta Vigo","Levante","1.48","4.62","7.18","1.03","15.00","1.22","4.50","1.70","2.20","2.66","1.50","4.80","1.20","1.83","1.98"
"1661","16-07-20 21:00","Spain","LaLiga","2019/2020","Getafe","Atl. Madrid","3.92","3.07","2.22","1.13","6.45","1.54","2.55","2.66","1.50","5.57","1.16","11.20","1.05","2.10","1.73"
"1662","16-07-20 21:00","Spain","LaLiga","2019/2020","Mallorca","Granada CF","2.42","3.46","3.05","1.05","11.80","1.24","4.30","1.78","2.15","2.84","1.45","5.57","1.16","1.61","2.31"
"1663","16-07-20 21:00","Spain","LaLiga","2019/2020","Real Madrid","Villarreal","1.34","5.60","9.21","1.01","19.00","1.14","5.91","1.46","2.82","2.18","1.76","3.52","1.32","1.75","2.08"
"1664","16-07-20 21:00","Spain","LaLiga","2019/2020","Real Sociedad","Sevilla","2.12","3.68","3.48","1.05","11.80","1.29","3.76","1.86","2.05","3.21","1.37","6.72","1.12","1.71","2.13"
"1665","16-07-20 21:00","Spain","LaLiga","2019/2020","Valencia","Espanyol","2.07","3.48","3.85","1.05","11.80","1.26","4.03","1.86","2.05","3.21","1.37","6.08","1.14","1.68","2.19"
"1666","16-07-20 18:30","Spain","LaLiga","2019/2020","Eibar","Valladolid","2.30","3.33","3.38","1.08","8.60","1.37","3.23","2.18","1.76","3.84","1.28","8.05","1.09","1.85","1.95"
"1667","13-07-20 22:00","Spain","LaLiga","2019/2020","Granada CF","Real Madrid","9.23","4.59","1.42","1.05","11.70","1.24","4.26","1.80","2.13","3.06","1.40","5.57","1.16","1.97","1.83"
"1668","13-07-20 19:30","Spain","LaLiga","2019/2020","Alaves","Getafe","3.55","2.76","2.58","1.17","5.38","1.62","2.37","3.01","1.41","6.72","1.12","14.10","1.03","2.18","1.68"
"1669","13-07-20 19:30","Spain","LaLiga","2019/2020","Villarreal","Real Sociedad","2.25","3.58","3.26","1.05","11.80","1.29","3.76","1.86","2.05","3.21","1.37","6.08","1.14","1.68","2.19"
"1670","12-07-20 22:00","Spain","LaLiga","2019/2020","Sevilla","Mallorca","1.40","5.13","8.21","1.02","16.00","1.20","4.79","1.55","2.53","2.32","1.64","4.25","1.24","1.73","2.10"
"1671","12-07-20 19:30","Spain","LaLiga","2019/2020","Leganes","Valencia","2.92","3.16","2.69","1.10","7.45","1.43","2.93","2.32","1.64","4.50","1.22","9.34","1.07","1.92","1.88"
"1672","12-07-20 17:00","Spain","LaLiga","2019/2020","Levante","Ath Bilbao","3.16","3.47","2.35","1.05","11.70","1.26","3.99","1.88","2.03","3.21","1.37","6.08","1.14","1.66","2.23"
"1673","12-07-20 14:00","Spain","LaLiga","2019/2020","Espanyol","Eibar","3.05","2.85","2.85","1.15","5.85","1.58","2.45","2.88","1.44","5.57","1.16","11.20","1.05","2.10","1.73"
"1674","11-07-20 22:00","Spain","LaLiga","2019/2020","Atl. Madrid","Betis","1.35","5.10","10.80","1.05","11.80","1.24","4.30","1.67","2.26","2.84","1.45","4.97","1.19","1.96","1.84"
"1675","11-07-20 19:30","Spain","LaLiga","2019/2020","Valladolid","Barcelona","11.20","5.60","1.31","1.03","14.00","1.24","4.30","1.67","2.26","2.66","1.50","4.97","1.19","2.16","1.69"
"1676","11-07-20 17:00","Spain","LaLiga","2019/2020","Osasuna","Celta Vigo","3.50","3.28","2.27","1.08","8.60","1.42","2.96","2.29","1.70","4.50","1.22","9.34","1.07","1.91","1.89"
"1677","10-07-20 22:00","Spain","LaLiga","2019/2020","Real Madrid","Alaves","1.24","6.16","15.40","1.05","11.80","1.26","4.03","1.67","2.26","2.84","1.45","4.97","1.19","2.18","1.68"
"1678","10-07-20 19:30","Spain","LaLiga","2019/2020","Real Sociedad","Granada CF","1.76","3.70","5.20","1.06","9.68","1.37","3.23","2.18","1.76","3.84","1.28","8.05","1.09","1.96","1.84"
"1679","09-07-20 22:00","Spain","LaLiga","2019/2020","Ath Bilbao","Sevilla","3.05","3.05","2.67","1.10","7.45","1.43","2.93","2.32","1.64","4.50","1.22","9.34","1.07","1.85","1.95"
"1680","09-07-20 19:30","Spain","LaLiga","2019/2020","Eibar","Leganes","2.35","3.16","3.47","1.16","5.50","1.75","2.20","3.06","1.40","6.54","1.13","14.10","1.03","2.42","1.56"
"1681","09-07-20 19:30","Spain","LaLiga","2019/2020","Mallorca","Levante","1.91","3.93","3.93","1.02","18.10","1.17","5.32","1.55","2.53","2.42","1.59","4.25","1.24","1.50","2.60"
"1682","08-07-20 22:00","Spain","LaLiga","2019/2020","Barcelona","Espanyol","1.13","9.66","23.00","1.01","20.00","1.17","5.32","1.43","2.93","2.20","1.75","3.59","1.31","2.12","1.72"
"1683","08-07-20 20:30","Spain","LaLiga","2019/2020","Betis","Osasuna","1.90","3.56","4.74","1.05","10.00","1.32","3.44","2.03","1.92","3.44","1.32","6.85","1.11","1.91","1.85"
"1684","08-07-20 20:30","Spain","LaLiga","2019/2020","Getafe","Villarreal","2.62","3.18","3.14","1.11","6.80","1.49","2.66","2.54","1.61","4.54","1.21","9.80","1.06","2.14","1.68"
"1685","07-07-20 22:00","Spain","LaLiga","2019/2020","Celta Vigo","Atl. Madrid","5.42","3.36","1.82","1.11","6.91","1.50","2.66","2.52","1.55","5.15","1.18","10.20","1.06","2.18","1.68"
"1686","07-07-20 19:30","Spain","LaLiga","2019/2020","Valencia","Valladolid","1.90","3.32","4.90","1.08","8.51","1.38","3.19","2.30","1.69","4.25","1.24","8.64","1.08","1.97","1.83"
"1687","06-07-20 22:00","Spain","LaLiga","2019/2020","Sevilla","Eibar","1.45","4.58","8.02","1.05","11.70","1.26","3.99","1.88","2.03","3.06","1.40","6.08","1.14","1.91","1.89"
"1688","06-07-20 19:30","Spain","LaLiga","2019/2020","Levante","Real Sociedad","3.68","3.88","1.99","1.03","15.00","1.22","4.50","1.70","2.20","2.66","1.50","4.80","1.20","1.61","2.31"
"1689","05-07-20 22:00","Spain","LaLiga","2019/2020","Villarreal","Barcelona","4.14","4.31","1.79","1.02","18.30","1.17","5.38","1.54","2.55","2.30","1.65","4.14","1.25","1.56","2.43"
"1690","05-07-20 19:30","Spain","LaLiga","2019/2020","Osasuna","Getafe","3.57","3.17","2.30","1.13","6.50","1.56","2.50","2.86","1.45","5.41","1.17","11.20","1.05","2.24","1.65"
"1691","05-07-20 17:00","Spain","LaLiga","2019/2020","Espanyol","Leganes","2.18","3.33","3.67","1.10","7.37","1.51","2.63","2.55","1.54","5.15","1.18","10.20","1.06","2.14","1.71"
"1692","05-07-20 14:00","Spain","LaLiga","2019/2020","Ath Bilbao","Real Madrid","4.99","3.47","1.85","1.06","9.68","1.30","3.66","1.98","1.92","3.52","1.32","7.10","1.11","1.77","2.04"
"1693","04-07-20 22:00","Spain","LaLiga","2019/2020","Granada CF","Valencia","2.68","3.26","2.85","1.09","8.00","1.48","2.75","2.37","1.62","4.48","1.22","9.26","1.07","1.98","1.83"
"1694","04-07-20 19:30","Spain","LaLiga","2019/2020","Valladolid","Alaves","2.31","2.82","4.11","1.17","5.38","1.62","2.37","3.01","1.41","6.08","1.14","14.10","1.03","2.26","1.64"
"1695","04-07-20 17:00","Spain","LaLiga","2019/2020","Celta Vigo","Betis","1.96","3.48","4.30","1.07","9.47","1.34","3.37","2.13","1.80","3.93","1.27","8.05","1.09","1.88","1.92"
"1696","03-07-20 22:00","Spain","LaLiga","2019/2020","Atl. Madrid","Mallorca","1.30","5.60","11.80","1.05","11.80","1.24","4.30","1.67","2.26","2.84","1.45","4.97","1.19","2.10","1.73"
"1697","02-07-20 22:00","Spain","LaLiga","2019/2020","Real Madrid","Getafe","1.50","4.27","7.57","1.06","9.68","1.33","3.44","2.09","1.83","3.84","1.28","8.05","1.09","2.10","1.73"
"1698","02-07-20 19:30","Spain","LaLiga","2019/2020","Eibar","Osasuna","2.42","3.31","3.16","1.09","8.00","1.41","3.00","2.35","1.67","4.14","1.25","9.26","1.07","1.98","1.83"
"1699","02-07-20 19:30","Spain","LaLiga","2019/2020","Real Sociedad","Espanyol","1.82","3.65","4.81","1.08","8.51","1.34","3.40","2.10","1.82","3.93","1.27","8.05","1.09","1.92","1.88"
"1700","01-07-20 22:00","Spain","LaLiga","2019/2020","Betis","Villarreal","2.94","3.58","2.43","1.03","14.00","1.21","4.66","1.67","2.26","2.66","1.50","4.97","1.19","1.54","2.48"
"1701","01-07-20 22:00","Spain","LaLiga","2019/2020","Valladolid","Levante","2.20","3.58","3.37","1.05","11.80","1.30","3.66","1.98","1.92","3.45","1.33","7.10","1.11","1.71","2.13"
"1702","01-07-20 19:30","Spain","LaLiga","2019/2020","Alaves","Granada CF","2.08","3.18","4.25","1.11","6.91","1.50","2.66","2.70","1.49","5.15","1.18","10.20","1.06","2.12","1.72"
"1703","01-07-20 19:30","Spain","LaLiga","2019/2020","Valencia","Ath Bilbao","2.56","3.07","3.18","1.08","8.51","1.38","3.19","2.30","1.69","4.25","1.24","8.64","1.08","1.85","1.95"
"1704","30-06-20 22:00","Spain","LaLiga","2019/2020","Barcelona","Atl. Madrid","1.83","4.58","3.20","1.06","10.00","1.34","3.40","1.31","3.16","3.67","1.30","2.73","1.40","1.32","3.10"
"1705","30-06-20 21:00","Spain","LaLiga","2019/2020","Leganes","Sevilla","4.08","3.26","2.09","1.13","6.50","1.51","2.63","2.66","1.50","5.41","1.17","11.20","1.05","2.15","1.70"
"1706","30-06-20 19:30","Spain","LaLiga","2019/2020","Mallorca","Celta Vigo","3.07","3.27","2.50","1.08","8.51","1.38","3.19","2.30","1.69","4.25","1.24","8.64","1.08","1.87","1.94"
"1707","29-06-20 22:00","Spain","LaLiga","2019/2020","Getafe","Real Sociedad","2.41","3.15","3.35","1.11","6.99","1.46","2.82","2.50","1.56","4.97","1.19","10.20","1.06","2.00","1.81"
"1708","28-06-20 22:00","Spain","LaLiga","2019/2020","Espanyol","Real Madrid","8.15","4.84","1.43","1.03","14.00","1.21","4.66","1.62","2.37","2.66","1.50","4.97","1.19","1.77","2.04"
"1709","28-06-20 19:30","Spain","LaLiga","2019/2020","Granada CF","Eibar","2.75","2.95","3.05","1.13","6.38","1.55","2.53","2.70","1.49","5.15","1.18","11.20","1.05","2.00","1.81"
"1710","28-06-20 17:00","Spain","LaLiga","2019/2020","Villarreal","Valencia","2.22","3.77","3.17","1.02","16.00","1.20","4.79","1.63","2.34","2.52","1.55","4.50","1.22","1.54","2.48"
"1711","28-06-20 14:00","Spain","LaLiga","2019/2020","Levante","Betis","2.91","3.48","2.50","1.05","11.80","1.26","4.03","1.86","2.05","3.01","1.41","6.08","1.14","1.61","2.31"
"1712","27-06-20 22:00","Spain","LaLiga","2019/2020","Atl. Madrid","Alaves","1.27","5.59","15.30","1.09","8.00","1.37","3.20","2.24","1.73","4.14","1.25","8.45","1.09","3.43","1.31"
"1713","27-06-20 19:30","Spain","LaLiga","2019/2020","Osasuna","Leganes","2.81","2.96","2.96","1.16","5.50","1.65","2.30","3.06","1.40","6.54","1.13","12.50","1.04","2.24","1.65"
"1714","27-06-20 17:00","Spain","LaLiga","2019/2020","Celta Vigo","Barcelona","8.66","5.10","1.39","1.04","13.00","1.23","4.33","1.82","2.10","2.86","1.45","5.41","1.17","2.10","1.74"
"1715","27-06-20 14:00","Spain","LaLiga","2019/2020","Ath Bilbao","Mallorca","1.81","3.39","5.47","1.10","7.45","1.43","2.93","2.32","1.64","4.50","1.22","9.34","1.07","2.02","1.79"
"1716","26-06-20 22:00","Spain","LaLiga","2019/2020","Sevilla","Valladolid","1.37","4.93","10.40","1.08","9.00","1.41","3.00","2.24","1.73","4.14","1.25","8.45","1.09","2.53","1.52"
"1717","25-06-20 22:00","Spain","LaLiga","2019/2020","Betis","Espanyol","1.90","3.69","4.30","1.07","9.57","1.34","3.40","2.10","1.82","3.59","1.31","7.10","1.11","1.87","1.94"
"1718","25-06-20 19:30","Spain","LaLiga","2019/2020","Eibar","Valencia","3.09","3.36","2.44","1.07","9.47","1.34","3.37","2.23","1.73","3.93","1.27","8.05","1.09","1.81","2.00"
"1719","24-06-20 22:00","Spain","LaLiga","2019/2020","Real Madrid","Mallorca","1.10","9.50","26.00","1.02","15.00","1.14","5.91","1.37","3.23","1.98","1.92","3.21","1.37","1.97","1.83"
"1720","24-06-20 19:30","Spain","LaLiga","2019/2020","Alaves","Osasuna","2.78","2.88","3.09","1.11","6.99","1.46","2.82","2.50","1.56","4.97","1.19","10.20","1.06","1.91","1.89"
"1721","24-06-20 19:30","Spain","LaLiga","2019/2020","Real Sociedad","Celta Vigo","2.03","3.26","4.34","1.10","7.53","1.42","2.96","2.29","1.70","4.14","1.25","9.34","1.07","1.88","1.92"
"1722","23-06-20 22:00","Spain","LaLiga","2019/2020","Barcelona","Ath Bilbao","1.24","6.16","15.40","1.03","13.80","1.20","4.79","1.55","2.53","2.42","1.59","4.25","1.24","2.12","1.72"
"1723","23-06-20 19:30","Spain","LaLiga","2019/2020","Levante","Atl. Madrid","6.64","3.88","1.61","1.07","9.57","1.30","3.62","2.00","1.90","3.45","1.33","7.10","1.11","1.91","1.89"
"1724","23-06-20 19:30","Spain","LaLiga","2019/2020","Valladolid","Getafe","3.60","2.88","2.47","1.20","4.84","1.78","2.15","3.52","1.32","8.05","1.09","16.30","1.02","2.50","1.53"
"1725","22-06-20 22:00","Spain","LaLiga","2019/2020","Leganes","Granada CF","2.00","3.07","4.87","1.16","5.50","1.65","2.30","2.86","1.45","6.00","1.14","12.50","1.04","2.31","1.61"
"1726","22-06-20 19:30","Spain","LaLiga","2019/2020","Villarreal","Sevilla","2.55","3.32","2.96","1.08","9.00","1.37","3.20","2.35","1.67","4.14","1.25","8.45","1.09","1.90","1.90"
"1727","21-06-20 22:00","Spain","LaLiga","2019/2020","Real Sociedad","Real Madrid","5.19","4.27","1.66","1.03","14.00","1.21","4.66","1.67","2.26","2.66","1.50","4.97","1.19","1.68","2.19"
"1728","21-06-20 19:30","Spain","LaLiga","2019/2020","Valencia","Osasuna","2.00","3.61","3.95","1.06","10.70","1.30","3.66","1.98","1.92","3.52","1.32","7.10","1.11","1.77","2.04"
"1729","21-06-20 14:00","Spain","LaLiga","2019/2020","Celta Vigo","Alaves","1.90","3.34","4.88","1.13","6.38","1.55","2.53","2.70","1.49","5.57","1.16","11.20","1.05","2.29","1.62"
"1730","20-06-20 22:00","Spain","LaLiga","2019/2020","Atl. Madrid","Valladolid","1.43","4.41","9.68","1.08","8.51","1.34","3.40","2.10","1.82","3.93","1.27","8.05","1.09","2.39","1.58"
"1731","20-06-20 19:30","Spain","LaLiga","2019/2020","Getafe","Eibar","1.98","3.17","4.76","1.15","5.85","1.73","2.23","3.21","1.37","7.10","1.11","14.10","1.03","2.50","1.53"
"1732","20-06-20 17:00","Spain","LaLiga","2019/2020","Ath Bilbao","Betis","2.07","3.31","4.07","1.08","8.51","1.38","3.19","2.20","1.75","3.93","1.27","8.64","1.08","1.87","1.94"
"1733","20-06-20 14:00","Spain","LaLiga","2019/2020","Espanyol","Levante","2.01","3.60","3.91","1.07","9.57","1.38","3.19","2.20","1.75","3.93","1.27","8.05","1.09","1.87","1.94"
"1734","19-06-20 22:00","Spain","LaLiga","2019/2020","Sevilla","Barcelona","3.71","3.59","2.07","1.05","11.70","1.26","3.99","1.88","2.03","3.06","1.40","6.08","1.14","1.69","2.17"
"1735","19-06-20 19:30","Spain","LaLiga","2019/2020","Granada CF","Villarreal","2.82","3.28","2.69","1.08","8.51","1.38","3.19","2.20","1.75","3.93","1.27","8.05","1.09","1.79","2.02"
"1736","19-06-20 19:30","Spain","LaLiga","2019/2020","Mallorca","Leganes","2.75","3.06","2.93","1.11","6.91","1.55","2.53","2.70","1.49","5.57","1.16","11.20","1.05","2.02","1.79"
"1737","18-06-20 22:00","Spain","LaLiga","2019/2020","Real Madrid","Valencia","1.34","5.85","8.66","1.02","13.00","1.18","5.26","1.47","2.76","2.23","1.73","3.59","1.31","1.68","2.19"
"1738","18-06-20 19:30","Spain","LaLiga","2019/2020","Alaves","Real Sociedad","4.21","3.35","2.02","1.08","8.60","1.42","2.96","2.29","1.70","4.50","1.22","9.34","1.07","1.91","1.89"
"1739","17-06-20 22:00","Spain","LaLiga","2019/2020","Osasuna","Atl. Madrid","5.12","3.45","1.83","1.10","7.45","1.46","2.79","2.52","1.55","5.15","1.18","10.20","1.06","2.12","1.72"
"1740","17-06-20 19:30","Spain","LaLiga","2019/2020","Eibar","Ath Bilbao","3.20","3.10","2.53","1.14","6.00","1.65","2.30","2.86","1.45","6.00","1.14","12.50","1.04","2.24","1.65"
"1741","17-06-20 19:30","Spain","LaLiga","2019/2020","Valladolid","Celta Vigo","2.68","2.99","3.09","1.16","5.50","1.75","2.20","3.06","1.40","6.54","1.13","14.10","1.03","2.31","1.61"
"1742","16-06-20 22:00","Spain","LaLiga","2019/2020","Barcelona","Leganes","1.18","7.59","18.40","1.02","18.10","1.20","4.79","1.55","2.53","2.42","1.59","4.25","1.24","2.10","1.73"
"1743","16-06-20 19:30","Spain","LaLiga","2019/2020","Getafe","Espanyol","1.99","3.07","4.95","1.14","5.91","1.62","2.37","2.84","1.45","6.08","1.14","14.10","1.03","2.37","1.59"
"1744","16-06-20 19:30","Spain","LaLiga","2019/2020","Villarreal","Mallorca","1.44","4.88","7.70","1.03","14.00","1.21","4.66","1.67","2.26","2.66","1.50","4.97","1.19","1.87","1.94"
"1745","15-06-20 22:00","Spain","LaLiga","2019/2020","Betis","Granada CF","1.92","3.82","4.04","1.06","10.60","1.30","3.62","2.00","1.90","3.59","1.31","7.10","1.11","1.87","1.94"
"1746","15-06-20 19:30","Spain","LaLiga","2019/2020","Levante","Sevilla","5.67","4.21","1.62","1.03","13.70","1.25","4.21","1.81","2.11","3.10","1.39","5.57","1.16","1.81","2.00"
"1747","14-06-20 22:00","Spain","LaLiga","2019/2020","Real Sociedad","Osasuna","1.67","3.82","5.89","1.07","9.47","1.31","3.58","2.03","1.88","3.59","1.31","7.10","1.11","1.94","1.87"
"1748","14-06-20 19:30","Spain","LaLiga","2019/2020","Real Madrid","Eibar","1.22","7.28","13.50","1.02","13.00","1.13","6.32","1.44","2.89","2.03","1.88","3.26","1.36","1.94","1.87"
"1749","14-06-20 14:00","Spain","LaLiga","2019/2020","Ath Bilbao","Atl. Madrid","3.72","2.98","2.34","1.13","6.38","1.58","2.45","2.88","1.44","5.57","1.16","11.20","1.05","2.18","1.68"
"1750","13-06-20 22:00","Spain","LaLiga","2019/2020","Mallorca","Barcelona","9.25","6.17","1.31","1.01","19.00","1.17","5.38","1.42","2.96","2.18","1.76","3.52","1.32","1.70","2.15"
"1751","13-06-20 19:30","Spain","LaLiga","2019/2020","Leganes","Valladolid","2.35","2.96","3.75","1.17","5.38","1.78","2.15","3.45","1.33","7.10","1.11","16.30","1.02","2.48","1.54"
"1752","13-06-20 17:00","Spain","LaLiga","2019/2020","Celta Vigo","Villarreal","2.48","3.34","3.04","1.07","9.47","1.34","3.37","2.13","1.80","3.93","1.27","8.05","1.09","1.77","2.04"
"1753","13-06-20 14:00","Spain","LaLiga","2019/2020","Espanyol","Alaves","1.99","3.17","4.70","1.14","6.00","1.61","2.38","2.86","1.45","6.00","1.14","12.50","1.04","2.31","1.61"
"1754","12-06-20 22:00","Spain","LaLiga","2019/2020","Valencia","Levante","1.83","3.80","4.54","1.02","16.00","1.20","4.79","1.63","2.34","2.52","1.55","4.50","1.22","1.58","2.38"
"1755","12-06-20 19:30","Spain","LaLiga","2019/2020","Granada CF","Getafe","3.38","2.97","2.51","1.13","6.38","1.58","2.45","2.88","1.44","6.08","1.14","11.20","1.05","2.18","1.68"
"1756","11-06-20 22:00","Spain","LaLiga","2019/2020","Sevilla","Betis","1.90","3.68","4.30","1.03","13.70","1.25","4.21","1.81","2.11","3.10","1.39","5.57","1.16","1.67","2.21"
"1757","10-03-20 20:00","Spain","LaLiga","2019/2020","Eibar","Real Sociedad","3.70","3.48","2.11","1.08","9.00","1.37","3.20","2.24","1.73","4.14","1.25","8.40","1.09","1.98","1.83"
"1758","08-03-20 21:00","Spain","LaLiga","2019/2020","Betis","Real Madrid","4.82","4.26","1.70","1.02","17.00","1.18","5.25","1.56","2.50","2.36","1.62","4.24","1.24","1.56","2.43"
"1759","08-03-20 18:30","Spain","LaLiga","2019/2020","Villarreal","Leganes","1.78","3.68","5.05","1.06","9.60","1.37","3.22","2.29","1.70","4.14","1.25","8.60","1.08","2.02","1.79"
"1760","08-03-20 16:00","Spain","LaLiga","2019/2020","Levante","Granada CF","2.20","3.48","3.44","1.06","9.60","1.37","3.22","2.18","1.76","4.14","1.25","8.60","1.08","1.91","1.89"
"1761","08-03-20 14:00","Spain","LaLiga","2019/2020","Valladolid","Ath Bilbao","3.12","2.94","2.70","1.14","5.90","1.62","2.37","3.01","1.41","6.05","1.14","14.00","1.03","2.26","1.64"
"1762","08-03-20 12:00","Spain","LaLiga","2019/2020","Osasuna","Espanyol","2.51","3.38","2.97","1.06","9.60","1.33","3.44","2.09","1.83","3.84","1.28","8.00","1.09","1.77","2.04"
"1763","07-03-20 21:00","Spain","LaLiga","2019/2020","Getafe","Celta Vigo","1.84","3.32","5.35","1.14","6.00","1.61","2.38","2.86","1.45","6.00","1.14","12.50","1.04","2.42","1.56"
"1764","07-03-20 18:30","Spain","LaLiga","2019/2020","Barcelona","Real Sociedad","1.37","5.90","7.70","1.01","19.00","1.16","5.50","1.48","2.75","2.24","1.73","3.42","1.34","1.70","2.15"
"1765","07-03-20 16:00","Spain","LaLiga","2019/2020","Atl. Madrid","Sevilla","2.04","3.26","4.28","1.09","8.00","1.41","3.00","2.37","1.62","4.48","1.22","9.20","1.07","2.04","1.78"
"1766","07-03-20 13:00","Spain","LaLiga","2019/2020","Eibar","Mallorca","1.86","3.72","4.46","1.06","10.50","1.30","3.62","2.10","1.82","3.58","1.31","7.10","1.11","1.85","1.95"
"1767","06-03-20 21:00","Spain","LaLiga","2019/2020","Alaves","Valencia","2.94","3.38","2.54","1.06","9.60","1.30","3.66","2.09","1.83","3.52","1.32","7.10","1.11","1.71","2.13"
"1768","01-03-20 21:00","Spain","LaLiga","2019/2020","Real Madrid","Barcelona","2.25","3.84","3.06","1.02","15.00","1.21","4.74","1.59","2.42","2.45","1.58","4.50","1.22","1.50","2.60"
"1769","01-03-20 18:30","Spain","LaLiga","2019/2020","Mallorca","Getafe","3.44","3.14","2.37","1.10","7.50","1.46","2.82","2.40","1.60","4.96","1.19","10.00","1.06","1.96","1.84"
"1770","01-03-20 16:00","Spain","LaLiga","2019/2020","Espanyol","Atl. Madrid","4.60","3.19","2.00","1.11","6.90","1.50","2.66","2.52","1.55","5.15","1.18","10.00","1.06","2.10","1.73"
"1771","01-03-20 14:00","Spain","LaLiga","2019/2020","Ath Bilbao","Villarreal","2.29","3.46","3.26","1.06","10.50","1.30","3.72","2.00","1.90","3.20","1.37","6.70","1.12","1.69","2.17"
"1772","01-03-20 12:00","Spain","LaLiga","2019/2020","Sevilla","Osasuna","1.46","4.42","8.10","1.05","11.50","1.24","4.26","1.80","2.13","2.88","1.44","5.55","1.16","1.88","1.92"
"1773","29-02-20 21:00","Spain","LaLiga","2019/2020","Granada CF","Celta Vigo","3.54","3.24","2.28","1.10","7.40","1.46","2.79","2.42","1.59","5.15","1.18","10.00","1.06","1.96","1.84"
"1774","29-02-20 18:30","Spain","LaLiga","2019/2020","Leganes","Alaves","2.13","2.93","4.54","1.15","5.75","1.59","2.42","2.92","1.43","6.05","1.14","14.00","1.03","2.26","1.64"
"1775","29-02-20 16:00","Spain","LaLiga","2019/2020","Valencia","Betis","2.04","3.82","3.56","1.02","15.00","1.22","4.56","1.63","2.32","2.73","1.48","5.15","1.18","1.62","2.30"
"1776","29-02-20 13:00","Spain","LaLiga","2019/2020","Eibar","Levante","1.96","3.84","3.84","1.03","13.50","1.24","4.26","1.80","2.13","2.88","1.44","5.55","1.16","1.70","2.16"
"1777","28-02-20 21:00","Spain","LaLiga","2019/2020","Real Sociedad","Valladolid","1.51","4.08","8.10","1.06","9.60","1.30","3.66","1.98","1.92","3.44","1.33","7.10","1.11","1.96","1.84"
"1778","23-02-20 21:00","Spain","LaLiga","2019/2020","Atl. Madrid","Villarreal","1.65","3.80","6.20","1.06","9.60","1.30","3.66","1.98","1.92","3.52","1.32","7.10","1.11","1.88","1.92"
"1779","23-02-20 18:30","Spain","LaLiga","2019/2020","Getafe","Sevilla","2.48","3.14","3.24","1.11","6.90","1.50","2.66","2.52","1.55","5.15","1.18","10.00","1.06","2.04","1.78"
"1780","23-02-20 16:00","Spain","LaLiga","2019/2020","Valladolid","Espanyol","2.78","2.99","2.96","1.12","6.80","1.56","2.50","2.73","1.48","5.55","1.16","12.50","1.04","2.14","1.71"
"1781","23-02-20 14:00","Spain","LaLiga","2019/2020","Alaves","Ath Bilbao","3.36","2.94","2.53","1.15","5.75","1.63","2.32","3.10","1.39","6.05","1.14","14.00","1.03","2.36","1.59"
"1782","23-02-20 12:00","Spain","LaLiga","2019/2020","Osasuna","Granada CF","1.96","3.48","4.30","1.11","7.00","1.51","2.63","2.57","1.54","5.40","1.17","11.00","1.05","2.24","1.65"
"1783","22-02-20 21:00","Spain","LaLiga","2019/2020","Levante","Real Madrid","7.70","5.10","1.42","1.01","20.00","1.13","6.45","1.37","3.22","1.98","1.92","3.20","1.37","1.58","2.38"
"1784","22-02-20 18:30","Spain","LaLiga","2019/2020","Real Sociedad","Valencia","1.65","4.58","4.84","1.02","18.00","1.20","4.78","1.58","2.45","2.52","1.55","4.50","1.22","1.61","2.31"
"1785","22-02-20 16:00","Spain","LaLiga","2019/2020","Barcelona","Eibar","1.20","7.90","13.50","1.02","15.00","1.15","5.85","1.43","2.93","2.10","1.82","3.44","1.33","1.94","1.87"
"1786","22-02-20 13:00","Spain","LaLiga","2019/2020","Celta Vigo","Leganes","1.96","3.28","4.62","1.13","6.45","1.57","2.47","2.66","1.50","5.55","1.16","11.00","1.05","2.26","1.64"
"1787","21-02-20 21:00","Spain","LaLiga","2019/2020","Betis","Mallorca","1.48","4.60","7.10","1.03","14.00","1.21","4.66","1.67","2.26","2.66","1.50","4.96","1.19","1.70","2.15"
"1788","16-02-20 21:00","Spain","LaLiga","2019/2020","Real Madrid","Celta Vigo","1.22","7.10","14.00","1.02","16.00","1.17","5.35","1.46","2.82","2.18","1.76","3.52","1.32","1.92","1.88"
"1789","16-02-20 18:30","Spain","LaLiga","2019/2020","Ath Bilbao","Osasuna","1.87","3.46","4.84","1.10","7.40","1.46","2.79","2.42","1.59","5.15","1.18","10.00","1.06","2.12","1.72"
"1790","16-02-20 14:00","Spain","LaLiga","2019/2020","Leganes","Betis","2.50","3.17","3.17","1.10","7.30","1.43","2.89","2.36","1.62","4.50","1.22","9.30","1.07","1.94","1.87"
"1791","16-02-20 12:00","Spain","LaLiga","2019/2020","Sevilla","Espanyol","1.54","4.10","7.10","1.06","10.50","1.31","3.58","2.03","1.88","3.52","1.32","6.70","1.12","2.00","1.81"
"1792","15-02-20 21:00","Spain","LaLiga","2019/2020","Granada CF","Valladolid","2.42","2.96","3.56","1.15","5.75","1.63","2.32","3.10","1.39","6.70","1.12","14.00","1.03","2.36","1.59"
"1793","15-02-20 18:30","Spain","LaLiga","2019/2020","Villarreal","Levante","1.56","4.58","5.85","1.02","15.00","1.14","6.00","1.41","3.00","2.13","1.80","3.42","1.34","1.52","2.53"
"1794","15-02-20 16:00","Spain","LaLiga","2019/2020","Barcelona","Getafe","1.38","5.10","9.10","1.05","11.50","1.30","3.68","1.90","2.01","3.26","1.36","6.05","1.14","2.04","1.78"
"1795","15-02-20 13:00","Spain","LaLiga","2019/2020","Mallorca","Alaves","2.70","3.19","2.88","1.10","7.40","1.46","2.79","2.42","1.59","4.50","1.22","9.30","1.07","2.04","1.78"
"1796","14-02-20 21:00","Spain","LaLiga","2019/2020","Valencia","Atl. Madrid","3.17","3.17","2.50","1.11","6.95","1.49","2.69","2.50","1.56","4.96","1.19","10.00","1.06","2.08","1.75"
"1797","09-02-20 21:00","Spain","LaLiga","2019/2020","Betis","Barcelona","4.42","3.98","1.81","1.02","17.00","1.18","5.25","1.56","2.50","2.36","1.62","4.24","1.24","1.52","2.54"
"1798","09-02-20 18:30","Spain","LaLiga","2019/2020","Celta Vigo","Sevilla","3.14","3.36","2.41","1.06","9.60","1.33","3.44","2.09","1.83","3.52","1.32","8.00","1.09","1.75","2.08"
"1799","09-02-20 16:00","Spain","LaLiga","2019/2020","Osasuna","Real Madrid","6.25","4.30","1.57","1.03","13.50","1.22","4.56","1.70","2.21","2.73","1.48","5.15","1.18","1.79","2.03"
"1800","09-02-20 14:00","Spain","LaLiga","2019/2020","Real Sociedad","Ath Bilbao","2.00","3.48","4.10","1.08","8.50","1.38","3.19","2.20","1.75","4.24","1.24","8.60","1.08","1.91","1.89"
"1801","09-02-20 12:00","Spain","LaLiga","2019/2020","Espanyol","Mallorca","1.61","3.86","6.55","1.06","9.50","1.34","3.40","2.10","1.82","3.58","1.31","7.10","1.11","1.96","1.84"
"1802","08-02-20 21:00","Spain","LaLiga","2019/2020","Atl. Madrid","Granada CF","1.38","4.50","11.50","1.09","8.40","1.38","3.16","2.23","1.73","4.24","1.24","8.60","1.08","2.62","1.49"
"1803","08-02-20 18:30","Spain","LaLiga","2019/2020","Valladolid","Villarreal","3.36","3.46","2.24","1.06","9.60","1.33","3.44","2.09","1.83","3.52","1.32","7.10","1.11","1.77","2.05"
"1804","08-02-20 16:00","Spain","LaLiga","2019/2020","Getafe","Valencia","2.23","3.34","3.54","1.10","7.30","1.47","2.76","2.45","1.58","4.50","1.22","9.30","1.07","2.10","1.74"
"1805","08-02-20 13:00","Spain","LaLiga","2019/2020","Levante","Leganes","2.36","3.40","3.19","1.06","9.50","1.34","3.40","2.10","1.82","3.92","1.27","8.00","1.09","1.77","2.04"
"1806","07-02-20 21:00","Spain","LaLiga","2019/2020","Alaves","Eibar","2.31","3.10","3.56","1.08","6.20","1.51","2.49","2.67","1.53","5.00","1.16","9.90","1.02","2.20","1.64"
"1807","02-02-20 21:00","Spain","LaLiga","2019/2020","Barcelona","Levante","1.12","11.00","19.00","1.01","17.00","1.08","9.00","1.26","4.00","1.65","2.30","2.37","1.62","1.87","1.94"
"1808","02-02-20 18:30","Spain","LaLiga","2019/2020","Sevilla","Alaves","1.33","5.20","11.50","1.07","9.40","1.34","3.36","2.03","1.88","3.58","1.31","7.10","1.11","2.50","1.53"
"1809","02-02-20 18:30","Spain","LaLiga","2019/2020","Villarreal","Osasuna","1.68","4.02","5.35","1.03","13.50","1.21","4.74","1.63","2.32","2.55","1.54","4.50","1.22","1.61","2.31"
"1810","02-02-20 16:00","Spain","LaLiga","2019/2020","Ath Bilbao","Getafe","2.30","2.94","3.88","1.15","5.75","1.63","2.32","3.10","1.39","6.05","1.14","14.00","1.03","2.26","1.64"
"1811","02-02-20 14:00","Spain","LaLiga","2019/2020","Eibar","Betis","2.57","3.48","2.82","1.06","10.50","1.31","3.58","2.03","1.88","3.58","1.31","7.10","1.11","1.71","2.13"
"1812","02-02-20 12:00","Spain","LaLiga","2019/2020","Leganes","Real Sociedad","2.44","3.15","3.30","1.12","6.80","1.51","2.63","2.55","1.54","5.15","1.18","10.00","1.06","2.10","1.74"
"1813","01-02-20 21:00","Spain","LaLiga","2019/2020","Valencia","Celta Vigo","1.85","3.68","4.58","1.06","10.50","1.31","3.58","2.03","1.88","3.52","1.32","7.10","1.11","1.81","2.00"
"1814","01-02-20 18:30","Spain","LaLiga","2019/2020","Mallorca","Valladolid","2.34","3.26","3.36","1.10","7.30","1.47","2.76","2.45","1.58","5.15","1.18","10.00","1.06","2.04","1.78"
"1815","01-02-20 16:00","Spain","LaLiga","2019/2020","Real Madrid","Atl. Madrid","1.87","3.46","4.84","1.10","7.40","1.43","2.93","2.32","1.64","4.50","1.22","9.30","1.07","2.18","1.68"
"1816","01-02-20 13:00","Spain","LaLiga","2019/2020","Granada CF","Espanyol","2.70","2.98","3.08","1.14","6.00","1.65","2.30","3.06","1.40","6.50","1.13","12.50","1.04","2.31","1.61"
"1817","26-01-20 21:00","Spain","LaLiga","2019/2020","Valladolid","Real Madrid","8.50","4.32","1.46","1.08","9.00","1.34","3.40","2.13","1.80","3.78","1.29","7.50","1.10","2.06","1.76"
"1818","26-01-20 18:30","Spain","LaLiga","2019/2020","Real Sociedad","Mallorca","1.37","4.86","10.00","1.05","11.00","1.29","3.74","1.90","2.00","3.24","1.37","6.00","1.14","2.10","1.74"
"1819","26-01-20 16:00","Spain","LaLiga","2019/2020","Getafe","Betis","1.88","3.48","4.74","1.08","9.00","1.41","3.00","2.35","1.66","4.14","1.25","8.40","1.09","1.82","1.99"
"1820","26-01-20 14:00","Spain","LaLiga","2019/2020","Celta Vigo","Eibar","2.00","3.48","4.10","1.08","9.00","1.37","3.20","2.24","1.73","4.14","1.25","8.40","1.09","1.98","1.83"
"1821","26-01-20 12:00","Spain","LaLiga","2019/2020","Atl. Madrid","Leganes","1.59","3.68","7.60","1.13","6.50","1.56","2.50","2.66","1.50","5.40","1.17","11.00","1.05","2.68","1.47"
"1822","25-01-20 21:00","Spain","LaLiga","2019/2020","Sevilla","Granada CF","1.40","4.86","9.20","1.06","10.00","1.34","3.40","2.13","1.80","3.78","1.29","7.50","1.10","2.31","1.61"
"1823","25-01-20 18:30","Spain","LaLiga","2019/2020","Alaves","Villarreal","2.94","3.32","2.56","1.06","10.00","1.34","3.40","2.13","1.80","3.66","1.30","7.00","1.11","1.78","2.04"
"1824","25-01-20 16:00","Spain","LaLiga","2019/2020","Valencia","Barcelona","4.86","4.18","1.70","1.03","15.00","1.22","4.50","1.65","2.30","2.57","1.54","4.80","1.20","1.65","2.24"
"1825","25-01-20 13:00","Spain","LaLiga","2019/2020","Espanyol","Ath Bilbao","2.46","3.08","3.32","1.13","6.50","1.56","2.50","2.66","1.50","5.40","1.17","11.00","1.05","2.00","1.81"
"1826","24-01-20 21:00","Spain","LaLiga","2019/2020","Osasuna","Levante","1.60","4.14","6.10","1.03","15.00","1.22","4.50","1.65","2.30","2.47","1.57","4.48","1.22","1.57","2.41"
"1827","19-01-20 21:00","Spain","LaLiga","2019/2020","Barcelona","Granada CF","1.13","9.60","23.00","1.01","17.00","1.13","6.50","1.34","3.40","1.90","2.00","2.86","1.45","1.88","1.92"
"1828","19-01-20 18:30","Spain","LaLiga","2019/2020","Ath Bilbao","Celta Vigo","1.82","3.48","5.10","1.11","7.00","1.51","2.63","2.57","1.54","4.80","1.20","11.00","1.05","2.14","1.71"
"1829","19-01-20 16:00","Spain","LaLiga","2019/2020","Villarreal","Espanyol","1.84","3.68","4.60","1.06","10.00","1.34","3.40","2.13","1.80","3.66","1.30","7.50","1.10","1.90","1.90"
"1830","19-01-20 14:00","Spain","LaLiga","2019/2020","Betis","Real Sociedad","2.34","3.82","2.93","1.03","15.00","1.23","4.32","1.70","2.20","2.66","1.50","4.80","1.20","1.54","2.48"
"1831","19-01-20 12:00","Spain","LaLiga","2019/2020","Mallorca","Valencia","3.16","3.68","2.25","1.05","11.00","1.34","3.40","2.13","1.80","3.66","1.30","7.50","1.10","1.71","2.13"
"1832","18-01-20 21:00","Spain","LaLiga","2019/2020","Eibar","Atl. Madrid","5.60","3.72","1.71","1.09","8.00","1.48","2.75","2.37","1.62","4.80","1.20","9.90","1.06","2.10","1.73"
"1833","18-01-20 18:30","Spain","LaLiga","2019/2020","Osasuna","Valladolid","1.78","3.74","4.98","1.09","8.00","1.41","3.00","2.26","1.66","4.48","1.22","9.20","1.07","1.96","1.84"
"1834","18-01-20 16:00","Spain","LaLiga","2019/2020","Real Madrid","Sevilla","1.61","4.10","6.05","1.03","13.00","1.26","4.00","1.82","2.10","2.86","1.45","5.40","1.17","1.69","2.17"
"1835","18-01-20 13:00","Spain","LaLiga","2019/2020","Levante","Alaves","1.99","3.50","4.14","1.05","11.00","1.29","3.74","1.99","1.91","3.24","1.37","6.50","1.13","1.67","2.21"
"1836","17-01-20 21:00","Spain","LaLiga","2019/2020","Leganes","Getafe","3.22","2.94","2.62","1.16","5.50","1.82","2.10","3.42","1.34","7.50","1.10","15.00","1.03","2.37","1.59"
"1837","05-01-20 21:00","Spain","LaLiga","2019/2020","Celta Vigo","Osasuna","2.04","3.50","3.94","1.05","11.00","1.29","3.74","1.99","1.91","3.42","1.34","6.50","1.13","1.78","2.04"
"1838","05-01-20 16:00","Spain","LaLiga","2019/2020","Alaves","Betis","2.71","3.40","2.71","1.06","10.00","1.34","3.40","2.13","1.80","3.78","1.29","7.50","1.10","1.83","1.98"
"1839","05-01-20 14:00","Spain","LaLiga","2019/2020","Real Sociedad","Villarreal","1.84","4.10","4.10","1.02","17.00","1.19","5.00","1.61","2.38","2.47","1.57","4.48","1.22","1.61","2.31"
"1840","05-01-20 12:00","Spain","LaLiga","2019/2020","Granada CF","Mallorca","1.84","3.56","4.84","1.09","8.00","1.41","3.00","2.35","1.66","4.14","1.25","8.40","1.09","2.04","1.78"
"1841","04-01-20 21:00","Spain","LaLiga","2019/2020","Espanyol","Barcelona","9.50","5.95","1.32","1.03","15.00","1.23","4.32","1.70","2.20","2.66","1.50","4.80","1.20","1.85","1.95"
"1842","04-01-20 18:30","Spain","LaLiga","2019/2020","Atl. Madrid","Levante","1.25","6.05","14.50","1.03","13.00","1.22","4.50","1.65","2.30","2.57","1.54","4.48","1.22","1.97","1.84"
"1843","04-01-20 16:00","Spain","LaLiga","2019/2020","Getafe","Real Madrid","5.20","3.84","1.73","1.08","9.00","1.41","3.00","2.24","1.73","4.14","1.25","8.40","1.09","1.77","2.05"
"1844","04-01-20 13:00","Spain","LaLiga","2019/2020","Valencia","Eibar","1.59","4.26","5.90","1.05","11.00","1.29","3.74","1.90","2.00","3.24","1.37","6.50","1.13","1.77","2.04"
"1845","03-01-20 21:00","Spain","LaLiga","2019/2020","Sevilla","Ath Bilbao","1.63","3.82","6.35","1.09","8.00","1.48","2.75","2.37","1.62","4.48","1.22","9.20","1.07","2.24","1.65"
"1846","03-01-20 19:00","Spain","LaLiga","2019/2020","Valladolid","Leganes","2.83","2.95","2.95","1.16","5.50","1.82","2.10","3.24","1.37","7.00","1.11","14.00","1.03","2.42","1.56"
"1847","22-12-19 21:00","Spain","LaLiga","2019/2020","Real Madrid","Ath Bilbao","1.35","5.35","9.80","1.02","15.00","1.21","4.74","1.59","2.42","2.55","1.54","4.50","1.22","1.93","1.87"
"1848","22-12-19 18:30","Spain","LaLiga","2019/2020","Levante","Celta Vigo","2.48","3.56","2.88","1.03","13.50","1.22","4.56","1.70","2.21","2.73","1.48","5.15","1.18","1.62","2.30"
"1849","22-12-19 16:00","Spain","LaLiga","2019/2020","Betis","Atl. Madrid","4.50","3.48","1.92","1.07","9.40","1.34","3.36","2.13","1.80","3.92","1.27","8.00","1.09","1.93","1.87"
"1850","22-12-19 14:00","Spain","LaLiga","2019/2020","Osasuna","Real Sociedad","3.16","3.46","2.35","1.03","13.50","1.25","4.20","1.81","2.11","2.92","1.43","5.55","1.16","1.67","2.20"
"1851","22-12-19 12:00","Spain","LaLiga","2019/2020","Leganes","Espanyol","2.16","3.08","4.10","1.13","6.30","1.59","2.42","2.92","1.43","6.05","1.14","14.00","1.03","2.36","1.59"
"1852","21-12-19 21:00","Spain","LaLiga","2019/2020","Valladolid","Valencia","3.32","3.38","2.30","1.09","8.40","1.38","3.16","2.23","1.73","3.92","1.27","8.60","1.08","1.93","1.87"
"1853","21-12-19 18:30","Spain","LaLiga","2019/2020","Villarreal","Getafe","2.50","3.17","3.17","1.09","8.40","1.38","3.16","2.34","1.67","4.24","1.24","8.60","1.08","1.93","1.87"
"1854","21-12-19 16:00","Spain","LaLiga","2019/2020","Barcelona","Alaves","1.11","9.00","26.00","1.02","24.00","1.10","7.30","1.31","3.58","1.81","2.11","2.73","1.48","2.10","1.74"
"1855","21-12-19 13:00","Spain","LaLiga","2019/2020","Mallorca","Sevilla","6.10","4.10","1.60","1.05","11.50","1.26","4.02","1.78","2.15","3.01","1.41","5.55","1.16","1.79","2.02"
"1856","20-12-19 21:00","Spain","LaLiga","2019/2020","Eibar","Granada CF","1.82","3.48","5.10","1.08","8.60","1.42","2.96","2.30","1.65","4.50","1.22","9.30","1.07","2.08","1.75"
"1857","18-12-19 20:00","Spain","LaLiga","2019/2020","Barcelona","Real Madrid","1.69","4.30","4.86","1.02","23.00","1.13","6.45","1.42","2.96","2.09","1.83","3.44","1.33","1.41","2.93"
"1858","15-12-19 21:00","Spain","LaLiga","2019/2020","Valencia","Real Madrid","4.86","4.24","1.70","1.02","18.00","1.20","4.84","1.57","2.47","2.40","1.60","4.12","1.25","1.53","2.51"
"1859","15-12-19 18:30","Spain","LaLiga","2019/2020","Sevilla","Villarreal","1.63","4.14","5.70","1.03","13.00","1.23","4.32","1.82","2.10","2.86","1.45","5.40","1.17","1.78","2.04"
"2025","15-12-19 16:00","Spain","LaLiga","2019/2020","Espanyol","Betis","2.63","3.34","2.84","1.06","10.50","1.30","3.66","1.98","1.92","3.52","1.32","7.10","1.11","1.70","2.15"
"2026","15-12-19 14:00","Spain","LaLiga","2019/2020","Celta Vigo","Mallorca","1.62","3.92","6.20","1.06","10.50","1.30","3.68","1.90","2.01","3.26","1.36","6.05","1.14","1.93","1.87"
"1860","15-12-19 12:00","Spain","LaLiga","2019/2020","Getafe","Valladolid","1.73","3.46","6.10","1.12","6.80","1.51","2.63","2.55","1.54","5.10","1.18","10.00","1.06","2.36","1.59"
"1861","14-12-19 21:00","Spain","LaLiga","2019/2020","Atl. Madrid","Osasuna","1.43","4.44","9.50","1.06","10.50","1.34","3.36","2.03","1.88","3.58","1.31","7.10","1.11","2.19","1.68"
"1862","14-12-19 18:30","Spain","LaLiga","2019/2020","Ath Bilbao","Eibar","1.74","3.68","5.35","1.10","7.30","1.43","2.89","2.26","1.67","4.50","1.22","9.30","1.07","2.19","1.68"
"1863","14-12-19 16:00","Spain","LaLiga","2019/2020","Real Sociedad","Barcelona","5.35","4.54","1.60","1.01","20.00","1.18","5.25","1.47","2.76","2.23","1.73","3.92","1.27","1.58","2.38"
"1864","14-12-19 13:00","Spain","LaLiga","2019/2020","Granada CF","Levante","1.95","3.58","4.16","1.05","11.50","1.26","4.02","1.86","2.05","3.01","1.41","6.05","1.14","1.68","2.19"
"1865","13-12-19 21:00","Spain","LaLiga","2019/2020","Alaves","Leganes","2.53","3.10","3.20","1.13","6.30","1.63","2.32","2.92","1.43","6.05","1.14","14.00","1.03","2.36","1.59"
"1866","08-12-19 21:00","Spain","LaLiga","2019/2020","Osasuna","Sevilla","3.86","3.46","2.06","1.05","11.50","1.26","4.08","1.84","2.08","3.15","1.38","6.05","1.14","1.68","2.18"
"1867","08-12-19 18:30","Spain","LaLiga","2019/2020","Leganes","Celta Vigo","2.94","3.15","2.68","1.13","6.50","1.61","2.39","2.84","1.45","6.05","1.14","12.00","1.04","2.33","1.60"
"1868","08-12-19 16:00","Spain","LaLiga","2019/2020","Valladolid","Real Sociedad","3.74","3.26","2.19","1.08","8.60","1.37","3.22","2.29","1.70","4.12","1.25","8.60","1.08","1.91","1.89"
"1869","08-12-19 14:00","Spain","LaLiga","2019/2020","Betis","Ath Bilbao","2.34","3.30","3.30","1.08","8.60","1.37","3.22","2.18","1.76","4.12","1.25","8.60","1.08","1.84","1.97"
"1870","08-12-19 12:00","Spain","LaLiga","2019/2020","Eibar","Getafe","3.07","3.04","2.66","1.13","6.45","1.54","2.55","2.66","1.50","5.55","1.16","11.00","1.05","2.08","1.75"
"1871","07-12-19 21:00","Spain","LaLiga","2019/2020","Barcelona","Mallorca","1.11","11.00","25.00","","","1.08","8.60","1.29","3.76","1.74","2.15","2.66","1.50","2.08","1.75"
"1872","07-12-19 18:30","Spain","LaLiga","2019/2020","Levante","Valencia","4.04","4.08","1.86","1.02","18.00","1.17","5.35","1.54","2.55","2.30","1.65","4.12","1.25","1.50","2.60"
"1873","07-12-19 16:00","Spain","LaLiga","2019/2020","Granada CF","Alaves","2.44","2.95","3.56","1.14","6.00","1.65","2.30","3.06","1.40","5.95","1.14","12.00","1.04","2.24","1.65"
"1874","07-12-19 13:00","Spain","LaLiga","2019/2020","Real Madrid","Espanyol","1.21","7.30","14.50","1.02","17.00","1.18","5.25","1.47","2.76","2.23","1.73","3.58","1.31","2.04","1.78"
"1875","06-12-19 21:00","Spain","LaLiga","2019/2020","Villarreal","Atl. Madrid","4.42","3.46","1.94","1.06","10.00","1.31","3.56","2.13","1.80","3.74","1.29","7.50","1.10","1.88","1.92"
"1876","01-12-19 21:00","Spain","LaLiga","2019/2020","Atl. Madrid","Barcelona","3.13","3.24","2.48","1.09","8.40","1.34","3.36","2.13","1.80","3.58","1.31","8.00","1.09","1.79","2.03"
"1877","01-12-19 18:30","Spain","LaLiga","2019/2020","Getafe","Levante","1.74","3.82","5.15","1.06","10.00","1.32","3.50","2.13","1.80","3.42","1.33","7.00","1.11","1.98","1.83"
"1878","01-12-19 16:00","Spain","LaLiga","2019/2020","Espanyol","Osasuna","2.21","3.16","3.80","1.09","8.40","1.38","3.16","2.34","1.67","4.24","1.24","8.60","1.08","1.93","1.87"
"1879","01-12-19 14:00","Spain","LaLiga","2019/2020","Ath Bilbao","Granada CF","1.82","3.42","5.30","1.12","6.80","1.51","2.63","2.55","1.54","5.10","1.18","10.00","1.06","2.26","1.64"
"1880","01-12-19 12:00","Spain","LaLiga","2019/2020","Sevilla","Leganes","1.54","4.10","7.10","1.09","8.40","1.38","3.16","2.23","1.73","4.24","1.24","8.60","1.08","2.18","1.68"
"1881","30-11-19 21:00","Spain","LaLiga","2019/2020","Valencia","Villarreal","1.90","3.84","4.10","1.02","16.00","1.20","4.84","1.62","2.37","2.50","1.56","4.50","1.22","1.57","2.40"
"1882","30-11-19 18:30","Spain","LaLiga","2019/2020","Mallorca","Betis","3.07","3.34","2.46","1.05","10.50","1.29","3.74","1.94","1.96","3.38","1.34","6.70","1.12","1.76","2.07"
"1883","30-11-19 16:00","Spain","LaLiga","2019/2020","Real Sociedad","Eibar","1.74","3.88","5.25","1.03","8.30","1.28","3.54","1.91","1.99","3.04","1.36","5.15","1.12","1.91","1.85"
"1884","30-11-19 13:00","Spain","LaLiga","2019/2020","Alaves","Real Madrid","8.30","5.15","1.40","1.02","16.00","1.19","4.88","1.56","2.50","2.47","1.57","4.36","1.23","1.76","2.06"
"1885","29-11-19 21:00","Spain","LaLiga","2019/2020","Celta Vigo","Valladolid","1.68","3.80","5.70","1.09","8.40","1.38","3.16","2.23","1.73","4.24","1.24","8.60","1.08","2.10","1.74"
"1886","24-11-19 21:00","Spain","LaLiga","2019/2020","Valladolid","Sevilla","5.35","3.86","1.70","1.05","10.50","1.29","3.74","1.94","1.96","3.44","1.33","6.70","1.12","1.89","1.91"
"1887","24-11-19 18:30","Spain","LaLiga","2019/2020","Villarreal","Celta Vigo","1.69","4.06","5.20","1.03","13.50","1.21","4.66","1.62","2.37","2.50","1.56","4.96","1.19","1.66","2.23"
"1888","24-11-19 16:00","Spain","LaLiga","2019/2020","Eibar","Alaves","1.86","3.64","4.56","1.08","9.00","1.41","3.00","2.35","1.66","4.46","1.22","9.20","1.07","2.04","1.78"
"1889","24-11-19 14:00","Spain","LaLiga","2019/2020","Osasuna","Ath Bilbao","2.85","3.05","2.85","1.11","6.90","1.46","2.79","2.52","1.55","5.10","1.18","10.00","1.06","1.96","1.84"
"1890","24-11-19 12:00","Spain","LaLiga","2019/2020","Espanyol","Getafe","2.89","3.00","2.84","1.16","5.50","1.81","2.11","3.38","1.34","7.10","1.11","14.00","1.03","2.42","1.56"
"1891","23-11-19 21:00","Spain","LaLiga","2019/2020","Real Madrid","Real Sociedad","1.38","5.60","7.70","1.01","22.00","1.15","5.75","1.43","2.89","2.13","1.80","3.52","1.32","1.62","2.30"
"1892","23-11-19 18:30","Spain","LaLiga","2019/2020","Granada CF","Atl. Madrid","5.50","3.28","1.84","1.13","6.30","1.56","2.50","2.73","1.48","5.55","1.16","12.00","1.04","2.47","1.54"
"1893","23-11-19 16:00","Spain","LaLiga","2019/2020","Betis","Valencia","2.49","3.58","2.86","1.03","13.50","1.20","4.84","1.62","2.37","2.50","1.56","4.50","1.22","1.53","2.51"
"1894","23-11-19 13:00","Spain","LaLiga","2019/2020","Leganes","Barcelona","6.50","4.30","1.55","1.05","11.50","1.30","3.68","1.90","2.01","3.26","1.36","6.05","1.14","1.93","1.87"
"1895","22-11-19 21:00","Spain","LaLiga","2019/2020","Levante","Mallorca","1.72","3.86","5.20","1.05","11.50","1.26","4.02","1.86","2.05","3.01","1.41","6.05","1.14","1.77","2.05"
"1896","10-11-19 21:00","Spain","LaLiga","2019/2020","Betis","Sevilla","4.52","3.68","1.86","1.03","14.00","1.23","4.44","1.69","2.22","2.77","1.47","5.30","1.17","1.64","2.26"
"1897","10-11-19 18:30","Spain","LaLiga","2019/2020","Getafe","Osasuna","1.77","3.44","5.65","1.10","7.70","1.43","2.92","2.34","1.63","4.96","1.19","10.00","1.06","2.14","1.71"
"1898","10-11-19 16:00","Spain","LaLiga","2019/2020","Atl. Madrid","Espanyol","1.44","4.28","9.60","1.10","7.70","1.40","3.06","2.33","1.68","4.36","1.23","9.30","1.07","2.55","1.51"
"1899","10-11-19 14:00","Spain","LaLiga","2019/2020","Ath Bilbao","Levante","1.70","3.80","5.55","1.06","9.60","1.29","3.76","1.98","1.92","3.20","1.37","6.70","1.12","1.84","1.97"
"1900","10-11-19 12:00","Spain","LaLiga","2019/2020","Mallorca","Villarreal","3.80","3.46","2.09","1.05","10.50","1.29","3.80","1.84","2.08","3.15","1.38","6.35","1.13","1.67","2.21"
"1901","09-11-19 21:00","Spain","LaLiga","2019/2020","Barcelona","Celta Vigo","1.21","7.20","15.00","1.01","20.00","1.14","5.90","1.42","2.96","2.09","1.83","3.44","1.33","1.85","1.95"
"1902","09-11-19 18:30","Spain","LaLiga","2019/2020","Eibar","Real Madrid","5.70","4.44","1.59","1.02","16.00","1.20","4.84","1.62","2.37","2.50","1.56","4.50","1.22","1.65","2.25"
"1903","09-11-19 16:00","Spain","LaLiga","2019/2020","Valencia","Granada CF","1.68","3.80","6.10","1.05","7.30","1.37","2.99","2.17","1.77","3.70","1.26","6.35","1.08","2.10","1.81"
"1904","09-11-19 13:00","Spain","LaLiga","2019/2020","Alaves","Valladolid","2.35","3.16","3.46","1.11","6.95","1.49","2.69","2.66","1.50","4.96","1.19","11.00","1.05","2.17","1.69"
"1905","08-11-19 21:00","Spain","LaLiga","2019/2020","Real Sociedad","Leganes","1.85","3.38","5.10","1.10","7.50","1.42","2.96","2.30","1.65","4.50","1.22","9.30","1.07","2.08","1.75"
"1906","03-11-19 21:00","Spain","LaLiga","2019/2020","Granada CF","Real Sociedad","2.65","3.22","2.90","1.10","7.60","1.42","2.99","2.36","1.66","4.36","1.23","9.30","1.07","1.87","1.94"
"1907","03-11-19 18:30","Spain","LaLiga","2019/2020","Celta Vigo","Getafe","2.50","3.17","3.17","1.11","6.95","1.49","2.69","2.50","1.56","4.96","1.19","10.00","1.06","1.99","1.82"
"1908","03-11-19 18:30","Spain","LaLiga","2019/2020","Leganes","Eibar","2.20","3.17","3.84","1.11","6.95","1.49","2.69","2.50","1.56","4.96","1.19","10.00","1.06","2.08","1.75"
"1909","03-11-19 16:00","Spain","LaLiga","2019/2020","Osasuna","Alaves","1.79","3.48","5.35","1.08","8.60","1.37","3.22","2.18","1.76","3.84","1.28","8.00","1.09","1.88","1.92"
"1910","03-11-19 14:00","Spain","LaLiga","2019/2020","Villarreal","Ath Bilbao","2.07","3.32","4.04","1.09","8.00","1.41","3.00","2.35","1.66","4.12","1.25","9.20","1.07","1.98","1.83"
"1911","03-11-19 12:00","Spain","LaLiga","2019/2020","Valladolid","Mallorca","1.98","3.30","4.48","1.10","7.50","1.49","2.69","2.50","1.56","4.96","1.19","10.00","1.06","2.23","1.65"
"1912","02-11-19 21:00","Spain","LaLiga","2019/2020","Real Madrid","Betis","1.24","7.20","11.00","1.01","27.00","1.08","8.60","1.29","3.76","1.67","2.26","2.50","1.56","1.66","2.23"
"1913","02-11-19 18:30","Spain","LaLiga","2019/2020","Sevilla","Atl. Madrid","2.48","3.24","3.14","1.10","7.50","1.46","2.82","2.40","1.60","4.50","1.22","9.30","1.07","2.02","1.79"
"1914","02-11-19 16:00","Spain","LaLiga","2019/2020","Levante","Barcelona","9.20","6.15","1.31","","","1.06","9.60","1.24","4.30","1.62","2.37","2.40","1.60","1.49","2.62"
"1915","02-11-19 13:00","Spain","LaLiga","2019/2020","Espanyol","Valencia","2.69","3.38","2.75","1.08","8.70","1.42","2.99","2.27","1.71","4.36","1.23","9.30","1.07","1.91","1.89"
"1916","31-10-19 21:15","Spain","LaLiga","2019/2020","Getafe","Granada CF","1.77","3.58","5.35","1.11","7.00","1.56","2.50","2.63","1.51","5.55","1.16","11.00","1.05","2.48","1.54"
"1917","31-10-19 19:00","Spain","LaLiga","2019/2020","Eibar","Villarreal","2.42","3.56","2.96","1.05","11.50","1.24","4.30","1.78","2.15","3.01","1.41","5.55","1.16","1.60","2.33"
"1918","31-10-19 19:00","Spain","LaLiga","2019/2020","Mallorca","Osasuna","2.59","3.05","3.15","1.10","7.60","1.45","2.85","2.38","1.61","4.36","1.23","10.00","1.06","1.88","1.92"
"1919","30-10-19 21:15","Spain","LaLiga","2019/2020","Real Madrid","Leganes","1.27","6.00","12.50","1.05","11.50","1.23","4.34","1.66","2.28","2.84","1.45","4.96","1.19","2.11","1.72"
"1920","30-10-19 21:00","Spain","LaLiga","2019/2020","Betis","Celta Vigo","2.25","3.48","3.32","1.03","13.00","1.23","4.32","1.82","2.10","2.86","1.45","5.40","1.17","1.61","2.31"
"1921","30-10-19 20:00","Spain","LaLiga","2019/2020","Ath Bilbao","Espanyol","1.89","3.26","5.10","1.13","6.45","1.54","2.55","2.66","1.50","5.55","1.16","11.00","1.05","2.24","1.65"
"1922","30-10-19 19:00","Spain","LaLiga","2019/2020","Real Sociedad","Levante","1.54","4.60","6.10","1.01","18.00","1.17","5.40","1.49","2.72","2.27","1.71","3.84","1.28","1.54","2.47"
"1923","30-10-19 19:00","Spain","LaLiga","2019/2020","Valencia","Sevilla","3.19","3.38","2.37","1.05","10.50","1.30","3.70","1.96","1.94","3.38","1.34","7.10","1.11","1.69","2.17"
"1924","29-10-19 21:15","Spain","LaLiga","2019/2020","Barcelona","Valladolid","1.10","10.00","26.00","","","1.10","7.50","1.33","3.44","1.86","2.05","2.84","1.45","2.34","1.60"
"1925","29-10-19 19:00","Spain","LaLiga","2019/2020","Alaves","Atl. Madrid","4.96","3.28","1.90","1.13","6.45","1.54","2.55","2.66","1.50","5.55","1.16","11.00","1.05","2.34","1.60"
"1926","27-10-19 21:00","Spain","LaLiga","2019/2020","Osasuna","Valencia","2.96","3.32","2.55","1.08","9.00","1.37","3.20","2.24","1.73","3.78","1.29","7.50","1.10","1.83","1.98"
"1927","27-10-19 18:30","Spain","LaLiga","2019/2020","Sevilla","Getafe","1.74","3.58","5.60","1.09","8.00","1.37","3.20","2.24","1.73","3.78","1.29","8.40","1.08","1.98","1.83"
"1928","27-10-19 16:00","Spain","LaLiga","2019/2020","Levante","Espanyol","2.40","3.46","3.06","1.05","11.50","1.26","4.02","1.86","2.05","3.01","1.41","6.05","1.14","1.69","2.17"
"1929","27-10-19 14:00","Spain","LaLiga","2019/2020","Granada CF","Betis","2.45","3.36","3.06","1.06","9.60","1.37","3.22","2.18","1.76","3.84","1.28","8.00","1.09","1.84","1.97"
"1930","27-10-19 12:00","Spain","LaLiga","2019/2020","Celta Vigo","Real Sociedad","2.62","3.38","2.82","1.06","10.50","1.30","3.66","1.98","1.92","3.44","1.33","6.70","1.12","1.65","2.24"
"1931","26-10-19 21:00","Spain","LaLiga","2019/2020","Atl. Madrid","Ath Bilbao","1.64","3.46","7.60","1.13","6.55","1.52","2.61","2.61","1.52","5.55","1.16","11.00","1.05","2.42","1.56"
"1932","26-10-19 18:30","Spain","LaLiga","2019/2020","Valladolid","Eibar","2.56","3.18","3.07","1.09","8.00","1.41","3.00","2.37","1.62","4.46","1.22","9.20","1.07","1.98","1.83"
"1933","26-10-19 16:00","Spain","LaLiga","2019/2020","Leganes","Mallorca","1.72","3.60","6.10","1.06","6.70","1.51","2.49","2.59","1.58","4.84","1.17","8.50","1.04","2.44","1.61"
"1934","25-10-19 21:00","Spain","LaLiga","2019/2020","Villarreal","Alaves","1.60","4.08","6.10","1.06","9.70","1.30","3.70","1.96","1.94","3.52","1.32","7.10","1.11","1.92","1.88"
"1935","20-10-19 21:00","Spain","LaLiga","2019/2020","Sevilla","Levante","1.32","5.85","9.60","","","1.11","6.95","1.33","3.44","1.86","2.05","2.84","1.45","1.56","2.43"
"1936","20-10-19 18:30","Spain","LaLiga","2019/2020","Ath Bilbao","Valladolid","1.75","3.48","5.75","1.11","6.95","1.46","2.82","2.50","1.56","4.96","1.19","10.00","1.06","2.14","1.71"
"1937","20-10-19 16:00","Spain","LaLiga","2019/2020","Espanyol","Villarreal","2.98","3.50","2.44","1.03","13.50","1.24","4.30","1.78","2.15","2.84","1.45","5.55","1.16","1.66","2.23"
"1938","20-10-19 14:00","Spain","LaLiga","2019/2020","Real Sociedad","Betis","1.77","3.86","4.84","1.03","13.50","1.25","4.12","1.81","2.11","2.92","1.43","5.30","1.17","1.70","2.15"
"1939","20-10-19 12:00","Spain","LaLiga","2019/2020","Alaves","Celta Vigo","2.99","3.09","2.68","1.11","6.95","1.49","2.69","2.50","1.56","4.96","1.19","10.00","1.06","2.08","1.75"
"1940","19-10-19 21:00","Spain","LaLiga","2019/2020","Mallorca","Real Madrid","6.70","4.70","1.51","1.01","11.50","1.17","4.80","1.58","2.58","2.34","1.57","3.74","1.22","1.67","2.33"
"1941","19-10-19 18:30","Spain","LaLiga","2019/2020","Getafe","Leganes","2.12","2.98","4.46","1.14","5.90","1.62","2.37","3.01","1.41","6.70","1.12","14.00","1.03","2.39","1.58"
"1942","19-10-19 16:00","Spain","LaLiga","2019/2020","Atl. Madrid","Valencia","1.60","3.88","6.70","1.06","9.50","1.38","3.19","2.20","1.75","4.24","1.24","8.60","1.08","2.24","1.65"
"1943","19-10-19 13:00","Spain","LaLiga","2019/2020","Eibar","Barcelona","6.70","4.66","1.50","1.02","18.00","1.17","5.35","1.54","2.55","2.30","1.65","4.12","1.25","1.73","2.11"
"1944","18-10-19 21:00","Spain","LaLiga","2019/2020","Granada CF","Osasuna","2.29","3.06","3.74","1.13","6.45","1.54","2.55","2.66","1.50","5.55","1.16","11.00","1.05","2.08","1.75"
"1945","06-10-19 21:00","Spain","LaLiga","2019/2020","Barcelona","Sevilla","1.46","4.86","7.10","1.01","20.00","1.15","5.75","1.43","2.89","2.23","1.73","3.58","1.31","1.58","2.38"
"1946","06-10-19 18:30","Spain","LaLiga","2019/2020","Real Sociedad","Getafe","2.15","3.17","3.98","1.09","8.00","1.41","3.00","2.37","1.62","4.46","1.22","9.20","1.07","1.98","1.83"
"1947","06-10-19 16:00","Spain","LaLiga","2019/2020","Valladolid","Atl. Madrid","6.55","3.70","1.64","1.10","7.60","1.45","2.85","2.38","1.61","4.36","1.23","9.30","1.07","2.22","1.66"
"1948","06-10-19 14:00","Spain","LaLiga","2019/2020","Celta Vigo","Ath Bilbao","2.40","3.06","3.46","1.11","7.00","1.48","2.75","2.57","1.53","4.80","1.20","9.90","1.06","2.04","1.78"
"1949","06-10-19 12:00","Spain","LaLiga","2019/2020","Mallorca","Espanyol","2.59","3.15","3.05","1.09","8.00","1.48","2.75","2.37","1.62","4.46","1.22","9.90","1.06","1.98","1.83"
"1950","05-10-19 21:00","Spain","LaLiga","2019/2020","Osasuna","Villarreal","2.65","3.36","2.80","1.05","11.50","1.26","3.98","1.88","2.03","3.20","1.37","6.05","1.14","1.70","2.16"
"1951","05-10-19 18:30","Spain","LaLiga","2019/2020","Valencia","Alaves","1.60","4.14","6.35","1.04","8.00","1.34","3.14","2.09","1.83","3.54","1.28","6.05","1.09","2.13","1.78"
"1952","05-10-19 16:00","Spain","LaLiga","2019/2020","Real Madrid","Granada CF","1.31","5.85","11.50","1.01","18.00","1.15","4.60","1.52","2.46","2.38","1.65","3.78","1.25","1.91","1.98"
"1953","05-10-19 13:00","Spain","LaLiga","2019/2020","Leganes","Levante","2.09","3.44","3.82","1.06","10.50","1.29","3.76","1.86","2.05","3.20","1.37","6.70","1.12","1.68","2.19"
"1954","04-10-19 21:00","Spain","LaLiga","2019/2020","Betis","Eibar","1.88","3.66","4.44","1.03","13.50","1.24","4.30","1.78","2.15","2.84","1.45","5.55","1.16","1.61","2.31"
"1955","29-09-19 21:00","Spain","LaLiga","2019/2020","Sevilla","Real Sociedad","1.95","3.64","4.08","1.05","11.50","1.26","4.02","1.86","2.05","3.01","1.41","6.05","1.14","1.73","2.11"
"1956","29-09-19 18:30","Spain","LaLiga","2019/2020","Levante","Osasuna","2.28","3.44","3.30","1.06","10.50","1.26","3.98","1.88","2.03","3.20","1.37","6.05","1.14","1.70","2.16"
"1957","29-09-19 16:00","Spain","LaLiga","2019/2020","Alaves","Mallorca","2.42","2.96","3.56","1.13","6.50","1.56","2.50","2.66","1.50","5.40","1.17","11.00","1.05","2.15","1.70"
"1958","29-09-19 14:00","Spain","LaLiga","2019/2020","Eibar","Celta Vigo","2.44","3.50","2.98","1.08","9.00","1.34","3.40","2.13","1.80","3.78","1.29","7.50","1.10","1.83","1.98"
"1959","29-09-19 12:00","Spain","LaLiga","2019/2020","Espanyol","Valladolid","2.04","3.26","4.26","1.08","8.60","1.42","2.96","2.29","1.70","4.12","1.25","9.30","1.07","1.96","1.84"
"1960","28-09-19 21:00","Spain","LaLiga","2019/2020","Atl. Madrid","Real Madrid","2.30","3.38","3.32","1.06","10.50","1.30","3.66","1.98","1.92","3.44","1.33","7.10","1.11","1.77","2.05"
"1961","28-09-19 18:30","Spain","LaLiga","2019/2020","Granada CF","Leganes","2.53","2.91","3.44","1.15","5.85","1.63","2.34","2.88","1.44","6.05","1.14","14.00","1.03","2.24","1.65"
"1962","28-09-19 16:00","Spain","LaLiga","2019/2020","Getafe","Barcelona","4.24","3.32","2.02","1.08","8.70","1.33","3.48","2.17","1.77","3.84","1.28","8.00","1.09","1.82","1.99"
"1963","28-09-19 13:00","Spain","LaLiga","2019/2020","Ath Bilbao","Valencia","2.02","3.32","4.24","1.10","7.60","1.42","2.99","2.28","1.66","4.36","1.23","9.30","1.07","1.94","1.86"
"1964","27-09-19 21:00","Spain","LaLiga","2019/2020","Villarreal","Betis","1.77","4.10","4.68","1.02","10.00","1.19","4.50","1.63","2.43","2.39","1.55","3.74","1.22","1.64","2.38"
"1965","26-09-19 21:00","Spain","LaLiga","2019/2020","Real Sociedad","Alaves","1.53","4.06","7.60","1.08","8.60","1.37","3.22","2.18","1.76","4.12","1.25","8.60","1.08","2.14","1.71"
"1966","26-09-19 20:00","Spain","LaLiga","2019/2020","Celta Vigo","Espanyol","1.81","3.62","4.92","1.06","9.70","1.30","3.70","1.96","1.94","3.52","1.32","7.10","1.11","1.82","1.99"
"1967","26-09-19 19:00","Spain","LaLiga","2019/2020","Eibar","Sevilla","3.50","3.40","2.21","1.05","10.50","1.30","3.70","1.96","1.94","3.52","1.32","7.10","1.11","1.69","2.17"
"1968","25-09-19 21:00","Spain","LaLiga","2019/2020","Real Madrid","Osasuna","1.37","5.15","9.10","1.01","20.00","1.17","5.35","1.49","2.69","2.30","1.65","3.84","1.28","1.66","2.23"
"1969","25-09-19 20:00","Spain","LaLiga","2019/2020","Valencia","Getafe","2.28","2.96","3.92","1.11","6.95","1.46","2.82","2.50","1.56","4.96","1.19","10.00","1.06","1.97","1.83"
"1970","25-09-19 19:00","Spain","LaLiga","2019/2020","Leganes","Ath Bilbao","3.11","2.95","2.70","1.17","5.35","1.71","2.26","3.20","1.37","7.10","1.11","14.00","1.03","2.39","1.58"
"1971","25-09-19 19:00","Spain","LaLiga","2019/2020","Mallorca","Atl. Madrid","6.25","3.70","1.66","1.06","9.60","1.33","3.44","2.09","1.83","3.84","1.28","8.00","1.09","1.94","1.87"
"1972","24-09-19 21:00","Spain","LaLiga","2019/2020","Barcelona","Villarreal","1.27","6.65","10.00","1.01","17.00","1.08","8.60","1.26","4.02","1.67","2.26","2.50","1.56","1.55","2.45"
"1973","24-09-19 20:00","Spain","LaLiga","2019/2020","Betis","Levante","1.75","3.90","4.90","1.02","16.00","1.17","5.35","1.54","2.55","2.30","1.65","4.12","1.25","1.57","2.40"
"1974","24-09-19 19:00","Spain","LaLiga","2019/2020","Valladolid","Granada CF","2.30","3.17","3.56","1.10","7.50","1.46","2.82","2.40","1.60","4.96","1.19","10.00","1.06","1.96","1.84"
"1975","22-09-19 21:00","Spain","LaLiga","2019/2020","Sevilla","Real Madrid","2.70","3.82","2.50","1.01","20.00","1.14","5.95","1.45","2.85","2.17","1.77","3.84","1.28","1.41","2.93"
"1976","22-09-19 18:30","Spain","LaLiga","2019/2020","Ath Bilbao","Alaves","1.66","3.66","6.40","1.11","7.00","1.53","2.58","2.63","1.51","5.55","1.16","11.00","1.05","2.46","1.55"
"1977","22-09-19 16:00","Spain","LaLiga","2019/2020","Valencia","Leganes","1.61","3.84","6.65","1.08","8.60","1.37","3.22","2.18","1.76","3.84","1.28","8.00","1.09","2.08","1.75"
"1978","22-09-19 14:00","Spain","LaLiga","2019/2020","Espanyol","Real Sociedad","3.08","3.32","2.46","1.08","8.60","1.37","3.22","2.29","1.70","4.12","1.25","8.60","1.08","1.88","1.92"
"1979","22-09-19 12:00","Spain","LaLiga","2019/2020","Getafe","Mallorca","1.79","3.38","5.60","1.13","6.50","1.51","2.63","2.57","1.53","5.40","1.17","11.00","1.05","2.31","1.61"
"1980","21-09-19 21:00","Spain","LaLiga","2019/2020","Granada CF","Barcelona","7.90","4.82","1.43","1.02","16.00","1.19","4.88","1.61","2.39","2.47","1.57","4.36","1.23","1.71","2.13"
"1981","21-09-19 18:30","Spain","LaLiga","2019/2020","Atl. Madrid","Celta Vigo","1.50","4.08","8.40","1.06","10.50","1.26","3.98","1.88","2.03","3.06","1.40","6.05","1.14","1.88","1.92"
"1982","21-09-19 16:00","Spain","LaLiga","2019/2020","Levante","Eibar","2.29","3.54","3.30","1.03","9.30","1.22","4.10","1.74","2.22","2.60","1.47","4.32","1.17","1.63","2.40"
"1983","21-09-19 13:00","Spain","LaLiga","2019/2020","Villarreal","Valladolid","1.59","4.08","6.30","1.04","12.00","1.23","4.44","1.69","2.22","2.77","1.47","5.30","1.17","1.75","2.08"
"1984","20-09-19 21:00","Spain","LaLiga","2019/2020","Osasuna","Betis","2.42","3.46","3.05","1.05","11.50","1.25","4.20","1.90","2.01","3.10","1.39","6.05","1.14","1.67","2.20"
"1985","15-09-19 21:00","Spain","LaLiga","2019/2020","Betis","Getafe","2.07","3.46","3.84","1.06","9.70","1.33","3.48","2.06","1.85","3.52","1.32","8.00","1.09","1.74","2.09"
"1986","15-09-19 18:30","Spain","LaLiga","2019/2020","Valladolid","Osasuna","2.11","3.19","4.10","1.10","7.60","1.42","2.99","2.28","1.66","4.36","1.23","9.30","1.07","1.87","1.94"
"1987","15-09-19 16:00","Spain","LaLiga","2019/2020","Celta Vigo","Granada CF","1.75","3.90","4.88","1.05","11.00","1.29","3.74","1.99","1.91","3.24","1.37","6.50","1.13","1.83","1.98"
"1988","15-09-19 14:00","Spain","LaLiga","2019/2020","Alaves","Sevilla","4.52","3.32","1.96","1.10","7.80","1.43","2.95","2.32","1.64","4.24","1.24","9.30","1.07","2.04","1.78"
"1989","15-09-19 12:00","Spain","LaLiga","2019/2020","Eibar","Espanyol","1.95","3.38","4.44","1.06","10.00","1.31","3.56","2.03","1.88","3.44","1.33","7.50","1.10","1.81","2.00"
"1990","14-09-19 21:00","Spain","LaLiga","2019/2020","Barcelona","Valencia","1.53","4.30","6.90","1.04","12.00","1.25","4.20","1.79","2.14","3.10","1.39","5.80","1.15","1.72","2.12"
"1991","14-09-19 18:30","Spain","LaLiga","2019/2020","Real Sociedad","Atl. Madrid","3.72","3.10","2.31","1.08","6.10","1.49","2.54","2.54","1.58","4.54","1.18","8.00","1.05","2.10","1.81"
"1992","14-09-19 16:00","Spain","LaLiga","2019/2020","Leganes","Villarreal","2.53","3.14","3.14","1.09","8.00","1.41","3.00","2.37","1.62","4.46","1.22","9.20","1.07","1.98","1.83"
"1993","14-09-19 13:00","Spain","LaLiga","2019/2020","Real Madrid","Levante","1.27","6.65","10.00","1.02","15.00","1.09","8.00","1.26","4.00","1.77","2.10","2.57","1.53","1.49","2.63"
"1994","13-09-19 21:00","Spain","LaLiga","2019/2020","Mallorca","Ath Bilbao","3.54","3.14","2.33","1.11","6.95","1.49","2.69","2.50","1.56","4.96","1.19","10.00","1.06","1.99","1.82"
"1995","01-09-19 21:00","Spain","LaLiga","2019/2020","Villarreal","Real Madrid","4.26","4.08","1.81","","","1.13","6.30","1.38","3.16","2.03","1.88","3.26","1.36","1.40","2.95"
"1996","01-09-19 19:00","Spain","LaLiga","2019/2020","Atl. Madrid","Eibar","1.38","4.32","12.50","1.08","8.60","1.30","3.66","1.98","1.92","3.52","1.32","7.10","1.11","2.23","1.65"
"1997","01-09-19 19:00","Spain","LaLiga","2019/2020","Espanyol","Granada CF","1.94","3.38","4.54","1.08","8.60","1.42","2.96","2.29","1.70","4.12","1.25","8.60","1.08","1.96","1.84"
"1998","01-09-19 17:00","Spain","LaLiga","2019/2020","Valencia","Mallorca","1.42","4.72","8.80","1.07","9.40","1.30","3.68","1.90","2.01","3.26","1.36","6.05","1.14","2.04","1.78"
"1999","31-08-19 21:00","Spain","LaLiga","2019/2020","Betis","Leganes","2.10","3.20","4.12","1.08","8.60","1.37","3.22","2.29","1.70","4.12","1.25","8.60","1.08","1.88","1.92"
"2000","31-08-19 19:00","Spain","LaLiga","2019/2020","Getafe","Alaves","1.84","3.32","5.35","1.16","5.50","1.75","2.20","3.24","1.37","7.00","1.11","14.00","1.03","2.68","1.47"
"2001","31-08-19 19:00","Spain","LaLiga","2019/2020","Levante","Valladolid","2.03","3.56","3.86","1.05","11.00","1.29","3.74","1.99","1.91","3.24","1.37","6.50","1.13","1.78","2.04"
"2002","31-08-19 17:00","Spain","LaLiga","2019/2020","Osasuna","Barcelona","8.10","4.38","1.47","1.05","11.00","1.29","3.74","1.99","1.91","3.42","1.33","6.50","1.13","2.04","1.78"
"2003","30-08-19 22:00","Spain","LaLiga","2019/2020","Ath Bilbao","Real Sociedad","2.34","3.08","3.58","1.11","6.95","1.49","2.69","2.50","1.56","4.96","1.19","10.00","1.06","2.00","1.81"
"2004","30-08-19 20:00","Spain","LaLiga","2019/2020","Sevilla","Celta Vigo","1.62","4.10","5.90","1.03","13.00","1.23","4.32","1.82","2.10","2.86","1.45","5.40","1.17","1.78","2.04"
"2005","25-08-19 21:00","Spain","LaLiga","2019/2020","Barcelona","Betis","1.37","5.25","8.80","1.02","15.00","1.21","4.74","1.59","2.42","2.55","1.54","4.50","1.22","1.75","2.08"
"2006","25-08-19 19:00","Spain","LaLiga","2019/2020","Leganes","Atl. Madrid","5.90","3.17","1.83","1.15","5.75","1.63","2.32","3.10","1.39","6.70","1.12","14.00","1.03","2.55","1.51"
"2007","25-08-19 17:00","Spain","LaLiga","2019/2020","Alaves","Espanyol","2.66","3.17","2.94","1.11","6.95","1.54","2.55","2.66","1.50","5.55","1.16","11.00","1.05","2.17","1.69"
"2008","25-08-19 17:00","Spain","LaLiga","2019/2020","Mallorca","Real Sociedad","3.16","3.30","2.42","1.08","9.00","1.37","3.20","2.35","1.66","4.12","1.25","8.40","1.08","1.90","1.90"
"2009","24-08-19 21:00","Spain","LaLiga","2019/2020","Celta Vigo","Valencia","3.58","3.50","2.15","1.05","11.50","1.26","4.08","1.84","2.08","3.01","1.41","6.05","1.14","1.68","2.18"
"2010","24-08-19 21:00","Spain","LaLiga","2019/2020","Getafe","Ath Bilbao","2.54","2.95","3.34","1.14","5.95","1.61","2.39","2.84","1.45","6.05","1.14","12.00","1.04","2.22","1.66"
"2011","24-08-19 19:00","Spain","LaLiga","2019/2020","Real Madrid","Valladolid","1.22","7.40","12.50","","","1.14","5.95","1.36","3.26","1.96","1.94","3.01","1.41","1.83","1.98"
"2012","24-08-19 17:00","Spain","LaLiga","2019/2020","Osasuna","Eibar","2.76","3.26","2.76","1.09","8.00","1.48","2.75","2.37","1.62","4.46","1.22","9.20","1.07","1.98","1.83"
"2013","23-08-19 22:00","Spain","LaLiga","2019/2020","Levante","Villarreal","2.54","3.66","2.75","1.03","15.00","1.22","4.50","1.65","2.30","2.57","1.53","4.80","1.20","1.52","2.53"
"2014","23-08-19 20:00","Spain","LaLiga","2019/2020","Granada CF","Sevilla","3.88","3.68","1.99","1.08","9.00","1.34","3.40","2.13","1.80","3.66","1.30","7.00","1.11","1.83","1.98"
"2015","18-08-19 22:00","Spain","LaLiga","2019/2020","Atl. Madrid","Getafe","1.49","4.04","8.90","1.10","7.50","1.42","2.96","2.30","1.65","4.50","1.22","9.30","1.07","2.34","1.60"
"2016","18-08-19 21:00","Spain","LaLiga","2019/2020","Betis","Valladolid","1.75","3.64","5.35","1.06","10.50","1.30","3.66","1.98","1.92","3.44","1.33","6.70","1.12","1.77","2.04"
"2017","18-08-19 19:00","Spain","LaLiga","2019/2020","Espanyol","Sevilla","3.38","3.44","2.25","1.05","11.50","1.26","4.02","1.86","2.05","3.20","1.37","6.05","1.14","1.62","2.30"
"2018","18-08-19 17:00","Spain","LaLiga","2019/2020","Alaves","Levante","2.17","3.42","3.58","1.06","9.60","1.33","3.44","2.09","1.83","3.52","1.32","7.10","1.11","1.69","2.17"
"2019","17-08-19 21:00","Spain","LaLiga","2019/2020","Leganes","Osasuna","1.94","3.15","5.05","1.13","6.45","1.54","2.55","2.66","1.50","5.55","1.16","11.00","1.05","2.34","1.60"
"2020","17-08-19 21:00","Spain","LaLiga","2019/2020","Villarreal","Granada CF","1.54","4.08","7.30","1.04","12.00","1.25","4.12","1.82","2.10","2.97","1.42","6.05","1.14","1.89","1.91"
"2021","17-08-19 20:00","Spain","LaLiga","2019/2020","Mallorca","Eibar","2.94","3.26","2.60","1.09","8.00","1.41","3.00","2.35","1.66","4.12","1.25","8.40","1.08","1.90","1.90"
"2022","17-08-19 19:00","Spain","LaLiga","2019/2020","Valencia","Real Sociedad","1.65","3.80","6.20","1.06","10.00","1.29","3.78","1.92","1.98","3.32","1.35","6.35","1.13","1.88","1.92"
"2023","17-08-19 17:00","Spain","LaLiga","2019/2020","Celta Vigo","Real Madrid","6.00","4.32","1.58","1.01","20.00","1.14","6.00","1.44","2.88","2.14","1.79","3.44","1.33","1.52","2.54"
"2024","16-08-19 21:00","Spain","LaLiga","2019/2020","Ath Bilbao","Barcelona","5.80","3.90","1.66","1.05","11.50","1.22","4.56","1.81","2.11","2.92","1.43","5.55","1.16","1.71","2.14"
"2027","19-05-19 16:15","Spain","LaLiga","2018/2019","Eibar","Barcelona","5.40","4.18","1.65","","","1.13","6.45","1.42","2.96","2.09","1.83","3.44","1.33","1.45","2.76"
"2028","19-05-19 12:00","Spain","LaLiga","2018/2019","Real Madrid","Betis","1.32","6.20","8.90","1.01","21.00","1.08","9.00","1.26","4.00","1.70","2.20","2.47","1.57","1.44","2.81"
"2029","18-05-19 20:45","Spain","LaLiga","2018/2019","Alaves","Girona","2.03","3.58","3.86","1.05","11.50","1.26","4.02","1.86","2.05","3.01","1.41","6.05","1.14","1.73","2.11"
"2030","18-05-19 20:45","Spain","LaLiga","2018/2019","Celta Vigo","Rayo Vallecano","1.31","5.90","10.00","","","1.11","7.00","1.33","3.48","1.84","2.08","3.01","1.41","1.54","2.47"
"2406","18-05-19 20:45","Spain","LaLiga","2018/2019","Huesca","Leganes","2.87","3.70","2.43","1.05","11.50","1.23","4.34","1.77","2.17","2.84","1.45","5.55","1.16","1.65","2.23"
"2031","18-05-19 16:15","Spain","LaLiga","2018/2019","Espanyol","Real Sociedad","1.90","3.84","4.10","1.02","16.00","1.20","4.84","1.62","2.37","2.50","1.56","4.50","1.22","1.57","2.40"
"2032","18-05-19 16:15","Spain","LaLiga","2018/2019","Getafe","Villarreal","1.54","4.38","6.50","1.03","13.50","1.21","4.66","1.62","2.37","2.66","1.50","4.96","1.19","1.73","2.11"
"2033","18-05-19 16:15","Spain","LaLiga","2018/2019","Sevilla","Ath Bilbao","2.13","3.34","3.80","1.05","10.50","1.32","3.50","1.99","1.91","3.42","1.33","7.00","1.11","1.78","2.04"
"2034","18-05-19 16:15","Spain","LaLiga","2018/2019","Valladolid","Valencia","7.60","5.05","1.42","1.03","15.00","1.22","4.50","1.65","2.30","2.57","1.53","4.46","1.22","1.83","1.98"
"2035","18-05-19 13:00","Spain","LaLiga","2018/2019","Levante","Atl. Madrid","4.70","4.10","1.74","1.01","19.00","1.18","5.10","1.50","2.68","2.22","1.69","4.02","1.26","1.45","2.76"
"2036","12-05-19 18:30","Spain","LaLiga","2018/2019","Ath Bilbao","Celta Vigo","1.90","3.56","4.46","1.06","9.60","1.30","3.66","2.09","1.83","3.52","1.32","7.10","1.11","1.74","2.09"
"2037","12-05-19 18:30","Spain","LaLiga","2018/2019","Atl. Madrid","Sevilla","1.87","3.78","4.28","1.05","11.50","1.24","4.30","1.78","2.15","3.01","1.41","5.55","1.16","1.64","2.26"
"2038","12-05-19 18:30","Spain","LaLiga","2018/2019","Barcelona","Getafe","1.46","4.46","8.40","1.02","16.00","1.17","5.35","1.54","2.55","2.30","1.65","4.12","1.25","1.64","2.26"
"2039","12-05-19 18:30","Spain","LaLiga","2018/2019","Betis","Huesca","1.48","4.82","6.75","1.01","20.00","1.17","5.35","1.49","2.69","2.29","1.70","3.84","1.28","1.57","2.41"
"2040","12-05-19 18:30","Spain","LaLiga","2018/2019","Girona","Levante","2.03","3.78","3.64","1.02","15.00","1.21","4.60","1.63","2.34","2.70","1.49","5.10","1.18","1.51","2.57"
"2041","12-05-19 18:30","Spain","LaLiga","2018/2019","Leganes","Espanyol","2.21","3.58","3.34","1.06","9.50","1.34","3.40","2.10","1.82","3.92","1.27","8.00","1.09","1.74","2.09"
"2042","12-05-19 18:30","Spain","LaLiga","2018/2019","Rayo Vallecano","Valladolid","4.48","3.92","1.81","1.03","13.50","1.21","4.66","1.67","2.26","2.66","1.50","4.96","1.19","1.58","2.39"
"2043","12-05-19 18:30","Spain","LaLiga","2018/2019","Real Sociedad","Real Madrid","3.13","3.82","2.25","","","1.14","5.90","1.42","2.96","2.11","1.83","3.44","1.33","1.36","3.14"
"2044","12-05-19 18:30","Spain","LaLiga","2018/2019","Valencia","Alaves","1.30","5.85","11.00","1.02","16.00","1.20","4.84","1.54","2.55","2.30","1.65","4.12","1.25","1.88","1.92"
"2045","12-05-19 18:30","Spain","LaLiga","2018/2019","Villarreal","Eibar","1.53","4.60","6.15","","","1.14","5.90","1.42","2.96","2.09","1.83","3.52","1.32","1.48","2.66"
"2046","05-05-19 20:45","Spain","LaLiga","2018/2019","Huesca","Valencia","4.96","3.80","1.73","1.03","13.50","1.21","4.74","1.63","2.32","2.55","1.54","4.50","1.22","1.58","2.38"
"2047","05-05-19 18:30","Spain","LaLiga","2018/2019","Valladolid","Ath Bilbao","2.93","3.13","2.63","1.10","7.50","1.46","2.82","2.40","1.60","4.50","1.22","10.00","1.06","1.94","1.86"
"2048","05-05-19 16:15","Spain","LaLiga","2018/2019","Real Madrid","Villarreal","1.70","4.06","4.80","1.01","22.00","1.15","5.85","1.43","2.93","2.10","1.82","3.58","1.31","1.41","2.91"
"2049","05-05-19 14:00","Spain","LaLiga","2018/2019","Eibar","Betis","1.97","3.64","3.84","1.02","15.00","1.20","4.78","1.58","2.45","2.42","1.59","4.50","1.22","1.53","2.50"
"2050","05-05-19 12:00","Spain","LaLiga","2018/2019","Getafe","Girona","1.80","3.42","5.15","1.08","8.50","1.38","3.19","2.30","1.69","4.24","1.24","8.60","1.08","1.97","1.83"
"2051","04-05-19 20:45","Spain","LaLiga","2018/2019","Celta Vigo","Barcelona","1.80","4.06","4.16","1.02","18.00","1.20","4.78","1.58","2.45","2.52","1.55","4.50","1.22","1.56","2.43"
"2052","04-05-19 18:30","Spain","LaLiga","2018/2019","Alaves","Real Sociedad","2.64","3.26","2.81","1.08","8.50","1.38","3.19","2.20","1.75","3.92","1.27","8.00","1.09","1.84","1.96"
"2053","04-05-19 16:15","Spain","LaLiga","2018/2019","Espanyol","Atl. Madrid","4.72","3.34","1.88","1.06","9.50","1.30","3.62","2.10","1.82","3.58","1.31","7.10","1.11","1.84","1.96"
"2054","04-05-19 13:00","Spain","LaLiga","2018/2019","Levante","Rayo Vallecano","1.74","4.06","4.50","1.01","20.00","1.15","5.85","1.46","2.79","2.20","1.75","3.58","1.31","1.44","2.81"
"2055","03-05-19 21:00","Spain","LaLiga","2018/2019","Sevilla","Leganes","1.38","5.00","8.50","1.03","13.50","1.25","4.20","1.70","2.21","2.73","1.48","5.10","1.18","1.88","1.92"
"2056","29-04-19 21:00","Spain","LaLiga","2018/2019","Betis","Espanyol","1.90","4.06","3.70","1.03","14.00","1.23","4.34","1.77","2.17","2.84","1.45","5.55","1.16","1.69","2.17"
"2057","28-04-19 20:45","Spain","LaLiga","2018/2019","Rayo Vallecano","Real Madrid","7.50","4.84","1.42","","","1.13","6.50","1.36","3.26","1.96","1.94","3.15","1.38","1.46","2.72"
"2058","28-04-19 18:30","Spain","LaLiga","2018/2019","Villarreal","Huesca","1.57","4.02","6.35","1.02","16.00","1.17","5.40","1.53","2.58","2.28","1.66","4.12","1.25","1.52","2.54"
"2059","28-04-19 16:15","Spain","LaLiga","2018/2019","Real Sociedad","Getafe","3.12","2.90","2.66","1.13","6.45","1.49","2.69","2.50","1.56","4.96","1.19","10.00","1.06","2.02","1.79"
"2060","28-04-19 14:00","Spain","LaLiga","2018/2019","Girona","Sevilla","4.24","3.72","1.86","1.02","16.00","1.20","4.84","1.62","2.37","2.50","1.56","4.50","1.22","1.51","2.57"
"2061","28-04-19 12:00","Spain","LaLiga","2018/2019","Valencia","Eibar","1.43","4.52","8.30","1.03","13.50","1.21","4.66","1.62","2.37","2.50","1.56","4.50","1.22","1.69","2.17"
"2062","27-04-19 20:45","Spain","LaLiga","2018/2019","Barcelona","Levante","1.18","8.00","14.00","1.01","21.00","1.09","8.40","1.27","3.94","1.70","2.21","2.55","1.54","1.71","2.14"
"2063","27-04-19 18:30","Spain","LaLiga","2018/2019","Leganes","Celta Vigo","2.37","3.20","3.24","1.08","8.60","1.37","3.22","2.18","1.76","4.12","1.25","8.60","1.08","1.91","1.89"
"2064","27-04-19 16:15","Spain","LaLiga","2018/2019","Atl. Madrid","Valladolid","1.36","4.34","13.00","1.06","10.50","1.29","3.76","1.86","2.05","3.20","1.37","6.05","1.14","2.10","1.73"
"2065","27-04-19 13:00","Spain","LaLiga","2018/2019","Ath Bilbao","Alaves","1.51","4.22","7.00","1.08","9.00","1.37","3.20","2.24","1.73","3.78","1.29","7.50","1.10","2.24","1.65"
"2066","25-04-19 21:30","Spain","LaLiga","2018/2019","Getafe","Real Madrid","3.98","3.72","1.91","1.03","13.50","1.21","4.66","1.67","2.26","2.66","1.50","4.96","1.19","1.57","2.41"
"2067","25-04-19 20:30","Spain","LaLiga","2018/2019","Real Sociedad","Villarreal","2.83","3.42","2.52","1.03","13.50","1.24","4.30","1.78","2.15","2.84","1.45","5.55","1.16","1.59","2.36"
"2068","25-04-19 19:30","Spain","LaLiga","2018/2019","Sevilla","Rayo Vallecano","1.24","6.65","11.00","","","1.11","6.95","1.33","3.44","1.86","2.05","2.84","1.45","1.68","2.19"
"2069","24-04-19 21:30","Spain","LaLiga","2018/2019","Levante","Betis","2.64","3.66","2.56","1.01","18.00","1.17","5.40","1.53","2.58","2.28","1.66","4.12","1.25","1.48","2.64"
"2070","24-04-19 20:30","Spain","LaLiga","2018/2019","Espanyol","Celta Vigo","2.20","3.62","3.20","1.03","13.50","1.21","4.66","1.67","2.26","2.66","1.50","4.96","1.19","1.52","2.52"
"2071","24-04-19 20:30","Spain","LaLiga","2018/2019","Leganes","Ath Bilbao","3.34","2.92","2.50","1.14","5.90","1.62","2.37","3.01","1.41","6.05","1.14","14.00","1.03","2.34","1.60"
"2072","24-04-19 19:30","Spain","LaLiga","2018/2019","Atl. Madrid","Valencia","1.80","3.34","5.30","1.08","8.60","1.37","3.22","2.29","1.70","4.12","1.25","8.60","1.08","1.89","1.91"
"2073","23-04-19 21:30","Spain","LaLiga","2018/2019","Alaves","Barcelona","7.30","4.82","1.43","1.02","16.00","1.19","4.88","1.56","2.50","2.47","1.57","4.36","1.23","1.76","2.06"
"2074","23-04-19 20:30","Spain","LaLiga","2018/2019","Valladolid","Girona","2.32","3.28","3.28","1.06","9.70","1.33","3.48","2.06","1.85","3.84","1.28","8.00","1.09","1.83","1.98"
"2075","23-04-19 19:30","Spain","LaLiga","2018/2019","Huesca","Eibar","2.18","3.64","3.24","1.03","14.00","1.21","4.70","1.66","2.28","2.63","1.51","4.96","1.19","1.57","2.40"
"2076","21-04-19 20:45","Spain","LaLiga","2018/2019","Betis","Valencia","3.60","3.52","2.08","1.05","11.50","1.24","4.30","1.78","2.15","2.84","1.45","5.55","1.16","1.58","2.39"
"2077","21-04-19 18:30","Spain","LaLiga","2018/2019","Villarreal","Leganes","1.73","3.48","5.65","1.06","9.50","1.30","3.62","2.10","1.82","3.58","1.31","7.10","1.11","1.82","1.99"
"2078","21-04-19 16:15","Spain","LaLiga","2018/2019","Real Madrid","Ath Bilbao","1.51","4.26","6.80","1.02","18.00","1.17","5.35","1.54","2.55","2.30","1.65","4.12","1.25","1.53","2.50"
"2079","21-04-19 14:00","Spain","LaLiga","2018/2019","Getafe","Sevilla","3.30","3.30","2.29","1.06","9.70","1.33","3.48","2.17","1.77","3.84","1.28","8.00","1.09","1.74","2.09"
"2080","21-04-19 12:00","Spain","LaLiga","2018/2019","Levante","Espanyol","2.27","3.54","3.13","1.03","15.00","1.23","4.32","1.82","2.10","2.86","1.45","5.40","1.17","1.61","2.31"
"2081","20-04-19 20:45","Spain","LaLiga","2018/2019","Barcelona","Real Sociedad","1.17","8.00","16.00","1.01","28.00","1.10","7.60","1.29","3.80","1.72","2.17","2.63","1.51","1.69","2.17"
"2082","20-04-19 18:30","Spain","LaLiga","2018/2019","Rayo Vallecano","Huesca","1.94","3.78","3.80","1.02","18.00","1.17","5.35","1.54","2.55","2.30","1.65","4.12","1.25","1.53","2.51"
"2083","20-04-19 16:15","Spain","LaLiga","2018/2019","Eibar","Atl. Madrid","4.50","3.30","1.93","1.08","8.60","1.37","3.22","2.29","1.70","4.12","1.25","8.60","1.08","1.85","1.95"
"2084","20-04-19 13:00","Spain","LaLiga","2018/2019","Celta Vigo","Girona","2.01","3.70","3.92","1.02","14.50","1.20","4.32","1.76","2.19","2.78","1.42","5.05","1.13","1.62","2.43"
"2085","19-04-19 21:00","Spain","LaLiga","2018/2019","Alaves","Valladolid","2.40","3.13","3.28","1.10","7.60","1.42","2.99","2.38","1.61","4.36","1.23","9.30","1.07","1.96","1.85"
"2086","15-04-19 21:00","Spain","LaLiga","2018/2019","Leganes","Real Madrid","5.30","4.02","1.65","1.03","14.00","1.23","4.34","1.77","2.17","3.01","1.41","5.55","1.16","1.67","2.20"
"2087","14-04-19 20:45","Spain","LaLiga","2018/2019","Valencia","Levante","1.46","4.46","7.60","1.02","18.00","1.17","5.30","1.54","2.53","2.32","1.64","4.24","1.24","1.65","2.24"
"2088","14-04-19 18:30","Spain","LaLiga","2018/2019","Girona","Villarreal","2.72","3.50","2.71","1.01","14.00","1.21","4.20","1.78","2.19","2.78","1.42","5.00","1.13","1.56","2.57"
"2089","14-04-19 16:15","Spain","LaLiga","2018/2019","Real Sociedad","Eibar","2.46","3.30","3.01","1.06","10.00","1.32","3.50","2.13","1.80","3.66","1.30","7.00","1.11","1.64","2.26"
"2090","14-04-19 14:00","Spain","LaLiga","2018/2019","Ath Bilbao","Rayo Vallecano","1.59","3.78","6.75","1.06","10.00","1.32","3.50","1.99","1.91","3.42","1.33","7.00","1.11","1.98","1.83"
"2091","14-04-19 12:00","Spain","LaLiga","2018/2019","Valladolid","Getafe","3.42","2.95","2.43","1.11","7.00","1.45","2.85","2.47","1.57","4.96","1.19","10.00","1.06","2.01","1.80"
"2092","13-04-19 20:45","Spain","LaLiga","2018/2019","Sevilla","Betis","1.53","4.38","6.20","1.02","18.00","1.17","5.35","1.54","2.55","2.30","1.65","4.12","1.25","1.57","2.41"
"2093","13-04-19 18:30","Spain","LaLiga","2018/2019","Atl. Madrid","Celta Vigo","1.48","4.02","8.40","1.06","10.50","1.26","4.02","1.86","2.05","3.20","1.37","6.05","1.14","1.91","1.89"
"2094","13-04-19 16:15","Spain","LaLiga","2018/2019","Huesca","Barcelona","3.26","3.44","2.25","1.03","13.50","1.21","4.66","1.67","2.26","2.66","1.50","4.96","1.19","1.56","2.43"
"2095","13-04-19 13:00","Spain","LaLiga","2018/2019","Espanyol","Alaves","1.82","3.64","4.60","1.08","9.00","1.34","3.40","2.24","1.73","3.78","1.29","7.50","1.10","1.98","1.83"
"2096","07-04-19 20:45","Spain","LaLiga","2018/2019","Betis","Villarreal","2.11","3.56","3.48","1.03","13.00","1.23","4.32","1.82","2.10","2.86","1.45","5.40","1.17","1.56","2.43"
"2097","07-04-19 18:30","Spain","LaLiga","2018/2019","Celta Vigo","Real Sociedad","2.42","3.22","3.13","1.04","12.00","1.23","4.44","1.69","2.22","2.77","1.47","5.30","1.17","1.59","2.36"
"2098","07-04-19 18:30","Spain","LaLiga","2018/2019","Levante","Huesca","1.76","4.02","4.46","1.01","19.00","1.16","5.50","1.51","2.63","2.26","1.66","3.78","1.29","1.52","2.53"
"2099","07-04-19 16:15","Spain","LaLiga","2018/2019","Valladolid","Sevilla","4.48","3.64","1.84","1.03","13.00","1.26","4.00","1.90","2.00","3.24","1.37","5.95","1.14","1.74","2.10"
"2100","07-04-19 14:00","Spain","LaLiga","2018/2019","Getafe","Ath Bilbao","2.46","3.01","3.30","1.13","6.50","1.56","2.50","2.84","1.45","5.55","1.16","11.00","1.05","2.14","1.71"
"2101","07-04-19 12:00","Spain","LaLiga","2018/2019","Alaves","Leganes","2.45","3.06","3.26","1.11","7.00","1.53","2.58","2.63","1.51","5.55","1.16","11.00","1.05","2.16","1.69"
"2102","06-04-19 20:45","Spain","LaLiga","2018/2019","Barcelona","Atl. Madrid","1.69","3.64","5.60","1.05","11.50","1.23","4.34","1.77","2.17","2.84","1.45","5.55","1.16","1.67","2.21"
"2103","06-04-19 18:30","Spain","LaLiga","2018/2019","Rayo Vallecano","Valencia","4.18","3.76","1.86","1.03","14.00","1.23","4.34","1.66","2.28","2.63","1.51","4.96","1.19","1.65","2.23"
"2104","06-04-19 16:15","Spain","LaLiga","2018/2019","Real Madrid","Eibar","1.38","5.25","7.80","","","1.10","7.20","1.32","3.54","1.91","1.99","2.92","1.43","1.50","2.59"
"2105","06-04-19 13:00","Spain","LaLiga","2018/2019","Girona","Espanyol","2.42","3.13","3.22","1.06","9.50","1.30","3.62","2.10","1.82","3.58","1.31","7.10","1.11","1.70","2.15"
"2106","04-04-19 21:30","Spain","LaLiga","2018/2019","Real Sociedad","Betis","2.22","3.42","3.32","1.06","10.50","1.30","3.72","1.88","2.03","3.20","1.37","6.05","1.14","1.67","2.21"
"2107","04-04-19 20:30","Spain","LaLiga","2018/2019","Leganes","Valladolid","2.03","3.05","4.50","1.11","6.90","1.50","2.66","2.52","1.55","5.10","1.18","10.00","1.06","2.10","1.73"
"2108","04-04-19 19:30","Spain","LaLiga","2018/2019","Sevilla","Alaves","1.35","5.05","9.60","1.02","16.00","1.20","4.84","1.57","2.47","2.50","1.56","4.50","1.22","1.79","2.02"
"2109","03-04-19 21:30","Spain","LaLiga","2018/2019","Valencia","Real Madrid","3.15","3.64","2.22","1.02","18.00","1.17","5.35","1.54","2.55","2.21","1.70","4.12","1.25","1.41","2.91"
"2110","03-04-19 20:30","Spain","LaLiga","2018/2019","Eibar","Rayo Vallecano","1.82","3.90","4.66","1.03","11.00","1.18","4.54","1.71","2.30","2.64","1.46","4.64","1.14","1.62","2.43"
"2111","03-04-19 20:30","Spain","LaLiga","2018/2019","Huesca","Celta Vigo","2.54","3.44","2.79","1.05","11.00","1.29","3.74","1.99","1.91","3.42","1.33","6.50","1.13","1.74","2.10"
"2112","03-04-19 19:30","Spain","LaLiga","2018/2019","Ath Bilbao","Levante","1.46","4.40","7.70","1.05","11.50","1.24","4.30","1.78","2.15","2.84","1.45","5.55","1.16","1.77","2.04"
"2113","02-04-19 21:30","Spain","LaLiga","2018/2019","Villarreal","Barcelona","4.22","3.78","1.85","1.03","13.00","1.23","4.32","1.70","2.20","2.66","1.50","5.40","1.17","1.65","2.24"
"2114","02-04-19 20:30","Spain","LaLiga","2018/2019","Espanyol","Getafe","2.27","3.13","3.54","1.10","7.60","1.45","2.85","2.47","1.57","4.96","1.19","10.00","1.06","1.99","1.82"
"2115","02-04-19 19:30","Spain","LaLiga","2018/2019","Atl. Madrid","Girona","1.36","5.05","9.10","1.05","10.50","1.30","3.70","1.96","1.94","3.38","1.34","6.35","1.13","2.22","1.66"
"2116","31-03-19 20:45","Spain","LaLiga","2018/2019","Real Madrid","Huesca","1.17","8.00","15.00","1.01","21.00","1.09","8.40","1.25","4.20","1.63","2.32","2.36","1.62","1.62","2.30"
"2117","31-03-19 18:30","Spain","LaLiga","2018/2019","Valladolid","Real Sociedad","2.51","3.13","3.08","1.08","8.60","1.37","3.22","2.29","1.70","4.12","1.25","8.60","1.08","1.91","1.89"
"2118","31-03-19 16:15","Spain","LaLiga","2018/2019","Sevilla","Valencia","2.47","3.56","2.81","1.03","13.50","1.25","4.20","1.81","2.11","2.92","1.43","5.55","1.16","1.67","2.20"
"2119","31-03-19 14:00","Spain","LaLiga","2018/2019","Rayo Vallecano","Betis","3.04","3.64","2.28","1.03","13.00","1.26","4.00","1.90","2.00","3.06","1.40","5.95","1.14","1.54","2.47"
"2120","31-03-19 12:00","Spain","LaLiga","2018/2019","Levante","Eibar","2.50","3.60","2.75","1.03","15.00","1.22","4.50","1.70","2.20","2.66","1.50","5.40","1.17","1.61","2.31"
"2121","30-03-19 20:45","Spain","LaLiga","2018/2019","Alaves","Atl. Madrid","6.65","3.60","1.63","1.10","7.50","1.46","2.82","2.40","1.60","4.96","1.19","10.00","1.06","2.23","1.65"
"2122","30-03-19 18:30","Spain","LaLiga","2018/2019","Celta Vigo","Villarreal","2.53","3.42","2.82","1.05","11.50","1.24","4.30","1.78","2.15","2.84","1.45","5.55","1.16","1.66","2.23"
"2123","30-03-19 16:15","Spain","LaLiga","2018/2019","Barcelona","Espanyol","1.17","8.00","15.00","1.01","17.00","1.11","7.00","1.29","3.74","1.82","2.10","2.66","1.50","1.83","1.98"
"2124","30-03-19 13:00","Spain","LaLiga","2018/2019","Getafe","Leganes","1.85","3.11","5.55","1.14","5.90","1.57","2.47","2.84","1.45","6.05","1.14","11.00","1.05","2.37","1.59"
"2125","29-03-19 21:00","Spain","LaLiga","2018/2019","Girona","Ath Bilbao","2.93","2.96","2.76","1.11","7.00","1.48","2.75","2.47","1.57","4.46","1.22","9.20","1.07","1.98","1.83"
"2126","17-03-19 20:45","Spain","LaLiga","2018/2019","Betis","Barcelona","6.70","4.64","1.47","1.01","22.00","1.15","5.75","1.43","2.89","2.23","1.73","3.58","1.31","1.56","2.43"
"2127","17-03-19 18:30","Spain","LaLiga","2018/2019","Valencia","Getafe","1.90","3.40","4.50","1.09","8.00","1.41","3.00","2.35","1.66","4.12","1.25","9.20","1.07","2.04","1.78"
"2128","17-03-19 18:30","Spain","LaLiga","2018/2019","Villarreal","Rayo Vallecano","1.66","4.02","5.25","1.03","13.00","1.23","4.32","1.82","2.10","2.86","1.45","5.40","1.17","1.78","2.04"
"2129","17-03-19 16:15","Spain","LaLiga","2018/2019","Espanyol","Sevilla","2.82","3.54","2.48","1.02","15.00","1.22","4.56","1.70","2.21","2.73","1.48","5.10","1.18","1.54","2.48"
"2130","17-03-19 12:00","Spain","LaLiga","2018/2019","Eibar","Valladolid","1.61","4.10","5.60","1.06","10.00","1.34","3.40","2.13","1.80","3.78","1.29","7.50","1.10","2.10","1.74"
"2131","16-03-19 20:45","Spain","LaLiga","2018/2019","Leganes","Girona","2.40","3.04","3.36","1.13","6.35","1.50","2.66","2.52","1.55","5.10","1.18","10.00","1.06","1.99","1.82"
"2132","16-03-19 18:30","Spain","LaLiga","2018/2019","Ath Bilbao","Atl. Madrid","3.60","3.01","2.31","1.14","6.00","1.65","2.30","3.06","1.40","5.95","1.14","12.00","1.04","2.31","1.61"
"2133","16-03-19 16:15","Spain","LaLiga","2018/2019","Real Madrid","Celta Vigo","1.18","8.00","13.50","1.01","21.00","1.08","9.00","1.26","4.00","1.70","2.20","2.47","1.57","1.74","2.10"
"2134","16-03-19 13:00","Spain","LaLiga","2018/2019","Huesca","Alaves","2.48","3.26","3.01","1.08","8.60","1.37","3.22","2.29","1.70","4.12","1.25","8.60","1.08","1.85","1.95"
"2135","15-03-19 21:00","Spain","LaLiga","2018/2019","Real Sociedad","Levante","1.78","3.76","4.68","1.05","11.50","1.24","4.26","1.80","2.13","2.88","1.44","5.55","1.16","1.70","2.16"
"2136","10-03-19 20:45","Spain","LaLiga","2018/2019","Valladolid","Real Madrid","5.50","4.52","1.56","1.02","17.00","1.19","5.00","1.61","2.38","2.47","1.57","4.46","1.22","1.53","2.50"
"2137","10-03-19 18:30","Spain","LaLiga","2018/2019","Levante","Villarreal","2.77","3.62","2.47","1.02","17.00","1.22","4.50","1.65","2.30","2.57","1.53","4.80","1.20","1.52","2.53"
"2138","10-03-19 18:30","Spain","LaLiga","2018/2019","Sevilla","Real Sociedad","1.66","4.02","5.25","1.03","13.00","1.23","4.32","1.82","2.10","2.86","1.45","5.40","1.17","1.64","2.26"
"2139","10-03-19 16:15","Spain","LaLiga","2018/2019","Girona","Valencia","3.66","3.46","2.09","1.08","9.00","1.37","3.20","2.24","1.73","4.12","1.25","8.40","1.08","1.73","2.11"
"2140","10-03-19 12:00","Spain","LaLiga","2018/2019","Celta Vigo","Betis","2.61","3.34","2.94","1.01","10.50","1.30","3.40","2.08","1.83","3.62","1.27","6.75","1.06","1.80","2.11"
"2141","09-03-19 20:45","Spain","LaLiga","2018/2019","Getafe","Huesca","1.59","3.62","7.20","1.10","7.30","1.38","3.12","2.34","1.67","4.12","1.25","8.60","1.08","1.91","1.89"
"2142","09-03-19 18:30","Spain","LaLiga","2018/2019","Barcelona","Rayo Vallecano","1.10","11.50","22.00","1.01","27.00","1.06","9.60","1.24","4.30","1.57","2.47","2.30","1.65","2.00","1.81"
"2143","09-03-19 16:15","Spain","LaLiga","2018/2019","Atl. Madrid","Leganes","1.49","3.84","9.00","1.10","7.50","1.46","2.82","2.40","1.60","4.96","1.19","10.00","1.06","2.50","1.53"
"2144","09-03-19 13:00","Spain","LaLiga","2018/2019","Alaves","Eibar","3.52","3.34","2.18","1.08","8.70","1.42","2.99","2.27","1.71","4.12","1.25","8.60","1.08","1.91","1.89"
"2145","08-03-19 21:00","Spain","LaLiga","2018/2019","Ath Bilbao","Espanyol","1.66","3.62","6.05","1.09","8.00","1.41","3.00","2.37","1.62","4.46","1.22","9.20","1.07","2.24","1.65"
"2146","04-03-19 21:00","Spain","LaLiga","2018/2019","Leganes","Levante","2.05","3.32","3.96","1.08","8.70","1.33","3.48","2.17","1.77","3.84","1.28","8.00","1.09","1.85","1.95"
"2147","03-03-19 20:45","Spain","LaLiga","2018/2019","Valencia","Ath Bilbao","1.89","3.24","4.86","1.10","7.50","1.42","2.96","2.40","1.60","4.50","1.22","9.30","1.07","1.97","1.84"
"2148","03-03-19 18:30","Spain","LaLiga","2018/2019","Real Sociedad","Atl. Madrid","4.48","3.22","1.97","1.11","7.00","1.53","2.58","2.63","1.51","5.55","1.16","11.00","1.05","2.08","1.75"
"2149","03-03-19 16:15","Spain","LaLiga","2018/2019","Betis","Getafe","2.32","3.13","3.42","1.10","7.60","1.42","2.99","2.28","1.66","4.36","1.23","9.30","1.07","1.88","1.92"
"2150","03-03-19 12:00","Spain","LaLiga","2018/2019","Eibar","Celta Vigo","1.82","3.80","4.38","1.06","10.50","1.30","3.66","1.98","1.92","3.44","1.33","6.70","1.12","1.84","1.97"
"2151","02-03-19 20:45","Spain","LaLiga","2018/2019","Real Madrid","Barcelona","2.88","3.74","2.34","1.01","20.00","1.14","5.90","1.42","2.96","2.09","1.83","3.44","1.33","1.38","3.05"
"2152","02-03-19 18:30","Spain","LaLiga","2018/2019","Huesca","Sevilla","4.44","3.84","1.80","1.03","13.50","1.24","4.30","1.78","2.15","2.84","1.45","5.55","1.16","1.65","2.25"
"2153","02-03-19 16:15","Spain","LaLiga","2018/2019","Villarreal","Alaves","1.56","4.02","6.55","1.08","9.00","1.32","3.50","1.99","1.91","3.42","1.33","7.00","1.11","1.98","1.83"
"2154","02-03-19 13:00","Spain","LaLiga","2018/2019","Espanyol","Valladolid","1.72","3.64","5.30","1.08","9.00","1.34","3.40","2.13","1.80","3.78","1.29","7.50","1.10","2.04","1.78"
"2155","01-03-19 21:00","Spain","LaLiga","2018/2019","Rayo Vallecano","Girona","2.27","3.42","3.22","1.06","10.00","1.29","3.74","1.99","1.91","3.42","1.33","6.50","1.13","1.74","2.10"
"2156","25-02-19 21:00","Spain","LaLiga","2018/2019","Girona","Real Sociedad","2.34","3.26","3.26","1.09","8.00","1.41","3.00","2.26","1.66","4.46","1.22","9.20","1.07","1.80","2.01"
"2157","24-02-19 20:45","Spain","LaLiga","2018/2019","Levante","Real Madrid","7.30","5.30","1.39","1.01","28.00","1.08","8.70","1.29","3.80","1.66","2.28","2.47","1.57","1.40","2.97"
"2158","24-02-19 18:30","Spain","LaLiga","2018/2019","Valladolid","Betis","2.46","3.22","3.08","1.08","8.50","1.34","3.40","2.20","1.75","3.92","1.27","8.00","1.09","1.84","1.96"
"2159","24-02-19 16:15","Spain","LaLiga","2018/2019","Atl. Madrid","Villarreal","1.50","3.88","8.50","1.08","8.70","1.33","3.48","2.06","1.85","3.84","1.28","8.00","1.09","2.06","1.76"
"2160","24-02-19 12:00","Spain","LaLiga","2018/2019","Leganes","Valencia","3.15","2.95","2.59","1.13","6.50","1.56","2.50","2.66","1.50","5.40","1.17","11.00","1.05","1.91","1.89"
"2161","23-02-19 20:45","Spain","LaLiga","2018/2019","Ath Bilbao","Eibar","2.06","3.20","4.08","1.10","7.40","1.46","2.79","2.42","1.59","4.50","1.22","9.30","1.07","2.04","1.78"
"2162","23-02-19 18:30","Spain","LaLiga","2018/2019","Alaves","Celta Vigo","2.51","3.01","3.20","1.11","7.00","1.48","2.75","2.47","1.57","4.80","1.20","9.90","1.06","2.04","1.78"
"2163","23-02-19 16:15","Spain","LaLiga","2018/2019","Sevilla","Barcelona","3.86","4.06","1.86","1.01","19.00","1.16","5.50","1.51","2.63","2.26","1.66","4.12","1.25","1.52","2.53"
"2164","23-02-19 13:00","Spain","LaLiga","2018/2019","Getafe","Rayo Vallecano","1.83","3.38","5.00","1.08","8.70","1.42","2.99","2.36","1.66","4.36","1.23","9.30","1.07","1.92","1.88"
"2165","22-02-19 21:00","Spain","LaLiga","2018/2019","Espanyol","Huesca","1.77","3.62","5.50","1.01","10.50","1.30","3.40","2.09","1.83","3.62","1.27","6.90","1.06","2.00","1.89"
"2166","18-02-19 21:00","Spain","LaLiga","2018/2019","Huesca","Ath Bilbao","4.28","3.30","1.98","1.08","8.70","1.42","2.99","2.27","1.71","4.12","1.25","8.60","1.08","1.96","1.85"
"2167","17-02-19 20:45","Spain","LaLiga","2018/2019","Betis","Alaves","1.68","3.62","5.85","1.08","8.70","1.33","3.48","2.06","1.85","3.84","1.28","8.00","1.09","1.88","1.92"
"2168","17-02-19 18:30","Spain","LaLiga","2018/2019","Villarreal","Sevilla","2.41","3.52","2.92","1.03","13.00","1.26","4.00","1.90","2.00","3.06","1.40","5.95","1.14","1.59","2.36"
"2169","17-02-19 16:15","Spain","LaLiga","2018/2019","Valencia","Espanyol","1.78","3.66","4.82","1.05","11.00","1.29","3.74","1.99","1.91","3.24","1.37","5.95","1.14","1.65","2.24"
"2170","17-02-19 12:00","Spain","LaLiga","2018/2019","Real Madrid","Girona","1.17","8.00","15.00","","","1.13","6.50","1.34","3.40","1.99","1.91","3.06","1.40","1.90","1.90"
"2171","16-02-19 20:45","Spain","LaLiga","2018/2019","Barcelona","Valladolid","1.16","9.10","15.00","","","1.13","6.50","1.37","3.20","1.99","1.91","3.06","1.40","2.10","1.74"
"2172","16-02-19 18:30","Spain","LaLiga","2018/2019","Real Sociedad","Leganes","2.15","2.94","4.22","1.11","6.95","1.49","2.69","2.50","1.56","4.96","1.19","10.00","1.06","2.08","1.75"
"2173","16-02-19 16:15","Spain","LaLiga","2018/2019","Rayo Vallecano","Atl. Madrid","6.45","3.94","1.63","1.04","11.50","1.26","3.70","1.96","1.96","3.26","1.32","6.05","1.09","2.00","1.89"
"2174","16-02-19 13:00","Spain","LaLiga","2018/2019","Celta Vigo","Levante","1.73","4.06","4.58","1.02","16.00","1.20","4.84","1.62","2.37","2.50","1.56","4.50","1.22","1.59","2.36"
"2175","15-02-19 21:00","Spain","LaLiga","2018/2019","Eibar","Getafe","2.12","3.13","3.98","1.13","6.50","1.51","2.63","2.66","1.50","5.40","1.17","11.00","1.05","2.10","1.73"
"2176","11-02-19 21:00","Spain","LaLiga","2018/2019","Alaves","Levante","2.11","3.42","3.62","1.06","10.00","1.32","3.50","1.99","1.91","3.42","1.33","6.50","1.13","1.78","2.04"
"2177","10-02-19 20:45","Spain","LaLiga","2018/2019","Ath Bilbao","Barcelona","5.55","4.04","1.63","1.03","13.00","1.23","4.32","1.70","2.20","2.66","1.50","4.80","1.20","1.58","2.39"
"2178","10-02-19 18:30","Spain","LaLiga","2018/2019","Sevilla","Eibar","1.78","3.82","4.58","1.03","13.00","1.23","4.32","1.82","2.10","2.86","1.45","5.40","1.17","1.58","2.39"
"2179","10-02-19 16:15","Spain","LaLiga","2018/2019","Valencia","Real Sociedad","1.86","3.52","4.52","1.06","10.00","1.34","3.40","2.13","1.80","3.66","1.30","7.50","1.10","1.73","2.11"
"2180","10-02-19 12:00","Spain","LaLiga","2018/2019","Leganes","Betis","2.11","3.26","4.12","1.05","7.60","1.43","2.74","2.61","1.56","4.90","1.17","9.40","1.02","2.14","1.78"
"2181","09-02-19 20:45","Spain","LaLiga","2018/2019","Girona","Huesca","1.88","3.54","4.40","1.07","9.30","1.32","3.54","2.04","1.87","3.66","1.30","7.10","1.11","1.86","1.94"
"2182","09-02-19 18:30","Spain","LaLiga","2018/2019","Espanyol","Rayo Vallecano","1.70","3.80","5.20","1.05","11.00","1.26","4.00","1.90","2.00","3.06","1.40","5.95","1.14","1.78","2.04"
"2183","09-02-19 16:15","Spain","LaLiga","2018/2019","Atl. Madrid","Real Madrid","2.62","3.26","2.82","1.08","9.00","1.37","3.20","2.24","1.73","4.12","1.25","8.40","1.08","1.90","1.90"
"2184","09-02-19 13:00","Spain","LaLiga","2018/2019","Getafe","Celta Vigo","2.01","3.32","4.12","1.09","8.00","1.48","2.75","2.47","1.57","4.80","1.20","9.90","1.06","2.10","1.74"
"2185","08-02-19 21:00","Spain","LaLiga","2018/2019","Valladolid","Villarreal","3.16","3.36","2.34","1.08","9.00","1.34","3.40","2.13","1.80","3.66","1.30","7.50","1.10","1.69","2.17"
"2186","04-02-19 21:00","Spain","LaLiga","2018/2019","Rayo Vallecano","Leganes","2.63","3.13","2.93","1.11","7.00","1.48","2.75","2.47","1.57","4.80","1.20","9.90","1.06","2.04","1.78"
"2187","03-02-19 20:45","Spain","LaLiga","2018/2019","Real Madrid","Alaves","1.20","7.00","15.00","","","1.11","6.95","1.33","3.44","1.86","2.05","2.84","1.45","1.77","2.04"
"2188","03-02-19 18:30","Spain","LaLiga","2018/2019","Eibar","Girona","1.66","3.98","5.20","1.05","11.50","1.26","4.02","1.86","2.05","3.20","1.37","6.05","1.14","1.82","1.99"
"2189","03-02-19 16:15","Spain","LaLiga","2018/2019","Betis","Atl. Madrid","4.04","3.34","2.02","1.09","8.00","1.48","2.75","2.47","1.57","4.80","1.20","9.90","1.06","2.10","1.74"
"2190","03-02-19 12:00","Spain","LaLiga","2018/2019","Villarreal","Espanyol","2.05","3.70","3.50","1.05","11.50","1.26","4.08","1.84","2.08","3.01","1.41","6.05","1.14","1.62","2.30"
"2191","02-02-19 20:45","Spain","LaLiga","2018/2019","Celta Vigo","Sevilla","3.78","3.62","1.99","1.03","13.00","1.23","4.32","1.82","2.10","2.86","1.45","5.40","1.17","1.54","2.47"
"2192","02-02-19 18:30","Spain","LaLiga","2018/2019","Barcelona","Valencia","1.41","5.00","7.50","1.01","19.00","1.19","5.00","1.51","2.63","2.37","1.62","4.12","1.25","1.70","2.15"
"2193","02-02-19 16:15","Spain","LaLiga","2018/2019","Real Sociedad","Ath Bilbao","2.43","2.94","3.44","1.13","6.50","1.56","2.50","2.66","1.50","5.40","1.17","11.00","1.05","2.15","1.70"
"2194","02-02-19 13:00","Spain","LaLiga","2018/2019","Levante","Getafe","2.47","3.42","2.90","1.05","11.00","1.32","3.50","1.99","1.91","3.42","1.33","7.00","1.11","1.74","2.10"
"2195","01-02-19 21:00","Spain","LaLiga","2018/2019","Huesca","Valladolid","2.32","3.28","3.24","1.10","7.40","1.43","2.93","2.32","1.64","4.50","1.22","9.30","1.07","1.92","1.88"
"2196","28-01-19 21:00","Spain","LaLiga","2018/2019","Alaves","Rayo Vallecano","2.09","3.44","3.66","1.06","9.60","1.33","3.44","2.09","1.83","3.84","1.28","8.00","1.09","1.73","2.11"
"2197","27-01-19 20:45","Spain","LaLiga","2018/2019","Espanyol","Real Madrid","5.25","4.22","1.62","1.03","15.00","1.22","4.50","1.65","2.30","2.57","1.53","4.46","1.22","1.54","2.47"
"2198","27-01-19 18:30","Spain","LaLiga","2018/2019","Ath Bilbao","Betis","2.02","3.34","4.04","1.08","9.00","1.37","3.20","2.35","1.66","4.12","1.25","8.40","1.08","1.80","2.01"
"2199","27-01-19 18:30","Spain","LaLiga","2018/2019","Real Sociedad","Huesca","1.58","4.22","5.75","1.05","11.00","1.29","3.74","1.90","2.00","3.24","1.37","5.95","1.14","1.74","2.09"
"2200","27-01-19 16:15","Spain","LaLiga","2018/2019","Girona","Barcelona","11.50","6.00","1.27","","","1.14","5.90","1.37","3.22","2.09","1.83","3.20","1.37","1.62","2.30"
"2201","27-01-19 12:00","Spain","LaLiga","2018/2019","Valladolid","Celta Vigo","2.48","3.13","3.13","1.09","8.00","1.41","3.00","2.35","1.66","4.12","1.25","9.20","1.07","1.90","1.90"
"2202","26-01-19 20:45","Spain","LaLiga","2018/2019","Valencia","Villarreal","2.06","3.40","3.80","1.05","11.00","1.29","3.74","1.99","1.91","3.24","1.37","6.50","1.13","1.74","2.10"
"2203","26-01-19 18:30","Spain","LaLiga","2018/2019","Leganes","Eibar","2.78","2.93","2.93","1.14","6.00","1.61","2.38","2.86","1.45","5.95","1.14","12.00","1.04","2.24","1.65"
"2204","26-01-19 16:15","Spain","LaLiga","2018/2019","Atl. Madrid","Getafe","1.67","3.30","7.00","1.14","6.00","1.56","2.50","2.66","1.50","5.40","1.17","11.00","1.05","2.42","1.56"
"2205","26-01-19 13:00","Spain","LaLiga","2018/2019","Sevilla","Levante","1.36","5.45","7.90","","","1.13","6.50","1.41","3.00","2.13","1.80","3.24","1.37","1.61","2.31"
"2206","21-01-19 21:00","Spain","LaLiga","2018/2019","Eibar","Espanyol","1.85","3.54","4.54","1.08","9.00","1.34","3.40","2.13","1.80","3.78","1.29","7.50","1.10","1.80","2.01"
"2207","20-01-19 20:45","Spain","LaLiga","2018/2019","Barcelona","Leganes","1.21","6.55","15.00","1.03","15.00","1.23","4.32","1.65","2.30","2.66","1.50","4.46","1.22","2.31","1.61"
"2208","20-01-19 18:30","Spain","LaLiga","2018/2019","Levante","Valladolid","1.96","3.52","4.02","1.03","13.00","1.26","4.00","1.90","2.00","3.06","1.40","5.95","1.14","1.74","2.10"
"2209","20-01-19 18:30","Spain","LaLiga","2018/2019","Rayo Vallecano","Real Sociedad","2.85","3.36","2.54","1.05","11.00","1.29","3.74","1.99","1.91","3.42","1.33","6.50","1.13","1.74","2.10"
"2210","20-01-19 16:15","Spain","LaLiga","2018/2019","Villarreal","Ath Bilbao","2.00","3.40","4.00","1.06","10.50","1.31","3.58","2.03","1.88","3.52","1.32","7.10","1.11","1.70","2.15"
"2211","20-01-19 12:00","Spain","LaLiga","2018/2019","Betis","Girona","1.66","3.82","5.55","1.06","10.00","1.32","3.50","1.99","1.91","3.42","1.33","6.50","1.13","1.90","1.90"
"2212","19-01-19 20:45","Spain","LaLiga","2018/2019","Celta Vigo","Valencia","3.60","3.28","2.18","1.06","9.60","1.30","3.66","1.98","1.92","3.52","1.32","7.10","1.11","1.71","2.13"
"2213","19-01-19 18:30","Spain","LaLiga","2018/2019","Huesca","Atl. Madrid","6.55","3.70","1.61","1.09","8.40","1.43","2.89","2.34","1.67","4.24","1.24","8.60","1.08","2.10","1.73"
"2214","19-01-19 16:15","Spain","LaLiga","2018/2019","Real Madrid","Sevilla","1.66","4.30","4.86","1.02","17.00","1.19","5.00","1.51","2.63","2.26","1.66","4.12","1.25","1.56","2.42"
"2215","18-01-19 21:00","Spain","LaLiga","2018/2019","Getafe","Alaves","1.81","3.32","5.25","1.14","6.00","1.61","2.38","2.86","1.45","5.95","1.14","12.00","1.04","2.42","1.56"
"2216","14-01-19 21:00","Spain","LaLiga","2018/2019","Real Sociedad","Espanyol","2.18","3.24","3.64","1.09","8.00","1.37","3.20","2.35","1.66","4.12","1.25","8.40","1.08","1.90","1.90"
"2217","13-01-19 20:45","Spain","LaLiga","2018/2019","Betis","Real Madrid","3.14","3.64","2.23","1.03","15.00","1.22","4.50","1.65","2.30","2.57","1.53","4.46","1.22","1.52","2.53"
"2218","13-01-19 18:30","Spain","LaLiga","2018/2019","Barcelona","Eibar","1.16","8.20","17.00","","","1.13","6.50","1.34","3.40","1.99","1.91","3.06","1.40","1.90","1.90"
"2219","13-01-19 16:15","Spain","LaLiga","2018/2019","Ath Bilbao","Sevilla","2.65","3.22","2.82","1.08","9.00","1.34","3.40","2.24","1.73","3.78","1.29","7.50","1.10","1.83","1.98"
"2220","13-01-19 12:00","Spain","LaLiga","2018/2019","Atl. Madrid","Levante","1.30","5.55","11.00","1.03","13.00","1.22","4.50","1.65","2.30","2.57","1.53","4.80","1.20","2.04","1.78"
"2221","12-01-19 20:45","Spain","LaLiga","2018/2019","Villarreal","Getafe","2.02","3.34","4.04","1.05","10.50","1.30","3.70","1.96","1.94","3.38","1.34","7.10","1.11","1.69","2.17"
"2222","12-01-19 18:30","Spain","LaLiga","2018/2019","Girona","Alaves","1.97","3.34","4.24","1.10","7.50","1.42","2.96","2.30","1.65","4.50","1.22","9.30","1.07","1.97","1.84"
"2223","12-01-19 16:15","Spain","LaLiga","2018/2019","Valencia","Valladolid","1.51","4.02","7.50","1.09","8.00","1.37","3.20","2.24","1.73","4.12","1.25","8.40","1.08","2.24","1.65"
"2224","12-01-19 13:00","Spain","LaLiga","2018/2019","Leganes","Huesca","2.06","3.12","4.22","1.13","6.50","1.56","2.50","2.66","1.50","5.40","1.17","11.00","1.05","2.24","1.65"
"2225","11-01-19 21:00","Spain","LaLiga","2018/2019","Rayo Vallecano","Celta Vigo","2.47","3.26","3.02","1.08","9.00","1.37","3.20","2.24","1.73","4.12","1.25","8.40","1.08","1.83","1.98"
"2226","07-01-19 21:00","Spain","LaLiga","2018/2019","Celta Vigo","Ath Bilbao","2.35","3.01","3.52","1.10","7.60","1.42","2.99","2.36","1.66","4.12","1.25","9.30","1.07","1.82","1.99"
"2227","06-01-19 20:45","Spain","LaLiga","2018/2019","Getafe","Barcelona","7.10","5.05","1.42","1.02","16.00","1.20","4.80","1.58","2.44","2.61","1.52","4.36","1.23","1.69","2.17"
"2228","06-01-19 18:30","Spain","LaLiga","2018/2019","Real Madrid","Real Sociedad","1.35","5.30","9.00","1.02","16.00","1.17","5.45","1.52","2.61","2.26","1.67","4.12","1.25","1.68","2.18"
"2229","06-01-19 16:15","Spain","LaLiga","2018/2019","Sevilla","Atl. Madrid","2.93","3.28","2.53","1.06","9.70","1.33","3.48","2.17","1.77","3.84","1.28","8.00","1.09","1.71","2.13"
"2230","06-01-19 12:00","Spain","LaLiga","2018/2019","Eibar","Villarreal","2.18","3.54","3.34","1.06","10.00","1.34","3.40","2.13","1.80","3.66","1.30","7.00","1.11","1.67","2.20"
"2231","05-01-19 20:45","Spain","LaLiga","2018/2019","Huesca","Betis","3.22","3.54","2.22","1.05","11.00","1.32","3.50","1.99","1.91","3.42","1.33","7.00","1.11","1.78","2.04"
"2232","05-01-19 16:15","Spain","LaLiga","2018/2019","Alaves","Valencia","3.62","3.20","2.20","1.09","8.40","1.38","3.16","2.34","1.67","4.24","1.24","8.60","1.08","1.88","1.92"
"2233","05-01-19 13:00","Spain","LaLiga","2018/2019","Valladolid","Rayo Vallecano","2.12","3.28","3.78","1.08","9.00","1.37","3.20","2.35","1.66","4.12","1.25","8.40","1.08","1.74","2.09"
"2234","04-01-19 21:00","Spain","LaLiga","2018/2019","Espanyol","Leganes","2.02","3.22","4.24","1.13","6.50","1.56","2.50","2.66","1.50","5.40","1.17","11.00","1.05","2.24","1.65"
"2235","04-01-19 19:00","Spain","LaLiga","2018/2019","Levante","Girona","2.23","3.64","3.14","1.03","15.00","1.23","4.32","1.70","2.20","2.66","1.50","5.40","1.17","1.61","2.31"
"2236","03-01-19 21:30","Spain","LaLiga","2018/2019","Villarreal","Real Madrid","4.88","4.10","1.74","1.01","18.00","1.14","5.50","1.53","2.68","2.24","1.62","3.74","1.22","1.53","2.65"
"2237","23-12-18 18:30","Spain","LaLiga","2018/2019","Rayo Vallecano","Levante","2.10","3.80","3.24","1.02","17.00","1.19","5.00","1.61","2.38","2.47","1.57","4.46","1.22","1.52","2.53"
"2238","23-12-18 16:15","Spain","LaLiga","2018/2019","Leganes","Sevilla","2.90","3.20","2.60","1.09","8.00","1.48","2.75","2.47","1.57","4.80","1.20","9.90","1.06","2.04","1.78"
"2239","23-12-18 12:00","Spain","LaLiga","2018/2019","Valencia","Huesca","1.42","4.20","10.00","1.05","11.50","1.26","4.02","1.86","2.05","3.01","1.41","5.55","1.16","1.87","1.94"
"2240","22-12-18 20:45","Spain","LaLiga","2018/2019","Ath Bilbao","Valladolid","1.65","3.74","5.50","1.06","10.00","1.32","3.50","2.13","1.80","3.66","1.30","7.00","1.11","1.80","2.01"
"2241","22-12-18 18:30","Spain","LaLiga","2018/2019","Barcelona","Celta Vigo","1.13","9.50","19.00","","","1.06","10.00","1.23","4.32","1.65","2.30","2.37","1.62","1.69","2.17"
"2242","22-12-18 16:15","Spain","LaLiga","2018/2019","Atl. Madrid","Espanyol","1.45","4.20","8.50","1.08","9.00","1.34","3.40","2.13","1.80","3.66","1.30","7.50","1.10","2.24","1.65"
"2243","22-12-18 13:00","Spain","LaLiga","2018/2019","Betis","Eibar","1.73","3.60","5.00","1.06","10.50","1.26","4.02","1.86","2.05","3.01","1.41","6.05","1.14","1.65","2.24"
"2244","21-12-18 21:00","Spain","LaLiga","2018/2019","Real Sociedad","Alaves","1.70","3.60","5.25","1.09","8.00","1.41","3.00","2.35","1.66","4.12","1.25","8.40","1.08","1.91","1.89"
"2245","21-12-18 19:30","Spain","LaLiga","2018/2019","Girona","Getafe","2.67","3.05","3.13","1.06","7.10","1.48","2.58","2.73","1.52","5.25","1.14","10.00","1.01","2.13","1.78"
"2246","17-12-18 21:00","Spain","LaLiga","2018/2019","Alaves","Ath Bilbao","2.77","3.14","2.77","1.08","8.60","1.42","2.96","2.29","1.70","4.12","1.25","8.60","1.08","1.85","1.95"
"2247","16-12-18 20:45","Spain","LaLiga","2018/2019","Levante","Barcelona","10.00","7.10","1.24","1.01","21.00","1.05","11.00","1.22","4.50","1.56","2.50","2.26","1.66","1.52","2.53"
"2248","16-12-18 18:30","Spain","LaLiga","2018/2019","Huesca","Villarreal","3.44","3.44","2.17","1.05","11.00","1.29","3.74","1.99","1.91","3.42","1.33","7.00","1.11","1.78","2.04"
"2249","16-12-18 16:15","Spain","LaLiga","2018/2019","Espanyol","Betis","2.52","3.32","2.90","1.05","11.00","1.26","4.00","1.99","1.91","3.24","1.37","6.50","1.13","1.70","2.15"
"2250","16-12-18 12:00","Spain","LaLiga","2018/2019","Sevilla","Girona","1.42","4.82","7.60","1.03","15.00","1.22","4.50","1.65","2.30","2.57","1.53","4.46","1.22","1.67","2.20"
"2251","15-12-18 20:45","Spain","LaLiga","2018/2019","Eibar","Valencia","2.85","3.15","2.68","1.08","8.60","1.33","3.44","2.18","1.76","3.84","1.28","8.00","1.09","1.74","2.09"
"2252","15-12-18 18:30","Spain","LaLiga","2018/2019","Real Madrid","Rayo Vallecano","1.16","9.10","15.00","1.01","21.00","1.10","7.60","1.26","4.08","1.66","2.28","2.47","1.57","1.74","2.09"
"2253","15-12-18 16:15","Spain","LaLiga","2018/2019","Valladolid","Atl. Madrid","5.75","3.52","1.71","1.11","7.00","1.51","2.63","2.57","1.53","4.80","1.20","11.00","1.05","2.31","1.61"
"2254","15-12-18 13:00","Spain","LaLiga","2018/2019","Getafe","Real Sociedad","2.27","3.13","3.54","1.13","6.50","1.56","2.50","2.66","1.50","5.40","1.17","11.00","1.05","2.24","1.65"
"2255","14-12-18 21:00","Spain","LaLiga","2018/2019","Celta Vigo","Leganes","1.92","3.42","4.36","1.09","8.00","1.41","3.00","2.35","1.66","4.46","1.22","9.20","1.07","2.04","1.78"
"2256","10-12-18 21:00","Spain","LaLiga","2018/2019","Ath Bilbao","Girona","2.01","3.52","3.82","1.06","10.00","1.32","3.50","2.13","1.80","3.42","1.33","7.00","1.11","1.83","1.98"
"2257","09-12-18 20:45","Spain","LaLiga","2018/2019","Betis","Rayo Vallecano","1.45","4.52","7.50","1.03","15.00","1.22","4.50","1.65","2.30","2.57","1.53","4.46","1.22","1.78","2.04"
"2258","09-12-18 18:30","Spain","LaLiga","2018/2019","Real Sociedad","Valladolid","1.65","3.66","6.20","1.07","9.40","1.34","3.36","2.13","1.80","3.58","1.31","8.00","1.09","1.91","1.89"
"2259","09-12-18 16:15","Spain","LaLiga","2018/2019","Huesca","Real Madrid","11.00","5.80","1.28","","","1.13","6.30","1.38","3.16","2.03","1.88","3.10","1.39","1.59","2.36"
"2260","09-12-18 12:00","Spain","LaLiga","2018/2019","Eibar","Levante","1.69","4.10","4.86","1.03","13.00","1.22","4.50","1.70","2.20","2.66","1.50","4.80","1.20","1.70","2.15"
"2261","08-12-18 20:45","Spain","LaLiga","2018/2019","Espanyol","Barcelona","7.00","5.00","1.40","1.01","19.00","1.19","5.00","1.51","2.63","2.26","1.66","4.12","1.25","1.60","2.33"
"2262","08-12-18 18:30","Spain","LaLiga","2018/2019","Villarreal","Celta Vigo","1.73","3.80","4.50","1.02","15.00","1.21","4.74","1.63","2.32","2.55","1.54","4.50","1.22","1.58","2.39"
"2263","08-12-18 16:15","Spain","LaLiga","2018/2019","Valencia","Sevilla","2.05","3.60","3.50","1.03","13.00","1.23","4.32","1.70","2.20","2.66","1.50","5.40","1.17","1.51","2.57"
"2264","08-12-18 13:00","Spain","LaLiga","2018/2019","Atl. Madrid","Alaves","1.35","4.56","12.00","1.09","8.00","1.41","3.00","2.24","1.73","4.12","1.25","8.40","1.08","2.53","1.52"
"2265","07-12-18 21:00","Spain","LaLiga","2018/2019","Leganes","Getafe","2.55","2.90","2.90","1.16","5.50","1.82","2.10","3.24","1.37","7.00","1.11","14.00","1.03","2.53","1.52"
"2266","03-12-18 21:00","Spain","LaLiga","2018/2019","Levante","Ath Bilbao","3.11","3.52","2.29","1.03","13.50","1.21","4.66","1.67","2.26","2.66","1.50","4.96","1.19","1.54","2.47"
"2267","02-12-18 20:45","Spain","LaLiga","2018/2019","Alaves","Sevilla","3.78","3.54","2.02","1.05","11.00","1.32","3.50","1.99","1.91","3.42","1.33","6.50","1.13","1.78","2.04"
"2268","02-12-18 18:30","Spain","LaLiga","2018/2019","Barcelona","Villarreal","1.23","6.55","13.00","","","1.09","8.00","1.34","3.40","1.90","2.00","2.86","1.45","1.78","2.04"
"2269","02-12-18 16:15","Spain","LaLiga","2018/2019","Girona","Atl. Madrid","5.00","3.42","1.81","1.11","7.00","1.51","2.63","2.57","1.53","5.40","1.17","11.00","1.05","2.31","1.61"
"2270","02-12-18 12:00","Spain","LaLiga","2018/2019","Betis","Real Sociedad","1.81","3.72","4.52","1.06","10.00","1.32","3.50","2.13","1.80","3.42","1.33","7.00","1.11","1.73","2.11"
"2271","01-12-18 20:45","Spain","LaLiga","2018/2019","Real Madrid","Valencia","1.54","4.22","6.40","1.02","18.00","1.17","5.35","1.49","2.69","2.21","1.70","3.84","1.28","1.52","2.54"
"2272","01-12-18 18:30","Spain","LaLiga","2018/2019","Getafe","Espanyol","2.38","3.10","3.30","1.11","7.00","1.51","2.63","2.57","1.53","4.80","1.20","11.00","1.05","2.10","1.74"
"2273","01-12-18 16:15","Spain","LaLiga","2018/2019","Valladolid","Leganes","2.45","3.00","3.30","1.13","6.45","1.57","2.47","2.66","1.50","5.55","1.16","11.00","1.05","2.17","1.69"
"2274","01-12-18 13:00","Spain","LaLiga","2018/2019","Celta Vigo","Huesca","1.65","4.00","5.00","1.03","13.00","1.26","4.00","1.90","2.00","3.06","1.40","5.95","1.14","1.78","2.04"
"2275","30-11-18 21:00","Spain","LaLiga","2018/2019","Rayo Vallecano","Eibar","2.96","3.36","2.45","1.05","11.00","1.29","3.74","1.99","1.91","3.24","1.37","6.50","1.13","1.70","2.15"
"2276","26-11-18 21:00","Spain","LaLiga","2018/2019","Real Sociedad","Celta Vigo","1.80","3.84","4.44","1.05","11.00","1.32","3.50","1.99","1.91","3.42","1.33","6.50","1.13","1.83","1.98"
"2277","25-11-18 20:45","Spain","LaLiga","2018/2019","Villarreal","Betis","2.20","3.40","3.24","1.05","12.00","1.23","4.32","1.82","2.10","2.86","1.45","5.40","1.17","1.65","2.24"
"2278","25-11-18 18:30","Spain","LaLiga","2018/2019","Espanyol","Girona","1.60","3.80","6.00","1.08","9.00","1.37","3.20","2.24","1.73","3.78","1.29","8.40","1.08","2.10","1.74"
"2279","25-11-18 16:15","Spain","LaLiga","2018/2019","Sevilla","Valladolid","1.37","5.00","9.00","1.02","17.00","1.19","5.00","1.61","2.38","2.47","1.57","4.46","1.22","1.83","1.98"
"2280","25-11-18 12:00","Spain","LaLiga","2018/2019","Ath Bilbao","Getafe","1.95","3.24","4.22","1.11","7.00","1.51","2.63","2.57","1.53","5.40","1.17","11.00","1.05","2.04","1.78"
"2281","24-11-18 20:45","Spain","LaLiga","2018/2019","Atl. Madrid","Barcelona","3.10","3.40","2.30","1.05","11.00","1.29","3.74","1.99","1.91","3.42","1.33","6.50","1.13","1.74","2.10"
"2282","24-11-18 18:30","Spain","LaLiga","2018/2019","Huesca","Levante","2.25","3.40","3.24","1.08","9.00","1.34","3.40","2.24","1.73","3.78","1.29","7.50","1.10","1.83","1.98"
"2283","24-11-18 16:15","Spain","LaLiga","2018/2019","Valencia","Rayo Vallecano","1.40","4.74","8.50","1.03","13.00","1.23","4.32","1.70","2.20","2.86","1.45","5.40","1.17","1.90","1.90"
"2284","24-11-18 13:00","Spain","LaLiga","2018/2019","Eibar","Real Madrid","7.90","4.74","1.41","1.01","20.00","1.15","5.75","1.43","2.89","2.13","1.80","3.52","1.32","1.52","2.52"
"2285","23-11-18 21:00","Spain","LaLiga","2018/2019","Leganes","Alaves","2.10","3.10","3.80","1.11","7.00","1.51","2.63","2.66","1.50","5.40","1.17","11.00","1.05","2.15","1.70"
"2286","11-11-18 20:45","Spain","LaLiga","2018/2019","Celta Vigo","Real Madrid","5.05","4.56","1.60","1.01","21.00","1.14","6.00","1.48","2.75","2.13","1.80","3.42","1.33","1.52","2.53"
"2287","11-11-18 18:30","Spain","LaLiga","2018/2019","Rayo Vallecano","Villarreal","3.11","3.60","2.26","1.03","13.00","1.23","4.32","1.82","2.10","2.86","1.45","5.40","1.17","1.61","2.31"
"2288","11-11-18 18:30","Spain","LaLiga","2018/2019","Sevilla","Espanyol","1.88","3.64","4.26","1.03","13.00","1.23","4.32","1.70","2.20","2.66","1.50","4.80","1.20","1.65","2.24"
"2289","11-11-18 16:15","Spain","LaLiga","2018/2019","Barcelona","Betis","1.21","8.00","14.50","1.01","21.00","1.05","7.40","1.27","3.62","1.78","2.16","2.67","1.45","1.74","2.19"
"2290","11-11-18 12:00","Spain","LaLiga","2018/2019","Alaves","Huesca","2.07","3.22","4.02","1.09","8.00","1.41","3.00","2.35","1.66","4.46","1.22","9.20","1.07","1.98","1.83"
"2291","10-11-18 20:45","Spain","LaLiga","2018/2019","Girona","Leganes","2.05","3.28","4.02","1.10","7.50","1.42","2.96","2.30","1.65","4.50","1.22","9.30","1.07","1.92","1.88"
"2292","10-11-18 18:30","Spain","LaLiga","2018/2019","Atl. Madrid","Ath Bilbao","1.54","3.62","8.60","1.08","8.60","1.33","3.44","2.09","1.83","3.84","1.28","8.00","1.09","1.97","1.84"
"2293","10-11-18 16:15","Spain","LaLiga","2018/2019","Getafe","Valencia","3.38","3.14","2.34","1.13","6.45","1.49","2.69","2.50","1.56","4.96","1.19","10.00","1.06","1.97","1.84"
"2294","10-11-18 13:00","Spain","LaLiga","2018/2019","Valladolid","Eibar","2.58","3.10","3.19","1.05","7.50","1.46","2.64","2.63","1.55","5.00","1.16","9.60","1.02","2.10","1.80"
"2295","09-11-18 21:00","Spain","LaLiga","2018/2019","Levante","Real Sociedad","2.83","3.42","2.52","1.06","10.00","1.32","3.50","2.13","1.80","3.66","1.30","7.00","1.11","1.78","2.04"
"2296","05-11-18 21:00","Spain","LaLiga","2018/2019","Espanyol","Ath Bilbao","1.78","3.42","5.30","1.08","8.60","1.37","3.22","2.18","1.76","3.84","1.28","8.00","1.09","1.77","2.05"
"2297","04-11-18 20:45","Spain","LaLiga","2018/2019","Betis","Celta Vigo","1.81","3.84","4.36","1.05","11.50","1.29","3.76","1.86","2.05","3.20","1.37","6.05","1.14","1.77","2.04"
"2298","04-11-18 18:30","Spain","LaLiga","2018/2019","Huesca","Getafe","4.06","3.34","2.01","1.10","7.30","1.56","2.50","2.73","1.48","5.55","1.16","12.00","1.04","2.20","1.67"
"2299","04-11-18 18:30","Spain","LaLiga","2018/2019","Real Sociedad","Sevilla","2.71","3.62","2.52","1.03","13.50","1.25","4.20","1.81","2.11","2.92","1.43","5.55","1.16","1.59","2.36"
"2300","04-11-18 16:15","Spain","LaLiga","2018/2019","Villarreal","Levante","1.72","3.84","5.05","1.01","19.00","1.16","5.50","1.51","2.63","2.26","1.66","3.78","1.29","1.52","2.53"
"2301","04-11-18 12:00","Spain","LaLiga","2018/2019","Eibar","Alaves","2.09","3.66","3.46","1.08","9.00","1.41","3.00","2.37","1.62","4.46","1.22","9.20","1.07","2.04","1.78"
"2302","03-11-18 20:45","Spain","LaLiga","2018/2019","Rayo Vallecano","Barcelona","12.50","6.50","1.23","","","1.13","6.45","1.37","3.22","1.98","1.92","3.20","1.37","1.67","2.20"
"2303","03-11-18 18:30","Spain","LaLiga","2018/2019","Valencia","Girona","1.45","4.04","9.50","1.08","8.60","1.33","3.44","2.09","1.83","3.52","1.32","8.00","1.09","2.11","1.72"
"2304","03-11-18 16:15","Spain","LaLiga","2018/2019","Real Madrid","Valladolid","1.21","8.00","11.00","1.01","26.00","1.14","6.00","1.37","3.20","2.13","1.80","3.24","1.37","1.90","1.90"
"2305","03-11-18 13:00","Spain","LaLiga","2018/2019","Leganes","Atl. Madrid","7.20","3.26","1.67","1.14","6.00","1.56","2.50","2.66","1.50","5.40","1.17","11.00","1.05","2.20","1.67"
"2306","28-10-18 20:45","Spain","LaLiga","2018/2019","Sevilla","Huesca","1.21","6.55","15.00","1.01","21.00","1.14","6.00","1.41","3.00","2.13","1.80","3.24","1.37","1.70","2.15"
"2307","28-10-18 18:30","Spain","LaLiga","2018/2019","Alaves","Villarreal","3.32","3.42","2.22","1.08","9.00","1.37","3.20","2.24","1.73","4.12","1.25","8.40","1.08","1.90","1.90"
"2308","28-10-18 16:15","Spain","LaLiga","2018/2019","Barcelona","Real Madrid","1.97","3.74","3.74","1.01","19.00","1.16","5.50","1.51","2.63","2.26","1.66","4.12","1.25","1.38","3.05"
"2309","28-10-18 12:00","Spain","LaLiga","2018/2019","Getafe","Betis","2.59","3.05","3.05","1.13","6.45","1.49","2.69","2.50","1.56","4.96","1.19","10.00","1.06","2.00","1.81"
"2310","27-10-18 20:45","Spain","LaLiga","2018/2019","Atl. Madrid","Real Sociedad","1.44","4.14","9.50","1.08","8.60","1.42","2.96","2.29","1.70","4.50","1.22","9.30","1.07","2.41","1.57"
"2311","27-10-18 18:30","Spain","LaLiga","2018/2019","Celta Vigo","Eibar","2.17","3.44","3.44","1.05","11.00","1.29","3.74","1.99","1.91","3.42","1.33","6.50","1.13","1.74","2.10"
"2312","27-10-18 18:30","Spain","LaLiga","2018/2019","Levante","Leganes","2.12","3.42","3.58","1.06","10.50","1.30","3.68","2.03","1.88","3.26","1.36","6.70","1.12","1.74","2.09"
"2313","27-10-18 16:15","Spain","LaLiga","2018/2019","Ath Bilbao","Valencia","2.83","3.24","2.63","1.09","8.00","1.41","3.00","2.35","1.66","4.12","1.25","9.20","1.07","1.90","1.90"
"2314","27-10-18 13:00","Spain","LaLiga","2018/2019","Girona","Rayo Vallecano","1.96","3.52","4.02","1.05","11.00","1.29","3.74","1.99","1.91","3.24","1.37","6.50","1.13","1.78","2.04"
"2315","26-10-18 21:00","Spain","LaLiga","2018/2019","Valladolid","Espanyol","3.36","3.26","2.29","1.09","8.00","1.48","2.75","2.47","1.57","4.80","1.20","9.90","1.06","2.10","1.74"
"2316","24-10-18 19:00","Spain","LaLiga","2018/2019","Rayo Vallecano","Ath Bilbao","3.22","3.54","2.22","1.05","12.00","1.26","4.00","1.90","2.00","3.06","1.40","5.95","1.14","1.65","2.24"
"2317","22-10-18 21:00","Spain","LaLiga","2018/2019","Real Sociedad","Girona","1.77","3.78","4.80","1.08","9.00","1.37","3.20","2.26","1.73","3.78","1.29","7.50","1.10","1.98","1.83"
"2318","21-10-18 20:45","Spain","LaLiga","2018/2019","Betis","Valladolid","1.62","3.84","6.30","1.06","10.00","1.32","3.50","2.02","1.91","3.42","1.33","7.00","1.11","1.98","1.83"
"2319","21-10-18 18:30","Spain","LaLiga","2018/2019","Huesca","Espanyol","4.04","3.54","1.97","1.08","9.00","1.41","3.00","2.38","1.66","4.12","1.25","8.40","1.08","1.98","1.83"
"2320","21-10-18 16:15","Spain","LaLiga","2018/2019","Eibar","Ath Bilbao","2.87","3.28","2.61","1.08","9.00","1.34","3.40","2.26","1.73","3.78","1.29","7.50","1.10","1.83","1.98"
"2321","21-10-18 12:00","Spain","LaLiga","2018/2019","Rayo Vallecano","Getafe","3.18","3.30","2.38","1.08","8.70","1.36","3.26","2.30","1.71","4.12","1.25","8.60","1.08","1.91","1.89"
"2322","20-10-18 20:45","Spain","LaLiga","2018/2019","Barcelona","Sevilla","1.26","7.00","9.60","1.01","21.00","1.06","9.50","1.29","3.80","1.77","2.10","2.61","1.52","1.59","2.36"
"2323","20-10-18 18:30","Spain","LaLiga","2018/2019","Villarreal","Atl. Madrid","4.50","3.24","1.98","1.10","7.30","1.47","2.76","2.55","1.54","5.10","1.18","11.00","1.05","2.11","1.73"
"2324","20-10-18 16:15","Spain","LaLiga","2018/2019","Valencia","Leganes","1.60","3.66","7.10","1.11","7.00","1.41","3.00","2.37","1.62","4.46","1.22","9.20","1.07","2.24","1.65"
"2325","20-10-18 13:00","Spain","LaLiga","2018/2019","Real Madrid","Levante","1.14","9.10","21.00","1.01","14.00","1.06","10.00","1.26","4.00","1.70","2.20","2.57","1.53","1.90","1.90"
"2326","19-10-18 21:00","Spain","LaLiga","2018/2019","Celta Vigo","Alaves","1.78","4.04","4.38","1.04","12.50","1.25","4.20","1.83","2.11","3.10","1.39","5.55","1.16","1.79","2.03"
"2327","07-10-18 20:45","Spain","LaLiga","2018/2019","Valencia","Barcelona","5.85","4.24","1.59","1.02","17.00","1.19","5.00","1.61","2.38","2.47","1.57","4.46","1.22","1.53","2.50"
"2328","07-10-18 18:30","Spain","LaLiga","2018/2019","Espanyol","Villarreal","2.34","3.26","3.30","1.08","8.70","1.36","3.26","2.30","1.71","4.12","1.25","8.60","1.08","1.80","2.01"
"2329","07-10-18 18:30","Spain","LaLiga","2018/2019","Sevilla","Celta Vigo","1.44","4.66","7.70","1.01","21.00","1.16","5.50","1.48","2.75","2.26","1.73","3.66","1.30","1.61","2.31"
"2330","07-10-18 16:15","Spain","LaLiga","2018/2019","Atl. Madrid","Betis","1.58","3.64","7.80","1.10","7.60","1.42","2.99","2.30","1.71","4.12","1.25","8.60","1.08","2.16","1.69"
"2331","07-10-18 12:00","Spain","LaLiga","2018/2019","Valladolid","Huesca","1.92","3.50","4.34","1.06","10.00","1.34","3.40","2.15","1.80","3.78","1.29","7.50","1.10","1.90","1.90"
"2332","06-10-18 20:45","Spain","LaLiga","2018/2019","Leganes","Rayo Vallecano","1.98","3.36","4.26","1.08","8.60","1.37","3.22","2.31","1.70","4.12","1.25","8.60","1.08","1.82","1.99"
"2333","06-10-18 18:30","Spain","LaLiga","2018/2019","Alaves","Real Madrid","10.00","5.30","1.33","1.01","18.00","1.14","6.00","1.44","2.88","2.17","1.79","3.44","1.33","1.60","2.34"
"2334","06-10-18 16:15","Spain","LaLiga","2018/2019","Getafe","Levante","1.71","3.78","5.30","1.06","10.00","1.32","3.50","2.02","1.91","3.42","1.33","7.00","1.11","1.90","1.90"
"2335","06-10-18 13:00","Spain","LaLiga","2018/2019","Girona","Eibar","2.07","3.22","4.12","1.08","8.50","1.38","3.19","2.33","1.69","4.24","1.24","8.60","1.08","1.77","2.05"
"2336","05-10-18 21:00","Spain","LaLiga","2018/2019","Ath Bilbao","Real Sociedad","1.90","3.46","4.52","1.06","9.60","1.30","3.66","2.11","1.83","3.52","1.32","7.10","1.11","1.74","2.09"
"2337","01-10-18 21:00","Spain","LaLiga","2018/2019","Celta Vigo","Getafe","2.22","3.28","3.54","1.09","8.00","1.41","3.00","2.38","1.66","4.12","1.25","9.20","1.07","1.98","1.83"
"2338","30-09-18 20:45","Spain","LaLiga","2018/2019","Betis","Leganes","1.67","3.64","6.15","1.08","8.50","1.38","3.19","2.23","1.75","3.92","1.27","8.00","1.09","1.91","1.89"
"2339","30-09-18 18:30","Spain","LaLiga","2018/2019","Levante","Alaves","2.26","3.64","3.12","1.04","12.50","1.25","4.20","1.83","2.11","2.92","1.43","5.10","1.18","1.53","2.50"
"2340","30-09-18 16:15","Spain","LaLiga","2018/2019","Villarreal","Valladolid","1.45","4.40","8.40","1.05","11.50","1.27","3.94","1.83","2.11","3.10","1.39","5.55","1.16","1.80","2.01"
"2341","30-09-18 12:00","Spain","LaLiga","2018/2019","Huesca","Girona","2.92","3.24","2.59","1.08","8.60","1.37","3.22","2.21","1.76","4.12","1.25","8.60","1.08","1.75","2.08"
"2342","29-09-18 20:45","Spain","LaLiga","2018/2019","Real Madrid","Atl. Madrid","2.28","3.36","3.34","1.06","10.50","1.31","3.58","2.05","1.88","3.52","1.32","7.10","1.11","1.75","2.08"
"2343","29-09-18 18:30","Spain","LaLiga","2018/2019","Eibar","Sevilla","3.66","3.64","2.05","1.03","13.00","1.23","4.32","1.84","2.10","2.86","1.45","5.40","1.17","1.65","2.24"
"2344","29-09-18 16:15","Spain","LaLiga","2018/2019","Barcelona","Ath Bilbao","1.19","7.50","15.00","1.01","21.00","1.16","5.50","1.41","3.00","2.26","1.73","3.42","1.33","2.04","1.78"
"2345","29-09-18 13:00","Spain","LaLiga","2018/2019","Real Sociedad","Valencia","2.67","3.46","2.69","1.08","9.00","1.37","3.20","2.26","1.73","4.12","1.25","8.40","1.08","1.73","2.11"
"2346","28-09-18 21:00","Spain","LaLiga","2018/2019","Rayo Vallecano","Espanyol","3.24","3.34","2.33","1.09","8.00","1.41","3.00","2.38","1.66","4.12","1.25","8.40","1.08","1.90","1.90"
"2347","27-09-18 22:00","Spain","LaLiga","2018/2019","Girona","Betis","2.34","3.30","3.24","1.06","9.60","1.33","3.44","2.21","1.76","3.84","1.28","8.00","1.09","1.74","2.09"
"2348","27-09-18 20:00","Spain","LaLiga","2018/2019","Alaves","Getafe","3.20","3.04","2.53","1.13","6.55","1.48","2.75","2.61","1.52","5.55","1.16","11.00","1.05","2.06","1.76"
"2349","27-09-18 20:00","Spain","LaLiga","2018/2019","Valladolid","Levante","1.89","3.68","4.26","1.03","13.00","1.23","4.34","1.78","2.17","2.84","1.45","5.55","1.16","1.62","2.30"
"2350","26-09-18 22:00","Spain","LaLiga","2018/2019","Sevilla","Real Madrid","4.48","4.22","1.73","1.01","26.00","1.11","7.00","1.37","3.20","2.02","1.91","3.24","1.37","1.36","3.14"
"2351","26-09-18 22:00","Spain","LaLiga","2018/2019","Valencia","Celta Vigo","1.69","4.04","5.05","1.03","13.00","1.23","4.32","1.70","2.20","2.66","1.50","5.40","1.17","1.74","2.10"
"2352","26-09-18 20:00","Spain","LaLiga","2018/2019","Ath Bilbao","Villarreal","2.33","3.36","3.22","1.05","10.50","1.30","3.70","1.98","1.94","3.38","1.34","7.10","1.11","1.67","2.20"
"2353","26-09-18 20:00","Spain","LaLiga","2018/2019","Leganes","Barcelona","14.50","6.00","1.25","1.03","15.00","1.22","4.50","1.61","2.38","2.57","1.53","4.46","1.22","1.95","1.85"
"2354","25-09-18 22:00","Spain","LaLiga","2018/2019","Atl. Madrid","Huesca","1.20","7.50","18.00","1.03","11.00","1.18","4.54","1.66","2.36","2.61","1.47","4.60","1.15","2.50","1.57"
"2355","25-09-18 21:00","Spain","LaLiga","2018/2019","Real Sociedad","Rayo Vallecano","1.58","4.08","6.20","1.05","11.50","1.26","4.08","1.86","2.08","3.01","1.41","6.05","1.14","1.91","1.89"
"2356","25-09-18 20:00","Spain","LaLiga","2018/2019","Espanyol","Eibar","1.85","3.34","5.05","1.10","7.60","1.42","2.99","2.38","1.61","4.36","1.23","9.30","1.07","2.04","1.78"
"2357","23-09-18 20:45","Spain","LaLiga","2018/2019","Barcelona","Girona","1.08","11.00","26.00","","","1.07","9.40","1.27","3.94","1.70","2.21","2.55","1.54","2.00","1.81"
"2358","23-09-18 20:00","Spain","LaLiga","2018/2019","Betis","Ath Bilbao","2.23","3.42","3.68","1.03","9.30","1.37","3.14","2.27","1.74","4.04","1.24","8.00","1.05","1.90","1.98"
"2359","23-09-18 16:15","Spain","LaLiga","2018/2019","Villarreal","Valencia","2.19","3.36","3.56","1.06","10.50","1.30","3.68","1.91","2.01","3.26","1.36","6.70","1.12","1.71","2.14"
"2360","23-09-18 12:00","Spain","LaLiga","2018/2019","Levante","Sevilla","4.04","3.94","1.87","1.02","16.00","1.20","4.84","1.57","2.47","2.40","1.60","4.50","1.22","1.48","2.66"
"2361","22-09-18 20:45","Spain","LaLiga","2018/2019","Real Madrid","Espanyol","1.26","6.10","12.00","1.01","19.00","1.14","6.00","1.48","2.75","2.26","1.73","3.42","1.33","1.83","1.98"
"2362","22-09-18 18:30","Spain","LaLiga","2018/2019","Getafe","Atl. Madrid","6.75","3.24","1.72","1.14","6.00","1.61","2.38","2.86","1.45","5.95","1.14","12.00","1.04","2.30","1.62"
"2363","22-09-18 16:15","Spain","LaLiga","2018/2019","Celta Vigo","Valladolid","1.75","3.64","5.30","1.05","11.00","1.29","3.74","2.02","1.91","3.24","1.37","6.50","1.13","1.83","1.98"
"2364","22-09-18 16:15","Spain","LaLiga","2018/2019","Eibar","Leganes","2.07","3.14","4.24","1.14","6.00","1.61","2.38","2.86","1.45","5.95","1.14","12.00","1.04","2.31","1.61"
"2365","22-09-18 13:00","Spain","LaLiga","2018/2019","Rayo Vallecano","Alaves","1.96","3.62","4.02","1.06","10.00","1.34","3.40","2.15","1.80","3.78","1.29","7.50","1.10","1.90","1.90"
"2366","21-09-18 21:00","Spain","LaLiga","2018/2019","Huesca","Real Sociedad","3.48","3.48","2.16","1.08","9.00","1.37","3.20","2.26","1.73","4.12","1.25","8.40","1.08","1.90","1.90"
"2367","17-09-18 21:00","Spain","LaLiga","2018/2019","Girona","Celta Vigo","2.35","3.64","3.22","1.04","9.40","1.24","4.04","1.91","2.06","3.10","1.37","5.75","1.11","1.69","2.25"
"2368","16-09-18 20:45","Spain","LaLiga","2018/2019","Sevilla","Getafe","1.58","3.94","6.60","1.06","10.50","1.30","3.68","1.99","1.93","3.26","1.36","6.70","1.12","1.85","1.95"
"2369","16-09-18 18:30","Spain","LaLiga","2018/2019","Valladolid","Alaves","2.12","3.20","3.94","1.11","7.00","1.51","2.63","2.66","1.50","5.40","1.17","11.00","1.05","2.15","1.70"
"2370","16-09-18 16:15","Spain","LaLiga","2018/2019","Espanyol","Levante","1.66","3.90","5.65","1.05","11.00","1.29","3.74","2.10","1.83","3.42","1.33","7.00","1.11","1.90","1.90"
"2371","16-09-18 12:00","Spain","LaLiga","2018/2019","Leganes","Villarreal","3.30","3.13","2.42","1.10","7.60","1.42","2.99","2.39","1.66","4.36","1.23","9.30","1.07","1.80","2.01"
"2372","15-09-18 20:45","Spain","LaLiga","2018/2019","Ath Bilbao","Real Madrid","6.80","4.28","1.52","1.01","20.00","1.13","6.45","1.46","2.82","2.19","1.77","3.52","1.32","1.49","2.63"
"2373","15-09-18 18:30","Spain","LaLiga","2018/2019","Valencia","Betis","1.63","4.06","5.60","1.02","15.00","1.20","4.78","1.63","2.34","2.50","1.56","4.80","1.20","1.58","2.39"
"2374","15-09-18 16:15","Spain","LaLiga","2018/2019","Real Sociedad","Barcelona","9.00","5.30","1.36","1.01","20.00","1.15","5.85","1.46","2.79","2.33","1.69","3.84","1.28","1.64","2.26"
"2375","15-09-18 13:00","Spain","LaLiga","2018/2019","Atl. Madrid","Eibar","1.38","4.30","12.50","1.10","7.40","1.46","2.79","2.32","1.64","4.50","1.22","9.30","1.07","2.63","1.49"
"2376","14-09-18 21:00","Spain","LaLiga","2018/2019","Huesca","Rayo Vallecano","2.31","3.42","3.22","1.05","11.00","1.29","3.74","2.10","1.83","3.42","1.33","6.50","1.13","1.60","2.33"
"2377","02-09-18 20:45","Spain","LaLiga","2018/2019","Betis","Sevilla","3.24","3.44","2.28","1.05","11.50","1.26","3.98","1.90","2.03","3.06","1.40","6.05","1.14","1.54","2.47"
"2378","02-09-18 18:30","Spain","LaLiga","2018/2019","Barcelona","Huesca","1.05","15.00","34.00","","","1.03","13.00","1.19","5.00","1.51","2.63","2.26","1.73","2.24","1.65"
"2379","02-09-18 16:15","Spain","LaLiga","2018/2019","Alaves","Espanyol","3.30","3.15","2.41","1.10","7.30","1.47","2.76","2.52","1.55","5.10","1.18","10.00","1.06","1.94","1.86"
"2380","02-09-18 12:00","Spain","LaLiga","2018/2019","Levante","Valencia","3.58","3.58","2.10","1.03","13.00","1.26","4.00","1.92","2.00","3.06","1.40","5.95","1.14","1.70","2.15"
"2381","01-09-18 20:45","Spain","LaLiga","2018/2019","Real Madrid","Leganes","1.15","8.50","19.00","1.01","22.00","1.15","5.75","1.43","2.89","2.15","1.80","3.26","1.36","2.04","1.78"
"2382","01-09-18 18:30","Spain","LaLiga","2018/2019","Celta Vigo","Atl. Madrid","5.85","3.62","1.70","1.06","9.60","1.37","3.22","2.19","1.77","3.84","1.28","8.60","1.08","1.96","1.84"
"2383","31-08-18 22:00","Spain","LaLiga","2018/2019","Eibar","Real Sociedad","3.05","3.34","2.44","1.08","8.50","1.43","2.93","2.43","1.64","4.50","1.22","9.30","1.07","1.84","1.97"
"2384","31-08-18 22:00","Spain","LaLiga","2018/2019","Villarreal","Girona","1.53","4.28","6.60","1.03","13.00","1.26","4.00","1.92","2.00","3.06","1.40","5.95","1.14","1.90","1.90"
"2385","31-08-18 20:00","Spain","LaLiga","2018/2019","Getafe","Valladolid","1.92","3.12","5.15","1.13","6.30","1.56","2.50","2.73","1.48","5.55","1.16","12.00","1.04","2.14","1.71"
"2386","27-08-18 22:00","Spain","LaLiga","2018/2019","Ath Bilbao","Huesca","1.54","4.04","7.10","1.03","13.00","1.26","4.00","1.92","2.00","3.06","1.40","5.95","1.14","1.70","2.15"
"2387","27-08-18 20:15","Spain","LaLiga","2018/2019","Levante","Celta Vigo","2.29","3.52","3.18","1.02","13.00","1.25","4.10","1.75","2.23","2.74","1.48","5.20","1.18","1.55","2.47"
"2388","26-08-18 22:15","Spain","LaLiga","2018/2019","Girona","Real Madrid","10.00","5.30","1.33","1.03","15.00","1.19","5.00","1.61","2.38","2.57","1.53","4.46","1.22","1.90","1.90"
"2389","26-08-18 22:15","Spain","LaLiga","2018/2019","Sevilla","Villarreal","1.91","3.64","4.20","1.03","13.00","1.23","4.32","1.84","2.10","2.86","1.45","5.40","1.17","1.53","2.50"
"2390","26-08-18 18:15","Spain","LaLiga","2018/2019","Espanyol","Valencia","3.22","3.28","2.37","1.08","9.00","1.41","3.00","2.38","1.66","4.12","1.25","9.20","1.07","1.73","2.11"
"2391","25-08-18 22:15","Spain","LaLiga","2018/2019","Valladolid","Barcelona","18.00","7.60","1.18","1.02","17.00","1.14","6.00","1.48","2.75","2.26","1.73","3.66","1.30","2.15","1.70"
"2392","25-08-18 20:15","Spain","LaLiga","2018/2019","Atl. Madrid","Rayo Vallecano","1.16","7.10","26.00","1.03","13.00","1.22","4.50","1.61","2.38","2.57","1.53","4.46","1.22","2.53","1.52"
"2393","25-08-18 18:15","Spain","LaLiga","2018/2019","Alaves","Betis","3.02","3.32","2.47","1.08","9.00","1.41","3.00","2.38","1.66","4.12","1.25","8.40","1.08","1.90","1.90"
"2394","24-08-18 22:15","Spain","LaLiga","2018/2019","Leganes","Real Sociedad","3.44","3.24","2.28","1.11","7.00","1.51","2.63","2.66","1.50","5.40","1.17","11.00","1.05","2.15","1.70"
"2395","24-08-18 20:15","Spain","LaLiga","2018/2019","Getafe","Eibar","2.23","3.16","4.02","1.10","7.00","1.56","2.43","2.95","1.48","5.60","1.15","12.50","1.03","2.33","1.66"
"2396","20-08-18 22:00","Spain","LaLiga","2018/2019","Ath Bilbao","Leganes","1.62","3.86","6.20","1.07","9.40","1.38","3.16","2.25","1.74","3.92","1.27","8.00","1.09","1.91","1.89"
"2397","20-08-18 20:00","Spain","LaLiga","2018/2019","Valencia","Atl. Madrid","3.94","3.34","2.06","1.08","8.50","1.43","2.93","2.33","1.69","4.24","1.24","8.60","1.08","1.80","2.01"
"2398","19-08-18 22:15","Spain","LaLiga","2018/2019","Real Madrid","Getafe","1.17","7.50","19.00","1.01","22.00","1.13","6.35","1.38","3.19","2.13","1.82","3.20","1.37","1.80","2.01"
"2399","19-08-18 20:15","Spain","LaLiga","2018/2019","Rayo Vallecano","Sevilla","5.05","3.90","1.72","1.03","13.50","1.24","4.26","1.74","2.13","2.88","1.44","5.55","1.16","1.64","2.26"
"2400","19-08-18 18:15","Spain","LaLiga","2018/2019","Eibar","Huesca","1.69","3.86","5.40","1.06","9.50","1.33","3.46","2.13","1.82","3.84","1.28","8.00","1.09","1.80","2.01"
"2401","18-08-18 22:15","Spain","LaLiga","2018/2019","Barcelona","Alaves","1.07","12.00","26.00","1.01","26.00","1.08","9.00","1.32","3.50","1.77","2.10","2.66","1.50","2.14","1.71"
"2402","18-08-18 20:15","Spain","LaLiga","2018/2019","Villarreal","Real Sociedad","2.09","3.32","3.90","1.06","10.50","1.30","3.66","2.10","1.84","3.52","1.32","8.00","1.09","1.69","2.17"
"2403","18-08-18 18:15","Spain","LaLiga","2018/2019","Celta Vigo","Espanyol","1.96","3.44","4.22","1.06","9.60","1.33","3.48","2.10","1.84","3.84","1.28","8.00","1.09","1.74","2.09"
"2404","17-08-18 22:15","Spain","LaLiga","2018/2019","Betis","Levante","1.51","4.22","7.20","1.03","13.50","1.21","4.66","1.67","2.26","2.66","1.50","4.96","1.19","1.62","2.30"
"2405","17-08-18 20:15","Spain","LaLiga","2018/2019","Girona","Valladolid","1.68","3.64","6.00","1.08","8.60","1.37","3.22","2.19","1.77","4.12","1.25","8.60","1.08","1.92","1.88"
"2407","20-05-18 20:45","Spain","LaLiga","2017/2018","Barcelona","Real Sociedad","1.33","6.30","8.50","","","1.05","8.70","1.18","4.24","1.52","2.46","2.31","1.69","1.41","3.10"
"2408","20-05-18 18:30","Spain","LaLiga","2017/2018","Atl. Madrid","Eibar","1.47","4.40","8.40","1.02","13.50","1.23","3.98","1.85","2.08","2.99","1.37","5.45","1.10","1.98","1.90"
"2409","20-05-18 16:15","Spain","LaLiga","2017/2018","Ath Bilbao","Espanyol","1.92","3.72","4.10","1.02","13.50","1.24","3.88","1.86","2.05","3.10","1.35","5.70","1.10","1.67","2.30"
"2410","20-05-18 12:00","Spain","LaLiga","2017/2018","Valencia","Dep. La Coruna","1.28","6.30","11.00","1.01","23.00","1.06","6.90","1.30","3.40","1.86","2.05","2.86","1.40","1.65","2.31"
"2411","19-05-18 20:45","Spain","LaLiga","2017/2018","Villarreal","Real Madrid","4.54","5.05","1.66","","","1.05","8.80","1.19","4.44","1.58","2.58","2.24","1.62","1.29","3.94"
"2412","19-05-18 18:30","Spain","LaLiga","2017/2018","Las Palmas","Girona","3.50","3.92","2.06","1.01","18.00","1.16","4.94","1.61","2.48","2.43","1.53","4.20","1.18","1.50","2.75"
"2413","19-05-18 18:30","Spain","LaLiga","2017/2018","Malaga","Getafe","3.30","3.64","2.23","1.03","12.00","1.26","3.70","1.92","1.98","3.20","1.33","5.90","1.09","1.70","2.22"
"2414","19-05-18 18:30","Spain","LaLiga","2017/2018","Sevilla","Alaves","1.31","6.20","9.60","","","1.06","6.85","1.31","3.32","1.88","2.03","2.90","1.39","1.64","2.38"
"2415","19-05-18 16:15","Spain","LaLiga","2017/2018","Leganes","Betis","2.38","3.70","2.98","1.03","10.00","1.18","4.70","1.66","2.37","2.55","1.49","4.50","1.16","1.59","2.49"
"2416","19-05-18 13:00","Spain","LaLiga","2017/2018","Celta Vigo","Levante","1.60","4.64","5.40","1.01","13.00","1.09","5.90","1.39","2.90","2.10","1.82","3.40","1.30","1.50","2.74"
"2417","13-05-18 20:45","Spain","LaLiga","2017/2018","Levante","Barcelona","8.00","5.60","1.39","","","1.05","7.60","1.27","3.62","1.85","2.08","2.74","1.43","1.52","2.68"
"2418","13-05-18 16:15","Spain","LaLiga","2017/2018","Espanyol","Malaga","1.64","3.94","6.30","1.01","10.00","1.29","3.46","2.14","1.79","3.70","1.26","7.00","1.06","2.10","1.75"
"2419","12-05-18 20:45","Spain","LaLiga","2017/2018","Real Madrid","Celta Vigo","1.25","7.00","12.00","","","1.05","8.80","1.20","4.30","1.56","2.60","2.24","1.70","1.51","2.70"
"2420","12-05-18 18:30","Spain","LaLiga","2017/2018","Alaves","Ath Bilbao","3.02","3.32","2.63","1.03","10.00","1.32","3.38","2.16","1.83","3.78","1.27","7.30","1.06","1.88","2.01"
"2421","12-05-18 18:30","Spain","LaLiga","2017/2018","Betis","Sevilla","3.04","3.76","2.34","1.02","12.00","1.10","5.45","1.46","2.64","2.28","1.69","3.80","1.25","1.47","2.75"
"2422","12-05-18 18:30","Spain","LaLiga","2017/2018","Dep. La Coruna","Villarreal","4.86","4.50","1.69","1.02","11.00","1.15","5.10","1.59","2.49","2.39","1.55","4.10","1.19","1.60","2.38"
"2423","12-05-18 18:30","Spain","LaLiga","2017/2018","Eibar","Las Palmas","1.43","5.05","8.00","1.02","12.00","1.13","5.65","1.56","2.56","2.26","1.61","3.84","1.21","1.79","2.12"
"2424","12-05-18 18:30","Spain","LaLiga","2017/2018","Getafe","Atl. Madrid","3.78","3.10","2.30","1.08","6.30","1.56","2.36","3.06","1.43","6.10","1.11","11.50","1.03","2.38","1.62"
"2425","12-05-18 18:30","Spain","LaLiga","2017/2018","Girona","Valencia","2.14","3.70","3.52","1.03","10.00","1.20","4.34","1.74","2.22","2.74","1.43","4.94","1.13","1.62","2.38"
"2426","12-05-18 16:15","Spain","LaLiga","2017/2018","Real Sociedad","Leganes","1.42","4.80","9.00","1.03","10.00","1.18","4.70","1.69","2.28","2.61","1.47","4.70","1.14","2.00","1.89"
"2427","09-05-18 21:30","Spain","LaLiga","2017/2018","Sevilla","Real Madrid","2.10","4.20","3.18","1.01","25.00","1.06","7.00","1.30","3.40","1.88","2.09","2.86","1.40","1.33","3.50"
"2428","09-05-18 20:00","Spain","LaLiga","2017/2018","Barcelona","Villarreal","1.38","5.10","9.20","1.01","15.00","1.09","6.95","1.30","3.40","1.85","2.06","2.82","1.41","1.57","2.54"
"2429","07-05-18 21:00","Spain","LaLiga","2017/2018","Leganes","Levante","2.28","3.22","3.68","1.03","9.00","1.34","3.15","2.25","1.74","3.98","1.23","7.70","1.05","1.91","1.96"
"2430","06-05-18 20:45","Spain","LaLiga","2017/2018","Barcelona","Real Madrid","1.80","4.64","4.14","1.01","13.00","1.07","7.60","1.29","3.64","1.78","2.23","2.69","1.47","1.32","3.64"
"2431","06-05-18 18:30","Spain","LaLiga","2017/2018","Las Palmas","Getafe","2.54","3.36","3.03","1.01","10.00","1.29","3.40","2.07","1.86","3.46","1.28","6.50","1.06","1.80","2.09"
"2432","06-05-18 16:15","Spain","LaLiga","2017/2018","Atl. Madrid","Espanyol","1.59","3.74","8.20","1.03","8.90","1.33","3.20","2.26","1.75","3.80","1.25","7.20","1.06","2.46","1.61"
"2433","06-05-18 12:00","Spain","LaLiga","2017/2018","Malaga","Alaves","2.23","3.38","3.72","1.04","9.10","1.35","3.20","2.36","1.69","4.04","1.24","8.10","1.05","1.95","1.89"
"2434","05-05-18 20:45","Spain","LaLiga","2017/2018","Villarreal","Valencia","2.58","3.52","2.94","1.03","10.00","1.19","4.70","1.76","2.24","2.65","1.48","4.80","1.15","1.60","2.40"
"2435","05-05-18 18:30","Spain","LaLiga","2017/2018","Celta Vigo","Dep. La Coruna","1.80","3.94","4.74","1.02","10.50","1.15","5.20","1.64","2.40","2.39","1.55","4.14","1.18","1.58","2.41"
"2436","05-05-18 16:15","Spain","LaLiga","2017/2018","Ath Bilbao","Betis","2.18","3.64","3.58","1.04","9.50","1.22","4.30","1.86","2.12","2.96","1.40","5.50","1.12","1.70","2.25"
"2437","05-05-18 13:00","Spain","LaLiga","2017/2018","Girona","Eibar","2.17","3.46","3.80","1.03","9.50","1.36","3.15","2.25","1.75","4.04","1.24","7.80","1.06","1.97","1.91"
"2438","04-05-18 21:00","Spain","LaLiga","2017/2018","Sevilla","Real Sociedad","2.22","3.68","3.44","1.01","18.00","1.14","5.70","1.58","2.61","2.28","1.63","3.92","1.22","1.46","2.75"
"2439","30-04-18 21:00","Spain","LaLiga","2017/2018","Betis","Malaga","1.49","4.72","7.40","1.04","12.50","1.24","3.88","1.95","1.99","3.15","1.34","5.80","1.10","2.08","1.82"
"2440","29-04-18 20:45","Spain","LaLiga","2017/2018","Dep. La Coruna","Barcelona","15.00","7.50","1.23","1.01","25.00","1.07","7.70","1.24","4.04","1.74","2.27","2.51","1.53","1.69","2.28"
"2441","29-04-18 18:30","Spain","LaLiga","2017/2018","Valencia","Eibar","1.56","4.32","7.20","1.03","10.00","1.18","4.84","1.76","2.24","2.69","1.47","4.84","1.15","1.83","2.02"
"2442","29-04-18 16:15","Spain","LaLiga","2017/2018","Alaves","Atl. Madrid","3.72","3.36","2.24","1.04","9.00","1.35","3.20","2.35","1.71","4.20","1.23","8.10","1.05","2.04","1.85"
"2443","29-04-18 12:00","Spain","LaLiga","2017/2018","Getafe","Girona","1.99","3.36","4.70","1.06","7.30","1.46","2.72","2.67","1.58","5.10","1.17","10.50","1.03","2.27","1.67"
"2444","28-04-18 20:45","Spain","LaLiga","2017/2018","Villarreal","Celta Vigo","1.73","4.10","5.30","1.03","10.00","1.21","4.40","1.82","2.15","2.88","1.42","5.30","1.13","1.73","2.12"
"2445","28-04-18 18:30","Spain","LaLiga","2017/2018","Real Madrid","Leganes","1.50","4.60","7.80","1.02","11.00","1.13","5.40","1.52","2.53","2.53","1.62","4.30","1.22","1.75","2.16"
"2446","28-04-18 16:15","Spain","LaLiga","2017/2018","Real Sociedad","Ath Bilbao","1.94","3.74","4.34","1.04","9.30","1.23","4.20","1.93","2.01","3.14","1.37","6.00","1.10","1.80","2.09"
"2447","28-04-18 13:00","Spain","LaLiga","2017/2018","Espanyol","Las Palmas","1.46","4.74","8.80","1.04","9.40","1.24","4.04","1.92","2.03","3.10","1.37","5.70","1.11","2.22","1.73"
"2448","27-04-18 21:00","Spain","LaLiga","2017/2018","Levante","Sevilla","4.24","3.94","1.91","1.03","11.00","1.17","5.10","1.66","2.41","2.51","1.53","4.40","1.18","1.62","2.41"
"2449","23-04-18 21:00","Spain","LaLiga","2017/2018","Ath Bilbao","Levante","1.75","3.78","5.65","1.02","10.50","1.31","3.46","2.12","1.86","3.68","1.28","7.30","1.06","2.03","1.85"
"2450","22-04-18 20:45","Spain","LaLiga","2017/2018","Atl. Madrid","Betis","1.62","3.92","7.10","1.03","9.70","1.30","3.52","2.18","1.80","3.68","1.28","7.30","1.06","2.20","1.72"
"2451","22-04-18 18:30","Spain","LaLiga","2017/2018","Las Palmas","Alaves","3.12","3.50","2.46","1.02","10.50","1.30","3.52","2.15","1.82","3.68","1.28","7.10","1.07","1.80","2.05"
"2452","22-04-18 16:15","Spain","LaLiga","2017/2018","Malaga","Real Sociedad","4.36","3.44","2.03","1.03","9.60","1.31","3.46","2.19","1.79","3.68","1.28","7.30","1.06","1.95","1.92"
"2453","22-04-18 12:00","Spain","LaLiga","2017/2018","Girona","Espanyol","2.25","3.16","3.98","1.06","7.60","1.40","2.96","2.58","1.61","4.70","1.19","9.60","1.03","2.14","1.78"
"2454","21-04-18 16:15","Spain","LaLiga","2017/2018","Celta Vigo","Valencia","2.67","3.60","2.78","1.03","10.00","1.20","4.32","1.69","2.36","2.57","1.48","4.58","1.18","1.57","2.50"
"2455","21-04-18 13:00","Spain","LaLiga","2017/2018","Eibar","Getafe","2.33","2.98","4.04","1.09","6.50","1.49","2.63","2.88","1.50","5.50","1.15","11.00","1.02","2.25","1.68"
"2456","20-04-18 21:00","Spain","LaLiga","2017/2018","Leganes","Dep. La Coruna","2.43","3.30","3.36","1.04","8.90","1.37","3.14","2.31","1.73","4.04","1.24","7.80","1.06","1.95","1.93"
"2457","19-04-18 21:30","Spain","LaLiga","2017/2018","Betis","Las Palmas","1.38","5.70","9.00","1.02","12.00","1.14","5.90","1.56","2.71","2.24","1.65","3.82","1.23","1.74","2.19"
"2458","19-04-18 21:30","Spain","LaLiga","2017/2018","Levante","Malaga","2.00","3.44","4.50","1.03","9.30","1.33","3.32","2.32","1.73","3.86","1.26","7.60","1.06","2.09","1.81"
"2459","19-04-18 19:30","Spain","LaLiga","2017/2018","Alaves","Girona","2.04","3.42","4.36","1.05","8.40","1.39","3.00","2.46","1.66","4.40","1.21","8.80","1.04","2.13","1.76"
"2460","19-04-18 19:30","Spain","LaLiga","2017/2018","Real Sociedad","Atl. Madrid","3.12","3.34","2.55","1.03","9.80","1.30","3.52","2.19","1.81","3.68","1.28","7.30","1.06","1.90","1.98"
"2461","18-04-18 21:30","Spain","LaLiga","2017/2018","Real Madrid","Ath Bilbao","1.20","8.70","16.00","","","1.06","7.70","1.22","4.30","1.71","2.32","2.45","1.55","1.74","2.18"
"2462","18-04-18 19:30","Spain","LaLiga","2017/2018","Espanyol","Eibar","2.06","3.22","4.60","1.08","6.90","1.50","2.59","2.82","1.53","5.50","1.15","11.00","1.02","2.29","1.69"
"2463","18-04-18 19:30","Spain","LaLiga","2017/2018","Valencia","Getafe","1.71","3.78","6.15","1.02","11.00","1.25","3.96","2.01","1.95","3.26","1.34","6.20","1.10","1.95","1.91"
"2464","17-04-18 21:30","Spain","LaLiga","2017/2018","Villarreal","Leganes","1.59","4.04","7.40","1.04","9.10","1.35","3.20","2.32","1.71","4.20","1.23","8.10","1.05","2.37","1.62"
"2465","17-04-18 21:00","Spain","LaLiga","2017/2018","Celta Vigo","Barcelona","3.80","3.80","2.06","1.02","16.00","1.12","5.50","1.49","2.63","2.41","1.68","3.96","1.25","1.53","2.62"
"2466","17-04-18 19:30","Spain","LaLiga","2017/2018","Dep. La Coruna","Sevilla","2.35","3.74","3.13","1.03","10.00","1.17","5.10","1.69","2.39","2.50","1.53","4.54","1.17","1.57","2.50"
"2467","15-04-18 20:45","Spain","LaLiga","2017/2018","Malaga","Real Madrid","9.50","5.50","1.38","1.02","12.00","1.14","5.20","1.50","2.59","2.41","1.68","4.04","1.24","1.75","2.12"
"2468","15-04-18 18:30","Spain","LaLiga","2017/2018","Getafe","Espanyol","2.22","3.13","4.12","1.09","6.60","1.53","2.50","2.90","1.49","5.90","1.14","12.00","1.01","2.33","1.64"
"2469","15-04-18 16:15","Spain","LaLiga","2017/2018","Atl. Madrid","Levante","1.29","5.70","16.00","1.04","9.50","1.21","4.40","1.84","2.14","2.88","1.42","5.30","1.13","2.69","1.52"
"2470","15-04-18 12:00","Spain","LaLiga","2017/2018","Eibar","Alaves","2.01","3.36","4.60","1.05","8.30","1.40","2.96","2.40","1.67","4.40","1.21","8.80","1.04","2.10","1.80"
"2471","14-04-18 20:45","Spain","LaLiga","2017/2018","Ath Bilbao","Dep. La Coruna","1.67","4.20","5.75","1.04","9.60","1.23","4.20","1.86","2.11","3.00","1.39","5.50","1.12","1.82","2.02"
"2472","14-04-18 18:30","Spain","LaLiga","2017/2018","Las Palmas","Real Sociedad","4.14","3.98","1.92","1.03","10.00","1.17","5.10","1.71","2.35","2.56","1.51","4.60","1.17","1.64","2.35"
"2473","14-04-18 18:30","Spain","LaLiga","2017/2018","Leganes","Celta Vigo","3.24","3.15","2.59","1.06","8.00","1.38","3.05","2.50","1.64","4.40","1.21","9.10","1.04","2.00","1.84"
"2474","14-04-18 16:15","Spain","LaLiga","2017/2018","Barcelona","Valencia","1.33","6.20","10.50","1.01","13.00","1.08","6.70","1.37","3.14","2.12","1.86","3.32","1.33","1.75","2.14"
"2475","14-04-18 13:00","Spain","LaLiga","2017/2018","Sevilla","Villarreal","1.77","4.14","4.86","1.03","11.00","1.17","5.10","1.70","2.35","2.53","1.52","4.54","1.17","1.67","2.30"
"2476","13-04-18 21:00","Spain","LaLiga","2017/2018","Girona","Betis","2.18","3.52","3.70","1.04","9.30","1.22","4.30","1.88","2.07","2.96","1.40","5.50","1.12","1.70","2.25"
"2477","09-04-18 21:00","Spain","LaLiga","2017/2018","Villarreal","Ath Bilbao","2.00","3.42","4.54","1.04","9.00","1.35","3.20","2.30","1.74","4.04","1.24","7.80","1.06","2.00","1.85"
"2478","08-04-18 20:45","Spain","LaLiga","2017/2018","Valencia","Espanyol","1.45","4.70","9.10","1.01","11.50","1.26","3.86","1.99","1.97","3.26","1.34","6.00","1.10","2.14","1.75"
"2479","08-04-18 18:30","Spain","LaLiga","2017/2018","Real Sociedad","Girona","2.12","3.54","3.88","1.05","8.60","1.27","3.78","2.06","1.91","3.38","1.32","6.50","1.09","1.80","2.06"
"2480","08-04-18 16:15","Spain","LaLiga","2017/2018","Real Madrid","Atl. Madrid","1.80","3.88","5.00","1.03","10.00","1.16","5.30","1.69","2.39","2.45","1.55","4.40","1.18","1.62","2.40"
"2481","08-04-18 12:00","Spain","LaLiga","2017/2018","Levante","Las Palmas","1.87","3.84","4.60","1.01","12.50","1.24","4.04","1.95","2.01","3.15","1.36","6.00","1.10","1.82","2.07"
"2482","07-04-18 20:45","Spain","LaLiga","2017/2018","Barcelona","Leganes","1.14","10.00","32.00","1.01","13.00","1.08","6.70","1.36","3.15","2.10","1.87","3.26","1.34","2.63","1.51"
"2483","07-04-18 18:30","Spain","LaLiga","2017/2018","Betis","Eibar","2.33","3.60","3.28","1.04","9.40","1.21","4.40","1.86","2.09","2.91","1.41","5.40","1.13","1.70","2.26"
"2484","07-04-18 16:15","Spain","LaLiga","2017/2018","Celta Vigo","Sevilla","2.35","3.68","3.17","1.03","10.00","1.20","4.54","1.79","2.19","2.76","1.45","5.10","1.14","1.64","2.37"
"2485","07-04-18 13:00","Spain","LaLiga","2017/2018","Alaves","Getafe","2.50","3.15","3.40","1.06","7.30","1.45","2.76","2.73","1.54","5.10","1.17","10.50","1.02","2.19","1.74"
"2486","06-04-18 21:00","Spain","LaLiga","2017/2018","Dep. La Coruna","Malaga","2.08","3.42","4.16","1.05","8.50","1.41","2.91","2.42","1.66","4.54","1.20","8.80","1.04","2.10","1.80"
"2487","02-04-18 21:00","Spain","LaLiga","2017/2018","Getafe","Betis","2.34","3.32","3.52","1.03","9.80","1.31","3.46","2.17","1.82","3.68","1.28","7.10","1.07","1.83","2.00"
"2488","01-04-18 20:45","Spain","LaLiga","2017/2018","Atl. Madrid","Dep. La Coruna","1.37","5.25","11.00","1.04","9.40","1.25","3.96","1.95","2.01","3.20","1.35","6.00","1.10","2.30","1.68"
"2489","01-04-18 18:30","Spain","LaLiga","2017/2018","Eibar","Real Sociedad","2.39","3.44","3.30","1.02","11.00","1.26","3.86","2.02","1.92","3.30","1.33","6.30","1.09","1.70","2.17"
"2490","01-04-18 18:30","Spain","LaLiga","2017/2018","Malaga","Villarreal","4.56","3.44","1.99","1.05","8.70","1.36","3.15","2.37","1.70","4.20","1.23","8.10","1.05","2.06","1.80"
"2491","01-04-18 16:15","Spain","LaLiga","2017/2018","Leganes","Valencia","3.86","3.38","2.19","1.05","8.60","1.37","3.14","2.34","1.72","4.24","1.22","8.50","1.05","1.99","1.89"
"2492","01-04-18 12:00","Spain","LaLiga","2017/2018","Espanyol","Alaves","1.98","3.34","4.80","1.06","7.60","1.41","2.91","2.59","1.59","4.70","1.19","9.20","1.03","2.22","1.67"
"2493","31-03-18 20:45","Spain","LaLiga","2017/2018","Sevilla","Barcelona","4.66","4.10","1.80","1.02","12.00","1.17","5.10","1.66","2.41","2.48","1.54","4.40","1.18","1.62","2.42"
"2494","31-03-18 18:30","Spain","LaLiga","2017/2018","Las Palmas","Real Madrid","9.10","6.00","1.36","1.01","14.00","1.06","7.60","1.29","3.60","1.90","2.05","2.83","1.43","1.60","2.46"
"2495","31-03-18 16:15","Spain","LaLiga","2017/2018","Ath Bilbao","Celta Vigo","2.29","3.34","3.62","1.03","9.80","1.30","3.52","2.16","1.81","3.64","1.29","7.10","1.07","1.89","1.99"
"2496","31-03-18 13:00","Spain","LaLiga","2017/2018","Girona","Levante","1.69","3.92","6.05","1.02","10.50","1.30","3.52","2.15","1.82","3.68","1.28","7.10","1.07","2.10","1.80"
"2497","18-03-18 20:45","Spain","LaLiga","2017/2018","Real Madrid","Girona","1.19","9.40","16.00","","","1.05","7.20","1.23","4.20","1.73","2.31","2.51","1.53","1.75","2.15"
"2498","18-03-18 18:30","Spain","LaLiga","2017/2018","Celta Vigo","Malaga","1.58","4.14","7.30","1.02","11.00","1.28","3.68","2.08","1.87","3.52","1.30","6.70","1.08","2.10","1.77"
"2499","18-03-18 18:30","Spain","LaLiga","2017/2018","Villarreal","Atl. Madrid","3.86","3.42","2.17","1.04","8.90","1.36","3.15","2.37","1.70","4.20","1.23","8.50","1.05","2.04","1.85"
"2500","18-03-18 16:15","Spain","LaLiga","2017/2018","Barcelona","Ath Bilbao","1.18","8.90","19.00","1.01","10.00","1.09","6.30","1.39","3.00","2.19","1.81","3.38","1.32","2.34","1.66"
"2501","18-03-18 12:00","Spain","LaLiga","2017/2018","Leganes","Sevilla","3.98","3.44","2.13","1.04","9.10","1.35","3.20","2.29","1.73","4.04","1.24","7.80","1.06","1.97","1.88"
"2502","17-03-18 20:45","Spain","LaLiga","2017/2018","Betis","Espanyol","2.34","3.38","3.44","1.02","10.50","1.28","3.68","2.11","1.86","3.46","1.31","6.70","1.08","1.80","2.05"
"2503","17-03-18 18:30","Spain","LaLiga","2017/2018","Real Sociedad","Getafe","1.80","3.72","5.30","1.02","11.00","1.27","3.78","2.09","1.88","3.52","1.30","6.90","1.08","1.95","1.92"
"2504","17-03-18 16:15","Spain","LaLiga","2017/2018","Valencia","Alaves","1.49","4.54","8.30","1.03","8.10","1.22","4.24","1.88","2.09","2.96","1.40","5.50","1.12","2.00","1.85"
"2505","17-03-18 13:00","Spain","LaLiga","2017/2018","Dep. La Coruna","Las Palmas","1.78","3.92","5.10","1.03","8.50","1.21","4.40","1.83","2.14","2.88","1.42","5.30","1.13","1.76","2.14"
"2506","16-03-18 21:00","Spain","LaLiga","2017/2018","Levante","Eibar","3.46","3.30","2.38","1.04","8.90","1.37","3.10","2.34","1.72","4.20","1.23","8.10","1.05","1.96","1.87"
"2507","12-03-18 21:00","Spain","LaLiga","2017/2018","Alaves","Betis","2.28","3.54","3.44","1.02","11.00","1.27","3.78","2.07","1.90","3.38","1.32","6.50","1.09","1.77","2.11"
"2508","11-03-18 20:45","Spain","LaLiga","2017/2018","Ath Bilbao","Leganes","1.89","3.32","5.50","1.09","6.50","1.51","2.56","2.95","1.48","5.70","1.14","12.00","1.01","2.54","1.57"
"2509","11-03-18 18:30","Spain","LaLiga","2017/2018","Las Palmas","Villarreal","3.50","3.66","2.20","","","1.22","4.24","1.88","2.07","3.00","1.39","5.50","1.12","1.71","2.22"
"2510","11-03-18 16:15","Spain","LaLiga","2017/2018","Atl. Madrid","Celta Vigo","1.37","5.30","11.00","1.04","8.00","1.23","4.20","1.88","2.07","3.00","1.39","5.70","1.11","2.42","1.62"
"2511","11-03-18 12:00","Spain","LaLiga","2017/2018","Espanyol","Real Sociedad","3.01","3.26","2.68","1.04","9.00","1.36","3.15","2.32","1.71","4.20","1.23","8.10","1.05","1.91","1.92"
"2512","10-03-18 20:45","Spain","LaLiga","2017/2018","Malaga","Barcelona","9.30","4.74","1.44","1.03","8.10","1.24","4.04","1.92","2.02","3.38","1.40","5.70","1.11","2.21","1.73"
"2513","10-03-18 18:30","Spain","LaLiga","2017/2018","Getafe","Levante","1.71","3.84","5.95","1.04","8.80","1.39","3.00","2.40","1.67","4.40","1.21","8.80","1.04","2.27","1.67"
"2514","10-03-18 16:15","Spain","LaLiga","2017/2018","Sevilla","Valencia","2.10","3.68","3.78","1.02","9.00","1.17","5.10","1.69","2.40","2.51","1.53","4.54","1.17","1.58","2.42"
"2515","10-03-18 13:00","Spain","LaLiga","2017/2018","Eibar","Real Madrid","6.80","5.00","1.50","1.01","9.70","1.11","5.70","1.44","2.79","2.28","1.75","3.68","1.28","1.65","2.36"
"2516","09-03-18 21:00","Spain","LaLiga","2017/2018","Girona","Dep. La Coruna","1.70","4.04","5.70","1.04","7.60","1.25","3.96","1.98","1.98","3.26","1.34","6.30","1.09","1.91","1.93"
"2517","05-03-18 21:00","Spain","LaLiga","2017/2018","Celta Vigo","Las Palmas","1.38","5.40","9.70","1.02","9.00","1.17","5.10","1.68","2.38","2.56","1.51","4.60","1.17","1.93","1.95"
"2518","04-03-18 20:45","Spain","LaLiga","2017/2018","Valencia","Betis","1.55","4.74","6.35","1.01","9.70","1.10","6.00","1.43","2.83","2.29","1.73","3.68","1.28","1.62","2.39"
"2519","04-03-18 18:30","Spain","LaLiga","2017/2018","Real Sociedad","Alaves","1.65","4.04","6.35","1.04","8.00","1.22","4.30","1.88","2.07","2.96","1.40","5.50","1.12","1.91","1.96"
"2520","04-03-18 16:15","Spain","LaLiga","2017/2018","Barcelona","Atl. Madrid","1.71","4.10","5.45","1.04","8.60","1.21","4.40","1.85","2.11","2.91","1.41","5.40","1.13","1.89","2.00"
"2521","04-03-18 12:00","Spain","LaLiga","2017/2018","Levante","Espanyol","3.15","3.15","2.65","1.07","7.20","1.47","2.69","2.74","1.54","5.30","1.16","10.50","1.02","2.14","1.73"
"2522","03-03-18 20:45","Spain","LaLiga","2017/2018","Real Madrid","Getafe","1.23","7.80","14.50","1.01","23.00","1.07","7.10","1.33","3.32","2.05","1.92","3.05","1.38","1.82","2.09"
"2523","03-03-18 18:30","Spain","LaLiga","2017/2018","Dep. La Coruna","Eibar","3.13","3.34","2.54","1.02","10.50","1.28","3.68","2.10","1.87","3.46","1.31","6.70","1.08","1.81","2.09"
"2524","03-03-18 18:30","Spain","LaLiga","2017/2018","Leganes","Malaga","2.27","3.08","4.02","1.09","6.60","1.52","2.53","2.91","1.49","5.70","1.14","12.00","1.01","2.43","1.59"
"2525","03-03-18 16:15","Spain","LaLiga","2017/2018","Sevilla","Ath Bilbao","1.64","4.14","6.25","1.04","7.90","1.25","3.96","1.97","1.97","3.20","1.35","6.20","1.10","1.95","1.93"
"2526","03-03-18 13:00","Spain","LaLiga","2017/2018","Villarreal","Girona","1.73","3.98","5.50","1.01","12.50","1.26","3.86","1.96","1.98","3.26","1.34","6.20","1.10","1.95","1.92"
"2527","01-03-18 21:30","Spain","LaLiga","2017/2018","Alaves","Levante","1.94","3.44","4.84","1.05","8.20","1.38","3.05","2.45","1.65","4.40","1.21","8.80","1.04","2.11","1.76"
"2528","01-03-18 21:00","Spain","LaLiga","2017/2018","Las Palmas","Barcelona","18.00","9.30","1.18","1.01","26.00","1.08","6.20","1.30","3.52","1.96","2.00","2.96","1.40","1.99","1.89"
"2529","01-03-18 19:30","Spain","LaLiga","2017/2018","Betis","Real Sociedad","2.78","3.72","2.60","1.02","9.00","1.15","4.84","1.57","2.40","2.67","1.56","4.54","1.20","1.54","2.50"
"2530","28-02-18 21:30","Spain","LaLiga","2017/2018","Atl. Madrid","Leganes","1.30","5.50","16.00","1.02","10.50","1.28","3.68","2.05","1.92","3.38","1.32","6.50","1.09","3.40","1.35"
"2531","28-02-18 21:30","Spain","LaLiga","2017/2018","Eibar","Villarreal","2.19","3.40","3.82","1.04","9.10","1.34","3.26","2.31","1.73","4.04","1.24","7.80","1.06","2.00","1.87"
"2532","28-02-18 19:30","Spain","LaLiga","2017/2018","Ath Bilbao","Valencia","2.61","3.28","3.10","1.02","10.50","1.28","3.68","2.10","1.87","3.46","1.31","6.70","1.08","1.81","2.04"
"2533","28-02-18 19:30","Spain","LaLiga","2017/2018","Getafe","Dep. La Coruna","1.86","3.54","5.20","1.05","8.70","1.35","3.20","2.36","1.70","4.20","1.23","8.10","1.05","2.08","1.78"
"2534","28-02-18 19:30","Spain","LaLiga","2017/2018","Malaga","Sevilla","3.42","3.52","2.29","1.02","10.50","1.29","3.60","2.14","1.84","3.60","1.29","6.90","1.08","1.90","1.98"
"2535","27-02-18 21:30","Spain","LaLiga","2017/2018","Girona","Celta Vigo","2.44","3.50","3.16","1.03","8.00","1.21","4.40","1.86","2.12","2.88","1.42","5.40","1.13","1.67","2.30"
"2536","27-02-18 20:00","Spain","LaLiga","2017/2018","Espanyol","Real Madrid","5.10","4.20","1.73","1.03","8.60","1.19","4.70","1.76","2.24","2.83","1.52","4.84","1.15","1.75","2.15"
"2537","26-02-18 21:00","Spain","LaLiga","2017/2018","Levante","Betis","2.51","3.68","2.91","1.03","8.40","1.21","4.40","1.83","2.16","2.83","1.43","5.20","1.14","1.64","2.35"
"2538","25-02-18 20:45","Spain","LaLiga","2017/2018","Sevilla","Atl. Madrid","3.32","3.28","2.46","1.05","8.70","1.37","3.10","2.38","1.68","4.30","1.22","8.50","1.05","1.97","1.91"
"2539","25-02-18 18:30","Spain","LaLiga","2017/2018","Valencia","Real Sociedad","1.75","4.20","4.90","1.01","9.60","1.11","5.70","1.46","2.72","2.34","1.70","3.86","1.26","1.53","2.67"
"2540","25-02-18 16:15","Spain","LaLiga","2017/2018","Ath Bilbao","Malaga","1.67","3.82","6.60","1.06","7.80","1.43","2.83","2.59","1.59","4.84","1.18","9.60","1.03","2.44","1.59"
"2541","25-02-18 12:00","Spain","LaLiga","2017/2018","Villarreal","Getafe","1.86","3.62","5.05","1.04","9.00","1.35","3.20","2.34","1.72","4.04","1.24","8.10","1.05","2.05","1.77"
"2542","24-02-18 20:45","Spain","LaLiga","2017/2018","Barcelona","Girona","1.18","9.00","19.00","1.01","23.00","1.07","6.45","1.27","3.78","1.86","2.12","2.72","1.46","2.00","1.89"
"2543","24-02-18 18:30","Spain","LaLiga","2017/2018","Leganes","Las Palmas","1.77","3.68","5.70","1.03","9.20","1.34","3.26","2.29","1.73","4.04","1.24","8.10","1.05","2.13","1.73"
"2544","24-02-18 16:15","Spain","LaLiga","2017/2018","Real Madrid","Alaves","1.20","8.60","16.00","1.01","26.00","1.07","6.50","1.26","3.86","1.80","2.20","2.65","1.48","1.80","2.10"
"2545","24-02-18 13:00","Spain","LaLiga","2017/2018","Celta Vigo","Eibar","2.09","3.54","3.96","1.04","7.70","1.24","4.04","1.94","2.00","3.10","1.37","6.00","1.10","1.74","2.19"
"2546","23-02-18 21:00","Spain","LaLiga","2017/2018","Dep. La Coruna","Espanyol","2.73","3.22","2.98","1.04","9.00","1.35","3.20","2.30","1.74","4.04","1.24","8.10","1.05","1.95","1.92"
"2547","21-02-18 18:45","Spain","LaLiga","2017/2018","Leganes","Real Madrid","8.40","4.90","1.45","1.01","15.00","1.17","4.54","1.64","2.26","2.80","1.52","5.10","1.17","1.89","1.99"
"2548","19-02-18 21:00","Spain","LaLiga","2017/2018","Getafe","Celta Vigo","2.74","3.28","2.92","1.03","9.70","1.31","3.46","2.20","1.80","3.78","1.27","7.30","1.06","1.90","1.98"
"2549","18-02-18 20:45","Spain","LaLiga","2017/2018","Betis","Real Madrid","8.60","6.20","1.36","1.01","26.00","1.04","7.50","1.20","4.54","1.63","2.53","2.26","1.64","1.44","2.98"
"2550","18-02-18 18:30","Spain","LaLiga","2017/2018","Espanyol","Villarreal","2.44","3.34","3.30","1.03","9.70","1.31","3.46","2.20","1.80","3.78","1.27","7.30","1.06","1.90","1.98"
"2551","18-02-18 16:15","Spain","LaLiga","2017/2018","Atl. Madrid","Ath Bilbao","1.41","4.60","12.00","1.04","8.90","1.33","3.30","2.25","1.77","3.86","1.26","7.30","1.06","2.74","1.48"
"2552","18-02-18 12:00","Spain","LaLiga","2017/2018","Real Sociedad","Levante","1.55","4.54","6.85","1.02","9.10","1.16","5.30","1.67","2.43","2.48","1.54","4.40","1.18","1.74","2.20"
"2553","17-02-18 20:45","Spain","LaLiga","2017/2018","Malaga","Valencia","3.98","3.64","2.06","1.02","11.00","1.29","3.64","2.09","1.86","3.52","1.30","6.70","1.08","1.90","1.98"
"2554","17-02-18 18:30","Spain","LaLiga","2017/2018","Alaves","Dep. La Coruna","1.97","3.60","4.40","1.02","10.50","1.28","3.68","2.10","1.87","3.52","1.30","6.70","1.08","1.91","1.97"
"2555","17-02-18 16:15","Spain","LaLiga","2017/2018","Eibar","Barcelona","8.40","5.00","1.44","1.02","9.10","1.14","5.20","1.55","2.45","2.59","1.59","4.40","1.21","1.82","2.04"
"2556","17-02-18 13:00","Spain","LaLiga","2017/2018","Las Palmas","Sevilla","3.70","3.74","2.11","1.03","8.60","1.19","4.70","1.71","2.32","2.63","1.49","4.80","1.15","1.57","2.50"
"2557","16-02-18 21:00","Spain","LaLiga","2017/2018","Girona","Leganes","1.80","3.56","5.70","1.06","7.50","1.44","2.79","2.58","1.61","4.70","1.19","9.20","1.03","2.42","1.59"
"2558","12-02-18 21:00","Spain","LaLiga","2017/2018","Dep. La Coruna","Betis","2.25","3.78","3.28","1.02","21.00","1.13","6.00","1.57","2.69","2.20","1.67","3.82","1.23","1.44","2.98"
"2559","11-02-18 20:45","Spain","LaLiga","2017/2018","Valencia","Levante","1.57","4.34","6.85","1.04","13.00","1.19","4.70","1.76","2.24","2.69","1.47","4.84","1.15","1.80","2.02"
"2560","11-02-18 18:30","Spain","LaLiga","2017/2018","Celta Vigo","Espanyol","1.92","3.56","4.74","1.02","10.50","1.28","3.68","2.11","1.86","3.52","1.30","6.90","1.08","1.91","1.91"
"2561","11-02-18 16:15","Spain","LaLiga","2017/2018","Barcelona","Getafe","1.15","9.80","25.00","1.02","21.00","1.06","7.60","1.29","3.64","1.91","2.06","2.83","1.43","2.24","1.65"
"2562","11-02-18 12:00","Spain","LaLiga","2017/2018","Sevilla","Girona","1.63","4.20","6.15","1.05","12.00","1.22","4.30","1.86","2.12","3.05","1.38","5.70","1.11","1.85","1.95"
"2563","10-02-18 20:45","Spain","LaLiga","2017/2018","Real Madrid","Real Sociedad","1.32","6.65","9.50","1.01","29.00","1.06","10.00","1.20","4.54","1.64","2.50","2.30","1.62","1.44","2.98"
"2564","10-02-18 18:30","Spain","LaLiga","2017/2018","Leganes","Eibar","2.97","3.13","2.81","1.07","7.20","1.47","2.69","2.82","1.53","5.40","1.15","11.00","1.02","2.15","1.71"
"2565","10-02-18 16:15","Spain","LaLiga","2017/2018","Malaga","Atl. Madrid","7.20","3.80","1.64","1.06","7.90","1.40","2.96","2.46","1.66","4.40","1.21","8.80","1.04","2.50","1.57"
"2566","10-02-18 13:00","Spain","LaLiga","2017/2018","Villarreal","Alaves","1.76","3.68","5.75","1.02","10.50","1.28","3.68","2.10","1.87","3.52","1.30","6.90","1.08","1.95","1.85"
"2567","09-02-18 21:00","Spain","LaLiga","2017/2018","Ath Bilbao","Las Palmas","1.47","4.94","7.70","1.02","9.10","1.16","5.30","1.65","2.44","2.50","1.53","4.40","1.18","1.78","2.06"
"2568","05-02-18 21:00","Spain","LaLiga","2017/2018","Las Palmas","Malaga","2.24","3.72","3.36","","","1.23","4.20","1.89","2.06","3.00","1.39","5.70","1.11","1.70","2.20"
"2569","04-02-18 20:45","Spain","LaLiga","2017/2018","Atl. Madrid","Valencia","1.53","4.24","8.10","1.05","8.00","1.28","3.68","2.07","1.88","3.46","1.31","6.50","1.09","2.10","1.80"
"2570","04-02-18 18:30","Spain","LaLiga","2017/2018","Girona","Ath Bilbao","2.38","3.36","3.40","1.04","9.10","1.34","3.26","2.31","1.72","4.04","1.24","8.10","1.05","1.92","1.95"
"2571","04-02-18 16:15","Spain","LaLiga","2017/2018","Espanyol","Barcelona","8.60","4.70","1.46","1.03","8.50","1.21","4.40","1.82","2.15","2.95","1.49","5.30","1.13","2.03","1.86"
"2572","04-02-18 12:00","Spain","LaLiga","2017/2018","Getafe","Leganes","1.99","3.34","4.74","1.06","7.40","1.45","2.78","2.67","1.56","5.10","1.17","10.00","1.03","2.36","1.63"
"2573","03-02-18 20:45","Spain","LaLiga","2017/2018","Levante","Real Madrid","14.50","7.80","1.23","1.01","17.00","1.06","7.30","1.31","3.46","1.98","1.98","3.00","1.39","1.86","2.00"
"2574","03-02-18 18:30","Spain","LaLiga","2017/2018","Alaves","Celta Vigo","2.70","3.28","2.97","1.03","9.30","1.32","3.38","2.26","1.76","3.86","1.26","7.60","1.06","1.94","1.94"
"2575","03-02-18 16:15","Spain","LaLiga","2017/2018","Betis","Villarreal","3.02","3.74","2.42","1.02","9.00","1.15","5.40","1.65","2.44","2.43","1.56","4.24","1.19","1.54","2.61"
"2576","03-02-18 13:00","Spain","LaLiga","2017/2018","Eibar","Sevilla","2.94","3.38","2.66","1.02","11.00","1.27","3.78","2.06","1.91","3.38","1.32","6.50","1.09","1.75","2.13"
"2577","02-02-18 21:00","Spain","LaLiga","2017/2018","Real Sociedad","Dep. La Coruna","1.50","5.10","6.70","1.01","9.70","1.13","5.40","1.48","2.65","2.25","1.77","3.68","1.28","1.62","2.38"
"2578","29-01-18 21:00","Spain","LaLiga","2017/2018","Celta Vigo","Betis","1.78","4.20","4.72","1.02","9.20","1.14","5.20","1.58","2.64","2.49","1.63","4.20","1.23","1.58","2.50"
"2579","28-01-18 20:45","Spain","LaLiga","2017/2018","Barcelona","Alaves","1.10","13.50","34.00","","","1.05","7.10","1.20","4.54","1.69","2.39","2.38","1.58","2.15","1.77"
"2580","28-01-18 18:30","Spain","LaLiga","2017/2018","Sevilla","Getafe","1.55","4.24","7.70","1.04","8.00","1.22","4.24","1.90","2.07","2.96","1.40","5.50","1.12","1.94","1.94"
"2581","28-01-18 16:15","Spain","LaLiga","2017/2018","Atl. Madrid","Las Palmas","1.21","7.80","17.00","1.01","9.70","1.10","6.20","1.41","2.91","2.25","1.77","3.60","1.29","2.10","1.76"
"2582","28-01-18 12:00","Spain","LaLiga","2017/2018","Leganes","Espanyol","2.91","2.98","3.00","1.09","6.40","1.53","2.50","3.09","1.46","6.10","1.13","12.50","1.01","2.38","1.62"
"2583","27-01-18 20:45","Spain","LaLiga","2017/2018","Villarreal","Real Sociedad","2.27","3.66","3.34","1.03","8.60","1.18","4.84","1.75","2.28","2.65","1.48","4.80","1.15","1.62","2.38"
"2584","27-01-18 18:30","Spain","LaLiga","2017/2018","Malaga","Girona","2.91","3.16","2.84","1.05","8.30","1.38","3.05","2.40","1.67","4.30","1.22","8.80","1.04","1.95","1.91"
"2585","27-01-18 16:15","Spain","LaLiga","2017/2018","Valencia","Real Madrid","4.78","4.80","1.68","1.01","17.00","1.07","6.85","1.26","3.86","1.80","2.20","2.59","1.50","1.38","3.10"
"2586","27-01-18 13:00","Spain","LaLiga","2017/2018","Dep. La Coruna","Levante","1.96","3.64","4.40","1.01","12.00","1.24","4.04","1.98","1.98","3.20","1.35","6.20","1.10","1.84","2.05"
"2587","26-01-18 21:00","Spain","LaLiga","2017/2018","Ath Bilbao","Eibar","1.97","3.60","4.40","1.03","10.00","1.30","3.52","2.14","1.84","3.64","1.29","7.10","1.07","1.95","1.93"
"2588","22-01-18 21:00","Spain","LaLiga","2017/2018","Eibar","Malaga","1.80","3.64","5.50","1.04","9.10","1.37","3.10","2.32","1.73","4.24","1.22","8.50","1.05","2.10","1.74"
"2589","21-01-18 20:45","Spain","LaLiga","2017/2018","Betis","Barcelona","9.70","6.60","1.32","1.01","34.00","1.06","7.50","1.27","3.78","1.76","2.26","2.63","1.49","1.53","2.55"
"2590","21-01-18 18:30","Spain","LaLiga","2017/2018","Real Sociedad","Celta Vigo","1.90","3.90","4.34","1.03","10.50","1.16","5.30","1.65","2.44","2.45","1.55","4.24","1.19","1.60","2.46"
"2591","21-01-18 16:15","Spain","LaLiga","2017/2018","Real Madrid","Dep. La Coruna","1.13","12.00","25.00","","","1.03","10.50","1.16","5.30","1.49","2.91","2.00","1.81","1.75","2.18"
"2592","21-01-18 12:00","Spain","LaLiga","2017/2018","Alaves","Leganes","2.35","3.06","3.84","1.08","6.70","1.52","2.53","2.88","1.50","5.70","1.14","12.00","1.01","2.40","1.62"
"2593","20-01-18 20:45","Spain","LaLiga","2017/2018","Las Palmas","Valencia","4.38","4.10","1.85","1.02","11.00","1.14","5.60","1.62","2.55","2.32","1.61","4.04","1.21","1.55","2.59"
"2594","20-01-18 18:30","Spain","LaLiga","2017/2018","Villarreal","Levante","1.69","3.98","5.95","1.01","11.50","1.26","3.86","2.03","1.93","3.32","1.33","6.50","1.09","2.10","1.80"
"2595","20-01-18 16:15","Spain","LaLiga","2017/2018","Atl. Madrid","Girona","1.36","5.20","12.50","1.03","10.00","1.24","4.04","1.89","2.08","3.10","1.37","5.70","1.11","2.28","1.67"
"2596","20-01-18 13:00","Spain","LaLiga","2017/2018","Espanyol","Sevilla","3.05","3.40","2.56","1.03","10.00","1.32","3.38","2.10","1.87","3.68","1.28","7.10","1.07","1.87","2.00"
"2597","19-01-18 21:00","Spain","LaLiga","2017/2018","Getafe","Ath Bilbao","2.85","3.18","2.87","1.06","7.70","1.44","2.79","2.60","1.60","4.84","1.18","9.60","1.03","2.18","1.75"
"2598","15-01-18 21:00","Spain","LaLiga","2017/2018","Betis","Leganes","2.04","3.52","4.20","1.03","9.60","1.35","3.20","2.26","1.76","3.96","1.25","7.80","1.06","2.06","1.80"
"2599","14-01-18 20:45","Spain","LaLiga","2017/2018","Real Sociedad","Barcelona","7.20","5.30","1.46","1.01","13.00","1.09","6.50","1.37","3.10","2.07","1.90","3.30","1.33","1.57","2.50"
"2600","14-01-18 18:30","Spain","LaLiga","2017/2018","Espanyol","Ath Bilbao","2.96","3.24","2.73","1.05","8.20","1.42","2.88","2.49","1.63","4.70","1.19","9.20","1.03","2.00","1.83"
"2601","14-01-18 16:15","Spain","LaLiga","2017/2018","Alaves","Sevilla","3.66","3.38","2.25","1.02","10.50","1.25","3.96","2.07","1.90","3.38","1.32","6.50","1.09","1.80","2.10"
"2602","14-01-18 12:00","Spain","LaLiga","2017/2018","Levante","Celta Vigo","3.54","3.52","2.24","1.02","11.00","1.27","3.78","2.06","1.91","3.38","1.32","6.50","1.09","1.79","2.10"
"2603","13-01-18 20:45","Spain","LaLiga","2017/2018","Dep. La Coruna","Valencia","3.56","3.76","2.15","1.01","16.00","1.20","4.54","1.73","2.31","2.76","1.45","5.00","1.14","1.57","2.50"
"2604","13-01-18 18:30","Spain","LaLiga","2017/2018","Eibar","Atl. Madrid","4.40","3.28","2.08","1.06","7.60","1.42","2.88","2.58","1.61","4.70","1.19","9.60","1.03","2.22","1.72"
"2605","13-01-18 16:15","Spain","LaLiga","2017/2018","Real Madrid","Villarreal","1.23","8.10","13.00","1.01","34.00","1.06","9.10","1.26","3.86","1.77","2.25","2.63","1.49","1.70","2.25"
"2606","13-01-18 13:00","Spain","LaLiga","2017/2018","Girona","Las Palmas","1.69","4.32","5.30","1.02","14.00","1.18","4.84","1.69","2.39","2.56","1.51","4.54","1.17","1.74","2.19"
"2607","12-01-18 21:00","Spain","LaLiga","2017/2018","Getafe","Malaga","1.96","3.38","4.84","1.06","7.60","1.42","2.88","2.59","1.59","4.70","1.19","9.60","1.03","2.25","1.67"
"2608","08-01-18 21:00","Spain","LaLiga","2017/2018","Malaga","Espanyol","3.18","3.16","2.62","1.06","7.60","1.46","2.72","2.63","1.58","5.10","1.17","10.00","1.03","2.12","1.75"
"2609","07-01-18 20:45","Spain","LaLiga","2017/2018","Celta Vigo","Real Madrid","6.35","4.94","1.53","1.01","15.00","1.08","6.70","1.35","3.20","2.07","1.88","3.20","1.35","1.57","2.50"
"2610","07-01-18 18:30","Spain","LaLiga","2017/2018","Ath Bilbao","Alaves","1.88","3.54","5.05","1.03","9.80","1.30","3.52","2.18","1.80","3.68","1.28","7.30","1.06","2.00","1.80"
"2611","07-01-18 18:30","Spain","LaLiga","2017/2018","Villarreal","Dep. La Coruna","1.60","4.24","6.60","1.03","10.00","1.21","4.40","1.85","2.11","2.91","1.41","5.40","1.13","1.85","2.00"
"2612","07-01-18 16:15","Spain","LaLiga","2017/2018","Barcelona","Levante","1.06","21.00","44.00","1.01","81.00","1.02","10.50","1.13","5.40","1.41","2.91","2.07","1.88","2.35","1.65"
"2613","07-01-18 12:00","Spain","LaLiga","2017/2018","Leganes","Real Sociedad","3.38","3.20","2.48","1.05","8.30","1.38","3.05","2.47","1.64","4.40","1.21","8.80","1.04","2.07","1.76"
"2614","06-01-18 20:45","Spain","LaLiga","2017/2018","Sevilla","Betis","1.67","4.40","5.35","1.02","12.00","1.12","5.50","1.55","2.74","2.47","1.64","4.04","1.24","1.59","2.38"
"2615","06-01-18 18:30","Spain","LaLiga","2017/2018","Las Palmas","Eibar","2.68","3.64","2.74","1.04","9.50","1.21","4.40","1.82","2.15","2.83","1.43","5.20","1.14","1.65","2.30"
"2616","06-01-18 16:15","Spain","LaLiga","2017/2018","Valencia","Girona","1.53","4.54","7.20","1.03","10.50","1.17","5.10","1.72","2.31","2.59","1.50","4.70","1.16","1.75","2.10"
"2617","06-01-18 13:00","Spain","LaLiga","2017/2018","Atl. Madrid","Getafe","1.37","4.94","13.00","1.03","9.70","1.30","3.52","2.13","1.85","3.52","1.30","6.70","1.08","2.68","1.52"
"2618","23-12-17 18:30","Spain","LaLiga","2017/2018","Dep. La Coruna","Celta Vigo","2.94","3.34","2.67","1.04","9.50","1.22","4.24","1.91","2.06","2.96","1.40","5.50","1.12","1.68","2.20"
"2619","23-12-17 16:15","Spain","LaLiga","2017/2018","Valencia","Villarreal","2.15","3.72","3.60","1.03","10.00","1.17","5.10","1.69","2.36","2.51","1.53","4.54","1.17","1.59","2.38"
"2620","23-12-17 13:00","Spain","LaLiga","2017/2018","Real Madrid","Barcelona","2.26","3.84","3.22","1.01","13.00","1.08","6.90","1.35","3.20","2.03","1.93","3.15","1.36","1.37","3.24"
"2621","22-12-17 21:30","Spain","LaLiga","2017/2018","Espanyol","Atl. Madrid","5.40","3.56","1.83","1.05","8.10","1.41","2.91","2.58","1.61","4.70","1.19","9.20","1.03","2.28","1.63"
"2622","22-12-17 19:30","Spain","LaLiga","2017/2018","Betis","Ath Bilbao","2.79","3.40","2.78","1.02","11.00","1.26","3.86","2.03","1.93","3.30","1.33","6.30","1.09","1.72","2.12"
"2623","21-12-17 21:30","Spain","LaLiga","2017/2018","Alaves","Malaga","2.06","3.32","4.40","1.05","8.40","1.36","3.15","2.39","1.69","4.20","1.23","8.50","1.05","2.10","1.80"
"2624","21-12-17 19:30","Spain","LaLiga","2017/2018","Eibar","Girona","2.07","3.42","4.22","1.03","9.20","1.33","3.32","2.29","1.74","3.96","1.25","7.80","1.06","1.97","1.92"
"2625","20-12-17 21:30","Spain","LaLiga","2017/2018","Real Sociedad","Sevilla","2.18","3.80","3.44","1.03","10.50","1.14","5.60","1.62","2.54","2.34","1.60","4.14","1.20","1.53","2.50"
"2626","20-12-17 19:30","Spain","LaLiga","2017/2018","Getafe","Las Palmas","1.77","4.00","5.10","1.04","9.50","1.22","4.24","1.88","2.09","3.00","1.39","5.70","1.11","1.81","2.10"
"2627","19-12-17 21:30","Spain","LaLiga","2017/2018","Levante","Leganes","2.82","3.08","3.01","1.07","7.20","1.46","2.72","2.76","1.53","5.30","1.16","10.50","1.02","2.22","1.67"
"2628","18-12-17 21:00","Spain","LaLiga","2017/2018","Malaga","Betis","2.26","3.40","3.64","1.02","11.00","1.29","3.64","2.03","1.93","3.38","1.32","6.50","1.09","1.80","2.10"
"2629","17-12-17 20:45","Spain","LaLiga","2017/2018","Barcelona","Dep. La Coruna","1.12","12.00","28.00","","","1.04","9.50","1.24","4.04","1.72","2.30","2.64","1.58","2.04","1.85"
"2630","17-12-17 18:30","Spain","LaLiga","2017/2018","Las Palmas","Espanyol","2.52","3.38","3.13","1.02","10.50","1.28","3.68","2.09","1.88","3.46","1.31","6.70","1.08","1.75","2.08"
"2631","17-12-17 16:15","Spain","LaLiga","2017/2018","Celta Vigo","Villarreal","2.58","3.50","2.94","1.04","9.50","1.23","4.20","1.93","2.04","3.05","1.38","5.70","1.11","1.69","2.20"
"2632","17-12-17 12:00","Spain","LaLiga","2017/2018","Girona","Getafe","2.25","3.28","3.80","1.04","9.10","1.35","3.20","2.26","1.76","3.96","1.25","7.80","1.06","1.91","1.95"
"2633","16-12-17 20:45","Spain","LaLiga","2017/2018","Atl. Madrid","Alaves","1.28","6.00","16.00","1.03","10.00","1.22","4.24","1.86","2.12","2.96","1.40","5.50","1.12","2.60","1.54"
"2634","16-12-17 18:30","Spain","LaLiga","2017/2018","Eibar","Valencia","2.77","3.48","2.75","1.02","11.00","1.26","3.86","2.03","1.93","3.32","1.33","6.30","1.09","1.77","2.10"
"2635","16-12-17 16:15","Spain","LaLiga","2017/2018","Ath Bilbao","Real Sociedad","2.37","3.48","3.30","1.05","12.00","1.21","4.40","1.85","2.11","2.88","1.42","5.40","1.13","1.66","2.25"
"2636","15-12-17 21:00","Spain","LaLiga","2017/2018","Sevilla","Levante","1.33","5.80","11.50","1.02","12.00","1.13","6.00","1.56","2.71","2.24","1.65","3.90","1.22","1.94","1.94"
"2637","11-12-17 21:00","Spain","LaLiga","2017/2018","Espanyol","Girona","1.92","3.64","4.58","1.03","9.60","1.29","3.64","2.12","1.84","3.60","1.29","6.20","1.10","1.98","1.90"
"2638","10-12-17 20:45","Spain","LaLiga","2017/2018","Villarreal","Barcelona","5.85","4.50","1.62","1.02","12.00","1.11","5.70","1.47","2.69","2.43","1.67","4.04","1.24","1.63","2.38"
"2639","10-12-17 18:30","Spain","LaLiga","2017/2018","Levante","Ath Bilbao","4.06","3.56","2.06","1.04","9.00","1.36","3.15","2.36","1.69","4.20","1.23","8.10","1.05","2.05","1.79"
"2640","10-12-17 16:15","Spain","LaLiga","2017/2018","Betis","Atl. Madrid","5.65","4.30","1.66","1.04","9.50","1.23","4.20","1.91","2.04","3.10","1.37","5.70","1.11","1.95","1.91"
"2641","10-12-17 12:00","Spain","LaLiga","2017/2018","Real Sociedad","Malaga","1.56","4.54","6.55","1.03","10.50","1.17","5.10","1.66","2.41","2.53","1.52","4.54","1.17","1.80","2.06"
"2642","09-12-17 20:45","Spain","LaLiga","2017/2018","Valencia","Celta Vigo","1.80","4.10","4.66","1.02","11.00","1.13","6.10","1.55","2.74","2.17","1.69","3.72","1.24","1.57","2.54"
"2643","09-12-17 18:30","Spain","LaLiga","2017/2018","Dep. La Coruna","Leganes","2.42","3.34","3.34","1.03","9.60","1.31","3.46","2.20","1.80","3.68","1.28","7.30","1.06","1.90","1.95"
"2644","09-12-17 16:15","Spain","LaLiga","2017/2018","Real Madrid","Sevilla","1.37","6.20","8.20","1.01","34.00","1.05","8.50","1.23","4.20","1.69","2.39","2.41","1.57","1.45","2.85"
"2645","09-12-17 13:00","Spain","LaLiga","2017/2018","Getafe","Eibar","2.09","3.50","4.02","1.03","9.80","1.31","3.46","2.20","1.80","3.78","1.27","7.30","1.06","1.98","1.90"
"2646","08-12-17 21:00","Spain","LaLiga","2017/2018","Alaves","Las Palmas","2.34","3.48","3.36","1.02","11.00","1.28","3.68","2.01","1.95","3.26","1.34","6.20","1.10","1.80","2.10"
"2647","04-12-17 21:00","Spain","LaLiga","2017/2018","Girona","Alaves","1.63","4.20","6.15","1.02","11.00","1.31","3.46","2.09","1.88","3.68","1.28","7.10","1.07","2.03","1.80"
"2648","03-12-17 20:45","Spain","LaLiga","2017/2018","Las Palmas","Betis","2.37","3.76","3.08","1.02","12.00","1.10","6.00","1.45","2.78","2.29","1.73","3.78","1.27","1.43","2.85"
"2649","03-12-17 18:30","Spain","LaLiga","2017/2018","Eibar","Espanyol","2.34","3.30","3.54","1.05","8.60","1.36","3.15","2.38","1.70","4.20","1.23","8.50","1.05","2.00","1.81"
"2650","03-12-17 16:15","Spain","LaLiga","2017/2018","Getafe","Valencia","3.34","3.64","2.28","1.03","10.00","1.19","4.70","1.77","2.22","2.72","1.46","5.00","1.14","1.63","2.38"
"2651","03-12-17 12:00","Spain","LaLiga","2017/2018","Leganes","Villarreal","3.01","3.26","2.68","1.03","9.40","1.32","3.38","2.25","1.77","3.86","1.26","7.60","1.06","1.93","1.91"
"2652","02-12-17 20:45","Spain","LaLiga","2017/2018","Ath Bilbao","Real Madrid","6.70","5.30","1.48","1.02","12.00","1.11","5.70","1.42","2.88","2.18","1.80","3.60","1.29","1.66","2.32"
"2653","02-12-17 18:30","Spain","LaLiga","2017/2018","Sevilla","Dep. La Coruna","1.43","5.50","7.70","1.02","12.00","1.10","6.20","1.40","2.96","2.22","1.77","3.52","1.30","1.64","2.30"
"2654","02-12-17 16:15","Spain","LaLiga","2017/2018","Atl. Madrid","Real Sociedad","1.46","4.80","8.50","1.03","10.00","1.22","4.30","1.85","2.13","2.91","1.41","5.40","1.13","2.00","1.82"
"2655","02-12-17 13:00","Spain","LaLiga","2017/2018","Barcelona","Celta Vigo","1.14","11.00","22.00","","","1.04","8.50","1.20","4.54","1.68","2.41","2.36","1.59","1.82","2.08"
"2656","01-12-17 21:00","Spain","LaLiga","2017/2018","Malaga","Levante","1.90","3.70","4.64","1.02","10.50","1.29","3.60","2.12","1.86","3.60","1.29","6.90","1.08","2.00","1.88"
"2657","27-11-17 21:00","Spain","LaLiga","2017/2018","Espanyol","Getafe","2.28","3.28","3.72","1.04","8.80","1.34","3.26","2.34","1.72","4.04","1.24","8.10","1.05","1.99","1.89"
"2658","26-11-17 20:45","Spain","LaLiga","2017/2018","Valencia","Barcelona","4.62","4.64","1.72","1.01","13.00","1.08","6.70","1.37","3.10","2.13","1.85","3.32","1.33","1.44","2.98"
"2659","26-11-17 18:30","Spain","LaLiga","2017/2018","Villarreal","Sevilla","2.22","3.64","3.48","1.03","10.00","1.19","4.70","1.78","2.23","2.72","1.46","5.00","1.14","1.58","2.45"
"2660","26-11-17 16:15","Spain","LaLiga","2017/2018","Real Sociedad","Las Palmas","1.43","5.50","7.60","1.02","21.00","1.09","6.30","1.39","3.00","2.19","1.81","3.46","1.31","1.63","2.30"
"2661","26-11-17 12:00","Spain","LaLiga","2017/2018","Dep. La Coruna","Ath Bilbao","2.90","3.24","2.78","1.03","9.50","1.30","3.52","2.21","1.78","3.68","1.28","7.30","1.06","1.77","2.15"
"2662","25-11-17 20:45","Spain","LaLiga","2017/2018","Levante","Atl. Madrid","7.40","3.96","1.60","1.05","8.40","1.38","3.05","2.47","1.64","4.54","1.20","9.10","1.04","2.37","1.64"
"2663","25-11-17 18:30","Spain","LaLiga","2017/2018","Betis","Girona","2.05","3.88","3.76","1.03","15.00","1.15","5.50","1.63","2.49","2.38","1.58","4.14","1.20","1.58","2.50"
"2664","25-11-17 16:15","Spain","LaLiga","2017/2018","Real Madrid","Malaga","1.10","14.50","33.00","","","1.05","11.00","1.15","4.80","1.49","2.63","2.32","1.71","1.98","1.90"
"2665","25-11-17 13:00","Spain","LaLiga","2017/2018","Alaves","Eibar","3.09","2.93","2.88","1.08","6.70","1.48","2.65","2.88","1.50","5.50","1.15","11.00","1.02","2.19","1.74"
"2666","24-11-17 21:00","Spain","LaLiga","2017/2018","Celta Vigo","Leganes","1.98","3.44","4.62","1.03","9.70","1.31","3.46","2.18","1.83","3.60","1.29","7.10","1.07","1.96","1.84"
"2667","20-11-17 21:00","Spain","LaLiga","2017/2018","Eibar","Betis","2.26","3.60","3.42","1.04","9.50","1.23","4.20","1.93","2.03","3.05","1.38","5.70","1.11","1.69","2.28"
"2668","19-11-17 20:45","Spain","LaLiga","2017/2018","Ath Bilbao","Villarreal","2.28","3.36","3.62","1.03","9.40","1.35","3.20","2.24","1.76","3.96","1.25","7.80","1.06","1.92","1.97"
"2669","19-11-17 18:30","Spain","LaLiga","2017/2018","Las Palmas","Levante","1.78","4.04","4.92","1.03","10.00","1.17","5.10","1.67","2.40","2.48","1.54","4.40","1.18","1.72","2.23"
"2670","19-11-17 16:15","Spain","LaLiga","2017/2018","Espanyol","Valencia","2.76","3.42","2.79","1.02","11.00","1.27","3.78","2.02","1.92","3.32","1.33","6.50","1.09","1.72","2.23"
"2671","19-11-17 12:00","Spain","LaLiga","2017/2018","Malaga","Dep. La Coruna","2.47","3.40","3.20","1.02","11.00","1.26","3.86","2.01","1.93","3.26","1.34","6.20","1.10","1.75","2.15"
"2672","18-11-17 20:45","Spain","LaLiga","2017/2018","Atl. Madrid","Real Madrid","3.28","3.44","2.40","1.03","12.00","1.23","4.20","1.93","2.03","3.05","1.38","5.70","1.11","1.68","2.29"
"2673","18-11-17 18:30","Spain","LaLiga","2017/2018","Sevilla","Celta Vigo","1.67","4.32","5.50","1.02","11.00","1.14","5.70","1.59","2.59","2.30","1.62","4.04","1.21","1.64","2.38"
"2674","18-11-17 16:15","Spain","LaLiga","2017/2018","Leganes","Barcelona","9.00","4.94","1.43","1.03","10.50","1.19","4.70","1.78","2.23","2.76","1.45","5.10","1.14","2.00","1.87"
"2675","18-11-17 13:00","Spain","LaLiga","2017/2018","Getafe","Alaves","1.82","3.52","5.60","1.05","8.20","1.38","3.05","2.44","1.65","4.40","1.21","8.80","1.04","2.19","1.74"
"2676","17-11-17 21:00","Spain","LaLiga","2017/2018","Girona","Real Sociedad","2.99","3.60","2.49","1.04","9.50","1.21","4.40","1.83","2.16","2.79","1.44","5.20","1.14","1.65","2.35"
"2677","05-11-17 20:45","Spain","LaLiga","2017/2018","Real Madrid","Las Palmas","1.10","15.00","31.00","","","1.02","12.00","1.10","6.00","1.35","3.20","1.93","2.01","1.85","2.04"
"2678","05-11-17 18:30","Spain","LaLiga","2017/2018","Real Sociedad","Eibar","1.55","4.54","6.75","1.03","10.00","1.19","4.70","1.75","2.25","2.69","1.47","4.84","1.15","1.88","2.00"
"2679","05-11-17 18:30","Spain","LaLiga","2017/2018","Villarreal","Malaga","1.71","4.04","5.60","1.01","12.00","1.29","3.64","2.01","1.95","3.46","1.31","6.50","1.09","1.85","2.00"
"2680","05-11-17 16:15","Spain","LaLiga","2017/2018","Celta Vigo","Ath Bilbao","2.21","3.44","3.72","1.02","10.50","1.27","3.78","2.07","1.88","3.38","1.32","6.50","1.09","1.77","2.14"
"2681","05-11-17 12:00","Spain","LaLiga","2017/2018","Levante","Girona","2.73","3.30","2.91","1.03","9.90","1.29","3.60","2.16","1.83","3.60","1.29","7.10","1.07","1.89","2.00"
"2682","04-11-17 20:45","Spain","LaLiga","2017/2018","Barcelona","Sevilla","1.25","7.40","13.00","1.01","21.00","1.06","7.60","1.28","3.68","1.91","2.06","2.79","1.44","1.66","2.33"
"2683","04-11-17 18:30","Spain","LaLiga","2017/2018","Alaves","Espanyol","2.94","2.98","2.97","1.08","6.70","1.48","2.65","2.89","1.50","5.50","1.15","11.00","1.02","2.09","1.81"
"2684","04-11-17 16:15","Spain","LaLiga","2017/2018","Dep. La Coruna","Atl. Madrid","5.50","3.64","1.80","1.03","9.90","1.33","3.32","2.28","1.75","3.96","1.25","7.80","1.06","1.98","1.90"
"2685","04-11-17 13:00","Spain","LaLiga","2017/2018","Valencia","Leganes","1.56","4.34","7.10","1.03","10.00","1.22","4.24","1.89","2.08","3.00","1.39","5.50","1.12","2.00","1.83"
"2686","03-11-17 21:00","Spain","LaLiga","2017/2018","Betis","Getafe","2.07","3.64","3.92","1.03","12.50","1.22","4.30","1.89","2.08","3.00","1.39","5.70","1.11","1.74","2.19"
"2687","30-10-17 21:00","Spain","LaLiga","2017/2018","Espanyol","Betis","2.07","3.74","3.82","1.04","14.00","1.23","4.20","1.85","2.13","3.00","1.39","5.70","1.11","1.74","2.19"
"2688","30-10-17 21:00","Spain","LaLiga","2017/2018","Las Palmas","Dep. La Coruna","2.08","3.80","3.72","1.02","11.00","1.15","5.40","1.60","2.60","2.34","1.60","4.04","1.21","1.51","2.63"
"2689","29-10-17 20:45","Spain","LaLiga","2017/2018","Malaga","Celta Vigo","3.48","3.64","2.22","1.05","8.50","1.24","4.04","1.93","2.03","3.10","1.37","5.70","1.11","1.78","2.13"
"2690","29-10-17 18:30","Spain","LaLiga","2017/2018","Eibar","Levante","2.04","3.28","4.60","1.06","7.90","1.39","3.00","2.50","1.64","4.40","1.21","8.80","1.04","2.10","1.78"
"2691","29-10-17 16:15","Spain","LaLiga","2017/2018","Girona","Real Madrid","14.50","7.70","1.23","1.01","21.00","1.06","7.50","1.22","4.24","1.74","2.30","2.45","1.55","1.75","2.15"
"2692","29-10-17 12:00","Spain","LaLiga","2017/2018","Getafe","Real Sociedad","2.54","3.42","3.05","1.02","10.50","1.29","3.60","2.13","1.85","3.60","1.29","6.90","1.08","1.78","2.13"
"2693","28-10-17 22:30","Spain","LaLiga","2017/2018","Sevilla","Leganes","1.70","3.94","5.85","1.01","11.50","1.26","3.86","2.03","1.93","3.32","1.33","6.50","1.09","2.00","1.83"
"2694","28-10-17 20:45","Spain","LaLiga","2017/2018","Ath Bilbao","Barcelona","7.80","5.00","1.46","1.02","12.00","1.13","5.40","1.50","2.59","2.51","1.62","4.24","1.22","1.75","2.13"
"2695","28-10-17 18:30","Spain","LaLiga","2017/2018","Atl. Madrid","Villarreal","1.68","4.04","5.85","1.02","10.50","1.30","3.52","2.16","1.83","3.78","1.27","7.30","1.06","2.16","1.75"
"2696","28-10-17 13:00","Spain","LaLiga","2017/2018","Alaves","Valencia","5.60","4.14","1.69","1.04","9.50","1.20","4.54","1.82","2.18","2.79","1.44","5.20","1.14","1.80","2.10"
"2697","23-10-17 21:00","Spain","LaLiga","2017/2018","Dep. La Coruna","Girona","2.10","3.68","3.78","1.04","13.50","1.21","4.40","1.87","2.10","2.91","1.41","5.40","1.13","1.68","2.29"
"2698","23-10-17 20:00","Spain","LaLiga","2017/2018","Real Sociedad","Espanyol","1.74","4.10","5.20","1.03","10.00","1.22","4.24","1.81","2.19","2.91","1.41","5.30","1.13","1.74","2.18"
"2699","22-10-17 20:45","Spain","LaLiga","2017/2018","Real Madrid","Eibar","1.10","13.50","34.00","","","1.04","11.00","1.17","4.54","1.58","2.67","2.34","1.70","2.18","1.75"
"2700","22-10-17 18:30","Spain","LaLiga","2017/2018","Leganes","Ath Bilbao","2.75","3.06","3.10","1.08","6.90","1.47","2.69","2.85","1.52","5.40","1.15","11.00","1.02","2.19","1.74"
"2701","22-10-17 16:15","Spain","LaLiga","2017/2018","Celta Vigo","Atl. Madrid","3.74","3.40","2.22","1.03","9.60","1.32","3.38","2.23","1.78","3.78","1.27","7.30","1.06","1.92","1.97"
"2702","22-10-17 12:00","Spain","LaLiga","2017/2018","Villarreal","Las Palmas","1.63","4.50","5.65","1.01","16.00","1.15","5.40","1.63","2.49","2.40","1.57","4.24","1.19","1.69","2.28"
"2703","21-10-17 20:45","Spain","LaLiga","2017/2018","Barcelona","Malaga","1.08","17.00","39.00","","","1.03","12.50","1.11","5.70","1.38","3.05","2.01","1.95","2.20","1.73"
"2704","21-10-17 18:30","Spain","LaLiga","2017/2018","Valencia","Sevilla","2.18","3.80","3.44","1.01","17.00","1.11","5.70","1.47","2.69","2.36","1.69","3.86","1.26","1.48","2.81"
"2705","21-10-17 16:15","Spain","LaLiga","2017/2018","Betis","Alaves","1.66","4.04","6.15","1.03","13.00","1.22","4.30","1.92","2.05","2.91","1.41","5.40","1.13","1.91","1.92"
"2706","21-10-17 13:00","Spain","LaLiga","2017/2018","Levante","Getafe","2.58","3.20","3.19","1.06","8.00","1.39","3.00","2.53","1.63","4.54","1.20","9.20","1.03","1.98","1.90"
"2707","16-10-17 21:00","Spain","LaLiga","2017/2018","Las Palmas","Celta Vigo","2.69","3.54","2.79","1.02","14.50","1.17","5.10","1.73","2.29","2.56","1.51","4.60","1.17","1.57","2.54"
"2708","15-10-17 20:45","Spain","LaLiga","2017/2018","Betis","Valencia","2.76","3.64","2.66","1.01","17.00","1.17","5.10","1.69","2.36","2.48","1.54","4.40","1.18","1.49","2.78"
"2709","15-10-17 18:30","Spain","LaLiga","2017/2018","Malaga","Leganes","2.47","3.22","3.34","1.06","7.70","1.41","2.91","2.59","1.59","4.84","1.18","9.60","1.03","2.09","1.82"
"2710","15-10-17 16:15","Spain","LaLiga","2017/2018","Girona","Villarreal","2.78","3.42","2.77","1.02","11.00","1.27","3.78","2.07","1.88","3.46","1.31","6.70","1.08","1.80","2.10"
"2711","15-10-17 12:00","Spain","LaLiga","2017/2018","Eibar","Dep. La Coruna","1.96","3.66","4.34","1.02","12.50","1.27","3.78","2.04","1.91","3.38","1.32","6.50","1.09","1.80","2.10"
"2712","14-10-17 20:45","Spain","LaLiga","2017/2018","Atl. Madrid","Barcelona","3.13","3.42","2.52","","","1.23","4.20","2.00","1.96","3.20","1.35","6.00","1.10","1.70","2.20"
"2713","14-10-17 18:30","Spain","LaLiga","2017/2018","Alaves","Real Sociedad","3.58","3.54","2.22","1.02","11.00","1.25","3.96","2.03","1.91","3.30","1.34","6.20","1.10","1.70","2.25"
"2714","14-10-17 16:15","Spain","LaLiga","2017/2018","Getafe","Real Madrid","10.50","6.20","1.33","1.01","15.00","1.09","6.70","1.37","3.14","2.06","1.91","3.20","1.35","1.67","2.24"
"2715","14-10-17 13:00","Spain","LaLiga","2017/2018","Ath Bilbao","Sevilla","2.56","3.42","3.04","1.02","10.50","1.28","3.68","2.10","1.87","3.52","1.30","6.70","1.08","1.80","2.10"
"2716","13-10-17 21:00","Spain","LaLiga","2017/2018","Espanyol","Levante","1.77","3.82","5.40","1.03","10.00","1.30","3.52","2.20","1.80","3.78","1.27","7.60","1.06","2.09","1.81"
"2717","01-10-17 20:45","Spain","LaLiga","2017/2018","Real Madrid","Espanyol","1.14","11.00","27.00","","","1.03","10.00","1.19","4.70","1.66","2.46","2.32","1.61","1.87","2.02"
"2718","01-10-17 18:30","Spain","LaLiga","2017/2018","Valencia","Ath Bilbao","1.86","3.62","5.05","1.04","9.50","1.20","4.54","1.84","2.14","2.83","1.43","5.30","1.13","1.69","2.28"
"2719","01-10-17 18:30","Spain","LaLiga","2017/2018","Villarreal","Eibar","1.75","3.86","5.50","1.01","11.50","1.26","3.86","2.02","1.94","3.32","1.33","6.30","1.09","1.91","1.97"
"2720","01-10-17 16:15","Spain","LaLiga","2017/2018","Barcelona","Las Palmas","1.10","15.00","28.00","","","1.02","12.00","1.12","5.50","1.40","2.96","2.03","1.93","1.92","1.97"
"2721","01-10-17 12:00","Spain","LaLiga","2017/2018","Real Sociedad","Betis","1.92","3.74","4.46","1.03","10.00","1.17","5.10","1.76","2.26","2.63","1.49","4.80","1.15","1.65","2.37"
"2722","30-09-17 20:45","Spain","LaLiga","2017/2018","Leganes","Atl. Madrid","6.35","3.66","1.72","1.07","7.20","1.45","2.76","2.65","1.57","5.10","1.17","10.00","1.03","2.45","1.61"
"2723","30-09-17 18:30","Spain","LaLiga","2017/2018","Levante","Alaves","1.89","3.58","4.88","1.05","8.70","1.37","3.14","2.38","1.68","4.24","1.22","8.50","1.05","2.07","1.83"
"2724","30-09-17 16:15","Spain","LaLiga","2017/2018","Sevilla","Malaga","1.46","4.80","8.40","1.02","11.00","1.16","5.30","1.66","2.42","2.48","1.54","4.40","1.18","1.84","2.00"
"2725","30-09-17 13:00","Spain","LaLiga","2017/2018","Dep. La Coruna","Getafe","2.34","3.44","3.40","1.02","10.50","1.28","3.68","2.09","1.88","3.46","1.31","6.70","1.08","1.78","2.10"
"2726","29-09-17 21:00","Spain","LaLiga","2017/2018","Celta Vigo","Girona","1.77","3.86","5.30","1.01","11.50","1.26","3.86","2.02","1.94","3.32","1.33","6.30","1.09","1.94","1.94"
"2727","25-09-17 21:00","Spain","LaLiga","2017/2018","Betis","Levante","1.88","3.72","4.72","1.01","11.50","1.28","3.68","2.02","1.94","3.46","1.31","6.70","1.08","1.89","2.00"
"2728","24-09-17 20:45","Spain","LaLiga","2017/2018","Real Sociedad","Valencia","2.52","3.78","2.85","1.03","10.50","1.16","5.30","1.66","2.46","2.43","1.56","4.24","1.19","1.54","2.63"
"2729","24-09-17 18:30","Spain","LaLiga","2017/2018","Eibar","Celta Vigo","2.28","3.54","3.44","1.02","11.00","1.28","3.68","2.08","1.89","3.46","1.31","6.70","1.08","1.78","2.12"
"2730","24-09-17 18:30","Spain","LaLiga","2017/2018","Las Palmas","Leganes","2.40","3.24","3.48","1.04","9.10","1.36","3.15","2.38","1.68","4.20","1.23","8.50","1.05","1.98","1.90"
"2731","24-09-17 16:15","Spain","LaLiga","2017/2018","Getafe","Villarreal","2.57","3.24","3.18","1.03","9.40","1.34","3.26","2.34","1.72","4.04","1.24","8.10","1.05","1.95","1.92"
"2732","24-09-17 12:00","Spain","LaLiga","2017/2018","Espanyol","Dep. La Coruna","1.97","3.70","4.26","1.02","10.50","1.28","3.60","2.12","1.84","3.52","1.30","6.70","1.08","1.82","2.02"
"2733","23-09-17 20:45","Spain","LaLiga","2017/2018","Girona","Barcelona","14.00","7.20","1.25","1.01","15.00","1.08","6.90","1.35","3.20","2.07","1.90","3.20","1.35","1.90","1.98"
"2734","23-09-17 18:30","Spain","LaLiga","2017/2018","Malaga","Ath Bilbao","3.34","3.34","2.42","1.05","8.60","1.37","3.10","2.43","1.67","4.40","1.21","8.80","1.04","1.94","1.94"
"2735","23-09-17 16:15","Spain","LaLiga","2017/2018","Alaves","Real Madrid","17.00","8.50","1.20","1.01","17.00","1.06","7.60","1.29","3.64","1.89","2.08","2.79","1.44","1.92","1.97"
"2736","23-09-17 13:00","Spain","LaLiga","2017/2018","Atl. Madrid","Sevilla","1.63","4.10","6.45","1.03","11.50","1.25","3.96","1.99","1.97","3.20","1.35","6.20","1.10","1.99","1.89"
"2737","21-09-17 22:00","Spain","LaLiga","2017/2018","Levante","Real Sociedad","3.04","3.50","2.54","1.03","12.00","1.23","4.20","1.90","2.05","3.00","1.39","5.70","1.11","1.68","2.29"
"2738","21-09-17 21:00","Spain","LaLiga","2017/2018","Celta Vigo","Getafe","1.84","3.76","4.92","1.02","11.00","1.30","3.52","2.15","1.82","3.68","1.28","6.90","1.08","1.90","1.98"
"2739","21-09-17 20:00","Spain","LaLiga","2017/2018","Villarreal","Espanyol","1.70","4.00","5.75","1.01","12.00","1.25","3.96","1.99","1.95","3.26","1.34","6.30","1.09","1.96","1.91"
"2740","20-09-17 22:00","Spain","LaLiga","2017/2018","Real Madrid","Betis","1.09","15.00","34.00","1.01","81.00","1.03","11.50","1.12","5.50","1.39","3.00","2.04","1.91","1.89","1.99"
"2741","20-09-17 22:00","Spain","LaLiga","2017/2018","Sevilla","Las Palmas","1.38","4.70","9.20","1.01","18.00","1.11","5.70","1.43","2.83","2.30","1.72","3.68","1.28","1.77","2.15"
"2742","20-09-17 21:00","Spain","LaLiga","2017/2018","Dep. La Coruna","Alaves","1.80","3.88","5.00","1.01","12.00","1.26","3.86","2.02","1.92","3.78","1.27","6.50","1.09","1.94","1.94"
"2743","20-09-17 20:00","Spain","LaLiga","2017/2018","Ath Bilbao","Atl. Madrid","4.20","3.48","2.05","1.03","9.20","1.36","3.15","2.37","1.70","4.20","1.23","8.10","1.05","2.07","1.80"
"2744","20-09-17 20:00","Spain","LaLiga","2017/2018","Leganes","Girona","2.08","3.30","4.36","1.06","7.60","1.42","2.88","2.61","1.58","4.84","1.18","9.60","1.03","2.20","1.72"
"2745","19-09-17 22:00","Spain","LaLiga","2017/2018","Barcelona","Eibar","1.14","10.50","25.00","1.01","34.00","1.06","9.10","1.24","4.04","1.79","2.22","2.59","1.50","2.04","1.85"
"2746","19-09-17 20:00","Spain","LaLiga","2017/2018","Valencia","Malaga","1.50","4.74","7.70","1.02","13.00","1.19","4.70","1.78","2.23","2.76","1.45","5.00","1.14","1.98","1.90"
"2747","18-09-17 21:00","Spain","LaLiga","2017/2018","Espanyol","Celta Vigo","2.65","3.38","2.94","1.02","10.50","1.28","3.68","2.09","1.88","3.46","1.31","6.70","1.08","1.80","2.10"
"2748","17-09-17 20:45","Spain","LaLiga","2017/2018","Real Sociedad","Real Madrid","5.20","4.74","1.65","1.01","26.00","1.06","7.30","1.31","3.46","1.96","2.00","2.96","1.40","1.41","3.00"
"2749","17-09-17 18:30","Spain","LaLiga","2017/2018","Las Palmas","Ath Bilbao","2.68","3.48","2.84","1.02","11.00","1.28","3.68","1.97","1.99","3.46","1.31","6.50","1.09","1.72","2.20"
"2750","17-09-17 16:15","Spain","LaLiga","2017/2018","Girona","Sevilla","3.07","3.48","2.50","1.01","11.50","1.25","3.96","2.01","1.93","3.26","1.34","6.20","1.10","1.71","2.24"
"2751","17-09-17 12:00","Spain","LaLiga","2017/2018","Alaves","Villarreal","3.08","3.26","2.60","1.05","8.60","1.37","3.10","2.44","1.66","4.40","1.21","8.80","1.04","2.00","1.89"
"2752","16-09-17 20:45","Spain","LaLiga","2017/2018","Atl. Madrid","Malaga","1.25","6.70","16.00","1.02","14.00","1.19","4.70","1.75","2.25","2.69","1.47","4.84","1.15","2.61","1.54"
"2753","16-09-17 18:30","Spain","LaLiga","2017/2018","Betis","Dep. La Coruna","1.89","3.84","4.50","1.03","12.00","1.23","4.20","1.92","2.05","3.10","1.37","5.70","1.11","1.80","2.10"
"2754","16-09-17 16:15","Spain","LaLiga","2017/2018","Getafe","Barcelona","12.00","6.80","1.27","1.02","21.00","1.08","6.90","1.32","3.38","2.01","1.95","3.05","1.38","1.74","2.19"
"2755","16-09-17 13:00","Spain","LaLiga","2017/2018","Levante","Valencia","3.38","3.42","2.33","1.02","10.50","1.28","3.68","2.08","1.89","3.46","1.31","6.70","1.07","1.82","2.08"
"2756","15-09-17 21:00","Spain","LaLiga","2017/2018","Eibar","Leganes","2.14","3.38","4.02","1.05","8.30","1.40","2.96","2.48","1.65","4.54","1.20","9.10","1.04","2.10","1.79"
"2757","11-09-17 21:00","Spain","LaLiga","2017/2018","Malaga","Las Palmas","2.03","3.60","4.12","1.03","12.00","1.24","4.04","2.01","1.95","3.30","1.33","6.30","1.09","1.75","2.10"
"2758","10-09-17 20:45","Spain","LaLiga","2017/2018","Villarreal","Betis","1.97","3.64","4.32","1.02","11.00","1.27","3.78","2.07","1.90","3.46","1.31","6.70","1.08","1.91","1.96"
"2759","10-09-17 18:30","Spain","LaLiga","2017/2018","Celta Vigo","Alaves","1.65","4.10","6.10","1.02","11.00","1.27","3.78","2.06","1.89","3.46","1.31","6.90","1.08","2.02","1.85"
"2760","10-09-17 16:15","Spain","LaLiga","2017/2018","Ath Bilbao","Girona","1.67","4.14","5.85","1.02","11.00","1.26","3.86","2.03","1.92","3.32","1.33","6.50","1.09","1.99","1.89"
"2761","10-09-17 12:00","Spain","LaLiga","2017/2018","Dep. La Coruna","Real Sociedad","3.18","3.54","2.41","1.03","11.50","1.22","4.24","1.97","1.97","3.38","1.32","6.50","1.09","1.73","2.20"
"2762","09-09-17 20:45","Spain","LaLiga","2017/2018","Barcelona","Espanyol","1.16","10.00","20.00","1.01","26.00","1.07","8.60","1.23","4.20","1.75","2.25","2.53","1.52","1.97","1.92"
"2763","09-09-17 18:30","Spain","LaLiga","2017/2018","Sevilla","Eibar","1.58","4.44","6.50","1.03","13.00","1.21","4.40","1.84","2.12","3.10","1.37","5.70","1.11","1.89","1.99"
"2764","09-09-17 16:15","Spain","LaLiga","2017/2018","Valencia","Atl. Madrid","3.28","3.18","2.55","1.04","8.80","1.33","3.30","2.31","1.72","3.96","1.25","7.80","1.06","1.91","1.93"
"2765","09-09-17 13:00","Spain","LaLiga","2017/2018","Real Madrid","Levante","1.11","12.50","31.00","","","1.05","9.90","1.21","4.40","1.65","2.44","2.32","1.61","1.97","1.92"
"2766","08-09-17 21:00","Spain","LaLiga","2017/2018","Leganes","Getafe","2.15","3.24","4.18","1.06","7.70","1.45","2.78","2.60","1.60","4.84","1.18","9.80","1.03","2.20","1.70"
"2767","27-08-17 22:15","Spain","LaLiga","2017/2018","Real Madrid","Valencia","1.18","10.00","16.00","","","1.05","10.50","1.17","5.10","1.61","2.58","2.20","1.67","1.67","2.30"
"2768","27-08-17 20:15","Spain","LaLiga","2017/2018","Getafe","Sevilla","3.60","3.64","2.18","1.03","12.00","1.24","4.04","1.94","2.00","3.14","1.37","6.00","1.10","1.72","2.20"
"2769","27-08-17 18:15","Spain","LaLiga","2017/2018","Eibar","Ath Bilbao","2.62","3.28","3.08","1.03","10.00","1.31","3.46","2.22","1.77","3.78","1.27","7.60","1.06","1.85","2.04"
"2770","27-08-17 18:15","Spain","LaLiga","2017/2018","Espanyol","Leganes","2.02","3.34","4.60","1.06","7.90","1.43","2.83","2.64","1.57","4.84","1.18","9.80","1.03","2.25","1.71"
"2771","26-08-17 22:15","Spain","LaLiga","2017/2018","Las Palmas","Atl. Madrid","5.65","3.92","1.72","1.02","11.00","1.30","3.52","2.16","1.83","3.68","1.28","7.30","1.06","2.05","1.83"
"2772","26-08-17 20:15","Spain","LaLiga","2017/2018","Girona","Malaga","2.00","3.48","4.44","1.04","9.10","1.34","3.26","2.30","1.74","3.96","1.25","7.80","1.06","1.98","1.90"
"2773","26-08-17 20:15","Spain","LaLiga","2017/2018","Levante","Dep. La Coruna","2.22","3.40","3.74","1.03","9.60","1.31","3.46","2.22","1.79","3.78","1.27","7.30","1.06","1.98","1.90"
"2774","26-08-17 18:15","Spain","LaLiga","2017/2018","Alaves","Barcelona","11.50","5.80","1.33","1.01","17.00","1.13","5.40","1.50","2.59","2.49","1.63","4.20","1.23","1.94","1.94"
"2775","25-08-17 22:00","Spain","LaLiga","2017/2018","Betis","Celta Vigo","2.37","3.56","3.24","1.01","11.50","1.27","3.78","2.05","1.92","3.38","1.32","6.50","1.09","1.80","2.10"
"2776","25-08-17 20:15","Spain","LaLiga","2017/2018","Real Sociedad","Villarreal","2.08","3.58","3.96","1.02","10.50","1.29","3.64","2.06","1.91","3.52","1.30","6.70","1.08","1.90","1.98"
"2777","21-08-17 22:00","Spain","LaLiga","2017/2018","Malaga","Eibar","2.22","3.32","3.84","1.04","8.90","1.37","3.10","2.32","1.71","4.20","1.23","8.10","1.05","1.96","1.92"
"2778","21-08-17 20:15","Spain","LaLiga","2017/2018","Levante","Villarreal","3.44","3.30","2.39","1.05","8.60","1.41","2.91","2.36","1.69","4.54","1.20","8.80","1.04","2.03","1.86"
"2779","20-08-17 22:15","Spain","LaLiga","2017/2018","Dep. La Coruna","Real Madrid","12.50","7.20","1.26","1.01","15.00","1.07","7.10","1.33","3.32","2.01","1.95","3.05","1.38","1.80","2.10"
"2780","20-08-17 20:15","Spain","LaLiga","2017/2018","Barcelona","Betis","1.21","8.40","15.00","1.01","26.00","1.08","8.00","1.28","3.68","1.85","2.13","2.76","1.45","1.85","2.05"
"2781","20-08-17 18:15","Spain","LaLiga","2017/2018","Ath Bilbao","Getafe","1.56","4.50","6.65","1.03","10.00","1.22","4.30","1.84","2.12","2.96","1.40","5.40","1.13","1.94","1.94"
"2782","19-08-17 22:15","Spain","LaLiga","2017/2018","Sevilla","Espanyol","1.67","4.14","5.85","1.03","10.00","1.20","4.54","1.80","2.18","2.78","1.45","5.10","1.14","1.80","2.10"
"2783","19-08-17 20:15","Spain","LaLiga","2017/2018","Girona","Atl. Madrid","7.10","3.94","1.62","1.04","9.10","1.34","3.26","2.34","1.72","4.20","1.23","8.10","1.05","2.25","1.68"
"2784","19-08-17 18:15","Spain","LaLiga","2017/2018","Celta Vigo","Real Sociedad","2.09","3.64","3.86","1.01","12.00","1.25","3.96","1.98","1.96","3.20","1.35","6.20","1.10","1.76","2.16"
"2785","18-08-17 22:15","Spain","LaLiga","2017/2018","Valencia","Las Palmas","1.77","4.24","4.76","1.03","10.50","1.15","5.50","1.62","2.51","2.36","1.59","4.14","1.20","1.62","2.42"
"2786","18-08-17 20:15","Spain","LaLiga","2017/2018","Leganes","Alaves","2.07","3.28","4.50","1.07","7.40","1.47","2.69","2.80","1.52","5.40","1.15","11.00","1.02","2.32","1.64"
"2787","21-05-17 20:00","Spain","LaLiga","2016/2017","Barcelona","Eibar","1.06","22.00","30.00","","","1.01","18.00","1.09","7.20","1.17","4.80","1.55","2.59","2.06","1.83"
"2788","21-05-17 20:00","Spain","LaLiga","2016/2017","Malaga","Real Madrid","13.50","7.10","1.24","","","1.05","10.50","1.18","4.64","1.57","2.54","2.20","1.64","1.50","2.75"
"2789","21-05-17 16:45","Spain","LaLiga","2016/2017","Atl. Madrid","Ath Bilbao","2.06","3.60","3.80","1.02","13.00","1.19","4.50","1.81","2.11","2.74","1.43","4.90","1.14","1.67","2.25"
"2790","21-05-17 16:45","Spain","LaLiga","2016/2017","Celta Vigo","Real Sociedad","4.26","3.90","1.85","1.01","15.00","1.14","5.40","1.63","2.40","2.35","1.57","4.04","1.19","1.60","2.38"
"2791","21-05-17 16:45","Spain","LaLiga","2016/2017","Valencia","Villarreal","3.16","3.70","2.28","1.01","15.00","1.16","4.94","1.67","2.31","2.52","1.50","4.44","1.16","1.57","2.54"
"2792","20-05-17 21:00","Spain","LaLiga","2016/2017","Sevilla","Osasuna","1.18","9.90","12.00","1.01","29.00","1.05","11.00","1.15","4.54","1.48","2.59","2.26","1.70","1.83","2.07"
"2793","20-05-17 19:00","Spain","LaLiga","2016/2017","Dep. La Coruna","Las Palmas","1.91","4.00","3.94","1.01","18.00","1.14","5.50","1.53","2.65","2.16","1.66","3.56","1.24","1.49","2.78"
"2794","20-05-17 19:00","Spain","LaLiga","2016/2017","Leganes","Alaves","2.08","3.44","3.90","1.02","10.00","1.30","3.42","2.10","1.82","3.46","1.29","6.40","1.08","1.92","1.91"
"2795","20-05-17 17:00","Spain","LaLiga","2016/2017","Gijon","Betis","2.41","3.82","2.86","1.01","18.00","1.10","5.80","1.45","2.68","2.28","1.69","3.70","1.26","1.44","2.97"
"2796","19-05-17 20:45","Spain","LaLiga","2016/2017","Granada CF","Espanyol","5.10","4.32","1.68","1.01","15.00","1.18","4.60","1.65","2.35","2.46","1.52","4.20","1.18","1.67","2.25"
"2797","17-05-17 21:00","Spain","LaLiga","2016/2017","Celta Vigo","Real Madrid","13.00","7.80","1.22","","","1.05","10.00","1.19","4.50","1.60","2.46","2.30","1.59","1.57","2.50"
"2798","14-05-17 20:00","Spain","LaLiga","2016/2017","Ath Bilbao","Leganes","1.50","4.64","7.60","1.01","11.50","1.26","3.88","2.00","1.96","3.30","1.33","6.20","1.10","2.14","1.78"
"2799","14-05-17 20:00","Spain","LaLiga","2016/2017","Betis","Atl. Madrid","7.00","4.34","1.53","1.02","9.80","1.30","3.40","2.17","1.77","3.70","1.26","6.80","1.06","2.17","1.75"
"2800","14-05-17 20:00","Spain","LaLiga","2016/2017","Eibar","Gijon","1.83","4.34","4.02","","","1.15","5.10","1.66","2.37","2.44","1.53","4.20","1.18","1.64","2.38"
"2801","14-05-17 20:00","Spain","LaLiga","2016/2017","Las Palmas","Barcelona","18.00","14.00","1.11","","","","","","","1.30","3.40","1.77","2.17","1.72","2.23"
"2802","14-05-17 20:00","Spain","LaLiga","2016/2017","Real Madrid","Sevilla","1.25","8.00","11.50","","","","","1.18","4.40","1.54","2.48","2.41","1.68","1.53","2.67"
"2803","14-05-17 20:00","Spain","LaLiga","2016/2017","Real Sociedad","Malaga","1.53","4.76","6.20","","","1.17","4.80","1.73","2.23","2.61","1.47","4.60","1.15","1.92","1.97"
"2804","14-05-17 20:00","Spain","LaLiga","2016/2017","Villarreal","Dep. La Coruna","1.41","5.10","7.80","","","1.16","5.00","1.67","2.34","2.44","1.53","4.24","1.18","1.92","1.97"
"2805","14-05-17 16:00","Spain","LaLiga","2016/2017","Alaves","Celta Vigo","2.07","3.38","4.04","1.01","10.50","1.27","3.62","2.11","1.81","3.42","1.30","6.40","1.08","1.90","1.98"
"2806","13-05-17 18:30","Spain","LaLiga","2016/2017","Osasuna","Granada CF","1.60","4.42","5.95","","","1.14","5.30","1.64","2.38","2.40","1.55","4.14","1.18","1.70","2.25"
"2807","13-05-17 16:00","Spain","LaLiga","2016/2017","Espanyol","Valencia","2.49","3.48","3.09","1.01","11.50","1.28","3.68","2.06","1.91","3.38","1.32","6.30","1.09","1.76","2.17"
"2808","08-05-17 20:45","Spain","LaLiga","2016/2017","Leganes","Betis","1.78","3.84","4.90","1.02","9.70","1.32","3.28","2.20","1.75","3.78","1.25","7.00","1.06","2.09","1.81"
"2809","07-05-17 20:45","Spain","LaLiga","2016/2017","Malaga","Celta Vigo","1.46","4.80","7.50","","","1.18","4.70","1.75","2.18","2.67","1.45","4.74","1.14","2.02","1.86"
"2810","07-05-17 18:30","Spain","LaLiga","2016/2017","Dep. La Coruna","Espanyol","2.30","3.38","3.54","1.03","10.00","1.32","3.42","2.25","1.75","3.76","1.27","7.20","1.07","1.94","1.94"
"2811","07-05-17 16:15","Spain","LaLiga","2016/2017","Valencia","Osasuna","1.27","6.65","11.00","","","1.05","7.40","1.31","3.34","1.95","1.95","2.99","1.37","1.74","2.19"
"2812","07-05-17 12:00","Spain","LaLiga","2016/2017","Alaves","Ath Bilbao","4.62","3.60","1.90","1.02","9.60","1.32","3.30","2.20","1.77","3.74","1.26","7.00","1.06","2.04","1.85"
"2813","06-05-17 20:45","Spain","LaLiga","2016/2017","Granada CF","Real Madrid","26.00","15.00","1.10","","","","","1.11","5.40","1.35","3.10","2.08","1.89","1.87","2.02"
"2814","06-05-17 18:30","Spain","LaLiga","2016/2017","Barcelona","Villarreal","1.15","10.50","21.00","","","","","1.18","4.90","1.61","2.58","2.28","1.63","1.74","2.18"
"2815","06-05-17 16:15","Spain","LaLiga","2016/2017","Atl. Madrid","Eibar","1.34","5.50","12.00","","","1.22","4.30","1.87","2.10","2.91","1.41","5.40","1.13","2.30","1.67"
"2816","06-05-17 13:00","Spain","LaLiga","2016/2017","Gijon","Las Palmas","1.55","4.88","5.60","","","1.08","6.20","1.39","2.92","2.14","1.79","3.40","1.30","1.54","2.60"
"2817","05-05-17 21:00","Spain","LaLiga","2016/2017","Sevilla","Real Sociedad","1.70","4.14","5.40","","","1.14","5.60","1.61","2.54","2.30","1.62","3.88","1.22","1.61","2.45"
"2818","01-05-17 21:00","Spain","LaLiga","2016/2017","Malaga","Sevilla","3.88","4.14","1.94","","","1.22","4.30","1.77","2.25","2.72","1.46","4.80","1.15","1.62","2.43"
"2819","30-04-17 20:45","Spain","LaLiga","2016/2017","Celta Vigo","Ath Bilbao","5.00","4.04","1.74","1.01","12.00","1.23","3.98","1.92","2.02","3.06","1.36","5.60","1.10","1.86","2.03"
"2820","30-04-17 18:30","Spain","LaLiga","2016/2017","Eibar","Leganes","2.24","3.20","3.90","1.03","9.60","1.33","3.32","2.34","1.70","3.94","1.25","7.60","1.06","1.97","1.91"
"2821","30-04-17 16:15","Spain","LaLiga","2016/2017","Betis","Alaves","1.63","4.24","6.05","1.01","12.00","1.26","3.90","1.99","1.95","3.26","1.34","6.10","1.10","2.05","1.85"
"2822","30-04-17 12:00","Spain","LaLiga","2016/2017","Osasuna","Dep. La Coruna","3.50","3.66","2.16","","","1.21","4.20","1.85","2.09","2.67","1.45","4.70","1.14","1.74","2.20"
"2823","29-04-17 20:45","Spain","LaLiga","2016/2017","Espanyol","Barcelona","13.00","7.20","1.25","","","1.06","7.80","1.32","3.42","1.97","1.97","2.85","1.43","1.83","2.06"
"2824","29-04-17 18:30","Spain","LaLiga","2016/2017","Las Palmas","Atl. Madrid","7.00","4.94","1.49","","","1.18","4.64","1.75","2.18","2.68","1.45","4.74","1.14","1.96","1.93"
"2825","29-04-17 16:15","Spain","LaLiga","2016/2017","Real Madrid","Valencia","1.16","10.50","17.00","","","","","1.10","5.60","1.30","3.40","1.87","2.08","1.51","2.70"
"2826","29-04-17 13:00","Spain","LaLiga","2016/2017","Real Sociedad","Granada CF","1.18","9.00","18.00","","","1.05","7.50","1.27","3.62","1.89","2.06","2.83","1.41","2.08","1.82"
"2827","28-04-17 20:45","Spain","LaLiga","2016/2017","Villarreal","Gijon","1.46","4.94","7.70","","","1.14","5.70","1.59","2.63","2.34","1.60","4.04","1.21","1.71","2.24"
"2828","27-04-17 21:30","Spain","LaLiga","2016/2017","Ath Bilbao","Betis","1.43","4.84","9.30","","","1.21","4.44","1.86","2.09","2.95","1.40","5.50","1.12","2.07","1.83"
"2829","27-04-17 20:30","Spain","LaLiga","2016/2017","Sevilla","Celta Vigo","1.36","5.90","9.20","","","1.11","5.70","1.49","2.63","2.41","1.66","3.84","1.26","1.83","2.06"
"2830","27-04-17 19:30","Spain","LaLiga","2016/2017","Alaves","Eibar","2.36","3.40","3.40","1.04","8.90","1.40","2.96","2.44","1.65","4.40","1.21","8.40","1.05","2.05","1.82"
"2831","26-04-17 21:30","Spain","LaLiga","2016/2017","Dep. La Coruna","Real Madrid","7.90","5.90","1.39","","","1.09","6.40","1.40","2.95","2.20","1.80","3.34","1.33","1.55","2.58"
"2832","26-04-17 20:30","Spain","LaLiga","2016/2017","Leganes","Las Palmas","1.54","4.74","6.75","1.01","12.00","1.18","4.84","1.78","2.23","2.70","1.47","4.84","1.15","1.83","2.06"
"2833","26-04-17 20:30","Spain","LaLiga","2016/2017","Valencia","Real Sociedad","2.82","3.62","2.60","","","1.22","4.24","1.86","2.12","2.83","1.43","5.10","1.14","1.64","2.37"
"2834","26-04-17 19:30","Spain","LaLiga","2016/2017","Barcelona","Osasuna","1.05","21.00","54.00","","","","","1.09","6.30","1.33","3.30","1.96","1.98","2.36","1.65"
"2835","25-04-17 21:30","Spain","LaLiga","2016/2017","Atl. Madrid","Villarreal","1.47","4.30","9.70","1.02","11.00","1.27","3.80","2.14","1.84","3.54","1.30","6.90","1.08","2.28","1.69"
"2836","25-04-17 20:30","Spain","LaLiga","2016/2017","Granada CF","Malaga","3.72","3.94","2.03","","","1.20","4.60","1.76","2.24","2.72","1.46","4.84","1.15","1.66","2.34"
"2837","25-04-17 19:30","Spain","LaLiga","2016/2017","Gijon","Espanyol","2.43","3.54","3.10","1.01","12.00","1.24","4.04","1.98","1.98","3.10","1.37","5.80","1.11","1.73","2.21"
"2838","24-04-17 20:45","Spain","LaLiga","2016/2017","Eibar","Ath Bilbao","3.00","3.38","2.61","","","1.23","4.20","1.92","2.05","3.00","1.39","5.50","1.12","1.65","2.36"
"2839","23-04-17 20:45","Spain","LaLiga","2016/2017","Real Madrid","Barcelona","2.02","4.20","3.58","","","1.07","7.10","1.28","3.72","1.81","2.16","2.66","1.48","1.28","4.02"
"2840","23-04-17 18:30","Spain","LaLiga","2016/2017","Las Palmas","Alaves","2.06","3.62","4.00","","","1.27","4.04","1.93","2.03","2.95","1.40","5.50","1.12","1.74","2.18"
"2841","23-04-17 16:15","Spain","LaLiga","2016/2017","Celta Vigo","Betis","2.62","3.20","3.14","1.03","10.00","1.31","3.44","2.26","1.76","3.76","1.27","7.20","1.07","1.87","2.02"
"2842","23-04-17 12:00","Spain","LaLiga","2016/2017","Real Sociedad","Dep. La Coruna","1.60","4.24","6.60","","","1.18","4.84","1.80","2.20","2.72","1.46","5.00","1.14","1.83","2.07"
"2843","22-04-17 20:45","Spain","LaLiga","2016/2017","Espanyol","Atl. Madrid","5.70","3.62","1.78","1.05","8.60","1.38","3.06","2.50","1.64","4.40","1.21","8.50","1.05","2.27","1.70"
"2844","22-04-17 18:30","Spain","LaLiga","2016/2017","Osasuna","Gijon","2.88","3.78","2.50","","","1.17","5.10","1.69","2.39","2.45","1.55","4.24","1.19","1.56","2.57"
"2845","22-04-17 16:15","Spain","LaLiga","2016/2017","Villarreal","Leganes","1.64","4.04","6.40","1.03","10.00","1.31","3.48","2.23","1.78","3.76","1.27","7.30","1.06","2.21","1.73"
"2846","22-04-17 13:00","Spain","LaLiga","2016/2017","Malaga","Valencia","2.22","3.60","3.52","","","1.23","4.20","1.82","2.15","2.92","1.41","5.30","1.13","1.66","2.34"
"2847","21-04-17 21:00","Spain","LaLiga","2016/2017","Sevilla","Granada CF","1.18","9.40","18.00","","","","","1.24","4.04","1.77","2.22","2.63","1.49","1.89","1.99"
"2848","17-04-17 20:45","Spain","LaLiga","2016/2017","Alaves","Villarreal","3.34","3.38","2.39","1.03","9.40","1.35","3.20","2.35","1.71","4.04","1.24","7.80","1.06","1.98","1.90"
"2849","16-04-17 20:45","Spain","LaLiga","2016/2017","Granada CF","Celta Vigo","2.70","3.70","2.69","","","1.22","4.24","1.92","2.05","3.00","1.39","5.50","1.12","1.66","2.34"
"2850","16-04-17 18:30","Spain","LaLiga","2016/2017","Betis","Eibar","2.87","3.28","2.78","1.02","10.50","1.31","3.44","2.26","1.76","3.76","1.27","7.20","1.07","1.86","2.03"
"2851","16-04-17 16:15","Spain","LaLiga","2016/2017","Valencia","Sevilla","2.90","3.74","2.50","","","1.10","6.20","1.45","2.76","2.32","1.73","3.68","1.28","1.43","3.04"
"2852","16-04-17 12:00","Spain","LaLiga","2016/2017","Leganes","Espanyol","2.34","3.20","3.66","1.06","7.90","1.43","2.84","2.69","1.57","4.74","1.19","9.30","1.03","2.12","1.79"
"2853","15-04-17 20:45","Spain","LaLiga","2016/2017","Barcelona","Real Sociedad","1.24","7.70","13.00","","","1.05","8.10","1.28","3.70","1.91","2.06","2.76","1.45","1.78","2.13"
"2854","15-04-17 18:30","Spain","LaLiga","2016/2017","Atl. Madrid","Osasuna","1.22","7.40","18.00","","","1.17","4.64","1.60","2.34","2.83","1.51","5.00","1.18","2.57","1.56"
"2855","15-04-17 16:15","Spain","LaLiga","2016/2017","Gijon","Real Madrid","7.70","5.50","1.43","","","1.07","7.20","1.35","3.20","2.08","1.89","3.22","1.35","1.63","2.40"
"2856","15-04-17 13:00","Spain","LaLiga","2016/2017","Dep. La Coruna","Malaga","2.53","3.24","3.26","1.02","10.50","1.30","3.54","2.22","1.79","3.64","1.29","6.90","1.08","1.90","1.98"
"2857","14-04-17 20:45","Spain","LaLiga","2016/2017","Ath Bilbao","Las Palmas","1.39","5.60","8.80","","","1.09","6.50","1.42","2.89","2.28","1.75","3.64","1.29","1.66","2.34"
"2858","10-04-17 20:45","Spain","LaLiga","2016/2017","Real Sociedad","Gijon","1.51","4.60","7.30","","","1.17","5.10","1.71","2.35","2.48","1.54","4.40","1.18","1.79","2.11"
"2859","09-04-17 20:45","Spain","LaLiga","2016/2017","Las Palmas","Betis","1.96","3.84","4.06","","","1.18","4.84","1.75","2.25","2.75","1.45","4.60","1.17","1.63","2.40"
"2860","09-04-17 18:30","Spain","LaLiga","2016/2017","Osasuna","Leganes","3.78","3.40","2.18","1.04","8.90","1.37","3.13","2.42","1.66","4.20","1.23","8.10","1.05","2.01","1.88"
"2861","09-04-17 16:15","Spain","LaLiga","2016/2017","Celta Vigo","Eibar","2.47","3.52","3.05","","","1.15","5.40","1.80","2.18","2.95","1.40","5.50","1.12","1.61","2.45"
"2862","09-04-17 12:00","Spain","LaLiga","2016/2017","Granada CF","Valencia","3.34","3.66","2.26","","","1.19","4.70","1.79","2.19","2.72","1.46","4.90","1.15","1.61","2.44"
"2863","08-04-17 20:45","Spain","LaLiga","2016/2017","Malaga","Barcelona","8.20","6.70","1.34","","","1.07","7.20","1.33","3.34","2.02","1.92","2.73","1.46","1.71","2.25"
"2864","08-04-17 18:30","Spain","LaLiga","2016/2017","Sevilla","Dep. La Coruna","1.49","4.70","7.70","","","1.17","5.10","1.73","2.29","2.59","1.50","4.70","1.16","1.88","2.01"
"2865","08-04-17 16:15","Spain","LaLiga","2016/2017","Real Madrid","Atl. Madrid","1.74","4.00","5.20","","","1.17","5.10","1.67","2.43","2.44","1.56","4.24","1.19","1.64","2.37"
"2866","08-04-17 13:00","Spain","LaLiga","2016/2017","Espanyol","Alaves","2.18","3.16","4.12","1.06","7.40","1.43","2.83","2.80","1.52","5.10","1.17","9.90","1.03","2.20","1.74"
"2867","07-04-17 20:45","Spain","LaLiga","2016/2017","Villarreal","Ath Bilbao","2.40","3.20","3.54","1.02","10.50","1.34","3.26","2.28","1.75","3.90","1.26","7.60","1.06","1.83","2.06"
"2868","06-04-17 21:30","Spain","LaLiga","2016/2017","Valencia","Celta Vigo","2.18","3.70","3.50","","","1.22","4.34","1.82","2.17","2.85","1.43","5.20","1.14","1.66","2.34"
"2869","06-04-17 19:30","Spain","LaLiga","2016/2017","Eibar","Las Palmas","1.66","4.52","5.30","","","1.14","5.60","1.60","2.60","2.69","1.47","4.80","1.15","1.54","2.61"
"2870","05-04-17 21:30","Spain","LaLiga","2016/2017","Leganes","Real Madrid","7.40","4.24","1.55","1.02","11.00","1.27","3.76","2.05","1.90","2.96","1.40","5.50","1.12","2.09","1.81"
"2871","05-04-17 20:30","Spain","LaLiga","2016/2017","Alaves","Osasuna","1.63","3.86","7.10","1.03","10.00","1.31","3.44","2.18","1.80","3.76","1.27","7.30","1.06","2.15","1.77"
"2872","05-04-17 20:30","Spain","LaLiga","2016/2017","Dep. La Coruna","Granada CF","1.55","4.44","7.00","1.01","12.50","1.22","4.30","1.84","2.12","2.95","1.40","5.50","1.12","1.95","1.91"
"2873","05-04-17 20:30","Spain","LaLiga","2016/2017","Gijon","Malaga","2.78","3.44","2.74","1.01","12.00","1.27","3.76","2.00","1.94","3.30","1.33","6.20","1.10","1.74","2.19"
"2874","05-04-17 19:30","Spain","LaLiga","2016/2017","Barcelona","Sevilla","1.21","8.80","13.50","","","","","1.18","4.90","1.59","2.59","2.23","1.66","1.56","2.57"
"2875","04-04-17 21:30","Spain","LaLiga","2016/2017","Atl. Madrid","Real Sociedad","1.38","4.94","11.50","1.01","12.50","1.23","4.20","1.92","2.05","3.15","1.36","6.00","1.10","2.10","1.80"
"2876","04-04-17 21:30","Spain","LaLiga","2016/2017","Betis","Villarreal","2.89","3.32","2.73","1.03","10.00","1.33","3.30","2.22","1.79","3.80","1.27","7.20","1.07","1.89","1.99"
"2877","04-04-17 19:30","Spain","LaLiga","2016/2017","Ath Bilbao","Espanyol","1.56","4.32","7.10","1.02","11.00","1.28","3.68","2.05","1.92","3.44","1.31","6.50","1.09","2.06","1.84"
"2878","03-04-17 20:45","Spain","LaLiga","2016/2017","Celta Vigo","Las Palmas","1.94","3.84","4.22","","","1.15","5.50","1.64","2.47","2.38","1.59","4.14","1.20","1.53","2.65"
"2879","02-04-17 20:45","Spain","LaLiga","2016/2017","Granada CF","Barcelona","16.00","8.60","1.20","","","1.05","8.20","1.28","3.72","1.86","2.12","2.83","1.43","1.89","1.99"
"2880","02-04-17 18:30","Spain","LaLiga","2016/2017","Valencia","Dep. La Coruna","1.94","3.66","4.54","1.01","12.00","1.26","3.84","1.99","1.97","3.26","1.34","6.10","1.10","1.83","2.06"
"2881","02-04-17 16:15","Spain","LaLiga","2016/2017","Real Madrid","Alaves","1.14","11.50","22.00","","","","","1.21","4.40","1.72","2.34","2.50","1.53","1.95","1.92"
"2882","02-04-17 12:00","Spain","LaLiga","2016/2017","Sevilla","Gijon","1.30","6.45","12.00","","","1.07","7.10","1.36","3.16","2.00","1.96","3.20","1.35","1.70","2.26"
"2883","01-04-17 20:45","Spain","LaLiga","2016/2017","Malaga","Atl. Madrid","4.92","3.74","1.85","1.03","10.00","1.32","3.38","2.19","1.81","3.76","1.27","7.20","1.07","2.05","1.85"
"2884","01-04-17 18:30","Spain","LaLiga","2016/2017","Real Sociedad","Leganes","1.99","3.34","4.72","1.05","8.40","1.39","3.02","2.53","1.63","4.40","1.21","8.60","1.05","2.20","1.74"
"2885","01-04-17 16:15","Spain","LaLiga","2016/2017","Osasuna","Ath Bilbao","5.65","4.30","1.66","","","1.18","4.90","1.77","2.25","2.66","1.48","4.80","1.15","1.79","2.11"
"2886","01-04-17 13:00","Spain","LaLiga","2016/2017","Villarreal","Eibar","1.96","3.74","4.26","1.01","12.00","1.26","3.84","1.97","1.99","3.22","1.35","6.00","1.10","1.85","2.04"
"2887","31-03-17 20:45","Spain","LaLiga","2016/2017","Espanyol","Betis","2.32","3.24","3.66","1.04","8.80","1.34","3.26","2.48","1.65","4.24","1.22","8.30","1.05","1.99","1.89"
"2888","19-03-17 20:45","Spain","LaLiga","2016/2017","Barcelona","Valencia","1.14","11.50","22.00","","","","","1.15","5.50","1.56","2.71","2.12","1.72","1.81","2.10"
"2889","19-03-17 18:30","Spain","LaLiga","2016/2017","Dep. La Coruna","Celta Vigo","2.57","3.28","3.13","1.03","10.00","1.33","3.32","2.22","1.79","3.78","1.27","7.20","1.07","1.89","2.00"
"2890","19-03-17 18:30","Spain","LaLiga","2016/2017","Gijon","Granada CF","1.93","3.74","4.40","1.01","12.00","1.23","4.20","1.88","2.09","3.00","1.39","5.50","1.12","1.76","2.17"
"2891","19-03-17 16:15","Spain","LaLiga","2016/2017","Atl. Madrid","Sevilla","1.61","4.34","6.20","","","1.20","4.54","1.79","2.22","2.80","1.44","5.10","1.14","1.82","2.08"
"2892","19-03-17 12:00","Spain","LaLiga","2016/2017","Leganes","Malaga","2.66","3.06","3.22","1.06","7.80","1.44","2.79","2.63","1.59","4.74","1.19","9.20","1.03","2.14","1.77"
"2893","18-03-17 20:45","Spain","LaLiga","2016/2017","Betis","Osasuna","1.47","4.80","8.10","","","1.20","4.54","1.79","2.22","2.83","1.43","5.20","1.14","2.02","1.87"
"2894","18-03-17 18:30","Spain","LaLiga","2016/2017","Alaves","Real Sociedad","2.72","3.20","3.00","1.03","9.60","1.35","3.20","2.30","1.74","3.98","1.25","7.60","1.06","1.89","1.99"
"2895","18-03-17 16:15","Spain","LaLiga","2016/2017","Ath Bilbao","Real Madrid","5.65","4.54","1.63","","","1.11","5.70","1.49","2.63","2.34","1.70","4.10","1.24","1.60","2.46"
"2896","18-03-17 13:00","Spain","LaLiga","2016/2017","Eibar","Espanyol","1.95","3.60","4.50","1.02","10.50","1.31","3.46","2.14","1.84","3.64","1.29","6.90","1.08","1.94","1.94"
"2897","17-03-17 20:45","Spain","LaLiga","2016/2017","Las Palmas","Villarreal","2.66","3.54","2.83","1.01","12.00","1.22","4.24","1.85","2.13","2.91","1.41","5.30","1.13","1.63","2.41"
"2898","13-03-17 20:45","Spain","LaLiga","2016/2017","Osasuna","Eibar","4.00","3.90","1.96","","","1.18","4.94","1.69","2.39","2.54","1.52","4.44","1.18","1.61","2.44"
"2899","12-03-17 20:45","Spain","LaLiga","2016/2017","Real Madrid","Betis","1.14","10.00","27.00","","","","","1.24","4.04","1.73","2.29","2.41","1.57","1.98","1.90"
"2900","12-03-17 18:30","Spain","LaLiga","2016/2017","Celta Vigo","Villarreal","3.34","3.44","2.35","1.02","11.00","1.29","3.62","2.06","1.89","3.44","1.31","6.50","1.09","1.77","2.15"
"2901","12-03-17 16:15","Spain","LaLiga","2016/2017","Dep. La Coruna","Barcelona","11.50","6.40","1.30","","","1.11","5.80","1.46","2.72","2.20","1.80","3.48","1.31","1.85","2.04"
"2902","12-03-17 12:00","Spain","LaLiga","2016/2017","Real Sociedad","Ath Bilbao","2.36","3.34","3.42","1.02","10.50","1.32","3.38","2.16","1.83","3.72","1.28","7.10","1.07","1.84","2.06"
"2903","11-03-17 20:45","Spain","LaLiga","2016/2017","Granada CF","Atl. Madrid","9.10","4.80","1.43","1.01","12.00","1.23","4.20","1.89","2.08","3.08","1.38","5.70","1.11","2.13","1.78"
"2904","11-03-17 18:30","Spain","LaLiga","2016/2017","Malaga","Alaves","2.01","3.28","4.70","1.04","8.80","1.38","3.06","2.41","1.68","4.24","1.22","8.20","1.05","2.02","1.87"
"2905","11-03-17 16:15","Spain","LaLiga","2016/2017","Sevilla","Leganes","1.57","4.24","6.95","1.02","11.00","1.23","4.20","2.06","1.91","3.48","1.31","6.60","1.09","2.16","1.77"
"2906","11-03-17 13:00","Spain","LaLiga","2016/2017","Valencia","Gijon","1.52","4.74","7.10","","","1.16","5.30","1.65","2.48","2.48","1.54","4.40","1.18","1.77","2.15"
"2907","10-03-17 20:45","Spain","LaLiga","2016/2017","Espanyol","Las Palmas","2.20","3.58","3.60","1.01","12.00","1.26","3.86","1.97","1.99","3.20","1.35","6.00","1.10","1.77","2.14"
"2908","08-03-17 18:45","Spain","LaLiga","2016/2017","Dep. La Coruna","Betis","2.22","3.28","3.90","1.03","9.30","1.36","3.18","2.31","1.72","4.04","1.24","7.80","1.06","1.97","1.92"
"2909","06-03-17 20:45","Spain","LaLiga","2016/2017","Alaves","Sevilla","3.88","3.38","2.16","1.03","10.00","1.32","3.38","2.17","1.82","3.70","1.28","7.10","1.07","1.88","2.01"
"2910","05-03-17 20:45","Spain","LaLiga","2016/2017","Ath Bilbao","Malaga","1.71","3.94","5.80","1.01","11.50","1.28","3.72","2.03","1.93","3.38","1.32","6.30","1.09","1.92","1.97"
"2911","05-03-17 18:30","Spain","LaLiga","2016/2017","Las Palmas","Osasuna","1.50","4.80","7.20","","","1.17","5.20","1.66","2.46","2.50","1.53","4.40","1.18","1.80","2.10"
"2912","05-03-17 16:15","Spain","LaLiga","2016/2017","Atl. Madrid","Valencia","1.45","4.90","8.30","1.01","12.00","1.25","3.94","1.94","2.02","3.22","1.35","6.00","1.10","2.09","1.82"
"2913","05-03-17 12:00","Spain","LaLiga","2016/2017","Gijon","Dep. La Coruna","2.72","3.30","2.90","1.02","11.00","1.28","3.68","2.06","1.91","3.38","1.32","6.30","1.09","1.74","2.18"
"2914","04-03-17 20:45","Spain","LaLiga","2016/2017","Barcelona","Celta Vigo","1.17","10.00","16.00","","","","","1.21","4.40","1.57","2.69","2.09","1.74","1.70","2.26"
"2915","04-03-17 18:30","Spain","LaLiga","2016/2017","Villarreal","Espanyol","1.73","3.76","5.75","1.03","9.30","1.35","3.20","2.30","1.74","4.04","1.24","7.80","1.06","2.07","1.83"
"2916","04-03-17 16:15","Spain","LaLiga","2016/2017","Eibar","Real Madrid","5.10","4.14","1.73","","","1.17","5.10","1.66","2.44","2.50","1.53","4.40","1.18","1.63","2.38"
"2917","04-03-17 13:00","Spain","LaLiga","2016/2017","Leganes","Granada CF","1.98","3.34","4.70","1.04","8.80","1.37","3.10","2.39","1.69","4.20","1.23","8.10","1.05","2.12","1.78"
"2918","03-03-17 20:45","Spain","LaLiga","2016/2017","Betis","Real Sociedad","2.54","3.24","3.19","1.04","8.90","1.38","3.06","2.36","1.69","4.20","1.23","8.00","1.06","1.90","1.98"
"2919","02-03-17 21:30","Spain","LaLiga","2016/2017","Sevilla","Ath Bilbao","1.64","4.30","5.95","","","1.17","5.10","1.73","2.29","2.53","1.52","4.80","1.15","1.74","2.19"
"2920","02-03-17 20:45","Spain","LaLiga","2016/2017","Dep. La Coruna","Atl. Madrid","5.15","3.84","1.80","1.02","11.00","1.29","3.60","2.08","1.89","3.26","1.34","5.70","1.11","1.99","1.89"
"2921","01-03-17 21:30","Spain","LaLiga","2016/2017","Celta Vigo","Espanyol","1.94","3.42","4.74","1.03","9.20","1.37","3.10","2.36","1.69","4.20","1.23","8.10","1.05","2.08","1.82"
"2922","01-03-17 21:30","Spain","LaLiga","2016/2017","Granada CF","Alaves","2.69","3.24","3.01","1.04","8.80","1.39","3.00","2.40","1.67","4.24","1.22","8.20","1.05","2.03","1.86"
"2923","01-03-17 21:30","Spain","LaLiga","2016/2017","Real Madrid","Las Palmas","1.15","10.50","21.00","","","","","1.18","4.90","1.53","2.76","2.25","1.65","1.76","2.16"
"2924","01-03-17 19:30","Spain","LaLiga","2016/2017","Barcelona","Gijon","1.07","20.00","38.00","","","","","1.10","6.00","1.33","3.32","1.84","2.14","2.14","1.78"
"2925","01-03-17 19:30","Spain","LaLiga","2016/2017","Osasuna","Villarreal","3.98","3.48","2.11","1.02","11.00","1.32","3.38","2.19","1.81","3.76","1.27","7.10","1.07","1.86","2.03"
"2926","28-02-17 21:30","Spain","LaLiga","2016/2017","Malaga","Betis","1.89","3.60","4.88","1.03","9.60","1.34","3.26","2.26","1.76","3.94","1.25","7.60","1.06","2.06","1.83"
"2927","28-02-17 21:30","Spain","LaLiga","2016/2017","Valencia","Leganes","1.80","3.64","5.50","1.03","9.20","1.37","3.10","2.35","1.71","4.20","1.23","8.10","1.05","2.16","1.77"
"2928","28-02-17 19:30","Spain","LaLiga","2016/2017","Real Sociedad","Eibar","1.84","3.60","5.20","1.01","11.50","1.28","3.70","2.06","1.91","3.40","1.32","6.50","1.09","1.85","2.04"
"2929","26-02-17 20:45","Spain","LaLiga","2016/2017","Villarreal","Real Madrid","5.85","4.40","1.63","","","1.15","5.40","1.63","2.53","2.41","1.57","4.20","1.20","1.67","2.32"
"2930","26-02-17 18:30","Spain","LaLiga","2016/2017","Ath Bilbao","Granada CF","1.50","4.64","7.70","","","1.21","4.40","1.82","2.17","2.89","1.42","5.30","1.13","1.97","1.92"
"2931","26-02-17 18:30","Spain","LaLiga","2016/2017","Gijon","Celta Vigo","2.77","3.42","2.78","1.01","12.00","1.22","4.24","1.86","2.12","2.91","1.41","5.30","1.13","1.66","2.34"
"2932","26-02-17 16:15","Spain","LaLiga","2016/2017","Atl. Madrid","Barcelona","3.04","3.56","2.48","1.01","12.00","1.21","4.40","1.81","2.19","2.80","1.44","5.10","1.14","1.59","2.49"
"2933","26-02-17 12:00","Spain","LaLiga","2016/2017","Espanyol","Osasuna","1.74","3.62","6.25","1.03","9.70","1.33","3.32","2.26","1.76","3.90","1.26","7.60","1.06","2.16","1.76"
"2934","25-02-17 20:45","Spain","LaLiga","2016/2017","Eibar","Malaga","2.00","3.62","4.26","1.01","12.00","1.26","3.86","1.98","1.98","3.22","1.35","6.00","1.10","1.80","2.10"
"2935","25-02-17 18:30","Spain","LaLiga","2016/2017","Leganes","Dep. La Coruna","2.46","3.10","3.54","1.08","6.90","1.53","2.50","2.82","1.53","5.50","1.15","11.50","1.01","2.30","1.68"
"2936","25-02-17 16:15","Spain","LaLiga","2016/2017","Betis","Sevilla","3.80","3.60","2.12","1.01","12.00","1.26","3.84","1.98","1.98","3.22","1.35","6.00","1.10","1.80","2.10"
"2937","25-02-17 13:00","Spain","LaLiga","2016/2017","Alaves","Valencia","2.80","3.16","2.96","1.05","8.60","1.39","3.00","2.43","1.67","4.30","1.22","8.30","1.05","2.02","1.87"
"2938","24-02-17 20:45","Spain","LaLiga","2016/2017","Las Palmas","Real Sociedad","2.80","3.38","2.78","","","1.23","4.20","1.89","2.08","2.97","1.40","5.50","1.12","1.65","2.36"
"2939","22-02-17 18:45","Spain","LaLiga","2016/2017","Valencia","Real Madrid","6.45","4.90","1.53","","","1.09","6.30","1.42","2.88","2.14","1.84","3.26","1.34","1.55","2.59"
"2940","20-02-17 20:45","Spain","LaLiga","2016/2017","Malaga","Las Palmas","2.04","3.50","4.20","1.01","12.50","1.23","4.20","1.91","2.06","3.02","1.39","5.60","1.12","1.74","2.18"
"2941","19-02-17 20:45","Spain","LaLiga","2016/2017","Barcelona","Leganes","1.10","13.00","34.00","","","1.05","8.10","1.25","4.00","1.68","2.41","2.34","1.60","2.40","1.63"
"2942","19-02-17 18:30","Spain","LaLiga","2016/2017","Celta Vigo","Osasuna","1.74","3.72","5.75","1.02","11.00","1.29","3.66","2.08","1.89","3.46","1.31","6.60","1.09","1.98","1.90"
"2943","19-02-17 16:15","Spain","LaLiga","2016/2017","Valencia","Ath Bilbao","2.24","3.44","3.62","1.02","11.00","1.30","3.54","2.10","1.87","3.52","1.30","6.70","1.08","1.86","2.03"
"2944","19-02-17 12:00","Spain","LaLiga","2016/2017","Real Sociedad","Villarreal","2.16","3.38","3.88","1.03","9.90","1.33","3.30","2.23","1.78","3.84","1.26","7.30","1.06","1.94","1.94"
"2945","18-02-17 20:45","Spain","LaLiga","2016/2017","Sevilla","Eibar","1.51","4.76","7.00","","","1.14","5.60","1.61","2.54","2.34","1.60","4.04","1.21","1.69","2.28"
"2946","18-02-17 18:30","Spain","LaLiga","2016/2017","Dep. La Coruna","Alaves","2.20","3.15","4.08","1.06","7.70","1.46","2.72","2.67","1.56","4.94","1.18","9.50","1.03","2.13","1.78"
"2947","18-02-17 16:15","Spain","LaLiga","2016/2017","Real Madrid","Espanyol","1.19","8.30","18.00","","","1.09","6.30","1.42","2.88","2.13","1.85","3.20","1.35","2.07","1.83"
"2948","18-02-17 13:00","Spain","LaLiga","2016/2017","Gijon","Atl. Madrid","7.10","4.34","1.55","1.01","11.50","1.26","3.84","1.99","1.97","3.30","1.33","6.20","1.10","2.09","1.81"
"2949","17-02-17 20:45","Spain","LaLiga","2016/2017","Granada CF","Betis","3.10","3.26","2.59","1.03","9.60","1.35","3.22","2.28","1.75","3.94","1.25","7.60","1.06","1.85","2.05"
"2950","13-02-17 20:45","Spain","LaLiga","2016/2017","Eibar","Granada CF","1.52","4.64","7.30","1.01","11.50","1.22","4.30","1.84","2.14","2.95","1.40","5.40","1.13","1.94","1.94"
"2951","12-02-17 20:45","Spain","LaLiga","2016/2017","Atl. Madrid","Celta Vigo","1.40","5.10","9.70","1.01","12.50","1.24","4.04","1.92","2.05","3.16","1.36","6.00","1.10","2.22","1.73"
"2952","12-02-17 18:30","Spain","LaLiga","2016/2017","Las Palmas","Sevilla","3.24","3.64","2.31","","","1.18","4.94","1.70","2.38","2.54","1.52","4.44","1.18","1.55","2.58"
"2953","12-02-17 16:15","Spain","LaLiga","2016/2017","Leganes","Gijon","1.86","3.64","4.90","1.05","8.60","1.41","2.93","2.46","1.66","4.44","1.21","8.50","1.05","2.26","1.70"
"2954","12-02-17 12:00","Spain","LaLiga","2016/2017","Villarreal","Malaga","1.79","3.66","5.40","1.01","12.00","1.30","3.52","2.13","1.85","3.60","1.29","6.90","1.08","1.97","1.91"
"2955","11-02-17 20:45","Spain","LaLiga","2016/2017","Osasuna","Real Madrid","12.00","6.90","1.27","","","1.05","8.10","1.36","3.16","2.08","1.89","3.24","1.35","1.86","2.03"
"2956","11-02-17 18:30","Spain","LaLiga","2016/2017","Ath Bilbao","Dep. La Coruna","1.69","3.92","5.95","1.02","10.50","1.29","3.62","2.08","1.89","3.52","1.30","6.70","1.08","1.98","1.90"
"2957","11-02-17 16:15","Spain","LaLiga","2016/2017","Alaves","Barcelona","11.50","5.90","1.32","","","1.17","5.20","1.66","2.46","2.54","1.52","4.54","1.17","2.05","1.84"
"2958","11-02-17 13:00","Spain","LaLiga","2016/2017","Betis","Valencia","2.57","3.28","3.09","1.03","10.00","1.32","3.38","2.19","1.81","3.70","1.28","7.10","1.07","1.83","2.06"
"2959","10-02-17 20:45","Spain","LaLiga","2016/2017","Espanyol","Real Sociedad","3.01","3.22","2.69","1.03","9.50","1.32","3.38","2.34","1.72","4.04","1.24","7.80","1.06","1.91","1.97"
"2960","06-02-17 20:45","Spain","LaLiga","2016/2017","Granada CF","Las Palmas","3.26","3.46","2.40","1.01","12.50","1.24","4.10","1.94","2.02","2.89","1.42","5.30","1.13","1.70","2.26"
"2961","05-02-17 18:30","Spain","LaLiga","2016/2017","Real Sociedad","Osasuna","1.43","4.84","9.30","","","1.22","4.30","1.86","2.12","3.00","1.39","5.50","1.12","2.12","1.79"
"2962","05-02-17 16:15","Spain","LaLiga","2016/2017","Gijon","Alaves","2.31","3.28","3.62","1.05","8.40","1.41","2.91","2.50","1.64","4.54","1.20","8.80","1.04","2.09","1.82"
"2963","05-02-17 12:00","Spain","LaLiga","2016/2017","Sevilla","Villarreal","1.64","4.30","5.95","","","1.20","4.54","1.78","2.23","2.77","1.45","5.00","1.14","1.79","2.12"
"2964","04-02-17 20:45","Spain","LaLiga","2016/2017","Valencia","Eibar","1.90","3.84","4.44","","","1.22","4.32","1.83","2.16","2.88","1.42","5.20","1.14","1.74","2.20"
"2965","04-02-17 18:30","Spain","LaLiga","2016/2017","Atl. Madrid","Leganes","1.32","5.50","13.50","1.03","9.80","1.32","3.42","2.17","1.82","3.84","1.26","7.40","1.06","2.99","1.44"
"2966","04-02-17 16:15","Spain","LaLiga","2016/2017","Barcelona","Ath Bilbao","1.30","6.50","11.50","","","1.10","6.10","1.45","2.78","2.23","1.78","3.76","1.27","1.90","1.98"
"2967","04-02-17 13:00","Spain","LaLiga","2016/2017","Malaga","Espanyol","2.19","3.50","3.70","1.03","10.00","1.33","3.32","2.20","1.80","3.78","1.27","7.20","1.07","1.93","1.95"
"2968","30-01-17 20:45","Spain","LaLiga","2016/2017","Las Palmas","Valencia","2.78","3.48","2.74","","","1.21","4.44","1.81","2.19","2.79","1.44","5.10","1.14","1.61","2.45"
"2969","29-01-17 20:45","Spain","LaLiga","2016/2017","Real Madrid","Real Sociedad","1.35","6.00","9.50","","","1.09","6.50","1.40","2.96","2.10","1.87","3.44","1.31","1.64","2.38"
"2970","29-01-17 18:30","Spain","LaLiga","2016/2017","Ath Bilbao","Gijon","1.38","5.30","10.50","","","1.21","4.44","1.81","2.19","2.89","1.42","5.30","1.13","2.17","1.75"
"2971","29-01-17 16:15","Spain","LaLiga","2016/2017","Espanyol","Sevilla","3.72","3.52","2.18","1.01","12.00","1.26","3.84","1.99","1.97","3.26","1.34","6.00","1.10","1.80","2.11"
"2972","29-01-17 12:00","Spain","LaLiga","2016/2017","Betis","Barcelona","12.50","6.40","1.29","","","1.10","6.20","1.44","2.80","2.22","1.79","3.72","1.28","1.79","2.11"
"2973","28-01-17 20:45","Spain","LaLiga","2016/2017","Leganes","Celta Vigo","2.38","3.24","3.52","1.05","8.30","1.42","2.88","2.51","1.62","4.54","1.20","8.80","1.04","2.10","1.81"
"2974","28-01-17 18:30","Spain","LaLiga","2016/2017","Eibar","Dep. La Coruna","2.38","3.34","3.42","1.03","9.70","1.35","3.24","2.25","1.75","3.90","1.26","7.40","1.06","1.96","1.92"
"2975","28-01-17 16:15","Spain","LaLiga","2016/2017","Alaves","Atl. Madrid","6.60","3.84","1.66","1.06","7.80","1.45","2.75","2.61","1.58","4.90","1.18","9.50","1.03","2.55","1.57"
"2976","28-01-17 13:00","Spain","LaLiga","2016/2017","Villarreal","Granada CF","1.38","5.40","9.70","1.01","12.50","1.24","4.10","1.87","2.08","3.10","1.37","5.70","1.11","2.26","1.70"
"2977","27-01-17 20:45","Spain","LaLiga","2016/2017","Osasuna","Malaga","3.24","3.48","2.40","1.02","11.00","1.29","3.60","2.08","1.89","3.46","1.31","6.50","1.09","1.78","2.13"
"2978","22-01-17 20:45","Spain","LaLiga","2016/2017","Eibar","Barcelona","11.50","6.50","1.30","","","1.09","6.60","1.40","2.96","2.16","1.83","3.48","1.31","1.79","2.11"
"2979","22-01-17 18:30","Spain","LaLiga","2016/2017","Betis","Gijon","1.74","3.92","5.50","1.02","11.00","1.29","3.60","2.08","1.89","3.52","1.30","6.70","1.08","2.02","1.86"
"2980","22-01-17 18:30","Spain","LaLiga","2016/2017","Real Sociedad","Celta Vigo","1.72","4.10","5.40","1.01","12.50","1.25","3.96","1.93","2.03","3.15","1.36","5.80","1.11","1.85","2.04"
"2981","22-01-17 16:15","Spain","LaLiga","2016/2017","Ath Bilbao","Atl. Madrid","4.02","3.28","2.18","1.06","7.80","1.46","2.73","2.66","1.58","4.90","1.18","9.50","1.03","2.25","1.70"
"2982","22-01-17 12:00","Spain","LaLiga","2016/2017","Osasuna","Sevilla","6.55","4.40","1.58","","","1.21","4.44","1.81","2.19","2.85","1.43","5.20","1.14","1.88","2.01"
"2983","21-01-17 20:45","Spain","LaLiga","2016/2017","Villarreal","Valencia","2.12","3.46","4.00","1.02","11.00","1.29","3.62","2.08","1.89","3.44","1.31","6.50","1.09","1.86","2.03"
"2984","21-01-17 18:30","Spain","LaLiga","2016/2017","Alaves","Leganes","2.38","3.04","3.78","1.09","6.30","1.66","2.29","3.13","1.44","6.10","1.13","","","2.50","1.58"
"2985","21-01-17 16:15","Spain","LaLiga","2016/2017","Real Madrid","Malaga","1.15","11.00","19.00","","","","","1.21","4.44","1.65","2.44","2.43","1.56","1.89","1.99"
"2986","21-01-17 13:00","Spain","LaLiga","2016/2017","Espanyol","Granada CF","1.64","4.00","6.60","1.03","10.00","1.32","3.38","2.20","1.80","3.82","1.27","7.30","1.06","2.16","1.76"
"2987","20-01-17 20:45","Spain","LaLiga","2016/2017","Las Palmas","Dep. La Coruna","2.38","3.40","3.36","1.02","11.00","1.29","3.64","2.06","1.91","3.40","1.32","6.40","1.09","1.80","2.10"
"2988","16-01-17 20:45","Spain","LaLiga","2016/2017","Malaga","Real Sociedad","2.32","3.44","3.40","1.01","12.50","1.25","3.94","1.95","2.01","3.14","1.37","5.80","1.11","1.70","2.27"
"2989","15-01-17 20:45","Spain","LaLiga","2016/2017","Sevilla","Real Madrid","3.44","3.94","2.12","1.02","19.00","1.14","5.10","1.56","2.44","2.41","1.68","3.54","1.30","1.43","3.02"
"2990","15-01-17 18:30","Spain","LaLiga","2016/2017","Gijon","Eibar","2.98","3.34","2.62","1.02","11.00","1.29","3.60","2.07","1.88","3.44","1.31","6.50","1.09","1.83","2.06"
"2991","15-01-17 18:30","Spain","LaLiga","2016/2017","Granada CF","Osasuna","2.07","3.50","4.12","1.02","11.00","1.30","3.56","2.09","1.86","3.52","1.30","6.70","1.08","1.88","2.00"
"2992","15-01-17 16:15","Spain","LaLiga","2016/2017","Celta Vigo","Alaves","1.86","3.50","5.20","1.02","10.50","1.30","3.52","2.16","1.83","3.64","1.29","6.90","1.08","1.97","1.92"
"2993","15-01-17 12:00","Spain","LaLiga","2016/2017","Valencia","Espanyol","1.90","3.66","4.58","1.01","12.00","1.25","3.94","1.95","1.99","3.18","1.36","6.00","1.10","1.82","2.08"
"2994","14-01-17 20:45","Spain","LaLiga","2016/2017","Dep. La Coruna","Villarreal","2.97","3.20","2.73","1.03","9.20","1.37","3.10","2.31","1.73","4.10","1.24","7.90","1.06","1.88","2.00"
"2995","14-01-17 18:30","Spain","LaLiga","2016/2017","Atl. Madrid","Betis","1.27","6.50","13.50","1.05","11.00","1.23","4.20","1.82","2.17","2.56","1.51","4.54","1.17","2.60","1.54"
"2996","14-01-17 16:15","Spain","LaLiga","2016/2017","Barcelona","Las Palmas","1.13","11.50","25.00","","","1.06","10.00","1.19","4.74","1.60","2.60","2.30","1.62","1.92","1.97"
"2997","14-01-17 13:00","Spain","LaLiga","2016/2017","Leganes","Ath Bilbao","3.74","3.24","2.26","1.05","8.50","1.42","2.88","2.54","1.63","4.60","1.20","8.80","1.04","2.10","1.81"
"2998","09-01-17 20:45","Spain","LaLiga","2016/2017","Osasuna","Valencia","4.24","3.76","1.96","1.01","12.00","1.22","4.24","1.85","2.13","2.92","1.41","5.30","1.13","1.71","2.24"
"2999","08-01-17 20:45","Spain","LaLiga","2016/2017","Villarreal","Barcelona","6.75","4.88","1.52","1.01","17.00","1.13","6.10","1.59","2.63","2.20","1.67","3.90","1.22","1.69","2.28"
"3000","08-01-17 18:30","Spain","LaLiga","2016/2017","Celta Vigo","Malaga","1.98","3.58","4.32","1.03","12.00","1.27","3.78","2.00","1.94","3.30","1.33","6.20","1.10","1.78","2.13"
"3001","08-01-17 16:15","Spain","LaLiga","2016/2017","Betis","Leganes","2.26","3.12","3.98","1.06","7.70","1.46","2.72","2.67","1.56","4.94","1.18","9.60","1.03","2.24","1.71"
"3002","08-01-17 12:00","Spain","LaLiga","2016/2017","Ath Bilbao","Alaves","1.63","3.94","6.80","1.03","10.00","1.31","3.44","2.16","1.81","3.72","1.28","7.20","1.07","2.16","1.76"
"3003","07-01-17 20:45","Spain","LaLiga","2016/2017","Real Sociedad","Sevilla","2.52","3.52","3.03","1.04","11.50","1.22","4.30","1.84","2.14","2.88","1.42","5.20","1.14","1.64","2.37"
"3004","07-01-17 18:30","Spain","LaLiga","2016/2017","Las Palmas","Gijon","1.63","4.10","6.30","1.01","12.00","1.25","3.96","1.95","2.01","3.20","1.35","6.00","1.10","1.95","1.93"
"3005","07-01-17 16:15","Spain","LaLiga","2016/2017","Eibar","Atl. Madrid","5.55","3.68","1.78","1.03","9.30","1.37","3.14","2.32","1.73","4.10","1.24","7.90","1.06","2.21","1.73"
"3006","07-01-17 13:00","Spain","LaLiga","2016/2017","Real Madrid","Granada CF","1.07","16.00","44.00","","","1.03","12.00","1.14","5.20","1.42","2.88","2.16","1.83","2.15","1.77"
"3007","06-01-17 20:45","Spain","LaLiga","2016/2017","Espanyol","Dep. La Coruna","2.22","3.24","3.92","1.03","9.50","1.42","2.88","2.53","1.62","4.60","1.20","8.90","1.04","2.08","1.82"
"3008","19-12-16 20:45","Spain","LaLiga","2016/2017","Ath Bilbao","Celta Vigo","1.85","3.80","4.84","1.04","13.00","1.22","4.32","1.84","2.14","2.91","1.41","5.30","1.13","1.72","2.23"
"3009","18-12-16 20:45","Spain","LaLiga","2016/2017","Barcelona","Espanyol","1.13","12.00","23.00","","","1.05","8.10","1.27","3.76","1.78","2.21","2.51","1.53","2.24","1.71"
"3010","18-12-16 18:30","Spain","LaLiga","2016/2017","Dep. La Coruna","Osasuna","1.58","4.24","6.95","1.01","11.50","1.26","3.90","1.96","1.98","3.26","1.34","6.20","1.10","2.10","1.81"
"3011","18-12-16 16:15","Spain","LaLiga","2016/2017","Leganes","Eibar","2.58","3.08","3.34","1.05","8.20","1.42","2.88","2.53","1.62","4.54","1.20","8.80","1.04","2.07","1.83"
"3012","17-12-16 20:45","Spain","LaLiga","2016/2017","Sevilla","Malaga","1.53","4.80","6.60","","","1.15","5.50","1.61","2.58","2.38","1.58","4.14","1.20","1.70","2.25"
"3013","17-12-16 18:30","Spain","LaLiga","2016/2017","Granada CF","Real Sociedad","3.78","3.60","2.13","1.01","12.50","1.25","3.98","1.93","2.03","3.10","1.37","5.70","1.11","1.76","2.16"
"3014","17-12-16 16:15","Spain","LaLiga","2016/2017","Atl. Madrid","Las Palmas","1.27","6.50","14.50","","","1.15","5.50","1.62","2.54","2.45","1.55","4.30","1.19","2.18","1.74"
"3015","17-12-16 13:00","Spain","LaLiga","2016/2017","Gijon","Villarreal","3.78","3.32","2.24","1.04","8.80","1.38","3.04","2.39","1.69","4.24","1.22","8.10","1.05","2.00","1.88"
"3016","16-12-16 20:45","Spain","LaLiga","2016/2017","Alaves","Betis","2.46","3.10","3.54","1.05","8.10","1.42","2.88","2.55","1.62","4.54","1.20","8.80","1.04","2.09","1.81"
"3017","12-12-16 20:45","Spain","LaLiga","2016/2017","Villarreal","Atl. Madrid","4.58","3.40","2.00","1.06","7.80","1.45","2.76","2.63","1.59","4.84","1.18","9.40","1.03","2.29","1.69"
"3018","11-12-16 20:45","Spain","LaLiga","2016/2017","Betis","Ath Bilbao","3.48","3.28","2.38","1.03","9.60","1.36","3.16","2.32","1.73","4.04","1.24","7.80","1.06","2.03","1.86"
"3019","11-12-16 18:30","Spain","LaLiga","2016/2017","Espanyol","Gijon","1.81","3.54","5.70","1.03","9.20","1.36","3.15","2.34","1.70","4.20","1.23","8.10","1.05","2.13","1.78"
"3020","11-12-16 16:15","Spain","LaLiga","2016/2017","Celta Vigo","Sevilla","2.77","3.54","2.71","","","1.18","4.90","1.70","2.34","2.56","1.51","4.54","1.17","1.56","2.56"
"3021","11-12-16 12:00","Spain","LaLiga","2016/2017","Eibar","Alaves","2.00","3.48","4.44","1.03","9.30","1.33","3.32","2.27","1.74","3.96","1.25","7.60","1.06","2.03","1.86"
"3022","10-12-16 20:45","Spain","LaLiga","2016/2017","Real Madrid","Dep. La Coruna","1.24","7.20","15.00","","","1.11","5.80","1.48","2.65","2.25","1.75","3.78","1.27","1.95","1.93"
"3023","10-12-16 18:30","Spain","LaLiga","2016/2017","Las Palmas","Leganes","1.83","3.60","5.30","1.03","9.30","1.37","3.14","2.32","1.71","4.10","1.24","7.90","1.06","2.13","1.78"
"3024","10-12-16 16:15","Spain","LaLiga","2016/2017","Real Sociedad","Valencia","1.95","3.82","4.16","","","1.23","4.20","1.86","2.09","3.00","1.39","5.50","1.12","1.75","2.18"
"3025","10-12-16 13:00","Spain","LaLiga","2016/2017","Osasuna","Barcelona","27.00","9.80","1.14","","","1.06","7.80","1.26","3.86","1.75","2.25","2.59","1.50","2.12","1.79"
"3026","09-12-16 20:45","Spain","LaLiga","2016/2017","Malaga","Granada CF","1.67","4.14","5.85","","","1.20","4.54","1.79","2.22","2.78","1.45","5.10","1.14","1.81","2.09"
"3027","05-12-16 20:45","Spain","LaLiga","2016/2017","Dep. La Coruna","Real Sociedad","3.32","3.44","2.36","","","1.29","3.60","2.08","1.87","3.44","1.31","6.50","1.09","1.70","2.15"
"3028","04-12-16 20:45","Spain","LaLiga","2016/2017","Valencia","Malaga","1.64","4.40","5.55","1.01","12.50","1.19","4.70","1.72","2.30","2.68","1.47","4.74","1.16","1.65","2.25"
"3029","04-12-16 18:30","Spain","LaLiga","2016/2017","Alaves","Las Palmas","2.48","3.18","3.42","1.04","9.00","1.31","3.46","2.17","1.82","3.44","1.31","6.00","1.10","1.67","2.20"
"3030","04-12-16 18:30","Spain","LaLiga","2016/2017","Gijon","Osasuna","1.94","3.42","4.78","1.03","9.70","1.34","3.26","2.26","1.76","3.90","1.26","7.60","1.06","1.90","1.90"
"3031","04-12-16 16:15","Spain","LaLiga","2016/2017","Ath Bilbao","Eibar","1.89","3.46","5.05","1.03","9.70","1.34","3.28","2.26","1.76","3.90","1.26","7.60","1.06","1.82","1.99"
"3032","04-12-16 12:00","Spain","LaLiga","2016/2017","Betis","Celta Vigo","2.76","3.26","2.88","1.03","10.00","1.32","3.38","2.19","1.81","3.70","1.28","7.10","1.07","1.77","2.05"
"3033","03-12-16 20:45","Spain","LaLiga","2016/2017","Atl. Madrid","Espanyol","1.27","6.20","15.00","1.01","12.00","1.21","4.40","1.82","2.15","3.00","1.39","5.50","1.12","2.43","1.56"
"3034","03-12-16 18:30","Spain","LaLiga","2016/2017","Leganes","Villarreal","3.11","3.04","2.73","1.06","7.40","1.47","2.70","2.70","1.55","5.10","1.17","9.60","1.03","2.04","1.78"
"3035","03-12-16 16:15","Spain","LaLiga","2016/2017","Barcelona","Real Madrid","1.83","4.56","3.98","","","1.08","6.70","1.37","3.14","1.99","1.97","3.13","1.37","1.31","3.46"
"3036","03-12-16 13:00","Spain","LaLiga","2016/2017","Granada CF","Sevilla","5.15","4.00","1.74","1.03","9.50","1.23","4.20","1.88","2.09","3.00","1.39","5.50","1.12","1.73","2.11"
"3037","28-11-16 20:45","Spain","LaLiga","2016/2017","Las Palmas","Ath Bilbao","2.81","3.34","2.77","1.01","12.50","1.27","3.76","2.02","1.94","3.30","1.33","6.20","1.10","1.67","2.20"
"3038","27-11-16 20:45","Spain","LaLiga","2016/2017","Real Sociedad","Barcelona","6.60","5.40","1.47","1.03","15.00","1.11","5.70","1.46","2.73","2.26","1.76","3.76","1.27","1.45","2.50"
"3039","27-11-16 18:30","Spain","LaLiga","2016/2017","Celta Vigo","Granada CF","1.66","3.90","6.40","1.02","11.00","1.27","3.76","2.02","1.94","3.38","1.32","6.30","1.09","1.80","2.01"
"3040","27-11-16 16:15","Spain","LaLiga","2016/2017","Osasuna","Atl. Madrid","13.00","5.10","1.34","1.01","11.50","1.25","3.98","1.96","2.00","3.28","1.34","6.20","1.10","2.30","1.62"
"3041","27-11-16 12:00","Spain","LaLiga","2016/2017","Villarreal","Alaves","1.57","3.92","8.10","1.03","9.70","1.32","3.38","2.22","1.79","3.86","1.26","7.60","1.06","2.15","1.70"
"3042","26-11-16 20:45","Spain","LaLiga","2016/2017","Sevilla","Valencia","1.80","3.82","5.00","1.04","13.00","1.18","4.90","1.71","2.33","2.59","1.50","4.60","1.17","1.57","2.40"
"3043","26-11-16 18:30","Spain","LaLiga","2016/2017","Espanyol","Leganes","2.04","3.13","4.84","1.05","8.30","1.40","2.96","2.51","1.62","4.44","1.21","8.80","1.04","1.98","1.83"
"3044","26-11-16 16:15","Spain","LaLiga","2016/2017","Real Madrid","Gijon","1.11","13.00","27.00","","","1.04","11.00","1.14","5.00","1.45","2.76","2.16","1.83","1.85","1.82"
"3045","26-11-16 13:00","Spain","LaLiga","2016/2017","Malaga","Dep. La Coruna","1.97","3.44","4.56","1.03","10.00","1.32","3.38","2.20","1.80","3.76","1.27","7.20","1.07","1.86","1.94"
"3046","25-11-16 20:45","Spain","LaLiga","2016/2017","Eibar","Betis","2.04","3.32","4.50","1.03","10.00","1.32","3.38","2.19","1.81","3.76","1.27","7.10","1.07","1.80","2.01"
"3047","21-11-16 20:45","Spain","LaLiga","2016/2017","Leganes","Osasuna","2.06","3.40","4.30","1.04","8.90","1.37","3.10","2.36","1.69","4.20","1.23","8.10","1.05","1.95","1.85"
"3048","20-11-16 20:45","Spain","LaLiga","2016/2017","Ath Bilbao","Villarreal","2.26","3.24","3.82","1.03","9.30","1.36","3.18","2.32","1.73","4.04","1.24","7.70","1.06","1.86","1.94"
"3049","20-11-16 18:30","Spain","LaLiga","2016/2017","Gijon","Real Sociedad","3.76","3.48","2.18","1.02","11.00","1.29","3.64","2.06","1.91","3.40","1.32","6.40","1.09","1.73","2.11"
"3050","20-11-16 16:15","Spain","LaLiga","2016/2017","Valencia","Granada CF","1.43","5.10","8.50","1.01","16.00","1.17","5.10","1.66","2.42","2.53","1.52","4.54","1.17","1.78","2.04"
"3051","20-11-16 12:00","Spain","LaLiga","2016/2017","Alaves","Espanyol","2.76","3.08","3.08","1.06","7.70","1.45","2.75","2.66","1.58","4.84","1.18","9.30","1.03","2.00","1.81"
"3052","19-11-16 20:45","Spain","LaLiga","2016/2017","Atl. Madrid","Real Madrid","2.60","3.40","2.99","1.01","12.00","1.26","3.88","1.97","1.99","3.20","1.35","6.00","1.10","1.64","2.26"
"3053","19-11-16 18:30","Spain","LaLiga","2016/2017","Eibar","Celta Vigo","2.26","3.32","3.72","1.02","10.50","1.31","3.46","2.16","1.83","3.64","1.29","6.90","1.08","1.76","2.06"
"3054","19-11-16 16:15","Spain","LaLiga","2016/2017","Barcelona","Malaga","1.21","8.10","16.00","1.01","23.00","1.09","6.50","1.40","2.97","2.12","1.84","3.52","1.30","1.95","1.85"
"3055","19-11-16 13:00","Spain","LaLiga","2016/2017","Dep. La Coruna","Sevilla","3.40","3.42","2.35","1.01","11.50","1.25","3.94","1.95","2.01","3.14","1.37","5.80","1.11","1.65","2.24"
"3056","18-11-16 20:45","Spain","LaLiga","2016/2017","Betis","Las Palmas","2.40","3.52","3.22","1.01","12.00","1.24","4.04","1.91","2.06","3.04","1.38","5.60","1.12","1.62","2.31"
"3057","06-11-16 20:45","Spain","LaLiga","2016/2017","Sevilla","Barcelona","4.64","4.50","1.74","1.02","21.00","1.09","6.40","1.40","2.95","2.08","1.89","3.34","1.33","1.41","2.91"
"3058","06-11-16 18:30","Spain","LaLiga","2016/2017","Villarreal","Betis","1.64","4.14","6.25","1.01","11.50","1.27","3.80","2.00","1.96","3.32","1.33","6.20","1.10","1.90","1.90"
"3059","06-11-16 16:15","Spain","LaLiga","2016/2017","Celta Vigo","Valencia","2.43","3.46","3.22","1.04","13.00","1.18","4.84","1.72","2.31","2.60","1.50","4.60","1.17","1.49","2.63"
"3060","06-11-16 16:15","Spain","LaLiga","2016/2017","Espanyol","Ath Bilbao","2.67","3.24","3.03","1.03","9.60","1.35","3.20","2.26","1.76","3.84","1.26","7.30","1.06","1.81","2.00"
"3061","06-11-16 12:00","Spain","LaLiga","2016/2017","Real Madrid","Leganes","1.10","14.00","31.00","1.01","29.00","1.05","11.00","1.13","5.30","1.43","2.83","2.19","1.81","1.95","1.80"
"3062","05-11-16 20:45","Spain","LaLiga","2016/2017","Las Palmas","Eibar","1.95","3.84","4.16","1.05","12.00","1.20","4.60","1.75","2.25","2.72","1.46","4.84","1.15","1.52","2.53"
"3063","05-11-16 18:30","Spain","LaLiga","2016/2017","Osasuna","Alaves","2.53","3.16","3.32","1.05","8.20","1.42","2.88","2.53","1.62","4.54","1.20","8.80","1.04","1.98","1.83"
"3064","05-11-16 16:15","Spain","LaLiga","2016/2017","Real Sociedad","Atl. Madrid","5.95","4.00","1.69","1.02","10.50","1.30","3.52","2.12","1.86","3.60","1.29","6.90","1.08","1.97","1.83"
"3065","05-11-16 13:00","Spain","LaLiga","2016/2017","Granada CF","Dep. La Coruna","2.76","3.18","2.98","1.04","8.90","1.38","3.05","2.39","1.69","4.20","1.23","8.10","1.05","1.87","1.93"
"3066","04-11-16 20:45","Spain","LaLiga","2016/2017","Malaga","Gijon","1.72","3.82","5.95","1.03","9.70","1.30","3.52","2.22","1.79","3.84","1.26","7.40","1.06","2.00","1.81"
"3067","31-10-16 20:45","Spain","LaLiga","2016/2017","Dep. La Coruna","Valencia","3.09","3.32","2.57","1.02","10.50","1.31","3.46","2.14","1.84","3.60","1.29","6.80","1.08","1.74","2.09"
"3068","30-10-16 20:45","Spain","LaLiga","2016/2017","Las Palmas","Celta Vigo","2.32","3.70","3.18","1.02","14.00","1.20","4.60","1.74","2.27","2.68","1.47","4.80","1.15","1.50","2.59"
"3069","30-10-16 18:30","Spain","LaLiga","2016/2017","Betis","Espanyol","2.27","3.42","3.58","1.02","10.50","1.31","3.44","2.14","1.84","3.62","1.29","6.90","1.08","1.70","2.15"
"3070","30-10-16 16:15","Spain","LaLiga","2016/2017","Ath Bilbao","Osasuna","1.46","4.68","8.70","1.03","13.00","1.22","4.30","1.85","2.13","2.98","1.40","5.50","1.12","1.96","1.84"
"3071","30-10-16 12:00","Spain","LaLiga","2016/2017","Eibar","Villarreal","3.03","3.24","2.65","1.03","9.20","1.35","3.20","2.34","1.72","4.10","1.24","7.80","1.06","1.77","2.05"
"3072","29-10-16 20:45","Spain","LaLiga","2016/2017","Barcelona","Granada CF","1.04","26.00","59.00","","","1.04","11.00","1.11","5.70","1.30","3.52","1.74","2.27","2.20","1.62"
"3073","29-10-16 18:30","Spain","LaLiga","2016/2017","Atl. Madrid","Malaga","1.25","6.60","17.00","1.02","14.00","1.17","5.10","1.67","2.40","2.63","1.49","4.60","1.17","2.20","1.65"
"3074","29-10-16 16:15","Spain","LaLiga","2016/2017","Alaves","Real Madrid","15.00","7.60","1.23","1.02","21.00","1.06","7.60","1.33","3.34","1.93","2.03","3.06","1.38","1.73","2.11"
"3075","29-10-16 13:00","Spain","LaLiga","2016/2017","Gijon","Sevilla","4.54","3.70","1.90","1.01","12.00","1.31","3.46","2.12","1.86","3.60","1.29","6.80","1.08","1.88","1.92"
"3076","28-10-16 20:45","Spain","LaLiga","2016/2017","Leganes","Real Sociedad","2.80","3.15","2.93","1.03","9.30","1.36","3.16","2.32","1.73","4.00","1.25","7.70","1.06","1.72","2.12"
"3077","23-10-16 20:45","Spain","LaLiga","2016/2017","Real Madrid","Ath Bilbao","1.22","7.60","16.00","1.01","23.00","1.07","8.60","1.25","3.98","1.79","2.22","2.59","1.50","1.71","2.14"
"3078","23-10-16 18:30","Spain","LaLiga","2016/2017","Malaga","Leganes","2.24","3.14","3.98","1.05","8.40","1.40","2.95","2.48","1.65","4.44","1.21","8.50","1.05","1.97","1.83"
"3079","23-10-16 18:30","Spain","LaLiga","2016/2017","Villarreal","Las Palmas","1.66","4.04","6.10","1.01","12.00","1.25","3.98","1.94","2.02","3.16","1.36","6.00","1.10","1.83","1.98"
"3080","23-10-16 16:15","Spain","LaLiga","2016/2017","Sevilla","Atl. Madrid","4.08","3.58","2.04","1.02","10.50","1.30","3.52","2.10","1.87","3.56","1.30","6.70","1.08","1.80","1.98"
"3081","23-10-16 12:00","Spain","LaLiga","2016/2017","Celta Vigo","Dep. La Coruna","1.78","3.70","5.40","1.03","10.00","1.32","3.40","2.17","1.82","3.72","1.28","7.10","1.07","1.94","1.86"
"3082","22-10-16 20:45","Spain","LaLiga","2016/2017","Granada CF","Gijon","2.30","3.34","3.56","1.02","11.00","1.29","3.60","2.09","1.88","3.48","1.31","6.50","1.09","1.74","2.09"
"3083","22-10-16 18:30","Spain","LaLiga","2016/2017","Real Sociedad","Alaves","1.66","3.98","6.25","1.03","9.70","1.33","3.30","2.22","1.79","3.86","1.26","7.40","1.06","2.05","1.74"
"3084","22-10-16 16:15","Spain","LaLiga","2016/2017","Valencia","Barcelona","8.30","5.95","1.38","1.01","23.00","1.07","7.10","1.35","3.20","1.95","2.01","3.06","1.38","1.44","2.79"
"3085","22-10-16 13:00","Spain","LaLiga","2016/2017","Espanyol","Eibar","2.20","3.34","3.80","1.03","10.00","1.30","3.52","2.19","1.81","3.72","1.28","7.10","1.07","1.77","2.05"
"3086","21-10-16 20:45","Spain","LaLiga","2016/2017","Osasuna","Betis","2.57","3.38","3.06","1.02","11.00","1.33","3.34","2.19","1.81","3.76","1.27","7.10","1.07","1.79","2.02"
"3087","17-10-16 20:45","Spain","LaLiga","2016/2017","Eibar","Osasuna","1.66","4.04","6.15","1.01","11.50","1.28","3.68","1.99","1.97","3.38","1.32","6.30","1.09","1.86","1.94"
"3088","16-10-16 20:45","Spain","LaLiga","2016/2017","Villarreal","Celta Vigo","2.14","3.42","3.94","1.02","11.00","1.29","3.60","2.09","1.88","3.48","1.31","6.50","1.09","1.75","2.08"
"3089","16-10-16 18:30","Spain","LaLiga","2016/2017","Gijon","Valencia","3.42","3.50","2.30","1.05","12.00","1.25","3.94","1.95","2.01","3.14","1.37","5.80","1.11","1.65","2.24"
"3090","16-10-16 16:15","Spain","LaLiga","2016/2017","Ath Bilbao","Real Sociedad","1.89","3.56","4.96","1.03","9.70","1.33","3.34","2.22","1.79","3.80","1.27","7.30","1.06","1.90","1.90"
"3091","16-10-16 12:00","Spain","LaLiga","2016/2017","Alaves","Malaga","2.93","3.10","2.87","1.06","7.70","1.45","2.75","2.66","1.58","4.84","1.18","9.40","1.03","2.02","1.79"
"3092","15-10-16 20:45","Spain","LaLiga","2016/2017","Betis","Real Madrid","10.50","6.30","1.33","1.02","21.00","1.09","6.30","1.42","2.88","2.16","1.83","3.56","1.30","1.75","2.08"
"3093","15-10-16 18:30","Spain","LaLiga","2016/2017","Atl. Madrid","Granada CF","1.11","11.50","39.00","1.03","15.00","1.11","5.70","1.53","2.80","2.34","1.70","3.98","1.25","3.00","1.37"
"3094","15-10-16 16:15","Spain","LaLiga","2016/2017","Barcelona","Dep. La Coruna","1.14","10.50","26.00","1.01","26.00","1.08","8.00","1.29","3.64","1.84","2.14","2.72","1.46","2.25","1.63"
"3095","15-10-16 13:00","Spain","LaLiga","2016/2017","Leganes","Sevilla","3.86","3.56","2.12","1.02","11.00","1.30","3.54","2.09","1.88","3.52","1.30","6.60","1.09","1.77","2.05"
"3096","14-10-16 20:45","Spain","LaLiga","2016/2017","Las Palmas","Espanyol","1.91","3.72","4.54","1.01","12.00","1.26","3.86","1.97","1.99","3.22","1.35","6.00","1.10","1.75","2.08"
"3097","02-10-16 20:45","Spain","LaLiga","2016/2017","Celta Vigo","Barcelona","8.10","5.20","1.44","1.03","17.00","1.11","5.70","1.47","2.69","2.32","1.73","3.68","1.28","1.73","2.11"
"3098","02-10-16 18:30","Spain","LaLiga","2016/2017","Espanyol","Villarreal","3.28","3.20","2.53","1.05","8.60","1.40","2.96","2.46","1.66","4.40","1.21","8.40","1.05","1.91","1.89"
"3099","02-10-16 18:30","Spain","LaLiga","2016/2017","Malaga","Ath Bilbao","2.78","3.16","2.97","1.05","8.20","1.42","2.88","2.53","1.63","4.54","1.20","8.80","1.04","1.95","1.85"
"3100","02-10-16 16:15","Spain","LaLiga","2016/2017","Real Madrid","Eibar","1.12","12.50","25.00","1.01","26.00","1.06","10.00","1.20","4.60","1.61","2.58","2.19","1.68","2.00","1.72"
"3101","02-10-16 12:00","Spain","LaLiga","2016/2017","Valencia","Atl. Madrid","4.92","3.60","1.88","1.01","12.00","1.26","3.88","1.99","1.97","3.24","1.35","6.00","1.10","1.73","2.11"
"3102","01-10-16 20:45","Spain","LaLiga","2016/2017","Dep. La Coruna","Gijon","1.93","3.46","4.88","1.03","9.30","1.36","3.18","2.32","1.73","4.04","1.24","7.80","1.06","1.95","1.85"
"3103","01-10-16 18:30","Spain","LaLiga","2016/2017","Osasuna","Las Palmas","2.83","3.44","2.72","1.06","10.00","1.25","3.98","1.93","2.03","3.10","1.37","5.70","1.11","1.62","2.30"
"3104","01-10-16 16:15","Spain","LaLiga","2016/2017","Sevilla","Alaves","1.45","4.84","8.70","1.05","12.00","1.22","4.30","1.85","2.13","2.97","1.40","5.50","1.12","1.95","1.85"
"3105","01-10-16 13:00","Spain","LaLiga","2016/2017","Granada CF","Leganes","2.51","3.30","3.20","1.03","9.60","1.35","3.20","2.28","1.75","3.96","1.25","7.60","1.06","1.85","1.95"
"3106","30-09-16 20:45","Spain","LaLiga","2016/2017","Real Sociedad","Betis","1.89","3.62","4.82","1.01","11.50","1.27","3.76","2.01","1.95","3.34","1.33","6.30","1.09","1.76","2.06"
"3107","26-09-16 20:45","Spain","LaLiga","2016/2017","Alaves","Granada CF","1.94","3.62","4.50","1.03","9.70","1.33","3.30","2.46","1.66","3.84","1.26","7.30","1.06","1.92","1.88"
"3108","25-09-16 20:45","Spain","LaLiga","2016/2017","Espanyol","Celta Vigo","2.37","3.40","3.32","1.02","11.00","1.29","3.62","2.07","1.90","3.44","1.31","6.50","1.09","1.72","2.12"
"3109","25-09-16 18:30","Spain","LaLiga","2016/2017","Villarreal","Osasuna","1.42","4.94","9.30","1.02","11.00","1.27","3.80","2.00","1.96","3.38","1.32","6.40","1.09","2.20","1.65"
"3110","25-09-16 16:15","Spain","LaLiga","2016/2017","Atl. Madrid","Dep. La Coruna","1.21","7.00","20.00","1.03","12.00","1.21","4.50","1.77","2.22","2.88","1.42","5.20","1.14","2.63","1.44"
"3111","25-09-16 12:00","Spain","LaLiga","2016/2017","Leganes","Valencia","2.98","3.48","2.54","1.02","10.50","1.32","3.40","2.16","1.83","3.68","1.28","6.90","1.08","1.70","2.15"
"3112","24-09-16 20:45","Spain","LaLiga","2016/2017","Las Palmas","Real Madrid","9.40","5.90","1.36","1.01","21.00","1.09","7.60","1.32","3.40","1.87","2.08","2.65","1.48","1.49","2.63"
"3113","24-09-16 18:30","Spain","LaLiga","2016/2017","Ath Bilbao","Sevilla","1.97","3.60","4.34","1.02","10.50","1.31","3.44","2.14","1.84","3.64","1.29","6.90","1.08","1.80","1.95"
"3114","24-09-16 16:15","Spain","LaLiga","2016/2017","Gijon","Barcelona","14.50","6.95","1.25","1.02","19.00","1.08","6.90","1.44","3.16","2.18","1.80","3.52","1.30","1.87","1.93"
"3115","24-09-16 13:00","Spain","LaLiga","2016/2017","Eibar","Real Sociedad","2.80","3.20","2.88","1.03","9.30","1.36","3.18","2.30","1.74","3.98","1.25","7.60","1.06","1.82","1.99"
"3116","23-09-16 20:45","Spain","LaLiga","2016/2017","Betis","Malaga","2.60","3.26","3.13","1.03","9.70","1.34","3.26","2.26","1.76","3.88","1.26","7.40","1.06","1.80","2.01"
"3117","22-09-16 22:00","Spain","LaLiga","2016/2017","Valencia","Alaves","1.58","4.38","6.55","1.04","13.00","1.19","4.70","1.74","2.27","2.72","1.46","4.84","1.15","1.72","2.12"
"3118","22-09-16 20:00","Spain","LaLiga","2016/2017","Dep. La Coruna","Leganes","2.28","3.22","3.78","1.04","9.00","1.41","2.91","2.49","1.63","4.50","1.21","8.80","1.04","1.99","1.82"
"3119","22-09-16 20:00","Spain","LaLiga","2016/2017","Osasuna","Espanyol","3.34","3.32","2.43","1.05","8.40","1.41","2.91","2.47","1.64","4.44","1.21","8.60","1.05","1.95","1.82"
"3120","21-09-16 22:00","Spain","LaLiga","2016/2017","Barcelona","Atl. Madrid","1.58","4.42","6.50","1.05","12.00","1.20","4.60","1.77","2.25","2.75","1.45","4.64","1.17","1.80","2.01"
"3121","21-09-16 22:00","Spain","LaLiga","2016/2017","Granada CF","Ath Bilbao","4.12","3.74","2.00","1.01","12.00","1.27","3.78","1.99","1.97","3.28","1.34","6.10","1.10","1.70","2.15"
"3122","21-09-16 22:00","Spain","LaLiga","2016/2017","Real Sociedad","Las Palmas","1.97","3.74","4.22","1.01","12.00","1.26","3.84","1.97","1.99","3.22","1.35","6.00","1.10","1.73","2.11"
"3123","21-09-16 20:00","Spain","LaLiga","2016/2017","Celta Vigo","Gijon","1.63","4.30","5.85","1.05","12.00","1.23","4.20","1.87","2.10","3.02","1.39","5.50","1.12","1.80","1.98"
"3124","21-09-16 20:00","Spain","LaLiga","2016/2017","Real Madrid","Villarreal","1.27","6.90","13.00","1.02","21.00","1.08","6.70","1.39","3.00","2.10","1.87","3.44","1.31","1.75","2.08"
"3125","20-09-16 22:00","Spain","LaLiga","2016/2017","Sevilla","Betis","1.54","4.74","6.55","1.03","15.00","1.16","5.30","1.63","2.53","2.43","1.56","4.24","1.19","1.65","2.24"
"3126","20-09-16 20:00","Spain","LaLiga","2016/2017","Malaga","Eibar","1.88","3.44","5.30","1.04","8.90","1.37","3.14","2.35","1.71","4.20","1.23","8.00","1.06","1.99","1.82"
"3127","19-09-16 20:45","Spain","LaLiga","2016/2017","Alaves","Dep. La Coruna","2.44","3.05","3.66","1.06","8.00","1.42","2.88","2.58","1.61","4.60","1.20","8.90","1.04","1.93","1.87"
"3128","18-09-16 20:45","Spain","LaLiga","2016/2017","Espanyol","Real Madrid","8.40","5.40","1.41","1.03","17.00","1.11","5.80","1.48","2.67","2.35","1.71","3.88","1.26","1.70","2.15"
"3129","18-09-16 18:30","Spain","LaLiga","2016/2017","Villarreal","Real Sociedad","1.86","3.52","5.20","1.04","8.90","1.37","3.10","2.36","1.69","4.20","1.23","8.10","1.05","2.02","1.79"
"3130","18-09-16 16:15","Spain","LaLiga","2016/2017","Ath Bilbao","Valencia","1.90","3.80","4.50","1.05","11.00","1.23","4.20","1.89","2.08","3.02","1.39","5.50","1.12","1.60","2.34"
"3131","18-09-16 12:00","Spain","LaLiga","2016/2017","Osasuna","Celta Vigo","3.44","3.28","2.40","1.04","8.90","1.38","3.06","2.37","1.70","4.20","1.23","8.10","1.05","1.89","1.91"
"3132","17-09-16 20:45","Spain","LaLiga","2016/2017","Las Palmas","Malaga","2.27","3.50","3.50","1.01","12.00","1.27","3.78","2.00","1.96","3.26","1.34","6.10","1.10","1.69","2.17"
"3133","17-09-16 18:30","Spain","LaLiga","2016/2017","Eibar","Sevilla","3.11","3.42","2.51","1.05","11.00","1.25","4.00","1.93","2.03","3.10","1.37","5.70","1.11","1.62","2.31"
"3134","17-09-16 16:15","Spain","LaLiga","2016/2017","Atl. Madrid","Gijon","1.22","7.20","20.00","1.01","15.00","1.14","5.80","1.61","2.58","2.44","1.56","4.40","1.18","2.36","1.59"
"3135","17-09-16 13:00","Spain","LaLiga","2016/2017","Leganes","Barcelona","19.00","8.30","1.20","1.02","19.00","1.08","6.70","1.39","3.00","2.12","1.86","3.10","1.37","2.00","1.69"
"3136","16-09-16 20:45","Spain","LaLiga","2016/2017","Betis","Granada CF","1.77","3.88","5.30","1.05","11.00","1.23","4.20","1.89","2.08","3.02","1.39","5.60","1.12","1.71","2.14"
"3137","11-09-16 20:30","Spain","LaLiga","2016/2017","Dep. La Coruna","Ath Bilbao","3.72","3.32","2.26","1.03","9.70","1.34","3.26","2.26","1.76","3.88","1.26","7.40","1.06","1.78","2.04"
"3138","11-09-16 18:15","Spain","LaLiga","2016/2017","Granada CF","Eibar","2.53","3.30","3.18","1.01","11.50","1.27","3.76","2.03","1.93","3.30","1.33","6.20","1.10","1.66","2.22"
"3139","11-09-16 16:00","Spain","LaLiga","2016/2017","Valencia","Betis","1.58","4.54","6.30","1.02","13.00","1.20","4.54","1.78","2.23","2.79","1.44","5.10","1.14","1.76","2.06"
"3140","11-09-16 12:00","Spain","LaLiga","2016/2017","Gijon","Leganes","2.59","3.10","3.30","1.06","7.40","1.47","2.68","2.71","1.56","5.10","1.17","9.70","1.03","2.05","1.76"
"3141","10-09-16 20:30","Spain","LaLiga","2016/2017","Barcelona","Alaves","1.10","14.50","34.00","1.01","19.00","1.09","7.40","1.25","3.96","1.78","2.23","2.51","1.53","2.38","1.55"
"3142","10-09-16 18:15","Spain","LaLiga","2016/2017","Malaga","Villarreal","2.57","3.14","3.28","1.06","7.70","1.46","2.74","2.66","1.58","4.84","1.18","9.50","1.03","2.02","1.79"
"3143","10-09-16 18:15","Spain","LaLiga","2016/2017","Sevilla","Las Palmas","1.58","4.60","6.20","1.01","17.00","1.14","5.70","1.58","2.66","2.30","1.62","3.94","1.22","1.56","2.43"
"3144","10-09-16 16:00","Spain","LaLiga","2016/2017","Real Madrid","Osasuna","1.08","17.00","46.00","1.01","26.00","1.06","9.00","1.17","5.10","1.56","2.71","2.20","1.67","2.38","1.50"
"3145","10-09-16 13:00","Spain","LaLiga","2016/2017","Celta Vigo","Atl. Madrid","6.05","3.60","1.76","1.05","8.40","1.40","2.96","2.47","1.64","4.50","1.21","8.80","1.04","2.14","1.71"
"3146","09-09-16 20:45","Spain","LaLiga","2016/2017","Real Sociedad","Espanyol","2.08","3.64","3.88","1.02","10.50","1.27","3.76","1.99","1.95","3.28","1.34","6.20","1.10","1.66","2.22"
"3147","28-08-16 22:15","Spain","LaLiga","2016/2017","Villarreal","Sevilla","2.47","3.54","3.05","1.03","11.50","1.24","4.04","1.91","2.06","3.05","1.38","5.60","1.12","1.63","2.28"
"3148","28-08-16 20:15","Spain","LaLiga","2016/2017","Ath Bilbao","Barcelona","6.35","4.62","1.57","1.01","16.00","1.16","5.30","1.65","2.48","2.48","1.54","4.30","1.19","1.65","2.24"
"3149","28-08-16 18:15","Spain","LaLiga","2016/2017","Alaves","Gijon","2.50","3.24","3.24","1.06","7.70","1.47","2.68","2.69","1.57","5.10","1.17","9.60","1.03","2.00","1.74"
"3150","28-08-16 18:15","Spain","LaLiga","2016/2017","Las Palmas","Granada CF","1.86","3.82","4.76","1.01","11.50","1.27","3.78","2.00","1.96","3.30","1.33","6.20","1.10","1.79","2.02"
"3151","27-08-16 22:15","Spain","LaLiga","2016/2017","Leganes","Atl. Madrid","9.00","4.00","1.53","1.05","8.40","1.38","3.04","2.46","1.66","4.44","1.21","8.80","1.04","2.42","1.57"
"3152","27-08-16 20:15","Spain","LaLiga","2016/2017","Real Madrid","Celta Vigo","1.18","9.00","17.00","1.01","23.00","1.08","7.90","1.29","3.64","1.91","2.06","2.88","1.42","1.78","2.04"
"3153","27-08-16 18:15","Spain","LaLiga","2016/2017","Eibar","Valencia","2.82","3.38","2.78","1.01","12.00","1.29","3.60","2.08","1.89","3.44","1.31","6.50","1.09","1.66","2.22"
"3154","27-08-16 18:15","Spain","LaLiga","2016/2017","Osasuna","Real Sociedad","3.15","3.15","2.63","1.06","7.80","1.45","2.76","2.63","1.59","4.84","1.18","9.20","1.03","1.96","1.84"
"3155","26-08-16 22:00","Spain","LaLiga","2016/2017","Espanyol","Malaga","2.34","3.32","3.46","1.03","9.60","1.35","3.20","2.28","1.75","3.96","1.25","7.60","1.06","1.81","2.00"
"3156","26-08-16 20:45","Spain","LaLiga","2016/2017","Betis","Dep. La Coruna","2.21","3.46","3.62","1.02","10.50","1.35","3.22","2.25","1.77","3.90","1.26","7.40","1.06","1.67","1.90"
"3157","22-08-16 22:00","Spain","LaLiga","2016/2017","Valencia","Las Palmas","1.73","4.32","4.96","1.03","11.00","1.25","3.94","1.92","2.05","3.14","1.37","5.70","1.11","1.80","1.96"
"3158","22-08-16 20:00","Spain","LaLiga","2016/2017","Celta Vigo","Leganes","1.64","4.22","6.15","1.03","10.00","1.33","3.30","2.19","1.81","3.84","1.26","7.30","1.06","2.05","1.70"
"3159","21-08-16 22:15","Spain","LaLiga","2016/2017","Atl. Madrid","Alaves","1.25","6.20","20.00","1.03","15.00","1.28","3.70","2.06","1.91","3.60","1.29","6.60","1.09","2.80","1.44"
"3160","21-08-16 20:15","Spain","LaLiga","2016/2017","Real Sociedad","Real Madrid","5.25","4.28","1.70","1.03","12.00","1.21","4.40","1.80","2.18","2.88","1.42","5.20","1.14","1.70","2.09"
"3161","21-08-16 18:15","Spain","LaLiga","2016/2017","Gijon","Ath Bilbao","4.54","3.62","1.94","1.03","9.70","1.33","3.30","2.22","1.79","3.84","1.26","7.30","1.06","1.85","1.95"
"3162","20-08-16 22:15","Spain","LaLiga","2016/2017","Sevilla","Espanyol","1.74","3.98","5.40","1.02","13.00","1.19","4.70","1.76","2.26","2.70","1.47","4.84","1.15","1.63","2.28"
"3163","20-08-16 20:15","Spain","LaLiga","2016/2017","Granada CF","Villarreal","2.69","3.26","2.98","1.05","8.60","1.40","2.95","2.46","1.66","4.40","1.21","8.40","1.05","1.91","1.86"
"3164","20-08-16 18:15","Spain","LaLiga","2016/2017","Barcelona","Betis","1.11","13.00","29.00","1.01","26.00","1.06","8.00","1.26","3.88","1.78","2.23","2.75","1.45","2.17","1.69"
"3165","19-08-16 22:00","Spain","LaLiga","2016/2017","Dep. La Coruna","Eibar","2.04","3.38","4.40","1.04","9.00","1.40","2.95","2.46","1.66","4.40","1.21","8.50","1.05","2.04","1.78"
"3166","19-08-16 20:45","Spain","LaLiga","2016/2017","Malaga","Osasuna","1.63","3.94","6.70","1.05","8.50","1.38","3.04","2.39","1.69","4.32","1.22","8.40","1.05","2.28","1.63"
"3169","15-05-16 19:30","Spain","LaLiga","2015/2016","Betis","Getafe","3.54","3.84","2.13","1.02","14.00","1.18","4.60","1.69","2.34","2.54","1.49","5.20","1.16","1.53","2.47"
"3170","15-05-16 19:30","Spain","LaLiga","2015/2016","Gijon","Villarreal","1.57","5.10","5.60","1.03","13.00","1.24","3.88","1.83","2.11","2.94","1.38","5.80","1.14","1.83","1.95"
"3171","15-05-16 19:30","Spain","LaLiga","2015/2016","Rayo Vallecano","Levante","1.36","6.50","8.10","1.01","26.00","1.06","7.20","1.29","3.46","1.84","2.10","3.00","1.40","1.50","2.50"
"3172","15-05-16 19:00","Spain","LaLiga","2015/2016","Espanyol","Eibar","1.96","3.72","4.22","1.03","12.50","1.22","4.20","1.84","2.14","2.86","1.41","5.20","1.13","1.65","2.24"
"3173","15-05-16 12:00","Spain","LaLiga","2015/2016","Malaga","Las Palmas","1.70","4.06","5.55","1.02","14.00","1.19","4.60","1.73","2.23","2.68","1.46","5.30","1.16","1.65","2.24"
"3174","14-05-16 19:30","Spain","LaLiga","2015/2016","Ath Bilbao","Sevilla","1.37","6.00","8.60","1.01","19.00","1.10","6.50","1.50","2.80","2.10","1.70","3.80","1.27","1.67","2.13"
"3175","14-05-16 19:30","Spain","LaLiga","2015/2016","Atl. Madrid","Celta Vigo","1.61","4.30","6.20","1.01","11.00","1.24","3.88","1.92","2.04","3.10","1.35","5.60","1.10","1.85","1.84"
"3176","14-05-16 17:00","Spain","LaLiga","2015/2016","Dep. La Coruna","Real Madrid","13.50","10.00","1.19","1.01","26.00","1.05","9.00","1.19","4.50","1.65","2.43","2.32","1.58","1.53","2.13"
"3177","14-05-16 17:00","Spain","LaLiga","2015/2016","Granada CF","Barcelona","25.00","18.00","1.09","1.01","26.00","1.04","10.00","1.15","5.20","1.59","2.56","2.18","1.65","1.90","1.88"
"3178","13-05-16 20:30","Spain","LaLiga","2015/2016","Valencia","Real Sociedad","2.06","3.76","3.76","1.02","15.00","1.13","5.10","1.53","2.47","2.43","1.63","4.14","1.22","1.47","2.68"
"3179","08-05-16 17:00","Spain","LaLiga","2015/2016","Barcelona","Espanyol","1.06","26.00","36.00","1.01","34.00","1.01","16.00","1.11","6.50","1.31","3.44","1.81","2.19","1.95","1.78"
"3180","08-05-16 17:00","Spain","LaLiga","2015/2016","Celta Vigo","Malaga","1.67","4.16","5.65","1.01","15.00","1.18","4.60","1.73","2.31","2.60","1.47","4.60","1.15","1.61","2.19"
"3181","08-05-16 17:00","Spain","LaLiga","2015/2016","Eibar","Betis","2.20","3.50","3.66","1.03","13.00","1.23","4.20","1.87","2.10","2.95","1.40","5.40","1.13","1.60","2.34"
"3182","08-05-16 17:00","Spain","LaLiga","2015/2016","Getafe","Gijon","2.07","3.70","3.84","1.04","14.00","1.29","3.64","2.03","1.93","3.38","1.32","6.30","1.09","1.75","2.08"
"3183","08-05-16 17:00","Spain","LaLiga","2015/2016","Las Palmas","Ath Bilbao","4.04","3.88","1.96","1.02","14.50","1.19","4.60","1.76","2.22","2.68","1.46","4.74","1.15","1.59","2.36"
"3184","08-05-16 17:00","Spain","LaLiga","2015/2016","Levante","Atl. Madrid","17.00","6.30","1.26","1.04","15.00","1.30","3.40","2.07","1.86","3.62","1.27","6.60","1.07","2.75","1.42"
"3185","08-05-16 17:00","Spain","LaLiga","2015/2016","Real Madrid","Valencia","1.21","8.90","14.00","1.01","29.00","1.03","11.00","1.17","4.54","1.51","2.56","2.35","1.71","1.53","2.28"
"3186","08-05-16 17:00","Spain","LaLiga","2015/2016","Real Sociedad","Rayo Vallecano","2.73","3.70","2.64","1.01","16.00","1.16","4.94","1.66","2.46","2.43","1.53","4.14","1.18","1.46","2.68"
"3187","08-05-16 17:00","Spain","LaLiga","2015/2016","Sevilla","Granada CF","2.82","4.36","2.32","1.01","15.00","1.18","4.60","1.68","2.35","2.57","1.48","4.44","1.16","1.44","2.55"
"3188","08-05-16 17:00","Spain","LaLiga","2015/2016","Villarreal","Dep. La Coruna","2.50","3.20","3.28","1.03","9.20","1.29","3.46","2.10","1.84","3.46","1.29","6.40","1.08","1.73","2.09"
"3189","02-05-16 20:30","Spain","LaLiga","2015/2016","Malaga","Levante","1.86","3.74","4.70","1.01","11.00","1.28","3.54","2.06","1.90","3.40","1.30","6.20","1.08","1.80","1.98"
"3190","01-05-16 20:30","Spain","LaLiga","2015/2016","Valencia","Villarreal","1.99","3.70","4.20","1.01","12.00","1.31","3.44","2.11","1.86","3.60","1.29","6.70","1.08","1.80","1.95"
"3191","01-05-16 18:15","Spain","LaLiga","2015/2016","Dep. La Coruna","Getafe","2.14","3.64","3.68","1.04","13.00","1.23","4.20","1.86","2.12","2.91","1.41","5.40","1.13","1.62","2.30"
"3192","01-05-16 16:00","Spain","LaLiga","2015/2016","Espanyol","Sevilla","1.98","3.78","4.04","1.04","13.00","1.18","4.60","1.74","2.30","2.60","1.47","4.60","1.15","1.52","2.50"
"3193","01-05-16 12:00","Spain","LaLiga","2015/2016","Ath Bilbao","Celta Vigo","1.93","3.80","4.34","1.02","13.00","1.22","4.24","1.85","2.13","2.91","1.41","5.40","1.13","1.53","2.50"
"3194","30-04-16 22:05","Spain","LaLiga","2015/2016","Granada CF","Las Palmas","1.66","4.34","5.45","1.03","9.50","1.26","3.78","1.93","1.99","3.20","1.34","5.80","1.10","1.90","1.90"
"3195","30-04-16 20:30","Spain","LaLiga","2015/2016","Betis","Barcelona","26.00","12.00","1.12","","","1.06","10.00","1.19","4.60","1.62","2.56","2.20","1.66","1.90","1.90"
"3196","30-04-16 18:15","Spain","LaLiga","2015/2016","Atl. Madrid","Rayo Vallecano","1.37","6.00","8.60","1.02","14.50","1.19","4.70","1.73","2.31","2.72","1.46","4.84","1.15","1.95","1.72"
"3197","30-04-16 16:00","Spain","LaLiga","2015/2016","Real Sociedad","Real Madrid","5.15","4.30","1.71","1.01","15.00","1.18","4.74","1.70","2.36","2.58","1.49","4.54","1.16","1.63","2.28"
"3198","29-04-16 20:30","Spain","LaLiga","2015/2016","Gijon","Eibar","1.65","4.18","5.80","1.03","11.50","1.22","4.20","1.83","2.11","2.90","1.40","5.30","1.12","1.76","2.06"
"3199","25-04-16 20:30","Spain","LaLiga","2015/2016","Celta Vigo","Granada CF","1.63","4.33","5.91","1.02","13.00","1.21","4.40","1.80","2.20","2.83","1.43","5.20","1.14","1.74","2.09"
"3200","24-04-16 20:30","Spain","LaLiga","2015/2016","Villarreal","Real Sociedad","1.81","3.80","5.04","1.04","8.80","1.32","3.38","2.16","1.83","3.68","1.28","7.10","1.07","1.85","1.84"
"3201","24-04-16 18:15","Spain","LaLiga","2015/2016","Getafe","Valencia","3.19","3.80","2.29","1.03","13.00","1.22","4.30","1.82","2.17","2.88","1.42","5.20","1.14","1.60","2.31"
"3202","24-04-16 16:00","Spain","LaLiga","2015/2016","Sevilla","Betis","1.49","4.99","7.05","1.01","18.00","1.14","5.90","1.56","2.71","2.26","1.64","3.88","1.22","1.57","2.40"
"3203","24-04-16 12:00","Spain","LaLiga","2015/2016","Levante","Ath Bilbao","3.44","3.69","2.22","1.03","9.10","1.30","3.52","2.06","1.91","3.45","1.31","6.50","1.09","1.80","2.01"
"3204","23-04-16 22:05","Spain","LaLiga","2015/2016","Eibar","Dep. La Coruna","2.34","3.44","3.39","1.01","12.50","1.30","3.52","2.10","1.87","3.52","1.30","6.70","1.08","1.67","2.20"
"3205","23-04-16 20:30","Spain","LaLiga","2015/2016","Barcelona","Gijon","1.05","35.00","50.00","1.01","23.00","1.01","17.00","1.10","7.20","1.38","3.52","1.67","2.20","2.18","1.69"
"3206","23-04-16 18:15","Spain","LaLiga","2015/2016","Atl. Madrid","Malaga","1.30","6.36","11.30","1.03","8.70","1.30","3.46","2.07","1.90","3.52","1.29","6.60","1.08","2.42","1.57"
"3207","23-04-16 16:00","Spain","LaLiga","2015/2016","Rayo Vallecano","Real Madrid","7.88","6.52","1.37","1.01","21.00","1.07","8.60","1.25","3.95","1.73","2.31","2.56","1.51","1.45","2.53"
"3208","22-04-16 21:00","Spain","LaLiga","2015/2016","Las Palmas","Espanyol","2.47","3.23","3.36","1.05","8.20","1.33","3.32","2.23","1.78","3.76","1.27","7.30","1.06","1.75","2.02"
"3209","21-04-16 21:00","Spain","LaLiga","2015/2016","Granada CF","Levante","2.28","3.40","3.56","1.06","7.60","1.39","3.00","2.41","1.68","4.30","1.22","8.10","1.05","1.95","1.84"
"3210","21-04-16 20:30","Spain","LaLiga","2015/2016","Real Sociedad","Getafe","1.72","4.15","5.27","1.05","12.00","1.22","4.30","1.82","2.17","2.88","1.42","5.20","1.14","1.71","2.14"
"3211","20-04-16 22:00","Spain","LaLiga","2015/2016","Real Madrid","Villarreal","1.25","8.00","11.50","1.01","21.00","1.07","7.30","1.33","3.32","1.93","2.03","3.00","1.39","1.58","2.38"
"3212","20-04-16 20:45","Spain","LaLiga","2015/2016","Ath Bilbao","Atl. Madrid","4.70","3.36","2.00","1.07","7.10","1.44","2.79","2.57","1.61","4.70","1.19","9.10","1.04","2.15","1.70"
"3213","20-04-16 20:45","Spain","LaLiga","2015/2016","Gijon","Sevilla","2.77","3.60","2.68","1.05","12.00","1.23","4.20","1.87","2.11","2.95","1.40","5.40","1.12","1.61","2.32"
"3214","20-04-16 20:45","Spain","LaLiga","2015/2016","Malaga","Rayo Vallecano","2.08","3.72","3.85","1.05","12.00","1.21","4.40","1.82","2.17","2.83","1.43","5.20","1.13","1.60","2.34"
"3215","20-04-16 20:45","Spain","LaLiga","2015/2016","Valencia","Eibar","1.65","4.35","5.70","1.05","12.00","1.21","4.40","1.81","2.19","2.88","1.42","5.20","1.13","1.75","2.08"
"3216","20-04-16 20:00","Spain","LaLiga","2015/2016","Dep. La Coruna","Barcelona","14.50","8.50","1.21","1.01","23.00","1.08","8.00","1.27","3.76","1.84","2.15","2.83","1.43","1.80","1.97"
"3217","19-04-16 21:00","Spain","LaLiga","2015/2016","Betis","Las Palmas","2.14","3.64","3.75","1.03","9.80","1.26","3.86","1.97","1.99","3.20","1.35","6.00","1.10","1.69","2.17"
"3218","19-04-16 20:00","Spain","LaLiga","2015/2016","Espanyol","Celta Vigo","2.69","3.54","2.81","1.05","11.00","1.23","4.20","1.86","2.12","2.91","1.41","5.30","1.13","1.58","2.38"
"3219","17-04-16 20:30","Spain","LaLiga","2015/2016","Barcelona","Valencia","1.13","11.50","24.89","","","1.05","11.00","1.19","4.70","1.59","2.63","2.24","1.65","1.80","1.96"
"3220","17-04-16 18:15","Spain","LaLiga","2015/2016","Atl. Madrid","Granada CF","1.28","6.20","14.50","1.05","11.00","1.21","4.40","1.84","2.14","3.00","1.39","5.70","1.11","2.38","1.57"
"3221","17-04-16 18:15","Spain","LaLiga","2015/2016","Rayo Vallecano","Villarreal","2.66","3.68","2.76","1.05","12.00","1.21","4.40","1.80","2.21","2.79","1.44","5.00","1.14","1.57","2.40"
"3222","17-04-16 16:00","Spain","LaLiga","2015/2016","Sevilla","Dep. La Coruna","1.50","4.95","7.00","1.02","17.00","1.14","5.60","1.60","2.60","2.36","1.59","4.05","1.21","1.65","2.24"
"3223","17-04-16 12:00","Spain","LaLiga","2015/2016","Malaga","Ath Bilbao","2.43","3.10","3.60","1.08","6.90","1.45","2.75","2.63","1.59","4.85","1.18","9.10","1.03","2.06","1.76"
"3224","16-04-16 22:05","Spain","LaLiga","2015/2016","Celta Vigo","Betis","1.58","4.50","6.40","1.04","13.00","1.20","4.55","1.76","2.26","2.75","1.45","4.85","1.15","1.74","2.09"
"3225","16-04-16 20:30","Spain","LaLiga","2015/2016","Eibar","Real Sociedad","2.80","3.32","2.84","1.03","9.10","1.29","3.60","2.08","1.89","3.45","1.31","6.50","1.09","1.70","2.15"
"3226","16-04-16 18:15","Spain","LaLiga","2015/2016","Las Palmas","Gijon","1.97","3.62","4.40","1.04","8.80","1.30","3.52","2.12","1.86","3.60","1.29","6.70","1.08","1.81","2.00"
"3227","16-04-16 16:00","Spain","LaLiga","2015/2016","Getafe","Real Madrid","13.50","7.60","1.24","1.01","23.00","1.05","7.80","1.32","3.38","1.91","2.06","3.00","1.39","1.75","2.08"
"3228","15-04-16 20:30","Spain","LaLiga","2015/2016","Levante","Espanyol","2.38","3.40","3.35","1.04","8.80","1.32","3.38","2.16","1.83","3.64","1.28","6.90","1.08","1.77","2.05"
"3229","11-04-16 20:30","Spain","LaLiga","2015/2016","Dep. La Coruna","Las Palmas","2.16","3.44","3.95","1.04","8.40","1.32","3.38","2.19","1.81","3.68","1.28","7.10","1.07","1.62","2.30"
"3230","10-04-16 20:30","Spain","LaLiga","2015/2016","Ath Bilbao","Rayo Vallecano","1.60","4.90","5.50","1.03","15.00","1.14","5.60","1.58","2.66","2.32","1.61","3.90","1.22","1.59","2.36"
"3231","10-04-16 18:15","Spain","LaLiga","2015/2016","Villarreal","Getafe","1.51","4.59","7.60","1.03","9.50","1.26","3.86","1.98","1.98","3.30","1.33","6.20","1.10","1.95","1.79"
"3232","10-04-16 16:00","Spain","LaLiga","2015/2016","Valencia","Sevilla","2.36","3.68","3.17","1.04","13.00","1.19","4.70","1.75","2.28","2.68","1.47","4.70","1.16","1.53","2.50"
"3233","10-04-16 12:00","Spain","LaLiga","2015/2016","Gijon","Celta Vigo","2.90","3.45","2.65","1.03","9.80","1.26","3.86","1.96","2.00","3.15","1.36","5.70","1.11","1.64","2.26"
"3234","09-04-16 22:05","Spain","LaLiga","2015/2016","Betis","Levante","1.90","3.72","4.65","1.03","9.80","1.25","3.95","1.95","2.01","3.15","1.36","5.70","1.11","1.72","2.12"
"3235","09-04-16 20:30","Spain","LaLiga","2015/2016","Real Sociedad","Barcelona","6.20","4.63","1.58","1.03","15.00","1.15","5.40","1.62","2.53","2.40","1.57","4.15","1.20","1.63","2.28"
"3236","09-04-16 18:15","Spain","LaLiga","2015/2016","Espanyol","Atl. Madrid","5.40","3.63","1.82","1.06","7.60","1.39","3.00","2.41","1.68","4.30","1.22","8.40","1.04","2.10","1.72"
"3237","09-04-16 16:00","Spain","LaLiga","2015/2016","Real Madrid","Eibar","1.23","7.98","14.54","1.02","13.00","1.05","7.80","1.31","3.45","1.88","2.09","2.95","1.40","1.70","2.15"
"3238","08-04-16 20:30","Spain","LaLiga","2015/2016","Granada CF","Malaga","2.33","3.44","3.45","1.06","7.60","1.41","2.91","2.45","1.66","4.40","1.21","8.50","1.04","1.81","2.00"
"3239","04-04-16 20:30","Spain","LaLiga","2015/2016","Levante","Gijon","2.18","3.50","3.75","1.03","9.10","1.29","3.60","2.07","1.90","3.45","1.31","6.50","1.09","1.74","2.09"
"3240","03-04-16 20:30","Spain","LaLiga","2015/2016","Sevilla","Real Sociedad","1.68","4.31","5.40","1.03","15.00","1.16","5.30","1.64","2.51","2.43","1.56","4.25","1.19","1.61","2.32"
"3241","03-04-16 18:15","Spain","LaLiga","2015/2016","Eibar","Villarreal","3.16","3.33","2.54","1.04","8.40","1.34","3.26","2.23","1.78","3.86","1.26","7.30","1.07","1.80","2.00"
"3242","03-04-16 16:00","Spain","LaLiga","2015/2016","Malaga","Espanyol","1.92","3.55","4.80","1.04","8.40","1.33","3.30","2.23","1.78","3.86","1.26","7.30","1.07","1.90","1.90"
"3243","03-04-16 12:00","Spain","LaLiga","2015/2016","Ath Bilbao","Granada CF","1.44","4.90","8.70","1.03","9.80","1.25","3.95","1.95","2.01","3.26","1.34","6.00","1.10","2.10","1.73"
"3244","02-04-16 22:05","Spain","LaLiga","2015/2016","Celta Vigo","Dep. La Coruna","1.76","4.05","5.10","1.05","12.00","1.23","4.20","1.87","2.11","3.00","1.39","5.50","1.12","1.72","2.12"
"3245","02-04-16 20:30","Spain","LaLiga","2015/2016","Barcelona","Real Madrid","1.60","5.30","5.10","1.01","21.00","1.08","8.00","1.26","3.86","1.81","2.19","2.72","1.46","1.36","3.15"
"3246","02-04-16 18:15","Spain","LaLiga","2015/2016","Las Palmas","Valencia","2.55","3.38","3.10","1.04","9.00","1.30","3.52","2.10","1.87","3.52","1.30","6.50","1.09","1.75","2.08"
"3247","02-04-16 16:00","Spain","LaLiga","2015/2016","Atl. Madrid","Betis","1.35","5.66","11.00","1.03","9.80","1.24","4.05","1.93","2.03","3.20","1.35","6.00","1.10","2.38","1.57"
"3248","01-04-16 20:30","Spain","LaLiga","2015/2016","Rayo Vallecano","Getafe","2.02","3.75","4.00","1.05","12.00","1.21","4.40","1.80","2.20","2.79","1.44","5.10","1.14","1.60","2.34"
"3249","20-03-16 20:30","Spain","LaLiga","2015/2016","Real Madrid","Sevilla","1.35","6.50","8.50","","","1.06","9.20","1.21","4.40","1.65","2.48","2.43","1.56","1.35","3.20"
"3250","20-03-16 18:15","Spain","LaLiga","2015/2016","Valencia","Celta Vigo","2.26","3.52","3.55","1.03","12.00","1.25","3.95","1.93","2.03","3.10","1.37","5.70","1.11","1.64","2.26"
"3251","20-03-16 16:00","Spain","LaLiga","2015/2016","Villarreal","Barcelona","7.60","5.50","1.43","1.01","16.50","1.15","5.40","1.62","2.55","2.43","1.56","4.25","1.19","1.79","2.02"
"3252","20-03-16 12:00","Spain","LaLiga","2015/2016","Espanyol","Ath Bilbao","2.90","3.30","2.74","1.04","8.80","1.31","3.45","2.13","1.85","3.60","1.29","6.70","1.08","1.74","2.09"
"3253","19-03-16 22:05","Spain","LaLiga","2015/2016","Betis","Malaga","2.71","3.20","3.02","1.05","7.80","1.36","3.12","2.33","1.72","4.05","1.24","7.80","1.05","1.84","1.96"
"3254","19-03-16 20:30","Spain","LaLiga","2015/2016","Dep. La Coruna","Levante","1.99","3.68","4.25","1.04","13.50","1.25","3.95","1.95","2.01","3.15","1.36","5.70","1.11","1.73","2.11"
"3255","19-03-16 18:15","Spain","LaLiga","2015/2016","Granada CF","Rayo Vallecano","2.16","3.62","3.70","1.05","12.00","1.22","4.30","1.84","2.14","2.88","1.42","5.30","1.13","1.60","2.34"
"3256","19-03-16 18:15","Spain","LaLiga","2015/2016","Real Sociedad","Las Palmas","1.78","3.86","5.20","1.03","9.80","1.25","3.95","1.96","2.00","3.20","1.35","6.00","1.10","1.72","2.12"
"3257","19-03-16 16:00","Spain","LaLiga","2015/2016","Gijon","Atl. Madrid","8.10","4.09","1.56","1.04","8.50","1.39","3.00","2.41","1.68","4.40","1.21","8.50","1.04","2.50","1.53"
"3258","18-03-16 20:30","Spain","LaLiga","2015/2016","Getafe","Eibar","2.21","3.38","3.85","1.05","8.10","1.34","3.26","2.26","1.76","3.86","1.26","7.30","1.07","1.86","1.94"
"3259","14-03-16 20:30","Spain","LaLiga","2015/2016","Granada CF","Espanyol","2.24","3.30","3.80","1.02","10.00","1.32","3.38","2.20","1.80","3.68","1.28","7.10","1.07","1.76","2.06"
"3260","13-03-16 20:30","Spain","LaLiga","2015/2016","Las Palmas","Real Madrid","7.80","5.90","1.40","1.01","21.00","1.08","6.90","1.37","3.59","2.00","1.94","3.20","1.35","1.55","2.36"
"3261","13-03-16 18:15","Spain","LaLiga","2015/2016","Ath Bilbao","Betis","1.64","4.05","6.50","1.04","13.50","1.29","3.60","2.09","1.88","3.52","1.30","6.70","1.08","1.95","1.83"
"3262","13-03-16 16:00","Spain","LaLiga","2015/2016","Sevilla","Villarreal","1.80","3.78","5.30","1.03","9.10","1.29","3.60","2.08","1.89","3.45","1.31","6.50","1.09","1.86","1.94"
"3263","13-03-16 12:00","Spain","LaLiga","2015/2016","Levante","Valencia","3.20","3.40","2.46","1.03","9.80","1.26","3.86","1.98","1.98","3.20","1.35","6.00","1.10","1.66","2.22"
"3264","12-03-16 22:05","Spain","LaLiga","2015/2016","Rayo Vallecano","Eibar","2.07","3.65","3.90","1.02","14.00","1.23","4.20","1.87","2.10","2.95","1.40","5.00","1.14","1.63","2.28"
"3265","12-03-16 20:30","Spain","LaLiga","2015/2016","Atl. Madrid","Dep. La Coruna","1.23","7.10","17.11","1.02","10.50","1.24","4.05","1.90","2.07","3.15","1.36","6.00","1.10","2.95","1.40"
"3266","12-03-16 18:15","Spain","LaLiga","2015/2016","Celta Vigo","Real Sociedad","2.08","3.65","3.90","1.05","11.00","1.25","3.95","1.93","2.03","3.10","1.37","5.70","1.11","1.67","2.20"
"3267","12-03-16 16:00","Spain","LaLiga","2015/2016","Barcelona","Getafe","1.07","20.10","41.71","","","1.05","11.00","1.14","5.70","1.54","2.77","2.04","1.78","2.20","1.52"
"3268","11-03-16 20:30","Spain","LaLiga","2015/2016","Malaga","Gijon","1.70","3.90","6.00","1.04","8.80","1.32","3.38","2.17","1.82","3.76","1.27","7.10","1.07","1.99","1.82"
"3269","07-03-16 20:30","Spain","LaLiga","2015/2016","Espanyol","Rayo Vallecano","1.91","3.85","4.35","1.02","15.00","1.17","5.10","1.69","2.39","2.53","1.52","4.40","1.18","1.53","2.50"
"3270","06-03-16 20:30","Spain","LaLiga","2015/2016","Valencia","Atl. Madrid","4.30","3.40","2.06","1.04","8.50","1.37","3.10","2.50","1.64","4.55","1.20","8.80","1.04","2.05","1.77"
"3271","06-03-16 18:15","Spain","LaLiga","2015/2016","Gijon","Ath Bilbao","5.20","3.78","1.81","1.04","9.00","1.29","3.60","2.09","1.88","3.52","1.30","6.70","1.08","1.86","1.94"
"3272","06-03-16 18:15","Spain","LaLiga","2015/2016","Real Sociedad","Levante","1.62","4.30","6.20","1.03","12.00","1.23","4.20","1.89","2.08","3.04","1.38","5.70","1.11","1.83","1.98"
"3273","06-03-16 16:00","Spain","LaLiga","2015/2016","Eibar","Barcelona","13.00","6.30","1.29","1.01","17.00","1.11","6.60","1.48","2.94","2.20","1.80","3.50","1.27","1.73","2.11"
"3274","06-03-16 12:00","Spain","LaLiga","2015/2016","Betis","Granada CF","2.15","3.45","3.90","1.04","9.00","1.30","3.52","2.12","1.86","3.52","1.30","6.70","1.08","1.78","2.04"
"3275","05-03-16 22:05","Spain","LaLiga","2015/2016","Dep. La Coruna","Malaga","2.47","3.28","3.35","1.06","7.60","1.40","2.95","2.44","1.65","4.40","1.21","8.50","1.04","1.95","1.85"
"3276","05-03-16 20:30","Spain","LaLiga","2015/2016","Getafe","Sevilla","4.30","3.96","1.90","1.03","13.00","1.23","4.20","1.85","2.13","2.95","1.40","5.40","1.12","1.67","2.17"
"3277","05-03-16 18:15","Spain","LaLiga","2015/2016","Villarreal","Las Palmas","1.55","4.45","7.00","1.02","10.00","1.30","3.52","2.10","1.87","3.60","1.29","6.00","1.10","1.90","1.90"
"3278","05-03-16 16:00","Spain","LaLiga","2015/2016","Real Madrid","Celta Vigo","1.38","6.30","7.80","1.01","21.00","1.07","7.30","1.33","3.32","1.91","2.06","3.00","1.39","1.52","2.53"
"3279","03-03-16 21:00","Spain","LaLiga","2015/2016","Rayo Vallecano","Barcelona","16.00","9.40","1.19","","","1.05","10.50","1.17","5.10","1.57","2.68","2.12","1.72","1.52","2.53"
"3280","03-03-16 20:30","Spain","LaLiga","2015/2016","Espanyol","Betis","2.20","3.45","3.75","1.04","8.40","1.33","3.30","2.23","1.78","3.86","1.26","7.30","1.07","1.72","2.12"
"3281","03-03-16 20:00","Spain","LaLiga","2015/2016","Granada CF","Gijon","1.97","3.74","4.25","1.02","10.50","1.30","3.52","2.10","1.87","3.95","1.25","6.70","1.08","1.77","2.05"
"3282","02-03-16 21:00","Spain","LaLiga","2015/2016","Levante","Real Madrid","6.70","4.95","1.51","1.01","19.00","1.14","5.70","1.58","2.66","2.31","1.62","3.90","1.22","1.62","2.20"
"3283","02-03-16 20:00","Spain","LaLiga","2015/2016","Ath Bilbao","Dep. La Coruna","1.45","4.75","8.90","1.03","12.00","1.22","4.25","1.87","2.10","3.00","1.39","5.70","1.11","1.96","1.84"
"3284","02-03-16 20:00","Spain","LaLiga","2015/2016","Celta Vigo","Villarreal","2.17","3.45","3.85","1.04","8.40","1.34","3.26","2.25","1.77","3.86","1.26","7.30","1.07","1.86","1.94"
"3285","02-03-16 20:00","Spain","LaLiga","2015/2016","Malaga","Valencia","2.09","3.50","4.05","1.04","9.00","1.30","3.52","2.12","1.86","3.52","1.30","6.70","1.08","1.79","2.02"
"3286","02-03-16 20:00","Spain","LaLiga","2015/2016","Sevilla","Eibar","1.47","4.85","8.00","1.01","17.00","1.17","5.10","1.69","2.38","2.59","1.50","4.60","1.17","1.76","2.06"
"3287","01-03-16 22:00","Spain","LaLiga","2015/2016","Las Palmas","Getafe","2.06","3.45","4.25","1.04","8.80","1.31","3.45","2.16","1.83","3.64","1.28","6.90","1.08","1.80","2.01"
"3288","01-03-16 21:00","Spain","LaLiga","2015/2016","Atl. Madrid","Real Sociedad","1.45","4.60","9.60","1.04","8.40","1.32","3.38","2.23","1.78","3.95","1.25","7.60","1.06","2.35","1.60"
"3289","28-02-16 20:30","Spain","LaLiga","2015/2016","Barcelona","Sevilla","1.21","8.55","14.64","","","1.05","9.90","1.21","4.40","1.64","2.50","2.43","1.56","1.57","2.34"
"3290","28-02-16 18:15","Spain","LaLiga","2015/2016","Dep. La Coruna","Granada CF","1.88","3.60","4.95","1.03","9.10","1.28","3.68","2.06","1.91","3.38","1.32","6.30","1.09","1.79","2.02"
"3291","28-02-16 16:00","Spain","LaLiga","2015/2016","Valencia","Ath Bilbao","2.12","3.55","3.85","1.04","8.80","1.32","3.38","2.15","1.82","3.68","1.28","6.90","1.08","1.82","1.99"
"3292","28-02-16 12:00","Spain","LaLiga","2015/2016","Villarreal","Levante","1.79","3.68","5.60","1.04","8.80","1.33","3.32","2.22","1.79","3.86","1.26","7.30","1.07","1.94","1.86"
"3293","27-02-16 22:05","Spain","LaLiga","2015/2016","Real Sociedad","Malaga","2.12","3.38","4.15","1.05","7.80","1.36","3.15","2.31","1.73","4.05","1.24","7.80","1.05","1.90","1.90"
"3294","27-02-16 20:30","Spain","LaLiga","2015/2016","Betis","Rayo Vallecano","2.36","3.52","3.35","1.03","12.00","1.22","4.30","1.83","2.16","2.83","1.43","5.20","1.13","1.56","2.43"
"3295","27-02-16 18:15","Spain","LaLiga","2015/2016","Getafe","Celta Vigo","3.06","3.42","2.55","1.03","9.10","1.28","3.64","2.06","1.91","3.38","1.32","6.30","1.09","1.71","2.14"
"3296","27-02-16 18:15","Spain","LaLiga","2015/2016","Gijon","Espanyol","2.41","3.40","3.30","1.04","8.80","1.32","3.38","2.17","1.84","3.64","1.28","6.90","1.08","1.77","2.05"
"3297","27-02-16 16:00","Spain","LaLiga","2015/2016","Real Madrid","Atl. Madrid","1.98","3.49","4.60","1.04","8.80","1.30","3.52","2.13","1.85","3.60","1.29","6.90","1.08","1.82","1.99"
"3298","26-02-16 20:30","Spain","LaLiga","2015/2016","Eibar","Las Palmas","1.81","3.88","5.00","1.06","10.00","1.23","4.20","1.85","2.11","2.91","1.41","5.50","1.12","1.65","2.24"
"3299","21-02-16 20:30","Spain","LaLiga","2015/2016","Atl. Madrid","Villarreal","1.49","4.30","9.10","1.06","7.60","1.38","3.04","2.39","1.69","4.30","1.22","8.40","1.04","2.45","1.55"
"3300","21-02-16 18:15","Spain","LaLiga","2015/2016","Ath Bilbao","Real Sociedad","1.80","3.72","5.40","1.03","9.10","1.28","3.64","2.08","1.89","3.45","1.31","6.50","1.09","1.75","2.08"
"3301","21-02-16 18:15","Spain","LaLiga","2015/2016","Granada CF","Valencia","3.03","3.55","2.49","1.03","9.10","1.30","3.52","2.08","1.89","3.45","1.31","6.50","1.09","1.75","2.08"
"3302","21-02-16 16:00","Spain","LaLiga","2015/2016","Malaga","Real Madrid","4.75","3.85","1.85","1.05","12.00","1.20","4.55","1.77","2.25","2.72","1.46","4.85","1.15","1.69","2.17"
"3303","21-02-16 12:00","Spain","LaLiga","2015/2016","Rayo Vallecano","Sevilla","3.25","3.85","2.26","1.03","15.00","1.17","5.10","1.66","2.45","2.38","1.58","4.25","1.19","1.49","2.62"
"3304","20-02-16 22:05","Spain","LaLiga","2015/2016","Celta Vigo","Eibar","1.76","3.96","5.20","1.05","11.00","1.24","4.05","1.91","2.06","3.04","1.38","5.70","1.11","1.76","2.06"
"3305","20-02-16 20:30","Spain","LaLiga","2015/2016","Betis","Gijon","2.06","3.46","4.25","1.04","9.00","1.30","3.52","2.12","1.86","3.52","1.30","6.70","1.08","1.77","2.05"
"3306","20-02-16 18:15","Spain","LaLiga","2015/2016","Espanyol","Dep. La Coruna","2.40","3.40","3.35","1.05","8.10","1.36","3.12","2.31","1.73","4.05","1.24","7.80","1.05","1.89","1.91"
"3307","20-02-16 16:00","Spain","LaLiga","2015/2016","Las Palmas","Barcelona","16.00","7.80","1.22","1.01","21.00","1.05","7.80","1.31","3.45","1.89","2.08","3.00","1.39","1.80","1.83"
"3308","19-02-16 20:30","Spain","LaLiga","2015/2016","Levante","Getafe","2.18","3.48","3.80","1.04","8.40","1.33","3.32","2.19","1.81","3.76","1.27","7.10","1.07","1.82","1.99"
"3309","17-02-16 18:30","Spain","LaLiga","2015/2016","Gijon","Barcelona","18.00","8.60","1.19","1.01","23.00","1.10","6.90","1.28","3.60","1.82","2.15","2.88","1.42","1.88","1.92"
"3310","14-02-16 20:30","Spain","LaLiga","2015/2016","Barcelona","Celta Vigo","1.08","17.00","33.00","1.01","23.00","1.04","11.00","1.17","5.20","1.52","2.80","2.09","1.74","2.10","1.60"
"3311","14-02-16 18:15","Spain","LaLiga","2015/2016","Eibar","Levante","2.12","3.45","4.00","1.03","9.10","1.28","3.65","2.05","1.90","3.35","1.32","6.30","1.09","1.79","2.02"
"3312","14-02-16 18:15","Spain","LaLiga","2015/2016","Getafe","Atl. Madrid","9.40","4.50","1.46","1.06","7.60","1.38","3.04","2.38","1.68","4.40","1.21","8.50","1.04","2.50","1.50"
"3313","14-02-16 16:00","Spain","LaLiga","2015/2016","Sevilla","Las Palmas","1.32","6.10","11.50","1.02","17.00","1.14","5.60","1.58","2.61","2.36","1.59","4.15","1.20","1.75","1.92"
"3314","14-02-16 12:00","Spain","LaLiga","2015/2016","Real Sociedad","Granada CF","1.74","3.85","5.70","1.03","9.80","1.25","3.95","1.96","1.98","3.20","1.35","6.00","1.10","1.80","2.01"
"3315","13-02-16 22:05","Spain","LaLiga","2015/2016","Dep. La Coruna","Betis","1.94","3.50","4.75","1.05","8.10","1.35","3.20","2.27","1.74","3.95","1.25","7.60","1.06","1.94","1.86"
"3316","13-02-16 20:30","Spain","LaLiga","2015/2016","Valencia","Espanyol","1.70","4.05","5.60","1.03","9.50","1.26","3.85","1.97","1.97","3.25","1.34","6.00","1.10","1.85","1.95"
"3317","13-02-16 18:15","Spain","LaLiga","2015/2016","Villarreal","Malaga","2.16","3.25","4.15","1.07","7.10","1.43","2.83","2.58","1.60","4.70","1.19","9.10","1.04","2.05","1.77"
"3318","13-02-16 16:00","Spain","LaLiga","2015/2016","Real Madrid","Ath Bilbao","1.38","5.90","8.30","1.02","19.00","1.10","7.00","1.46","3.02","2.06","1.76","3.40","1.28","1.62","2.30"
"3319","12-02-16 20:30","Spain","LaLiga","2015/2016","Gijon","Rayo Vallecano","2.45","3.40","3.25","1.06","10.00","1.27","3.75","2.01","1.93","3.30","1.33","5.80","1.11","1.70","2.15"
"3320","08-02-16 20:30","Spain","LaLiga","2015/2016","Espanyol","Real Sociedad","2.67","3.25","3.02","1.06","7.60","1.40","2.95","2.44","1.65","4.40","1.21","8.50","1.04","1.93","1.87"
"3321","07-02-16 20:30","Spain","LaLiga","2015/2016","Granada CF","Real Madrid","11.50","6.90","1.28","1.01","23.00","1.08","8.10","1.36","3.55","1.85","1.95","2.92","1.36","1.75","2.08"
"3322","07-02-16 18:15","Spain","LaLiga","2015/2016","Celta Vigo","Sevilla","3.19","3.50","2.42","1.05","12.00","1.22","4.25","1.84","2.05","2.91","1.41","5.30","1.13","1.58","2.38"
"3323","07-02-16 16:00","Spain","LaLiga","2015/2016","Betis","Valencia","2.82","3.30","2.82","1.05","7.80","1.37","3.10","2.32","1.71","4.05","1.24","7.80","1.05","1.86","1.94"
"3324","07-02-16 12:00","Spain","LaLiga","2015/2016","Levante","Barcelona","20.00","11.00","1.15","1.01","23.00","1.08","8.00","1.25","3.95","1.76","2.24","2.60","1.50","2.05","1.77"
"3325","06-02-16 22:05","Spain","LaLiga","2015/2016","Gijon","Dep. La Coruna","2.72","3.30","2.93","1.04","9.00","1.30","3.50","2.09","1.86","3.45","1.31","6.50","1.09","1.71","2.14"
"3326","06-02-16 20:30","Spain","LaLiga","2015/2016","Ath Bilbao","Villarreal","1.88","3.60","4.90","1.04","8.40","1.33","3.30","2.22","1.77","3.85","1.26","7.30","1.07","1.81","2.00"
"3327","06-02-16 18:15","Spain","LaLiga","2015/2016","Rayo Vallecano","Las Palmas","1.83","3.95","4.70","1.02","14.00","1.22","4.25","1.83","2.13","2.91","1.41","5.30","1.13","1.67","2.20"
"3328","06-02-16 16:00","Spain","LaLiga","2015/2016","Atl. Madrid","Eibar","1.37","5.20","11.50","1.03","9.50","1.26","3.85","1.98","1.96","3.30","1.33","6.30","1.09","2.20","1.62"
"3329","05-02-16 20:30","Spain","LaLiga","2015/2016","Malaga","Getafe","1.66","3.95","6.30","1.04","8.40","1.33","3.30","2.22","1.77","3.85","1.26","7.30","1.07","2.05","1.77"
"3330","01-02-16 20:30","Spain","LaLiga","2015/2016","Dep. La Coruna","Rayo Vallecano","1.95","3.65","4.45","1.05","12.00","1.22","4.30","1.83","2.13","2.88","1.42","5.30","1.13","1.62","2.15"
"3331","31-01-16 20:30","Spain","LaLiga","2015/2016","Real Madrid","Espanyol","1.12","12.00","29.00","","","1.06","10.00","1.21","4.40","1.60","2.56","2.34","1.60","1.99","1.82"
"3332","31-01-16 18:15","Spain","LaLiga","2015/2016","Las Palmas","Celta Vigo","2.70","3.50","2.80","1.04","8.40","1.33","3.30","2.02","1.92","3.75","1.27","7.10","1.07","1.80","2.00"
"3333","31-01-16 16:00","Spain","LaLiga","2015/2016","Valencia","Gijon","1.66","4.15","6.00","1.05","11.00","1.24","4.05","1.90","2.05","3.10","1.37","5.70","1.11","1.80","2.01"
"3334","31-01-16 12:00","Spain","LaLiga","2015/2016","Sevilla","Levante","1.37","5.40","10.50","1.04","13.00","1.18","4.85","1.72","2.30","2.68","1.47","4.85","1.15","1.94","1.86"
"3335","30-01-16 22:05","Spain","LaLiga","2015/2016","Real Sociedad","Betis","1.69","4.10","5.70","1.03","9.50","1.27","3.75","1.98","1.96","3.30","1.33","6.20","1.10","1.86","1.94"
"3336","30-01-16 20:30","Spain","LaLiga","2015/2016","Villarreal","Granada CF","1.55","4.30","7.40","1.04","9.00","1.29","3.60","2.08","1.87","3.50","1.30","6.70","1.08","2.06","1.76"
"3337","30-01-16 18:15","Spain","LaLiga","2015/2016","Eibar","Malaga","2.55","3.30","3.15","1.05","7.80","1.39","3.00","2.38","1.68","4.25","1.22","8.10","1.05","1.92","1.88"
"3338","30-01-16 18:15","Spain","LaLiga","2015/2016","Getafe","Ath Bilbao","3.70","3.50","2.19","1.04","8.80","1.31","3.45","2.13","1.83","3.60","1.28","6.90","1.08","1.80","2.01"
"3339","30-01-16 16:00","Spain","LaLiga","2015/2016","Barcelona","Atl. Madrid","1.54","4.40","7.40","1.02","10.00","1.24","4.05","1.92","2.02","3.15","1.36","6.00","1.10","1.88","1.92"
"3340","25-01-16 20:30","Spain","LaLiga","2015/2016","Levante","Las Palmas","2.16","3.40","3.90","1.05","8.10","1.35","3.20","2.27","1.74","3.60","1.29","7.10","1.07","1.84","1.96"
"3341","24-01-16 20:30","Spain","LaLiga","2015/2016","Betis","Real Madrid","8.30","6.20","1.37","1.02","21.00","1.08","6.90","1.33","3.30","1.99","1.95","3.00","1.39","1.62","2.24"
"3342","24-01-16 18:15","Spain","LaLiga","2015/2016","Dep. La Coruna","Valencia","2.28","3.40","3.60","1.04","8.40","1.34","3.25","2.24","1.76","3.85","1.26","7.30","1.07","1.83","1.95"
"3343","24-01-16 16:00","Spain","LaLiga","2015/2016","Atl. Madrid","Sevilla","1.55","4.20","7.70","1.05","8.10","1.34","3.25","2.24","1.76","3.95","1.25","7.60","1.06","2.20","1.66"
"3344","24-01-16 12:00","Spain","LaLiga","2015/2016","Ath Bilbao","Eibar","1.73","3.90","5.60","1.03","9.50","1.27","3.75","1.99","1.95","3.30","1.33","6.20","1.10","1.83","1.97"
"3345","23-01-16 22:05","Spain","LaLiga","2015/2016","Rayo Vallecano","Celta Vigo","2.26","3.75","3.30","1.03","9.50","1.28","3.65","2.00","1.94","3.30","1.33","6.20","1.10","1.75","2.08"
"3346","23-01-16 20:30","Spain","LaLiga","2015/2016","Granada CF","Getafe","2.58","3.30","3.10","1.05","7.80","1.39","3.00","2.38","1.68","4.25","1.22","8.10","1.05","1.90","1.90"
"3347","23-01-16 18:15","Spain","LaLiga","2015/2016","Espanyol","Villarreal","3.08","3.35","2.57","1.07","7.30","1.43","2.83","2.51","1.62","4.55","1.20","8.80","1.04","2.00","1.80"
"3348","23-01-16 16:00","Spain","LaLiga","2015/2016","Malaga","Barcelona","6.00","4.40","1.62","1.02","13.00","1.23","4.20","1.86","2.10","2.95","1.40","5.50","1.12","1.83","1.98"
"3349","22-01-16 20:30","Spain","LaLiga","2015/2016","Gijon","Real Sociedad","3.18","3.35","2.51","1.04","8.40","1.32","3.35","2.18","1.80","3.65","1.28","7.10","1.07","1.72","2.12"
"3350","18-01-16 20:30","Spain","LaLiga","2015/2016","Eibar","Granada CF","1.83","3.70","5.10","1.03","9.50","1.37","3.10","2.34","1.70","4.20","1.23","8.10","1.05","2.04","1.78"
"3351","17-01-16 20:30","Spain","LaLiga","2015/2016","Barcelona","Ath Bilbao","1.18","9.00","19.00","1.01","23.00","1.05","7.80","1.31","3.45","1.89","2.06","2.88","1.42","1.90","1.90"
"3352","17-01-16 18:15","Spain","LaLiga","2015/2016","Getafe","Espanyol","2.24","3.30","3.85","1.06","7.60","1.39","3.00","2.41","1.67","4.30","1.22","8.10","1.05","1.95","1.85"
"3353","17-01-16 18:15","Spain","LaLiga","2015/2016","Las Palmas","Atl. Madrid","7.70","4.15","1.56","1.06","7.60","1.38","3.04","2.38","1.68","4.30","1.22","8.40","1.04","2.25","1.59"
"3354","17-01-16 16:00","Spain","LaLiga","2015/2016","Real Madrid","Gijon","1.10","14.50","28.00","1.01","23.00","1.04","13.00","1.13","5.90","1.48","2.94","2.05","1.77","1.83","1.88"
"3355","17-01-16 12:00","Spain","LaLiga","2015/2016","Valencia","Rayo Vallecano","1.57","4.60","6.40","1.04","13.00","1.18","4.85","1.71","2.32","2.65","1.48","4.70","1.16","1.66","2.12"
"3356","16-01-16 22:05","Spain","LaLiga","2015/2016","Real Sociedad","Dep. La Coruna","1.90","3.60","4.80","1.04","8.40","1.33","3.30","2.21","1.78","3.85","1.26","7.30","1.07","1.90","1.90"
"3357","16-01-16 20:30","Spain","LaLiga","2015/2016","Villarreal","Betis","1.53","4.50","7.30","1.03","9.50","1.27","3.75","1.99","1.95","3.30","1.33","6.00","1.10","2.00","1.77"
"3358","16-01-16 18:15","Spain","LaLiga","2015/2016","Celta Vigo","Levante","1.58","4.45","6.50","1.04","9.00","1.30","3.50","2.08","1.87","3.60","1.29","6.70","1.08","2.10","1.73"
"3359","16-01-16 16:00","Spain","LaLiga","2015/2016","Sevilla","Malaga","1.85","3.75","4.90","1.03","9.10","1.28","3.60","2.05","1.90","3.45","1.31","6.50","1.09","1.82","1.99"
"3360","10-01-16 20:30","Spain","LaLiga","2015/2016","Celta Vigo","Atl. Madrid","4.30","3.35","2.08","1.05","7.80","1.40","2.95","2.70","1.55","5.10","1.17","9.90","1.03","2.15","1.70"
"3361","10-01-16 18:15","Spain","LaLiga","2015/2016","Eibar","Espanyol","2.08","3.45","4.15","1.06","7.60","1.40","2.95","2.42","1.66","4.40","1.21","8.50","1.04","2.00","1.80"
"3362","10-01-16 18:15","Spain","LaLiga","2015/2016","Las Palmas","Malaga","2.78","3.16","2.96","1.07","7.10","1.44","2.77","2.59","1.59","5.10","1.17","9.10","1.04","2.00","1.81"
"3363","10-01-16 16:00","Spain","LaLiga","2015/2016","Real Sociedad","Valencia","2.30","3.50","3.45","1.03","9.50","1.28","3.65","2.01","1.93","3.30","1.33","6.20","1.10","1.62","2.30"
"3364","10-01-16 12:00","Spain","LaLiga","2015/2016","Villarreal","Gijon","1.48","4.70","8.10","1.03","9.80","1.27","3.75","1.98","1.96","3.30","1.33","6.20","1.10","2.09","1.74"
"3365","09-01-16 22:05","Spain","LaLiga","2015/2016","Levante","Rayo Vallecano","2.48","3.40","3.17","1.04","8.40","1.33","3.30","2.18","1.80","3.75","1.27","7.10","1.07","1.77","2.05"
"3366","09-01-16 20:30","Spain","LaLiga","2015/2016","Real Madrid","Dep. La Coruna","1.17","9.60","19.00","1.01","18.00","1.08","7.90","1.22","4.25","1.75","2.25","2.50","1.53","1.70","2.12"
"3367","09-01-16 18:15","Spain","LaLiga","2015/2016","Getafe","Betis","2.02","3.60","4.20","1.05","8.10","1.36","3.15","2.27","1.74","3.95","1.25","7.60","1.06","1.91","1.85"
"3368","09-01-16 18:15","Spain","LaLiga","2015/2016","Sevilla","Ath Bilbao","2.18","3.60","3.65","1.03","9.10","1.28","3.60","2.04","1.91","3.35","1.32","6.30","1.09","1.65","2.24"
"3369","09-01-16 16:00","Spain","LaLiga","2015/2016","Barcelona","Granada CF","1.06","23.00","37.00","","","1.04","13.00","1.13","6.00","1.44","3.10","1.95","1.85","2.25","1.50"
"3370","04-01-16 20:30","Spain","LaLiga","2015/2016","Gijon","Getafe","2.38","3.40","3.35","1.05","8.00","1.35","3.20","2.27","1.74","3.95","1.25","7.60","1.06","1.86","1.94"
"3371","03-01-16 20:30","Spain","LaLiga","2015/2016","Valencia","Real Madrid","6.40","4.85","1.54","1.02","17.00","1.11","5.70","1.45","2.75","2.25","1.75","3.75","1.27","1.53","2.50"
"3372","03-01-16 18:15","Spain","LaLiga","2015/2016","Ath Bilbao","Las Palmas","1.44","5.00","8.50","1.03","13.00","1.20","4.55","1.77","2.22","2.79","1.44","5.10","1.14","1.91","1.89"
"3373","03-01-16 18:15","Spain","LaLiga","2015/2016","Dep. La Coruna","Villarreal","2.72","3.25","2.97","1.05","7.80","1.38","3.04","2.38","1.68","4.20","1.23","8.10","1.05","1.89","1.91"
"3374","03-01-16 16:00","Spain","LaLiga","2015/2016","Betis","Eibar","2.50","3.35","3.17","1.05","7.80","1.38","3.04","2.34","1.70","4.20","1.23","7.80","1.05","1.90","1.90"
"3375","03-01-16 16:00","Spain","LaLiga","2015/2016","Granada CF","Sevilla","5.10","3.90","1.79","1.03","9.10","1.28","3.70","2.05","1.90","3.45","1.31","6.50","1.09","1.87","1.93"
"3376","03-01-16 12:00","Spain","LaLiga","2015/2016","Rayo Vallecano","Real Sociedad","2.62","3.45","2.93","1.02","10.50","1.30","3.50","2.07","1.88","3.45","1.31","6.50","1.09","1.74","2.09"
"3377","02-01-16 22:05","Spain","LaLiga","2015/2016","Malaga","Celta Vigo","2.28","3.30","3.70","1.05","8.10","1.34","3.25","2.25","1.75","3.85","1.26","7.30","1.07","1.82","1.99"
"3378","02-01-16 20:30","Spain","LaLiga","2015/2016","Atl. Madrid","Levante","1.22","7.10","20.00","1.02","10.00","1.25","3.95","1.91","2.04","3.20","1.35","6.00","1.10","3.04","1.38"
"3379","02-01-16 16:00","Spain","LaLiga","2015/2016","Espanyol","Barcelona","16.00","8.60","1.20","1.01","23.00","1.07","7.30","1.35","3.20","1.99","1.95","3.25","1.34","2.01","1.80"
"3380","31-12-15 16:00","Spain","LaLiga","2015/2016","Villarreal","Valencia","1.95","3.60","4.50","1.03","9.50","1.26","3.85","1.98","1.96","3.25","1.34","6.00","1.10","1.65","2.00"
"3381","30-12-15 21:00","Spain","LaLiga","2015/2016","Las Palmas","Granada CF","2.08","3.45","4.15","1.07","7.30","1.42","2.88","2.49","1.63","4.55","1.20","8.80","1.04","2.06","1.76"
"3382","30-12-15 20:30","Spain","LaLiga","2015/2016","Barcelona","Betis","1.08","17.00","34.00","1.01","23.00","1.04","11.50","1.11","6.60","1.48","2.94","1.90","1.90","2.15","1.70"
"3383","30-12-15 20:30","Spain","LaLiga","2015/2016","Celta Vigo","Ath Bilbao","2.85","3.40","2.72","1.04","8.40","1.34","3.25","2.22","1.77","3.85","1.26","7.30","1.07","1.82","1.99"
"3384","30-12-15 20:30","Spain","LaLiga","2015/2016","Getafe","Dep. La Coruna","2.74","3.25","2.94","1.05","7.80","1.38","3.04","2.38","1.68","4.25","1.22","8.10","1.05","1.90","1.90"
"3385","30-12-15 18:30","Spain","LaLiga","2015/2016","Eibar","Gijon","1.99","3.50","4.45","1.05","7.80","1.36","3.12","2.32","1.71","4.05","1.24","7.80","1.05","1.96","1.84"
"3386","30-12-15 18:15","Spain","LaLiga","2015/2016","Rayo Vallecano","Atl. Madrid","7.00","4.45","1.55","1.02","11.00","1.28","3.65","2.05","1.90","3.25","1.34","6.20","1.10","1.99","1.82"
"3387","30-12-15 18:15","Spain","LaLiga","2015/2016","Sevilla","Espanyol","1.48","5.00","7.30","1.03","15.00","1.17","5.10","1.65","2.44","2.50","1.53","4.40","1.18","1.74","2.09"
"3388","30-12-15 16:00","Spain","LaLiga","2015/2016","Levante","Malaga","3.40","3.20","2.46","1.07","7.10","1.44","2.79","2.56","1.60","4.70","1.19","9.10","1.04","2.02","1.79"
"3389","30-12-15 16:00","Spain","LaLiga","2015/2016","Real Madrid","Real Sociedad","1.20","9.30","14.00","","","1.10","7.00","1.27","3.75","1.80","2.18","2.53","1.52","1.77","2.05"
"3390","20-12-15 20:30","Spain","LaLiga","2015/2016","Malaga","Atl. Madrid","6.10","3.80","1.71","1.08","6.90","1.46","2.72","2.61","1.58","4.85","1.18","9.50","1.03","2.40","1.57"
"3391","20-12-15 18:15","Spain","LaLiga","2015/2016","Ath Bilbao","Levante","1.41","5.10","9.30","1.05","11.00","1.24","4.05","1.89","2.06","3.10","1.37","5.70","1.11","2.11","1.73"
"3392","20-12-15 18:15","Spain","LaLiga","2015/2016","Granada CF","Celta Vigo","2.76","3.40","2.80","1.04","8.40","1.35","3.20","2.24","1.76","3.85","1.26","7.30","1.07","1.84","1.96"
"3393","20-12-15 18:15","Spain","LaLiga","2015/2016","Real Sociedad","Villarreal","2.49","3.45","3.12","1.05","8.10","1.36","3.12","2.29","1.73","4.05","1.24","7.60","1.06","1.89","1.91"
"3394","20-12-15 16:00","Spain","LaLiga","2015/2016","Real Madrid","Rayo Vallecano","1.11","17.00","21.00","1.01","18.00","1.03","15.00","1.11","6.70","1.43","3.20","1.77","2.05","1.82","1.99"
"3395","19-12-15 22:05","Spain","LaLiga","2015/2016","Dep. La Coruna","Eibar","2.02","3.45","4.40","1.05","7.80","1.36","3.12","2.32","1.71","4.05","1.24","7.80","1.05","1.95","1.85"
"3396","19-12-15 20:30","Spain","LaLiga","2015/2016","Betis","Sevilla","4.05","3.85","1.98","1.04","13.00","1.19","4.70","1.72","2.31","2.62","1.49","4.70","1.16","1.56","2.43"
"3397","19-12-15 18:15","Spain","LaLiga","2015/2016","Espanyol","Las Palmas","2.05","3.65","4.00","1.05","8.10","1.37","3.10","2.29","1.73","4.05","1.24","7.80","1.05","1.97","1.83"
"3398","19-12-15 16:00","Spain","LaLiga","2015/2016","Valencia","Getafe","1.73","3.90","5.60","1.04","8.80","1.31","3.45","2.13","1.83","3.60","1.28","6.90","1.08","1.95","1.85"
"3399","13-12-15 20:30","Spain","LaLiga","2015/2016","Villarreal","Real Madrid","5.20","4.65","1.66","1.03","15.00","1.11","6.60","1.57","2.64","2.28","1.63","3.60","1.25","1.56","2.43"
"3400","13-12-15 18:15","Spain","LaLiga","2015/2016","Atl. Madrid","Ath Bilbao","1.63","3.90","7.10","1.06","7.60","1.38","3.04","2.40","1.67","4.30","1.22","8.40","1.04","2.26","1.64"
"3401","13-12-15 16:00","Spain","LaLiga","2015/2016","Eibar","Valencia","2.66","3.40","2.92","1.05","7.80","1.39","3.00","2.36","1.69","4.20","1.23","8.10","1.05","1.93","1.87"
"3402","13-12-15 12:00","Spain","LaLiga","2015/2016","Rayo Vallecano","Malaga","2.45","3.40","3.25","1.04","8.80","1.31","3.45","2.12","1.84","3.60","1.29","6.70","1.08","1.67","2.20"
"3403","12-12-15 22:05","Spain","LaLiga","2015/2016","Las Palmas","Betis","2.38","3.50","3.30","1.04","9.00","1.32","3.35","2.15","1.82","3.65","1.28","6.90","1.08","1.79","2.02"
"3404","12-12-15 20:30","Spain","LaLiga","2015/2016","Sevilla","Gijon","1.39","5.50","9.00","1.02","17.00","1.13","6.00","1.54","2.73","2.15","1.70","3.80","1.23","1.71","2.14"
"3405","12-12-15 18:15","Spain","LaLiga","2015/2016","Celta Vigo","Espanyol","1.59","4.45","6.30","1.04","13.00","1.19","4.70","1.74","2.28","2.68","1.47","4.85","1.15","1.72","2.12"
"3406","12-12-15 18:15","Spain","LaLiga","2015/2016","Levante","Granada CF","2.21","3.25","4.00","1.07","7.30","1.41","2.91","2.49","1.63","4.40","1.21","8.80","1.04","1.99","1.82"
"3407","12-12-15 16:00","Spain","LaLiga","2015/2016","Barcelona","Dep. La Coruna","1.10","15.00","35.00","1.01","23.00","1.07","9.00","1.21","4.40","1.73","2.34","2.43","1.56","2.36","1.59"
"3408","11-12-15 20:30","Spain","LaLiga","2015/2016","Getafe","Real Sociedad","2.96","3.30","2.69","1.05","8.10","1.36","3.15","2.29","1.73","3.90","1.26","7.00","1.08","1.85","1.95"
"3409","07-12-15 20:30","Spain","LaLiga","2015/2016","Espanyol","Levante","2.04","3.40","4.40","1.05","7.80","1.38","3.04","2.38","1.68","4.25","1.22","7.60","1.06","1.98","1.83"
"3410","06-12-15 20:30","Spain","LaLiga","2015/2016","Ath Bilbao","Malaga","1.55","4.50","6.90","1.02","10.00","1.25","3.95","1.98","1.96","3.15","1.36","6.00","1.10","1.93","1.87"
"3411","06-12-15 18:15","Spain","LaLiga","2015/2016","Gijon","Las Palmas","2.36","3.40","3.40","1.04","8.40","1.33","3.30","2.21","1.78","3.75","1.27","7.30","1.07","1.83","1.98"
"3412","06-12-15 16:00","Spain","LaLiga","2015/2016","Villarreal","Rayo Vallecano","1.48","4.75","7.90","1.04","13.00","1.22","4.30","1.70","2.34","2.91","1.41","5.30","1.13","1.82","1.99"
"3413","06-12-15 12:00","Spain","LaLiga","2015/2016","Real Sociedad","Eibar","2.09","3.45","4.10","1.04","8.40","1.34","3.25","2.24","1.76","3.85","1.26","7.30","1.07","1.87","1.93"
"3414","05-12-15 22:05","Spain","LaLiga","2015/2016","Betis","Celta Vigo","3.85","3.65","2.09","1.04","13.00","1.20","4.55","1.77","2.22","2.72","1.46","4.85","1.15","1.56","2.43"
"3415","05-12-15 22:00","Spain","LaLiga","2015/2016","Dep. La Coruna","Sevilla","2.93","3.55","2.57","1.05","12.00","1.23","4.20","1.85","2.11","2.85","1.43","5.40","1.12","1.58","2.38"
"3416","05-12-15 20:30","Spain","LaLiga","2015/2016","Valencia","Barcelona","12.50","7.30","1.26","1.01","23.00","1.10","7.00","1.29","3.60","1.88","2.07","2.88","1.42","1.65","2.24"
"3417","05-12-15 18:15","Spain","LaLiga","2015/2016","Granada CF","Atl. Madrid","7.70","4.30","1.54","1.05","7.90","1.40","2.95","2.41","1.67","4.40","1.21","8.50","1.04","2.45","1.55"
"3418","05-12-15 16:00","Spain","LaLiga","2015/2016","Real Madrid","Getafe","1.13","12.50","22.00","1.01","23.00","1.07","9.00","1.22","4.30","1.69","2.36","2.53","1.52","2.11","1.73"
"3419","29-11-15 20:30","Spain","LaLiga","2015/2016","Sevilla","Valencia","1.75","4.35","4.70","1.02","17.00","1.14","5.70","1.56","2.67","2.28","1.63","3.80","1.23","1.50","2.59"
"3420","29-11-15 18:15","Spain","LaLiga","2015/2016","Rayo Vallecano","Ath Bilbao","3.40","3.60","2.28","1.03","9.80","1.26","3.85","1.96","1.98","3.20","1.35","6.00","1.10","1.62","2.30"
"3421","29-11-15 16:00","Spain","LaLiga","2015/2016","Eibar","Real Madrid","7.60","5.50","1.43","1.02","19.00","1.12","6.30","1.50","2.88","2.15","1.70","3.55","1.26","1.62","2.30"
"3422","29-11-15 12:00","Spain","LaLiga","2015/2016","Getafe","Villarreal","3.17","3.40","2.48","1.06","7.60","1.41","2.91","2.44","1.65","4.40","1.21","8.50","1.04","1.99","1.82"
"3423","28-11-15 22:05","Spain","LaLiga","2015/2016","Celta Vigo","Gijon","1.45","5.00","8.20","1.02","17.00","1.15","5.50","1.60","2.56","2.38","1.58","4.05","1.21","1.72","2.12"
"3424","28-11-15 22:00","Spain","LaLiga","2015/2016","Las Palmas","Dep. La Coruna","2.44","3.25","3.40","1.05","8.20","1.39","3.00","2.42","1.66","4.30","1.22","8.40","1.04","1.93","1.87"
"3425","28-11-15 20:30","Spain","LaLiga","2015/2016","Malaga","Granada CF","1.80","3.70","5.40","1.06","7.60","1.39","3.00","2.39","1.68","4.30","1.22","8.10","1.05","2.09","1.74"
"3426","28-11-15 18:15","Spain","LaLiga","2015/2016","Atl. Madrid","Espanyol","1.33","5.60","12.00","1.03","9.50","1.27","3.75","1.98","1.96","3.35","1.32","6.30","1.09","2.48","1.54"
"3427","28-11-15 16:00","Spain","LaLiga","2015/2016","Barcelona","Real Sociedad","1.10","16.00","24.00","1.01","23.00","1.05","11.00","1.18","4.85","1.60","2.56","2.19","1.68","2.20","1.67"
"3428","27-11-15 20:30","Spain","LaLiga","2015/2016","Levante","Betis","2.12","3.55","3.85","1.04","8.40","1.34","3.25","2.21","1.78","3.85","1.26","7.30","1.07","1.88","1.92"
"3429","23-11-15 20:30","Spain","LaLiga","2015/2016","Getafe","Rayo Vallecano","2.34","3.50","3.35","1.03","9.50","1.28","3.65","2.02","1.92","3.30","1.33","6.20","1.10","1.67","2.20"
"3430","22-11-15 20:30","Spain","LaLiga","2015/2016","Betis","Atl. Madrid","6.50","4.15","1.62","1.04","8.80","1.31","3.45","2.18","1.80","3.60","1.28","6.90","1.08","2.06","1.76"
"3431","22-11-15 18:15","Spain","LaLiga","2015/2016","Granada CF","Ath Bilbao","4.45","3.60","1.97","1.04","8.40","1.34","3.25","2.22","1.77","3.85","1.26","7.30","1.07","1.82","1.99"
"3432","22-11-15 16:00","Spain","LaLiga","2015/2016","Villarreal","Eibar","1.60","4.10","7.00","1.02","10.50","1.31","3.45","2.15","1.82","3.65","1.28","7.10","1.07","2.20","1.67"
"3433","22-11-15 12:00","Spain","LaLiga","2015/2016","Gijon","Levante","2.28","3.35","3.65","1.05","8.10","1.35","3.20","2.27","1.74","3.95","1.25","7.60","1.06","1.87","1.93"
"3434","21-11-15 22:05","Spain","LaLiga","2015/2016","Dep. La Coruna","Celta Vigo","3.50","3.55","2.25","1.05","11.00","1.20","4.55","1.80","2.18","2.88","1.42","5.30","1.13","1.59","2.36"
"3435","21-11-15 22:00","Spain","LaLiga","2015/2016","Valencia","Las Palmas","1.54","4.40","7.40","1.03","13.00","1.21","4.40","1.82","2.15","2.91","1.41","5.40","1.12","1.81","2.00"
"3436","21-11-15 20:30","Spain","LaLiga","2015/2016","Espanyol","Malaga","2.37","3.25","3.55","1.07","7.10","1.44","2.79","2.56","1.60","4.70","1.19","9.10","1.04","1.94","1.86"
"3437","21-11-15 18:15","Spain","LaLiga","2015/2016","Real Madrid","Barcelona","2.55","3.75","2.82","1.02","17.00","1.11","6.60","1.48","2.94","2.05","1.77","3.35","1.28","1.35","3.20"
"3438","21-11-15 16:00","Spain","LaLiga","2015/2016","Real Sociedad","Sevilla","2.77","3.50","2.73","1.05","12.00","1.21","4.40","1.79","2.20","2.75","1.45","5.00","1.14","1.59","2.36"
"3439","08-11-15 20:30","Spain","LaLiga","2015/2016","Sevilla","Real Madrid","3.55","4.10","2.06","1.01","23.00","1.09","7.40","1.44","3.10","2.00","1.81","2.99","1.35","1.36","3.15"
"3440","08-11-15 18:15","Spain","LaLiga","2015/2016","Atl. Madrid","Gijon","1.25","6.60","17.00","1.02","10.50","1.24","4.05","1.89","2.06","3.15","1.36","5.70","1.11","2.72","1.46"
"3441","08-11-15 16:00","Spain","LaLiga","2015/2016","Barcelona","Villarreal","1.32","6.30","11.00","1.02","17.00","1.13","6.00","1.53","2.75","2.26","1.64","3.80","1.23","1.81","2.00"
"3442","08-11-15 12:00","Spain","LaLiga","2015/2016","Ath Bilbao","Espanyol","1.55","4.50","6.80","1.05","11.00","1.24","4.05","1.89","2.06","3.10","1.37","5.70","1.11","1.93","1.87"
"3443","07-11-15 22:05","Spain","LaLiga","2015/2016","Malaga","Betis","1.84","3.80","4.85","1.04","9.00","1.30","3.50","2.08","1.87","3.50","1.30","6.70","1.08","1.73","2.11"
"3444","07-11-15 20:30","Spain","LaLiga","2015/2016","Eibar","Getafe","2.16","3.35","4.00","1.07","7.30","1.42","2.88","2.49","1.63","4.55","1.20","8.80","1.04","2.04","1.78"
"3445","07-11-15 20:30","Spain","LaLiga","2015/2016","Rayo Vallecano","Granada CF","1.91","3.80","4.45","1.05","11.00","1.24","4.05","1.91","2.04","3.10","1.37","5.70","1.11","1.70","2.15"
"3446","07-11-15 18:15","Spain","LaLiga","2015/2016","Levante","Dep. La Coruna","2.73","3.20","3.00","1.07","7.30","1.41","2.91","2.46","1.64","4.40","1.21","8.50","1.04","1.93","1.87"
"3447","07-11-15 16:00","Spain","LaLiga","2015/2016","Celta Vigo","Valencia","1.84","3.95","4.65","1.04","13.00","1.20","4.55","1.75","2.26","2.72","1.46","4.80","1.15","1.61","2.32"
"3448","06-11-15 20:30","Spain","LaLiga","2015/2016","Las Palmas","Real Sociedad","2.90","3.30","2.74","1.06","7.60","1.41","2.91","2.34","1.70","4.40","1.21","9.10","1.04","2.00","1.81"
"3449","01-11-15 20:30","Spain","LaLiga","2015/2016","Betis","Ath Bilbao","3.60","3.45","2.25","1.03","9.80","1.27","3.75","2.05","1.90","3.30","1.33","6.30","1.09","1.73","2.11"
"3450","01-11-15 18:15","Spain","LaLiga","2015/2016","Gijon","Malaga","2.85","3.30","2.79","1.05","8.10","1.36","3.15","2.29","1.73","3.95","1.25","7.90","1.05","1.86","1.94"
"3451","01-11-15 16:00","Spain","LaLiga","2015/2016","Espanyol","Granada CF","2.12","3.40","4.10","1.05","8.10","1.36","3.15","2.30","1.72","4.05","1.24","8.20","1.05","1.90","1.90"
"3452","01-11-15 12:00","Spain","LaLiga","2015/2016","Eibar","Rayo Vallecano","2.42","3.35","3.35","1.04","9.00","1.30","3.50","2.15","1.82","3.65","1.28","7.00","1.08","1.76","2.06"
"3453","31-10-15 22:05","Spain","LaLiga","2015/2016","Real Sociedad","Celta Vigo","2.61","3.35","3.02","1.03","9.50","1.27","3.75","1.99","1.95","3.25","1.34","6.10","1.10","1.66","2.22"
"3454","31-10-15 20:30","Spain","LaLiga","2015/2016","Getafe","Barcelona","9.30","5.70","1.37","1.02","17.00","1.12","6.30","1.55","2.72","2.20","1.67","3.70","1.24","1.74","2.09"
"3455","31-10-15 18:15","Spain","LaLiga","2015/2016","Valencia","Levante","1.51","4.45","8.00","1.03","9.50","1.27","3.75","2.01","1.93","3.35","1.32","6.30","1.09","2.01","1.80"
"3456","31-10-15 18:15","Spain","LaLiga","2015/2016","Villarreal","Sevilla","2.26","3.60","3.45","1.05","11.00","1.25","3.95","1.92","2.03","3.04","1.38","5.70","1.11","1.64","2.26"
"3457","31-10-15 16:00","Spain","LaLiga","2015/2016","Real Madrid","Las Palmas","1.11","12.00","37.00","1.01","18.00","1.06","10.00","1.22","4.30","1.65","2.44","2.28","1.63","2.12","1.72"
"3458","30-10-15 20:30","Spain","LaLiga","2015/2016","Dep. La Coruna","Atl. Madrid","6.10","3.80","1.71","1.05","8.10","1.35","3.20","2.32","1.71","4.05","1.24","8.20","1.05","2.11","1.73"
"3459","26-10-15 20:30","Spain","LaLiga","2015/2016","Ath Bilbao","Gijon","1.47","4.70","8.30","1.05","12.00","1.22","4.30","1.83","2.13","2.95","1.40","5.40","1.12","1.91","1.89"
"3460","25-10-15 20:30","Spain","LaLiga","2015/2016","Atl. Madrid","Valencia","1.64","3.95","6.70","1.04","8.80","1.30","3.50","2.13","1.83","3.60","1.28","7.00","1.08","2.00","1.81"
"3461","25-10-15 18:15","Spain","LaLiga","2015/2016","Barcelona","Eibar","1.12","11.50","31.00","1.01","18.00","1.10","6.90","1.32","3.35","1.93","2.01","2.83","1.43","2.30","1.62"
"3462","25-10-15 16:00","Spain","LaLiga","2015/2016","Las Palmas","Villarreal","4.00","3.50","2.11","1.04","8.40","1.35","3.20","2.24","1.76","3.85","1.26","7.70","1.06","1.89","1.91"
"3463","25-10-15 12:00","Spain","LaLiga","2015/2016","Levante","Real Sociedad","2.87","3.18","2.86","1.08","6.70","1.48","2.65","2.70","1.55","5.10","1.17","11.50","1.01","2.08","1.75"
"3464","24-10-15 22:05","Spain","LaLiga","2015/2016","Malaga","Dep. La Coruna","2.34","3.40","3.45","1.05","8.10","1.36","3.15","2.29","1.73","4.05","1.24","7.90","1.05","1.88","1.92"
"3465","24-10-15 20:30","Spain","LaLiga","2015/2016","Sevilla","Getafe","1.43","5.00","8.80","1.04","13.00","1.16","5.30","1.67","2.41","2.53","1.52","4.55","1.17","1.76","2.06"
"3466","24-10-15 18:15","Spain","LaLiga","2015/2016","Granada CF","Betis","2.51","3.40","3.12","1.04","8.80","1.32","3.35","2.16","1.81","3.65","1.28","7.00","1.08","1.79","2.02"
"3467","24-10-15 16:00","Spain","LaLiga","2015/2016","Celta Vigo","Real Madrid","3.45","3.85","2.15","1.02","19.00","1.11","6.60","1.50","2.88","2.09","1.74","3.45","1.27","1.38","3.04"
"3468","23-10-15 20:30","Spain","LaLiga","2015/2016","Rayo Vallecano","Espanyol","2.10","3.70","3.75","1.05","11.00","1.25","3.95","1.92","2.03","3.10","1.37","5.70","1.11","1.69","2.17"
"3469","19-10-15 20:30","Spain","LaLiga","2015/2016","Gijon","Granada CF","2.10","3.40","4.10","1.03","9.10","1.31","3.45","2.30","1.72","4.05","1.24","8.20","1.05","1.91","1.89"
"3470","18-10-15 20:30","Spain","LaLiga","2015/2016","Dep. La Coruna","Ath Bilbao","2.94","3.25","2.72","1.03","9.10","1.36","3.12","2.38","1.68","4.25","1.22","8.50","1.04","1.85","1.95"
"3471","18-10-15 18:15","Spain","LaLiga","2015/2016","Getafe","Las Palmas","2.37","3.20","3.60","1.06","7.60","1.39","3.00","2.42","1.66","4.30","1.22","8.50","1.04","1.92","1.88"
"3472","18-10-15 16:00","Spain","LaLiga","2015/2016","Real Sociedad","Atl. Madrid","4.45","3.35","2.04","1.08","6.70","1.49","2.62","2.73","1.54","5.10","1.17","8.10","1.05","2.11","1.73"
"3473","18-10-15 12:00","Spain","LaLiga","2015/2016","Villarreal","Celta Vigo","2.15","3.55","3.75","1.03","9.50","1.28","3.65","2.02","1.92","3.30","1.33","6.30","1.09","1.62","2.30"
"3474","17-10-15 22:05","Spain","LaLiga","2015/2016","Betis","Espanyol","2.26","3.40","3.60","1.04","8.80","1.32","3.35","2.16","1.81","3.65","1.28","7.00","1.08","1.80","2.01"
"3475","17-10-15 22:00","Spain","LaLiga","2015/2016","Valencia","Malaga","1.57","4.25","7.00","1.03","9.80","1.25","3.95","1.94","2.00","3.20","1.35","6.00","1.10","1.90","1.90"
"3476","17-10-15 20:30","Spain","LaLiga","2015/2016","Barcelona","Rayo Vallecano","1.13","11.00","28.00","","","1.06","10.00","1.21","4.40","1.62","2.51","2.24","1.65","1.87","1.93"
"3477","17-10-15 18:15","Spain","LaLiga","2015/2016","Eibar","Sevilla","3.60","3.50","2.22","1.04","8.80","1.32","3.35","2.16","1.81","3.65","1.28","7.00","1.08","1.81","2.00"
"3478","17-10-15 16:00","Spain","LaLiga","2015/2016","Real Madrid","Levante","1.10","13.50","34.00","","","1.08","8.00","1.27","3.75","1.80","2.18","2.83","1.43","2.32","1.61"
"3479","04-10-15 20:30","Spain","LaLiga","2015/2016","Atl. Madrid","Real Madrid","3.45","3.45","2.32","1.02","11.00","1.28","3.60","2.05","1.90","3.35","1.32","6.30","1.09","1.65","2.24"
"3480","04-10-15 18:15","Spain","LaLiga","2015/2016","Levante","Villarreal","4.45","3.60","1.95","1.05","8.10","1.36","3.12","2.30","1.72","4.05","1.24","8.20","1.05","1.98","1.83"
"3481","04-10-15 16:00","Spain","LaLiga","2015/2016","Ath Bilbao","Valencia","2.19","3.45","3.75","1.04","8.40","1.34","3.25","2.22","1.77","3.85","1.26","7.70","1.06","1.91","1.89"
"3482","04-10-15 12:00","Spain","LaLiga","2015/2016","Rayo Vallecano","Betis","2.02","3.75","4.00","1.04","13.00","1.23","4.20","1.83","2.13","2.95","1.40","5.40","1.12","1.63","2.28"
"3483","03-10-15 22:05","Spain","LaLiga","2015/2016","Malaga","Real Sociedad","2.59","3.20","3.15","1.08","6.90","1.45","2.75","2.61","1.58","4.85","1.18","9.90","1.03","1.95","1.85"
"3484","03-10-15 22:00","Spain","LaLiga","2015/2016","Las Palmas","Eibar","2.15","3.45","3.85","1.07","7.30","1.42","2.88","2.49","1.63","4.55","1.20","9.50","1.03","1.85","1.95"
"3485","03-10-15 20:30","Spain","LaLiga","2015/2016","Espanyol","Gijon","2.10","3.35","4.20","1.05","7.80","1.38","3.04","2.38","1.68","4.25","1.22","8.50","1.04","1.95","1.85"
"3486","03-10-15 18:15","Spain","LaLiga","2015/2016","Granada CF","Dep. La Coruna","2.69","3.25","2.98","1.06","7.60","1.40","2.95","2.42","1.66","4.30","1.22","8.80","1.04","1.92","1.88"
"3487","03-10-15 16:00","Spain","LaLiga","2015/2016","Sevilla","Barcelona","4.55","4.05","1.83","1.03","15.00","1.15","5.40","1.61","2.54","2.36","1.59","4.15","1.20","1.50","2.59"
"3488","02-10-15 20:30","Spain","LaLiga","2015/2016","Celta Vigo","Getafe","1.48","4.80","7.70","1.04","13.00","1.19","4.70","1.74","2.27","2.72","1.46","4.85","1.15","1.74","2.09"
"3489","27-09-15 20:30","Spain","LaLiga","2015/2016","Real Sociedad","Ath Bilbao","2.52","3.20","3.30","1.06","7.60","1.39","3.00","2.40","1.67","4.25","1.22","8.50","1.04","1.81","2.00"
"3490","27-09-15 18:15","Spain","LaLiga","2015/2016","Getafe","Levante","2.26","3.05","4.10","1.08","6.70","1.46","2.72","2.70","1.55","4.85","1.18","11.50","1.01","2.06","1.76"
"3491","27-09-15 16:00","Spain","LaLiga","2015/2016","Dep. La Coruna","Espanyol","2.15","3.40","3.95","1.05","8.10","1.34","3.25","2.25","1.75","3.85","1.26","7.90","1.05","1.86","1.94"
"3492","27-09-15 12:00","Spain","LaLiga","2015/2016","Gijon","Betis","2.40","3.40","3.30","1.04","8.40","1.34","3.25","2.22","1.77","3.85","1.26","7.70","1.06","1.83","1.98"
"3493","26-09-15 22:05","Spain","LaLiga","2015/2016","Eibar","Celta Vigo","3.95","3.60","2.06","1.04","8.80","1.32","3.35","2.16","1.81","3.60","1.28","7.00","1.08","1.84","1.96"
"3494","26-09-15 20:30","Spain","LaLiga","2015/2016","Sevilla","Rayo Vallecano","1.45","5.30","7.30","1.01","18.00","1.14","5.70","1.55","2.70","2.28","1.63","3.85","1.22","1.66","2.22"
"3495","26-09-15 20:30","Spain","LaLiga","2015/2016","Villarreal","Atl. Madrid","2.84","3.20","2.86","1.07","7.10","1.40","2.95","2.59","1.59","4.70","1.19","9.90","1.03","1.89","1.91"
"3496","26-09-15 18:15","Spain","LaLiga","2015/2016","Real Madrid","Malaga","1.14","10.50","23.00","1.01","26.00","1.06","10.00","1.23","4.20","1.67","2.40","2.53","1.52","1.85","1.95"
"3497","26-09-15 16:00","Spain","LaLiga","2015/2016","Barcelona","Las Palmas","1.10","13.50","31.00","","","1.05","11.00","1.21","4.40","1.57","2.64","1.99","1.82","2.20","1.67"
"3498","25-09-15 20:30","Spain","LaLiga","2015/2016","Valencia","Granada CF","1.43","4.80","9.20","1.04","13.00","1.23","4.20","1.88","2.07","3.04","1.38","5.70","1.11","2.00","1.81"
"3499","24-09-15 22:05","Spain","LaLiga","2015/2016","Betis","Dep. La Coruna","2.34","3.30","3.55","1.04","8.40","1.32","3.35","2.21","1.78","3.65","1.28","7.20","1.07","1.72","2.12"
"3500","23-09-15 22:00","Spain","LaLiga","2015/2016","Las Palmas","Sevilla","3.25","3.55","2.36","1.03","9.80","1.26","3.85","1.94","2.00","3.15","1.36","5.70","1.11","1.66","2.22"
"3501","23-09-15 22:00","Spain","LaLiga","2015/2016","Malaga","Villarreal","3.00","3.30","2.64","1.06","7.60","1.39","3.00","2.40","1.67","4.30","1.22","8.50","1.04","1.93","1.87"
"3502","23-09-15 21:00","Spain","LaLiga","2015/2016","Ath Bilbao","Real Madrid","4.75","4.15","1.78","1.03","15.00","1.16","5.30","1.64","2.48","2.45","1.55","4.25","1.19","1.54","2.48"
"3503","23-09-15 20:00","Spain","LaLiga","2015/2016","Celta Vigo","Barcelona","7.30","4.95","1.48","1.01","18.00","1.12","6.30","1.52","2.80","2.19","1.68","3.70","1.24","1.65","2.24"
"3504","23-09-15 20:00","Spain","LaLiga","2015/2016","Levante","Eibar","2.56","3.05","3.40","1.09","6.50","1.50","2.59","2.80","1.52","5.30","1.16","10.50","1.04","2.11","1.73"
"3505","23-09-15 20:00","Spain","LaLiga","2015/2016","Rayo Vallecano","Gijon","2.22","3.45","3.65","1.03","9.10","1.28","3.60","2.05","1.90","3.35","1.32","6.30","1.09","1.72","2.12"
"3506","22-09-15 22:00","Spain","LaLiga","2015/2016","Granada CF","Real Sociedad","2.70","3.25","2.97","1.07","7.30","1.42","2.88","2.51","1.60","4.55","1.20","9.50","1.03","1.98","1.83"
"3507","22-09-15 20:00","Spain","LaLiga","2015/2016","Atl. Madrid","Getafe","1.33","5.40","13.00","1.02","10.50","1.28","3.60","2.06","1.89","3.60","1.29","7.00","1.08","2.53","1.52"
"3508","22-09-15 20:00","Spain","LaLiga","2015/2016","Espanyol","Valencia","3.25","3.45","2.42","1.04","8.80","1.32","3.35","2.15","1.82","3.65","1.28","7.00","1.08","1.79","2.02"
"3509","20-09-15 20:30","Spain","LaLiga","2015/2016","Barcelona","Levante","1.10","13.00","36.00","","","1.07","9.00","1.28","3.65","1.79","2.20","2.75","1.45","2.04","1.78"
"3510","20-09-15 20:30","Spain","LaLiga","2015/2016","Las Palmas","Rayo Vallecano","2.03","3.70","4.00","1.05","11.00","1.23","4.20","1.87","2.08","3.00","1.39","5.50","1.12","1.64","2.26"
"3511","20-09-15 18:15","Spain","LaLiga","2015/2016","Villarreal","Ath Bilbao","1.84","3.80","4.85","1.05","8.10","1.36","3.15","2.27","1.74","4.05","1.24","7.90","1.05","1.95","1.85"
"3512","20-09-15 16:00","Spain","LaLiga","2015/2016","Dep. La Coruna","Gijon","1.98","3.45","4.55","1.05","7.80","1.38","3.04","2.38","1.68","4.25","1.22","8.50","1.04","2.00","1.81"
"3513","20-09-15 12:00","Spain","LaLiga","2015/2016","Sevilla","Celta Vigo","1.84","4.05","4.50","1.04","13.00","1.19","4.70","1.74","2.27","2.68","1.47","4.80","1.15","1.62","2.31"
"3514","19-09-15 22:00","Spain","LaLiga","2015/2016","Real Sociedad","Espanyol","1.83","3.80","4.90","1.05","8.10","1.35","3.20","2.25","1.75","3.95","1.25","7.90","1.05","2.01","1.80"
"3515","19-09-15 20:30","Spain","LaLiga","2015/2016","Eibar","Atl. Madrid","6.10","3.60","1.75","1.08","6.70","1.47","2.68","2.75","1.53","5.10","1.17","9.90","1.03","2.46","1.55"
"3516","19-09-15 18:15","Spain","LaLiga","2015/2016","Valencia","Betis","1.49","4.75","7.60","1.04","13.00","1.17","5.10","1.69","2.36","2.59","1.50","4.60","1.17","1.74","2.09"
"3517","19-09-15 16:00","Spain","LaLiga","2015/2016","Real Madrid","Granada CF","1.09","15.00","36.00","","","1.06","10.00","1.21","4.40","1.65","2.44","2.45","1.55","2.24","1.60"
"3518","18-09-15 20:30","Spain","LaLiga","2015/2016","Getafe","Malaga","2.79","3.10","3.00","1.08","7.00","1.43","2.83","2.56","1.60","4.70","1.19","9.90","1.03","1.96","1.84"
"3519","14-09-15 20:30","Spain","LaLiga","2015/2016","Rayo Vallecano","Dep. La Coruna","2.29","3.55","3.40","1.03","9.80","1.26","3.85","1.97","1.97","3.20","1.35","6.00","1.10","1.69","2.17"
"3520","13-09-15 20:30","Spain","LaLiga","2015/2016","Malaga","Eibar","1.95","3.60","4.45","1.05","8.10","1.36","3.15","2.29","1.73","3.90","1.26","8.00","1.05","1.97","1.83"
"3521","13-09-15 18:15","Spain","LaLiga","2015/2016","Celta Vigo","Las Palmas","1.55","4.50","6.80","1.02","10.00","1.26","3.85","1.96","1.98","3.25","1.34","6.10","1.10","1.98","1.83"
"3522","13-09-15 16:00","Spain","LaLiga","2015/2016","Ath Bilbao","Getafe","1.59","4.10","7.00","1.03","9.90","1.33","3.30","2.15","1.82","3.85","1.26","7.70","1.06","2.05","1.77"
"3523","13-09-15 12:00","Spain","LaLiga","2015/2016","Granada CF","Villarreal","3.50","3.30","2.36","1.05","7.80","1.38","3.04","2.38","1.68","4.20","1.23","8.50","1.04","1.91","1.89"
"3524","12-09-15 22:00","Spain","LaLiga","2015/2016","Betis","Real Sociedad","2.43","3.35","3.30","1.04","8.40","1.27","3.75","2.02","1.92","3.30","1.33","6.30","1.09","1.68","2.19"
"3525","12-09-15 20:30","Spain","LaLiga","2015/2016","Atl. Madrid","Barcelona","3.19","3.20","2.57","1.05","8.10","1.34","3.25","2.25","1.75","3.85","1.26","7.70","1.06","1.78","2.04"
"3526","12-09-15 18:15","Spain","LaLiga","2015/2016","Gijon","Valencia","3.60","3.40","2.26","1.05","7.80","1.38","3.04","2.34","1.70","4.20","1.23","8.20","1.05","1.92","1.88"
"3527","12-09-15 16:00","Spain","LaLiga","2015/2016","Espanyol","Real Madrid","9.40","5.60","1.37","1.02","17.00","1.14","5.70","1.58","2.61","2.34","1.60","4.05","1.21","1.75","2.08"
"3528","11-09-15 20:30","Spain","LaLiga","2015/2016","Levante","Sevilla","4.35","3.70","1.94","1.03","9.10","1.28","3.60","2.05","1.90","3.45","1.31","6.70","1.08","1.90","1.90"
"3529","30-08-15 22:30","Spain","LaLiga","2015/2016","Getafe","Granada CF","2.16","3.30","4.05","1.08","6.70","1.48","2.65","2.70","1.55","5.10","1.17","9.90","1.03","2.15","1.70"
"3530","30-08-15 22:30","Spain","LaLiga","2015/2016","Las Palmas","Levante","1.87","3.65","4.90","1.07","7.30","1.42","2.88","2.49","1.63","4.55","1.20","9.50","1.03","2.20","1.67"
"3531","30-08-15 20:30","Spain","LaLiga","2015/2016","Sevilla","Atl. Madrid","2.67","3.25","3.01","1.05","7.80","1.37","3.10","2.34","1.70","4.20","1.23","8.20","1.05","1.86","1.94"
"3532","30-08-15 20:30","Spain","LaLiga","2015/2016","Valencia","Dep. La Coruna","1.49","4.50","8.20","1.03","11.50","1.25","3.95","1.94","2.00","3.20","1.35","6.00","1.10","2.09","1.74"
"3533","30-08-15 18:30","Spain","LaLiga","2015/2016","Eibar","Ath Bilbao","3.80","3.20","2.28","1.08","6.90","1.46","2.72","2.67","1.56","4.85","1.18","11.50","1.01","2.09","1.74"
"3534","29-08-15 22:30","Spain","LaLiga","2015/2016","Real Madrid","Betis","1.12","11.50","29.00","1.01","18.00","1.05","10.50","1.21","4.40","1.62","2.51","2.28","1.63","2.12","1.72"
"3535","29-08-15 22:00","Spain","LaLiga","2015/2016","Celta Vigo","Rayo Vallecano","1.54","4.65","6.70","1.02","14.00","1.19","4.70","1.73","2.29","2.68","1.47","4.80","1.15","1.76","2.06"
"3536","29-08-15 20:30","Spain","LaLiga","2015/2016","Barcelona","Malaga","1.12","11.50","29.00","1.01","23.00","1.08","8.00","1.28","3.60","1.83","2.13","2.91","1.41","2.34","1.60"
"3537","29-08-15 18:30","Spain","LaLiga","2015/2016","Real Sociedad","Gijon","1.84","3.55","5.30","1.05","7.80","1.36","3.12","2.34","1.70","4.20","1.23","8.50","1.04","2.02","1.79"
"3538","28-08-15 20:30","Spain","LaLiga","2015/2016","Villarreal","Espanyol","1.65","4.05","6.30","1.04","8.80","1.30","3.50","2.11","1.85","3.60","1.29","7.00","1.08","2.00","1.81"
"3539","24-08-15 20:30","Spain","LaLiga","2015/2016","Granada CF","Eibar","2.04","3.20","4.70","1.08","6.70","1.48","2.65","2.75","1.53","5.10","1.17","5.10","1.17","2.19","1.68"
"3540","23-08-15 22:30","Spain","LaLiga","2015/2016","Betis","Villarreal","3.16","3.35","2.50","1.04","8.80","1.31","3.45","2.12","1.84","3.60","1.29","6.80","1.08","1.75","2.08"
"3541","23-08-15 22:00","Spain","LaLiga","2015/2016","Levante","Celta Vigo","3.85","3.35","2.20","1.07","7.30","1.41","2.91","2.46","1.64","4.40","1.21","9.10","1.04","2.00","1.81"
"3542","23-08-15 20:30","Spain","LaLiga","2015/2016","Gijon","Real Madrid","12.50","6.30","1.29","1.02","17.00","1.10","6.00","1.46","2.72","2.27","1.74","3.85","1.26","1.78","2.04"
"3543","23-08-15 18:30","Spain","LaLiga","2015/2016","Ath Bilbao","Barcelona","6.10","4.35","1.61","1.03","15.00","1.16","5.30","1.65","2.44","2.48","1.54","4.40","1.18","1.60","2.34"
"3544","22-08-15 22:30","Spain","LaLiga","2015/2016","Rayo Vallecano","Valencia","3.00","3.60","2.47","1.04","13.00","1.22","4.30","1.81","2.16","2.83","1.43","5.20","1.13","1.58","2.38"
"3545","22-08-15 20:30","Spain","LaLiga","2015/2016","Atl. Madrid","Las Palmas","1.25","6.50","17.00","1.04","13.00","1.21","4.40","1.80","2.18","2.91","1.41","5.40","1.12","2.45","1.55"
"3546","22-08-15 18:30","Spain","LaLiga","2015/2016","Dep. La Coruna","Real Sociedad","2.50","3.25","3.30","1.05","8.10","1.34","3.25","2.25","1.75","3.85","1.26","7.70","1.06","1.82","1.99"
"3547","22-08-15 18:30","Spain","LaLiga","2015/2016","Espanyol","Getafe","2.08","3.30","4.35","1.07","7.10","1.42","2.88","2.54","1.61","4.55","1.20","9.50","1.03","2.05","1.77"
"3548","21-08-15 20:30","Spain","LaLiga","2015/2016","Malaga","Sevilla","3.40","3.60","2.27","1.04","11.00","1.23","4.20","1.86","2.10","2.95","1.40","5.40","1.12","1.57","2.40"