"id","matchDate","Country","League","Season","homeTeam","awayTeam","H","D","A","O05","U05","O15","U15","O25","U25","O35","U35","O45","U45","BTTSY","BTTSN"
"70030","18-05-25 16:00","Scotland","Premiership","2024/2025","Kilmarnock","Hearts","2.40","3.43","2.90","1.03","13.00","1.25","4.00","1.86","2.00","2.96","1.40","5.63","1.14","1.65","2.25"
"70031","18-05-25 16:00","Scotland","Premiership","2024/2025","Ross County","Motherwell","1.82","3.93","4.03","1.03","13.00","1.25","4.00","1.86","2.00","3.13","1.37","5.63","1.14","1.83","1.98"
"70032","18-05-25 16:00","Scotland","Premiership","2024/2025","St Johnstone","Dundee FC","3.35","3.65","2.08","1.03","13.00","1.25","4.00","1.78","2.10","2.78","1.45","5.11","1.17","1.65","2.25"
"70033","17-05-25 13:30","Scotland","Premiership","2024/2025","Celtic","St. Mirren","1.24","6.97","9.96","1.02","20.00","1.11","6.50","1.35","3.20","1.95","1.91","3.13","1.37","1.72","2.12"
"70034","17-05-25 13:30","Scotland","Premiership","2024/2025","Dundee Utd","Aberdeen","2.58","3.53","2.63","1.03","13.00","1.22","4.33","1.78","2.10","2.78","1.45","5.11","1.17","1.65","2.25"
"70035","17-05-25 13:30","Scotland","Premiership","2024/2025","Hibernian","Rangers","3.64","4.07","1.88","1.01","19.00","1.11","6.50","1.39","3.00","2.08","1.80","3.13","1.37","1.43","2.82"
"70036","14-05-25 21:00","Scotland","Premiership","2024/2025","Aberdeen","Celtic","3.56","3.60","2.03","1.01","13.00","1.15","4.20","1.60","2.13","2.58","1.50","4.45","1.15","1.54","2.41"
"70037","14-05-25 20:45","Scotland","Premiership","2024/2025","Dundee FC","Ross County","1.97","3.63","3.73","1.03","13.00","1.22","4.33","1.78","2.10","2.78","1.45","5.11","1.17","1.70","2.15"
"70038","14-05-25 20:45","Scotland","Premiership","2024/2025","Hearts","St Johnstone","1.67","3.79","5.30","1.04","11.00","1.27","3.75","1.95","1.91","3.13","1.37","6.11","1.13","1.83","1.98"
"70039","14-05-25 20:45","Scotland","Premiership","2024/2025","Motherwell","Kilmarnock","2.75","3.01","2.81","1.06","9.00","1.32","3.40","2.19","1.73","3.64","1.29","6.97","1.10","1.78","2.04"
"70040","14-05-25 20:45","Scotland","Premiership","2024/2025","Rangers","Dundee Utd","1.28","6.08","9.74","1.01","21.00","1.10","7.00","1.32","3.40","1.95","1.91","2.96","1.40","1.70","2.15"
"70041","14-05-25 20:45","Scotland","Premiership","2024/2025","St. Mirren","Hibernian","2.58","3.34","2.74","1.04","11.00","1.27","3.75","1.95","1.91","3.30","1.34","6.11","1.13","1.74","2.10"
"70042","11-05-25 13:00","Scotland","Premiership","2024/2025","Rangers","Aberdeen","1.47","4.61","6.40","1.01","15.50","1.15","5.50","1.49","2.63","2.21","1.67","3.64","1.29","1.65","2.25"
"70043","10-05-25 16:00","Scotland","Premiership","2024/2025","Hearts","Motherwell","1.63","4.03","5.28","1.03","13.00","1.22","4.33","1.78","2.10","2.78","1.45","5.11","1.17","1.78","2.04"
"70044","10-05-25 16:00","Scotland","Premiership","2024/2025","Kilmarnock","Dundee FC","1.91","3.60","4.00","1.04","11.00","1.25","4.00","1.86","2.00","2.96","1.40","5.63","1.14","1.70","2.15"
"70045","10-05-25 16:00","Scotland","Premiership","2024/2025","St Johnstone","Ross County","1.98","3.43","3.94","1.05","10.00","1.32","3.40","2.08","1.80","3.53","1.30","6.55","1.11","1.83","1.98"
"70046","10-05-25 16:00","Scotland","Premiership","2024/2025","Celtic","Hibernian","1.34","5.52","8.03","1.01","16.50","1.15","5.50","1.45","2.75","2.21","1.67","3.64","1.29","1.78","2.04"
"70047","10-05-25 16:00","Scotland","Premiership","2024/2025","Dundee Utd","St. Mirren","2.37","3.52","2.90","1.05","10.00","1.32","3.40","2.08","1.80","3.64","1.29","6.97","1.10","1.83","1.98"
"70048","04-05-25 13:00","Scotland","Premiership","2024/2025","Rangers","Celtic","2.97","3.77","2.22","1.01","16.00","1.15","5.50","1.49","2.63","2.21","1.67","3.96","1.25","1.44","2.79"
"70049","03-05-25 16:00","Scotland","Premiership","2024/2025","Dundee FC","Motherwell","2.02","3.43","3.78","1.04","11.00","1.27","3.75","1.95","1.91","3.13","1.37","6.11","1.13","1.74","2.10"
"70050","03-05-25 16:00","Scotland","Premiership","2024/2025","Ross County","Hearts","4.34","3.56","1.85","1.06","9.00","1.35","3.20","2.19","1.73","3.64","1.29","7.73","1.09","1.98","1.83"
"70051","03-05-25 16:00","Scotland","Premiership","2024/2025","St Johnstone","Kilmarnock","2.94","3.34","2.43","1.05","10.00","1.32","3.40","2.19","1.73","3.64","1.29","6.97","1.10","1.83","1.98"
"70052","03-05-25 16:00","Scotland","Premiership","2024/2025","Hibernian","Dundee Utd","1.68","4.07","4.77","1.03","13.00","1.25","4.00","1.86","2.00","3.13","1.37","5.63","1.14","1.83","1.98"
"70053","03-05-25 16:00","Scotland","Premiership","2024/2025","St. Mirren","Aberdeen","2.40","3.37","2.96","1.04","11.00","1.27","3.75","1.95","1.91","3.13","1.37","6.11","1.13","1.70","2.15"
"70054","26-04-25 16:00","Scotland","Premiership","2024/2025","Hearts","Dundee FC","1.55","4.25","5.81","1.04","11.00","1.25","4.00","1.86","2.00","3.13","1.37","5.63","1.14","1.98","1.83"
"70055","26-04-25 16:00","Scotland","Premiership","2024/2025","Kilmarnock","Ross County","1.79","3.48","4.86","1.08","8.00","1.39","3.00","2.29","1.67","4.27","1.22","8.41","1.07","2.10","1.74"
"70056","26-04-25 16:00","Scotland","Premiership","2024/2025","Motherwell","St Johnstone","2.03","3.34","3.85","1.06","9.00","1.32","3.40","2.08","1.80","3.53","1.30","6.97","1.10","1.83","1.98"
"70057","26-04-25 16:00","Scotland","Premiership","2024/2025","Aberdeen","Hibernian","2.46","3.44","2.82","1.04","11.00","1.27","3.75","1.95","1.91","3.13","1.37","6.11","1.13","1.74","2.10"
"70058","26-04-25 16:00","Scotland","Premiership","2024/2025","St. Mirren","Rangers","3.78","4.14","1.83","1.02","15.00","1.22","4.33","1.67","2.20","2.78","1.45","5.11","1.17","1.70","2.15"
"70059","26-04-25 13:30","Scotland","Premiership","2024/2025","Dundee Utd","Celtic","8.10","5.31","1.35","1.01","16.00","1.15","5.50","1.45","2.75","2.19","1.73","3.53","1.30","1.78","2.04"
"70060","13-04-25 15:30","Scotland","Premiership","2024/2025","Hibernian","Dundee FC","1.51","4.55","5.83","1.02","15.00","1.21","4.50","1.62","2.30","2.50","1.54","4.56","1.20","1.78","2.04"
"70061","13-04-25 13:00","Scotland","Premiership","2024/2025","Aberdeen","Rangers","2.48","3.77","2.61","1.03","14.00","1.16","5.26","1.53","2.50","2.29","1.63","4.06","1.24","1.49","2.64"
"70062","12-04-25 16:00","Scotland","Premiership","2024/2025","Dundee Utd","St Johnstone","1.86","3.56","4.27","1.06","9.00","1.35","3.20","2.19","1.73","3.96","1.25","7.73","1.09","1.90","1.90"
"70063","12-04-25 16:00","Scotland","Premiership","2024/2025","Motherwell","Hearts","4.33","3.75","1.80","1.04","11.00","1.27","3.75","1.95","1.91","3.30","1.34","6.11","1.13","1.83","1.98"
"70064","12-04-25 16:00","Scotland","Premiership","2024/2025","St. Mirren","Ross County","1.56","4.04","6.06","1.06","9.00","1.32","3.40","2.19","1.73","3.64","1.29","6.97","1.10","2.15","1.70"
"70065","12-04-25 13:30","Scotland","Premiership","2024/2025","Celtic","Kilmarnock","1.18","7.02","15.00","1.02","19.00","1.13","6.00","1.45","2.75","2.08","1.80","3.30","1.34","1.98","1.83"
"70066","06-04-25 15:30","Scotland","Premiership","2024/2025","Hearts","Dundee Utd","1.76","3.92","4.36","1.05","10.00","1.32","3.40","2.08","1.80","3.53","1.30","6.55","1.11","1.98","1.83"
"70067","06-04-25 13:00","Scotland","Premiership","2024/2025","St Johnstone","Celtic","17.80","7.04","1.17","1.01","16.00","1.16","5.26","1.45","2.77","2.20","1.68","3.77","1.27","2.22","1.66"
"70068","05-04-25 16:00","Scotland","Premiership","2024/2025","Dundee FC","St. Mirren","2.73","3.44","2.53","1.04","11.00","1.27","3.75","1.95","1.91","3.13","1.37","6.11","1.13","1.74","2.10"
"70069","05-04-25 16:00","Scotland","Premiership","2024/2025","Kilmarnock","Motherwell","1.78","3.66","4.58","1.02","10.00","1.32","3.40","2.08","1.80","3.53","1.30","6.55","1.06","1.98","1.83"
"70070","05-04-25 16:00","Scotland","Premiership","2024/2025","Rangers","Hibernian","1.49","4.82","5.81","1.02","14.40","1.17","5.00","1.53","2.50","2.31","1.62","3.96","1.25","1.70","2.15"
"70071","05-04-25 16:00","Scotland","Premiership","2024/2025","Ross County","Aberdeen","3.79","3.54","1.98","1.05","10.00","1.32","3.40","2.08","1.80","3.53","1.30","6.55","1.11","1.83","1.98"
"70072","30-03-25 15:30","Scotland","Premiership","2024/2025","Ross County","Dundee Utd","3.06","3.16","2.45","1.06","9.00","1.35","3.20","2.19","1.73","3.96","1.25","7.73","1.09","1.83","1.98"
"70073","29-03-25 18:30","Scotland","Premiership","2024/2025","Dundee FC","Rangers","6.07","5.82","1.40","1.01","16.00","1.16","5.26","1.45","2.77","2.10","1.73","3.46","1.31","1.74","2.09"
"70074","29-03-25 16:00","Scotland","Premiership","2024/2025","Aberdeen","Motherwell","1.68","3.77","5.27","1.04","11.00","1.27","3.75","1.95","1.91","3.30","1.34","6.11","1.13","1.90","1.90"
"70075","29-03-25 16:00","Scotland","Premiership","2024/2025","Celtic","Hearts","1.22","7.10","10.70","1.02","20.00","1.11","6.50","1.39","3.00","2.08","1.80","3.13","1.37","1.90","1.90"
"70076","29-03-25 16:00","Scotland","Premiership","2024/2025","Hibernian","St Johnstone","1.62","3.92","5.52","1.06","9.00","1.35","3.20","2.19","1.73","3.96","1.25","7.73","1.09","2.10","1.74"
"70077","29-03-25 16:00","Scotland","Premiership","2024/2025","St. Mirren","Kilmarnock","2.33","3.29","3.14","1.06","9.00","1.35","3.20","2.19","1.73","3.96","1.25","7.73","1.09","1.90","1.90"
"70078","16-03-25 16:00","Scotland","Premiership","2024/2025","Dundee Utd","Dundee FC","1.82","3.74","4.24","1.04","11.00","1.27","3.75","1.95","1.91","3.13","1.37","6.11","1.13","1.78","2.04"
"70079","16-03-25 13:30","Scotland","Premiership","2024/2025","Celtic","Rangers","1.65","4.11","4.96","1.02","13.70","1.20","4.56","1.61","2.32","2.47","1.54","4.34","1.22","1.65","2.24"
"70080","15-03-25 16:00","Scotland","Premiership","2024/2025","Hearts","Ross County","1.45","4.40","7.32","1.04","11.00","1.27","3.75","1.95","1.91","3.30","1.34","6.11","1.13","2.10","1.74"
"70081","15-03-25 16:00","Scotland","Premiership","2024/2025","Kilmarnock","Hibernian","2.37","3.33","3.03","1.06","9.00","1.35","3.20","2.19","1.73","3.64","1.29","6.97","1.10","1.83","1.98"
"70082","15-03-25 16:00","Scotland","Premiership","2024/2025","Motherwell","St. Mirren","2.83","3.14","2.63","1.08","8.00","1.39","3.00","2.31","1.62","4.27","1.22","8.41","1.07","1.98","1.83"
"70083","15-03-25 16:00","Scotland","Premiership","2024/2025","St Johnstone","Aberdeen","2.94","3.24","2.48","1.06","9.00","1.32","3.40","2.08","1.80","3.53","1.30","6.97","1.10","1.83","1.98"
"70084","02-03-25 16:00","Scotland","Premiership","2024/2025","Aberdeen","Dundee Utd","2.04","3.46","3.67","1.04","11.00","1.27","3.75","1.95","1.91","3.30","1.34","6.11","1.13","1.78","2.04"
"70085","02-03-25 13:30","Scotland","Premiership","2024/2025","Hibernian","Hearts","2.43","3.33","2.94","1.04","11.00","1.27","3.75","1.95","1.91","3.13","1.37","6.11","1.13","1.68","2.18"
"70086","01-03-25 18:30","Scotland","Premiership","2024/2025","St. Mirren","Celtic","7.97","5.73","1.33","1.02","15.00","1.21","4.50","1.62","2.30","2.59","1.50","4.56","1.20","2.04","1.78"
"70087","01-03-25 16:00","Scotland","Premiership","2024/2025","Dundee FC","St Johnstone","2.32","3.33","3.13","1.05","10.00","1.30","3.50","1.95","1.91","3.30","1.34","6.55","1.11","1.78","2.04"
"70088","01-03-25 16:00","Scotland","Premiership","2024/2025","Rangers","Motherwell","1.14","8.07","20.00","1.02","19.00","1.11","6.50","1.35","3.20","1.95","1.91","3.13","1.37","2.15","1.70"
"70089","01-03-25 16:00","Scotland","Premiership","2024/2025","Ross County","Kilmarnock","3.10","3.10","2.45","1.08","8.00","1.39","3.00","2.31","1.62","4.27","1.22","8.41","1.07","1.98","1.83"
"70090","26-02-25 21:00","Scotland","Premiership","2024/2025","Kilmarnock","Rangers","6.77","4.50","1.46","1.02","15.00","1.21","4.50","1.62","2.30","2.50","1.54","4.56","1.20","1.78","2.04"
"70091","26-02-25 20:45","Scotland","Premiership","2024/2025","Dundee Utd","Hibernian","2.84","3.28","2.53","1.06","9.00","1.39","3.00","2.29","1.67","4.27","1.22","8.41","1.07","1.90","1.90"
"70092","26-02-25 20:45","Scotland","Premiership","2024/2025","Hearts","St. Mirren","1.78","3.78","4.41","1.04","11.00","1.30","3.50","1.95","1.91","3.30","1.34","6.55","1.11","1.90","1.90"
"70093","26-02-25 20:45","Scotland","Premiership","2024/2025","Motherwell","Dundee FC","2.32","3.43","3.03","1.05","10.00","1.30","3.50","2.08","1.80","3.53","1.30","6.55","1.11","1.78","2.04"
"70094","26-02-25 20:45","Scotland","Premiership","2024/2025","St Johnstone","Ross County","2.45","3.10","3.10","1.08","8.00","1.45","2.75","2.31","1.62","4.27","1.22","8.41","1.07","1.98","1.83"
"70095","25-02-25 21:00","Scotland","Premiership","2024/2025","Celtic","Aberdeen","1.14","9.22","14.80","1.01","22.00","1.10","7.00","1.32","3.40","1.86","2.00","2.78","1.45","1.96","1.85"
"70096","23-02-25 13:00","Scotland","Premiership","2024/2025","St Johnstone","Hearts","4.25","3.54","1.87","","","1.25","3.95","1.86","2.01","3.25","1.27","5.82","1.05","1.72","2.12"
"70097","22-02-25 16:00","Scotland","Premiership","2024/2025","Aberdeen","Kilmarnock","2.11","3.31","3.61","1.04","10.00","1.30","3.50","1.95","1.91","3.30","1.34","6.55","1.11","1.78","2.04"
"70098","22-02-25 16:00","Scotland","Premiership","2024/2025","Dundee Utd","Motherwell","1.72","3.65","5.06","1.04","10.00","1.27","3.75","1.95","1.91","3.30","1.34","6.11","1.13","1.90","1.90"
"70099","22-02-25 16:00","Scotland","Premiership","2024/2025","Rangers","St. Mirren","1.18","6.65","17.40","1.01","16.50","1.15","5.50","1.45","2.75","2.19","1.73","3.53","1.30","2.10","1.74"
"70100","22-02-25 16:00","Scotland","Premiership","2024/2025","Ross County","Dundee FC","2.32","3.22","3.22","1.05","9.00","1.32","3.40","2.19","1.73","3.64","1.29","7.73","1.09","1.83","1.98"
"70101","22-02-25 13:30","Scotland","Premiership","2024/2025","Hibernian","Celtic","7.42","4.27","1.46","1.03","13.30","1.19","4.74","1.61","2.32","2.47","1.54","4.34","1.22","1.78","2.03"
"70102","16-02-25 15:00","Scotland","Premiership","2024/2025","St. Mirren","Hibernian","2.79","3.13","2.67","1.06","8.00","1.39","3.00","2.29","1.67","3.96","1.25","7.73","1.09","1.90","1.90"
"70103","16-02-25 13:00","Scotland","Premiership","2024/2025","Hearts","Rangers","5.34","4.14","1.61","1.02","14.30","1.19","4.74","1.57","2.42","2.38","1.58","4.34","1.22","1.65","2.24"
"70104","15-02-25 16:00","Scotland","Premiership","2024/2025","Celtic","Dundee Utd","1.20","7.09","13.20","1.01","17.50","1.13","6.00","1.39","3.00","2.08","1.80","3.30","1.34","2.04","1.78"
"70105","15-02-25 16:00","Scotland","Premiership","2024/2025","Dundee FC","Aberdeen","2.66","3.55","2.54","1.02","13.00","1.25","4.00","1.86","2.00","3.13","1.37","5.63","1.14","1.70","2.15"
"70106","15-02-25 16:00","Scotland","Premiership","2024/2025","Kilmarnock","St Johnstone","1.86","3.46","4.41","1.06","8.00","1.39","3.00","2.29","1.67","3.96","1.25","7.73","1.09","2.04","1.78"
"70107","15-02-25 16:00","Scotland","Premiership","2024/2025","Motherwell","Ross County","2.05","3.07","4.20","1.06","8.00","1.35","3.20","2.29","1.67","3.96","1.25","7.73","1.09","1.90","1.90"
"70108","05-02-25 20:45","Scotland","Premiership","2024/2025","Celtic","Dundee FC","1.08","11.10","29.00","1.01","27.00","1.06","9.00","1.25","4.00","1.67","2.20","2.41","1.57","2.22","1.66"
"70109","02-02-25 16:00","Scotland","Premiership","2024/2025","Motherwell","Celtic","12.50","7.53","1.19","1.01","16.50","1.17","5.00","1.49","2.63","2.21","1.67","3.64","1.29","2.15","1.70"
"70110","02-02-25 16:00","Scotland","Premiership","2024/2025","Rangers","Ross County","1.10","10.30","22.00","1.01","22.00","1.11","6.50","1.35","3.20","1.95","1.91","2.96","1.40","2.42","1.57"
"70111","01-02-25 18:45","Scotland","Premiership","2024/2025","Kilmarnock","Dundee Utd","2.38","3.50","2.89","1.03","11.00","1.30","3.50","2.08","1.80","3.53","1.30","6.55","1.11","1.85","1.96"
"70112","01-02-25 16:00","Scotland","Premiership","2024/2025","Dundee FC","Hearts","3.26","3.41","2.21","1.03","11.00","1.25","4.00","1.95","1.91","3.13","1.37","6.11","1.13","1.74","2.10"
"70113","01-02-25 16:00","Scotland","Premiership","2024/2025","Hibernian","Aberdeen","1.78","3.66","4.58","1.03","11.00","1.25","4.00","1.86","2.00","3.13","1.37","5.63","1.14","1.78","2.04"
"70114","01-02-25 16:00","Scotland","Premiership","2024/2025","St. Mirren","St Johnstone","1.83","3.46","4.58","1.05","9.00","1.35","3.20","2.29","1.67","3.96","1.25","7.73","1.09","2.04","1.78"
"70115","26-01-25 13:00","Scotland","Premiership","2024/2025","Dundee Utd","Rangers","5.56","4.25","1.57","1.03","13.80","1.19","4.74","1.57","2.42","2.38","1.58","4.06","1.24","1.65","2.24"
"70116","25-01-25 16:00","Scotland","Premiership","2024/2025","Aberdeen","St. Mirren","1.99","3.60","3.68","1.01","9.75","1.26","3.32","1.94","1.86","3.25","1.27","6.40","1.05","1.76","2.01"
"70117","25-01-25 16:00","Scotland","Premiership","2024/2025","Hearts","Kilmarnock","1.89","3.60","4.10","1.02","8.30","1.30","3.08","2.01","1.80","3.32","1.26","6.25","1.06","1.85","1.91"
"70118","25-01-25 16:00","Scotland","Premiership","2024/2025","Ross County","Hibernian","3.92","3.54","1.94","1.02","8.10","1.31","3.02","2.06","1.76","3.48","1.24","6.55","1.05","1.86","1.90"
"70119","25-01-25 16:00","Scotland","Premiership","2024/2025","St Johnstone","Motherwell","2.10","3.28","3.69","1.04","7.10","1.36","2.78","2.20","1.67","3.72","1.21","7.20","1.04","1.90","1.86"
"70120","15-01-25 21:00","Scotland","Premiership","2024/2025","Rangers","Aberdeen","1.20","7.09","12.70","1.02","19.00","1.11","6.50","1.39","3.00","2.08","1.80","3.13","1.37","1.90","1.90"
"70121","14-01-25 21:00","Scotland","Premiership","2024/2025","Dundee FC","Celtic","11.70","7.05","1.21","1.01","17.50","1.15","5.50","1.45","2.75","2.19","1.73","3.53","1.30","2.02","1.80"
"70122","12-01-25 16:00","Scotland","Premiership","2024/2025","Aberdeen","Hearts","2.62","3.43","2.65","1.03","11.00","1.27","3.75","1.95","1.91","3.13","1.37","6.11","1.13","1.70","2.15"
"70123","12-01-25 16:00","Scotland","Premiership","2024/2025","Rangers","St Johnstone","1.12","8.70","21.00","1.01","23.00","1.08","8.00","1.30","3.50","1.86","2.00","2.78","1.45","2.10","1.74"
"70124","11-01-25 16:00","Scotland","Premiership","2024/2025","Hibernian","Motherwell","1.50","4.39","6.33","1.02","13.00","1.25","4.00","1.78","2.10","2.96","1.40","5.11","1.17","1.90","1.90"
"70125","11-01-25 16:00","Scotland","Premiership","2024/2025","St. Mirren","Dundee Utd","2.63","3.04","2.91","1.09","7.00","1.45","2.75","2.41","1.57","4.56","1.20","9.01","1.06","1.98","1.83"
"70126","11-01-25 13:30","Scotland","Premiership","2024/2025","Ross County","Celtic","14.70","6.08","1.22","1.01","16.50","1.17","5.00","1.49","2.63","2.31","1.62","3.96","1.25","2.10","1.74"
"70127","09-01-25 21:00","Scotland","Premiership","2024/2025","Dundee FC","Rangers","9.24","6.04","1.29","1.01","16.50","1.15","5.50","1.45","2.75","2.19","1.73","3.53","1.30","1.76","2.06"
"70128","08-01-25 20:45","Scotland","Premiership","2024/2025","Celtic","Dundee Utd","1.14","8.19","18.50","1.02","19.50","1.12","6.28","1.36","3.14","1.99","1.88","3.17","1.36","2.16","1.70"
"70129","08-01-25 20:45","Scotland","Premiership","2024/2025","Kilmarnock","Motherwell","1.85","3.54","4.39","1.05","9.00","1.35","3.20","2.19","1.73","3.64","1.29","7.73","1.09","1.90","1.90"
"70130","05-01-25 16:00","Scotland","Premiership","2024/2025","Celtic","St. Mirren","1.15","9.09","13.10","1.02","18.50","1.14","5.76","1.42","2.88","2.10","1.79","3.38","1.32","2.22","1.66"
"70131","05-01-25 16:00","Scotland","Premiership","2024/2025","Dundee Utd","Hearts","2.48","3.29","2.90","1.05","9.00","1.32","3.40","2.08","1.80","3.64","1.29","6.97","1.10","1.83","1.98"
"70132","05-01-25 16:00","Scotland","Premiership","2024/2025","Kilmarnock","Ross County","1.60","3.93","5.84","1.05","9.00","1.32","3.40","2.08","1.80","3.64","1.29","6.97","1.10","2.10","1.74"
"70133","05-01-25 16:00","Scotland","Premiership","2024/2025","St Johnstone","Dundee FC","2.57","3.32","2.77","1.03","11.00","1.27","3.75","1.95","1.91","3.13","1.37","6.11","1.13","1.70","2.15"
"70134","05-01-25 15:30","Scotland","Premiership","2024/2025","Motherwell","Aberdeen","2.86","3.26","2.53","1.04","10.00","1.30","3.50","2.08","1.80","3.53","1.30","6.55","1.11","1.72","2.12"
"70135","05-01-25 13:00","Scotland","Premiership","2024/2025","Hibernian","Rangers","6.16","4.48","1.54","1.02","14.30","1.20","4.71","1.55","2.49","2.43","1.58","4.18","1.24","1.68","2.18"
"70136","02-01-25 18:30","Scotland","Premiership","2024/2025","Dundee FC","Dundee Utd","3.07","3.48","2.37","1.03","11.50","1.24","4.19","1.81","2.10","2.88","1.43","5.56","1.15","1.60","2.34"
"70137","02-01-25 16:00","Scotland","Premiership","2024/2025","Aberdeen","Ross County","1.73","3.86","5.06","1.02","11.50","1.24","4.19","1.81","2.10","2.88","1.43","5.56","1.15","1.72","2.12"
"70138","02-01-25 16:00","Scotland","Premiership","2024/2025","Hearts","Motherwell","1.72","3.86","5.15","1.03","11.50","1.26","3.93","1.89","2.00","3.23","1.36","6.05","1.14","1.83","1.98"
"70139","02-01-25 16:00","Scotland","Premiership","2024/2025","Kilmarnock","St. Mirren","2.26","3.28","3.48","1.05","9.00","1.33","3.40","2.21","1.73","3.71","1.29","7.24","1.10","1.76","2.06"
"70140","02-01-25 16:00","Scotland","Premiership","2024/2025","Rangers","Celtic","3.30","3.70","2.16","1.02","14.30","1.17","5.29","1.54","2.51","2.31","1.63","4.14","1.24","1.49","2.64"
"70141","02-01-25 16:00","Scotland","Premiership","2024/2025","St Johnstone","Hibernian","4.07","3.51","1.98","1.03","11.50","1.26","3.93","1.89","2.00","3.05","1.39","6.05","1.14","1.70","2.14"
"70142","29-12-24 18:15","Scotland","Premiership","2024/2025","Dundee Utd","Aberdeen","2.34","3.63","3.01","1.03","11.00","1.31","3.50","1.97","1.91","3.37","1.34","6.32","1.13","1.72","2.12"
"70143","29-12-24 16:00","Scotland","Premiership","2024/2025","Celtic","St Johnstone","1.07","10.00","29.00","1.02","22.00","1.09","8.00","1.31","3.50","1.89","2.00","2.82","1.45","2.54","1.52"
"70144","29-12-24 16:00","Scotland","Premiership","2024/2025","Hibernian","Kilmarnock","2.00","3.59","3.89","1.03","11.00","1.28","3.75","1.97","1.91","3.37","1.34","6.32","1.13","1.72","2.12"
"70145","29-12-24 16:00","Scotland","Premiership","2024/2025","Motherwell","Rangers","7.71","5.58","1.38","1.03","13.90","1.21","4.50","1.63","2.30","2.63","1.50","4.68","1.20","1.98","1.83"
"70146","29-12-24 16:00","Scotland","Premiership","2024/2025","Ross County","Hearts","3.10","3.41","2.38","1.05","9.00","1.33","3.40","2.21","1.73","3.71","1.29","7.24","1.10","1.76","2.06"
"70147","29-12-24 16:00","Scotland","Premiership","2024/2025","St. Mirren","Dundee FC","1.91","3.71","4.12","1.03","11.00","1.28","3.75","1.97","1.91","3.37","1.34","6.32","1.13","1.83","1.98"
"70148","26-12-24 18:45","Scotland","Premiership","2024/2025","St. Mirren","Rangers","9.21","5.69","1.33","1.02","13.00","1.23","4.33","1.69","2.20","2.63","1.50","4.68","1.20","1.96","1.85"
"70149","26-12-24 16:00","Scotland","Premiership","2024/2025","Celtic","Motherwell","1.16","9.29","15.00","1.01","21.00","1.10","7.45","1.29","3.72","1.78","2.13","2.66","1.49","1.92","1.88"
"70150","26-12-24 16:00","Scotland","Premiership","2024/2025","Dundee FC","Ross County","1.81","3.72","4.65","1.03","11.00","1.28","3.75","1.97","1.91","3.18","1.37","6.32","1.13","1.83","1.98"
"70151","26-12-24 16:00","Scotland","Premiership","2024/2025","Kilmarnock","Aberdeen","2.61","3.40","2.79","1.04","10.00","1.31","3.50","2.10","1.80","3.37","1.34","6.80","1.11","1.72","2.12"
"70152","26-12-24 16:00","Scotland","Premiership","2024/2025","St Johnstone","Dundee Utd","3.08","3.28","2.46","1.06","8.00","1.40","3.00","2.32","1.67","4.05","1.25","8.08","1.09","1.83","1.98"
"70153","26-12-24 13:30","Scotland","Premiership","2024/2025","Hearts","Hibernian","2.16","3.49","3.49","1.03","11.00","1.28","3.75","1.97","1.91","3.18","1.37","6.32","1.13","1.68","2.18"
"70154","22-12-24 16:00","Scotland","Premiership","2024/2025","Hearts","St Johnstone","1.66","4.01","5.40","1.04","10.00","1.31","3.50","1.97","1.91","3.37","1.34","6.80","1.11","1.90","1.90"
"70155","22-12-24 13:00","Scotland","Premiership","2024/2025","Dundee Utd","Celtic","9.19","5.22","1.36","1.01","16.00","1.14","5.76","1.46","2.75","2.14","1.73","3.55","1.30","1.72","2.12"
"70156","21-12-24 16:00","Scotland","Premiership","2024/2025","Aberdeen","Hibernian","2.01","3.61","3.82","1.03","11.00","1.26","4.00","1.89","2.00","3.01","1.40","5.26","1.17","1.70","2.15"
"70157","21-12-24 16:00","Scotland","Premiership","2024/2025","Rangers","Dundee FC","1.08","14.50","25.00","1.01","23.00","1.08","8.38","1.26","3.93","1.63","2.30","2.43","1.58","2.20","1.68"
"70158","21-12-24 16:00","Scotland","Premiership","2024/2025","Ross County","St. Mirren","2.95","3.18","2.62","1.06","8.00","1.36","3.20","2.32","1.67","4.05","1.25","8.08","1.09","1.90","1.90"
"70159","20-12-24 20:45","Scotland","Premiership","2024/2025","Motherwell","Kilmarnock","2.07","3.50","3.74","1.04","10.00","1.31","3.50","1.97","1.91","3.37","1.34","6.80","1.11","1.78","2.04"
"70160","15-12-24 16:00","Scotland","Premiership","2024/2025","Kilmarnock","Hearts","2.77","3.34","2.66","1.05","9.00","1.36","3.20","2.21","1.73","4.05","1.25","8.08","1.09","1.83","1.98"
"70161","14-12-24 16:00","Scotland","Premiership","2024/2025","Hibernian","Ross County","1.49","4.46","7.20","1.03","11.00","1.26","4.00","1.89","2.00","3.18","1.37","5.81","1.14","2.04","1.78"
"70162","14-12-24 16:00","Scotland","Premiership","2024/2025","Motherwell","Dundee Utd","2.52","3.50","2.83","1.04","10.00","1.33","3.40","2.10","1.80","3.60","1.30","6.80","1.11","1.78","2.04"
"70163","14-12-24 16:00","Scotland","Premiership","2024/2025","St Johnstone","St. Mirren","2.83","3.40","2.58","1.05","9.00","1.40","3.00","2.32","1.67","4.05","1.25","8.08","1.09","1.98","1.83"
"70164","08-12-24 13:00","Scotland","Premiership","2024/2025","Ross County","Rangers","16.20","6.98","1.21","1.01","16.00","1.14","5.76","1.46","2.75","2.14","1.73","3.55","1.30","2.06","1.76"
"70165","07-12-24 16:00","Scotland","Premiership","2024/2025","Aberdeen","St Johnstone","1.64","4.17","5.34","1.02","13.00","1.26","4.00","1.89","2.00","3.01","1.40","5.81","1.14","1.76","2.06"
"70166","07-12-24 16:00","Scotland","Premiership","2024/2025","Celtic","Hibernian","1.21","7.76","13.00","1.02","20.00","1.12","6.50","1.40","3.00","2.10","1.80","3.18","1.37","1.98","1.83"
"70167","07-12-24 16:00","Scotland","Premiership","2024/2025","Dundee Utd","Kilmarnock","1.98","3.54","4.05","1.05","9.00","1.36","3.20","2.21","1.73","4.05","1.25","8.08","1.09","1.98","1.83"
"70168","07-12-24 16:00","Scotland","Premiership","2024/2025","Hearts","Dundee FC","1.66","4.11","5.21","1.02","13.00","1.23","4.33","1.80","2.10","2.82","1.45","5.26","1.17","1.78","2.04"
"70169","07-12-24 16:00","Scotland","Premiership","2024/2025","St. Mirren","Motherwell","1.86","3.56","4.57","1.05","9.00","1.36","3.20","2.21","1.73","4.05","1.25","8.08","1.09","1.98","1.83"
"70170","04-12-24 21:00","Scotland","Premiership","2024/2025","Aberdeen","Celtic","10.80","5.84","1.30","1.02","18.50","1.14","6.00","1.40","3.00","2.10","1.80","3.37","1.34","1.78","2.04"
"70171","04-12-24 20:45","Scotland","Premiership","2024/2025","Dundee FC","Motherwell","2.10","3.48","3.68","1.02","13.00","1.26","4.00","1.89","2.00","3.01","1.40","5.81","1.14","1.70","2.15"
"70172","04-12-24 20:45","Scotland","Premiership","2024/2025","Rangers","Kilmarnock","1.25","6.28","13.60","1.02","15.00","1.18","5.00","1.60","2.38","2.44","1.57","4.37","1.22","2.10","1.74"
"70173","01-12-24 16:00","Scotland","Premiership","2024/2025","Hearts","Aberdeen","1.93","3.69","4.06","1.02","13.00","1.26","4.00","1.89","2.00","3.18","1.37","5.81","1.14","1.78","2.04"
"70174","01-12-24 13:00","Scotland","Premiership","2024/2025","St Johnstone","Rangers","7.45","6.66","1.33","1.02","15.00","1.18","5.00","1.50","2.63","2.34","1.62","4.05","1.25","1.83","1.98"
"70175","30-11-24 16:00","Scotland","Premiership","2024/2025","Celtic","Ross County","1.06","11.00","29.00","1.01","24.00","1.07","9.00","1.28","3.75","1.69","2.20","2.53","1.54","2.42","1.57"
"70176","30-11-24 16:00","Scotland","Premiership","2024/2025","Dundee Utd","St. Mirren","2.36","3.49","3.08","1.05","9.00","1.33","3.40","2.21","1.73","3.71","1.29","7.24","1.10","1.83","1.98"
"70177","30-11-24 16:00","Scotland","Premiership","2024/2025","Kilmarnock","Dundee FC","2.02","3.51","3.92","1.03","11.00","1.26","4.00","1.89","2.00","3.18","1.37","5.81","1.14","1.68","2.18"
"70178","30-11-24 16:00","Scotland","Premiership","2024/2025","Motherwell","Hibernian","2.88","3.34","2.57","1.03","11.00","1.28","3.75","1.97","1.91","3.18","1.37","6.32","1.13","1.74","2.10"
"70179","26-11-24 20:45","Scotland","Premiership","2024/2025","Hibernian","Aberdeen","2.64","3.28","2.85","1.03","10.50","1.29","3.66","1.89","2.00","3.23","1.36","6.51","1.12","1.70","2.14"
"70180","23-11-24 20:45","Scotland","Premiership","2024/2025","Hearts","Celtic","6.98","4.64","1.48","1.02","14.90","1.18","5.00","1.60","2.38","2.44","1.57","4.37","1.22","1.68","2.18"
"70181","23-11-24 18:45","Scotland","Premiership","2024/2025","Dundee FC","Hibernian","2.94","3.37","2.50","1.03","11.00","1.28","3.75","1.97","1.91","3.18","1.37","6.32","1.13","1.74","2.10"
"70182","23-11-24 17:00","Scotland","Premiership","2024/2025","St. Mirren","Aberdeen","2.70","3.42","2.55","","","1.26","3.14","1.95","1.85","3.14","1.26","5.80","1.06","1.72","2.07"
"70183","23-11-24 16:45","Scotland","Premiership","2024/2025","Rangers","Dundee Utd","1.24","6.35","11.50","1.01","16.50","1.10","4.85","1.42","2.45","2.22","1.66","3.42","1.22","1.96","1.80"
"70184","23-11-24 16:15","Scotland","Premiership","2024/2025","Ross County","Motherwell","2.73","3.04","2.94","1.09","7.00","1.40","3.00","2.34","1.62","4.37","1.22","8.82","1.07","1.98","1.83"
"70185","23-11-24 16:00","Scotland","Premiership","2024/2025","St Johnstone","Kilmarnock","3.32","3.54","2.13","1.01","7.60","1.24","3.26","1.87","1.93","2.86","1.31","4.90","1.09","1.69","2.11"
"70186","10-11-24 18:00","Scotland","Premiership","2024/2025","Rangers","Hearts","1.41","4.93","8.29","1.02","14.90","1.18","5.00","1.54","2.50","2.34","1.62","4.05","1.25","1.78","2.04"
"70187","10-11-24 16:00","Scotland","Premiership","2024/2025","Kilmarnock","Celtic","11.30","6.25","1.27","1.01","16.00","1.17","5.24","1.50","2.62","2.24","1.67","3.87","1.27","1.94","1.86"
"70188","09-11-24 18:30","Scotland","Premiership","2024/2025","Aberdeen","Dundee FC","1.82","3.70","4.61","1.03","11.00","1.28","3.75","1.97","1.91","3.37","1.34","6.32","1.13","1.76","2.06"
"70189","09-11-24 16:00","Scotland","Premiership","2024/2025","Dundee Utd","Ross County","1.84","3.48","4.86","1.05","9.00","1.36","3.20","2.21","1.73","4.05","1.25","8.08","1.09","1.98","1.83"
"70190","09-11-24 16:00","Scotland","Premiership","2024/2025","Hibernian","St. Mirren","1.81","3.57","4.93","1.04","10.00","1.31","3.50","2.10","1.80","3.37","1.34","6.80","1.11","1.83","1.98"
"70191","09-11-24 16:00","Scotland","Premiership","2024/2025","Motherwell","St Johnstone","2.18","3.52","3.42","1.04","10.00","1.33","3.40","2.10","1.80","3.60","1.30","6.80","1.11","1.83","1.98"
"70192","03-11-24 16:00","Scotland","Premiership","2024/2025","Dundee FC","Kilmarnock","2.70","3.50","2.63","1.04","10.00","1.31","3.50","2.10","1.80","3.60","1.30","6.80","1.11","1.78","2.04"
"70193","03-11-24 16:00","Scotland","Premiership","2024/2025","Hibernian","Dundee Utd","1.83","3.72","4.50","1.04","10.00","1.31","3.50","1.97","1.91","3.37","1.34","6.80","1.11","1.83","1.98"
"70194","02-11-24 16:00","Scotland","Premiership","2024/2025","St Johnstone","Hearts","3.89","3.59","2.00","1.03","11.00","1.28","3.75","1.97","1.91","3.18","1.37","6.32","1.13","1.78","2.04"
"70195","02-11-24 16:00","Scotland","Premiership","2024/2025","St. Mirren","Ross County","1.73","3.57","5.60","1.06","8.00","1.36","3.20","2.32","1.67","4.05","1.25","8.08","1.09","2.10","1.74"
"70196","30-10-24 21:00","Scotland","Premiership","2024/2025","Aberdeen","Rangers","4.16","3.60","1.93","1.03","11.00","1.26","4.00","1.89","2.00","3.18","1.37","5.81","1.14","1.74","2.10"
"70197","30-10-24 20:45","Scotland","Premiership","2024/2025","Celtic","Dundee FC","1.20","7.22","16.00","1.01","23.00","1.09","8.00","1.31","3.50","1.80","2.10","2.63","1.50","1.83","1.98"
"70198","30-10-24 20:45","Scotland","Premiership","2024/2025","Dundee Utd","Motherwell","1.94","3.66","4.07","1.03","11.00","1.28","3.75","1.97","1.91","3.37","1.34","6.32","1.13","1.76","2.06"
"70199","30-10-24 20:45","Scotland","Premiership","2024/2025","Hearts","Kilmarnock","1.83","3.72","4.50","1.03","11.00","1.31","3.50","1.97","1.91","3.37","1.34","6.80","1.11","1.90","1.90"
"70200","30-10-24 20:45","Scotland","Premiership","2024/2025","Ross County","Hibernian","4.29","3.48","1.94","1.05","9.00","1.36","3.20","2.21","1.73","3.71","1.29","8.08","1.09","1.98","1.83"
"70201","30-10-24 20:45","Scotland","Premiership","2024/2025","St. Mirren","St Johnstone","2.00","3.49","4.00","1.05","9.00","1.33","3.40","2.21","1.73","3.71","1.29","7.24","1.10","1.90","1.90"
"70202","27-10-24 16:00","Scotland","Premiership","2024/2025","Motherwell","Celtic","9.17","8.09","1.25","1.02","20.00","1.14","6.00","1.40","3.00","2.10","1.80","3.18","1.37","1.90","1.90"
"70203","27-10-24 16:00","Scotland","Premiership","2024/2025","Rangers","St. Mirren","1.31","5.44","11.30","1.02","14.30","1.20","4.71","1.58","2.41","2.52","1.54","4.48","1.22","1.99","1.82"
"70204","27-10-24 13:00","Scotland","Premiership","2024/2025","Hibernian","Hearts","2.37","3.34","3.18","1.03","10.50","1.29","3.66","2.02","1.87","3.23","1.36","6.51","1.12","1.75","2.09"
"70205","26-10-24 18:30","Scotland","Premiership","2024/2025","Aberdeen","Dundee Utd","1.80","3.80","4.62","1.03","11.50","1.26","3.93","1.89","2.00","3.23","1.36","6.05","1.14","1.79","2.03"
"70206","26-10-24 16:00","Scotland","Premiership","2024/2025","Dundee FC","St Johnstone","1.81","3.72","4.65","1.03","11.00","1.26","4.00","1.89","2.00","3.18","1.37","5.81","1.14","1.78","2.04"
"70207","26-10-24 16:00","Scotland","Premiership","2024/2025","Ross County","Kilmarnock","3.92","3.51","2.02","1.05","9.00","1.36","3.20","2.21","1.73","4.05","1.25","8.08","1.09","1.98","1.83"
"70208","20-10-24 13:00","Scotland","Premiership","2024/2025","Kilmarnock","Rangers","6.12","4.31","1.56","1.03","13.90","1.20","4.71","1.58","2.41","2.43","1.58","4.18","1.24","1.68","2.18"
"70209","19-10-24 16:00","Scotland","Premiership","2024/2025","Celtic","Aberdeen","1.23","7.31","12.10","1.02","20.00","1.12","6.50","1.36","3.20","1.97","1.91","3.18","1.37","1.90","1.90"
"70210","19-10-24 16:00","Scotland","Premiership","2024/2025","Dundee Utd","Hibernian","2.88","3.34","2.57","1.04","10.00","1.31","3.50","1.97","1.91","3.37","1.34","6.80","1.11","1.78","2.04"
"70211","19-10-24 16:00","Scotland","Premiership","2024/2025","Hearts","St. Mirren","1.81","3.87","4.47","1.03","11.00","1.28","3.75","1.97","1.91","3.37","1.34","6.32","1.13","1.83","1.98"
"70212","19-10-24 16:00","Scotland","Premiership","2024/2025","Motherwell","Dundee FC","2.02","3.92","3.51","1.02","13.00","1.23","4.33","1.80","2.10","2.82","1.45","5.26","1.17","1.65","2.25"
"70213","19-10-24 16:00","Scotland","Premiership","2024/2025","St Johnstone","Ross County","2.62","3.28","2.87","1.06","8.00","1.40","3.00","2.24","1.67","4.37","1.22","8.82","1.07","1.98","1.83"
"70214","06-10-24 21:00","Scotland","Premiership","2024/2025","Rangers","St Johnstone","1.09","12.70","24.00","1.01","24.00","1.07","9.00","1.26","4.00","1.69","2.20","2.53","1.54","2.15","1.70"
"70215","06-10-24 16:00","Scotland","Premiership","2024/2025","Aberdeen","Hearts","1.83","3.91","4.27","1.03","10.90","1.25","4.05","1.85","2.05","2.90","1.43","5.32","1.17","1.81","2.01"
"70216","06-10-24 13:00","Scotland","Premiership","2024/2025","Ross County","Celtic","13.00","7.31","1.22","1.02","20.00","1.13","6.28","1.43","2.88","2.02","1.87","3.23","1.36","1.99","1.82"
"70217","05-10-24 16:00","Scotland","Premiership","2024/2025","Dundee FC","Kilmarnock","2.25","3.78","3.06","1.03","11.00","1.31","3.50","1.97","1.91","3.37","1.34","6.32","1.13","1.78","2.04"
"70218","05-10-24 16:00","Scotland","Premiership","2024/2025","Hibernian","Motherwell","1.85","3.70","4.45","1.03","11.00","1.28","3.75","1.97","1.91","3.37","1.34","6.32","1.13","1.83","1.98"
"70219","05-10-24 16:00","Scotland","Premiership","2024/2025","St. Mirren","Dundee Utd","2.35","3.38","3.17","1.04","10.00","1.33","3.40","2.21","1.73","3.71","1.29","7.24","1.10","1.83","1.98"
"70220","29-09-24 13:00","Scotland","Premiership","2024/2025","Rangers","Hibernian","1.33","5.37","10.60","1.02","14.90","1.17","5.24","1.55","2.49","2.33","1.62","4.18","1.24","1.94","1.86"
"70221","28-09-24 18:45","Scotland","Premiership","2024/2025","St Johnstone","Celtic","18.10","8.54","1.16","1.02","21.00","1.10","7.00","1.33","3.40","1.89","2.00","3.01","1.40","2.04","1.78"
"70222","28-09-24 16:00","Scotland","Premiership","2024/2025","Dundee FC","Aberdeen","3.08","3.90","2.20","1.03","11.00","1.28","3.75","1.89","2.00","3.18","1.37","5.81","1.14","1.74","2.10"
"70223","28-09-24 16:00","Scotland","Premiership","2024/2025","Hearts","Ross County","1.65","4.11","5.40","1.03","11.00","1.28","3.75","1.97","1.91","3.37","1.34","6.32","1.13","1.98","1.83"
"70224","28-09-24 16:00","Scotland","Premiership","2024/2025","Kilmarnock","Dundee Utd","2.11","3.50","3.61","1.05","9.00","1.36","3.20","2.21","1.73","3.71","1.29","7.24","1.10","1.90","1.90"
"70225","28-09-24 16:00","Scotland","Premiership","2024/2025","Motherwell","St. Mirren","2.18","3.42","3.52","1.05","9.00","1.36","3.20","2.21","1.73","3.71","1.29","8.08","1.09","1.90","1.90"
"70226","21-09-24 16:00","Scotland","Premiership","2024/2025","Ross County","St Johnstone","1.90","3.59","4.31","1.05","9.00","1.40","3.00","2.32","1.67","4.05","1.25","8.08","1.09","2.04","1.78"
"70227","21-09-24 16:00","Scotland","Premiership","2024/2025","St. Mirren","Hearts","2.82","3.34","2.62","1.05","9.00","1.33","3.40","2.21","1.73","3.71","1.29","7.24","1.10","1.83","1.98"
"70228","15-09-24 13:00","Scotland","Premiership","2024/2025","Dundee Utd","Rangers","6.38","4.45","1.53","1.02","13.00","1.23","4.33","1.69","2.20","2.82","1.45","5.26","1.17","1.76","2.06"
"70229","14-09-24 16:00","Scotland","Premiership","2024/2025","Aberdeen","Motherwell","1.67","3.89","5.56","1.04","10.00","1.28","3.75","1.97","1.91","3.37","1.34","6.32","1.13","1.90","1.90"
"70230","14-09-24 16:00","Scotland","Premiership","2024/2025","Celtic","Hearts","1.14","9.38","19.10","1.02","23.00","1.10","7.00","1.33","3.40","1.89","2.00","2.82","1.45","2.04","1.78"
"70231","14-09-24 16:00","Scotland","Premiership","2024/2025","Hibernian","St Johnstone","1.63","4.24","5.43","1.02","13.00","1.23","4.33","1.80","2.10","2.82","1.45","5.26","1.17","1.83","1.98"
"70232","14-09-24 16:00","Scotland","Premiership","2024/2025","Ross County","Dundee FC","2.89","3.72","2.38","1.02","13.00","1.26","4.00","1.89","2.00","3.01","1.40","5.81","1.14","1.70","2.15"
"70233","14-09-24 16:00","Scotland","Premiership","2024/2025","St. Mirren","Kilmarnock","2.43","3.31","3.10","1.06","8.00","1.40","3.00","2.34","1.62","4.37","1.22","8.82","1.07","1.98","1.83"
"70234","01-09-24 16:00","Scotland","Premiership","2024/2025","Hearts","Dundee Utd","1.91","3.71","4.12","1.03","11.00","1.28","3.75","1.97","1.91","3.37","1.34","6.32","1.13","1.83","1.98"
"70235","01-09-24 16:00","Scotland","Premiership","2024/2025","Kilmarnock","Hibernian","2.64","3.21","2.90","1.05","9.00","1.33","3.40","2.10","1.80","3.60","1.30","7.24","1.10","1.72","2.12"
"70236","01-09-24 13:30","Scotland","Premiership","2024/2025","Celtic","Rangers","1.70","4.01","5.07","1.02","14.40","1.18","5.00","1.60","2.38","2.44","1.57","4.37","1.22","1.57","2.41"
"70237","31-08-24 18:45","Scotland","Premiership","2024/2025","Ross County","Aberdeen","4.61","3.70","1.82","1.03","11.50","1.26","3.93","1.89","2.00","3.23","1.36","6.05","1.14","1.76","2.06"
"70238","31-08-24 16:00","Scotland","Premiership","2024/2025","Dundee FC","St. Mirren","2.36","3.49","3.08","1.04","10.00","1.31","3.50","1.97","1.91","3.37","1.34","6.80","1.11","1.78","2.04"
"70239","31-08-24 16:00","Scotland","Premiership","2024/2025","St Johnstone","Motherwell","3.08","3.59","2.31","1.05","9.00","1.36","3.20","2.21","1.73","3.71","1.29","7.24","1.10","1.83","1.98"
"70240","25-08-24 16:00","Scotland","Premiership","2024/2025","Aberdeen","Kilmarnock","1.78","3.50","5.33","1.05","9.00","1.33","3.40","2.10","1.80","3.60","1.30","7.24","1.10","1.98","1.83"
"70241","25-08-24 16:00","Scotland","Premiership","2024/2025","Motherwell","Hearts","3.17","3.38","2.35","1.04","10.00","1.31","3.50","1.97","1.91","3.37","1.34","6.80","1.11","1.80","2.02"
"70242","25-08-24 13:00","Scotland","Premiership","2024/2025","St. Mirren","Celtic","11.60","7.11","1.24","1.02","15.50","1.17","5.24","1.50","2.62","2.24","1.67","3.87","1.27","2.02","1.80"
"70243","24-08-24 16:00","Scotland","Premiership","2024/2025","Dundee Utd","St Johnstone","1.80","4.01","4.32","1.03","11.00","1.28","3.75","1.97","1.91","3.37","1.34","6.32","1.13","1.83","1.98"
"70244","24-08-24 16:00","Scotland","Premiership","2024/2025","Hibernian","Dundee FC","2.01","3.71","3.71","1.02","13.00","1.23","4.33","1.80","2.10","2.82","1.45","5.26","1.17","1.65","2.25"
"70245","24-08-24 16:00","Scotland","Premiership","2024/2025","Rangers","Ross County","1.17","8.00","14.50","1.02","22.00","1.07","6.30","1.32","2.98","1.91","1.91","2.84","1.35","1.98","1.79"
"70246","11-08-24 16:00","Scotland","Premiership","2024/2025","Aberdeen","St. Mirren","1.73","3.82","5.09","1.03","11.50","1.26","3.93","1.89","2.00","3.23","1.36","6.05","1.14","1.83","1.98"
"70247","11-08-24 16:00","Scotland","Premiership","2024/2025","Kilmarnock","St Johnstone","1.63","4.35","5.18","1.02","13.00","1.26","4.00","1.89","2.00","3.01","1.40","5.81","1.14","1.83","1.98"
"70248","11-08-24 13:30","Scotland","Premiership","2024/2025","Hibernian","Celtic","9.28","5.79","1.33","1.02","24.00","1.11","6.81","1.34","3.35","1.89","2.00","3.05","1.39","1.62","2.30"
"70249","10-08-24 18:30","Scotland","Premiership","2024/2025","Dundee FC","Hearts","3.18","3.48","2.30","1.01","13.50","1.21","4.54","1.74","2.20","2.70","1.48","5.03","1.18","1.59","2.37"
"70250","10-08-24 16:00","Scotland","Premiership","2024/2025","Rangers","Motherwell","1.20","8.28","12.60","1.02","23.00","1.12","6.50","1.40","3.00","2.10","1.80","3.18","1.37","1.98","1.83"
"70251","10-08-24 16:00","Scotland","Premiership","2024/2025","Ross County","Dundee Utd","3.31","3.46","2.25","1.03","11.00","1.28","3.75","1.97","1.91","3.37","1.34","6.32","1.13","1.74","2.10"
"70252","05-08-24 21:00","Scotland","Premiership","2024/2025","St Johnstone","Aberdeen","3.99","3.68","1.94","1.03","11.50","1.26","3.93","1.89","2.00","3.05","1.39","6.05","1.14","1.72","2.12"
"70253","04-08-24 17:30","Scotland","Premiership","2024/2025","Celtic","Kilmarnock","1.14","9.38","19.80","1.02","27.00","1.10","7.33","1.33","3.56","1.89","2.00","2.88","1.43","2.10","1.74"
"70254","04-08-24 16:00","Scotland","Premiership","2024/2025","St. Mirren","Hibernian","2.84","3.30","2.63","1.03","10.50","1.29","3.66","1.89","2.00","3.23","1.36","6.51","1.12","1.68","2.18"
"70255","04-08-24 14:30","Scotland","Premiership","2024/2025","Dundee Utd","Dundee FC","2.46","3.18","3.18","1.05","9.00","1.36","3.20","2.21","1.73","4.05","1.25","8.08","1.09","1.83","1.98"
"70256","03-08-24 16:00","Scotland","Premiership","2024/2025","Motherwell","Ross County","2.25","3.18","3.61","1.06","8.38","1.34","3.35","2.12","1.79","3.87","1.27","7.73","1.09","1.76","2.06"
"70257","03-08-24 13:30","Scotland","Premiership","2024/2025","Hearts","Rangers","4.52","4.23","1.73","1.01","17.50","1.17","5.24","1.55","2.49","2.33","1.62","4.18","1.24","1.59","2.37"
"70258","19-05-24 16:00","Scotland","Premiership","2023/2024","Livingston","Hibernian","4.09","4.29","1.79","1.02","15.00","1.18","5.00","1.54","2.50","2.34","1.62","4.05","1.25","1.57","2.42"
"70259","19-05-24 16:00","Scotland","Premiership","2023/2024","Motherwell","St Johnstone","2.24","3.66","3.16","1.02","13.00","1.26","4.00","1.89","2.00","3.01","1.40","5.81","1.14","1.70","2.15"
"70260","19-05-24 16:00","Scotland","Premiership","2023/2024","Ross County","Aberdeen","2.34","4.07","2.75","1.03","13.90","1.21","4.50","1.63","2.30","2.63","1.50","4.68","1.20","1.62","2.31"
"70261","18-05-24 13:30","Scotland","Premiership","2023/2024","Celtic","St. Mirren","1.18","7.66","16.40","1.01","23.00","1.09","8.00","1.31","3.50","1.80","2.10","2.63","1.50","1.83","1.98"
"70262","18-05-24 13:30","Scotland","Premiership","2023/2024","Dundee FC","Kilmarnock","2.31","3.70","3.00","1.01","12.40","1.23","4.33","1.80","2.10","2.82","1.45","5.26","1.17","1.62","2.31"
"70263","18-05-24 13:30","Scotland","Premiership","2023/2024","Hearts","Rangers","4.22","4.43","1.74","1.02","19.00","1.14","6.00","1.40","3.00","2.10","1.80","3.37","1.34","1.48","2.68"
"70264","15-05-24 20:45","Scotland","Premiership","2023/2024","Aberdeen","Livingston","1.57","4.28","6.12","1.01","13.50","1.21","4.50","1.69","2.20","2.63","1.50","4.68","1.20","1.78","2.04"
"70265","15-05-24 20:45","Scotland","Premiership","2023/2024","Hibernian","Motherwell","2.17","3.82","3.20","1.02","14.40","1.18","5.00","1.63","2.30","2.53","1.54","4.37","1.22","1.52","2.54"
"70266","15-05-24 20:45","Scotland","Premiership","2023/2024","St Johnstone","Ross County","2.33","3.30","3.30","1.06","8.00","1.40","3.00","2.32","1.67","4.05","1.25","8.08","1.09","1.98","1.83"
"70267","15-05-24 20:45","Scotland","Premiership","2023/2024","St. Mirren","Hearts","2.62","3.34","2.82","1.04","10.00","1.31","3.50","1.97","1.91","3.37","1.34","6.80","1.11","1.74","2.10"
"70268","15-05-24 20:30","Scotland","Premiership","2023/2024","Kilmarnock","Celtic","7.97","6.45","1.33","1.02","19.00","1.13","6.19","1.38","3.10","2.04","1.85","3.09","1.38","1.72","2.13"
"70269","14-05-24 20:30","Scotland","Premiership","2023/2024","Rangers","Dundee FC","1.20","7.58","14.50","1.01","24.00","1.09","8.00","1.28","3.75","1.75","2.10","2.63","1.50","1.78","2.04"
"70270","12-05-24 16:00","Scotland","Premiership","2023/2024","Hibernian","Aberdeen","2.06","3.69","3.59","1.03","13.40","1.21","4.50","1.63","2.30","2.53","1.54","4.68","1.20","1.57","2.42"
"70271","11-05-24 16:00","Scotland","Premiership","2023/2024","Livingston","St Johnstone","2.84","3.25","2.66","1.05","9.00","1.36","3.20","2.21","1.73","4.05","1.25","8.08","1.09","1.85","1.96"
"70272","11-05-24 16:00","Scotland","Premiership","2023/2024","Ross County","Motherwell","2.18","3.56","3.36","1.03","11.00","1.28","3.75","1.97","1.91","3.18","1.37","6.32","1.13","1.70","2.16"
"70273","11-05-24 16:00","Scotland","Premiership","2023/2024","Hearts","Dundee FC","1.62","4.46","5.15","1.02","14.80","1.18","5.00","1.60","2.38","2.44","1.57","4.37","1.22","1.65","2.25"
"70274","11-05-24 16:00","Scotland","Premiership","2023/2024","St. Mirren","Kilmarnock","2.46","3.08","3.28","1.09","7.00","1.46","2.75","2.44","1.57","4.37","1.22","9.48","1.06","1.98","1.83"
"70275","11-05-24 13:30","Scotland","Premiership","2023/2024","Celtic","Rangers","1.82","4.03","4.23","1.02","15.00","1.17","5.15","1.48","2.70","2.17","1.70","3.93","1.26","1.50","2.61"
"70276","05-05-24 14:00","Scotland","Premiership","2023/2024","Rangers","Kilmarnock","1.24","6.63","12.60","1.02","14.30","1.21","4.64","1.57","2.45","2.46","1.56","4.24","1.23","2.04","1.78"
"70277","04-05-24 16:00","Scotland","Premiership","2023/2024","Aberdeen","St Johnstone","1.70","3.68","5.62","1.05","9.37","1.34","3.34","2.23","1.72","3.89","1.26","7.77","1.09","2.10","1.73"
"70278","04-05-24 16:00","Scotland","Premiership","2023/2024","Motherwell","Livingston","1.72","4.05","4.81","1.03","11.00","1.31","3.50","1.97","1.91","3.37","1.34","6.32","1.13","1.90","1.90"
"70279","04-05-24 16:00","Scotland","Premiership","2023/2024","Ross County","Hibernian","3.26","3.26","2.37","1.03","11.00","1.26","4.00","1.89","2.00","3.01","1.40","5.81","1.14","1.65","2.25"
"70280","04-05-24 16:00","Scotland","Premiership","2023/2024","Celtic","Hearts","1.25","6.63","11.80","1.02","21.00","1.10","7.00","1.33","3.40","1.89","2.00","2.82","1.45","1.78","2.04"
"70281","04-05-24 16:00","Scotland","Premiership","2023/2024","Dundee FC","St. Mirren","2.77","3.07","2.86","1.09","7.00","1.46","2.75","2.44","1.57","4.68","1.20","9.48","1.06","2.04","1.78"
"70282","28-04-24 16:00","Scotland","Premiership","2023/2024","Dundee FC","Celtic","10.50","7.61","1.24","1.02","22.00","1.10","7.22","1.31","3.50","1.83","2.06","2.74","1.47","1.76","2.07"
"70283","28-04-24 13:30","Scotland","Premiership","2023/2024","St. Mirren","Rangers","9.44","4.83","1.38","1.03","11.30","1.27","3.87","1.83","2.06","3.09","1.38","5.64","1.15","2.09","1.74"
"70284","27-04-24 16:00","Scotland","Premiership","2023/2024","Aberdeen","Motherwell","2.23","3.45","3.35","1.03","11.00","1.28","3.75","1.97","1.91","3.18","1.37","6.32","1.13","1.74","2.10"
"70285","27-04-24 16:00","Scotland","Premiership","2023/2024","Livingston","Ross County","3.25","3.45","2.28","1.04","10.00","1.33","3.40","2.21","1.73","3.71","1.29","7.24","1.10","1.83","1.98"
"70286","27-04-24 16:00","Scotland","Premiership","2023/2024","St Johnstone","Hibernian","3.56","3.36","2.18","1.06","8.00","1.36","3.20","2.32","1.67","4.05","1.25","8.08","1.09","1.98","1.83"
"70287","27-04-24 16:00","Scotland","Premiership","2023/2024","Kilmarnock","Hearts","2.35","3.38","3.17","1.04","10.00","1.31","3.50","2.10","1.80","3.37","1.34","6.80","1.11","1.78","2.04"
"70288","17-04-24 21:00","Scotland","Premiership","2023/2024","Dundee FC","Rangers","10.30","6.35","1.28","1.02","21.00","1.16","5.50","1.46","2.75","2.21","1.73","3.60","1.30","1.90","1.90"
"70289","14-04-24 13:00","Scotland","Premiership","2023/2024","Ross County","Rangers","13.20","8.00","1.20","1.02","23.00","1.16","5.50","1.46","2.75","2.21","1.73","3.60","1.30","1.98","1.83"
"70290","13-04-24 16:00","Scotland","Premiership","2023/2024","Aberdeen","Dundee FC","1.95","3.58","4.09","1.03","11.00","1.31","3.50","1.97","1.91","3.37","1.34","6.80","1.11","1.83","1.98"
"70291","13-04-24 16:00","Scotland","Premiership","2023/2024","Celtic","St. Mirren","1.19","7.83","15.20","1.02","20.00","1.18","5.00","1.50","2.63","2.34","1.62","4.05","1.25","2.15","1.70"
"70292","13-04-24 16:00","Scotland","Premiership","2023/2024","Hearts","Livingston","1.50","4.89","6.18","1.02","13.00","1.26","4.00","1.89","2.00","3.01","1.40","5.81","1.14","1.98","1.83"
"70293","13-04-24 16:00","Scotland","Premiership","2023/2024","Motherwell","Hibernian","2.86","3.48","2.50","1.01","14.50","1.21","4.50","1.69","2.20","2.63","1.50","4.68","1.20","1.57","2.42"
"70294","13-04-24 16:00","Scotland","Premiership","2023/2024","St Johnstone","Kilmarnock","3.86","3.36","2.09","1.09","7.00","1.50","2.63","2.63","1.50","5.26","1.17","10.60","1.05","2.25","1.65"
"70295","07-04-24 13:00","Scotland","Premiership","2023/2024","Rangers","Celtic","2.49","3.67","2.77","1.01","13.50","1.22","4.47","1.76","2.17","2.74","1.47","5.10","1.18","1.58","2.38"
"70296","06-04-24 16:00","Scotland","Premiership","2023/2024","Dundee FC","Motherwell","2.28","3.34","3.34","1.04","10.00","1.31","3.50","2.10","1.80","3.37","1.34","6.80","1.11","1.78","2.04"
"70297","06-04-24 16:00","Scotland","Premiership","2023/2024","Hibernian","St Johnstone","1.57","4.28","6.12","1.03","10.30","1.30","3.61","1.92","1.97","3.27","1.35","6.60","1.12","2.01","1.81"
"70298","06-04-24 16:00","Scotland","Premiership","2023/2024","Kilmarnock","Ross County","1.54","4.03","7.28","1.05","9.00","1.33","3.40","2.10","1.80","3.60","1.30","6.80","1.11","2.10","1.74"
"70299","06-04-24 16:00","Scotland","Premiership","2023/2024","Livingston","Aberdeen","4.24","3.43","1.97","1.05","9.00","1.36","3.20","2.32","1.67","4.05","1.25","8.08","1.09","1.98","1.83"
"70300","06-04-24 16:00","Scotland","Premiership","2023/2024","St. Mirren","Hearts","2.41","3.14","3.30","1.06","8.00","1.40","3.00","2.32","1.67","4.05","1.25","8.08","1.09","1.90","1.90"
"70301","31-03-24 13:00","Scotland","Premiership","2023/2024","Livingston","Celtic","12.70","8.21","1.20","1.02","23.00","1.15","5.67","1.38","3.10","2.15","1.77","3.27","1.35","1.92","1.88"
"70302","30-03-24 16:00","Scotland","Premiership","2023/2024","Aberdeen","Ross County","1.56","4.05","6.78","1.05","9.00","1.33","3.40","2.10","1.80","3.71","1.29","7.24","1.10","2.10","1.74"
"70303","30-03-24 16:00","Scotland","Premiership","2023/2024","Hearts","Kilmarnock","2.28","3.45","3.25","1.04","10.00","1.33","3.40","2.10","1.80","3.60","1.30","6.80","1.11","1.83","1.98"
"70304","30-03-24 16:00","Scotland","Premiership","2023/2024","Motherwell","St. Mirren","2.57","3.43","2.82","1.05","9.00","1.40","3.00","2.32","1.67","4.05","1.25","8.08","1.09","1.98","1.83"
"70305","30-03-24 16:00","Scotland","Premiership","2023/2024","Rangers","Hibernian","1.26","7.12","9.58","1.02","23.00","1.16","5.50","1.46","2.75","2.21","1.73","3.60","1.30","1.90","1.90"
"70306","30-03-24 16:00","Scotland","Premiership","2023/2024","St Johnstone","Dundee FC","3.08","3.33","2.43","1.06","8.00","1.46","2.75","2.44","1.57","4.68","1.20","9.48","1.06","2.04","1.78"
"70307","16-03-24 16:00","Scotland","Premiership","2023/2024","Celtic","St Johnstone","1.14","8.94","22.00","1.02","25.00","1.14","6.00","1.40","3.00","2.10","1.80","3.37","1.34","2.18","1.69"
"70308","16-03-24 16:00","Scotland","Premiership","2023/2024","Hibernian","Livingston","1.49","4.17","7.95","1.04","10.00","1.28","3.75","1.97","1.91","3.37","1.34","6.32","1.13","2.04","1.78"
"70309","16-03-24 16:00","Scotland","Premiership","2023/2024","Kilmarnock","St. Mirren","2.10","2.98","4.45","1.11","6.00","1.60","2.38","2.82","1.45","5.81","1.14","11.70","1.04","2.25","1.65"
"70310","16-03-24 16:00","Scotland","Premiership","2023/2024","Motherwell","Aberdeen","2.46","3.34","3.04","1.04","10.00","1.31","3.50","2.10","1.80","3.60","1.30","6.80","1.11","1.78","2.04"
"70311","16-03-24 16:00","Scotland","Premiership","2023/2024","Ross County","Hearts","4.41","3.66","1.86","1.04","10.00","1.33","3.40","2.10","1.80","3.60","1.30","6.80","1.11","1.90","1.90"
"70312","13-03-24 20:45","Scotland","Premiership","2023/2024","Dundee FC","Aberdeen","3.14","3.30","2.41","1.05","9.00","1.33","3.40","2.21","1.73","3.71","1.29","7.24","1.10","1.78","2.04"
"70313","13-03-24 20:45","Scotland","Premiership","2023/2024","Ross County","Hibernian","4.93","3.63","1.79","1.03","10.30","1.30","3.61","2.04","1.85","3.27","1.35","6.60","1.12","1.85","1.96"
"70314","03-03-24 13:00","Scotland","Premiership","2023/2024","Hearts","Celtic","6.81","4.83","1.46","1.01","17.50","1.17","5.15","1.52","2.58","2.27","1.65","3.93","1.26","1.66","2.22"
"70315","02-03-24 16:00","Scotland","Premiership","2023/2024","Dundee FC","Kilmarnock","3.05","3.56","2.34","1.05","9.00","1.33","3.40","2.21","1.73","3.71","1.29","7.24","1.10","1.83","1.98"
"70316","02-03-24 16:00","Scotland","Premiership","2023/2024","Hibernian","Ross County","1.43","5.10","7.14","1.01","16.50","1.18","5.00","1.60","2.38","2.44","1.57","4.37","1.22","1.83","1.98"
"70317","02-03-24 16:00","Scotland","Premiership","2023/2024","Rangers","Motherwell","1.16","9.29","15.50","1.03","21.00","1.18","5.00","1.50","2.63","2.34","1.62","4.05","1.25","2.31","1.62"
"70318","02-03-24 16:00","Scotland","Premiership","2023/2024","St Johnstone","Livingston","2.24","3.16","3.66","1.11","6.00","1.63","2.30","2.82","1.45","5.81","1.14","11.70","1.04","2.25","1.65"
"70319","02-03-24 16:00","Scotland","Premiership","2023/2024","St. Mirren","Aberdeen","2.37","3.34","3.18","1.09","7.00","1.46","2.75","2.44","1.57","4.68","1.20","9.48","1.06","2.04","1.78"
"70320","28-02-24 21:00","Scotland","Premiership","2023/2024","Livingston","Motherwell","3.14","3.30","2.41","1.06","8.33","1.38","3.13","2.25","1.66","4.20","1.24","8.48","1.08","1.94","1.86"
"70321","28-02-24 20:45","Scotland","Premiership","2023/2024","Aberdeen","St Johnstone","1.70","3.48","6.14","1.09","7.00","1.46","2.75","2.34","1.62","4.37","1.22","8.82","1.07","2.18","1.69"
"70322","28-02-24 20:45","Scotland","Premiership","2023/2024","Celtic","Dundee FC","1.16","9.10","15.60","1.01","16.50","1.09","8.00","1.31","3.50","1.80","2.10","2.63","1.50","1.90","1.90"
"70323","28-02-24 20:45","Scotland","Premiership","2023/2024","Hearts","Hibernian","2.06","3.54","3.73","1.03","11.00","1.26","4.00","1.89","2.00","3.01","1.40","5.81","1.14","1.70","2.15"
"70324","28-02-24 20:45","Scotland","Premiership","2023/2024","Kilmarnock","Rangers","7.74","4.21","1.50","1.03","10.30","1.27","3.87","1.92","1.97","3.09","1.38","6.14","1.13","1.98","1.83"
"70325","27-02-24 21:00","Scotland","Premiership","2023/2024","Ross County","St. Mirren","3.54","3.28","2.15","1.05","7.20","1.40","2.64","2.33","1.61","4.20","1.17","8.20","1.03","2.01","1.76"
"70326","25-02-24 13:00","Scotland","Premiership","2023/2024","Motherwell","Celtic","8.35","5.82","1.34","1.03","20.00","1.16","5.50","1.46","2.75","2.21","1.73","3.60","1.30","1.74","2.10"
"70327","24-02-24 16:00","Scotland","Premiership","2023/2024","Hibernian","Dundee FC","1.92","3.76","4.02","1.02","13.00","1.23","4.33","1.80","2.10","2.82","1.45","5.26","1.17","1.65","2.25"
"70328","24-02-24 16:00","Scotland","Premiership","2023/2024","Kilmarnock","Aberdeen","2.55","3.16","3.06","1.06","8.00","1.36","3.20","2.32","1.67","4.05","1.25","8.08","1.09","1.83","1.98"
"70329","24-02-24 16:00","Scotland","Premiership","2023/2024","Rangers","Hearts","1.31","6.11","9.17","1.01","17.50","1.18","5.00","1.60","2.38","2.44","1.57","4.37","1.22","1.98","1.83"
"70330","24-02-24 16:00","Scotland","Premiership","2023/2024","Ross County","Livingston","2.38","3.26","3.22","1.06","8.00","1.40","3.00","2.32","1.67","4.05","1.25","8.08","1.09","1.90","1.90"
"70331","24-02-24 16:00","Scotland","Premiership","2023/2024","St. Mirren","St Johnstone","1.81","3.31","5.52","1.10","6.50","1.50","2.63","2.63","1.50","5.26","1.17","10.60","1.05","2.31","1.62"
"70332","18-02-24 13:00","Scotland","Premiership","2023/2024","St Johnstone","Rangers","10.40","6.05","1.29","1.02","13.00","1.23","4.33","1.69","2.20","2.82","1.45","5.26","1.17","2.25","1.65"
"70333","17-02-24 16:00","Scotland","Premiership","2023/2024","Aberdeen","Hibernian","2.23","3.54","3.29","1.03","11.00","1.28","3.75","1.97","1.91","3.37","1.34","6.32","1.13","1.78","2.04"
"70334","17-02-24 16:00","Scotland","Premiership","2023/2024","Celtic","Kilmarnock","1.22","7.11","13.20","1.02","21.00","1.16","5.50","1.46","2.75","2.21","1.73","3.60","1.30","1.98","1.83"
"70335","17-02-24 16:00","Scotland","Premiership","2023/2024","Dundee FC","Ross County","1.59","4.56","5.32","","","1.21","4.50","1.69","2.20","2.63","1.50","4.68","1.20","1.78","2.04"
"70336","17-02-24 16:00","Scotland","Premiership","2023/2024","Hearts","Motherwell","1.73","3.82","5.09","1.05","9.00","1.31","3.50","2.10","1.80","3.60","1.30","6.80","1.11","1.98","1.83"
"70337","17-02-24 16:00","Scotland","Premiership","2023/2024","Livingston","St. Mirren","3.26","3.16","2.42","1.10","6.50","1.54","2.50","2.63","1.50","5.26","1.17","10.60","1.05","2.15","1.70"
"70338","14-02-24 20:45","Scotland","Premiership","2023/2024","Aberdeen","Motherwell","1.97","3.59","4.01","1.05","9.00","1.33","3.40","2.10","1.80","3.71","1.29","7.24","1.10","1.90","1.90"
"70339","14-02-24 20:45","Scotland","Premiership","2023/2024","Rangers","Ross County","1.10","12.80","20.00","1.01","14.90","1.09","8.00","1.28","3.75","1.80","2.10","2.63","1.50","2.25","1.65"
"70340","11-02-24 15:00","Scotland","Premiership","2023/2024","Dundee FC","St Johnstone","1.85","3.63","4.54","1.06","8.00","1.40","3.00","2.32","1.67","4.05","1.25","8.08","1.09","2.04","1.78"
"70341","07-02-24 21:00","Scotland","Premiership","2023/2024","Hibernian","Celtic","6.80","4.40","1.51","1.02","19.00","1.17","5.18","1.47","2.72","2.16","1.71","3.91","1.26","1.63","2.29"
"70342","07-02-24 20:45","Scotland","Premiership","2023/2024","Kilmarnock","Livingston","1.62","3.87","6.30","1.06","8.00","1.36","3.20","2.21","1.73","4.05","1.25","8.08","1.09","2.10","1.74"
"70343","07-02-24 20:45","Scotland","Premiership","2023/2024","St Johnstone","Hearts","4.14","3.76","1.89","1.05","9.00","1.40","3.00","2.32","1.67","4.05","1.25","8.08","1.09","2.04","1.78"
"70344","07-02-24 20:45","Scotland","Premiership","2023/2024","St. Mirren","Dundee FC","2.37","3.16","3.36","1.06","8.00","1.40","3.00","2.34","1.62","4.37","1.22","8.82","1.07","1.92","1.88"
"70345","06-02-24 21:00","Scotland","Premiership","2023/2024","Rangers","Aberdeen","1.24","6.63","12.60","1.03","20.00","1.18","5.00","1.50","2.63","2.34","1.62","4.05","1.25","1.98","1.83"
"70346","06-02-24 20:45","Scotland","Premiership","2023/2024","Motherwell","Ross County","1.92","3.46","4.41","1.05","9.28","1.34","3.30","2.25","1.70","3.93","1.26","7.84","1.09","1.92","1.88"
"70347","03-02-24 16:00","Scotland","Premiership","2023/2024","Dundee FC","Hearts","2.86","3.58","2.46","1.04","10.00","1.31","3.50","2.10","1.80","3.60","1.30","6.80","1.11","1.78","2.04"
"70348","03-02-24 16:00","Scotland","Premiership","2023/2024","Hibernian","St. Mirren","1.89","3.47","4.59","1.06","8.00","1.40","3.00","2.32","1.67","4.05","1.25","8.08","1.09","1.98","1.83"
"70349","03-02-24 16:00","Scotland","Premiership","2023/2024","Motherwell","Kilmarnock","2.98","3.11","2.64","1.06","8.00","1.40","3.00","2.34","1.62","4.37","1.22","8.82","1.07","1.98","1.83"
"70350","03-02-24 16:00","Scotland","Premiership","2023/2024","Rangers","Livingston","1.09","12.00","28.00","1.02","23.00","1.16","5.50","1.46","2.75","2.21","1.73","3.60","1.30","2.68","1.48"
"70351","03-02-24 16:00","Scotland","Premiership","2023/2024","Ross County","St Johnstone","2.34","3.14","3.45","1.09","7.00","1.50","2.63","2.53","1.54","5.26","1.17","10.60","1.05","2.10","1.74"
"70352","03-02-24 13:30","Scotland","Premiership","2023/2024","Aberdeen","Celtic","6.08","5.13","1.48","1.01","16.50","1.17","5.15","1.52","2.58","2.27","1.65","3.93","1.26","1.66","2.22"
"70353","30-01-24 20:45","Scotland","Premiership","2023/2024","Aberdeen","Dundee FC","1.98","3.44","4.14","1.04","10.00","1.31","3.50","1.97","1.91","3.37","1.34","6.80","1.11","1.83","1.98"
"70354","30-01-24 20:45","Scotland","Premiership","2023/2024","Livingston","Ross County","2.20","3.31","3.57","1.06","8.00","1.46","2.75","2.44","1.57","4.68","1.20","9.48","1.06","1.92","1.88"
"70355","27-01-24 16:00","Scotland","Premiership","2023/2024","Celtic","Ross County","1.05","13.00","34.00","1.01","17.00","1.07","9.00","1.26","4.00","1.69","2.20","2.44","1.57","2.54","1.52"
"70356","27-01-24 16:00","Scotland","Premiership","2023/2024","Hearts","Aberdeen","2.03","3.58","3.81","1.04","10.00","1.31","3.50","2.10","1.80","3.60","1.30","6.80","1.11","1.83","1.98"
"70357","27-01-24 16:00","Scotland","Premiership","2023/2024","Kilmarnock","Hibernian","2.13","3.44","3.64","1.05","9.00","1.33","3.40","2.10","1.80","3.60","1.30","7.24","1.10","1.83","1.98"
"70358","27-01-24 16:00","Scotland","Premiership","2023/2024","Livingston","Dundee FC","2.73","3.04","2.94","1.09","7.00","1.46","2.75","2.44","1.57","4.68","1.20","9.48","1.06","1.98","1.83"
"70359","27-01-24 16:00","Scotland","Premiership","2023/2024","St Johnstone","Motherwell","2.62","2.95","3.18","1.11","6.00","1.60","2.38","2.82","1.45","5.81","1.14","11.70","1.04","2.25","1.65"
"70360","27-01-24 13:30","Scotland","Premiership","2023/2024","St. Mirren","Rangers","13.00","5.87","1.27","1.02","11.70","1.23","4.25","1.78","2.13","2.83","1.44","5.48","1.16","2.18","1.69"
"70361","24-01-24 20:45","Scotland","Premiership","2023/2024","Hibernian","Rangers","8.92","5.44","1.35","1.01","16.50","1.21","4.50","1.63","2.30","2.53","1.54","4.68","1.20","1.98","1.83"
"70362","24-01-24 20:45","Scotland","Premiership","2023/2024","St Johnstone","Aberdeen","3.81","3.15","2.19","1.09","7.00","1.46","2.75","2.44","1.57","4.68","1.20","9.48","1.06","1.92","1.88"
"70363","23-01-24 20:45","Scotland","Premiership","2023/2024","Hearts","Dundee FC","1.77","3.72","4.95","1.03","10.60","1.30","3.62","1.98","1.90","3.40","1.33","6.42","1.12","1.87","1.94"
"70364","02-01-24 18:00","Scotland","Premiership","2023/2024","St. Mirren","Celtic","9.98","6.35","1.29","1.01","16.50","1.17","5.32","1.49","2.66","2.21","1.69","3.82","1.28","1.92","1.88"
"70365","02-01-24 16:00","Scotland","Premiership","2023/2024","Hibernian","Motherwell","1.97","3.50","4.12","1.03","10.60","1.29","3.72","1.86","2.03","3.18","1.37","6.42","1.12","1.73","2.10"
"70366","02-01-24 16:00","Scotland","Premiership","2023/2024","Livingston","Hearts","4.32","3.65","1.89","1.05","9.00","1.40","3.00","2.24","1.67","4.37","1.22","8.82","1.07","2.23","1.66"
"70367","02-01-24 16:00","Scotland","Premiership","2023/2024","Rangers","Kilmarnock","1.23","7.11","11.90","1.01","16.00","1.19","4.79","1.57","2.45","2.39","1.59","4.41","1.22","2.18","1.69"
"70368","02-01-24 16:00","Scotland","Premiership","2023/2024","Ross County","Aberdeen","3.33","3.29","2.32","1.05","9.00","1.33","3.40","2.10","1.80","3.71","1.29","7.24","1.10","1.73","2.10"
"70369","30-12-23 16:00","Scotland","Premiership","2023/2024","Aberdeen","St. Mirren","1.81","3.52","5.02","1.06","8.51","1.37","3.19","2.11","1.74","4.12","1.25","8.32","1.08","1.98","1.83"
"70370","30-12-23 16:00","Scotland","Premiership","2023/2024","Hearts","Ross County","1.65","4.09","5.37","1.04","10.00","1.31","3.50","1.97","1.91","3.37","1.34","6.80","1.11","1.98","1.83"
"70371","30-12-23 16:00","Scotland","Premiership","2023/2024","Kilmarnock","Dundee FC","1.76","3.82","4.84","1.04","10.00","1.31","3.50","1.97","1.91","3.37","1.34","6.80","1.11","1.90","1.90"
"70372","30-12-23 16:00","Scotland","Premiership","2023/2024","Motherwell","Livingston","2.16","3.26","3.76","1.06","8.00","1.46","2.75","2.44","1.57","4.68","1.20","9.48","1.06","2.04","1.78"
"70373","30-12-23 13:30","Scotland","Premiership","2023/2024","Celtic","Rangers","2.05","3.54","3.76","1.02","11.70","1.26","3.99","1.86","2.03","3.01","1.40","5.96","1.14","1.66","2.23"
"70374","27-12-23 21:00","Scotland","Premiership","2023/2024","Hibernian","Hearts","2.69","3.42","2.69","1.05","9.00","1.33","3.40","2.21","1.73","3.71","1.29","7.24","1.10","1.83","1.98"
"70375","27-12-23 20:45","Scotland","Premiership","2023/2024","Livingston","St Johnstone","2.36","3.08","3.49","1.11","6.00","1.54","2.50","2.63","1.50","5.26","1.17","10.60","1.05","2.15","1.70"
"70376","27-12-23 20:45","Scotland","Premiership","2023/2024","St. Mirren","Kilmarnock","2.93","2.96","2.81","1.09","6.91","1.49","2.66","2.48","1.55","4.96","1.18","9.96","1.06","2.03","1.79"
"70377","26-12-23 16:00","Scotland","Premiership","2023/2024","Dundee FC","Celtic","10.20","6.61","1.27","1.03","20.00","1.14","5.91","1.41","2.96","2.07","1.83","3.37","1.34","1.77","2.05"
"70378","24-12-23 13:00","Scotland","Premiership","2023/2024","Motherwell","Rangers","9.75","6.11","1.30","1.01","16.50","1.19","4.79","1.54","2.53","2.39","1.59","4.12","1.25","1.92","1.88"
"70379","23-12-23 16:00","Scotland","Premiership","2023/2024","Celtic","Livingston","1.07","11.00","29.00","1.02","29.00","1.10","7.00","1.33","3.40","1.89","2.00","2.82","1.45","2.54","1.52"
"70380","23-12-23 16:00","Scotland","Premiership","2023/2024","Hearts","St. Mirren","1.85","3.52","4.77","1.05","9.00","1.36","3.20","2.21","1.73","4.05","1.25","8.08","1.09","1.98","1.83"
"70381","23-12-23 16:00","Scotland","Premiership","2023/2024","Kilmarnock","St Johnstone","1.69","3.82","5.46","1.06","8.00","1.36","3.20","2.21","1.73","4.05","1.25","8.08","1.09","2.10","1.74"
"70382","20-12-23 20:45","Scotland","Premiership","2023/2024","Aberdeen","Livingston","1.63","4.08","5.61","1.05","9.00","1.33","3.40","2.10","1.80","3.71","1.29","7.24","1.10","2.10","1.74"
"70383","20-12-23 20:45","Scotland","Premiership","2023/2024","Rangers","St Johnstone","1.14","9.21","21.00","1.02","22.00","1.16","5.50","1.50","2.63","2.24","1.67","3.71","1.29","2.68","1.48"
"70384","16-12-23 16:00","Scotland","Premiership","2023/2024","Celtic","Hearts","1.22","7.31","12.50","1.02","24.00","1.14","6.00","1.40","3.00","2.10","1.80","3.37","1.34","1.98","1.83"
"70385","16-12-23 16:00","Scotland","Premiership","2023/2024","Livingston","Kilmarnock","3.63","3.33","2.17","1.06","8.00","1.46","2.75","2.44","1.57","4.68","1.20","9.48","1.06","2.10","1.74"
"70386","16-12-23 16:00","Scotland","Premiership","2023/2024","Ross County","Dundee FC","2.30","3.38","3.28","1.05","9.00","1.36","3.20","2.21","1.73","4.05","1.25","8.08","1.09","1.90","1.90"
"70387","16-12-23 16:00","Scotland","Premiership","2023/2024","St Johnstone","Hibernian","3.68","3.48","2.10","1.05","9.00","1.33","3.40","2.21","1.73","3.71","1.29","7.24","1.10","1.90","1.90"
"70388","16-12-23 16:00","Scotland","Premiership","2023/2024","St. Mirren","Motherwell","1.99","3.47","4.08","1.06","8.00","1.40","3.00","2.34","1.62","4.37","1.22","8.82","1.07","2.04","1.78"
"70389","10-12-23 13:00","Scotland","Premiership","2023/2024","Kilmarnock","Celtic","6.55","5.64","1.42","1.02","16.00","1.19","4.79","1.57","2.45","2.48","1.55","4.41","1.22","1.79","2.02"
"70390","09-12-23 16:00","Scotland","Premiership","2023/2024","Aberdeen","Hearts","2.43","3.55","2.91","1.03","11.00","1.31","3.50","2.10","1.80","3.60","1.30","6.80","1.11","1.78","2.04"
"70391","09-12-23 16:00","Scotland","Premiership","2023/2024","Livingston","Hibernian","3.91","3.40","2.06","1.05","9.00","1.36","3.20","2.21","1.73","3.71","1.29","8.08","1.09","1.90","1.90"
"70392","09-12-23 16:00","Scotland","Premiership","2023/2024","Motherwell","St Johnstone","2.31","3.29","3.34","1.05","9.00","1.36","3.20","2.32","1.67","4.05","1.25","8.08","1.09","1.90","1.90"
"70393","09-12-23 16:00","Scotland","Premiership","2023/2024","Rangers","Dundee FC","1.13","9.85","22.00","1.02","24.00","1.12","6.50","1.36","3.20","1.97","1.91","3.18","1.37","2.31","1.62"
"70394","09-12-23 16:00","Scotland","Premiership","2023/2024","St. Mirren","Ross County","2.19","3.26","3.67","1.09","7.00","1.50","2.63","2.53","1.54","5.26","1.17","10.60","1.05","2.15","1.70"
"70395","06-12-23 21:00","Scotland","Premiership","2023/2024","Hearts","Rangers","6.97","4.48","1.50","1.03","11.00","1.26","4.00","1.89","2.00","3.01","1.40","5.81","1.14","1.98","1.83"
"70396","06-12-23 20:45","Scotland","Premiership","2023/2024","Aberdeen","Kilmarnock","2.13","3.44","3.64","1.05","9.00","1.36","3.20","2.21","1.73","4.05","1.25","8.08","1.09","1.98","1.83"
"70397","06-12-23 20:45","Scotland","Premiership","2023/2024","Celtic","Hibernian","1.25","6.63","12.20","1.02","24.00","1.14","6.00","1.46","2.75","2.21","1.73","3.37","1.34","1.98","1.83"
"70398","06-12-23 20:45","Scotland","Premiership","2023/2024","St Johnstone","St. Mirren","3.26","2.97","2.55","1.11","6.00","1.60","2.38","2.82","1.45","5.81","1.14","11.70","1.04","2.25","1.65"
"70399","05-12-23 20:45","Scotland","Premiership","2023/2024","Ross County","Motherwell","2.33","3.25","3.36","1.06","8.00","1.46","2.75","2.34","1.62","4.37","1.22","8.82","1.07","1.92","1.88"
"70400","03-12-23 16:00","Scotland","Premiership","2023/2024","Hibernian","Aberdeen","2.29","3.56","3.15","1.03","11.00","1.28","3.75","1.97","1.91","3.37","1.34","6.32","1.13","1.74","2.10"
"70401","03-12-23 16:00","Scotland","Premiership","2023/2024","Rangers","St. Mirren","1.18","7.37","17.90","1.03","19.00","1.18","5.00","1.54","2.50","2.34","1.62","4.05","1.25","2.42","1.57"
"70402","03-12-23 13:00","Scotland","Premiership","2023/2024","St Johnstone","Celtic","16.20","6.62","1.22","1.01","18.50","1.17","5.32","1.54","2.53","2.30","1.63","4.12","1.25","2.18","1.69"
"70403","02-12-23 16:00","Scotland","Premiership","2023/2024","Kilmarnock","Hearts","2.71","3.41","2.68","1.05","9.00","1.36","3.20","2.21","1.73","4.05","1.25","8.08","1.09","1.83","1.98"
"70404","02-12-23 16:00","Scotland","Premiership","2023/2024","Motherwell","Dundee FC","2.30","3.38","3.28","1.06","8.51","1.33","3.41","2.19","1.74","3.82","1.28","7.62","1.09","1.85","1.96"
"70405","28-11-23 20:45","Scotland","Premiership","2023/2024","Ross County","St. Mirren","2.55","2.96","3.26","1.09","6.91","1.45","2.79","2.48","1.55","4.96","1.18","9.96","1.06","1.98","1.83"
"70406","26-11-23 13:00","Scotland","Premiership","2023/2024","Aberdeen","Rangers","8.03","4.51","1.45","1.03","11.00","1.23","4.33","1.80","2.10","2.82","1.45","5.26","1.17","1.87","1.94"
"70407","25-11-23 16:00","Scotland","Premiership","2023/2024","Celtic","Motherwell","1.14","8.20","18.00","1.02","25.00","1.08","6.05","1.33","2.91","1.94","1.85","2.93","1.33","2.09","1.71"
"70408","25-11-23 16:00","Scotland","Premiership","2023/2024","Dundee FC","Hibernian","2.75","3.35","2.50","1.02","8.60","1.29","3.14","2.00","1.80","3.34","1.26","6.40","1.07","1.77","2.00"
"70409","25-11-23 16:00","Scotland","Premiership","2023/2024","Hearts","St Johnstone","1.54","4.15","5.96","1.01","9.50","1.25","3.42","1.88","1.91","3.04","1.31","5.65","1.09","1.95","1.81"
"70410","25-11-23 16:00","Scotland","Premiership","2023/2024","Ross County","Kilmarnock","2.88","3.20","2.49","1.04","7.40","1.38","2.71","2.26","1.63","3.98","1.19","7.90","1.04","1.91","1.85"
"70411","25-11-23 16:00","Scotland","Premiership","2023/2024","St. Mirren","Livingston","1.92","3.32","4.26","1.06","6.85","1.42","2.57","2.41","1.56","4.40","1.16","8.70","1.02","2.13","1.68"
"70412","12-11-23 15:30","Scotland","Premiership","2023/2024","Celtic","Aberdeen","1.24","6.58","13.20","1.02","21.00","1.16","5.50","1.46","2.75","2.21","1.73","3.60","1.30","1.98","1.83"
"70413","12-11-23 13:00","Scotland","Premiership","2023/2024","Livingston","Rangers","11.60","6.25","1.26","1.02","15.50","1.19","4.79","1.57","2.45","2.48","1.55","4.41","1.22","2.09","1.74"
"70414","11-11-23 16:00","Scotland","Premiership","2023/2024","Dundee FC","St. Mirren","2.45","3.28","2.90","1.04","7.90","1.34","2.88","2.15","1.69","3.74","1.21","7.30","1.05","1.87","1.89"
"70415","11-11-23 16:00","Scotland","Premiership","2023/2024","Hibernian","Kilmarnock","2.15","3.45","3.30","1.02","9.00","1.28","3.20","1.94","1.85","3.20","1.28","6.10","1.08","1.76","2.01"
"70416","11-11-23 16:00","Scotland","Premiership","2023/2024","Motherwell","Hearts","2.94","3.46","2.33","1.01","9.30","1.26","3.34","1.90","1.90","3.08","1.30","5.75","1.09","1.71","2.08"
"70417","11-11-23 16:00","Scotland","Premiership","2023/2024","St Johnstone","Ross County","2.51","3.20","2.85","1.05","7.30","1.38","2.71","2.28","1.62","4.05","1.18","8.00","1.03","1.94","1.82"
"70418","08-11-23 20:45","Scotland","Premiership","2023/2024","St. Mirren","Hibernian","2.32","3.26","3.36","1.04","9.57","1.33","3.41","2.19","1.74","3.82","1.28","7.62","1.09","1.79","2.02"
"70419","07-11-23 20:45","Scotland","Premiership","2023/2024","St Johnstone","Motherwell","2.88","3.02","2.61","1.06","6.85","1.37","2.75","2.24","1.64","3.86","1.20","7.60","1.04","1.89","1.87"
"70420","05-11-23 15:00","Scotland","Premiership","2023/2024","Dundee FC","Livingston","1.85","3.59","4.72","1.08","9.00","1.37","3.20","2.24","1.73","4.14","1.25","8.45","1.09","1.98","1.83"
"70421","04-11-23 16:00","Scotland","Premiership","2023/2024","Kilmarnock","Motherwell","2.14","3.34","3.43","1.04","7.80","1.35","2.84","2.17","1.68","3.74","1.21","7.30","1.05","1.90","1.86"
"70422","04-11-23 13:30","Scotland","Premiership","2023/2024","Ross County","Celtic","9.15","5.55","1.30","1.02","20.00","1.14","4.65","1.51","2.32","2.36","1.58","3.88","1.20","1.91","1.85"
"70423","01-11-23 21:30","Scotland","Premiership","2023/2024","Dundee FC","Rangers","7.62","4.60","1.46","1.04","13.00","1.23","4.33","1.82","2.10","2.86","1.45","5.41","1.17","1.98","1.83"
"70424","01-11-23 20:45","Scotland","Premiership","2023/2024","Celtic","St. Mirren","1.22","7.28","13.50","1.02","17.00","1.19","5.00","1.51","2.63","2.37","1.62","4.14","1.25","2.04","1.78"
"70425","01-11-23 20:45","Scotland","Premiership","2023/2024","Hearts","Livingston","1.53","4.42","6.63","1.05","11.00","1.29","3.75","1.99","1.91","3.43","1.34","6.54","1.13","2.04","1.78"
"70426","01-11-23 20:45","Scotland","Premiership","2023/2024","Motherwell","Aberdeen","2.52","3.34","2.98","1.08","9.00","1.37","3.20","2.24","1.73","4.14","1.25","8.45","1.09","1.90","1.90"
"70427","01-11-23 20:45","Scotland","Premiership","2023/2024","St Johnstone","Kilmarnock","3.83","3.17","2.20","1.09","8.00","1.41","3.00","2.37","1.62","4.48","1.22","9.26","1.07","1.98","1.83"
"70428","31-10-23 20:45","Scotland","Premiership","2023/2024","Hibernian","Ross County","1.65","4.05","4.87","","","1.22","3.65","1.77","2.04","2.79","1.36","5.10","1.12","1.78","1.99"
"70429","29-10-23 16:00","Scotland","Premiership","2023/2024","Rangers","Hearts","1.28","6.83","9.98","1.02","17.00","1.22","4.50","1.61","2.38","2.47","1.57","4.48","1.22","2.04","1.78"
"70430","29-10-23 13:00","Scotland","Premiership","2023/2024","Kilmarnock","Aberdeen","2.57","3.28","2.98","1.08","9.00","1.37","3.20","2.24","1.73","4.14","1.25","8.45","1.09","1.83","1.98"
"70431","28-10-23 16:00","Scotland","Premiership","2023/2024","Hibernian","Celtic","5.86","4.84","1.53","1.01","17.50","1.16","5.50","1.51","2.63","2.26","1.67","3.79","1.29","1.65","2.25"
"70432","28-10-23 16:00","Scotland","Premiership","2023/2024","Livingston","Dundee FC","2.51","3.38","2.97","1.09","8.00","1.41","3.00","2.37","1.62","4.48","1.22","9.26","1.07","1.98","1.83"
"70433","28-10-23 16:00","Scotland","Premiership","2023/2024","Motherwell","Ross County","1.90","3.85","4.10","1.06","10.00","1.34","3.40","2.13","1.80","3.67","1.30","7.54","1.10","1.90","1.90"
"70434","28-10-23 16:00","Scotland","Premiership","2023/2024","St. Mirren","St Johnstone","1.77","3.48","5.63","1.11","7.00","1.48","2.75","2.47","1.57","4.80","1.20","9.99","1.06","2.15","1.70"
"70435","24-10-23 20:45","Scotland","Premiership","2023/2024","Dundee FC","Ross County","2.22","3.50","3.40","1.06","10.00","1.32","3.50","1.99","1.91","3.43","1.34","7.06","1.11","1.78","2.04"
"70436","22-10-23 15:15","Scotland","Premiership","2023/2024","Hearts","Celtic","6.30","4.84","1.50","1.02","17.00","1.19","5.00","1.51","2.63","2.37","1.62","4.14","1.25","1.65","2.25"
"70437","21-10-23 16:00","Scotland","Premiership","2023/2024","Kilmarnock","Livingston","1.96","3.49","4.30","1.09","8.00","1.41","3.00","2.26","1.67","4.48","1.22","9.26","1.07","2.04","1.78"
"70438","21-10-23 16:00","Scotland","Premiership","2023/2024","Rangers","Hibernian","1.43","5.02","7.48","1.02","16.00","1.21","4.72","1.62","2.36","2.63","1.51","4.40","1.23","1.83","1.98"
"70439","08-10-23 16:00","Scotland","Premiership","2023/2024","Aberdeen","St Johnstone","1.48","4.30","6.65","1.01","9.40","1.26","3.34","1.89","1.90","3.08","1.30","5.75","1.09","2.02","1.75"
"70440","08-10-23 13:00","Scotland","Premiership","2023/2024","St. Mirren","Rangers","5.61","4.08","1.65","1.05","11.00","1.29","3.75","1.99","1.91","3.24","1.37","6.54","1.13","1.90","1.90"
"70441","07-10-23 16:00","Scotland","Premiership","2023/2024","Celtic","Kilmarnock","1.20","7.97","13.80","1.02","17.00","1.16","5.50","1.48","2.75","2.26","1.67","3.79","1.29","2.04","1.78"
"70442","07-10-23 16:00","Scotland","Premiership","2023/2024","Hearts","Hibernian","2.33","3.56","3.12","1.05","11.00","1.29","3.75","1.99","1.91","3.24","1.37","6.54","1.13","1.74","2.10"
"70443","07-10-23 16:00","Scotland","Premiership","2023/2024","Livingston","Motherwell","3.05","3.25","2.54","1.09","8.00","1.41","3.00","2.35","1.67","4.14","1.25","9.26","1.07","1.98","1.83"
"70444","30-09-23 16:00","Scotland","Premiership","2023/2024","Hibernian","Dundee FC","1.66","4.11","5.40","1.04","13.00","1.23","4.33","1.82","2.10","2.86","1.45","5.41","1.17","1.78","2.04"
"70445","30-09-23 16:00","Scotland","Premiership","2023/2024","Kilmarnock","St. Mirren","2.28","3.41","3.36","1.09","8.00","1.48","2.75","2.37","1.62","4.48","1.22","9.26","1.07","2.04","1.78"
"70446","30-09-23 16:00","Scotland","Premiership","2023/2024","Rangers","Aberdeen","1.38","5.03","9.01","1.03","15.00","1.19","5.00","1.61","2.38","2.57","1.54","4.48","1.22","1.90","1.90"
"70447","30-09-23 16:00","Scotland","Premiership","2023/2024","Ross County","Hearts","3.28","3.33","2.35","1.08","9.00","1.34","3.40","2.24","1.73","3.79","1.29","7.54","1.10","1.83","1.98"
"70448","30-09-23 16:00","Scotland","Premiership","2023/2024","St Johnstone","Livingston","2.47","3.19","3.19","1.11","7.00","1.51","2.63","2.57","1.54","5.41","1.17","11.20","1.05","2.10","1.74"
"70449","30-09-23 13:30","Scotland","Premiership","2023/2024","Motherwell","Celtic","7.48","5.02","1.43","1.02","16.00","1.20","4.79","1.55","2.53","2.43","1.59","4.22","1.24","1.78","2.04"
"70450","24-09-23 16:00","Scotland","Premiership","2023/2024","Aberdeen","Ross County","1.89","3.66","4.41","1.05","11.00","1.29","3.75","1.99","1.91","3.43","1.34","6.54","1.13","1.83","1.98"
"70451","24-09-23 16:00","Scotland","Premiership","2023/2024","Rangers","Motherwell","1.25","7.20","11.30","1.02","22.00","1.16","5.50","1.48","2.75","2.24","1.73","3.67","1.30","1.98","1.83"
"70452","23-09-23 16:00","Scotland","Premiership","2023/2024","Dundee FC","Kilmarnock","2.46","3.28","2.88","1.03","7.90","1.34","2.88","2.14","1.70","3.65","1.22","7.20","1.05","1.86","1.90"
"70453","23-09-23 16:00","Scotland","Premiership","2023/2024","Hibernian","St Johnstone","1.58","4.05","5.60","1.01","9.40","1.25","3.42","1.89","1.90","3.04","1.31","5.70","1.09","1.92","1.84"
"70454","23-09-23 16:00","Scotland","Premiership","2023/2024","St. Mirren","Hearts","2.98","3.37","2.51","1.09","8.00","1.41","3.00","2.35","1.67","4.14","1.25","9.26","1.07","1.87","1.94"
"70455","23-09-23 13:30","Scotland","Premiership","2023/2024","Livingston","Celtic","10.30","6.11","1.30","1.03","15.00","1.22","4.50","1.65","2.30","2.57","1.54","4.48","1.22","2.04","1.78"
"70456","16-09-23 16:00","Scotland","Premiership","2023/2024","Celtic","Dundee FC","1.21","7.96","12.40","1.02","26.00","1.13","6.50","1.37","3.20","1.99","1.91","3.06","1.40","1.83","1.98"
"70457","16-09-23 16:00","Scotland","Premiership","2023/2024","Hearts","Aberdeen","2.15","3.58","3.49","1.04","13.00","1.23","4.33","1.82","2.10","2.86","1.45","5.41","1.17","1.65","2.25"
"70458","16-09-23 16:00","Scotland","Premiership","2023/2024","Kilmarnock","Hibernian","2.63","3.30","2.89","1.09","8.00","1.41","3.00","2.37","1.62","4.48","1.22","9.26","1.07","1.98","1.83"
"70459","16-09-23 16:00","Scotland","Premiership","2023/2024","Motherwell","St. Mirren","2.81","3.32","2.68","1.09","8.00","1.48","2.75","2.37","1.62","4.48","1.22","9.26","1.07","1.98","1.83"
"70460","16-09-23 16:00","Scotland","Premiership","2023/2024","Ross County","Livingston","2.25","3.27","3.57","1.09","8.00","1.41","3.00","2.37","1.62","4.48","1.22","9.26","1.07","1.98","1.83"
"70461","16-09-23 13:30","Scotland","Premiership","2023/2024","St Johnstone","Rangers","12.60","6.45","1.22","1.01","16.50","1.14","4.60","1.52","2.33","2.41","1.58","3.94","1.20","2.19","1.64"
"70462","03-09-23 16:00","Scotland","Premiership","2023/2024","Aberdeen","Hibernian","2.31","3.50","2.98","1.01","9.50","1.25","3.48","1.89","1.93","3.02","1.32","5.65","1.09","1.69","2.11"
"70463","03-09-23 16:00","Scotland","Premiership","2023/2024","Hearts","Motherwell","1.78","3.81","4.83","1.05","11.00","1.26","4.00","1.90","2.00","3.24","1.37","6.00","1.14","1.83","1.98"
"70464","03-09-23 13:00","Scotland","Premiership","2023/2024","Rangers","Celtic","2.31","3.91","2.91","1.02","16.10","1.20","4.84","1.57","2.48","2.40","1.60","4.18","1.25","1.47","2.70"
"70465","02-09-23 16:00","Scotland","Premiership","2023/2024","Kilmarnock","Ross County","1.79","3.64","4.53","1.03","8.30","1.32","3.04","2.07","1.77","3.48","1.25","6.75","1.06","1.94","1.82"
"70466","02-09-23 16:00","Scotland","Premiership","2023/2024","Livingston","St. Mirren","2.97","3.13","2.52","1.06","6.65","1.45","2.51","2.48","1.55","4.60","1.15","9.10","1.02","2.05","1.73"
"70467","02-09-23 16:00","Scotland","Premiership","2023/2024","St Johnstone","Dundee FC","3.15","3.30","2.44","1.08","9.00","1.37","3.20","2.35","1.67","4.14","1.25","8.45","1.09","1.79","2.02"
"70468","27-08-23 16:00","Scotland","Premiership","2023/2024","Dundee FC","Hearts","2.97","3.48","2.46","1.05","11.00","1.29","3.75","1.99","1.91","3.24","1.37","6.54","1.13","1.74","2.10"
"70469","27-08-23 16:00","Scotland","Premiership","2023/2024","St. Mirren","Aberdeen","2.40","3.07","3.48","1.09","8.00","1.41","3.00","2.37","1.62","4.48","1.22","9.26","1.07","1.98","1.83"
"70470","26-08-23 16:00","Scotland","Premiership","2023/2024","Celtic","St Johnstone","1.08","15.70","25.00","1.01","26.00","1.09","8.00","1.29","3.75","1.82","2.10","2.66","1.50","2.31","1.62"
"70471","26-08-23 16:00","Scotland","Premiership","2023/2024","Hibernian","Livingston","1.86","3.79","4.38","1.06","10.00","1.32","3.50","2.13","1.80","3.67","1.30","7.06","1.11","1.90","1.90"
"70472","26-08-23 16:00","Scotland","Premiership","2023/2024","Motherwell","Kilmarnock","2.77","3.18","2.82","1.09","8.00","1.41","3.00","2.37","1.62","4.48","1.22","9.26","1.07","1.98","1.83"
"70473","26-08-23 13:30","Scotland","Premiership","2023/2024","Ross County","Rangers","9.84","6.17","1.30","1.02","18.10","1.17","5.32","1.46","2.79","2.23","1.69","3.90","1.28","1.79","2.02"
"70474","13-08-23 16:00","Scotland","Premiership","2023/2024","Hearts","Kilmarnock","1.96","3.49","4.30","1.05","11.00","1.26","4.00","1.99","1.91","3.24","1.37","6.54","1.13","1.78","2.04"
"70475","13-08-23 16:00","Scotland","Premiership","2023/2024","Motherwell","Hibernian","2.63","3.30","2.88","1.07","9.57","1.31","3.62","2.11","1.81","3.57","1.31","7.12","1.11","1.73","2.10"
"70476","13-08-23 13:00","Scotland","Premiership","2023/2024","Aberdeen","Celtic","10.60","6.83","1.26","1.02","23.00","1.15","5.85","1.43","2.93","2.11","1.81","3.46","1.33","1.78","2.04"
"70477","12-08-23 16:00","Scotland","Premiership","2023/2024","Rangers","Livingston","1.20","8.64","12.20","1.02","23.00","1.14","6.00","1.41","3.00","2.13","1.80","3.43","1.34","2.10","1.74"
"70478","12-08-23 16:00","Scotland","Premiership","2023/2024","Ross County","St Johnstone","1.91","3.61","4.34","1.08","8.51","1.34","3.41","2.11","1.81","3.90","1.28","7.97","1.09","1.92","1.88"
"70479","12-08-23 16:00","Scotland","Premiership","2023/2024","St. Mirren","Dundee FC","2.31","3.39","3.29","1.09","8.00","1.37","3.20","2.35","1.67","4.14","1.25","8.45","1.09","1.90","1.90"
"70480","06-08-23 16:00","Scotland","Premiership","2023/2024","Hibernian","St. Mirren","2.05","3.49","3.90","1.08","9.00","1.37","3.20","2.24","1.73","3.79","1.29","7.54","1.10","1.90","1.90"
"70481","05-08-23 18:15","Scotland","Premiership","2023/2024","Kilmarnock","Rangers","7.57","5.33","1.41","1.02","16.00","1.22","4.61","1.63","2.34","2.70","1.49","5.11","1.18","1.87","1.94"
"70482","05-08-23 16:00","Scotland","Premiership","2023/2024","Dundee FC","Motherwell","2.34","3.36","3.26","1.08","9.00","1.41","3.00","2.35","1.67","4.14","1.25","9.26","1.07","1.98","1.83"
"70483","05-08-23 16:00","Scotland","Premiership","2023/2024","Livingston","Aberdeen","2.81","3.32","2.68","1.07","9.57","1.34","3.41","2.11","1.81","3.90","1.28","7.97","1.09","1.79","2.02"
"70484","05-08-23 16:00","Scotland","Premiership","2023/2024","St Johnstone","Hearts","3.56","3.56","2.14","1.08","9.00","1.34","3.40","2.13","1.80","3.79","1.29","7.54","1.10","1.83","1.98"
"70485","05-08-23 13:30","Scotland","Premiership","2023/2024","Celtic","Ross County","1.08","17.10","22.00","1.01","34.00","1.06","9.78","1.21","4.71","1.56","2.50","2.19","1.71","1.98","1.83"
"70486","28-05-23 16:00","Scotland","Premiership","2022/2023","Kilmarnock","Ross County","1.97","3.72","3.92","1.05","11.00","1.32","3.50","1.99","1.91","3.43","1.34","7.06","1.11","1.83","1.98"
"70487","28-05-23 16:00","Scotland","Premiership","2022/2023","Motherwell","Dundee Utd","1.78","4.08","4.42","1.03","15.00","1.22","4.50","1.70","2.20","2.66","1.50","4.80","1.20","1.65","2.25"
"70488","28-05-23 16:00","Scotland","Premiership","2022/2023","St Johnstone","Livingston","2.00","3.49","4.10","1.08","9.00","1.41","3.00","2.35","1.67","4.48","1.22","9.26","1.07","2.04","1.78"
"70489","27-05-23 13:30","Scotland","Premiership","2022/2023","Celtic","Aberdeen","1.19","8.17","14.10","1.01","25.00","1.08","9.00","1.26","4.00","1.65","2.30","2.47","1.57","1.74","2.10"
"70490","27-05-23 13:30","Scotland","Premiership","2022/2023","Hearts","Hibernian","2.20","3.58","3.38","1.04","13.00","1.23","4.33","1.82","2.10","2.66","1.50","5.41","1.17","1.62","2.31"
"70491","27-05-23 13:30","Scotland","Premiership","2022/2023","St. Mirren","Rangers","8.52","5.31","1.38","1.02","17.00","1.19","5.00","1.56","2.50","2.37","1.62","4.14","1.25","1.83","1.98"
"70492","24-05-23 20:45","Scotland","Premiership","2022/2023","Dundee Utd","Kilmarnock","2.50","3.31","3.06","1.09","8.00","1.37","3.20","2.35","1.67","4.14","1.25","8.45","1.09","1.90","1.90"
"70493","24-05-23 20:45","Scotland","Premiership","2022/2023","Livingston","Motherwell","3.40","3.40","2.26","1.09","8.00","1.37","3.20","2.24","1.73","4.14","1.25","8.45","1.09","1.90","1.90"
"70494","24-05-23 20:45","Scotland","Premiership","2022/2023","Ross County","St Johnstone","2.00","3.49","4.10","1.09","8.00","1.41","3.00","2.35","1.67","4.14","1.25","8.45","1.09","1.98","1.83"
"70495","24-05-23 20:45","Scotland","Premiership","2022/2023","Aberdeen","St. Mirren","1.85","3.69","4.61","1.06","10.60","1.31","3.62","2.01","1.90","3.57","1.31","7.12","1.11","1.92","1.88"
"70496","24-05-23 20:45","Scotland","Premiership","2022/2023","Hibernian","Celtic","5.35","4.23","1.65","1.03","15.00","1.22","4.50","1.65","2.30","2.57","1.54","4.80","1.20","1.70","2.15"
"70497","24-05-23 20:45","Scotland","Premiership","2022/2023","Rangers","Hearts","1.41","5.08","8.11","1.02","19.00","1.16","5.50","1.48","2.75","2.24","1.73","3.67","1.30","1.70","2.15"
"70498","21-05-23 13:00","Scotland","Premiership","2022/2023","Hibernian","Rangers","4.58","3.89","1.80","1.02","16.00","1.20","4.79","1.58","2.45","2.43","1.59","4.53","1.22","1.61","2.31"
"70499","20-05-23 16:00","Scotland","Premiership","2022/2023","Kilmarnock","St Johnstone","1.99","3.38","4.29","1.09","8.00","1.41","3.00","2.37","1.62","4.48","1.22","9.26","1.07","2.04","1.78"
"70500","20-05-23 16:00","Scotland","Premiership","2022/2023","Livingston","Dundee Utd","2.61","3.27","2.94","1.08","9.00","1.37","3.20","2.24","1.73","4.14","1.25","8.45","1.09","1.90","1.90"
"70501","20-05-23 16:00","Scotland","Premiership","2022/2023","Motherwell","Ross County","1.94","3.68","4.13","1.05","11.00","1.29","3.75","1.99","1.91","3.43","1.34","6.54","1.13","1.78","2.04"
"70502","20-05-23 16:00","Scotland","Premiership","2022/2023","Celtic","St. Mirren","1.14","9.71","19.30","1.02","18.00","1.13","6.38","1.43","2.93","2.11","1.81","3.46","1.33","2.25","1.65"
"70503","20-05-23 13:30","Scotland","Premiership","2022/2023","Hearts","Aberdeen","2.05","3.79","3.58","1.04","13.00","1.23","4.33","1.82","2.10","2.86","1.45","5.41","1.17","1.65","2.25"
"70504","13-05-23 16:00","Scotland","Premiership","2022/2023","Dundee Utd","Ross County","2.20","3.39","3.55","1.06","10.00","1.34","3.40","2.13","1.80","3.67","1.30","7.54","1.10","1.83","1.98"
"70505","13-05-23 16:00","Scotland","Premiership","2022/2023","Kilmarnock","Livingston","1.87","3.74","4.36","1.08","9.00","1.41","3.00","2.35","1.67","4.48","1.22","9.26","1.07","2.10","1.74"
"70506","13-05-23 16:00","Scotland","Premiership","2022/2023","St Johnstone","Motherwell","2.88","3.19","2.70","1.09","8.00","1.41","3.00","2.35","1.67","4.14","1.25","9.26","1.07","1.90","1.90"
"70507","13-05-23 16:00","Scotland","Premiership","2022/2023","Aberdeen","Hibernian","2.13","3.62","3.52","1.05","11.00","1.29","3.75","1.99","1.91","3.43","1.34","6.54","1.13","1.78","2.04"
"70508","13-05-23 16:00","Scotland","Premiership","2022/2023","St. Mirren","Hearts","2.70","3.37","2.75","1.06","10.00","1.34","3.40","2.13","1.80","3.79","1.29","7.54","1.10","1.83","1.98"
"70509","13-05-23 13:30","Scotland","Premiership","2022/2023","Rangers","Celtic","2.61","3.56","2.54","1.03","14.00","1.17","4.32","1.64","2.28","2.43","1.48","4.24","1.17","1.52","2.46"
"70510","07-05-23 16:00","Scotland","Premiership","2022/2023","Rangers","Aberdeen","1.36","5.85","8.14","1.03","16.00","1.19","5.00","1.56","2.50","2.37","1.62","4.14","1.25","1.83","1.98"
"70511","07-05-23 15:15","Scotland","Premiership","2022/2023","Hearts","Celtic","9.20","5.88","1.33","1.02","19.00","1.13","6.50","1.41","3.00","2.13","1.80","3.24","1.37","1.74","2.10"
"70512","06-05-23 16:00","Scotland","Premiership","2022/2023","Motherwell","Kilmarnock","2.21","3.42","3.24","1.03","8.60","1.30","3.14","2.02","1.81","3.40","1.26","6.45","1.06","1.80","1.96"
"70513","06-05-23 16:00","Scotland","Premiership","2022/2023","Ross County","Livingston","2.13","3.40","3.44","1.03","8.10","1.33","2.97","2.11","1.74","3.54","1.24","6.95","1.05","1.87","1.89"
"70514","06-05-23 16:00","Scotland","Premiership","2022/2023","St Johnstone","Dundee Utd","2.37","3.20","3.14","1.05","7.10","1.41","2.64","2.36","1.60","4.30","1.17","8.40","1.03","1.98","1.78"
"70515","06-05-23 16:00","Scotland","Premiership","2022/2023","Hibernian","St. Mirren","2.01","3.42","3.78","1.04","7.80","1.35","2.88","2.18","1.70","3.72","1.22","7.30","1.05","1.94","1.82"
"70516","23-04-23 17:30","Scotland","Premiership","2022/2023","Aberdeen","Rangers","6.13","4.09","1.61","1.03","13.80","1.20","4.79","1.63","2.34","2.52","1.55","4.53","1.22","1.70","2.16"
"70517","22-04-23 16:00","Scotland","Premiership","2022/2023","Celtic","Motherwell","1.11","14.40","16.60","1.01","17.00","1.09","8.00","1.26","4.00","1.70","2.20","2.57","1.54","2.04","1.78"
"70518","22-04-23 16:00","Scotland","Premiership","2022/2023","Dundee Utd","Livingston","2.72","3.32","2.77","1.08","9.00","1.37","3.20","2.24","1.73","4.14","1.25","8.45","1.09","1.90","1.90"
"70519","22-04-23 16:00","Scotland","Premiership","2022/2023","St Johnstone","Hibernian","3.88","3.38","2.10","1.08","9.00","1.37","3.20","2.24","1.73","4.14","1.25","8.45","1.09","1.90","1.90"
"70520","22-04-23 16:00","Scotland","Premiership","2022/2023","St. Mirren","Kilmarnock","2.23","3.25","3.65","1.11","7.00","1.51","2.63","2.57","1.54","4.80","1.20","11.20","1.05","2.10","1.74"
"70521","22-04-23 13:30","Scotland","Premiership","2022/2023","Hearts","Ross County","1.71","3.91","5.20","1.04","13.00","1.23","4.33","1.82","2.10","2.86","1.45","5.41","1.17","1.78","2.04"
"70522","16-04-23 13:00","Scotland","Premiership","2022/2023","Kilmarnock","Celtic","13.30","6.79","1.24","1.02","18.10","1.15","5.85","1.46","2.79","2.14","1.74","3.57","1.31","1.98","1.83"
"70523","15-04-23 16:00","Scotland","Premiership","2022/2023","Livingston","St Johnstone","2.15","3.38","3.69","1.11","7.00","1.51","2.63","2.57","1.54","4.80","1.20","9.99","1.06","2.10","1.74"
"70524","15-04-23 16:00","Scotland","Premiership","2022/2023","Motherwell","Dundee Utd","2.00","3.58","3.99","1.06","10.00","1.34","3.40","2.24","1.73","3.79","1.29","7.54","1.10","1.98","1.83"
"70525","15-04-23 16:00","Scotland","Premiership","2022/2023","Rangers","St. Mirren","1.25","7.20","11.30","1.03","15.00","1.23","4.33","1.70","2.20","2.66","1.50","4.80","1.20","2.25","1.65"
"70526","15-04-23 13:30","Scotland","Premiership","2022/2023","Hibernian","Hearts","2.36","3.69","2.98","1.05","11.00","1.29","3.75","1.99","1.91","3.24","1.37","6.54","1.13","1.74","2.10"
"70527","14-04-23 20:45","Scotland","Premiership","2022/2023","Ross County","Aberdeen","3.70","3.58","2.08","1.08","9.00","1.37","3.20","2.24","1.73","4.14","1.25","8.45","1.09","1.87","1.94"
"70528","09-04-23 13:00","Scotland","Premiership","2022/2023","Dundee Utd","Hibernian","3.54","3.49","2.17","1.06","10.60","1.30","3.72","2.01","1.90","3.24","1.37","6.66","1.12","1.74","2.10"
"70529","08-04-23 16:00","Scotland","Premiership","2022/2023","Aberdeen","Kilmarnock","1.87","3.41","4.95","1.09","8.00","1.37","3.20","2.24","1.73","3.79","1.29","7.54","1.10","1.98","1.83"
"70530","08-04-23 16:00","Scotland","Premiership","2022/2023","Hearts","St. Mirren","2.25","3.47","3.37","1.07","9.57","1.31","3.62","2.01","1.90","3.46","1.33","7.12","1.11","1.78","2.04"
"70531","08-04-23 16:00","Scotland","Premiership","2022/2023","Motherwell","Livingston","2.25","3.27","3.57","1.11","7.00","1.48","2.75","2.37","1.62","4.48","1.22","9.26","1.07","1.98","1.83"
"70532","08-04-23 16:00","Scotland","Premiership","2022/2023","St Johnstone","Ross County","2.43","3.18","3.28","1.10","7.45","1.43","2.93","2.33","1.63","4.22","1.24","9.43","1.07","1.92","1.88"
"70533","08-04-23 13:30","Scotland","Premiership","2022/2023","Celtic","Rangers","1.76","3.98","4.26","1.04","16.00","1.18","4.10","1.69","2.19","2.57","1.43","4.54","1.14","1.65","2.18"
"70534","02-04-23 13:00","Scotland","Premiership","2022/2023","Ross County","Celtic","19.90","8.81","1.15","1.02","26.00","1.12","6.91","1.34","3.41","1.88","2.03","3.06","1.40","1.98","1.83"
"70535","01-04-23 16:00","Scotland","Premiership","2022/2023","Hibernian","Motherwell","1.85","3.60","4.24","1.03","8.40","1.31","3.08","2.06","1.78","3.48","1.25","6.60","1.06","1.89","1.87"
"70536","01-04-23 16:00","Scotland","Premiership","2022/2023","Kilmarnock","Hearts","2.59","3.42","2.64","1.02","9.00","1.28","3.26","1.96","1.86","3.24","1.29","6.10","1.08","1.74","2.04"
"70537","01-04-23 16:00","Scotland","Premiership","2022/2023","Rangers","Dundee Utd","1.11","9.40","23.00","1.02","26.00","1.07","6.35","1.32","3.04","1.90","1.92","2.83","1.36","2.25","1.61"
"70538","01-04-23 16:00","Scotland","Premiership","2022/2023","St Johnstone","Aberdeen","3.26","3.26","2.27","1.05","7.30","1.39","2.71","2.28","1.64","4.04","1.19","8.00","1.03","1.95","1.81"
"70539","01-04-23 16:00","Scotland","Premiership","2022/2023","St. Mirren","Livingston","2.09","3.20","3.80","1.07","6.40","1.48","2.43","2.59","1.51","4.80","1.14","9.50","1.01","2.16","1.66"
"70540","18-03-23 16:00","Scotland","Premiership","2022/2023","Aberdeen","Hearts","2.20","3.54","3.15","1.01","9.90","1.24","3.54","1.84","1.98","2.93","1.34","5.40","1.10","1.67","2.14"
"70541","18-03-23 16:00","Scotland","Premiership","2022/2023","Celtic","Hibernian","1.11","9.20","22.00","1.02","27.00","1.07","6.35","1.32","3.04","1.90","1.92","2.83","1.36","2.19","1.64"
"70542","18-03-23 16:00","Scotland","Premiership","2022/2023","Dundee Utd","St. Mirren","2.70","3.22","2.66","1.05","7.40","1.39","2.71","2.28","1.64","4.04","1.19","7.90","1.04","1.92","1.84"
"70543","18-03-23 16:00","Scotland","Premiership","2022/2023","Kilmarnock","St Johnstone","2.13","3.28","3.56","1.05","7.20","1.41","2.64","2.34","1.61","4.20","1.18","8.20","1.03","2.01","1.76"
"70544","18-03-23 16:00","Scotland","Premiership","2022/2023","Livingston","Ross County","2.14","3.32","3.50","1.04","7.50","1.38","2.75","2.25","1.66","3.98","1.20","7.80","1.04","1.95","1.81"
"70545","18-03-23 13:30","Scotland","Premiership","2022/2023","Motherwell","Rangers","11.10","5.56","1.31","1.03","13.80","1.20","4.79","1.58","2.45","2.52","1.55","4.53","1.22","1.98","1.83"
"70546","08-03-23 20:45","Scotland","Premiership","2022/2023","Celtic","Hearts","1.14","11.40","14.70","1.01","29.00","1.11","7.00","1.34","3.40","1.90","2.00","2.86","1.45","1.98","1.83"
"70547","08-03-23 20:45","Scotland","Premiership","2022/2023","Hibernian","Rangers","5.77","4.34","1.59","1.03","13.80","1.24","4.25","1.80","2.13","2.88","1.44","5.66","1.16","1.78","2.04"
"70548","08-03-23 20:45","Scotland","Premiership","2022/2023","Livingston","Dundee Utd","2.25","3.26","3.58","1.05","8.00","1.41","3.00","2.37","1.62","4.48","1.18","9.26","1.03","1.96","1.80"
"70549","05-03-23 13:00","Scotland","Premiership","2022/2023","St. Mirren","Celtic","10.60","6.83","1.26","1.02","18.10","1.17","5.32","1.55","2.53","2.33","1.63","4.22","1.24","1.98","1.83"
"70550","04-03-23 19:00","Scotland","Premiership","2022/2023","Dundee Utd","Aberdeen","2.87","3.33","2.62","1.08","9.00","1.41","3.00","2.35","1.67","4.14","1.25","9.26","1.07","1.98","1.83"
"70551","04-03-23 16:00","Scotland","Premiership","2022/2023","Hearts","St Johnstone","1.72","3.86","4.66","1.01","9.50","1.25","3.48","1.89","1.93","3.02","1.32","5.65","1.09","1.82","1.94"
"70552","04-03-23 16:00","Scotland","Premiership","2022/2023","Livingston","Hibernian","3.14","3.08","2.43","1.06","6.50","1.44","2.54","2.43","1.57","4.40","1.16","8.70","1.02","2.02","1.76"
"70553","04-03-23 16:00","Scotland","Premiership","2022/2023","Rangers","Kilmarnock","1.20","6.85","14.00","1.03","18.00","1.13","4.80","1.49","2.40","2.33","1.62","3.72","1.22","2.21","1.63"
"70554","04-03-23 16:00","Scotland","Premiership","2022/2023","Ross County","Motherwell","2.57","3.04","2.97","1.06","6.55","1.43","2.57","2.43","1.57","4.40","1.16","8.60","1.02","2.01","1.76"
"70555","25-02-23 16:00","Scotland","Premiership","2022/2023","Aberdeen","Livingston","2.05","3.34","4.10","1.11","7.00","1.48","2.75","2.47","1.57","4.80","1.20","9.99","1.06","2.10","1.74"
"70556","25-02-23 16:00","Scotland","Premiership","2022/2023","Kilmarnock","Motherwell","2.25","3.27","3.57","1.09","8.00","1.48","2.75","2.37","1.62","4.48","1.22","9.26","1.07","2.04","1.78"
"70557","25-02-23 16:00","Scotland","Premiership","2022/2023","Ross County","Dundee Utd","2.46","3.34","3.08","1.09","8.00","1.41","3.00","2.26","1.67","4.48","1.22","9.26","1.07","1.98","1.83"
"70558","25-02-23 16:00","Scotland","Premiership","2022/2023","St Johnstone","St. Mirren","2.63","3.03","3.13","1.16","5.50","1.65","2.30","2.86","1.45","6.00","1.14","12.50","1.04","2.25","1.65"
"70559","19-02-23 13:00","Scotland","Premiership","2022/2023","Motherwell","Hearts","3.59","3.58","2.12","1.05","11.70","1.30","3.72","1.88","2.03","3.24","1.37","6.66","1.12","1.74","2.10"
"70560","18-02-23 16:00","Scotland","Premiership","2022/2023","Celtic","Aberdeen","1.19","7.74","16.60","1.02","26.00","1.10","7.45","1.34","3.41","1.88","2.03","2.88","1.44","1.92","1.88"
"70561","18-02-23 16:00","Scotland","Premiership","2022/2023","Dundee Utd","St Johnstone","2.50","3.27","3.07","1.09","8.00","1.48","2.75","2.47","1.57","4.80","1.20","9.99","1.06","2.04","1.78"
"70562","18-02-23 16:00","Scotland","Premiership","2022/2023","Hibernian","Kilmarnock","1.92","3.73","4.14","1.08","9.00","1.37","3.20","2.24","1.73","3.79","1.29","7.54","1.10","1.98","1.83"
"70563","18-02-23 16:00","Scotland","Premiership","2022/2023","Livingston","Rangers","8.21","5.13","1.40","1.03","13.80","1.22","4.61","1.73","2.23","2.70","1.49","5.11","1.18","1.98","1.83"
"70564","18-02-23 16:00","Scotland","Premiership","2022/2023","St. Mirren","Ross County","2.17","3.19","3.91","1.11","7.00","1.48","2.75","2.47","1.57","4.80","1.20","9.99","1.06","2.04","1.78"
"70565","15-02-23 20:45","Scotland","Premiership","2022/2023","Motherwell","St. Mirren","3.25","3.05","2.54","1.11","7.00","1.48","2.75","2.47","1.57","4.80","1.20","9.99","1.06","2.04","1.78"
"70566","05-02-23 13:00","Scotland","Premiership","2022/2023","St Johnstone","Celtic","12.40","8.17","1.21","1.02","18.10","1.17","5.32","1.50","2.66","2.23","1.69","3.90","1.28","2.31","1.62"
"70567","04-02-23 16:00","Scotland","Premiership","2022/2023","Aberdeen","Motherwell","1.89","3.66","4.40","1.06","10.00","1.32","3.50","1.99","1.91","3.43","1.34","7.06","1.11","1.83","1.98"
"70568","04-02-23 16:00","Scotland","Premiership","2022/2023","Hearts","Dundee Utd","1.74","3.84","5.12","1.05","11.00","1.23","4.33","1.82","2.10","2.86","1.45","5.41","1.17","1.74","2.10"
"70569","04-02-23 16:00","Scotland","Premiership","2022/2023","Livingston","Kilmarnock","2.43","3.28","3.18","1.11","7.00","1.48","2.75","2.47","1.57","4.80","1.20","9.99","1.06","2.04","1.78"
"70570","04-02-23 16:00","Scotland","Premiership","2022/2023","Rangers","Ross County","1.12","10.90","21.00","1.02","25.00","1.14","6.00","1.41","3.00","2.13","1.80","3.43","1.34","2.42","1.57"
"70571","04-02-23 16:00","Scotland","Premiership","2022/2023","St. Mirren","Hibernian","2.56","3.23","3.03","1.09","8.00","1.41","3.00","2.35","1.67","4.14","1.25","8.45","1.09","1.90","1.90"
"70572","01-02-23 20:45","Scotland","Premiership","2022/2023","Aberdeen","St. Mirren","2.02","3.46","4.06","1.09","8.00","1.41","3.00","2.35","1.67","4.14","1.25","8.45","1.09","1.98","1.83"
"70573","01-02-23 20:45","Scotland","Premiership","2022/2023","Celtic","Livingston","1.14","9.25","21.00","1.02","29.00","1.09","8.00","1.34","3.40","1.90","2.00","2.86","1.45","2.10","1.74"
"70574","01-02-23 20:45","Scotland","Premiership","2022/2023","Hearts","Rangers","5.79","4.61","1.56","1.02","17.00","1.19","5.00","1.61","2.38","2.57","1.54","4.48","1.22","1.74","2.10"
"70575","01-02-23 20:45","Scotland","Premiership","2022/2023","Kilmarnock","Dundee Utd","2.33","3.30","3.36","1.09","8.00","1.48","2.75","2.37","1.62","4.48","1.22","9.26","1.07","1.87","1.94"
"70576","01-02-23 20:45","Scotland","Premiership","2022/2023","Motherwell","St Johnstone","1.94","3.36","4.58","1.09","8.00","1.41","3.00","2.35","1.67","4.14","1.25","8.45","1.09","1.98","1.83"
"70577","31-01-23 20:45","Scotland","Premiership","2022/2023","Ross County","Hibernian","3.70","3.44","2.03","1.03","8.00","1.34","2.93","2.14","1.72","3.70","1.22","7.20","1.05","1.90","1.86"
"70578","29-01-23 17:00","Scotland","Premiership","2022/2023","Dundee Utd","Celtic","13.30","6.79","1.24","1.02","22.00","1.15","5.85","1.43","2.93","2.11","1.81","3.46","1.33","1.98","1.83"
"70579","29-01-23 14:30","Scotland","Premiership","2022/2023","Livingston","Hearts","2.75","3.65","2.54","1.05","11.00","1.32","3.50","1.99","1.91","3.43","1.34","6.54","1.13","1.78","2.04"
"70580","28-01-23 16:00","Scotland","Premiership","2022/2023","Hibernian","Aberdeen","2.30","3.69","3.07","1.05","11.00","1.29","3.75","1.99","1.91","3.43","1.34","6.54","1.13","1.78","2.04"
"70581","28-01-23 16:00","Scotland","Premiership","2022/2023","Rangers","St Johnstone","1.16","8.13","21.00","1.02","17.00","1.16","5.50","1.48","2.75","2.26","1.67","3.79","1.29","2.42","1.57"
"70582","28-01-23 16:00","Scotland","Premiership","2022/2023","Ross County","Kilmarnock","2.86","3.07","2.81","1.11","7.00","1.48","2.75","2.47","1.57","4.80","1.20","9.99","1.06","2.04","1.78"
"70583","28-01-23 16:00","Scotland","Premiership","2022/2023","St. Mirren","Motherwell","2.45","3.17","3.26","1.10","7.45","1.46","2.79","2.43","1.59","4.53","1.22","9.43","1.07","2.04","1.78"
"70584","18-01-23 21:00","Scotland","Premiership","2022/2023","Kilmarnock","Rangers","8.91","5.77","1.34","1.05","11.70","1.22","4.61","1.73","2.23","2.70","1.49","5.11","1.18","2.15","1.70"
"70585","18-01-23 20:45","Scotland","Premiership","2022/2023","Celtic","St. Mirren","1.11","10.40","28.00","1.02","26.00","1.13","6.38","1.34","3.41","2.01","1.90","3.06","1.40","2.25","1.65"
"70586","18-01-23 20:45","Scotland","Premiership","2022/2023","Hearts","Aberdeen","2.14","3.56","3.56","1.04","13.00","1.23","4.33","1.82","2.10","2.86","1.45","5.41","1.17","1.55","2.46"
"70587","14-01-23 16:00","Scotland","Premiership","2022/2023","Hibernian","Dundee Utd","1.79","3.73","4.92","1.06","10.00","1.32","3.50","1.99","1.91","3.43","1.34","6.54","1.13","1.83","1.98"
"70588","14-01-23 16:00","Scotland","Premiership","2022/2023","Motherwell","Ross County","1.80","3.70","4.88","1.08","9.00","1.34","3.40","2.24","1.73","3.79","1.29","7.54","1.10","1.98","1.83"
"70589","14-01-23 16:00","Scotland","Premiership","2022/2023","St Johnstone","Livingston","2.45","3.17","3.26","1.13","6.50","1.56","2.50","2.66","1.50","5.41","1.17","11.20","1.05","2.10","1.74"
"70590","13-01-23 20:45","Scotland","Premiership","2022/2023","Hearts","St. Mirren","1.73","3.88","5.17","1.05","11.00","1.26","4.00","1.90","2.00","3.06","1.40","6.00","1.14","1.83","1.98"
"70591","08-01-23 17:00","Scotland","Premiership","2022/2023","Dundee Utd","Rangers","11.50","5.21","1.33","1.03","13.80","1.20","4.79","1.58","2.45","2.52","1.55","4.53","1.22","1.92","1.88"
"70592","08-01-23 14:30","Scotland","Premiership","2022/2023","Motherwell","Hibernian","2.93","3.46","2.50","1.07","9.57","1.34","3.41","2.11","1.81","3.90","1.28","7.97","1.09","1.83","1.98"
"70593","07-01-23 16:00","Scotland","Premiership","2022/2023","Aberdeen","St Johnstone","1.72","3.77","5.43","1.06","10.60","1.31","3.62","2.01","1.90","3.46","1.33","6.66","1.12","1.92","1.88"
"70594","07-01-23 16:00","Scotland","Premiership","2022/2023","Celtic","Kilmarnock","1.09","13.30","25.00","1.01","29.00","1.08","8.51","1.26","3.99","1.63","2.34","2.43","1.59","2.15","1.70"
"70595","07-01-23 16:00","Scotland","Premiership","2022/2023","Ross County","Livingston","2.75","3.16","2.85","1.12","6.91","1.50","2.66","2.52","1.55","5.11","1.18","10.60","1.06","2.10","1.74"
"70596","07-01-23 16:00","Scotland","Premiership","2022/2023","St. Mirren","Hearts","2.95","3.39","2.52","1.05","11.00","1.26","4.00","1.90","2.00","3.06","1.40","6.00","1.14","1.70","2.15"
"70597","02-01-23 16:00","Scotland","Premiership","2022/2023","Aberdeen","Ross County","1.57","4.44","5.90","1.05","11.00","1.26","4.00","1.90","2.00","3.24","1.37","6.00","1.14","1.87","1.94"
"70598","02-01-23 16:00","Scotland","Premiership","2022/2023","Hearts","Hibernian","2.21","3.69","3.27","1.02","16.00","1.20","4.79","1.63","2.34","2.52","1.55","4.53","1.22","1.55","2.46"
"70599","02-01-23 16:00","Scotland","Premiership","2022/2023","Kilmarnock","St. Mirren","2.55","3.34","2.95","1.08","8.51","1.38","3.19","2.23","1.69","4.22","1.24","8.74","1.08","1.87","1.94"
"70600","02-01-23 16:00","Scotland","Premiership","2022/2023","Livingston","Motherwell","3.00","3.41","2.48","1.08","9.00","1.37","3.20","2.24","1.73","4.14","1.25","8.45","1.09","1.90","1.90"
"70601","02-01-23 16:00","Scotland","Premiership","2022/2023","St Johnstone","Dundee Utd","2.36","3.30","3.29","1.08","8.51","1.38","3.19","2.14","1.74","4.22","1.24","8.74","1.08","1.98","1.83"
"70602","02-01-23 13:30","Scotland","Premiership","2022/2023","Rangers","Celtic","2.98","3.80","2.31","1.03","15.00","1.22","4.50","1.70","2.20","2.66","1.50","4.80","1.20","1.62","2.31"
"70603","28-12-22 21:00","Scotland","Premiership","2022/2023","Hibernian","Celtic","7.71","6.21","1.35","1.02","22.00","1.16","5.50","1.48","2.75","2.24","1.73","3.67","1.30","1.78","2.04"
"70604","28-12-22 20:45","Scotland","Premiership","2022/2023","Dundee Utd","Ross County","1.96","3.49","4.30","1.09","8.00","1.41","3.00","2.35","1.67","4.14","1.25","8.45","1.09","1.98","1.83"
"70605","28-12-22 20:45","Scotland","Premiership","2022/2023","Kilmarnock","Aberdeen","3.07","3.69","2.30","1.05","11.00","1.32","3.50","1.99","1.91","3.43","1.34","6.54","1.13","1.78","2.04"
"70606","28-12-22 20:45","Scotland","Premiership","2022/2023","Livingston","St. Mirren","2.86","3.26","2.68","1.08","9.00","1.37","3.20","2.35","1.67","4.14","1.25","8.45","1.09","1.90","1.90"
"70607","28-12-22 20:45","Scotland","Premiership","2022/2023","Rangers","Motherwell","1.22","8.52","10.70","1.02","21.00","1.16","5.50","1.48","2.75","2.24","1.73","3.67","1.30","1.98","1.83"
"70608","28-12-22 20:45","Scotland","Premiership","2022/2023","St Johnstone","Hearts","3.17","3.68","2.25","1.05","11.00","1.29","3.75","1.99","1.91","3.43","1.34","6.54","1.13","1.78","2.04"
"70609","24-12-22 15:00","Scotland","Premiership","2022/2023","Dundee Utd","Hearts","3.41","3.72","2.14","1.03","13.80","1.24","4.25","1.80","2.13","2.88","1.44","5.66","1.16","1.70","2.15"
"70610","24-12-22 15:00","Scotland","Premiership","2022/2023","Hibernian","Livingston","1.71","4.11","4.93","1.05","11.00","1.32","3.50","1.99","1.91","3.43","1.34","7.06","1.11","1.87","1.94"
"70611","24-12-22 13:30","Scotland","Premiership","2022/2023","Celtic","St Johnstone","1.09","13.30","25.00","1.01","17.00","1.09","8.00","1.29","3.75","1.82","2.10","2.66","1.50","2.31","1.62"
"70612","24-12-22 13:30","Scotland","Premiership","2022/2023","St. Mirren","Aberdeen","2.70","3.34","2.78","1.08","8.51","1.38","3.19","2.22","1.74","3.90","1.28","7.97","1.09","1.90","1.90"
"70613","23-12-22 20:45","Scotland","Premiership","2022/2023","Motherwell","Kilmarnock","2.07","3.60","3.69","1.07","9.57","1.38","3.19","2.22","1.74","3.90","1.28","7.97","1.09","1.98","1.83"
"70614","23-12-22 20:30","Scotland","Premiership","2022/2023","Ross County","Rangers","10.80","6.51","1.28","1.02","16.70","1.19","5.00","1.54","2.56","2.34","1.63","4.36","1.23","1.98","1.83"
"70615","21-12-22 20:45","Scotland","Premiership","2022/2023","Celtic","Livingston","1.11","11.40","22.00","1.01","17.00","1.09","8.00","1.29","3.75","1.82","2.10","2.66","1.50","2.15","1.70"
"70616","20-12-22 21:00","Scotland","Premiership","2022/2023","Aberdeen","Rangers","6.45","4.38","1.54","1.03","13.80","1.22","4.61","1.73","2.23","2.70","1.49","5.11","1.18","1.73","2.10"
"70617","17-12-22 16:00","Scotland","Premiership","2022/2023","Hearts","Kilmarnock","1.72","3.92","5.16","1.05","11.00","1.29","3.75","1.90","2.00","3.24","1.37","6.00","1.14","1.83","1.98"
"70618","17-12-22 16:00","Scotland","Premiership","2022/2023","Ross County","St Johnstone","2.54","3.25","3.05","1.10","7.45","1.46","2.79","2.43","1.59","5.11","1.18","10.60","1.06","2.10","1.74"
"70619","17-12-22 13:30","Scotland","Premiership","2022/2023","Aberdeen","Celtic","8.29","5.88","1.35","1.02","22.00","1.15","5.85","1.43","2.93","2.11","1.81","3.46","1.33","1.69","2.17"
"70620","15-12-22 21:00","Scotland","Premiership","2022/2023","Rangers","Hibernian","1.34","5.60","9.21","1.02","16.00","1.20","4.79","1.58","2.45","2.52","1.55","4.53","1.22","1.87","1.94"
"70621","12-11-22 19:00","Scotland","Premiership","2022/2023","Aberdeen","Dundee Utd","1.78","3.85","4.81","1.03","13.80","1.24","4.25","1.80","2.13","2.88","1.44","5.66","1.16","1.74","2.10"
"70622","12-11-22 16:00","Scotland","Premiership","2022/2023","Celtic","Ross County","1.06","12.00","23.00","1.01","29.00","1.06","10.00","1.23","4.33","1.65","2.30","2.37","1.62","2.25","1.65"
"70623","12-11-22 16:00","Scotland","Premiership","2022/2023","Hearts","Livingston","1.85","3.69","4.61","1.06","10.00","1.32","3.50","2.13","1.80","3.67","1.30","7.06","1.11","1.86","1.90"
"70624","12-11-22 16:00","Scotland","Premiership","2022/2023","Kilmarnock","Hibernian","3.81","3.46","2.09","1.03","8.00","1.35","2.98","2.16","1.74","3.72","1.24","8.45","1.05","1.98","1.83"
"70625","12-11-22 16:00","Scotland","Premiership","2022/2023","St Johnstone","Motherwell","2.66","3.20","2.69","1.06","7.60","1.45","2.89","2.24","1.59","4.10","1.18","8.00","1.03","1.95","1.81"
"70626","12-11-22 13:30","Scotland","Premiership","2022/2023","St. Mirren","Rangers","7.54","4.77","1.45","1.04","13.00","1.23","4.33","1.70","2.20","2.86","1.45","5.41","1.17","1.98","1.83"
"70627","09-11-22 20:45","Scotland","Premiership","2022/2023","Dundee Utd","Kilmarnock","2.15","3.38","3.69","1.08","9.00","1.37","3.20","2.24","1.73","4.14","1.25","8.45","1.09","1.98","1.83"
"70628","09-11-22 20:45","Scotland","Premiership","2022/2023","Motherwell","Celtic","9.27","7.21","1.27","1.02","21.00","1.18","5.19","1.52","2.59","2.38","1.65","3.90","1.27","1.90","1.90"
"70629","09-11-22 20:45","Scotland","Premiership","2022/2023","Rangers","Hearts","1.22","7.96","11.70","1.02","26.00","1.13","6.50","1.37","3.20","1.99","1.91","3.06","1.40","1.90","1.90"
"70630","09-11-22 20:45","Scotland","Premiership","2022/2023","St. Mirren","St Johnstone","2.14","3.31","3.82","1.11","7.00","1.48","2.75","2.57","1.54","4.80","1.20","9.99","1.06","2.10","1.74"
"70631","08-11-22 20:45","Scotland","Premiership","2022/2023","Hibernian","Ross County","1.44","4.64","8.24","1.06","10.00","1.32","3.50","1.99","1.91","3.43","1.34","6.54","1.13","2.24","1.65"
"70632","08-11-22 20:45","Scotland","Premiership","2022/2023","Livingston","Aberdeen","2.52","3.39","2.95","1.08","9.00","1.37","3.20","2.24","1.73","4.14","1.25","8.45","1.09","1.90","1.90"
"70633","06-11-22 16:00","Scotland","Premiership","2022/2023","Hearts","Motherwell","2.23","3.54","3.34","1.01","13.00","1.26","4.00","1.99","1.91","3.24","1.36","6.54","1.13","1.74","2.10"
"70634","06-11-22 13:00","Scotland","Premiership","2022/2023","St Johnstone","Rangers","11.90","5.35","1.31","1.03","13.80","1.20","4.79","1.58","2.45","2.42","1.59","4.53","1.22","1.98","1.83"
"70635","05-11-22 16:00","Scotland","Premiership","2022/2023","Celtic","Dundee Utd","1.07","11.50","26.00","1.01","26.00","1.04","7.80","1.24","3.72","1.70","2.22","2.39","1.52","2.22","1.63"
"70636","05-11-22 16:00","Scotland","Premiership","2022/2023","Ross County","St. Mirren","3.24","3.20","2.29","1.05","7.10","1.43","2.66","2.40","1.61","4.40","1.18","8.40","1.03","2.01","1.76"
"70637","04-11-22 20:45","Scotland","Premiership","2022/2023","Kilmarnock","Livingston","2.57","2.95","3.29","1.14","6.00","1.51","2.63","2.66","1.50","5.41","1.17","11.20","1.05","2.04","1.78"
"70638","04-11-22 20:30","Scotland","Premiership","2022/2023","Aberdeen","Hibernian","2.38","3.46","3.12","1.07","9.57","1.34","3.40","2.11","1.81","3.90","1.27","7.97","1.09","1.79","2.02"
"70639","30-10-22 16:00","Scotland","Premiership","2022/2023","Ross County","Hearts","3.53","3.43","2.19","1.06","10.00","1.32","3.50","2.13","1.80","3.43","1.34","7.06","1.11","1.78","2.04"
"70640","30-10-22 13:00","Scotland","Premiership","2022/2023","Livingston","Celtic","11.10","6.59","1.27","1.04","13.00","1.22","4.50","1.61","2.38","2.47","1.57","4.48","1.22","2.15","1.70"
"70641","29-10-22 16:00","Scotland","Premiership","2022/2023","Dundee Utd","Motherwell","2.89","3.26","2.47","1.04","7.80","1.36","2.94","2.19","1.72","3.80","1.23","7.30","1.05","1.88","1.88"
"70642","29-10-22 16:00","Scotland","Premiership","2022/2023","Hibernian","St. Mirren","1.82","3.64","4.28","1.02","8.60","1.31","3.20","2.03","1.83","3.40","1.28","6.40","1.07","1.88","1.88"
"70643","29-10-22 16:00","Scotland","Premiership","2022/2023","Rangers","Aberdeen","1.34","5.20","8.00","1.03","18.00","1.15","4.50","1.56","2.30","2.49","1.57","4.14","1.20","1.88","1.88"
"70644","29-10-22 16:00","Scotland","Premiership","2022/2023","St Johnstone","Kilmarnock","2.33","3.10","3.28","1.07","6.30","1.51","2.42","2.66","1.51","5.05","1.14","9.80","1.01","2.15","1.67"
"70645","22-10-22 16:00","Scotland","Premiership","2022/2023","Kilmarnock","Ross County","1.89","3.40","4.26","1.04","7.50","1.39","2.81","2.27","1.64","4.04","1.21","7.80","1.04","2.03","1.75"
"70646","22-10-22 16:00","Scotland","Premiership","2022/2023","Motherwell","Aberdeen","2.59","3.34","2.66","1.03","8.50","1.32","3.14","2.06","1.81","3.48","1.27","6.50","1.06","1.79","1.98"
"70647","22-10-22 16:00","Scotland","Premiership","2022/2023","Rangers","Livingston","1.22","6.05","12.00","1.03","18.00","1.16","4.40","1.58","2.26","2.54","1.55","4.30","1.19","2.20","1.64"
"70648","22-10-22 16:00","Scotland","Premiership","2022/2023","St. Mirren","Dundee Utd","2.11","3.36","3.50","1.04","7.90","1.36","2.94","2.19","1.72","3.80","1.23","7.30","1.05","1.91","1.85"
"70649","22-10-22 13:30","Scotland","Premiership","2022/2023","Hearts","Celtic","8.66","5.85","1.35","1.02","23.00","1.13","6.38","1.43","2.93","2.11","1.81","3.24","1.36","1.74","2.10"
"70650","21-10-22 20:30","Scotland","Premiership","2022/2023","Hibernian","St Johnstone","1.63","3.89","6.23","1.08","9.00","1.37","3.20","2.24","1.73","4.14","1.25","8.45","1.09","2.15","1.70"
"70651","16-10-22 16:00","Scotland","Premiership","2022/2023","Aberdeen","Hearts","2.11","3.49","3.70","1.05","11.00","1.26","4.00","1.90","2.00","3.24","1.37","6.00","1.14","1.70","2.15"
"70652","16-10-22 13:00","Scotland","Premiership","2022/2023","Motherwell","Rangers","7.06","4.37","1.51","1.03","13.80","1.21","4.61","1.73","2.23","2.70","1.49","5.11","1.18","1.83","1.98"
"70653","15-10-22 16:00","Scotland","Premiership","2022/2023","Celtic","Hibernian","1.29","5.40","8.70","1.02","18.00","1.14","4.70","1.52","2.39","2.40","1.61","3.90","1.22","1.88","1.88"
"70654","15-10-22 16:00","Scotland","Premiership","2022/2023","Livingston","St Johnstone","1.92","3.22","4.44","1.07","6.40","1.46","2.56","2.49","1.57","4.54","1.17","8.80","1.02","2.17","1.66"
"70655","15-10-22 16:00","Scotland","Premiership","2022/2023","Ross County","Dundee Utd","2.69","3.24","2.63","1.04","7.60","1.38","2.85","2.26","1.68","3.90","1.22","7.60","1.04","1.90","1.86"
"70656","15-10-22 16:00","Scotland","Premiership","2022/2023","St. Mirren","Kilmarnock","1.89","3.34","4.36","1.05","7.20","1.39","2.81","2.27","1.67","3.90","1.22","7.60","1.04","2.02","1.76"
"70657","11-10-22 20:45","Scotland","Premiership","2022/2023","Dundee Utd","Hibernian","4.36","3.85","1.85","1.05","11.70","1.29","3.72","1.88","2.03","3.24","1.36","6.66","1.12","1.83","1.98"
"70658","09-10-22 16:00","Scotland","Premiership","2022/2023","Kilmarnock","Hearts","3.48","3.59","2.15","1.05","11.00","1.29","3.75","1.99","1.91","3.24","1.37","6.54","1.13","1.74","2.10"
"70659","08-10-22 19:00","Scotland","Premiership","2022/2023","Dundee Utd","Aberdeen","3.76","3.48","1.98","1.03","8.20","1.33","3.10","2.10","1.78","3.62","1.25","6.80","1.06","1.88","1.88"
"70660","08-10-22 16:00","Scotland","Premiership","2022/2023","Hibernian","Motherwell","1.78","3.92","4.65","1.05","11.00","1.29","3.75","1.99","1.91","3.43","1.34","6.54","1.13","1.90","1.90"
"70661","08-10-22 16:00","Scotland","Premiership","2022/2023","Livingston","Ross County","1.96","3.39","4.45","1.09","8.00","1.41","3.00","2.35","1.67","4.14","1.25","9.26","1.07","2.04","1.78"
"70662","08-10-22 16:00","Scotland","Premiership","2022/2023","Rangers","St. Mirren","1.22","6.63","16.60","1.03","15.00","1.19","5.00","1.56","2.50","2.37","1.62","4.14","1.25","2.15","1.70"
"70663","08-10-22 13:30","Scotland","Premiership","2022/2023","St Johnstone","Celtic","13.50","7.28","1.22","1.02","16.00","1.17","5.32","1.50","2.66","2.33","1.63","3.90","1.27","2.11","1.73"
"70664","05-10-22 20:45","Scotland","Premiership","2022/2023","Kilmarnock","St Johnstone","2.32","3.19","3.50","1.11","7.00","1.48","2.75","2.47","1.57","4.80","1.20","9.99","1.06","2.04","1.78"
"70665","04-10-22 20:45","Scotland","Premiership","2022/2023","Ross County","Motherwell","2.99","3.41","2.48","1.09","8.00","1.41","3.00","2.37","1.62","4.48","1.22","9.26","1.07","1.98","1.83"
"70666","01-10-22 16:00","Scotland","Premiership","2022/2023","Aberdeen","Kilmarnock","1.69","3.74","5.05","1.03","8.40","1.33","3.10","2.10","1.78","3.54","1.26","6.75","1.06","2.01","1.76"
"70667","01-10-22 16:00","Scotland","Premiership","2022/2023","Celtic","Motherwell","1.08","10.00","26.00","1.02","29.00","1.05","6.95","1.29","3.36","1.80","2.07","2.62","1.44","2.24","1.62"
"70668","01-10-22 16:00","Scotland","Premiership","2022/2023","Dundee Utd","St Johnstone","2.34","3.10","3.24","1.07","6.35","1.50","2.45","2.63","1.52","5.00","1.14","9.70","1.01","2.13","1.68"
"70669","01-10-22 16:00","Scotland","Premiership","2022/2023","Ross County","Hibernian","3.96","3.42","1.95","1.04","7.70","1.38","2.85","2.24","1.69","3.90","1.22","7.50","1.04","1.98","1.78"
"70670","01-10-22 16:00","Scotland","Premiership","2022/2023","St. Mirren","Livingston","2.19","3.24","3.42","1.05","7.00","1.43","2.66","2.40","1.61","4.40","1.18","8.40","1.03","2.03","1.75"
"70671","01-10-22 13:30","Scotland","Premiership","2022/2023","Hearts","Rangers","5.64","4.61","1.57","1.03","14.10","1.24","4.25","1.72","2.17","2.73","1.48","5.11","1.18","1.74","2.10"
"70672","18-09-22 16:00","Scotland","Premiership","2022/2023","Motherwell","Hearts","2.49","3.36","2.76","1.02","8.70","1.31","3.20","2.03","1.83","3.40","1.28","6.35","1.07","1.78","1.99"
"70673","18-09-22 13:00","Scotland","Premiership","2022/2023","St. Mirren","Celtic","16.70","6.78","1.21","1.02","17.00","1.19","5.00","1.56","2.50","2.37","1.62","4.14","1.25","2.10","1.74"
"70674","17-09-22 16:00","Scotland","Premiership","2022/2023","Hibernian","Aberdeen","2.22","3.34","3.26","1.03","8.00","1.35","2.98","2.16","1.74","3.72","1.24","7.10","1.05","1.88","1.88"
"70675","17-09-22 16:00","Scotland","Premiership","2022/2023","Livingston","Kilmarnock","2.09","3.30","3.62","1.05","7.30","1.41","2.73","2.33","1.64","4.20","1.20","8.00","1.03","1.99","1.78"
"70676","17-09-22 16:00","Scotland","Premiership","2022/2023","Rangers","Dundee Utd","1.12","8.40","20.00","1.02","22.00","1.09","5.65","1.40","2.77","2.07","1.80","3.20","1.31","2.30","1.59"
"70677","17-09-22 16:00","Scotland","Premiership","2022/2023","St Johnstone","Ross County","2.54","3.08","2.95","1.06","6.45","1.49","2.47","2.60","1.53","4.90","1.15","9.40","1.01","2.10","1.70"
"70678","03-09-22 16:00","Scotland","Premiership","2022/2023","Hibernian","Kilmarnock","1.68","3.74","5.10","1.03","8.30","1.33","3.10","2.10","1.78","3.54","1.26","6.75","1.06","2.02","1.76"
"70679","03-09-22 16:00","Scotland","Premiership","2022/2023","Livingston","Hearts","3.34","3.52","2.11","1.02","9.30","1.27","3.48","1.93","1.93","3.14","1.32","5.75","1.09","1.74","2.04"
"70680","03-09-22 16:00","Scotland","Premiership","2022/2023","Motherwell","Dundee Utd","1.94","3.46","3.94","1.03","8.00","1.35","2.98","2.17","1.73","3.72","1.24","7.20","1.05","1.93","1.83"
"70681","03-09-22 16:00","Scotland","Premiership","2022/2023","Ross County","Aberdeen","3.44","3.30","2.15","1.04","7.50","1.39","2.81","2.28","1.67","4.04","1.21","7.80","1.04","1.95","1.81"
"70682","03-09-22 16:00","Scotland","Premiership","2022/2023","St Johnstone","St. Mirren","2.85","3.02","2.64","1.08","6.10","1.53","2.38","2.72","1.49","5.20","1.13","10.00","1.01","2.17","1.66"
"70683","03-09-22 13:30","Scotland","Premiership","2022/2023","Celtic","Rangers","1.83","4.10","4.44","","","1.19","4.24","1.73","2.29","2.56","1.46","4.44","1.15","1.63","2.22"
"70684","28-08-22 16:00","Scotland","Premiership","2022/2023","Hearts","St Johnstone","1.74","3.64","4.82","1.03","8.10","1.35","2.98","2.14","1.75","3.72","1.24","7.00","1.05","2.02","1.76"
"70685","28-08-22 13:00","Scotland","Premiership","2022/2023","Dundee Utd","Celtic","21.00","10.90","1.12","1.02","28.00","1.11","7.00","1.34","3.40","1.99","1.91","3.06","1.40","2.24","1.65"
"70686","27-08-22 16:00","Scotland","Premiership","2022/2023","Aberdeen","Livingston","1.84","3.50","4.38","1.04","7.60","1.38","2.85","2.26","1.68","3.90","1.22","7.60","1.04","2.03","1.75"
"70687","27-08-22 16:00","Scotland","Premiership","2022/2023","Kilmarnock","Motherwell","2.64","3.24","2.68","1.04","7.60","1.38","2.85","2.24","1.69","3.90","1.22","7.50","1.04","1.89","1.87"
"70688","27-08-22 16:00","Scotland","Premiership","2022/2023","Rangers","Ross County","1.11","8.80","22.00","1.02","23.00","1.09","5.60","1.40","2.77","2.08","1.79","3.26","1.30","2.41","1.54"
"70689","27-08-22 16:00","Scotland","Premiership","2022/2023","St. Mirren","Hibernian","3.15","3.20","2.34","1.05","7.20","1.42","2.69","2.35","1.63","4.30","1.19","8.20","1.03","1.98","1.78"
"70690","21-08-22 16:00","Scotland","Premiership","2022/2023","Celtic","Hearts","1.17","9.59","15.10","1.02","28.00","1.09","8.00","1.32","3.50","1.82","2.10","2.66","1.50","1.79","2.02"
"70691","20-08-22 16:00","Scotland","Premiership","2022/2023","Dundee Utd","St. Mirren","2.37","3.18","3.12","1.05","6.95","1.43","2.66","2.42","1.60","4.44","1.18","8.50","1.03","2.01","1.76"
"70692","20-08-22 16:00","Scotland","Premiership","2022/2023","Motherwell","Livingston","2.40","3.20","3.06","1.05","7.20","1.41","2.73","2.35","1.63","4.24","1.19","8.20","1.03","1.97","1.80"
"70693","20-08-22 16:00","Scotland","Premiership","2022/2023","Ross County","Kilmarnock","2.28","3.24","3.22","1.04","7.50","1.39","2.81","2.27","1.67","4.04","1.21","7.70","1.04","1.93","1.83"
"70694","20-08-22 16:00","Scotland","Premiership","2022/2023","St Johnstone","Aberdeen","3.24","3.16","2.31","1.06","6.75","1.46","2.56","2.49","1.57","4.60","1.17","8.80","1.02","2.06","1.73"
"70695","20-08-22 13:30","Scotland","Premiership","2022/2023","Hibernian","Rangers","6.22","4.07","1.60","1.05","11.70","1.26","3.99","1.88","2.03","3.24","1.36","6.17","1.14","1.87","1.94"
"70696","14-08-22 16:00","Scotland","Premiership","2022/2023","Hearts","Dundee Utd","1.54","4.11","7.19","1.05","11.00","1.29","3.75","1.99","1.91","3.24","1.37","6.54","1.13","1.98","1.83"
"70697","14-08-22 13:00","Scotland","Premiership","2022/2023","Kilmarnock","Celtic","17.50","7.74","1.18","1.02","21.00","1.14","6.00","1.41","3.00","2.13","1.80","3.43","1.34","2.10","1.74"
"70698","13-08-22 16:00","Scotland","Premiership","2022/2023","Aberdeen","Motherwell","1.75","3.66","5.33","1.09","8.00","1.37","3.20","2.24","1.73","4.14","1.25","8.45","1.09","2.04","1.78"
"70699","13-08-22 16:00","Scotland","Premiership","2022/2023","Livingston","Hibernian","3.31","3.16","2.42","1.11","7.00","1.48","2.75","2.37","1.62","4.48","1.22","9.26","1.07","1.98","1.83"
"70700","13-08-22 16:00","Scotland","Premiership","2022/2023","Rangers","St Johnstone","1.19","7.55","17.10","1.04","13.00","1.22","4.50","1.65","2.30","2.66","1.50","4.80","1.20","2.53","1.52"
"70701","13-08-22 16:00","Scotland","Premiership","2022/2023","St. Mirren","Ross County","2.45","3.16","3.26","1.09","8.00","1.41","3.00","2.35","1.67","4.14","1.25","8.45","1.09","1.90","1.90"
"70702","07-08-22 16:00","Scotland","Premiership","2022/2023","Dundee Utd","Livingston","2.56","3.18","3.07","1.11","7.00","1.48","2.75","2.47","1.57","4.80","1.20","9.99","1.06","2.04","1.78"
"70703","07-08-22 13:00","Scotland","Premiership","2022/2023","Hibernian","Hearts","2.76","3.27","2.76","1.08","9.00","1.37","3.20","2.24","1.73","4.14","1.25","8.45","1.09","1.90","1.90"
"70704","06-08-22 16:00","Scotland","Premiership","2022/2023","Aberdeen","St. Mirren","1.85","3.50","4.88","1.11","7.00","1.48","2.75","2.37","1.62","4.48","1.22","9.26","1.07","2.15","1.70"
"70705","06-08-22 16:00","Scotland","Premiership","2022/2023","Motherwell","St Johnstone","2.23","3.14","3.80","1.13","6.50","1.51","2.63","2.66","1.50","5.41","1.17","11.20","1.05","2.15","1.70"
"70706","06-08-22 16:00","Scotland","Premiership","2022/2023","Rangers","Kilmarnock","1.16","7.20","14.50","1.03","18.00","1.13","4.84","1.50","2.45","2.33","1.64","3.80","1.23","2.30","1.59"
"70707","06-08-22 16:00","Scotland","Premiership","2022/2023","Ross County","Celtic","12.80","7.49","1.22","1.03","15.00","1.19","5.00","1.51","2.63","2.37","1.62","4.14","1.25","2.15","1.70"
"70708","31-07-22 17:30","Scotland","Premiership","2022/2023","Celtic","Aberdeen","1.18","7.10","13.50","1.02","22.00","1.11","5.35","1.43","2.69","2.19","1.75","3.50","1.29","2.09","1.70"
"70709","31-07-22 16:00","Scotland","Premiership","2022/2023","St. Mirren","Motherwell","2.46","3.13","3.12","1.06","6.70","1.48","2.57","2.56","1.57","4.80","1.17","9.50","1.03","2.09","1.70"
"70710","30-07-22 16:00","Scotland","Premiership","2022/2023","Hearts","Ross County","1.55","4.30","5.90","1.01","10.00","1.26","3.70","1.87","2.03","3.02","1.36","5.45","1.11","1.93","1.83"
"70711","30-07-22 16:00","Scotland","Premiership","2022/2023","Kilmarnock","Dundee Utd","2.43","3.20","3.09","1.05","7.30","1.41","2.82","2.35","1.66","4.20","1.21","8.10","1.04","1.97","1.80"
"70712","30-07-22 16:00","Scotland","Premiership","2022/2023","St Johnstone","Hibernian","3.46","3.13","2.28","1.08","6.15","1.55","2.39","2.77","1.50","5.35","1.14","10.50","1.01","2.24","1.62"
"70713","30-07-22 13:00","Scotland","Premiership","2022/2023","Livingston","Rangers","8.90","4.90","1.34","1.01","10.00","1.27","3.62","1.90","2.00","3.10","1.35","5.55","1.10","2.24","1.62"
"70714","15-05-22 13:00","Scotland","Premiership","2021/2022","Aberdeen","St. Mirren","1.85","3.48","4.58","1.04","7.90","1.34","3.14","2.10","1.81","3.54","1.28","6.60","1.07","2.03","1.75"
"70715","15-05-22 13:00","Scotland","Premiership","2021/2022","Hibernian","St Johnstone","1.76","3.52","5.15","1.08","7.30","1.51","2.73","2.41","1.54","4.50","1.16","9.00","1.03","2.34","1.57"
"70716","15-05-22 13:00","Scotland","Premiership","2021/2022","Livingston","Dundee FC","1.99","3.54","3.82","1.03","8.50","1.34","3.14","2.10","1.81","3.62","1.27","6.75","1.06","1.95","1.81"
"70719","14-05-22 13:15","Scotland","Premiership","2021/2022","Ross County","Dundee Utd","3.01","3.44","2.36","1.03","8.90","1.31","3.32","2.03","1.87","3.40","1.30","6.35","1.08","1.93","1.83"
"70717","14-05-22 13:15","Scotland","Premiership","2021/2022","Celtic","Motherwell","1.18","7.70","14.00","1.02","19.00","1.08","6.35","1.35","3.10","1.95","1.94","2.94","1.38","2.14","1.67"
"70718","14-05-22 13:15","Scotland","Premiership","2021/2022","Hearts","Rangers","2.80","3.64","2.38","1.01","11.00","1.22","4.10","1.75","2.19","2.74","1.43","4.80","1.14","1.62","2.24"
"70720","11-05-22 20:45","Scotland","Premiership","2021/2022","St Johnstone","Aberdeen","2.63","2.91","3.10","1.13","5.60","1.73","2.23","3.04","1.36","6.20","1.08","14.50","1.03","2.50","1.50"
"70721","11-05-22 20:45","Scotland","Premiership","2021/2022","St. Mirren","Livingston","2.53","3.06","3.07","1.10","6.45","1.60","2.48","2.69","1.45","5.20","1.12","10.50","1.01","2.26","1.61"
"70722","11-05-22 20:45","Scotland","Premiership","2021/2022","Motherwell","Hearts","2.99","3.34","2.42","1.04","8.20","1.36","3.04","2.16","1.77","3.78","1.25","7.10","1.06","1.87","1.89"
"70723","11-05-22 20:45","Scotland","Premiership","2021/2022","Rangers","Ross County","1.23","6.10","12.00","1.03","13.50","1.18","4.24","1.63","2.20","2.70","1.52","4.60","1.18","2.30","1.59"
"70724","11-05-22 20:30","Scotland","Premiership","2021/2022","Dundee Utd","Celtic","15.00","7.10","1.17","1.03","15.00","1.14","4.70","1.55","2.39","2.46","1.61","4.10","1.22","2.38","1.55"
"70725","10-05-22 20:45","Scotland","Premiership","2021/2022","Dundee FC","Hibernian","3.46","3.32","2.16","1.05","7.50","1.41","2.82","2.33","1.67","4.10","1.22","8.00","1.04","2.05","1.73"
"70726","08-05-22 16:00","Scotland","Premiership","2021/2022","Rangers","Dundee Utd","1.22","6.60","13.50","1.03","14.50","1.15","4.60","1.56","2.36","2.51","1.59","4.10","1.22","2.33","1.57"
"70727","07-05-22 16:00","Scotland","Premiership","2021/2022","Hibernian","Aberdeen","2.89","3.02","2.69","1.09","5.95","1.57","2.34","2.88","1.47","5.60","1.13","11.00","1.01","2.28","1.60"
"70728","07-05-22 16:00","Scotland","Premiership","2021/2022","Livingston","St Johnstone","2.35","3.14","3.32","1.09","6.90","1.55","2.61","2.52","1.50","4.80","1.14","9.70","1.02","2.24","1.62"
"70729","07-05-22 16:00","Scotland","Premiership","2021/2022","St. Mirren","Dundee FC","2.20","3.22","3.54","1.06","7.10","1.42","2.78","2.35","1.66","4.20","1.21","8.10","1.04","2.10","1.70"
"70730","07-05-22 16:00","Scotland","Premiership","2021/2022","Ross County","Motherwell","2.44","3.30","2.99","1.04","7.90","1.38","2.94","2.24","1.72","3.98","1.23","7.60","1.05","1.95","1.81"
"70731","07-05-22 13:00","Scotland","Premiership","2021/2022","Celtic","Hearts","1.28","6.15","9.70","1.02","20.00","1.10","5.70","1.40","2.82","2.10","1.81","3.26","1.32","1.87","1.89"
"70732","01-05-22 13:00","Scotland","Premiership","2021/2022","Celtic","Rangers","1.92","3.78","4.28","1.02","9.20","1.26","3.46","1.98","1.97","3.20","1.33","5.90","1.09","1.84","1.92"
"70733","30-04-22 16:00","Scotland","Premiership","2021/2022","Aberdeen","Dundee FC","1.64","3.90","5.60","1.03","8.50","1.34","3.14","2.12","1.80","3.62","1.27","6.85","1.06","2.20","1.64"
"70734","30-04-22 16:00","Scotland","Premiership","2021/2022","Livingston","Hibernian","2.79","3.02","2.78","1.10","6.55","1.57","2.56","2.57","1.48","4.90","1.13","9.90","1.02","2.15","1.67"
"70735","30-04-22 16:00","Scotland","Premiership","2021/2022","St Johnstone","St. Mirren","2.43","2.99","3.34","1.10","6.30","1.58","2.53","2.60","1.47","4.94","1.13","10.00","1.01","2.25","1.61"
"70736","30-04-22 16:00","Scotland","Premiership","2021/2022","Dundee Utd","Motherwell","2.59","3.16","2.88","1.05","7.30","1.40","2.86","2.31","1.68","4.10","1.22","7.80","1.04","2.10","1.70"
"70737","30-04-22 16:00","Scotland","Premiership","2021/2022","Hearts","Ross County","1.66","4.10","4.98","1.01","10.50","1.24","3.88","1.81","2.10","2.86","1.40","5.15","1.12","1.87","1.89"
"70738","24-04-22 16:00","Scotland","Premiership","2021/2022","Dundee Utd","Hearts","3.26","3.42","2.22","1.03","8.90","1.32","3.26","2.03","1.87","3.40","1.30","6.35","1.08","1.86","1.90"
"70739","24-04-22 15:30","Scotland","Premiership","2021/2022","Ross County","Celtic","12.50","6.35","1.22","1.01","17.00","1.14","4.70","1.55","2.39","2.46","1.61","4.10","1.22","2.15","1.67"
"70740","23-04-22 16:00","Scotland","Premiership","2021/2022","Aberdeen","Livingston","2.07","3.14","4.06","1.08","6.25","1.50","2.52","2.64","1.54","4.94","1.16","9.70","1.02","2.21","1.63"
"70741","23-04-22 16:00","Scotland","Premiership","2021/2022","Dundee FC","St Johnstone","2.57","3.04","3.04","1.08","6.20","1.54","2.41","2.77","1.50","5.35","1.14","10.50","1.01","2.34","1.57"
"70742","23-04-22 16:00","Scotland","Premiership","2021/2022","St. Mirren","Hibernian","2.98","2.88","2.73","1.10","5.65","1.55","2.39","2.80","1.49","5.30","1.14","10.50","1.02","2.30","1.59"
"70743","23-04-22 13:00","Scotland","Premiership","2021/2022","Motherwell","Rangers","7.60","4.84","1.41","1.01","11.50","1.22","4.10","1.74","2.21","2.70","1.44","4.74","1.14","2.01","1.76"
"70744","10-04-22 13:00","Scotland","Premiership","2021/2022","St. Mirren","Rangers","9.90","5.30","1.31","1.01","10.50","1.24","3.78","1.83","2.08","2.90","1.39","5.20","1.12","2.50","1.50"
"70745","09-04-22 16:00","Scotland","Premiership","2021/2022","Aberdeen","Ross County","1.76","3.60","5.00","1.05","7.60","1.41","2.82","2.31","1.68","4.10","1.22","7.90","1.04","2.23","1.62"
"70746","09-04-22 16:00","Scotland","Premiership","2021/2022","Celtic","St Johnstone","1.12","8.20","25.00","","","1.19","4.50","1.67","2.34","2.52","1.50","4.30","1.17","3.05","1.36"
"70747","09-04-22 16:00","Scotland","Premiership","2021/2022","Dundee Utd","Dundee FC","2.28","3.30","3.28","1.05","7.50","1.42","2.78","2.35","1.66","4.20","1.21","8.10","1.04","2.05","1.73"
"70748","09-04-22 16:00","Scotland","Premiership","2021/2022","Hearts","Hibernian","2.06","3.42","3.72","1.04","7.80","1.39","2.90","2.26","1.71","3.98","1.23","7.60","1.05","2.02","1.76"
"70749","09-04-22 16:00","Scotland","Premiership","2021/2022","Livingston","Motherwell","2.23","3.28","3.40","1.05","7.30","1.43","2.74","2.39","1.64","4.34","1.20","8.40","1.03","2.05","1.73"
"70750","03-04-22 13:00","Scotland","Premiership","2021/2022","Rangers","Celtic","2.75","3.24","2.92","1.05","7.50","1.37","2.99","2.24","1.76","3.78","1.25","7.20","1.06","1.90","1.86"
"70751","02-04-22 16:00","Scotland","Premiership","2021/2022","Dundee FC","Aberdeen","4.26","3.14","2.03","1.08","6.15","1.52","2.46","2.67","1.53","5.10","1.15","10.00","1.02","2.26","1.61"
"70752","02-04-22 16:00","Scotland","Premiership","2021/2022","Hibernian","Dundee Utd","1.96","3.34","4.20","1.06","6.90","1.46","2.64","2.51","1.59","4.64","1.18","9.10","1.03","2.28","1.60"
"70753","02-04-22 16:00","Scotland","Premiership","2021/2022","Motherwell","St. Mirren","2.27","3.26","3.34","1.06","7.20","1.44","2.70","2.41","1.63","4.44","1.19","8.70","1.04","2.09","1.70"
"70754","02-04-22 16:00","Scotland","Premiership","2021/2022","Ross County","Hearts","3.76","3.42","2.05","1.04","8.30","1.33","3.20","2.08","1.83","3.50","1.29","6.50","1.07","1.91","1.85"
"70755","02-04-22 16:00","Scotland","Premiership","2021/2022","St Johnstone","Livingston","2.74","2.93","2.91","1.12","5.80","1.70","2.28","2.94","1.38","5.90","1.09","14.00","1.03","2.55","1.49"
"70756","20-03-22 13:00","Scotland","Premiership","2021/2022","Dundee FC","Rangers","12.50","5.80","1.23","1.01","11.00","1.22","4.10","1.74","2.21","2.69","1.45","4.64","1.15","2.36","1.56"
"70757","19-03-22 16:00","Scotland","Premiership","2021/2022","Aberdeen","Hibernian","2.43","3.04","3.28","1.09","5.90","1.58","2.32","2.91","1.46","5.70","1.13","11.00","1.01","2.40","1.54"
"70758","19-03-22 16:00","Scotland","Premiership","2021/2022","Celtic","Ross County","1.10","9.60","28.00","1.02","22.00","1.10","5.50","1.43","2.74","2.16","1.77","3.40","1.30","2.70","1.44"
"70759","19-03-22 16:00","Scotland","Premiership","2021/2022","Hearts","Livingston","1.93","3.52","4.10","1.04","8.10","1.37","2.99","2.19","1.75","3.78","1.25","7.30","1.05","2.05","1.73"
"70760","19-03-22 16:00","Scotland","Premiership","2021/2022","St Johnstone","Motherwell","2.73","2.91","2.94","1.13","5.60","1.73","2.23","3.04","1.36","6.15","1.08","13.50","1.03","2.55","1.49"
"70761","19-03-22 16:00","Scotland","Premiership","2021/2022","St. Mirren","Dundee Utd","2.18","3.13","3.72","1.08","6.30","1.51","2.49","2.66","1.53","5.05","1.16","9.90","1.02","2.25","1.61"
"70762","09-03-22 20:45","Scotland","Premiership","2021/2022","Dundee FC","St. Mirren","2.89","3.00","2.70","1.08","6.40","1.47","2.60","2.53","1.58","4.60","1.18","9.00","1.03","2.12","1.69"
"70763","06-03-22 13:00","Scotland","Premiership","2021/2022","Livingston","Celtic","7.70","4.70","1.42","1.01","10.00","1.26","3.70","1.87","2.03","2.99","1.37","5.40","1.11","2.10","1.70"
"70764","05-03-22 16:00","Scotland","Premiership","2021/2022","Dundee Utd","Hearts","4.62","3.48","1.84","1.04","8.00","1.33","3.20","2.07","1.83","3.46","1.29","6.35","1.08","1.95","1.81"
"70765","05-03-22 16:00","Scotland","Premiership","2021/2022","Hibernian","St Johnstone","1.97","3.14","4.54","1.09","5.95","1.55","2.39","2.77","1.50","5.30","1.14","10.50","1.02","2.43","1.53"
"70766","05-03-22 16:00","Scotland","Premiership","2021/2022","Motherwell","Dundee FC","1.87","3.30","4.78","1.06","6.85","1.42","2.78","2.34","1.67","4.10","1.22","7.80","1.04","2.15","1.67"
"70767","05-03-22 16:00","Scotland","Premiership","2021/2022","Rangers","Aberdeen","1.32","5.05","10.50","1.02","9.90","1.25","3.78","1.85","2.05","2.90","1.39","5.20","1.12","2.28","1.60"
"70768","05-03-22 16:00","Scotland","Premiership","2021/2022","Ross County","St. Mirren","2.30","3.10","3.46","1.06","6.75","1.42","2.78","2.38","1.65","4.20","1.21","8.00","1.04","2.02","1.76"
"70769","02-03-22 20:45","Scotland","Premiership","2021/2022","Celtic","St. Mirren","1.12","8.50","23.00","1.02","20.00","1.13","5.05","1.49","2.54","2.29","1.69","3.70","1.26","2.63","1.46"
"70770","02-03-22 20:45","Scotland","Premiership","2021/2022","Dundee FC","Hibernian","3.28","3.22","2.32","1.06","7.00","1.46","2.64","2.48","1.60","4.60","1.18","9.00","1.03","2.20","1.64"
"70771","02-03-22 20:45","Scotland","Premiership","2021/2022","Hearts","Aberdeen","1.98","3.52","3.88","1.04","8.30","1.35","3.10","2.15","1.78","3.70","1.26","7.00","1.06","1.97","1.80"
"70772","02-03-22 20:45","Scotland","Premiership","2021/2022","Livingston","Dundee Utd","1.96","3.26","4.36","1.06","6.70","1.46","2.64","2.48","1.60","4.54","1.18","8.90","1.03","2.18","1.65"
"70773","02-03-22 20:45","Scotland","Premiership","2021/2022","Motherwell","Ross County","2.33","3.42","3.07","1.03","8.80","1.32","3.26","2.05","1.85","3.50","1.29","6.45","1.07","1.83","1.93"
"70774","02-03-22 20:45","Scotland","Premiership","2021/2022","St Johnstone","Rangers","11.00","5.15","1.30","1.02","9.60","1.29","3.50","1.94","1.95","3.20","1.33","5.90","1.09","2.50","1.50"
"70775","27-02-22 16:00","Scotland","Premiership","2021/2022","Rangers","Motherwell","1.18","7.10","14.50","1.03","18.00","1.14","4.74","1.53","2.44","2.41","1.63","3.98","1.23","2.42","1.54"
"70776","27-02-22 13:00","Scotland","Premiership","2021/2022","Hibernian","Celtic","7.10","4.74","1.43","1.01","11.50","1.22","4.10","1.74","2.21","2.70","1.44","4.70","1.14","1.95","1.81"
"70777","26-02-22 16:00","Scotland","Premiership","2021/2022","Aberdeen","Dundee Utd","1.80","3.50","4.86","1.06","7.10","1.45","2.67","2.46","1.61","4.54","1.18","8.90","1.03","2.25","1.61"
"70778","26-02-22 16:00","Scotland","Premiership","2021/2022","Dundee FC","Livingston","3.28","3.05","2.42","1.08","6.25","1.50","2.52","2.64","1.54","4.94","1.16","9.70","1.02","2.17","1.66"
"70779","26-02-22 16:00","Scotland","Premiership","2021/2022","Ross County","St Johnstone","2.38","3.10","3.30","1.07","6.60","1.46","2.64","2.51","1.59","4.60","1.18","9.00","1.03","2.13","1.68"
"70780","26-02-22 16:00","Scotland","Premiership","2021/2022","St. Mirren","Hearts","3.32","3.22","2.30","1.05","7.30","1.40","2.86","2.31","1.68","4.10","1.22","7.80","1.04","2.00","1.77"
"70781","20-02-22 16:00","Scotland","Premiership","2021/2022","Celtic","Dundee FC","1.10","9.50","24.00","1.02","25.00","1.08","6.10","1.37","2.99","2.00","1.90","3.04","1.36","2.45","1.52"
"70782","20-02-22 13:00","Scotland","Premiership","2021/2022","Dundee Utd","Rangers","8.50","5.15","1.35","","","1.21","4.20","1.72","2.24","2.64","1.46","4.60","1.15","2.10","1.70"
"70783","19-02-22 16:00","Scotland","Premiership","2021/2022","Hibernian","Ross County","1.79","3.78","4.48","1.02","9.30","1.30","3.40","1.97","1.92","3.26","1.32","6.05","1.09","1.88","1.88"
"70784","19-02-22 16:00","Scotland","Premiership","2021/2022","Livingston","St. Mirren","2.27","3.18","3.42","1.07","6.55","1.50","2.52","2.61","1.55","4.94","1.16","9.70","1.02","2.23","1.62"
"70785","19-02-22 16:00","Scotland","Premiership","2021/2022","Motherwell","Aberdeen","3.22","3.15","2.40","1.07","6.55","1.50","2.52","2.61","1.55","4.94","1.16","9.70","1.02","2.20","1.64"
"70786","19-02-22 16:00","Scotland","Premiership","2021/2022","St Johnstone","Hearts","4.08","3.24","2.06","1.07","6.65","1.49","2.54","2.58","1.56","4.84","1.17","9.60","1.02","2.26","1.61"
"70787","15-02-22 20:45","Scotland","Premiership","2021/2022","Aberdeen","St Johnstone","1.84","3.24","5.15","1.10","5.75","1.60","2.26","3.00","1.44","5.90","1.12","","","2.70","1.44"
"70788","09-02-22 20:45","Scotland","Premiership","2021/2022","Aberdeen","Celtic","6.25","4.20","1.49","1.02","9.30","1.30","3.40","1.99","1.91","3.32","1.31","6.10","1.08","2.06","1.73"
"70789","09-02-22 20:45","Scotland","Premiership","2021/2022","Dundee Utd","Motherwell","2.56","3.08","3.02","1.08","6.30","1.53","2.44","2.70","1.52","5.20","1.15","10.00","1.02","2.27","1.60"
"70790","09-02-22 20:45","Scotland","Premiership","2021/2022","Hearts","Dundee FC","1.50","4.30","6.60","1.02","9.50","1.29","3.50","1.94","1.95","3.20","1.33","5.90","1.09","2.05","1.73"
"70791","09-02-22 20:45","Scotland","Premiership","2021/2022","Rangers","Hibernian","1.26","5.50","11.00","","","1.23","3.98","1.79","2.13","2.82","1.41","5.00","1.13","2.30","1.59"
"70792","09-02-22 20:45","Scotland","Premiership","2021/2022","Ross County","Livingston","2.54","3.32","2.82","1.04","8.10","1.36","3.04","2.19","1.75","3.78","1.25","7.20","1.06","1.91","1.85"
"70793","09-02-22 20:45","Scotland","Premiership","2021/2022","St. Mirren","St Johnstone","2.34","2.96","3.56","1.13","5.65","1.73","2.23","3.04","1.36","6.15","1.08","13.00","1.01","2.55","1.49"
"70794","06-02-22 17:00","Scotland","Premiership","2021/2022","Rangers","Hearts","1.41","4.80","7.50","1.01","11.50","1.22","4.10","1.74","2.21","2.70","1.44","4.70","1.14","2.05","1.73"
"70795","06-02-22 14:30","Scotland","Premiership","2021/2022","Motherwell","Celtic","9.00","5.30","1.32","","","1.20","4.32","1.70","2.28","2.60","1.47","4.50","1.16","2.05","1.73"
"70796","05-02-22 16:00","Scotland","Premiership","2021/2022","Dundee FC","Ross County","2.49","3.36","2.85","1.03","8.40","1.34","3.14","2.12","1.80","3.62","1.27","6.80","1.06","1.85","1.91"
"70797","05-02-22 16:00","Scotland","Premiership","2021/2022","Hibernian","St. Mirren","2.10","3.34","3.68","1.05","7.50","1.41","2.82","2.34","1.67","4.20","1.21","8.10","1.04","2.08","1.71"
"70798","05-02-22 16:00","Scotland","Premiership","2021/2022","Livingston","Aberdeen","3.38","3.13","2.33","1.09","6.70","1.57","2.56","2.57","1.48","4.94","1.13","10.00","1.01","2.20","1.64"
"70799","05-02-22 16:00","Scotland","Premiership","2021/2022","St Johnstone","Dundee Utd","2.28","2.98","3.66","1.13","5.70","1.71","2.26","2.99","1.37","6.05","1.09","13.00","1.01","2.63","1.46"
"70800","02-02-22 20:45","Scotland","Premiership","2021/2022","Celtic","Rangers","2.33","3.40","3.34","1.03","8.60","1.29","3.40","1.98","1.94","3.20","1.32","5.90","1.09","1.70","2.10"
"70801","01-02-22 20:45","Scotland","Premiership","2021/2022","Dundee FC","Dundee Utd","2.52","3.13","3.04","1.06","6.90","1.44","2.70","2.41","1.63","4.40","1.20","8.40","1.03","2.04","1.74"
"70802","01-02-22 20:45","Scotland","Premiership","2021/2022","Hibernian","Hearts","2.82","3.26","2.55","1.04","7.80","1.38","2.94","2.24","1.72","3.98","1.23","7.60","1.05","1.96","1.80"
"70803","01-02-22 20:45","Scotland","Premiership","2021/2022","Livingston","St Johnstone","2.19","2.94","3.94","1.11","5.40","1.63","2.22","3.04","1.43","6.00","1.11","","","2.60","1.47"
"70804","01-02-22 20:45","Scotland","Premiership","2021/2022","Ross County","Aberdeen","3.38","3.30","2.23","1.04","7.80","1.36","3.04","2.19","1.75","3.78","1.25","7.10","1.06","1.96","1.80"
"70805","01-02-22 20:45","Scotland","Premiership","2021/2022","St. Mirren","Motherwell","2.36","3.10","3.34","1.07","6.45","1.48","2.57","2.56","1.57","4.74","1.17","9.30","1.03","2.14","1.67"
"70806","29-01-22 16:00","Scotland","Premiership","2021/2022","Celtic","Dundee Utd","1.16","8.00","16.00","1.01","24.00","1.10","5.65","1.41","2.82","2.10","1.81","3.26","1.32","2.50","1.50"
"70807","29-01-22 16:00","Scotland","Premiership","2021/2022","Hearts","Motherwell","1.62","3.90","5.55","1.03","8.60","1.33","3.18","2.10","1.81","3.62","1.27","6.75","1.06","2.10","1.70"
"70808","29-01-22 16:00","Scotland","Premiership","2021/2022","Hibernian","Livingston","1.97","3.24","4.36","1.08","6.30","1.53","2.44","2.73","1.51","5.25","1.14","10.50","1.02","2.42","1.54"
"70809","29-01-22 13:30","Scotland","Premiership","2021/2022","Ross County","Rangers","8.30","5.05","1.34","","","1.21","4.20","1.72","2.24","2.64","1.46","4.60","1.15","2.07","1.72"
"70810","26-01-22 20:45","Scotland","Premiership","2021/2022","Dundee Utd","Ross County","2.45","3.32","2.96","1.04","7.90","1.37","2.99","2.22","1.73","3.88","1.24","7.40","1.05","1.91","1.85"
"70811","26-01-22 20:45","Scotland","Premiership","2021/2022","Hearts","Celtic","4.76","4.14","1.66","1.01","11.50","1.20","4.20","1.69","2.22","2.69","1.45","4.70","1.14","1.69","2.11"
"70812","26-01-22 20:45","Scotland","Premiership","2021/2022","Motherwell","Hibernian","3.07","3.30","2.40","1.05","7.40","1.42","2.78","2.38","1.65","4.20","1.21","8.30","1.04","2.01","1.76"
"70813","26-01-22 20:45","Scotland","Premiership","2021/2022","Rangers","Livingston","1.29","5.15","11.00","1.02","9.40","1.30","3.40","1.97","1.92","3.26","1.32","6.05","1.09","2.55","1.49"
"70814","26-01-22 20:45","Scotland","Premiership","2021/2022","St Johnstone","Dundee FC","2.27","3.06","3.58","1.09","5.90","1.58","2.32","2.88","1.47","5.70","1.13","11.00","1.01","2.37","1.56"
"70815","25-01-22 20:45","Scotland","Premiership","2021/2022","St. Mirren","Aberdeen","3.22","3.18","2.35","1.06","6.90","1.43","2.64","2.50","1.58","4.64","1.18","9.10","1.03","2.10","1.70"
"70816","18-01-22 20:45","Scotland","Premiership","2021/2022","Aberdeen","Rangers","4.78","3.52","1.72","1.05","7.60","1.41","2.82","2.31","1.68","4.10","1.22","7.90","1.04","2.18","1.65"
"70817","18-01-22 20:45","Scotland","Premiership","2021/2022","Dundee Utd","St. Mirren","2.51","3.12","3.01","1.06","6.85","1.47","2.60","2.51","1.59","4.70","1.18","9.20","1.03","2.10","1.70"
"70818","18-01-22 20:45","Scotland","Premiership","2021/2022","Hearts","St Johnstone","1.56","3.82","5.95","1.04","7.80","1.39","2.90","2.26","1.71","3.98","1.23","7.60","1.05","2.26","1.61"
"70819","18-01-22 20:45","Scotland","Premiership","2021/2022","Livingston","Dundee FC","2.26","3.13","3.46","1.06","6.70","1.46","2.64","2.48","1.60","4.54","1.18","8.90","1.03","2.15","1.67"
"70820","18-01-22 20:45","Scotland","Premiership","2021/2022","Ross County","Motherwell","2.37","3.36","3.12","1.04","8.30","1.32","3.20","2.08","1.83","3.50","1.29","6.50","1.07","1.82","1.94"
"70821","17-01-22 20:45","Scotland","Premiership","2021/2022","Celtic","Hibernian","1.29","5.45","9.20","1.03","18.00","1.15","4.54","1.54","2.34","2.53","1.58","4.20","1.21","1.95","1.81"
"70822","26-12-21 16:00","Scotland","Premiership","2021/2022","Aberdeen","Dundee FC","1.46","4.50","6.10","1.04","8.30","1.36","3.04","2.16","1.77","3.70","1.26","6.95","1.06","2.49","1.51"
"70823","26-12-21 16:00","Scotland","Premiership","2021/2022","Dundee Utd","Hibernian","4.72","3.52","1.81","1.05","7.70","1.39","2.90","2.26","1.71","3.98","1.23","7.60","1.05","2.14","1.67"
"70824","26-12-21 16:00","Scotland","Premiership","2021/2022","Hearts","Ross County","1.66","3.98","5.10","1.01","10.00","1.25","3.78","1.85","2.05","2.94","1.38","5.30","1.11","1.95","1.81"
"70825","26-12-21 16:00","Scotland","Premiership","2021/2022","Motherwell","Livingston","2.32","3.14","3.34","1.08","6.40","1.52","2.46","2.66","1.53","5.10","1.15","10.00","1.02","2.23","1.62"
"70826","26-12-21 16:00","Scotland","Premiership","2021/2022","Rangers","St. Mirren","1.18","7.50","16.00","1.02","21.00","1.12","5.20","1.47","2.60","2.24","1.72","3.62","1.27","2.38","1.55"
"70827","26-12-21 13:30","Scotland","Premiership","2021/2022","St Johnstone","Celtic","9.50","4.84","1.33","1.03","9.00","1.31","3.26","2.00","1.87","3.40","1.30","6.30","1.08","2.50","1.50"
"70828","22-12-21 20:45","Scotland","Premiership","2021/2022","Hibernian","Aberdeen","2.34","3.24","3.22","1.05","7.40","1.42","2.78","2.35","1.66","4.20","1.21","8.10","1.04","2.02","1.76"
"70829","22-12-21 20:45","Scotland","Premiership","2021/2022","St Johnstone","Ross County","2.55","3.04","3.05","1.10","6.50","1.59","2.51","2.64","1.46","5.15","1.12","10.50","1.01","2.21","1.63"
"70830","22-12-21 20:45","Scotland","Premiership","2021/2022","St. Mirren","Celtic","16.00","7.90","1.16","1.02","20.00","1.11","5.30","1.45","2.64","2.22","1.73","3.54","1.28","2.38","1.55"
"70831","18-12-21 16:00","Scotland","Premiership","2021/2022","Dundee FC","Hearts","4.26","3.84","1.80","1.01","10.00","1.26","3.70","1.87","2.03","2.99","1.37","5.40","1.11","1.93","1.83"
"70832","18-12-21 16:00","Scotland","Premiership","2021/2022","Livingston","Ross County","2.35","3.30","3.14","1.04","7.80","1.39","2.90","2.26","1.71","3.98","1.23","7.60","1.05","1.92","1.84"
"70833","18-12-21 16:00","Scotland","Premiership","2021/2022","Motherwell","St Johnstone","2.34","3.08","3.40","1.08","6.10","1.56","2.36","2.80","1.49","5.45","1.14","10.50","1.01","2.24","1.62"
"70834","18-12-21 16:00","Scotland","Premiership","2021/2022","Rangers","Dundee Utd","1.05","13.50","44.00","1.02","27.00","1.08","6.30","1.35","3.10","1.95","1.95","2.94","1.38","2.23","1.62"
"70835","15-12-21 20:45","Scotland","Premiership","2021/2022","Rangers","St Johnstone","1.19","6.60","14.50","1.03","15.00","1.18","4.14","1.65","2.17","2.77","1.50","4.74","1.17","2.60","1.47"
"70836","15-12-21 20:45","Scotland","Premiership","2021/2022","Ross County","Celtic","9.70","5.55","1.28","1.03","16.00","1.17","4.40","1.61","2.26","2.61","1.55","4.44","1.19","2.05","1.73"
"70837","14-12-21 20:45","Scotland","Premiership","2021/2022","Hibernian","Dundee FC","1.68","3.86","4.90","1.02","9.30","1.30","3.40","1.96","1.92","3.26","1.32","6.05","1.08","2.02","1.76"
"70838","12-12-21 16:00","Scotland","Premiership","2021/2022","Celtic","Motherwell","1.18","7.60","16.00","1.02","17.00","1.11","5.30","1.46","2.64","2.23","1.73","3.54","1.28","2.24","1.62"
"70839","12-12-21 13:00","Scotland","Premiership","2021/2022","Hearts","Rangers","5.30","4.30","1.60","","","1.21","4.20","1.73","2.23","2.67","1.45","4.64","1.15","1.76","2.01"
"70840","11-12-21 16:00","Scotland","Premiership","2021/2022","Dundee Utd","Livingston","2.49","3.08","3.12","1.08","6.15","1.55","2.39","2.77","1.50","5.35","1.14","10.50","1.01","2.27","1.60"
"70841","11-12-21 16:00","Scotland","Premiership","2021/2022","Ross County","Dundee FC","2.22","3.42","3.28","1.03","8.60","1.33","3.18","2.10","1.81","3.62","1.27","6.75","1.06","1.85","1.91"
"70842","11-12-21 16:00","Scotland","Premiership","2021/2022","St Johnstone","Aberdeen","3.52","3.06","2.29","1.11","6.20","1.64","2.39","2.78","1.42","5.45","1.11","","","2.40","1.54"
"70843","11-12-21 16:00","Scotland","Premiership","2021/2022","St. Mirren","Hibernian","2.74","3.34","2.59","1.04","8.30","1.35","3.10","2.15","1.78","3.70","1.26","7.00","1.06","1.85","1.91"
"70844","08-12-21 20:45","Scotland","Premiership","2021/2022","Livingston","Hibernian","3.72","3.24","2.11","1.06","6.70","1.48","2.57","2.56","1.57","4.80","1.17","9.50","1.03","2.20","1.64"
"70845","05-12-21 16:00","Scotland","Premiership","2021/2022","Livingston","Hearts","3.84","3.40","2.03","1.05","7.60","1.40","2.86","2.31","1.68","4.10","1.22","7.90","1.04","2.08","1.71"
"70846","05-12-21 13:00","Scotland","Premiership","2021/2022","Dundee Utd","Celtic","9.00","5.25","1.30","","","1.19","4.50","1.67","2.34","2.54","1.49","4.32","1.17","2.12","1.69"
"70847","04-12-21 16:00","Scotland","Premiership","2021/2022","Aberdeen","St. Mirren","1.96","3.42","4.10","1.05","7.50","1.41","2.82","2.34","1.67","4.20","1.21","8.10","1.04","2.10","1.70"
"70848","04-12-21 16:00","Scotland","Premiership","2021/2022","Hibernian","Motherwell","1.67","3.94","5.15","1.02","9.40","1.29","3.46","1.96","1.93","3.26","1.32","5.95","1.09","1.92","1.84"
"70849","04-12-21 16:00","Scotland","Premiership","2021/2022","Rangers","Dundee FC","1.16","7.80","15.00","1.02","18.00","1.11","5.40","1.45","2.69","2.19","1.75","3.46","1.29","2.33","1.57"
"70850","02-12-21 20:45","Scotland","Premiership","2021/2022","Celtic","Hearts","1.28","5.75","8.90","1.02","17.00","1.10","5.35","1.45","2.67","2.21","1.74","3.50","1.29","1.85","1.91"
"70851","01-12-21 20:45","Scotland","Premiership","2021/2022","Aberdeen","Livingston","1.74","3.38","5.30","1.08","6.25","1.54","2.41","2.73","1.51","5.30","1.14","10.50","1.02","2.50","1.50"
"70852","01-12-21 20:45","Scotland","Premiership","2021/2022","Dundee FC","St Johnstone","2.83","2.97","2.78","1.09","5.95","1.55","2.39","2.80","1.49","5.40","1.14","10.50","1.01","2.26","1.61"
"70853","01-12-21 20:45","Scotland","Premiership","2021/2022","Hibernian","Rangers","5.50","4.10","1.59","1.02","9.70","1.25","3.54","1.89","1.96","3.14","1.34","5.75","1.10","1.98","1.78"
"70854","01-12-21 20:45","Scotland","Premiership","2021/2022","St. Mirren","Ross County","2.27","3.15","3.46","1.06","7.20","1.38","2.94","2.24","1.72","3.88","1.24","7.30","1.05","2.05","1.73"
"70855","30-11-21 20:45","Scotland","Premiership","2021/2022","Motherwell","Dundee Utd","2.33","3.28","3.19","1.04","7.70","1.39","2.86","2.29","1.67","4.10","1.22","7.80","1.04","1.98","1.78"
"70856","28-11-21 16:00","Scotland","Premiership","2021/2022","Celtic","Aberdeen","1.38","4.90","8.40","1.01","10.50","1.24","3.88","1.82","2.09","2.90","1.39","5.15","1.12","2.11","1.69"
"70857","28-11-21 13:00","Scotland","Premiership","2021/2022","Livingston","Rangers","9.90","4.94","1.32","1.02","9.50","1.27","3.62","1.85","2.01","3.04","1.36","5.45","1.10","2.32","1.58"
"70858","27-11-21 16:00","Scotland","Premiership","2021/2022","Dundee FC","Motherwell","2.45","3.20","3.07","1.05","7.50","1.38","2.94","2.24","1.72","3.88","1.24","7.50","1.05","1.97","1.80"
"70859","27-11-21 16:00","Scotland","Premiership","2021/2022","Hearts","St. Mirren","1.78","3.64","4.76","1.03","8.40","1.32","3.26","2.05","1.85","3.40","1.30","6.35","1.08","1.98","1.78"
"70860","27-11-21 16:00","Scotland","Premiership","2021/2022","Ross County","Dundee Utd","2.27","3.26","3.34","1.05","7.70","1.37","2.99","2.21","1.74","3.78","1.25","7.30","1.05","1.95","1.81"
"70861","27-11-21 16:00","Scotland","Premiership","2021/2022","St Johnstone","Hibernian","3.22","2.88","2.58","1.11","5.30","1.64","2.20","3.10","1.41","6.10","1.11","12.50","1.01","2.47","1.52"
"70862","24-11-21 20:45","Scotland","Premiership","2021/2022","Ross County","Hibernian","3.09","3.50","2.28","1.02","9.30","1.30","3.40","1.97","1.92","3.26","1.32","6.05","1.08","1.76","2.01"
"70863","20-11-21 16:00","Scotland","Premiership","2021/2022","Dundee Utd","Aberdeen","2.98","3.10","2.57","1.07","6.45","1.51","2.49","2.66","1.53","5.05","1.16","10.00","1.02","2.20","1.64"
"70864","20-11-21 16:00","Scotland","Premiership","2021/2022","Motherwell","Hearts","4.34","3.72","1.83","1.02","9.10","1.31","3.32","2.01","1.89","3.32","1.31","6.20","1.08","1.88","1.88"
"70865","20-11-21 16:00","Scotland","Premiership","2021/2022","St. Mirren","Livingston","2.11","3.20","3.84","1.07","6.45","1.51","2.49","2.66","1.53","5.05","1.16","10.00","1.02","2.33","1.57"
"70866","07-11-21 16:00","Scotland","Premiership","2021/2022","Rangers","Ross County","1.20","6.65","13.00","1.02","14.50","1.15","4.64","1.54","2.39","2.48","1.60","4.10","1.22","2.38","1.55"
"70867","07-11-21 13:00","Scotland","Premiership","2021/2022","Dundee FC","Celtic","10.50","5.90","1.25","1.03","14.50","1.17","4.74","1.62","2.45","2.41","1.54","4.04","1.19","2.08","1.71"
"70868","06-11-21 16:00","Scotland","Premiership","2021/2022","Aberdeen","Motherwell","1.60","3.96","5.90","1.03","8.40","1.35","3.10","2.13","1.79","3.70","1.26","6.90","1.06","2.18","1.65"
"70869","06-11-21 16:00","Scotland","Premiership","2021/2022","Hearts","Dundee Utd","1.75","3.60","5.10","1.05","7.50","1.42","2.78","2.35","1.66","4.20","1.21","8.10","1.04","2.27","1.60"
"70870","06-11-21 16:00","Scotland","Premiership","2021/2022","St Johnstone","St. Mirren","2.48","3.10","3.12","1.08","6.20","1.53","2.43","2.73","1.51","5.30","1.14","10.50","1.02","2.27","1.60"
"70871","31-10-21 13:00","Scotland","Premiership","2021/2022","Motherwell","Rangers","10.50","5.40","1.28","1.01","11.00","1.23","3.98","1.78","2.15","2.78","1.42","4.94","1.13","2.24","1.62"
"70872","30-10-21 16:00","Scotland","Premiership","2021/2022","Aberdeen","Hearts","2.71","3.24","2.68","1.05","7.70","1.40","2.86","2.29","1.69","4.10","1.22","7.80","1.04","1.93","1.83"
"70873","30-10-21 16:00","Scotland","Premiership","2021/2022","Celtic","Livingston","1.13","8.20","21.00","1.02","17.00","1.12","5.10","1.48","2.57","2.29","1.69","3.70","1.26","2.55","1.49"
"70874","30-10-21 16:00","Scotland","Premiership","2021/2022","Dundee Utd","St Johnstone","2.70","2.97","2.92","1.10","5.75","1.61","2.26","2.98","1.45","5.90","1.12","","","2.35","1.56"
"70875","30-10-21 16:00","Scotland","Premiership","2021/2022","St. Mirren","Dundee FC","2.05","3.40","3.78","1.04","8.10","1.35","3.10","2.13","1.79","3.62","1.27","6.80","1.06","1.93","1.83"
"70876","27-10-21 20:45","Scotland","Premiership","2021/2022","Dundee FC","Ross County","2.18","3.48","3.34","1.03","8.80","1.32","3.26","2.05","1.85","3.50","1.29","6.45","1.07","1.86","1.90"
"70877","27-10-21 20:45","Scotland","Premiership","2021/2022","Hibernian","Celtic","4.98","4.24","1.59","","","1.20","4.34","1.70","2.28","2.60","1.47","4.50","1.16","1.83","1.93"
"70878","27-10-21 20:45","Scotland","Premiership","2021/2022","Livingston","Dundee Utd","2.57","3.13","2.94","1.07","6.50","1.50","2.52","2.64","1.54","5.00","1.16","9.90","1.02","2.17","1.66"
"70879","27-10-21 20:45","Scotland","Premiership","2021/2022","Motherwell","St. Mirren","2.47","3.22","3.01","1.05","7.40","1.42","2.78","2.38","1.65","4.20","1.21","8.20","1.04","2.00","1.77"
"70880","27-10-21 20:45","Scotland","Premiership","2021/2022","Rangers","Aberdeen","1.26","5.55","11.00","1.01","10.50","1.24","3.88","1.80","2.12","2.86","1.40","5.05","1.12","2.34","1.57"
"70881","27-10-21 20:45","Scotland","Premiership","2021/2022","St Johnstone","Hearts","3.14","3.15","2.43","1.06","6.75","1.48","2.57","2.56","1.57","4.80","1.17","9.40","1.03","2.14","1.67"
"70882","24-10-21 13:00","Scotland","Premiership","2021/2022","St. Mirren","Rangers","8.40","4.80","1.35","1.01","10.00","1.26","3.62","1.89","2.01","3.04","1.36","5.50","1.10","2.24","1.62"
"70883","23-10-21 16:00","Scotland","Premiership","2021/2022","Aberdeen","Hibernian","2.13","3.38","3.56","1.05","7.70","1.39","2.90","2.27","1.70","4.10","1.22","7.70","1.05","2.00","1.77"
"70884","23-10-21 16:00","Scotland","Premiership","2021/2022","Celtic","St Johnstone","1.24","5.80","11.50","1.01","13.00","1.19","4.04","1.68","2.13","2.80","1.49","4.90","1.17","2.31","1.58"
"70885","23-10-21 16:00","Scotland","Premiership","2021/2022","Dundee Utd","Motherwell","2.34","3.24","3.22","1.06","7.00","1.45","2.67","2.46","1.61","4.54","1.18","8.90","1.03","2.12","1.69"
"70886","23-10-21 16:00","Scotland","Premiership","2021/2022","Hearts","Dundee FC","1.52","4.24","6.00","1.01","10.00","1.27","3.62","1.89","2.01","3.04","1.36","5.55","1.10","2.01","1.76"
"70887","23-10-21 16:00","Scotland","Premiership","2021/2022","Ross County","Livingston","2.52","3.13","3.04","1.06","7.00","1.42","2.78","2.38","1.65","4.20","1.21","8.20","1.04","2.04","1.74"
"70888","16-10-21 19:00","Scotland","Premiership","2021/2022","Dundee FC","Aberdeen","3.00","3.24","2.47","1.05","7.50","1.42","2.78","2.35","1.66","4.20","1.21","8.10","1.04","2.00","1.77"
"70889","16-10-21 16:00","Scotland","Premiership","2021/2022","Hibernian","Dundee Utd","1.66","3.88","5.35","1.03","8.70","1.33","3.20","2.08","1.83","3.54","1.28","6.60","1.07","2.06","1.73"
"70890","16-10-21 16:00","Scotland","Premiership","2021/2022","Motherwell","Celtic","7.90","5.00","1.35","1.01","12.50","1.20","4.40","1.70","2.28","2.60","1.47","4.50","1.16","2.03","1.75"
"70891","16-10-21 16:00","Scotland","Premiership","2021/2022","Rangers","Hearts","1.46","4.44","6.65","1.01","10.00","1.26","3.70","1.87","2.03","2.99","1.37","5.40","1.11","2.00","1.77"
"70892","16-10-21 16:00","Scotland","Premiership","2021/2022","Ross County","St. Mirren","2.92","3.36","2.46","1.03","8.40","1.35","3.10","2.13","1.79","3.70","1.26","6.90","1.06","1.88","1.88"
"70893","16-10-21 16:00","Scotland","Premiership","2021/2022","St Johnstone","Livingston","1.85","3.30","4.92","1.08","6.10","1.56","2.36","2.80","1.49","5.50","1.13","10.50","1.01","2.55","1.49"
"70894","03-10-21 16:00","Scotland","Premiership","2021/2022","Rangers","Hibernian","1.42","4.70","7.70","1.01","10.00","1.26","3.70","1.86","2.04","2.99","1.37","5.40","1.11","2.08","1.71"
"70895","03-10-21 13:00","Scotland","Premiership","2021/2022","Aberdeen","Celtic","4.90","3.92","1.69","1.02","9.50","1.29","3.50","1.94","1.95","3.20","1.33","5.90","1.09","1.95","1.81"
"70896","02-10-21 16:00","Scotland","Premiership","2021/2022","Dundee Utd","Ross County","2.11","3.34","3.66","1.05","7.50","1.42","2.78","2.35","1.66","4.20","1.21","8.10","1.04","2.01","1.76"
"70897","02-10-21 16:00","Scotland","Premiership","2021/2022","Hearts","Motherwell","1.56","4.20","5.95","1.02","9.40","1.29","3.46","1.95","1.94","3.26","1.32","5.95","1.09","2.05","1.73"
"70898","02-10-21 16:00","Scotland","Premiership","2021/2022","Livingston","St. Mirren","2.94","3.13","2.57","1.07","6.60","1.49","2.54","2.58","1.56","4.90","1.16","9.60","1.02","2.13","1.68"
"70899","02-10-21 16:00","Scotland","Premiership","2021/2022","St Johnstone","Dundee FC","2.02","3.24","4.12","1.07","6.45","1.51","2.49","2.66","1.53","5.05","1.16","10.00","1.02","2.24","1.62"
"70900","26-09-21 16:00","Scotland","Premiership","2021/2022","Celtic","Dundee Utd","1.14","7.90","20.00","1.02","16.00","1.12","4.94","1.50","2.52","2.35","1.66","3.78","1.25","2.50","1.50"
"70901","26-09-21 16:00","Scotland","Premiership","2021/2022","Hibernian","St Johnstone","2.05","3.34","3.86","1.06","7.20","1.44","2.70","2.44","1.62","4.50","1.19","8.70","1.04","2.18","1.65"
"70902","26-09-21 13:00","Scotland","Premiership","2021/2022","St. Mirren","Aberdeen","2.85","3.18","2.61","1.06","6.90","1.46","2.64","2.51","1.59","4.64","1.18","9.10","1.03","2.10","1.70"
"70903","25-09-21 16:00","Scotland","Premiership","2021/2022","Dundee FC","Rangers","10.50","5.55","1.27","","","1.22","4.10","1.74","2.21","2.70","1.44","4.70","1.14","2.19","1.64"
"70904","25-09-21 16:00","Scotland","Premiership","2021/2022","Hearts","Livingston","1.60","3.90","6.05","1.04","7.90","1.38","2.94","2.24","1.72","3.88","1.24","7.50","1.05","2.22","1.63"
"70905","25-09-21 16:00","Scotland","Premiership","2021/2022","Motherwell","Ross County","1.82","3.74","4.34","1.02","9.30","1.30","3.40","1.99","1.91","3.32","1.31","6.10","1.08","2.07","1.72"
"70906","19-09-21 16:00","Scotland","Premiership","2021/2022","Livingston","Celtic","7.90","4.74","1.37","1.01","10.00","1.26","3.70","1.86","2.04","2.99","1.37","5.35","1.11","2.14","1.67"
"70907","19-09-21 16:00","Scotland","Premiership","2021/2022","Rangers","Motherwell","1.18","6.75","14.50","","","1.19","4.50","1.66","2.35","2.52","1.50","4.30","1.17","2.55","1.49"
"70908","19-09-21 13:00","Scotland","Premiership","2021/2022","Dundee Utd","Dundee FC","2.50","3.24","2.97","1.05","7.30","1.42","2.78","2.38","1.65","4.32","1.20","8.30","1.04","2.06","1.73"
"70909","18-09-21 16:00","Scotland","Premiership","2021/2022","Aberdeen","St Johnstone","2.16","3.13","3.80","1.09","6.00","1.57","2.34","2.84","1.48","5.55","1.13","11.00","1.01","2.35","1.56"
"70910","18-09-21 16:00","Scotland","Premiership","2021/2022","Hibernian","St. Mirren","1.68","3.84","5.05","1.03","8.90","1.32","3.26","2.04","1.86","3.46","1.29","6.45","1.07","2.00","1.77"
"70911","18-09-21 16:00","Scotland","Premiership","2021/2022","Ross County","Hearts","5.30","3.96","1.65","1.02","9.30","1.30","3.40","1.99","1.91","3.32","1.31","6.10","1.08","1.97","1.80"
"70912","12-09-21 13:00","Scotland","Premiership","2021/2022","Hearts","Hibernian","2.13","3.40","3.52","1.04","8.10","1.36","3.02","2.19","1.75","3.78","1.25","7.30","1.05","1.95","1.81"
"70913","11-09-21 16:00","Scotland","Premiership","2021/2022","Celtic","Ross County","1.08","10.50","29.00","1.01","23.00","1.06","7.00","1.30","3.40","1.83","2.08","2.67","1.45","2.40","1.54"
"70914","11-09-21 16:00","Scotland","Premiership","2021/2022","Dundee FC","Livingston","2.49","3.24","2.96","1.05","7.50","1.41","2.82","2.33","1.67","4.10","1.22","8.00","1.04","2.00","1.77"
"70915","11-09-21 16:00","Scotland","Premiership","2021/2022","Motherwell","Aberdeen","3.28","3.22","2.36","1.06","7.00","1.45","2.67","2.46","1.61","4.60","1.18","9.00","1.03","2.07","1.72"
"70916","11-09-21 16:00","Scotland","Premiership","2021/2022","St. Mirren","Dundee Utd","2.19","3.28","3.50","1.06","7.20","1.44","2.70","2.41","1.63","4.44","1.19","8.70","1.04","2.10","1.70"
"70917","11-09-21 13:30","Scotland","Premiership","2021/2022","St Johnstone","Rangers","8.40","4.50","1.38","1.03","8.70","1.32","3.20","2.08","1.83","3.54","1.27","6.60","1.07","2.36","1.56"
"70918","29-08-21 16:00","Scotland","Premiership","2021/2022","Aberdeen","Ross County","1.58","3.94","5.95","1.04","8.30","1.36","3.04","2.18","1.76","3.78","1.25","7.10","1.06","2.27","1.60"
"70919","29-08-21 16:00","Scotland","Premiership","2021/2022","St. Mirren","St Johnstone","2.73","3.02","2.85","1.09","5.95","1.57","2.34","2.84","1.48","5.60","1.13","11.00","1.01","2.25","1.61"
"70920","29-08-21 13:00","Scotland","Premiership","2021/2022","Rangers","Celtic","2.41","3.58","2.89","1.01","11.50","1.21","3.98","1.78","2.18","2.82","1.41","5.00","1.13","1.71","2.08"
"70921","28-08-21 16:00","Scotland","Premiership","2021/2022","Dundee Utd","Hearts","3.28","3.34","2.27","1.04","7.80","1.39","2.90","2.26","1.71","3.98","1.23","7.60","1.05","1.95","1.81"
"70922","28-08-21 16:00","Scotland","Premiership","2021/2022","Hibernian","Livingston","1.69","3.84","4.94","1.03","8.90","1.32","3.26","2.04","1.86","3.46","1.29","6.40","1.08","2.02","1.76"
"70923","28-08-21 16:00","Scotland","Premiership","2021/2022","Motherwell","Dundee FC","2.23","3.48","3.22","1.02","9.30","1.30","3.40","1.97","1.92","3.26","1.32","6.05","1.09","1.91","1.85"
"70924","22-08-21 16:00","Scotland","Premiership","2021/2022","Hearts","Aberdeen","1.95","3.50","4.02","1.04","8.10","1.37","2.99","2.20","1.74","3.88","1.24","7.30","1.05","2.00","1.77"
"70925","22-08-21 16:00","Scotland","Premiership","2021/2022","Ross County","Rangers","11.00","6.00","1.24","1.04","13.50","1.18","4.20","1.64","2.20","2.67","1.53","4.60","1.18","2.31","1.58"
"70926","22-08-21 16:00","Scotland","Premiership","2021/2022","St Johnstone","Dundee Utd","1.93","3.32","4.34","1.06","6.75","1.48","2.57","2.55","1.57","4.80","1.17","9.30","1.03","2.28","1.60"
"70927","22-08-21 13:00","Scotland","Premiership","2021/2022","Dundee FC","Hibernian","3.22","3.40","2.25","1.03","8.60","1.33","3.20","2.08","1.83","3.54","1.28","6.60","1.07","1.86","1.90"
"70928","21-08-21 16:00","Scotland","Premiership","2021/2022","Celtic","St. Mirren","1.20","7.40","11.00","1.02","17.00","1.10","5.45","1.43","2.70","2.21","1.74","3.54","1.28","2.10","1.70"
"70929","21-08-21 16:00","Scotland","Premiership","2021/2022","Livingston","Motherwell","2.02","3.38","3.90","1.05","7.30","1.43","2.74","2.38","1.65","4.32","1.20","8.30","1.04","2.10","1.70"
"70930","08-08-21 16:00","Scotland","Premiership","2021/2022","Celtic","Dundee FC","1.22","6.55","11.50","1.02","17.00","1.11","5.40","1.44","2.70","2.19","1.75","3.46","1.29","1.95","1.81"
"70931","08-08-21 16:00","Scotland","Premiership","2021/2022","Hibernian","Ross County","1.56","4.10","6.20","1.03","8.90","1.32","3.26","2.04","1.86","3.46","1.29","6.45","1.07","2.10","1.70"
"70932","08-08-21 16:00","Scotland","Premiership","2021/2022","Livingston","Aberdeen","2.81","3.03","2.75","1.08","6.10","1.56","2.36","2.80","1.49","5.45","1.14","10.50","1.01","2.26","1.61"
"70933","08-08-21 16:00","Scotland","Premiership","2021/2022","St Johnstone","Motherwell","1.93","3.34","4.36","1.06","6.75","1.48","2.57","2.53","1.58","4.74","1.17","9.30","1.03","2.30","1.59"
"70934","07-08-21 16:00","Scotland","Premiership","2021/2022","St. Mirren","Hearts","2.96","3.32","2.46","1.04","8.00","1.37","2.99","2.21","1.74","3.88","1.24","7.40","1.05","1.90","1.86"
"70935","07-08-21 13:30","Scotland","Premiership","2021/2022","Dundee Utd","Rangers","10.50","5.20","1.29","1.02","9.90","1.27","3.54","1.92","1.97","3.14","1.34","5.70","1.10","2.42","1.54"
"70936","01-08-21 17:30","Scotland","Premiership","2021/2022","Motherwell","Hibernian","3.36","3.34","2.23","1.04","7.90","1.38","2.94","2.24","1.72","3.98","1.23","7.60","1.05","1.95","1.81"
"70937","01-08-21 16:00","Scotland","Premiership","2021/2022","Aberdeen","Dundee Utd","1.72","3.58","5.05","1.06","7.20","1.44","2.70","2.41","1.63","4.44","1.19","8.70","1.04","2.33","1.57"
"70938","31-07-21 21:00","Scotland","Premiership","2021/2022","Hearts","Celtic","3.84","3.74","1.81","1.01","10.50","1.23","3.88","1.77","2.11","2.82","1.41","5.05","1.12","1.83","1.93"
"70939","31-07-21 16:00","Scotland","Premiership","2021/2022","Dundee FC","St. Mirren","2.64","3.24","2.76","1.05","7.60","1.41","2.82","2.31","1.68","4.10","1.22","7.90","1.04","1.97","1.80"
"70940","31-07-21 16:00","Scotland","Premiership","2021/2022","Ross County","St Johnstone","3.92","3.28","2.05","1.06","6.75","1.48","2.57","2.56","1.57","4.80","1.17","9.40","1.03","2.18","1.65"
"70941","31-07-21 14:30","Scotland","Premiership","2021/2022","Rangers","Livingston","1.17","6.80","16.00","","","1.21","4.10","1.71","2.22","2.69","1.45","4.64","1.15","2.75","1.43"
"70942","16-05-21 13:00","Scotland","Premiership","2020/2021","Hamilton","Kilmarnock","6.60","4.64","1.47","1.01","12.50","1.20","4.40","1.69","2.29","2.57","1.48","4.44","1.16","1.83","1.93"
"70943","16-05-21 13:00","Scotland","Premiership","2020/2021","Motherwell","Ross County","3.00","3.21","2.59","1.09","8.00","1.37","3.20","2.24","1.73","4.14","1.25","8.45","1.09","1.83","1.98"
"70944","16-05-21 13:00","Scotland","Premiership","2020/2021","St. Mirren","Dundee Utd","2.07","3.50","3.60","1.03","9.00","1.29","3.46","1.96","1.93","3.20","1.33","5.95","1.09","1.83","1.93"
"70945","15-05-21 13:30","Scotland","Premiership","2020/2021","Hibernian","Celtic","6.65","4.74","1.44","","","1.18","4.54","1.66","2.35","2.52","1.50","4.30","1.17","1.81","1.95"
"70946","15-05-21 13:30","Scotland","Premiership","2020/2021","Rangers","Aberdeen","1.23","6.05","11.50","1.01","16.00","1.14","4.70","1.54","2.39","2.46","1.61","4.10","1.22","2.10","1.70"
"70947","15-05-21 13:30","Scotland","Premiership","2020/2021","St Johnstone","Livingston","2.24","3.15","3.52","1.08","6.35","1.52","2.46","2.70","1.52","5.15","1.15","10.00","1.02","2.26","1.61"
"70948","12-05-21 20:45","Scotland","Premiership","2020/2021","Kilmarnock","St. Mirren","1.95","3.48","4.02","1.04","7.90","1.38","2.94","2.23","1.73","3.88","1.24","7.50","1.05","2.06","1.73"
"70949","12-05-21 20:45","Scotland","Premiership","2020/2021","Ross County","Hamilton","2.14","3.42","3.48","1.04","8.10","1.36","3.02","2.19","1.75","3.78","1.25","7.30","1.05","1.95","1.81"
"70950","12-05-21 20:45","Scotland","Premiership","2020/2021","Aberdeen","Hibernian","2.95","3.24","2.50","1.05","7.60","1.41","2.82","2.31","1.68","4.10","1.22","7.90","1.04","2.00","1.77"
"70951","12-05-21 19:30","Scotland","Premiership","2020/2021","Celtic","St Johnstone","1.29","5.35","9.70","1.01","11.00","1.23","3.98","1.77","2.16","2.78","1.42","4.90","1.13","2.26","1.61"
"70952","12-05-21 19:00","Scotland","Premiership","2020/2021","Dundee Utd","Motherwell","3.36","3.41","2.27","1.05","10.70","1.29","3.76","1.99","1.91","3.21","1.37","6.60","1.12","1.73","2.11"
"70953","12-05-21 19:00","Scotland","Premiership","2020/2021","Livingston","Rangers","9.46","4.92","1.38","1.04","11.80","1.26","4.03","1.78","2.15","3.03","1.41","5.60","1.16","1.94","1.86"
"70954","02-05-21 13:00","Scotland","Premiership","2020/2021","Rangers","Celtic","2.44","3.50","2.98","1.04","13.00","1.26","4.00","1.90","2.00","3.06","1.40","6.00","1.14","1.70","2.15"
"70955","01-05-21 16:00","Scotland","Premiership","2020/2021","Dundee Utd","Ross County","2.64","3.32","2.71","1.04","8.10","1.36","3.04","2.19","1.75","3.78","1.25","7.20","1.06","1.91","1.85"
"70956","01-05-21 16:00","Scotland","Premiership","2020/2021","Motherwell","Kilmarnock","2.98","3.34","2.43","1.04","8.10","1.36","3.04","2.19","1.75","3.78","1.25","7.20","1.06","1.91","1.85"
"70957","01-05-21 16:00","Scotland","Premiership","2020/2021","St. Mirren","Hamilton","2.08","3.40","3.68","1.04","7.80","1.39","2.90","2.26","1.71","3.98","1.23","7.70","1.05","2.06","1.73"
"70958","01-05-21 16:00","Scotland","Premiership","2020/2021","Hibernian","St Johnstone","2.29","3.18","3.40","1.07","6.55","1.50","2.52","2.61","1.55","4.94","1.16","9.70","1.02","2.14","1.67"
"70959","01-05-21 16:00","Scotland","Premiership","2020/2021","Livingston","Aberdeen","2.46","3.13","3.12","1.07","6.65","1.49","2.54","2.58","1.56","4.84","1.17","9.60","1.02","2.20","1.64"
"70960","21-04-21 20:45","Scotland","Premiership","2020/2021","Kilmarnock","Dundee Utd","1.71","3.94","5.19","1.05","11.00","1.32","3.50","1.99","1.91","3.43","1.34","7.06","1.11","1.90","1.90"
"70961","21-04-21 20:45","Scotland","Premiership","2020/2021","Ross County","St. Mirren","2.71","3.41","2.71","1.07","9.68","1.37","3.23","2.12","1.76","4.18","1.25","8.66","1.08","1.85","1.96"
"70962","21-04-21 20:45","Scotland","Premiership","2020/2021","Aberdeen","Celtic","7.30","4.65","1.47","1.03","14.00","1.24","4.30","1.72","2.26","2.68","1.50","5.06","1.18","1.78","2.04"
"70963","21-04-21 20:00","Scotland","Premiership","2020/2021","St Johnstone","Rangers","4.48","3.51","1.91","1.09","8.00","1.41","3.00","2.35","1.67","4.14","1.25","9.26","1.07","2.04","1.78"
"70964","21-04-21 19:00","Scotland","Premiership","2020/2021","Hamilton","Motherwell","2.91","3.44","2.42","1.03","8.50","1.36","3.04","2.18","1.76","3.78","1.25","7.30","1.05","1.88","1.88"
"70965","21-04-21 19:00","Scotland","Premiership","2020/2021","Hibernian","Livingston","1.82","3.52","4.68","1.05","7.40","1.42","2.78","2.35","1.66","4.20","1.21","8.20","1.04","2.22","1.63"
"70966","11-04-21 16:00","Scotland","Premiership","2020/2021","Rangers","Hibernian","1.52","4.71","6.28","1.05","11.00","1.29","3.75","1.99","1.91","3.43","1.34","6.54","1.13","1.95","1.78"
"70967","10-04-21 16:00","Scotland","Premiership","2020/2021","Hamilton","Dundee Utd","3.12","3.34","2.34","1.04","8.20","1.36","3.04","2.18","1.76","3.78","1.25","7.20","1.06","1.93","1.83"
"70968","10-04-21 16:00","Scotland","Premiership","2020/2021","Kilmarnock","Ross County","1.82","3.68","4.44","1.03","8.60","1.33","3.20","2.09","1.82","3.54","1.28","6.70","1.06","2.05","1.73"
"70969","10-04-21 16:00","Scotland","Premiership","2020/2021","Motherwell","St. Mirren","2.79","3.22","2.63","1.05","7.40","1.42","2.78","2.38","1.65","4.20","1.21","8.30","1.04","1.98","1.78"
"70970","10-04-21 16:00","Scotland","Premiership","2020/2021","Celtic","Livingston","1.34","5.05","8.80","1.01","10.50","1.24","3.88","1.82","2.09","2.86","1.40","5.15","1.12","2.20","1.64"
"70971","10-04-21 16:00","Scotland","Premiership","2020/2021","St Johnstone","Aberdeen","2.44","2.99","3.30","1.11","6.00","1.67","2.34","2.86","1.40","5.65","1.10","13.50","1.01","2.40","1.54"
"70972","21-03-21 13:00","Scotland","Premiership","2020/2021","Celtic","Rangers","2.54","3.75","2.70","1.06","9.68","1.33","3.44","2.18","1.76","3.84","1.28","8.05","1.09","1.77","2.04"
"70973","20-03-21 16:00","Scotland","Premiership","2020/2021","Dundee Utd","Aberdeen","4.08","3.24","2.06","1.07","6.60","1.49","2.54","2.58","1.56","4.90","1.16","9.70","1.02","2.20","1.64"
"70974","20-03-21 16:00","Scotland","Premiership","2020/2021","Hamilton","St. Mirren","4.06","3.32","2.00","1.06","6.80","1.47","2.60","2.53","1.58","4.74","1.17","9.30","1.03","2.20","1.64"
"70975","20-03-21 16:00","Scotland","Premiership","2020/2021","Kilmarnock","Motherwell","2.27","3.38","3.24","1.04","8.20","1.36","3.04","2.16","1.77","3.78","1.25","7.10","1.06","1.95","1.81"
"70976","20-03-21 16:00","Scotland","Premiership","2020/2021","Livingston","Hibernian","3.42","3.16","2.29","1.06","6.70","1.48","2.57","2.56","1.55","4.80","1.17","9.50","1.03","2.15","1.67"
"70977","20-03-21 16:00","Scotland","Premiership","2020/2021","St Johnstone","Ross County","1.67","3.68","5.65","1.05","7.30","1.43","2.74","2.41","1.63","4.40","1.20","8.40","1.03","2.30","1.59"
"70978","13-03-21 16:00","Scotland","Premiership","2020/2021","Livingston","Hamilton","1.81","3.62","4.92","1.09","8.00","1.41","3.00","2.26","1.67","4.48","1.22","9.26","1.07","2.10","1.74"
"70979","13-03-21 16:00","Scotland","Premiership","2020/2021","Ross County","Hibernian","5.19","4.15","1.67","1.06","10.00","1.34","3.40","2.13","1.80","3.79","1.29","7.54","1.10","2.03","1.78"
"70980","07-03-21 13:00","Scotland","Premiership","2020/2021","Dundee Utd","Celtic","8.60","5.35","1.30","","","1.20","4.40","1.64","2.26","2.54","1.49","4.30","1.17","2.09","1.70"
"70981","06-03-21 16:00","Scotland","Premiership","2020/2021","Aberdeen","Hamilton","1.52","3.88","7.00","1.05","7.30","1.43","2.74","2.34","1.60","4.40","1.20","8.40","1.03","2.50","1.50"
"70982","06-03-21 16:00","Scotland","Premiership","2020/2021","Motherwell","Livingston","3.07","3.09","2.48","1.08","6.40","1.54","2.49","2.67","1.53","5.10","1.15","10.00","1.02","2.20","1.64"
"70983","06-03-21 16:00","Scotland","Premiership","2020/2021","Rangers","St. Mirren","1.29","5.00","9.90","1.02","9.70","1.28","3.54","1.90","1.90","3.18","1.33","5.75","1.09","2.36","1.56"
"70984","06-03-21 16:00","Scotland","Premiership","2020/2021","Ross County","Kilmarnock","3.17","3.03","2.45","1.06","6.80","1.40","2.86","2.24","1.65","3.88","1.24","7.50","1.05","1.95","1.81"
"70985","06-03-21 16:00","Scotland","Premiership","2020/2021","St Johnstone","Hibernian","2.90","2.96","2.70","1.08","6.30","1.47","2.60","2.45","1.55","4.54","1.18","8.90","1.03","2.10","1.70"
"70986","03-03-21 19:00","Scotland","Premiership","2020/2021","Hamilton","St Johnstone","5.05","3.56","1.74","1.05","7.40","1.42","2.78","2.32","1.61","4.20","1.21","8.20","1.04","2.20","1.64"
"70987","03-03-21 19:00","Scotland","Premiership","2020/2021","Livingston","Rangers","8.20","4.32","1.38","1.04","8.30","1.36","3.04","2.11","1.73","3.70","1.26","7.10","1.06","2.50","1.50"
"70988","27-02-21 16:00","Scotland","Premiership","2020/2021","Celtic","Aberdeen","1.50","3.88","6.70","1.04","7.90","1.36","3.04","2.11","1.73","3.70","1.26","7.00","1.06","2.23","1.62"
"70989","27-02-21 16:00","Scotland","Premiership","2020/2021","Hibernian","Motherwell","1.60","3.90","5.65","1.03","8.60","1.33","3.18","2.05","1.77","3.62","1.27","6.75","1.06","2.10","1.70"
"70990","27-02-21 16:00","Scotland","Premiership","2020/2021","Kilmarnock","Dundee Utd","2.34","3.30","3.09","1.04","8.00","1.37","2.99","2.16","1.70","3.88","1.24","7.40","1.05","1.98","1.78"
"70991","27-02-21 16:00","Scotland","Premiership","2020/2021","St. Mirren","Ross County","1.85","3.46","4.48","1.05","7.50","1.42","2.78","2.30","1.62","4.20","1.21","8.10","1.04","2.13","1.68"
"70992","24-02-21 19:00","Scotland","Premiership","2020/2021","St. Mirren","Motherwell","1.86","3.42","4.42","1.05","7.40","1.42","2.78","2.30","1.62","4.20","1.21","8.20","1.04","2.09","1.70"
"70993","21-02-21 20:30","Scotland","Premiership","2020/2021","Ross County","Celtic","12.50","6.55","1.20","1.01","16.00","1.13","5.40","1.52","2.70","2.21","1.67","3.48","1.25","2.09","1.70"
"70994","21-02-21 16:00","Scotland","Premiership","2020/2021","Rangers","Dundee Utd","1.22","6.40","12.50","1.01","15.00","1.14","4.70","1.55","2.39","2.40","1.57","4.10","1.22","2.35","1.56"
"70995","20-02-21 16:00","Scotland","Premiership","2020/2021","Aberdeen","Kilmarnock","1.81","3.42","4.68","1.06","7.20","1.44","2.70","2.36","1.59","4.44","1.19","8.70","1.04","2.24","1.62"
"70996","20-02-21 16:00","Scotland","Premiership","2020/2021","Hibernian","Hamilton","1.43","4.58","7.40","1.01","10.00","1.26","3.70","1.83","1.98","2.99","1.37","5.40","1.11","2.10","1.70"
"70997","20-02-21 16:00","Scotland","Premiership","2020/2021","Motherwell","St Johnstone","3.98","3.26","2.02","1.04","7.80","1.39","2.90","2.22","1.66","3.98","1.23","7.70","1.05","1.99","1.78"
"70998","20-02-21 16:00","Scotland","Premiership","2020/2021","St. Mirren","Livingston","3.09","2.80","2.68","1.11","5.35","1.61","2.33","2.91","1.46","5.55","1.13","11.00","1.01","2.30","1.59"
"70999","17-02-21 19:00","Scotland","Premiership","2020/2021","Celtic","Aberdeen","1.42","4.20","7.40","1.02","9.50","1.28","3.46","1.92","1.89","3.26","1.32","6.05","1.08","2.19","1.64"
"71000","17-02-21 19:00","Scotland","Premiership","2020/2021","St. Mirren","Hamilton","1.70","3.66","5.15","1.05","7.50","1.41","2.82","2.29","1.63","4.20","1.21","8.10","1.04","2.25","1.61"
"71001","14-02-21 13:00","Scotland","Premiership","2020/2021","St Johnstone","Celtic","5.90","3.92","1.55","1.03","8.60","1.33","3.18","2.04","1.78","3.62","1.27","6.75","1.06","2.09","1.70"
"71002","13-02-21 16:00","Scotland","Premiership","2020/2021","Aberdeen","St. Mirren","2.10","3.14","3.88","1.08","6.15","1.57","2.42","2.77","1.50","5.35","1.14","10.50","1.01","2.28","1.60"
"71003","13-02-21 16:00","Scotland","Premiership","2020/2021","Dundee Utd","Livingston","3.72","3.22","2.10","1.06","6.75","1.48","2.57","2.50","1.53","4.80","1.17","9.40","1.03","2.22","1.63"
"71004","13-02-21 16:00","Scotland","Premiership","2020/2021","Motherwell","Hamilton","1.84","3.58","4.30","1.03","8.40","1.34","3.14","2.07","1.76","3.62","1.27","6.85","1.06","1.96","1.80"
"71005","13-02-21 16:00","Scotland","Premiership","2020/2021","Rangers","Kilmarnock","1.16","6.90","16.00","","","1.20","4.40","1.65","2.24","2.57","1.48","4.44","1.16","2.63","1.46"
"71006","10-02-21 21:00","Scotland","Premiership","2020/2021","St. Mirren","Celtic","6.45","4.40","1.44","1.01","10.50","1.22","3.88","1.76","2.07","2.82","1.41","5.05","1.13","1.95","1.81"
"71007","10-02-21 19:00","Scotland","Premiership","2020/2021","Kilmarnock","Motherwell","2.85","3.17","2.53","1.04","7.90","1.33","3.20","2.03","1.78","3.46","1.29","6.45","1.07","1.80","1.96"
"71008","07-02-21 13:00","Scotland","Premiership","2020/2021","Hamilton","Rangers","20.00","8.70","1.11","1.02","15.00","1.10","5.75","1.40","2.82","2.04","1.78","3.26","1.32","2.50","1.50"
"71009","06-02-21 16:00","Scotland","Premiership","2020/2021","Celtic","Motherwell","1.24","6.10","9.90","1.01","18.00","1.15","5.20","1.55","2.61","2.30","1.62","3.74","1.22","2.00","1.77"
"71010","06-02-21 16:00","Scotland","Premiership","2020/2021","Hibernian","Aberdeen","2.42","3.20","3.04","1.06","7.20","1.43","2.74","2.34","1.60","4.40","1.20","8.40","1.03","2.03","1.75"
"71011","06-02-21 16:00","Scotland","Premiership","2020/2021","Livingston","St Johnstone","2.57","3.01","3.01","1.09","6.00","1.59","2.37","2.84","1.48","5.55","1.13","11.00","1.01","2.36","1.56"
"71012","06-02-21 16:00","Scotland","Premiership","2020/2021","Ross County","Dundee Utd","2.45","3.26","2.95","1.04","8.30","1.33","3.20","2.03","1.78","3.50","1.29","6.45","1.07","1.85","1.91"
"71013","06-02-21 16:00","Scotland","Premiership","2020/2021","St. Mirren","Kilmarnock","2.03","3.44","3.72","1.04","8.10","1.37","2.99","2.16","1.70","3.88","1.24","7.30","1.05","2.02","1.76"
"71014","03-02-21 20:45","Scotland","Premiership","2020/2021","Rangers","St Johnstone","1.28","5.00","10.50","1.02","9.20","1.30","3.32","1.96","1.84","3.32","1.31","6.20","1.08","2.50","1.50"
"71015","03-02-21 19:00","Scotland","Premiership","2020/2021","Hamilton","Ross County","3.34","3.42","2.16","1.03","8.50","1.34","3.14","2.05","1.77","3.62","1.27","6.75","1.06","1.90","1.86"
"71016","03-02-21 19:00","Scotland","Premiership","2020/2021","Motherwell","Dundee Utd","2.03","3.54","3.58","1.03","9.00","1.31","3.32","1.97","1.84","3.40","1.30","6.25","1.08","1.90","1.86"
"71017","02-02-21 20:45","Scotland","Premiership","2020/2021","Kilmarnock","Celtic","9.10","5.40","1.29","1.01","16.00","1.18","4.64","1.60","2.34","2.46","1.52","4.20","1.18","1.90","1.86"
"71018","02-02-21 19:00","Scotland","Premiership","2020/2021","Aberdeen","Livingston","2.25","2.97","3.66","1.09","5.80","1.62","2.30","2.95","1.45","5.80","1.12","11.50","1.01","2.40","1.54"
"71019","02-02-21 19:00","Scotland","Premiership","2020/2021","St. Mirren","Hibernian","2.89","3.22","2.52","1.05","7.50","1.41","2.82","2.28","1.63","4.20","1.21","8.00","1.04","2.00","1.77"
"71020","30-01-21 16:00","Scotland","Premiership","2020/2021","Celtic","St. Mirren","1.25","5.50","10.50","1.01","15.00","1.18","4.54","1.62","2.30","2.52","1.50","4.30","1.17","2.10","1.70"
"71021","30-01-21 16:00","Scotland","Premiership","2020/2021","Dundee Utd","Hibernian","4.42","3.70","1.79","1.02","9.10","1.31","3.32","1.96","1.84","3.32","1.31","6.20","1.08","2.00","1.77"
"71022","30-01-21 16:00","Scotland","Premiership","2020/2021","Kilmarnock","St Johnstone","4.34","2.96","1.92","1.08","6.30","1.47","2.60","2.45","1.55","4.60","1.18","9.00","1.03","2.20","1.64"
"71023","30-01-21 16:00","Scotland","Premiership","2020/2021","Livingston","Aberdeen","2.70","2.96","2.90","1.09","6.00","1.56","2.44","2.73","1.51","5.20","1.15","10.50","1.02","2.20","1.64"
"71024","27-01-21 20:45","Scotland","Premiership","2020/2021","Celtic","Hamilton","1.11","9.60","21.00","1.02","15.00","1.08","6.35","1.35","3.10","1.90","1.90","2.94","1.38","2.50","1.50"
"71025","27-01-21 20:45","Scotland","Premiership","2020/2021","Hibernian","Rangers","8.50","4.88","1.35","1.01","10.50","1.24","3.88","1.78","2.04","2.90","1.39","5.15","1.12","2.14","1.67"
"71026","27-01-21 20:45","Scotland","Premiership","2020/2021","Livingston","Kilmarnock","1.89","3.34","4.42","1.06","6.85","1.47","2.60","2.47","1.54","4.70","1.18","9.30","1.03","2.26","1.61"
"71027","27-01-21 19:00","Scotland","Premiership","2020/2021","Dundee Utd","St. Mirren","3.22","3.26","2.29","1.05","7.60","1.40","2.86","2.24","1.65","4.10","1.22","7.80","1.04","2.04","1.74"
"71028","27-01-21 19:00","Scotland","Premiership","2020/2021","Ross County","Motherwell","2.96","3.34","2.41","1.04","8.30","1.35","3.10","2.10","1.74","3.70","1.26","7.00","1.06","1.91","1.85"
"71029","27-01-21 19:00","Scotland","Premiership","2020/2021","St Johnstone","Aberdeen","3.07","3.05","2.50","1.08","6.10","1.58","2.39","2.80","1.49","5.45","1.14","10.50","1.01","2.32","1.58"
"71030","23-01-21 16:00","Scotland","Premiership","2020/2021","Aberdeen","Motherwell","1.98","3.44","3.86","1.04","7.90","1.38","2.94","2.18","1.69","3.88","1.24","7.50","1.05","2.00","1.77"
"71031","23-01-21 16:00","Scotland","Premiership","2020/2021","Rangers","Ross County","1.10","9.20","22.00","1.01","18.00","1.10","5.65","1.42","2.78","2.05","1.77","3.26","1.32","2.63","1.46"
"71032","20-01-21 21:15","Scotland","Premiership","2020/2021","Livingston","Celtic","6.05","3.92","1.55","1.03","8.70","1.32","3.26","1.99","1.82","3.40","1.30","6.30","1.08","2.07","1.72"
"71033","17-01-21 13:00","Scotland","Premiership","2020/2021","Motherwell","Rangers","11.00","5.85","1.23","1.01","14.00","1.17","4.30","1.64","2.26","2.66","1.53","4.54","1.18","2.20","1.64"
"71034","16-01-21 16:00","Scotland","Premiership","2020/2021","Celtic","Livingston","1.75","3.60","4.88","1.03","8.70","1.35","3.10","2.11","1.73","3.78","1.25","7.40","1.05","2.00","1.77"
"71035","16-01-21 16:00","Scotland","Premiership","2020/2021","Hamilton","Dundee Utd","3.38","3.38","2.17","1.04","8.20","1.36","3.04","2.13","1.72","3.78","1.25","7.20","1.06","1.90","1.86"
"71036","16-01-21 16:00","Scotland","Premiership","2020/2021","Hibernian","Kilmarnock","1.89","3.42","4.32","1.04","8.30","1.31","3.32","1.97","1.84","3.32","1.31","6.15","1.08","1.87","1.89"
"71037","16-01-21 16:00","Scotland","Premiership","2020/2021","Ross County","Aberdeen","4.88","3.54","1.74","1.05","7.70","1.40","2.86","2.24","1.65","4.10","1.22","7.80","1.04","2.20","1.64"
"71038","16-01-21 16:00","Scotland","Premiership","2020/2021","St Johnstone","St. Mirren","2.13","3.14","3.76","1.08","6.20","1.56","2.44","2.73","1.51","5.30","1.14","10.50","1.02","2.37","1.56"
"71039","12-01-21 19:30","Scotland","Premiership","2020/2021","Dundee Utd","St Johnstone","4.16","3.28","1.96","1.08","7.20","1.51","2.70","2.46","1.54","4.60","1.15","9.20","1.02","2.30","1.59"
"71040","11-01-21 20:45","Scotland","Premiership","2020/2021","Celtic","Hibernian","1.63","3.76","4.66","1.01","10.00","1.26","3.70","1.84","1.97","3.04","1.36","5.45","1.10","1.75","2.03"
"71041","10-01-21 16:00","Scotland","Premiership","2020/2021","Aberdeen","Rangers","6.65","4.18","1.46","1.02","9.10","1.30","3.32","1.97","1.84","3.40","1.30","6.25","1.08","2.20","1.64"
"71042","10-01-21 16:00","Scotland","Premiership","2020/2021","Livingston","Ross County","1.63","3.72","5.75","1.05","7.60","1.41","2.82","2.28","1.63","4.20","1.21","8.00","1.04","2.25","1.61"
"71043","09-01-21 16:00","Scotland","Premiership","2020/2021","Kilmarnock","Hamilton","1.49","4.34","6.65","1.02","9.90","1.27","3.62","1.85","1.95","3.10","1.35","5.60","1.10","2.05","1.73"
"71044","09-01-21 16:00","Scotland","Premiership","2020/2021","St. Mirren","Motherwell","2.33","3.28","3.13","1.05","7.70","1.39","2.90","2.22","1.66","4.10","1.22","7.80","1.04","1.97","1.80"
"71045","02-01-21 16:00","Scotland","Premiership","2020/2021","Aberdeen","Dundee Utd","1.60","3.78","6.00","1.05","7.70","1.40","2.86","2.24","1.65","4.10","1.22","7.80","1.04","2.34","1.57"
"71046","02-01-21 16:00","Scotland","Premiership","2020/2021","Hamilton","Motherwell","4.98","3.92","1.68","1.02","9.70","1.28","3.54","1.89","1.92","3.14","1.34","5.75","1.10","1.88","1.88"
"71047","02-01-21 16:00","Scotland","Premiership","2020/2021","Hibernian","Livingston","2.35","3.22","3.15","1.05","7.30","1.43","2.74","2.34","1.60","4.40","1.20","8.40","1.03","2.07","1.72"
"71048","02-01-21 16:00","Scotland","Premiership","2020/2021","Kilmarnock","St. Mirren","3.22","3.03","2.42","1.07","6.55","1.45","2.69","2.39","1.58","4.40","1.20","8.40","1.03","2.08","1.71"
"71049","02-01-21 16:00","Scotland","Premiership","2020/2021","Ross County","St Johnstone","3.80","3.26","2.06","1.06","6.85","1.47","2.60","2.47","1.54","4.70","1.18","9.30","1.03","2.20","1.64"
"71050","02-01-21 13:30","Scotland","Premiership","2020/2021","Rangers","Celtic","1.96","3.58","3.42","1.01","10.00","1.24","3.70","1.82","1.95","3.04","1.36","5.50","1.10","1.72","2.07"
"71051","30-12-20 19:15","Scotland","Premiership","2020/2021","Motherwell","Kilmarnock","2.09","3.34","3.64","1.04","7.80","1.37","2.99","2.16","1.70","3.78","1.25","7.30","1.05","1.95","1.81"
"71052","30-12-20 19:00","Scotland","Premiership","2020/2021","Hibernian","Ross County","1.41","4.46","6.95","1.01","10.00","1.26","3.70","1.83","1.98","3.02","1.36","5.40","1.11","2.03","1.75"
"71053","30-12-20 16:00","Scotland","Premiership","2020/2021","Celtic","Dundee Utd","1.11","8.70","19.00","1.01","18.00","1.10","5.60","1.42","2.78","2.07","1.76","3.32","1.31","2.50","1.50"
"71054","30-12-20 16:00","Scotland","Premiership","2020/2021","St Johnstone","Hamilton","1.38","4.68","8.80","1.02","9.30","1.28","3.50","1.90","1.90","3.20","1.33","5.80","1.09","2.28","1.60"
"71055","30-12-20 16:00","Scotland","Premiership","2020/2021","St. Mirren","Rangers","10.00","5.05","1.28","1.01","10.00","1.22","3.88","1.72","2.05","2.86","1.39","5.00","1.13","2.24","1.62"
"71056","26-12-20 16:00","Scotland","Premiership","2020/2021","Aberdeen","St Johnstone","2.21","3.13","3.52","1.08","6.30","1.54","2.46","2.73","1.51","5.25","1.14","10.50","1.02","2.30","1.59"
"71057","26-12-20 16:00","Scotland","Premiership","2020/2021","Dundee Utd","Motherwell","2.97","3.26","2.44","1.05","7.70","1.39","2.90","2.22","1.66","4.10","1.22","7.70","1.05","1.92","1.84"
"71058","26-12-20 16:00","Scotland","Premiership","2020/2021","Hamilton","Celtic","24.00","11.00","1.07","1.01","17.00","1.05","7.40","1.28","3.54","1.73","2.11","2.54","1.49","2.45","1.52"
"71059","26-12-20 16:00","Scotland","Premiership","2020/2021","Kilmarnock","Livingston","3.24","3.19","2.32","1.06","7.00","1.45","2.67","2.40","1.57","4.60","1.18","9.00","1.03","2.06","1.73"
"71060","26-12-20 16:00","Scotland","Premiership","2020/2021","Ross County","St. Mirren","3.40","3.24","2.21","1.06","7.20","1.44","2.70","2.36","1.59","4.44","1.19","8.70","1.04","2.05","1.73"
"71061","26-12-20 13:30","Scotland","Premiership","2020/2021","Rangers","Hibernian","1.21","6.40","11.00","1.01","15.00","1.12","4.84","1.52","2.46","2.36","1.59","3.98","1.23","2.03","1.75"
"71062","23-12-20 19:30","Scotland","Premiership","2020/2021","Dundee Utd","Kilmarnock","2.77","3.17","2.65","1.06","7.10","1.45","2.69","2.40","1.57","4.54","1.18","8.80","1.03","2.05","1.73"
"71063","23-12-20 19:15","Scotland","Premiership","2020/2021","Motherwell","Aberdeen","3.09","3.24","2.37","1.05","7.60","1.40","2.86","2.26","1.64","4.10","1.22","7.90","1.04","2.00","1.77"
"71064","23-12-20 19:00","Scotland","Premiership","2020/2021","Celtic","Ross County","1.12","8.30","19.00","1.01","17.00","1.11","5.40","1.44","2.70","2.13","1.72","3.46","1.29","2.40","1.54"
"71065","23-12-20 19:00","Scotland","Premiership","2020/2021","Hamilton","Livingston","6.00","4.02","1.57","1.03","8.70","1.33","3.20","2.03","1.79","3.54","1.28","6.60","1.07","2.06","1.73"
"71066","23-12-20 19:00","Scotland","Premiership","2020/2021","Hibernian","St. Mirren","2.09","3.28","3.70","1.04","8.10","1.32","3.26","2.00","1.81","3.40","1.30","6.30","1.08","1.86","1.90"
"71067","23-12-20 19:00","Scotland","Premiership","2020/2021","St Johnstone","Rangers","9.40","5.00","1.31","1.01","10.00","1.26","3.70","1.81","1.99","2.99","1.37","5.35","1.11","2.24","1.62"
"71068","20-12-20 13:00","Scotland","Premiership","2020/2021","Kilmarnock","Aberdeen","3.34","3.28","2.23","1.05","7.40","1.42","2.78","2.30","1.62","4.20","1.21","8.20","1.04","2.02","1.76"
"71069","19-12-20 16:00","Scotland","Premiership","2020/2021","Hibernian","Dundee Utd","1.66","3.88","5.20","1.02","9.20","1.31","3.32","1.96","1.84","3.32","1.31","6.20","1.08","2.05","1.73"
"71070","19-12-20 16:00","Scotland","Premiership","2020/2021","Rangers","Motherwell","1.19","6.65","13.00","1.01","15.00","1.14","4.80","1.51","2.44","2.34","1.60","3.88","1.24","2.35","1.56"
"71071","19-12-20 16:00","Scotland","Premiership","2020/2021","Ross County","Hamilton","1.85","3.66","4.18","1.02","9.20","1.30","3.40","1.95","1.85","3.32","1.31","6.20","1.08","1.86","1.90"
"71072","19-12-20 16:00","Scotland","Premiership","2020/2021","St. Mirren","St Johnstone","3.19","3.07","2.42","1.08","6.10","1.58","2.39","2.80","1.49","5.45","1.14","10.50","1.01","2.26","1.61"
"71073","13-12-20 16:00","Scotland","Premiership","2020/2021","Celtic","Kilmarnock","1.24","5.85","10.50","1.01","14.00","1.15","4.60","1.59","2.37","2.51","1.59","4.20","1.21","2.10","1.70"
"71074","13-12-20 13:00","Scotland","Premiership","2020/2021","Dundee Utd","Rangers","18.00","7.60","1.15","1.01","16.00","1.17","4.84","1.60","2.48","2.39","1.58","3.94","1.20","2.67","1.45"
"71075","12-12-20 16:00","Scotland","Premiership","2020/2021","Aberdeen","Ross County","1.70","3.62","5.10","1.04","7.80","1.39","2.90","2.21","1.67","3.98","1.23","7.60","1.05","2.11","1.69"
"71076","12-12-20 16:00","Scotland","Premiership","2020/2021","Hamilton","Hibernian","6.50","4.58","1.46","1.01","11.50","1.21","4.20","1.68","2.19","2.64","1.46","4.60","1.15","1.91","1.85"
"71077","12-12-20 16:00","Scotland","Premiership","2020/2021","Motherwell","St. Mirren","2.21","3.30","3.36","1.05","7.60","1.41","2.82","2.26","1.64","4.10","1.22","7.90","1.04","2.03","1.75"
"71078","12-12-20 16:00","Scotland","Premiership","2020/2021","St Johnstone","Livingston","2.38","3.03","3.28","1.09","5.85","1.61","2.33","2.91","1.46","5.75","1.13","11.50","1.01","2.34","1.57"
"71079","06-12-20 16:00","Scotland","Premiership","2020/2021","Celtic","St Johnstone","1.30","5.10","9.40","1.01","11.00","1.23","3.98","1.73","2.10","2.82","1.41","4.94","1.13","2.14","1.68"
"71080","06-12-20 13:00","Scotland","Premiership","2020/2021","Ross County","Rangers","17.00","8.10","1.13","1.01","18.00","1.10","5.65","1.42","2.78","2.07","1.76","3.32","1.31","2.38","1.55"
"71081","05-12-20 16:00","Scotland","Premiership","2020/2021","Hamilton","Kilmarnock","4.38","3.70","1.81","1.03","9.10","1.31","3.32","1.96","1.85","3.40","1.30","6.20","1.08","1.91","1.85"
"71082","05-12-20 16:00","Scotland","Premiership","2020/2021","Livingston","Dundee Utd","1.85","3.46","4.48","1.05","7.40","1.42","2.78","2.32","1.61","4.20","1.21","8.30","1.03","2.20","1.64"
"71083","05-12-20 16:00","Scotland","Premiership","2020/2021","Motherwell","Hibernian","2.97","3.40","2.37","1.03","8.70","1.33","3.20","2.02","1.79","3.54","1.28","6.55","1.07","1.85","1.90"
"71084","05-12-20 16:00","Scotland","Premiership","2020/2021","St. Mirren","Aberdeen","3.58","3.22","2.15","1.06","6.80","1.47","2.60","2.47","1.54","4.74","1.17","9.30","1.03","2.17","1.66"
"71085","25-11-20 20:00","Scotland","Premiership","2020/2021","Hamilton","Aberdeen","5.70","4.02","1.58","1.03","9.10","1.30","3.32","1.95","1.85","3.40","1.30","6.20","1.08","2.10","1.70"
"71086","24-11-20 20:00","Scotland","Premiership","2020/2021","Hibernian","St Johnstone","2.28","3.19","3.34","1.06","6.75","1.47","2.57","2.50","1.53","4.80","1.17","9.30","1.03","2.11","1.69"
"71087","22-11-20 13:00","Scotland","Premiership","2020/2021","Rangers","Aberdeen","1.22","5.80","13.50","1.01","10.00","1.26","3.70","1.83","1.97","3.04","1.36","5.45","1.10","2.65","1.46"
"71088","21-11-20 16:00","Scotland","Premiership","2020/2021","Dundee Utd","Hamilton","1.86","3.52","4.28","1.03","8.30","1.36","3.04","2.11","1.73","3.70","1.26","7.10","1.06","2.00","1.77"
"71089","21-11-20 16:00","Scotland","Premiership","2020/2021","Hibernian","Celtic","6.45","4.52","1.46","1.01","11.50","1.21","4.20","1.69","2.18","2.67","1.45","4.64","1.14","1.91","1.85"
"71090","21-11-20 16:00","Scotland","Premiership","2020/2021","Kilmarnock","Ross County","1.91","3.52","4.02","1.03","8.30","1.36","3.04","2.13","1.72","3.78","1.25","7.20","1.06","2.02","1.75"
"71091","21-11-20 16:00","Scotland","Premiership","2020/2021","Livingston","St. Mirren","1.97","3.36","4.02","1.05","7.30","1.43","2.74","2.34","1.60","4.40","1.20","8.40","1.03","2.10","1.70"
"71092","21-11-20 16:00","Scotland","Premiership","2020/2021","St Johnstone","Motherwell","2.22","3.22","3.42","1.06","6.95","1.46","2.64","2.42","1.56","4.60","1.18","9.00","1.03","2.10","1.70"
"71093","08-11-20 16:00","Scotland","Premiership","2020/2021","Rangers","Hamilton","1.04","14.50","40.00","1.02","21.00","1.05","7.70","1.26","3.70","1.69","2.18","2.46","1.52","3.00","1.37"
"71094","08-11-20 13:00","Scotland","Premiership","2020/2021","Motherwell","Celtic","7.90","4.98","1.34","1.01","14.50","1.17","4.60","1.60","2.32","2.49","1.51","4.24","1.18","1.86","1.90"
"71095","06-11-20 20:45","Scotland","Premiership","2020/2021","Aberdeen","Hibernian","2.16","3.36","3.40","1.04","7.90","1.38","2.94","2.19","1.68","3.88","1.24","7.50","1.05","1.94","1.81"
"71096","06-11-20 20:45","Scotland","Premiership","2020/2021","Ross County","Livingston","4.26","3.54","1.85","1.04","8.20","1.36","3.04","2.13","1.72","3.78","1.25","7.20","1.06","2.00","1.77"
"71097","06-11-20 20:45","Scotland","Premiership","2020/2021","St Johnstone","Kilmarnock","2.03","3.13","4.12","1.09","5.95","1.60","2.34","2.88","1.46","5.65","1.13","11.00","1.01","2.40","1.54"
"71098","06-11-20 20:45","Scotland","Premiership","2020/2021","St. Mirren","Dundee Utd","2.52","3.17","2.94","1.05","7.50","1.38","2.94","2.19","1.68","3.88","1.24","7.40","1.05","1.90","1.86"
"71099","01-11-20 13:00","Scotland","Premiership","2020/2021","Kilmarnock","Rangers","10.50","5.50","1.26","","","1.21","4.20","1.66","2.21","2.64","1.46","4.54","1.15","2.27","1.60"
"71100","31-10-20 16:00","Scotland","Premiership","2020/2021","Dundee Utd","Ross County","2.21","3.38","3.28","1.03","8.30","1.35","3.10","2.10","1.74","3.70","1.26","7.00","1.06","1.91","1.85"
"71101","31-10-20 16:00","Scotland","Premiership","2020/2021","Livingston","Motherwell","2.14","3.40","3.40","1.04","8.20","1.36","3.04","2.13","1.72","3.78","1.25","7.20","1.06","2.00","1.77"
"71102","25-10-20 16:00","Scotland","Premiership","2020/2021","Rangers","Livingston","1.21","5.90","14.00","1.01","12.00","1.18","4.10","1.70","2.15","2.80","1.49","4.94","1.16","2.38","1.55"
"71103","25-10-20 13:00","Scotland","Premiership","2020/2021","Aberdeen","Celtic","4.78","3.68","1.74","1.03","8.50","1.34","3.14","2.05","1.77","3.62","1.27","6.75","1.06","2.05","1.73"
"71104","24-10-20 16:00","Scotland","Premiership","2020/2021","Kilmarnock","Hibernian","3.19","3.38","2.25","1.03","8.40","1.34","3.14","2.07","1.76","3.62","1.27","6.80","1.06","1.86","1.90"
"71105","24-10-20 16:00","Scotland","Premiership","2020/2021","Motherwell","Ross County","1.69","3.86","4.98","1.02","9.30","1.29","3.46","1.91","1.89","3.26","1.32","6.00","1.09","1.91","1.85"
"71106","24-10-20 16:00","Scotland","Premiership","2020/2021","St Johnstone","Dundee Utd","1.93","3.42","4.12","1.05","7.50","1.41","2.82","2.28","1.63","4.20","1.21","8.00","1.04","2.10","1.70"
"71107","20-10-20 20:00","Scotland","Premiership","2020/2021","Aberdeen","Hamilton","1.37","4.88","8.50","1.03","12.50","1.30","3.60","1.90","1.90","3.38","1.33","6.70","1.11","2.26","1.61"
"71108","17-10-20 16:00","Scotland","Premiership","2020/2021","Dundee Utd","Aberdeen","3.82","3.38","2.02","1.07","8.70","1.42","2.91","2.24","1.65","4.14","1.24","8.90","1.07","2.04","1.74"
"71109","17-10-20 16:00","Scotland","Premiership","2020/2021","Hamilton","St Johnstone","4.54","3.50","1.83","1.08","8.50","1.42","2.91","2.26","1.64","4.30","1.23","9.00","1.07","2.10","1.70"
"71110","17-10-20 16:00","Scotland","Premiership","2020/2021","Livingston","Kilmarnock","1.88","3.46","4.22","1.06","9.40","1.38","3.10","2.13","1.72","3.94","1.26","8.10","1.08","2.06","1.73"
"71111","17-10-20 16:00","Scotland","Premiership","2020/2021","Ross County","Hibernian","4.18","3.84","1.81","1.03","12.50","1.25","4.04","1.76","2.07","2.91","1.42","5.50","1.15","1.83","1.93"
"71112","17-10-20 13:30","Scotland","Premiership","2020/2021","Celtic","Rangers","3.04","3.34","2.33","1.03","8.30","1.34","3.10","2.08","1.74","3.70","1.26","7.00","1.06","1.90","1.85"
"71113","04-10-20 16:00","Scotland","Premiership","2020/2021","Rangers","Ross County","1.09","10.50","25.00","1.01","23.00","1.06","6.80","1.32","3.26","1.83","1.98","2.74","1.43","2.63","1.46"
"71114","04-10-20 13:00","Scotland","Premiership","2020/2021","St Johnstone","Celtic","8.30","4.30","1.38","1.05","10.50","1.32","3.44","1.96","1.85","3.44","1.32","6.95","1.10","2.15","1.66"
"71115","02-10-20 20:45","Scotland","Premiership","2020/2021","Aberdeen","St. Mirren","1.46","4.02","7.00","1.07","8.70","1.40","2.91","2.26","1.64","4.30","1.23","8.90","1.07","2.50","1.50"
"71116","02-10-20 20:45","Scotland","Premiership","2020/2021","Dundee Utd","Livingston","2.81","3.28","2.54","1.07","9.10","1.39","3.05","2.16","1.70","3.94","1.26","8.30","1.08","1.92","1.84"
"71117","02-10-20 20:45","Scotland","Premiership","2020/2021","Hibernian","Hamilton","1.42","4.72","7.10","1.03","13.50","1.22","4.40","1.68","2.19","2.72","1.47","5.00","1.18","1.90","1.86"
"71118","27-09-20 16:00","Scotland","Premiership","2020/2021","Celtic","Hibernian","1.26","5.70","9.30","1.01","17.00","1.15","5.60","1.51","2.70","2.23","1.66","3.74","1.28","1.90","1.86"
"71119","27-09-20 16:00","Scotland","Premiership","2020/2021","Ross County","Aberdeen","4.52","3.38","1.86","1.09","7.70","1.48","2.69","2.42","1.56","4.80","1.19","10.00","1.05","2.20","1.64"
"71120","27-09-20 13:00","Scotland","Premiership","2020/2021","Motherwell","Rangers","10.00","5.45","1.26","1.01","12.50","1.20","4.40","1.65","2.24","2.57","1.48","4.44","1.16","2.20","1.64"
"71121","26-09-20 16:00","Scotland","Premiership","2020/2021","Hamilton","Dundee Utd","3.52","3.62","2.03","1.04","12.00","1.27","3.84","1.82","1.99","3.05","1.39","5.85","1.14","1.78","1.99"
"71122","26-09-20 16:00","Scotland","Premiership","2020/2021","Livingston","St Johnstone","2.58","2.99","3.03","1.11","6.10","1.61","2.32","2.82","1.41","5.50","1.10","","","2.30","1.58"
"71123","26-09-20 16:00","Scotland","Premiership","2020/2021","St. Mirren","Kilmarnock","3.22","3.30","2.26","1.07","9.00","1.39","3.05","2.18","1.69","4.04","1.25","8.30","1.08","1.95","1.81"
"71124","20-09-20 16:00","Scotland","Premiership","2020/2021","Aberdeen","Motherwell","1.98","3.34","3.84","1.08","8.20","1.44","2.83","2.32","1.61","4.40","1.22","9.40","1.06","2.05","1.73"
"71125","20-09-20 13:00","Scotland","Premiership","2020/2021","Hibernian","Rangers","8.50","5.00","1.36","1.01","11.50","1.21","4.20","1.69","2.17","2.69","1.43","4.70","1.14","2.02","1.75"
"71126","19-09-20 16:00","Scotland","Premiership","2020/2021","Celtic","Livingston","1.29","5.55","10.00","1.03","14.00","1.22","4.40","1.66","2.23","2.66","1.49","4.84","1.19","2.30","1.58"
"71127","19-09-20 16:00","Scotland","Premiership","2020/2021","Dundee Utd","St. Mirren","2.01","3.56","3.64","1.05","10.50","1.33","3.38","1.97","1.83","3.44","1.32","6.95","1.10","1.85","1.90"
"71128","19-09-20 16:00","Scotland","Premiership","2020/2021","Kilmarnock","Hamilton","1.74","3.82","4.62","1.04","11.00","1.30","3.60","1.89","1.91","3.26","1.35","6.35","1.13","1.90","1.86"
"71129","19-09-20 16:00","Scotland","Premiership","2020/2021","St Johnstone","Ross County","1.93","3.42","4.12","1.08","8.60","1.42","2.91","2.24","1.65","4.14","1.24","8.90","1.07","2.05","1.73"
"71130","16-09-20 20:45","Scotland","Premiership","2020/2021","St. Mirren","Celtic","18.00","8.60","1.12","1.02","15.00","1.11","6.35","1.42","2.91","2.02","1.79","3.26","1.35","2.35","1.57"
"71131","12-09-20 16:00","Scotland","Premiership","2020/2021","Aberdeen","Kilmarnock","1.86","3.46","4.38","1.05","7.50","1.41","2.82","2.29","1.63","4.20","1.21","8.10","1.04","2.10","1.70"
"71132","12-09-20 16:00","Scotland","Premiership","2020/2021","Livingston","Hamilton","1.58","3.68","6.75","1.04","8.10","1.38","2.94","2.18","1.69","3.88","1.24","7.50","1.05","2.20","1.64"
"71133","12-09-20 16:00","Scotland","Premiership","2020/2021","Motherwell","St Johnstone","2.53","3.28","2.80","1.05","7.60","1.42","2.78","2.30","1.62","4.20","1.21","8.20","1.04","1.97","1.79"
"71134","12-09-20 16:00","Scotland","Premiership","2020/2021","Rangers","Dundee Utd","1.14","7.40","17.00","1.01","17.00","1.14","4.80","1.52","2.44","2.35","1.59","3.98","1.23","2.45","1.52"
"71135","12-09-20 16:00","Scotland","Premiership","2020/2021","Ross County","Celtic","15.00","7.50","1.16","1.01","19.00","1.10","5.30","1.44","2.67","2.16","1.70","3.54","1.28","2.30","1.58"
"71136","12-09-20 16:00","Scotland","Premiership","2020/2021","St. Mirren","Hibernian","4.78","3.82","1.70","1.02","9.40","1.29","3.46","1.91","1.89","3.40","1.32","6.70","1.11","2.00","1.77"
"71137","30-08-20 17:30","Scotland","Premiership","2020/2021","Hibernian","Aberdeen","2.55","3.20","2.88","1.05","7.40","1.40","2.82","2.28","1.63","4.20","1.21","8.00","1.04","1.95","1.81"
"71138","30-08-20 16:00","Scotland","Premiership","2020/2021","Celtic","Motherwell","1.22","6.25","11.50","1.02","16.00","1.17","5.25","1.60","2.65","2.32","1.61","3.94","1.26","2.08","1.71"
"71139","29-08-20 18:30","Scotland","Premiership","2020/2021","Hamilton","Rangers","23.00","8.90","1.11","1.01","19.00","1.14","5.75","1.48","2.69","2.17","1.69","3.60","1.30","2.55","1.49"
"71140","29-08-20 16:00","Scotland","Premiership","2020/2021","Kilmarnock","Dundee Utd","2.56","3.22","2.83","1.05","7.60","1.41","2.82","2.26","1.64","4.10","1.22","7.90","1.04","1.96","1.80"
"71141","29-08-20 16:00","Scotland","Premiership","2020/2021","Livingston","Ross County","1.96","3.44","3.96","1.06","9.10","1.42","2.91","2.24","1.65","4.30","1.23","9.00","1.07","2.00","1.77"
"71142","29-08-20 16:00","Scotland","Premiership","2020/2021","St Johnstone","St. Mirren","2.15","3.22","3.54","1.09","7.70","1.48","2.69","2.45","1.55","4.80","1.19","10.00","1.05","2.12","1.69"
"71143","23-08-20 17:30","Scotland","Premiership","2020/2021","St Johnstone","Hibernian","3.20","3.32","2.26","1.06","9.10","1.39","3.05","2.16","1.70","3.94","1.26","8.20","1.08","1.91","1.85"
"71144","23-08-20 16:00","Scotland","Premiership","2020/2021","Aberdeen","Livingston","1.99","3.20","4.04","1.08","6.35","1.54","2.49","2.77","1.56","5.15","1.15","10.00","1.02","2.33","1.57"
"71145","22-08-20 18:30","Scotland","Premiership","2020/2021","Dundee Utd","Celtic","14.50","6.60","1.18","1.02","14.50","1.19","4.70","1.55","2.32","2.54","1.53","4.54","1.21","2.31","1.58"
"71146","22-08-20 16:00","Scotland","Premiership","2020/2021","Motherwell","Hamilton","1.50","4.14","6.95","1.01","10.00","1.26","3.70","1.84","1.97","3.04","1.36","5.50","1.10","1.95","1.81"
"71147","22-08-20 16:00","Scotland","Premiership","2020/2021","Rangers","Kilmarnock","1.18","6.50","15.00","1.02","13.50","1.22","4.40","1.69","2.15","2.98","1.50","5.25","1.17","2.38","1.55"
"71148","22-08-20 16:00","Scotland","Premiership","2020/2021","St. Mirren","Ross County","2.40","3.30","2.99","1.06","9.10","1.39","3.05","2.16","1.70","3.94","1.26","8.20","1.08","1.91","1.85"
"71149","20-08-20 20:30","Scotland","Premiership","2020/2021","St Johnstone","Aberdeen","2.88","2.96","2.63","1.11","6.70","1.52","2.40","2.90","1.52","5.65","1.15","12.50","1.03","2.19","1.63"
"71150","16-08-20 17:30","Scotland","Premiership","2020/2021","Livingston","Rangers","11.00","5.70","1.24","1.03","13.50","1.23","4.30","1.70","2.14","2.76","1.46","5.10","1.18","2.22","1.63"
"71151","15-08-20 18:30","Scotland","Premiership","2020/2021","Hibernian","Motherwell","1.93","3.48","3.86","1.02","9.50","1.30","3.40","1.94","1.87","3.32","1.31","6.20","1.08","1.84","1.92"
"71152","15-08-20 16:00","Scotland","Premiership","2020/2021","Hamilton","St. Mirren","3.05","3.18","2.45","1.06","6.90","1.46","2.64","2.45","1.55","4.64","1.18","9.10","1.03","2.10","1.70"
"71153","15-08-20 16:00","Scotland","Premiership","2020/2021","Kilmarnock","St Johnstone","2.37","3.18","3.16","1.06","7.10","1.45","2.69","2.40","1.57","4.54","1.18","8.90","1.03","2.15","1.66"
"71154","15-08-20 16:00","Scotland","Premiership","2020/2021","Ross County","Dundee Utd","2.80","3.14","2.65","1.08","8.40","1.39","3.05","2.18","1.69","3.94","1.26","8.20","1.08","1.95","1.81"
"71155","12-08-20 20:45","Scotland","Premiership","2020/2021","Motherwell","Livingston","2.37","3.24","2.97","1.08","8.20","1.44","2.83","2.32","1.61","4.40","1.22","9.40","1.06","2.00","1.77"
"71156","12-08-20 20:45","Scotland","Premiership","2020/2021","Rangers","St Johnstone","1.15","7.20","16.00","1.01","16.00","1.20","4.70","1.62","2.30","2.63","1.50","4.84","1.19","2.55","1.46"
"71157","12-08-20 20:45","Scotland","Premiership","2020/2021","Ross County","Kilmarnock","3.08","3.11","2.44","1.06","6.95","1.44","2.70","2.38","1.58","4.44","1.19","8.70","1.03","2.03","1.75"
"71158","11-08-20 19:00","Scotland","Premiership","2020/2021","Dundee Utd","Hibernian","3.30","3.26","2.23","1.03","8.30","1.28","3.32","1.94","1.83","3.32","1.31","6.15","1.08","1.76","1.96"
"71159","09-08-20 17:30","Scotland","Premiership","2020/2021","Kilmarnock","Celtic","11.00","6.30","1.22","1.01","18.00","1.13","4.90","1.49","2.49","2.30","1.62","3.78","1.25","2.03","1.75"
"71160","09-08-20 16:00","Scotland","Premiership","2020/2021","Rangers","St. Mirren","1.13","8.10","19.00","1.01","16.00","1.16","4.90","1.56","2.43","2.44","1.53","4.14","1.18","2.40","1.54"
"71161","08-08-20 16:00","Scotland","Premiership","2020/2021","Hamilton","Ross County","2.74","3.28","2.62","1.07","9.00","1.39","3.05","2.16","1.70","3.94","1.26","8.30","1.08","1.89","1.86"
"71162","08-08-20 16:00","Scotland","Premiership","2020/2021","Livingston","Hibernian","2.53","3.19","2.90","1.08","8.60","1.38","3.05","2.16","1.70","3.94","1.26","8.20","1.08","1.90","1.85"
"71163","08-08-20 16:00","Scotland","Premiership","2020/2021","Motherwell","Dundee Utd","2.02","3.34","3.78","1.06","8.70","1.39","3.00","2.18","1.69","3.94","1.26","8.30","1.08","2.00","1.77"
"71164","03-08-20 20:45","Scotland","Premiership","2020/2021","Ross County","Motherwell","3.72","3.50","1.98","1.02","9.20","1.33","3.20","2.01","1.80","3.54","1.28","6.65","1.07","1.76","1.95"
"71165","02-08-20 17:30","Scotland","Premiership","2020/2021","Celtic","Hamilton","1.06","12.50","34.00","1.02","15.00","1.07","8.80","1.27","3.84","1.69","2.18","2.54","1.53","2.90","1.39"
"71166","01-08-20 16:00","Scotland","Premiership","2020/2021","Dundee Utd","St Johnstone","2.70","3.20","2.70","1.09","7.70","1.48","2.69","2.45","1.55","4.80","1.19","10.00","1.05","2.08","1.71"
"71167","01-08-20 16:00","Scotland","Premiership","2020/2021","Hibernian","Kilmarnock","1.93","3.56","3.94","1.06","9.70","1.36","3.20","2.06","1.77","3.74","1.28","7.60","1.09","1.95","1.81"
"71168","01-08-20 16:00","Scotland","Premiership","2020/2021","St. Mirren","Livingston","3.28","2.98","2.42","1.11","6.80","1.51","2.60","2.53","1.53","4.84","1.19","10.50","1.05","2.10","1.70"
"71169","01-08-20 13:30","Scotland","Premiership","2020/2021","Aberdeen","Rangers","6.30","4.08","1.54","1.06","10.00","1.34","3.32","2.01","1.80","3.60","1.30","7.20","1.10","2.10","1.70"
"71170","11-03-20 20:45","Scotland","Premiership","2019/2020","St. Mirren","Hearts","3.32","3.22","2.27","1.05","7.60","1.38","2.94","2.23","1.73","3.88","1.24","7.40","1.05","1.94","1.81"
"71171","08-03-20 13:00","Scotland","Premiership","2019/2020","Ross County","Rangers","12.00","5.95","1.26","1.01","17.00","1.15","5.10","1.58","2.53","2.34","1.57","3.94","1.20","2.00","1.77"
"71172","07-03-20 16:00","Scotland","Premiership","2019/2020","Aberdeen","Hibernian","2.11","3.40","3.58","1.04","7.90","1.38","2.94","2.23","1.73","3.88","1.24","7.50","1.05","1.95","1.81"
"71173","07-03-20 16:00","Scotland","Premiership","2019/2020","Celtic","St. Mirren","1.10","9.60","27.00","1.01","20.00","1.10","5.55","1.43","2.74","2.15","1.78","3.32","1.31","2.65","1.46"
"71174","07-03-20 16:00","Scotland","Premiership","2019/2020","Hamilton","Kilmarnock","3.58","3.50","2.08","1.03","8.60","1.33","3.20","2.09","1.82","3.54","1.28","6.65","1.07","1.91","1.85"
"71175","07-03-20 16:00","Scotland","Premiership","2019/2020","Hearts","Motherwell","1.97","3.62","3.80","1.03","9.10","1.31","3.32","2.01","1.89","3.32","1.31","6.20","1.08","1.84","1.92"
"71176","07-03-20 16:00","Scotland","Premiership","2019/2020","St Johnstone","Livingston","2.66","3.22","2.78","1.05","7.30","1.43","2.74","2.39","1.64","4.34","1.20","8.30","1.03","2.04","1.74"
"71177","04-03-20 20:45","Scotland","Premiership","2019/2020","Kilmarnock","Aberdeen","2.85","3.13","2.64","1.06","6.70","1.48","2.57","2.56","1.57","4.80","1.17","9.40","1.03","2.09","1.70"
"71178","04-03-20 20:45","Scotland","Premiership","2019/2020","Livingston","Celtic","7.70","4.70","1.38","1.01","10.50","1.23","3.88","1.81","2.09","2.90","1.39","5.15","1.12","2.10","1.70"
"71179","04-03-20 20:45","Scotland","Premiership","2019/2020","Motherwell","Ross County","1.81","3.70","4.42","1.03","8.90","1.30","3.32","2.01","1.87","3.40","1.30","6.30","1.08","1.91","1.85"
"71180","04-03-20 20:45","Scotland","Premiership","2019/2020","Rangers","Hamilton","1.12","9.20","20.00","1.01","17.00","1.06","6.75","1.32","3.26","1.88","2.02","2.78","1.42","2.20","1.64"
"71181","04-03-20 20:45","Scotland","Premiership","2019/2020","St. Mirren","St Johnstone","2.84","2.99","2.75","1.07","6.50","1.47","2.60","2.51","1.59","4.60","1.18","9.00","1.03","2.06","1.73"
"71182","03-03-20 20:45","Scotland","Premiership","2019/2020","Hibernian","Hearts","2.04","3.50","3.34","1.02","9.60","1.25","3.54","1.91","1.95","3.18","1.33","5.80","1.10","1.75","2.03"
"71183","25-02-20 20:45","Scotland","Premiership","2019/2020","Motherwell","St. Mirren","2.17","3.17","3.60","1.05","7.30","1.38","2.94","2.22","1.71","3.78","1.25","7.20","1.06","1.95","1.80"
"71184","23-02-20 16:00","Scotland","Premiership","2019/2020","Celtic","Kilmarnock","1.18","6.90","16.00","1.01","17.00","1.16","4.94","1.58","2.51","2.36","1.56","3.94","1.20","2.45","1.52"
"71185","23-02-20 14:30","Scotland","Premiership","2019/2020","St Johnstone","Rangers","8.30","4.74","1.40","1.01","10.50","1.24","3.88","1.81","2.09","2.90","1.39","5.20","1.12","2.10","1.70"
"71186","22-02-20 16:00","Scotland","Premiership","2019/2020","Aberdeen","Ross County","1.45","4.14","7.30","1.03","8.30","1.36","3.04","2.18","1.76","3.78","1.25","7.20","1.06","2.31","1.58"
"71187","22-02-20 16:00","Scotland","Premiership","2019/2020","Hamilton","Motherwell","3.68","3.40","2.08","1.05","7.70","1.39","2.90","2.27","1.70","4.10","1.22","7.70","1.05","2.00","1.77"
"71188","22-02-20 16:00","Scotland","Premiership","2019/2020","Hibernian","Livingston","2.27","3.44","3.17","1.03","8.70","1.33","3.20","2.07","1.84","3.54","1.28","6.55","1.07","1.82","1.94"
"71189","16-02-20 17:30","Scotland","Premiership","2019/2020","Kilmarnock","Hibernian","2.39","3.38","3.00","1.03","8.50","1.34","3.14","2.10","1.81","3.62","1.27","6.75","1.06","1.85","1.90"
"71190","16-02-20 16:00","Scotland","Premiership","2019/2020","Rangers","Livingston","1.25","5.90","11.00","1.02","14.50","1.21","4.40","1.68","2.18","2.70","1.47","4.90","1.18","2.30","1.58"
"71191","16-02-20 13:00","Scotland","Premiership","2019/2020","Aberdeen","Celtic","7.30","4.44","1.42","1.02","9.60","1.28","3.54","1.95","1.94","3.20","1.33","5.85","1.09","2.15","1.66"
"71192","15-02-20 16:00","Scotland","Premiership","2019/2020","Hearts","Hamilton","1.55","4.24","6.00","1.02","10.00","1.27","3.62","1.89","2.01","3.04","1.36","5.50","1.10","1.95","1.81"
"71193","15-02-20 16:00","Scotland","Premiership","2019/2020","Ross County","St Johnstone","3.36","3.18","2.30","1.07","6.60","1.50","2.52","2.61","1.55","4.94","1.16","9.70","1.02","2.14","1.68"
"71194","12-02-20 20:45","Scotland","Premiership","2019/2020","Celtic","Hearts","1.16","7.70","13.50","1.02","15.00","1.11","6.10","1.44","3.00","1.98","1.79","3.04","1.32","2.39","1.54"
"71195","12-02-20 20:45","Scotland","Premiership","2019/2020","Hibernian","Ross County","1.66","4.20","4.84","","","1.19","4.40","1.68","2.28","2.60","1.47","4.50","1.16","1.78","1.99"
"71196","12-02-20 20:45","Scotland","Premiership","2019/2020","Kilmarnock","Rangers","7.80","5.25","1.33","1.01","11.00","1.22","4.10","1.75","2.18","2.74","1.43","4.74","1.14","2.17","1.65"
"71197","12-02-20 20:45","Scotland","Premiership","2019/2020","Livingston","St. Mirren","1.84","3.54","4.48","1.04","7.80","1.38","2.90","2.24","1.71","3.98","1.23","7.70","1.05","2.10","1.70"
"71198","12-02-20 20:45","Scotland","Premiership","2019/2020","St Johnstone","Motherwell","2.47","3.20","3.04","1.05","7.30","1.41","2.82","2.33","1.67","4.10","1.22","7.90","1.04","1.96","1.80"
"71199","11-02-20 20:45","Scotland","Premiership","2019/2020","Hamilton","Aberdeen","4.54","3.42","1.83","1.06","7.20","1.44","2.70","2.41","1.63","4.44","1.19","8.70","1.03","2.15","1.66"
"71200","05-02-20 20:45","Scotland","Premiership","2019/2020","Aberdeen","St Johnstone","1.72","3.58","5.00","1.05","7.50","1.41","2.78","2.35","1.66","4.20","1.21","8.10","1.04","2.20","1.64"
"71201","05-02-20 20:45","Scotland","Premiership","2019/2020","Hearts","Kilmarnock","1.94","3.50","4.10","1.04","7.90","1.38","2.94","2.23","1.73","3.88","1.24","7.50","1.05","2.00","1.77"
"71202","05-02-20 20:45","Scotland","Premiership","2019/2020","Motherwell","Celtic","9.90","5.85","1.26","1.01","11.50","1.18","4.32","1.67","2.28","2.57","1.48","4.40","1.16","2.24","1.62"
"71203","05-02-20 20:45","Scotland","Premiership","2019/2020","Rangers","Hibernian","1.16","7.60","15.00","1.01","19.00","1.12","5.20","1.46","2.60","2.24","1.72","3.62","1.27","2.26","1.61"
"71204","05-02-20 20:45","Scotland","Premiership","2019/2020","Ross County","Livingston","3.34","3.34","2.22","1.04","7.80","1.36","2.90","2.26","1.71","3.98","1.23","7.70","1.05","1.93","1.81"
"71205","05-02-20 20:45","Scotland","Premiership","2019/2020","St. Mirren","Hamilton","1.79","3.64","4.54","1.03","8.60","1.37","2.99","2.21","1.74","3.98","1.23","7.50","1.05","2.10","1.70"
"71206","02-02-20 13:30","Scotland","Premiership","2019/2020","Hamilton","Celtic","16.00","7.90","1.15","1.01","20.00","1.11","5.40","1.41","2.70","2.19","1.75","3.46","1.29","2.26","1.61"
"71207","01-02-20 16:00","Scotland","Premiership","2019/2020","Hibernian","St. Mirren","1.81","3.68","4.34","1.03","8.90","1.32","3.26","2.04","1.86","3.46","1.29","6.45","1.07","1.95","1.81"
"71208","01-02-20 16:00","Scotland","Premiership","2019/2020","Kilmarnock","Ross County","1.82","3.62","4.52","1.04","8.20","1.36","3.04","2.18","1.76","3.78","1.25","7.20","1.06","2.00","1.77"
"71209","01-02-20 16:00","Scotland","Premiership","2019/2020","Livingston","Motherwell","2.33","3.30","3.17","1.04","7.90","1.38","2.94","2.24","1.72","3.88","1.24","7.50","1.05","1.94","1.82"
"71210","01-02-20 16:00","Scotland","Premiership","2019/2020","Rangers","Aberdeen","1.28","5.45","9.90","1.01","11.50","1.22","4.10","1.73","2.21","2.69","1.45","4.70","1.14","2.20","1.64"
"71211","01-02-20 16:00","Scotland","Premiership","2019/2020","St Johnstone","Hearts","2.87","3.28","2.54","1.05","7.70","1.39","2.90","2.27","1.70","4.10","1.22","7.70","1.05","2.00","1.77"
"71212","29-01-20 20:45","Scotland","Premiership","2019/2020","Rangers","Ross County","1.07","12.00","32.00","1.01","23.00","1.06","7.20","1.28","3.50","1.78","2.13","2.60","1.47","2.88","1.39"
"71213","29-01-20 20:45","Scotland","Premiership","2019/2020","St Johnstone","Celtic","9.90","5.30","1.29","1.01","10.50","1.23","3.88","1.78","2.12","2.86","1.40","5.05","1.13","2.26","1.61"
"71214","26-01-20 16:00","Scotland","Premiership","2019/2020","Hearts","Rangers","7.20","4.78","1.38","1.01","12.50","1.18","4.40","1.69","2.29","2.57","1.48","4.44","1.16","1.95","1.81"
"71215","26-01-20 13:30","Scotland","Premiership","2019/2020","St. Mirren","Aberdeen","3.38","3.24","2.26","1.06","6.95","1.46","2.64","2.48","1.60","4.64","1.18","9.10","1.03","2.10","1.70"
"71216","25-01-20 16:00","Scotland","Premiership","2019/2020","Celtic","Ross County","1.07","11.50","31.00","1.01","17.00","1.06","6.65","1.32","3.26","1.89","2.01","2.82","1.41","2.87","1.40"
"71217","25-01-20 16:00","Scotland","Premiership","2019/2020","Hamilton","Livingston","4.06","3.48","1.95","1.04","7.90","1.38","2.94","2.24","1.72","3.88","1.24","7.50","1.05","2.00","1.77"
"71218","25-01-20 16:00","Scotland","Premiership","2019/2020","Motherwell","Hibernian","2.27","3.36","3.24","1.03","8.90","1.28","3.54","1.93","1.96","3.10","1.35","5.65","1.10","1.78","1.99"
"71219","25-01-20 16:00","Scotland","Premiership","2019/2020","St Johnstone","Kilmarnock","2.40","3.13","3.24","1.07","6.45","1.51","2.49","2.67","1.53","5.10","1.15","10.00","1.02","2.16","1.66"
"71220","22-01-20 20:45","Scotland","Premiership","2019/2020","Aberdeen","Motherwell","1.96","3.44","4.06","1.03","8.30","1.32","3.18","2.09","1.82","3.54","1.28","6.60","1.07","1.91","1.85"
"71221","22-01-20 20:45","Scotland","Premiership","2019/2020","Hibernian","Hamilton","1.55","4.38","5.75","1.01","11.50","1.21","4.20","1.73","2.23","2.67","1.45","4.64","1.14","1.85","1.90"
"71222","22-01-20 20:45","Scotland","Premiership","2019/2020","Kilmarnock","Celtic","8.90","5.00","1.33","1.01","10.50","1.25","3.78","1.82","2.06","2.94","1.38","5.30","1.11","2.36","1.56"
"71223","22-01-20 20:45","Scotland","Premiership","2019/2020","Livingston","St Johnstone","1.93","3.40","4.16","1.06","6.85","1.50","2.52","2.61","1.55","5.05","1.16","9.90","1.02","2.30","1.58"
"71224","22-01-20 20:45","Scotland","Premiership","2019/2020","Rangers","St. Mirren","1.13","7.60","25.00","1.01","17.00","1.14","5.20","1.53","2.61","2.28","1.60","3.74","1.22","2.38","1.55"
"71225","22-01-20 20:45","Scotland","Premiership","2019/2020","Ross County","Hearts","3.62","3.54","2.05","1.03","8.90","1.31","3.32","2.03","1.87","3.40","1.30","6.35","1.08","1.83","1.93"
"71226","29-12-19 16:00","Scotland","Premiership","2019/2020","Livingston","Hibernian","2.27","3.38","3.24","1.02","9.20","1.25","3.62","1.90","2.00","2.99","1.36","5.50","1.10","1.72","2.06"
"71227","29-12-19 16:00","Scotland","Premiership","2019/2020","Motherwell","Hamilton","1.52","4.20","5.65","1.02","9.80","1.27","3.46","1.94","1.94","3.20","1.32","5.85","1.09","2.00","1.77"
"71228","29-12-19 16:00","Scotland","Premiership","2019/2020","St Johnstone","Ross County","1.75","3.64","4.90","1.03","8.30","1.35","3.04","2.14","1.78","3.70","1.25","7.00","1.06","1.96","1.80"
"71229","29-12-19 16:00","Scotland","Premiership","2019/2020","St. Mirren","Kilmarnock","2.37","3.26","3.14","1.06","7.20","1.45","2.65","2.46","1.61","4.54","1.18","8.80","1.03","2.06","1.73"
"71230","29-12-19 15:00","Scotland","Premiership","2019/2020","Hearts","Aberdeen","2.60","3.17","2.84","1.06","7.10","1.43","2.70","2.44","1.62","4.50","1.19","8.80","1.03","2.01","1.76"
"71231","29-12-19 13:30","Scotland","Premiership","2019/2020","Celtic","Rangers","2.04","3.44","3.32","1.02","9.40","1.26","3.42","1.93","1.90","3.20","1.32","5.95","1.09","1.74","1.96"
"71232","26-12-19 16:00","Scotland","Premiership","2019/2020","Aberdeen","Livingston","2.08","3.34","3.62","1.05","7.60","1.39","2.81","2.31","1.68","4.10","1.21","7.90","1.04","1.97","1.79"
"71233","26-12-19 16:00","Scotland","Premiership","2019/2020","Hamilton","St Johnstone","3.32","3.34","2.23","1.05","7.70","1.39","2.85","2.27","1.70","4.00","1.22","7.70","1.05","2.00","1.77"
"71234","26-12-19 16:00","Scotland","Premiership","2019/2020","Rangers","Kilmarnock","1.11","8.70","24.00","1.01","19.00","1.12","5.10","1.46","2.57","2.27","1.70","3.62","1.26","2.70","1.44"
"71235","26-12-19 16:00","Scotland","Premiership","2019/2020","Ross County","Motherwell","3.26","3.60","2.15","1.01","10.00","1.25","3.70","1.84","2.04","2.97","1.37","5.35","1.11","1.69","2.11"
"71236","26-12-19 16:00","Scotland","Premiership","2019/2020","St. Mirren","Celtic","15.00","7.10","1.17","1.01","15.00","1.16","4.44","1.59","2.27","2.58","1.56","4.30","1.19","2.45","1.52"
"71237","26-12-19 13:30","Scotland","Premiership","2019/2020","Hearts","Hibernian","2.59","3.28","2.81","1.03","8.40","1.32","3.20","2.07","1.84","3.42","1.29","6.45","1.07","1.80","1.96"
"71238","21-12-19 16:00","Scotland","Premiership","2019/2020","Celtic","Aberdeen","1.20","6.55","13.50","1.02","15.00","1.18","4.50","1.64","2.35","2.48","1.50","4.24","1.18","2.38","1.55"
"71239","21-12-19 16:00","Scotland","Premiership","2019/2020","Hamilton","Hearts","3.62","3.44","2.08","1.04","8.10","1.36","2.99","2.21","1.74","3.80","1.24","7.30","1.05","1.93","1.83"
"71240","21-12-19 16:00","Scotland","Premiership","2019/2020","Kilmarnock","Motherwell","2.57","3.24","2.87","1.05","7.40","1.41","2.77","2.35","1.66","4.10","1.21","8.10","1.04","2.00","1.77"
"71241","21-12-19 16:00","Scotland","Premiership","2019/2020","Livingston","Ross County","1.72","3.78","4.48","1.02","9.80","1.27","3.54","1.92","1.97","3.13","1.33","5.70","1.10","1.92","1.84"
"71242","21-12-19 16:00","Scotland","Premiership","2019/2020","St Johnstone","St. Mirren","2.16","3.42","3.42","1.04","8.20","1.36","2.99","2.18","1.76","3.70","1.25","7.20","1.06","2.00","1.77"
"71243","20-12-19 20:45","Scotland","Premiership","2019/2020","Hibernian","Rangers","6.95","5.05","1.37","1.01","17.00","1.14","5.05","1.53","2.56","2.29","1.58","3.84","1.21","1.68","2.06"
"71244","18-12-19 20:45","Scotland","Premiership","2019/2020","Hearts","Celtic","9.40","5.40","1.29","1.02","14.50","1.19","4.32","1.69","2.29","2.57","1.47","4.50","1.16","2.17","1.66"
"71245","15-12-19 16:00","Scotland","Premiership","2019/2020","Celtic","Hibernian","1.18","7.30","13.00","1.02","15.00","1.09","5.90","1.38","2.90","2.04","1.86","3.14","1.33","2.00","1.77"
"71246","15-12-19 13:00","Scotland","Premiership","2019/2020","Motherwell","Rangers","9.80","5.75","1.30","1.01","16.00","1.14","4.70","1.54","2.38","2.46","1.61","4.00","1.22","1.94","1.80"
"71247","14-12-19 16:00","Scotland","Premiership","2019/2020","Aberdeen","Hamilton","1.33","5.30","9.00","","","1.24","3.80","1.82","2.09","2.90","1.38","5.25","1.12","2.20","1.64"
"71248","14-12-19 16:00","Scotland","Premiership","2019/2020","Hearts","St Johnstone","2.00","3.44","3.90","1.04","7.80","1.38","2.90","2.26","1.71","3.98","1.22","7.60","1.05","2.00","1.77"
"71249","14-12-19 16:00","Scotland","Premiership","2019/2020","Ross County","Kilmarnock","2.76","3.28","2.63","1.04","7.90","1.37","2.94","2.23","1.73","3.90","1.23","7.50","1.05","1.91","1.85"
"71250","14-12-19 16:00","Scotland","Premiership","2019/2020","St. Mirren","Livingston","2.65","3.32","2.72","1.04","8.00","1.37","2.97","2.21","1.74","3.80","1.24","7.40","1.05","1.95","1.81"
"71251","07-12-19 16:00","Scotland","Premiership","2019/2020","Hamilton","St. Mirren","2.71","3.30","2.67","1.04","7.90","1.36","2.94","2.22","1.73","3.80","1.24","7.40","1.05","1.91","1.85"
"71252","07-12-19 16:00","Scotland","Premiership","2019/2020","Hibernian","Aberdeen","2.59","3.44","2.70","1.02","9.90","1.24","3.80","1.85","2.05","2.90","1.38","5.20","1.12","1.68","2.11"
"71253","07-12-19 16:00","Scotland","Premiership","2019/2020","Livingston","Kilmarnock","2.55","3.15","2.97","1.06","6.75","1.47","2.57","2.53","1.58","4.70","1.17","9.20","1.02","2.05","1.73"
"71254","07-12-19 16:00","Scotland","Premiership","2019/2020","Motherwell","Hearts","2.12","3.50","3.34","1.03","8.90","1.33","3.14","2.09","1.82","3.54","1.27","6.75","1.06","1.83","1.93"
"71255","04-12-19 20:45","Scotland","Premiership","2019/2020","Aberdeen","Rangers","6.20","4.30","1.50","1.03","8.80","1.24","3.80","1.79","2.13","2.73","1.42","4.60","1.15","1.91","1.83"
"71256","04-12-19 20:45","Scotland","Premiership","2019/2020","Celtic","Hamilton","1.07","11.50","26.00","1.01","17.00","1.07","6.55","1.28","3.46","1.75","2.19","2.45","1.51","2.78","1.42"
"71257","04-12-19 20:45","Scotland","Premiership","2019/2020","Hearts","Livingston","2.03","3.44","3.80","1.06","7.00","1.37","2.94","2.18","1.76","3.62","1.26","6.30","1.08","1.98","1.78"
"71258","04-12-19 20:45","Scotland","Premiership","2019/2020","Kilmarnock","St Johnstone","1.80","3.58","4.12","1.06","6.75","1.46","2.60","2.46","1.61","4.40","1.18","7.60","1.05","2.20","1.64"
"71259","04-12-19 20:45","Scotland","Premiership","2019/2020","Ross County","Hibernian","3.72","3.90","1.92","1.02","9.60","1.19","4.30","1.66","2.35","2.43","1.52","3.98","1.20","1.57","2.27"
"71260","04-12-19 20:45","Scotland","Premiership","2019/2020","St. Mirren","Motherwell","2.66","3.58","2.62","1.05","7.50","1.35","3.04","2.10","1.81","3.46","1.28","6.05","1.09","1.88","1.88"
"71261","01-12-19 16:00","Scotland","Premiership","2019/2020","Rangers","Hearts","1.20","7.10","12.00","","","1.14","4.84","1.54","2.61","2.25","1.60","3.56","1.24","2.21","1.63"
"71262","01-12-19 13:00","Scotland","Premiership","2019/2020","Ross County","Celtic","17.00","8.00","1.14","1.02","13.00","1.13","4.94","1.45","2.63","2.19","1.75","3.32","1.30","2.40","1.54"
"71263","30-11-19 16:00","Scotland","Premiership","2019/2020","Aberdeen","St. Mirren","1.63","3.78","5.15","1.06","7.20","1.36","2.99","2.12","1.80","3.46","1.28","6.10","1.08","2.10","1.70"
"71264","30-11-19 16:00","Scotland","Premiership","2019/2020","Hibernian","Kilmarnock","2.01","3.52","3.76","1.05","7.30","1.34","3.10","2.09","1.82","3.42","1.29","5.90","1.09","1.88","1.88"
"71265","30-11-19 16:00","Scotland","Premiership","2019/2020","Livingston","Hamilton","1.74","3.72","4.90","1.06","7.10","1.36","2.99","2.15","1.78","3.54","1.27","6.20","1.08","2.08","1.71"
"71266","30-11-19 16:00","Scotland","Premiership","2019/2020","Motherwell","St Johnstone","2.03","3.52","3.70","1.05","7.40","1.34","3.10","2.07","1.83","3.40","1.29","5.85","1.09","1.87","1.89"
"71267","26-11-19 20:45","Scotland","Premiership","2019/2020","St. Mirren","Hibernian","2.98","3.54","2.33","1.03","8.30","1.27","3.54","1.88","2.02","2.94","1.37","5.00","1.13","1.74","2.04"
"71268","24-11-19 16:00","Scotland","Premiership","2019/2020","St Johnstone","Aberdeen","3.38","3.34","2.20","1.06","6.75","1.40","2.81","2.26","1.71","3.80","1.24","6.60","1.07","1.95","1.81"
"71269","24-11-19 13:15","Scotland","Premiership","2019/2020","Hamilton","Rangers","19.00","8.50","1.13","1.02","15.00","1.11","5.30","1.40","2.81","2.04","1.86","3.04","1.35","2.30","1.58"
"71270","23-11-19 16:00","Scotland","Premiership","2019/2020","Celtic","Livingston","1.11","8.60","25.00","1.01","17.00","1.15","4.54","1.52","2.43","2.38","1.65","3.70","1.25","2.75","1.43"
"71271","23-11-19 16:00","Scotland","Premiership","2019/2020","Hibernian","Motherwell","2.11","3.64","3.36","1.03","8.60","1.25","3.70","1.82","2.09","2.81","1.40","4.74","1.14","1.70","2.10"
"71272","23-11-19 16:00","Scotland","Premiership","2019/2020","Kilmarnock","Hearts","2.74","3.16","2.73","1.08","6.20","1.46","2.60","2.45","1.62","4.24","1.20","7.40","1.05","2.05","1.73"
"71273","23-11-19 16:00","Scotland","Premiership","2019/2020","St. Mirren","Ross County","2.04","3.60","3.60","1.05","7.50","1.35","3.04","2.10","1.81","3.46","1.28","6.05","1.09","1.88","1.88"
"71274","10-11-19 16:00","Scotland","Premiership","2019/2020","Celtic","Motherwell","1.11","8.90","22.00","1.02","13.00","1.12","5.10","1.42","2.70","2.12","1.80","3.20","1.32","2.60","1.55"
"71275","10-11-19 16:00","Scotland","Premiership","2019/2020","Livingston","Rangers","8.70","5.40","1.30","1.01","10.00","1.18","4.54","1.60","2.48","2.31","1.57","3.72","1.22","1.95","1.94"
"71276","09-11-19 16:00","Scotland","Premiership","2019/2020","Hearts","St. Mirren","1.98","3.34","4.12","1.08","6.15","1.46","2.60","2.45","1.61","4.30","1.20","7.40","1.05","2.10","1.81"
"71277","09-11-19 16:00","Scotland","Premiership","2019/2020","Kilmarnock","Hamilton","1.64","3.80","5.75","1.06","6.70","1.40","2.81","2.27","1.70","3.80","1.24","6.70","1.06","2.30","1.68"
"71278","09-11-19 16:00","Scotland","Premiership","2019/2020","Ross County","Aberdeen","4.06","3.66","1.89","1.05","7.70","1.31","3.26","1.99","1.91","3.20","1.32","5.50","1.10","1.85","2.05"
"71279","09-11-19 16:00","Scotland","Premiership","2019/2020","St Johnstone","Hibernian","2.37","3.46","2.97","1.05","7.50","1.35","3.04","2.12","1.80","3.54","1.27","6.10","1.08","1.85","2.05"
"71280","02-11-19 16:00","Scotland","Premiership","2019/2020","Aberdeen","Kilmarnock","1.87","3.38","4.62","1.09","5.90","1.50","2.48","2.56","1.57","4.54","1.18","7.80","1.04","2.25","1.71"
"71281","02-11-19 16:00","Scotland","Premiership","2019/2020","Hamilton","Ross County","2.91","3.40","2.44","1.05","7.50","1.33","3.14","2.04","1.86","3.32","1.30","5.75","1.10","1.78","2.14"
"71282","02-11-19 16:00","Scotland","Premiership","2019/2020","Motherwell","Livingston","2.05","3.54","3.62","1.05","7.50","1.32","3.20","2.02","1.87","3.26","1.31","5.65","1.10","1.82","2.08"
"71283","30-10-19 20:45","Scotland","Premiership","2019/2020","Celtic","St. Mirren","1.12","8.40","24.00","1.01","18.00","1.14","4.74","1.49","2.51","2.29","1.69","3.54","1.27","2.90","1.46"
"71284","30-10-19 20:45","Scotland","Premiership","2019/2020","Hamilton","Aberdeen","5.85","3.88","1.62","1.06","7.00","1.38","2.90","2.19","1.75","3.62","1.26","6.30","1.08","2.20","1.74"
"71285","30-10-19 20:45","Scotland","Premiership","2019/2020","Hibernian","Livingston","2.27","3.38","3.22","1.05","7.10","1.36","2.99","2.14","1.78","3.54","1.27","6.15","1.08","1.90","1.98"
"71286","30-10-19 20:45","Scotland","Premiership","2019/2020","Motherwell","Kilmarnock","2.34","3.18","3.28","1.09","6.00","1.48","2.54","2.53","1.58","4.44","1.18","7.70","1.05","2.07","1.83"
"71287","30-10-19 20:45","Scotland","Premiership","2019/2020","Ross County","Rangers","13.50","7.20","1.20","1.02","15.00","1.13","5.10","1.43","2.70","2.13","1.79","3.20","1.32","2.17","1.75"
"71288","30-10-19 20:45","Scotland","Premiership","2019/2020","St Johnstone","Hearts","2.62","3.28","2.78","1.06","6.80","1.39","2.85","2.23","1.73","3.70","1.25","6.50","1.07","1.95","1.94"
"71289","27-10-19 16:00","Scotland","Premiership","2019/2020","Rangers","Motherwell","1.21","7.20","13.00","1.02","15.00","1.12","5.10","1.43","2.70","2.12","1.80","3.20","1.32","2.25","1.71"
"71290","27-10-19 13:15","Scotland","Premiership","2019/2020","Aberdeen","Celtic","6.75","4.30","1.50","1.04","7.80","1.31","3.26","1.99","1.91","3.20","1.32","5.45","1.10","2.11","1.80"
"71291","26-10-19 16:00","Scotland","Premiership","2019/2020","Hibernian","Ross County","1.67","4.14","4.84","1.02","9.20","1.22","4.00","1.71","2.26","2.57","1.47","4.24","1.18","1.75","2.18"
"71292","26-10-19 16:00","Scotland","Premiership","2019/2020","Kilmarnock","St. Mirren","1.84","3.38","4.82","1.10","5.80","1.51","2.45","2.61","1.55","4.64","1.17","8.10","1.04","2.31","1.68"
"71293","26-10-19 16:00","Scotland","Premiership","2019/2020","Livingston","Hearts","2.62","3.24","2.80","1.07","6.55","1.41","2.77","2.29","1.69","3.90","1.23","6.75","1.06","1.91","1.98"
"71294","26-10-19 16:00","Scotland","Premiership","2019/2020","St Johnstone","Hamilton","1.74","3.74","4.84","1.06","6.75","1.45","2.63","2.44","1.62","4.32","1.19","7.50","1.05","2.26","1.70"
"71295","20-10-19 13:15","Scotland","Premiership","2019/2020","Hearts","Rangers","8.40","5.05","1.33","1.03","9.00","1.23","3.90","1.74","2.19","2.65","1.45","4.40","1.16","2.05","1.85"
"71296","19-10-19 16:00","Scotland","Premiership","2019/2020","Celtic","Ross County","1.08","10.50","31.00","1.02","15.00","1.12","5.15","1.43","2.70","2.13","1.79","3.20","1.32","2.90","1.46"
"71297","19-10-19 16:00","Scotland","Premiership","2019/2020","Hamilton","Hibernian","3.56","3.52","2.08","1.05","7.50","1.33","3.14","2.04","1.86","3.32","1.30","5.75","1.10","1.81","2.10"
"71298","19-10-19 16:00","Scotland","Premiership","2019/2020","Kilmarnock","Livingston","2.22","3.14","3.60","1.10","5.65","1.53","2.40","2.70","1.52","4.84","1.16","8.30","1.03","2.22","1.73"
"71299","19-10-19 16:00","Scotland","Premiership","2019/2020","Motherwell","Aberdeen","2.46","3.20","3.04","1.08","6.30","1.44","2.66","2.39","1.64","4.10","1.21","7.20","1.06","2.00","1.89"
"71300","19-10-19 16:00","Scotland","Premiership","2019/2020","St. Mirren","St Johnstone","2.67","3.24","2.75","1.07","6.65","1.40","2.81","2.27","1.70","3.80","1.24","6.70","1.06","1.95","1.94"
"71301","06-10-19 16:00","Scotland","Premiership","2019/2020","Rangers","Hamilton","1.10","9.90","25.00","1.02","15.00","1.10","5.55","1.37","2.94","1.97","1.92","2.90","1.38","2.50","1.59"
"71302","06-10-19 13:00","Scotland","Premiership","2019/2020","Livingston","Celtic","11.00","5.65","1.27","1.02","14.50","1.21","3.84","1.66","2.13","2.77","1.50","4.50","1.18","2.25","1.71"
"71303","05-10-19 16:00","Scotland","Premiership","2019/2020","Aberdeen","Hibernian","1.88","3.46","4.24","1.07","6.60","1.41","2.77","2.29","1.69","3.90","1.23","6.75","1.06","2.02","1.87"
"71304","05-10-19 16:00","Scotland","Premiership","2019/2020","Hearts","Kilmarnock","2.42","3.08","3.24","1.10","5.55","1.55","2.36","2.73","1.51","4.90","1.15","8.40","1.03","2.20","1.74"
"71305","05-10-19 16:00","Scotland","Premiership","2019/2020","Motherwell","St. Mirren","1.97","3.58","3.80","1.06","7.20","1.38","2.90","2.19","1.75","3.70","1.25","6.45","1.07","1.95","1.94"
"71306","05-10-19 16:00","Scotland","Premiership","2019/2020","Ross County","St Johnstone","2.16","3.44","3.40","1.06","7.20","1.35","3.04","2.12","1.80","3.46","1.28","6.05","1.09","1.91","1.98"
"71307","28-09-19 16:00","Scotland","Premiership","2019/2020","Hamilton","Livingston","3.32","3.32","2.25","1.07","6.65","1.40","2.81","2.27","1.70","3.80","1.24","6.70","1.06","1.95","1.94"
"71308","28-09-19 16:00","Scotland","Premiership","2019/2020","Kilmarnock","Ross County","1.90","3.50","4.24","1.06","6.70","1.40","2.81","2.26","1.70","3.80","1.24","6.70","1.06","2.01","1.88"
"71309","28-09-19 16:00","Scotland","Premiership","2019/2020","Rangers","Aberdeen","1.37","5.05","8.40","1.02","9.20","1.22","4.00","1.73","2.23","2.60","1.46","4.30","1.17","2.05","1.85"
"71310","28-09-19 16:00","Scotland","Premiership","2019/2020","St Johnstone","Motherwell","2.87","3.26","2.53","1.06","6.70","1.40","2.81","2.26","1.71","3.80","1.24","6.65","1.07","1.91","1.98"
"71311","28-09-19 16:00","Scotland","Premiership","2019/2020","St. Mirren","Hearts","2.83","3.30","2.56","1.06","6.95","1.38","2.90","2.19","1.75","3.62","1.26","6.35","1.08","1.91","1.98"
"71312","28-09-19 13:30","Scotland","Premiership","2019/2020","Hibernian","Celtic","8.90","5.50","1.30","1.01","16.00","1.16","4.44","1.53","2.40","2.39","1.64","3.70","1.25","1.91","1.98"
"71313","22-09-19 16:00","Scotland","Premiership","2019/2020","Hibernian","Hearts","2.47","3.48","2.82","1.04","8.00","1.29","3.42","1.90","1.97","3.04","1.35","5.20","1.12","1.71","2.25"
"71314","22-09-19 14:00","Scotland","Premiership","2019/2020","Celtic","Kilmarnock","1.26","5.35","11.50","1.02","9.30","1.23","3.90","1.75","2.19","2.66","1.44","4.50","1.16","2.20","1.74"
"71315","22-09-19 13:15","Scotland","Premiership","2019/2020","St Johnstone","Rangers","9.40","5.30","1.33","1.03","9.10","1.23","3.90","1.74","2.21","2.63","1.45","4.34","1.17","2.20","1.74"
"71316","21-09-19 16:00","Scotland","Premiership","2019/2020","Livingston","Aberdeen","2.82","3.20","2.63","1.08","6.30","1.44","2.66","2.39","1.64","4.10","1.21","7.20","1.06","2.02","1.87"
"71317","21-09-19 16:00","Scotland","Premiership","2019/2020","Motherwell","Ross County","1.77","3.84","4.52","1.04","8.20","1.28","3.46","1.89","2.01","2.97","1.37","5.05","1.13","1.83","2.07"
"71318","21-09-19 16:00","Scotland","Premiership","2019/2020","St. Mirren","Hamilton","2.03","3.44","3.78","1.06","6.85","1.39","2.85","2.22","1.73","3.70","1.25","6.45","1.07","2.00","1.89"
"71319","14-09-19 16:00","Scotland","Premiership","2019/2020","Aberdeen","St Johnstone","1.74","3.68","5.00","1.06","6.85","1.39","2.85","2.22","1.73","3.70","1.25","6.45","1.07","2.10","1.81"
"71320","14-09-19 16:00","Scotland","Premiership","2019/2020","Hearts","Motherwell","2.23","3.48","3.20","1.04","7.80","1.30","3.32","1.96","1.93","3.14","1.33","5.40","1.11","1.80","2.11"
"71321","14-09-19 16:00","Scotland","Premiership","2019/2020","Kilmarnock","Hibernian","2.25","3.34","3.32","1.06","6.75","1.39","2.85","2.24","1.72","3.80","1.24","6.55","1.07","1.95","1.94"
"71322","14-09-19 16:00","Scotland","Premiership","2019/2020","Rangers","Livingston","1.16","7.80","16.00","1.01","11.00","1.15","5.00","1.52","2.70","2.16","1.65","3.34","1.27","2.50","1.59"
"71323","14-09-19 16:00","Scotland","Premiership","2019/2020","Ross County","St. Mirren","2.14","3.42","3.48","1.06","7.10","1.36","2.99","2.15","1.78","3.54","1.27","6.20","1.08","1.95","1.94"
"71324","14-09-19 13:00","Scotland","Premiership","2019/2020","Hamilton","Celtic","21.00","8.80","1.12","1.01","20.00","1.14","4.84","1.46","2.60","2.16","1.75","3.32","1.30","2.55","1.57"
"71325","01-09-19 13:00","Scotland","Premiership","2019/2020","Rangers","Celtic","2.28","3.44","3.14","1.05","7.60","1.32","3.20","2.01","1.87","3.26","1.31","5.65","1.10","1.78","2.11"
"71326","31-08-19 16:00","Scotland","Premiership","2019/2020","Aberdeen","Ross County","1.70","3.88","4.98","1.05","7.70","1.28","3.24","1.99","1.90","3.20","1.32","5.55","1.10","1.93","1.95"
"71327","31-08-19 16:00","Scotland","Premiership","2019/2020","Hearts","Hamilton","1.41","4.80","7.80","1.03","8.60","1.25","3.70","1.81","2.10","2.77","1.41","4.70","1.14","2.08","1.82"
"71328","31-08-19 16:00","Scotland","Premiership","2019/2020","Livingston","St. Mirren","2.15","3.42","3.42","1.06","7.00","1.37","2.97","2.16","1.77","3.54","1.27","6.25","1.08","1.91","1.98"
"71329","31-08-19 16:00","Scotland","Premiership","2019/2020","Motherwell","Hibernian","2.61","3.50","2.65","1.04","8.10","1.28","3.46","1.91","1.99","2.99","1.36","5.15","1.12","1.73","2.22"
"71330","31-08-19 16:00","Scotland","Premiership","2019/2020","St Johnstone","Kilmarnock","2.94","3.13","2.59","1.09","5.90","1.50","2.48","2.58","1.56","4.54","1.18","7.90","1.04","2.07","1.83"
"71331","25-08-19 16:00","Scotland","Premiership","2019/2020","Celtic","Hearts","1.31","5.10","9.40","1.02","9.70","1.19","4.24","1.66","2.33","2.48","1.50","4.10","1.18","2.20","1.74"
"71332","25-08-19 13:15","Scotland","Premiership","2019/2020","St. Mirren","Rangers","12.00","6.20","1.24","1.02","9.90","1.19","4.40","1.63","2.41","2.40","1.53","3.84","1.21","2.25","1.71"
"71333","24-08-19 16:00","Scotland","Premiership","2019/2020","Hamilton","Motherwell","4.24","3.70","1.85","1.04","7.80","1.31","3.26","1.97","1.92","3.14","1.33","5.45","1.10","1.88","2.01"
"71334","24-08-19 16:00","Scotland","Premiership","2019/2020","Hibernian","St Johnstone","1.67","3.84","5.35","1.05","7.30","1.34","3.10","2.08","1.83","3.42","1.29","5.90","1.09","2.08","1.82"
"71335","24-08-19 16:00","Scotland","Premiership","2019/2020","Kilmarnock","Aberdeen","2.52","3.08","3.07","1.10","5.55","1.55","2.36","2.77","1.50","4.94","1.15","8.50","1.03","2.20","1.74"
"71336","24-08-19 16:00","Scotland","Premiership","2019/2020","Ross County","Livingston","2.01","3.48","3.78","1.06","7.10","1.36","2.99","2.15","1.78","3.54","1.27","6.15","1.08","1.95","1.94"
"71337","11-08-19 16:00","Scotland","Premiership","2019/2020","Rangers","Hibernian","1.26","5.60","11.00","1.02","9.90","1.19","4.32","1.65","2.38","2.43","1.52","3.98","1.20","2.04","1.85"
"71338","11-08-19 16:00","Scotland","Premiership","2019/2020","St. Mirren","Aberdeen","3.80","3.18","2.11","1.08","6.15","1.47","2.57","2.48","1.60","4.32","1.19","7.50","1.05","2.06","1.84"
"71339","10-08-19 16:00","Scotland","Premiership","2019/2020","Hamilton","Kilmarnock","4.98","3.72","1.73","1.06","7.00","1.37","2.94","2.18","1.76","3.62","1.26","6.25","1.08","2.07","1.83"
"71340","10-08-19 16:00","Scotland","Premiership","2019/2020","Hearts","Ross County","1.80","3.84","4.32","1.03","8.30","1.27","3.54","1.87","2.03","2.90","1.38","4.94","1.13","1.83","2.07"
"71341","10-08-19 15:00","Scotland","Premiership","2019/2020","St Johnstone","Livingston","2.44","3.16","3.12","1.08","6.10","1.47","2.57","2.48","1.60","4.32","1.19","7.50","1.05","2.04","1.85"
"71342","10-08-19 13:00","Scotland","Premiership","2019/2020","Motherwell","Celtic","8.40","5.05","1.36","1.03","8.90","1.22","3.90","1.76","2.18","2.66","1.44","4.44","1.16","2.06","1.84"
"71343","04-08-19 16:00","Scotland","Premiership","2019/2020","Aberdeen","Hearts","2.02","3.32","4.02","1.07","6.65","1.41","2.77","2.27","1.70","3.80","1.24","6.75","1.06","2.06","1.84"
"71344","04-08-19 14:30","Scotland","Premiership","2019/2020","Kilmarnock","Rangers","5.80","3.94","1.58","1.06","7.20","1.34","2.90","2.21","1.74","3.70","1.25","6.50","1.07","2.23","1.72"
"71345","03-08-19 16:00","Scotland","Premiership","2019/2020","Celtic","St Johnstone","1.15","7.50","17.00","1.02","9.60","1.19","4.24","1.66","2.35","2.45","1.51","4.00","1.19","3.01","1.43"
"71346","03-08-19 16:00","Scotland","Premiership","2019/2020","Hibernian","St. Mirren","1.47","4.20","7.00","1.05","7.30","1.35","3.04","2.10","1.81","3.46","1.28","6.00","1.09","2.26","1.70"
"71347","03-08-19 16:00","Scotland","Premiership","2019/2020","Livingston","Motherwell","2.47","3.22","3.01","1.07","6.45","1.43","2.70","2.35","1.66","4.00","1.22","7.00","1.06","2.10","1.81"
"71348","03-08-19 16:00","Scotland","Premiership","2019/2020","Ross County","Hamilton","1.65","3.96","5.30","1.04","8.10","1.29","3.42","1.92","1.97","3.04","1.35","5.15","1.12","1.93","1.95"
"71371","19-05-19 16:00","Scotland","Premiership","2018/2019","Celtic","Hearts","1.23","6.30","11.50","1.01","18.00","1.15","4.54","1.52","2.43","2.35","1.66","3.62","1.26","2.01","1.88"
"71372","19-05-19 16:00","Scotland","Premiership","2018/2019","Hibernian","Aberdeen","3.52","3.42","2.13","1.06","7.00","1.37","2.97","2.16","1.77","3.54","1.27","6.20","1.08","1.91","1.98"
"71373","19-05-19 16:00","Scotland","Premiership","2018/2019","Kilmarnock","Rangers","3.26","3.38","2.24","1.06","7.10","1.36","2.99","2.12","1.79","3.54","1.27","6.15","1.08","1.91","1.98"
"71374","18-05-19 13:30","Scotland","Premiership","2018/2019","Dundee FC","St. Mirren","4.00","3.72","1.90","1.04","8.10","1.28","3.46","1.92","1.97","2.99","1.36","5.15","1.12","1.80","2.11"
"71375","18-05-19 13:30","Scotland","Premiership","2018/2019","Hamilton","St Johnstone","2.51","3.34","2.86","1.05","7.50","1.32","3.20","2.03","1.87","3.26","1.31","5.70","1.10","1.80","2.11"
"71376","18-05-19 13:30","Scotland","Premiership","2018/2019","Motherwell","Livingston","2.08","3.44","3.62","1.06","7.10","1.36","2.99","2.13","1.79","3.54","1.27","6.15","1.08","1.95","1.94"
"71377","13-05-19 20:45","Scotland","Premiership","2018/2019","St. Mirren","Hamilton","1.94","3.46","3.86","1.06","6.90","1.36","2.90","2.15","1.74","3.70","1.25","6.40","1.08","1.98","1.89"
"71378","12-05-19 13:00","Scotland","Premiership","2018/2019","Rangers","Celtic","2.45","3.48","2.83","1.04","7.80","1.30","3.32","1.95","1.94","3.13","1.33","5.35","1.11","1.70","2.26"
"71379","11-05-19 16:00","Scotland","Premiership","2018/2019","Livingston","Dundee FC","1.63","3.84","5.75","1.04","7.90","1.30","3.32","1.95","1.94","3.13","1.33","5.35","1.11","1.94","1.94"
"71380","11-05-19 16:00","Scotland","Premiership","2018/2019","St Johnstone","Motherwell","2.54","3.18","2.96","1.08","6.15","1.46","2.60","2.46","1.61","4.30","1.20","7.40","1.05","2.00","1.89"
"71381","11-05-19 16:00","Scotland","Premiership","2018/2019","Kilmarnock","Hibernian","1.77","3.64","4.68","1.06","7.20","1.36","2.99","2.13","1.79","3.54","1.27","6.10","1.08","1.95","1.94"
"71382","10-05-19 20:45","Scotland","Premiership","2018/2019","Aberdeen","Hearts","1.45","4.30","6.75","1.04","7.80","1.31","3.26","1.97","1.92","3.14","1.33","5.40","1.11","2.11","1.80"
"71383","05-05-19 16:30","Scotland","Premiership","2018/2019","Rangers","Hibernian","1.36","5.50","7.70","1.01","10.50","1.19","4.32","1.65","2.38","2.51","1.49","4.14","1.18","2.01","1.88"
"71384","04-05-19 16:00","Scotland","Premiership","2018/2019","Dundee FC","Hamilton","2.20","3.44","3.32","1.05","7.40","1.33","3.13","2.07","1.84","3.40","1.29","5.85","1.09","1.81","2.10"
"71385","04-05-19 16:00","Scotland","Premiership","2018/2019","Motherwell","St. Mirren","2.08","3.40","3.68","1.06","6.75","1.39","2.85","2.24","1.72","3.70","1.25","6.55","1.07","2.00","1.89"
"71386","04-05-19 16:00","Scotland","Premiership","2018/2019","St Johnstone","Livingston","2.21","3.26","3.48","1.08","6.20","1.45","2.63","2.44","1.62","4.10","1.21","7.30","1.05","2.00","1.89"
"71387","04-05-19 16:00","Scotland","Premiership","2018/2019","Hearts","Kilmarnock","2.84","3.22","2.61","1.08","6.35","1.43","2.70","2.38","1.65","4.00","1.22","7.10","1.06","2.05","1.85"
"71388","04-05-19 13:30","Scotland","Premiership","2018/2019","Aberdeen","Celtic","5.30","3.88","1.67","1.05","7.50","1.33","3.14","2.05","1.85","3.32","1.30","5.75","1.10","2.05","1.85"
"71389","28-04-19 16:00","Scotland","Premiership","2018/2019","Rangers","Aberdeen","1.61","3.94","5.80","1.02","11.50","1.27","3.54","1.99","1.91","3.40","1.29","6.25","1.07","1.95","1.94"
"71390","28-04-19 13:15","Scotland","Premiership","2018/2019","Hibernian","Hearts","2.15","3.36","3.52","1.01","9.80","1.33","3.15","2.18","1.76","3.80","1.24","7.20","1.05","1.95","1.94"
"71391","27-04-19 16:00","Scotland","Premiership","2018/2019","Hamilton","Livingston","2.98","3.28","2.46","1.03","8.50","1.41","2.78","2.45","1.62","4.60","1.18","8.60","1.03","2.00","1.89"
"71392","27-04-19 16:00","Scotland","Premiership","2018/2019","Motherwell","Dundee FC","1.75","3.76","4.56","1.07","11.00","1.30","3.34","2.08","1.83","3.62","1.26","6.80","1.06","1.95","1.94"
"71393","27-04-19 16:00","Scotland","Premiership","2018/2019","St. Mirren","St Johnstone","2.55","3.22","2.90","1.03","8.50","1.40","2.82","2.41","1.63","4.44","1.18","8.40","1.03","1.95","1.94"
"71394","27-04-19 13:30","Scotland","Premiership","2018/2019","Celtic","Kilmarnock","1.29","5.35","10.50","1.01","11.00","1.25","3.72","1.90","2.00","3.20","1.32","5.80","1.09","2.38","1.64"
"71395","21-04-19 13:30","Scotland","Premiership","2018/2019","Hibernian","Celtic","7.80","4.60","1.41","1.01","11.00","1.24","3.80","1.85","2.05","3.04","1.35","5.45","1.10","2.05","1.85"
"71396","20-04-19 16:00","Scotland","Premiership","2018/2019","Hamilton","Motherwell","3.62","3.32","2.13","1.02","9.00","1.37","2.94","2.31","1.68","4.24","1.20","7.90","1.03","1.95","1.94"
"71397","20-04-19 16:00","Scotland","Premiership","2018/2019","Livingston","St. Mirren","1.98","3.24","4.30","1.04","7.60","1.45","2.65","2.59","1.56","4.84","1.16","9.20","1.02","2.17","1.76"
"71398","20-04-19 16:00","Scotland","Premiership","2018/2019","St Johnstone","Dundee FC","1.91","3.54","4.14","1.01","10.00","1.32","3.20","2.13","1.79","3.72","1.25","6.95","1.06","1.95","1.94"
"71399","20-04-19 16:00","Scotland","Premiership","2018/2019","Kilmarnock","Aberdeen","2.30","3.10","3.46","1.05","7.10","1.50","2.48","2.77","1.46","5.40","1.13","10.00","1.01","2.16","1.77"
"71400","20-04-19 13:00","Scotland","Premiership","2018/2019","Hearts","Rangers","4.98","3.98","1.67","1.05","13.00","1.25","3.72","1.91","1.99","3.20","1.32","5.85","1.09","1.83","2.07"
"71401","07-04-19 13:30","Scotland","Premiership","2018/2019","Motherwell","Rangers","5.90","4.10","1.58","1.05","12.00","1.22","4.00","1.88","2.01","2.99","1.36","5.50","1.10","1.91","1.98"
"71402","06-04-19 16:00","Scotland","Premiership","2018/2019","Celtic","Livingston","1.17","7.10","16.00","1.04","13.00","1.19","4.32","1.69","2.29","2.65","1.45","4.54","1.14","2.75","1.50"
"71403","06-04-19 16:00","Scotland","Premiership","2018/2019","Dundee FC","Aberdeen","6.30","4.10","1.54","1.07","10.50","1.31","3.26","2.10","1.81","3.72","1.25","6.90","1.06","2.14","1.78"
"71404","06-04-19 16:00","Scotland","Premiership","2018/2019","Hamilton","St. Mirren","2.71","3.24","2.71","1.03","8.70","1.39","2.86","2.38","1.65","4.34","1.19","8.20","1.03","1.95","1.94"
"71405","06-04-19 16:00","Scotland","Premiership","2018/2019","Kilmarnock","St Johnstone","1.81","3.60","4.62","1.02","9.00","1.38","2.90","2.34","1.66","4.30","1.20","8.00","1.03","2.17","1.76"
"71406","06-04-19 13:30","Scotland","Premiership","2018/2019","Hearts","Hibernian","2.35","3.24","3.22","1.02","9.00","1.37","2.98","2.31","1.68","4.24","1.20","7.90","1.03","1.95","1.94"
"71407","03-04-19 20:45","Scotland","Premiership","2018/2019","Aberdeen","Motherwell","1.75","3.54","5.20","1.03","8.60","1.38","2.90","2.35","1.66","4.30","1.20","8.10","1.03","2.15","1.77"
"71408","03-04-19 20:45","Scotland","Premiership","2018/2019","Hibernian","Kilmarnock","2.37","3.24","3.17","1.02","9.00","1.37","2.98","2.31","1.68","4.24","1.20","7.90","1.03","1.98","1.90"
"71409","03-04-19 20:45","Scotland","Premiership","2018/2019","Livingston","Hamilton","1.71","3.88","4.88","1.02","9.50","1.37","2.94","2.29","1.69","4.24","1.20","7.80","1.04","2.14","1.78"
"71410","03-04-19 20:45","Scotland","Premiership","2018/2019","Rangers","Hearts","1.47","4.54","6.85","1.01","11.00","1.23","3.90","1.83","2.08","2.99","1.36","5.35","1.10","1.97","1.91"
"71411","03-04-19 20:45","Scotland","Premiership","2018/2019","St Johnstone","Dundee FC","1.99","3.20","4.30","1.02","9.50","1.31","3.26","2.15","1.78","3.72","1.25","6.95","1.06","1.91","1.98"
"71412","03-04-19 20:45","Scotland","Premiership","2018/2019","St. Mirren","Celtic","10.50","5.60","1.30","","","1.16","4.34","1.59","2.27","2.70","1.52","4.70","1.17","2.06","1.84"
"71413","31-03-19 13:00","Scotland","Premiership","2018/2019","Celtic","Rangers","1.85","3.54","4.36","1.06","11.00","1.29","3.40","2.05","1.85","3.54","1.27","6.60","1.06","1.91","1.98"
"71414","30-03-19 16:00","Scotland","Premiership","2018/2019","Hearts","Aberdeen","2.98","3.16","2.53","1.04","7.60","1.46","2.60","2.64","1.54","5.10","1.14","9.50","1.01","2.04","1.85"
"71415","30-03-19 16:00","Scotland","Premiership","2018/2019","Kilmarnock","Hamilton","1.57","4.04","6.20","1.02","9.40","1.38","2.90","2.34","1.66","4.34","1.19","8.20","1.03","2.32","1.67"
"71416","30-03-19 16:00","Scotland","Premiership","2018/2019","Motherwell","St Johnstone","2.29","3.24","3.32","1.03","8.30","1.42","2.74","2.48","1.60","4.64","1.17","8.70","1.02","2.02","1.87"
"71417","30-03-19 16:00","Scotland","Premiership","2018/2019","St. Mirren","Dundee FC","2.43","3.24","3.06","1.02","9.30","1.35","3.04","2.26","1.71","4.00","1.22","7.60","1.04","1.95","1.94"
"71418","29-03-19 20:45","Scotland","Premiership","2018/2019","Livingston","Hibernian","3.01","3.28","2.44","1.02","8.80","1.39","2.86","2.38","1.65","4.40","1.19","8.20","1.03","1.94","1.94"
"71419","27-03-19 20:45","Scotland","Premiership","2018/2019","St Johnstone","St. Mirren","1.78","3.34","4.60","1.02","8.80","1.33","3.13","2.23","1.63","3.98","1.22","7.60","1.04","1.99","1.87"
"71420","17-03-19 13:30","Scotland","Premiership","2018/2019","Dundee FC","Celtic","16.00","7.10","1.18","1.03","15.00","1.14","5.05","1.56","2.59","2.33","1.56","4.00","1.18","2.38","1.64"
"71421","16-03-19 16:00","Scotland","Premiership","2018/2019","Aberdeen","Livingston","1.62","3.72","5.70","1.03","8.10","1.43","2.70","2.51","1.59","4.74","1.17","8.80","1.02","2.38","1.64"
"71422","16-03-19 16:00","Scotland","Premiership","2018/2019","Hamilton","Hearts","4.48","3.70","1.81","1.01","9.90","1.34","3.10","2.21","1.74","3.98","1.22","7.40","1.05","2.00","1.89"
"71423","16-03-19 16:00","Scotland","Premiership","2018/2019","Hibernian","Motherwell","2.11","3.26","3.76","1.02","8.90","1.36","2.99","2.29","1.69","4.10","1.21","7.70","1.04","1.96","1.93"
"71424","16-03-19 16:00","Scotland","Premiership","2018/2019","Rangers","Kilmarnock","1.40","4.54","8.50","1.05","11.00","1.25","3.62","1.92","1.97","3.20","1.32","5.80","1.09","2.17","1.76"
"71425","11-03-19 20:45","Scotland","Premiership","2018/2019","St. Mirren","Kilmarnock","4.06","3.13","2.05","1.08","6.85","1.56","2.59","2.67","1.44","5.15","1.11","8.50","1.05","2.22","1.72"
"71426","09-03-19 16:00","Scotland","Premiership","2018/2019","Celtic","Aberdeen","1.39","4.60","8.70","1.02","10.00","1.22","4.00","1.88","2.02","2.98","1.37","5.40","1.10","2.10","1.81"
"71427","09-03-19 16:00","Scotland","Premiership","2018/2019","Dundee FC","Hearts","4.58","3.84","1.76","1.02","9.00","1.26","3.62","2.02","1.88","3.40","1.29","6.30","1.07","1.91","1.98"
"71428","09-03-19 16:00","Scotland","Premiership","2018/2019","Livingston","St Johnstone","2.45","3.06","3.22","1.05","7.40","1.43","2.70","2.67","1.53","4.94","1.15","9.40","1.02","2.10","1.81"
"71429","09-03-19 16:00","Scotland","Premiership","2018/2019","Motherwell","Hamilton","1.78","3.54","4.96","1.02","9.40","1.32","3.20","2.24","1.72","3.90","1.23","7.30","1.05","2.05","1.85"
"71430","08-03-19 20:45","Scotland","Premiership","2018/2019","Hibernian","Rangers","5.40","4.10","1.60","1.02","10.00","1.19","4.24","1.81","2.08","2.86","1.39","5.20","1.11","1.79","2.11"
"71431","02-03-19 16:00","Scotland","Premiership","2018/2019","Kilmarnock","Motherwell","2.17","3.18","3.68","1.04","7.50","1.43","2.70","2.67","1.53","4.94","1.15","9.40","1.02","2.15","1.77"
"71432","02-03-19 16:00","Scotland","Premiership","2018/2019","St. Mirren","Livingston","2.96","3.18","2.54","1.04","7.60","1.47","2.57","2.66","1.53","5.15","1.14","9.60","1.01","2.10","1.81"
"71433","27-02-19 20:45","Scotland","Premiership","2018/2019","Aberdeen","Hamilton","1.37","4.50","9.10","1.05","11.00","1.29","3.44","2.01","1.89","3.40","1.29","6.25","1.07","2.21","1.73"
"71434","27-02-19 20:45","Scotland","Premiership","2018/2019","Hearts","Celtic","5.85","3.88","1.57","1.05","11.00","1.29","3.40","2.04","1.85","3.54","1.27","6.60","1.06","2.00","1.89"
"71435","27-02-19 20:45","Scotland","Premiership","2018/2019","Rangers","Dundee FC","1.12","9.80","18.00","1.02","19.00","1.05","7.10","1.27","3.54","1.90","2.00","2.82","1.40","2.20","1.74"
"71436","27-02-19 20:45","Scotland","Premiership","2018/2019","St Johnstone","Hibernian","3.02","2.98","2.63","1.02","8.90","1.30","3.34","2.23","1.73","3.72","1.25","7.20","1.05","1.91","1.98"
"71437","24-02-19 16:00","Scotland","Premiership","2018/2019","Celtic","Motherwell","1.16","7.10","17.00","","","1.17","4.70","1.67","2.31","2.57","1.47","4.44","1.15","2.63","1.54"
"71438","24-02-19 13:15","Scotland","Premiership","2018/2019","Hamilton","Rangers","12.00","5.55","1.28","","","1.15","4.94","1.65","2.38","2.43","1.52","4.24","1.17","2.20","1.74"
"71439","23-02-19 16:00","Scotland","Premiership","2018/2019","Hearts","St. Mirren","1.45","4.44","7.30","1.02","11.00","1.29","3.44","2.10","1.81","3.54","1.27","6.70","1.06","2.30","1.68"
"71440","23-02-19 16:00","Scotland","Premiership","2018/2019","Livingston","Kilmarnock","2.74","3.04","2.84","1.08","7.00","1.57","2.56","2.60","1.46","5.10","1.12","8.50","1.01","2.05","1.85"
"71441","23-02-19 16:00","Scotland","Premiership","2018/2019","St Johnstone","Aberdeen","3.70","3.24","2.14","1.03","8.30","1.37","2.94","2.44","1.62","4.34","1.19","8.30","1.03","2.05","1.85"
"71442","22-02-19 20:45","Scotland","Premiership","2018/2019","Dundee FC","Hibernian","4.06","3.66","1.90","1.02","10.00","1.22","4.00","1.90","2.00","3.04","1.35","5.65","1.09","1.80","2.11"
"71443","17-02-19 17:00","Scotland","Premiership","2018/2019","Kilmarnock","Celtic","7.60","4.34","1.46","1.02","10.00","1.23","3.80","1.96","1.93","3.15","1.33","5.80","1.09","2.10","1.81"
"71444","17-02-19 13:15","Scotland","Premiership","2018/2019","Motherwell","Hearts","3.09","3.22","2.40","1.03","8.60","1.36","2.99","2.39","1.64","4.24","1.20","8.10","1.03","2.00","1.89"
"71445","16-02-19 16:00","Scotland","Premiership","2018/2019","Aberdeen","St. Mirren","1.38","4.40","8.60","1.02","9.00","1.27","3.46","2.00","1.90","3.40","1.29","6.20","1.08","2.15","1.77"
"71446","16-02-19 16:00","Scotland","Premiership","2018/2019","Hibernian","Hamilton","1.54","4.04","6.45","1.02","12.00","1.26","3.62","1.93","1.96","3.20","1.32","5.85","1.09","2.00","1.89"
"71447","16-02-19 16:00","Scotland","Premiership","2018/2019","Livingston","Dundee FC","1.87","3.52","4.38","1.02","9.30","1.36","2.99","2.26","1.71","4.00","1.22","7.60","1.04","2.00","1.89"
"71448","16-02-19 16:00","Scotland","Premiership","2018/2019","Rangers","St Johnstone","1.28","5.45","9.90","","","1.18","4.44","1.68","2.31","2.65","1.45","4.64","1.14","2.05","1.85"
"71449","06-02-19 20:45","Scotland","Premiership","2018/2019","Aberdeen","Rangers","3.76","3.36","2.03","1.07","9.50","1.29","3.40","2.14","1.77","3.62","1.26","6.85","1.06","1.90","1.98"
"71450","06-02-19 20:45","Scotland","Premiership","2018/2019","Celtic","Hibernian","1.23","6.10","11.50","1.04","13.00","1.14","5.25","1.59","2.51","2.31","1.57","3.92","1.19","2.06","1.83"
"71451","06-02-19 20:45","Scotland","Premiership","2018/2019","Dundee FC","Kilmarnock","4.28","3.44","1.88","1.08","8.00","1.38","2.90","2.45","1.62","4.40","1.18","8.30","1.03","2.05","1.85"
"71452","06-02-19 20:45","Scotland","Premiership","2018/2019","Hamilton","St Johnstone","3.52","3.30","2.15","1.03","8.50","1.36","2.94","2.44","1.62","4.40","1.19","8.30","1.03","2.06","1.84"
"71453","06-02-19 20:45","Scotland","Premiership","2018/2019","Hearts","Livingston","1.71","3.54","4.86","1.03","8.50","1.37","2.98","2.40","1.64","4.24","1.20","8.00","1.03","2.24","1.71"
"71454","06-02-19 20:45","Scotland","Premiership","2018/2019","St. Mirren","Motherwell","3.07","3.10","2.50","1.04","7.70","1.41","2.78","2.58","1.56","4.70","1.17","9.00","1.02","2.08","1.82"
"71455","03-02-19 13:30","Scotland","Premiership","2018/2019","St Johnstone","Celtic","9.10","4.78","1.35","1.06","10.00","1.22","3.98","1.90","2.00","3.04","1.35","5.55","1.10","2.26","1.70"
"71456","02-02-19 16:00","Scotland","Premiership","2018/2019","Hamilton","Dundee FC","2.59","3.32","2.78","1.02","9.40","1.32","3.20","2.26","1.71","3.90","1.23","7.40","1.05","1.83","2.06"
"71457","02-02-19 16:00","Scotland","Premiership","2018/2019","Hibernian","Aberdeen","2.82","3.30","2.56","1.02","9.10","1.34","3.10","2.31","1.68","4.00","1.22","7.70","1.04","1.95","1.94"
"71458","02-02-19 16:00","Scotland","Premiership","2018/2019","Motherwell","Livingston","2.38","3.06","3.34","1.05","7.30","1.44","2.67","2.70","1.52","5.00","1.15","9.50","1.01","2.10","1.81"
"71459","02-02-19 16:00","Scotland","Premiership","2018/2019","Rangers","St. Mirren","1.12","8.70","22.00","1.03","17.00","1.10","5.50","1.42","2.74","2.31","1.68","3.72","1.25","2.50","1.59"
"71460","01-02-19 20:45","Scotland","Premiership","2018/2019","Kilmarnock","Hearts","2.38","3.28","3.09","1.03","8.30","1.38","2.90","2.48","1.60","4.50","1.18","8.50","1.03","2.01","1.88"
"71461","30-01-19 20:45","Scotland","Premiership","2018/2019","Celtic","St Johnstone","1.23","6.20","12.00","1.03","15.00","1.15","5.00","1.63","2.41","2.43","1.52","4.20","1.17","2.20","1.74"
"71462","27-01-19 17:00","Scotland","Premiership","2018/2019","Livingston","Rangers","6.85","4.20","1.49","1.06","11.50","1.28","3.46","2.00","1.90","3.40","1.29","6.25","1.07","2.10","1.81"
"71463","27-01-19 14:30","Scotland","Premiership","2018/2019","St. Mirren","Hibernian","4.40","3.38","1.91","1.02","9.20","1.34","3.10","2.23","1.73","3.90","1.23","7.40","1.05","1.95","1.94"
"71464","26-01-19 16:00","Scotland","Premiership","2018/2019","Aberdeen","Kilmarnock","1.95","3.42","4.16","1.03","8.40","1.42","2.74","2.46","1.61","4.60","1.17","8.60","1.03","2.20","1.74"
"71465","26-01-19 16:00","Scotland","Premiership","2018/2019","Celtic","Hamilton","1.07","10.50","36.00","1.02","19.00","1.09","6.25","1.41","3.10","1.98","1.77","3.18","1.29","2.88","1.46"
"71466","26-01-19 16:00","Scotland","Premiership","2018/2019","Dundee FC","Motherwell","3.68","3.34","2.10","1.01","9.90","1.32","3.20","2.15","1.78","3.72","1.25","7.00","1.05","1.91","1.98"
"71467","26-01-19 16:00","Scotland","Premiership","2018/2019","Hearts","St Johnstone","2.20","3.20","3.58","1.03","8.60","1.38","2.90","2.35","1.66","4.24","1.20","8.10","1.03","1.96","1.93"
"71468","23-01-19 20:45","Scotland","Premiership","2018/2019","Celtic","St. Mirren","1.10","9.20","27.00","1.02","15.00","1.10","5.25","1.42","2.67","2.26","1.71","3.72","1.25","2.70","1.52"
"71469","23-01-19 20:45","Scotland","Premiership","2018/2019","Hamilton","Aberdeen","6.25","3.72","1.60","1.02","9.20","1.36","2.99","2.29","1.69","4.10","1.21","7.90","1.03","2.22","1.73"
"71470","23-01-19 20:45","Scotland","Premiership","2018/2019","Hearts","Dundee FC","1.36","4.80","8.10","1.04","10.00","1.24","3.80","1.85","2.05","3.04","1.35","5.50","1.10","2.03","1.86"
"71471","23-01-19 20:45","Scotland","Premiership","2018/2019","Kilmarnock","Rangers","5.80","3.84","1.61","1.05","9.00","1.24","3.72","1.91","1.97","3.15","1.33","5.85","1.09","1.92","1.94"
"71472","23-01-19 20:45","Scotland","Premiership","2018/2019","Motherwell","Hibernian","3.14","3.26","2.36","1.03","8.40","1.42","2.74","2.47","1.61","4.64","1.17","8.70","1.03","2.00","1.89"
"71473","23-01-19 20:45","Scotland","Premiership","2018/2019","St Johnstone","Livingston","2.14","2.92","4.08","1.09","6.55","1.55","2.61","2.70","1.43","5.10","1.12","8.50","1.03","2.21","1.73"
"71474","29-12-18 18:30","Scotland","Premiership","2018/2019","Hibernian","Hearts","2.24","3.30","3.34","1.02","9.50","1.31","3.26","2.23","1.73","3.80","1.24","7.30","1.05","1.91","1.98"
"71475","29-12-18 16:00","Scotland","Premiership","2018/2019","Dundee FC","St Johnstone","3.64","3.46","2.07","1.01","10.00","1.29","3.44","2.00","1.80","3.54","1.27","6.65","1.06","1.84","2.06"
"71476","29-12-18 16:00","Scotland","Premiership","2018/2019","Hamilton","Motherwell","3.28","3.15","2.36","1.05","7.20","1.46","2.60","2.77","1.50","5.25","1.14","9.80","1.01","2.20","1.74"
"71477","29-12-18 16:00","Scotland","Premiership","2018/2019","Kilmarnock","St. Mirren","1.43","4.20","7.50","1.01","9.80","1.32","3.20","2.23","1.73","3.90","1.23","7.40","1.05","2.38","1.64"
"71478","29-12-18 16:00","Scotland","Premiership","2018/2019","Livingston","Aberdeen","3.17","3.02","2.50","1.04","7.60","1.40","2.82","2.57","1.57","4.60","1.17","8.80","1.02","2.07","1.83"
"71479","29-12-18 13:30","Scotland","Premiership","2018/2019","Rangers","Celtic","3.08","3.28","2.39","","","1.29","3.34","2.05","1.83","3.54","1.27","6.65","1.06","1.75","2.11"
"71480","26-12-18 16:00","Scotland","Premiership","2018/2019","Dundee FC","Livingston","3.54","3.30","2.15","1.03","8.60","1.40","2.82","2.41","1.63","4.50","1.18","8.40","1.03","2.01","1.88"
"71481","26-12-18 16:00","Scotland","Premiership","2018/2019","Hearts","Hamilton","1.46","4.40","7.00","1.07","9.50","1.32","3.20","2.11","1.81","3.72","1.25","6.95","1.06","2.21","1.73"
"71482","26-12-18 16:00","Scotland","Premiership","2018/2019","Motherwell","Kilmarnock","3.07","3.18","2.46","1.10","7.00","1.45","2.63","2.60","1.56","4.94","1.15","9.30","1.02","2.08","1.82"
"71483","26-12-18 16:00","Scotland","Premiership","2018/2019","Rangers","Hibernian","1.48","4.50","6.35","1.04","15.00","1.20","4.30","1.73","2.23","2.74","1.42","4.84","1.13","1.79","2.12"
"71484","26-12-18 15:00","Scotland","Premiership","2018/2019","Aberdeen","Celtic","4.88","3.98","1.69","1.01","10.00","1.37","2.98","2.26","1.71","4.10","1.21","7.70","1.04","2.12","1.79"
"71485","26-12-18 15:00","Scotland","Premiership","2018/2019","St. Mirren","St Johnstone","3.48","3.22","2.23","1.08","8.00","1.40","2.82","2.44","1.62","4.50","1.18","8.50","1.03","2.01","1.88"
"71486","23-12-18 13:15","Scotland","Premiership","2018/2019","St Johnstone","Rangers","5.50","4.10","1.57","1.05","11.00","1.28","3.46","2.00","1.90","3.46","1.28","6.40","1.07","1.95","1.94"
"71487","22-12-18 16:00","Scotland","Premiership","2018/2019","Aberdeen","Hearts","1.98","3.40","3.96","1.02","9.00","1.37","2.94","2.31","1.68","4.24","1.20","7.90","1.03","2.05","1.85"
"71488","22-12-18 16:00","Scotland","Premiership","2018/2019","Celtic","Dundee FC","1.09","9.90","24.00","1.02","19.00","1.09","5.85","1.37","2.94","2.07","1.84","3.26","1.31","2.50","1.59"
"71489","22-12-18 16:00","Scotland","Premiership","2018/2019","Hamilton","Kilmarnock","4.66","3.88","1.73","1.01","10.00","1.36","2.99","2.23","1.73","4.10","1.21","7.60","1.04","2.07","1.83"
"71490","22-12-18 16:00","Scotland","Premiership","2018/2019","Hibernian","Livingston","1.94","3.26","4.44","1.02","9.10","1.33","3.15","2.21","1.74","3.80","1.24","7.30","1.05","1.95","1.94"
"71491","22-12-18 16:00","Scotland","Premiership","2018/2019","Motherwell","St. Mirren","1.85","3.34","4.64","1.03","7.90","1.43","2.70","2.51","1.59","4.64","1.17","8.80","1.02","2.15","1.77"
"71492","19-12-18 20:45","Scotland","Premiership","2018/2019","Celtic","Motherwell","1.20","6.50","14.00","1.04","13.00","1.18","4.50","1.66","2.35","2.57","1.47","4.40","1.15","2.40","1.63"
"71493","19-12-18 20:45","Scotland","Premiership","2018/2019","Hibernian","Rangers","4.24","3.78","1.80","1.04","14.50","1.19","4.24","1.69","2.18","2.78","1.41","5.00","1.12","1.64","2.26"
"71494","18-12-18 20:45","Scotland","Premiership","2018/2019","Aberdeen","Dundee FC","1.49","4.20","6.30","1.06","10.00","1.26","3.62","2.00","1.88","3.34","1.30","6.20","1.07","2.04","1.85"
"71495","16-12-18 16:00","Scotland","Premiership","2018/2019","Rangers","Hamilton","1.17","7.30","14.50","1.02","17.00","1.12","5.05","1.47","2.57","2.34","1.66","3.98","1.22","2.25","1.71"
"71496","16-12-18 13:30","Scotland","Premiership","2018/2019","Hibernian","Celtic","7.10","4.44","1.46","1.05","12.00","1.21","4.10","1.78","2.15","2.86","1.39","5.10","1.12","1.95","1.94"
"71497","15-12-18 16:00","Scotland","Premiership","2018/2019","Kilmarnock","Dundee FC","1.61","3.86","5.75","1.07","11.50","1.27","3.54","2.00","1.90","3.40","1.29","6.30","1.07","2.00","1.89"
"71498","15-12-18 16:00","Scotland","Premiership","2018/2019","St Johnstone","Motherwell","2.04","3.44","3.76","1.03","8.40","1.43","2.70","2.51","1.59","4.80","1.16","9.00","1.02","2.13","1.78"
"71499","15-12-18 16:00","Scotland","Premiership","2018/2019","St. Mirren","Aberdeen","5.30","3.72","1.69","1.03","8.10","1.45","2.65","2.53","1.58","4.80","1.16","8.90","1.02","2.33","1.66"
"71500","14-12-18 20:45","Scotland","Premiership","2018/2019","Livingston","Hearts","3.20","3.17","2.38","1.03","8.30","1.40","2.82","2.44","1.62","4.50","1.18","8.50","1.03","2.00","1.89"
"71501","11-12-18 20:45","Scotland","Premiership","2018/2019","Aberdeen","Livingston","1.91","3.15","4.72","1.07","6.30","1.57","2.27","3.00","1.44","6.10","1.10","10.50","1.04","2.54","1.57"
"71502","09-12-18 14:30","Scotland","Premiership","2018/2019","Dundee FC","Rangers","9.90","5.15","1.31","","","1.16","4.80","1.62","2.44","2.46","1.51","4.24","1.17","2.00","1.89"
"71503","08-12-18 16:00","Scotland","Premiership","2018/2019","Aberdeen","St Johnstone","1.97","3.48","3.84","1.04","7.80","1.49","2.51","2.70","1.52","5.35","1.14","9.90","1.01","2.28","1.69"
"71504","08-12-18 16:00","Scotland","Premiership","2018/2019","Celtic","Kilmarnock","1.32","5.20","10.50","1.01","11.00","1.21","4.10","1.78","2.15","2.90","1.38","5.20","1.11","2.25","1.71"
"71505","08-12-18 16:00","Scotland","Premiership","2018/2019","Hamilton","Hibernian","4.76","3.78","1.75","1.02","9.00","1.26","3.62","2.04","1.86","3.44","1.29","6.40","1.07","2.00","1.89"
"71506","08-12-18 16:00","Scotland","Premiership","2018/2019","Hearts","Motherwell","1.93","3.38","4.30","1.02","9.30","1.34","3.10","2.22","1.73","3.90","1.23","7.40","1.05","2.00","1.84"
"71507","08-12-18 16:00","Scotland","Premiership","2018/2019","Livingston","St. Mirren","1.83","3.50","4.68","1.04","7.70","1.43","2.70","2.64","1.54","4.94","1.15","9.20","1.02","2.35","1.65"
"71508","05-12-18 20:45","Scotland","Premiership","2018/2019","Dundee FC","Hamilton","2.18","3.40","3.40","1.02","9.50","1.36","2.99","2.26","1.71","4.10","1.21","7.70","1.04","1.99","1.89"
"71509","05-12-18 20:45","Scotland","Premiership","2018/2019","Hibernian","St. Mirren","1.44","4.60","7.40","1.05","12.00","1.22","4.00","1.80","2.12","2.90","1.38","5.20","1.11","2.00","1.85"
"71510","05-12-18 20:45","Scotland","Premiership","2018/2019","Kilmarnock","Livingston","1.94","3.10","4.50","1.06","6.90","1.49","2.51","2.76","1.51","5.25","1.14","9.90","1.01","2.36","1.65"
"71511","05-12-18 20:45","Scotland","Premiership","2018/2019","Motherwell","Celtic","11.00","5.80","1.25","1.05","12.00","1.22","4.00","1.79","2.13","2.94","1.37","5.30","1.10","2.39","1.63"
"71512","05-12-18 20:45","Scotland","Premiership","2018/2019","Rangers","Aberdeen","1.41","4.54","7.20","1.05","12.00","1.22","3.98","1.80","2.10","2.94","1.37","5.30","1.10","1.99","1.89"
"71513","05-12-18 20:45","Scotland","Premiership","2018/2019","St Johnstone","Hearts","2.51","3.54","2.73","1.01","10.00","1.34","3.10","2.19","1.75","3.98","1.22","7.40","1.05","1.94","1.94"
"71514","02-12-18 13:00","Scotland","Premiership","2018/2019","Hearts","Rangers","4.34","3.80","1.81","1.05","12.00","1.23","3.90","1.85","2.05","3.04","1.35","5.55","1.10","1.74","2.18"
"71515","01-12-18 16:00","Scotland","Premiership","2018/2019","Kilmarnock","Hibernian","2.65","3.30","2.73","1.02","9.20","1.37","2.98","2.30","1.69","4.10","1.21","7.80","1.04","1.94","1.94"
"71516","01-12-18 16:00","Scotland","Premiership","2018/2019","Livingston","Motherwell","2.36","2.99","3.48","1.05","7.00","1.48","2.54","2.74","1.51","5.25","1.14","9.90","1.01","2.14","1.77"
"71517","01-12-18 16:00","Scotland","Premiership","2018/2019","St. Mirren","Hamilton","2.35","3.20","3.26","1.03","8.30","1.41","2.78","2.45","1.62","4.54","1.18","8.60","1.03","2.07","1.80"
"71518","24-11-18 16:00","Scotland","Premiership","2018/2019","Hibernian","Dundee FC","1.38","5.25","7.80","1.03","15.00","1.19","4.40","1.69","2.29","2.70","1.43","4.74","1.14","1.89","2.00"
"71519","24-11-18 16:00","Scotland","Premiership","2018/2019","Motherwell","Aberdeen","3.58","3.28","2.16","1.03","8.10","1.43","2.70","2.51","1.59","4.74","1.17","8.90","1.02","2.10","1.80"
"71520","24-11-18 16:00","Scotland","Premiership","2018/2019","Rangers","Livingston","1.39","4.70","8.80","1.04","13.00","1.21","4.10","1.79","2.13","2.90","1.38","5.20","1.11","2.14","1.77"
"71521","24-11-18 16:00","Scotland","Premiership","2018/2019","St Johnstone","Kilmarnock","2.49","3.05","3.16","1.04","7.80","1.42","2.74","2.53","1.58","4.70","1.17","9.00","1.02","2.04","1.85"
"71522","24-11-18 16:00","Scotland","Premiership","2018/2019","St. Mirren","Hearts","5.20","3.58","1.73","1.01","9.80","1.33","3.15","2.19","1.75","3.90","1.23","7.40","1.05","2.01","1.88"
"71523","24-11-18 13:30","Scotland","Premiership","2018/2019","Hamilton","Celtic","19.00","7.70","1.16","1.03","15.00","1.14","5.15","1.55","2.61","2.31","1.57","3.92","1.19","2.55","1.57"
"71524","11-11-18 16:00","Scotland","Premiership","2018/2019","Rangers","Motherwell","1.43","4.50","7.40","1.03","15.00","1.20","4.24","1.75","2.19","2.78","1.41","4.94","1.12","1.91","1.95"
"71525","11-11-18 13:00","Scotland","Premiership","2018/2019","Livingston","Celtic","13.00","5.75","1.24","1.04","13.00","1.19","4.40","1.70","2.28","2.65","1.45","4.64","1.14","2.20","1.73"
"71526","10-11-18 16:00","Scotland","Premiership","2018/2019","Dundee FC","St. Mirren","2.26","3.34","3.28","1.01","9.70","1.34","3.10","2.21","1.74","3.90","1.23","7.40","1.05","1.86","2.02"
"71527","10-11-18 16:00","Scotland","Premiership","2018/2019","Hearts","Kilmarnock","2.15","3.26","3.64","1.02","9.50","1.33","3.15","2.18","1.76","3.80","1.24","7.10","1.05","1.90","1.98"
"71528","10-11-18 16:00","Scotland","Premiership","2018/2019","St Johnstone","Hamilton","1.81","3.64","4.38","1.03","8.60","1.42","2.74","2.46","1.61","4.64","1.17","8.70","1.03","2.19","1.74"
"71529","09-11-18 20:45","Scotland","Premiership","2018/2019","Aberdeen","Hibernian","2.21","3.36","3.28","1.01","10.00","1.32","3.20","2.15","1.78","3.80","1.24","7.00","1.05","1.88","2.00"
"71530","04-11-18 13:15","Scotland","Premiership","2018/2019","Kilmarnock","Aberdeen","3.03","3.16","2.50","1.04","7.80","1.45","2.65","2.59","1.56","4.94","1.15","9.30","1.02","2.05","1.85"
"71531","03-11-18 16:00","Scotland","Premiership","2018/2019","Celtic","Hearts","1.21","6.80","12.50","1.02","9.20","1.17","4.70","1.62","2.45","2.48","1.50","4.24","1.17","2.38","1.62"
"71532","03-11-18 16:00","Scotland","Premiership","2018/2019","Hamilton","Livingston","3.26","3.06","2.42","1.06","6.90","1.51","2.46","2.84","1.48","5.60","1.13","10.50","1.01","2.27","1.65"
"71533","03-11-18 16:00","Scotland","Premiership","2018/2019","Hibernian","St Johnstone","1.71","4.00","4.70","1.04","8.00","1.25","3.72","1.90","2.00","3.20","1.32","5.85","1.09","1.85","2.04"
"71534","03-11-18 16:00","Scotland","Premiership","2018/2019","Motherwell","Dundee FC","1.73","3.80","4.84","1.04","7.60","1.26","3.62","1.96","1.93","3.34","1.30","6.20","1.08","1.87","2.02"
"71535","03-11-18 13:30","Scotland","Premiership","2018/2019","St. Mirren","Rangers","11.00","6.15","1.25","1.01","9.50","1.15","5.00","1.57","2.56","2.36","1.55","3.98","1.19","2.01","1.88"
"71536","31-10-18 20:45","Scotland","Premiership","2018/2019","Aberdeen","Hamilton","1.45","3.90","8.70","1.06","6.85","1.33","3.13","2.20","1.75","3.80","1.24","7.20","1.05","2.39","1.63"
"71537","31-10-18 20:45","Scotland","Premiership","2018/2019","Dundee FC","Celtic","18.00","9.30","1.12","1.01","10.00","1.12","5.75","1.46","2.92","2.12","1.67","3.50","1.24","2.25","1.70"
"71538","31-10-18 20:45","Scotland","Premiership","2018/2019","Hearts","Hibernian","2.59","3.34","2.70","","","1.31","3.26","2.11","1.81","3.72","1.25","6.85","1.06","1.83","2.07"
"71539","31-10-18 20:45","Scotland","Premiership","2018/2019","Livingston","St Johnstone","2.32","3.15","3.34","1.04","7.70","1.45","2.63","2.61","1.55","5.00","1.15","9.40","1.02","2.10","1.81"
"71540","31-10-18 20:45","Scotland","Premiership","2018/2019","Rangers","Kilmarnock","1.46","4.04","7.80","1.03","8.50","1.18","4.50","1.71","2.26","2.63","1.45","4.70","1.14","1.82","2.09"
"71541","31-10-18 20:45","Scotland","Premiership","2018/2019","St. Mirren","Motherwell","3.58","3.26","2.17","1.03","8.60","1.39","2.86","2.39","1.64","4.40","1.19","8.30","1.03","1.97","1.92"
"71542","27-10-18 16:00","Scotland","Premiership","2018/2019","Kilmarnock","Hamilton","1.51","4.04","6.50","1.05","7.10","1.32","3.20","2.14","1.79","3.80","1.24","7.10","1.05","2.13","1.78"
"71543","27-10-18 16:00","Scotland","Premiership","2018/2019","St Johnstone","St. Mirren","1.98","3.68","3.72","1.05","11.00","1.30","3.34","2.05","1.85","3.54","1.27","6.55","1.06","1.90","1.95"
"71544","23-10-18 20:45","Scotland","Premiership","2018/2019","Dundee FC","Hearts","5.35","3.76","1.63","1.05","12.50","1.23","3.90","1.87","2.03","3.04","1.35","5.55","1.10","1.87","2.02"
"71545","21-10-18 14:30","Scotland","Premiership","2018/2019","Hamilton","Rangers","11.00","5.65","1.29","1.04","13.00","1.18","4.40","1.69","2.29","2.67","1.44","4.70","1.14","2.13","1.78"
"71546","20-10-18 16:00","Scotland","Premiership","2018/2019","Celtic","Hibernian","1.32","5.40","8.30","1.03","15.00","1.18","4.54","1.66","2.35","2.60","1.46","4.60","1.14","1.93","1.95"
"71547","20-10-18 16:00","Scotland","Premiership","2018/2019","Hearts","Aberdeen","2.32","3.32","3.19","1.02","9.00","1.38","2.90","2.33","1.67","4.24","1.20","8.00","1.03","1.97","1.92"
"71548","20-10-18 16:00","Scotland","Premiership","2018/2019","Livingston","Dundee FC","1.90","3.60","3.94","","","1.32","3.20","2.12","1.80","3.72","1.25","6.90","1.06","1.92","1.95"
"71549","20-10-18 16:00","Scotland","Premiership","2018/2019","Motherwell","St Johnstone","2.05","3.36","3.80","1.03","8.60","1.40","2.82","2.42","1.63","4.50","1.18","8.50","1.03","2.04","1.85"
"71550","20-10-18 16:00","Scotland","Premiership","2018/2019","St. Mirren","Kilmarnock","4.20","3.62","1.88","1.01","10.00","1.33","3.13","2.18","1.76","3.90","1.23","7.20","1.05","1.97","1.92"
"71551","07-10-18 16:30","Scotland","Premiership","2018/2019","St Johnstone","Celtic","9.90","5.00","1.33","1.04","13.00","1.20","4.24","1.75","2.19","2.82","1.40","5.05","1.12","2.13","1.78"
"71552","07-10-18 16:00","Scotland","Premiership","2018/2019","Rangers","Hearts","1.65","4.08","4.94","1.03","15.00","1.18","4.40","1.70","2.28","2.63","1.45","4.60","1.14","1.70","2.20"
"71553","06-10-18 16:00","Scotland","Premiership","2018/2019","Aberdeen","St. Mirren","1.54","3.86","7.00","1.06","6.80","1.33","3.13","2.21","1.74","3.90","1.23","7.40","1.05","2.33","1.66"
"71554","06-10-18 16:00","Scotland","Premiership","2018/2019","Dundee FC","Kilmarnock","3.94","3.68","1.92","1.04","7.60","1.27","3.54","1.96","1.93","3.34","1.30","6.10","1.08","1.81","2.08"
"71555","06-10-18 16:00","Scotland","Premiership","2018/2019","Hibernian","Hamilton","1.39","4.80","8.40","1.03","8.00","1.25","3.72","1.90","2.00","3.15","1.33","5.75","1.09","2.20","1.72"
"71556","06-10-18 16:00","Scotland","Premiership","2018/2019","Motherwell","Livingston","2.23","3.18","3.52","1.03","8.00","1.43","2.70","2.53","1.58","4.74","1.17","9.00","1.02","2.14","1.78"
"71557","30-09-18 14:30","Scotland","Premiership","2018/2019","Livingston","Rangers","7.30","4.34","1.47","1.05","13.00","1.23","3.90","1.83","2.07","2.98","1.37","5.35","1.10","1.99","1.89"
"71558","29-09-18 16:00","Scotland","Premiership","2018/2019","Celtic","Aberdeen","1.36","4.80","9.60","1.01","11.00","1.26","3.62","1.94","1.95","3.26","1.31","5.95","1.08","2.27","1.70"
"71559","29-09-18 16:00","Scotland","Premiership","2018/2019","Hamilton","Dundee FC","2.51","3.34","2.86","1.01","10.00","1.32","3.20","2.13","1.79","3.72","1.25","6.95","1.06","1.85","2.02"
"71560","29-09-18 16:00","Scotland","Premiership","2018/2019","Hearts","St Johnstone","1.64","3.98","5.20","1.02","11.50","1.29","3.40","2.05","1.85","3.62","1.26","6.75","1.06","2.10","1.81"
"71561","29-09-18 16:00","Scotland","Premiership","2018/2019","Kilmarnock","Motherwell","2.10","3.40","3.62","1.01","9.80","1.33","3.13","2.19","1.75","3.90","1.23","7.30","1.05","1.90","1.98"
"71562","29-09-18 16:00","Scotland","Premiership","2018/2019","St. Mirren","Hibernian","4.66","3.78","1.76","1.02","11.50","1.29","3.40","2.05","1.85","3.54","1.27","6.70","1.06","1.94","1.93"
"71563","23-09-18 16:00","Scotland","Premiership","2018/2019","Rangers","St Johnstone","1.33","5.50","10.50","1.02","9.10","1.18","4.74","1.65","2.38","2.58","1.49","4.50","1.16","2.02","1.87"
"71564","23-09-18 13:30","Scotland","Premiership","2018/2019","Kilmarnock","Celtic","7.50","4.32","1.55","1.01","11.50","1.27","3.70","1.93","1.97","3.24","1.33","6.00","1.10","2.05","1.83"
"71565","22-09-18 16:00","Scotland","Premiership","2018/2019","Aberdeen","Motherwell","1.88","3.60","4.68","1.03","9.40","1.37","3.08","2.25","1.72","4.10","1.23","7.90","1.05","2.06","1.83"
"71566","22-09-18 16:00","Scotland","Premiership","2018/2019","Dundee FC","Hibernian","4.30","3.88","1.88","1.03","8.40","1.23","4.10","1.81","2.11","2.95","1.39","5.50","1.11","1.69","2.20"
"71567","22-09-18 16:00","Scotland","Premiership","2018/2019","Hamilton","St. Mirren","2.67","3.26","2.93","1.03","8.80","1.38","3.00","2.32","1.68","4.30","1.21","8.30","1.04","1.92","1.93"
"71568","22-09-18 16:00","Scotland","Premiership","2018/2019","Hearts","Livingston","1.69","3.84","5.35","1.02","10.00","1.35","3.15","2.20","1.75","4.10","1.23","7.80","1.05","2.10","1.80"
"71569","15-09-18 16:00","Scotland","Premiership","2018/2019","Hibernian","Kilmarnock","2.21","3.48","3.52","1.02","10.00","1.33","3.24","2.16","1.78","3.88","1.25","7.40","1.06","1.90","1.98"
"71570","15-09-18 16:00","Scotland","Premiership","2018/2019","Livingston","Hamilton","2.07","3.30","4.22","1.04","8.40","1.40","2.91","2.39","1.65","4.44","1.20","8.60","1.04","2.07","1.83"
"71571","15-09-18 16:00","Scotland","Premiership","2018/2019","Motherwell","Hearts","2.75","3.46","2.70","1.02","10.50","1.32","3.32","2.11","1.81","3.78","1.26","7.10","1.06","1.79","2.12"
"71572","15-09-18 16:00","Scotland","Premiership","2018/2019","Rangers","Dundee FC","1.22","7.10","13.00","1.01","10.00","1.10","5.80","1.42","2.83","2.17","1.77","3.62","1.28","2.03","1.86"
"71573","15-09-18 16:00","Scotland","Premiership","2018/2019","St Johnstone","Aberdeen","3.56","3.24","2.31","1.05","7.70","1.46","2.68","2.60","1.56","5.05","1.16","9.80","1.02","2.07","1.83"
"71574","14-09-18 20:45","Scotland","Premiership","2018/2019","St. Mirren","Celtic","18.00","7.90","1.18","1.01","9.60","1.13","5.15","1.49","2.58","2.38","1.65","4.10","1.23","2.30","1.68"
"71575","02-09-18 13:00","Scotland","Premiership","2018/2019","Celtic","Rangers","1.56","4.30","5.80","1.03","10.00","1.17","4.70","1.67","2.32","2.58","1.49","4.54","1.16","1.74","2.16"
"71576","01-09-18 16:00","Scotland","Premiership","2018/2019","Aberdeen","Kilmarnock","1.84","3.64","4.88","1.03","8.70","1.41","2.86","2.38","1.66","4.50","1.20","8.60","1.04","2.05","1.84"
"71577","01-09-18 16:00","Scotland","Premiership","2018/2019","Dundee FC","Motherwell","3.19","3.58","2.33","1.02","10.00","1.35","3.15","2.19","1.76","3.98","1.24","7.60","1.05","1.88","2.00"
"71578","01-09-18 16:00","Scotland","Premiership","2018/2019","Hamilton","St Johnstone","3.62","3.48","2.18","1.03","9.00","1.40","2.91","2.36","1.66","4.44","1.20","8.60","1.04","1.97","1.92"
"71579","01-09-18 16:00","Scotland","Premiership","2018/2019","Hearts","St. Mirren","1.44","4.66","7.50","1.03","8.00","1.25","3.88","1.86","2.05","3.10","1.36","5.70","1.10","1.95","1.90"
"71580","01-09-18 16:00","Scotland","Premiership","2018/2019","Livingston","Hibernian","4.70","3.68","1.86","1.03","9.20","1.38","3.00","2.29","1.70","4.20","1.22","8.10","1.05","2.05","1.80"
"71581","26-08-18 16:00","Scotland","Premiership","2018/2019","Celtic","Hamilton","1.12","10.00","29.00","1.03","17.00","1.08","6.45","1.35","3.15","1.97","1.93","3.10","1.36","2.38","1.64"
"71582","26-08-18 13:15","Scotland","Premiership","2018/2019","Motherwell","Rangers","6.05","3.72","1.70","1.04","9.50","1.27","3.70","1.97","1.93","3.32","1.32","6.25","1.09","1.82","2.08"
"71583","25-08-18 16:00","Scotland","Premiership","2018/2019","Hibernian","Aberdeen","2.62","3.30","2.95","1.03","9.10","1.37","3.05","2.29","1.70","4.20","1.22","8.10","1.05","1.89","2.00"
"71584","25-08-18 16:00","Scotland","Premiership","2018/2019","Kilmarnock","Hearts","2.46","3.36","3.14","1.03","8.90","1.39","2.95","2.35","1.66","4.44","1.20","8.50","1.04","1.97","1.91"
"71585","25-08-18 16:00","Scotland","Premiership","2018/2019","St Johnstone","Dundee FC","2.24","3.44","3.50","1.03","9.30","1.37","3.05","2.29","1.70","4.20","1.22","8.10","1.05","1.97","1.92"
"71586","25-08-18 16:00","Scotland","Premiership","2018/2019","St. Mirren","Livingston","2.33","3.26","3.48","1.04","8.50","1.40","2.91","2.40","1.64","4.50","1.20","8.70","1.03","1.99","1.89"
"71587","12-08-18 16:00","Scotland","Premiership","2018/2019","Rangers","St. Mirren","1.22","7.50","12.50","1.02","12.00","1.13","5.75","1.48","2.86","2.18","1.66","3.64","1.24","1.98","1.90"
"71588","12-08-18 16:00","Scotland","Premiership","2018/2019","St Johnstone","Hibernian","3.17","3.28","2.48","1.03","9.20","1.36","3.10","2.25","1.72","4.10","1.23","7.90","1.05","1.88","2.01"
"71589","11-08-18 16:00","Scotland","Premiership","2018/2019","Dundee FC","Aberdeen","3.70","3.44","2.15","1.03","9.70","1.35","3.15","2.20","1.75","3.98","1.24","7.60","1.05","1.93","1.94"
"71590","11-08-18 16:00","Scotland","Premiership","2018/2019","Livingston","Kilmarnock","3.86","3.40","2.13","1.04","8.60","1.41","2.86","2.40","1.64","4.54","1.19","8.80","1.03","2.02","1.87"
"71591","11-08-18 16:00","Scotland","Premiership","2018/2019","Motherwell","Hamilton","1.61","4.10","6.30","1.02","10.50","1.33","3.26","2.13","1.80","3.88","1.25","7.30","1.06","2.14","1.78"
"71592","11-08-18 13:30","Scotland","Premiership","2018/2019","Hearts","Celtic","5.40","3.90","1.69","1.04","9.50","1.22","4.14","1.78","2.13","2.91","1.40","5.30","1.12","1.79","2.11"
"71593","05-08-18 16:00","Scotland","Premiership","2018/2019","Hibernian","Motherwell","1.75","3.98","4.80","1.04","13.00","1.26","3.78","1.90","2.00","3.20","1.34","6.00","1.10","1.89","1.99"
"71594","05-08-18 14:00","Scotland","Premiership","2018/2019","Aberdeen","Rangers","3.62","3.58","2.13","1.02","10.50","1.32","3.32","2.10","1.82","3.70","1.27","7.00","1.06","1.86","2.03"
"71595","04-08-18 16:00","Scotland","Premiership","2018/2019","Celtic","Livingston","1.15","8.60","21.00","1.01","17.00","1.11","5.50","1.43","2.73","2.23","1.73","3.70","1.27","2.43","1.62"
"71596","04-08-18 16:00","Scotland","Premiership","2018/2019","Hamilton","Hearts","4.86","3.74","1.82","1.03","9.60","1.36","3.10","2.24","1.73","4.10","1.23","7.90","1.05","1.99","1.89"
"71597","04-08-18 16:00","Scotland","Premiership","2018/2019","Kilmarnock","St Johnstone","2.20","3.22","3.88","1.05","8.10","1.41","2.86","2.45","1.62","4.60","1.19","8.90","1.03","2.05","1.84"
"71598","04-08-18 16:00","Scotland","Premiership","2018/2019","St. Mirren","Dundee FC","2.64","3.40","2.86","1.03","9.70","1.35","3.15","2.22","1.74","4.10","1.23","7.80","1.05","1.98","1.90"
"71599","13-05-18 13:30","Scotland","Premiership","2017/2018","Celtic","Aberdeen","1.61","4.10","6.30","1.03","10.00","1.22","4.14","1.80","2.13","2.91","1.40","5.25","1.12","1.80","2.10"
"71600","13-05-18 13:30","Scotland","Premiership","2017/2018","Hibernian","Rangers","2.59","4.04","2.57","1.03","10.00","1.17","4.90","1.61","2.47","2.47","1.53","4.24","1.18","1.54","2.50"
"71601","13-05-18 13:30","Scotland","Premiership","2017/2018","Kilmarnock","Hearts","1.64","4.44","5.30","1.03","15.00","1.21","4.30","1.75","2.20","2.83","1.42","5.10","1.13","1.82","2.08"
"71602","12-05-18 16:00","Scotland","Premiership","2017/2018","Dundee FC","Partick Thistle","3.05","3.72","2.29","1.05","13.50","1.27","3.62","1.93","1.95","3.26","1.32","6.05","1.09","1.75","2.15"
"71603","12-05-18 16:00","Scotland","Premiership","2017/2018","Motherwell","Hamilton","2.32","3.38","3.17","1.01","10.00","1.30","3.34","2.05","1.82","3.54","1.27","6.60","1.06","1.87","2.01"
"71604","12-05-18 16:00","Scotland","Premiership","2017/2018","St Johnstone","Ross County","3.09","3.74","2.26","1.06","12.50","1.29","3.46","2.00","1.88","3.50","1.29","6.45","1.07","1.82","2.08"
"71605","09-05-18 20:45","Scotland","Premiership","2017/2018","Celtic","Kilmarnock","1.30","5.40","11.50","1.02","9.10","1.15","4.50","1.58","2.29","2.64","1.52","4.50","1.18","2.16","1.76"
"71606","09-05-18 20:45","Scotland","Premiership","2017/2018","Hearts","Hibernian","3.94","3.46","2.06","1.02","9.80","1.32","3.32","2.17","1.77","3.78","1.26","7.30","1.06","1.95","1.91"
"71607","08-05-18 20:45","Scotland","Premiership","2017/2018","Hamilton","St Johnstone","2.74","3.13","2.94","1.05","8.10","1.40","2.91","2.47","1.61","4.60","1.19","9.10","1.03","2.00","1.83"
"71608","08-05-18 20:45","Scotland","Premiership","2017/2018","Partick Thistle","Motherwell","2.30","3.62","3.22","1.03","9.30","1.39","2.95","2.38","1.66","4.44","1.20","8.60","1.04","2.05","1.84"
"71609","08-05-18 20:45","Scotland","Premiership","2017/2018","Ross County","Dundee FC","2.01","4.10","3.56","1.06","10.00","1.25","3.78","1.92","1.98","3.26","1.33","6.00","1.10","1.85","2.04"
"71610","08-05-18 20:45","Scotland","Premiership","2017/2018","Aberdeen","Rangers","2.72","3.24","2.80","1.01","11.00","1.24","3.78","1.93","1.94","3.20","1.34","6.10","1.09","1.72","2.12"
"71611","06-05-18 13:15","Scotland","Premiership","2017/2018","Hearts","Celtic","8.30","4.94","1.43","1.05","12.00","1.23","4.10","1.80","2.13","2.95","1.39","5.30","1.12","2.10","1.80"
"71612","05-05-18 16:00","Scotland","Premiership","2017/2018","Motherwell","St Johnstone","2.28","3.28","3.58","1.06","7.50","1.47","2.65","2.69","1.53","5.30","1.15","10.00","1.02","2.10","1.73"
"71613","05-05-18 16:00","Scotland","Premiership","2017/2018","Aberdeen","Hibernian","2.32","3.34","3.42","1.03","9.10","1.37","3.08","2.30","1.69","4.20","1.22","8.10","1.05","1.95","1.85"
"71614","05-05-18 16:00","Scotland","Premiership","2017/2018","Rangers","Kilmarnock","1.44","4.80","7.20","1.01","9.60","1.13","5.80","1.51","2.75","2.21","1.65","3.74","1.23","1.70","2.15"
"71615","05-05-18 13:30","Scotland","Premiership","2017/2018","Dundee FC","Hamilton","1.95","3.48","4.50","1.03","9.60","1.33","3.26","2.19","1.76","3.88","1.25","7.50","1.06","1.98","1.90"
"71616","04-05-18 20:45","Scotland","Premiership","2017/2018","Partick Thistle","Ross County","2.41","3.26","3.32","1.04","8.40","1.40","2.91","2.44","1.63","4.60","1.19","8.70","1.03","2.00","1.83"
"71617","29-04-18 13:00","Scotland","Premiership","2017/2018","Celtic","Rangers","1.43","4.80","7.70","1.04","13.00","1.18","4.74","1.68","2.32","2.61","1.48","4.70","1.15","1.91","1.95"
"71618","28-04-18 16:00","Scotland","Premiership","2017/2018","Motherwell","Dundee FC","2.25","3.66","3.26","1.02","10.50","1.32","3.32","2.14","1.79","3.78","1.26","7.30","1.06","1.91","1.93"
"71619","28-04-18 16:00","Scotland","Premiership","2017/2018","St Johnstone","Partick Thistle","2.61","3.32","2.95","1.05","7.80","1.46","2.68","2.63","1.55","5.10","1.16","9.90","1.02","2.10","1.79"
"71620","28-04-18 16:00","Scotland","Premiership","2017/2018","Hibernian","Kilmarnock","1.77","4.00","4.80","1.01","10.50","1.32","3.32","2.14","1.79","3.88","1.25","7.30","1.06","2.03","1.80"
"71621","28-04-18 13:30","Scotland","Premiership","2017/2018","Hamilton","Ross County","2.94","3.22","2.68","1.04","8.40","1.39","2.95","2.41","1.64","4.44","1.20","8.60","1.04","1.99","1.89"
"71622","27-04-18 20:45","Scotland","Premiership","2017/2018","Aberdeen","Hearts","1.54","3.84","7.50","1.05","8.10","1.40","2.91","2.47","1.61","4.60","1.19","9.10","1.03","2.50","1.56"
"71623","22-04-18 13:30","Scotland","Premiership","2017/2018","Rangers","Hearts","1.51","4.60","6.60","1.02","9.00","1.18","4.74","1.69","2.30","2.61","1.48","4.70","1.15","1.80","2.10"
"71624","21-04-18 16:00","Scotland","Premiership","2017/2018","Dundee FC","St Johnstone","2.38","3.28","3.36","1.04","8.30","1.41","2.86","2.46","1.62","4.60","1.19","9.10","1.03","2.05","1.78"
"71625","21-04-18 16:00","Scotland","Premiership","2017/2018","Partick Thistle","Hamilton","2.01","3.62","4.02","1.03","9.30","1.38","3.00","2.32","1.68","4.30","1.21","8.40","1.04","2.05","1.80"
"71626","21-04-18 16:00","Scotland","Premiership","2017/2018","Ross County","Motherwell","2.32","3.40","3.36","1.03","9.20","1.37","3.08","2.30","1.69","4.20","1.22","8.10","1.05","1.96","1.91"
"71627","21-04-18 16:00","Scotland","Premiership","2017/2018","Kilmarnock","Aberdeen","3.72","3.34","2.20","1.05","7.90","1.44","2.75","2.57","1.57","4.90","1.17","9.60","1.03","2.17","1.72"
"71628","21-04-18 13:30","Scotland","Premiership","2017/2018","Hibernian","Celtic","5.20","3.96","1.71","1.05","11.00","1.26","3.78","1.95","1.95","3.26","1.33","6.30","1.09","1.91","1.95"
"71629","14-04-18 16:00","Scotland","Premiership","2017/2018","Hamilton","Kilmarnock","3.70","3.14","2.30","1.06","7.00","1.46","2.68","2.63","1.55","5.10","1.16","9.90","1.02","2.15","1.73"
"71630","08-04-18 13:30","Scotland","Premiership","2017/2018","Hamilton","Celtic","17.00","7.30","1.20","1.01","7.70","1.10","5.80","1.42","2.83","2.27","1.71","3.70","1.27","2.09","1.82"
"71631","07-04-18 16:00","Scotland","Premiership","2017/2018","Hearts","Aberdeen","4.20","3.42","2.02","1.04","8.50","1.37","3.05","2.40","1.64","4.30","1.21","8.40","1.04","2.04","1.78"
"71632","07-04-18 16:00","Scotland","Premiership","2017/2018","Partick Thistle","Kilmarnock","3.58","3.20","2.32","1.05","7.90","1.40","2.91","2.52","1.59","4.60","1.19","9.10","1.03","2.06","1.76"
"71633","07-04-18 16:00","Scotland","Premiership","2017/2018","Rangers","Dundee FC","1.38","5.30","8.80","1.03","17.00","1.14","5.50","1.59","2.52","2.33","1.59","4.04","1.20","1.89","1.99"
"71634","07-04-18 16:00","Scotland","Premiership","2017/2018","Ross County","Hibernian","3.92","3.54","2.06","1.01","11.00","1.26","3.78","2.00","1.90","3.32","1.32","6.30","1.09","1.78","2.05"
"71635","07-04-18 16:00","Scotland","Premiership","2017/2018","St Johnstone","Motherwell","2.44","3.24","3.30","1.05","7.90","1.41","2.86","2.55","1.58","4.74","1.18","9.30","1.03","2.10","1.77"
"71636","04-04-18 20:45","Scotland","Premiership","2017/2018","Celtic","Dundee FC","1.22","7.10","13.50","1.02","21.00","1.10","6.00","1.39","2.86","2.24","1.73","3.62","1.28","2.06","1.76"
"71637","03-04-18 20:45","Scotland","Premiership","2017/2018","Hibernian","Hamilton","1.39","4.84","9.80","1.03","10.00","1.24","3.98","1.91","1.99","3.10","1.36","5.80","1.10","2.20","1.70"
"71638","03-04-18 20:45","Scotland","Premiership","2017/2018","Motherwell","Aberdeen","3.98","3.30","2.13","1.03","8.80","1.34","3.20","2.32","1.68","4.10","1.23","8.10","1.05","2.00","1.88"
"71639","03-04-18 20:45","Scotland","Premiership","2017/2018","Ross County","Partick Thistle","2.37","3.26","3.40","1.04","8.40","1.38","3.00","2.45","1.62","4.44","1.20","8.70","1.03","2.02","1.80"
"71640","01-04-18 13:30","Scotland","Premiership","2017/2018","Dundee FC","Hearts","2.83","3.36","2.69","1.03","9.50","1.31","3.40","2.19","1.76","3.78","1.26","7.30","1.06","1.90","1.98"
"71641","31-03-18 16:00","Scotland","Premiership","2017/2018","Aberdeen","St Johnstone","1.84","3.32","5.40","1.06","7.40","1.41","2.86","2.56","1.58","4.60","1.19","9.10","1.03","2.38","1.59"
"71642","31-03-18 16:00","Scotland","Premiership","2017/2018","Celtic","Ross County","1.18","7.60","17.00","1.02","19.00","1.11","5.50","1.45","2.73","2.22","1.74","3.70","1.27","2.11","1.80"
"71643","31-03-18 16:00","Scotland","Premiership","2017/2018","Hibernian","Partick Thistle","1.69","3.78","5.65","1.02","10.00","1.30","3.46","2.17","1.77","3.78","1.26","7.30","1.06","2.10","1.80"
"71644","31-03-18 16:00","Scotland","Premiership","2017/2018","Kilmarnock","Hamilton","1.74","3.76","5.50","1.02","9.90","1.31","3.40","2.19","1.76","3.78","1.26","7.50","1.06","2.06","1.84"
"71645","31-03-18 13:30","Scotland","Premiership","2017/2018","Motherwell","Rangers","5.85","4.14","1.64","1.05","12.00","1.22","4.20","1.85","2.06","2.95","1.39","5.50","1.11","1.84","2.00"
"71646","28-03-18 20:45","Scotland","Premiership","2017/2018","St Johnstone","Hamilton","1.78","3.74","4.86","1.03","9.70","1.36","3.13","2.25","1.74","4.10","1.23","7.80","1.05","2.05","1.83"
"71647","18-03-18 15:15","Scotland","Premiership","2017/2018","Motherwell","Celtic","8.50","4.54","1.46","1.02","7.00","1.21","4.30","1.83","2.08","2.91","1.40","5.30","1.12","1.94","1.94"
"71648","17-03-18 16:00","Scotland","Premiership","2017/2018","Aberdeen","Dundee FC","1.64","4.00","5.75","1.04","9.50","1.28","3.62","2.11","1.81","3.54","1.29","6.80","1.07","2.05","1.83"
"71649","17-03-18 16:00","Scotland","Premiership","2017/2018","Hearts","Partick Thistle","2.17","3.24","3.92","1.05","8.10","1.38","3.00","2.45","1.62","4.44","1.20","8.70","1.03","2.09","1.81"
"71650","17-03-18 16:00","Scotland","Premiership","2017/2018","Rangers","Kilmarnock","1.46","4.64","8.30","1.02","7.00","1.21","4.30","1.81","2.11","2.86","1.41","5.20","1.13","2.05","1.79"
"71651","17-03-18 16:00","Scotland","Premiership","2017/2018","Ross County","Hamilton","2.05","3.54","3.96","1.03","9.60","1.33","3.26","2.23","1.73","3.88","1.25","7.50","1.06","1.92","1.97"
"71652","16-03-18 20:45","Scotland","Premiership","2017/2018","St Johnstone","Hibernian","4.12","3.46","2.04","1.05","8.00","1.36","3.10","2.25","1.72","4.10","1.23","7.80","1.05","2.05","1.83"
"71653","11-03-18 13:00","Scotland","Premiership","2017/2018","Rangers","Celtic","3.44","3.46","2.26","1.03","6.75","1.22","4.14","1.89","2.01","3.00","1.38","5.60","1.11","1.70","2.20"
"71654","10-03-18 16:00","Scotland","Premiership","2017/2018","Dundee FC","St Johnstone","2.52","3.22","3.17","1.04","8.60","1.36","3.10","2.36","1.66","4.20","1.22","8.40","1.04","2.00","1.82"
"71655","10-03-18 16:00","Scotland","Premiership","2017/2018","Hamilton","Motherwell","4.50","3.54","1.93","1.03","9.50","1.32","3.32","2.22","1.74","3.88","1.25","7.50","1.06","2.00","1.80"
"71656","10-03-18 16:00","Scotland","Premiership","2017/2018","Kilmarnock","Ross County","2.00","3.56","3.88","1.02","10.00","1.31","3.40","2.16","1.78","3.70","1.27","7.00","1.06","1.92","1.91"
"71657","10-03-18 16:00","Scotland","Premiership","2017/2018","Partick Thistle","Aberdeen","4.82","3.64","1.83","1.04","8.50","1.39","2.95","2.45","1.62","4.44","1.20","8.70","1.03","2.20","1.73"
"71658","09-03-18 20:45","Scotland","Premiership","2017/2018","Hibernian","Hearts","1.73","3.82","5.50","1.02","10.50","1.29","3.54","2.14","1.79","3.70","1.27","7.30","1.06","2.00","1.81"
"71659","07-03-18 20:45","Scotland","Premiership","2017/2018","Kilmarnock","St Johnstone","2.08","3.20","4.06","1.06","7.50","1.42","2.79","2.63","1.55","4.90","1.17","9.70","1.03","2.20","1.73"
"71660","27-02-18 20:45","Scotland","Premiership","2017/2018","Hearts","Kilmarnock","2.45","3.18","3.34","1.05","8.10","1.38","3.00","2.47","1.61","4.44","1.20","8.70","1.03","2.05","1.80"
"71661","27-02-18 20:45","Scotland","Premiership","2017/2018","St Johnstone","Rangers","6.50","4.24","1.52","1.03","6.75","1.23","3.98","1.93","1.96","3.20","1.34","6.00","1.10","2.00","1.88"
"71662","25-02-18 14:30","Scotland","Premiership","2017/2018","Aberdeen","Celtic","5.85","4.10","1.65","","","1.24","3.98","1.95","1.95","3.20","1.34","6.10","1.09","1.93","1.95"
"71663","24-02-18 16:00","Scotland","Premiership","2017/2018","Dundee FC","Motherwell","2.76","3.60","2.61","1.02","10.50","1.31","3.40","2.16","1.78","3.78","1.26","7.30","1.06","1.80","2.00"
"71664","24-02-18 16:00","Scotland","Premiership","2017/2018","Hamilton","Partick Thistle","3.26","3.34","2.39","1.03","9.50","1.32","3.32","2.23","1.73","3.88","1.25","7.50","1.06","1.93","1.91"
"71665","24-02-18 16:00","Scotland","Premiership","2017/2018","Rangers","Hearts","1.54","4.34","6.75","1.03","6.75","1.22","4.14","1.86","2.05","3.00","1.38","5.50","1.11","1.91","1.91"
"71666","24-02-18 16:00","Scotland","Premiership","2017/2018","St Johnstone","Ross County","2.43","3.18","3.38","1.05","8.20","1.37","3.05","2.43","1.63","4.30","1.21","8.60","1.04","2.00","1.83"
"71667","24-02-18 13:30","Scotland","Premiership","2017/2018","Kilmarnock","Hibernian","3.44","3.24","2.36","1.03","9.50","1.31","3.40","2.19","1.76","3.70","1.27","7.30","1.06","1.84","2.00"
"71668","18-02-18 16:00","Scotland","Premiership","2017/2018","Celtic","St Johnstone","1.30","5.50","11.50","1.02","7.40","1.15","5.30","1.63","2.43","2.42","1.55","4.14","1.19","2.05","1.83"
"71669","18-02-18 15:15","Scotland","Premiership","2017/2018","Hamilton","Rangers","8.50","5.10","1.38","1.02","7.00","1.20","4.44","1.76","2.19","2.79","1.43","5.10","1.13","1.98","1.90"
"71670","17-02-18 16:00","Scotland","Premiership","2017/2018","Hibernian","Aberdeen","2.62","3.40","2.88","1.02","9.80","1.32","3.32","2.20","1.75","3.88","1.25","7.50","1.06","1.95","1.91"
"71671","17-02-18 16:00","Scotland","Premiership","2017/2018","Motherwell","Kilmarnock","2.44","3.38","3.16","1.02","9.90","1.31","3.40","2.17","1.77","3.70","1.27","7.30","1.06","1.94","1.91"
"71672","17-02-18 16:00","Scotland","Premiership","2017/2018","Partick Thistle","Dundee FC","2.63","3.40","2.87","1.03","9.70","1.32","3.32","2.22","1.74","3.88","1.25","7.50","1.06","1.91","1.94"
"71673","17-02-18 13:30","Scotland","Premiership","2017/2018","Ross County","Hearts","3.05","3.34","2.52","1.03","9.70","1.31","3.40","2.20","1.75","3.78","1.26","7.30","1.06","1.88","2.01"
"71674","13-02-18 20:45","Scotland","Premiership","2017/2018","Kilmarnock","Dundee FC","2.19","3.46","3.60","1.02","9.80","1.31","3.40","2.19","1.76","3.78","1.25","7.30","1.06","1.90","1.98"
"71675","06-02-18 20:45","Scotland","Premiership","2017/2018","Motherwell","St Johnstone","2.21","3.38","3.64","1.03","9.10","1.36","3.10","2.29","1.70","4.14","1.22","8.10","1.05","2.00","1.83"
"71676","06-02-18 20:45","Scotland","Premiership","2017/2018","Partick Thistle","Rangers","6.10","4.20","1.61","1.03","10.00","1.21","4.14","1.80","2.10","2.91","1.40","5.30","1.12","1.91","1.95"
"71677","03-02-18 16:00","Scotland","Premiership","2017/2018","Aberdeen","Hamilton","1.34","5.10","11.50","1.01","11.50","1.27","3.70","1.97","1.93","3.32","1.32","6.10","1.09","2.27","1.70"
"71678","03-02-18 16:00","Scotland","Premiership","2017/2018","Dundee FC","Ross County","2.35","3.60","3.13","1.01","11.00","1.27","3.70","2.01","1.89","3.40","1.31","6.30","1.09","1.83","2.06"
"71679","03-02-18 16:00","Scotland","Premiership","2017/2018","Hearts","St Johnstone","1.96","3.60","4.26","1.03","9.00","1.37","3.08","2.30","1.69","4.14","1.22","8.10","1.05","2.13","1.75"
"71680","03-02-18 16:00","Scotland","Premiership","2017/2018","Motherwell","Partick Thistle","2.12","3.40","3.90","1.03","9.00","1.37","3.08","2.30","1.69","4.14","1.22","8.10","1.05","2.10","1.80"
"71681","03-02-18 16:00","Scotland","Premiership","2017/2018","Rangers","Hibernian","1.79","3.84","4.90","1.05","12.50","1.25","3.88","1.92","1.98","3.20","1.34","6.00","1.10","1.87","2.00"
"71682","03-02-18 13:30","Scotland","Premiership","2017/2018","Kilmarnock","Celtic","11.00","5.70","1.31","1.03","17.00","1.17","5.00","1.63","2.43","2.47","1.53","4.30","1.18","2.10","1.81"
"71683","31-01-18 20:45","Scotland","Premiership","2017/2018","Hibernian","Motherwell","1.69","3.88","5.75","1.01","11.00","1.29","3.58","2.05","1.86","3.54","1.29","6.80","1.07","2.04","1.80"
"71684","31-01-18 20:45","Scotland","Premiership","2017/2018","Ross County","Aberdeen","4.44","3.76","1.85","1.01","11.50","1.28","3.62","2.02","1.89","3.46","1.30","6.60","1.08","1.91","1.91"
"71685","30-01-18 20:45","Scotland","Premiership","2017/2018","Celtic","Hearts","1.32","5.60","10.50","1.04","13.00","1.17","4.60","1.71","2.27","2.71","1.45","4.84","1.14","2.10","1.77"
"71686","28-01-18 15:00","Scotland","Premiership","2017/2018","Ross County","Rangers","5.15","4.14","1.69","1.04","13.00","1.21","4.30","1.78","2.16","2.83","1.42","5.10","1.13","1.72","2.12"
"71687","27-01-18 16:00","Scotland","Premiership","2017/2018","Aberdeen","Kilmarnock","1.74","3.86","5.30","1.02","10.50","1.31","3.40","2.13","1.80","3.78","1.26","7.30","1.06","2.05","1.80"
"71688","27-01-18 16:00","Scotland","Premiership","2017/2018","Celtic","Hibernian","1.31","5.80","11.00","1.02","12.00","1.15","5.30","1.57","2.57","2.33","1.59","3.92","1.21","1.95","1.91"
"71689","27-01-18 16:00","Scotland","Premiership","2017/2018","Hamilton","Dundee FC","2.66","3.52","2.76","1.07","9.50","1.30","3.46","2.09","1.83","3.62","1.28","6.80","1.07","1.86","2.00"
"71690","27-01-18 16:00","Scotland","Premiership","2017/2018","Hearts","Motherwell","2.02","3.52","4.10","1.03","9.60","1.33","3.24","2.20","1.75","3.88","1.25","7.50","1.06","2.00","1.82"
"71691","27-01-18 16:00","Scotland","Premiership","2017/2018","St Johnstone","Partick Thistle","2.40","3.16","3.46","1.05","7.80","1.42","2.83","2.55","1.58","4.74","1.18","9.50","1.03","2.12","1.73"
"71692","24-01-18 20:45","Scotland","Premiership","2017/2018","Dundee FC","Hibernian","4.10","3.64","1.98","1.01","11.00","1.29","3.54","2.05","1.86","3.54","1.29","6.60","1.08","1.95","1.93"
"71693","24-01-18 20:45","Scotland","Premiership","2017/2018","Hamilton","Hearts","3.92","3.34","2.14","1.05","8.20","1.41","2.86","2.47","1.61","4.60","1.19","9.10","1.03","2.05","1.79"
"71694","24-01-18 20:45","Scotland","Premiership","2017/2018","Motherwell","Ross County","2.08","3.50","3.90","1.02","10.00","1.31","3.40","2.11","1.81","3.70","1.27","7.00","1.06","1.98","1.90"
"71695","24-01-18 20:45","Scotland","Premiership","2017/2018","Rangers","Aberdeen","2.07","3.54","3.88","1.01","11.50","1.27","3.70","1.98","1.92","3.32","1.32","6.30","1.09","1.88","2.00"
"71696","23-01-18 20:45","Scotland","Premiership","2017/2018","Partick Thistle","Celtic","12.50","6.70","1.24","1.03","15.00","1.17","5.00","1.65","2.38","2.47","1.53","4.30","1.18","2.25","1.67"
"71697","30-12-17 16:00","Scotland","Premiership","2017/2018","Aberdeen","Hearts","1.89","3.36","5.05","1.05","8.00","1.48","2.61","2.79","1.50","5.30","1.15","10.50","1.02","2.44","1.61"
"71698","30-12-17 16:00","Scotland","Premiership","2017/2018","Hibernian","Kilmarnock","1.79","3.86","4.86","1.03","9.50","1.26","3.78","1.97","1.93","3.32","1.32","6.30","1.09","1.97","1.92"
"71699","30-12-17 16:00","Scotland","Premiership","2017/2018","Motherwell","Hamilton","2.38","3.48","3.17","1.03","9.20","1.36","3.10","2.34","1.67","4.20","1.22","8.40","1.04","2.00","1.84"
"71700","30-12-17 16:00","Scotland","Premiership","2017/2018","Partick Thistle","Ross County","2.59","3.30","2.99","1.04","8.60","1.37","3.05","2.40","1.64","4.30","1.21","8.60","1.04","2.00","1.82"
"71701","30-12-17 16:00","Scotland","Premiership","2017/2018","St Johnstone","Dundee FC","2.38","3.60","3.08","1.03","9.50","1.30","3.46","2.11","1.81","3.62","1.28","6.80","1.07","1.91","1.95"
"71702","30-12-17 13:00","Scotland","Premiership","2017/2018","Celtic","Rangers","1.34","5.30","9.10","1.03","15.00","1.13","5.80","1.51","2.60","2.25","1.63","3.82","1.22","1.83","2.00"
"71703","27-12-17 20:45","Scotland","Premiership","2017/2018","Aberdeen","Partick Thistle","1.50","4.24","7.10","1.01","11.00","1.26","3.70","2.02","1.86","3.46","1.30","6.60","1.08","2.16","1.75"
"71704","27-12-17 20:45","Scotland","Premiership","2017/2018","Hearts","Hibernian","2.90","3.28","2.67","1.02","10.00","1.37","3.05","2.30","1.69","4.20","1.22","8.10","1.05","2.02","1.80"
"71705","27-12-17 20:45","Scotland","Premiership","2017/2018","Rangers","Motherwell","1.38","5.20","7.70","1.03","15.00","1.15","5.30","1.58","2.43","2.46","1.53","4.30","1.18","1.77","2.10"
"71706","27-12-17 20:45","Scotland","Premiership","2017/2018","Ross County","St Johnstone","2.53","3.28","3.05","1.01","11.00","1.36","3.10","2.29","1.70","4.14","1.22","8.10","1.05","1.96","1.91"
"71707","26-12-17 13:30","Scotland","Premiership","2017/2018","Dundee FC","Celtic","12.00","6.90","1.26","1.01","17.00","1.10","5.80","1.42","2.83","2.29","1.70","3.78","1.26","2.00","1.88"
"71708","23-12-17 16:00","Scotland","Premiership","2017/2018","Celtic","Aberdeen","1.28","6.10","12.00","1.04","13.00","1.18","4.74","1.69","2.29","2.61","1.48","4.70","1.15","2.18","1.74"
"71709","23-12-17 16:00","Scotland","Premiership","2017/2018","Hibernian","Ross County","1.54","4.64","6.35","1.05","12.00","1.20","4.44","1.77","2.17","2.79","1.43","5.10","1.14","1.90","1.98"
"71710","23-12-17 16:00","Scotland","Premiership","2017/2018","Motherwell","Dundee FC","2.14","3.64","3.56","1.02","10.00","1.24","3.98","1.94","1.96","3.15","1.35","6.00","1.10","1.75","2.10"
"71711","23-12-17 16:00","Scotland","Premiership","2017/2018","Partick Thistle","Hamilton","2.60","3.48","2.85","1.02","10.00","1.31","3.40","2.16","1.78","3.78","1.26","7.30","1.06","1.90","1.98"
"71712","23-12-17 16:00","Scotland","Premiership","2017/2018","St Johnstone","Hearts","3.12","3.44","2.43","1.03","9.00","1.35","3.15","2.32","1.68","4.14","1.22","8.10","1.05","1.95","1.86"
"71713","23-12-17 13:30","Scotland","Premiership","2017/2018","Kilmarnock","Rangers","4.28","4.10","1.83","1.04","13.00","1.19","4.60","1.76","2.19","2.75","1.44","5.10","1.14","1.70","2.15"
"71714","20-12-17 20:45","Scotland","Premiership","2017/2018","Celtic","Partick Thistle","1.10","11.50","29.00","1.02","21.00","1.07","6.80","1.32","3.32","2.00","1.90","3.08","1.37","2.50","1.55"
"71715","17-12-17 13:30","Scotland","Premiership","2017/2018","Hearts","Celtic","10.50","5.80","1.33","1.02","11.00","1.17","5.00","1.66","2.35","2.53","1.51","4.50","1.17","2.05","1.83"
"71716","16-12-17 16:00","Scotland","Premiership","2017/2018","Dundee FC","Partick Thistle","2.29","3.44","3.38","1.03","9.00","1.29","3.58","2.10","1.82","3.54","1.29","6.80","1.07","1.87","2.00"
"71717","16-12-17 16:00","Scotland","Premiership","2017/2018","Hamilton","Ross County","2.32","3.44","3.32","1.03","9.50","1.31","3.40","2.19","1.76","3.78","1.26","7.30","1.06","1.89","1.99"
"71718","16-12-17 16:00","Scotland","Premiership","2017/2018","Kilmarnock","Motherwell","2.41","3.52","3.09","1.03","9.20","1.29","3.54","2.10","1.82","3.58","1.29","6.80","1.07","1.82","2.00"
"71719","16-12-17 16:00","Scotland","Premiership","2017/2018","Rangers","St Johnstone","1.40","5.10","8.60","1.03","10.50","1.18","4.74","1.72","2.25","2.68","1.46","4.84","1.14","1.95","1.93"
"71720","16-12-17 13:30","Scotland","Premiership","2017/2018","Aberdeen","Hibernian","2.39","3.54","3.10","1.03","9.50","1.28","3.62","2.06","1.85","3.46","1.30","6.60","1.08","1.81","2.10"
"71721","13-12-17 20:45","Scotland","Premiership","2017/2018","Celtic","Hamilton","1.12","10.50","28.00","1.01","21.00","1.06","7.00","1.32","3.32","1.98","1.92","3.05","1.37","2.30","1.67"
"71722","13-12-17 20:45","Scotland","Premiership","2017/2018","Hibernian","Rangers","2.65","3.64","2.70","1.01","11.00","1.21","4.30","1.79","2.09","2.91","1.40","5.30","1.12","1.64","2.26"
"71723","13-12-17 20:45","Scotland","Premiership","2017/2018","Partick Thistle","Motherwell","2.66","3.28","2.90","1.03","9.20","1.37","3.08","2.38","1.65","4.30","1.21","8.40","1.04","1.95","1.92"
"71724","13-12-17 20:45","Scotland","Premiership","2017/2018","St Johnstone","Aberdeen","3.80","3.32","2.16","1.03","9.20","1.39","2.95","2.46","1.62","4.44","1.20","8.70","1.03","2.10","1.79"
"71725","12-12-17 20:45","Scotland","Premiership","2017/2018","Hearts","Dundee FC","1.94","3.80","4.10","1.01","11.00","1.25","3.88","1.98","1.92","3.32","1.32","6.30","1.09","1.91","1.95"
"71726","12-12-17 20:45","Scotland","Premiership","2017/2018","Ross County","Kilmarnock","2.69","3.40","2.80","1.03","9.00","1.29","3.54","2.12","1.81","3.62","1.28","6.80","1.07","1.86","2.00"
"71727","10-12-17 13:30","Scotland","Premiership","2017/2018","Hibernian","Celtic","6.00","4.14","1.63","1.05","12.00","1.21","4.30","1.84","2.07","2.91","1.40","5.30","1.12","1.81","2.00"
"71728","09-12-17 16:00","Scotland","Premiership","2017/2018","Hamilton","St Johnstone","2.66","3.30","2.90","1.03","9.00","1.35","3.15","2.32","1.68","4.14","1.22","8.10","1.05","1.95","1.92"
"71729","09-12-17 16:00","Scotland","Premiership","2017/2018","Hearts","Motherwell","1.97","3.54","4.30","1.02","10.00","1.31","3.40","2.17","1.77","3.70","1.27","7.30","1.06","1.92","1.97"
"71730","09-12-17 16:00","Scotland","Premiership","2017/2018","Kilmarnock","Partick Thistle","2.28","3.26","3.60","1.04","8.50","1.41","2.86","2.45","1.62","4.60","1.19","9.10","1.03","2.00","1.88"
"71731","09-12-17 16:00","Scotland","Premiership","2017/2018","Rangers","Ross County","1.36","5.50","9.50","1.02","7.30","1.18","4.74","1.73","2.24","2.68","1.46","4.84","1.14","1.85","2.00"
"71732","08-12-17 20:45","Scotland","Premiership","2017/2018","Dundee FC","Aberdeen","3.86","3.54","2.06","1.07","9.50","1.30","3.46","2.12","1.79","3.70","1.27","7.00","1.06","1.92","1.97"
"71733","03-12-17 13:30","Scotland","Premiership","2017/2018","Aberdeen","Rangers","2.83","3.64","2.53","1.04","9.50","1.22","4.20","1.84","2.07","2.91","1.40","5.30","1.12","1.69","2.25"
"71734","02-12-17 16:00","Scotland","Premiership","2017/2018","Celtic","Motherwell","1.20","7.20","16.00","1.03","15.00","1.12","5.30","1.46","2.68","2.40","1.64","4.10","1.23","2.24","1.71"
"71735","02-12-17 16:00","Scotland","Premiership","2017/2018","Hearts","Hamilton","1.58","4.20","6.55","1.01","11.50","1.25","3.88","1.98","1.92","3.26","1.33","6.10","1.09","1.95","1.91"
"71736","02-12-17 16:00","Scotland","Premiership","2017/2018","Partick Thistle","Hibernian","3.88","3.66","2.03","1.01","11.00","1.29","3.58","2.07","1.84","3.54","1.29","6.60","1.08","1.89","2.00"
"71737","02-12-17 16:00","Scotland","Premiership","2017/2018","Ross County","Dundee FC","2.27","3.64","3.24","1.04","9.50","1.22","4.14","1.87","2.04","3.00","1.38","5.50","1.11","1.74","2.19"
"71738","02-12-17 16:00","Scotland","Premiership","2017/2018","St Johnstone","Kilmarnock","2.32","3.44","3.32","1.03","8.90","1.37","3.05","2.38","1.65","4.30","1.21","8.40","1.04","2.00","1.83"
"71739","29-11-17 20:45","Scotland","Premiership","2017/2018","Motherwell","Celtic","11.00","6.10","1.30","1.02","12.00","1.11","5.60","1.45","2.73","2.28","1.71","3.88","1.25","1.91","1.95"
"71740","29-11-17 20:45","Scotland","Premiership","2017/2018","Rangers","Aberdeen","2.11","3.82","3.48","1.04","9.50","1.22","4.20","1.84","2.06","2.95","1.39","5.50","1.11","1.71","2.15"
"71741","26-11-17 13:30","Scotland","Premiership","2017/2018","Kilmarnock","Aberdeen","3.86","3.44","2.11","1.03","9.60","1.33","3.24","2.27","1.71","3.98","1.24","7.80","1.05","1.94","1.94"
"71742","25-11-17 16:00","Scotland","Premiership","2017/2018","Hamilton","Hibernian","5.20","4.04","1.72","1.05","13.50","1.21","4.30","1.83","2.09","2.91","1.40","5.30","1.12","1.81","2.10"
"71743","25-11-17 16:00","Scotland","Premiership","2017/2018","Hearts","Ross County","2.02","3.52","4.10","1.02","9.80","1.30","3.46","2.16","1.78","3.70","1.27","7.00","1.06","1.94","1.94"
"71744","24-11-17 20:45","Scotland","Premiership","2017/2018","Dundee FC","Rangers","6.75","4.94","1.44","1.03","17.00","1.12","6.10","1.49","2.79","2.27","1.62","3.82","1.22","1.67","2.20"
"71745","19-11-17 16:00","Scotland","Premiership","2017/2018","Hearts","Partick Thistle","1.79","3.84","4.90","1.03","9.50","1.30","3.46","2.16","1.78","3.78","1.26","7.30","1.06","2.05","1.85"
"71746","18-11-17 16:00","Scotland","Premiership","2017/2018","Aberdeen","Motherwell","1.92","3.82","4.14","1.06","13.00","1.28","3.62","2.06","1.85","3.54","1.29","6.60","1.08","1.85","2.04"
"71747","18-11-17 16:00","Scotland","Premiership","2017/2018","Dundee FC","Kilmarnock","2.65","3.60","2.73","1.03","9.50","1.26","3.78","1.98","1.92","3.26","1.33","6.10","1.09","1.79","2.12"
"71748","18-11-17 16:00","Scotland","Premiership","2017/2018","Hibernian","St Johnstone","1.65","4.04","5.95","1.04","9.50","1.28","3.62","2.06","1.85","3.54","1.29","6.60","1.08","2.02","1.87"
"71749","18-11-17 16:00","Scotland","Premiership","2017/2018","Rangers","Hamilton","1.37","5.50","8.70","1.02","12.00","1.11","5.50","1.46","2.68","2.38","1.65","3.88","1.25","1.85","2.04"
"71750","18-11-17 13:30","Scotland","Premiership","2017/2018","Ross County","Celtic","14.00","8.40","1.18","1.01","15.00","1.08","6.60","1.34","3.20","2.07","1.84","3.20","1.34","1.94","1.94"
"71751","05-11-17 16:00","Scotland","Premiership","2017/2018","Hearts","Kilmarnock","1.96","3.42","4.50","","","1.38","3.00","2.45","1.62","4.44","1.20","8.70","1.03","2.07","1.83"
"71752","04-11-17 16:00","Scotland","Premiership","2017/2018","Hamilton","Aberdeen","5.70","4.30","1.63","","","1.27","3.70","2.01","1.89","3.40","1.31","6.40","1.08","1.97","1.92"
"71753","04-11-17 16:00","Scotland","Premiership","2017/2018","Hibernian","Dundee FC","1.44","5.00","7.50","1.02","11.00","1.16","5.10","1.65","2.38","2.50","1.52","4.40","1.17","1.79","2.11"
"71754","04-11-17 16:00","Scotland","Premiership","2017/2018","Rangers","Partick Thistle","1.38","5.40","8.90","1.02","12.00","1.14","5.50","1.60","2.50","2.38","1.57","4.14","1.19","1.90","1.98"
"71755","04-11-17 16:00","Scotland","Premiership","2017/2018","Ross County","Motherwell","2.91","3.42","2.58","1.04","9.50","1.25","3.88","1.98","1.92","3.24","1.33","6.10","1.09","1.67","2.31"
"71756","04-11-17 13:30","Scotland","Premiership","2017/2018","St Johnstone","Celtic","13.50","6.80","1.24","1.02","12.00","1.10","5.80","1.43","2.79","2.30","1.69","3.78","1.26","2.03","1.86"
"71757","31-10-17 20:45","Scotland","Premiership","2017/2018","Kilmarnock","Hibernian","4.90","3.84","1.77","1.02","10.00","1.32","3.32","2.20","1.75","3.88","1.25","7.50","1.06","2.10","1.80"
"71758","28-10-17 16:00","Scotland","Premiership","2017/2018","Aberdeen","Ross County","1.58","4.24","6.50","1.03","10.00","1.22","4.14","1.88","2.03","3.00","1.38","5.60","1.11","1.94","1.94"
"71759","28-10-17 16:00","Scotland","Premiership","2017/2018","Celtic","Kilmarnock","1.14","10.50","20.00","1.01","26.00","1.06","7.30","1.29","3.54","1.87","2.04","2.86","1.41","1.95","1.93"
"71760","28-10-17 16:00","Scotland","Premiership","2017/2018","Dundee FC","Hamilton","2.13","3.74","3.50","","","1.26","3.78","1.97","1.93","3.26","1.33","6.10","1.09","1.75","2.15"
"71761","28-10-17 16:00","Scotland","Premiership","2017/2018","Motherwell","Hibernian","3.56","3.62","2.15","1.04","9.50","1.22","4.20","1.86","2.05","2.95","1.39","5.50","1.11","1.71","2.25"
"71762","28-10-17 16:00","Scotland","Premiership","2017/2018","Partick Thistle","St Johnstone","2.84","3.24","2.76","1.03","9.50","1.32","3.32","2.22","1.74","3.88","1.25","7.50","1.06","1.98","1.90"
"71763","28-10-17 13:30","Scotland","Premiership","2017/2018","Hearts","Rangers","3.26","3.62","2.27","1.04","9.50","1.19","4.60","1.76","2.19","2.71","1.45","4.90","1.14","1.59","2.40"
"71764","25-10-17 20:45","Scotland","Premiership","2017/2018","Aberdeen","Celtic","5.95","4.08","1.63","1.04","9.50","1.23","4.10","1.90","2.00","3.05","1.37","5.80","1.10","1.89","2.00"
"71765","25-10-17 20:45","Scotland","Premiership","2017/2018","Dundee FC","Motherwell","2.50","3.46","2.99","1.01","11.00","1.26","3.78","1.99","1.91","3.26","1.33","6.10","1.09","1.75","2.18"
"71766","25-10-17 20:45","Scotland","Premiership","2017/2018","Rangers","Kilmarnock","1.31","5.80","10.50","1.02","12.00","1.13","5.10","1.51","2.53","2.52","1.59","4.20","1.22","1.93","1.95"
"71767","24-10-17 20:45","Scotland","Premiership","2017/2018","Hamilton","Partick Thistle","2.67","3.40","2.82","1.03","9.50","1.28","3.62","2.09","1.83","3.54","1.29","6.80","1.07","1.83","2.07"
"71768","24-10-17 20:45","Scotland","Premiership","2017/2018","Hibernian","Hearts","2.17","3.42","3.70","1.02","10.00","1.28","3.62","2.07","1.84","3.46","1.30","6.60","1.08","1.84","2.06"
"71769","24-10-17 20:45","Scotland","Premiership","2017/2018","St Johnstone","Ross County","2.44","3.54","3.02","1.01","11.00","1.27","3.70","2.03","1.88","3.40","1.31","6.40","1.08","1.83","2.07"
"71770","21-10-17 16:00","Scotland","Premiership","2017/2018","Hearts","St Johnstone","1.98","3.64","4.10","1.01","11.00","1.24","3.98","1.95","1.95","3.20","1.34","6.10","1.09","1.80","2.08"
"71771","21-10-17 16:00","Scotland","Premiership","2017/2018","Partick Thistle","Dundee FC","2.46","3.40","3.09","1.02","10.00","1.30","3.46","2.14","1.79","3.70","1.27","7.00","1.06","1.86","2.03"
"71772","21-10-17 16:00","Scotland","Premiership","2017/2018","Ross County","Hamilton","1.88","4.00","4.14","1.04","9.50","1.19","4.60","1.77","2.17","2.79","1.43","5.10","1.14","1.70","2.27"
"71773","14-10-17 16:00","Scotland","Premiership","2017/2018","Celtic","Dundee FC","1.12","10.50","28.00","1.01","21.00","1.06","7.50","1.29","3.54","1.90","2.00","2.86","1.41","2.43","1.67"
"71774","14-10-17 16:00","Scotland","Premiership","2017/2018","Hamilton","Motherwell","3.17","3.52","2.36","1.04","9.50","1.24","3.98","1.93","1.97","3.10","1.36","5.80","1.10","1.67","2.26"
"71775","14-10-17 16:00","Scotland","Premiership","2017/2018","Hibernian","Aberdeen","2.31","3.54","3.22","1.01","11.00","1.26","3.78","1.99","1.91","3.26","1.33","6.30","1.10","1.74","2.19"
"71776","14-10-17 16:00","Scotland","Premiership","2017/2018","Partick Thistle","Kilmarnock","2.21","3.38","3.64","1.02","10.00","1.35","3.15","2.34","1.67","4.20","1.22","8.10","1.05","2.02","1.87"
"71777","14-10-17 16:00","Scotland","Premiership","2017/2018","Ross County","Hearts","3.05","3.66","2.45","1.02","11.00","1.22","4.20","1.85","2.06","2.95","1.39","5.30","1.12","1.70","2.26"
"71778","13-10-17 20:45","Scotland","Premiership","2017/2018","St Johnstone","Rangers","4.72","4.00","1.78","1.03","10.00","1.18","4.74","1.67","2.32","2.58","1.49","4.54","1.16","1.74","2.18"
"71779","30-09-17 16:00","Scotland","Premiership","2017/2018","Aberdeen","St Johnstone","1.59","4.14","6.60","1.05","11.00","1.27","3.70","2.04","1.87","3.40","1.31","6.40","1.08","1.99","1.89"
"71780","30-09-17 16:00","Scotland","Premiership","2017/2018","Celtic","Hibernian","1.25","6.90","11.00","1.02","19.00","1.08","6.60","1.35","3.15","2.08","1.83","3.26","1.33","1.86","2.03"
"71781","30-09-17 16:00","Scotland","Premiership","2017/2018","Dundee FC","Hearts","3.82","3.46","2.12","1.01","11.00","1.24","3.98","1.91","1.99","3.10","1.36","5.80","1.10","1.89","2.00"
"71782","30-09-17 16:00","Scotland","Premiership","2017/2018","Kilmarnock","Ross County","2.98","3.20","2.67","1.02","10.00","1.28","3.62","2.11","1.81","3.54","1.29","6.80","1.07","1.80","2.10"
"71783","30-09-17 16:00","Scotland","Premiership","2017/2018","Motherwell","Partick Thistle","2.23","3.42","3.52","1.01","11.00","1.28","3.62","2.07","1.84","3.46","1.30","6.60","1.08","1.84","2.06"
"71784","29-09-17 20:45","Scotland","Premiership","2017/2018","Hamilton","Rangers","7.10","4.94","1.44","1.03","17.00","1.14","5.50","1.57","2.52","2.35","1.58","4.14","1.19","1.79","2.10"
"71785","24-09-17 13:15","Scotland","Premiership","2017/2018","Motherwell","Aberdeen","4.20","3.74","1.93","1.04","13.00","1.20","4.44","1.78","2.16","2.79","1.43","5.10","1.13","1.65","2.37"
"71786","23-09-17 17:00","Scotland","Premiership","2017/2018","Partick Thistle","Hearts","3.82","3.38","2.15","1.03","9.50","1.29","3.54","2.10","1.82","3.54","1.29","6.80","1.07","1.89","2.00"
"71787","23-09-17 16:00","Scotland","Premiership","2017/2018","Kilmarnock","Dundee FC","2.76","3.36","2.75","1.02","10.00","1.29","3.54","2.09","1.83","3.58","1.29","6.80","1.07","1.82","2.08"
"71788","23-09-17 16:00","Scotland","Premiership","2017/2018","Ross County","Hibernian","3.68","3.62","2.11","1.01","11.00","1.20","4.44","1.90","2.00","3.15","1.35","5.10","1.14","1.74","2.19"
"71789","23-09-17 16:00","Scotland","Premiership","2017/2018","St Johnstone","Hamilton","2.01","3.62","4.02","1.02","10.00","1.31","3.40","2.11","1.81","3.70","1.27","7.00","1.06","1.90","1.98"
"71790","23-09-17 13:00","Scotland","Premiership","2017/2018","Rangers","Celtic","6.25","4.80","1.52","1.03","17.00","1.12","6.10","1.50","2.68","2.21","1.65","3.74","1.23","1.62","2.35"
"71791","16-09-17 16:00","Scotland","Premiership","2017/2018","Aberdeen","Kilmarnock","1.36","5.10","8.90","1.05","12.00","1.20","4.44","1.80","2.13","2.86","1.41","5.20","1.13","2.13","1.78"
"71792","16-09-17 16:00","Scotland","Premiership","2017/2018","Celtic","Ross County","1.12","11.50","22.00","1.02","21.00","1.06","7.30","1.30","3.46","1.92","1.98","2.91","1.40","2.14","1.73"
"71793","16-09-17 16:00","Scotland","Premiership","2017/2018","Dundee FC","St Johnstone","3.05","3.26","2.58","1.01","9.20","1.30","3.46","1.97","1.93","3.98","1.24","7.00","1.06","1.92","1.97"
"71794","16-09-17 16:00","Scotland","Premiership","2017/2018","Hamilton","Hearts","3.68","3.50","2.15","1.01","11.00","1.27","3.70","2.03","1.88","3.32","1.32","6.30","1.09","1.75","2.17"
"71795","16-09-17 16:00","Scotland","Premiership","2017/2018","Hibernian","Motherwell","1.49","4.70","7.20","1.03","15.00","1.18","4.74","1.71","2.27","2.61","1.48","4.70","1.15","1.77","2.16"
"71796","15-09-17 20:45","Scotland","Premiership","2017/2018","Partick Thistle","Rangers","8.80","5.30","1.35","1.04","13.00","1.18","4.74","1.73","2.24","2.68","1.46","4.84","1.14","1.95","1.92"
"71797","09-09-17 16:00","Scotland","Premiership","2017/2018","Hearts","Aberdeen","3.74","3.58","2.09","1.05","8.50","1.26","3.78","2.02","1.89","3.32","1.32","6.30","1.09","1.75","2.18"
"71798","09-09-17 16:00","Scotland","Premiership","2017/2018","Motherwell","Kilmarnock","2.06","3.62","3.82","1.01","11.00","1.25","3.88","1.97","1.93","3.24","1.33","6.10","1.09","1.81","2.10"
"71799","09-09-17 16:00","Scotland","Premiership","2017/2018","Rangers","Dundee FC","1.25","6.60","12.00","1.02","12.00","1.12","6.10","1.51","2.75","2.18","1.67","3.74","1.23","2.04","1.85"
"71800","09-09-17 16:00","Scotland","Premiership","2017/2018","Ross County","Partick Thistle","2.33","3.64","3.13","1.01","11.00","1.29","3.58","2.07","1.84","3.46","1.30","6.60","1.08","1.78","2.14"
"71801","09-09-17 16:00","Scotland","Premiership","2017/2018","St Johnstone","Hibernian","3.44","3.24","2.37","1.05","7.80","1.41","2.86","2.57","1.57","4.74","1.18","9.30","1.03","1.94","1.94"
"71802","08-09-17 20:45","Scotland","Premiership","2017/2018","Hamilton","Celtic","13.50","6.80","1.23","1.02","12.00","1.14","5.10","1.50","2.53","2.50","1.60","4.30","1.21","2.10","1.79"
"71803","27-08-17 16:00","Scotland","Premiership","2017/2018","Ross County","Rangers","5.45","4.60","1.59","1.03","15.00","1.18","4.74","1.66","2.35","2.58","1.49","4.54","1.16","1.73","2.21"
"71804","27-08-17 13:30","Scotland","Premiership","2017/2018","Dundee FC","Hibernian","3.96","3.70","2.00","1.02","10.00","1.27","3.70","1.97","1.93","3.32","1.32","6.30","1.09","1.90","1.98"
"71805","26-08-17 16:00","Scotland","Premiership","2017/2018","Celtic","St Johnstone","1.20","7.10","16.00","1.03","15.00","1.11","5.50","1.45","2.68","2.38","1.65","3.98","1.24","2.37","1.65"
"71806","26-08-17 16:00","Scotland","Premiership","2017/2018","Kilmarnock","Hamilton","2.55","3.26","3.07","1.04","8.30","1.40","2.91","2.46","1.62","4.60","1.19","9.10","1.03","2.01","1.88"
"71807","26-08-17 16:00","Scotland","Premiership","2017/2018","Motherwell","Hearts","3.40","3.68","2.19","1.05","12.00","1.22","4.14","1.84","2.07","2.95","1.39","5.50","1.11","1.65","2.37"
"71808","26-08-17 16:00","Scotland","Premiership","2017/2018","Partick Thistle","Aberdeen","4.68","3.64","1.86","1.03","9.50","1.34","3.20","2.22","1.73","3.98","1.24","7.80","1.05","2.00","1.87"
"71809","19-08-17 16:00","Scotland","Premiership","2017/2018","Aberdeen","Dundee FC","1.41","5.20","8.30","1.04","13.00","1.19","4.60","1.74","2.22","2.71","1.45","4.90","1.14","2.00","1.85"
"71810","19-08-17 16:00","Scotland","Premiership","2017/2018","Hibernian","Hamilton","1.56","4.44","6.40","1.04","11.00","1.22","4.14","1.86","2.05","3.00","1.38","5.50","1.11","1.98","1.90"
"71811","19-08-17 16:00","Scotland","Premiership","2017/2018","Motherwell","Ross County","2.74","3.64","2.60","1.04","13.00","1.22","4.20","1.77","2.16","2.95","1.39","5.30","1.12","1.63","2.41"
"71812","19-08-17 16:00","Scotland","Premiership","2017/2018","Rangers","Hearts","1.56","4.60","6.10","1.02","14.50","1.19","4.60","1.75","2.20","2.73","1.45","4.90","1.14","1.79","2.12"
"71813","19-08-17 16:00","Scotland","Premiership","2017/2018","St Johnstone","Partick Thistle","2.17","3.54","3.58","1.03","9.00","1.30","3.46","2.17","1.77","3.70","1.27","7.30","1.06","1.94","1.94"
"71814","19-08-17 13:30","Scotland","Premiership","2017/2018","Kilmarnock","Celtic","12.50","6.00","1.26","1.04","13.00","1.17","4.50","1.62","2.25","2.90","1.47","5.10","1.16","2.29","1.69"
"71815","12-08-17 16:00","Scotland","Premiership","2017/2018","Hamilton","Dundee FC","2.45","3.38","3.14","1.02","10.00","1.30","3.46","2.14","1.79","3.62","1.28","7.00","1.06","1.82","2.00"
"71816","12-08-17 16:00","Scotland","Premiership","2017/2018","Kilmarnock","Hearts","3.82","3.58","2.07","1.01","11.00","1.27","3.70","2.03","1.88","3.40","1.31","6.40","1.08","1.86","2.00"
"71817","12-08-17 16:00","Scotland","Premiership","2017/2018","Rangers","Hibernian","1.82","3.84","4.68","1.05","11.00","1.21","4.30","1.85","2.06","2.95","1.39","5.50","1.11","1.80","2.10"
"71818","12-08-17 16:00","Scotland","Premiership","2017/2018","Ross County","Aberdeen","4.76","3.92","1.79","1.05","12.00","1.22","4.20","1.86","2.05","3.00","1.38","5.60","1.11","1.81","2.09"
"71819","12-08-17 16:00","Scotland","Premiership","2017/2018","St Johnstone","Motherwell","1.89","3.76","4.40","1.05","11.00","1.24","3.98","1.93","1.97","3.20","1.34","6.10","1.09","1.80","2.10"
"71820","11-08-17 20:45","Scotland","Premiership","2017/2018","Partick Thistle","Celtic","16.00","7.80","1.19","1.03","15.00","1.14","4.90","1.50","2.46","2.54","1.58","4.20","1.22","2.06","1.83"
"71821","06-08-17 16:00","Scotland","Premiership","2017/2018","Aberdeen","Hamilton","1.37","5.20","10.50","1.03","10.00","1.20","4.44","1.80","2.13","2.86","1.41","5.20","1.13","2.09","1.81"
"71822","06-08-17 14:30","Scotland","Premiership","2017/2018","Motherwell","Rangers","6.10","4.20","1.60","1.03","12.00","1.21","4.30","1.84","2.07","2.91","1.40","5.30","1.12","1.90","1.98"
"71823","05-08-17 16:00","Scotland","Premiership","2017/2018","Dundee FC","Ross County","2.55","3.40","2.98","1.03","9.50","1.28","3.62","2.08","1.83","3.46","1.30","6.40","1.08","1.89","2.00"
"71824","05-08-17 16:00","Scotland","Premiership","2017/2018","Hibernian","Partick Thistle","1.92","3.62","4.44","1.03","9.20","1.33","3.24","2.25","1.72","3.88","1.25","7.30","1.06","2.00","1.82"
"71825","05-08-17 16:00","Scotland","Premiership","2017/2018","Kilmarnock","St Johnstone","2.93","3.30","2.65","1.03","8.80","1.33","3.26","2.25","1.72","3.88","1.25","7.30","1.06","1.95","1.88"
"71826","05-08-17 13:30","Scotland","Premiership","2017/2018","Celtic","Hearts","1.19","7.70","15.00","1.01","17.00","1.10","5.80","1.46","2.68","2.34","1.67","3.88","1.25","2.20","1.73"
"71827","21-05-17 13:30","Scotland","Premiership","2016/2017","Celtic","Hearts","1.20","7.30","16.00","1.01","23.00","1.05","7.70","1.31","3.32","1.93","1.95","3.06","1.36","1.90","1.98"
"71828","21-05-17 13:30","Scotland","Premiership","2016/2017","Partick Thistle","Aberdeen","6.65","3.70","1.63","1.02","9.80","1.23","3.98","1.97","1.91","3.16","1.34","5.90","1.09","1.91","1.96"
"71829","21-05-17 13:30","Scotland","Premiership","2016/2017","St Johnstone","Rangers","3.36","3.40","2.26","1.01","10.00","1.24","3.88","1.96","1.92","3.14","1.34","5.80","1.10","1.71","2.20"
"71830","20-05-17 16:00","Scotland","Premiership","2016/2017","Hamilton","Dundee FC","1.69","3.96","5.20","1.05","12.00","1.21","4.24","1.84","2.05","2.90","1.39","5.20","1.12","1.83","2.07"
"71831","20-05-17 16:00","Scotland","Premiership","2016/2017","Inverness","Motherwell","1.67","4.50","4.64","1.03","15.00","1.16","4.94","1.65","2.35","2.49","1.51","4.30","1.17","1.67","2.25"
"71832","20-05-17 16:00","Scotland","Premiership","2016/2017","Kilmarnock","Ross County","2.61","3.44","2.77","1.05","11.00","1.22","4.10","1.89","1.99","2.99","1.37","5.40","1.11","1.72","2.15"
"71833","18-05-17 20:45","Scotland","Premiership","2016/2017","Partick Thistle","Celtic","11.00","5.90","1.28","1.02","15.00","1.14","5.40","1.59","2.50","2.39","1.55","4.14","1.18","2.04","1.85"
"71834","17-05-17 20:45","Scotland","Premiership","2016/2017","Dundee FC","Inverness","2.58","3.44","2.82","1.03","12.00","1.21","4.20","1.86","2.03","2.91","1.39","5.20","1.12","1.63","2.32"
"71835","17-05-17 20:45","Scotland","Premiership","2016/2017","Rangers","Aberdeen","2.57","3.50","2.78","1.03","12.00","1.20","4.32","1.82","2.08","2.82","1.41","5.10","1.13","1.72","2.20"
"71836","17-05-17 20:45","Scotland","Premiership","2016/2017","St Johnstone","Hearts","2.59","3.44","2.81","1.02","10.00","1.27","3.62","2.04","1.85","3.34","1.31","6.20","1.08","1.75","2.10"
"71837","16-05-17 20:45","Scotland","Premiership","2016/2017","Motherwell","Kilmarnock","1.91","3.74","4.12","1.01","10.00","1.25","3.78","1.97","1.91","3.20","1.33","5.90","1.09","1.90","1.98"
"71838","16-05-17 20:45","Scotland","Premiership","2016/2017","Ross County","Hamilton","2.21","3.50","3.36","1.01","11.00","1.26","3.74","1.99","1.89","3.24","1.33","5.90","1.09","1.77","2.10"
"71839","13-05-17 16:00","Scotland","Premiership","2016/2017","Dundee FC","Ross County","2.75","3.44","2.71","","","1.24","3.96","1.95","1.95","3.13","1.36","5.80","1.10","1.71","2.21"
"71840","13-05-17 16:00","Scotland","Premiership","2016/2017","Hamilton","Motherwell","2.50","3.34","3.05","1.03","9.50","1.27","3.68","2.05","1.86","3.34","1.32","6.30","1.09","1.79","2.10"
"71841","13-05-17 16:00","Scotland","Premiership","2016/2017","Kilmarnock","Inverness","2.44","3.50","3.04","1.03","9.50","1.29","3.56","2.08","1.83","3.46","1.30","6.40","1.08","1.81","2.06"
"71842","13-05-17 16:00","Scotland","Premiership","2016/2017","St Johnstone","Partick Thistle","2.30","3.44","3.34","1.03","9.50","1.32","3.32","2.22","1.74","3.78","1.26","7.10","1.06","1.96","1.92"
"71843","13-05-17 13:15","Scotland","Premiership","2016/2017","Rangers","Hearts","1.68","4.04","5.60","","","1.17","4.90","1.72","2.25","2.60","1.49","4.70","1.15","1.71","2.25"
"71844","12-05-17 20:45","Scotland","Premiership","2016/2017","Aberdeen","Celtic","4.42","4.00","1.82","","","1.22","4.14","1.81","2.10","2.92","1.40","5.30","1.12","1.78","2.12"
"71845","07-05-17 16:00","Scotland","Premiership","2016/2017","Hearts","Aberdeen","3.62","3.60","2.12","","","1.26","3.78","2.01","1.89","3.30","1.33","6.10","1.09","1.78","2.13"
"71846","07-05-17 13:15","Scotland","Premiership","2016/2017","Partick Thistle","Rangers","3.80","3.50","2.10","1.02","10.00","1.26","3.78","2.02","1.89","3.28","1.33","6.10","1.09","1.82","2.08"
"71847","06-05-17 16:00","Scotland","Premiership","2016/2017","Kilmarnock","Dundee FC","2.29","3.44","3.38","1.03","9.50","1.28","3.62","2.07","1.84","3.42","1.31","6.40","1.08","1.90","1.98"
"71848","06-05-17 16:00","Scotland","Premiership","2016/2017","Motherwell","Ross County","2.63","3.54","2.77","1.04","13.00","1.21","4.30","1.84","2.07","2.88","1.41","5.20","1.13","1.66","2.34"
"71849","06-05-17 16:00","Scotland","Premiership","2016/2017","Celtic","St Johnstone","1.24","6.70","16.00","1.03","17.00","1.14","5.70","1.60","2.50","2.40","1.56","4.24","1.18","2.13","1.78"
"71850","06-05-17 13:15","Scotland","Premiership","2016/2017","Inverness","Hamilton","2.34","3.40","3.32","1.02","10.00","1.29","3.52","2.12","1.81","3.52","1.29","6.60","1.08","1.86","2.00"
"71851","29-04-17 16:00","Scotland","Premiership","2016/2017","Hamilton","Kilmarnock","2.42","3.24","3.30","1.03","9.30","1.35","3.16","2.30","1.69","3.98","1.24","7.60","1.06","1.98","1.90"
"71852","29-04-17 16:00","Scotland","Premiership","2016/2017","Motherwell","Dundee FC","2.16","3.60","3.54","","","1.20","4.44","1.83","2.08","2.82","1.42","5.10","1.13","1.69","2.28"
"71853","29-04-17 16:00","Scotland","Premiership","2016/2017","Aberdeen","St Johnstone","1.50","4.32","7.60","","","1.24","4.00","1.97","1.93","3.20","1.34","6.00","1.10","2.17","1.76"
"71854","29-04-17 16:00","Scotland","Premiership","2016/2017","Hearts","Partick Thistle","2.03","3.50","4.02","1.02","10.50","1.29","3.56","2.14","1.79","3.54","1.29","6.70","1.08","1.97","1.92"
"71855","29-04-17 13:00","Scotland","Premiership","2016/2017","Rangers","Celtic","4.98","4.00","1.73","1.03","15.00","1.19","4.64","1.79","2.14","2.73","1.45","4.94","1.14","1.78","2.13"
"71856","28-04-17 20:45","Scotland","Premiership","2016/2017","Ross County","Inverness","1.93","3.74","4.16","","","1.17","4.94","1.69","2.30","2.54","1.51","4.50","1.17","1.62","2.43"
"71857","16-04-17 13:30","Scotland","Premiership","2016/2017","Ross County","Celtic","11.00","6.70","1.27","1.03","15.00","1.08","6.60","1.37","3.04","2.13","1.80","3.38","1.31","1.81","2.09"
"71858","15-04-17 16:00","Scotland","Premiership","2016/2017","Dundee FC","Hamilton","2.15","3.44","3.74","1.03","9.50","1.31","3.42","2.15","1.79","3.62","1.28","6.80","1.07","1.94","1.94"
"71859","15-04-17 16:00","Scotland","Premiership","2016/2017","Motherwell","Inverness","2.17","3.58","3.54","1.01","11.00","1.25","3.88","1.95","1.95","3.16","1.35","5.80","1.10","1.75","2.15"
"71860","15-04-17 16:00","Scotland","Premiership","2016/2017","Rangers","Partick Thistle","1.63","4.04","6.10","1.02","10.00","1.27","3.70","2.03","1.88","3.38","1.31","6.30","1.09","1.97","1.90"
"71861","15-04-17 16:00","Scotland","Premiership","2016/2017","St Johnstone","Aberdeen","5.20","3.72","1.78","1.03","9.00","1.31","3.42","2.16","1.78","3.68","1.27","7.00","1.06","2.04","1.85"
"71862","14-04-17 20:45","Scotland","Premiership","2016/2017","Kilmarnock","Hearts","3.56","3.52","2.17","1.02","10.00","1.25","3.86","1.99","1.91","3.22","1.34","6.00","1.10","1.82","2.09"
"71863","09-04-17 13:30","Scotland","Premiership","2016/2017","Aberdeen","Rangers","1.78","4.00","4.72","1.03","9.50","1.20","4.50","1.75","2.20","2.74","1.45","4.90","1.14","1.73","2.22"
"71864","08-04-17 16:00","Scotland","Premiership","2016/2017","Celtic","Kilmarnock","1.14","9.30","25.00","1.01","23.00","1.07","6.80","1.37","3.08","2.08","1.83","3.40","1.31","2.16","1.77"
"71865","08-04-17 16:00","Scotland","Premiership","2016/2017","Hamilton","Ross County","2.82","3.36","2.70","1.02","10.00","1.25","3.86","2.03","1.88","3.24","1.33","6.10","1.09","1.82","2.08"
"71866","08-04-17 16:00","Scotland","Premiership","2016/2017","Hearts","Dundee FC","1.61","4.04","6.30","1.05","11.00","1.21","4.30","1.90","2.00","2.99","1.38","5.60","1.11","1.90","1.98"
"71867","08-04-17 16:00","Scotland","Premiership","2016/2017","Inverness","St Johnstone","2.62","3.32","2.94","1.03","9.50","1.32","3.34","2.24","1.73","3.78","1.26","7.10","1.06","1.91","1.96"
"71868","08-04-17 16:00","Scotland","Premiership","2016/2017","Partick Thistle","Motherwell","1.81","3.58","5.20","1.03","9.50","1.29","3.58","2.16","1.78","3.58","1.29","6.80","1.07","2.01","1.88"
"71869","05-04-17 20:45","Scotland","Premiership","2016/2017","Celtic","Partick Thistle","1.25","6.70","12.50","1.02","21.00","1.16","4.60","1.61","2.29","2.68","1.53","4.74","1.18","2.31","1.67"
"71870","05-04-17 20:45","Scotland","Premiership","2016/2017","Kilmarnock","Rangers","4.62","4.10","1.78","1.05","11.00","1.17","4.90","1.69","2.30","2.55","1.50","4.50","1.17","1.74","2.21"
"71871","05-04-17 20:45","Scotland","Premiership","2016/2017","Motherwell","Hamilton","2.42","3.54","3.04","1.05","12.00","1.27","3.70","1.97","1.93","3.26","1.33","6.00","1.10","1.75","2.14"
"71872","05-04-17 20:45","Scotland","Premiership","2016/2017","St Johnstone","Hearts","3.08","3.50","2.42","1.01","11.00","1.29","3.58","2.04","1.87","3.40","1.31","6.30","1.09","1.81","2.09"
"71873","04-04-17 20:45","Scotland","Premiership","2016/2017","Aberdeen","Inverness","1.28","6.10","12.50","1.04","13.00","1.21","4.30","1.82","2.10","2.95","1.39","5.30","1.12","2.40","1.63"
"71874","04-04-17 20:45","Scotland","Premiership","2016/2017","Ross County","Dundee FC","2.07","3.60","3.78","1.05","12.00","1.21","4.30","1.81","2.11","2.86","1.41","5.10","1.13","1.72","2.23"
"71875","02-04-17 13:30","Scotland","Premiership","2016/2017","Hearts","Celtic","7.30","4.64","1.49","1.03","15.00","1.17","5.00","1.66","2.36","2.55","1.50","4.50","1.17","1.76","2.12"
"71876","01-04-17 16:00","Scotland","Premiership","2016/2017","Hamilton","St Johnstone","3.07","3.40","2.47","1.03","9.00","1.39","2.95","2.32","1.68","4.24","1.22","8.00","1.05","2.00","1.89"
"71877","01-04-17 16:00","Scotland","Premiership","2016/2017","Inverness","Kilmarnock","2.11","3.54","3.68","1.02","10.00","1.32","3.32","2.10","1.82","3.68","1.27","6.80","1.07","1.88","2.00"
"71878","01-04-17 16:00","Scotland","Premiership","2016/2017","Partick Thistle","Ross County","2.17","3.38","3.76","1.04","8.50","1.35","3.16","2.20","1.75","3.88","1.25","7.30","1.06","1.92","1.97"
"71879","01-04-17 16:00","Scotland","Premiership","2016/2017","Rangers","Motherwell","1.30","6.20","11.00","1.03","15.00","1.11","5.50","1.50","2.56","2.36","1.66","4.10","1.23","1.92","1.96"
"71880","31-03-17 20:45","Scotland","Premiership","2016/2017","Dundee FC","Aberdeen","6.55","4.20","1.58","1.03","9.50","1.30","3.46","2.05","1.86","3.56","1.29","6.60","1.08","2.05","1.84"
"71881","19-03-17 13:30","Scotland","Premiership","2016/2017","Dundee FC","Celtic","12.50","6.60","1.26","1.02","21.00","1.11","5.50","1.49","2.59","2.34","1.67","4.00","1.24","2.12","1.79"
"71882","18-03-17 16:00","Scotland","Premiership","2016/2017","Inverness","Ross County","2.47","3.44","3.05","1.02","10.00","1.24","4.00","1.88","2.03","3.02","1.38","5.50","1.11","1.67","2.30"
"71883","18-03-17 16:00","Scotland","Premiership","2016/2017","Kilmarnock","Partick Thistle","3.00","3.34","2.54","1.03","9.00","1.37","3.05","2.30","1.69","4.10","1.23","7.80","1.05","2.02","1.85"
"71884","18-03-17 16:00","Scotland","Premiership","2016/2017","Motherwell","St Johnstone","3.44","3.54","2.22","1.02","10.00","1.27","3.72","1.97","1.93","3.26","1.33","6.00","1.10","1.80","2.10"
"71885","18-03-17 16:00","Scotland","Premiership","2016/2017","Rangers","Hamilton","1.32","5.60","11.50","1.04","13.00","1.18","4.80","1.70","2.29","2.68","1.46","4.84","1.14","2.05","1.79"
"71886","18-03-17 13:15","Scotland","Premiership","2016/2017","Aberdeen","Hearts","1.80","3.80","4.90","1.01","11.00","1.25","3.88","1.93","1.97","3.16","1.35","5.80","1.10","1.89","1.99"
"71887","12-03-17 13:00","Scotland","Premiership","2016/2017","Celtic","Rangers","1.32","5.70","9.20","1.03","15.00","1.12","6.10","1.50","2.79","2.18","1.67","3.66","1.24","1.75","2.18"
"71888","11-03-17 16:00","Scotland","Premiership","2016/2017","Aberdeen","Motherwell","1.30","6.10","11.50","1.03","17.00","1.13","5.20","1.53","2.47","2.45","1.62","4.30","1.21","2.09","1.82"
"71889","11-03-17 16:00","Scotland","Premiership","2016/2017","Hearts","Hamilton","1.59","4.32","6.15","1.04","13.00","1.23","4.10","1.84","2.07","2.99","1.38","5.50","1.11","1.84","2.05"
"71890","11-03-17 16:00","Scotland","Premiership","2016/2017","Partick Thistle","Inverness","1.99","3.52","4.20","1.03","9.50","1.34","3.20","2.22","1.74","3.88","1.25","7.30","1.06","2.00","1.88"
"71891","11-03-17 16:00","Scotland","Premiership","2016/2017","Ross County","Kilmarnock","1.90","3.78","4.30","1.02","10.00","1.25","3.86","1.92","1.98","3.15","1.35","5.80","1.10","1.83","2.07"
"71892","11-03-17 16:00","Scotland","Premiership","2016/2017","St Johnstone","Dundee FC","2.03","3.60","3.94","1.03","9.50","1.30","3.44","2.08","1.83","3.54","1.29","6.60","1.08","1.89","2.00"
"71893","04-03-17 16:00","Scotland","Premiership","2016/2017","Kilmarnock","Motherwell","2.31","3.64","3.15","1.01","11.00","1.25","3.88","1.90","2.00","3.10","1.36","5.60","1.11","1.72","2.20"
"71894","01-03-17 20:45","Scotland","Premiership","2016/2017","Dundee FC","Partick Thistle","2.88","3.20","2.75","1.03","9.50","1.32","3.36","2.16","1.78","3.68","1.27","6.90","1.07","1.86","2.02"
"71895","01-03-17 20:45","Scotland","Premiership","2016/2017","Hearts","Ross County","1.79","4.10","4.52","1.05","12.00","1.19","4.60","1.72","2.25","2.68","1.46","4.74","1.15","1.73","2.21"
"71896","01-03-17 20:45","Scotland","Premiership","2016/2017","Inverness","Celtic","12.50","6.50","1.27","1.03","15.00","1.12","6.10","1.51","2.77","2.21","1.65","3.74","1.23","2.02","1.86"
"71897","01-03-17 20:45","Scotland","Premiership","2016/2017","Rangers","St Johnstone","1.65","4.10","5.85","1.01","11.00","1.25","3.88","1.92","1.98","3.16","1.35","5.80","1.10","1.90","1.98"
"71898","28-02-17 20:45","Scotland","Premiership","2016/2017","Hamilton","Aberdeen","6.10","4.10","1.62","","","1.30","3.46","2.08","1.83","3.58","1.29","6.70","1.08","2.13","1.78"
"71899","25-02-17 16:00","Scotland","Premiership","2016/2017","Aberdeen","Ross County","1.45","5.00","7.40","1.03","15.00","1.17","4.90","1.66","2.35","2.58","1.49","4.50","1.17","1.85","2.04"
"71900","25-02-17 16:00","Scotland","Premiership","2016/2017","Celtic","Hamilton","1.11","13.00","21.00","1.01","23.00","1.08","8.00","1.26","3.80","1.75","2.20","2.64","1.47","2.32","1.67"
"71901","25-02-17 16:00","Scotland","Premiership","2016/2017","Motherwell","Dundee FC","2.53","3.58","2.86","1.05","11.00","1.21","4.30","1.79","2.14","2.82","1.42","5.10","1.13","1.64","2.37"
"71902","25-02-17 16:00","Scotland","Premiership","2016/2017","Partick Thistle","Hearts","2.94","3.48","2.51","1.01","11.00","1.28","3.60","2.02","1.89","3.38","1.31","6.30","1.09","1.79","2.11"
"71903","25-02-17 16:00","Scotland","Premiership","2016/2017","St Johnstone","Kilmarnock","1.80","3.90","4.72","1.02","10.00","1.32","3.32","2.14","1.79","3.74","1.27","7.00","1.06","2.08","1.82"
"71904","24-02-17 20:45","Scotland","Premiership","2016/2017","Inverness","Rangers","4.82","4.10","1.74","","","1.24","3.98","1.87","2.04","3.05","1.37","5.50","1.11","1.81","2.10"
"71905","19-02-17 16:15","Scotland","Premiership","2016/2017","Dundee FC","Rangers","4.90","3.90","1.77","1.01","11.00","1.21","4.30","1.80","2.13","2.86","1.41","5.10","1.13","1.83","2.06"
"71906","19-02-17 14:00","Scotland","Premiership","2016/2017","Kilmarnock","Aberdeen","6.95","4.54","1.51","1.01","11.00","1.25","3.90","1.90","2.00","3.15","1.35","5.80","1.10","2.01","1.88"
"71907","18-02-17 16:00","Scotland","Premiership","2016/2017","Celtic","Motherwell","1.10","13.50","27.00","","","","","1.22","4.20","1.66","2.35","2.52","1.51","2.24","1.71"
"71908","18-02-17 16:00","Scotland","Premiership","2016/2017","Hearts","Inverness","1.61","4.40","5.55","","","1.21","4.30","1.78","2.16","2.84","1.42","5.10","1.13","1.83","2.06"
"71909","18-02-17 16:00","Scotland","Premiership","2016/2017","Partick Thistle","Hamilton","1.87","3.76","4.44","1.03","9.50","1.31","3.40","2.10","1.82","3.60","1.28","6.80","1.07","2.05","1.84"
"71910","18-02-17 16:00","Scotland","Premiership","2016/2017","Ross County","St Johnstone","2.73","3.40","2.75","1.02","10.00","1.29","3.56","2.04","1.87","3.40","1.31","6.30","1.09","1.81","2.10"
"71911","15-02-17 20:45","Scotland","Premiership","2016/2017","Aberdeen","Motherwell","1.33","5.90","10.50","1.01","12.50","1.14","5.50","1.57","2.57","2.36","1.58","4.04","1.20","1.85","2.04"
"71912","11-02-17 16:00","Scotland","Premiership","2016/2017","Dundee FC","Kilmarnock","2.12","3.50","3.72","1.03","9.50","1.31","3.40","2.11","1.81","3.60","1.28","6.80","1.07","1.90","1.98"
"71913","05-02-17 13:30","Scotland","Premiership","2016/2017","St Johnstone","Celtic","7.70","4.84","1.46","1.05","11.00","1.20","4.44","1.76","2.19","2.80","1.43","5.10","1.13","1.98","1.90"
"71914","04-02-17 16:00","Scotland","Premiership","2016/2017","Aberdeen","Partick Thistle","1.60","4.40","5.90","1.01","11.00","1.26","3.82","1.92","1.98","3.20","1.34","5.80","1.10","2.00","1.87"
"71915","04-02-17 16:00","Scotland","Premiership","2016/2017","Hamilton","Kilmarnock","2.25","3.42","3.48","1.03","9.50","1.30","3.44","2.10","1.82","3.56","1.29","6.60","1.08","1.85","2.00"
"71916","04-02-17 16:00","Scotland","Premiership","2016/2017","Inverness","Dundee FC","2.19","3.42","3.64","1.03","9.00","1.31","3.42","2.11","1.81","3.58","1.29","6.70","1.08","1.88","2.00"
"71917","04-02-17 16:00","Scotland","Premiership","2016/2017","Rangers","Ross County","1.48","4.80","7.20","1.04","13.00","1.18","4.80","1.68","2.32","2.61","1.48","4.60","1.16","1.85","2.04"
"71918","04-02-17 13:15","Scotland","Premiership","2016/2017","Motherwell","Hearts","3.96","3.86","1.96","1.04","13.00","1.18","4.80","1.68","2.32","2.56","1.50","4.50","1.17","1.63","2.38"
"71919","01-02-17 20:45","Scotland","Premiership","2016/2017","Celtic","Aberdeen","1.44","4.90","7.90","1.03","15.00","1.17","5.00","1.65","2.38","2.53","1.51","4.50","1.17","1.93","1.95"
"71920","01-02-17 20:45","Scotland","Premiership","2016/2017","Hearts","Rangers","3.14","3.52","2.36","1.05","12.00","1.23","4.10","1.86","2.05","2.99","1.38","5.40","1.12","1.69","2.28"
"71921","01-02-17 20:45","Scotland","Premiership","2016/2017","Partick Thistle","St Johnstone","2.71","3.18","2.93","1.04","8.60","1.39","2.97","2.39","1.65","4.24","1.22","8.10","1.05","1.98","1.90"
"71922","31-01-17 20:45","Scotland","Premiership","2016/2017","Hamilton","Inverness","2.66","3.22","2.96","1.02","9.90","1.33","3.30","2.19","1.76","3.78","1.26","7.10","1.06","1.88","2.01"
"71923","31-01-17 20:45","Scotland","Premiership","2016/2017","Ross County","Motherwell","2.04","3.68","3.82","1.01","11.00","1.18","4.74","1.70","2.29","2.59","1.49","4.54","1.16","1.61","2.45"
"71924","29-01-17 14:00","Scotland","Premiership","2016/2017","Celtic","Hearts","1.23","7.50","12.50","","","1.10","6.00","1.42","2.82","2.18","1.77","3.60","1.28","1.89","2.00"
"71925","28-01-17 16:00","Scotland","Premiership","2016/2017","Inverness","Partick Thistle","2.56","3.52","2.87","1.02","10.00","1.30","3.48","2.06","1.85","3.50","1.30","6.50","1.08","1.81","2.09"
"71926","28-01-17 16:00","Scotland","Premiership","2016/2017","Kilmarnock","Ross County","3.72","3.48","2.13","1.02","10.00","1.29","3.54","2.05","1.86","3.44","1.30","6.40","1.08","1.78","2.13"
"71927","28-01-17 16:00","Scotland","Premiership","2016/2017","St Johnstone","Hamilton","1.63","4.24","5.75","1.02","10.00","1.30","3.44","2.06","1.85","3.54","1.29","6.60","1.08","2.04","1.82"
"71928","28-01-17 13:30","Scotland","Premiership","2016/2017","Motherwell","Rangers","5.10","4.24","1.69","","","1.17","4.90","1.67","2.34","2.56","1.50","4.50","1.17","1.70","2.27"
"71929","27-01-17 20:45","Scotland","Premiership","2016/2017","Aberdeen","Dundee FC","1.36","5.40","9.60","","","1.19","4.60","1.73","2.24","2.74","1.45","4.90","1.14","1.96","1.92"
"71930","25-01-17 20:45","Scotland","Premiership","2016/2017","Celtic","St Johnstone","1.22","6.80","14.50","1.02","21.00","1.10","5.80","1.47","2.66","2.29","1.70","3.96","1.24","2.00","1.85"
"71931","31-12-16 16:00","Scotland","Premiership","2016/2017","Ross County","Inverness","2.52","3.34","3.06","","","1.33","3.30","2.17","1.77","3.74","1.27","7.00","1.06","1.89","1.99"
"71932","31-12-16 15:00","Scotland","Premiership","2016/2017","Dundee FC","St Johnstone","3.74","3.44","2.15","1.02","10.00","1.29","3.52","2.07","1.84","3.50","1.30","6.50","1.08","1.88","2.01"
"71933","31-12-16 15:00","Scotland","Premiership","2016/2017","Partick Thistle","Kilmarnock","1.72","4.10","4.98","1.02","9.90","1.29","3.58","2.00","1.90","3.38","1.31","6.30","1.09","1.98","1.90"
"71934","31-12-16 14:00","Scotland","Premiership","2016/2017","Hamilton","Motherwell","2.60","3.32","2.95","1.02","10.50","1.26","3.78","1.98","1.92","3.24","1.33","6.00","1.10","1.72","2.15"
"71935","31-12-16 13:15","Scotland","Premiership","2016/2017","Rangers","Celtic","5.10","3.98","1.72","1.04","13.00","1.18","4.74","1.72","2.25","2.66","1.47","4.74","1.15","1.74","2.20"
"71936","30-12-16 20:45","Scotland","Premiership","2016/2017","Hearts","Aberdeen","2.69","3.54","2.70","1.05","12.00","1.20","4.44","1.76","2.19","2.73","1.45","4.84","1.14","1.61","2.44"
"71937","28-12-16 20:45","Scotland","Premiership","2016/2017","Celtic","Ross County","1.15","9.40","23.00","1.01","23.00","1.06","7.30","1.33","3.24","1.97","1.95","3.20","1.34","2.09","1.81"
"71938","28-12-16 20:45","Scotland","Premiership","2016/2017","Inverness","Motherwell","1.91","3.82","4.14","1.05","12.00","1.20","4.44","1.78","2.18","2.78","1.43","4.94","1.14","1.68","2.30"
"71939","28-12-16 20:45","Scotland","Premiership","2016/2017","Partick Thistle","Dundee FC","2.02","3.52","4.10","1.03","9.00","1.32","3.36","2.15","1.80","3.68","1.27","6.90","1.07","1.88","2.01"
"71940","28-12-16 20:45","Scotland","Premiership","2016/2017","St Johnstone","Rangers","3.54","3.50","2.22","1.02","10.00","1.27","3.68","2.00","1.92","3.32","1.32","6.10","1.09","1.78","2.13"
"71941","27-12-16 20:45","Scotland","Premiership","2016/2017","Hearts","Kilmarnock","1.42","5.10","8.20","1.04","13.00","1.16","5.10","1.64","2.40","2.51","1.52","4.40","1.17","1.80","2.09"
"71942","27-12-16 16:00","Scotland","Premiership","2016/2017","Aberdeen","Hamilton","1.31","5.80","11.50","1.05","12.00","1.16","5.10","1.65","2.38","2.55","1.50","4.54","1.16","2.01","1.88"
"71943","24-12-16 13:30","Scotland","Premiership","2016/2017","Hamilton","Celtic","15.00","7.20","1.21","1.03","17.00","1.08","6.70","1.38","3.00","2.06","1.87","3.38","1.31","1.99","1.89"
"71944","24-12-16 13:30","Scotland","Premiership","2016/2017","Rangers","Inverness","1.32","5.50","10.50","","","1.18","4.74","1.70","2.29","2.68","1.46","4.74","1.15","2.03","1.86"
"71945","23-12-16 20:45","Scotland","Premiership","2016/2017","Dundee FC","Hearts","3.98","3.62","1.99","1.01","11.00","1.23","4.10","1.87","2.04","3.00","1.38","5.50","1.11","1.74","2.11"
"71946","23-12-16 20:45","Scotland","Premiership","2016/2017","Kilmarnock","St Johnstone","3.44","3.54","2.22","1.03","9.00","1.34","3.20","2.20","1.75","3.86","1.25","7.30","1.06","1.96","1.91"
"71947","23-12-16 20:45","Scotland","Premiership","2016/2017","Motherwell","Aberdeen","4.84","4.18","1.70","","","1.20","4.44","1.74","2.20","2.76","1.44","4.90","1.14","1.74","2.11"
"71948","23-12-16 20:45","Scotland","Premiership","2016/2017","Ross County","Partick Thistle","2.23","3.44","3.40","1.02","10.00","1.26","3.80","1.95","1.95","3.20","1.34","5.90","1.10","1.73","2.19"
"71949","20-12-16 20:45","Scotland","Premiership","2016/2017","Celtic","Partick Thistle","1.19","8.20","17.00","1.02","21.00","1.08","6.60","1.38","2.99","2.07","1.84","3.44","1.30","2.04","1.85"
"71950","17-12-16 16:00","Scotland","Premiership","2016/2017","Celtic","Dundee FC","1.13","10.00","22.00","1.02","21.00","1.06","7.60","1.31","3.42","1.88","2.03","2.99","1.38","2.13","1.76"
"71951","17-12-16 16:00","Scotland","Premiership","2016/2017","Hearts","Partick Thistle","1.79","4.04","4.54","","","1.23","4.10","1.83","2.08","2.96","1.39","5.30","1.12","1.82","2.08"
"71952","17-12-16 16:00","Scotland","Premiership","2016/2017","Kilmarnock","Inverness","3.05","3.36","2.51","1.02","10.00","1.29","3.52","2.06","1.85","3.46","1.30","6.40","1.08","1.82","2.05"
"71953","17-12-16 16:00","Scotland","Premiership","2016/2017","Ross County","Aberdeen","4.26","3.94","1.87","","","1.24","4.00","1.86","2.05","3.02","1.38","5.50","1.11","1.74","2.20"
"71954","17-12-16 16:00","Scotland","Premiership","2016/2017","St Johnstone","Motherwell","1.81","3.76","4.86","1.02","10.00","1.24","3.96","1.91","1.99","3.13","1.36","5.80","1.10","1.85","2.02"
"71955","16-12-16 20:45","Scotland","Premiership","2016/2017","Hamilton","Rangers","5.95","4.34","1.59","1.01","11.50","1.22","4.14","1.82","2.10","2.95","1.39","5.30","1.12","1.87","2.02"
"71956","13-12-16 20:45","Scotland","Premiership","2016/2017","Celtic","Hamilton","1.10","11.00","34.00","1.03","15.00","1.05","8.00","1.23","4.10","1.68","2.32","2.63","1.48","2.17","1.75"
"71957","10-12-16 16:00","Scotland","Premiership","2016/2017","Aberdeen","St Johnstone","1.74","4.04","4.88","1.01","11.00","1.25","3.86","1.91","1.99","3.15","1.35","5.80","1.10","1.85","1.98"
"71958","10-12-16 16:00","Scotland","Premiership","2016/2017","Dundee FC","Ross County","2.71","3.44","2.75","1.02","10.00","1.29","3.54","2.04","1.87","3.42","1.31","6.30","1.09","1.75","2.11"
"71959","10-12-16 16:00","Scotland","Premiership","2016/2017","Inverness","Hamilton","2.02","3.90","3.68","1.01","11.00","1.26","3.78","1.93","1.97","3.20","1.34","5.80","1.10","1.80","2.08"
"71960","10-12-16 16:00","Scotland","Premiership","2016/2017","Motherwell","Kilmarnock","2.05","3.66","3.82","1.05","12.00","1.22","4.20","1.83","2.09","2.91","1.40","5.30","1.12","1.73","2.15"
"71961","10-12-16 16:00","Scotland","Premiership","2016/2017","Rangers","Hearts","1.91","3.94","4.06","1.01","11.00","1.22","4.20","1.81","2.11","2.90","1.40","5.20","1.13","1.76","2.17"
"71962","09-12-16 20:45","Scotland","Premiership","2016/2017","Partick Thistle","Celtic","11.00","6.10","1.29","1.02","21.00","1.11","5.50","1.50","2.56","2.36","1.66","4.10","1.23","1.96","1.91"
"71963","06-12-16 20:45","Scotland","Premiership","2016/2017","Aberdeen","Kilmarnock","1.38","5.20","9.50","1.04","13.00","1.16","5.10","1.65","2.38","2.54","1.51","4.50","1.17","2.08","1.80"
"71964","03-12-16 16:00","Scotland","Premiership","2016/2017","Hamilton","Partick Thistle","2.77","3.20","2.85","1.03","9.50","1.27","3.70","2.01","1.89","3.32","1.32","6.10","1.09","1.66","2.22"
"71965","03-12-16 16:00","Scotland","Premiership","2016/2017","Kilmarnock","Dundee FC","2.87","3.24","2.73","1.03","9.50","1.31","3.38","2.15","1.79","3.64","1.28","6.80","1.07","1.80","2.00"
"71966","03-12-16 16:00","Scotland","Premiership","2016/2017","Rangers","Aberdeen","2.37","3.36","3.30","1.02","10.00","1.25","3.92","1.92","1.98","3.10","1.36","5.80","1.10","1.63","2.28"
"71967","03-12-16 16:00","Scotland","Premiership","2016/2017","Ross County","Hearts","3.64","3.68","2.09","1.06","10.00","1.21","4.30","1.79","2.14","2.82","1.42","5.10","1.13","1.64","2.26"
"71968","03-12-16 16:00","Scotland","Premiership","2016/2017","St Johnstone","Inverness","2.08","3.66","3.72","1.03","9.50","1.31","3.38","2.11","1.81","3.64","1.28","6.80","1.07","1.75","1.95"
"71969","03-12-16 13:15","Scotland","Premiership","2016/2017","Motherwell","Celtic","14.00","7.20","1.23","1.03","17.00","1.08","6.40","1.40","2.93","2.10","1.82","3.48","1.30","1.95","1.82"
"71970","30-11-16 20:45","Scotland","Premiership","2016/2017","Hearts","Rangers","2.89","3.38","2.61","1.05","11.00","1.23","4.10","1.87","2.04","2.99","1.38","5.40","1.12","1.60","2.34"
"71971","26-11-16 16:00","Scotland","Premiership","2016/2017","Dundee FC","Inverness","2.61","3.24","3.02","1.02","10.50","1.30","3.44","2.11","1.81","3.56","1.29","6.70","1.08","1.71","2.14"
"71972","26-11-16 16:00","Scotland","Premiership","2016/2017","Hearts","Motherwell","1.61","4.24","6.05","1.05","12.00","1.17","4.90","1.71","2.27","2.61","1.48","4.60","1.16","1.75","2.01"
"71973","26-11-16 16:00","Scotland","Premiership","2016/2017","Ross County","Hamilton","2.13","3.62","3.62","1.03","9.60","1.24","3.96","1.89","2.01","3.08","1.37","5.60","1.11","1.70","2.09"
"71974","26-11-16 13:15","Scotland","Premiership","2016/2017","Partick Thistle","Rangers","4.88","3.76","1.69","","","1.24","3.96","1.89","2.01","3.10","1.36","5.60","1.11","1.75","2.05"
"71975","21-11-16 20:45","Scotland","Premiership","2016/2017","Hamilton","Hearts","3.88","3.84","1.97","1.02","10.50","1.24","3.96","1.88","2.03","3.06","1.37","5.60","1.11","1.75","1.99"
"71976","19-11-16 16:00","Scotland","Premiership","2016/2017","Inverness","Aberdeen","3.96","3.76","1.98","1.03","9.50","1.30","3.48","2.05","1.86","3.48","1.30","6.50","1.08","1.80","1.97"
"71977","19-11-16 16:00","Scotland","Premiership","2016/2017","Motherwell","Partick Thistle","3.03","3.46","2.47","1.02","10.50","1.25","3.86","1.93","1.97","3.15","1.35","5.80","1.10","1.64","2.26"
"71978","19-11-16 16:00","Scotland","Premiership","2016/2017","Rangers","Dundee FC","1.38","5.15","8.00","1.01","15.00","1.16","5.10","1.62","2.45","2.46","1.53","4.30","1.18","1.75","1.97"
"71979","19-11-16 16:00","Scotland","Premiership","2016/2017","St Johnstone","Ross County","1.90","3.74","4.38","1.02","10.00","1.24","3.96","1.90","2.00","3.10","1.36","5.70","1.11","1.78","2.04"
"71980","18-11-16 20:45","Scotland","Premiership","2016/2017","Kilmarnock","Celtic","18.00","8.50","1.16","1.01","18.00","1.07","6.80","1.37","3.08","2.03","1.88","3.32","1.32","2.11","1.73"
"71981","06-11-16 13:00","Scotland","Premiership","2016/2017","Ross County","Rangers","4.98","4.40","1.68","1.03","15.00","1.19","4.64","1.70","2.29","2.64","1.47","4.70","1.15","1.68","2.19"
"71982","05-11-16 16:00","Scotland","Premiership","2016/2017","Celtic","Inverness","1.15","9.20","22.00","1.02","21.00","1.06","7.00","1.34","3.20","1.98","1.92","3.20","1.34","2.01","1.80"
"71983","05-11-16 16:00","Scotland","Premiership","2016/2017","Dundee FC","Motherwell","2.24","3.60","3.34","1.05","11.00","1.24","3.96","1.89","2.01","3.08","1.37","5.60","1.11","1.66","2.22"
"71984","05-11-16 16:00","Scotland","Premiership","2016/2017","Hearts","St Johnstone","1.90","3.68","4.44","1.02","10.50","1.27","3.72","1.98","1.92","3.28","1.33","6.10","1.09","1.75","1.96"
"71985","05-11-16 16:00","Scotland","Premiership","2016/2017","Kilmarnock","Hamilton","2.72","3.48","2.72","1.01","11.00","1.26","3.80","1.94","1.96","3.18","1.35","5.80","1.10","1.66","2.22"
"71986","04-11-16 20:45","Scotland","Premiership","2016/2017","Partick Thistle","Aberdeen","4.36","3.84","1.87","1.01","11.50","1.27","3.68","1.98","1.92","3.32","1.32","6.10","1.09","1.82","1.99"
"71987","29-10-16 16:00","Scotland","Premiership","2016/2017","Hamilton","Dundee FC","2.37","3.40","3.26","1.01","11.50","1.26","3.82","1.95","1.95","3.20","1.34","5.80","1.10","1.66","2.22"
"71988","29-10-16 16:00","Scotland","Premiership","2016/2017","Inverness","Hearts","2.99","3.50","2.47","1.01","11.50","1.28","3.62","2.00","1.90","3.34","1.32","6.10","1.09","1.70","2.12"
"71989","29-10-16 16:00","Scotland","Premiership","2016/2017","Motherwell","Ross County","2.85","3.50","2.57","1.03","12.00","1.25","3.92","1.90","2.00","3.08","1.37","5.60","1.11","1.62","2.26"
"71990","29-10-16 16:00","Scotland","Premiership","2016/2017","Rangers","Kilmarnock","1.38","5.50","8.50","1.01","17.00","1.15","5.30","1.60","2.50","2.42","1.55","4.14","1.19","1.75","1.94"
"71991","29-10-16 16:00","Scotland","Premiership","2016/2017","St Johnstone","Partick Thistle","2.07","3.74","3.64","1.02","10.50","1.30","3.46","2.05","1.86","3.52","1.29","6.50","1.08","1.80","1.97"
"71992","29-10-16 13:00","Scotland","Premiership","2016/2017","Aberdeen","Celtic","5.55","4.10","1.67","1.03","12.00","1.21","4.32","1.79","2.14","2.84","1.42","5.10","1.13","1.73","2.11"
"71993","26-10-16 20:45","Scotland","Premiership","2016/2017","Dundee FC","Partick Thistle","2.47","3.26","3.22","1.01","11.00","1.30","3.44","2.11","1.81","3.56","1.29","6.70","1.08","1.73","2.11"
"71994","26-10-16 20:45","Scotland","Premiership","2016/2017","Kilmarnock","Hearts","4.90","4.00","1.76","1.05","12.00","1.24","3.96","1.89","2.02","3.08","1.37","5.60","1.11","1.80","2.00"
"71995","26-10-16 20:45","Scotland","Premiership","2016/2017","Motherwell","Inverness","2.94","3.46","2.54","1.05","11.00","1.25","3.88","1.92","1.98","3.13","1.36","5.80","1.10","1.64","2.26"
"71996","26-10-16 20:45","Scotland","Premiership","2016/2017","Rangers","St Johnstone","1.73","4.14","4.90","1.05","12.00","1.23","4.10","1.83","2.09","2.95","1.39","5.30","1.12","1.80","1.96"
"71997","26-10-16 20:45","Scotland","Premiership","2016/2017","Ross County","Celtic","9.00","6.50","1.32","1.02","21.00","1.10","5.80","1.44","2.76","2.20","1.75","3.62","1.28","1.80","1.99"
"71998","25-10-16 20:45","Scotland","Premiership","2016/2017","Hamilton","Aberdeen","5.90","4.40","1.60","","","1.25","3.90","1.89","2.01","3.13","1.36","5.80","1.10","1.88","1.92"
"71999","23-10-16 13:00","Scotland","Premiership","2016/2017","St Johnstone","Dundee FC","1.94","3.76","4.10","1.02","10.00","1.30","3.44","2.07","1.84","3.54","1.29","6.60","1.08","1.91","1.89"
"72000","22-10-16 16:00","Scotland","Premiership","2016/2017","Inverness","Kilmarnock","1.64","4.20","5.75","1.05","11.00","1.22","4.14","1.84","2.07","2.99","1.38","5.40","1.12","1.86","1.94"
"72001","22-10-16 16:00","Scotland","Premiership","2016/2017","Partick Thistle","Ross County","2.21","3.56","3.44","1.01","11.00","1.26","3.78","1.95","1.95","3.20","1.34","5.90","1.10","1.70","2.15"
"72002","15-10-16 16:00","Scotland","Premiership","2016/2017","Aberdeen","Ross County","1.55","4.32","6.80","1.01","11.00","1.24","3.96","1.90","2.00","3.14","1.35","5.80","1.10","1.91","1.84"
"72003","15-10-16 16:00","Scotland","Premiership","2016/2017","Celtic","Motherwell","1.13","11.50","21.00","1.01","26.00","1.06","10.00","1.23","4.10","1.67","2.34","2.50","1.52","2.00","1.74"
"72004","15-10-16 16:00","Scotland","Premiership","2016/2017","Hearts","Dundee FC","1.57","4.44","6.20","1.05","12.00","1.22","4.20","1.81","2.11","2.92","1.40","5.30","1.12","1.82","1.99"
"72005","15-10-16 16:00","Scotland","Premiership","2016/2017","Partick Thistle","Hamilton","2.07","3.54","3.88","1.02","10.00","1.31","3.42","2.10","1.82","3.58","1.29","6.70","1.08","1.78","2.04"
"72006","15-10-16 16:00","Scotland","Premiership","2016/2017","St Johnstone","Kilmarnock","1.57","4.40","6.25","1.04","13.00","1.21","4.30","1.80","2.13","2.88","1.41","5.20","1.13","1.88","1.92"
"72007","14-10-16 20:45","Scotland","Premiership","2016/2017","Inverness","Rangers","4.18","3.54","2.00","1.05","11.00","1.24","4.00","1.89","2.01","3.04","1.37","5.60","1.11","1.70","2.15"
"72008","01-10-16 16:00","Scotland","Premiership","2016/2017","Hamilton","Inverness","3.22","3.46","2.35","1.03","9.50","1.26","3.78","1.96","1.94","3.22","1.34","6.00","1.10","1.73","2.09"
"72009","01-10-16 16:00","Scotland","Premiership","2016/2017","Kilmarnock","Aberdeen","5.35","4.40","1.64","1.01","11.00","1.27","3.68","1.95","1.95","3.28","1.33","6.00","1.10","1.85","1.84"
"72010","01-10-16 16:00","Scotland","Premiership","2016/2017","Rangers","Partick Thistle","1.41","5.00","8.90","1.03","17.00","1.18","4.80","1.70","2.29","2.65","1.47","4.74","1.15","1.85","1.80"
"72011","01-10-16 16:00","Scotland","Premiership","2016/2017","Ross County","St Johnstone","2.65","3.38","2.86","1.02","10.00","1.31","3.38","2.13","1.80","3.64","1.28","6.80","1.07","1.75","2.02"
"72012","01-10-16 13:15","Scotland","Premiership","2016/2017","Dundee FC","Celtic","12.50","7.00","1.22","1.02","21.00","1.10","6.00","1.42","2.83","2.16","1.78","3.58","1.29","1.90","1.90"
"72013","30-09-16 20:45","Scotland","Premiership","2016/2017","Motherwell","Hearts","4.92","4.00","1.74","1.04","13.00","1.24","3.96","1.75","2.20","3.08","1.37","5.60","1.11","1.70","2.04"
"72014","25-09-16 16:00","Scotland","Premiership","2016/2017","Hamilton","St Johnstone","3.12","3.42","2.44","1.03","9.20","1.30","3.48","2.07","1.84","3.50","1.30","6.50","1.08","1.81","2.00"
"72015","25-09-16 14:00","Scotland","Premiership","2016/2017","Aberdeen","Rangers","2.72","3.24","2.88","1.03","9.00","1.32","3.32","2.17","1.77","3.72","1.27","7.00","1.06","1.77","2.05"
"72016","24-09-16 16:00","Scotland","Premiership","2016/2017","Celtic","Kilmarnock","1.16","9.90","17.00","1.02","21.00","1.07","9.00","1.25","3.86","1.74","2.22","2.60","1.49","2.10","1.69"
"72017","24-09-16 16:00","Scotland","Premiership","2016/2017","Hearts","Ross County","1.69","4.14","5.30","1.05","12.00","1.22","4.20","1.82","2.10","2.92","1.40","5.30","1.12","1.71","2.14"
"72018","24-09-16 16:00","Scotland","Premiership","2016/2017","Inverness","Dundee FC","2.08","3.52","3.84","1.02","10.50","1.27","3.72","1.98","1.92","3.28","1.33","6.10","1.09","1.71","2.14"
"72019","24-09-16 16:00","Scotland","Premiership","2016/2017","Partick Thistle","Motherwell","2.57","3.32","3.02","1.03","9.50","1.30","3.50","2.08","1.83","3.50","1.30","6.50","1.08","1.80","1.94"
"72020","18-09-16 16:00","Scotland","Premiership","2016/2017","Inverness","Celtic","7.90","6.30","1.35","1.03","15.00","1.17","5.00","1.58","2.55","2.38","1.57","3.96","1.21","1.95","1.77"
"72021","18-09-16 13:00","Scotland","Premiership","2016/2017","Dundee FC","Aberdeen","3.94","3.60","2.03","1.02","10.00","1.31","3.40","2.10","1.82","3.60","1.28","6.70","1.08","1.80","2.01"
"72022","17-09-16 16:00","Scotland","Premiership","2016/2017","Kilmarnock","Partick Thistle","2.97","3.36","2.57","1.03","9.50","1.34","3.20","2.22","1.74","3.86","1.25","7.30","1.06","1.83","1.97"
"72023","17-09-16 16:00","Scotland","Premiership","2016/2017","Motherwell","Hamilton","2.30","3.44","3.34","1.02","9.80","1.30","3.46","2.08","1.83","3.52","1.29","6.60","1.08","1.80","1.99"
"72024","17-09-16 16:00","Scotland","Premiership","2016/2017","Rangers","Ross County","1.53","4.58","6.55","1.03","15.00","1.18","4.84","1.68","2.32","2.59","1.49","4.60","1.16","1.75","1.96"
"72025","17-09-16 16:00","Scotland","Premiership","2016/2017","St Johnstone","Hearts","3.08","3.48","2.43","1.03","8.80","1.29","3.54","2.04","1.87","3.44","1.30","6.30","1.09","1.75","2.04"
"72026","10-09-16 16:00","Scotland","Premiership","2016/2017","Aberdeen","Inverness","1.81","3.86","4.72","1.02","10.50","1.32","3.34","2.12","1.81","3.68","1.27","6.80","1.07","1.91","1.89"
"72027","10-09-16 16:00","Scotland","Premiership","2016/2017","Dundee FC","Kilmarnock","1.91","3.74","4.30","1.01","11.00","1.26","3.80","1.94","1.96","3.20","1.34","5.90","1.10","1.79","2.02"
"72028","10-09-16 16:00","Scotland","Premiership","2016/2017","Hearts","Hamilton","1.59","4.32","6.10","","","1.25","3.86","1.91","1.99","3.16","1.35","5.80","1.10","1.86","1.94"
"72029","10-09-16 16:00","Scotland","Premiership","2016/2017","Partick Thistle","St Johnstone","2.93","3.32","2.63","1.03","8.80","1.36","3.13","2.27","1.71","3.98","1.24","7.50","1.06","1.86","1.94"
"72030","10-09-16 16:00","Scotland","Premiership","2016/2017","Ross County","Motherwell","1.84","3.98","4.38","1.01","11.00","1.26","3.82","1.92","1.98","3.18","1.35","5.80","1.10","1.72","2.12"
"72031","10-09-16 13:00","Scotland","Premiership","2016/2017","Celtic","Rangers","1.60","4.34","6.00","1.04","13.00","1.20","4.44","1.76","2.19","2.78","1.43","5.10","1.13","1.64","2.26"
"72032","27-08-16 16:00","Scotland","Premiership","2016/2017","Celtic","Aberdeen","1.41","5.05","8.30","1.03","15.00","1.14","5.10","1.56","2.41","2.50","1.60","4.34","1.21","1.71","2.14"
"72033","27-08-16 16:00","Scotland","Premiership","2016/2017","Hamilton","Ross County","3.05","3.50","2.44","1.01","11.50","1.28","3.64","2.00","1.90","3.34","1.32","6.10","1.09","1.71","2.14"
"72034","27-08-16 16:00","Scotland","Premiership","2016/2017","Inverness","St Johnstone","2.80","3.38","2.70","1.03","9.00","1.35","3.15","2.24","1.73","3.96","1.24","7.40","1.06","1.85","1.95"
"72035","27-08-16 16:00","Scotland","Premiership","2016/2017","Motherwell","Dundee FC","2.53","3.42","2.98","1.01","11.50","1.27","3.68","2.00","1.90","3.32","1.32","6.10","1.09","1.70","2.14"
"72036","27-08-16 16:00","Scotland","Premiership","2016/2017","Partick Thistle","Hearts","3.46","3.52","2.22","1.02","10.50","1.30","3.44","2.08","1.83","3.54","1.29","6.60","1.08","1.79","2.02"
"72037","26-08-16 20:45","Scotland","Premiership","2016/2017","Kilmarnock","Rangers","7.90","4.94","1.44","1.04","13.00","1.18","4.74","1.69","2.30","2.64","1.47","4.70","1.15","1.80","2.01"
"72038","20-08-16 16:00","Scotland","Premiership","2016/2017","Aberdeen","Partick Thistle","1.59","4.18","6.30","1.03","9.50","1.30","3.48","2.07","1.84","3.56","1.29","6.70","1.08","2.01","1.80"
"72039","20-08-16 16:00","Scotland","Premiership","2016/2017","Hearts","Inverness","1.92","3.82","4.14","1.03","9.20","1.32","3.34","2.12","1.81","3.68","1.27","6.80","1.07","1.84","1.96"
"72040","20-08-16 16:00","Scotland","Premiership","2016/2017","Rangers","Motherwell","1.36","5.35","9.60","1.03","15.00","1.18","4.80","1.68","2.32","2.63","1.48","4.70","1.15","1.92","1.88"
"72041","20-08-16 16:00","Scotland","Premiership","2016/2017","Ross County","Kilmarnock","1.79","4.04","4.62","1.05","12.00","1.22","4.14","1.82","2.10","2.92","1.40","5.30","1.12","1.71","2.14"
"72042","20-08-16 13:15","Scotland","Premiership","2016/2017","St Johnstone","Celtic","5.70","4.30","1.63","1.05","12.00","1.23","4.10","1.85","2.06","3.00","1.38","5.50","1.11","1.75","1.97"
"72043","19-08-16 20:45","Scotland","Premiership","2016/2017","Dundee FC","Hamilton","2.12","3.54","3.74","1.02","10.50","1.26","3.80","1.95","1.95","3.20","1.34","5.90","1.10","1.69","2.17"
"72044","13-08-16 16:00","Scotland","Premiership","2016/2017","Aberdeen","Hearts","2.01","3.62","4.02","1.01","11.00","1.29","3.58","2.03","1.88","3.40","1.31","6.30","1.09","1.77","2.05"
"72045","13-08-16 16:00","Scotland","Premiership","2016/2017","Hamilton","Kilmarnock","2.24","3.54","3.40","1.01","11.50","1.28","3.64","2.00","1.90","3.34","1.32","6.20","1.09","1.73","2.11"
"72046","13-08-16 16:00","Scotland","Premiership","2016/2017","Inverness","Ross County","2.35","3.40","3.30","1.03","9.50","1.35","3.16","2.23","1.73","3.90","1.25","7.30","1.06","1.83","1.96"
"72047","13-08-16 16:00","Scotland","Premiership","2016/2017","Motherwell","St Johnstone","2.94","3.40","2.57","1.02","9.90","1.33","3.28","2.17","1.77","3.78","1.26","7.00","1.06","1.79","2.02"
"72048","13-08-16 13:15","Scotland","Premiership","2016/2017","Dundee FC","Rangers","4.80","4.00","1.77","1.01","11.00","1.28","3.64","1.99","1.91","3.34","1.32","6.20","1.09","1.70","1.96"
"72049","07-08-16 15:15","Scotland","Premiership","2016/2017","Hearts","Celtic","5.20","4.24","1.66","1.02","13.00","1.20","4.44","1.76","2.19","2.78","1.43","4.94","1.14","1.70","2.15"
"72050","07-08-16 13:15","Scotland","Premiership","2016/2017","St Johnstone","Aberdeen","3.24","3.36","2.40","1.03","8.70","1.39","2.96","2.38","1.66","4.30","1.21","8.00","1.05","1.85","1.85"
"72051","06-08-16 16:00","Scotland","Premiership","2016/2017","Kilmarnock","Motherwell","2.90","3.50","2.55","1.03","9.60","1.34","3.20","2.20","1.75","3.86","1.25","7.30","1.06","1.80","1.94"
"72052","06-08-16 16:00","Scotland","Premiership","2016/2017","Partick Thistle","Inverness","2.84","3.15","2.83","1.03","8.80","1.37","3.04","2.35","1.66","4.14","1.22","7.90","1.05","1.85","1.92"
"72053","06-08-16 16:00","Scotland","Premiership","2016/2017","Ross County","Dundee FC","2.20","3.44","3.60","1.01","11.50","1.27","3.72","1.98","1.92","3.26","1.33","6.00","1.10","1.70","2.15"
"72054","06-08-16 13:30","Scotland","Premiership","2016/2017","Rangers","Hamilton","1.34","5.50","11.00","1.02","13.00","1.16","5.10","1.65","2.38","2.55","1.50","4.50","1.17","1.93","1.87"
"72055","15-05-16 13:30","Scotland","Premiership","2015/2016","Aberdeen","Ross County","1.65","4.20","5.25","1.03","15.00","1.17","4.84","1.65","2.35","2.60","1.48","4.64","1.18","1.70","2.05"
"72056","15-05-16 13:30","Scotland","Premiership","2015/2016","Celtic","Motherwell","1.26","7.00","10.50","1.02","21.00","1.09","6.80","1.40","3.15","1.95","1.81","3.20","1.33","1.75","2.00"
"72057","15-05-16 13:30","Scotland","Premiership","2015/2016","Hearts","St Johnstone","2.05","3.68","3.66","1.02","9.20","1.26","3.70","1.93","1.95","3.00","1.38","6.00","1.13","1.70","2.05"
"72058","14-05-16 13:30","Scotland","Premiership","2015/2016","Inverness","Dundee FC","2.00","3.68","3.82","1.05","12.00","1.23","3.98","1.86","2.03","2.99","1.37","6.00","1.13","1.66","2.18"
"72059","14-05-16 13:30","Scotland","Premiership","2015/2016","Kilmarnock","Dundee Utd","2.52","3.64","2.74","1.04","13.00","1.18","4.60","1.68","2.29","2.54","1.49","4.64","1.18","1.49","2.58"
"72060","14-05-16 13:30","Scotland","Premiership","2015/2016","Partick Thistle","Hamilton","2.42","3.50","2.99","1.05","11.00","1.23","3.98","1.85","2.04","3.00","1.38","5.75","1.14","1.61","2.29"
"72061","12-05-16 20:45","Scotland","Premiership","2015/2016","Aberdeen","Hearts","1.86","3.80","4.24","1.02","12.00","1.21","4.20","1.60","2.13","2.82","1.41","5.10","1.13","1.61","2.25"
"72062","11-05-16 20:45","Scotland","Premiership","2015/2016","Dundee FC","Kilmarnock","2.07","3.68","3.60","1.05","12.00","1.24","3.88","1.87","2.02","3.02","1.37","5.40","1.11","1.66","2.19"
"72063","11-05-16 20:45","Scotland","Premiership","2015/2016","Hamilton","Inverness","3.14","3.52","2.32","1.06","12.00","1.27","3.62","1.97","1.90","3.26","1.32","5.90","1.09","1.70","2.13"
"72064","11-05-16 20:45","Scotland","Premiership","2015/2016","Ross County","Motherwell","2.06","3.62","3.68","1.05","12.00","1.21","4.20","1.80","2.10","2.86","1.40","5.10","1.13","1.60","2.31"
"72065","11-05-16 20:30","Scotland","Premiership","2015/2016","St Johnstone","Celtic","5.75","4.54","1.57","1.02","15.00","1.15","4.60","1.59","2.30","2.59","1.55","4.50","1.19","1.66","2.19"
"72066","10-05-16 20:45","Scotland","Premiership","2015/2016","Dundee Utd","Partick Thistle","2.47","3.60","2.85","1.05","12.00","1.21","4.20","1.79","2.14","2.78","1.42","4.94","1.13","1.57","2.38"
"72067","08-05-16 13:30","Scotland","Premiership","2015/2016","Celtic","Aberdeen","1.53","4.60","6.15","1.03","15.00","1.17","4.84","1.65","2.35","2.52","1.50","4.34","1.17","1.75","2.05"
"72068","07-05-16 16:00","Scotland","Premiership","2015/2016","Dundee FC","Hamilton","2.10","3.64","3.54","1.05","11.00","1.23","3.98","1.85","2.04","2.94","1.38","5.40","1.11","1.64","2.23"
"72069","07-05-16 16:00","Scotland","Premiership","2015/2016","Kilmarnock","Partick Thistle","2.33","3.44","3.18","1.04","8.20","1.32","3.26","2.14","1.78","3.70","1.26","6.80","1.06","1.82","1.97"
"72070","07-05-16 16:00","Scotland","Premiership","2015/2016","Hearts","Ross County","1.82","3.82","4.48","1.04","13.00","1.21","4.20","1.80","2.10","2.86","1.40","5.20","1.12","1.66","2.19"
"72071","07-05-16 16:00","Scotland","Premiership","2015/2016","Motherwell","St Johnstone","2.76","3.34","2.69","1.03","8.80","1.27","3.62","2.00","1.88","3.32","1.31","6.10","1.09","1.75","2.05"
"72072","06-05-16 20:45","Scotland","Premiership","2015/2016","Inverness","Dundee Utd","1.53","4.40","5.80","1.05","11.00","1.23","3.80","1.85","2.00","3.04","1.34","5.40","1.10","1.80","1.85"
"72073","02-05-16 20:45","Scotland","Premiership","2015/2016","Dundee FC","Dundee Utd","2.26","3.68","3.22","1.04","13.00","1.21","4.20","1.79","2.13","2.82","1.41","5.10","1.13","1.60","2.34"
"72074","30-04-16 16:00","Scotland","Premiership","2015/2016","Hamilton","Kilmarnock","2.14","3.52","3.68","1.03","9.00","1.28","3.60","2.02","1.89","3.38","1.31","6.30","1.09","1.74","2.09"
"72075","30-04-16 16:00","Scotland","Premiership","2015/2016","Partick Thistle","Inverness","2.74","3.20","2.89","1.07","6.80","1.45","2.73","2.57","1.57","4.74","1.18","9.00","1.03","2.00","1.78"
"72076","30-04-16 16:00","Scotland","Premiership","2015/2016","Aberdeen","Motherwell","1.58","4.40","6.20","1.04","13.00","1.20","4.44","1.75","2.20","2.75","1.44","4.90","1.14","1.74","2.09"
"72077","30-04-16 16:00","Scotland","Premiership","2015/2016","Ross County","St Johnstone","2.30","3.58","3.24","1.03","9.30","1.27","3.68","1.97","1.93","3.26","1.33","6.00","1.10","1.71","2.14"
"72078","30-04-16 13:30","Scotland","Premiership","2015/2016","Hearts","Celtic","5.40","4.32","1.65","1.03","15.00","1.17","5.00","1.65","2.38","2.50","1.52","4.40","1.17","1.61","2.28"
"72079","24-04-16 16:00","Scotland","Premiership","2015/2016","Dundee Utd","Hamilton","1.96","3.75","4.05","1.05","12.00","1.23","4.10","1.84","2.07","2.95","1.39","5.30","1.12","1.66","2.22"
"72080","24-04-16 16:00","Scotland","Premiership","2015/2016","Celtic","Ross County","1.15","8.40","17.70","1.02","19.00","1.06","7.00","1.35","3.15","2.00","1.90","3.26","1.33","1.92","1.88"
"72081","24-04-16 13:30","Scotland","Premiership","2015/2016","Inverness","Kilmarnock","1.99","3.64","4.05","1.04","8.60","1.31","3.38","2.12","1.81","3.60","1.28","6.80","1.07","1.85","1.95"
"72082","23-04-16 16:00","Scotland","Premiership","2015/2016","Partick Thistle","Dundee FC","2.59","3.42","2.90","1.04","8.60","1.31","3.38","2.12","1.81","3.60","1.28","6.80","1.07","1.78","2.04"
"72083","23-04-16 16:00","Scotland","Premiership","2015/2016","Motherwell","Hearts","3.50","3.50","2.21","1.03","9.50","1.25","3.86","1.94","1.96","3.15","1.35","5.80","1.10","1.66","2.21"
"72084","22-04-16 20:45","Scotland","Premiership","2015/2016","St Johnstone","Aberdeen","4.44","3.60","1.90","1.03","9.00","1.28","3.60","2.03","1.88","3.38","1.31","6.30","1.09","1.88","1.92"
"72085","12-04-16 20:45","Scotland","Premiership","2015/2016","Inverness","Hearts","2.74","3.40","2.75","1.04","8.00","1.35","3.15","2.23","1.73","3.86","1.25","7.30","1.06","1.86","1.94"
"72086","09-04-16 16:00","Scotland","Premiership","2015/2016","Dundee Utd","Inverness","2.11","3.54","3.80","1.03","8.70","1.30","3.46","2.08","1.83","3.52","1.29","6.60","1.08","1.79","2.02"
"72087","09-04-16 16:00","Scotland","Premiership","2015/2016","Hamilton","Dundee FC","3.01","3.54","2.47","1.02","9.40","1.26","3.78","1.96","1.94","3.24","1.33","6.00","1.10","1.68","2.19"
"72088","09-04-16 16:00","Scotland","Premiership","2015/2016","Kilmarnock","St Johnstone","2.69","3.38","2.82","1.05","7.80","1.37","3.04","2.31","1.69","4.10","1.23","7.80","1.05","1.90","1.90"
"72089","09-04-16 16:00","Scotland","Premiership","2015/2016","Ross County","Partick Thistle","2.09","3.64","3.75","1.02","9.60","1.25","3.86","1.92","1.98","3.15","1.35","5.80","1.10","1.69","2.17"
"72090","09-04-16 13:30","Scotland","Premiership","2015/2016","Motherwell","Celtic","7.70","5.20","1.43","1.02","17.00","1.14","5.50","1.57","2.57","2.35","1.58","4.05","1.20","1.70","2.14"
"72091","08-04-16 20:45","Scotland","Premiership","2015/2016","Hearts","Aberdeen","3.30","3.52","2.30","1.03","9.00","1.28","3.60","2.00","1.90","3.32","1.32","6.10","1.09","1.72","2.12"
"72092","05-04-16 20:45","Scotland","Premiership","2015/2016","Dundee FC","Celtic","8.20","5.20","1.40","1.02","15.00","1.12","5.90","1.53","2.69","2.23","1.64","3.80","1.22","1.66","2.22"
"72093","05-04-16 20:45","Scotland","Premiership","2015/2016","Partick Thistle","Dundee Utd","2.67","3.50","2.76","1.04","8.60","1.32","3.32","2.12","1.81","3.60","1.28","6.80","1.07","1.75","2.02"
"72094","03-04-16 13:30","Scotland","Premiership","2015/2016","Aberdeen","Hamilton","1.47","4.75","7.60","1.05","11.00","1.22","4.15","1.83","2.09","2.95","1.39","5.30","1.12","2.00","1.75"
"72095","02-04-16 16:00","Scotland","Premiership","2015/2016","Dundee FC","Ross County","2.40","3.60","3.04","1.05","11.00","1.24","3.96","1.87","2.04","2.99","1.38","5.50","1.11","1.67","2.20"
"72096","02-04-16 16:00","Scotland","Premiership","2015/2016","Inverness","Motherwell","2.32","3.45","3.35","1.04","8.00","1.35","3.15","2.24","1.73","3.96","1.24","7.50","1.05","1.88","1.92"
"72097","02-04-16 16:00","Scotland","Premiership","2015/2016","Partick Thistle","Kilmarnock","1.96","3.68","4.20","1.04","8.30","1.32","3.32","2.15","1.79","3.68","1.27","7.00","1.07","1.95","1.84"
"72098","02-04-16 16:00","Scotland","Premiership","2015/2016","St Johnstone","Dundee Utd","2.34","3.60","3.15","1.03","8.70","1.31","3.38","2.08","1.83","3.56","1.28","6.60","1.08","1.80","2.01"
"72099","02-04-16 13:30","Scotland","Premiership","2015/2016","Celtic","Hearts","1.32","5.60","11.50","1.03","15.00","1.15","5.30","1.61","2.47","2.44","1.54","4.30","1.18","1.95","1.81"
"72100","20-03-16 13:30","Scotland","Premiership","2015/2016","Dundee Utd","Dundee FC","2.54","3.50","2.91","1.05","11.00","1.22","4.15","1.83","2.08","2.90","1.40","5.20","1.12","1.58","2.38"
"72101","19-03-16 16:00","Scotland","Premiership","2015/2016","Hamilton","Partick Thistle","2.77","3.28","2.82","1.04","8.00","1.44","2.75","2.54","1.58","4.75","1.18","8.70","1.03","2.04","1.78"
"72102","19-03-16 16:00","Scotland","Premiership","2015/2016","Hearts","St Johnstone","1.79","3.70","5.20","1.04","8.30","1.31","3.38","2.14","1.79","3.68","1.27","7.00","1.07","1.91","1.89"
"72103","19-03-16 16:00","Scotland","Premiership","2015/2016","Motherwell","Aberdeen","5.30","3.95","1.72","1.05","11.00","1.24","3.96","1.89","2.01","3.08","1.36","5.60","1.11","1.77","2.05"
"72104","19-03-16 16:00","Scotland","Premiership","2015/2016","Ross County","Inverness","2.17","3.40","3.75","1.05","7.80","1.36","3.08","2.30","1.69","4.10","1.23","7.80","1.05","1.92","1.88"
"72105","19-03-16 13:30","Scotland","Premiership","2015/2016","Kilmarnock","Celtic","14.00","6.70","1.25","1.01","21.00","1.09","6.30","1.42","2.82","2.16","1.78","3.60","1.28","1.95","1.76"
"72106","16-03-16 20:45","Scotland","Premiership","2015/2016","St Johnstone","Ross County","2.43","3.39","3.13","1.03","8.70","1.30","3.46","2.07","1.84","3.46","1.30","6.40","1.08","1.75","2.08"
"72107","12-03-16 16:00","Scotland","Premiership","2015/2016","Aberdeen","Kilmarnock","1.38","5.10","9.60","1.05","12.00","1.20","4.45","1.78","2.16","2.86","1.41","5.20","1.12","2.00","1.80"
"72108","12-03-16 16:00","Scotland","Premiership","2015/2016","Dundee FC","Hearts","2.77","3.48","2.69","1.04","8.30","1.32","3.32","2.13","1.80","3.68","1.27","6.80","1.07","1.75","2.00"
"72109","12-03-16 16:00","Scotland","Premiership","2015/2016","Inverness","Hamilton","2.25","3.40","3.55","1.05","7.80","1.36","3.10","2.28","1.71","3.96","1.24","7.50","1.05","1.90","1.90"
"72110","12-03-16 13:30","Scotland","Premiership","2015/2016","Partick Thistle","Celtic","8.50","5.10","1.41","1.04","13.00","1.21","4.30","1.77","2.17","2.82","1.42","5.10","1.13","1.99","1.82"
"72111","11-03-16 20:45","Scotland","Premiership","2015/2016","Motherwell","Dundee Utd","2.22","3.75","3.30","1.05","11.00","1.24","3.96","1.86","2.05","2.99","1.38","5.50","1.11","1.66","2.22"
"72112","09-03-16 20:45","Scotland","Premiership","2015/2016","St Johnstone","Inverness","2.36","3.30","3.40","1.03","9.00","1.42","2.82","2.48","1.61","4.60","1.19","8.70","1.04","2.01","1.80"
"72113","08-03-16 20:45","Scotland","Premiership","2015/2016","Partick Thistle","Aberdeen","3.85","3.38","2.14","1.05","7.50","1.38","2.99","2.36","1.66","4.20","1.22","8.00","1.04","1.95","1.83"
"72114","05-03-16 16:00","Scotland","Premiership","2015/2016","Hamilton","Motherwell","2.42","3.42","3.17","1.04","8.30","1.33","3.24","2.19","1.76","3.78","1.26","7.00","1.07","1.84","1.96"
"72115","05-03-16 16:00","Scotland","Premiership","2015/2016","Hearts","Partick Thistle","1.94","3.58","4.40","1.05","7.80","1.36","3.10","2.27","1.71","3.96","1.24","7.50","1.05","1.98","1.83"
"72116","02-03-16 20:45","Scotland","Premiership","2015/2016","Celtic","Dundee FC","1.19","8.00","18.00","1.02","21.00","1.08","6.40","1.39","2.95","2.10","1.82","3.52","1.29","1.97","1.83"
"72117","02-03-16 20:45","Scotland","Premiership","2015/2016","Dundee Utd","Aberdeen","3.73","3.67","2.07","1.05","11.00","1.24","3.96","1.88","2.03","3.04","1.37","5.50","1.11","1.66","2.22"
"72118","02-03-16 20:45","Scotland","Premiership","2015/2016","St Johnstone","Partick Thistle","2.48","3.30","3.14","1.05","7.50","1.43","2.78","2.52","1.59","4.60","1.19","8.70","1.03","2.00","1.79"
"72119","01-03-16 20:45","Scotland","Premiership","2015/2016","Hearts","Inverness","1.92","3.58","4.55","1.01","11.00","1.29","3.52","1.90","1.85","3.46","1.30","6.40","1.08","1.81","2.00"
"72120","01-03-16 20:45","Scotland","Premiership","2015/2016","Kilmarnock","Ross County","3.35","3.40","2.34","1.05","12.00","1.22","4.15","1.84","2.07","2.90","1.40","5.30","1.12","1.58","2.38"
"72121","27-02-16 16:00","Scotland","Premiership","2015/2016","Aberdeen","St Johnstone","1.64","4.05","6.00","1.04","8.60","1.31","3.38","2.12","1.81","3.68","1.27","6.80","1.07","2.04","1.78"
"72122","27-02-16 16:00","Scotland","Premiership","2015/2016","Dundee FC","Inverness","2.56","3.42","2.96","1.04","8.30","1.33","3.26","2.18","1.77","3.78","1.26","7.00","1.07","1.83","1.97"
"72123","27-02-16 16:00","Scotland","Premiership","2015/2016","Hearts","Kilmarnock","1.55","4.45","6.60","1.05","12.00","1.22","4.20","1.81","2.11","2.90","1.40","5.30","1.12","1.80","1.97"
"72124","27-02-16 16:00","Scotland","Premiership","2015/2016","Motherwell","Partick Thistle","2.67","3.30","2.90","1.05","7.50","1.40","2.90","2.40","1.64","4.30","1.21","8.10","1.04","1.93","1.87"
"72125","27-02-16 16:00","Scotland","Premiership","2015/2016","Ross County","Dundee Utd","2.01","3.80","3.85","1.04","13.00","1.22","4.15","1.82","2.10","2.90","1.40","5.20","1.12","1.65","2.24"
"72126","26-02-16 20:45","Scotland","Premiership","2015/2016","Hamilton","Celtic","12.50","6.40","1.26","1.02","17.00","1.12","5.90","1.53","2.68","2.27","1.62","3.92","1.21","1.89","1.91"
"72127","23-02-16 20:45","Scotland","Premiership","2015/2016","Partick Thistle","St Johnstone","2.32","3.20","3.60","1.07","7.00","1.42","2.82","2.49","1.60","4.60","1.19","8.70","1.04","2.00","1.81"
"72128","20-02-16 16:00","Scotland","Premiership","2015/2016","Celtic","Inverness","1.21","7.80","14.50","1.02","17.00","1.13","5.80","1.52","2.72","2.25","1.63","3.80","1.22","2.08","1.75"
"72129","20-02-16 16:00","Scotland","Premiership","2015/2016","Dundee Utd","Hearts","3.30","3.50","2.31","1.05","12.50","1.26","3.78","1.95","1.95","3.20","1.34","5.80","1.10","1.70","2.15"
"72130","20-02-16 16:00","Scotland","Premiership","2015/2016","Kilmarnock","Dundee FC","3.06","3.60","2.39","1.05","11.00","1.23","4.10","1.85","2.06","2.95","1.39","5.30","1.12","1.66","2.22"
"72131","20-02-16 16:00","Scotland","Premiership","2015/2016","Ross County","Hamilton","1.80","3.88","4.80","1.06","12.50","1.26","3.78","1.95","1.95","3.24","1.33","6.00","1.10","1.76","2.06"
"72132","20-02-16 16:00","Scotland","Premiership","2015/2016","St Johnstone","Motherwell","2.18","3.50","3.60","1.04","8.30","1.33","3.26","2.17","1.77","3.78","1.26","7.00","1.07","1.89","1.91"
"72133","16-02-16 20:45","Scotland","Premiership","2015/2016","Dundee Utd","Motherwell","2.04","3.75","3.75","1.04","13.00","1.21","4.30","1.79","2.14","2.82","1.42","5.10","1.13","1.67","2.21"
"72134","15-02-16 20:45","Scotland","Premiership","2015/2016","Inverness","Aberdeen","4.45","3.55","1.94","1.04","8.00","1.30","3.45","2.20","1.75","3.85","1.25","7.30","1.06","1.95","1.83"
"72135","13-02-16 16:00","Scotland","Premiership","2015/2016","Celtic","Ross County","1.25","6.80","13.50","1.02","19.00","1.10","6.70","1.44","3.00","2.05","1.75","3.40","1.27","1.79","2.02"
"72136","13-02-16 16:00","Scotland","Premiership","2015/2016","Hamilton","Dundee Utd","2.57","3.55","2.84","1.04","13.00","1.21","4.30","1.80","2.13","2.82","1.42","5.10","1.13","1.57","2.40"
"72137","13-02-16 16:00","Scotland","Premiership","2015/2016","Motherwell","Kilmarnock","1.90","3.85","4.20","1.03","9.30","1.27","3.65","1.97","1.93","3.25","1.33","6.10","1.09","1.79","2.02"
"72138","12-02-16 20:45","Scotland","Premiership","2015/2016","Dundee FC","St Johnstone","2.60","3.35","2.95","1.03","9.00","1.28","3.55","2.05","1.86","3.35","1.31","6.40","1.08","1.74","2.10"
"72139","10-02-16 20:45","Scotland","Premiership","2015/2016","Ross County","Hearts","2.32","3.50","3.25","1.05","11.00","1.23","4.10","1.86","2.05","2.95","1.39","5.30","1.12","1.60","2.34"
"72140","06-02-16 16:00","Scotland","Premiership","2015/2016","St Johnstone","Aberdeen","3.85","3.50","2.06","1.04","8.30","1.32","3.30","2.13","1.80","3.65","1.27","6.80","1.07","1.78","2.04"
"72141","03-02-16 20:45","Scotland","Premiership","2015/2016","Aberdeen","Celtic","4.45","3.95","1.84","1.04","13.00","1.20","4.45","1.76","2.19","2.75","1.44","4.90","1.14","1.63","2.28"
"72142","02-02-16 20:45","Scotland","Premiership","2015/2016","Partick Thistle","Motherwell","2.15","3.50","3.70","1.03","9.00","1.28","3.55","2.03","1.88","3.35","1.31","6.30","1.09","1.76","2.06"
"72143","30-01-16 16:00","Scotland","Premiership","2015/2016","Dundee FC","Motherwell","2.27","3.65","3.25","1.05","11.00","1.24","3.95","1.87","2.04","2.99","1.38","5.50","1.11","1.64","2.26"
"72144","30-01-16 16:00","Scotland","Premiership","2015/2016","Kilmarnock","Hamilton","2.85","3.55","2.56","1.05","12.50","1.26","3.75","1.93","1.97","3.15","1.35","5.80","1.10","1.62","2.20"
"72145","24-01-16 13:45","Scotland","Premiership","2015/2016","Hamilton","Hearts","4.05","3.75","1.96","1.05","12.00","1.23","4.10","1.86","2.05","2.99","1.38","5.50","1.11","1.68","2.19"
"72146","23-01-16 16:00","Scotland","Premiership","2015/2016","Celtic","St Johnstone","1.29","6.10","12.00","1.02","19.00","1.13","5.80","1.54","2.66","2.28","1.62","3.90","1.21","2.15","1.70"
"72147","23-01-16 16:00","Scotland","Premiership","2015/2016","Dundee Utd","Kilmarnock","1.98","3.85","3.90","1.03","15.00","1.20","4.45","1.75","2.20","2.73","1.44","4.85","1.14","1.57","2.34"
"72148","23-01-16 16:00","Scotland","Premiership","2015/2016","Inverness","Partick Thistle","2.38","3.35","3.30","1.06","7.30","1.40","2.90","2.42","1.64","4.30","1.21","8.40","1.04","1.90","1.82"
"72149","23-01-16 16:00","Scotland","Premiership","2015/2016","Motherwell","Ross County","2.67","3.60","2.69","1.04","13.00","1.24","3.95","1.87","2.04","2.99","1.38","5.50","1.11","1.61","2.28"
"72150","22-01-16 20:45","Scotland","Premiership","2015/2016","Aberdeen","Dundee FC","1.57","4.40","6.30","1.04","13.00","1.21","4.30","1.80","2.13","2.86","1.41","5.20","1.12","1.72","2.01"
"72151","19-01-16 20:45","Scotland","Premiership","2015/2016","Celtic","Hamilton","1.18","8.50","18.00","1.02","19.00","1.08","6.60","1.35","3.15","2.05","1.86","3.35","1.31","1.99","1.82"
"72152","17-01-16 13:15","Scotland","Premiership","2015/2016","Ross County","Aberdeen","3.40","3.50","2.26","1.03","9.30","1.27","3.65","1.97","1.93","3.20","1.33","6.00","1.10","1.69","2.17"
"72153","16-01-16 16:00","Scotland","Premiership","2015/2016","Hearts","Motherwell","1.85","3.80","4.55","1.03","11.00","1.24","3.95","1.89","2.01","3.08","1.36","5.60","1.11","1.73","1.99"
"72154","16-01-16 16:00","Scotland","Premiership","2015/2016","Kilmarnock","Inverness","3.75","3.60","2.10","1.03","8.70","1.30","3.45","2.07","1.84","3.50","1.29","6.60","1.08","1.80","2.01"
"72155","16-01-16 16:00","Scotland","Premiership","2015/2016","Partick Thistle","Dundee FC","2.14","3.40","3.85","1.04","8.30","1.33","3.25","2.19","1.76","3.75","1.26","7.00","1.07","1.83","1.95"
"72156","16-01-16 16:00","Scotland","Premiership","2015/2016","St Johnstone","Hamilton","1.83","3.95","4.50","1.03","9.00","1.28","3.55","2.00","1.90","3.35","1.31","6.30","1.09","1.83","1.94"
"72157","15-01-16 20:45","Scotland","Premiership","2015/2016","Dundee Utd","Celtic","10.50","5.70","1.32","1.01","17.00","1.13","5.80","1.54","2.66","2.28","1.62","3.90","1.21","1.85","1.88"
"72158","02-01-16 16:00","Scotland","Premiership","2015/2016","Celtic","Partick Thistle","1.29","6.40","11.00","1.02","17.00","1.13","5.10","1.54","2.44","2.49","1.60","4.30","1.21","2.06","1.76"
"72159","02-01-16 16:00","Scotland","Premiership","2015/2016","Inverness","Ross County","2.80","3.45","2.66","1.04","8.00","1.34","3.20","2.19","1.76","3.75","1.26","7.00","1.07","1.85","1.95"
"72160","02-01-16 16:00","Scotland","Premiership","2015/2016","Kilmarnock","Hearts","4.95","3.95","1.76","1.05","12.00","1.23","4.10","1.85","2.06","2.99","1.38","5.50","1.11","1.72","2.12"
"72161","02-01-16 16:00","Scotland","Premiership","2015/2016","Motherwell","Hamilton","2.25","3.55","3.40","1.04","8.60","1.31","3.35","2.11","1.81","3.60","1.28","6.80","1.07","1.81","2.00"
"72162","02-01-16 13:30","Scotland","Premiership","2015/2016","Dundee FC","Dundee Utd","2.62","3.40","2.88","1.05","11.00","1.23","4.10","1.86","2.05","2.95","1.39","5.30","1.12","1.59","2.36"
"72163","30-12-15 20:45","Scotland","Premiership","2015/2016","Aberdeen","Partick Thistle","1.63","4.15","5.90","1.04","8.70","1.31","3.35","2.09","1.83","3.60","1.28","6.80","1.07","2.04","1.78"
"72164","30-12-15 20:45","Scotland","Premiership","2015/2016","Hearts","Dundee Utd","1.80","3.85","4.80","1.05","12.00","1.23","4.10","1.85","2.06","2.99","1.38","5.30","1.12","1.71","2.14"
"72165","30-12-15 20:45","Scotland","Premiership","2015/2016","Motherwell","St Johnstone","2.97","3.50","2.49","1.04","8.60","1.31","3.35","2.11","1.81","3.60","1.28","6.80","1.07","1.80","2.01"
"72166","30-12-15 16:00","Scotland","Premiership","2015/2016","Hamilton","Inverness","2.57","3.45","2.91","1.04","8.00","1.36","3.10","2.26","1.72","3.95","1.24","7.50","1.05","1.89","1.91"
"72167","29-12-15 20:45","Scotland","Premiership","2015/2016","Ross County","Kilmarnock","1.43","4.90","8.10","1.03","15.00","1.17","5.00","1.65","2.38","2.52","1.51","4.50","1.17","1.75","2.08"
"72168","27-12-15 15:00","Scotland","Premiership","2015/2016","Hearts","Celtic","6.00","4.40","1.59","1.04","13.00","1.18","4.75","1.70","2.29","2.61","1.48","4.70","1.15","1.73","2.11"
"72169","26-12-15 16:00","Scotland","Premiership","2015/2016","Aberdeen","Inverness","1.57","4.20","6.80","1.03","9.00","1.28","3.55","2.04","1.87","3.45","1.30","6.40","1.08","2.01","1.80"
"72170","26-12-15 16:00","Scotland","Premiership","2015/2016","Hamilton","Kilmarnock","1.84","3.80","4.60","1.04","13.00","1.22","4.20","1.83","2.09","2.90","1.40","5.30","1.12","1.67","2.21"
"72171","26-12-15 16:00","Scotland","Premiership","2015/2016","Ross County","Dundee FC","2.06","3.60","3.85","1.03","9.30","1.27","3.65","1.98","1.92","3.25","1.33","6.10","1.09","1.74","2.09"
"72172","19-12-15 16:00","Scotland","Premiership","2015/2016","Celtic","Motherwell","1.20","8.20","15.00","1.01","21.00","1.08","6.40","1.38","2.99","2.07","1.84","3.35","1.31","2.26","1.64"
"72173","19-12-15 16:00","Scotland","Premiership","2015/2016","Dundee FC","Hamilton","2.50","3.40","3.05","1.04","8.30","1.32","3.30","2.15","1.79","3.65","1.27","6.80","1.07","1.80","2.01"
"72174","19-12-15 16:00","Scotland","Premiership","2015/2016","Inverness","Dundee Utd","2.33","3.60","3.16","1.03","9.00","1.29","3.50","2.03","1.88","3.35","1.31","6.30","1.09","1.75","2.08"
"72175","19-12-15 16:00","Scotland","Premiership","2015/2016","Kilmarnock","Aberdeen","5.90","4.00","1.66","1.03","9.30","1.27","3.65","1.99","1.91","3.30","1.32","6.30","1.09","1.93","1.87"
"72176","19-12-15 16:00","Scotland","Premiership","2015/2016","Partick Thistle","Ross County","2.70","3.50","2.73","1.04","8.30","1.33","3.25","2.16","1.78","3.75","1.26","7.00","1.07","1.82","1.99"
"72177","19-12-15 16:00","Scotland","Premiership","2015/2016","St Johnstone","Hearts","2.65","3.55","2.75","1.03","8.70","1.31","3.35","2.08","1.83","3.55","1.28","6.60","1.08","1.79","2.02"
"72178","13-12-15 13:30","Scotland","Premiership","2015/2016","St Johnstone","Celtic","7.00","4.60","1.51","1.04","13.00","1.20","4.45","1.77","2.17","2.82","1.42","5.10","1.13","2.01","1.80"
"72179","12-12-15 16:00","Scotland","Premiership","2015/2016","Dundee Utd","Partick Thistle","2.54","3.55","2.88","1.05","12.00","1.24","3.95","1.87","2.04","2.99","1.38","5.50","1.11","1.70","2.15"
"72180","12-12-15 16:00","Scotland","Premiership","2015/2016","Hamilton","Ross County","2.63","3.45","2.84","1.03","8.70","1.30","3.45","2.08","1.83","3.50","1.29","6.60","1.08","1.77","2.05"
"72181","12-12-15 16:00","Scotland","Premiership","2015/2016","Inverness","Kilmarnock","1.87","3.80","4.50","1.03","9.00","1.28","3.55","2.03","1.88","3.45","1.30","6.30","1.09","1.83","1.97"
"72182","12-12-15 16:00","Scotland","Premiership","2015/2016","Motherwell","Dundee FC","2.45","3.50","3.04","1.04","8.60","1.31","3.35","2.10","1.82","3.55","1.28","6.60","1.08","1.79","2.02"
"72183","12-12-15 13:30","Scotland","Premiership","2015/2016","Aberdeen","Hearts","2.08","3.70","3.65","1.03","8.70","1.31","3.35","2.08","1.83","3.55","1.28","6.60","1.08","1.83","1.97"
"72184","05-12-15 16:00","Scotland","Premiership","2015/2016","Kilmarnock","Dundee Utd","2.78","3.70","2.55","1.05","12.00","1.22","4.15","1.82","2.10","2.90","1.40","5.20","1.12","1.62","2.30"
"72185","05-12-15 16:00","Scotland","Premiership","2015/2016","Ross County","St Johnstone","2.32","3.55","3.25","1.03","8.70","1.30","3.45","2.08","1.83","3.50","1.29","6.60","1.08","1.79","2.02"
"72186","05-12-15 13:30","Scotland","Premiership","2015/2016","Dundee FC","Aberdeen","4.15","3.60","1.99","1.04","8.30","1.32","3.30","2.20","1.75","3.65","1.27","6.80","1.07","1.85","1.95"
"72187","29-11-15 13:15","Scotland","Premiership","2015/2016","Inverness","Celtic","9.70","5.30","1.37","1.04","13.00","1.20","4.45","1.76","2.19","2.82","1.42","5.10","1.13","2.09","1.74"
"72188","28-11-15 16:00","Scotland","Premiership","2015/2016","Aberdeen","Ross County","1.85","3.75","4.65","1.03","8.70","1.30","3.45","2.07","1.84","3.50","1.29","6.60","1.08","1.88","1.92"
"72189","28-11-15 16:00","Scotland","Premiership","2015/2016","Dundee Utd","Hamilton","2.59","3.55","2.82","1.05","11.00","1.25","3.85","1.90","2.00","3.10","1.36","5.60","1.11","1.64","2.26"
"72190","28-11-15 16:00","Scotland","Premiership","2015/2016","Kilmarnock","Partick Thistle","2.67","3.50","2.76","1.04","8.30","1.32","3.30","2.13","1.80","3.65","1.27","6.80","1.07","1.81","2.00"
"72191","28-11-15 16:00","Scotland","Premiership","2015/2016","Motherwell","Hearts","3.95","3.55","2.05","1.03","8.70","1.29","3.50","2.06","1.85","3.45","1.30","6.40","1.08","1.80","2.01"
"72192","27-11-15 20:45","Scotland","Premiership","2015/2016","St Johnstone","Dundee FC","1.92","3.70","4.30","1.02","9.40","1.26","3.75","1.95","1.95","3.20","1.34","6.00","1.10","1.74","2.09"
"72193","22-11-15 13:30","Scotland","Premiership","2015/2016","Hamilton","Aberdeen","3.80","3.50","2.12","1.03","9.00","1.28","3.60","2.03","1.88","3.35","1.31","6.30","1.09","1.75","2.08"
"72194","21-11-15 16:00","Scotland","Premiership","2015/2016","Celtic","Kilmarnock","1.12","11.00","28.00","1.01","21.00","1.04","8.10","1.25","3.85","1.73","2.24","2.68","1.46","2.30","1.62"
"72195","21-11-15 16:00","Scotland","Premiership","2015/2016","Dundee Utd","St Johnstone","3.14","3.60","2.34","1.01","11.00","1.24","3.95","1.87","2.04","2.99","1.38","5.50","1.11","1.63","2.28"
"72196","21-11-15 16:00","Scotland","Premiership","2015/2016","Hearts","Dundee FC","1.73","4.00","5.20","1.02","10.00","1.24","3.95","1.89","2.01","3.10","1.36","5.60","1.11","1.78","2.04"
"72197","21-11-15 16:00","Scotland","Premiership","2015/2016","Partick Thistle","Inverness","2.33","3.35","3.40","1.07","7.00","1.44","2.75","2.52","1.59","4.60","1.19","8.70","1.03","2.06","1.76"
"72198","21-11-15 16:00","Scotland","Premiership","2015/2016","Ross County","Motherwell","1.80","3.80","4.90","1.03","9.30","1.26","3.75","1.97","1.93","3.25","1.33","6.10","1.09","1.80","2.01"
"72199","08-11-15 16:30","Scotland","Premiership","2015/2016","Ross County","Celtic","9.00","5.50","1.37","1.03","15.00","1.12","5.90","1.53","2.69","2.25","1.63","3.80","1.22","1.82","1.99"
"72200","07-11-15 16:00","Scotland","Premiership","2015/2016","Aberdeen","Dundee Utd","1.48","4.75","7.40","1.04","13.00","1.19","4.60","1.74","2.22","2.75","1.44","4.90","1.14","1.83","1.98"
"72201","07-11-15 16:00","Scotland","Premiership","2015/2016","Dundee FC","Partick Thistle","2.42","3.40","3.17","1.04","8.30","1.32","3.30","2.15","1.79","3.65","1.27","6.80","1.07","1.79","2.02"
"72202","07-11-15 16:00","Scotland","Premiership","2015/2016","Hearts","Hamilton","2.01","3.75","3.90","1.05","12.00","1.22","4.15","1.83","2.08","2.95","1.39","5.30","1.12","1.65","2.24"
"72203","07-11-15 16:00","Scotland","Premiership","2015/2016","Motherwell","Inverness","2.44","3.45","3.10","1.07","7.00","1.43","2.78","2.48","1.61","4.60","1.19","8.70","1.04","2.06","1.76"
"72204","07-11-15 16:00","Scotland","Premiership","2015/2016","St Johnstone","Kilmarnock","1.67","4.20","5.40","1.04","13.00","1.21","4.30","1.78","2.16","2.82","1.42","5.10","1.13","1.73","2.11"
"72205","31-10-15 16:00","Scotland","Premiership","2015/2016","Dundee Utd","Ross County","3.18","3.60","2.32","1.05","12.00","1.23","4.10","1.85","2.06","2.95","1.39","5.30","1.12","1.63","2.28"
"72206","31-10-15 16:00","Scotland","Premiership","2015/2016","Hamilton","St Johnstone","2.30","3.50","3.30","1.04","8.00","1.33","3.25","2.16","1.78","3.75","1.26","7.40","1.06","1.84","1.96"
"72207","31-10-15 16:00","Scotland","Premiership","2015/2016","Inverness","Dundee FC","2.20","3.50","3.55","1.04","8.30","1.33","3.25","2.17","1.77","3.75","1.26","7.40","1.06","1.85","1.95"
"72208","31-10-15 16:00","Scotland","Premiership","2015/2016","Kilmarnock","Motherwell","2.58","3.50","2.86","1.01","11.00","1.25","3.85","1.92","1.98","3.15","1.35","5.80","1.10","1.65","2.24"
"72209","31-10-15 16:00","Scotland","Premiership","2015/2016","Partick Thistle","Hearts","2.73","3.40","2.76","1.04","8.30","1.32","3.30","2.14","1.79","3.65","1.27","7.00","1.07","1.79","2.02"
"72210","31-10-15 13:30","Scotland","Premiership","2015/2016","Celtic","Aberdeen","1.37","5.20","9.90","1.03","15.00","1.15","5.30","1.62","2.45","2.46","1.53","4.30","1.18","1.80","2.01"
"72211","25-10-15 16:00","Scotland","Premiership","2015/2016","Celtic","Dundee Utd","1.14","8.90","18.00","1.01","18.00","1.06","7.30","1.33","3.25","1.94","1.96","3.15","1.35","1.92","1.88"
"72212","24-10-15 16:00","Scotland","Premiership","2015/2016","Aberdeen","Motherwell","1.47","4.70","7.60","1.02","9.50","1.25","3.85","1.92","1.98","3.20","1.34","6.00","1.10","2.05","1.77"
"72213","24-10-15 16:00","Scotland","Premiership","2015/2016","Dundee FC","Kilmarnock","1.89","3.85","4.25","1.05","12.00","1.22","4.20","1.81","2.11","2.86","1.41","5.20","1.12","1.65","2.24"
"72214","24-10-15 16:00","Scotland","Premiership","2015/2016","Hearts","Ross County","2.29","3.50","3.30","1.01","11.50","1.26","3.75","1.94","1.96","3.15","1.35","5.80","1.10","1.68","2.19"
"72215","24-10-15 16:00","Scotland","Premiership","2015/2016","Inverness","St Johnstone","2.57","3.40","2.93","1.04","8.00","1.36","3.10","2.26","1.72","3.95","1.24","7.80","1.05","1.87","1.93"
"72216","24-10-15 16:00","Scotland","Premiership","2015/2016","Partick Thistle","Hamilton","2.57","3.35","2.95","1.04","8.30","1.32","3.30","2.15","1.79","3.65","1.27","7.00","1.07","1.79","2.02"
"72217","18-10-15 13:15","Scotland","Premiership","2015/2016","Dundee Utd","Hearts","2.64","3.75","2.64","1.04","13.00","1.22","4.20","1.80","2.13","2.86","1.41","5.10","1.13","1.61","2.32"
"72218","17-10-15 16:00","Scotland","Premiership","2015/2016","Hamilton","Dundee FC","2.07","3.65","3.75","1.02","9.40","1.26","3.75","1.95","1.95","3.20","1.34","6.00","1.10","1.73","2.11"
"72219","17-10-15 16:00","Scotland","Premiership","2015/2016","Kilmarnock","Inverness","4.15","3.50","2.01","1.03","9.30","1.26","3.75","1.98","1.92","3.25","1.33","6.10","1.09","1.72","2.12"
"72220","17-10-15 16:00","Scotland","Premiership","2015/2016","St Johnstone","Partick Thistle","2.07","3.55","3.85","1.05","7.50","1.40","2.90","2.38","1.65","4.30","1.21","8.70","1.04","2.04","1.78"
"72221","17-10-15 13:00","Scotland","Premiership","2015/2016","Motherwell","Celtic","12.00","6.10","1.29","1.02","17.00","1.14","5.50","1.57","2.57","2.35","1.58","4.15","1.19","1.90","1.90"
"72222","16-10-15 20:45","Scotland","Premiership","2015/2016","Ross County","Aberdeen","4.25","3.50","1.99","1.03","9.00","1.27","3.65","2.02","1.89","3.30","1.32","6.40","1.08","1.75","2.08"
"72223","04-10-15 13:30","Scotland","Premiership","2015/2016","Hamilton","Celtic","11.00","5.50","1.33","1.03","15.00","1.14","5.50","1.59","2.52","2.40","1.56","4.15","1.19","1.90","1.90"
"72224","03-10-15 16:00","Scotland","Premiership","2015/2016","Aberdeen","St Johnstone","1.56","4.30","6.70","1.03","9.30","1.27","3.65","1.98","1.92","3.30","1.32","6.10","1.09","2.00","1.81"
"72225","03-10-15 16:00","Scotland","Premiership","2015/2016","Dundee FC","Motherwell","2.07","3.65","3.75","1.03","9.00","1.28","3.60","2.00","1.90","3.30","1.32","6.10","1.09","1.77","2.05"
"72226","03-10-15 16:00","Scotland","Premiership","2015/2016","Hearts","Kilmarnock","1.54","4.65","6.30","1.02","17.00","1.16","5.10","1.63","2.43","2.46","1.53","4.30","1.18","1.67","2.21"
"72227","03-10-15 16:00","Scotland","Premiership","2015/2016","Partick Thistle","Dundee Utd","2.25","3.55","3.35","1.03","8.70","1.31","3.35","2.09","1.83","3.55","1.28","6.80","1.07","1.80","2.01"
"72228","03-10-15 16:00","Scotland","Premiership","2015/2016","Ross County","Inverness","2.26","3.60","3.30","1.04","8.30","1.33","3.25","2.15","1.79","3.65","1.27","7.20","1.07","1.86","1.94"
"72229","26-09-15 16:00","Scotland","Premiership","2015/2016","Celtic","Hearts","1.26","6.90","12.00","1.01","21.00","1.10","6.90","1.43","3.06","2.03","1.77","3.30","1.28","1.79","2.02"
"72230","26-09-15 16:00","Scotland","Premiership","2015/2016","Dundee FC","Ross County","2.64","3.55","2.74","1.03","9.00","1.29","3.50","2.04","1.87","3.45","1.30","6.40","1.08","1.75","2.08"
"72231","26-09-15 16:00","Scotland","Premiership","2015/2016","Inverness","Aberdeen","4.15","3.55","2.00","1.04","8.00","1.34","3.20","2.21","1.75","3.85","1.25","7.60","1.05","1.91","1.89"
"72232","26-09-15 16:00","Scotland","Premiership","2015/2016","Kilmarnock","Hamilton","3.60","3.55","2.16","1.03","8.70","1.30","3.45","2.07","1.84","3.50","1.29","6.60","1.08","1.78","2.04"
"72233","26-09-15 16:00","Scotland","Premiership","2015/2016","Motherwell","Partick Thistle","2.64","3.45","2.80","1.05","7.50","1.39","2.95","2.35","1.67","4.20","1.22","8.40","1.04","1.95","1.85"
"72234","26-09-15 16:00","Scotland","Premiership","2015/2016","St Johnstone","Dundee Utd","2.04","3.65","3.85","1.02","9.50","1.25","3.85","1.93","1.97","3.15","1.35","5.80","1.10","1.71","2.14"
"72235","20-09-15 16:00","Scotland","Premiership","2015/2016","Celtic","Dundee FC","1.21","7.30","17.00","1.02","17.00","1.12","6.10","1.52","2.72","2.25","1.63","3.90","1.21","2.06","1.76"
"72236","20-09-15 15:15","Scotland","Premiership","2015/2016","Hearts","Aberdeen","3.45","3.45","2.26","1.04","8.60","1.31","3.35","2.12","1.81","3.60","1.28","7.00","1.07","1.80","2.01"
"72237","19-09-15 16:00","Scotland","Premiership","2015/2016","Dundee Utd","Inverness","2.39","3.50","3.12","1.02","9.40","1.26","3.75","1.96","1.94","3.20","1.34","6.00","1.10","1.67","2.20"
"72238","19-09-15 16:00","Scotland","Premiership","2015/2016","Hamilton","Motherwell","2.20","3.50","3.55","1.04","8.30","1.32","3.30","2.16","1.78","3.65","1.27","7.20","1.07","1.84","1.96"
"72239","19-09-15 16:00","Scotland","Premiership","2015/2016","Kilmarnock","St Johnstone","4.20","3.70","1.94","1.05","11.00","1.24","3.95","1.89","2.01","3.08","1.36","5.60","1.11","1.70","2.15"
"72240","19-09-15 16:00","Scotland","Premiership","2015/2016","Ross County","Partick Thistle","2.02","3.55","4.05","1.04","8.30","1.32","3.30","2.16","1.78","3.65","1.27","7.20","1.07","1.87","1.93"
"72241","15-09-15 20:45","Scotland","Premiership","2015/2016","Aberdeen","Hamilton","1.43","5.10","7.70","1.04","13.00","1.23","4.10","1.82","2.10","2.95","1.39","5.30","1.12","2.04","1.78"
"72242","12-09-15 16:00","Scotland","Premiership","2015/2016","Dundee Utd","Kilmarnock","1.69","4.20","5.20","1.01","12.00","1.19","4.60","1.74","2.22","2.71","1.45","4.85","1.14","1.68","2.19"
"72243","12-09-15 16:00","Scotland","Premiership","2015/2016","Motherwell","Ross County","2.73","3.55","2.65","1.02","9.40","1.26","3.75","1.94","1.96","3.20","1.34","5.90","1.10","1.68","2.19"
"72244","12-09-15 16:00","Scotland","Premiership","2015/2016","Partick Thistle","Dundee FC","2.68","3.40","2.80","1.04","8.00","1.36","3.10","2.25","1.72","3.95","1.24","7.80","1.05","1.88","1.92"
"72245","12-09-15 16:00","Scotland","Premiership","2015/2016","St Johnstone","Hamilton","2.18","3.40","3.70","1.04","8.60","1.30","3.45","2.10","1.82","3.55","1.28","6.80","1.07","1.77","2.05"
"72246","12-09-15 13:30","Scotland","Premiership","2015/2016","Aberdeen","Celtic","4.10","3.60","1.99","1.04","8.60","1.31","3.35","2.11","1.81","3.60","1.28","7.00","1.07","1.85","1.95"
"72247","11-09-15 20:45","Scotland","Premiership","2015/2016","Inverness","Hearts","2.78","3.30","2.77","1.05","7.80","1.37","3.04","2.32","1.68","4.10","1.23","8.10","1.04","1.89","1.91"
"72248","29-08-15 16:00","Scotland","Premiership","2015/2016","Celtic","St Johnstone","1.22","7.00","16.00","1.02","17.00","1.15","4.75","1.55","2.42","2.43","1.63","4.10","1.23","2.20","1.67"
"72249","29-08-15 16:00","Scotland","Premiership","2015/2016","Dundee FC","Inverness","2.24","3.45","3.50","1.05","8.10","1.36","3.08","2.22","1.74","3.95","1.24","6.80","1.07","1.83","1.97"
"72250","29-08-15 16:00","Scotland","Premiership","2015/2016","Hamilton","Hearts","3.45","3.50","2.23","1.06","10.00","1.35","3.15","2.14","1.79","3.70","1.27","6.40","1.08","1.78","2.04"
"72251","29-08-15 16:00","Scotland","Premiership","2015/2016","Motherwell","Kilmarnock","1.87","3.75","4.50","1.03","9.60","1.27","3.70","1.90","2.00","3.10","1.36","5.30","1.12","1.74","2.10"
"72252","29-08-15 16:00","Scotland","Premiership","2015/2016","Partick Thistle","Aberdeen","5.10","3.70","1.79","1.07","9.00","1.38","3.00","2.24","1.73","4.10","1.23","7.30","1.06","1.99","1.82"
"72253","29-08-15 16:00","Scotland","Premiership","2015/2016","Ross County","Dundee Utd","2.13","3.60","3.60","1.02","9.60","1.25","3.85","1.92","1.98","3.15","1.35","5.80","1.10","1.69","2.17"
"72254","22-08-15 16:00","Scotland","Premiership","2015/2016","Aberdeen","Dundee FC","1.56","4.35","6.50","1.03","9.60","1.27","3.70","1.90","2.00","3.10","1.36","5.30","1.12","1.89","1.91"
"72255","22-08-15 16:00","Scotland","Premiership","2015/2016","Hearts","Partick Thistle","1.84","3.75","4.65","1.04","8.40","1.32","3.30","2.04","1.87","3.45","1.30","6.30","1.09","1.83","1.97"
"72256","22-08-15 16:00","Scotland","Premiership","2015/2016","Inverness","Hamilton","2.17","3.45","3.65","1.05","7.80","1.36","3.08","2.20","1.75","3.95","1.24","6.80","1.07","1.89","1.91"
"72257","22-08-15 16:00","Scotland","Premiership","2015/2016","Kilmarnock","Ross County","3.10","3.50","2.40","1.04","8.40","1.30","3.45","1.99","1.91","3.30","1.32","6.00","1.10","1.71","2.14"
"72258","22-08-15 16:00","Scotland","Premiership","2015/2016","St Johnstone","Motherwell","2.18","3.50","3.60","1.05","7.80","1.36","3.08","2.22","1.74","3.95","1.24","6.80","1.07","1.83","1.97"
"72259","22-08-15 13:00","Scotland","Premiership","2015/2016","Dundee Utd","Celtic","7.90","5.00","1.39","1.02","19.00","1.17","4.95","1.57","2.57","2.38","1.57","3.90","1.21","1.70","2.15"
"72260","15-08-15 16:00","Scotland","Premiership","2015/2016","Celtic","Inverness","1.17","7.70","24.00","1.03","15.00","1.15","5.30","1.53","2.68","2.28","1.62","3.70","1.23","2.75","1.45"
"72261","15-08-15 16:00","Scotland","Premiership","2015/2016","Dundee FC","St Johnstone","2.30","3.35","3.45","1.07","7.50","1.41","2.86","2.39","1.65","4.45","1.20","7.80","1.05","1.91","1.89"
"72262","15-08-15 16:00","Scotland","Premiership","2015/2016","Hamilton","Dundee Utd","2.75","3.40","2.73","1.05","8.00","1.36","3.10","2.19","1.76","3.85","1.25","6.80","1.07","1.78","2.04"
"72263","15-08-15 16:00","Scotland","Premiership","2015/2016","Motherwell","Aberdeen","5.10","3.70","1.80","1.04","8.40","1.33","3.25","2.06","1.85","3.50","1.29","6.30","1.09","1.89","1.91"
"72264","15-08-15 16:00","Scotland","Premiership","2015/2016","Partick Thistle","Kilmarnock","1.97","3.75","4.00","1.04","8.40","1.35","3.15","2.14","1.79","3.70","1.27","6.40","1.08","1.82","1.99"
"72265","15-08-15 16:00","Scotland","Premiership","2015/2016","Ross County","Hearts","2.74","3.40","2.73","1.05","8.00","1.36","3.10","2.17","1.77","3.85","1.25","6.80","1.07","1.79","2.02"
"72266","12-08-15 20:45","Scotland","Premiership","2015/2016","Hearts","Motherwell","2.04","3.60","3.90","1.03","9.10","1.27","3.70","1.91","1.99","3.15","1.35","5.50","1.11","1.71","2.14"
"72267","12-08-15 20:45","Scotland","Premiership","2015/2016","Inverness","Partick Thistle","2.64","3.30","2.91","1.07","7.00","1.41","2.86","2.38","1.65","4.45","1.20","7.80","1.05","1.89","1.91"
"72268","12-08-15 20:45","Scotland","Premiership","2015/2016","Kilmarnock","Celtic","23.00","8.80","1.15","1.02","17.00","1.14","5.50","1.50","2.79","2.23","1.64","3.60","1.24","2.31","1.62"
"72269","11-08-15 20:45","Scotland","Premiership","2015/2016","Dundee Utd","Dundee FC","2.39","3.40","3.20","1.04","8.40","1.33","3.25","2.05","1.86","3.50","1.29","6.30","1.09","1.73","2.11"
"72270","11-08-15 20:45","Scotland","Premiership","2015/2016","St Johnstone","Ross County","2.42","2.84","3.25","1.07","6.80","1.43","2.79","2.46","1.62","4.60","1.19","8.40","1.04","1.94","1.86"
"72271","09-08-15 16:00","Scotland","Premiership","2015/2016","Aberdeen","Kilmarnock","1.33","5.40","11.50","1.01","11.00","1.25","3.85","1.83","2.08","3.00","1.38","5.10","1.13","2.24","1.65"
"72272","09-08-15 13:30","Scotland","Premiership","2015/2016","Partick Thistle","Celtic","12.50","6.00","1.29","1.01","12.50","1.22","4.20","1.72","2.25","2.75","1.44","4.55","1.16","2.15","1.70"
"72273","08-08-15 16:00","Scotland","Premiership","2015/2016","Dundee FC","Hearts","2.68","3.50","2.73","1.04","8.00","1.34","3.20","2.12","1.81","3.70","1.27","6.40","1.08","1.81","2.00"
"72274","08-08-15 16:00","Scotland","Premiership","2015/2016","Motherwell","Dundee Utd","2.71","3.50","2.70","1.04","8.40","1.29","3.50","1.96","1.94","3.25","1.33","5.80","1.10","1.67","2.21"
"72275","08-08-15 16:00","Scotland","Premiership","2015/2016","Ross County","Hamilton","2.04","3.45","4.10","1.04","8.00","1.34","3.20","2.09","1.83","3.70","1.27","6.40","1.08","1.83","1.98"
"72276","08-08-15 16:00","Scotland","Premiership","2015/2016","St Johnstone","Inverness","2.28","3.35","3.50","1.08","6.80","1.48","2.61","2.56","1.58","4.90","1.17","8.70","1.03","2.01","1.80"
"72277","02-08-15 16:30","Scotland","Premiership","2015/2016","Dundee Utd","Aberdeen","3.80","3.55","2.08","1.04","8.40","1.33","3.25","2.07","1.84","3.50","1.29","6.30","1.09","1.78","2.04"
"72278","02-08-15 13:30","Scotland","Premiership","2015/2016","Hearts","St Johnstone","2.02","3.50","4.10","1.06","7.30","1.39","2.95","2.35","1.67","4.30","1.21","7.80","1.05","1.99","1.82"
"72279","01-08-15 16:00","Scotland","Premiership","2015/2016","Hamilton","Partick Thistle","2.75","3.40","2.72","1.06","10.00","1.34","3.20","2.10","1.82","3.70","1.27","6.40","1.08","1.76","2.06"
"72280","01-08-15 16:00","Scotland","Premiership","2015/2016","Inverness","Motherwell","1.88","3.60","4.65","1.03","9.10","1.34","3.20","2.11","1.81","3.70","1.27","6.40","1.08","1.88","1.92"
"72281","01-08-15 16:00","Scotland","Premiership","2015/2016","Kilmarnock","Dundee FC","2.57","3.40","2.93","1.04","8.00","1.35","3.15","2.13","1.80","3.70","1.27","6.40","1.08","1.76","2.06"
"72282","01-08-15 13:45","Scotland","Premiership","2015/2016","Celtic","Ross County","1.20","7.80","16.00","1.02","19.00","1.12","5.30","1.42","2.82","2.25","1.72","3.70","1.27","2.08","1.75"