"id","matchDate","Country","League","Season","homeTeam","awayTeam","H","D","A","O05","U05","O15","U15","O25","U25","O35","U35","O45","U45","BTTSY","BTTSN"
"60749","14-08-15 21:30","Portugal","Liga Portugal","2015/2016","Tondela","Sporting CP","14.00","5.30","1.31","1.04","13.00","1.32","3.30","2.04","1.87","3.45","1.30","6.30","1.09","2.69","1.47"
"60748","15-08-15 19:30","Portugal","Liga Portugal","2015/2016","BSAD","Rio Ave","2.29","3.10","3.75","1.07","7.00","1.57","2.38","2.85","1.48","5.50","1.14","10.50","1.02","2.15","1.70"
"60747","15-08-15 21:45","Portugal","Liga Portugal","2015/2016","FC Porto","Vitoria Guimaraes","1.19","8.30","16.00","1.01","11.50","1.25","3.85","1.84","2.07","3.00","1.38","5.10","1.13","3.10","1.37"
"60745","16-08-15 17:00","Portugal","Liga Portugal","2015/2016","U. Madeira","Maritimo","3.25","3.20","2.48","1.07","7.00","1.43","2.79","2.40","1.64","4.60","1.19","8.40","1.04","1.92","1.88"
"60746","16-08-15 17:00","Portugal","Liga Portugal","2015/2016","Vitoria Setubal","Boavista","2.52","3.10","3.30","1.11","6.00","1.62","2.28","3.06","1.43","6.10","1.12","10.50","1.02","2.19","1.68"
"60744","16-08-15 18:00","Portugal","Liga Portugal","2015/2016","Moreirense","Arouca","2.37","3.10","3.60","1.08","6.50","1.55","2.42","2.78","1.50","5.30","1.15","9.50","1.02","2.11","1.73"
"60743","16-08-15 19:15","Portugal","Liga Portugal","2015/2016","Braga","Nacional","1.77","3.65","5.40","1.04","8.00","1.38","3.00","2.23","1.73","4.10","1.23","7.30","1.06","2.02","1.79"
"60742","16-08-15 21:30","Portugal","Liga Portugal","2015/2016","Benfica","Estoril","1.22","6.00","13.00","1.02","10.50","1.27","3.70","1.89","2.01","3.10","1.36","5.30","1.12","2.43","1.56"
"60741","17-08-15 21:00","Portugal","Liga Portugal","2015/2016","Pacos Ferreira","Academica","1.92","3.35","4.85","1.07","7.50","1.43","2.79","2.43","1.63","4.60","1.19","8.40","1.04","2.08","1.75"
"60740","21-08-15 21:30","Portugal","Liga Portugal","2015/2016","Rio Ave","Braga","3.50","3.20","2.36","1.07","8.00","1.41","2.86","2.36","1.66","4.45","1.20","7.80","1.05","1.93","1.87"
"60739","22-08-15 19:30","Portugal","Liga Portugal","2015/2016","Sporting CP","Pacos Ferreira","1.34","5.30","11.50","1.03","14.00","1.27","3.70","1.89","2.01","3.10","1.36","5.30","1.12","2.28","1.63"
"60738","22-08-15 21:45","Portugal","Liga Portugal","2015/2016","Maritimo","FC Porto","8.10","4.80","1.44","1.04","11.00","1.33","3.25","2.07","1.84","3.50","1.29","6.30","1.09","2.15","1.70"
"60734","23-08-15 18:00","Portugal","Liga Portugal","2015/2016","Boavista","Tondela","2.14","3.20","4.10","1.09","7.00","1.55","2.42","2.78","1.50","5.30","1.15","9.50","1.02","2.14","1.71"
"60735","23-08-15 18:00","Portugal","Liga Portugal","2015/2016","Estoril","Moreirense","1.92","3.25","5.10","1.07","7.00","1.55","2.42","2.78","1.50","5.30","1.15","9.50","1.02","2.26","1.64"
"60736","23-08-15 18:00","Portugal","Liga Portugal","2015/2016","Nacional","U. Madeira","1.90","3.55","4.60","1.06","8.00","1.39","2.95","2.32","1.68","4.30","1.21","7.80","1.05","1.99","1.82"
"60737","23-08-15 18:00","Portugal","Liga Portugal","2015/2016","Vitoria Guimaraes","BSAD","1.98","3.40","4.40","1.07","8.00","1.43","2.79","2.40","1.64","4.60","1.19","8.40","1.04","2.01","1.80"
"60733","23-08-15 20:15","Portugal","Liga Portugal","2015/2016","Arouca","Benfica","10.00","5.10","1.30","1.04","13.00","1.30","3.45","1.98","1.92","3.30","1.32","6.00","1.10","2.28","1.63"
"60732","24-08-15 21:00","Portugal","Liga Portugal","2015/2016","Academica","Vitoria Setubal","2.29","3.10","3.75","1.10","6.50","1.59","2.33","2.93","1.46","5.80","1.13","10.50","1.02","2.17","1.69"
"60731","29-08-15 17:15","Portugal","Liga Portugal","2015/2016","Vitoria Setubal","Rio Ave","2.58","3.10","3.17","1.08","6.60","1.45","2.71","2.62","1.55","4.90","1.17","8.70","1.03","2.15","1.70"
"60730","29-08-15 19:30","Portugal","Liga Portugal","2015/2016","FC Porto","Estoril","1.19","8.00","17.00","1.03","15.00","1.23","4.10","1.79","2.15","2.90","1.40","5.10","1.13","2.62","1.49"
"60729","29-08-15 21:45","Portugal","Liga Portugal","2015/2016","Benfica","Moreirense","1.14","9.30","25.00","1.01","11.50","1.17","5.00","1.69","2.31","2.64","1.47","4.50","1.17","3.12","1.36"
"60728","30-08-15 17:00","Portugal","Liga Portugal","2015/2016","Tondela","Nacional","3.25","3.05","2.58","1.08","6.60","1.45","2.71","2.62","1.55","4.75","1.18","9.80","1.02","2.02","1.79"
"60726","30-08-15 18:00","Portugal","Liga Portugal","2015/2016","Braga","Boavista","1.73","3.60","5.90","1.07","7.00","1.41","2.86","2.49","1.60","4.60","1.19","9.40","1.02","2.22","1.66"
"60727","30-08-15 18:00","Portugal","Liga Portugal","2015/2016","Pacos Ferreira","Arouca","2.10","3.25","4.15","1.07","6.80","1.44","2.75","2.57","1.57","4.75","1.18","9.80","1.02","2.09","1.74"
"60725","30-08-15 20:15","Portugal","Liga Portugal","2015/2016","Academica","Sporting CP","9.30","5.20","1.38","1.04","8.30","1.33","3.20","2.13","1.80","3.75","1.26","7.40","1.06","2.48","1.54"
"60724","31-08-15 20:00","Portugal","Liga Portugal","2015/2016","BSAD","Maritimo","2.83","3.00","2.95","1.09","6.10","1.52","2.50","2.85","1.48","5.50","1.14","12.50","1.01","2.15","1.70"
"60723","31-08-15 22:00","Portugal","Liga Portugal","2015/2016","U. Madeira","Vitoria Guimaraes","3.14","3.05","2.64","1.07","6.80","1.50","2.55","2.78","1.50","5.30","1.15","9.80","1.02","2.14","1.71"
"60722","11-09-15 21:30","Portugal","Liga Portugal","2015/2016","Benfica","BSAD","1.28","6.20","12.00","1.01","11.50","1.20","4.45","1.75","2.20","2.82","1.42","5.10","1.13","2.31","1.62"
"60721","12-09-15 19:30","Portugal","Liga Portugal","2015/2016","Estoril","Braga","3.40","3.25","2.37","1.05","7.50","1.39","2.95","2.38","1.65","4.30","1.21","8.70","1.04","1.94","1.86"
"60720","12-09-15 21:45","Portugal","Liga Portugal","2015/2016","Arouca","FC Porto","10.00","4.90","1.39","1.03","8.70","1.28","3.55","2.04","1.87","3.50","1.29","6.80","1.07","2.34","1.60"
"60717","13-09-15 17:00","Portugal","Liga Portugal","2015/2016","Maritimo","Vitoria Setubal","1.92","3.45","4.65","1.07","7.00","1.42","2.82","2.49","1.60","4.60","1.19","9.40","1.02","2.12","1.72"
"60718","13-09-15 17:00","Portugal","Liga Portugal","2015/2016","Moreirense","U. Madeira","2.17","3.30","3.85","1.08","6.60","1.46","2.68","2.62","1.55","4.90","1.17","9.40","1.02","2.14","1.71"
"60719","13-09-15 17:00","Portugal","Liga Portugal","2015/2016","Nacional","Academica","1.76","3.50","5.90","1.07","6.80","1.44","2.75","2.60","1.56","4.90","1.17","10.00","1.02","2.28","1.63"
"60716","13-09-15 18:00","Portugal","Liga Portugal","2015/2016","Vitoria Guimaraes","Tondela","1.94","3.40","4.65","1.07","6.80","1.44","2.75","2.57","1.57","4.75","1.18","9.80","1.02","2.17","1.69"
"60715","13-09-15 20:15","Portugal","Liga Portugal","2015/2016","Rio Ave","Sporting CP","7.90","4.60","1.47","1.05","11.00","1.23","4.10","1.86","2.05","3.04","1.37","5.60","1.11","1.94","1.86"
"60714","14-09-15 21:00","Portugal","Liga Portugal","2015/2016","Boavista","Pacos Ferreira","3.18","3.05","2.62","1.07","6.80","1.43","2.78","2.57","1.57","4.75","1.18","9.80","1.02","1.99","1.82"
"60713","18-09-15 21:30","Portugal","Liga Portugal","2015/2016","Vitoria Setubal","Vitoria Guimaraes","2.70","3.05","3.06","1.06","7.30","1.40","2.90","2.46","1.62","4.45","1.20","9.00","1.03","1.92","1.88"
"60712","19-09-15 17:00","Portugal","Liga Portugal","2015/2016","Tondela","Estoril","2.98","3.05","2.76","1.07","6.80","1.44","2.73","2.60","1.56","4.75","1.18","9.80","1.02","2.02","1.79"
"60711","19-09-15 21:45","Portugal","Liga Portugal","2015/2016","Pacos Ferreira","Rio Ave","2.27","3.25","3.65","1.05","7.50","1.38","2.99","2.38","1.65","4.20","1.22","8.40","1.04","1.94","1.86"
"60709","20-09-15 17:00","Portugal","Liga Portugal","2015/2016","Academica","Boavista","2.85","2.85","3.11","1.14","4.90","1.73","2.08","3.60","1.33","7.40","1.09","15.00","1.02","2.56","1.51"
"60710","20-09-15 17:00","Portugal","Liga Portugal","2015/2016","U. Madeira","Arouca","2.64","2.95","3.30","1.09","6.10","1.51","2.52","2.93","1.46","5.30","1.15","12.50","1.01","2.14","1.71"
"60708","20-09-15 20:15","Portugal","Liga Portugal","2015/2016","FC Porto","Benfica","1.95","3.60","4.30","1.04","8.00","1.41","2.86","2.38","1.65","4.45","1.20","9.00","1.03","2.11","1.73"
"60707","21-09-15 19:00","Portugal","Liga Portugal","2015/2016","BSAD","Moreirense","2.09","3.05","4.60","1.10","5.80","1.57","2.38","3.06","1.43","5.90","1.12","14.00","1.01","2.36","1.59"
"60706","21-09-15 20:00","Portugal","Liga Portugal","2015/2016","Braga","Maritimo","2.02","3.45","4.20","1.04","8.00","1.33","3.25","2.20","1.75","3.75","1.26","7.60","1.05","1.88","1.92"
"60705","21-09-15 22:00","Portugal","Liga Portugal","2015/2016","Sporting CP","Nacional","1.29","6.20","11.50","1.02","17.00","1.16","5.10","1.62","2.46","2.47","1.53","4.30","1.18","2.01","1.80"
"60704","25-09-15 21:30","Portugal","Liga Portugal","2015/2016","Moreirense","FC Porto","16.00","6.70","1.19","1.05","12.50","1.26","3.75","1.91","1.99","3.20","1.34","5.90","1.10","2.77","1.44"
"60703","26-09-15 19:30","Portugal","Liga Portugal","2015/2016","Benfica","Pacos Ferreira","1.26","6.60","12.50","1.01","11.50","1.22","4.20","1.78","2.16","2.86","1.41","5.10","1.13","2.53","1.52"
"60702","26-09-15 21:45","Portugal","Liga Portugal","2015/2016","Boavista","Sporting CP","8.30","4.55","1.46","1.03","8.70","1.29","3.50","2.06","1.85","3.55","1.28","6.80","1.07","2.20","1.50"
"60700","27-09-15 17:00","Portugal","Liga Portugal","2015/2016","Maritimo","Tondela","1.63","3.85","6.60","1.04","8.60","1.30","3.45","2.13","1.80","3.65","1.27","7.20","1.07","1.98","1.83"
"60701","27-09-15 17:00","Portugal","Liga Portugal","2015/2016","Nacional","Vitoria Setubal","1.87","3.60","4.70","1.04","8.00","1.34","3.20","2.22","1.74","3.85","1.25","7.60","1.05","1.95","1.85"
"60698","27-09-15 18:00","Portugal","Liga Portugal","2015/2016","Arouca","BSAD","2.54","2.90","3.50","1.09","6.10","1.52","2.50","2.89","1.47","5.50","1.14","12.50","1.01","2.14","1.71"
"60699","27-09-15 18:00","Portugal","Liga Portugal","2015/2016","Estoril","U. Madeira","1.87","3.30","5.40","1.07","7.00","1.41","2.86","2.52","1.59","4.60","1.19","9.40","1.02","2.11","1.73"
"60697","27-09-15 20:15","Portugal","Liga Portugal","2015/2016","Vitoria Guimaraes","Braga","3.45","3.04","2.48","1.06","7.30","1.39","2.95","2.43","1.63","4.30","1.21","9.00","1.03","1.90","1.90"
"60696","28-09-15 21:00","Portugal","Liga Portugal","2015/2016","Rio Ave","Academica","1.58","3.65","5.90","1.07","7.00","1.42","2.82","2.49","1.60","4.60","1.19","9.40","1.02","2.26","1.64"
"60695","02-10-15 21:30","Portugal","Liga Portugal","2015/2016","Vitoria Setubal","Estoril","2.22","3.20","3.17","1.05","7.80","1.34","3.20","2.29","1.70","3.95","1.24","7.80","1.05","1.85","1.95"
"60693","03-10-15 17:00","Portugal","Liga Portugal","2015/2016","Pacos Ferreira","Nacional","2.22","3.30","3.70","1.05","7.50","1.39","2.95","2.38","1.65","4.30","1.21","8.70","1.04","1.92","1.88"
"60694","03-10-15 17:00","Portugal","Liga Portugal","2015/2016","Tondela","Moreirense","2.54","3.16","3.17","1.08","6.60","1.48","2.61","2.69","1.53","5.00","1.17","10.50","1.01","2.12","1.72"
"60692","03-10-15 19:30","Portugal","Liga Portugal","2015/2016","Academica","Maritimo","3.70","3.25","2.24","1.05","7.50","1.37","3.04","2.35","1.67","4.15","1.22","8.10","1.04","1.92","1.88"
"60691","03-10-15 21:45","Portugal","Liga Portugal","2015/2016","Rio Ave","Boavista","2.28","3.02","3.90","1.08","6.60","1.46","2.68","2.69","1.53","5.00","1.17","10.50","1.01","2.08","1.75"
"60690","04-10-15 19:00","Portugal","Liga Portugal","2015/2016","Braga","Arouca","1.61","3.90","6.80","1.04","8.00","1.33","3.25","2.20","1.75","3.85","1.25","7.60","1.05","2.09","1.74"
"60689","04-10-15 19:15","Portugal","Liga Portugal","2015/2016","FC Porto","BSAD","1.17","8.80","18.00","1.01","12.00","1.19","4.60","1.66","2.36","2.58","1.49","4.40","1.17","3.10","1.37"
"60688","04-10-15 21:30","Portugal","Liga Portugal","2015/2016","Sporting CP","Vitoria Guimaraes","1.29","6.10","12.00","1.01","12.50","1.18","4.75","1.69","2.30","2.68","1.46","4.75","1.15","2.19","1.68"
"60687","23-10-15 21:30","Portugal","Liga Portugal","2015/2016","Nacional","Boavista","1.83","3.30","4.35","1.07","6.80","1.45","2.71","2.60","1.56","4.75","1.18","9.80","1.02","2.14","1.71"
"60686","24-10-15 17:15","Portugal","Liga Portugal","2015/2016","Maritimo","Pacos Ferreira","1.97","3.65","4.20","1.04","8.30","1.33","3.25","2.16","1.78","3.75","1.26","7.40","1.06","1.90","1.90"
"60685","24-10-15 19:30","Portugal","Liga Portugal","2015/2016","Estoril","Rio Ave","2.34","3.15","3.60","1.08","6.60","1.45","2.71","2.62","1.55","4.90","1.17","9.30","1.03","2.06","1.76"
"60684","24-10-15 21:45","Portugal","Liga Portugal","2015/2016","Vitoria Guimaraes","Academica","1.79","3.55","5.50","1.06","7.30","1.40","2.90","2.45","1.62","4.45","1.20","9.40","1.02","2.15","1.70"
"60682","25-10-15 17:00","Portugal","Liga Portugal","2015/2016","Arouca","Tondela","2.08","3.25","4.30","1.07","7.00","1.43","2.78","2.54","1.58","4.60","1.19","9.40","1.02","2.08","1.75"
"60683","25-10-15 17:00","Portugal","Liga Portugal","2015/2016","Moreirense","Vitoria Setubal","2.46","3.20","3.30","1.07","6.80","1.44","2.73","2.57","1.57","4.75","1.18","9.80","1.02","1.99","1.82"
"60681","25-10-15 18:00","Portugal","Liga Portugal","2015/2016","Benfica","Sporting CP","2.38","3.30","3.35","1.04","8.00","1.36","3.10","2.29","1.70","3.95","1.24","7.80","1.05","1.88","1.92"
"60680","25-10-15 20:15","Portugal","Liga Portugal","2015/2016","FC Porto","Braga","1.31","4.00","9.00","1.02","9.50","1.24","3.95","1.92","1.90","3.20","1.34","6.00","1.10","2.11","1.73"
"60679","26-10-15 21:00","Portugal","Liga Portugal","2015/2016","BSAD","U. Madeira","2.19","2.76","3.35","1.07","7.00","1.44","2.75","2.57","1.57","4.75","1.18","9.80","1.02","2.06","1.76"
"60678","30-10-15 21:30","Portugal","Liga Portugal","2015/2016","Tondela","Benfica","16.00","6.50","1.22","1.02","9.40","1.26","3.75","1.92","1.98","3.25","1.33","6.10","1.09","2.77","1.44"
"60677","31-10-15 17:15","Portugal","Liga Portugal","2015/2016","Braga","BSAD","1.53","4.20","7.60","1.04","8.30","1.32","3.30","2.16","1.78","3.75","1.26","7.60","1.05","2.19","1.68"
"60676","31-10-15 21:45","Portugal","Liga Portugal","2015/2016","Sporting CP","Estoril","1.21","6.50","18.00","1.04","13.00","1.17","5.00","1.68","2.32","2.64","1.47","4.85","1.14","2.24","1.65"
"60673","01-11-15 17:00","Portugal","Liga Portugal","2015/2016","Academica","Moreirense","2.57","3.00","3.35","1.09","6.10","1.53","2.47","2.89","1.47","5.50","1.14","12.50","1.01","2.17","1.69"
"60674","01-11-15 17:00","Portugal","Liga Portugal","2015/2016","Rio Ave","Nacional","2.17","3.30","3.85","1.05","7.50","1.38","2.99","2.38","1.65","4.30","1.21","8.70","1.04","1.94","1.86"
"60675","01-11-15 17:00","Portugal","Liga Portugal","2015/2016","Vitoria Setubal","Arouca","2.27","3.10","3.85","1.08","6.60","1.45","2.71","2.62","1.55","4.90","1.17","9.80","1.02","2.05","1.77"
"60672","01-11-15 20:15","Portugal","Liga Portugal","2015/2016","Boavista","Maritimo","2.74","3.00","3.08","1.09","6.30","1.50","2.55","2.78","1.50","5.30","1.15","10.50","1.01","2.11","1.73"
"60671","02-11-15 21:00","Portugal","Liga Portugal","2015/2016","Pacos Ferreira","Vitoria Guimaraes","2.29","3.25","3.60","1.05","7.80","1.36","3.08","2.32","1.68","4.10","1.23","8.10","1.04","1.89","1.91"
"60670","06-11-15 21:30","Portugal","Liga Portugal","2015/2016","Estoril","Academica","1.82","3.45","5.50","1.05","7.50","1.38","2.99","2.38","1.65","4.30","1.21","8.40","1.04","2.05","1.77"
"60669","07-11-15 21:45","Portugal","Liga Portugal","2015/2016","Vitoria Guimaraes","Nacional","2.27","3.20","3.70","1.07","7.00","1.42","2.82","2.49","1.60","4.60","1.19","8.70","1.04","1.99","1.82"
"60666","08-11-15 17:00","Portugal","Liga Portugal","2015/2016","Benfica","Boavista","1.18","7.60","17.00","1.04","8.70","1.36","3.10","2.06","1.85","3.45","1.30","6.00","1.10","3.50","1.30"
"60667","08-11-15 17:00","Portugal","Liga Portugal","2015/2016","Maritimo","Rio Ave","2.27","3.25","3.65","1.05","7.50","1.38","2.99","2.38","1.65","4.20","1.22","8.00","1.04","1.94","1.86"
"60668","08-11-15 17:00","Portugal","Liga Portugal","2015/2016","Moreirense","Pacos Ferreira","3.30","3.10","2.52","1.08","6.60","1.45","2.71","2.62","1.55","4.90","1.17","9.40","1.02","2.05","1.77"
"60665","08-11-15 19:15","Portugal","Liga Portugal","2015/2016","FC Porto","Vitoria Setubal","1.12","9.20","32.00","1.01","15.00","1.13","5.80","1.55","2.62","2.38","1.57","4.15","1.19","2.95","1.40"
"60664","08-11-15 21:30","Portugal","Liga Portugal","2015/2016","Arouca","Sporting CP","9.20","5.00","1.38","1.05","12.00","1.22","4.15","1.83","2.08","2.99","1.38","5.50","1.11","2.05","1.77"
"60663","09-11-15 20:00","Portugal","Liga Portugal","2015/2016","BSAD","Tondela","1.98","3.35","4.45","1.07","7.00","1.44","2.73","2.60","1.56","4.90","1.17","9.40","1.02","2.17","1.69"
"60662","09-11-15 22:00","Portugal","Liga Portugal","2015/2016","U. Madeira","Braga","5.90","3.85","1.66","1.04","8.00","1.33","3.20","2.20","1.75","3.85","1.25","7.30","1.06","2.06","1.76"
"60661","27-11-15 21:30","Portugal","Liga Portugal","2015/2016","Nacional","Maritimo","2.54","3.25","3.10","1.05","7.50","1.38","2.99","2.34","1.67","4.15","1.22","7.80","1.05","1.80","2.01"
"60660","28-11-15 18:00","Portugal","Liga Portugal","2015/2016","Vitoria Setubal","U. Madeira","2.03","3.35","4.30","1.07","7.00","1.42","2.82","2.49","1.60","4.60","1.19","8.70","1.04","2.08","1.75"
"60659","28-11-15 19:30","Portugal","Liga Portugal","2015/2016","Boavista","Vitoria Guimaraes","2.75","3.00","3.06","1.10","5.80","1.56","2.40","3.00","1.44","5.80","1.13","12.50","1.04","2.26","1.64"
"60658","28-11-15 21:45","Portugal","Liga Portugal","2015/2016","Tondela","FC Porto","20.00","8.00","1.18","1.05","11.00","1.20","4.45","1.75","2.21","2.82","1.42","5.10","1.13","3.10","1.37"
"60656","29-11-15 17:00","Portugal","Liga Portugal","2015/2016","Academica","Arouca","2.67","3.00","3.18","1.09","6.10","1.52","2.50","2.85","1.48","5.50","1.14","13.00","1.04","2.15","1.70"
"60657","29-11-15 17:00","Portugal","Liga Portugal","2015/2016","Rio Ave","Moreirense","1.87","3.45","5.10","1.07","6.80","1.45","2.71","2.60","1.56","4.90","1.17","9.40","1.02","2.24","1.65"
"60655","29-11-15 20:15","Portugal","Liga Portugal","2015/2016","Pacos Ferreira","Estoril","2.20","3.25","3.85","1.06","7.30","1.41","2.86","2.47","1.61","4.45","1.20","8.70","1.04","2.00","1.81"
"60654","30-11-15 20:00","Portugal","Liga Portugal","2015/2016","Sporting CP","BSAD","1.16","8.70","19.00","1.03","15.00","1.16","5.10","1.59","2.52","2.42","1.55","4.15","1.19","2.53","1.52"
"60653","30-11-15 22:00","Portugal","Liga Portugal","2015/2016","Braga","Benfica","2.90","3.25","2.66","1.05","7.50","1.40","2.90","2.40","1.64","4.30","1.21","8.10","1.04","1.96","1.84"
"60652","02-12-15 21:00","Portugal","Liga Portugal","2015/2016","U. Madeira","FC Porto","13.50","5.80","1.28","1.03","9.30","1.26","3.75","1.95","1.95","3.30","1.32","6.10","1.09","2.50","1.53"
"60651","04-12-15 21:30","Portugal","Liga Portugal","2015/2016","Benfica","Academica","1.14","7.70","22.00","1.05","12.00","1.22","4.15","1.83","2.08","3.08","1.36","5.60","1.11","3.04","1.38"
"60650","05-12-15 17:15","Portugal","Liga Portugal","2015/2016","BSAD","Vitoria Setubal","2.50","3.15","3.30","1.06","7.30","1.41","2.86","2.47","1.61","4.45","1.20","8.40","1.04","1.95","1.85"
"60649","05-12-15 19:30","Portugal","Liga Portugal","2015/2016","FC Porto","Pacos Ferreira","1.19","7.70","17.00","1.05","11.00","1.26","3.75","1.86","2.05","3.04","1.37","5.30","1.12","2.95","1.40"
"60648","05-12-15 21:45","Portugal","Liga Portugal","2015/2016","Maritimo","Sporting CP","6.90","4.30","1.55","1.03","9.30","1.26","3.75","1.97","1.93","3.30","1.32","6.10","1.09","1.98","1.83"
"60645","06-12-15 17:00","Portugal","Liga Portugal","2015/2016","Arouca","Boavista","2.40","3.00","3.70","1.11","5.50","1.62","2.27","3.20","1.40","6.40","1.11","13.50","1.03","2.40","1.57"
"60646","06-12-15 17:00","Portugal","Liga Portugal","2015/2016","Estoril","Nacional","2.27","3.15","3.80","1.07","7.00","1.41","2.86","2.49","1.60","4.45","1.20","8.70","1.04","1.99","1.82"
"60647","06-12-15 17:00","Portugal","Liga Portugal","2015/2016","U. Madeira","Tondela","2.17","3.20","4.05","1.07","6.80","1.44","2.73","2.60","1.56","4.75","1.18","9.00","1.03","2.09","1.74"
"60644","06-12-15 18:00","Portugal","Liga Portugal","2015/2016","Moreirense","Braga","5.60","3.60","1.77","1.06","7.30","1.41","2.86","2.47","1.61","4.60","1.19","8.70","1.04","2.21","1.67"
"60643","07-12-15 21:00","Portugal","Liga Portugal","2015/2016","Vitoria Guimaraes","Rio Ave","2.45","3.20","3.30","1.06","7.30","1.40","2.90","2.43","1.63","4.30","1.21","8.40","1.04","1.94","1.86"
"60642","11-12-15 21:30","Portugal","Liga Portugal","2015/2016","Boavista","Estoril","2.91","2.90","2.99","1.09","6.30","1.50","2.55","2.82","1.49","5.30","1.15","9.40","1.02","2.09","1.74"
"60641","12-12-15 17:15","Portugal","Liga Portugal","2015/2016","Rio Ave","Arouca","2.05","3.30","4.25","1.07","7.00","1.41","2.86","2.49","1.60","4.60","1.19","8.70","1.04","2.06","1.76"
"60640","12-12-15 19:00","Portugal","Liga Portugal","2015/2016","Pacos Ferreira","U. Madeira","1.84","3.25","5.80","1.07","6.80","1.42","2.82","2.57","1.57","4.75","1.18","9.00","1.03","2.14","1.71"
"60639","12-12-15 19:30","Portugal","Liga Portugal","2015/2016","Vitoria Guimaraes","Maritimo","2.37","3.20","3.50","1.05","7.50","1.38","2.99","2.38","1.65","4.20","1.22","8.00","1.04","1.92","1.88"
"60638","12-12-15 21:45","Portugal","Liga Portugal","2015/2016","Vitoria Setubal","Benfica","6.70","4.10","1.59","1.03","9.00","1.27","3.65","2.00","1.90","3.35","1.31","6.30","1.09","1.95","1.85"
"60637","13-12-15 19:15","Portugal","Liga Portugal","2015/2016","Sporting CP","Moreirense","1.22","7.30","15.00","1.03","15.00","1.18","4.75","1.66","2.36","2.61","1.48","4.55","1.16","2.48","1.54"
"60636","13-12-15 21:30","Portugal","Liga Portugal","2015/2016","Tondela","Braga","6.90","3.80","1.63","1.05","7.80","1.35","3.15","2.30","1.69","4.10","1.23","7.80","1.05","2.36","1.59"
"60635","14-12-15 13:30","Portugal","Liga Portugal","2015/2016","Nacional","FC Porto","8.00","4.50","1.48","1.03","9.30","1.27","3.65","1.98","1.92","3.30","1.32","6.30","1.09","2.08","1.75"
"60634","14-12-15 21:00","Portugal","Liga Portugal","2015/2016","Academica","BSAD","2.56","2.90","3.45","1.10","6.00","1.53","2.47","2.93","1.46","5.50","1.14","9.80","1.02","2.17","1.69"
"60633","15-12-15 22:00","Portugal","Liga Portugal","2015/2016","U. Madeira","Benfica","11.00","5.10","1.34","1.02","9.40","1.25","3.85","1.93","1.97","3.20","1.34","5.60","1.11","2.26","1.64"
"60632","19-12-15 19:30","Portugal","Liga Portugal","2015/2016","Arouca","Maritimo","2.79","3.05","2.97","1.05","7.50","1.38","2.99","2.38","1.65","4.20","1.22","8.00","1.04","1.87","1.93"
"60631","19-12-15 21:45","Portugal","Liga Portugal","2015/2016","Estoril","Vitoria Guimaraes","2.41","3.20","3.40","1.05","7.50","1.38","2.99","2.38","1.65","4.20","1.22","8.00","1.04","1.91","1.89"
"60628","20-12-15 17:00","Portugal","Liga Portugal","2015/2016","Benfica","Rio Ave","1.34","5.30","12.00","1.01","11.00","1.21","4.30","1.81","2.11","2.95","1.39","5.50","1.11","2.21","1.67"
"60629","20-12-15 17:00","Portugal","Liga Portugal","2015/2016","Moreirense","Nacional","2.67","3.05","3.12","1.07","7.00","1.43","2.78","2.54","1.58","4.60","1.19","8.70","1.03","1.98","1.83"
"60630","20-12-15 17:00","Portugal","Liga Portugal","2015/2016","Tondela","Vitoria Setubal","3.02","3.05","2.74","1.07","7.00","1.43","2.78","2.54","1.58","4.60","1.19","8.70","1.03","1.98","1.83"
"60627","20-12-15 19:15","Portugal","Liga Portugal","2015/2016","U. Madeira","Sporting CP","9.20","4.65","1.43","1.03","9.30","1.26","3.75","1.98","1.92","3.30","1.32","6.30","1.09","2.14","1.71"
"60626","20-12-15 21:30","Portugal","Liga Portugal","2015/2016","FC Porto","Academica","1.17","8.00","20.00","1.01","11.50","1.19","4.60","1.72","2.25","2.78","1.43","4.90","1.14","2.95","1.40"
"60625","21-12-15 20:00","Portugal","Liga Portugal","2015/2016","BSAD","Boavista","2.16","3.18","4.10","1.08","6.70","1.49","2.55","2.89","1.47","5.50","1.14","9.40","1.02","2.14","1.71"
"60624","21-12-15 22:00","Portugal","Liga Portugal","2015/2016","Braga","Pacos Ferreira","1.61","4.00","6.60","1.03","9.30","1.25","3.85","1.96","1.94","3.20","1.33","6.10","1.09","2.00","1.81"
"60620","02-01-16 17:00","Portugal","Liga Portugal","2015/2016","Academica","U. Madeira","2.42","3.10","3.50","1.09","6.10","1.52","2.50","2.85","1.48","5.50","1.14","9.40","1.02","2.22","1.66"
"60621","02-01-16 17:00","Portugal","Liga Portugal","2015/2016","Boavista","Moreirense","2.52","3.05","3.35","1.10","6.00","1.56","2.40","2.97","1.45","5.80","1.13","12.50","1.03","2.26","1.64"
"60622","02-01-16 17:00","Portugal","Liga Portugal","2015/2016","Maritimo","Estoril","2.02","3.20","4.65","1.05","7.50","1.36","3.08","2.35","1.67","4.10","1.23","7.80","1.05","1.90","1.90"
"60623","02-01-16 17:00","Portugal","Liga Portugal","2015/2016","Nacional","Arouca","2.12","3.10","4.40","1.07","6.80","1.43","2.78","2.57","1.57","4.75","1.18","9.00","1.03","2.04","1.78"
"60619","02-01-16 17:15","Portugal","Liga Portugal","2015/2016","Vitoria Setubal","Braga","5.50","3.65","1.77","1.04","8.00","1.34","3.20","2.25","1.72","3.95","1.24","7.50","1.05","2.00","1.81"
"60618","02-01-16 19:00","Portugal","Liga Portugal","2015/2016","Pacos Ferreira","BSAD","2.06","3.25","4.35","1.07","7.00","1.41","2.86","2.49","1.60","4.60","1.19","8.70","1.04","2.00","1.81"
"60617","02-01-16 19:30","Portugal","Liga Portugal","2015/2016","Vitoria Guimaraes","Benfica","6.30","3.90","1.65","1.03","9.00","1.32","3.30","2.17","1.77","3.75","1.26","7.30","1.06","2.04","1.78"
"60616","02-01-16 21:45","Portugal","Liga Portugal","2015/2016","Sporting CP","FC Porto","2.62","3.17","3.04","1.05","7.80","1.36","3.10","2.35","1.67","4.10","1.23","7.50","1.05","1.85","1.95"
"60615","03-01-16 18:00","Portugal","Liga Portugal","2015/2016","Rio Ave","Tondela","1.59","4.10","6.50","1.02","9.50","1.33","3.20","2.20","1.75","3.85","1.25","7.30","1.06","2.15","1.70"
"60614","06-01-16 16:00","Portugal","Liga Portugal","2015/2016","U. Madeira","Boavista","2.62","2.80","3.50","1.12","5.30","1.63","2.25","3.30","1.38","6.40","1.11","11.00","1.01","2.38","1.58"
"60612","06-01-16 17:00","Portugal","Liga Portugal","2015/2016","Arouca","Estoril","2.54","2.90","3.50","1.09","6.10","1.52","2.50","2.89","1.47","5.50","1.14","9.00","1.03","2.14","1.71"
"60613","06-01-16 17:00","Portugal","Liga Portugal","2015/2016","Tondela","Pacos Ferreira","3.60","3.20","2.31","1.05","7.50","1.39","2.95","2.40","1.64","4.30","1.21","8.10","1.04","1.93","1.87"
"60611","06-01-16 17:15","Portugal","Liga Portugal","2015/2016","Moreirense","Vitoria Guimaraes","2.84","2.90","3.05","1.08","6.40","1.47","2.64","2.72","1.52","5.00","1.17","9.70","1.02","2.04","1.78"
"60610","06-01-16 19:00","Portugal","Liga Portugal","2015/2016","BSAD","Nacional","2.71","3.10","3.00","1.06","7.30","1.40","2.90","2.45","1.62","4.45","1.20","8.40","1.04","1.93","1.87"
"60609","06-01-16 19:15","Portugal","Liga Portugal","2015/2016","Braga","Academica","1.39","4.95","9.60","1.03","9.00","1.28","3.60","2.01","1.89","3.45","1.30","6.40","1.08","2.32","1.61"
"60608","06-01-16 20:00","Portugal","Liga Portugal","2015/2016","Benfica","Maritimo","1.27","5.80","11.50","1.01","13.00","1.19","4.60","1.72","2.25","2.73","1.44","4.90","1.14","2.11","1.73"
"60606","06-01-16 21:15","Portugal","Liga Portugal","2015/2016","FC Porto","Rio Ave","1.18","8.10","17.00","1.04","10.00","1.17","5.00","1.62","2.45","2.50","1.52","4.30","1.18","2.59","1.50"
"60607","06-01-16 21:15","Portugal","Liga Portugal","2015/2016","Vitoria Setubal","Sporting CP","7.90","4.70","1.46","1.04","8.50","1.22","4.15","1.84","2.07","2.99","1.38","5.50","1.11","1.95","1.85"
"60605","09-01-16 19:30","Portugal","Liga Portugal","2015/2016","Vitoria Guimaraes","Arouca","1.92","3.45","4.70","1.07","7.00","1.42","2.82","2.49","1.60","4.60","1.19","8.70","1.03","2.10","1.71"
"60600","10-01-16 17:00","Portugal","Liga Portugal","2015/2016","Academica","Tondela","2.26","3.20","3.75","1.05","7.50","1.38","2.99","2.38","1.65","4.20","1.22","8.00","1.04","1.90","1.88"
"60601","10-01-16 17:00","Portugal","Liga Portugal","2015/2016","Estoril","BSAD","2.38","3.05","3.65","1.07","6.80","1.43","2.78","2.57","1.57","4.75","1.18","9.00","1.03","2.01","1.80"
"60602","10-01-16 17:00","Portugal","Liga Portugal","2015/2016","Maritimo","Moreirense","1.90","3.30","5.30","1.04","8.30","1.32","3.30","2.20","1.75","3.75","1.26","7.30","1.06","1.83","1.94"
"60603","10-01-16 17:00","Portugal","Liga Portugal","2015/2016","Rio Ave","U. Madeira","1.67","3.80","6.20","1.05","7.80","1.35","3.15","2.29","1.70","4.10","1.23","7.80","1.05","2.10","1.72"
"60604","10-01-16 17:00","Portugal","Liga Portugal","2015/2016","Sporting CP","Braga","1.59","4.00","7.00","1.03","8.70","1.29","3.50","2.08","1.83","3.55","1.28","6.60","1.08","2.00","1.81"
"60599","10-01-16 19:15","Portugal","Liga Portugal","2015/2016","Boavista","FC Porto","16.00","5.80","1.27","1.03","9.00","1.27","3.65","2.00","1.90","3.45","1.30","6.60","1.08","2.62","1.46"
"60598","11-01-16 13:00","Portugal","Liga Portugal","2015/2016","Nacional","Benfica","5.30","3.70","1.77","1.04","8.00","1.33","3.20","2.20","1.75","3.85","1.25","7.30","1.06","1.98","1.83"
"60597","11-01-16 21:00","Portugal","Liga Portugal","2015/2016","Pacos Ferreira","Vitoria Setubal","1.87","3.60","4.65","1.01","11.00","1.28","3.60","2.06","1.84","3.45","1.30","6.40","1.08","1.74","2.06"
"60596","15-01-16 21:30","Portugal","Liga Portugal","2015/2016","Sporting CP","Tondela","1.08","12.00","34.00","1.01","23.00","1.09","7.10","1.41","3.16","2.01","1.78","3.30","1.28","2.59","1.50"
"60595","16-01-16 17:15","Portugal","Liga Portugal","2015/2016","Academica","Pacos Ferreira","3.09","3.30","2.51","1.05","7.80","1.37","3.04","2.32","1.68","4.10","1.23","7.80","1.05","1.89","1.91"
"60594","16-01-16 19:30","Portugal","Liga Portugal","2015/2016","Maritimo","U. Madeira","1.73","3.95","5.20","1.03","8.70","1.29","3.50","2.05","1.86","3.45","1.30","6.40","1.08","1.90","1.88"
"60593","16-01-16 21:45","Portugal","Liga Portugal","2015/2016","Estoril","Benfica","8.60","4.35","1.42","1.03","9.00","1.27","3.65","2.01","1.89","3.35","1.31","6.40","1.08","2.05","1.77"
"60591","17-01-16 17:00","Portugal","Liga Portugal","2015/2016","Arouca","Moreirense","2.39","3.15","3.50","1.05","7.50","1.38","2.99","2.38","1.65","4.20","1.22","8.00","1.04","1.89","1.91"
"60592","17-01-16 17:00","Portugal","Liga Portugal","2015/2016","Rio Ave","BSAD","2.02","3.35","4.35","1.05","7.80","1.35","3.15","2.29","1.70","3.95","1.24","7.50","1.05","1.90","1.89"
"60590","17-01-16 19:15","Portugal","Liga Portugal","2015/2016","Nacional","Braga","3.95","3.40","2.10","1.05","7.80","1.36","3.10","2.29","1.70","4.10","1.23","7.50","1.05","1.90","1.89"
"60589","17-01-16 21:30","Portugal","Liga Portugal","2015/2016","Vitoria Guimaraes","FC Porto","9.70","4.65","1.40","1.02","9.40","1.25","3.85","1.93","1.95","3.25","1.33","6.10","1.09","2.11","1.73"
"60588","18-01-16 21:00","Portugal","Liga Portugal","2015/2016","Boavista","Vitoria Setubal","2.66","2.91","3.30","1.08","6.70","1.49","2.58","2.78","1.50","5.10","1.16","9.80","1.02","2.08","1.75"
"60587","22-01-16 21:30","Portugal","Liga Portugal","2015/2016","Vitoria Setubal","Academica","2.40","3.15","3.45","1.04","8.00","1.34","3.20","2.25","1.72","3.85","1.25","7.30","1.06","1.80","2.01"
"60585","23-01-16 17:00","Portugal","Liga Portugal","2015/2016","Moreirense","Estoril","2.62","3.10","3.14","1.06","7.30","1.39","2.95","2.43","1.63","4.30","1.21","8.40","1.04","1.83","1.88"
"60586","23-01-16 17:00","Portugal","Liga Portugal","2015/2016","U. Madeira","Nacional","3.30","3.20","2.47","1.06","7.30","1.40","2.90","2.43","1.63","4.30","1.21","8.40","1.04","1.90","1.86"
"60584","23-01-16 19:30","Portugal","Liga Portugal","2015/2016","Benfica","Arouca","1.18","7.10","16.00","1.01","13.50","1.15","5.30","1.62","2.45","2.50","1.52","4.40","1.17","2.25","1.63"
"60583","23-01-16 21:45","Portugal","Liga Portugal","2015/2016","Pacos Ferreira","Sporting CP","8.60","4.50","1.46","1.02","9.50","1.24","3.95","1.92","1.98","3.20","1.34","6.00","1.10","2.00","1.81"
"60582","24-01-16 17:00","Portugal","Liga Portugal","2015/2016","BSAD","Vitoria Guimaraes","2.82","3.15","2.84","1.05","7.80","1.36","3.08","2.32","1.68","4.10","1.23","7.80","1.05","1.83","1.95"
"60581","24-01-16 19:15","Portugal","Liga Portugal","2015/2016","Braga","Rio Ave","1.54","4.40","6.80","1.02","11.50","1.23","4.10","1.85","2.06","2.99","1.38","5.50","1.11","1.83","1.93"
"60580","24-01-16 21:30","Portugal","Liga Portugal","2015/2016","FC Porto","Maritimo","1.13","8.40","31.00","1.04","13.00","1.11","6.30","1.52","2.72","2.28","1.62","4.05","1.20","2.43","1.56"
"60579","25-01-16 21:00","Portugal","Liga Portugal","2015/2016","Tondela","Boavista","2.52","3.05","3.35","1.09","6.30","1.48","2.61","2.62","1.55","4.60","1.19","8.70","1.04","1.99","1.82"
"60578","29-01-16 21:30","Portugal","Liga Portugal","2015/2016","Vitoria Guimaraes","U. Madeira","1.70","3.70","6.20","1.04","8.00","1.34","3.20","2.25","1.72","3.95","1.24","7.50","1.05","2.00","1.78"
"60577","30-01-16 19:30","Portugal","Liga Portugal","2015/2016","Estoril","FC Porto","8.20","4.75","1.44","1.03","8.70","1.29","3.50","2.04","1.87","3.50","1.29","6.40","1.08","2.24","1.65"
"60576","30-01-16 21:45","Portugal","Liga Portugal","2015/2016","Sporting CP","Academica","1.18","8.40","18.00","1.02","17.00","1.13","5.80","1.53","2.69","2.29","1.61","3.90","1.21","2.38","1.58"
"60573","31-01-16 17:00","Portugal","Liga Portugal","2015/2016","Arouca","Pacos Ferreira","2.22","3.25","3.80","1.06","7.30","1.40","2.90","2.36","1.66","4.45","1.20","8.40","1.04","1.93","1.87"
"60574","31-01-16 17:00","Portugal","Liga Portugal","2015/2016","Nacional","Tondela","1.63","4.05","6.20","1.03","9.30","1.26","3.75","1.98","1.92","3.30","1.32","6.10","1.09","1.90","1.90"
"60575","31-01-16 17:00","Portugal","Liga Portugal","2015/2016","Rio Ave","Vitoria Setubal","1.90","3.40","4.95","1.05","7.80","1.35","3.15","2.29","1.70","3.95","1.24","7.80","1.05","1.95","1.85"
"60572","31-01-16 18:00","Portugal","Liga Portugal","2015/2016","Boavista","Braga","4.90","3.70","1.82","1.05","7.80","1.36","3.08","2.29","1.70","4.10","1.23","7.80","1.05","2.05","1.77"
"60571","31-01-16 20:15","Portugal","Liga Portugal","2015/2016","Moreirense","Benfica","11.50","5.80","1.29","1.04","13.00","1.17","5.00","1.67","2.15","2.58","1.49","4.55","1.16","2.01","1.80"
"60570","01-02-16 21:00","Portugal","Liga Portugal","2015/2016","Maritimo","BSAD","2.06","3.35","4.15","1.03","8.70","1.28","3.55","2.06","1.85","3.45","1.30","6.40","1.08","1.75","2.08"
"60569","05-02-16 21:30","Portugal","Liga Portugal","2015/2016","BSAD","Benfica","11.00","5.20","1.29","1.02","13.00","1.17","4.90","1.67","2.35","2.61","1.48","4.75","1.15","1.89","1.91"
"60568","06-02-16 19:30","Portugal","Liga Portugal","2015/2016","Vitoria Setubal","Maritimo","2.89","3.10","2.82","1.04","8.60","1.30","3.45","2.13","1.80","3.55","1.28","6.60","1.08","1.72","2.12"
"60567","06-02-16 21:45","Portugal","Liga Portugal","2015/2016","Tondela","Vitoria Guimaraes","3.60","3.30","2.26","1.05","7.80","1.35","3.15","2.27","1.71","3.95","1.24","7.50","1.05","1.83","1.93"
"60564","07-02-16 17:00","Portugal","Liga Portugal","2015/2016","Academica","Nacional","2.68","3.12","3.04","1.05","7.50","1.37","3.04","2.34","1.67","4.10","1.23","7.80","1.05","1.86","1.94"
"60565","07-02-16 17:00","Portugal","Liga Portugal","2015/2016","Pacos Ferreira","Boavista","2.27","3.30","3.60","1.07","7.00","1.42","2.82","2.49","1.60","4.60","1.19","8.70","1.04","2.04","1.78"
"60566","07-02-16 17:00","Portugal","Liga Portugal","2015/2016","U. Madeira","Moreirense","2.77","3.15","2.90","1.06","7.30","1.41","2.86","2.46","1.62","4.45","1.20","8.40","1.04","1.95","1.85"
"60563","07-02-16 20:15","Portugal","Liga Portugal","2015/2016","FC Porto","Arouca","1.18","8.00","20.00","1.04","13.00","1.15","5.30","1.61","2.48","2.50","1.52","4.40","1.17","2.50","1.53"
"60562","08-02-16 20:00","Portugal","Liga Portugal","2015/2016","Sporting CP","Rio Ave","1.27","6.30","14.00","1.02","15.00","1.14","5.00","1.59","2.52","2.42","1.55","4.25","1.18","2.01","1.80"
"60561","08-02-16 22:00","Portugal","Liga Portugal","2015/2016","Braga","Estoril","1.38","4.90","10.50","1.02","9.80","1.23","4.10","1.93","1.97","3.10","1.36","5.80","1.10","2.09","1.74"
"60560","12-02-16 21:30","Portugal","Liga Portugal","2015/2016","Benfica","FC Porto","2.26","3.20","3.55","1.05","7.80","1.36","3.10","2.30","1.69","4.10","1.23","7.80","1.05","1.87","1.93"
"60559","13-02-16 17:15","Portugal","Liga Portugal","2015/2016","Moreirense","BSAD","2.42","3.05","3.55","1.05","7.80","1.35","3.15","2.29","1.70","3.95","1.24","7.50","1.05","1.80","2.00"
"60558","13-02-16 19:30","Portugal","Liga Portugal","2015/2016","Nacional","Sporting CP","7.70","4.60","1.47","1.05","11.00","1.23","4.10","1.87","2.04","3.08","1.36","5.60","1.11","1.94","1.86"
"60557","13-02-16 21:45","Portugal","Liga Portugal","2015/2016","Vitoria Guimaraes","Vitoria Setubal","1.88","3.45","4.95","1.04","8.60","1.30","3.45","2.13","1.80","3.60","1.28","6.80","1.07","1.84","1.96"
"60555","14-02-16 17:00","Portugal","Liga Portugal","2015/2016","Arouca","U. Madeira","1.87","3.30","5.40","1.06","7.30","1.39","2.95","2.43","1.63","4.30","1.21","8.40","1.04","2.05","1.77"
"60556","14-02-16 17:00","Portugal","Liga Portugal","2015/2016","Estoril","Tondela","1.90","3.35","5.10","1.06","7.30","1.40","2.90","2.46","1.62","4.45","1.20","8.70","1.04","2.05","1.75"
"60554","14-02-16 18:00","Portugal","Liga Portugal","2015/2016","Boavista","Academica","2.32","3.10","3.70","1.08","6.40","1.49","2.58","2.75","1.51","5.10","1.16","9.70","1.02","2.10","1.71"
"60553","14-02-16 20:15","Portugal","Liga Portugal","2015/2016","Maritimo","Braga","4.25","3.50","1.98","1.03","8.70","1.30","3.45","2.09","1.83","3.50","1.29","6.60","1.08","1.80","2.00"
"60552","15-02-16 21:00","Portugal","Liga Portugal","2015/2016","Rio Ave","Pacos Ferreira","2.04","3.40","4.20","1.04","8.30","1.32","3.30","2.17","1.77","3.65","1.27","7.00","1.07","1.84","1.96"
"60551","19-02-16 21:30","Portugal","Liga Portugal","2015/2016","U. Madeira","Estoril","2.84","3.02","2.93","1.07","6.80","1.43","2.78","2.57","1.57","4.75","1.18","9.00","1.03","1.95","1.83"
"60550","20-02-16 19:30","Portugal","Liga Portugal","2015/2016","Pacos Ferreira","Benfica","10.50","5.60","1.32","1.04","13.00","1.17","4.90","1.67","2.34","2.61","1.48","4.55","1.16","2.00","1.81"
"60549","20-02-16 21:45","Portugal","Liga Portugal","2015/2016","Academica","Rio Ave","2.89","3.18","2.76","1.05","7.80","1.36","3.08","2.32","1.68","4.10","1.23","7.80","1.05","1.85","1.95"
"60546","21-02-16 17:00","Portugal","Liga Portugal","2015/2016","BSAD","Arouca","2.51","3.30","3.05","1.05","7.80","1.36","3.10","2.29","1.70","4.10","1.23","7.50","1.05","1.85","1.93"
"60547","21-02-16 17:00","Portugal","Liga Portugal","2015/2016","Tondela","Maritimo","3.02","3.30","2.57","1.05","7.80","1.36","3.10","2.29","1.70","4.10","1.23","7.50","1.05","1.85","1.93"
"60548","21-02-16 17:00","Portugal","Liga Portugal","2015/2016","Vitoria Setubal","Nacional","2.57","3.38","2.98","1.04","8.30","1.33","3.26","2.17","1.77","3.78","1.26","7.00","1.07","1.80","2.00"
"60545","21-02-16 19:15","Portugal","Liga Portugal","2015/2016","FC Porto","Moreirense","1.16","8.00","20.00","1.02","13.00","1.15","5.30","1.60","2.49","2.47","1.53","4.40","1.17","2.48","1.54"
"60544","21-02-16 21:30","Portugal","Liga Portugal","2015/2016","Braga","Vitoria Guimaraes","1.64","4.15","5.90","1.02","9.70","1.24","3.96","1.90","2.00","3.10","1.36","5.80","1.10","1.91","1.88"
"60543","22-02-16 21:00","Portugal","Liga Portugal","2015/2016","Sporting CP","Boavista","1.21","6.10","15.00","1.02","12.00","1.19","4.60","1.74","2.20","2.82","1.42","5.20","1.12","2.26","1.64"
"60542","26-02-16 21:30","Portugal","Liga Portugal","2015/2016","Nacional","Pacos Ferreira","2.22","3.30","3.75","1.04","8.60","1.27","3.68","2.10","1.82","3.52","1.29","6.60","1.08","1.77","2.05"
"60541","27-02-16 17:15","Portugal","Liga Portugal","2015/2016","Boavista","Rio Ave","2.77","3.12","2.92","1.07","7.00","1.43","2.78","2.49","1.56","4.45","1.20","8.40","1.04","1.92","1.88"
"60540","27-02-16 19:30","Portugal","Liga Portugal","2015/2016","Arouca","Braga","3.70","3.45","2.16","1.04","8.00","1.34","3.20","2.22","1.74","3.86","1.25","7.30","1.06","1.88","1.92"
"60539","27-02-16 21:45","Portugal","Liga Portugal","2015/2016","Estoril","Vitoria Setubal","2.10","3.45","3.90","1.04","8.00","1.33","3.24","2.20","1.74","3.78","1.26","7.30","1.06","1.86","1.94"
"60537","28-02-16 17:00","Portugal","Liga Portugal","2015/2016","Maritimo","Academica","1.97","3.55","4.30","1.03","8.70","1.29","3.52","2.06","1.85","3.46","1.30","6.40","1.08","1.80","2.01"
"60538","28-02-16 17:00","Portugal","Liga Portugal","2015/2016","Moreirense","Tondela","2.09","3.50","3.90","1.04","8.00","1.35","3.15","2.23","1.73","3.86","1.25","7.30","1.06","1.90","1.90"
"60536","28-02-16 20:15","Portugal","Liga Portugal","2015/2016","BSAD","FC Porto","9.30","4.85","1.41","1.05","12.00","1.20","4.45","1.77","2.18","2.82","1.42","5.10","1.13","2.05","1.74"
"60535","29-02-16 20:45","Portugal","Liga Portugal","2015/2016","Benfica","U. Madeira","1.09","10.50","37.00","1.01","18.00","1.08","7.80","1.40","3.22","1.99","1.80","3.34","1.28","2.42","1.57"
"60534","29-02-16 21:00","Portugal","Liga Portugal","2015/2016","Vitoria Guimaraes","Sporting CP","6.10","3.88","1.66","1.03","10.50","1.22","4.15","1.86","2.05","2.99","1.38","5.50","1.11","1.73","2.11"
"60533","04-03-16 21:30","Portugal","Liga Portugal","2015/2016","Pacos Ferreira","Maritimo","2.39","3.30","3.35","1.04","8.30","1.33","3.26","2.19","1.76","3.78","1.26","7.00","1.07","1.82","1.99"
"60532","05-03-16 21:45","Portugal","Liga Portugal","2015/2016","Sporting CP","Benfica","2.27","3.33","3.44","1.04","8.00","1.34","3.20","2.22","1.74","3.86","1.25","7.30","1.06","1.85","1.93"
"60528","06-03-16 17:00","Portugal","Liga Portugal","2015/2016","Boavista","Nacional","2.67","3.05","3.12","1.07","7.00","1.43","2.78","2.54","1.58","4.60","1.19","8.70","1.03","1.98","1.83"
"60529","06-03-16 17:00","Portugal","Liga Portugal","2015/2016","Tondela","Arouca","3.14","3.10","2.62","1.05","7.50","1.37","3.04","2.34","1.67","4.10","1.23","7.80","1.05","1.85","1.94"
"60530","06-03-16 17:00","Portugal","Liga Portugal","2015/2016","U. Madeira","BSAD","2.96","3.15","2.72","1.05","7.50","1.37","3.04","2.34","1.67","4.10","1.23","7.80","1.05","1.87","1.93"
"60531","06-03-16 17:00","Portugal","Liga Portugal","2015/2016","Vitoria Setubal","Moreirense","2.46","3.10","3.45","1.04","8.30","1.31","3.38","2.17","1.77","3.68","1.27","6.80","1.07","1.75","2.08"
"60527","06-03-16 19:15","Portugal","Liga Portugal","2015/2016","Academica","Vitoria Guimaraes","3.02","3.30","2.55","1.04","8.30","1.32","3.32","2.16","1.78","3.68","1.27","6.80","1.07","1.78","2.04"
"60526","06-03-16 21:30","Portugal","Liga Portugal","2015/2016","Braga","FC Porto","3.95","3.35","2.10","1.04","8.00","1.34","3.20","2.24","1.73","3.86","1.25","7.30","1.06","1.85","1.94"
"60525","07-03-16 21:00","Portugal","Liga Portugal","2015/2016","Rio Ave","Estoril","2.02","3.40","4.19","1.04","8.00","1.34","3.20","2.25","1.72","3.96","1.24","7.50","1.05","1.83","1.98"
"60524","11-03-16 21:30","Portugal","Liga Portugal","2015/2016","Maritimo","Boavista","2.01","3.24","4.65","1.08","6.60","1.46","2.68","2.66","1.54","5.00","1.17","9.70","1.02","2.15","1.70"
"60523","12-03-16 19:30","Portugal","Liga Portugal","2015/2016","Estoril","Sporting CP","8.80","4.55","1.44","1.03","9.00","1.27","3.68","2.00","1.90","3.38","1.31","6.40","1.08","2.10","1.72"
"60522","12-03-16 21:45","Portugal","Liga Portugal","2015/2016","FC Porto","U. Madeira","1.14","8.60","19.00","1.02","15.00","1.14","5.50","1.56","2.60","2.38","1.57","4.05","1.20","2.34","1.60"
"60519","13-03-16 17:00","Portugal","Liga Portugal","2015/2016","Arouca","Vitoria Setubal","2.02","3.35","4.35","1.04","8.00","1.33","3.26","2.20","1.75","3.78","1.26","7.30","1.06","1.85","1.95"
"60520","13-03-16 17:00","Portugal","Liga Portugal","2015/2016","Moreirense","Academica","2.37","3.00","3.75","1.06","7.30","1.40","2.90","2.47","1.61","4.45","1.20","8.40","1.04","1.85","1.88"
"60521","13-03-16 17:00","Portugal","Liga Portugal","2015/2016","Nacional","Rio Ave","2.37","3.20","3.50","1.04","8.00","1.33","3.24","2.23","1.73","3.86","1.25","7.30","1.06","1.75","2.00"
"60518","13-03-16 19:15","Portugal","Liga Portugal","2015/2016","Vitoria Guimaraes","Pacos Ferreira","2.10","3.35","4.00","1.04","8.30","1.31","3.38","2.14","1.79","3.60","1.28","6.80","1.07","1.79","2.02"
"60517","13-03-16 21:30","Portugal","Liga Portugal","2015/2016","BSAD","Braga","3.90","3.50","2.07","1.04","8.00","1.35","3.15","2.25","1.72","3.96","1.24","7.50","1.05","1.80","1.89"
"60516","14-03-16 21:00","Portugal","Liga Portugal","2015/2016","Benfica","Tondela","1.08","15.64","35.91","1.02","19.00","1.08","7.50","1.38","3.40","1.93","1.85","3.14","1.31","3.00","1.37"
"60515","18-03-16 21:30","Portugal","Liga Portugal","2015/2016","Rio Ave","Maritimo","1.82","3.80","4.70","1.04","8.60","1.29","3.46","2.09","1.83","3.56","1.28","6.60","1.08","1.73","2.08"
"60514","19-03-16 19:30","Portugal","Liga Portugal","2015/2016","Sporting CP","Arouca","1.27","6.10","14.50","1.05","12.00","1.18","4.75","1.72","2.25","2.75","1.44","4.90","1.14","2.38","1.56"
"60513","19-03-16 21:45","Portugal","Liga Portugal","2015/2016","Vitoria Setubal","FC Porto","14.00","5.70","1.26","1.02","13.00","1.22","4.20","1.83","2.08","3.04","1.37","5.60","1.11","2.15","1.62"
"60509","20-03-16 17:00","Portugal","Liga Portugal","2015/2016","Academica","Estoril","2.52","3.15","3.25","1.05","7.50","1.37","3.04","2.34","1.67","4.10","1.23","7.80","1.05","1.85","1.93"
"60510","20-03-16 17:00","Portugal","Liga Portugal","2015/2016","Nacional","Vitoria Guimaraes","2.50","3.35","3.07","1.04","8.00","1.33","3.24","2.20","1.75","3.78","1.26","7.30","1.06","1.80","1.99"
"60511","20-03-16 17:00","Portugal","Liga Portugal","2015/2016","Pacos Ferreira","Moreirense","2.01","3.48","4.25","1.05","7.50","1.38","2.99","2.35","1.67","4.20","1.22","8.00","1.04","1.85","1.82"
"60512","20-03-16 17:00","Portugal","Liga Portugal","2015/2016","Tondela","BSAD","3.08","3.34","2.53","1.04","8.30","1.32","3.32","2.14","1.79","3.68","1.27","6.80","1.07","1.78","2.04"
"60508","20-03-16 19:15","Portugal","Liga Portugal","2015/2016","Boavista","Benfica","11.00","4.60","1.38","1.04","8.00","1.32","3.32","2.20","1.75","3.96","1.24","7.50","1.05","2.43","1.56"
"60507","20-03-16 21:30","Portugal","Liga Portugal","2015/2016","Braga","U. Madeira","1.30","5.60","11.50","1.02","11.50","1.20","4.45","1.78","2.16","2.86","1.41","5.20","1.12","2.20","1.59"
"60506","01-04-16 21:30","Portugal","Liga Portugal","2015/2016","Benfica","Braga","1.57","4.08","7.40","1.02","9.60","1.24","3.96","1.93","1.99","3.15","1.35","5.80","1.10","",""
"60505","02-04-16 17:15","Portugal","Liga Portugal","2015/2016","Arouca","Academica","2.04","3.40","4.20","1.05","7.80","1.35","3.15","2.29","1.72","3.96","1.24","7.50","1.05","1.92","1.88"
"60504","02-04-16 19:30","Portugal","Liga Portugal","2015/2016","Maritimo","Nacional","2.42","3.30","3.25","1.03","8.70","1.29","3.52","2.06","1.85","3.46","1.30","6.40","1.08","1.71","2.14"
"60503","02-04-16 21:45","Portugal","Liga Portugal","2015/2016","Vitoria Guimaraes","Boavista","2.17","3.20","4.05","1.07","7.00","1.43","2.78","2.56","1.59","4.60","1.19","8.70","1.03","2.04","1.78"
"60502","03-04-16 17:00","Portugal","Liga Portugal","2015/2016","U. Madeira","Vitoria Setubal","2.42","3.20","3.40","1.05","7.50","1.38","2.99","2.38","1.65","4.20","1.22","8.00","1.04","1.91","1.89"
"60501","03-04-16 18:00","Portugal","Liga Portugal","2015/2016","Estoril","Pacos Ferreira","2.02","3.55","4.10","1.05","7.80","1.37","3.04","2.30","1.69","4.10","1.23","7.80","1.05","1.95","1.83"
"60500","03-04-16 20:15","Portugal","Liga Portugal","2015/2016","Moreirense","Rio Ave","3.04","3.20","2.62","1.04","8.30","1.31","3.38","2.15","1.79","3.60","1.28","6.80","1.07","1.75","2.08"
"60499","04-04-16 20:00","Portugal","Liga Portugal","2015/2016","FC Porto","Tondela","1.06","15.00","44.00","1.02","17.00","1.09","7.10","1.40","3.22","2.03","1.77","3.20","1.30","2.44","1.56"
"60498","04-04-16 22:00","Portugal","Liga Portugal","2015/2016","BSAD","Sporting CP","10.50","5.60","1.30","1.05","12.00","1.17","4.90","1.61","2.33","2.61","1.48","4.55","1.16","1.95","1.85"
"60497","08-04-16 21:30","Portugal","Liga Portugal","2015/2016","Boavista","Arouca","2.60","3.10","3.16","1.09","6.30","1.50","2.54","2.78","1.50","5.30","1.15","9.00","1.03","2.15","1.70"
"60496","09-04-16 19:30","Portugal","Liga Portugal","2015/2016","Academica","Benfica","12.50","6.00","1.23","1.02","11.00","1.23","4.10","1.85","2.06","3.08","1.36","5.60","1.11","2.25","1.55"
"60495","09-04-16 21:45","Portugal","Liga Portugal","2015/2016","Sporting CP","Maritimo","1.16","7.90","18.00","1.01","17.00","1.13","5.80","1.53","2.68","2.29","1.61","3.92","1.21","2.25","1.64"
"60492","10-04-16 17:00","Portugal","Liga Portugal","2015/2016","Nacional","Estoril","2.47","3.15","3.35","1.05","7.80","1.35","3.15","2.29","1.70","3.96","1.24","7.50","1.05","1.83","1.98"
"60493","10-04-16 17:00","Portugal","Liga Portugal","2015/2016","Tondela","U. Madeira","2.02","3.40","4.30","1.05","7.80","1.36","3.08","2.32","1.68","4.10","1.23","7.80","1.05","1.91","1.85"
"60494","10-04-16 17:00","Portugal","Liga Portugal","2015/2016","Vitoria Setubal","BSAD","2.58","3.15","3.14","1.04","8.30","1.31","3.38","2.14","1.79","3.60","1.28","6.80","1.07","1.73","2.11"
"60491","10-04-16 19:15","Portugal","Liga Portugal","2015/2016","Pacos Ferreira","FC Porto","8.30","4.60","1.44","1.03","9.30","1.26","3.78","1.96","1.94","3.32","1.32","6.10","1.09","2.08","1.75"
"60490","10-04-16 21:30","Portugal","Liga Portugal","2015/2016","Braga","Moreirense","1.49","4.55","7.09","1.02","12.00","1.23","4.10","1.85","2.06","2.99","1.38","5.50","1.11","1.92","1.88"
"60489","11-04-16 21:00","Portugal","Liga Portugal","2015/2016","Rio Ave","Vitoria Guimaraes","2.20","3.41","3.59","1.04","8.30","1.29","3.32","2.16","1.78","3.68","1.27","7.00","1.07","1.75","1.98"
"60488","16-04-16 17:15","Portugal","Liga Portugal","2015/2016","Arouca","Rio Ave","2.67","3.10","3.08","1.05","7.80","1.35","3.15","2.29","1.70","3.96","1.24","7.50","1.05","1.82","1.99"
"60487","16-04-16 19:30","Portugal","Liga Portugal","2015/2016","Estoril","Boavista","2.39","3.05","3.65","1.08","6.40","1.48","2.61","2.72","1.52","5.10","1.16","9.80","1.02","2.09","1.74"
"60486","16-04-16 21:45","Portugal","Liga Portugal","2015/2016","Moreirense","Sporting CP","16.00","7.20","1.20","1.01","13.50","1.16","5.10","1.61","2.43","2.52","1.51","4.40","1.17","2.20","1.60"
"60484","17-04-16 17:00","Portugal","Liga Portugal","2015/2016","BSAD","Academica","2.47","3.20","3.30","1.04","8.00","1.33","3.26","2.13","1.80","3.78","1.26","7.00","1.07","1.75","2.01"
"60485","17-04-16 17:00","Portugal","Liga Portugal","2015/2016","U. Madeira","Pacos Ferreira","2.57","3.10","3.25","1.05","7.50","1.38","2.99","2.38","1.65","4.20","1.22","8.00","1.04","1.89","1.91"
"60483","17-04-16 19:15","Portugal","Liga Portugal","2015/2016","Maritimo","Vitoria Guimaraes","2.25","3.30","3.65","1.03","9.00","1.28","3.60","2.04","1.87","3.38","1.31","6.30","1.09","1.70","2.15"
"60482","17-04-16 21:30","Portugal","Liga Portugal","2015/2016","FC Porto","Nacional","1.35","5.10","9.70","1.02","13.00","1.20","4.45","1.78","2.16","2.86","1.41","5.20","1.12","2.00","1.81"
"60481","18-04-16 20:00","Portugal","Liga Portugal","2015/2016","Braga","Tondela","1.41","5.00","8.10","1.02","12.00","1.21","4.30","1.79","2.14","2.90","1.40","5.20","1.12","1.95","1.83"
"60480","18-04-16 22:00","Portugal","Liga Portugal","2015/2016","Benfica","Vitoria Setubal","1.10","9.40","31.00","1.01","18.00","1.11","6.30","1.48","2.78","2.25","1.63","3.82","1.22","2.50","1.53"
"60479","22-04-16 21:30","Portugal","Liga Portugal","2015/2016","Boavista","BSAD","2.08","3.40","3.93","1.06","7.50","1.38","2.99","2.34","1.67","4.15","1.22","7.80","1.05","1.95","1.85"
"60478","23-04-16 17:15","Portugal","Liga Portugal","2015/2016","Academica","FC Porto","6.98","4.80","1.49","1.05","12.00","1.24","3.96","1.86","2.05","3.04","1.37","5.60","1.11","1.91","1.82"
"60477","23-04-16 19:30","Portugal","Liga Portugal","2015/2016","Sporting CP","U. Madeira","1.07","13.00","34.00","1.03","17.00","1.08","7.80","1.36","3.44","1.89","1.89","3.04","1.33","2.68","1.47"
"60476","23-04-16 21:45","Portugal","Liga Portugal","2015/2016","Pacos Ferreira","Braga","4.25","3.45","2.00","1.03","9.00","1.27","3.68","2.02","1.89","3.32","1.32","6.30","1.09","1.75","2.08"
"60473","24-04-16 17:00","Portugal","Liga Portugal","2015/2016","Maritimo","Arouca","2.22","3.38","3.62","1.03","9.00","1.27","3.68","2.01","1.89","3.32","1.32","6.10","1.09","1.72","2.12"
"60474","24-04-16 17:00","Portugal","Liga Portugal","2015/2016","Nacional","Moreirense","2.05","3.40","4.16","1.05","8.00","1.33","3.26","2.20","1.75","3.78","1.26","7.30","1.06","1.83","1.94"
"60475","24-04-16 17:00","Portugal","Liga Portugal","2015/2016","Vitoria Setubal","Tondela","2.12","3.40","3.89","1.04","8.60","1.30","3.46","2.10","1.82","3.52","1.29","6.60","1.08","1.75","2.04"
"60472","24-04-16 19:15","Portugal","Liga Portugal","2015/2016","Vitoria Guimaraes","Estoril","2.68","3.30","2.88","1.05","8.00","1.33","3.24","2.20","1.75","3.78","1.26","7.00","1.06","1.81","2.00"
"60471","24-04-16 21:30","Portugal","Liga Portugal","2015/2016","Rio Ave","Benfica","8.11","4.64","1.42","1.05","11.00","1.21","4.30","1.82","2.10","2.95","1.39","5.30","1.12","1.91","1.89"
"60470","29-04-16 20:00","Portugal","Liga Portugal","2015/2016","Benfica","Vitoria Guimaraes","1.10","9.60","27.00","1.01","17.00","1.11","6.30","1.48","2.85","2.18","1.66","3.72","1.23","2.45","1.55"
"60469","29-04-16 22:00","Portugal","Liga Portugal","2015/2016","Braga","Vitoria Setubal","1.47","4.54","7.60","1.05","12.00","1.21","4.30","1.79","2.15","2.86","1.41","5.20","1.13","1.85","1.95"
"60467","30-04-16 17:00","Portugal","Liga Portugal","2015/2016","BSAD","Pacos Ferreira","3.07","3.42","2.47","1.03","8.70","1.29","3.52","2.06","1.85","3.46","1.30","6.40","1.08","1.74","2.09"
"60468","30-04-16 17:00","Portugal","Liga Portugal","2015/2016","Tondela","Rio Ave","3.26","3.30","2.42","1.04","8.60","1.30","3.46","2.15","1.79","3.52","1.29","6.60","1.08","1.74","2.09"
"60466","30-04-16 19:30","Portugal","Liga Portugal","2015/2016","FC Porto","Sporting CP","2.79","3.38","2.65","1.05","8.00","1.27","3.20","2.20","1.75","3.86","1.25","7.30","1.06","1.80","1.97"
"60464","01-05-16 17:00","Portugal","Liga Portugal","2015/2016","Estoril","Maritimo","1.96","3.40","4.60","1.03","8.70","1.28","3.60","2.06","1.85","3.46","1.30","6.40","1.08","1.68","2.19"
"60465","01-05-16 17:00","Portugal","Liga Portugal","2015/2016","Moreirense","Boavista","2.90","2.92","2.98","1.08","6.60","1.46","2.68","2.69","1.53","4.90","1.17","9.40","1.03","2.02","1.79"
"60463","01-05-16 19:15","Portugal","Liga Portugal","2015/2016","Arouca","Nacional","1.84","3.52","5.10","1.03","8.70","1.29","3.56","2.07","1.84","3.46","1.30","6.60","1.08","1.80","2.00"
"60462","01-05-16 21:30","Portugal","Liga Portugal","2015/2016","U. Madeira","Academica","2.72","3.24","2.88","1.06","7.00","1.42","2.82","2.49","1.60","4.60","1.19","8.70","1.04","2.00","1.81"
"60461","06-05-16 21:30","Portugal","Liga Portugal","2015/2016","Pacos Ferreira","Tondela","1.72","4.08","4.90","1.03","9.50","1.26","3.78","1.92","1.97","3.20","1.34","5.80","1.10","1.80","1.98"
"60460","07-05-16 17:15","Portugal","Liga Portugal","2015/2016","Rio Ave","FC Porto","4.54","3.70","1.87","1.03","9.40","1.26","3.78","1.95","1.95","3.20","1.34","6.00","1.10","1.75","2.08"
"60459","07-05-16 19:30","Portugal","Liga Portugal","2015/2016","Academica","Braga","3.96","3.64","2.01","1.03","11.00","1.25","3.86","1.91","1.99","3.10","1.36","5.80","1.10","1.70","2.15"
"60458","07-05-16 21:45","Portugal","Liga Portugal","2015/2016","Sporting CP","Vitoria Setubal","1.11","9.90","22.00","1.01","21.00","1.09","7.10","1.40","3.22","1.97","1.82","3.20","1.30","2.10","1.65"
"60456","08-05-16 17:00","Portugal","Liga Portugal","2015/2016","Boavista","U. Madeira","","","","","","","","","","","","","","",""
"60457","08-05-16 17:00","Portugal","Liga Portugal","2015/2016","Nacional","BSAD","2.22","3.40","3.60","1.05","11.00","1.22","4.14","1.85","2.06","2.90","1.40","5.30","1.12","1.59","2.36"
"60455","08-05-16 19:15","Portugal","Liga Portugal","2015/2016","Vitoria Guimaraes","Moreirense","2.02","3.54","4.08","1.03","9.00","1.29","3.56","2.04","1.87","3.38","1.31","6.40","1.08","1.78","2.04"
"60454","08-05-16 21:30","Portugal","Liga Portugal","2015/2016","Maritimo","Benfica","12.00","5.65","1.25","1.04","10.00","1.18","4.74","1.69","2.29","2.66","1.46","4.84","1.14","1.95","1.77"
"60453","09-05-16 21:00","Portugal","Liga Portugal","2015/2016","Estoril","Arouca","1.90","3.64","4.40","1.04","8.30","1.31","3.38","2.12","1.80","3.68","1.27","6.80","1.07","1.87","1.92"
"60452","14-05-16 12:45","Portugal","Liga Portugal","2015/2016","FC Porto","Boavista","1.29","6.00","11.00","1.05","12.00","1.19","4.50","1.72","2.22","2.74","1.43","4.90","1.14","2.21","1.65"
"60451","14-05-16 19:00","Portugal","Liga Portugal","2015/2016","Arouca","Vitoria Guimaraes","2.51","3.50","2.95","1.05","12.00","1.23","4.10","1.85","2.06","2.95","1.39","5.30","1.12","1.59","2.36"
"60447","14-05-16 20:30","Portugal","Liga Portugal","2015/2016","BSAD","Estoril","3.58","3.54","2.17","1.05","12.00","1.23","4.10","1.85","2.06","2.95","1.39","5.30","1.12","1.67","2.20"
"60448","14-05-16 20:30","Portugal","Liga Portugal","2015/2016","Tondela","Academica","1.45","5.00","6.70","1.03","15.00","1.17","4.80","1.65","2.35","2.54","1.49","4.44","1.16","1.75","2.01"
"60449","14-05-16 20:30","Portugal","Liga Portugal","2015/2016","U. Madeira","Rio Ave","","","","","","","","","","","","","","",""
"60450","14-05-16 20:30","Portugal","Liga Portugal","2015/2016","Vitoria Setubal","Pacos Ferreira","2.42","3.40","3.08","1.03","8.90","1.27","3.62","1.98","1.85","3.26","1.32","5.90","1.09","1.69","2.14"
"60446","15-05-16 16:00","Portugal","Liga Portugal","2015/2016","Moreirense","Maritimo","2.02","3.70","3.88","1.05","12.00","1.21","4.30","1.81","2.14","2.82","1.42","5.10","1.13","1.61","2.32"
"60444","15-05-16 18:00","Portugal","Liga Portugal","2015/2016","Benfica","Nacional","1.09","11.00","25.00","1.01","23.00","1.07","6.60","1.34","3.14","1.98","1.90","3.14","1.34","2.25","1.54"
"60445","15-05-16 18:00","Portugal","Liga Portugal","2015/2016","Braga","Sporting CP","6.90","4.80","1.45","1.03","15.00","1.18","4.60","1.69","2.30","2.60","1.47","4.54","1.15","1.75","2.01"
"60443","12-08-16 21:30","Portugal","Liga Portugal","2016/2017","Rio Ave","FC Porto","6.15","3.74","1.62","1.03","9.20","1.35","3.14","2.29","1.70","4.10","1.23","7.80","1.05","2.09","1.74"
"60442","13-08-16 17:00","Portugal","Liga Portugal","2016/2017","Moreirense","Pacos Ferreira","2.59","3.10","3.19","1.05","7.80","1.44","2.76","2.57","1.57","4.74","1.18","9.00","1.03","1.96","1.84"
"60441","13-08-16 19:15","Portugal","Liga Portugal","2016/2017","Sporting CP","Maritimo","1.24","6.80","13.50","1.03","15.00","1.19","4.60","1.69","2.30","2.68","1.46","4.70","1.15","2.10","1.58"
"60440","13-08-16 21:30","Portugal","Liga Portugal","2016/2017","Tondela","Benfica","12.00","5.30","1.31","1.03","9.30","1.33","3.20","2.19","1.76","3.92","1.25","7.30","1.06","2.63","1.43"
"60439","14-08-16 17:00","Portugal","Liga Portugal","2016/2017","Boavista","Arouca","2.84","3.02","2.94","1.08","6.60","1.55","2.43","2.94","1.46","5.70","1.14","","","2.19","1.68"
"60438","14-08-16 19:00","Portugal","Liga Portugal","2016/2017","Vitoria Setubal","BSAD","2.47","3.15","3.34","1.05","7.80","1.44","2.75","2.57","1.57","4.74","1.18","9.00","1.03","2.00","1.81"
"60437","14-08-16 21:15","Portugal","Liga Portugal","2016/2017","Vitoria Guimaraes","Braga","3.32","3.34","2.37","1.03","9.20","1.37","3.08","2.29","1.70","4.10","1.23","7.60","1.06","1.89","1.91"
"60436","15-08-16 21:00","Portugal","Liga Portugal","2016/2017","Estoril","Feirense","2.06","3.30","4.22","1.06","7.70","1.45","2.71","2.60","1.56","4.90","1.17","9.20","1.03","2.08","1.75"
"60435","19-08-16 21:30","Portugal","Liga Portugal","2016/2017","BSAD","Boavista","2.52","3.05","3.36","1.06","7.20","1.49","2.59","2.75","1.51","5.20","1.16","9.80","1.02","2.11","1.73"
"60434","20-08-16 12:45","Portugal","Liga Portugal","2016/2017","Maritimo","Vitoria Guimaraes","2.54","3.10","3.24","1.05","8.20","1.41","2.88","2.49","1.62","4.44","1.20","8.50","1.04","1.95","1.84"
"60433","20-08-16 17:00","Portugal","Liga Portugal","2016/2017","Chaves","Tondela","2.34","3.04","3.74","1.06","7.30","1.47","2.66","2.70","1.54","5.00","1.17","9.50","1.03","2.09","1.74"
"60432","20-08-16 19:15","Portugal","Liga Portugal","2016/2017","Pacos Ferreira","Sporting CP","8.90","4.84","1.42","","","1.25","3.92","1.91","1.99","3.20","1.34","5.90","1.10","2.10","1.66"
"60431","20-08-16 21:30","Portugal","Liga Portugal","2016/2017","FC Porto","Estoril","1.24","5.35","14.50","1.02","11.00","1.19","4.60","1.80","2.15","2.90","1.40","5.40","1.12","2.12","1.72"
"60430","21-08-16 17:00","Portugal","Liga Portugal","2016/2017","Feirense","Moreirense","2.22","3.24","3.80","1.06","7.60","1.46","2.68","2.64","1.56","4.90","1.17","9.40","1.03","2.10","1.72"
"60429","21-08-16 19:00","Portugal","Liga Portugal","2016/2017","Arouca","Nacional","2.27","3.20","3.70","1.05","7.90","1.43","2.80","2.53","1.59","4.60","1.19","8.80","1.03","2.05","1.77"
"60428","21-08-16 21:15","Portugal","Liga Portugal","2016/2017","Benfica","Vitoria Setubal","1.19","7.20","13.00","1.01","13.00","1.21","4.30","1.73","2.27","2.71","1.45","4.70","1.15","2.63","1.48"
"60427","22-08-16 21:00","Portugal","Liga Portugal","2016/2017","Braga","Rio Ave","1.80","3.58","5.05","1.02","10.50","1.30","3.48","2.11","1.83","3.56","1.29","6.70","1.08","1.87","1.93"
"60426","26-08-16 21:30","Portugal","Liga Portugal","2016/2017","Vitoria Guimaraes","Pacos Ferreira","1.96","3.48","4.44","1.05","8.10","1.43","2.81","2.50","1.60","4.60","1.19","8.70","1.03","2.00","1.71"
"60425","27-08-16 17:00","Portugal","Liga Portugal","2016/2017","Tondela","BSAD","2.52","3.15","3.24","1.06","7.30","1.48","2.63","2.69","1.53","5.00","1.17","9.60","1.03","2.10","1.73"
"60424","27-08-16 19:15","Portugal","Liga Portugal","2016/2017","Estoril","Braga","4.58","3.70","1.86","1.03","9.20","1.37","3.08","2.28","1.72","4.10","1.23","7.60","1.06","1.95","1.84"
"60423","27-08-16 21:30","Portugal","Liga Portugal","2016/2017","Nacional","Benfica","10.50","5.00","1.35","1.02","10.00","1.31","3.40","2.05","1.83","3.64","1.28","6.80","1.07","2.50","1.52"
"60421","28-08-16 17:00","Portugal","Liga Portugal","2016/2017","Boavista","Chaves","2.42","2.98","3.58","1.08","6.60","1.54","2.45","2.95","1.46","5.70","1.14","","","2.24","1.65"
"60422","28-08-16 17:00","Portugal","Liga Portugal","2016/2017","Moreirense","Maritimo","2.22","3.36","3.58","1.05","8.20","1.42","2.83","2.47","1.63","4.50","1.20","8.60","1.04","2.00","1.78"
"60420","28-08-16 19:00","Portugal","Liga Portugal","2016/2017","Sporting CP","FC Porto","2.36","3.24","3.42","1.03","9.60","1.32","3.24","2.22","1.74","3.86","1.25","7.30","1.06","1.81","2.00"
"60419","28-08-16 21:15","Portugal","Liga Portugal","2016/2017","Rio Ave","Feirense","1.87","3.50","4.92","1.06","7.60","1.45","2.71","2.60","1.56","4.90","1.17","9.30","1.03","2.20","1.64"
"60418","28-08-16 22:00","Portugal","Liga Portugal","2016/2017","Vitoria Setubal","Arouca","2.22","3.20","3.84","1.06","7.60","1.46","2.69","2.63","1.55","4.90","1.17","9.30","1.03","2.00","1.73"
"60417","04-09-16 17:00","Portugal","Liga Portugal","2016/2017","Nacional","Chaves","2.58","3.16","3.13","1.04","8.50","1.42","2.83","2.50","1.60","4.60","1.19","8.60","1.04","1.97","1.83"
"60416","09-09-16 21:30","Portugal","Liga Portugal","2016/2017","Arouca","Benfica","8.30","4.44","1.42","1.01","11.00","1.30","3.42","2.08","1.82","3.68","1.27","6.90","1.07","2.20","1.65"
"60415","10-09-16 17:00","Portugal","Liga Portugal","2016/2017","BSAD","Nacional","2.09","3.30","4.22","1.02","10.50","1.29","3.54","2.09","1.83","3.48","1.30","6.60","1.08","1.74","2.09"
"60414","10-09-16 19:15","Portugal","Liga Portugal","2016/2017","Sporting CP","Moreirense","1.23","6.50","14.50","1.02","15.00","1.17","4.90","1.66","2.36","2.61","1.48","4.60","1.16","2.15","1.65"
"60413","10-09-16 21:30","Portugal","Liga Portugal","2016/2017","FC Porto","Vitoria Guimaraes","1.33","5.20","10.50","1.02","13.00","1.18","4.80","1.68","2.30","2.64","1.47","4.74","1.15","1.91","1.89"
"60412","11-09-16 12:45","Portugal","Liga Portugal","2016/2017","Pacos Ferreira","Estoril","1.97","3.38","4.54","1.03","9.20","1.34","3.20","2.25","1.72","3.92","1.25","7.50","1.06","1.90","1.90"
"60411","11-09-16 17:00","Portugal","Liga Portugal","2016/2017","Maritimo","Rio Ave","2.80","3.15","2.88","1.02","10.00","1.31","3.40","2.15","1.79","3.62","1.28","6.80","1.07","1.73","2.11"
"60410","11-09-16 19:00","Portugal","Liga Portugal","2016/2017","Braga","Boavista","1.49","4.60","7.40","1.03","9.30","1.35","3.14","2.20","1.75","3.96","1.24","7.30","1.06","2.25","1.62"
"60409","11-09-16 21:15","Portugal","Liga Portugal","2016/2017","Chaves","Vitoria Setubal","2.41","3.14","3.44","1.04","8.30","1.40","2.90","2.45","1.62","4.44","1.20","8.40","1.04","1.95","1.85"
"60408","12-09-16 21:00","Portugal","Liga Portugal","2016/2017","Feirense","Tondela","2.53","3.03","3.36","1.05","7.80","1.42","2.78","2.57","1.57","4.74","1.18","9.00","1.03","1.99","1.82"
"60407","16-09-16 21:30","Portugal","Liga Portugal","2016/2017","Nacional","Maritimo","2.81","3.10","2.89","1.03","9.20","1.35","3.15","2.29","1.70","3.96","1.24","7.50","1.06","1.80","2.00"
"60406","17-09-16 17:00","Portugal","Liga Portugal","2016/2017","Estoril","Moreirense","2.62","3.13","3.13","1.04","8.60","1.39","2.96","2.41","1.64","4.30","1.21","8.10","1.05","1.92","1.88"
"60405","17-09-16 19:15","Portugal","Liga Portugal","2016/2017","Vitoria Setubal","Pacos Ferreira","2.12","3.24","4.14","1.04","8.60","1.39","2.97","2.41","1.64","4.30","1.21","8.20","1.05","1.91","1.89"
"60404","17-09-16 21:30","Portugal","Liga Portugal","2016/2017","Vitoria Guimaraes","BSAD","1.87","3.42","5.10","1.02","9.70","1.32","3.34","2.19","1.76","3.78","1.26","7.10","1.06","1.92","1.88"
"60402","18-09-16 17:00","Portugal","Liga Portugal","2016/2017","Arouca","Chaves","2.42","3.05","3.56","1.06","7.20","1.48","2.63","2.73","1.52","5.10","1.16","9.70","1.03","2.09","1.74"
"60403","18-09-16 17:00","Portugal","Liga Portugal","2016/2017","Boavista","Feirense","2.42","2.98","3.70","1.06","7.20","1.48","2.63","2.75","1.51","5.10","1.16","9.80","1.02","2.08","1.75"
"60401","18-09-16 19:00","Portugal","Liga Portugal","2016/2017","Tondela","FC Porto","9.00","5.20","1.35","1.01","13.50","1.21","4.30","1.79","2.14","2.90","1.40","5.20","1.13","2.00","1.77"
"60400","18-09-16 21:15","Portugal","Liga Portugal","2016/2017","Rio Ave","Sporting CP","7.10","3.74","1.58","1.03","9.20","1.35","3.18","2.26","1.70","4.10","1.23","7.80","1.05","2.12","1.72"
"60399","19-09-16 21:00","Portugal","Liga Portugal","2016/2017","Benfica","Braga","1.49","4.36","7.70","1.01","11.00","1.25","3.88","1.82","2.07","3.24","1.33","6.10","1.09","1.90","1.90"
"60398","23-09-16 20:00","Portugal","Liga Portugal","2016/2017","FC Porto","Boavista","1.18","7.20","18.00","1.05","12.00","1.18","4.74","1.69","2.34","2.66","1.47","4.74","1.15","2.53","1.52"
"60397","23-09-16 22:00","Portugal","Liga Portugal","2016/2017","Sporting CP","Estoril","1.21","7.20","18.00","1.03","15.00","1.14","5.50","1.60","2.54","2.44","1.54","4.24","1.18","2.25","1.50"
"60396","24-09-16 17:00","Portugal","Liga Portugal","2016/2017","Feirense","Nacional","2.39","3.10","3.56","1.05","8.20","1.40","2.90","2.47","1.61","4.44","1.20","8.40","1.04","1.91","1.89"
"60395","24-09-16 19:15","Portugal","Liga Portugal","2016/2017","Chaves","Benfica","7.50","4.40","1.48","1.02","10.50","1.29","3.58","2.03","1.88","3.46","1.30","6.50","1.08","2.09","1.74"
"60394","24-09-16 21:30","Portugal","Liga Portugal","2016/2017","Braga","Vitoria Setubal","1.60","4.04","6.70","1.03","9.70","1.32","3.32","2.17","1.77","3.80","1.26","7.30","1.06","2.10","1.73"
"60393","25-09-16 17:00","Portugal","Liga Portugal","2016/2017","Maritimo","Tondela","2.07","3.48","3.92","1.03","9.20","1.36","3.10","2.27","1.71","4.00","1.24","7.60","1.06","1.89","1.91"
"60392","25-09-16 19:00","Portugal","Liga Portugal","2016/2017","Pacos Ferreira","Rio Ave","3.08","3.10","2.67","1.03","8.70","1.38","3.00","2.38","1.65","4.20","1.22","8.00","1.05","1.87","1.93"
"60391","25-09-16 21:15","Portugal","Liga Portugal","2016/2017","Moreirense","Vitoria Guimaraes","3.10","3.00","2.72","1.03","8.80","1.37","3.08","2.35","1.66","4.10","1.23","7.80","1.05","1.83","1.97"
"60390","26-09-16 21:00","Portugal","Liga Portugal","2016/2017","BSAD","Arouca","2.11","3.19","4.20","1.04","8.60","1.38","2.99","2.29","1.70","4.30","1.21","8.10","1.05","1.93","1.87"
"60389","30-09-16 21:30","Portugal","Liga Portugal","2016/2017","Tondela","Pacos Ferreira","2.66","2.80","3.38","1.04","8.60","1.38","2.99","2.36","1.66","4.24","1.22","8.10","1.05","1.84","1.96"
"60388","01-10-16 12:45","Portugal","Liga Portugal","2016/2017","Rio Ave","Estoril","1.80","3.44","5.50","1.03","9.60","1.33","3.26","2.23","1.73","3.88","1.25","7.50","1.06","1.95","1.85"
"60387","01-10-16 17:00","Portugal","Liga Portugal","2016/2017","Chaves","BSAD","2.32","3.10","3.64","1.04","8.40","1.39","2.95","2.43","1.63","4.32","1.21","8.30","1.04","1.92","1.88"
"60386","01-10-16 19:15","Portugal","Liga Portugal","2016/2017","Vitoria Guimaraes","Sporting CP","5.40","3.94","1.65","1.02","10.50","1.29","3.56","2.03","1.88","3.44","1.30","6.40","1.08","1.93","1.87"
"60385","01-10-16 21:30","Portugal","Liga Portugal","2016/2017","Nacional","FC Porto","9.50","5.50","1.33","1.05","12.00","1.21","4.34","1.75","2.20","2.80","1.43","5.10","1.13","2.00","1.72"
"60383","02-10-16 17:00","Portugal","Liga Portugal","2016/2017","Benfica","Feirense","1.14","8.10","19.00","1.03","15.00","1.14","5.50","1.56","2.60","2.36","1.58","4.04","1.20","2.20","1.67"
"60384","02-10-16 17:00","Portugal","Liga Portugal","2016/2017","Vitoria Setubal","Maritimo","2.34","3.20","3.46","1.03","9.20","1.36","3.13","2.29","1.70","4.00","1.24","7.60","1.06","1.86","1.94"
"60382","02-10-16 19:00","Portugal","Liga Portugal","2016/2017","Boavista","Moreirense","2.50","3.05","3.40","1.06","7.30","1.47","2.65","2.69","1.53","5.00","1.17","9.50","1.03","2.09","1.74"
"60381","02-10-16 21:15","Portugal","Liga Portugal","2016/2017","Arouca","Braga","3.48","3.22","2.28","1.03","9.20","1.36","3.13","2.26","1.70","4.00","1.24","7.60","1.06","1.87","1.93"
"60380","21-10-16 20:00","Portugal","Liga Portugal","2016/2017","Pacos Ferreira","Nacional","2.26","3.20","3.74","1.02","10.00","1.31","3.42","2.14","1.79","3.60","1.28","6.80","1.07","1.75","2.08"
"60379","21-10-16 22:00","Portugal","Liga Portugal","2016/2017","Maritimo","Boavista","2.08","3.00","4.60","1.05","8.10","1.40","2.90","2.52","1.59","4.50","1.20","8.60","1.04","2.10","1.70"
"60378","22-10-16 17:00","Portugal","Liga Portugal","2016/2017","Feirense","Vitoria Setubal","2.47","2.99","3.50","1.06","7.60","1.45","2.72","2.63","1.55","4.80","1.18","9.20","1.03","2.02","1.79"
"60377","22-10-16 19:15","Portugal","Liga Portugal","2016/2017","Sporting CP","Tondela","1.18","6.80","18.00","1.01","16.00","1.12","6.10","1.54","2.66","2.33","1.59","4.04","1.20","2.10","1.67"
"60376","22-10-16 21:30","Portugal","Liga Portugal","2016/2017","FC Porto","Arouca","1.13","9.00","20.00","1.01","15.00","1.13","5.90","1.50","2.79","2.21","1.65","3.68","1.24","2.50","1.53"
"60375","23-10-16 17:00","Portugal","Liga Portugal","2016/2017","Moreirense","Rio Ave","2.94","3.20","2.69","1.04","8.30","1.41","2.88","2.45","1.62","4.44","1.20","8.40","1.04","1.95","1.84"
"60374","23-10-16 19:00","Portugal","Liga Portugal","2016/2017","Estoril","Vitoria Guimaraes","3.14","3.44","2.42","1.02","9.90","1.33","3.26","2.17","1.77","3.78","1.26","7.00","1.06","1.82","1.99"
"60373","23-10-16 21:15","Portugal","Liga Portugal","2016/2017","BSAD","Benfica","11.00","5.15","1.29","1.02","11.50","1.15","5.10","1.75","2.20","2.79","1.43","5.10","1.13","1.98","1.83"
"60372","24-10-16 21:00","Portugal","Liga Portugal","2016/2017","Braga","Chaves","1.61","3.90","6.45","1.02","10.00","1.31","3.42","2.14","1.81","3.68","1.27","7.00","1.06","2.01","1.80"
"60371","28-10-16 20:00","Portugal","Liga Portugal","2016/2017","Benfica","Pacos Ferreira","1.18","7.10","14.50","1.03","15.00","1.14","5.50","1.55","2.60","2.35","1.58","4.04","1.20","2.19","1.68"
"60370","28-10-16 22:00","Portugal","Liga Portugal","2016/2017","Nacional","Sporting CP","8.90","4.66","1.33","1.01","13.00","1.19","4.60","1.74","2.22","2.75","1.44","4.94","1.14","1.91","1.89"
"60369","29-10-16 17:00","Portugal","Liga Portugal","2016/2017","Tondela","Moreirense","2.67","3.10","3.08","1.05","8.00","1.42","2.82","2.52","1.59","4.60","1.19","8.70","1.03","1.97","1.83"
"60368","29-10-16 19:15","Portugal","Liga Portugal","2016/2017","Vitoria Setubal","FC Porto","11.50","5.25","1.27","1.05","12.00","1.22","4.20","1.83","2.09","3.00","1.38","5.50","1.11","2.19","1.68"
"60367","29-10-16 21:30","Portugal","Liga Portugal","2016/2017","Boavista","Estoril","2.40","3.05","3.60","1.05","8.00","1.42","2.84","2.52","1.59","4.60","1.19","8.70","1.03","1.96","1.84"
"60366","30-10-16 17:00","Portugal","Liga Portugal","2016/2017","Arouca","Maritimo","2.82","2.97","3.00","1.04","8.50","1.38","2.99","2.42","1.64","4.24","1.22","8.10","1.05","1.87","1.93"
"60365","30-10-16 19:00","Portugal","Liga Portugal","2016/2017","Rio Ave","Vitoria Guimaraes","2.52","3.20","3.20","1.02","9.90","1.32","3.34","2.17","1.77","3.70","1.27","7.00","1.06","1.76","2.06"
"60364","30-10-16 21:15","Portugal","Liga Portugal","2016/2017","Braga","BSAD","1.60","4.04","6.20","1.01","11.00","1.27","3.70","1.99","1.91","3.34","1.32","6.30","1.09","1.91","1.89"
"60363","31-10-16 21:00","Portugal","Liga Portugal","2016/2017","Chaves","Feirense","2.00","3.28","4.50","1.05","7.90","1.43","2.79","2.55","1.58","4.74","1.18","9.00","1.03","2.05","1.74"
"60362","04-11-16 21:30","Portugal","Liga Portugal","2016/2017","Vitoria Guimaraes","Nacional","1.60","4.18","5.85","1.02","11.00","1.21","4.14","1.84","2.07","2.99","1.33","5.40","1.12","1.75","2.01"
"60360","05-11-16 17:00","Portugal","Liga Portugal","2016/2017","Estoril","Tondela","2.30","3.24","3.58","1.03","8.80","1.37","3.04","2.34","1.67","4.14","1.22","7.80","1.05","1.90","1.90"
"60361","05-11-16 17:00","Portugal","Liga Portugal","2016/2017","Pacos Ferreira","Chaves","2.57","3.00","3.34","1.06","7.70","1.44","2.75","2.61","1.56","4.74","1.18","9.10","1.03","2.00","1.81"
"60359","05-11-16 19:15","Portugal","Liga Portugal","2016/2017","Feirense","BSAD","2.65","3.10","3.10","1.04","8.60","1.39","2.97","2.41","1.64","4.30","1.21","8.10","1.05","1.90","1.90"
"60358","05-11-16 21:30","Portugal","Liga Portugal","2016/2017","Rio Ave","Boavista","1.94","3.34","4.80","1.05","8.10","1.41","2.86","2.50","1.60","4.60","1.19","8.70","1.03","2.09","1.74"
"60357","06-11-16 17:00","Portugal","Liga Portugal","2016/2017","Moreirense","Vitoria Setubal","2.37","3.10","3.58","1.05","7.90","1.43","2.80","2.54","1.58","4.60","1.19","8.80","1.03","2.00","1.81"
"60356","06-11-16 19:00","Portugal","Liga Portugal","2016/2017","FC Porto","Benfica","2.01","3.44","4.20","1.03","9.60","1.33","3.26","2.20","1.75","3.82","1.26","7.30","1.06","1.88","1.92"
"60355","06-11-16 21:15","Portugal","Liga Portugal","2016/2017","Sporting CP","Arouca","1.23","6.40","14.00","1.01","13.50","1.17","4.90","1.67","2.34","2.63","1.48","4.70","1.15","2.21","1.66"
"60354","06-11-16 21:30","Portugal","Liga Portugal","2016/2017","Maritimo","Braga","3.28","3.20","2.46","1.03","9.60","1.33","3.28","2.20","1.75","3.78","1.26","7.10","1.06","1.75","2.02"
"60353","25-11-16 21:30","Portugal","Liga Portugal","2016/2017","Vitoria Setubal","Rio Ave","2.98","2.95","2.85","1.03","8.70","1.37","3.04","2.38","1.65","4.14","1.22","8.00","1.05","1.83","1.97"
"60352","26-11-16 12:45","Portugal","Liga Portugal","2016/2017","Chaves","Maritimo","2.28","2.93","4.08","1.05","8.10","1.40","2.92","2.50","1.60","4.44","1.20","8.50","1.04","1.92","1.88"
"60351","26-11-16 17:00","Portugal","Liga Portugal","2016/2017","Nacional","Estoril","2.17","3.44","3.68","1.03","9.50","1.35","3.18","2.23","1.73","3.90","1.25","7.30","1.06","1.88","1.92"
"60350","26-11-16 19:15","Portugal","Liga Portugal","2016/2017","Boavista","Sporting CP","9.20","4.90","1.39","1.02","10.00","1.32","3.34","2.12","1.81","3.72","1.27","7.00","1.06","2.38","1.56"
"60349","26-11-16 21:30","Portugal","Liga Portugal","2016/2017","BSAD","FC Porto","12.00","5.50","1.32","1.05","11.00","1.22","4.24","1.83","2.09","3.00","1.38","5.50","1.11","2.20","1.66"
"60348","27-11-16 17:00","Portugal","Liga Portugal","2016/2017","Arouca","Pacos Ferreira","2.48","3.24","3.17","1.04","8.30","1.41","2.86","2.45","1.62","4.44","1.20","8.40","1.04","1.99","1.82"
"60347","27-11-16 19:00","Portugal","Liga Portugal","2016/2017","Benfica","Moreirense","1.16","8.30","20.00","1.03","17.00","1.12","6.20","1.50","2.79","2.22","1.65","3.80","1.22","2.05","1.65"
"60346","27-11-16 21:15","Portugal","Liga Portugal","2016/2017","Tondela","Vitoria Guimaraes","4.02","3.04","2.21","1.05","7.80","1.31","3.38","2.20","1.75","3.70","1.27","7.00","1.06","1.75","2.08"
"60345","28-11-16 21:00","Portugal","Liga Portugal","2016/2017","Braga","Feirense","1.47","4.50","7.20","","","1.24","3.96","1.90","2.00","3.14","1.35","5.80","1.10","1.95","1.85"
"60344","02-12-16 21:30","Portugal","Liga Portugal","2016/2017","Maritimo","Benfica","9.60","4.90","1.36","","","1.22","3.98","1.90","2.00","3.16","1.34","5.90","1.10","2.05","1.73"
"60343","03-12-16 17:00","Portugal","Liga Portugal","2016/2017","Rio Ave","Tondela","1.85","3.60","4.92","1.03","8.90","1.37","3.08","2.30","1.69","4.10","1.23","7.80","1.05","2.02","1.79"
"60342","03-12-16 19:15","Portugal","Liga Portugal","2016/2017","Sporting CP","Vitoria Setubal","1.21","7.30","14.50","1.03","15.00","1.14","5.50","1.57","2.58","2.38","1.57","4.04","1.20","2.34","1.60"
"60341","03-12-16 21:30","Portugal","Liga Portugal","2016/2017","FC Porto","Braga","1.45","4.90","7.60","","","1.23","4.10","1.84","2.07","3.02","1.38","5.50","1.11","1.95","1.79"
"60339","04-12-16 17:00","Portugal","Liga Portugal","2016/2017","Feirense","Arouca","2.81","2.95","3.01","1.06","7.70","1.44","2.76","2.60","1.56","4.74","1.18","9.00","1.03","1.98","1.83"
"60340","04-12-16 17:00","Portugal","Liga Portugal","2016/2017","Moreirense","Nacional","2.39","3.40","3.19","1.04","8.60","1.40","2.92","2.38","1.65","4.30","1.21","8.10","1.05","1.91","1.83"
"60338","04-12-16 19:00","Portugal","Liga Portugal","2016/2017","Estoril","BSAD","2.98","3.15","2.70","1.05","8.10","1.42","2.83","2.50","1.60","4.60","1.19","8.60","1.04","1.95","1.83"
"60337","04-12-16 21:15","Portugal","Liga Portugal","2016/2017","Vitoria Guimaraes","Chaves","1.85","3.44","5.05","1.03","8.90","1.36","3.10","2.30","1.69","4.10","1.23","7.80","1.05","1.99","1.82"
"60336","05-12-16 21:00","Portugal","Liga Portugal","2016/2017","Pacos Ferreira","Boavista","2.17","3.16","4.02","1.06","7.70","1.45","2.74","2.60","1.56","4.80","1.18","9.10","1.03","2.08","1.75"
"60335","09-12-16 21:30","Portugal","Liga Portugal","2016/2017","Vitoria Setubal","Estoril","2.22","3.20","3.84","1.05","8.10","1.42","2.84","2.50","1.60","4.60","1.19","8.60","1.04","2.10","1.80"
"60334","10-12-16 12:45","Portugal","Liga Portugal","2016/2017","BSAD","Maritimo","2.52","3.05","3.36","1.04","8.30","1.40","2.90","2.47","1.61","4.44","1.20","8.40","1.04","2.03","1.85"
"60333","10-12-16 19:15","Portugal","Liga Portugal","2016/2017","Chaves","Moreirense","2.60","2.90","3.40","1.05","7.80","1.43","2.78","2.60","1.56","4.74","1.18","9.00","1.03","2.08","1.82"
"60332","10-12-16 21:30","Portugal","Liga Portugal","2016/2017","Boavista","Vitoria Guimaraes","3.48","3.06","2.45","1.05","8.10","1.41","2.86","2.50","1.60","4.50","1.20","8.60","1.04","2.06","1.84"
"60330","11-12-16 17:00","Portugal","Liga Portugal","2016/2017","Feirense","FC Porto","15.00","5.90","1.25","","","1.18","4.74","1.73","2.23","2.76","1.44","5.10","1.13","2.45","1.61"
"60331","11-12-16 17:00","Portugal","Liga Portugal","2016/2017","Nacional","Tondela","2.22","3.16","3.90","1.02","9.80","1.32","3.32","2.20","1.75","3.78","1.26","7.10","1.06","1.89","2.00"
"60329","11-12-16 19:00","Portugal","Liga Portugal","2016/2017","Benfica","Sporting CP","2.41","3.15","3.44","1.05","7.90","1.35","3.18","2.27","1.71","3.96","1.24","7.50","1.06","1.93","1.95"
"60328","11-12-16 21:15","Portugal","Liga Portugal","2016/2017","Braga","Pacos Ferreira","1.69","3.54","5.40","","","1.23","4.10","1.90","2.00","3.08","1.37","5.70","1.11","1.82","2.08"
"60327","12-12-16 21:00","Portugal","Liga Portugal","2016/2017","Arouca","Rio Ave","3.22","2.79","2.82","1.06","7.30","1.44","2.75","2.72","1.52","4.94","1.17","9.50","1.03","2.12","1.79"
"60326","15-12-16 21:30","Portugal","Liga Portugal","2016/2017","FC Porto","Maritimo","1.16","8.20","19.00","","","1.11","6.30","1.47","2.86","2.17","1.68","3.64","1.24","2.55","1.56"
"60325","16-12-16 21:30","Portugal","Liga Portugal","2016/2017","Pacos Ferreira","BSAD","2.62","2.95","3.32","1.04","8.40","1.38","2.99","2.43","1.63","4.30","1.21","8.20","1.05","1.98","1.90"
"60324","17-12-16 19:15","Portugal","Liga Portugal","2016/2017","Moreirense","Arouca","2.19","2.99","4.08","1.04","8.30","1.37","3.04","2.40","1.64","4.20","1.22","8.00","1.05","2.01","1.88"
"60323","17-12-16 21:30","Portugal","Liga Portugal","2016/2017","Estoril","Benfica","13.50","5.80","1.26","","","1.19","4.60","1.76","2.19","2.83","1.42","5.20","1.13","2.34","1.66"
"60321","18-12-16 17:00","Portugal","Liga Portugal","2016/2017","Rio Ave","Nacional","1.69","3.72","6.15","1.02","10.50","1.30","3.48","2.11","1.81","3.60","1.28","6.80","1.07","2.02","1.87"
"60322","18-12-16 17:00","Portugal","Liga Portugal","2016/2017","Tondela","Boavista","2.45","2.95","3.64","1.06","7.20","1.48","2.61","2.76","1.51","5.10","1.16","9.80","1.02","2.18","1.75"
"60320","18-12-16 19:00","Portugal","Liga Portugal","2016/2017","Vitoria Guimaraes","Vitoria Setubal","2.02","3.34","4.38","1.03","9.20","1.35","3.14","2.29","1.70","4.00","1.24","7.60","1.06","2.04","1.85"
"60319","18-12-16 21:15","Portugal","Liga Portugal","2016/2017","Sporting CP","Braga","1.38","4.90","9.10","","","1.24","3.96","1.90","2.00","3.16","1.35","5.80","1.10","2.26","1.70"
"60318","19-12-16 18:30","Portugal","Liga Portugal","2016/2017","Maritimo","Feirense","1.79","3.50","5.40","1.04","8.60","1.38","3.00","2.38","1.65","4.30","1.21","8.20","1.05","2.22","1.73"
"60317","19-12-16 21:00","Portugal","Liga Portugal","2016/2017","FC Porto","Chaves","1.20","7.10","16.00","1.01","13.50","1.15","5.30","1.62","2.45","2.51","1.52","4.40","1.17","2.49","1.59"
"60316","21-12-16 19:00","Portugal","Liga Portugal","2016/2017","Benfica","Rio Ave","1.29","5.70","12.00","1.04","13.00","1.17","5.00","1.66","2.38","2.58","1.49","4.54","1.16","2.01","1.88"
"60315","22-12-16 18:00","Portugal","Liga Portugal","2016/2017","Nacional","Boavista","1.98","3.36","4.44","1.03","9.00","1.34","3.20","2.36","1.66","4.20","1.22","8.00","1.05","2.09","1.81"
"60313","22-12-16 20:00","Portugal","Liga Portugal","2016/2017","Braga","Moreirense","1.59","3.72","6.35","1.01","11.00","1.28","3.62","2.05","1.86","3.44","1.30","6.50","1.08","2.02","1.86"
"60314","22-12-16 20:00","Portugal","Liga Portugal","2016/2017","Feirense","Pacos Ferreira","3.10","3.00","2.70","1.03","9.20","1.36","3.13","2.32","1.68","4.00","1.24","7.80","1.05","1.95","1.93"
"60311","22-12-16 22:00","Portugal","Liga Portugal","2016/2017","BSAD","Sporting CP","6.20","4.40","1.55","1.01","11.00","1.29","3.54","2.01","1.89","3.44","1.30","6.30","1.09","2.11","1.76"
"60312","22-12-16 22:00","Portugal","Liga Portugal","2016/2017","Chaves","Estoril","1.98","3.30","4.54","1.05","7.80","1.44","2.75","2.58","1.57","4.74","1.18","9.10","1.03","2.31","1.67"
"60310","23-12-16 20:00","Portugal","Liga Portugal","2016/2017","Vitoria Setubal","Tondela","2.12","3.19","4.26","1.04","8.30","1.40","2.90","2.49","1.62","4.44","1.20","8.60","1.04","2.10","1.80"
"60309","23-12-16 22:00","Portugal","Liga Portugal","2016/2017","Arouca","Vitoria Guimaraes","3.54","3.22","2.32","1.03","9.60","1.33","3.24","2.23","1.75","3.82","1.26","7.30","1.06","1.92","1.96"
"60308","07-01-17 12:45","Portugal","Liga Portugal","2016/2017","Nacional","Braga","3.50","3.54","2.16","1.02","10.50","1.32","3.34","2.13","1.80","3.68","1.27","6.80","1.07","1.84","1.98"
"60307","07-01-17 17:00","Portugal","Liga Portugal","2016/2017","Estoril","Maritimo","2.98","2.95","2.85","1.05","7.80","1.43","2.79","2.57","1.57","4.64","1.19","8.90","1.03","2.09","1.77"
"60306","07-01-17 19:15","Portugal","Liga Portugal","2016/2017","Vitoria Guimaraes","Benfica","6.10","3.82","1.64","","","1.23","4.10","1.90","2.00","3.08","1.37","5.80","1.10","1.88","2.01"
"60305","07-01-17 21:30","Portugal","Liga Portugal","2016/2017","Pacos Ferreira","FC Porto","11.00","4.90","1.36","","","1.22","4.14","1.87","2.04","3.08","1.37","5.80","1.10","2.19","1.74"
"60303","08-01-17 17:00","Portugal","Liga Portugal","2016/2017","Rio Ave","Chaves","1.94","3.30","4.78","1.04","8.30","1.40","2.92","2.45","1.62","4.44","1.20","8.40","1.04","2.18","1.75"
"60304","08-01-17 17:00","Portugal","Liga Portugal","2016/2017","Tondela","Arouca","2.82","3.10","2.89","1.05","7.90","1.43","2.78","2.55","1.58","4.64","1.19","8.80","1.03","2.05","1.82"
"60302","08-01-17 19:00","Portugal","Liga Portugal","2016/2017","Boavista","Vitoria Setubal","2.51","2.96","3.44","1.08","6.60","1.55","2.42","2.98","1.45","5.70","1.14","","","2.30","1.65"
"60301","08-01-17 21:15","Portugal","Liga Portugal","2016/2017","Sporting CP","Feirense","1.16","8.10","19.00","","","1.13","5.90","1.53","2.69","2.29","1.61","3.92","1.21","2.41","1.63"
"60300","09-01-17 21:00","Portugal","Liga Portugal","2016/2017","Moreirense","BSAD","2.25","3.24","3.62","1.04","8.50","1.36","3.04","2.35","1.66","4.14","1.22","7.90","1.05","2.00","1.89"
"60299","13-01-17 21:30","Portugal","Liga Portugal","2016/2017","Arouca","Estoril","1.87","3.32","5.30","1.06","7.60","1.45","2.73","2.63","1.55","4.90","1.17","9.40","1.03","2.24","1.71"
"60297","14-01-17 17:00","Portugal","Liga Portugal","2016/2017","Benfica","Boavista","1.18","7.10","20.00","1.01","15.00","1.14","5.30","1.64","2.40","2.57","1.50","4.60","1.16","2.56","1.56"
"60298","14-01-17 17:00","Portugal","Liga Portugal","2016/2017","Vitoria Setubal","Nacional","2.27","3.24","3.60","1.03","9.20","1.36","3.13","2.29","1.70","4.00","1.24","7.60","1.06","1.98","1.90"
"60296","14-01-17 19:15","Portugal","Liga Portugal","2016/2017","Chaves","Sporting CP","6.05","3.74","1.67","1.03","9.20","1.35","3.14","2.29","1.70","4.10","1.23","7.80","1.05","2.21","1.74"
"60295","14-01-17 21:30","Portugal","Liga Portugal","2016/2017","Feirense","Vitoria Guimaraes","3.92","3.40","2.06","1.03","9.30","1.35","3.16","2.25","1.72","3.96","1.24","7.50","1.06","1.98","1.90"
"60294","15-01-17 17:00","Portugal","Liga Portugal","2016/2017","Maritimo","Pacos Ferreira","2.30","3.30","3.48","1.03","8.80","1.38","3.00","2.35","1.66","4.20","1.22","8.00","1.05","2.00","1.87"
"60293","15-01-17 19:00","Portugal","Liga Portugal","2016/2017","FC Porto","Moreirense","1.17","7.80","19.00","1.01","13.50","1.14","5.50","1.58","2.55","2.42","1.55","4.24","1.18","2.35","1.64"
"60292","15-01-17 21:15","Portugal","Liga Portugal","2016/2017","BSAD","Rio Ave","3.05","3.02","2.72","1.05","8.10","1.41","2.86","2.50","1.60","4.50","1.20","8.60","1.04","2.06","1.83"
"60291","16-01-17 21:00","Portugal","Liga Portugal","2016/2017","Braga","Tondela","1.31","5.20","11.00","","","1.21","4.32","1.81","2.12","2.80","1.43","5.10","1.13","2.13","1.78"
"60290","20-01-17 21:30","Portugal","Liga Portugal","2016/2017","Pacos Ferreira","Moreirense","2.61","2.95","3.32","1.06","7.50","1.45","2.71","2.66","1.54","4.90","1.17","9.40","1.03","2.14","1.78"
"60289","21-01-17 17:00","Portugal","Liga Portugal","2016/2017","FC Porto","Rio Ave","1.23","6.50","16.00","1.05","12.00","1.19","4.60","1.75","2.20","2.83","1.42","5.20","1.13","2.49","1.59"
"60288","21-01-17 19:15","Portugal","Liga Portugal","2016/2017","Maritimo","Sporting CP","5.75","3.88","1.69","1.02","10.50","1.29","3.54","2.06","1.85","3.52","1.29","6.60","1.08","2.01","1.88"
"60287","21-01-17 21:30","Portugal","Liga Portugal","2016/2017","Arouca","Boavista","2.55","2.94","3.42","1.06","7.20","1.48","2.61","2.75","1.51","5.10","1.16","9.80","1.02","2.13","1.75"
"60285","22-01-17 17:00","Portugal","Liga Portugal","2016/2017","Benfica","Tondela","1.13","9.30","24.00","1.02","21.00","1.06","7.00","1.35","3.14","2.01","1.89","3.32","1.32","2.26","1.70"
"60286","22-01-17 17:00","Portugal","Liga Portugal","2016/2017","Feirense","Estoril","2.32","3.10","3.70","1.06","7.70","1.45","2.74","2.60","1.56","4.74","1.18","9.10","1.03","2.12","1.78"
"60284","22-01-17 19:00","Portugal","Liga Portugal","2016/2017","BSAD","Vitoria Setubal","2.35","2.95","3.86","1.06","7.40","1.45","2.71","2.68","1.53","4.90","1.17","9.40","1.03","2.16","1.76"
"60283","22-01-17 21:15","Portugal","Liga Portugal","2016/2017","Braga","Vitoria Guimaraes","2.01","3.34","4.38","1.02","9.90","1.31","3.38","2.16","1.78","3.68","1.27","7.00","1.06","1.90","1.98"
"60282","23-01-17 21:00","Portugal","Liga Portugal","2016/2017","Chaves","Nacional","1.79","3.32","5.35","1.05","8.10","1.41","2.88","2.50","1.60","4.60","1.19","8.70","1.03","2.18","1.75"
"60281","27-01-17 21:30","Portugal","Liga Portugal","2016/2017","Boavista","BSAD","2.37","3.00","3.62","1.07","6.80","1.53","2.48","2.90","1.47","5.50","1.14","11.50","1.01","2.20","1.67"
"60280","28-01-17 12:45","Portugal","Liga Portugal","2016/2017","Tondela","Chaves","3.16","2.97","2.68","1.04","8.30","1.40","2.93","2.46","1.62","4.34","1.21","8.30","1.04","2.02","1.87"
"60278","28-01-17 17:00","Portugal","Liga Portugal","2016/2017","Nacional","Arouca","2.27","3.10","3.84","1.03","8.80","1.37","3.06","2.36","1.66","4.14","1.22","7.90","1.05","1.95","1.92"
"60279","28-01-17 17:00","Portugal","Liga Portugal","2016/2017","Vitoria Guimaraes","Maritimo","1.96","3.44","4.48","1.03","9.20","1.36","3.13","2.29","1.70","4.10","1.23","7.80","1.05","2.04","1.85"
"60277","28-01-17 19:15","Portugal","Liga Portugal","2016/2017","Estoril","FC Porto","13.00","6.30","1.26","","","1.22","4.20","1.80","2.13","2.95","1.39","5.30","1.12","2.60","1.55"
"60276","28-01-17 21:30","Portugal","Liga Portugal","2016/2017","Sporting CP","Pacos Ferreira","1.21","6.80","16.00","1.01","14.50","1.17","4.90","1.67","2.34","2.64","1.47","4.70","1.15","2.42","1.61"
"60275","30-01-17 21:00","Portugal","Liga Portugal","2016/2017","Vitoria Setubal","Benfica","8.60","4.94","1.38","1.01","13.50","1.24","4.00","1.87","2.04","3.08","1.37","5.60","1.11","2.06","1.83"
"60274","02-02-17 20:00","Portugal","Liga Portugal","2016/2017","Moreirense","Feirense","2.10","3.14","4.30","1.05","8.00","1.41","2.86","2.52","1.59","4.60","1.19","8.70","1.03","2.08","1.82"
"60273","02-02-17 22:00","Portugal","Liga Portugal","2016/2017","Rio Ave","Braga","2.57","3.11","3.08","1.04","8.60","1.39","2.96","2.40","1.64","4.30","1.21","8.10","1.05","2.02","1.86"
"60272","03-02-17 21:30","Portugal","Liga Portugal","2016/2017","Pacos Ferreira","Vitoria Guimaraes","3.48","3.20","2.33","1.03","9.20","1.37","3.08","2.32","1.68","4.10","1.23","7.80","1.05","1.98","1.90"
"60271","04-02-17 17:00","Portugal","Liga Portugal","2016/2017","Chaves","Boavista","2.54","2.90","3.50","1.06","7.50","1.45","2.72","2.66","1.54","4.90","1.17","9.30","1.03","2.14","1.77"
"60270","04-02-17 21:30","Portugal","Liga Portugal","2016/2017","FC Porto","Sporting CP","1.72","3.74","5.40","1.03","9.60","1.34","3.22","2.21","1.74","3.90","1.25","7.40","1.06","2.05","1.85"
"60269","05-02-17 17:00","Portugal","Liga Portugal","2016/2017","Arouca","Vitoria Setubal","2.47","3.10","3.34","1.06","7.70","1.45","2.73","2.60","1.56","4.80","1.18","9.10","1.03","2.13","1.78"
"60268","05-02-17 19:00","Portugal","Liga Portugal","2016/2017","Benfica","Nacional","1.12","9.70","24.00","1.01","18.00","1.08","7.50","1.39","3.26","1.96","1.83","3.20","1.30","2.29","1.69"
"60267","05-02-17 21:15","Portugal","Liga Portugal","2016/2017","BSAD","Tondela","1.90","3.34","4.84","1.05","8.10","1.41","2.86","2.43","1.63","4.60","1.19","8.70","1.03","2.11","1.79"
"60266","06-02-17 20:00","Portugal","Liga Portugal","2016/2017","Maritimo","Moreirense","2.05","3.28","4.24","1.05","8.00","1.38","3.00","2.52","1.59","4.60","1.19","8.80","1.03","2.10","1.76"
"60264","06-02-17 22:00","Portugal","Liga Portugal","2016/2017","Braga","Estoril","1.43","4.46","9.20","1.03","9.70","1.32","3.34","2.17","1.79","3.80","1.26","7.30","1.06","2.35","1.65"
"60265","06-02-17 22:00","Portugal","Liga Portugal","2016/2017","Feirense","Rio Ave","2.95","3.26","2.60","1.05","7.90","1.45","2.74","2.55","1.58","4.74","1.18","9.00","1.03","2.10","1.77"
"60263","10-02-17 21:30","Portugal","Liga Portugal","2016/2017","Benfica","Arouca","1.16","8.00","19.00","1.04","13.00","1.10","6.90","1.49","2.79","2.07","1.74","3.48","1.26","2.20","1.74"
"60262","11-02-17 12:45","Portugal","Liga Portugal","2016/2017","Tondela","Feirense","2.32","3.24","3.46","1.05","7.90","1.44","2.76","2.55","1.58","4.74","1.18","9.00","1.03","2.06","1.80"
"60261","11-02-17 17:00","Portugal","Liga Portugal","2016/2017","Vitoria Setubal","Chaves","2.57","2.75","3.64","1.07","6.80","1.49","2.58","2.86","1.48","5.30","1.15","11.50","1.01","2.21","1.73"
"60260","11-02-17 19:15","Portugal","Liga Portugal","2016/2017","Estoril","Pacos Ferreira","2.61","3.10","3.13","1.05","8.10","1.41","2.86","2.49","1.60","4.50","1.20","8.60","1.04","2.09","1.81"
"60259","11-02-17 21:30","Portugal","Liga Portugal","2016/2017","Vitoria Guimaraes","FC Porto","6.85","4.32","1.51","1.02","10.50","1.30","3.44","2.08","1.83","3.60","1.28","6.80","1.07","2.14","1.78"
"60258","12-02-17 17:00","Portugal","Liga Portugal","2016/2017","Nacional","BSAD","2.46","3.10","3.40","1.04","8.30","1.40","2.91","2.45","1.62","4.40","1.21","8.30","1.04","2.05","1.82"
"60257","12-02-17 19:00","Portugal","Liga Portugal","2016/2017","Moreirense","Sporting CP","7.60","4.34","1.48","1.02","10.50","1.30","3.48","2.08","1.83","3.60","1.28","6.80","1.07","2.20","1.71"
"60256","12-02-17 21:15","Portugal","Liga Portugal","2016/2017","Boavista","Braga","3.36","3.06","2.47","1.06","7.30","1.47","2.65","2.68","1.53","5.00","1.17","9.50","1.03","2.21","1.73"
"60255","13-02-17 21:00","Portugal","Liga Portugal","2016/2017","Rio Ave","Maritimo","2.10","3.24","4.14","1.06","7.30","1.52","2.50","2.72","1.52","5.00","1.17","9.50","1.03","2.19","1.74"
"60254","17-02-17 21:30","Portugal","Liga Portugal","2016/2017","FC Porto","Tondela","1.12","9.50","27.00","","","1.14","5.50","1.56","2.60","2.38","1.57","4.04","1.20","2.91","1.46"
"60252","18-02-17 17:00","Portugal","Liga Portugal","2016/2017","Chaves","Arouca","2.26","3.04","3.94","1.05","8.10","1.41","2.88","2.50","1.60","4.44","1.20","8.60","1.04","2.10","1.81"
"60253","18-02-17 17:00","Portugal","Liga Portugal","2016/2017","Moreirense","Estoril","2.05","3.32","4.26","1.05","7.90","1.43","2.78","2.55","1.58","4.74","1.18","9.00","1.03","2.14","1.75"
"60251","18-02-17 19:15","Portugal","Liga Portugal","2016/2017","Feirense","Boavista","2.96","2.86","2.96","1.06","7.10","1.49","2.60","2.79","1.50","5.20","1.16","9.90","1.02","2.23","1.72"
"60250","18-02-17 21:30","Portugal","Liga Portugal","2016/2017","Sporting CP","Rio Ave","1.33","5.10","10.50","","","1.21","4.30","1.81","2.11","2.95","1.39","5.40","1.12","2.18","1.75"
"60249","19-02-17 17:00","Portugal","Liga Portugal","2016/2017","Pacos Ferreira","Vitoria Setubal","2.80","2.94","3.06","1.06","7.20","1.48","2.61","2.75","1.51","5.10","1.16","9.80","1.02","2.23","1.71"
"60248","19-02-17 19:00","Portugal","Liga Portugal","2016/2017","BSAD","Vitoria Guimaraes","3.22","2.97","2.65","1.05","8.00","1.41","2.86","2.53","1.59","4.60","1.19","8.70","1.03","2.09","1.82"
"60247","19-02-17 21:15","Portugal","Liga Portugal","2016/2017","Braga","Benfica","4.80","3.70","1.74","1.02","10.50","1.29","3.52","2.06","1.85","3.52","1.29","6.50","1.08","1.97","1.92"
"60246","20-02-17 21:00","Portugal","Liga Portugal","2016/2017","Maritimo","Nacional","1.70","3.74","5.30","1.04","8.30","1.41","2.88","2.43","1.63","4.44","1.20","8.40","1.04","2.20","1.74"
"60245","24-02-17 20:00","Portugal","Liga Portugal","2016/2017","Vitoria Guimaraes","Moreirense","1.79","3.50","5.50","1.03","9.20","1.35","3.16","2.29","1.70","4.10","1.23","7.80","1.05","2.07","1.82"
"60244","24-02-17 22:00","Portugal","Liga Portugal","2016/2017","Benfica","Chaves","1.23","6.60","14.50","","","1.18","4.74","1.69","2.29","2.70","1.46","4.84","1.14","2.49","1.59"
"60243","25-02-17 17:00","Portugal","Liga Portugal","2016/2017","Tondela","Maritimo","2.86","3.02","2.92","1.06","7.60","1.45","2.71","2.63","1.55","4.80","1.18","9.20","1.03","2.10","1.80"
"60242","25-02-17 19:15","Portugal","Liga Portugal","2016/2017","Estoril","Sporting CP","8.90","4.74","1.43","1.01","11.00","1.27","3.68","2.01","1.91","3.42","1.31","6.40","1.08","2.26","1.70"
"60241","25-02-17 21:30","Portugal","Liga Portugal","2016/2017","Rio Ave","Pacos Ferreira","1.85","3.44","5.15","1.03","8.70","1.38","3.02","2.38","1.66","4.24","1.22","8.10","1.05","2.17","1.75"
"60240","26-02-17 17:00","Portugal","Liga Portugal","2016/2017","Nacional","Feirense","2.19","3.14","3.98","1.05","8.10","1.41","2.86","2.50","1.60","4.50","1.20","8.60","1.04","2.10","1.80"
"60239","26-02-17 19:00","Portugal","Liga Portugal","2016/2017","Vitoria Setubal","Braga","3.36","2.88","2.63","1.06","7.30","1.47","2.65","2.74","1.52","5.00","1.17","9.60","1.03","2.17","1.75"
"60238","26-02-17 21:15","Portugal","Liga Portugal","2016/2017","Boavista","FC Porto","10.50","4.64","1.36","1.03","9.50","1.34","3.22","2.22","1.74","3.98","1.24","7.60","1.06","2.63","1.54"
"60237","27-02-17 21:00","Portugal","Liga Portugal","2016/2017","Arouca","BSAD","2.43","2.93","3.74","1.05","7.90","1.42","2.84","2.56","1.58","4.60","1.19","8.80","1.03","2.06","1.83"
"60236","03-03-17 21:30","Portugal","Liga Portugal","2016/2017","Moreirense","Boavista","2.45","3.10","3.42","1.06","7.70","1.45","2.73","2.61","1.56","4.80","1.18","9.10","1.03","2.22","1.73"
"60235","04-03-17 17:00","Portugal","Liga Portugal","2016/2017","Braga","Arouca","1.55","4.20","7.10","1.02","9.70","1.33","3.28","2.18","1.77","3.86","1.25","7.30","1.06","2.22","1.73"
"60234","04-03-17 19:15","Portugal","Liga Portugal","2016/2017","FC Porto","Nacional","1.10","10.50","32.00","","","1.10","6.70","1.45","2.98","2.11","1.71","3.54","1.25","2.98","1.44"
"60233","04-03-17 21:30","Portugal","Liga Portugal","2016/2017","Feirense","Benfica","10.50","5.40","1.31","","","1.24","3.98","1.87","2.04","3.10","1.36","5.70","1.11","2.33","1.66"
"60232","05-03-17 12:45","Portugal","Liga Portugal","2016/2017","Pacos Ferreira","Tondela","2.04","3.30","4.30","1.04","8.40","1.39","2.95","2.43","1.63","4.34","1.21","8.30","1.04","2.12","1.79"
"60231","05-03-17 17:00","Portugal","Liga Portugal","2016/2017","Maritimo","Vitoria Setubal","2.45","3.05","3.42","1.08","6.60","1.57","2.38","2.90","1.47","5.70","1.14","","","2.23","1.72"
"60230","05-03-17 19:00","Portugal","Liga Portugal","2016/2017","BSAD","Chaves","2.01","3.24","4.56","1.06","7.70","1.45","2.74","2.60","1.56","4.80","1.18","9.20","1.03","2.20","1.72"
"60229","05-03-17 21:15","Portugal","Liga Portugal","2016/2017","Sporting CP","Vitoria Guimaraes","1.37","4.94","8.60","","","1.22","4.20","1.82","2.10","2.96","1.39","5.40","1.12","1.98","1.90"
"60228","06-03-17 21:00","Portugal","Liga Portugal","2016/2017","Estoril","Rio Ave","3.50","3.05","2.42","1.06","7.40","1.42","2.83","2.68","1.53","5.00","1.17","9.50","1.03","2.18","1.74"
"60227","10-03-17 21:30","Portugal","Liga Portugal","2016/2017","Arouca","FC Porto","11.50","6.40","1.25","","","1.20","4.44","1.72","2.25","2.74","1.45","4.84","1.14","2.41","1.62"
"60226","11-03-17 17:00","Portugal","Liga Portugal","2016/2017","Vitoria Setubal","Feirense","2.03","3.13","4.70","1.08","6.50","1.56","2.40","3.02","1.44","5.90","1.13","","","2.47","1.60"
"60225","11-03-17 19:15","Portugal","Liga Portugal","2016/2017","Chaves","Braga","3.46","3.26","2.32","1.03","9.20","1.37","3.06","2.32","1.68","4.10","1.23","7.80","1.05","1.99","1.89"
"60224","11-03-17 21:30","Portugal","Liga Portugal","2016/2017","Tondela","Sporting CP","8.40","4.74","1.40","1.01","11.50","1.26","3.78","1.96","1.94","3.32","1.32","6.10","1.09","2.20","1.73"
"60223","12-03-17 17:00","Portugal","Liga Portugal","2016/2017","Boavista","Maritimo","2.46","2.94","3.54","1.08","6.40","1.56","2.40","3.02","1.44","5.80","1.13","","","2.38","1.64"
"60222","12-03-17 19:00","Portugal","Liga Portugal","2016/2017","Rio Ave","Moreirense","1.70","3.82","5.55","1.04","8.30","1.42","2.84","2.45","1.62","4.60","1.19","8.60","1.04","2.23","1.71"
"60221","12-03-17 21:15","Portugal","Liga Portugal","2016/2017","Vitoria Guimaraes","Estoril","1.47","4.30","8.10","1.02","9.90","1.31","3.38","2.15","1.79","3.78","1.26","7.10","1.06","2.30","1.67"
"60220","13-03-17 19:00","Portugal","Liga Portugal","2016/2017","Nacional","Pacos Ferreira","2.25","3.24","3.64","1.04","8.60","1.39","2.95","2.40","1.64","4.30","1.21","8.20","1.05","2.07","1.83"
"60219","13-03-17 21:00","Portugal","Liga Portugal","2016/2017","Benfica","BSAD","1.17","7.50","19.00","1.03","15.00","1.13","5.90","1.54","2.63","2.34","1.59","4.10","1.20","2.28","1.69"
"60218","17-03-17 21:30","Portugal","Liga Portugal","2016/2017","Estoril","Boavista","3.60","2.93","2.45","1.07","6.80","1.51","2.53","2.86","1.48","5.40","1.15","11.50","1.01","2.26","1.70"
"60216","18-03-17 17:00","Portugal","Liga Portugal","2016/2017","BSAD","Braga","3.16","3.00","2.66","1.05","8.10","1.41","2.88","2.50","1.60","4.44","1.20","8.60","1.04","2.06","1.83"
"60217","18-03-17 17:00","Portugal","Liga Portugal","2016/2017","Moreirense","Tondela","1.87","3.52","4.86","1.04","8.60","1.39","2.97","2.38","1.65","4.30","1.21","8.20","1.05","2.10","1.80"
"60215","18-03-17 19:15","Portugal","Liga Portugal","2016/2017","Sporting CP","Nacional","1.20","7.00","16.00","","","1.13","5.80","1.55","2.63","2.33","1.59","4.04","1.20","2.14","1.78"
"60214","18-03-17 21:30","Portugal","Liga Portugal","2016/2017","Pacos Ferreira","Benfica","11.50","5.20","1.31","","","1.24","4.00","1.90","2.00","3.18","1.35","6.00","1.10","2.37","1.65"
"60212","19-03-17 17:00","Portugal","Liga Portugal","2016/2017","Feirense","Chaves","3.09","2.86","2.85","1.06","7.10","1.49","2.60","2.79","1.50","5.20","1.16","9.90","1.02","2.18","1.74"
"60213","19-03-17 17:00","Portugal","Liga Portugal","2016/2017","Maritimo","Arouca","1.98","3.34","4.56","1.05","8.10","1.42","2.84","2.50","1.60","4.60","1.19","8.70","1.03","2.15","1.75"
"60211","19-03-17 19:00","Portugal","Liga Portugal","2016/2017","FC Porto","Vitoria Setubal","1.14","8.50","22.00","","","1.14","5.50","1.58","2.55","2.42","1.55","4.20","1.19","2.63","1.50"
"60210","19-03-17 21:15","Portugal","Liga Portugal","2016/2017","Vitoria Guimaraes","Rio Ave","2.41","3.24","3.32","1.03","9.50","1.34","3.20","2.24","1.73","3.88","1.25","7.30","1.06","1.92","1.97"
"60209","31-03-17 20:00","Portugal","Liga Portugal","2016/2017","Chaves","Pacos Ferreira","2.23","3.19","3.78","1.05","7.80","1.45","2.74","2.59","1.57","4.74","1.18","9.00","1.03","2.11","1.76"
"60208","31-03-17 22:00","Portugal","Liga Portugal","2016/2017","Nacional","Vitoria Guimaraes","2.80","3.32","2.69","1.03","9.50","1.35","3.18","2.23","1.73","3.90","1.25","7.30","1.06","1.90","1.98"
"60207","01-04-17 17:00","Portugal","Liga Portugal","2016/2017","Tondela","Estoril","2.50","3.15","3.26","1.05","8.10","1.42","2.83","2.50","1.60","4.60","1.19","8.60","1.04","2.10","1.80"
"60206","01-04-17 19:15","Portugal","Liga Portugal","2016/2017","Boavista","Rio Ave","2.83","2.96","3.01","1.06","7.40","1.46","2.68","2.68","1.53","4.94","1.17","9.40","1.03","2.11","1.80"
"60205","01-04-17 21:30","Portugal","Liga Portugal","2016/2017","Benfica","FC Porto","2.57","3.04","3.12","1.02","9.90","1.32","3.34","2.19","1.76","3.70","1.27","7.00","1.06","1.90","1.98"
"60203","02-04-17 17:00","Portugal","Liga Portugal","2016/2017","BSAD","Feirense","2.04","3.24","4.40","1.05","7.80","1.43","2.79","2.56","1.58","4.74","1.18","9.00","1.03","2.15","1.75"
"60204","02-04-17 17:00","Portugal","Liga Portugal","2016/2017","Vitoria Setubal","Moreirense","2.42","3.00","3.62","1.06","7.70","1.44","2.76","2.61","1.56","4.74","1.18","9.10","1.03","2.12","1.78"
"60202","02-04-17 19:00","Portugal","Liga Portugal","2016/2017","Arouca","Sporting CP","8.30","4.74","1.42","","","1.22","4.00","1.88","2.03","3.10","1.36","5.80","1.10","2.15","1.77"
"60201","02-04-17 21:15","Portugal","Liga Portugal","2016/2017","Braga","Maritimo","1.69","3.86","5.55","1.03","9.20","1.37","3.08","2.29","1.70","4.10","1.23","7.80","1.05","2.15","1.73"
"60200","07-04-17 21:30","Portugal","Liga Portugal","2016/2017","Feirense","Braga","3.64","3.19","2.25","1.03","8.90","1.35","3.16","2.39","1.66","4.10","1.23","7.80","1.05","2.00","1.89"
"60199","08-04-17 17:00","Portugal","Liga Portugal","2016/2017","Pacos Ferreira","Arouca","2.18","3.22","3.94","1.03","8.80","1.36","3.10","2.43","1.63","4.20","1.22","8.00","1.05","2.07","1.83"
"60198","08-04-17 19:15","Portugal","Liga Portugal","2016/2017","FC Porto","BSAD","1.11","9.90","28.00","","","1.11","6.40","1.51","2.75","2.18","1.67","3.66","1.24","2.85","1.47"
"60197","08-04-17 21:30","Portugal","Liga Portugal","2016/2017","Sporting CP","Boavista","1.30","5.50","11.00","","","1.22","4.14","1.89","2.00","3.08","1.37","5.60","1.11","2.36","1.63"
"60195","09-04-17 17:00","Portugal","Liga Portugal","2016/2017","Estoril","Nacional","2.45","3.24","3.20","1.03","8.90","1.35","3.14","2.38","1.65","4.10","1.23","7.80","1.05","2.01","1.86"
"60196","09-04-17 17:00","Portugal","Liga Portugal","2016/2017","Rio Ave","Vitoria Setubal","1.78","3.52","5.50","1.03","8.70","1.36","3.10","2.43","1.63","4.24","1.22","8.20","1.05","2.15","1.72"
"60194","09-04-17 19:00","Portugal","Liga Portugal","2016/2017","Vitoria Guimaraes","Tondela","1.38","5.00","8.20","1.01","11.50","1.25","3.88","1.97","1.93","3.22","1.34","6.00","1.10","2.22","1.73"
"60193","09-04-17 21:15","Portugal","Liga Portugal","2016/2017","Moreirense","Benfica","10.50","5.25","1.32","","","1.20","4.50","1.79","2.13","2.78","1.43","5.10","1.13","2.11","1.75"
"60192","10-04-17 21:00","Portugal","Liga Portugal","2016/2017","Maritimo","Chaves","1.97","3.52","4.26","1.03","9.10","1.35","3.15","2.36","1.68","4.10","1.23","7.80","1.05","2.10","1.80"
"60190","14-04-17 17:00","Portugal","Liga Portugal","2016/2017","Boavista","Pacos Ferreira","2.30","3.04","3.84","1.06","7.20","1.46","2.68","2.82","1.49","5.10","1.16","9.90","1.02","2.22","1.73"
"60191","14-04-17 17:00","Portugal","Liga Portugal","2016/2017","BSAD","Estoril","2.26","3.16","3.74","1.04","8.30","1.39","2.97","2.52","1.59","4.44","1.20","8.50","1.04","2.11","1.79"
"60189","14-04-17 19:15","Portugal","Liga Portugal","2016/2017","Benfica","Maritimo","1.16","7.90","19.00","","","1.09","7.30","1.44","3.02","2.00","1.80","3.34","1.28","2.12","1.79"
"60188","14-04-17 21:30","Portugal","Liga Portugal","2016/2017","Vitoria Setubal","Sporting CP","5.75","4.20","1.61","1.01","11.50","1.27","3.72","1.97","1.93","3.24","1.33","6.00","1.10","2.09","1.82"
"60186","15-04-17 17:00","Portugal","Liga Portugal","2016/2017","Arouca","Feirense","2.22","3.20","3.82","1.05","8.10","1.42","2.82","2.45","1.62","4.50","1.20","8.60","1.04","2.08","1.82"
"60187","15-04-17 17:00","Portugal","Liga Portugal","2016/2017","Chaves","Vitoria Guimaraes","3.10","3.24","2.54","1.02","10.50","1.30","3.44","2.11","1.81","3.56","1.29","6.70","1.08","1.81","2.10"
"60185","15-04-17 19:15","Portugal","Liga Portugal","2016/2017","Tondela","Rio Ave","4.06","3.40","2.05","1.03","9.10","1.35","3.18","2.35","1.66","4.10","1.23","7.80","1.05","2.05","1.82"
"60184","15-04-17 21:30","Portugal","Liga Portugal","2016/2017","Braga","FC Porto","6.20","4.44","1.51","1.02","10.50","1.29","3.52","2.10","1.81","3.56","1.29","6.60","1.08","2.24","1.71"
"60183","17-04-17 21:00","Portugal","Liga Portugal","2016/2017","Nacional","Moreirense","2.33","3.24","3.44","1.03","8.70","1.37","3.08","2.43","1.63","4.20","1.22","8.00","1.05","2.05","1.81"
"60182","21-04-17 21:30","Portugal","Liga Portugal","2016/2017","Rio Ave","Arouca","1.61","3.94","6.30","1.02","10.50","1.30","3.44","2.12","1.81","3.68","1.27","6.90","1.07","2.11","1.79"
"60180","22-04-17 17:00","Portugal","Liga Portugal","2016/2017","Maritimo","BSAD","1.86","3.54","4.92","1.03","9.20","1.36","3.10","2.30","1.69","4.10","1.23","7.80","1.05","2.10","1.80"
"60181","22-04-17 17:00","Portugal","Liga Portugal","2016/2017","Tondela","Nacional","2.57","3.14","3.15","1.03","9.60","1.33","3.26","2.20","1.75","3.78","1.26","7.10","1.06","1.89","1.99"
"60179","22-04-17 19:15","Portugal","Liga Portugal","2016/2017","Estoril","Vitoria Setubal","2.45","3.14","3.38","1.06","7.70","1.45","2.72","2.60","1.56","4.80","1.18","9.10","1.03","2.14","1.77"
"60178","22-04-17 21:30","Portugal","Liga Portugal","2016/2017","Sporting CP","Benfica","2.50","3.22","3.04","1.02","10.50","1.30","3.50","2.09","1.83","3.52","1.29","6.60","1.08","1.81","2.09"
"60177","23-04-17 17:00","Portugal","Liga Portugal","2016/2017","Pacos Ferreira","Braga","3.64","2.99","2.41","1.05","8.10","1.40","2.90","2.50","1.60","4.44","1.20","8.60","1.04","2.06","1.83"
"60176","23-04-17 19:00","Portugal","Liga Portugal","2016/2017","Vitoria Guimaraes","Boavista","1.54","4.14","7.50","1.02","9.90","1.31","3.38","2.15","1.79","3.78","1.26","7.10","1.06","2.25","1.71"
"60175","23-04-17 21:15","Portugal","Liga Portugal","2016/2017","FC Porto","Feirense","1.13","9.30","24.00","","","1.14","5.70","1.53","2.69","2.29","1.61","3.92","1.21","2.70","1.51"
"60174","24-04-17 21:00","Portugal","Liga Portugal","2016/2017","Moreirense","Chaves","2.24","3.20","3.72","1.03","9.20","1.35","3.14","2.30","1.69","4.00","1.24","7.60","1.06","1.97","1.92"
"60173","28-04-17 21:30","Portugal","Liga Portugal","2016/2017","Vitoria Setubal","Vitoria Guimaraes","4.12","3.26","2.09","1.03","9.50","1.33","3.24","2.24","1.73","3.86","1.25","7.30","1.06","1.95","1.93"
"60171","29-04-17 17:00","Portugal","Liga Portugal","2016/2017","Boavista","Tondela","2.50","3.15","3.28","1.05","8.10","1.42","2.84","2.50","1.60","4.60","1.19","8.60","1.04","2.05","1.83"
"60172","29-04-17 17:00","Portugal","Liga Portugal","2016/2017","Nacional","Rio Ave","3.30","3.34","2.38","1.02","9.80","1.33","3.24","2.20","1.75","3.80","1.26","7.30","1.06","1.90","1.98"
"60170","29-04-17 19:15","Portugal","Liga Portugal","2016/2017","Benfica","Estoril","1.13","10.50","19.00","","","1.11","6.50","1.42","3.13","2.00","1.79","3.18","1.31","2.39","1.63"
"60169","29-04-17 21:30","Portugal","Liga Portugal","2016/2017","Chaves","FC Porto","9.00","5.10","1.36","","","1.21","4.30","1.80","2.13","2.91","1.40","5.30","1.12","2.09","1.81"
"60167","30-04-17 17:00","Portugal","Liga Portugal","2016/2017","Arouca","Moreirense","3.00","3.08","2.74","1.06","7.70","1.45","2.73","2.60","1.56","4.74","1.18","9.10","1.03","2.11","1.80"
"60168","30-04-17 17:00","Portugal","Liga Portugal","2016/2017","Feirense","Maritimo","3.00","3.10","2.71","1.04","8.60","1.39","2.97","2.40","1.64","4.30","1.21","8.10","1.05","2.03","1.86"
"60166","30-04-17 19:00","Portugal","Liga Portugal","2016/2017","Braga","Sporting CP","4.02","3.56","1.99","1.01","11.00","1.28","3.62","2.02","1.89","3.38","1.31","6.30","1.09","1.86","2.03"
"60165","30-04-17 21:15","Portugal","Liga Portugal","2016/2017","BSAD","Pacos Ferreira","2.22","3.13","3.94","1.05","7.90","1.42","2.82","2.54","1.58","4.60","1.19","8.80","1.03","2.13","1.78"
"60164","05-05-17 21:30","Portugal","Liga Portugal","2016/2017","Moreirense","Braga","2.84","3.18","2.76","1.03","9.60","1.32","3.34","2.28","1.72","3.80","1.26","7.30","1.06","1.92","1.96"
"60163","06-05-17 17:00","Portugal","Liga Portugal","2016/2017","Boavista","Nacional","2.15","3.34","3.76","1.06","7.60","1.48","2.63","2.55","1.58","4.44","1.20","8.30","1.04","2.04","1.85"
"60162","06-05-17 19:15","Portugal","Liga Portugal","2016/2017","Pacos Ferreira","Feirense","4.28","4.22","1.75","1.02","9.30","1.36","3.06","2.26","1.70","3.92","1.24","7.20","1.06","2.22","1.72"
"60161","06-05-17 21:30","Portugal","Liga Portugal","2016/2017","Maritimo","FC Porto","7.60","4.64","1.45","","","1.26","3.80","1.90","2.00","3.08","1.37","5.60","1.11","2.04","1.85"
"60160","07-05-17 12:45","Portugal","Liga Portugal","2016/2017","Sporting CP","BSAD","1.21","7.00","14.00","","","1.12","6.10","1.56","2.60","2.27","1.62","3.92","1.21","2.20","1.73"
"60159","07-05-17 17:00","Portugal","Liga Portugal","2016/2017","Tondela","Vitoria Setubal","1.97","3.40","4.44","1.04","8.60","1.37","3.04","2.45","1.62","4.30","1.21","8.30","1.04","2.10","1.76"
"60158","07-05-17 19:00","Portugal","Liga Portugal","2016/2017","Vitoria Guimaraes","Arouca","1.48","4.70","7.00","","","1.21","4.30","1.85","2.06","2.92","1.40","5.30","1.12","1.98","1.90"
"60157","07-05-17 21:15","Portugal","Liga Portugal","2016/2017","Rio Ave","Benfica","5.85","4.04","1.58","","","1.23","4.10","1.96","1.94","3.14","1.35","5.80","1.10","1.95","1.93"
"60156","08-05-17 21:00","Portugal","Liga Portugal","2016/2017","Estoril","Chaves","2.10","3.48","3.82","1.02","9.90","1.30","3.44","2.16","1.78","3.70","1.27","7.10","1.06","1.91","1.95"
"60155","12-05-17 21:30","Portugal","Liga Portugal","2016/2017","BSAD","Moreirense","3.04","3.22","2.50","1.04","7.80","1.38","2.91","2.36","1.63","4.50","1.18","8.50","1.03","1.95","1.93"
"60154","13-05-17 17:00","Portugal","Liga Portugal","2016/2017","Arouca","Tondela","2.47","3.36","3.13","1.03","9.60","1.32","3.32","2.22","1.74","3.86","1.25","7.50","1.06","1.86","2.02"
"60153","13-05-17 19:15","Portugal","Liga Portugal","2016/2017","Benfica","Vitoria Guimaraes","1.23","6.30","11.00","","","1.11","5.90","1.53","2.60","2.21","1.62","3.74","1.21","2.01","1.88"
"60152","13-05-17 21:30","Portugal","Liga Portugal","2016/2017","Feirense","Sporting CP","7.80","4.60","1.44","","","1.21","4.30","1.89","2.02","3.00","1.38","5.50","1.11","2.05","1.84"
"60150","14-05-17 17:00","Portugal","Liga Portugal","2016/2017","Chaves","Rio Ave","1.66","4.20","4.96","1.02","10.00","1.30","3.42","2.12","1.79","3.56","1.28","6.60","1.07","2.18","1.74"
"60151","14-05-17 17:00","Portugal","Liga Portugal","2016/2017","Maritimo","Estoril","1.55","4.30","6.85","1.01","11.00","1.27","3.70","2.03","1.88","3.40","1.31","6.40","1.08","2.05","1.84"
"60149","14-05-17 19:00","Portugal","Liga Portugal","2016/2017","FC Porto","Pacos Ferreira","1.16","8.70","22.00","","","1.09","7.10","1.45","3.00","1.98","1.79","3.28","1.28","2.52","1.58"
"60148","14-05-17 21:15","Portugal","Liga Portugal","2016/2017","Braga","Nacional","1.38","5.40","8.70","","","1.14","5.70","1.55","2.63","2.29","1.61","3.92","1.21","1.92","1.97"
"60147","15-05-17 21:00","Portugal","Liga Portugal","2016/2017","Vitoria Setubal","Boavista","2.41","3.15","3.40","1.05","8.10","1.41","2.88","2.59","1.57","4.60","1.19","8.80","1.03","2.10","1.81"
"60144","20-05-17 17:00","Portugal","Liga Portugal","2016/2017","Nacional","Vitoria Setubal","2.62","3.16","3.08","1.01","11.00","1.29","3.56","2.07","1.83","3.44","1.30","6.40","1.08","1.75","2.10"
"60145","20-05-17 17:00","Portugal","Liga Portugal","2016/2017","Pacos Ferreira","Maritimo","2.82","2.93","2.91","1.03","8.50","1.36","3.00","2.34","1.64","4.04","1.22","7.60","1.04","1.98","1.90"
"60146","20-05-17 17:00","Portugal","Liga Portugal","2016/2017","Rio Ave","BSAD","1.49","4.40","7.00","1.06","11.00","1.25","3.70","2.02","1.85","3.32","1.30","6.20","1.08","2.20","1.67"
"60143","20-05-17 19:15","Portugal","Liga Portugal","2016/2017","Vitoria Guimaraes","Feirense","1.73","4.00","5.20","1.01","11.50","1.26","3.78","2.04","1.87","3.34","1.32","6.30","1.09","1.91","1.95"
"60142","20-05-17 21:30","Portugal","Liga Portugal","2016/2017","Boavista","Benfica","5.90","4.40","1.59","","","1.25","3.90","1.89","2.01","3.13","1.36","5.80","1.10","1.96","1.92"
"60139","21-05-17 19:00","Portugal","Liga Portugal","2016/2017","Estoril","Arouca","2.40","3.20","3.22","1.01","9.80","1.31","3.28","2.14","1.76","3.62","1.26","6.70","1.06","1.90","1.98"
"60140","21-05-17 19:00","Portugal","Liga Portugal","2016/2017","Moreirense","FC Porto","4.88","4.10","1.67","1.01","12.00","1.18","4.50","1.78","2.11","2.73","1.42","4.84","1.13","1.80","2.10"
"60141","21-05-17 19:00","Portugal","Liga Portugal","2016/2017","Tondela","Braga","1.78","3.98","4.36","1.01","12.00","1.21","4.10","1.80","2.08","2.88","1.39","5.20","1.11","1.70","2.20"
"60138","21-05-17 21:15","Portugal","Liga Portugal","2016/2017","Sporting CP","Chaves","1.32","6.10","9.60","1.01","16.00","1.12","6.10","1.50","2.81","2.18","1.67","3.64","1.24","1.80","2.10"
"60137","06-08-17 19:00","Portugal","Liga Portugal","2017/2018","Aves","Sporting CP","7.20","4.58","1.45","1.03","13.00","1.26","3.78","1.88","2.01","3.20","1.34","5.80","1.10","2.13","1.78"
"60136","06-08-17 21:15","Portugal","Liga Portugal","2017/2018","Vitoria Setubal","Moreirense","2.25","3.24","3.70","1.06","7.30","1.50","2.55","2.75","1.51","5.50","1.14","","","2.20","1.69"
"60135","07-08-17 18:00","Portugal","Liga Portugal","2017/2018","Portimonense","Boavista","2.63","2.80","3.07","1.06","7.00","1.48","2.58","2.74","1.52","5.30","1.15","11.50","1.01","2.20","1.72"
"60134","07-08-17 20:00","Portugal","Liga Portugal","2017/2018","Feirense","Tondela","2.34","3.10","3.66","1.05","7.90","1.41","2.86","2.47","1.61","4.60","1.19","9.10","1.03","2.08","1.82"
"60133","07-08-17 22:00","Portugal","Liga Portugal","2017/2018","Rio Ave","BSAD","1.85","3.44","5.15","1.05","7.90","1.42","2.83","2.47","1.61","4.60","1.19","9.10","1.03","2.15","1.71"
"60132","08-08-17 17:00","Portugal","Liga Portugal","2017/2018","Maritimo","Pacos Ferreira","2.06","3.22","4.26","1.06","7.60","1.44","2.75","2.56","1.59","4.90","1.17","9.50","1.03","2.13","1.78"
"60131","09-08-17 20:00","Portugal","Liga Portugal","2017/2018","FC Porto","Estoril","1.17","8.10","17.00","1.01","14.50","1.14","5.50","1.53","2.68","2.31","1.60","3.92","1.21","2.57","1.56"
"60130","09-08-17 22:00","Portugal","Liga Portugal","2017/2018","Benfica","Braga","1.34","4.50","9.20","1.02","13.00","1.20","4.32","1.65","2.15","2.75","1.40","5.00","1.14","2.00","1.89"
"60129","10-08-17 22:00","Portugal","Liga Portugal","2017/2018","Vitoria Guimaraes","Chaves","2.04","3.40","3.90","1.03","9.50","1.35","3.15","2.22","1.72","3.98","1.24","7.80","1.05","1.91","1.95"
"60128","11-08-17 21:30","Portugal","Liga Portugal","2017/2018","Sporting CP","Vitoria Setubal","1.23","6.30","14.50","1.02","11.00","1.21","4.30","1.73","2.24","2.75","1.44","4.90","1.14","2.29","1.69"
"60127","12-08-17 17:00","Portugal","Liga Portugal","2017/2018","Moreirense","Feirense","2.10","3.32","4.06","1.06","7.80","1.46","2.68","2.60","1.56","5.10","1.16","9.50","1.02","2.20","1.68"
"60126","12-08-17 19:15","Portugal","Liga Portugal","2017/2018","BSAD","Maritimo","2.32","3.15","3.64","1.06","7.10","1.50","2.55","2.69","1.53","5.30","1.15","10.50","1.02","2.10","1.76"
"60125","12-08-17 21:30","Portugal","Liga Portugal","2017/2018","Boavista","Rio Ave","2.91","3.13","2.78","1.06","7.20","1.51","2.53","2.78","1.50","5.50","1.14","11.50","1.01","2.20","1.73"
"60124","13-08-17 17:00","Portugal","Liga Portugal","2017/2018","Pacos Ferreira","Aves","2.28","3.15","3.74","1.05","8.00","1.41","2.86","2.45","1.62","4.60","1.19","9.10","1.03","2.10","1.80"
"60123","13-08-17 19:00","Portugal","Liga Portugal","2017/2018","Braga","Portimonense","1.53","4.30","7.40","1.01","11.50","1.27","3.70","1.93","1.97","3.24","1.33","6.00","1.10","2.00","1.82"
"60122","13-08-17 21:15","Portugal","Liga Portugal","2017/2018","Tondela","FC Porto","14.50","5.50","1.28","1.02","11.00","1.19","4.60","1.69","2.30","2.61","1.48","4.54","1.16","2.19","1.74"
"60121","14-08-17 20:00","Portugal","Liga Portugal","2017/2018","Estoril","Vitoria Guimaraes","3.06","3.24","2.54","1.03","9.60","1.33","3.24","2.16","1.77","3.88","1.25","7.50","1.06","1.81","2.00"
"60120","14-08-17 22:00","Portugal","Liga Portugal","2017/2018","Chaves","Benfica","8.10","5.10","1.38","1.03","10.00","1.18","4.74","1.66","2.35","2.65","1.47","4.70","1.15","1.85","1.95"
"60119","18-08-17 21:30","Portugal","Liga Portugal","2017/2018","Rio Ave","Portimonense","1.82","3.56","5.10","1.03","9.70","1.31","3.40","2.19","1.76","3.78","1.26","7.30","1.06","2.10","1.77"
"60118","19-08-17 17:00","Portugal","Liga Portugal","2017/2018","Tondela","Estoril","2.43","3.28","3.26","1.03","8.90","1.35","3.15","2.32","1.68","4.10","1.23","8.10","1.05","2.00","1.85"
"60117","19-08-17 19:15","Portugal","Liga Portugal","2017/2018","Vitoria Guimaraes","Sporting CP","5.85","4.30","1.62","1.04","13.50","1.23","4.10","1.82","2.10","3.00","1.38","5.50","1.11","1.85","2.00"
"60116","19-08-17 21:30","Portugal","Liga Portugal","2017/2018","Benfica","BSAD","1.21","7.00","15.00","1.02","12.00","1.14","5.70","1.56","2.60","2.31","1.60","4.04","1.20","2.14","1.78"
"60115","20-08-17 17:00","Portugal","Liga Portugal","2017/2018","Vitoria Setubal","Chaves","2.50","3.18","3.24","1.06","7.70","1.46","2.68","2.60","1.56","5.10","1.16","9.80","1.02","2.07","1.83"
"60114","20-08-17 19:00","Portugal","Liga Portugal","2017/2018","FC Porto","Moreirense","1.14","9.20","22.00","1.02","12.00","1.13","5.80","1.54","2.66","2.25","1.63","3.80","1.22","2.58","1.55"
"60113","20-08-17 21:00","Portugal","Liga Portugal","2017/2018","Aves","Braga","2.94","3.28","2.65","1.03","8.90","1.38","3.00","2.32","1.68","4.30","1.21","8.40","1.04","1.95","1.90"
"60112","20-08-17 21:15","Portugal","Liga Portugal","2017/2018","Maritimo","Boavista","2.35","3.02","3.76","1.09","6.20","1.60","2.31","3.13","1.42","6.40","1.11","12.50","1.03","2.30","1.68"
"60111","21-08-17 21:00","Portugal","Liga Portugal","2017/2018","Feirense","Pacos Ferreira","2.99","3.16","2.68","1.06","7.60","1.47","2.65","2.63","1.55","5.10","1.16","9.90","1.02","2.09","1.81"
"60110","25-08-17 21:30","Portugal","Liga Portugal","2017/2018","BSAD","Vitoria Setubal","2.52","3.06","3.34","1.07","6.90","1.47","2.65","2.82","1.49","5.50","1.14","11.50","1.01","2.15","1.73"
"60108","26-08-17 17:00","Portugal","Liga Portugal","2017/2018","Moreirense","Tondela","2.14","3.26","4.02","1.05","8.10","1.38","3.00","2.45","1.62","4.44","1.20","8.70","1.03","2.07","1.83"
"60109","26-08-17 17:00","Portugal","Liga Portugal","2017/2018","Pacos Ferreira","Vitoria Guimaraes","2.66","3.28","2.92","1.02","10.50","1.26","3.78","2.05","1.86","3.32","1.32","6.40","1.08","1.77","2.13"
"60107","26-08-17 19:15","Portugal","Liga Portugal","2017/2018","Chaves","Feirense","2.15","3.15","4.12","1.05","8.10","1.36","3.10","2.43","1.63","4.20","1.22","8.40","1.04","2.19","1.74"
"60106","26-08-17 21:30","Portugal","Liga Portugal","2017/2018","Rio Ave","Benfica","6.25","4.38","1.52","1.04","9.50","1.23","4.10","1.88","2.03","3.05","1.37","5.60","1.11","1.99","1.89"
"60105","27-08-17 17:00","Portugal","Liga Portugal","2017/2018","Boavista","Aves","2.56","3.10","3.24","1.08","6.50","1.53","2.47","3.00","1.45","5.90","1.13","","","2.24","1.71"
"60104","27-08-17 19:00","Portugal","Liga Portugal","2017/2018","Sporting CP","Estoril","1.16","8.30","19.00","1.01","13.00","1.11","6.40","1.48","2.86","2.08","1.73","3.40","1.27","2.23","1.71"
"60103","27-08-17 21:15","Portugal","Liga Portugal","2017/2018","Braga","FC Porto","7.50","4.48","1.45","1.04","9.50","1.22","4.20","1.85","2.06","2.95","1.39","5.30","1.12","2.10","1.81"
"60102","28-08-17 21:00","Portugal","Liga Portugal","2017/2018","Portimonense","Maritimo","2.00","3.30","4.52","1.05","8.00","1.38","3.00","2.47","1.61","4.44","1.20","8.70","1.03","2.20","1.73"
"60101","08-09-17 20:00","Portugal","Liga Portugal","2017/2018","Feirense","Sporting CP","9.40","4.94","1.37","1.02","11.50","1.23","4.10","1.88","2.03","3.05","1.37","5.60","1.11","2.16","1.77"
"60100","08-09-17 22:00","Portugal","Liga Portugal","2017/2018","Benfica","Portimonense","1.14","9.40","21.00","1.01","16.00","1.10","6.70","1.45","2.98","2.03","1.77","3.48","1.26","2.34","1.62"
"60099","09-09-17 17:00","Portugal","Liga Portugal","2017/2018","Tondela","Pacos Ferreira","2.31","3.30","3.48","1.04","8.30","1.38","3.00","2.45","1.62","4.44","1.20","8.70","1.03","2.03","1.86"
"60098","09-09-17 19:15","Portugal","Liga Portugal","2017/2018","Maritimo","Rio Ave","2.73","3.10","2.98","1.06","7.20","1.45","2.71","2.72","1.52","5.10","1.16","10.50","1.02","2.09","1.82"
"60097","09-09-17 21:30","Portugal","Liga Portugal","2017/2018","FC Porto","Chaves","1.12","10.50","25.00","1.01","16.00","1.11","6.30","1.49","2.82","2.10","1.72","3.48","1.26","2.59","1.55"
"60096","10-09-17 17:00","Portugal","Liga Portugal","2017/2018","Vitoria Setubal","Braga","3.08","3.20","2.58","1.04","8.30","1.38","3.00","2.44","1.63","4.44","1.20","8.60","1.04","2.10","1.80"
"60095","10-09-17 19:00","Portugal","Liga Portugal","2017/2018","Vitoria Guimaraes","Boavista","1.92","3.50","4.50","1.03","8.60","1.38","3.00","2.40","1.64","4.30","1.21","8.40","1.04","2.10","1.77"
"60094","10-09-17 21:15","Portugal","Liga Portugal","2017/2018","Estoril","Moreirense","1.91","3.50","4.44","1.03","8.70","1.37","3.08","2.36","1.66","4.20","1.22","8.40","1.04","2.10","1.75"
"60093","11-09-17 21:00","Portugal","Liga Portugal","2017/2018","Aves","BSAD","2.30","3.28","3.52","1.05","7.80","1.41","2.86","2.58","1.58","4.74","1.18","9.50","1.03","2.10","1.75"
"60092","15-09-17 21:30","Portugal","Liga Portugal","2017/2018","Pacos Ferreira","Vitoria Setubal","2.63","3.06","3.16","1.08","6.40","1.59","2.33","3.10","1.43","6.40","1.11","","","2.38","1.60"
"60091","16-09-17 17:00","Portugal","Liga Portugal","2017/2018","Maritimo","Aves","2.04","3.14","4.56","1.08","6.70","1.53","2.47","2.86","1.48","5.70","1.14","11.50","1.01","2.20","1.67"
"60090","16-09-17 19:15","Portugal","Liga Portugal","2017/2018","Boavista","Benfica","9.00","4.40","1.42","1.02","10.50","1.31","3.40","2.10","1.82","3.62","1.28","6.80","1.07","2.27","1.70"
"60089","16-09-17 21:30","Portugal","Liga Portugal","2017/2018","Sporting CP","Tondela","1.21","7.10","14.50","1.01","21.00","1.14","5.50","1.50","2.79","2.23","1.64","3.82","1.22","2.02","1.87"
"60088","17-09-17 17:00","Portugal","Liga Portugal","2017/2018","BSAD","Estoril","2.48","3.28","3.16","1.03","9.30","1.35","3.15","2.24","1.73","4.10","1.23","7.80","1.05","1.98","1.90"
"60087","17-09-17 19:00","Portugal","Liga Portugal","2017/2018","Rio Ave","FC Porto","10.50","4.24","1.43","1.05","7.90","1.42","2.83","2.46","1.62","4.44","1.20","8.60","1.04","2.25","1.71"
"60086","17-09-17 21:15","Portugal","Liga Portugal","2017/2018","Braga","Vitoria Guimaraes","1.85","3.68","4.66","1.01","11.00","1.30","3.46","2.05","1.86","3.62","1.28","6.80","1.07","1.91","1.95"
"60085","18-09-17 20:00","Portugal","Liga Portugal","2017/2018","Portimonense","Feirense","1.99","3.32","4.40","1.03","8.70","1.37","3.05","2.32","1.70","4.30","1.21","8.40","1.04","2.00","1.87"
"60084","18-09-17 22:00","Portugal","Liga Portugal","2017/2018","Chaves","Moreirense","2.21","3.16","3.78","1.06","7.70","1.44","2.75","2.55","1.58","4.90","1.17","9.50","1.03","2.00","1.85"
"60083","22-09-17 21:30","Portugal","Liga Portugal","2017/2018","FC Porto","Portimonense","1.11","10.50","28.00","1.01","16.00","1.11","6.30","1.43","3.06","2.04","1.76","3.30","1.29","2.84","1.48"
"60082","23-09-17 17:00","Portugal","Liga Portugal","2017/2018","Estoril","Chaves","2.36","3.34","3.34","1.02","10.00","1.31","3.40","2.10","1.82","3.70","1.27","7.00","1.06","1.89","2.00"
"60081","23-09-17 19:15","Portugal","Liga Portugal","2017/2018","Moreirense","Sporting CP","12.00","5.00","1.33","1.01","11.00","1.29","3.58","1.98","1.92","3.40","1.31","6.30","1.09","2.53","1.57"
"60080","23-09-17 21:30","Portugal","Liga Portugal","2017/2018","Benfica","Pacos Ferreira","1.14","9.00","20.00","1.01","16.00","1.13","5.90","1.48","2.86","2.16","1.68","3.56","1.25","2.47","1.60"
"60078","24-09-17 17:00","Portugal","Liga Portugal","2017/2018","Feirense","BSAD","2.50","3.22","3.20","1.04","8.40","1.40","2.91","2.40","1.64","4.44","1.20","8.70","1.03","1.99","1.89"
"60079","24-09-17 17:00","Portugal","Liga Portugal","2017/2018","Vitoria Guimaraes","Maritimo","2.01","3.38","4.36","1.03","9.00","1.37","3.08","2.27","1.71","4.10","1.23","7.80","1.05","2.00","1.80"
"60077","24-09-17 19:00","Portugal","Liga Portugal","2017/2018","Tondela","Braga","3.76","3.26","2.20","1.03","9.70","1.32","3.32","2.14","1.79","3.70","1.27","7.30","1.06","1.86","2.02"
"60076","24-09-17 21:15","Portugal","Liga Portugal","2017/2018","Aves","Rio Ave","2.88","3.09","2.82","1.05","7.90","1.42","2.83","2.50","1.60","4.74","1.18","9.30","1.03","2.03","1.86"
"60075","25-09-17 21:00","Portugal","Liga Portugal","2017/2018","Vitoria Setubal","Boavista","2.22","2.95","4.22","1.10","6.00","1.60","2.31","3.14","1.42","6.40","1.11","","","2.46","1.60"
"60074","29-09-17 21:30","Portugal","Liga Portugal","2017/2018","Chaves","Tondela","1.98","3.48","4.10","1.02","9.80","1.30","3.46","2.15","1.78","3.70","1.27","7.00","1.06","1.95","1.91"
"60072","30-09-17 17:00","Portugal","Liga Portugal","2017/2018","Pacos Ferreira","Moreirense","2.46","3.08","3.44","1.06","7.00","1.46","2.68","2.75","1.51","5.30","1.15","10.50","1.02","2.15","1.75"
"60073","30-09-17 17:00","Portugal","Liga Portugal","2017/2018","Portimonense","Aves","2.03","3.50","4.02","1.01","11.50","1.25","3.88","1.98","1.92","3.24","1.33","6.10","1.09","1.80","2.00"
"60071","30-09-17 19:15","Portugal","Liga Portugal","2017/2018","Boavista","Feirense","2.17","3.16","4.08","1.07","6.90","1.47","2.65","2.79","1.50","5.30","1.15","10.50","1.02","2.27","1.70"
"60070","30-09-17 21:30","Portugal","Liga Portugal","2017/2018","Rio Ave","Vitoria Setubal","1.91","3.34","4.88","1.06","7.10","1.47","2.65","2.68","1.53","5.00","1.17","9.80","1.02","2.38","1.63"
"60069","01-10-17 18:15","Portugal","Liga Portugal","2017/2018","Braga","Estoril","1.56","4.10","6.65","1.03","10.00","1.19","4.60","1.76","2.19","2.71","1.45","4.90","1.14","1.80","2.00"
"60068","01-10-17 20:15","Portugal","Liga Portugal","2017/2018","Sporting CP","FC Porto","2.76","3.36","2.75","1.02","10.50","1.30","3.46","2.16","1.78","3.70","1.27","7.00","1.06","1.88","2.00"
"60066","01-10-17 22:30","Portugal","Liga Portugal","2017/2018","BSAD","Vitoria Guimaraes","2.18","3.42","3.68","1.03","9.70","1.31","3.40","2.19","1.76","3.78","1.26","7.30","1.06","1.89","2.00"
"60067","01-10-17 22:30","Portugal","Liga Portugal","2017/2018","Maritimo","Benfica","9.00","4.80","1.41","","","1.25","3.88","1.93","1.96","3.15","1.35","5.80","1.10","2.20","1.74"
"60065","20-10-17 21:30","Portugal","Liga Portugal","2017/2018","Estoril","Boavista","2.41","3.19","3.38","1.05","7.90","1.40","2.91","2.52","1.59","4.60","1.19","9.10","1.03","2.11","1.80"
"60064","21-10-17 17:00","Portugal","Liga Portugal","2017/2018","Feirense","Rio Ave","3.62","3.28","2.26","1.04","8.40","1.38","3.00","2.43","1.63","4.44","1.20","8.60","1.04","2.03","1.86"
"60063","21-10-17 19:15","Portugal","Liga Portugal","2017/2018","Vitoria Setubal","Maritimo","2.18","3.08","4.18","1.09","6.30","1.53","2.47","3.02","1.44","5.90","1.13","","","2.30","1.65"
"60062","21-10-17 21:30","Portugal","Liga Portugal","2017/2018","FC Porto","Pacos Ferreira","1.10","11.00","34.00","1.01","15.00","1.10","6.70","1.44","3.02","1.98","1.80","3.20","1.30","2.63","1.50"
"60061","22-10-17 17:00","Portugal","Liga Portugal","2017/2018","Tondela","BSAD","2.39","3.16","3.46","1.05","7.90","1.39","2.95","2.50","1.60","4.60","1.19","9.10","1.03","1.98","1.90"
"60060","22-10-17 19:00","Portugal","Liga Portugal","2017/2018","Aves","Benfica","8.00","4.94","1.44","1.03","10.50","1.22","4.14","1.87","2.06","3.00","1.38","5.50","1.11","2.13","1.78"
"60059","22-10-17 21:15","Portugal","Liga Portugal","2017/2018","Sporting CP","Chaves","1.20","7.00","17.00","1.02","12.00","1.14","5.70","1.57","2.62","2.27","1.62","3.92","1.21","2.33","1.66"
"60058","23-10-17 20:00","Portugal","Liga Portugal","2017/2018","Moreirense","Braga","4.12","3.40","2.05","1.03","9.30","1.32","3.32","2.23","1.73","3.88","1.25","7.50","1.06","1.95","1.90"
"60057","23-10-17 22:00","Portugal","Liga Portugal","2017/2018","Vitoria Guimaraes","Portimonense","1.85","3.84","4.38","1.04","9.50","1.21","4.30","1.83","2.09","2.91","1.40","5.30","1.12","1.71","2.20"
"60056","27-10-17 20:00","Portugal","Liga Portugal","2017/2018","Benfica","Feirense","1.13","9.70","22.00","1.01","15.00","1.10","5.80","1.41","2.86","2.16","1.78","3.54","1.29","2.38","1.64"
"60055","27-10-17 22:00","Portugal","Liga Portugal","2017/2018","Rio Ave","Sporting CP","7.90","3.98","1.53","1.02","9.90","1.31","3.40","2.09","1.83","3.62","1.28","6.80","1.07","2.14","1.77"
"60054","28-10-17 17:00","Portugal","Liga Portugal","2017/2018","Maritimo","Tondela","2.20","3.36","3.66","1.03","8.80","1.36","3.10","2.35","1.66","4.20","1.22","8.10","1.05","2.07","1.83"
"60053","28-10-17 19:15","Portugal","Liga Portugal","2017/2018","BSAD","Moreirense","2.18","3.16","4.02","1.06","7.00","1.47","2.65","2.79","1.50","5.30","1.15","10.50","1.02","2.20","1.72"
"60052","28-10-17 21:30","Portugal","Liga Portugal","2017/2018","Boavista","FC Porto","12.50","5.40","1.29","1.02","10.00","1.33","3.26","2.11","1.81","3.70","1.27","7.00","1.06","2.75","1.46"
"60051","29-10-17 17:00","Portugal","Liga Portugal","2017/2018","Braga","Chaves","1.49","4.44","7.60","1.04","9.50","1.22","4.20","1.87","2.06","2.95","1.39","5.50","1.11","1.99","1.89"
"60050","29-10-17 19:00","Portugal","Liga Portugal","2017/2018","Pacos Ferreira","Estoril","2.39","3.30","3.30","1.03","9.30","1.32","3.32","2.25","1.74","3.88","1.25","7.50","1.06","1.91","1.95"
"60049","29-10-17 21:15","Portugal","Liga Portugal","2017/2018","Aves","Vitoria Guimaraes","2.88","3.14","2.80","1.02","10.50","1.24","3.98","2.00","1.92","3.20","1.34","6.10","1.09","1.79","2.12"
"60048","30-10-17 21:00","Portugal","Liga Portugal","2017/2018","Portimonense","Vitoria Setubal","2.23","3.22","3.74","1.03","9.10","1.31","3.40","2.23","1.75","3.78","1.26","7.30","1.06","1.88","2.01"
"60047","03-11-17 21:30","Portugal","Liga Portugal","2017/2018","Vitoria Setubal","Aves","2.24","3.32","3.64","1.03","8.70","1.36","3.10","2.36","1.66","4.20","1.22","8.40","1.04","2.05","1.85"
"60045","04-11-17 17:00","Portugal","Liga Portugal","2017/2018","Moreirense","Portimonense","2.68","3.18","2.98","1.02","10.00","1.27","3.70","2.10","1.84","3.46","1.30","6.60","1.08","1.75","2.02"
"60046","04-11-17 17:00","Portugal","Liga Portugal","2017/2018","Tondela","Boavista","2.44","2.96","3.58","1.08","6.70","1.46","2.68","2.80","1.50","5.30","1.15","10.50","1.02","2.17","1.75"
"60044","04-11-17 19:15","Portugal","Liga Portugal","2017/2018","Estoril","Rio Ave","2.96","3.22","2.67","1.03","8.80","1.34","3.20","2.34","1.69","4.10","1.23","8.10","1.05","1.94","1.94"
"60043","04-11-17 21:30","Portugal","Liga Portugal","2017/2018","FC Porto","BSAD","1.16","8.40","18.00","1.04","13.00","1.15","5.30","1.61","2.51","2.40","1.56","4.14","1.19","2.41","1.63"
"60041","05-11-17 17:00","Portugal","Liga Portugal","2017/2018","Chaves","Pacos Ferreira","1.86","3.58","4.90","1.03","9.00","1.38","3.00","2.31","1.70","4.20","1.22","8.10","1.05","2.03","1.86"
"60042","05-11-17 17:00","Portugal","Liga Portugal","2017/2018","Feirense","Maritimo","2.61","3.22","3.04","1.03","8.70","1.35","3.15","2.35","1.66","4.14","1.22","8.10","1.05","2.00","1.88"
"60040","05-11-17 19:00","Portugal","Liga Portugal","2017/2018","Vitoria Guimaraes","Benfica","4.94","4.04","1.73","1.05","12.00","1.20","4.44","1.81","2.14","2.83","1.42","5.20","1.13","1.80","2.10"
"60039","05-11-17 21:15","Portugal","Liga Portugal","2017/2018","Sporting CP","Braga","1.47","4.44","7.20","1.05","12.00","1.22","4.14","1.87","2.06","2.95","1.39","5.50","1.11","1.95","1.91"
"60038","24-11-17 21:30","Portugal","Liga Portugal","2017/2018","BSAD","Chaves","2.37","3.24","3.40","1.03","9.20","1.35","3.15","2.24","1.73","3.98","1.24","7.80","1.05","1.95","1.90"
"60037","25-11-17 17:00","Portugal","Liga Portugal","2017/2018","Portimonense","Tondela","1.88","3.72","4.48","1.02","11.50","1.18","4.74","1.75","2.20","2.68","1.46","4.84","1.14","1.70","2.20"
"60036","25-11-17 19:15","Portugal","Liga Portugal","2017/2018","Boavista","Moreirense","2.28","3.08","3.86","1.08","6.70","1.48","2.61","2.86","1.48","5.50","1.14","11.50","1.01","2.27","1.69"
"60035","25-11-17 21:30","Portugal","Liga Portugal","2017/2018","Aves","FC Porto","13.00","6.60","1.23","1.02","11.50","1.19","4.60","1.74","2.22","2.73","1.45","4.90","1.14","2.38","1.62"
"60034","26-11-17 17:00","Portugal","Liga Portugal","2017/2018","Maritimo","Estoril","1.82","3.70","4.72","1.03","9.70","1.33","3.26","2.24","1.73","3.98","1.24","7.50","1.06","1.99","1.89"
"60033","26-11-17 19:00","Portugal","Liga Portugal","2017/2018","Pacos Ferreira","Sporting CP","10.50","4.64","1.39","","","1.25","3.88","1.97","1.93","3.20","1.34","6.00","1.10","2.20","1.67"
"60032","26-11-17 21:15","Portugal","Liga Portugal","2017/2018","Benfica","Vitoria Setubal","1.19","7.30","17.00","1.01","14.50","1.16","5.10","1.63","2.43","2.46","1.53","4.30","1.18","2.46","1.60"
"60031","27-11-17 20:00","Portugal","Liga Portugal","2017/2018","Braga","Feirense","1.36","4.94","9.40","1.02","11.00","1.23","4.10","1.89","2.04","3.05","1.37","5.60","1.11","2.13","1.78"
"60030","27-11-17 22:00","Portugal","Liga Portugal","2017/2018","Rio Ave","Vitoria Guimaraes","2.30","3.40","3.38","1.02","10.00","1.29","3.54","2.13","1.80","3.62","1.28","7.00","1.06","1.87","2.00"
"60029","01-12-17 19:15","Portugal","Liga Portugal","2017/2018","Sporting CP","BSAD","1.19","7.30","17.00","1.02","12.00","1.13","5.90","1.53","2.74","2.19","1.66","3.74","1.23","2.25","1.64"
"60028","01-12-17 21:30","Portugal","Liga Portugal","2017/2018","FC Porto","Benfica","1.69","3.58","5.65","1.02","10.00","1.30","3.46","2.09","1.82","3.54","1.29","6.80","1.07","2.05","1.83"
"60027","02-12-17 17:00","Portugal","Liga Portugal","2017/2018","Moreirense","Maritimo","2.28","3.16","3.74","1.07","6.80","1.52","2.50","2.90","1.47","5.80","1.13","11.50","1.01","2.20","1.66"
"60026","02-12-17 19:15","Portugal","Liga Portugal","2017/2018","Tondela","Rio Ave","3.28","3.30","2.41","1.04","8.30","1.39","2.95","2.47","1.61","4.60","1.19","9.10","1.03","2.00","1.84"
"60025","02-12-17 21:30","Portugal","Liga Portugal","2017/2018","Chaves","Boavista","2.41","3.04","3.60","1.06","7.20","1.44","2.75","2.70","1.53","5.00","1.17","9.90","1.02","2.11","1.70"
"60024","03-12-17 17:00","Portugal","Liga Portugal","2017/2018","Feirense","Aves","3.02","3.22","2.62","1.03","8.80","1.35","3.15","2.35","1.66","4.20","1.22","8.10","1.05","2.00","1.84"
"60023","03-12-17 19:00","Portugal","Liga Portugal","2017/2018","Braga","Pacos Ferreira","1.44","4.74","7.90","1.03","10.00","1.21","4.30","1.82","2.10","2.86","1.41","5.30","1.12","1.98","1.90"
"60022","03-12-17 21:15","Portugal","Liga Portugal","2017/2018","Vitoria Setubal","Vitoria Guimaraes","3.34","3.32","2.37","1.03","8.80","1.35","3.15","2.34","1.67","4.20","1.22","8.10","1.05","2.00","1.83"
"60021","04-12-17 21:00","Portugal","Liga Portugal","2017/2018","Estoril","Portimonense","2.65","3.40","2.85","1.04","9.50","1.22","4.14","1.85","2.06","2.95","1.39","5.50","1.11","1.67","2.30"
"60020","08-12-17 21:30","Portugal","Liga Portugal","2017/2018","Rio Ave","Moreirense","1.91","3.40","4.68","1.05","8.10","1.38","3.00","2.45","1.62","4.44","1.20","8.60","1.04","2.15","1.73"
"60019","09-12-17 17:00","Portugal","Liga Portugal","2017/2018","Aves","Tondela","2.15","3.30","3.92","1.03","9.10","1.32","3.32","2.26","1.73","3.88","1.25","7.50","1.06","2.00","1.80"
"60018","09-12-17 19:15","Portugal","Liga Portugal","2017/2018","Benfica","Estoril","1.17","8.00","18.00","1.01","15.00","1.10","5.80","1.42","2.83","2.20","1.77","3.62","1.28","2.30","1.62"
"60017","09-12-17 21:30","Portugal","Liga Portugal","2017/2018","Boavista","Sporting CP","7.30","3.88","1.56","1.03","9.20","1.32","3.32","2.23","1.75","3.88","1.25","7.50","1.06","2.20","1.73"
"60016","10-12-17 17:00","Portugal","Liga Portugal","2017/2018","Portimonense","Chaves","1.96","3.76","4.06","1.04","13.50","1.22","4.20","1.87","2.04","3.00","1.38","5.60","1.11","1.79","2.05"
"60015","10-12-17 19:00","Portugal","Liga Portugal","2017/2018","BSAD","Pacos Ferreira","2.25","3.28","3.64","1.04","8.50","1.37","3.05","2.40","1.64","4.30","1.21","8.40","1.04","2.00","1.80"
"60014","10-12-17 21:15","Portugal","Liga Portugal","2017/2018","Vitoria Setubal","FC Porto","17.00","5.30","1.26","1.03","10.00","1.23","4.10","1.89","2.01","3.00","1.38","5.50","1.11","2.71","1.51"
"60013","11-12-17 20:00","Portugal","Liga Portugal","2017/2018","Vitoria Guimaraes","Feirense","1.58","4.10","6.45","1.01","11.00","1.27","3.70","2.03","1.88","3.40","1.31","6.40","1.08","2.10","1.80"
"60012","11-12-17 22:00","Portugal","Liga Portugal","2017/2018","Maritimo","Braga","3.78","3.34","2.16","1.03","8.80","1.36","3.10","2.35","1.66","4.20","1.22","8.10","1.05","2.00","1.82"
"60011","15-12-17 21:30","Portugal","Liga Portugal","2017/2018","Pacos Ferreira","Boavista","2.61","3.02","3.24","1.08","6.70","1.53","2.46","2.85","1.48","5.70","1.14","11.50","1.01","2.20","1.68"
"60010","16-12-17 19:15","Portugal","Liga Portugal","2017/2018","Estoril","Aves","2.35","3.28","3.42","1.01","11.00","1.27","3.70","1.97","1.93","3.26","1.33","6.10","1.09","1.73","2.05"
"60009","16-12-17 21:30","Portugal","Liga Portugal","2017/2018","Braga","BSAD","1.46","4.32","8.30","1.01","11.00","1.26","3.78","1.99","1.91","3.26","1.33","6.10","1.09","2.10","1.77"
"60007","17-12-17 17:00","Portugal","Liga Portugal","2017/2018","Chaves","Rio Ave","2.85","3.16","2.81","1.04","8.50","1.35","3.15","2.38","1.67","4.14","1.22","8.40","1.04","2.00","1.80"
"60008","17-12-17 17:00","Portugal","Liga Portugal","2017/2018","Feirense","Vitoria Setubal","2.93","3.08","2.80","1.06","7.20","1.46","2.68","2.75","1.51","5.30","1.15","10.50","1.02","2.15","1.70"
"60006","17-12-17 19:00","Portugal","Liga Portugal","2017/2018","Sporting CP","Portimonense","1.25","6.50","12.50","1.02","12.00","1.13","5.90","1.54","2.70","2.23","1.64","3.80","1.22","1.93","1.95"
"60005","17-12-17 21:15","Portugal","Liga Portugal","2017/2018","Tondela","Benfica","9.70","4.84","1.36","1.03","10.00","1.21","4.30","1.83","2.11","2.86","1.41","5.30","1.12","2.10","1.78"
"60004","18-12-17 20:00","Portugal","Liga Portugal","2017/2018","Moreirense","Vitoria Guimaraes","3.09","3.34","2.46","1.03","9.70","1.31","3.40","2.19","1.76","3.78","1.26","7.30","1.06","1.95","1.84"
"60003","18-12-17 22:00","Portugal","Liga Portugal","2017/2018","FC Porto","Maritimo","1.13","9.10","28.00","1.01","13.00","1.12","6.10","1.52","2.77","2.14","1.69","3.56","1.25","2.63","1.48"
"60002","23-12-17 19:15","Portugal","Liga Portugal","2017/2018","Vitoria Guimaraes","Tondela","1.79","3.80","4.90","1.03","12.50","1.23","4.10","1.90","2.00","3.08","1.37","5.80","1.10","1.83","2.00"
"59999","03-01-18 19:15","Portugal","Liga Portugal","2017/2018","Aves","Moreirense","2.05","3.40","4.16","1.03","8.70","1.37","3.08","2.35","1.66","4.20","1.22","8.40","1.04","2.08","1.75"
"60000","03-01-18 19:15","Portugal","Liga Portugal","2017/2018","Boavista","Braga","3.94","3.22","2.14","1.05","7.80","1.45","2.71","2.58","1.58","5.00","1.17","9.70","1.03","2.15","1.76"
"60001","03-01-18 19:15","Portugal","Liga Portugal","2017/2018","Maritimo","Chaves","2.69","3.20","2.93","1.04","8.40","1.37","3.08","2.40","1.64","4.30","1.21","8.40","1.04","1.98","1.80"
"59997","03-01-18 21:15","Portugal","Liga Portugal","2017/2018","Feirense","FC Porto","17.00","7.40","1.19","1.02","11.00","1.17","4.74","1.62","2.45","2.53","1.51","4.50","1.17","2.38","1.57"
"59998","03-01-18 21:15","Portugal","Liga Portugal","2017/2018","Rio Ave","Pacos Ferreira","1.77","3.56","5.30","1.03","9.20","1.37","3.08","2.27","1.71","4.14","1.22","8.10","1.05","2.16","1.70"
"59996","03-01-18 22:30","Portugal","Liga Portugal","2017/2018","Benfica","Sporting CP","2.48","3.26","3.06","1.03","9.50","1.31","3.40","2.18","1.73","3.78","1.25","7.30","1.06","1.91","1.95"
"59995","04-01-18 19:15","Portugal","Liga Portugal","2017/2018","Vitoria Setubal","Estoril","2.80","3.22","2.81","1.03","9.30","1.32","3.32","2.24","1.73","3.88","1.25","7.50","1.06","1.92","1.91"
"59994","04-01-18 21:15","Portugal","Liga Portugal","2017/2018","Portimonense","BSAD","1.83","3.78","4.72","","","1.24","3.98","1.96","1.94","3.24","1.33","6.10","1.09","1.90","1.98"
"59993","06-01-18 21:30","Portugal","Liga Portugal","2017/2018","Braga","Rio Ave","1.76","3.82","5.00","1.04","12.50","1.22","4.14","1.89","2.01","3.05","1.37","5.80","1.10","1.82","2.00"
"59992","07-01-18 12:45","Portugal","Liga Portugal","2017/2018","Chaves","Aves","2.11","3.44","3.82","1.02","10.00","1.31","3.40","2.09","1.83","3.62","1.28","6.80","1.07","1.83","1.95"
"59991","07-01-18 17:00","Portugal","Liga Portugal","2017/2018","Moreirense","Benfica","8.00","4.94","1.40","1.03","10.00","1.24","3.98","1.82","2.10","3.00","1.38","5.50","1.11","2.10","1.78"
"59990","07-01-18 19:00","Portugal","Liga Portugal","2017/2018","Sporting CP","Maritimo","1.16","8.10","19.00","1.02","12.00","1.17","4.90","1.62","2.46","2.50","1.52","4.40","1.17","2.55","1.50"
"59989","07-01-18 21:15","Portugal","Liga Portugal","2017/2018","FC Porto","Vitoria Guimaraes","1.16","8.60","17.00","1.01","7.90","1.10","6.70","1.46","2.94","2.05","1.75","3.34","1.28","2.26","1.70"
"59988","08-01-18 20:00","Portugal","Liga Portugal","2017/2018","Pacos Ferreira","Portimonense","2.90","3.26","2.68","1.03","9.70","1.33","3.26","2.16","1.78","3.78","1.26","7.30","1.06","1.80","2.00"
"59987","08-01-18 22:00","Portugal","Liga Portugal","2017/2018","Estoril","Feirense","1.98","3.48","4.34","1.03","9.00","1.37","3.05","2.29","1.69","4.20","1.22","8.10","1.05","2.05","1.80"
"59986","09-01-18 20:00","Portugal","Liga Portugal","2017/2018","Tondela","Vitoria Setubal","2.40","3.22","3.36","1.03","8.80","1.36","3.10","2.30","1.69","4.14","1.22","8.10","1.05","2.00","1.82"
"59985","09-01-18 22:00","Portugal","Liga Portugal","2017/2018","BSAD","Boavista","2.37","2.97","3.78","1.10","6.00","1.58","2.35","3.20","1.41","6.40","1.11","12.50","1.02","2.38","1.57"
"59984","12-01-18 21:30","Portugal","Liga Portugal","2017/2018","Chaves","Vitoria Guimaraes","2.47","3.30","3.17","1.02","10.50","1.27","3.70","2.07","1.84","3.46","1.30","6.60","1.08","1.80","2.10"
"59983","13-01-18 19:15","Portugal","Liga Portugal","2017/2018","Pacos Ferreira","Maritimo","2.32","3.10","3.70","1.06","7.70","1.41","2.86","2.52","1.59","4.74","1.18","9.30","1.03","2.10","1.75"
"59982","13-01-18 21:30","Portugal","Liga Portugal","2017/2018","Braga","Benfica","3.78","3.32","2.12","1.01","11.00","1.24","3.98","1.96","1.94","3.15","1.35","6.00","1.10","1.83","2.00"
"59980","14-01-18 17:00","Portugal","Liga Portugal","2017/2018","Boavista","Portimonense","2.76","3.14","2.92","1.05","7.90","1.39","2.95","2.50","1.60","4.60","1.19","9.10","1.03","2.05","1.77"
"59981","14-01-18 17:00","Portugal","Liga Portugal","2017/2018","Tondela","Feirense","2.24","3.20","3.80","1.05","7.90","1.39","2.95","2.50","1.60","4.60","1.19","9.10","1.03","2.04","1.75"
"59979","14-01-18 19:00","Portugal","Liga Portugal","2017/2018","BSAD","Rio Ave","2.34","3.30","3.40","1.03","8.70","1.36","3.10","2.36","1.66","4.20","1.22","8.40","1.04","1.91","1.95"
"59978","14-01-18 21:15","Portugal","Liga Portugal","2017/2018","Sporting CP","Aves","1.18","7.90","16.00","1.02","19.00","1.12","6.10","1.51","2.75","2.16","1.68","3.64","1.24","2.15","1.73"
"59977","15-01-18 20:00","Portugal","Liga Portugal","2017/2018","Moreirense","Vitoria Setubal","2.43","3.12","3.40","1.06","7.70","1.42","2.83","2.60","1.56","5.00","1.17","9.80","1.02","2.14","1.73"
"59976","19-01-18 20:00","Portugal","Liga Portugal","2017/2018","Vitoria Setubal","Sporting CP","9.40","4.94","1.36","1.03","6.75","1.22","4.20","1.86","2.07","2.95","1.39","5.30","1.12","2.19","1.74"
"59975","19-01-18 22:00","Portugal","Liga Portugal","2017/2018","FC Porto","Tondela","1.11","10.50","28.00","1.01","17.00","1.09","7.30","1.40","3.22","1.89","1.89","2.99","1.34","2.47","1.60"
"59974","20-01-18 17:00","Portugal","Liga Portugal","2017/2018","Maritimo","BSAD","2.47","3.18","3.30","1.06","7.60","1.45","2.73","2.60","1.56","5.00","1.17","9.70","1.02","2.15","1.70"
"59973","20-01-18 19:15","Portugal","Liga Portugal","2017/2018","Benfica","Chaves","1.22","6.90","14.50","1.01","13.00","1.11","6.30","1.49","2.82","2.11","1.71","3.56","1.25","2.00","1.80"
"59972","20-01-18 21:30","Portugal","Liga Portugal","2017/2018","Portimonense","Braga","3.28","3.42","2.32","1.04","9.50","1.23","4.10","1.90","2.00","3.00","1.38","5.60","1.11","1.74","2.15"
"59970","21-01-18 17:00","Portugal","Liga Portugal","2017/2018","Aves","Pacos Ferreira","2.11","3.36","3.96","1.03","9.20","1.32","3.32","2.23","1.73","3.88","1.25","7.50","1.06","1.95","1.91"
"59971","21-01-18 17:00","Portugal","Liga Portugal","2017/2018","Feirense","Moreirense","2.76","3.08","2.98","1.06","7.10","1.47","2.65","2.75","1.51","5.30","1.15","10.50","1.02","2.18","1.67"
"59969","21-01-18 19:00","Portugal","Liga Portugal","2017/2018","Rio Ave","Boavista","2.13","3.32","3.98","1.04","8.50","1.36","3.10","2.38","1.65","4.20","1.22","8.40","1.04","2.19","1.74"
"59968","21-01-18 21:15","Portugal","Liga Portugal","2017/2018","Vitoria Guimaraes","Estoril","1.68","4.04","5.50","1.03","6.75","1.21","4.30","1.81","2.10","2.86","1.41","5.20","1.13","1.82","2.00"
"59966","29-01-18 20:00","Portugal","Liga Portugal","2017/2018","Pacos Ferreira","Feirense","2.22","3.13","3.98","1.06","7.20","1.48","2.61","2.69","1.53","5.30","1.15","10.50","1.02","2.15","1.67"
"59967","29-01-18 20:00","Portugal","Liga Portugal","2017/2018","Portimonense","Rio Ave","2.26","3.56","3.34","1.04","12.50","1.26","3.78","1.91","2.01","3.15","1.35","5.80","1.10","1.69","2.20"
"59965","29-01-18 22:00","Portugal","Liga Portugal","2017/2018","BSAD","Benfica","10.50","5.00","1.34","1.03","10.00","1.22","4.20","1.86","2.05","3.00","1.38","5.50","1.11","2.20","1.70"
"59963","30-01-18 20:00","Portugal","Liga Portugal","2017/2018","Braga","Aves","1.62","3.98","5.55","1.04","12.50","1.22","4.14","1.88","2.03","3.00","1.38","5.60","1.11","1.91","1.91"
"59964","30-01-18 20:00","Portugal","Liga Portugal","2017/2018","Estoril","Tondela","2.19","3.38","3.70","1.02","10.00","1.29","3.54","2.13","1.80","3.62","1.28","6.80","1.07","1.92","1.95"
"59962","30-01-18 22:00","Portugal","Liga Portugal","2017/2018","Moreirense","FC Porto","14.00","5.90","1.25","1.03","10.00","1.22","4.20","1.84","2.07","2.95","1.39","5.30","1.12","2.63","1.53"
"59960","31-01-18 20:00","Portugal","Liga Portugal","2017/2018","Boavista","Maritimo","2.13","3.13","4.30","1.08","6.60","1.49","2.58","2.88","1.48","5.50","1.14","11.50","1.01","2.50","1.57"
"59961","31-01-18 20:00","Portugal","Liga Portugal","2017/2018","Chaves","Vitoria Setubal","1.80","3.68","5.10","1.03","9.60","1.32","3.32","2.22","1.74","3.88","1.25","7.50","1.06","2.05","1.75"
"59959","31-01-18 22:00","Portugal","Liga Portugal","2017/2018","Sporting CP","Vitoria Guimaraes","1.30","5.90","9.40","1.02","12.00","1.12","5.30","1.47","2.61","2.45","1.62","4.10","1.23","1.91","1.91"
"59958","03-02-18 19:15","Portugal","Liga Portugal","2017/2018","Benfica","Rio Ave","1.17","7.80","18.00","1.01","7.60","1.13","5.90","1.54","2.66","2.23","1.64","3.80","1.22","2.50","1.57"
"59957","03-02-18 21:30","Portugal","Liga Portugal","2017/2018","FC Porto","Braga","1.29","5.40","12.50","1.02","7.00","1.21","4.30","1.83","2.07","2.95","1.39","5.50","1.11","2.38","1.62"
"59955","04-02-18 17:00","Portugal","Liga Portugal","2017/2018","Feirense","Chaves","3.08","3.08","2.68","1.06","7.70","1.41","2.86","2.57","1.57","4.74","1.18","9.30","1.03","2.06","1.80"
"59956","04-02-18 17:00","Portugal","Liga Portugal","2017/2018","Tondela","Moreirense","2.43","3.22","3.34","1.04","8.50","1.37","3.08","2.40","1.64","4.30","1.21","8.40","1.04","2.05","1.80"
"59954","04-02-18 19:00","Portugal","Liga Portugal","2017/2018","Estoril","Sporting CP","8.80","4.18","1.45","1.03","6.70","1.23","4.10","1.90","2.00","3.00","1.38","5.60","1.11","2.00","1.82"
"59953","04-02-18 21:15","Portugal","Liga Portugal","2017/2018","Vitoria Guimaraes","Pacos Ferreira","1.79","3.84","4.90","1.03","6.70","1.23","4.10","1.90","2.00","3.08","1.37","5.80","1.10","1.90","1.98"
"59952","05-02-18 20:00","Portugal","Liga Portugal","2017/2018","Maritimo","Portimonense","3.16","3.10","2.59","1.06","7.60","1.42","2.83","2.57","1.57","4.74","1.18","9.50","1.03","2.05","1.82"
"59951","05-02-18 22:00","Portugal","Liga Portugal","2017/2018","Vitoria Setubal","BSAD","2.53","2.94","3.48","1.09","6.10","1.56","2.40","3.18","1.41","6.30","1.11","","","2.26","1.62"
"59950","06-02-18 21:00","Portugal","Liga Portugal","2017/2018","Aves","Boavista","2.37","3.00","3.66","1.06","7.40","1.42","2.83","2.54","1.58","4.74","1.18","9.30","1.03","2.13","1.73"
"59949","09-02-18 21:30","Portugal","Liga Portugal","2017/2018","Pacos Ferreira","Tondela","2.04","3.24","4.46","1.04","8.60","1.35","3.15","2.26","1.72","3.88","1.25","7.50","1.06","2.00","1.80"
"59948","10-02-18 17:00","Portugal","Liga Portugal","2017/2018","Rio Ave","Maritimo","1.72","3.78","5.65","1.02","10.50","1.30","3.46","2.15","1.79","3.70","1.27","7.30","1.06","2.06","1.75"
"59947","10-02-18 19:15","Portugal","Liga Portugal","2017/2018","Braga","Vitoria Setubal","1.56","4.10","7.30","1.01","11.50","1.23","4.10","1.92","1.98","3.08","1.37","5.80","1.10","1.95","1.82"
"59946","10-02-18 21:30","Portugal","Liga Portugal","2017/2018","Portimonense","Benfica","6.80","4.32","1.53","1.04","13.00","1.15","5.30","1.64","2.40","2.45","1.54","4.30","1.18","1.75","2.05"
"59944","11-02-18 17:00","Portugal","Liga Portugal","2017/2018","BSAD","Aves","2.36","3.24","3.44","1.03","8.70","1.35","3.15","2.35","1.66","4.14","1.22","8.10","1.05","2.05","1.83"
"59945","11-02-18 17:00","Portugal","Liga Portugal","2017/2018","Chaves","FC Porto","8.30","4.60","1.43","1.05","11.00","1.22","4.14","1.87","2.04","3.00","1.38","5.50","1.11","2.05","1.75"
"59943","11-02-18 19:00","Portugal","Liga Portugal","2017/2018","Sporting CP","Feirense","1.16","7.80","21.00","1.04","13.00","1.18","4.74","1.69","2.30","2.65","1.47","4.74","1.15","2.63","1.53"
"59942","11-02-18 21:15","Portugal","Liga Portugal","2017/2018","Boavista","Vitoria Guimaraes","3.13","3.08","2.65","1.03","9.60","1.28","3.62","2.12","1.81","3.46","1.30","6.80","1.07","1.85","1.98"
"59941","12-02-18 21:00","Portugal","Liga Portugal","2017/2018","Moreirense","Estoril","2.33","3.13","3.60","1.03","8.90","1.33","3.26","2.23","1.73","3.88","1.25","7.50","1.06","1.97","1.91"
"59940","16-02-18 21:30","Portugal","Liga Portugal","2017/2018","Feirense","Portimonense","3.34","3.13","2.48","1.03","8.80","1.33","3.24","2.24","1.73","3.88","1.25","7.50","1.06","1.91","1.91"
"59939","17-02-18 17:00","Portugal","Liga Portugal","2017/2018","Aves","Maritimo","1.74","3.56","5.95","1.03","9.20","1.33","3.26","2.26","1.73","3.98","1.24","7.80","1.05","2.15","1.73"
"59938","17-02-18 19:15","Portugal","Liga Portugal","2017/2018","Benfica","Boavista","1.21","6.70","17.00","1.03","17.00","1.14","5.50","1.57","2.57","2.31","1.60","4.04","1.20","2.20","1.73"
"59937","17-02-18 21:30","Portugal","Liga Portugal","2017/2018","Estoril","BSAD","2.21","3.34","3.70","1.03","9.30","1.32","3.32","2.25","1.74","3.88","1.25","7.50","1.06","1.91","1.93"
"59935","18-02-18 17:00","Portugal","Liga Portugal","2017/2018","Moreirense","Chaves","2.58","3.22","3.08","1.03","9.60","1.30","3.46","2.17","1.77","3.70","1.27","7.30","1.06","1.95","1.93"
"59936","18-02-18 17:00","Portugal","Liga Portugal","2017/2018","Vitoria Setubal","Pacos Ferreira","2.35","3.15","3.56","1.06","7.60","1.43","2.79","2.57","1.57","4.90","1.17","9.50","1.03","2.15","1.75"
"59934","18-02-18 19:00","Portugal","Liga Portugal","2017/2018","FC Porto","Rio Ave","1.16","8.80","19.00","1.03","17.00","1.12","6.10","1.50","2.79","2.14","1.69","3.56","1.25","2.25","1.67"
"59933","18-02-18 21:15","Portugal","Liga Portugal","2017/2018","Vitoria Guimaraes","Braga","2.79","3.14","2.89","1.02","10.00","1.26","3.78","2.04","1.87","3.32","1.32","6.40","1.08","1.74","2.10"
"59932","19-02-18 21:00","Portugal","Liga Portugal","2017/2018","Tondela","Sporting CP","10.50","5.40","1.32","1.05","12.00","1.19","4.60","1.77","2.20","2.79","1.43","5.10","1.14","2.19","1.74"
"59931","21-02-18 19:00","Portugal","Liga Portugal","2017/2018","Estoril","FC Porto","4.46","3.44","1.94","1.01","7.40","1.17","4.64","1.59","2.56","3.30","1.30","3.82","1.22","2.15","1.71"
"59930","23-02-18 21:30","Portugal","Liga Portugal","2017/2018","Rio Ave","Aves","2.12","3.54","3.66","1.01","11.00","1.27","3.70","2.04","1.87","3.40","1.31","6.40","1.08","1.80","2.03"
"59929","24-02-18 17:00","Portugal","Liga Portugal","2017/2018","BSAD","Feirense","1.91","3.26","5.15","1.05","7.90","1.38","3.00","2.45","1.62","4.30","1.21","8.60","1.04","2.15","1.71"
"59928","24-02-18 19:15","Portugal","Liga Portugal","2017/2018","Maritimo","Vitoria Guimaraes","2.52","3.24","3.14","1.03","9.20","1.33","3.26","2.27","1.71","3.98","1.24","7.80","1.05","1.91","1.91"
"59927","24-02-18 21:30","Portugal","Liga Portugal","2017/2018","Pacos Ferreira","Benfica","8.30","4.94","1.38","1.02","7.00","1.21","4.30","1.80","2.13","2.86","1.41","5.20","1.13","2.10","1.80"
"59926","25-02-18 17:00","Portugal","Liga Portugal","2017/2018","Chaves","Estoril","2.03","3.56","4.02","1.01","11.50","1.25","3.88","1.97","1.93","3.20","1.34","6.10","1.09","1.80","2.00"
"59925","25-02-18 19:00","Portugal","Liga Portugal","2017/2018","Boavista","Vitoria Setubal","2.18","3.22","3.94","1.06","7.10","1.47","2.65","2.77","1.51","5.30","1.15","10.50","1.02","2.32","1.62"
"59924","25-02-18 21:15","Portugal","Liga Portugal","2017/2018","Portimonense","FC Porto","8.50","5.20","1.36","1.02","7.30","1.16","5.10","1.66","2.36","2.53","1.51","4.50","1.17","1.97","1.92"
"59923","26-02-18 20:00","Portugal","Liga Portugal","2017/2018","Braga","Tondela","1.34","5.40","9.10","1.04","13.00","1.18","4.74","1.73","2.23","2.71","1.45","4.90","1.14","2.10","1.81"
"59922","26-02-18 22:00","Portugal","Liga Portugal","2017/2018","Sporting CP","Moreirense","1.22","7.00","14.00","1.03","17.00","1.14","5.50","1.59","2.52","2.38","1.57","4.14","1.19","2.18","1.74"
"59921","02-03-18 21:30","Portugal","Liga Portugal","2017/2018","FC Porto","Sporting CP","1.58","3.96","5.95","1.03","9.70","1.33","3.24","2.25","1.74","3.98","1.24","7.80","1.05","2.14","1.78"
"59920","03-03-18 17:00","Portugal","Liga Portugal","2017/2018","Feirense","Boavista","3.10","2.96","2.76","1.08","6.70","1.48","2.61","2.86","1.48","5.50","1.14","11.50","1.01","2.20","1.67"
"59919","03-03-18 19:15","Portugal","Liga Portugal","2017/2018","Benfica","Maritimo","1.13","9.30","24.00","1.01","7.70","1.12","6.10","1.51","2.75","2.16","1.68","3.64","1.24","2.50","1.58"
"59918","03-03-18 21:30","Portugal","Liga Portugal","2017/2018","Estoril","Braga","3.94","3.72","1.99","1.03","13.50","1.21","4.30","1.83","2.08","2.91","1.40","5.50","1.11","1.73","2.14"
"59917","04-03-18 12:45","Portugal","Liga Portugal","2017/2018","Tondela","Chaves","2.62","3.28","2.97","1.03","9.60","1.31","3.40","2.19","1.76","3.78","1.26","7.30","1.06","1.85","2.04"
"59916","04-03-18 17:00","Portugal","Liga Portugal","2017/2018","Moreirense","Pacos Ferreira","2.39","3.06","3.60","1.06","7.20","1.43","2.79","2.66","1.54","4.90","1.17","9.70","1.02","2.15","1.75"
"59915","04-03-18 19:00","Portugal","Liga Portugal","2017/2018","Vitoria Setubal","Rio Ave","2.74","3.13","2.96","1.03","8.70","1.37","3.05","2.32","1.68","4.20","1.22","8.40","1.04","1.93","1.91"
"59914","04-03-18 21:15","Portugal","Liga Portugal","2017/2018","Vitoria Guimaraes","BSAD","2.05","3.42","3.94","1.03","9.70","1.32","3.32","2.20","1.75","3.78","1.26","7.30","1.06","1.91","1.95"
"59913","05-03-18 21:00","Portugal","Liga Portugal","2017/2018","Aves","Portimonense","2.19","3.36","3.68","1.01","11.00","1.25","3.88","1.96","1.91","3.24","1.33","6.10","1.09","1.75","2.10"
"59912","09-03-18 21:30","Portugal","Liga Portugal","2017/2018","Braga","Moreirense","1.43","4.54","7.20","1.03","12.00","1.26","3.70","1.99","1.93","3.26","1.32","6.10","1.09","2.00","1.85"
"59911","10-03-18 17:00","Portugal","Liga Portugal","2017/2018","Rio Ave","Feirense","1.66","3.88","6.10","1.02","10.00","1.29","3.54","2.13","1.80","3.70","1.27","7.00","1.06","2.10","1.77"
"59910","10-03-18 19:15","Portugal","Liga Portugal","2017/2018","Benfica","Aves","1.16","8.10","16.00","1.02","21.00","1.10","5.60","1.42","2.78","2.31","1.67","3.80","1.25","2.20","1.74"
"59909","10-03-18 21:30","Portugal","Liga Portugal","2017/2018","Boavista","Estoril","2.15","3.30","3.82","1.03","9.50","1.31","3.40","2.19","1.76","3.78","1.26","7.30","1.06","1.91","1.91"
"59908","11-03-18 12:45","Portugal","Liga Portugal","2017/2018","Portimonense","Vitoria Guimaraes","2.24","3.44","3.50","1.05","11.00","1.22","4.14","1.89","2.01","3.00","1.38","5.60","1.11","1.67","2.15"
"59907","11-03-18 17:00","Portugal","Liga Portugal","2017/2018","Maritimo","Vitoria Setubal","2.32","3.10","3.70","1.08","6.40","1.55","2.42","3.06","1.43","6.10","1.12","12.00","1.01","2.32","1.64"
"59906","11-03-18 19:00","Portugal","Liga Portugal","2017/2018","BSAD","Tondela","1.92","3.42","4.78","1.04","8.60","1.35","3.15","2.32","1.68","4.10","1.23","8.10","1.05","2.10","1.80"
"59905","11-03-18 21:15","Portugal","Liga Portugal","2017/2018","Pacos Ferreira","FC Porto","14.00","6.00","1.23","1.02","7.10","1.18","4.60","1.73","2.21","2.64","1.46","4.70","1.14","2.38","1.63"
"59904","12-03-18 20:00","Portugal","Liga Portugal","2017/2018","Chaves","Sporting CP","5.55","3.82","1.65","1.01","11.50","1.26","3.78","2.01","1.89","3.32","1.32","6.40","1.08","1.98","1.90"
"59903","16-03-18 21:30","Portugal","Liga Portugal","2017/2018","Vitoria Setubal","Portimonense","2.45","3.26","3.26","1.03","9.20","1.32","3.32","2.25","1.72","3.88","1.25","7.50","1.06","1.90","1.98"
"59901","17-03-18 17:00","Portugal","Liga Portugal","2017/2018","Estoril","Pacos Ferreira","2.20","3.40","3.62","1.01","11.00","1.25","3.88","1.98","1.92","3.20","1.34","6.10","1.09","1.75","2.10"
"59902","17-03-18 17:00","Portugal","Liga Portugal","2017/2018","Tondela","Maritimo","2.30","3.24","3.58","1.05","7.80","1.41","2.86","2.57","1.57","4.74","1.18","9.30","1.03","2.05","1.80"
"59900","17-03-18 19:15","Portugal","Liga Portugal","2017/2018","Feirense","Benfica","12.50","5.60","1.28","1.02","11.00","1.17","4.90","1.69","2.30","2.58","1.49","4.54","1.15","2.25","1.68"
"59899","17-03-18 21:30","Portugal","Liga Portugal","2017/2018","FC Porto","Boavista","1.16","8.00","21.00","1.02","12.00","1.14","5.50","1.57","2.57","2.29","1.61","3.92","1.21","2.58","1.55"
"59897","18-03-18 17:00","Portugal","Liga Portugal","2017/2018","Moreirense","BSAD","2.37","3.14","3.54","1.06","7.40","1.42","2.83","2.63","1.55","4.90","1.17","9.70","1.03","2.10","1.75"
"59898","18-03-18 17:00","Portugal","Liga Portugal","2017/2018","Vitoria Guimaraes","Aves","2.16","3.42","3.74","1.02","10.50","1.26","3.78","2.03","1.88","3.32","1.32","6.30","1.09","1.75","2.10"
"59896","18-03-18 19:00","Portugal","Liga Portugal","2017/2018","Chaves","Braga","4.24","3.66","1.93","1.01","11.50","1.26","3.78","2.00","1.90","3.32","1.32","6.30","1.09","1.80","2.00"
"59895","18-03-18 21:15","Portugal","Liga Portugal","2017/2018","Sporting CP","Rio Ave","1.25","6.45","12.50","1.01","7.60","1.14","5.50","1.59","2.52","2.33","1.59","4.04","1.20","2.20","1.73"
"59894","29-03-18 21:00","Portugal","Liga Portugal","2017/2018","Aves","Vitoria Setubal","2.05","3.40","4.06","1.04","8.50","1.34","3.20","2.27","1.71","3.98","1.24","7.80","1.05","1.91","1.91"
"59893","30-03-18 17:00","Portugal","Liga Portugal","2017/2018","Maritimo","Feirense","1.69","3.44","6.10","1.06","7.60","1.40","2.91","2.50","1.60","4.60","1.19","9.10","1.03","2.25","1.67"
"59892","30-03-18 19:15","Portugal","Liga Portugal","2017/2018","Rio Ave","Estoril","1.81","3.86","4.52","1.05","12.00","1.22","4.20","1.87","2.06","3.00","1.38","5.60","1.11","1.75","2.10"
"59891","30-03-18 21:30","Portugal","Liga Portugal","2017/2018","Boavista","Tondela","2.09","3.22","3.98","1.06","7.70","1.41","2.86","2.56","1.59","4.74","1.18","9.30","1.03","2.10","1.76"
"59889","31-03-18 17:00","Portugal","Liga Portugal","2017/2018","Pacos Ferreira","Chaves","2.38","3.22","3.44","1.03","9.20","1.33","3.26","2.22","1.74","3.88","1.25","7.50","1.06","1.90","1.98"
"59890","31-03-18 17:00","Portugal","Liga Portugal","2017/2018","Portimonense","Moreirense","2.02","3.54","4.08","1.02","10.50","1.28","3.62","2.08","1.83","3.54","1.29","6.60","1.08","1.91","1.95"
"59888","31-03-18 19:15","Portugal","Liga Portugal","2017/2018","Benfica","Vitoria Guimaraes","1.12","10.00","24.00","1.01","23.00","1.06","7.30","1.30","3.46","1.94","1.96","2.95","1.39","2.10","1.78"
"59887","31-03-18 21:30","Portugal","Liga Portugal","2017/2018","Braga","Sporting CP","3.34","3.46","2.24","","","1.23","4.10","1.91","1.99","3.05","1.37","5.80","1.10","1.75","2.13"
"59886","02-04-18 21:00","Portugal","Liga Portugal","2017/2018","BSAD","FC Porto","12.50","5.40","1.29","1.05","11.00","1.20","4.44","1.80","2.15","2.83","1.42","5.20","1.13","2.25","1.69"
"59885","06-04-18 21:30","Portugal","Liga Portugal","2017/2018","Vitoria Guimaraes","Rio Ave","2.16","3.54","3.60","1.03","12.50","1.22","4.20","1.88","2.03","3.00","1.38","5.60","1.11","1.68","2.10"
"59883","07-04-18 17:00","Portugal","Liga Portugal","2017/2018","Estoril","Maritimo","2.22","3.38","3.62","1.02","10.50","1.28","3.62","2.09","1.83","3.46","1.30","6.60","1.08","1.80","2.00"
"59884","07-04-18 17:00","Portugal","Liga Portugal","2017/2018","Tondela","Portimonense","2.69","3.30","2.87","1.02","10.50","1.26","3.78","2.04","1.87","3.32","1.32","6.40","1.08","1.74","2.10"
"59882","07-04-18 19:15","Portugal","Liga Portugal","2017/2018","Feirense","Braga","5.75","4.38","1.57","1.03","6.75","1.22","4.20","1.85","2.06","3.00","1.38","5.50","1.11","1.90","1.98"
"59881","07-04-18 21:30","Portugal","Liga Portugal","2017/2018","Vitoria Setubal","Benfica","10.50","5.10","1.33","1.03","10.00","1.22","4.14","1.81","2.11","3.00","1.38","5.60","1.11","2.24","1.71"
"59880","08-04-18 17:00","Portugal","Liga Portugal","2017/2018","Chaves","BSAD","2.21","3.34","3.70","1.03","9.20","1.32","3.32","2.24","1.73","3.88","1.25","7.50","1.06","1.95","1.91"
"59879","08-04-18 19:00","Portugal","Liga Portugal","2017/2018","FC Porto","Aves","1.12","9.80","28.00","1.01","15.00","1.09","6.30","1.37","3.05","2.11","1.81","3.26","1.33","2.64","1.54"
"59878","08-04-18 21:15","Portugal","Liga Portugal","2017/2018","Sporting CP","Pacos Ferreira","1.28","5.85","10.50","1.02","12.00","1.15","5.10","1.64","2.40","2.46","1.52","4.30","1.17","2.05","1.80"
"59877","09-04-18 21:00","Portugal","Liga Portugal","2017/2018","Moreirense","Boavista","2.21","3.12","3.96","1.07","6.90","1.47","2.65","2.80","1.50","5.30","1.15","10.50","1.02","2.25","1.65"
"59876","13-04-18 21:30","Portugal","Liga Portugal","2017/2018","Pacos Ferreira","Braga","4.86","3.86","1.78","1.03","6.75","1.22","4.20","1.88","2.05","3.00","1.38","5.60","1.11","1.75","2.10"
"59874","14-04-18 17:00","Portugal","Liga Portugal","2017/2018","Aves","Feirense","1.86","3.70","4.66","1.02","10.50","1.28","3.62","2.09","1.83","3.58","1.29","6.80","1.07","2.05","1.81"
"59875","14-04-18 17:00","Portugal","Liga Portugal","2017/2018","Portimonense","Estoril","2.10","3.64","3.68","1.02","7.00","1.20","4.44","1.80","2.13","2.83","1.42","5.20","1.13","1.62","2.30"
"59873","14-04-18 19:15","Portugal","Liga Portugal","2017/2018","Boavista","Chaves","2.45","3.24","3.28","1.03","8.70","1.37","3.08","2.35","1.66","4.20","1.22","8.40","1.04","2.00","1.84"
"59872","14-04-18 21:30","Portugal","Liga Portugal","2017/2018","Vitoria Guimaraes","Vitoria Setubal","1.87","3.52","4.82","1.02","10.00","1.29","3.58","2.11","1.81","3.58","1.29","7.00","1.06","1.95","1.91"
"59871","15-04-18 17:00","Portugal","Liga Portugal","2017/2018","Maritimo","Moreirense","2.11","3.07","4.26","1.06","7.10","1.46","2.68","2.68","1.53","5.10","1.16","10.00","1.02","2.20","1.69"
"59870","15-04-18 19:00","Portugal","Liga Portugal","2017/2018","Benfica","FC Porto","2.72","3.18","2.78","1.03","9.20","1.32","3.32","2.24","1.73","3.88","1.25","7.50","1.06","1.91","1.93"
"59869","15-04-18 21:15","Portugal","Liga Portugal","2017/2018","BSAD","Sporting CP","7.00","4.24","1.52","","","1.24","3.98","1.92","1.98","3.10","1.36","5.80","1.10","2.00","1.82"
"59868","16-04-18 21:00","Portugal","Liga Portugal","2017/2018","Rio Ave","Tondela","1.77","3.74","5.00","1.04","6.50","1.24","3.98","1.94","1.96","3.15","1.35","6.00","1.10","1.80","2.00"
"59867","20-04-18 21:30","Portugal","Liga Portugal","2017/2018","Braga","Maritimo","1.32","5.70","9.60","1.02","9.20","1.15","5.30","1.62","2.46","2.42","1.55","4.14","1.19","2.00","1.86"
"59866","21-04-18 17:00","Portugal","Liga Portugal","2017/2018","Pacos Ferreira","BSAD","2.18","3.28","3.86","1.03","9.30","1.31","3.40","2.20","1.75","3.78","1.26","7.30","1.06","1.91","1.91"
"59865","21-04-18 19:15","Portugal","Liga Portugal","2017/2018","Feirense","Vitoria Guimaraes","3.13","3.30","2.51","1.02","10.00","1.28","3.62","2.10","1.82","3.54","1.29","6.80","1.07","1.80","2.00"
"59864","21-04-18 21:30","Portugal","Liga Portugal","2017/2018","Estoril","Benfica","9.70","5.40","1.33","1.02","9.20","1.15","5.30","1.63","2.44","2.42","1.55","4.24","1.18","1.95","1.91"
"59862","22-04-18 17:00","Portugal","Liga Portugal","2017/2018","Chaves","Portimonense","2.36","3.52","3.17","1.03","8.40","1.19","4.60","1.77","2.17","2.71","1.45","4.90","1.14","1.63","2.25"
"59863","22-04-18 17:00","Portugal","Liga Portugal","2017/2018","Tondela","Aves","2.67","3.18","3.01","1.03","9.50","1.29","3.54","2.16","1.78","3.62","1.28","7.00","1.06","1.90","1.98"
"59861","22-04-18 19:00","Portugal","Liga Portugal","2017/2018","Moreirense","Rio Ave","2.57","3.28","3.04","1.02","10.00","1.29","3.58","2.11","1.81","3.54","1.29","6.80","1.07","1.80","2.00"
"59860","22-04-18 21:15","Portugal","Liga Portugal","2017/2018","Sporting CP","Boavista","1.21","6.90","16.00","1.01","9.60","1.14","5.70","1.56","2.60","2.25","1.63","3.92","1.21","2.30","1.68"
"59859","23-04-18 21:00","Portugal","Liga Portugal","2017/2018","FC Porto","Vitoria Setubal","1.09","11.50","37.00","1.01","9.70","1.14","5.70","1.52","2.63","2.25","1.63","3.80","1.22","2.88","1.46"
"59858","27-04-18 21:30","Portugal","Liga Portugal","2017/2018","Vitoria Guimaraes","Moreirense","2.01","3.52","4.02","1.01","11.50","1.25","3.88","1.99","1.93","3.24","1.33","6.10","1.09","1.75","2.03"
"59857","28-04-18 17:00","Portugal","Liga Portugal","2017/2018","Vitoria Setubal","Feirense","1.77","3.54","5.70","1.06","7.60","1.41","2.86","2.55","1.58","4.74","1.18","9.10","1.03","2.14","1.78"
"59856","28-04-18 19:15","Portugal","Liga Portugal","2017/2018","Benfica","Tondela","1.10","12.50","33.00","","","1.06","7.30","1.30","3.46","1.94","1.96","2.95","1.39","2.75","1.50"
"59855","28-04-18 21:30","Portugal","Liga Portugal","2017/2018","Portimonense","Sporting CP","11.00","5.80","1.29","1.01","9.70","1.10","5.80","1.43","2.75","2.32","1.68","3.78","1.26","1.80","2.10"
"59853","29-04-18 17:00","Portugal","Liga Portugal","2017/2018","Boavista","Pacos Ferreira","2.26","3.14","3.82","1.05","8.20","1.36","3.10","2.38","1.65","4.20","1.22","8.40","1.04","1.95","1.87"
"59854","29-04-18 17:00","Portugal","Liga Portugal","2017/2018","Rio Ave","Chaves","2.07","3.66","3.76","1.04","12.50","1.23","4.10","1.89","2.01","3.05","1.37","5.80","1.10","1.73","2.13"
"59852","29-04-18 19:00","Portugal","Liga Portugal","2017/2018","Maritimo","FC Porto","12.00","5.60","1.28","1.03","8.10","1.22","4.14","1.87","2.04","3.00","1.38","5.60","1.11","2.38","1.63"
"59851","29-04-18 21:15","Portugal","Liga Portugal","2017/2018","BSAD","Braga","6.20","4.40","1.57","1.03","8.50","1.20","4.44","1.78","2.16","2.79","1.43","5.10","1.14","1.91","1.95"
"59850","30-04-18 21:00","Portugal","Liga Portugal","2017/2018","Aves","Estoril","2.01","3.66","3.92","1.04","13.00","1.22","4.20","1.86","2.05","2.95","1.39","5.60","1.11","1.75","2.11"
"59849","04-05-18 21:30","Portugal","Liga Portugal","2017/2018","Braga","Boavista","1.25","6.10","11.50","1.02","9.20","1.14","5.30","1.60","2.46","2.36","1.56","4.04","1.19","2.05","1.79"
"59848","05-05-18 17:00","Portugal","Liga Portugal","2017/2018","BSAD","Portimonense","2.21","3.54","3.46","1.04","7.60","1.24","3.98","1.94","1.96","3.15","1.35","5.80","1.10","1.67","2.18"
"59847","05-05-18 19:15","Portugal","Liga Portugal","2017/2018","Tondela","Vitoria Guimaraes","2.88","3.42","2.61","1.01","11.00","1.26","3.78","2.00","1.90","3.26","1.33","6.30","1.09","1.75","2.10"
"59846","05-05-18 21:30","Portugal","Liga Portugal","2017/2018","Sporting CP","Benfica","2.07","3.38","3.66","1.01","11.50","1.24","3.98","1.93","1.97","3.10","1.36","5.80","1.10","1.73","2.10"
"59844","06-05-18 17:00","Portugal","Liga Portugal","2017/2018","Estoril","Vitoria Setubal","2.52","3.14","3.26","1.03","8.90","1.36","3.10","2.27","1.71","4.10","1.23","8.10","1.05","1.91","1.95"
"59845","06-05-18 17:00","Portugal","Liga Portugal","2017/2018","Moreirense","Aves","2.52","2.94","3.48","1.06","7.20","1.45","2.73","2.60","1.56","4.90","1.17","9.70","1.03","2.05","1.84"
"59843","06-05-18 19:00","Portugal","Liga Portugal","2017/2018","Chaves","Maritimo","2.26","3.42","3.46","1.01","11.00","1.27","3.70","1.97","1.93","3.32","1.32","6.30","1.09","1.75","2.10"
"59842","06-05-18 21:15","Portugal","Liga Portugal","2017/2018","FC Porto","Feirense","1.21","7.10","14.50","","","1.08","6.40","1.35","3.15","1.97","1.92","3.15","1.35","1.88","2.00"
"59841","07-05-18 21:00","Portugal","Liga Portugal","2017/2018","Pacos Ferreira","Rio Ave","1.88","3.74","3.94","1.04","11.50","1.27","3.54","1.95","1.91","3.34","1.30","6.20","1.08","1.80","2.00"
"59840","11-05-18 21:30","Portugal","Liga Portugal","2017/2018","Aves","Chaves","2.91","3.60","2.48","1.03","14.00","1.22","4.20","1.79","2.15","2.86","1.41","5.20","1.13","1.64","2.25"
"59839","12-05-18 17:00","Portugal","Liga Portugal","2017/2018","Vitoria Guimaraes","FC Porto","7.30","4.84","1.45","1.02","9.10","1.18","4.64","1.65","2.35","2.58","1.48","4.54","1.15","1.75","2.16"
"59838","12-05-18 21:00","Portugal","Liga Portugal","2017/2018","Boavista","BSAD","2.06","3.50","3.96","1.02","10.00","1.32","3.32","2.13","1.80","3.78","1.26","7.20","1.06","1.91","1.91"
"59832","13-05-18 19:00","Portugal","Liga Portugal","2017/2018","Benfica","Moreirense","1.15","9.10","17.00","1.01","10.00","1.09","6.25","1.36","3.10","2.03","1.88","3.24","1.33","2.17","1.75"
"59833","13-05-18 19:00","Portugal","Liga Portugal","2017/2018","Feirense","Estoril","2.34","3.60","3.14","1.03","8.10","1.24","3.98","1.84","2.07","3.00","1.38","5.55","1.11","1.65","2.25"
"59834","13-05-18 19:00","Portugal","Liga Portugal","2017/2018","Maritimo","Sporting CP","10.50","5.10","1.32","1.03","8.60","1.20","4.40","1.70","2.26","2.71","1.44","4.84","1.14","2.10","1.80"
"59835","13-05-18 19:00","Portugal","Liga Portugal","2017/2018","Portimonense","Pacos Ferreira","3.28","3.72","2.10","1.02","9.10","1.15","4.90","1.58","2.45","2.38","1.53","4.10","1.17","1.53","2.55"
"59836","13-05-18 19:00","Portugal","Liga Portugal","2017/2018","Rio Ave","Braga","4.18","3.92","1.86","1.02","9.10","1.17","4.80","1.63","2.40","2.49","1.51","4.32","1.17","1.58","2.38"
"59837","13-05-18 19:00","Portugal","Liga Portugal","2017/2018","Vitoria Setubal","Tondela","1.48","4.50","6.55","1.03","8.10","1.20","4.14","1.80","2.06","2.85","1.38","5.05","1.11","1.91","1.96"
"59831","10-08-18 21:30","Portugal","Liga Portugal","2018/2019","Benfica","Vitoria Guimaraes","1.26","5.75","13.50","1.02","9.20","1.18","4.74","1.65","2.38","2.53","1.51","4.44","1.17","2.06","1.83"
"59830","11-08-18 17:30","Portugal","Liga Portugal","2018/2019","Vitoria Setubal","Aves","2.44","3.13","3.42","1.05","8.00","1.41","2.86","2.55","1.58","4.60","1.19","9.00","1.03","2.04","1.85"
"59829","11-08-18 20:00","Portugal","Liga Portugal","2018/2019","Tondela","BSAD","2.27","3.38","3.48","1.03","9.10","1.38","3.00","2.30","1.69","4.20","1.22","8.20","1.04","1.99","1.89"
"59828","11-08-18 22:00","Portugal","Liga Portugal","2018/2019","FC Porto","Chaves","1.17","8.00","18.00","1.01","9.60","1.16","5.10","1.57","2.57","2.40","1.56","4.14","1.19","2.41","1.63"
"59826","12-08-18 17:00","Portugal","Liga Portugal","2018/2019","Feirense","Rio Ave","2.73","3.13","2.97","1.04","8.40","1.39","2.95","2.38","1.65","4.44","1.20","8.60","1.04","1.99","1.89"
"59827","12-08-18 17:00","Portugal","Liga Portugal","2018/2019","Maritimo","Santa Clara","1.90","3.28","5.25","1.05","7.60","1.43","2.79","2.50","1.60","4.64","1.18","9.10","1.03","2.14","1.78"
"59825","12-08-18 19:30","Portugal","Liga Portugal","2018/2019","Moreirense","Sporting CP","6.60","3.86","1.58","1.06","10.00","1.32","3.50","2.08","1.83","3.42","1.33","7.00","1.11","1.98","1.83"
"59824","12-08-18 21:30","Portugal","Liga Portugal","2018/2019","Braga","Nacional","1.25","5.30","11.00","1.01","13.50","1.19","4.40","1.65","2.24","2.55","1.47","4.60","1.17","2.16","1.77"
"59823","13-08-18 21:15","Portugal","Liga Portugal","2018/2019","Portimonense","Boavista","2.23","3.14","3.84","1.05","8.00","1.40","2.91","2.42","1.63","4.50","1.20","8.80","1.03","2.01","1.85"
"59822","17-08-18 21:30","Portugal","Liga Portugal","2018/2019","Aves","Tondela","2.33","3.24","3.48","1.03","8.70","1.38","3.00","2.34","1.67","4.30","1.21","8.40","1.04","1.92","1.95"
"59821","18-08-18 17:30","Portugal","Liga Portugal","2018/2019","Chaves","Portimonense","2.42","3.40","3.18","1.01","11.00","1.28","3.62","1.98","1.92","3.32","1.32","6.30","1.09","1.75","2.14"
"59820","18-08-18 20:00","Portugal","Liga Portugal","2018/2019","Boavista","Benfica","7.30","4.04","1.53","1.02","10.00","1.31","3.40","2.10","1.82","3.70","1.27","7.00","1.06","2.13","1.77"
"59819","18-08-18 22:00","Portugal","Liga Portugal","2018/2019","Sporting CP","Vitoria Setubal","1.33","5.35","10.00","1.03","16.00","1.19","4.54","1.69","2.29","2.71","1.45","4.84","1.14","2.00","1.80"
"59817","19-08-18 17:00","Portugal","Liga Portugal","2018/2019","Nacional","Moreirense","2.29","3.50","3.32","1.01","10.50","1.31","3.40","2.07","1.84","3.62","1.28","6.85","1.07","1.80","2.06"
"59818","19-08-18 17:00","Portugal","Liga Portugal","2018/2019","Rio Ave","Maritimo","2.45","3.26","3.26","1.03","8.70","1.39","2.95","2.35","1.66","4.30","1.21","8.40","1.04","2.00","1.86"
"59816","19-08-18 19:30","Portugal","Liga Portugal","2018/2019","BSAD","FC Porto","13.50","5.75","1.26","1.03","14.50","1.21","4.30","1.73","2.23","2.75","1.44","4.90","1.14","2.53","1.58"
"59815","19-08-18 21:30","Portugal","Liga Portugal","2018/2019","Santa Clara","Braga","5.25","3.88","1.73","1.01","11.50","1.29","3.58","2.01","1.89","3.54","1.29","6.65","1.08","1.91","1.95"
"59814","20-08-18 21:15","Portugal","Liga Portugal","2018/2019","Vitoria Guimaraes","Feirense","1.67","3.88","5.75","1.02","9.80","1.35","3.15","2.23","1.73","4.10","1.23","7.90","1.05","2.16","1.77"
"59813","24-08-18 21:30","Portugal","Liga Portugal","2018/2019","Maritimo","Chaves","1.88","3.58","4.66","1.04","8.60","1.41","2.86","2.43","1.63","4.54","1.19","8.70","1.03","2.11","1.79"
"59812","25-08-18 17:30","Portugal","Liga Portugal","2018/2019","Portimonense","Santa Clara","1.91","3.50","4.68","1.02","9.80","1.33","3.26","2.16","1.78","3.88","1.25","7.40","1.06","1.98","1.90"
"59811","25-08-18 20:00","Portugal","Liga Portugal","2018/2019","Benfica","Sporting CP","1.78","3.56","4.92","1.02","9.90","1.33","3.24","2.17","1.77","3.88","1.25","7.50","1.06","1.99","1.89"
"59810","25-08-18 22:00","Portugal","Liga Portugal","2018/2019","FC Porto","Vitoria Guimaraes","1.18","7.50","18.00","1.01","9.60","1.14","5.50","1.53","2.69","2.28","1.62","3.92","1.21","2.33","1.66"
"59808","26-08-18 17:00","Portugal","Liga Portugal","2018/2019","Feirense","Boavista","2.41","3.05","3.58","1.06","7.30","1.46","2.68","2.63","1.55","5.00","1.17","9.80","1.02","2.10","1.78"
"59809","26-08-18 17:00","Portugal","Liga Portugal","2018/2019","Vitoria Setubal","Nacional","1.78","3.78","5.10","1.04","12.50","1.25","3.88","1.89","2.01","3.15","1.35","5.90","1.10","1.80","2.10"
"59807","26-08-18 19:30","Portugal","Liga Portugal","2018/2019","Tondela","Rio Ave","2.35","3.20","3.50","1.03","8.90","1.37","3.08","2.29","1.70","4.14","1.22","8.10","1.05","1.91","1.93"
"59806","26-08-18 21:30","Portugal","Liga Portugal","2018/2019","Braga","Aves","1.35","5.25","9.40","1.02","9.00","1.19","4.54","1.70","2.29","2.71","1.45","4.84","1.14","2.00","1.86"
"59805","27-08-18 21:15","Portugal","Liga Portugal","2018/2019","Moreirense","BSAD","2.31","3.04","3.82","1.03","8.70","1.34","3.20","2.24","1.73","3.88","1.25","7.70","1.05","1.91","1.91"
"59804","31-08-18 20:00","Portugal","Liga Portugal","2018/2019","Chaves","Braga","5.10","3.64","1.81","1.03","8.10","1.22","4.20","1.80","2.13","2.86","1.41","5.25","1.12","1.70","2.20"
"59803","31-08-18 22:15","Portugal","Liga Portugal","2018/2019","Vitoria Guimaraes","Tondela","1.89","3.42","4.96","1.03","9.20","1.35","3.15","2.23","1.73","3.98","1.24","7.80","1.05","1.98","1.90"
"59802","01-09-18 17:30","Portugal","Liga Portugal","2018/2019","BSAD","Vitoria Setubal","2.31","3.34","3.44","1.03","9.00","1.38","3.00","2.32","1.68","4.30","1.21","8.30","1.04","1.89","2.00"
"59801","01-09-18 20:00","Portugal","Liga Portugal","2018/2019","Santa Clara","Boavista","2.32","3.15","3.64","1.05","7.70","1.45","2.73","2.57","1.57","4.94","1.17","9.70","1.03","2.09","1.82"
"59800","01-09-18 22:00","Portugal","Liga Portugal","2018/2019","Sporting CP","Feirense","1.31","5.55","12.50","1.03","8.50","1.23","4.10","1.82","2.10","3.00","1.38","5.55","1.11","2.31","1.68"
"59798","02-09-18 17:00","Portugal","Liga Portugal","2018/2019","Aves","Maritimo","2.54","3.18","3.17","1.04","8.50","1.39","2.95","2.36","1.66","4.30","1.21","8.50","1.04","1.99","1.89"
"59799","02-09-18 17:00","Portugal","Liga Portugal","2018/2019","Rio Ave","Portimonense","2.32","3.66","3.14","1.04","13.50","1.23","4.10","1.81","2.11","2.95","1.39","5.35","1.12","1.66","2.34"
"59797","02-09-18 19:30","Portugal","Liga Portugal","2018/2019","Nacional","Benfica","9.30","5.25","1.38","1.02","13.00","1.15","5.20","1.58","2.55","2.38","1.57","4.10","1.20","1.87","2.00"
"59796","02-09-18 21:30","Portugal","Liga Portugal","2018/2019","FC Porto","Moreirense","1.13","10.00","28.00","1.01","17.00","1.12","6.10","1.45","2.98","2.08","1.73","3.40","1.27","2.41","1.63"
"59795","21-09-18 21:30","Portugal","Liga Portugal","2018/2019","Boavista","Chaves","2.31","2.96","3.96","1.07","6.85","1.48","2.61","2.72","1.52","5.25","1.15","10.00","1.02","2.16","1.77"
"59794","22-09-18 17:30","Portugal","Liga Portugal","2018/2019","Santa Clara","Rio Ave","2.42","3.44","3.14","1.02","10.50","1.32","3.32","2.12","1.81","3.78","1.26","7.10","1.06","1.85","2.05"
"59793","22-09-18 20:00","Portugal","Liga Portugal","2018/2019","Maritimo","BSAD","2.12","3.04","4.50","1.05","7.70","1.39","2.95","2.43","1.63","4.44","1.20","8.70","1.03","2.02","1.85"
"59792","22-09-18 22:00","Portugal","Liga Portugal","2018/2019","Vitoria Setubal","FC Porto","9.40","4.70","1.42","1.04","10.00","1.24","3.98","1.86","2.05","3.08","1.37","5.70","1.10","2.03","1.86"
"59790","23-09-18 17:00","Portugal","Liga Portugal","2018/2019","Feirense","Nacional","2.06","3.46","4.02","","","1.25","3.88","1.92","1.98","3.20","1.34","6.05","1.09","1.70","2.25"
"59791","23-09-18 17:00","Portugal","Liga Portugal","2018/2019","Tondela","Moreirense","2.31","3.38","3.40","1.03","9.70","1.34","3.20","2.19","1.76","3.88","1.25","7.50","1.06","1.91","1.96"
"59789","23-09-18 19:30","Portugal","Liga Portugal","2018/2019","Benfica","Aves","1.12","10.50","29.00","1.01","9.70","1.13","5.70","1.49","2.82","2.19","1.66","3.64","1.24","2.73","1.50"
"59788","23-09-18 21:30","Portugal","Liga Portugal","2018/2019","Portimonense","Vitoria Guimaraes","2.28","3.44","3.40","1.01","11.50","1.26","3.78","1.92","1.98","3.20","1.34","5.95","1.10","1.70","2.25"
"59787","24-09-18 21:15","Portugal","Liga Portugal","2018/2019","Braga","Sporting CP","2.42","3.42","3.16","1.03","14.00","1.21","4.30","1.76","2.19","2.75","1.44","5.05","1.14","1.59","2.49"
"59786","27-09-18 21:15","Portugal","Liga Portugal","2018/2019","Chaves","Benfica","9.80","4.64","1.37","1.03","8.50","1.21","4.10","1.79","2.13","2.90","1.38","5.20","1.11","2.10","1.76"
"59785","28-09-18 21:30","Portugal","Liga Portugal","2018/2019","FC Porto","Tondela","1.12","9.10","23.00","1.01","10.00","1.08","5.95","1.36","2.99","2.05","1.88","3.20","1.32","2.23","1.72"
"59784","29-09-18 17:30","Portugal","Liga Portugal","2018/2019","Moreirense","Feirense","2.17","3.13","3.76","1.03","8.30","1.38","2.90","2.39","1.64","4.32","1.19","8.20","1.03","2.02","1.87"
"59783","29-09-18 20:00","Portugal","Liga Portugal","2018/2019","Rio Ave","Boavista","2.12","3.18","3.86","1.02","8.80","1.36","2.99","2.29","1.69","4.10","1.21","7.70","1.04","2.00","1.88"
"59782","29-09-18 22:00","Portugal","Liga Portugal","2018/2019","Sporting CP","Maritimo","1.38","4.64","9.40","1.01","12.00","1.19","4.30","1.74","2.21","2.74","1.42","4.94","1.13","2.01","1.81"
"59781","30-09-18 17:00","Portugal","Liga Portugal","2018/2019","Nacional","Santa Clara","1.92","3.70","3.92","1.04","8.00","1.23","3.90","1.86","2.04","3.10","1.34","5.60","1.10","1.74","2.19"
"59780","30-09-18 19:30","Portugal","Liga Portugal","2018/2019","Vitoria Guimaraes","Vitoria Setubal","2.09","3.28","3.82","1.03","8.10","1.42","2.74","2.51","1.59","4.70","1.17","8.90","1.02","2.00","1.85"
"59779","30-09-18 21:30","Portugal","Liga Portugal","2018/2019","BSAD","Braga","4.24","3.52","1.90","1.04","7.90","1.24","3.80","1.91","1.99","3.15","1.33","5.85","1.09","1.77","2.16"
"59778","01-10-18 21:15","Portugal","Liga Portugal","2018/2019","Aves","Portimonense","2.74","3.38","2.59","1.04","8.00","1.24","3.80","1.88","2.02","3.04","1.35","5.55","1.10","1.65","2.35"
"59777","05-10-18 16:30","Portugal","Liga Portugal","2018/2019","Tondela","Nacional","1.97","3.58","3.86","1.04","12.00","1.26","3.62","1.94","1.95","3.26","1.31","6.00","1.08","1.75","2.12"
"59776","05-10-18 19:00","Portugal","Liga Portugal","2018/2019","Santa Clara","Chaves","2.34","3.32","3.14","1.05","10.50","1.28","3.46","2.02","1.88","3.40","1.29","6.30","1.07","1.81","2.09"
"59775","05-10-18 21:30","Portugal","Liga Portugal","2018/2019","Feirense","BSAD","2.48","2.96","3.28","1.05","7.10","1.47","2.57","2.71","1.52","5.15","1.14","9.70","1.01","2.14","1.78"
"59774","06-10-18 16:30","Portugal","Liga Portugal","2018/2019","Vitoria Setubal","Moreirense","2.11","3.24","3.80","1.03","8.50","1.39","2.86","2.39","1.64","4.34","1.19","8.30","1.03","2.00","1.87"
"59773","06-10-18 19:00","Portugal","Liga Portugal","2018/2019","Maritimo","Vitoria Guimaraes","2.30","3.18","3.36","1.03","8.70","1.37","2.94","2.33","1.67","4.24","1.20","8.00","1.03","1.92","1.97"
"59772","06-10-18 21:30","Portugal","Liga Portugal","2018/2019","Braga","Rio Ave","1.42","4.60","8.10","1.02","9.10","1.15","5.05","1.59","2.51","2.38","1.54","4.10","1.18","1.85","2.03"
"59771","07-10-18 16:00","Portugal","Liga Portugal","2018/2019","Boavista","Aves","2.25","3.13","3.54","1.03","8.20","1.39","2.86","2.41","1.63","4.40","1.19","8.30","1.03","2.04","1.85"
"59770","07-10-18 18:30","Portugal","Liga Portugal","2018/2019","Benfica","FC Porto","2.48","3.20","3.01","1.02","8.80","1.37","2.94","2.34","1.66","4.24","1.20","8.00","1.03","1.94","1.94"
"59769","07-10-18 21:00","Portugal","Liga Portugal","2018/2019","Portimonense","Sporting CP","4.46","3.88","1.77","1.03","8.10","1.21","4.10","1.78","2.15","2.86","1.39","5.10","1.12","1.70","2.20"
"59768","26-10-18 20:00","Portugal","Liga Portugal","2018/2019","Nacional","Portimonense","2.56","3.52","2.69","1.03","8.50","1.21","4.10","1.77","2.16","2.78","1.41","5.00","1.12","1.59","2.48"
"59767","26-10-18 22:15","Portugal","Liga Portugal","2018/2019","Vitoria Guimaraes","Braga","3.11","3.38","2.33","1.04","7.60","1.26","3.62","1.96","1.93","3.26","1.31","6.00","1.08","1.73","2.18"
"59766","27-10-18 16:30","Portugal","Liga Portugal","2018/2019","Aves","Santa Clara","2.05","3.44","3.74","","","1.30","3.34","2.07","1.84","3.54","1.27","6.55","1.06","1.83","2.07"
"59765","27-10-18 19:00","Portugal","Liga Portugal","2018/2019","Rio Ave","Chaves","1.77","3.88","4.46","1.04","8.00","1.23","3.90","1.85","2.05","3.04","1.35","5.55","1.10","1.75","2.10"
"59764","27-10-18 21:30","Portugal","Liga Portugal","2018/2019","BSAD","Benfica","11.50","5.15","1.31","1.06","12.00","1.26","3.62","1.92","1.97","3.20","1.32","5.85","1.09","2.56","1.56"
"59762","28-10-18 16:00","Portugal","Liga Portugal","2018/2019","Moreirense","Maritimo","2.12","3.28","3.72","1.03","8.70","1.38","2.90","2.35","1.66","4.30","1.20","8.10","1.03","1.97","1.92"
"59763","28-10-18 16:00","Portugal","Liga Portugal","2018/2019","Tondela","Vitoria Setubal","2.63","3.00","2.99","1.04","7.50","1.44","2.67","2.59","1.56","4.84","1.16","9.20","1.02","2.08","1.82"
"59761","28-10-18 18:30","Portugal","Liga Portugal","2018/2019","FC Porto","Feirense","1.14","8.40","20.00","1.03","15.00","1.15","4.94","1.57","2.56","2.38","1.54","4.10","1.18","2.85","1.47"
"59760","28-10-18 21:00","Portugal","Liga Portugal","2018/2019","Sporting CP","Boavista","1.36","4.80","9.60","1.03","8.10","1.23","3.90","1.85","2.05","3.04","1.35","5.50","1.10","2.20","1.73"
"59759","02-11-18 21:30","Portugal","Liga Portugal","2018/2019","Benfica","Moreirense","1.14","8.30","19.00","1.01","10.00","1.10","5.35","1.42","2.74","2.22","1.73","3.62","1.26","2.45","1.61"
"59758","03-11-18 16:30","Portugal","Liga Portugal","2018/2019","Portimonense","BSAD","1.81","3.80","4.34","1.04","12.00","1.27","3.54","1.97","1.92","3.40","1.29","6.25","1.07","1.83","2.02"
"59757","03-11-18 19:00","Portugal","Liga Portugal","2018/2019","Maritimo","FC Porto","9.60","4.10","1.43","1.04","10.50","1.26","3.62","1.96","1.93","3.20","1.32","5.95","1.08","2.21","1.73"
"59756","03-11-18 21:30","Portugal","Liga Portugal","2018/2019","Boavista","Vitoria Guimaraes","3.14","3.22","2.39","1.03","8.60","1.39","2.86","2.39","1.64","4.40","1.19","8.30","1.03","1.95","1.93"
"59755","04-11-18 16:00","Portugal","Liga Portugal","2018/2019","Feirense","Tondela","2.49","2.91","3.32","1.06","6.65","1.50","2.48","2.84","1.48","5.50","1.13","10.00","1.01","2.24","1.71"
"59754","04-11-18 18:30","Portugal","Liga Portugal","2018/2019","Santa Clara","Sporting CP","5.50","3.44","1.74","1.04","10.50","1.26","3.62","1.99","1.91","3.26","1.31","6.20","1.08","1.91","1.96"
"59753","04-11-18 21:00","Portugal","Liga Portugal","2018/2019","Braga","Vitoria Setubal","1.47","4.20","7.80","1.03","8.10","1.22","3.98","1.83","2.08","2.94","1.37","5.30","1.10","1.97","1.92"
"59752","05-11-18 20:00","Portugal","Liga Portugal","2018/2019","Rio Ave","Nacional","1.48","4.64","6.40","1.02","9.00","1.18","4.54","1.66","2.34","2.60","1.46","4.50","1.14","1.75","2.10"
"59751","05-11-18 22:15","Portugal","Liga Portugal","2018/2019","Chaves","Aves","2.11","3.32","3.70","1.02","9.30","1.35","3.04","2.24","1.72","3.98","1.22","7.50","1.04","1.91","1.95"
"59750","09-11-18 20:00","Portugal","Liga Portugal","2018/2019","Moreirense","Portimonense","2.56","3.13","2.98","1.04","10.50","1.26","3.62","1.97","1.92","3.20","1.32","6.00","1.08","1.73","2.17"
"59749","09-11-18 22:15","Portugal","Liga Portugal","2018/2019","Vitoria Setubal","Feirense","1.75","3.54","5.20","1.03","8.00","1.43","2.70","2.51","1.59","4.70","1.17","8.70","1.02","2.25","1.67"
"59747","10-11-18 16:30","Portugal","Liga Portugal","2018/2019","Aves","Rio Ave","2.83","3.42","2.49","1.04","11.50","1.27","3.54","1.99","1.91","3.34","1.30","6.20","1.08","1.75","2.15"
"59748","10-11-18 16:30","Portugal","Liga Portugal","2018/2019","BSAD","Boavista","2.29","3.24","3.32","1.03","8.60","1.39","2.86","2.39","1.64","4.40","1.19","8.30","1.03","2.00","1.87"
"59746","10-11-18 19:00","Portugal","Liga Portugal","2018/2019","Nacional","Maritimo","2.75","3.10","2.77","1.01","9.80","1.30","3.34","2.12","1.80","3.62","1.26","6.80","1.06","1.80","2.07"
"59745","10-11-18 21:30","Portugal","Liga Portugal","2018/2019","FC Porto","Braga","1.45","4.40","7.70","1.03","8.50","1.21","4.10","1.77","2.16","2.82","1.40","5.05","1.12","1.99","1.89"
"59744","11-11-18 16:00","Portugal","Liga Portugal","2018/2019","Vitoria Guimaraes","Santa Clara","1.72","3.52","5.50","1.01","9.70","1.32","3.20","2.19","1.75","3.90","1.23","7.40","1.05","2.07","1.83"
"59743","11-11-18 18:30","Portugal","Liga Portugal","2018/2019","Tondela","Benfica","9.40","4.64","1.38","1.03","8.50","1.21","4.10","1.80","2.12","2.90","1.38","5.25","1.11","2.10","1.75"
"59742","11-11-18 21:00","Portugal","Liga Portugal","2018/2019","Sporting CP","Chaves","1.29","5.85","9.90","1.02","9.00","1.19","4.30","1.71","2.26","2.74","1.42","4.84","1.13","2.16","1.77"
"59741","30-11-18 21:30","Portugal","Liga Portugal","2018/2019","Santa Clara","BSAD","2.17","3.18","3.70","1.03","7.90","1.42","2.74","2.51","1.59","4.70","1.17","8.80","1.02","2.00","1.83"
"59740","01-12-18 16:30","Portugal","Liga Portugal","2018/2019","Maritimo","Vitoria Setubal","2.39","3.10","3.26","1.03","8.00","1.41","2.78","2.48","1.60","4.60","1.18","8.70","1.02","2.00","1.89"
"59739","01-12-18 19:00","Portugal","Liga Portugal","2018/2019","Benfica","Feirense","1.18","7.60","15.00","1.02","17.00","1.22","4.50","1.61","2.38","2.57","1.53","4.46","1.22","2.42","1.56"
"59738","01-12-18 21:30","Portugal","Liga Portugal","2018/2019","Braga","Moreirense","1.42","4.70","7.70","1.03","15.00","1.18","4.50","1.68","2.31","2.63","1.45","4.64","1.14","1.91","1.92"
"59736","02-12-18 16:00","Portugal","Liga Portugal","2018/2019","Aves","Nacional","1.81","3.84","4.28","1.05","12.00","1.22","4.00","1.81","2.10","2.94","1.37","5.30","1.10","1.70","2.16"
"59737","02-12-18 16:00","Portugal","Liga Portugal","2018/2019","Portimonense","Tondela","1.99","3.20","4.30","1.05","11.00","1.25","3.72","1.97","1.92","3.26","1.31","6.10","1.08","1.79","2.12"
"59735","02-12-18 18:30","Portugal","Liga Portugal","2018/2019","Chaves","Vitoria Guimaraes","3.09","3.16","2.46","1.01","9.60","1.32","3.20","2.16","1.77","3.72","1.25","7.10","1.05","1.85","2.00"
"59734","02-12-18 21:00","Portugal","Liga Portugal","2018/2019","Boavista","FC Porto","12.00","5.35","1.29","1.07","12.50","1.25","3.72","1.89","2.01","3.15","1.33","5.75","1.09","2.63","1.54"
"59733","03-12-18 21:15","Portugal","Liga Portugal","2018/2019","Rio Ave","Sporting CP","4.34","3.66","1.84","1.04","13.00","1.18","4.44","1.71","2.26","2.63","1.45","4.64","1.14","1.62","2.34"
"59732","07-12-18 21:30","Portugal","Liga Portugal","2018/2019","FC Porto","Portimonense","1.14","8.20","20.00","1.01","17.00","1.10","5.60","1.40","2.82","2.15","1.78","3.46","1.28","2.29","1.69"
"59731","08-12-18 16:30","Portugal","Liga Portugal","2018/2019","BSAD","Chaves","2.15","3.10","3.86","1.03","8.10","1.39","2.86","2.41","1.63","4.34","1.19","8.30","1.03","1.97","1.91"
"59730","08-12-18 19:00","Portugal","Liga Portugal","2018/2019","Tondela","Braga","5.60","4.00","1.62","1.02","10.00","1.22","3.98","1.83","2.08","2.98","1.37","5.35","1.10","1.85","2.00"
"59729","08-12-18 21:30","Portugal","Liga Portugal","2018/2019","Vitoria Setubal","Benfica","7.70","3.68","1.55","1.01","9.80","1.28","3.46","2.04","1.86","3.40","1.29","6.30","1.07","2.10","1.76"
"59727","09-12-18 16:00","Portugal","Liga Portugal","2018/2019","Moreirense","Santa Clara","1.95","3.30","4.34","1.02","9.20","1.33","3.13","2.21","1.74","3.90","1.23","7.30","1.05","1.97","1.92"
"59728","09-12-18 16:00","Portugal","Liga Portugal","2018/2019","Nacional","Boavista","2.28","3.02","3.60","1.02","9.00","1.32","3.20","2.19","1.75","3.72","1.25","7.10","1.05","1.82","1.99"
"59726","09-12-18 18:30","Portugal","Liga Portugal","2018/2019","Vitoria Guimaraes","Rio Ave","1.87","3.44","4.54","1.02","11.00","1.27","3.54","2.01","1.89","3.40","1.29","6.40","1.07","1.85","2.05"
"59725","09-12-18 21:00","Portugal","Liga Portugal","2018/2019","Sporting CP","Aves","1.21","7.00","13.00","1.03","15.00","1.14","5.30","1.52","2.70","2.27","1.59","3.84","1.20","2.10","1.76"
"59724","10-12-18 21:15","Portugal","Liga Portugal","2018/2019","Feirense","Maritimo","2.65","2.78","3.24","1.07","6.35","1.47","2.57","2.89","1.47","5.35","1.14","10.00","1.01","2.22","1.73"
"59723","14-12-18 20:00","Portugal","Liga Portugal","2018/2019","Portimonense","Vitoria Setubal","2.05","3.50","3.66","1.02","11.50","1.26","3.62","1.95","1.94","3.26","1.31","6.00","1.08","1.75","2.18"
"59722","14-12-18 22:15","Portugal","Liga Portugal","2018/2019","Braga","Feirense","1.28","5.55","12.00","1.01","11.00","1.23","3.90","1.83","2.08","2.99","1.36","5.45","1.10","2.38","1.64"
"59720","15-12-18 16:30","Portugal","Liga Portugal","2018/2019","Boavista","Tondela","2.34","3.20","3.28","1.04","7.70","1.45","2.63","2.61","1.55","5.00","1.15","9.40","1.02","2.10","1.81"
"59721","15-12-18 16:30","Portugal","Liga Portugal","2018/2019","Chaves","Moreirense","2.29","3.24","3.32","1.02","9.50","1.33","3.13","2.21","1.74","3.90","1.23","7.30","1.05","1.91","1.98"
"59719","15-12-18 19:00","Portugal","Liga Portugal","2018/2019","Aves","Vitoria Guimaraes","3.42","3.38","2.18","","","1.30","3.34","2.09","1.82","3.62","1.26","6.70","1.06","1.84","2.06"
"59718","15-12-18 21:30","Portugal","Liga Portugal","2018/2019","Santa Clara","FC Porto","11.00","5.45","1.30","1.01","11.00","1.19","4.30","1.72","2.24","2.74","1.42","4.84","1.13","2.20","1.74"
"59717","16-12-18 16:00","Portugal","Liga Portugal","2018/2019","Rio Ave","BSAD","1.86","3.78","4.10","1.02","11.50","1.29","3.40","2.03","1.87","3.54","1.27","6.50","1.06","1.91","1.98"
"59716","16-12-18 18:30","Portugal","Liga Portugal","2018/2019","Maritimo","Benfica","8.90","3.92","1.47","1.02","9.00","1.30","3.34","2.08","1.83","3.46","1.28","6.50","1.06","2.21","1.73"
"59715","16-12-18 21:00","Portugal","Liga Portugal","2018/2019","Sporting CP","Nacional","1.22","7.00","12.00","1.01","26.00","1.08","6.00","1.36","2.99","2.04","1.86","3.26","1.31","1.75","2.18"
"59712","22-12-18 16:30","Portugal","Liga Portugal","2018/2019","Feirense","Portimonense","2.84","3.18","2.63","1.01","9.70","1.32","3.20","2.16","1.77","3.72","1.25","7.10","1.05","1.80","2.11"
"59713","22-12-18 16:30","Portugal","Liga Portugal","2018/2019","Tondela","Maritimo","2.10","3.15","3.94","1.03","8.20","1.39","2.86","2.41","1.63","4.40","1.19","8.30","1.03","2.01","1.88"
"59714","22-12-18 16:30","Portugal","Liga Portugal","2018/2019","Vitoria Setubal","Santa Clara","1.94","3.36","4.28","1.02","8.80","1.37","2.94","2.31","1.68","4.10","1.21","7.80","1.04","2.00","1.89"
"59711","22-12-18 19:00","Portugal","Liga Portugal","2018/2019","BSAD","Aves","2.27","3.18","3.44","1.03","8.70","1.37","2.94","2.34","1.66","4.24","1.20","8.00","1.03","1.93","1.95"
"59710","22-12-18 21:30","Portugal","Liga Portugal","2018/2019","Moreirense","Boavista","2.01","3.13","4.36","1.04","7.80","1.41","2.78","2.48","1.60","4.54","1.18","8.60","1.03","2.13","1.78"
"59708","23-12-18 16:00","Portugal","Liga Portugal","2018/2019","FC Porto","Rio Ave","1.16","8.20","16.00","1.02","17.00","1.09","5.85","1.37","2.94","2.08","1.83","3.34","1.30","2.13","1.78"
"59709","23-12-18 16:00","Portugal","Liga Portugal","2018/2019","Nacional","Chaves","1.96","3.62","3.84","1.02","11.00","1.29","3.44","2.02","1.88","3.46","1.28","6.40","1.07","1.82","2.08"
"59707","23-12-18 18:30","Portugal","Liga Portugal","2018/2019","Benfica","Braga","1.69","3.82","5.25","1.02","12.50","1.24","3.80","1.90","2.00","3.13","1.33","5.75","1.09","1.81","2.10"
"59706","23-12-18 21:00","Portugal","Liga Portugal","2018/2019","Vitoria Guimaraes","Sporting CP","3.40","3.46","2.16","1.02","11.50","1.26","3.62","1.95","1.94","3.26","1.31","5.95","1.08","1.75","2.18"
"59705","02-01-19 17:00","Portugal","Liga Portugal","2018/2019","Santa Clara","Tondela","2.10","3.20","3.90","1.03","8.10","1.41","2.78","2.46","1.61","4.54","1.18","8.60","1.03","2.02","1.87"
"59702","02-01-19 19:00","Portugal","Liga Portugal","2018/2019","Boavista","Vitoria Setubal","2.70","2.88","3.05","1.07","6.25","1.56","2.33","3.04","1.43","6.05","1.10","10.50","1.03","2.26","1.70"
"59703","02-01-19 19:00","Portugal","Liga Portugal","2018/2019","Braga","Maritimo","1.30","5.55","10.50","1.01","13.50","1.18","4.54","1.66","2.34","2.60","1.46","4.50","1.14","2.20","1.74"
"59704","02-01-19 19:00","Portugal","Liga Portugal","2018/2019","Nacional","Vitoria Guimaraes","3.09","3.38","2.34","1.03","11.50","1.25","3.72","1.92","1.97","3.15","1.33","5.80","1.09","1.70","2.26"
"59700","02-01-19 21:15","Portugal","Liga Portugal","2018/2019","Portimonense","Benfica","5.90","4.50","1.53","1.01","13.50","1.20","4.30","1.72","2.24","2.74","1.42","4.80","1.13","1.80","2.11"
"59701","02-01-19 21:15","Portugal","Liga Portugal","2018/2019","Rio Ave","Moreirense","2.19","3.40","3.38","1.02","11.50","1.23","3.90","1.86","2.04","2.99","1.36","5.50","1.10","1.67","2.33"
"59699","03-01-19 17:00","Portugal","Liga Portugal","2018/2019","Chaves","Feirense","1.89","3.24","4.78","1.05","7.20","1.47","2.57","2.66","1.53","5.05","1.15","9.50","1.02","2.23","1.72"
"59698","03-01-19 19:00","Portugal","Liga Portugal","2018/2019","Sporting CP","BSAD","1.38","4.90","8.60","1.01","15.00","1.14","4.54","1.57","2.31","2.59","1.56","4.50","1.18","1.82","2.08"
"59697","03-01-19 21:15","Portugal","Liga Portugal","2018/2019","Aves","FC Porto","10.50","5.70","1.30","1.01","13.50","1.18","4.44","1.66","2.28","2.65","1.45","4.64","1.14","2.00","1.89"
"59696","05-01-19 21:30","Portugal","Liga Portugal","2018/2019","Maritimo","Portimonense","2.67","3.20","2.89","1.02","9.10","1.32","3.20","2.25","1.70","3.90","1.23","7.40","1.05","1.91","1.98"
"59693","06-01-19 16:00","Portugal","Liga Portugal","2018/2019","BSAD","Vitoria Guimaraes","3.02","3.05","2.58","1.03","8.10","1.37","2.98","2.44","1.62","4.30","1.20","8.30","1.03","1.96","1.93"
"59694","06-01-19 16:00","Portugal","Liga Portugal","2018/2019","Feirense","Santa Clara","2.71","2.91","2.98","1.07","6.30","1.52","2.43","3.04","1.43","5.85","1.11","10.50","1.03","2.21","1.73"
"59695","06-01-19 16:00","Portugal","Liga Portugal","2018/2019","Vitoria Setubal","Chaves","2.23","3.14","3.58","1.03","8.10","1.37","2.94","2.46","1.61","4.34","1.19","8.30","1.03","2.00","1.89"
"59692","06-01-19 18:30","Portugal","Liga Portugal","2018/2019","Benfica","Rio Ave","1.22","6.70","13.00","","","1.10","5.45","1.43","2.70","2.34","1.66","3.80","1.24","2.04","1.85"
"59691","06-01-19 21:00","Portugal","Liga Portugal","2018/2019","Braga","Boavista","1.32","5.75","8.70","","","1.19","4.30","1.77","2.16","2.82","1.40","5.00","1.12","2.09","1.82"
"59690","07-01-19 18:00","Portugal","Liga Portugal","2018/2019","Moreirense","Aves","2.04","3.24","4.02","1.02","9.30","1.30","3.34","2.21","1.74","3.72","1.25","7.00","1.05","1.91","1.98"
"59689","07-01-19 20:00","Portugal","Liga Portugal","2018/2019","Tondela","Sporting CP","4.60","3.54","1.83","1.02","10.00","1.21","4.10","1.79","2.13","2.82","1.40","5.10","1.11","1.67","2.33"
"59688","07-01-19 22:15","Portugal","Liga Portugal","2018/2019","FC Porto","Nacional","1.13","9.50","18.00","1.01","21.00","1.07","6.50","1.25","3.72","1.76","2.18","2.63","1.45","2.00","1.89"
"59687","10-01-19 21:15","Portugal","Liga Portugal","2018/2019","Portimonense","Braga","3.76","3.50","2.02","1.01","11.00","1.22","4.00","1.83","2.07","2.98","1.37","5.40","1.10","1.63","2.40"
"59685","11-01-19 20:00","Portugal","Liga Portugal","2018/2019","Aves","Feirense","2.03","3.16","4.20","1.03","7.90","1.41","2.78","2.48","1.60","4.54","1.18","8.70","1.03","2.09","1.82"
"59686","11-01-19 20:00","Portugal","Liga Portugal","2018/2019","Santa Clara","Benfica","8.50","4.34","1.43","1.01","11.00","1.22","4.00","1.81","2.10","2.90","1.38","5.25","1.11","1.95","1.94"
"59684","11-01-19 22:15","Portugal","Liga Portugal","2018/2019","Vitoria Guimaraes","Moreirense","2.08","3.15","4.02","1.02","8.90","1.33","3.13","2.23","1.73","3.90","1.23","7.40","1.05","1.92","1.97"
"59683","12-01-19 16:30","Portugal","Liga Portugal","2018/2019","Sporting CP","FC Porto","3.14","3.32","2.34","1.04","10.50","1.28","3.46","2.02","1.88","3.40","1.29","6.30","1.07","1.74","2.20"
"59682","12-01-19 21:30","Portugal","Liga Portugal","2018/2019","Boavista","Maritimo","2.14","3.00","4.06","1.09","6.65","1.56","2.59","2.70","1.43","5.15","1.11","8.50","1.03","2.23","1.72"
"59681","13-01-19 16:00","Portugal","Liga Portugal","2018/2019","Nacional","BSAD","2.28","3.30","3.42","1.01","10.00","1.30","3.34","2.09","1.82","3.54","1.27","6.70","1.06","1.80","2.11"
"59680","13-01-19 18:30","Portugal","Liga Portugal","2018/2019","Chaves","Tondela","2.32","3.34","3.26","1.01","9.70","1.33","3.13","2.17","1.74","3.90","1.23","7.30","1.05","1.91","1.98"
"59679","13-01-19 21:00","Portugal","Liga Portugal","2018/2019","Rio Ave","Vitoria Setubal","1.99","3.34","4.24","1.02","11.00","1.25","3.72","1.94","1.92","3.26","1.31","6.05","1.08","1.75","2.18"
"59678","18-01-19 19:45","Portugal","Liga Portugal","2018/2019","Nacional","Braga","3.68","3.56","2.02","1.01","11.00","1.18","4.60","1.75","2.19","2.65","1.45","4.80","1.13","1.62","2.43"
"59677","18-01-19 20:00","Portugal","Liga Portugal","2018/2019","Chaves","FC Porto","9.30","4.64","1.38","1.01","11.00","1.20","4.24","1.84","2.07","2.90","1.38","5.25","1.11","2.04","1.85"
"59676","18-01-19 22:15","Portugal","Liga Portugal","2018/2019","Vitoria Guimaraes","Benfica","3.92","3.24","2.07","1.02","8.80","1.33","3.13","2.31","1.68","4.00","1.22","7.60","1.04","1.95","1.94"
"59675","19-01-19 16:30","Portugal","Liga Portugal","2018/2019","BSAD","Tondela","2.17","3.18","3.68","1.03","8.60","1.34","3.10","2.34","1.66","4.00","1.22","7.70","1.04","1.95","1.94"
"59674","19-01-19 19:00","Portugal","Liga Portugal","2018/2019","Sporting CP","Moreirense","1.36","4.94","9.20","","","1.14","5.20","1.62","2.44","2.36","1.55","4.10","1.18","1.91","1.98"
"59673","19-01-19 21:30","Portugal","Liga Portugal","2018/2019","Santa Clara","Maritimo","2.38","3.14","3.26","1.04","7.80","1.40","2.82","2.56","1.57","4.64","1.17","8.90","1.02","2.05","1.85"
"59672","20-01-19 16:00","Portugal","Liga Portugal","2018/2019","Aves","Vitoria Setubal","2.48","3.22","2.99","1.02","8.80","1.34","3.10","2.34","1.66","4.10","1.21","7.80","1.04","1.95","1.94"
"59671","20-01-19 18:30","Portugal","Liga Portugal","2018/2019","Boavista","Portimonense","2.50","2.96","3.24","1.03","8.20","1.37","2.94","2.38","1.65","4.24","1.20","8.10","1.03","1.95","1.94"
"59670","20-01-19 21:00","Portugal","Liga Portugal","2018/2019","Rio Ave","Feirense","1.59","4.20","5.60","1.02","13.00","1.22","3.98","1.89","2.01","3.04","1.35","5.55","1.10","1.95","1.94"
"59669","28-01-19 18:00","Portugal","Liga Portugal","2018/2019","Maritimo","Rio Ave","2.37","3.20","3.22","1.03","8.40","1.40","2.82","2.41","1.63","4.44","1.18","8.40","1.03","1.95","1.94"
"59667","28-01-19 20:00","Portugal","Liga Portugal","2018/2019","Moreirense","Nacional","1.71","3.82","4.98","1.04","11.50","1.23","3.90","1.86","2.04","3.04","1.35","5.55","1.10","1.75","2.18"
"59668","28-01-19 20:00","Portugal","Liga Portugal","2018/2019","Tondela","Aves","2.27","3.24","3.36","","","1.29","3.44","2.05","1.85","3.46","1.28","6.45","1.06","1.80","2.11"
"59666","28-01-19 22:15","Portugal","Liga Portugal","2018/2019","Feirense","Vitoria Guimaraes","4.30","3.28","1.96","1.05","7.40","1.48","2.54","2.70","1.52","5.20","1.14","9.70","1.01","2.28","1.69"
"59664","29-01-19 20:00","Portugal","Liga Portugal","2018/2019","Benfica","Boavista","1.23","6.40","15.00","1.02","13.00","1.15","5.00","1.63","2.41","2.43","1.52","4.20","1.17","2.25","1.71"
"59665","29-01-19 20:00","Portugal","Liga Portugal","2018/2019","Portimonense","Chaves","1.79","3.68","4.62","1.02","12.00","1.23","3.90","1.94","1.95","3.13","1.33","5.85","1.09","1.81","2.10"
"59663","29-01-19 22:15","Portugal","Liga Portugal","2018/2019","Braga","Santa Clara","1.26","5.95","12.00","1.03","11.00","1.18","4.54","1.73","2.23","2.67","1.44","4.70","1.14","2.21","1.73"
"59662","30-01-19 20:00","Portugal","Liga Portugal","2018/2019","Vitoria Setubal","Sporting CP","4.52","3.58","1.83","1.01","10.00","1.29","3.44","2.13","1.79","3.62","1.26","6.80","1.06","1.95","1.94"
"59661","30-01-19 22:15","Portugal","Liga Portugal","2018/2019","FC Porto","BSAD","1.17","7.50","17.00","1.02","17.00","1.10","5.45","1.43","2.70","2.34","1.66","3.80","1.24","2.23","1.72"
"59660","01-02-19 21:30","Portugal","Liga Portugal","2018/2019","Rio Ave","Tondela","1.97","3.58","3.86","1.02","12.50","1.25","3.72","1.91","1.99","3.15","1.33","5.80","1.09","1.75","2.18"
"59659","02-02-19 16:30","Portugal","Liga Portugal","2018/2019","Chaves","Maritimo","1.97","3.28","4.26","1.03","8.20","1.41","2.78","2.45","1.62","4.50","1.18","8.50","1.03","2.05","1.85"
"59658","02-02-19 19:00","Portugal","Liga Portugal","2018/2019","Boavista","Feirense","2.05","3.08","4.26","1.10","6.35","1.62","2.44","2.86","1.39","5.60","1.10","8.50","1.03","2.38","1.64"
"59657","02-02-19 21:30","Portugal","Liga Portugal","2018/2019","Aves","Braga","4.66","3.70","1.78","1.02","11.50","1.27","3.54","2.00","1.90","3.44","1.29","6.40","1.07","1.91","1.98"
"59655","03-02-19 16:00","Portugal","Liga Portugal","2018/2019","Nacional","Vitoria Setubal","2.44","3.24","3.05","1.02","9.50","1.33","3.13","2.21","1.74","3.90","1.23","7.40","1.05","1.91","1.98"
"59656","03-02-19 16:00","Portugal","Liga Portugal","2018/2019","Santa Clara","Portimonense","2.66","3.44","2.63","1.05","11.00","1.29","3.40","2.04","1.86","3.46","1.28","6.50","1.06","1.80","2.11"
"59654","03-02-19 18:30","Portugal","Liga Portugal","2018/2019","Sporting CP","Benfica","3.46","3.22","2.24","1.01","10.00","1.29","3.44","2.05","1.85","3.44","1.29","6.40","1.07","1.78","2.14"
"59653","03-02-19 21:00","Portugal","Liga Portugal","2018/2019","Vitoria Guimaraes","FC Porto","6.00","3.70","1.64","1.02","9.50","1.34","3.10","2.23","1.73","4.00","1.22","7.60","1.04","2.17","1.76"
"59652","04-02-19 21:15","Portugal","Liga Portugal","2018/2019","BSAD","Moreirense","3.07","3.04","2.55","1.04","7.80","1.42","2.74","2.51","1.59","4.64","1.17","8.80","1.02","2.02","1.87"
"59651","08-02-19 21:30","Portugal","Liga Portugal","2018/2019","Moreirense","FC Porto","7.40","3.88","1.53","1.02","9.00","1.28","3.46","2.10","1.81","3.46","1.28","6.55","1.06","2.15","1.77"
"59650","09-02-19 16:30","Portugal","Liga Portugal","2018/2019","Maritimo","Aves","2.33","3.14","3.36","1.03","8.00","1.38","2.90","2.48","1.60","4.44","1.18","8.50","1.03","2.00","1.89"
"59649","09-02-19 19:00","Portugal","Liga Portugal","2018/2019","Portimonense","Rio Ave","2.02","3.58","3.68","1.02","10.00","1.21","4.10","1.85","2.05","2.90","1.38","5.35","1.10","1.67","2.32"
"59648","09-02-19 21:30","Portugal","Liga Portugal","2018/2019","Tondela","Vitoria Guimaraes","2.98","3.24","2.48","1.02","9.10","1.33","3.15","2.29","1.69","3.98","1.22","7.60","1.04","1.95","1.94"
"59646","10-02-19 16:00","Portugal","Liga Portugal","2018/2019","Boavista","Santa Clara","2.14","3.18","3.78","1.03","7.90","1.39","2.86","2.51","1.59","4.50","1.18","8.60","1.03","2.05","1.85"
"59647","10-02-19 16:00","Portugal","Liga Portugal","2018/2019","Braga","Chaves","1.32","5.05","11.00","1.01","11.00","1.20","4.24","1.83","2.08","2.90","1.38","5.30","1.10","2.25","1.71"
"59645","10-02-19 18:30","Portugal","Liga Portugal","2018/2019","Benfica","Nacional","1.13","9.20","21.00","1.02","19.00","1.05","7.30","1.27","3.54","1.86","2.04","2.74","1.42","2.10","1.81"
"59644","10-02-19 21:00","Portugal","Liga Portugal","2018/2019","Feirense","Sporting CP","7.80","3.98","1.50","1.02","11.00","1.23","3.90","1.95","1.94","3.10","1.34","5.70","1.09","2.05","1.85"
"59643","11-02-19 21:15","Portugal","Liga Portugal","2018/2019","Vitoria Setubal","BSAD","2.39","2.86","3.58","1.06","6.55","1.46","2.60","2.84","1.48","5.25","1.14","10.00","1.01","2.20","1.74"
"59642","15-02-19 21:30","Portugal","Liga Portugal","2018/2019","Rio Ave","Santa Clara","1.92","3.48","4.20","1.01","10.00","1.32","3.20","2.15","1.78","3.80","1.24","7.00","1.05","1.95","1.94"
"59641","16-02-19 16:30","Portugal","Liga Portugal","2018/2019","Nacional","Feirense","2.08","3.32","3.80","1.02","8.90","1.37","2.94","2.31","1.68","4.10","1.21","7.80","1.04","1.95","1.94"
"59640","16-02-19 19:00","Portugal","Liga Portugal","2018/2019","Vitoria Guimaraes","Portimonense","1.88","3.54","4.30","1.01","10.00","1.31","3.26","2.12","1.80","3.72","1.25","6.90","1.06","1.95","1.94"
"59639","16-02-19 21:30","Portugal","Liga Portugal","2018/2019","FC Porto","Vitoria Setubal","1.22","6.40","14.00","","","1.18","4.14","1.64","2.18","2.80","1.49","4.84","1.16","2.50","1.59"
"59637","17-02-19 16:00","Portugal","Liga Portugal","2018/2019","BSAD","Maritimo","2.28","3.13","3.46","1.05","7.40","1.44","2.67","2.72","1.53","5.00","1.15","9.50","1.01","2.14","1.78"
"59638","17-02-19 16:00","Portugal","Liga Portugal","2018/2019","Moreirense","Tondela","1.99","3.32","4.10","1.01","10.00","1.27","3.54","2.10","1.83","3.44","1.29","6.50","1.06","1.91","1.98"
"59636","17-02-19 18:30","Portugal","Liga Portugal","2018/2019","Chaves","Boavista","2.16","3.15","3.76","1.04","7.50","1.41","2.78","2.63","1.56","4.74","1.16","9.10","1.02","2.14","1.78"
"59635","17-02-19 21:00","Portugal","Liga Portugal","2018/2019","Sporting CP","Braga","2.46","3.36","2.92","1.02","9.00","1.25","3.72","2.03","1.89","3.26","1.31","6.15","1.08","1.73","2.21"
"59634","18-02-19 21:15","Portugal","Liga Portugal","2018/2019","Aves","Benfica","8.30","5.10","1.37","","","1.18","4.54","1.73","2.22","2.67","1.44","4.74","1.13","1.95","1.94"
"59633","22-02-19 20:00","Portugal","Liga Portugal","2018/2019","Braga","BSAD","1.40","4.90","8.50","1.05","11.00","1.22","4.00","1.86","2.01","2.99","1.36","5.40","1.10","2.08","1.82"
"59632","22-02-19 22:15","Portugal","Liga Portugal","2018/2019","Tondela","FC Porto","7.60","4.04","1.50","1.02","10.00","1.22","3.98","1.91","1.99","2.99","1.36","5.50","1.10","2.00","1.89"
"59631","23-02-19 16:30","Portugal","Liga Portugal","2018/2019","Feirense","Moreirense","3.92","3.34","2.12","1.03","7.90","1.40","2.82","2.56","1.57","4.64","1.17","8.90","1.02","2.08","1.82"
"59630","23-02-19 19:00","Portugal","Liga Portugal","2018/2019","Portimonense","Aves","2.19","3.36","3.66","1.05","8.00","1.27","3.54","2.08","1.84","3.40","1.29","6.35","1.07","1.80","2.11"
"59629","23-02-19 21:30","Portugal","Liga Portugal","2018/2019","Vitoria Setubal","Vitoria Guimaraes","3.42","3.01","2.49","1.06","6.70","1.51","2.46","2.84","1.48","5.50","1.13","10.00","1.01","2.21","1.73"
"59628","24-02-19 16:30","Portugal","Liga Portugal","2018/2019","Santa Clara","Nacional","1.94","3.64","3.90","1.02","12.00","1.26","3.62","1.94","1.95","3.26","1.31","6.00","1.08","1.75","2.18"
"59627","24-02-19 18:30","Portugal","Liga Portugal","2018/2019","Boavista","Rio Ave","2.84","2.99","2.78","1.03","8.40","1.37","2.98","2.34","1.66","4.10","1.21","8.00","1.03","1.91","1.98"
"59626","25-02-19 20:00","Portugal","Liga Portugal","2018/2019","Maritimo","Sporting CP","5.55","3.84","1.65","1.02","11.00","1.30","3.34","2.07","1.84","3.62","1.26","6.75","1.06","2.00","1.89"
"59625","25-02-19 22:15","Portugal","Liga Portugal","2018/2019","Benfica","Chaves","1.15","8.10","19.00","1.01","19.00","1.06","6.55","1.32","3.20","2.00","1.90","3.04","1.35","2.05","1.85"
"59624","01-03-19 21:30","Portugal","Liga Portugal","2018/2019","Aves","Boavista","2.18","2.95","4.02","1.05","7.10","1.45","2.63","2.64","1.54","4.90","1.15","9.40","1.02","2.10","1.81"
"59623","02-03-19 16:30","Portugal","Liga Portugal","2018/2019","Nacional","Tondela","2.42","3.20","3.12","1.01","10.00","1.30","3.34","2.09","1.82","3.54","1.27","6.70","1.06","1.80","2.11"
"59622","02-03-19 19:00","Portugal","Liga Portugal","2018/2019","Moreirense","Vitoria Setubal","1.95","3.30","4.34","1.03","8.30","1.40","2.82","2.41","1.63","4.40","1.18","8.30","1.03","2.06","1.76"
"59621","02-03-19 21:30","Portugal","Liga Portugal","2018/2019","FC Porto","Benfica","2.17","3.24","3.62","1.02","9.30","1.33","3.13","2.21","1.74","3.90","1.23","7.30","1.05","1.91","1.98"
"59619","03-03-19 16:00","Portugal","Liga Portugal","2018/2019","BSAD","Feirense","1.91","3.24","4.66","1.03","7.90","1.41","2.78","2.48","1.60","4.54","1.18","8.70","1.03","2.10","1.81"
"59620","03-03-19 16:00","Portugal","Liga Portugal","2018/2019","Chaves","Santa Clara","2.12","3.30","3.68","1.03","8.50","1.40","2.82","2.41","1.63","4.44","1.18","8.40","1.03","2.00","1.89"
"59618","03-03-19 18:30","Portugal","Liga Portugal","2018/2019","Rio Ave","Braga","4.04","3.78","1.87","1.04","12.50","1.27","3.54","1.95","1.94","3.34","1.30","6.10","1.08","1.80","2.11"
"59617","03-03-19 21:00","Portugal","Liga Portugal","2018/2019","Sporting CP","Portimonense","1.35","5.40","8.30","1.01","16.00","1.15","4.94","1.59","2.51","2.43","1.52","4.14","1.18","1.95","1.94"
"59616","04-03-19 21:15","Portugal","Liga Portugal","2018/2019","Vitoria Guimaraes","Maritimo","1.66","3.70","5.75","1.03","8.70","1.39","2.86","2.38","1.65","4.40","1.19","8.30","1.03","2.25","1.71"
"59615","08-03-19 21:30","Portugal","Liga Portugal","2018/2019","Chaves","Rio Ave","2.57","3.13","2.97","1.02","9.40","1.30","3.34","2.19","1.75","3.72","1.25","7.00","1.05","1.84","2.06"
"59614","09-03-19 16:30","Portugal","Liga Portugal","2018/2019","Maritimo","Moreirense","2.79","3.20","2.66","1.03","8.20","1.42","2.74","2.48","1.60","4.64","1.17","8.70","1.02","2.00","1.89"
"59613","09-03-19 19:00","Portugal","Liga Portugal","2018/2019","Braga","Vitoria Guimaraes","1.79","3.32","5.35","1.02","9.00","1.33","3.13","2.24","1.72","3.98","1.22","7.60","1.04","2.05","1.85"
"59612","09-03-19 21:30","Portugal","Liga Portugal","2018/2019","Boavista","Sporting CP","5.25","3.70","1.71","1.01","9.70","1.35","3.04","2.23","1.73","4.00","1.22","7.60","1.04","2.10","1.81"
"59610","10-03-19 16:00","Portugal","Liga Portugal","2018/2019","Portimonense","Nacional","1.89","3.92","3.80","1.01","11.00","1.18","4.44","1.69","2.29","2.65","1.45","4.64","1.14","1.67","2.33"
"59611","10-03-19 16:00","Portugal","Liga Portugal","2018/2019","Santa Clara","Aves","2.76","3.10","2.76","1.03","8.40","1.39","2.86","2.40","1.64","4.34","1.19","8.30","1.03","1.95","1.94"
"59609","10-03-19 18:30","Portugal","Liga Portugal","2018/2019","Vitoria Setubal","Tondela","2.11","3.26","3.76","1.03","8.60","1.38","2.90","2.38","1.65","4.32","1.19","8.20","1.03","2.00","1.89"
"59608","10-03-19 21:00","Portugal","Liga Portugal","2018/2019","Feirense","FC Porto","12.50","6.05","1.25","","","1.19","4.30","1.71","2.26","2.70","1.43","4.74","1.14","2.24","1.71"
"59607","11-03-19 21:15","Portugal","Liga Portugal","2018/2019","Benfica","BSAD","1.18","7.70","16.00","1.02","19.00","1.09","5.85","1.38","2.90","2.21","1.74","3.46","1.28","2.12","1.79"
"59606","15-03-19 21:30","Portugal","Liga Portugal","2018/2019","Sporting CP","Santa Clara","1.25","5.90","13.00","1.02","14.50","1.15","5.00","1.64","2.39","2.43","1.52","4.14","1.17","2.20","1.74"
"59604","16-03-19 16:30","Portugal","Liga Portugal","2018/2019","BSAD","Portimonense","2.54","3.18","2.96","1.05","10.50","1.28","3.46","2.02","1.88","3.40","1.29","6.30","1.07","1.75","2.18"
"59605","16-03-19 16:30","Portugal","Liga Portugal","2018/2019","Vitoria Setubal","Braga","5.10","3.44","1.79","1.03","8.30","1.39","2.86","2.40","1.64","4.40","1.19","8.20","1.03","2.14","1.78"
"59603","16-03-19 19:00","Portugal","Liga Portugal","2018/2019","Vitoria Guimaraes","Boavista","1.70","3.54","5.70","1.04","7.80","1.44","2.67","2.53","1.58","4.74","1.17","8.90","1.02","2.33","1.66"
"59602","16-03-19 21:30","Portugal","Liga Portugal","2018/2019","FC Porto","Maritimo","1.08","11.00","34.00","1.01","20.00","1.12","5.05","1.47","2.88","2.12","1.70","3.32","1.27","2.64","1.54"
"59600","17-03-19 16:00","Portugal","Liga Portugal","2018/2019","Aves","Chaves","2.11","3.24","3.80","1.03","8.10","1.42","2.74","2.48","1.60","4.60","1.17","8.70","1.02","2.07","1.83"
"59601","17-03-19 16:00","Portugal","Liga Portugal","2018/2019","Nacional","Rio Ave","2.92","3.54","2.37","1.02","13.00","1.19","4.34","1.72","2.24","2.67","1.44","4.74","1.14","1.53","2.65"
"59599","17-03-19 18:30","Portugal","Liga Portugal","2018/2019","Moreirense","Benfica","7.50","4.70","1.43","1.03","13.00","1.20","4.30","1.73","2.23","2.74","1.42","4.84","1.13","1.91","1.98"
"59598","17-03-19 21:00","Portugal","Liga Portugal","2018/2019","Tondela","Feirense","1.93","3.42","4.24","1.03","8.60","1.39","2.86","2.38","1.65","4.34","1.19","8.20","1.03","2.00","1.89"
"59597","29-03-19 21:30","Portugal","Liga Portugal","2018/2019","Portimonense","Moreirense","2.05","3.64","3.52","1.03","14.50","1.20","4.24","1.77","2.16","2.82","1.40","5.10","1.12","1.67","2.33"
"59596","30-03-19 16:30","Portugal","Liga Portugal","2018/2019","Braga","FC Porto","4.34","3.38","1.92","1.03","8.70","1.38","2.90","2.34","1.66","4.24","1.20","8.00","1.03","2.05","1.85"
"59595","30-03-19 19:00","Portugal","Liga Portugal","2018/2019","Chaves","Sporting CP","4.76","3.52","1.81","1.05","11.00","1.27","3.54","2.01","1.89","3.40","1.29","6.40","1.07","1.91","1.98"
"59593","30-03-19 21:30","Portugal","Liga Portugal","2018/2019","Benfica","Tondela","1.10","10.00","26.00","1.01","17.00","1.06","6.80","1.29","3.40","1.86","2.04","2.86","1.39","2.20","1.74"
"59594","30-03-19 21:30","Portugal","Liga Portugal","2018/2019","Santa Clara","Vitoria Guimaraes","3.36","3.16","2.32","1.04","7.80","1.44","2.67","2.56","1.57","4.84","1.16","9.10","1.02","2.02","1.87"
"59592","31-03-19 16:00","Portugal","Liga Portugal","2018/2019","Maritimo","Nacional","2.23","3.24","3.46","1.02","9.40","1.33","3.13","2.21","1.74","3.90","1.23","7.30","1.05","1.91","1.98"
"59591","31-03-19 18:30","Portugal","Liga Portugal","2018/2019","Rio Ave","Aves","2.74","3.10","2.78","1.02","8.90","1.35","3.04","2.28","1.70","4.00","1.22","7.70","1.04","1.91","1.98"
"59590","31-03-19 21:00","Portugal","Liga Portugal","2018/2019","Boavista","BSAD","2.62","3.04","2.98","1.06","6.95","1.50","2.48","2.80","1.49","5.45","1.13","10.00","1.01","2.15","1.77"
"59589","01-04-19 21:15","Portugal","Liga Portugal","2018/2019","Feirense","Vitoria Setubal","2.81","3.00","2.80","1.05","7.00","1.49","2.51","2.77","1.50","5.35","1.14","10.00","1.01","2.11","1.80"
"59588","05-04-19 21:30","Portugal","Liga Portugal","2018/2019","FC Porto","Boavista","1.17","7.70","16.00","1.01","16.00","1.14","5.10","1.55","2.61","2.31","1.57","3.98","1.19","2.50","1.59"
"59586","06-04-19 16:30","Portugal","Liga Portugal","2018/2019","BSAD","Santa Clara","2.21","3.06","3.74","1.05","7.00","1.45","2.65","2.74","1.51","5.10","1.14","9.60","1.01","2.18","1.75"
"59587","06-04-19 16:30","Portugal","Liga Portugal","2018/2019","Nacional","Aves","2.79","3.04","2.78","1.02","9.40","1.29","3.44","2.16","1.77","3.54","1.27","6.80","1.06","1.80","2.11"
"59585","06-04-19 19:00","Portugal","Liga Portugal","2018/2019","Vitoria Guimaraes","Chaves","1.71","3.44","5.85","1.03","8.50","1.34","3.10","2.35","1.66","4.10","1.21","7.80","1.04","2.19","1.74"
"59584","06-04-19 21:30","Portugal","Liga Portugal","2018/2019","Moreirense","Braga","4.18","3.72","1.86","1.01","10.00","1.30","3.34","2.16","1.77","3.72","1.25","6.95","1.06","1.95","1.94"
"59583","07-04-19 16:00","Portugal","Liga Portugal","2018/2019","Vitoria Setubal","Maritimo","2.01","3.06","4.50","1.06","6.75","1.46","2.60","2.80","1.49","5.20","1.14","9.80","1.01","2.28","1.69"
"59582","07-04-19 18:30","Portugal","Liga Portugal","2018/2019","Feirense","Benfica","13.00","6.10","1.24","1.01","15.00","1.18","4.60","1.65","2.38","2.54","1.48","4.34","1.16","2.20","1.74"
"59581","07-04-19 21:00","Portugal","Liga Portugal","2018/2019","Sporting CP","Rio Ave","1.33","5.60","8.60","1.01","17.00","1.12","5.60","1.54","2.64","2.21","1.62","3.74","1.21","1.80","2.11"
"59580","08-04-19 21:15","Portugal","Liga Portugal","2018/2019","Tondela","Portimonense","2.53","3.34","2.85","1.04","12.00","1.24","3.80","1.88","2.02","3.04","1.35","5.55","1.10","1.67","2.33"
"59579","12-04-19 21:30","Portugal","Liga Portugal","2018/2019","Chaves","BSAD","2.07","3.24","3.92","1.07","8.20","1.39","2.69","2.46","1.61","3.96","1.19","7.10","1.05","2.04","1.85"
"59578","13-04-19 16:30","Portugal","Liga Portugal","2018/2019","Santa Clara","Moreirense","2.34","3.22","3.24","1.02","9.10","1.32","3.20","2.28","1.70","3.90","1.23","7.50","1.04","1.91","1.98"
"59577","13-04-19 19:00","Portugal","Liga Portugal","2018/2019","Portimonense","FC Porto","8.40","5.20","1.36","1.01","17.00","1.13","5.60","1.55","2.61","2.22","1.62","3.74","1.21","1.80","2.11"
"59576","13-04-19 21:30","Portugal","Liga Portugal","2018/2019","Aves","Sporting CP","4.48","3.42","1.88","1.04","11.50","1.25","3.72","2.04","1.86","3.34","1.30","6.30","1.07","1.91","1.98"
"59574","14-04-19 16:00","Portugal","Liga Portugal","2018/2019","Maritimo","Feirense","1.72","3.54","5.50","1.03","8.30","1.37","2.98","2.41","1.63","4.30","1.20","8.10","1.03","2.20","1.74"
"59575","14-04-19 16:00","Portugal","Liga Portugal","2018/2019","Rio Ave","Vitoria Guimaraes","3.17","3.26","2.36","1.01","10.00","1.31","3.26","2.13","1.79","3.72","1.25","6.90","1.06","1.80","2.11"
"59572","14-04-19 18:30","Portugal","Liga Portugal","2018/2019","Boavista","Nacional","2.03","3.46","3.76","1.01","10.00","1.32","3.20","2.15","1.78","3.80","1.24","7.00","1.05","1.91","1.98"
"59573","14-04-19 18:30","Portugal","Liga Portugal","2018/2019","Braga","Tondela","1.34","5.05","9.50","1.02","14.50","1.19","4.32","1.72","2.24","2.74","1.42","4.84","1.13","1.95","1.94"
"59571","14-04-19 21:00","Portugal","Liga Portugal","2018/2019","Benfica","Vitoria Setubal","1.18","7.60","16.00","1.01","17.00","1.16","4.50","1.53","2.40","2.39","1.64","3.70","1.25","2.38","1.64"
"59569","19-04-19 16:30","Portugal","Liga Portugal","2018/2019","Tondela","Boavista","2.06","3.36","3.80","1.02","9.10","1.37","2.98","2.29","1.69","4.10","1.21","7.80","1.04","1.97","1.91"
"59570","19-04-19 16:30","Portugal","Liga Portugal","2018/2019","Vitoria Setubal","Portimonense","2.49","3.06","3.14","1.02","9.30","1.32","3.20","2.18","1.76","3.72","1.25","7.10","1.05","1.82","2.08"
"59568","19-04-19 19:00","Portugal","Liga Portugal","2018/2019","Nacional","Sporting CP","5.05","4.20","1.64","1.01","11.00","1.18","4.40","1.69","2.29","2.63","1.45","4.60","1.14","1.67","2.32"
"59567","19-04-19 21:30","Portugal","Liga Portugal","2018/2019","Vitoria Guimaraes","Aves","1.93","3.30","4.44","1.03","8.10","1.41","2.78","2.47","1.61","4.54","1.18","8.60","1.03","2.12","1.79"
"59565","20-04-19 16:30","Portugal","Liga Portugal","2018/2019","BSAD","Rio Ave","2.36","3.28","3.14","1.02","11.00","1.27","3.54","1.99","1.91","3.34","1.30","6.10","1.08","1.72","2.23"
"59566","20-04-19 16:30","Portugal","Liga Portugal","2018/2019","Moreirense","Chaves","1.92","3.58","4.06","1.05","10.50","1.30","3.34","2.07","1.84","3.54","1.27","6.65","1.06","1.87","2.02"
"59564","20-04-19 19:00","Portugal","Liga Portugal","2018/2019","Feirense","Braga","9.90","5.00","1.34","1.02","11.00","1.29","3.40","2.01","1.89","3.44","1.29","6.25","1.07","2.50","1.59"
"59563","20-04-19 21:30","Portugal","Liga Portugal","2018/2019","FC Porto","Santa Clara","1.12","8.90","24.00","1.01","17.00","1.12","4.94","1.48","2.54","2.38","1.65","3.98","1.22","2.50","1.59"
"59562","22-04-19 21:15","Portugal","Liga Portugal","2018/2019","Benfica","Maritimo","1.10","11.00","24.00","1.01","21.00","1.06","6.50","1.30","3.34","1.89","2.01","2.63","1.45","2.38","1.64"
"59561","26-04-19 21:30","Portugal","Liga Portugal","2018/2019","Rio Ave","FC Porto","12.50","6.55","1.23","1.01","18.00","1.13","5.55","1.54","2.64","2.23","1.61","3.84","1.20","1.95","1.94"
"59559","27-04-19 16:30","Portugal","Liga Portugal","2018/2019","Portimonense","Feirense","1.44","4.74","7.10","1.02","13.00","1.19","4.32","1.78","2.15","2.78","1.41","4.94","1.13","1.90","1.98"
"59560","27-04-19 16:30","Portugal","Liga Portugal","2018/2019","Santa Clara","Vitoria Setubal","2.41","2.98","3.38","1.04","7.60","1.38","2.90","2.53","1.58","4.50","1.18","8.70","1.03","2.04","1.85"
"59558","27-04-19 19:00","Portugal","Liga Portugal","2018/2019","Sporting CP","Vitoria Guimaraes","1.41","4.70","8.00","1.03","12.00","1.24","3.80","1.92","1.96","3.10","1.34","5.65","1.09","2.08","1.82"
"59557","27-04-19 21:30","Portugal","Liga Portugal","2018/2019","Aves","BSAD","1.74","3.70","4.94","1.01","10.00","1.30","3.34","2.19","1.75","3.80","1.24","7.20","1.05","2.05","1.85"
"59555","28-04-19 16:00","Portugal","Liga Portugal","2018/2019","Chaves","Nacional","1.82","3.62","4.52","1.03","12.50","1.22","4.00","1.91","1.99","3.04","1.35","5.65","1.09","1.77","2.15"
"59556","28-04-19 16:00","Portugal","Liga Portugal","2018/2019","Maritimo","Tondela","2.54","3.06","3.05","1.03","7.90","1.37","2.94","2.48","1.60","4.40","1.18","8.50","1.03","1.95","1.94"
"59554","28-04-19 18:30","Portugal","Liga Portugal","2018/2019","Braga","Benfica","4.62","3.68","1.79","1.03","13.00","1.20","4.30","1.75","2.19","2.74","1.42","4.90","1.13","1.67","2.32"
"59553","28-04-19 21:00","Portugal","Liga Portugal","2018/2019","Boavista","Moreirense","2.30","3.20","3.34","1.02","9.00","1.33","3.15","2.29","1.69","3.98","1.22","7.50","1.04","1.95","1.94"
"59552","03-05-19 21:30","Portugal","Liga Portugal","2018/2019","Moreirense","Rio Ave","2.47","3.50","2.81","1.04","8.10","1.28","3.46","1.91","1.99","2.99","1.36","5.15","1.12","1.70","2.26"
"59550","04-05-19 16:30","Portugal","Liga Portugal","2018/2019","Feirense","Chaves","4.20","3.54","1.90","1.05","7.30","1.35","3.04","2.10","1.81","3.46","1.28","5.95","1.09","1.91","1.98"
"59551","04-05-19 16:30","Portugal","Liga Portugal","2018/2019","Maritimo","Braga","4.26","3.76","1.83","1.04","8.00","1.29","3.42","1.93","1.96","3.04","1.35","5.20","1.12","1.80","2.11"
"59549","04-05-19 19:00","Portugal","Liga Portugal","2018/2019","Benfica","Portimonense","1.10","10.00","23.00","1.01","26.00","1.06","6.75","1.27","3.54","1.73","2.23","2.43","1.52","2.05","1.85"
"59548","04-05-19 21:30","Portugal","Liga Portugal","2018/2019","FC Porto","Aves","1.10","10.00","30.00","1.01","19.00","1.10","5.75","1.36","2.99","1.96","1.93","2.90","1.38","2.41","1.63"
"59547","05-05-19 16:00","Portugal","Liga Portugal","2018/2019","Tondela","Santa Clara","1.59","3.82","6.35","1.05","7.60","1.32","3.20","2.03","1.87","3.32","1.30","5.75","1.10","2.02","1.87"
"59546","05-05-19 18:30","Portugal","Liga Portugal","2018/2019","BSAD","Sporting CP","7.30","4.54","1.45","1.01","10.00","1.19","4.34","1.65","2.38","2.45","1.51","4.04","1.19","1.91","1.98"
"59545","05-05-19 21:00","Portugal","Liga Portugal","2018/2019","Vitoria Guimaraes","Nacional","1.56","4.24","5.85","1.02","9.60","1.22","3.98","1.74","2.21","2.66","1.44","4.50","1.16","1.91","1.98"
"59544","06-05-19 21:15","Portugal","Liga Portugal","2018/2019","Vitoria Setubal","Boavista","2.33","2.58","4.32","1.18","4.60","1.61","2.46","2.60","1.46","4.40","1.17","7.80","1.04","2.20","1.74"
"59543","10-05-19 21:30","Portugal","Liga Portugal","2018/2019","Aves","Moreirense","2.31","3.24","3.28","1.07","6.55","1.40","2.81","2.26","1.71","3.70","1.25","6.55","1.07","1.91","1.98"
"59541","11-05-19 16:30","Portugal","Liga Portugal","2018/2019","Portimonense","Maritimo","1.51","4.40","6.00","1.03","9.10","1.21","3.92","1.70","2.20","2.55","1.45","4.30","1.17","1.77","2.15"
"59542","11-05-19 16:30","Portugal","Liga Portugal","2018/2019","Santa Clara","Feirense","1.86","3.68","4.24","1.05","7.70","1.31","3.26","2.00","1.90","3.20","1.32","5.50","1.10","1.83","2.06"
"59540","11-05-19 19:00","Portugal","Liga Portugal","2018/2019","Boavista","Braga","4.02","3.44","1.97","1.05","7.30","1.31","3.26","1.99","1.91","3.14","1.33","5.40","1.11","1.78","2.14"
"59539","11-05-19 21:30","Portugal","Liga Portugal","2018/2019","Sporting CP","Tondela","1.27","6.15","10.50","1.01","17.00","1.11","5.30","1.40","2.81","2.07","1.84","3.10","1.34","1.75","2.18"
"59537","12-05-19 16:00","Portugal","Liga Portugal","2018/2019","Chaves","Vitoria Setubal","2.27","2.98","3.68","1.12","5.65","1.57","2.56","2.51","1.49","4.40","1.16","7.90","1.04","2.09","1.82"
"59538","12-05-19 16:00","Portugal","Liga Portugal","2018/2019","Vitoria Guimaraes","BSAD","1.47","4.64","6.60","1.02","9.20","1.22","4.00","1.72","2.24","2.60","1.46","4.30","1.17","1.95","1.94"
"59536","12-05-19 18:30","Portugal","Liga Portugal","2018/2019","Nacional","FC Porto","10.50","6.15","1.27","1.01","18.00","1.14","4.80","1.48","2.54","2.24","1.72","3.46","1.28","1.95","1.94"
"59535","12-05-19 21:00","Portugal","Liga Portugal","2018/2019","Rio Ave","Benfica","9.90","6.10","1.28","1.02","15.00","1.12","5.15","1.43","2.70","2.13","1.79","3.20","1.32","1.80","2.11"
"59534","16-05-19 19:30","Portugal","Liga Portugal","2018/2019","BSAD","Nacional","2.14","3.84","3.14","1.01","18.00","1.16","4.44","1.54","2.38","2.41","1.63","3.90","1.25","1.45","2.94"
"59533","17-05-19 21:30","Portugal","Liga Portugal","2018/2019","Braga","Portimonense","1.34","5.75","7.90","1.01","17.00","1.10","5.75","1.36","2.99","1.94","1.94","2.85","1.39","1.62","2.43"
"59530","18-05-19 16:30","Portugal","Liga Portugal","2018/2019","Feirense","Aves","1.57","4.44","5.40","1.01","11.00","1.18","4.44","1.63","2.41","2.45","1.51","4.04","1.19","1.67","2.33"
"59531","18-05-19 16:30","Portugal","Liga Portugal","2018/2019","Maritimo","Boavista","2.26","3.42","3.20","1.05","7.40","1.34","3.10","2.08","1.83","3.40","1.29","5.85","1.09","1.80","2.11"
"59532","18-05-19 16:30","Portugal","Liga Portugal","2018/2019","Vitoria Setubal","Rio Ave","2.13","3.58","3.36","1.04","8.20","1.28","3.46","1.89","2.01","2.94","1.37","5.00","1.13","1.70","2.26"
"59528","18-05-19 19:30","Portugal","Liga Portugal","2018/2019","Benfica","Santa Clara","1.11","10.00","22.00","1.01","26.00","1.07","6.65","1.27","3.54","1.73","2.22","2.43","1.52","2.20","1.74"
"59529","18-05-19 19:30","Portugal","Liga Portugal","2018/2019","FC Porto","Sporting CP","1.40","5.05","7.50","1.02","9.90","1.18","4.50","1.61","2.46","2.36","1.55","3.74","1.22","1.75","2.18"
"59527","19-05-19 18:30","Portugal","Liga Portugal","2018/2019","Tondela","Chaves","2.08","3.70","3.38","1.03","8.90","1.24","3.80","1.77","2.16","2.70","1.43","4.50","1.16","1.67","2.33"
"59526","19-05-19 21:00","Portugal","Liga Portugal","2018/2019","Moreirense","Vitoria Guimaraes","2.62","3.40","2.70","1.04","7.80","1.28","3.46","1.90","2.00","2.94","1.37","5.00","1.13","1.65","2.36"
"59525","09-08-19 21:30","Portugal","Liga Portugal","2019/2020","Portimonense","BSAD","1.66","3.94","5.40","1.04","7.80","1.30","3.32","1.92","1.92","3.10","1.34","5.30","1.11","1.95","1.94"
"59524","10-08-19 17:30","Portugal","Liga Portugal","2019/2020","Santa Clara","Famalicao","2.01","3.40","3.92","1.07","6.60","1.41","2.77","2.29","1.69","3.90","1.23","6.75","1.06","2.06","1.84"
"59523","10-08-19 20:00","Portugal","Liga Portugal","2019/2020","Gil Vicente","FC Porto","9.90","5.30","1.32","1.02","9.20","1.23","3.90","1.75","2.19","2.66","1.44","4.44","1.16","2.20","1.74"
"59522","10-08-19 22:30","Portugal","Liga Portugal","2019/2020","Benfica","Pacos Ferreira","1.20","7.00","14.00","1.01","18.00","1.14","4.90","1.46","2.60","2.24","1.72","3.46","1.28","2.25","1.71"
"59521","11-08-19 17:00","Portugal","Liga Portugal","2019/2020","Boavista","Aves","2.01","3.24","4.16","1.10","5.75","1.51","2.45","2.64","1.54","4.70","1.17","8.10","1.04","2.20","1.74"
"59520","11-08-19 19:30","Portugal","Liga Portugal","2019/2020","Maritimo","Sporting CP","5.20","3.76","1.70","1.05","7.70","1.32","3.20","2.01","1.89","3.20","1.32","5.60","1.10","2.00","1.89"
"59519","11-08-19 22:00","Portugal","Liga Portugal","2019/2020","Braga","Moreirense","1.44","4.44","7.90","1.03","8.30","1.28","3.46","1.91","1.99","3.04","1.35","5.15","1.12","2.10","1.81"
"59518","12-08-19 21:15","Portugal","Liga Portugal","2019/2020","Vitoria Setubal","Tondela","2.02","3.30","4.02","1.08","6.10","1.47","2.57","2.48","1.60","4.32","1.19","7.50","1.05","2.10","1.81"
"59517","16-08-19 21:30","Portugal","Liga Portugal","2019/2020","Famalicao","Rio Ave","2.80","3.64","2.41","1.03","8.90","1.23","3.90","1.75","2.19","2.66","1.44","4.44","1.16","1.63","2.40"
"59516","17-08-19 17:30","Portugal","Liga Portugal","2019/2020","Moreirense","Gil Vicente","2.20","3.32","3.44","1.07","6.55","1.41","2.77","2.31","1.68","3.90","1.23","6.80","1.06","2.00","1.89"
"59515","17-08-19 20:00","Portugal","Liga Portugal","2019/2020","BSAD","Benfica","16.00","7.50","1.18","1.01","18.00","1.14","4.64","1.50","2.48","2.29","1.69","3.54","1.27","2.31","1.68"
"59514","17-08-19 22:30","Portugal","Liga Portugal","2019/2020","FC Porto","Vitoria Setubal","1.17","7.60","17.00","1.01","17.00","1.17","4.30","1.57","2.31","2.48","1.60","3.90","1.23","2.63","1.54"
"59512","18-08-19 17:00","Portugal","Liga Portugal","2019/2020","Aves","Maritimo","2.30","3.18","3.36","1.09","5.90","1.49","2.51","2.53","1.58","4.44","1.18","7.70","1.05","2.14","1.78"
"59513","18-08-19 17:00","Portugal","Liga Portugal","2019/2020","Pacos Ferreira","Santa Clara","2.25","3.34","3.32","1.06","6.75","1.39","2.85","2.24","1.72","3.80","1.24","6.55","1.07","1.95","1.94"
"59511","18-08-19 19:30","Portugal","Liga Portugal","2019/2020","Vitoria Guimaraes","Boavista","1.77","3.62","4.86","1.06","6.75","1.40","2.81","2.26","1.71","3.80","1.24","6.55","1.07","2.10","1.81"
"59510","18-08-19 22:00","Portugal","Liga Portugal","2019/2020","Sporting CP","Braga","2.04","3.70","3.50","1.03","8.60","1.25","3.70","1.80","2.12","2.73","1.42","4.64","1.15","1.67","2.32"
"59509","19-08-19 21:15","Portugal","Liga Portugal","2019/2020","Tondela","Portimonense","2.65","3.40","2.66","1.05","7.40","1.35","3.04","2.14","1.81","3.46","1.28","6.10","1.08","1.82","2.08"
"59508","23-08-19 20:00","Portugal","Liga Portugal","2019/2020","Vitoria Setubal","Moreirense","2.39","3.14","3.22","1.09","5.85","1.51","2.45","2.61","1.55","4.60","1.17","7.90","1.04","2.10","1.81"
"59507","23-08-19 22:15","Portugal","Liga Portugal","2019/2020","Rio Ave","Aves","1.92","3.52","4.14","1.04","7.90","1.29","3.40","1.95","1.94","3.10","1.34","5.30","1.11","1.82","2.08"
"59506","24-08-19 20:00","Portugal","Liga Portugal","2019/2020","Benfica","FC Porto","2.02","3.58","3.68","1.04","7.90","1.28","3.46","1.91","1.99","2.99","1.36","5.05","1.13","1.74","2.20"
"59505","24-08-19 22:30","Portugal","Liga Portugal","2019/2020","Boavista","Pacos Ferreira","2.42","3.08","3.24","1.10","5.70","1.52","2.43","2.64","1.54","4.64","1.17","8.10","1.04","2.13","1.78"
"59503","25-08-19 17:00","Portugal","Liga Portugal","2019/2020","Maritimo","Tondela","2.18","3.10","3.76","1.09","5.95","1.43","2.70","2.38","1.65","3.90","1.23","6.85","1.06","2.02","1.87"
"59504","25-08-19 17:00","Portugal","Liga Portugal","2019/2020","Santa Clara","BSAD","1.84","3.54","4.52","1.06","6.80","1.39","2.85","2.23","1.73","3.70","1.25","6.50","1.07","2.01","1.88"
"59502","25-08-19 19:30","Portugal","Liga Portugal","2019/2020","Portimonense","Sporting CP","4.26","3.94","1.79","1.03","8.90","1.23","3.90","1.76","2.18","2.66","1.44","4.44","1.16","1.71","2.25"
"59501","25-08-19 21:30","Portugal","Liga Portugal","2019/2020","Gil Vicente","Braga","4.14","3.62","1.89","1.05","7.50","1.33","3.14","2.05","1.85","3.32","1.30","5.75","1.10","1.95","1.94"
"59500","25-08-19 22:00","Portugal","Liga Portugal","2019/2020","Vitoria Guimaraes","Famalicao","1.97","3.40","4.34","1.08","9.00","1.34","3.40","2.13","1.80","3.66","1.30","7.50","1.10","1.83","1.98"
"59499","30-08-19 20:00","Portugal","Liga Portugal","2019/2020","Moreirense","Portimonense","2.11","3.34","3.20","1.06","7.00","1.37","2.97","2.16","1.77","3.54","1.27","6.20","1.08","1.86","2.03"
"59498","30-08-19 22:15","Portugal","Liga Portugal","2019/2020","BSAD","Boavista","2.48","3.10","3.13","1.10","5.65","1.53","2.40","2.70","1.52","4.84","1.16","8.30","1.03","2.16","1.77"
"59496","31-08-19 17:30","Portugal","Liga Portugal","2019/2020","Aves","Famalicao","2.60","3.40","2.72","1.05","7.50","1.33","3.14","2.03","1.87","3.26","1.31","5.70","1.10","1.80","2.11"
"59497","31-08-19 17:30","Portugal","Liga Portugal","2019/2020","Pacos Ferreira","Maritimo","1.89","3.44","4.38","1.08","6.40","1.43","2.70","2.38","1.65","4.00","1.22","7.10","1.06","2.12","1.79"
"59495","31-08-19 20:00","Portugal","Liga Portugal","2019/2020","Sporting CP","Rio Ave","1.46","4.84","6.45","1.01","18.00","1.15","4.54","1.52","2.43","2.35","1.66","3.62","1.26","1.69","2.28"
"59494","31-08-19 22:30","Portugal","Liga Portugal","2019/2020","Gil Vicente","Vitoria Setubal","2.11","3.24","3.78","1.09","6.05","1.48","2.54","2.51","1.59","4.40","1.18","7.60","1.05","2.08","1.82"
"59493","01-09-19 17:00","Portugal","Liga Portugal","2019/2020","Tondela","Santa Clara","2.59","3.16","2.90","1.08","6.15","1.46","2.60","2.46","1.61","4.30","1.20","7.40","1.05","2.00","1.89"
"59492","01-09-19 19:30","Portugal","Liga Portugal","2019/2020","FC Porto","Vitoria Guimaraes","1.33","5.55","9.90","1.02","16.00","1.20","4.84","1.59","2.42","2.47","1.57","4.50","1.22","1.88","1.92"
"59491","01-09-19 22:00","Portugal","Liga Portugal","2019/2020","Braga","Benfica","4.58","3.74","1.83","1.03","13.50","1.21","4.66","1.67","2.26","2.66","1.50","4.80","1.20","1.56","2.43"
"59490","08-09-19 16:00","Portugal","Liga Portugal","2019/2020","Rio Ave","Vitoria Guimaraes","1.86","3.72","4.46","1.05","11.50","1.29","3.76","1.93","1.97","3.20","1.37","6.70","1.12","1.70","2.15"
"59489","13-09-19 21:30","Portugal","Liga Portugal","2019/2020","Vitoria Setubal","Braga","5.50","3.58","1.75","1.08","8.60","1.42","2.96","2.29","1.70","4.12","1.25","8.60","1.08","1.94","1.86"
"59488","14-09-19 17:30","Portugal","Liga Portugal","2019/2020","Famalicao","Pacos Ferreira","2.53","3.34","2.97","1.08","9.00","1.41","3.00","2.37","1.62","4.46","1.22","9.20","1.07","1.98","1.83"
"59487","14-09-19 20:00","Portugal","Liga Portugal","2019/2020","Benfica","Gil Vicente","1.13","9.10","25.00","1.01","18.00","1.12","6.65","1.40","3.06","2.02","1.89","3.10","1.39","2.14","1.71"
"59486","14-09-19 22:30","Portugal","Liga Portugal","2019/2020","Vitoria Guimaraes","Aves","1.47","4.28","8.40","1.06","9.80","1.28","3.84","1.90","2.01","3.15","1.38","6.35","1.13","2.15","1.70"
"59483","15-09-19 17:00","Portugal","Liga Portugal","2019/2020","Maritimo","BSAD","2.00","3.34","4.06","1.08","6.20","1.46","2.60","2.45","1.62","4.24","1.20","7.40","1.05","2.10","1.81"
"59484","15-09-19 17:00","Portugal","Liga Portugal","2019/2020","Rio Ave","Tondela","1.62","4.10","5.90","1.03","13.00","1.29","3.74","1.99","1.91","3.24","1.37","6.50","1.13","1.83","1.98"
"59485","15-09-19 17:00","Portugal","Liga Portugal","2019/2020","Santa Clara","Moreirense","2.02","3.34","3.96","1.08","6.30","1.44","2.66","2.41","1.63","4.10","1.21","7.20","1.06","2.12","1.79"
"59482","15-09-19 19:00","Portugal","Liga Portugal","2019/2020","Portimonense","FC Porto","9.60","5.10","1.37","1.03","15.00","1.22","4.50","1.68","2.25","2.66","1.50","4.80","1.20","1.83","1.98"
"59481","15-09-19 21:00","Portugal","Liga Portugal","2019/2020","Boavista","Sporting CP","5.50","3.84","1.70","1.05","10.50","1.30","3.70","1.95","1.95","3.38","1.34","7.10","1.11","1.74","2.09"
"59480","20-09-19 21:30","Portugal","Liga Portugal","2019/2020","Pacos Ferreira","Aves","1.91","3.50","4.48","1.06","10.00","1.34","3.40","2.24","1.73","3.78","1.29","7.50","1.10","1.90","1.90"
"59479","21-09-19 19:00","Portugal","Liga Portugal","2019/2020","BSAD","Rio Ave","3.22","3.56","2.19","1.04","8.20","1.28","3.46","1.89","2.01","2.94","1.37","5.00","1.13","1.77","2.15"
"59478","21-09-19 21:30","Portugal","Liga Portugal","2019/2020","Moreirense","Benfica","9.10","5.15","1.37","1.02","16.00","1.20","4.84","1.59","2.42","2.47","1.57","4.50","1.22","1.79","2.02"
"59477","22-09-19 16:30","Portugal","Liga Portugal","2019/2020","Gil Vicente","Boavista","2.17","3.20","3.88","1.11","7.00","1.51","2.63","2.66","1.50","5.40","1.17","11.00","1.05","2.10","1.74"
"59475","22-09-19 19:00","Portugal","Liga Portugal","2019/2020","Tondela","Vitoria Guimaraes","3.70","3.60","2.06","1.05","11.00","1.29","3.74","2.08","1.83","3.42","1.33","6.50","1.13","1.74","2.10"
"59476","22-09-19 19:00","Portugal","Liga Portugal","2019/2020","Vitoria Setubal","Portimonense","2.85","3.11","2.80","1.11","7.00","1.51","2.63","2.57","1.53","5.10","1.18","11.00","1.05","2.04","1.78"
"59474","22-09-19 21:30","Portugal","Liga Portugal","2019/2020","FC Porto","Santa Clara","1.16","8.60","19.00","1.01","18.00","1.17","5.40","1.49","2.72","2.36","1.66","3.84","1.28","2.22","1.66"
"59473","23-09-19 20:00","Portugal","Liga Portugal","2019/2020","Braga","Maritimo","1.31","5.60","10.50","1.03","13.50","1.24","4.26","1.69","2.23","2.70","1.49","5.10","1.18","2.08","1.75"
"59472","23-09-19 22:00","Portugal","Liga Portugal","2019/2020","Sporting CP","Famalicao","1.55","4.46","6.15","1.02","15.00","1.17","5.30","1.61","2.39","2.42","1.59","4.50","1.22","1.67","2.21"
"59471","27-09-19 21:30","Portugal","Liga Portugal","2019/2020","Boavista","Tondela","2.07","3.26","3.80","1.09","6.00","1.48","2.54","2.51","1.59","4.44","1.18","7.70","1.05","2.14","1.78"
"59470","28-09-19 17:30","Portugal","Liga Portugal","2019/2020","Maritimo","Moreirense","2.50","3.26","3.07","1.09","8.40","1.47","2.76","2.45","1.58","4.80","1.20","10.00","1.06","1.98","1.82"
"59469","28-09-19 20:00","Portugal","Liga Portugal","2019/2020","Benfica","Vitoria Setubal","1.18","8.40","14.50","1.02","15.00","1.20","4.78","1.54","2.53","2.42","1.59","4.24","1.24","2.46","1.55"
"59468","28-09-19 22:30","Portugal","Liga Portugal","2019/2020","Famalicao","BSAD","1.64","3.84","6.15","1.05","11.00","1.29","3.74","2.08","1.83","3.42","1.33","7.00","1.11","1.83","1.98"
"59466","29-09-19 17:00","Portugal","Liga Portugal","2019/2020","Santa Clara","Gil Vicente","2.06","3.50","3.86","1.09","8.00","1.51","2.63","2.57","1.53","5.10","1.18","11.00","1.05","2.15","1.70"
"59467","29-09-19 17:00","Portugal","Liga Portugal","2019/2020","Vitoria Guimaraes","Pacos Ferreira","1.71","4.10","4.88","1.05","11.50","1.30","3.66","1.97","1.93","3.52","1.32","7.10","1.11","1.91","1.89"
"59465","29-09-19 19:00","Portugal","Liga Portugal","2019/2020","Portimonense","Braga","3.88","3.94","1.92","1.03","13.50","1.25","4.20","1.76","2.11","2.88","1.44","5.55","1.16","1.67","2.20"
"59464","29-09-19 21:00","Portugal","Liga Portugal","2019/2020","Rio Ave","FC Porto","6.75","4.14","1.56","1.02","15.00","1.21","4.60","1.63","2.34","2.70","1.49","4.80","1.20","1.70","2.16"
"59463","30-09-19 21:15","Portugal","Liga Portugal","2019/2020","Aves","Sporting CP","6.75","4.46","1.52","1.02","16.00","1.20","4.84","1.62","2.37","2.47","1.57","4.80","1.20","1.69","2.17"
"59462","05-10-19 16:30","Portugal","Liga Portugal","2019/2020","Aves","Tondela","2.38","3.36","3.20","1.06","10.00","1.34","3.40","2.13","1.80","3.66","1.30","7.50","1.10","1.78","2.04"
"59461","25-10-19 21:30","Portugal","Liga Portugal","2019/2020","Pacos Ferreira","Rio Ave","3.05","3.20","2.56","1.06","9.60","1.33","3.48","2.08","1.84","3.84","1.28","8.00","1.09","1.70","2.15"
"59459","26-10-19 16:30","Portugal","Liga Portugal","2019/2020","BSAD","Aves","2.12","3.42","3.72","1.06","10.00","1.36","3.24","2.24","1.73","4.12","1.25","8.40","1.08","1.83","1.98"
"59460","26-10-19 16:30","Portugal","Liga Portugal","2019/2020","Gil Vicente","Portimonense","2.08","3.22","4.16","1.09","8.00","1.48","2.75","2.47","1.57","4.80","1.20","9.90","1.06","2.04","1.78"
"59458","26-10-19 19:00","Portugal","Liga Portugal","2019/2020","Vitoria Setubal","Maritimo","1.96","3.28","4.62","1.13","6.50","1.61","2.38","2.86","1.45","5.95","1.14","12.00","1.04","2.31","1.61"
"59457","26-10-19 21:30","Portugal","Liga Portugal","2019/2020","Moreirense","Boavista","2.47","3.19","3.19","1.14","6.00","1.70","2.20","3.06","1.40","7.00","1.11","14.00","1.03","2.42","1.56"
"59456","27-10-19 16:00","Portugal","Liga Portugal","2019/2020","Tondela","Benfica","12.00","5.10","1.33","1.03","13.00","1.22","4.50","1.68","2.25","2.66","1.50","4.80","1.20","1.98","1.83"
"59455","27-10-19 18:30","Portugal","Liga Portugal","2019/2020","FC Porto","Famalicao","1.29","6.50","9.90","1.01","18.00","1.14","6.00","1.44","2.88","2.23","1.73","3.74","1.29","1.89","1.91"
"59454","27-10-19 21:00","Portugal","Liga Portugal","2019/2020","Sporting CP","Vitoria Guimaraes","2.06","3.50","3.86","1.05","11.00","1.32","3.50","2.08","1.83","3.66","1.30","7.00","1.11","1.78","2.04"
"59453","28-10-19 21:15","Portugal","Liga Portugal","2019/2020","Braga","Santa Clara","1.42","4.56","9.10","1.03","13.00","1.26","4.00","1.90","2.00","3.06","1.40","5.95","1.14","1.98","1.83"
"59452","30-10-19 18:00","Portugal","Liga Portugal","2019/2020","Rio Ave","Moreirense","1.59","4.36","5.70","1.03","13.00","1.26","4.00","1.90","2.00","3.06","1.40","5.95","1.14","1.83","1.98"
"59451","30-10-19 19:45","Portugal","Liga Portugal","2019/2020","Maritimo","FC Porto","11.00","4.84","1.36","1.03","13.50","1.21","4.66","1.62","2.37","2.66","1.50","4.80","1.20","1.84","1.97"
"59450","30-10-19 21:00","Portugal","Liga Portugal","2019/2020","Vitoria Guimaraes","BSAD","1.46","4.76","7.40","1.03","15.00","1.19","5.00","1.68","2.25","2.57","1.53","4.80","1.20","1.83","1.98"
"59449","30-10-19 21:15","Portugal","Liga Portugal","2019/2020","Benfica","Portimonense","1.22","7.30","13.00","1.02","18.00","1.20","4.84","1.54","2.55","2.38","1.61","4.12","1.25","1.94","1.86"
"59448","30-10-19 22:00","Portugal","Liga Portugal","2019/2020","Famalicao","Gil Vicente","2.17","3.50","3.50","1.05","11.50","1.29","3.76","1.93","1.97","3.20","1.37","6.70","1.12","1.67","2.21"
"59447","31-10-19 20:45","Portugal","Liga Portugal","2019/2020","Pacos Ferreira","Sporting CP","3.72","3.30","2.17","1.08","9.00","1.36","3.24","2.24","1.73","4.12","1.25","8.40","1.08","1.83","1.98"
"59445","31-10-19 21:15","Portugal","Liga Portugal","2019/2020","Boavista","Braga","5.75","3.88","1.67","1.08","8.60","1.46","2.82","2.38","1.65","4.80","1.20","9.30","1.07","2.10","1.73"
"59446","31-10-19 21:15","Portugal","Liga Portugal","2019/2020","Santa Clara","Vitoria Setubal","2.04","3.17","4.42","1.14","6.00","1.68","2.25","2.86","1.45","5.95","1.14","12.00","1.04","2.31","1.61"
"59444","02-11-19 19:00","Portugal","Liga Portugal","2019/2020","Benfica","Rio Ave","1.40","4.92","8.80","1.02","18.00","1.14","5.90","1.46","2.82","2.29","1.70","3.84","1.28","1.66","2.23"
"59443","02-11-19 21:30","Portugal","Liga Portugal","2019/2020","Moreirense","Vitoria Guimaraes","5.65","3.72","1.71","1.05","11.50","1.26","4.02","1.86","2.05","3.01","1.41","6.05","1.14","1.77","2.05"
"59442","03-11-19 16:00","Portugal","Liga Portugal","2019/2020","Gil Vicente","Maritimo","2.00","3.28","4.44","1.13","6.50","1.56","2.50","2.66","1.50","5.40","1.17","11.00","1.05","2.24","1.65"
"59441","03-11-19 18:30","Portugal","Liga Portugal","2019/2020","Tondela","Sporting CP","3.92","3.72","1.97","1.03","13.50","1.26","4.02","1.86","2.05","3.01","1.41","6.05","1.14","1.63","2.28"
"59440","03-11-19 21:00","Portugal","Liga Portugal","2019/2020","FC Porto","Aves","1.10","8.50","26.00","1.02","16.00","1.11","7.00","1.36","3.26","1.95","1.95","3.15","1.38","2.88","1.46"
"59439","03-11-19 21:15","Portugal","Liga Portugal","2019/2020","Braga","Famalicao","1.37","5.30","9.00","1.01","20.00","1.13","6.45","1.46","2.82","2.17","1.77","3.52","1.32","1.67","2.21"
"59438","04-11-19 20:00","Portugal","Liga Portugal","2019/2020","BSAD","Pacos Ferreira","2.71","3.42","2.70","1.06","9.60","1.37","3.22","2.17","1.77","4.12","1.25","8.60","1.08","1.83","1.97"
"59436","04-11-19 22:00","Portugal","Liga Portugal","2019/2020","Portimonense","Santa Clara","1.86","3.72","4.46","1.09","8.00","1.48","2.75","2.47","1.57","4.80","1.20","9.90","1.06","2.15","1.70"
"59437","04-11-19 22:00","Portugal","Liga Portugal","2019/2020","Vitoria Setubal","Boavista","2.63","2.96","3.20","1.16","5.50","1.82","2.10","3.42","1.33","7.50","1.10","15.00","1.03","2.42","1.56"
"59435","08-11-19 21:30","Portugal","Liga Portugal","2019/2020","Aves","Gil Vicente","2.83","3.09","2.83","1.11","6.95","1.49","2.69","2.66","1.50","5.55","1.16","11.00","1.05","2.08","1.75"
"59434","09-11-19 16:30","Portugal","Liga Portugal","2019/2020","Rio Ave","Vitoria Setubal","1.62","3.88","5.85","1.06","7.00","1.37","2.94","2.18","1.76","3.62","1.26","6.30","1.08","2.20","1.74"
"59433","09-11-19 19:00","Portugal","Liga Portugal","2019/2020","Santa Clara","Benfica","6.90","4.48","1.51","1.05","11.50","1.30","3.66","1.93","1.97","3.38","1.34","7.10","1.11","1.94","1.87"
"59432","09-11-19 21:30","Portugal","Liga Portugal","2019/2020","Famalicao","Moreirense","1.89","3.60","4.46","1.05","11.50","1.26","4.02","1.93","1.97","3.20","1.37","6.05","1.14","1.68","2.19"
"59430","10-11-19 16:00","Portugal","Liga Portugal","2019/2020","Maritimo","Portimonense","2.82","3.28","2.69","1.09","8.00","1.48","2.75","2.47","1.57","4.80","1.20","9.90","1.06","1.98","1.83"
"59431","10-11-19 16:00","Portugal","Liga Portugal","2019/2020","Pacos Ferreira","Tondela","2.11","3.60","3.60","1.09","8.00","1.51","2.63","2.47","1.57","5.10","1.18","9.90","1.06","2.10","1.74"
"59429","10-11-19 19:30","Portugal","Liga Portugal","2019/2020","Sporting CP","BSAD","1.40","5.00","8.40","1.03","15.00","1.22","4.50","1.68","2.25","2.66","1.50","4.80","1.20","1.83","1.98"
"59428","10-11-19 21:00","Portugal","Liga Portugal","2019/2020","Vitoria Guimaraes","Braga","2.46","3.48","2.95","1.05","11.00","1.29","3.74","2.08","1.83","3.42","1.33","6.50","1.13","1.74","2.10"
"59427","10-11-19 22:00","Portugal","Liga Portugal","2019/2020","Boavista","FC Porto","6.95","4.10","1.55","1.06","10.00","1.35","3.32","2.11","1.81","4.02","1.26","8.60","1.08","2.14","1.71"
"59426","29-11-19 21:30","Portugal","Liga Portugal","2019/2020","Santa Clara","Boavista","2.11","3.19","4.10","1.13","6.45","1.59","2.42","2.84","1.45","6.05","1.14","14.00","1.03","2.23","1.65"
"59425","30-11-19 16:30","Portugal","Liga Portugal","2019/2020","Moreirense","Aves","2.07","3.40","3.92","1.08","9.00","1.41","3.00","2.35","1.66","4.12","1.25","8.40","1.08","1.98","1.83"
"59424","30-11-19 19:00","Portugal","Liga Portugal","2019/2020","Benfica","Maritimo","1.14","10.50","17.00","","","1.13","6.45","1.42","2.96","2.08","1.84","3.38","1.34","3.10","1.34"
"59423","30-11-19 21:30","Portugal","Liga Portugal","2019/2020","Portimonense","Famalicao","2.31","3.72","3.04","1.03","15.00","1.23","4.32","1.77","2.10","2.86","1.45","5.40","1.17","1.61","2.31"
"59422","01-12-19 16:00","Portugal","Liga Portugal","2019/2020","Tondela","BSAD","1.89","3.60","4.46","1.08","9.00","1.36","3.24","2.24","1.73","4.12","1.25","8.40","1.08","1.98","1.83"
"59421","01-12-19 18:30","Portugal","Liga Portugal","2019/2020","Vitoria Setubal","Vitoria Guimaraes","4.64","3.60","1.86","1.09","8.00","1.48","2.75","2.37","1.62","4.46","1.22","9.20","1.07","2.10","1.74"
"59420","01-12-19 21:00","Portugal","Liga Portugal","2019/2020","Gil Vicente","Sporting CP","4.98","3.52","1.83","1.06","9.60","1.37","3.22","2.17","1.77","4.12","1.25","8.60","1.08","1.91","1.89"
"59419","02-12-19 19:45","Portugal","Liga Portugal","2019/2020","Braga","Rio Ave","1.54","4.60","6.10","1.03","15.00","1.23","4.32","1.70","2.20","2.86","1.45","5.10","1.18","1.78","2.04"
"59418","02-12-19 21:45","Portugal","Liga Portugal","2019/2020","FC Porto","Pacos Ferreira","1.25","6.20","13.50","1.03","14.00","1.23","4.44","1.63","2.33","2.58","1.53","4.96","1.19","2.14","1.71"
"59417","06-12-19 21:30","Portugal","Liga Portugal","2019/2020","Boavista","Benfica","6.20","3.92","1.62","1.06","10.00","1.34","3.40","2.13","1.80","3.66","1.30","7.50","1.10","1.98","1.83"
"59416","07-12-19 16:00","Portugal","Liga Portugal","2019/2020","Maritimo","Santa Clara","2.57","3.28","2.96","1.11","7.00","1.51","2.63","2.57","1.53","5.10","1.18","11.00","1.05","2.10","1.74"
"59415","07-12-19 19:00","Portugal","Liga Portugal","2019/2020","Famalicao","Tondela","1.96","3.60","4.10","1.05","11.00","1.29","3.74","2.08","1.83","3.42","1.33","6.50","1.13","1.78","2.04"
"59414","07-12-19 21:30","Portugal","Liga Portugal","2019/2020","Aves","Braga","8.60","5.40","1.37","1.03","15.00","1.23","4.32","1.70","2.20","2.86","1.45","5.40","1.17","1.98","1.83"
"59412","08-12-19 16:00","Portugal","Liga Portugal","2019/2020","Pacos Ferreira","Vitoria Setubal","2.06","3.19","4.32","1.13","6.50","1.56","2.50","2.86","1.45","5.95","1.14","12.00","1.04","2.24","1.65"
"59413","08-12-19 16:00","Portugal","Liga Portugal","2019/2020","Vitoria Guimaraes","Portimonense","1.44","5.10","7.10","1.03","13.00","1.26","4.00","1.82","2.10","3.06","1.40","5.40","1.17","1.98","1.83"
"59411","08-12-19 18:30","Portugal","Liga Portugal","2019/2020","Sporting CP","Moreirense","1.32","5.25","12.00","1.02","16.00","1.19","4.94","1.57","2.47","2.42","1.59","4.36","1.23","1.82","1.99"
"59410","08-12-19 21:00","Portugal","Liga Portugal","2019/2020","BSAD","FC Porto","12.50","5.90","1.27","1.03","15.00","1.26","4.00","1.70","2.20","2.86","1.45","5.10","1.18","2.15","1.70"
"59409","09-12-19 21:15","Portugal","Liga Portugal","2019/2020","Rio Ave","Gil Vicente","1.95","3.52","4.00","1.04","8.20","1.35","3.04","2.18","1.76","3.70","1.25","7.10","1.06","1.95","1.81"
"59408","13-12-19 21:30","Portugal","Liga Portugal","2019/2020","Portimonense","Rio Ave","3.00","3.30","2.53","1.06","10.50","1.31","3.58","2.02","1.89","3.44","1.33","7.10","1.11","1.74","2.09"
"59407","14-12-19 16:30","Portugal","Liga Portugal","2019/2020","Maritimo","Boavista","2.73","3.02","2.99","1.12","6.80","1.51","2.63","2.73","1.48","5.55","1.16","12.00","1.04","2.10","1.74"
"59406","14-12-19 19:00","Portugal","Liga Portugal","2019/2020","Benfica","Famalicao","1.18","8.40","14.50","1.01","27.00","1.09","8.40","1.30","3.68","1.76","2.11","2.73","1.48","1.79","2.03"
"59405","14-12-19 21:30","Portugal","Liga Portugal","2019/2020","Vitoria Setubal","Aves","2.09","3.34","3.94","1.10","7.30","1.47","2.76","2.45","1.58","4.80","1.20","10.00","1.06","2.04","1.78"
"59404","15-12-19 16:00","Portugal","Liga Portugal","2019/2020","Moreirense","BSAD","2.12","3.36","3.82","1.06","9.60","1.33","3.48","2.08","1.84","3.84","1.28","8.00","1.09","1.77","2.04"
"59403","15-12-19 18:30","Portugal","Liga Portugal","2019/2020","Gil Vicente","Vitoria Guimaraes","4.18","3.44","1.99","1.08","9.00","1.36","3.24","2.35","1.66","4.12","1.25","8.40","1.08","1.98","1.83"
"59402","15-12-19 21:00","Portugal","Liga Portugal","2019/2020","Braga","Pacos Ferreira","1.42","4.62","9.10","1.05","11.50","1.26","4.02","1.93","1.97","3.20","1.37","6.70","1.12","2.00","1.81"
"59401","16-12-19 20:00","Portugal","Liga Portugal","2019/2020","Santa Clara","Sporting CP","3.90","3.60","2.01","1.07","9.40","1.34","3.42","2.13","1.80","3.92","1.27","8.00","1.09","1.85","1.95"
"59400","16-12-19 21:15","Portugal","Liga Portugal","2019/2020","FC Porto","Tondela","1.18","7.80","16.00","1.02","15.00","1.22","4.56","1.56","2.50","2.52","1.55","4.24","1.24","2.36","1.59"
"59398","04-01-20 16:30","Portugal","Liga Portugal","2019/2020","Aves","Santa Clara","2.59","3.10","3.10","1.09","8.00","1.41","3.00","2.37","1.62","4.48","1.22","9.20","1.07","1.90","1.90"
"59399","04-01-20 16:30","Portugal","Liga Portugal","2019/2020","Boavista","Portimonense","2.17","3.10","4.02","1.11","7.00","1.51","2.63","2.57","1.54","5.10","1.18","11.00","1.05","2.04","1.78"
"59397","04-01-20 19:00","Portugal","Liga Portugal","2019/2020","BSAD","Braga","5.70","4.14","1.63","1.05","11.00","1.32","3.50","2.08","1.83","3.42","1.34","7.00","1.11","1.98","1.83"
"59396","04-01-20 21:30","Portugal","Liga Portugal","2019/2020","Vitoria Guimaraes","Benfica","3.88","3.50","2.05","1.03","13.00","1.23","4.32","1.82","2.10","2.86","1.45","5.40","1.17","1.61","2.31"
"59393","05-01-20 16:00","Portugal","Liga Portugal","2019/2020","Pacos Ferreira","Moreirense","2.17","3.20","3.88","1.11","7.00","1.48","2.75","2.47","1.57","4.80","1.20","9.90","1.06","2.04","1.78"
"59394","05-01-20 16:00","Portugal","Liga Portugal","2019/2020","Rio Ave","Maritimo","1.56","3.94","7.30","1.08","9.00","1.34","3.40","2.24","1.73","3.78","1.29","7.50","1.10","2.10","1.74"
"59395","05-01-20 16:00","Portugal","Liga Portugal","2019/2020","Tondela","Gil Vicente","2.50","3.12","3.22","1.11","7.00","1.56","2.50","2.66","1.50","5.40","1.17","11.00","1.05","2.10","1.74"
"59392","05-01-20 18:30","Portugal","Liga Portugal","2019/2020","Sporting CP","FC Porto","3.74","3.50","2.09","1.06","10.00","1.34","3.40","2.13","1.80","3.78","1.29","7.50","1.10","1.83","1.98"
"59391","05-01-20 21:00","Portugal","Liga Portugal","2019/2020","Famalicao","Vitoria Setubal","1.90","3.68","4.30","1.05","11.00","1.29","3.74","2.08","1.83","3.42","1.34","6.50","1.13","1.78","2.04"
"59389","10-01-20 20:00","Portugal","Liga Portugal","2019/2020","Benfica","Aves","1.10","12.00","26.00","1.02","21.00","1.14","6.00","1.41","3.00","2.24","1.73","3.42","1.34","2.10","1.73"
"59390","10-01-20 20:00","Portugal","Liga Portugal","2019/2020","Santa Clara","Rio Ave","3.11","3.28","2.47","1.08","9.00","1.36","3.24","2.35","1.66","4.14","1.25","8.40","1.09","1.71","2.13"
"59388","10-01-20 22:15","Portugal","Liga Portugal","2019/2020","Moreirense","FC Porto","13.50","5.75","1.27","1.05","11.00","1.26","4.00","1.82","2.10","2.86","1.45","5.40","1.17","1.97","1.84"
"59387","11-01-20 16:30","Portugal","Liga Portugal","2019/2020","Portimonense","Pacos Ferreira","2.07","3.40","3.92","1.11","7.00","1.51","2.63","2.47","1.57","4.80","1.20","9.90","1.06","2.10","1.74"
"59386","11-01-20 19:00","Portugal","Liga Portugal","2019/2020","Boavista","Famalicao","2.64","3.40","2.79","1.08","9.00","1.36","3.24","2.24","1.73","4.14","1.25","8.40","1.09","1.83","1.98"
"59385","11-01-20 21:30","Portugal","Liga Portugal","2019/2020","Vitoria Setubal","Sporting CP","15.00","6.05","1.24","1.05","11.00","1.22","4.50","1.68","2.25","2.66","1.50","4.80","1.20","2.15","1.70"
"59384","12-01-20 16:00","Portugal","Liga Portugal","2019/2020","Gil Vicente","BSAD","1.66","3.62","6.60","1.09","8.00","1.48","2.75","2.47","1.57","4.80","1.20","9.90","1.06","2.14","1.71"
"59383","12-01-20 18:30","Portugal","Liga Portugal","2019/2020","Maritimo","Vitoria Guimaraes","4.56","3.80","1.82","1.06","10.00","1.36","3.24","2.24","1.73","4.14","1.25","8.40","1.09","1.98","1.83"
"59382","12-01-20 21:00","Portugal","Liga Portugal","2019/2020","Braga","Tondela","1.33","5.35","10.50","1.03","15.00","1.22","4.50","1.70","2.20","2.66","1.50","5.10","1.18","2.04","1.78"
"59381","17-01-20 20:00","Portugal","Liga Portugal","2019/2020","FC Porto","Braga","1.57","3.94","7.10","1.03","13.00","1.26","4.00","1.90","2.00","3.06","1.40","6.00","1.14","1.71","2.14"
"59380","17-01-20 22:15","Portugal","Liga Portugal","2019/2020","Sporting CP","Benfica","3.72","3.92","1.97","1.03","13.00","1.26","4.00","1.82","2.10","2.86","1.45","5.40","1.17","1.65","2.24"
"59378","18-01-20 16:30","Portugal","Liga Portugal","2019/2020","Aves","Portimonense","2.87","3.14","2.63","1.06","7.10","1.41","2.82","2.35","1.66","4.10","1.22","8.00","1.04","1.95","1.81"
"59379","18-01-20 16:30","Portugal","Liga Portugal","2019/2020","Vitoria Guimaraes","Santa Clara","1.36","5.05","8.80","1.01","10.50","1.24","3.88","1.82","2.09","2.86","1.40","5.15","1.12","2.20","1.64"
"59377","18-01-20 19:00","Portugal","Liga Portugal","2019/2020","Tondela","Moreirense","2.07","3.40","3.92","1.09","8.00","1.48","2.75","2.47","1.57","4.80","1.20","9.90","1.06","2.10","1.74"
"59376","18-01-20 21:30","Portugal","Liga Portugal","2019/2020","BSAD","Vitoria Setubal","2.26","3.28","3.50","1.09","8.00","1.48","2.75","2.47","1.57","4.80","1.20","9.90","1.06","2.04","1.78"
"59375","19-01-20 16:00","Portugal","Liga Portugal","2019/2020","Pacos Ferreira","Gil Vicente","3.40","3.10","2.41","1.13","6.50","1.61","2.38","2.86","1.45","6.00","1.14","12.50","1.04","2.14","1.71"
"59374","19-01-20 18:30","Portugal","Liga Portugal","2019/2020","Famalicao","Maritimo","1.56","4.08","6.80","1.03","13.00","1.26","4.00","1.90","2.00","3.06","1.40","6.00","1.14","1.75","2.08"
"59373","19-01-20 21:00","Portugal","Liga Portugal","2019/2020","Rio Ave","Boavista","1.67","3.84","5.85","1.09","8.00","1.48","2.75","2.37","1.62","4.48","1.22","9.20","1.07","2.04","1.78"
"59370","26-01-20 16:00","Portugal","Liga Portugal","2019/2020","BSAD","Portimonense","2.85","3.20","2.72","1.09","8.00","1.41","3.00","2.35","1.66","4.14","1.25","9.20","1.07","1.90","1.90"
"59371","26-01-20 16:00","Portugal","Liga Portugal","2019/2020","Famalicao","Santa Clara","1.71","3.70","5.65","1.05","11.00","1.29","3.74","1.99","1.91","3.24","1.37","6.50","1.13","1.83","1.98"
"59372","26-01-20 16:00","Portugal","Liga Portugal","2019/2020","Tondela","Vitoria Setubal","1.91","3.36","4.74","1.11","7.00","1.56","2.50","2.66","1.50","5.40","1.17","11.00","1.05","2.24","1.65"
"59369","26-01-20 18:30","Portugal","Liga Portugal","2019/2020","Pacos Ferreira","Benfica","11.00","5.35","1.32","1.05","11.00","1.29","3.74","1.90","2.00","3.24","1.37","6.00","1.14","2.24","1.65"
"59368","26-01-20 21:00","Portugal","Liga Portugal","2019/2020","Aves","Boavista","2.36","3.28","3.28","1.13","6.50","1.68","2.25","2.86","1.45","6.50","1.13","12.50","1.04","2.31","1.61"
"59367","27-01-20 19:45","Portugal","Liga Portugal","2019/2020","Vitoria Guimaraes","Rio Ave","1.67","3.88","5.70","1.06","10.00","1.34","3.40","2.24","1.73","3.78","1.29","7.50","1.10","2.04","1.78"
"59366","27-01-20 22:00","Portugal","Liga Portugal","2019/2020","Sporting CP","Maritimo","1.37","5.20","9.30","1.05","11.00","1.26","4.00","1.82","2.10","3.06","1.40","5.40","1.17","1.96","1.84"
"59365","28-01-20 21:15","Portugal","Liga Portugal","2019/2020","FC Porto","Gil Vicente","1.31","5.20","12.50","1.05","11.00","1.29","3.74","1.90","2.00","3.06","1.40","6.00","1.14","2.12","1.72"
"59364","29-01-20 21:15","Portugal","Liga Portugal","2019/2020","Moreirense","Braga","7.10","4.06","1.55","1.03","13.00","1.26","4.00","1.90","2.00","3.06","1.40","6.00","1.14","1.78","2.04"
"59363","31-01-20 20:00","Portugal","Liga Portugal","2019/2020","Benfica","BSAD","1.11","10.50","27.00","1.02","15.00","1.09","8.00","1.34","3.40","1.90","2.00","2.86","1.45","2.20","1.67"
"59362","31-01-20 22:15","Portugal","Liga Portugal","2019/2020","Rio Ave","Famalicao","2.02","3.40","4.14","1.06","10.50","1.29","3.76","1.93","1.97","3.20","1.37","6.70","1.12","1.69","2.17"
"59361","01-02-20 16:30","Portugal","Liga Portugal","2019/2020","Portimonense","Tondela","2.07","3.40","3.92","1.09","8.00","1.41","3.00","2.35","1.66","4.48","1.22","9.20","1.07","1.98","1.83"
"59360","01-02-20 19:00","Portugal","Liga Portugal","2019/2020","Vitoria Setubal","FC Porto","8.70","4.46","1.44","1.06","10.50","1.31","3.58","2.02","1.89","3.44","1.33","7.10","1.11","2.12","1.72"
"59358","02-02-20 16:00","Portugal","Liga Portugal","2019/2020","Gil Vicente","Moreirense","1.91","3.40","4.64","1.09","8.40","1.43","2.89","2.34","1.63","4.50","1.22","9.30","1.07","1.96","1.84"
"59359","02-02-20 16:00","Portugal","Liga Portugal","2019/2020","Maritimo","Aves","2.01","3.36","4.22","1.09","8.00","1.48","2.75","2.47","1.57","4.80","1.20","9.90","1.06","2.04","1.78"
"59356","02-02-20 18:30","Portugal","Liga Portugal","2019/2020","Braga","Sporting CP","1.88","3.74","4.32","1.03","13.50","1.25","4.20","1.76","2.11","2.88","1.44","5.55","1.16","1.65","2.25"
"59357","02-02-20 18:30","Portugal","Liga Portugal","2019/2020","Santa Clara","Pacos Ferreira","2.33","2.90","3.88","1.14","6.00","1.61","2.38","2.86","1.45","6.00","1.14","12.50","1.04","2.24","1.65"
"59355","02-02-20 21:00","Portugal","Liga Portugal","2019/2020","Boavista","Vitoria Guimaraes","4.64","3.40","1.91","1.09","8.40","1.47","2.76","2.34","1.63","4.50","1.22","9.30","1.07","2.00","1.81"
"59354","07-02-20 21:30","Portugal","Liga Portugal","2019/2020","Pacos Ferreira","Boavista","2.66","2.94","3.17","1.19","5.00","1.90","2.00","3.66","1.30","7.50","1.10","16.00","1.02","2.53","1.52"
"59352","08-02-20 16:30","Portugal","Liga Portugal","2019/2020","BSAD","Santa Clara","2.59","3.00","3.20","1.09","8.00","1.41","3.00","2.37","1.62","4.48","1.22","9.20","1.07","1.90","1.90"
"59353","08-02-20 16:30","Portugal","Liga Portugal","2019/2020","Famalicao","Vitoria Guimaraes","4.48","3.92","1.81","1.03","13.00","1.29","3.74","1.90","2.00","3.24","1.37","6.00","1.14","1.78","2.04"
"59351","08-02-20 19:00","Portugal","Liga Portugal","2019/2020","Braga","Gil Vicente","1.37","5.20","9.30","1.05","11.00","1.29","3.74","1.90","2.00","3.06","1.40","6.00","1.14","2.04","1.78"
"59350","08-02-20 21:30","Portugal","Liga Portugal","2019/2020","FC Porto","Benfica","2.23","3.24","3.64","1.06","10.50","1.29","3.76","1.93","1.97","3.20","1.37","6.70","1.12","1.69","2.17"
"59348","09-02-20 16:00","Portugal","Liga Portugal","2019/2020","Moreirense","Vitoria Setubal","2.06","3.10","4.46","1.10","7.30","1.43","2.89","2.34","1.63","4.50","1.22","9.30","1.07","1.98","1.82"
"59349","09-02-20 16:00","Portugal","Liga Portugal","2019/2020","Tondela","Maritimo","2.32","3.19","3.50","1.10","7.30","1.47","2.76","2.45","1.58","4.80","1.20","10.00","1.06","1.98","1.82"
"59347","09-02-20 18:30","Portugal","Liga Portugal","2019/2020","Sporting CP","Portimonense","1.42","4.72","8.70","1.03","13.50","1.25","4.20","1.70","2.21","2.73","1.48","5.15","1.18","1.88","1.92"
"59346","09-02-20 21:00","Portugal","Liga Portugal","2019/2020","Aves","Rio Ave","4.32","3.32","2.00","1.08","8.70","1.35","3.30","2.13","1.80","3.74","1.29","7.50","1.10","1.85","1.95"
"59345","14-02-20 21:30","Portugal","Liga Portugal","2019/2020","Vitoria Setubal","Gil Vicente","2.70","3.09","2.96","1.13","6.50","1.56","2.50","2.66","1.50","5.40","1.17","11.00","1.05","2.10","1.74"
"59343","15-02-20 16:30","Portugal","Liga Portugal","2019/2020","Portimonense","Moreirense","2.08","3.42","3.88","1.08","9.00","1.36","3.24","2.24","1.73","4.14","1.25","8.40","1.09","1.90","1.90"
"59344","15-02-20 16:30","Portugal","Liga Portugal","2019/2020","Santa Clara","Tondela","2.02","3.00","4.92","1.13","6.50","1.56","2.50","2.66","1.50","5.40","1.17","11.00","1.05","2.15","1.70"
"59342","15-02-20 19:00","Portugal","Liga Portugal","2019/2020","Benfica","Braga","1.67","3.88","5.65","1.02","16.00","1.20","4.84","1.59","2.42","2.47","1.57","4.50","1.22","1.54","2.48"
"59341","15-02-20 21:30","Portugal","Liga Portugal","2019/2020","Rio Ave","Sporting CP","2.74","3.30","2.75","1.05","11.50","1.26","4.02","1.86","2.05","3.01","1.41","5.55","1.16","1.60","2.33"
"59339","16-02-20 16:00","Portugal","Liga Portugal","2019/2020","Boavista","BSAD","1.85","3.19","5.65","1.13","6.50","1.51","2.63","2.66","1.50","5.10","1.18","11.00","1.05","2.24","1.65"
"59340","16-02-20 16:00","Portugal","Liga Portugal","2019/2020","Maritimo","Pacos Ferreira","2.39","3.22","3.32","1.13","6.50","1.56","2.50","2.86","1.45","5.40","1.17","12.50","1.04","2.15","1.70"
"59338","16-02-20 18:30","Portugal","Liga Portugal","2019/2020","Vitoria Guimaraes","FC Porto","3.70","3.46","2.12","1.06","9.50","1.33","3.46","2.20","1.75","3.84","1.28","8.00","1.09","1.79","2.02"
"59337","16-02-20 21:00","Portugal","Liga Portugal","2019/2020","Famalicao","Aves","1.56","4.14","6.75","1.03","13.50","1.20","4.78","1.63","2.34","2.50","1.56","4.80","1.20","1.70","2.16"
"59336","21-02-20 21:30","Portugal","Liga Portugal","2019/2020","Aves","Vitoria Guimaraes","8.10","4.84","1.43","1.03","13.00","1.26","4.00","1.90","2.00","3.06","1.40","6.00","1.14","1.98","1.83"
"59335","22-02-20 19:00","Portugal","Liga Portugal","2019/2020","Tondela","Rio Ave","4.48","3.50","1.91","1.08","8.50","1.43","2.93","2.30","1.69","4.50","1.22","9.30","1.07","1.96","1.84"
"59334","22-02-20 21:30","Portugal","Liga Portugal","2019/2020","BSAD","Maritimo","2.43","2.85","3.72","1.08","8.50","1.33","3.46","2.20","1.75","3.84","1.28","8.00","1.09","1.71","2.13"
"59332","23-02-20 16:00","Portugal","Liga Portugal","2019/2020","Moreirense","Santa Clara","2.44","3.08","3.38","1.09","8.00","1.48","2.75","2.47","1.57","4.48","1.22","9.90","1.06","1.98","1.83"
"59333","23-02-20 16:00","Portugal","Liga Portugal","2019/2020","Pacos Ferreira","Famalicao","3.00","3.20","2.59","1.09","8.00","1.41","3.00","2.46","1.62","4.48","1.22","9.20","1.07","1.90","1.90"
"59331","23-02-20 18:30","Portugal","Liga Portugal","2019/2020","Sporting CP","Boavista","1.62","3.92","6.20","1.08","9.00","1.36","3.24","2.24","1.73","3.78","1.29","8.40","1.09","2.04","1.78"
"59330","23-02-20 21:00","Portugal","Liga Portugal","2019/2020","Braga","Vitoria Setubal","1.40","4.86","9.20","1.03","15.00","1.23","4.32","1.70","2.20","2.86","1.45","5.10","1.18","1.83","1.98"
"59329","23-02-20 21:30","Portugal","Liga Portugal","2019/2020","FC Porto","Portimonense","1.22","7.10","14.00","1.03","15.00","1.19","5.00","1.56","2.50","2.47","1.57","4.14","1.25","2.15","1.70"
"59328","24-02-20 20:30","Portugal","Liga Portugal","2019/2020","Gil Vicente","Benfica","6.50","4.46","1.53","1.03","13.50","1.24","4.26","1.74","2.13","2.88","1.44","5.55","1.16","1.73","2.10"
"59327","28-02-20 21:30","Portugal","Liga Portugal","2019/2020","Portimonense","Vitoria Setubal","1.81","3.50","5.15","1.10","7.40","1.43","2.93","2.41","1.64","4.50","1.22","9.30","1.07","2.00","1.81"
"59326","29-02-20 19:00","Portugal","Liga Portugal","2019/2020","Rio Ave","BSAD","1.48","4.44","7.60","1.05","11.50","1.27","3.94","1.97","1.93","3.26","1.36","6.05","1.14","1.98","1.82"
"59325","29-02-20 21:30","Portugal","Liga Portugal","2019/2020","Boavista","Gil Vicente","2.85","3.11","2.80","1.12","6.80","1.51","2.63","2.73","1.48","5.15","1.18","12.50","1.04","2.10","1.74"
"59324","01-03-20 16:00","Portugal","Liga Portugal","2019/2020","Aves","Pacos Ferreira","2.68","3.09","2.99","1.08","8.60","1.46","2.82","2.38","1.61","4.80","1.20","10.00","1.06","1.91","1.89"
"59323","01-03-20 18:30","Portugal","Liga Portugal","2019/2020","Maritimo","Braga","5.75","4.14","1.62","1.05","11.50","1.29","3.76","1.93","1.97","3.20","1.37","6.70","1.12","1.77","2.04"
"59322","01-03-20 21:00","Portugal","Liga Portugal","2019/2020","Vitoria Guimaraes","Tondela","1.27","5.80","13.00","1.05","11.50","1.33","3.46","1.95","1.95","3.58","1.31","6.70","1.12","2.16","1.70"
"59321","02-03-20 20:30","Portugal","Liga Portugal","2019/2020","Santa Clara","FC Porto","7.60","4.10","1.52","1.06","9.50","1.33","3.46","2.10","1.82","3.84","1.28","8.00","1.09","2.02","1.79"
"59320","02-03-20 21:45","Portugal","Liga Portugal","2019/2020","Benfica","Moreirense","1.20","7.70","14.00","1.02","15.00","1.16","5.50","1.48","2.75","2.24","1.73","3.66","1.30","1.98","1.83"
"59319","03-03-20 21:00","Portugal","Liga Portugal","2019/2020","Famalicao","Sporting CP","3.28","3.68","2.20","1.03","13.00","1.26","4.00","1.82","2.10","3.06","1.40","5.40","1.17","1.65","2.24"
"59318","06-03-20 21:30","Portugal","Liga Portugal","2019/2020","Braga","Portimonense","1.35","5.20","10.00","1.02","16.00","1.21","4.66","1.62","2.37","2.47","1.57","4.80","1.20","1.85","1.95"
"59317","07-03-20 16:30","Portugal","Liga Portugal","2019/2020","Tondela","Boavista","2.53","3.10","3.20","1.14","6.00","1.70","2.20","3.06","1.40","6.50","1.13","14.00","1.03","2.31","1.61"
"59316","07-03-20 19:00","Portugal","Liga Portugal","2019/2020","Vitoria Setubal","Benfica","10.00","4.92","1.37","1.03","13.00","1.23","4.32","1.77","2.10","2.86","1.45","5.40","1.17","1.98","1.83"
"59315","07-03-20 21:30","Portugal","Liga Portugal","2019/2020","FC Porto","Rio Ave","1.48","4.62","7.10","1.05","11.00","1.29","3.74","1.99","1.91","3.24","1.37","6.50","1.13","2.04","1.78"
"59313","08-03-20 16:00","Portugal","Liga Portugal","2019/2020","BSAD","Famalicao","3.01","3.42","2.46","1.05","11.00","1.29","3.74","2.08","1.83","3.24","1.37","6.50","1.13","1.70","2.15"
"59314","08-03-20 16:00","Portugal","Liga Portugal","2019/2020","Moreirense","Maritimo","2.06","3.30","4.12","1.09","8.40","1.43","2.89","2.33","1.68","4.24","1.24","9.30","1.07","1.94","1.87"
"59312","08-03-20 18:00","Portugal","Liga Portugal","2019/2020","Gil Vicente","Santa Clara","2.27","3.10","3.72","1.11","7.00","1.51","2.63","2.66","1.50","5.40","1.17","11.00","1.05","2.10","1.74"
"59311","08-03-20 18:30","Portugal","Liga Portugal","2019/2020","Sporting CP","Aves","1.27","6.00","12.50","1.03","13.00","1.23","4.32","1.70","2.20","2.86","1.45","5.10","1.18","2.24","1.65"
"59310","08-03-20 21:00","Portugal","Liga Portugal","2019/2020","Pacos Ferreira","Vitoria Guimaraes","4.84","3.56","1.84","1.08","8.60","1.42","2.96","2.38","1.65","4.50","1.22","9.30","1.07","2.02","1.79"
"59309","03-06-20 20:00","Portugal","Liga Portugal","2019/2020","Portimonense","Gil Vicente","2.38","3.20","3.36","1.10","7.53","1.46","2.82","2.38","1.61","4.80","1.20","10.20","1.06","1.96","1.84"
"59308","03-06-20 22:15","Portugal","Liga Portugal","2019/2020","Famalicao","FC Porto","7.22","4.64","1.48","1.02","16.00","1.20","4.79","1.63","2.34","2.50","1.56","4.80","1.20","1.73","2.10"
"59307","04-06-20 19:00","Portugal","Liga Portugal","2019/2020","Maritimo","Vitoria Setubal","2.02","3.11","4.66","1.11","6.91","1.50","2.66","2.50","1.56","5.15","1.18","11.20","1.05","2.10","1.73"
"59306","04-06-20 20:15","Portugal","Liga Portugal","2019/2020","Benfica","Tondela","1.16","8.64","19.60","1.02","18.10","1.17","5.32","1.46","2.79","2.30","1.69","3.84","1.28","2.12","1.72"
"59305","04-06-20 22:15","Portugal","Liga Portugal","2019/2020","Vitoria Guimaraes","Sporting CP","2.64","3.52","2.71","1.05","11.70","1.30","3.72","1.95","1.95","3.45","1.33","6.72","1.12","1.69","2.17"
"59304","05-06-20 20:00","Portugal","Liga Portugal","2019/2020","Santa Clara","Braga","7.69","4.47","1.48","1.07","9.57","1.30","3.62","1.99","1.91","3.45","1.33","7.10","1.11","1.97","1.83"
"59303","05-06-20 22:15","Portugal","Liga Portugal","2019/2020","Aves","BSAD","2.96","3.29","2.57","1.10","7.45","1.50","2.66","2.50","1.56","5.15","1.18","10.20","1.06","1.97","1.83"
"59302","06-06-20 22:15","Portugal","Liga Portugal","2019/2020","Boavista","Moreirense","2.78","2.99","2.96","1.12","6.84","1.51","2.63","2.73","1.48","5.57","1.16","12.50","1.04","2.04","1.78"
"59301","07-06-20 22:00","Portugal","Liga Portugal","2019/2020","Rio Ave","Pacos Ferreira","1.67","3.88","5.70","1.09","8.00","1.41","3.00","2.35","1.67","4.48","1.22","9.26","1.07","2.15","1.70"
"59300","09-06-20 22:00","Portugal","Liga Portugal","2019/2020","Gil Vicente","Famalicao","3.29","3.30","2.36","1.06","9.68","1.37","3.23","2.17","1.77","4.14","1.25","8.64","1.08","1.77","2.04"
"59299","10-06-20 18:00","Portugal","Liga Portugal","2019/2020","Vitoria Setubal","Santa Clara","3.10","3.10","2.59","1.10","7.45","1.50","2.66","2.50","1.56","5.15","1.18","11.20","1.05","2.00","1.81"
"59298","10-06-20 20:15","Portugal","Liga Portugal","2019/2020","Portimonense","Benfica","9.03","5.31","1.37","1.04","13.00","1.23","4.33","1.77","2.10","2.86","1.45","5.41","1.17","2.04","1.78"
"59297","10-06-20 22:30","Portugal","Liga Portugal","2019/2020","FC Porto","Maritimo","1.20","7.25","16.70","1.02","18.10","1.21","4.61","1.61","2.39","2.50","1.56","4.50","1.22","2.02","1.79"
"59296","11-06-20 20:00","Portugal","Liga Portugal","2019/2020","BSAD","Vitoria Guimaraes","4.92","3.73","1.79","1.05","11.70","1.26","3.99","1.95","1.95","3.21","1.37","6.72","1.12","1.73","2.10"
"59295","11-06-20 22:15","Portugal","Liga Portugal","2019/2020","Tondela","Aves","1.83","3.66","4.71","1.09","8.42","1.44","2.89","2.33","1.68","4.50","1.22","9.34","1.07","2.00","1.81"
"59294","12-06-20 20:00","Portugal","Liga Portugal","2019/2020","Moreirense","Rio Ave","3.50","3.40","2.22","1.06","10.00","1.32","3.50","2.08","1.83","3.43","1.34","7.06","1.11","1.78","2.04"
"59293","12-06-20 22:15","Portugal","Liga Portugal","2019/2020","Sporting CP","Pacos Ferreira","1.53","4.47","6.58","1.03","13.80","1.24","4.26","1.75","2.13","2.88","1.44","5.57","1.16","1.73","2.10"
"59292","13-06-20 22:00","Portugal","Liga Portugal","2019/2020","Braga","Boavista","1.45","4.94","7.28","1.05","11.60","1.30","3.68","1.97","1.93","3.45","1.33","6.72","1.12","1.96","1.84"
"59291","15-06-20 20:00","Portugal","Liga Portugal","2019/2020","Maritimo","Gil Vicente","2.38","3.01","3.59","1.10","7.45","1.46","2.79","2.50","1.56","5.15","1.18","10.20","1.06","1.97","1.83"
"59290","16-06-20 20:00","Portugal","Liga Portugal","2019/2020","Santa Clara","Portimonense","2.38","3.20","3.36","1.10","7.45","1.46","2.79","2.42","1.59","4.80","1.20","10.20","1.06","1.91","1.89"
"59289","16-06-20 22:15","Portugal","Liga Portugal","2019/2020","Aves","FC Porto","16.90","7.88","1.18","1.03","13.80","1.15","5.85","1.50","2.66","2.32","1.64","3.84","1.28","2.37","1.59"
"59288","17-06-20 20:00","Portugal","Liga Portugal","2019/2020","Pacos Ferreira","BSAD","2.21","3.34","3.59","1.10","7.45","1.50","2.66","2.50","1.56","5.15","1.18","10.20","1.06","2.02","1.79"
"59287","17-06-20 22:15","Portugal","Liga Portugal","2019/2020","Rio Ave","Benfica","5.49","3.72","1.72","1.05","11.70","1.26","3.99","1.88","2.03","3.06","1.40","6.08","1.14","1.71","2.14"
"59286","18-06-20 20:00","Portugal","Liga Portugal","2019/2020","Boavista","Vitoria Setubal","2.27","3.00","3.88","1.16","5.50","1.70","2.20","3.06","1.40","6.54","1.13","14.10","1.03","2.31","1.61"
"59285","18-06-20 22:15","Portugal","Liga Portugal","2019/2020","Sporting CP","Tondela","1.55","4.23","6.71","1.06","10.00","1.36","3.25","2.24","1.73","3.79","1.29","7.54","1.10","2.10","1.74"
"59284","19-06-20 20:00","Portugal","Liga Portugal","2019/2020","Vitoria Guimaraes","Moreirense","1.56","4.15","6.75","1.05","11.70","1.26","3.99","1.95","1.95","3.21","1.37","6.08","1.14","1.87","1.94"
"59283","19-06-20 22:15","Portugal","Liga Portugal","2019/2020","Famalicao","Braga","4.18","3.65","1.93","1.03","13.80","1.21","4.61","1.69","2.23","2.70","1.49","5.15","1.18","1.58","2.38"
"59282","21-06-20 22:00","Portugal","Liga Portugal","2019/2020","Gil Vicente","Aves","1.72","3.51","6.04","1.08","8.60","1.37","3.23","2.29","1.70","4.14","1.25","8.64","1.08","1.96","1.84"
"59281","22-06-20 22:00","Portugal","Liga Portugal","2019/2020","Portimonense","Maritimo","2.32","3.19","3.50","1.11","7.00","1.51","2.63","2.66","1.50","5.11","1.18","11.20","1.05","2.10","1.74"
"59280","23-06-20 20:00","Portugal","Liga Portugal","2019/2020","Vitoria Setubal","Rio Ave","4.62","3.41","1.92","1.08","8.60","1.42","2.96","2.29","1.70","4.14","1.25","8.64","1.08","1.91","1.89"
"59279","23-06-20 20:15","Portugal","Liga Portugal","2019/2020","Benfica","Santa Clara","1.29","5.95","9.60","1.02","15.00","1.22","4.40","1.73","2.23","2.76","1.46","5.20","1.17","2.20","1.64"
"59278","23-06-20 22:15","Portugal","Liga Portugal","2019/2020","FC Porto","Boavista","1.31","5.64","10.70","1.05","11.70","1.30","3.72","1.88","2.03","3.21","1.37","6.08","1.14","2.16","1.70"
"59277","24-06-20 20:00","Portugal","Liga Portugal","2019/2020","Tondela","Pacos Ferreira","3.30","2.71","2.79","1.14","5.91","1.62","2.37","3.01","1.41","6.08","1.14","14.10","1.03","2.10","1.73"
"59276","24-06-20 22:15","Portugal","Liga Portugal","2019/2020","Moreirense","Famalicao","3.51","3.51","2.17","1.06","10.00","1.36","3.25","2.24","1.73","4.14","1.25","8.45","1.09","1.83","1.98"
"59275","25-06-20 22:00","Portugal","Liga Portugal","2019/2020","Braga","Vitoria Guimaraes","2.06","3.61","3.71","1.05","11.70","1.26","3.99","1.95","1.95","3.21","1.37","6.08","1.14","1.69","2.17"
"59274","26-06-20 20:15","Portugal","Liga Portugal","2019/2020","BSAD","Sporting CP","6.00","3.89","1.65","1.06","9.68","1.37","3.23","2.17","1.77","4.14","1.25","8.64","1.08","2.00","1.81"
"59273","28-06-20 22:00","Portugal","Liga Portugal","2019/2020","Boavista","Santa Clara","2.90","2.98","2.85","1.11","6.99","1.49","2.69","2.66","1.50","4.97","1.19","11.20","1.05","2.00","1.81"
"59272","29-06-20 18:00","Portugal","Liga Portugal","2019/2020","Aves","Moreirense","4.41","3.52","1.92","1.08","8.60","1.42","2.96","2.38","1.65","4.50","1.22","9.34","1.07","1.96","1.84"
"59271","29-06-20 19:00","Portugal","Liga Portugal","2019/2020","Maritimo","Benfica","8.24","4.64","1.44","1.04","13.00","1.26","4.00","1.82","2.10","2.86","1.45","5.41","1.17","1.90","1.90"
"59270","29-06-20 22:15","Portugal","Liga Portugal","2019/2020","Pacos Ferreira","FC Porto","8.00","4.80","1.40","1.04","12.00","1.27","3.84","1.85","2.05","3.00","1.40","5.75","1.14","2.20","1.64"
"59269","30-06-20 18:00","Portugal","Liga Portugal","2019/2020","Famalicao","Portimonense","2.17","3.41","3.62","1.06","10.60","1.33","3.46","2.10","1.82","3.59","1.31","8.05","1.09","1.71","2.13"
"59268","30-06-20 20:15","Portugal","Liga Portugal","2019/2020","Vitoria Guimaraes","Vitoria Setubal","1.45","4.52","8.35","1.05","11.00","1.29","3.74","1.99","1.91","3.24","1.37","6.54","1.13","1.98","1.83"
"59267","30-06-20 22:30","Portugal","Liga Portugal","2019/2020","Rio Ave","Braga","2.97","3.32","2.44","1.03","8.70","1.27","3.62","1.89","2.01","2.94","1.38","5.30","1.11","1.76","2.01"
"59266","01-07-20 20:00","Portugal","Liga Portugal","2019/2020","BSAD","Tondela","2.58","2.89","3.36","1.14","6.00","1.56","2.50","2.86","1.45","6.00","1.14","12.50","1.04","2.15","1.70"
"59265","01-07-20 22:15","Portugal","Liga Portugal","2019/2020","Sporting CP","Gil Vicente","1.66","3.73","6.22","1.06","10.00","1.34","3.40","2.13","1.80","3.79","1.29","7.54","1.10","1.98","1.83"
"59264","03-07-20 20:15","Portugal","Liga Portugal","2019/2020","Santa Clara","Maritimo","2.46","3.21","3.21","1.08","8.60","1.42","2.96","2.29","1.70","4.14","1.25","9.34","1.07","1.85","1.95"
"59263","04-07-20 18:00","Portugal","Liga Portugal","2019/2020","Vitoria Setubal","Pacos Ferreira","3.96","3.02","2.24","1.13","6.50","1.56","2.50","2.86","1.45","6.00","1.14","12.50","1.04","2.15","1.70"
"59262","04-07-20 20:15","Portugal","Liga Portugal","2019/2020","Portimonense","Vitoria Guimaraes","3.10","3.31","2.46","1.06","10.70","1.30","3.66","2.08","1.84","3.52","1.32","7.10","1.11","1.71","2.13"
"59261","04-07-20 22:15","Portugal","Liga Portugal","2019/2020","Benfica","Boavista","1.24","6.35","14.30","1.04","13.00","1.22","4.50","1.70","2.20","2.66","1.50","5.11","1.18","2.24","1.65"
"59260","04-07-20 22:30","Portugal","Liga Portugal","2019/2020","Braga","Aves","1.18","8.47","14.70","1.01","18.00","1.15","5.79","1.47","2.76","2.33","1.68","3.59","1.31","2.14","1.71"
"59259","05-07-20 18:00","Portugal","Liga Portugal","2019/2020","Gil Vicente","Rio Ave","4.34","3.61","1.91","1.06","10.00","1.32","3.50","2.08","1.83","3.43","1.34","7.06","1.11","1.83","1.98"
"59258","05-07-20 20:15","Portugal","Liga Portugal","2019/2020","Tondela","Famalicao","3.61","3.20","2.27","1.08","8.51","1.38","3.19","2.30","1.69","4.25","1.24","8.64","1.08","1.79","2.02"
"59257","05-07-20 22:30","Portugal","Liga Portugal","2019/2020","FC Porto","BSAD","1.14","9.10","24.00","1.03","15.00","1.19","5.00","1.56","2.50","2.47","1.57","4.14","1.25","2.68","1.47"
"59256","06-07-20 22:00","Portugal","Liga Portugal","2019/2020","Moreirense","Sporting CP","5.69","3.72","1.71","1.06","10.60","1.30","3.72","1.95","1.95","3.21","1.37","6.72","1.12","1.73","2.10"
"59255","08-07-20 20:00","Portugal","Liga Portugal","2019/2020","Boavista","Maritimo","2.69","3.10","2.97","1.11","7.00","1.51","2.63","2.66","1.50","5.11","1.18","11.20","1.05","2.04","1.78"
"59254","08-07-20 22:15","Portugal","Liga Portugal","2019/2020","Aves","Vitoria Setubal","5.40","3.62","1.71","1.05","7.60","1.39","2.90","2.26","1.71","3.88","1.24","7.50","1.05","2.19","1.65"
"59253","09-07-20 18:00","Portugal","Liga Portugal","2019/2020","Rio Ave","Portimonense","1.86","3.72","4.47","1.07","9.57","1.33","3.46","2.10","1.82","3.59","1.31","8.05","1.09","1.85","1.95"
"59252","09-07-20 20:15","Portugal","Liga Portugal","2019/2020","Tondela","FC Porto","11.40","4.92","1.35","1.05","11.80","1.26","4.03","1.78","2.15","3.01","1.41","5.57","1.16","2.00","1.81"
"59251","09-07-20 22:30","Portugal","Liga Portugal","2019/2020","Famalicao","Benfica","7.14","4.52","1.49","1.02","16.00","1.21","4.61","1.63","2.34","2.70","1.49","4.80","1.20","1.69","2.17"
"59250","10-07-20 18:00","Portugal","Liga Portugal","2019/2020","Vitoria Guimaraes","Gil Vicente","1.48","4.25","8.27","1.05","11.80","1.26","4.03","1.86","2.05","3.01","1.41","6.08","1.14","1.85","1.95"
"59249","10-07-20 20:15","Portugal","Liga Portugal","2019/2020","Sporting CP","Santa Clara","1.56","4.14","6.68","1.06","9.68","1.37","3.23","2.17","1.77","3.84","1.28","8.05","1.09","2.10","1.73"
"59248","10-07-20 22:30","Portugal","Liga Portugal","2019/2020","Pacos Ferreira","Braga","4.32","3.71","1.89","1.05","11.00","1.29","3.74","1.99","1.91","3.24","1.37","6.54","1.13","1.74","2.10"
"59247","11-07-20 20:15","Portugal","Liga Portugal","2019/2020","BSAD","Moreirense","2.22","3.20","3.72","1.08","8.60","1.37","3.23","2.29","1.70","4.14","1.25","8.64","1.08","1.85","1.95"
"59246","13-07-20 20:00","Portugal","Liga Portugal","2019/2020","Maritimo","Rio Ave","4.12","3.30","2.06","1.08","8.60","1.37","3.23","2.29","1.70","4.14","1.25","8.64","1.08","1.85","1.95"
"59245","13-07-20 22:15","Portugal","Liga Portugal","2019/2020","Vitoria Setubal","Famalicao","4.09","3.44","2.02","1.07","9.57","1.30","3.62","2.10","1.82","3.59","1.31","7.10","1.11","1.73","2.10"
"59244","14-07-20 18:00","Portugal","Liga Portugal","2019/2020","Santa Clara","Aves","1.60","4.12","6.18","1.08","9.00","1.41","3.00","2.35","1.67","4.14","1.25","8.45","1.09","2.24","1.65"
"59243","14-07-20 20:15","Portugal","Liga Portugal","2019/2020","Portimonense","Boavista","1.61","4.04","6.22","1.10","7.53","1.46","2.82","2.38","1.61","4.97","1.19","10.20","1.06","2.37","1.59"
"59241","14-07-20 22:30","Portugal","Liga Portugal","2019/2020","Benfica","Vitoria Guimaraes","1.60","4.15","6.07","1.02","16.10","1.20","4.84","1.62","2.37","2.47","1.57","4.80","1.20","1.61","2.31"
"59242","14-07-20 22:30","Portugal","Liga Portugal","2019/2020","Gil Vicente","Tondela","2.59","3.10","3.10","1.10","7.53","1.46","2.82","2.47","1.57","4.97","1.19","10.20","1.06","1.96","1.84"
"59240","15-07-20 18:00","Portugal","Liga Portugal","2019/2020","Moreirense","Pacos Ferreira","3.37","3.20","2.37","1.08","8.60","1.42","2.96","2.38","1.65","4.50","1.22","9.34","1.07","1.85","1.95"
"59239","15-07-20 20:15","Portugal","Liga Portugal","2019/2020","Braga","BSAD","1.27","6.49","10.80","1.02","16.00","1.14","5.91","1.46","2.82","2.29","1.70","3.52","1.32","1.73","2.10"
"59238","15-07-20 22:30","Portugal","Liga Portugal","2019/2020","FC Porto","Sporting CP","1.75","3.62","5.50","1.06","10.60","1.26","3.99","1.95","1.95","3.21","1.37","6.08","1.14","1.73","2.10"
"59237","18-07-20 20:00","Portugal","Liga Portugal","2019/2020","Rio Ave","Santa Clara","1.51","4.36","7.27","1.05","11.00","1.29","3.75","1.99","1.91","3.24","1.37","6.54","1.13","1.98","1.83"
"59236","18-07-20 22:15","Portugal","Liga Portugal","2019/2020","Famalicao","Boavista","1.52","4.12","7.59","1.08","8.60","1.37","3.23","2.17","1.77","3.84","1.28","8.05","1.09","2.10","1.73"
"59235","19-07-20 20:00","Portugal","Liga Portugal","2019/2020","BSAD","Gil Vicente","2.46","3.21","3.21","1.09","8.00","1.41","3.00","2.37","1.62","4.48","1.22","9.26","1.07","1.98","1.83"
"59234","19-07-20 22:15","Portugal","Liga Portugal","2019/2020","Vitoria Guimaraes","Maritimo","1.67","4.15","5.19","1.05","11.80","1.26","4.03","1.86","2.05","3.01","1.41","6.08","1.14","1.71","2.13"
"59233","20-07-20 18:00","Portugal","Liga Portugal","2019/2020","Pacos Ferreira","Portimonense","2.89","3.00","2.84","1.09","8.00","1.48","2.75","2.47","1.57","4.80","1.20","9.99","1.06","1.98","1.83"
"59232","20-07-20 20:15","Portugal","Liga Portugal","2019/2020","Tondela","Braga","6.62","4.15","1.57","1.02","16.00","1.17","5.32","1.61","2.39","2.42","1.59","4.50","1.22","1.57","2.41"
"59231","20-07-20 22:15","Portugal","Liga Portugal","2019/2020","FC Porto","Moreirense","1.38","5.52","7.83","1.02","16.00","1.21","4.61","1.63","2.34","2.70","1.49","4.80","1.20","1.71","2.13"
"59230","21-07-20 20:00","Portugal","Liga Portugal","2019/2020","Sporting CP","Vitoria Setubal","1.61","3.89","6.61","1.05","11.70","1.26","3.99","1.95","1.95","3.21","1.37","6.08","1.14","1.79","2.02"
"59229","21-07-20 22:15","Portugal","Liga Portugal","2019/2020","Aves","Benfica","21.00","10.90","1.12","1.02","15.00","1.10","7.53","1.37","3.23","1.93","1.97","3.01","1.41","2.23","1.65"
"59228","24-07-20 20:00","Portugal","Liga Portugal","2019/2020","Santa Clara","Vitoria Guimaraes","3.41","3.62","2.17","1.03","14.00","1.24","4.30","1.74","2.15","2.84","1.45","5.57","1.16","1.58","2.38"
"59227","24-07-20 22:15","Portugal","Liga Portugal","2019/2020","Gil Vicente","Pacos Ferreira","2.53","3.35","2.97","1.06","10.70","1.30","3.66","2.08","1.84","3.52","1.32","7.10","1.11","1.71","2.13"
"59225","25-07-20 20:00","Portugal","Liga Portugal","2019/2020","Boavista","Rio Ave","5.78","4.34","1.59","1.03","14.00","1.24","4.30","1.74","2.15","2.84","1.45","5.57","1.16","1.71","2.13"
"59226","25-07-20 20:00","Portugal","Liga Portugal","2019/2020","Maritimo","Famalicao","3.60","3.60","2.11","1.05","11.70","1.26","3.99","1.95","1.95","3.21","1.37","6.72","1.12","1.65","2.25"
"59223","25-07-20 22:15","Portugal","Liga Portugal","2019/2020","Benfica","Sporting CP","1.75","4.11","4.63","1.03","14.00","1.24","4.30","1.74","2.15","2.84","1.45","5.57","1.16","1.65","2.25"
"59224","25-07-20 22:15","Portugal","Liga Portugal","2019/2020","Braga","FC Porto","2.59","3.88","2.59","1.02","18.30","1.17","5.38","1.59","2.42","2.38","1.61","4.50","1.22","1.46","2.72"
"59220","26-07-20 20:30","Portugal","Liga Portugal","2019/2020","Moreirense","Tondela","3.42","2.70","2.72","1.13","6.45","1.46","2.82","2.66","1.50","4.97","1.19","10.20","1.06","1.92","1.88"
"59221","26-07-20 20:30","Portugal","Liga Portugal","2019/2020","Portimonense","Aves","1.19","7.25","19.80","1.02","16.00","1.20","4.79","1.55","2.53","2.42","1.59","4.25","1.24","2.18","1.68"
"59222","26-07-20 20:30","Portugal","Liga Portugal","2019/2020","Vitoria Setubal","BSAD","1.73","3.73","5.44","1.05","11.70","1.26","3.99","1.88","2.03","3.06","1.40","6.08","1.14","1.73","2.10"
"59218","18-09-20 20:00","Portugal","Liga Portugal","2020/2021","Famalicao","Benfica","8.69","5.43","1.37","1.03","15.00","1.23","4.33","1.70","2.20","2.86","1.45","5.11","1.18","1.95","1.83"
"59217","18-09-20 22:15","Portugal","Liga Portugal","2020/2021","Vitoria Guimaraes","BSAD","1.50","4.47","7.22","1.05","11.80","1.30","3.66","1.93","1.97","3.38","1.34","7.10","1.11","1.97","1.83"
"59216","19-09-20 17:00","Portugal","Liga Portugal","2020/2021","Nacional","Boavista","2.63","3.20","2.96","1.11","7.00","1.56","2.50","2.66","1.50","5.41","1.17","12.50","1.04","2.14","1.70"
"59215","19-09-20 22:00","Portugal","Liga Portugal","2020/2021","FC Porto","Braga","1.64","4.16","5.53","1.03","14.00","1.24","4.30","1.74","2.15","2.84","1.45","5.57","1.16","1.68","2.19"
"59214","20-09-20 17:00","Portugal","Liga Portugal","2020/2021","Santa Clara","Maritimo","2.46","3.10","3.31","1.13","6.45","1.59","2.42","2.84","1.45","6.08","1.14","14.10","1.03","2.10","1.73"
"59213","20-09-20 19:30","Portugal","Liga Portugal","2020/2021","Moreirense","SC Farense","2.11","3.13","4.21","1.10","7.53","1.42","2.96","2.38","1.65","4.50","1.22","9.34","1.07","1.91","1.89"
"59212","20-09-20 22:00","Portugal","Liga Portugal","2020/2021","Tondela","Rio Ave","4.23","3.42","1.99","1.10","7.53","1.46","2.82","2.38","1.61","4.80","1.20","10.20","1.06","2.00","1.81"
"59211","21-09-20 20:45","Portugal","Liga Portugal","2020/2021","Portimonense","Pacos Ferreira","2.36","3.29","3.29","1.10","7.53","1.46","2.82","2.47","1.57","4.97","1.19","10.20","1.06","1.96","1.84"
"59210","25-09-20 21:30","Portugal","Liga Portugal","2020/2021","Braga","Santa Clara","1.47","4.49","7.80","1.03","14.00","1.24","4.30","1.74","2.15","2.84","1.45","5.57","1.16","1.85","1.95"
"59209","26-09-20 16:30","Portugal","Liga Portugal","2020/2021","Maritimo","Tondela","2.10","3.15","4.20","1.11","7.00","1.51","2.63","2.57","1.54","5.11","1.18","11.20","1.05","2.10","1.74"
"59208","26-09-20 19:30","Portugal","Liga Portugal","2020/2021","Benfica","Moreirense","1.16","8.20","16.00","1.02","15.00","1.13","6.25","1.43","2.88","2.07","1.81","3.36","1.33","2.25","1.61"
"59207","26-09-20 22:00","Portugal","Liga Portugal","2020/2021","Boavista","FC Porto","10.70","5.38","1.33","1.05","11.80","1.26","4.03","1.78","2.15","3.01","1.41","5.57","1.16","2.10","1.73"
"59206","27-09-20 16:30","Portugal","Liga Portugal","2020/2021","SC Farense","Nacional","2.37","3.39","3.19","1.09","8.00","1.41","3.00","2.37","1.62","4.48","1.22","9.26","1.07","1.95","1.83"
"59205","27-09-20 17:00","Portugal","Liga Portugal","2020/2021","Gil Vicente","Portimonense","3.10","3.10","2.59","1.11","7.00","1.51","2.63","2.57","1.54","5.11","1.18","11.20","1.05","2.03","1.78"
"59204","27-09-20 19:30","Portugal","Liga Portugal","2020/2021","Pacos Ferreira","Sporting CP","3.97","3.28","2.11","1.08","8.60","1.42","2.96","2.38","1.65","4.50","1.22","9.34","1.07","1.85","1.95"
"59203","27-09-20 22:00","Portugal","Liga Portugal","2020/2021","Rio Ave","Vitoria Guimaraes","3.09","3.35","2.45","1.06","9.68","1.37","3.23","2.17","1.77","3.84","1.28","8.64","1.08","1.77","2.04"
"59202","28-09-20 20:45","Portugal","Liga Portugal","2020/2021","BSAD","Famalicao","2.53","3.31","3.00","1.08","9.00","1.41","3.00","2.35","1.67","4.48","1.22","9.26","1.07","1.90","1.90"
"59201","02-10-20 20:00","Portugal","Liga Portugal","2020/2021","Moreirense","Boavista","2.68","3.09","2.99","1.09","8.00","1.41","3.00","2.35","1.67","4.14","1.25","9.26","1.07","1.83","1.98"
"59200","02-10-20 22:15","Portugal","Liga Portugal","2020/2021","Vitoria Guimaraes","Pacos Ferreira","1.72","3.72","5.49","1.08","8.60","1.42","2.96","2.38","1.65","4.50","1.22","9.34","1.07","2.10","1.73"
"59199","03-10-20 17:00","Portugal","Liga Portugal","2020/2021","Santa Clara","Gil Vicente","2.27","3.10","3.72","1.13","6.50","1.56","2.50","2.66","1.50","5.41","1.17","11.20","1.05","2.10","1.74"
"59198","03-10-20 19:30","Portugal","Liga Portugal","2020/2021","FC Porto","Maritimo","1.16","8.64","19.60","1.02","16.10","1.24","4.30","1.59","2.42","2.47","1.57","4.50","1.22","2.37","1.59"
"59197","03-10-20 22:00","Portugal","Liga Portugal","2020/2021","Tondela","Braga","6.24","4.37","1.56","1.03","14.00","1.26","4.03","1.78","2.15","3.01","1.41","5.57","1.16","1.83","1.97"
"59196","04-10-20 16:30","Portugal","Liga Portugal","2020/2021","Nacional","BSAD","2.22","3.40","3.50","1.08","9.00","1.36","3.25","2.35","1.67","4.14","1.25","8.45","1.09","1.90","1.90"
"59194","04-10-20 19:30","Portugal","Liga Portugal","2020/2021","Benfica","SC Farense","1.12","10.90","21.00","1.02","15.00","1.10","7.53","1.30","3.66","1.93","1.97","2.84","1.45","1.91","1.89"
"59195","04-10-20 19:30","Portugal","Liga Portugal","2020/2021","Famalicao","Rio Ave","3.37","3.47","2.24","1.06","9.68","1.37","3.23","2.17","1.77","3.84","1.28","8.05","1.09","1.77","2.04"
"59193","04-10-20 22:00","Portugal","Liga Portugal","2020/2021","Portimonense","Sporting CP","4.23","3.72","1.90","1.08","8.60","1.42","2.96","2.29","1.70","4.50","1.22","9.34","1.07","1.96","1.84"
"59191","17-10-20 16:30","Portugal","Liga Portugal","2020/2021","Gil Vicente","Tondela","2.21","3.26","3.68","1.11","7.00","1.56","2.50","2.86","1.45","6.00","1.14","12.50","1.04","2.19","1.65"
"59192","17-10-20 16:30","Portugal","Liga Portugal","2020/2021","Maritimo","Portimonense","2.68","3.20","2.89","1.08","9.00","1.41","3.00","2.35","1.67","4.48","1.22","9.26","1.07","1.90","1.90"
"59190","17-10-20 19:00","Portugal","Liga Portugal","2020/2021","Braga","Nacional","1.37","5.31","9.03","1.03","15.00","1.19","5.00","1.61","2.38","2.47","1.57","4.48","1.22","1.90","1.90"
"59189","17-10-20 21:30","Portugal","Liga Portugal","2020/2021","Sporting CP","FC Porto","3.81","3.51","2.07","1.06","10.70","1.33","3.49","2.08","1.84","3.84","1.28","8.05","1.09","1.76","2.07"
"59187","18-10-20 16:00","Portugal","Liga Portugal","2020/2021","BSAD","Moreirense","2.53","3.20","3.10","1.09","8.00","1.48","2.75","2.47","1.57","4.80","1.20","9.99","1.06","2.04","1.78"
"59188","18-10-20 16:00","Portugal","Liga Portugal","2020/2021","Pacos Ferreira","Santa Clara","2.22","3.30","3.61","1.11","7.00","1.56","2.50","2.86","1.45","6.00","1.14","12.50","1.04","2.22","1.65"
"59186","18-10-20 18:30","Portugal","Liga Portugal","2020/2021","SC Farense","Famalicao","2.28","3.43","3.32","1.09","8.00","1.41","3.00","2.35","1.67","4.48","1.22","9.26","1.07","1.95","1.83"
"59185","18-10-20 21:00","Portugal","Liga Portugal","2020/2021","Rio Ave","Benfica","9.66","5.11","1.37","1.03","15.00","1.22","4.50","1.68","2.25","2.57","1.54","4.80","1.20","1.83","1.98"
"59184","19-10-20 21:15","Portugal","Liga Portugal","2020/2021","Boavista","Vitoria Guimaraes","3.86","3.35","2.11","1.08","8.60","1.42","2.96","2.29","1.70","4.50","1.22","9.34","1.07","1.88","1.92"
"59183","23-10-20 21:30","Portugal","Liga Portugal","2020/2021","Tondela","Portimonense","3.95","3.38","2.08","1.08","8.60","1.42","2.96","2.38","1.65","4.50","1.22","9.34","1.07","1.91","1.89"
"59182","24-10-20 16:30","Portugal","Liga Portugal","2020/2021","Nacional","Pacos Ferreira","2.72","3.42","2.70","1.06","9.68","1.42","2.96","2.29","1.70","4.14","1.25","8.64","1.08","1.87","1.94"
"59181","24-10-20 19:00","Portugal","Liga Portugal","2020/2021","Santa Clara","Sporting CP","4.29","3.37","1.99","1.06","9.68","1.37","3.23","2.17","1.77","4.14","1.25","8.64","1.08","1.85","1.95"
"59180","24-10-20 21:30","Portugal","Liga Portugal","2020/2021","FC Porto","Gil Vicente","1.37","5.20","9.36","1.05","11.80","1.26","4.03","1.74","2.15","3.01","1.41","5.57","1.16","1.96","1.84"
"59178","25-10-20 16:00","Portugal","Liga Portugal","2020/2021","Moreirense","Maritimo","2.97","3.10","2.69","1.09","8.00","1.41","3.00","2.37","1.62","4.48","1.22","9.26","1.07","1.90","1.90"
"59179","25-10-20 16:00","Portugal","Liga Portugal","2020/2021","SC Farense","Rio Ave","2.99","3.51","2.43","1.06","9.68","1.37","3.23","2.17","1.77","3.84","1.28","8.64","1.08","1.76","2.07"
"59177","25-10-20 18:30","Portugal","Liga Portugal","2020/2021","Famalicao","Boavista","2.46","3.31","3.10","1.05","11.80","1.29","3.76","1.97","1.93","3.38","1.34","7.10","1.11","1.67","2.21"
"59176","25-10-20 21:00","Portugal","Liga Portugal","2020/2021","Vitoria Guimaraes","Braga","4.10","3.50","2.00","1.06","10.70","1.29","3.76","1.97","1.93","3.38","1.34","6.72","1.12","1.67","2.21"
"59175","26-10-20 21:15","Portugal","Liga Portugal","2020/2021","Benfica","BSAD","1.22","7.49","12.80","1.01","20.00","1.14","5.91","1.46","2.82","2.17","1.77","3.52","1.32","1.85","1.95"
"59174","28-10-20 22:45","Portugal","Liga Portugal","2020/2021","Sporting CP","Gil Vicente","1.57","4.15","6.56","1.06","10.70","1.29","3.76","1.93","1.97","3.21","1.37","6.72","1.12","1.91","1.89"
"59173","30-10-20 21:30","Portugal","Liga Portugal","2020/2021","Pacos Ferreira","FC Porto","7.59","4.46","1.48","1.05","11.80","1.29","3.76","1.93","1.97","3.21","1.37","6.72","1.12","1.91","1.89"
"59172","31-10-20 16:30","Portugal","Liga Portugal","2020/2021","BSAD","SC Farense","2.59","3.10","3.10","1.11","7.00","1.48","2.75","2.37","1.62","4.48","1.22","9.99","1.06","1.95","1.83"
"59171","31-10-20 19:00","Portugal","Liga Portugal","2020/2021","Rio Ave","Moreirense","1.75","3.51","5.68","1.08","9.00","1.34","3.40","2.24","1.73","3.79","1.29","7.54","1.10","1.98","1.83"
"59170","31-10-20 21:30","Portugal","Liga Portugal","2020/2021","Maritimo","Nacional","2.22","3.30","3.61","1.06","9.68","1.33","3.49","2.08","1.84","3.52","1.32","8.05","1.09","1.73","2.10"
"59169","01-11-20 16:00","Portugal","Liga Portugal","2020/2021","Portimonense","Santa Clara","2.15","3.48","3.59","1.08","8.51","1.38","3.19","2.20","1.75","4.25","1.24","8.64","1.08","1.87","1.94"
"59168","01-11-20 18:30","Portugal","Liga Portugal","2020/2021","Gil Vicente","Vitoria Guimaraes","3.50","3.19","2.32","1.10","7.53","1.46","2.82","2.38","1.61","4.80","1.20","10.20","1.06","1.91","1.89"
"59167","01-11-20 21:00","Portugal","Liga Portugal","2020/2021","Sporting CP","Tondela","1.33","5.77","9.45","1.03","14.00","1.26","4.03","1.67","2.26","2.84","1.45","4.97","1.19","2.00","1.81"
"59166","02-11-20 19:45","Portugal","Liga Portugal","2020/2021","Braga","Famalicao","1.45","4.94","7.28","1.02","18.30","1.17","5.38","1.54","2.55","2.38","1.61","4.14","1.25","1.68","2.19"
"59165","02-11-20 22:00","Portugal","Liga Portugal","2020/2021","Boavista","Benfica","13.20","6.60","1.24","1.02","16.10","1.14","5.91","1.46","2.82","2.29","1.70","3.84","1.28","1.91","1.89"
"59164","06-11-20 21:30","Portugal","Liga Portugal","2020/2021","BSAD","Rio Ave","3.61","3.30","2.22","1.10","7.53","1.46","2.82","2.38","1.61","4.80","1.20","10.20","1.06","1.96","1.84"
"59163","07-11-20 16:00","Portugal","Liga Portugal","2020/2021","Tondela","Santa Clara","4.11","3.08","2.16","1.10","7.53","1.46","2.82","2.38","1.61","4.80","1.20","10.20","1.06","1.88","1.92"
"59162","07-11-20 19:00","Portugal","Liga Portugal","2020/2021","Famalicao","Maritimo","2.05","3.49","3.90","1.06","10.00","1.34","3.40","2.13","1.80","3.67","1.30","7.54","1.10","1.83","1.98"
"59161","07-11-20 21:30","Portugal","Liga Portugal","2020/2021","Vitoria Guimaraes","Sporting CP","4.65","3.70","1.83","1.05","11.80","1.29","3.76","1.93","1.97","3.38","1.34","6.72","1.12","1.70","2.15"
"59159","08-11-20 16:00","Portugal","Liga Portugal","2020/2021","Nacional","Gil Vicente","2.59","3.10","3.10","1.11","7.00","1.51","2.63","2.57","1.54","5.11","1.18","11.20","1.05","2.04","1.78"
"59160","08-11-20 16:00","Portugal","Liga Portugal","2020/2021","SC Farense","Boavista","2.53","3.34","2.97","1.06","10.00","1.32","3.50","2.13","1.80","3.67","1.30","7.54","1.10","1.78","2.04"
"59158","08-11-20 18:30","Portugal","Liga Portugal","2020/2021","FC Porto","Portimonense","1.23","6.82","13.90","1.02","16.10","1.20","4.84","1.54","2.55","2.38","1.61","4.14","1.25","1.88","1.92"
"59157","08-11-20 21:00","Portugal","Liga Portugal","2020/2021","Benfica","Braga","1.54","4.36","6.62","1.02","18.30","1.14","5.91","1.46","2.82","2.17","1.77","3.84","1.28","1.49","2.63"
"59156","27-11-20 20:00","Portugal","Liga Portugal","2020/2021","Pacos Ferreira","Famalicao","2.17","3.31","3.72","1.08","8.60","1.37","3.23","2.29","1.70","4.14","1.25","8.64","1.08","1.85","1.95"
"59155","27-11-20 22:00","Portugal","Liga Portugal","2020/2021","Tondela","Vitoria Guimaraes","4.61","3.69","1.84","1.06","10.70","1.33","3.49","2.08","1.84","3.84","1.28","8.05","1.09","1.85","1.95"
"59154","28-11-20 19:00","Portugal","Liga Portugal","2020/2021","Santa Clara","FC Porto","8.20","4.16","1.50","1.05","11.80","1.24","4.30","1.74","2.15","2.84","1.45","5.57","1.16","1.77","2.04"
"59153","28-11-20 21:30","Portugal","Liga Portugal","2020/2021","Sporting CP","Moreirense","1.22","7.10","14.20","1.02","16.10","1.17","5.38","1.49","2.69","2.29","1.70","3.84","1.28","1.97","1.83"
"59151","29-11-20 16:00","Portugal","Liga Portugal","2020/2021","Gil Vicente","Rio Ave","3.00","3.31","2.53","1.08","8.60","1.42","2.96","2.38","1.65","4.50","1.22","9.34","1.07","1.85","1.95"
"59152","29-11-20 16:00","Portugal","Liga Portugal","2020/2021","Portimonense","Nacional","2.17","3.62","3.41","1.06","10.70","1.30","3.66","2.08","1.84","3.52","1.32","7.10","1.11","1.71","2.13"
"59150","29-11-20 18:30","Portugal","Liga Portugal","2020/2021","Boavista","BSAD","2.13","3.12","4.16","1.13","6.50","1.61","2.38","2.86","1.45","6.00","1.14","12.50","1.04","2.24","1.65"
"59149","29-11-20 21:00","Portugal","Liga Portugal","2020/2021","Braga","SC Farense","1.37","5.31","9.03","1.02","18.30","1.17","5.38","1.49","2.69","2.30","1.65","4.14","1.25","1.70","2.15"
"59148","30-11-20 20:00","Portugal","Liga Portugal","2020/2021","Maritimo","Benfica","11.80","7.00","1.24","1.01","20.00","1.16","5.50","1.51","2.63","2.26","1.67","4.14","1.25","1.98","1.83"
"59147","01-12-20 22:45","Portugal","Liga Portugal","2020/2021","Moreirense","Pacos Ferreira","3.93","3.41","2.07","1.09","8.00","1.41","3.00","2.35","1.67","4.48","1.22","9.26","1.07","1.98","1.83"
"59145","05-12-20 16:30","Portugal","Liga Portugal","2020/2021","Moreirense","Gil Vicente","3.10","3.10","2.59","1.10","7.53","1.46","2.82","2.38","1.61","4.80","1.20","10.20","1.06","1.91","1.89"
"59146","05-12-20 16:30","Portugal","Liga Portugal","2020/2021","Vitoria Guimaraes","Portimonense","1.96","3.60","4.11","1.08","8.60","1.42","2.96","2.38","1.65","4.50","1.22","9.34","1.07","1.97","1.83"
"59144","05-12-20 19:00","Portugal","Liga Portugal","2020/2021","Famalicao","Sporting CP","5.93","4.64","1.55","1.03","14.00","1.24","4.30","1.74","2.15","2.84","1.45","5.57","1.16","1.77","2.04"
"59143","05-12-20 21:30","Portugal","Liga Portugal","2020/2021","FC Porto","Tondela","1.18","7.88","16.90","1.03","15.00","1.19","5.00","1.61","2.38","2.47","1.57","4.48","1.22","2.31","1.61"
"59142","06-12-20 16:00","Portugal","Liga Portugal","2020/2021","Nacional","Santa Clara","2.72","3.21","2.85","1.08","8.60","1.37","3.23","2.29","1.70","4.14","1.25","8.64","1.08","1.77","2.04"
"59141","06-12-20 18:30","Portugal","Liga Portugal","2020/2021","Rio Ave","Boavista","2.27","3.20","3.61","1.08","8.60","1.42","2.96","2.38","1.65","4.50","1.22","9.34","1.07","1.85","1.95"
"59139","06-12-20 21:00","Portugal","Liga Portugal","2020/2021","Benfica","Pacos Ferreira","1.33","5.56","10.10","1.02","16.10","1.20","4.84","1.59","2.42","2.47","1.57","4.50","1.22","1.85","1.95"
"59140","06-12-20 21:00","Portugal","Liga Portugal","2020/2021","BSAD","Braga","6.75","4.15","1.56","1.05","11.80","1.29","3.76","1.93","1.97","3.21","1.37","6.72","1.12","1.91","1.89"
"59138","07-12-20 21:15","Portugal","Liga Portugal","2020/2021","SC Farense","Maritimo","2.22","3.40","3.50","1.06","10.70","1.30","3.66","2.08","1.84","3.52","1.32","8.05","1.09","1.71","2.13"
"59137","18-12-20 21:30","Portugal","Liga Portugal","2020/2021","Portimonense","Famalicao","2.46","3.21","3.21","1.08","8.60","1.42","2.96","2.38","1.65","4.50","1.22","9.34","1.07","1.85","1.95"
"59136","19-12-20 16:00","Portugal","Liga Portugal","2020/2021","Maritimo","BSAD","2.53","3.00","3.31","1.14","6.00","1.68","2.25","3.06","1.40","6.54","1.13","14.10","1.03","2.24","1.65"
"59135","19-12-20 19:00","Portugal","Liga Portugal","2020/2021","Tondela","Moreirense","2.57","3.29","2.96","1.08","8.60","1.37","3.23","2.17","1.77","3.84","1.28","8.05","1.09","1.70","2.15"
"59134","19-12-20 21:30","Portugal","Liga Portugal","2020/2021","Sporting CP","SC Farense","1.26","6.22","12.70","1.02","18.30","1.21","4.66","1.59","2.42","2.47","1.57","4.50","1.22","1.94","1.86"
"59133","20-12-20 16:00","Portugal","Liga Portugal","2020/2021","Pacos Ferreira","Boavista","2.22","3.50","3.40","1.09","8.00","1.51","2.63","2.47","1.57","5.11","1.18","9.99","1.06","2.10","1.74"
"59132","20-12-20 18:30","Portugal","Liga Portugal","2020/2021","Gil Vicente","Benfica","7.78","4.96","1.43","1.03","14.00","1.24","4.30","1.67","2.26","2.66","1.50","4.97","1.19","1.76","2.07"
"59131","20-12-20 21:00","Portugal","Liga Portugal","2020/2021","FC Porto","Nacional","1.21","7.60","13.90","1.02","18.30","1.14","5.91","1.46","2.82","2.17","1.77","3.84","1.28","1.88","1.92"
"59130","21-12-20 21:15","Portugal","Liga Portugal","2020/2021","Santa Clara","Vitoria Guimaraes","2.97","3.28","2.56","1.10","7.53","1.46","2.82","2.47","1.57","4.97","1.19","10.20","1.06","1.94","1.86"
"59129","22-12-20 21:15","Portugal","Liga Portugal","2020/2021","Braga","Rio Ave","1.63","4.15","5.70","1.05","11.00","1.29","3.75","1.99","1.91","3.24","1.37","6.54","1.13","1.83","1.98"
"59127","27-12-20 16:00","Portugal","Liga Portugal","2020/2021","Famalicao","Gil Vicente","2.99","3.09","2.68","1.11","6.99","1.49","2.69","2.66","1.50","5.57","1.16","11.20","1.05","2.00","1.81"
"59128","27-12-20 16:00","Portugal","Liga Portugal","2020/2021","Nacional","Tondela","2.16","3.35","3.71","1.08","8.60","1.37","3.23","2.29","1.70","4.14","1.25","8.64","1.08","1.85","1.95"
"59126","27-12-20 18:30","Portugal","Liga Portugal","2020/2021","SC Farense","Pacos Ferreira","3.00","3.21","2.59","1.10","7.53","1.46","2.82","2.47","1.57","4.97","1.19","10.20","1.06","1.96","1.84"
"59125","27-12-20 21:00","Portugal","Liga Portugal","2020/2021","BSAD","Sporting CP","8.22","4.69","1.44","1.05","11.80","1.29","3.76","1.93","1.97","3.21","1.37","6.08","1.14","1.96","1.84"
"59124","28-12-20 19:45","Portugal","Liga Portugal","2020/2021","Rio Ave","Maritimo","1.85","3.50","4.88","1.10","7.53","1.46","2.82","2.38","1.61","4.97","1.19","10.20","1.06","2.08","1.75"
"59123","28-12-20 22:00","Portugal","Liga Portugal","2020/2021","Boavista","Braga","5.51","3.94","1.68","1.05","11.80","1.29","3.76","1.93","1.97","3.21","1.37","6.72","1.12","1.76","2.07"
"59122","29-12-20 19:00","Portugal","Liga Portugal","2020/2021","Benfica","Portimonense","1.26","6.44","11.80","1.02","16.10","1.21","4.66","1.62","2.37","2.47","1.57","4.80","1.20","1.94","1.86"
"59121","29-12-20 19:45","Portugal","Liga Portugal","2020/2021","Moreirense","Santa Clara","2.96","2.99","2.78","1.13","6.45","1.59","2.42","2.84","1.45","6.08","1.14","14.10","1.03","2.14","1.71"
"59120","29-12-20 22:00","Portugal","Liga Portugal","2020/2021","Vitoria Guimaraes","FC Porto","6.36","3.86","1.63","1.06","9.68","1.33","3.49","2.08","1.84","3.84","1.28","8.05","1.09","1.88","1.92"
"59119","02-01-21 19:00","Portugal","Liga Portugal","2020/2021","Sporting CP","Braga","2.12","3.68","3.48","1.03","14.00","1.21","4.66","1.67","2.26","2.66","1.50","4.97","1.19","1.53","2.51"
"59118","03-01-21 14:00","Portugal","Liga Portugal","2020/2021","Tondela","Famalicao","3.00","3.31","2.53","1.08","9.00","1.41","3.00","2.35","1.67","4.14","1.25","9.26","1.07","1.87","1.90"
"59117","03-01-21 16:00","Portugal","Liga Portugal","2020/2021","Maritimo","Boavista","2.50","3.17","3.17","1.11","7.00","1.56","2.50","2.66","1.50","5.41","1.17","11.20","1.05","2.15","1.70"
"59116","03-01-21 20:00","Portugal","Liga Portugal","2020/2021","Pacos Ferreira","Rio Ave","2.88","3.09","2.78","1.11","6.99","1.49","2.69","2.66","1.50","5.57","1.16","11.20","1.05","2.00","1.81"
"59115","03-01-21 22:00","Portugal","Liga Portugal","2020/2021","FC Porto","Moreirense","1.22","6.92","15.00","1.03","14.00","1.24","4.30","1.67","2.26","2.84","1.45","4.97","1.19","2.37","1.59"
"59114","04-01-21 18:00","Portugal","Liga Portugal","2020/2021","Santa Clara","Benfica","8.00","4.84","1.40","1.01","11.50","1.21","4.20","1.71","2.26","2.60","1.47","4.50","1.16","1.95","1.85"
"59113","04-01-21 20:00","Portugal","Liga Portugal","2020/2021","Gil Vicente","BSAD","2.28","3.09","3.73","1.11","6.99","1.49","2.69","2.66","1.50","4.97","1.19","11.20","1.05","1.99","1.82"
"59112","04-01-21 22:15","Portugal","Liga Portugal","2020/2021","Portimonense","SC Farense","2.38","3.36","3.20","1.08","8.60","1.46","2.82","2.38","1.61","4.80","1.20","10.20","1.06","1.88","1.92"
"59111","07-01-21 22:00","Portugal","Liga Portugal","2020/2021","Braga","Maritimo","1.37","5.43","8.69","1.03","14.00","1.24","4.30","1.62","2.37","2.66","1.50","4.97","1.19","1.85","1.95"
"59110","08-01-21 19:00","Portugal","Liga Portugal","2020/2021","Nacional","Sporting CP","7.69","4.47","1.48","1.05","11.80","1.26","4.03","1.78","2.15","3.01","1.41","5.57","1.16","1.84","1.97"
"59108","08-01-21 20:00","Portugal","Liga Portugal","2020/2021","Benfica","Tondela","1.12","10.40","23.00","1.01","17.00","1.06","9.68","1.29","3.76","1.74","2.15","2.66","1.50","1.88","1.92"
"59109","08-01-21 20:00","Portugal","Liga Portugal","2020/2021","Rio Ave","Portimonense","2.06","3.10","4.47","1.11","6.99","1.49","2.69","2.66","1.50","5.57","1.16","11.20","1.05","2.08","1.75"
"59107","08-01-21 22:00","Portugal","Liga Portugal","2020/2021","Famalicao","FC Porto","9.00","5.55","1.35","1.03","14.00","1.26","4.03","1.78","2.15","3.01","1.41","5.57","1.16","1.99","1.82"
"59106","09-01-21 18:00","Portugal","Liga Portugal","2020/2021","Moreirense","Vitoria Guimaraes","4.20","3.53","1.96","1.08","8.60","1.42","2.96","2.29","1.70","4.14","1.25","8.64","1.08","1.88","1.92"
"59105","09-01-21 21:30","Portugal","Liga Portugal","2020/2021","Boavista","Santa Clara","2.46","3.10","3.31","1.11","7.00","1.51","2.63","2.66","1.50","5.41","1.17","11.20","1.05","2.06","1.74"
"59104","10-01-21 16:00","Portugal","Liga Portugal","2020/2021","SC Farense","Gil Vicente","3.09","2.99","2.68","1.11","6.99","1.49","2.69","2.66","1.50","4.97","1.19","11.20","1.05","1.94","1.86"
"59103","10-01-21 21:00","Portugal","Liga Portugal","2020/2021","BSAD","Pacos Ferreira","3.02","3.02","2.71","1.11","6.99","1.54","2.55","2.66","1.50","5.57","1.16","11.20","1.05","2.08","1.75"
"59102","15-01-21 19:30","Portugal","Liga Portugal","2020/2021","Sporting CP","Rio Ave","1.57","3.94","7.17","1.06","10.70","1.29","3.76","1.93","1.97","3.38","1.34","6.72","1.12","1.85","1.95"
"59101","15-01-21 22:00","Portugal","Liga Portugal","2020/2021","FC Porto","Benfica","2.23","3.52","3.36","1.05","11.00","1.29","3.75","2.08","1.83","3.43","1.34","6.54","1.13","1.70","2.10"
"59100","16-01-21 16:30","Portugal","Liga Portugal","2020/2021","Pacos Ferreira","Braga","4.49","3.89","1.81","1.05","11.80","1.26","4.03","1.86","2.05","3.01","1.41","6.08","1.14","1.71","2.13"
"59099","16-01-21 21:30","Portugal","Liga Portugal","2020/2021","Tondela","Boavista","3.73","3.42","2.12","1.08","9.00","1.41","3.00","2.35","1.67","4.14","1.25","8.45","1.09","1.95","1.83"
"59098","17-01-21 16:00","Portugal","Liga Portugal","2020/2021","Nacional","Moreirense","2.53","3.20","3.10","1.09","8.00","1.48","2.75","2.47","1.57","4.80","1.20","9.99","1.06","1.98","1.83"
"59097","17-01-21 18:30","Portugal","Liga Portugal","2020/2021","Santa Clara","Famalicao","2.33","3.32","3.32","1.09","8.00","1.48","2.75","2.47","1.57","4.80","1.20","9.99","1.06","2.04","1.78"
"59096","17-01-21 21:00","Portugal","Liga Portugal","2020/2021","Gil Vicente","Maritimo","2.20","3.17","3.84","1.13","6.38","1.61","2.39","2.88","1.44","6.08","1.14","14.10","1.03","2.18","1.68"
"59095","18-01-21 21:15","Portugal","Liga Portugal","2020/2021","Portimonense","BSAD","2.46","2.95","3.49","1.14","6.00","1.61","2.38","2.86","1.45","6.00","1.14","12.50","1.04","2.24","1.65"
"59094","21-01-21 21:15","Portugal","Liga Portugal","2020/2021","Vitoria Guimaraes","Nacional","1.59","4.15","6.22","1.06","10.70","1.30","3.66","1.97","1.93","3.52","1.32","7.10","1.11","1.91","1.89"
"59093","24-01-21 16:00","Portugal","Liga Portugal","2020/2021","Maritimo","Pacos Ferreira","3.10","3.10","2.59","1.11","6.99","1.49","2.69","2.66","1.50","4.97","1.19","11.20","1.05","2.00","1.81"
"59092","24-01-21 18:30","Portugal","Liga Portugal","2020/2021","Moreirense","Portimonense","3.30","3.09","2.47","1.10","7.53","1.46","2.82","2.38","1.61","4.80","1.20","10.20","1.06","1.91","1.89"
"59091","24-01-21 21:15","Portugal","Liga Portugal","2020/2021","Famalicao","Vitoria Guimaraes","3.19","3.19","2.47","1.08","8.60","1.37","3.23","2.17","1.77","4.14","1.25","8.64","1.08","1.76","2.07"
"59090","25-01-21 15:30","Portugal","Liga Portugal","2020/2021","BSAD","Tondela","2.27","3.10","3.72","1.10","7.53","1.46","2.82","2.38","1.61","4.80","1.20","10.20","1.06","1.88","1.92"
"59089","25-01-21 17:30","Portugal","Liga Portugal","2020/2021","Rio Ave","Santa Clara","2.24","3.06","3.87","1.11","6.99","1.49","2.69","2.47","1.57","4.97","1.19","10.20","1.06","1.94","1.86"
"59088","25-01-21 18:00","Portugal","Liga Portugal","2020/2021","Benfica","Nacional","1.22","7.75","12.20","1.01","18.00","1.13","6.45","1.42","2.96","2.08","1.84","3.38","1.34","1.84","1.97"
"59087","25-01-21 21:15","Portugal","Liga Portugal","2020/2021","SC Farense","FC Porto","9.41","5.41","1.35","1.02","16.30","1.21","4.71","1.66","2.28","2.64","1.51","4.97","1.19","1.88","1.92"
"59086","26-01-21 20:45","Portugal","Liga Portugal","2020/2021","Braga","Gil Vicente","1.53","4.23","7.13","1.05","11.80","1.29","3.76","1.93","1.97","3.21","1.37","6.72","1.12","1.88","1.92"
"59085","26-01-21 22:15","Portugal","Liga Portugal","2020/2021","Boavista","Sporting CP","6.19","4.23","1.58","1.06","10.00","1.36","3.25","2.24","1.73","3.79","1.29","7.54","1.10","2.10","1.74"
"59084","30-01-21 16:30","Portugal","Liga Portugal","2020/2021","Nacional","Famalicao","3.10","3.20","2.53","1.09","8.00","1.41","3.00","2.35","1.67","4.48","1.22","9.26","1.07","1.90","1.90"
"59083","30-01-21 19:00","Portugal","Liga Portugal","2020/2021","Tondela","SC Farense","2.57","3.49","2.82","1.06","10.70","1.33","3.49","2.08","1.84","3.84","1.28","8.05","1.09","1.77","2.04"
"59082","30-01-21 21:30","Portugal","Liga Portugal","2020/2021","Portimonense","Boavista","2.36","3.18","3.40","1.10","7.53","1.46","2.82","2.38","1.61","4.80","1.20","10.20","1.06","1.91","1.89"
"59081","31-01-21 16:00","Portugal","Liga Portugal","2020/2021","Vitoria Guimaraes","Maritimo","1.98","3.52","4.14","1.09","8.00","1.41","3.00","2.37","1.62","4.48","1.22","9.26","1.07","1.98","1.83"
"59080","01-02-21 18:00","Portugal","Liga Portugal","2020/2021","Santa Clara","BSAD","2.25","3.00","3.96","1.13","6.45","1.59","2.42","2.84","1.45","6.08","1.14","14.10","1.03","2.14","1.71"
"59079","01-02-21 20:00","Portugal","Liga Portugal","2020/2021","FC Porto","Rio Ave","1.32","5.77","10.00","1.05","11.80","1.26","4.03","1.78","2.15","3.01","1.41","5.57","1.16","2.08","1.75"
"59078","01-02-21 20:45","Portugal","Liga Portugal","2020/2021","Moreirense","Braga","7.69","4.47","1.48","1.05","11.80","1.26","4.03","1.86","2.05","3.01","1.41","6.08","1.14","1.84","1.97"
"59077","01-02-21 22:30","Portugal","Liga Portugal","2020/2021","Sporting CP","Benfica","3.19","3.39","2.37","1.06","10.70","1.30","3.66","1.97","1.93","3.38","1.34","7.10","1.11","1.67","2.21"
"59076","02-02-21 21:15","Portugal","Liga Portugal","2020/2021","Gil Vicente","Pacos Ferreira","2.88","3.09","2.78","1.13","6.45","1.54","2.55","2.66","1.50","5.57","1.16","11.20","1.05","2.08","1.75"
"59075","04-02-21 16:00","Portugal","Liga Portugal","2020/2021","SC Farense","Santa Clara","2.59","3.00","3.21","1.10","7.53","1.46","2.82","2.47","1.57","4.97","1.19","10.20","1.06","1.88","1.92"
"59074","04-02-21 20:00","Portugal","Liga Portugal","2020/2021","BSAD","FC Porto","7.87","4.48","1.47","1.06","10.70","1.30","3.66","1.97","1.93","3.52","1.32","7.10","1.11","1.99","1.82"
"59073","04-02-21 22:00","Portugal","Liga Portugal","2020/2021","Braga","Portimonense","1.44","4.64","8.24","1.03","14.00","1.24","4.30","1.74","2.15","2.84","1.45","5.57","1.16","1.84","1.97"
"59072","04-02-21 22:30","Portugal","Liga Portugal","2020/2021","Famalicao","Moreirense","2.07","3.41","3.93","1.08","8.60","1.42","2.96","2.29","1.70","4.50","1.22","9.34","1.07","1.91","1.89"
"59071","05-02-21 18:00","Portugal","Liga Portugal","2020/2021","Rio Ave","Nacional","1.77","3.41","5.84","1.08","8.60","1.37","3.23","2.29","1.70","4.14","1.25","8.64","1.08","1.88","1.92"
"59069","05-02-21 20:00","Portugal","Liga Portugal","2020/2021","Benfica","Vitoria Guimaraes","1.42","4.87","8.36","1.02","16.10","1.21","4.66","1.62","2.37","2.66","1.50","4.80","1.20","1.76","2.07"
"59070","05-02-21 20:00","Portugal","Liga Portugal","2020/2021","Maritimo","Sporting CP","7.22","3.92","1.57","1.06","9.68","1.33","3.49","2.08","1.84","3.52","1.32","8.05","1.09","1.94","1.86"
"59067","05-02-21 22:00","Portugal","Liga Portugal","2020/2021","Boavista","Gil Vicente","2.78","2.88","3.09","1.17","5.38","1.67","2.26","3.21","1.37","7.10","1.11","14.10","1.03","2.24","1.65"
"59068","05-02-21 22:00","Portugal","Liga Portugal","2020/2021","Pacos Ferreira","Tondela","1.82","3.74","4.68","1.06","9.68","1.33","3.49","2.08","1.84","3.84","1.28","8.05","1.09","1.84","1.97"
"59066","07-02-21 21:45","Portugal","Liga Portugal","2020/2021","Braga","FC Porto","4.15","3.50","1.99","1.05","12.00","1.29","3.80","1.91","1.99","3.15","1.38","6.38","1.13","1.65","2.24"
"59065","08-02-21 18:00","Portugal","Liga Portugal","2020/2021","SC Farense","Moreirense","2.10","3.70","3.50","1.08","8.70","1.42","2.99","2.36","1.66","4.37","1.23","9.34","1.07","1.88","1.92"
"59063","08-02-21 20:00","Portugal","Liga Portugal","2020/2021","Benfica","Famalicao","1.26","6.35","12.10","1.02","18.30","1.17","5.38","1.54","2.55","2.38","1.61","4.50","1.22","1.88","1.92"
"59064","08-02-21 20:00","Portugal","Liga Portugal","2020/2021","Maritimo","Santa Clara","2.99","3.48","2.44","1.10","7.61","1.45","2.85","2.36","1.62","4.65","1.21","10.20","1.06","1.88","1.92"
"59062","08-02-21 22:00","Portugal","Liga Portugal","2020/2021","BSAD","Vitoria Guimaraes","2.89","3.36","2.59","1.11","7.07","1.49","2.72","2.64","1.51","4.97","1.19","11.20","1.05","1.99","1.82"
"59061","09-02-21 16:00","Portugal","Liga Portugal","2020/2021","Pacos Ferreira","Portimonense","2.10","3.20","4.13","1.10","7.53","1.49","2.69","2.47","1.57","4.97","1.19","10.20","1.06","1.99","1.82"
"59060","09-02-21 18:00","Portugal","Liga Portugal","2020/2021","Rio Ave","Tondela","1.86","3.72","4.47","1.08","8.60","1.42","2.96","2.29","1.70","4.50","1.22","9.34","1.07","1.99","1.82"
"59059","09-02-21 20:00","Portugal","Liga Portugal","2020/2021","Boavista","Nacional","2.22","3.30","3.61","1.10","7.53","1.42","2.96","2.38","1.65","4.50","1.22","9.34","1.07","1.88","1.92"
"59058","09-02-21 22:00","Portugal","Liga Portugal","2020/2021","Gil Vicente","Sporting CP","6.73","3.72","1.63","1.08","8.60","1.42","2.96","2.29","1.70","4.14","1.25","8.64","1.08","2.10","1.73"
"59057","12-02-21 21:30","Portugal","Liga Portugal","2020/2021","Famalicao","BSAD","2.45","3.09","3.35","1.11","7.07","1.49","2.72","2.64","1.51","5.57","1.16","11.20","1.05","1.97","1.84"
"59056","13-02-21 16:30","Portugal","Liga Portugal","2020/2021","Nacional","SC Farense","2.91","3.12","2.73","1.06","9.68","1.33","3.49","2.08","1.84","3.84","1.28","8.05","1.09","1.70","2.15"
"59055","13-02-21 19:00","Portugal","Liga Portugal","2020/2021","Vitoria Guimaraes","Rio Ave","2.22","3.50","3.40","1.08","8.70","1.42","2.99","2.36","1.66","4.37","1.23","9.34","1.07","1.88","1.92"
"59054","13-02-21 21:30","Portugal","Liga Portugal","2020/2021","FC Porto","Boavista","1.31","5.47","11.40","1.05","12.00","1.23","4.35","1.66","2.28","2.81","1.46","4.97","1.19","2.00","1.81"
"59053","14-02-21 16:00","Portugal","Liga Portugal","2020/2021","Portimonense","Gil Vicente","2.44","3.22","3.23","1.13","6.52","1.61","2.39","2.81","1.46","6.08","1.14","12.50","1.04","2.14","1.71"
"59052","14-02-21 18:30","Portugal","Liga Portugal","2020/2021","Santa Clara","Braga","4.81","3.71","1.81","1.05","10.90","1.30","3.70","1.95","1.95","3.38","1.34","7.10","1.11","1.70","2.15"
"59051","14-02-21 21:15","Portugal","Liga Portugal","2020/2021","Moreirense","Benfica","10.40","5.74","1.31","1.04","13.00","1.23","4.33","1.77","2.10","2.86","1.45","5.41","1.17","2.14","1.70"
"59050","15-02-21 21:15","Portugal","Liga Portugal","2020/2021","Sporting CP","Pacos Ferreira","1.47","4.49","7.80","1.06","9.68","1.33","3.49","2.08","1.84","3.84","1.28","8.05","1.09","2.08","1.75"
"59049","16-02-21 18:45","Portugal","Liga Portugal","2020/2021","Tondela","Maritimo","2.41","3.40","3.11","1.08","8.60","1.37","3.23","2.29","1.70","4.14","1.25","8.64","1.08","1.76","2.07"
"59048","17-02-21 22:45","Portugal","Liga Portugal","2020/2021","Vitoria Guimaraes","SC Farense","1.90","3.38","4.80","1.06","9.68","1.33","3.49","2.08","1.84","3.52","1.32","8.05","1.09","1.76","2.07"
"59047","19-02-21 21:30","Portugal","Liga Portugal","2020/2021","Boavista","Moreirense","2.21","3.09","3.91","1.10","7.61","1.42","2.99","2.36","1.66","4.37","1.23","9.34","1.07","1.87","1.94"
"59046","20-02-21 16:30","Portugal","Liga Portugal","2020/2021","BSAD","Nacional","2.11","3.19","4.11","1.10","7.53","1.46","2.82","2.47","1.57","4.80","1.20","10.20","1.06","1.99","1.82"
"59045","20-02-21 18:30","Portugal","Liga Portugal","2020/2021","Gil Vicente","Santa Clara","2.53","3.20","3.10","1.11","6.99","1.54","2.55","2.66","1.50","5.57","1.16","11.20","1.05","2.08","1.75"
"59044","20-02-21 21:30","Portugal","Liga Portugal","2020/2021","Sporting CP","Portimonense","1.45","4.70","7.83","1.06","9.78","1.42","2.99","2.16","1.78","4.14","1.25","8.64","1.08","2.14","1.71"
"59042","21-02-21 16:00","Portugal","Liga Portugal","2020/2021","Pacos Ferreira","Vitoria Guimaraes","3.00","3.21","2.59","1.11","7.00","1.51","2.63","2.47","1.57","4.80","1.20","9.99","1.06","2.04","1.78"
"59043","21-02-21 16:00","Portugal","Liga Portugal","2020/2021","Rio Ave","Famalicao","2.46","3.21","3.21","1.09","8.00","1.48","2.75","2.47","1.57","4.80","1.20","9.99","1.06","1.98","1.83"
"59041","21-02-21 19:00","Portugal","Liga Portugal","2020/2021","Braga","Tondela","1.45","4.94","7.28","1.04","13.00","1.23","4.33","1.70","2.20","2.66","1.50","5.11","1.18","1.90","1.90"
"59040","21-02-21 21:15","Portugal","Liga Portugal","2020/2021","SC Farense","Benfica","9.06","5.53","1.35","1.02","18.30","1.20","4.84","1.59","2.42","2.47","1.57","4.50","1.22","1.76","2.07"
"59039","22-02-21 20:00","Portugal","Liga Portugal","2020/2021","Maritimo","FC Porto","11.60","5.55","1.31","1.05","11.80","1.26","4.03","1.78","2.15","3.01","1.41","5.57","1.16","1.99","1.82"
"59038","26-02-21 21:30","Portugal","Liga Portugal","2020/2021","Vitoria Guimaraes","Boavista","2.15","3.48","3.59","1.08","8.70","1.42","2.99","2.25","1.72","4.37","1.23","9.34","1.07","1.88","1.92"
"59037","27-02-21 16:30","Portugal","Liga Portugal","2020/2021","Famalicao","SC Farense","2.33","3.32","3.32","1.08","8.70","1.36","3.26","2.25","1.72","4.14","1.25","8.64","1.08","1.84","1.97"
"59036","27-02-21 19:00","Portugal","Liga Portugal","2020/2021","Santa Clara","Pacos Ferreira","2.88","3.09","2.78","1.13","6.52","1.58","2.45","2.81","1.46","6.08","1.14","12.50","1.04","2.06","1.76"
"59035","27-02-21 21:30","Portugal","Liga Portugal","2020/2021","FC Porto","Sporting CP","1.91","3.61","4.34","1.08","9.00","1.36","3.25","2.24","1.73","4.14","1.25","8.45","1.09","1.90","1.90"
"59034","28-02-21 16:00","Portugal","Liga Portugal","2020/2021","Portimonense","Maritimo","1.98","3.11","4.92","1.10","7.61","1.42","2.99","2.36","1.66","4.37","1.23","9.34","1.07","1.87","1.94"
"59033","28-02-21 18:30","Portugal","Liga Portugal","2020/2021","Tondela","Gil Vicente","3.22","2.99","2.60","1.10","7.61","1.36","3.26","2.25","1.72","4.14","1.25","8.64","1.08","1.74","2.09"
"59032","28-02-21 21:00","Portugal","Liga Portugal","2020/2021","Nacional","Braga","7.66","4.11","1.52","1.03","14.10","1.21","4.71","1.66","2.28","2.64","1.51","4.97","1.19","1.65","2.24"
"59031","01-03-21 20:00","Portugal","Liga Portugal","2020/2021","Benfica","Rio Ave","1.41","4.95","8.20","1.03","13.70","1.25","4.21","1.70","2.21","2.88","1.44","5.57","1.16","1.85","1.95"
"59030","01-03-21 21:15","Portugal","Liga Portugal","2020/2021","Moreirense","BSAD","2.73","2.83","3.04","1.10","5.60","1.53","2.44","2.70","1.52","5.00","1.16","9.90","1.02","2.24","1.62"
"59029","05-03-21 19:30","Portugal","Liga Portugal","2020/2021","Pacos Ferreira","Nacional","1.69","3.63","6.12","1.08","8.60","1.37","3.23","2.17","1.77","3.84","1.28","8.05","1.09","1.88","1.92"
"59028","05-03-21 21:45","Portugal","Liga Portugal","2020/2021","Sporting CP","Santa Clara","1.52","3.91","8.39","1.08","8.70","1.42","2.99","2.25","1.72","4.14","1.25","8.64","1.08","2.24","1.65"
"59027","06-03-21 16:30","Portugal","Liga Portugal","2020/2021","Portimonense","Tondela","1.92","3.34","4.42","1.05","7.60","1.36","3.04","2.18","1.76","3.70","1.26","7.00","1.06","2.06","1.73"
"59026","06-03-21 19:00","Portugal","Liga Portugal","2020/2021","Gil Vicente","FC Porto","10.10","4.85","1.38","1.05","11.80","1.29","3.76","1.93","1.97","3.21","1.37","6.08","1.14","2.00","1.81"
"59025","06-03-21 21:30","Portugal","Liga Portugal","2020/2021","Boavista","Famalicao","2.42","3.16","3.31","1.11","7.00","1.51","2.63","2.57","1.54","5.11","1.18","11.20","1.05","2.04","1.78"
"59024","07-03-21 18:30","Portugal","Liga Portugal","2020/2021","Maritimo","Moreirense","2.43","3.18","3.28","1.11","7.00","1.51","2.63","2.57","1.54","5.11","1.18","11.20","1.05","2.04","1.78"
"59023","07-03-21 21:00","Portugal","Liga Portugal","2020/2021","Rio Ave","SC Farense","1.98","3.37","4.36","1.09","8.00","1.41","3.00","2.37","1.62","4.48","1.22","9.26","1.07","1.98","1.83"
"59022","08-03-21 21:15","Portugal","Liga Portugal","2020/2021","BSAD","Benfica","10.90","5.01","1.35","1.03","14.10","1.23","4.35","1.66","2.28","2.81","1.46","4.97","1.19","1.88","1.92"
"59021","09-03-21 22:45","Portugal","Liga Portugal","2020/2021","Braga","Vitoria Guimaraes","1.63","3.92","6.17","1.05","11.80","1.29","3.76","1.93","1.97","3.21","1.37","6.72","1.12","1.76","2.07"
"59020","12-03-21 21:30","Portugal","Liga Portugal","2020/2021","Nacional","Maritimo","3.03","3.14","2.61","1.08","8.60","1.37","3.23","2.29","1.70","4.14","1.25","8.64","1.08","1.84","1.97"
"59019","13-03-21 16:30","Portugal","Liga Portugal","2020/2021","SC Farense","BSAD","2.59","3.00","3.21","1.13","6.52","1.49","2.72","2.64","1.51","5.57","1.16","11.20","1.05","1.99","1.82"
"59017","13-03-21 19:00","Portugal","Liga Portugal","2020/2021","Benfica","Boavista","1.31","5.64","10.70","1.02","16.30","1.19","4.89","1.61","2.39","2.45","1.58","4.65","1.21","1.87","1.94"
"59018","13-03-21 19:00","Portugal","Liga Portugal","2020/2021","Santa Clara","Portimonense","2.59","3.10","3.10","1.11","7.07","1.53","2.58","2.64","1.51","5.57","1.16","11.20","1.05","1.97","1.84"
"59016","13-03-21 21:30","Portugal","Liga Portugal","2020/2021","Tondela","Sporting CP","9.68","5.11","1.37","1.05","12.00","1.26","4.08","1.91","1.99","3.15","1.38","6.08","1.14","2.06","1.76"
"59015","14-03-21 16:00","Portugal","Liga Portugal","2020/2021","Moreirense","Rio Ave","3.19","3.14","2.41","1.05","7.40","1.37","2.99","2.21","1.74","3.78","1.25","7.20","1.06","1.96","1.80"
"59014","14-03-21 18:30","Portugal","Liga Portugal","2020/2021","Vitoria Guimaraes","Gil Vicente","1.92","3.52","4.45","1.08","8.70","1.42","2.99","2.36","1.66","4.37","1.23","9.34","1.07","1.92","1.88"
"59013","14-03-21 21:00","Portugal","Liga Portugal","2020/2021","FC Porto","Pacos Ferreira","1.38","4.85","10.10","1.06","10.70","1.29","3.76","1.93","1.97","3.21","1.37","6.72","1.12","2.08","1.75"
"59012","15-03-21 21:15","Portugal","Liga Portugal","2020/2021","Famalicao","Braga","6.39","4.35","1.55","1.03","14.00","1.26","4.03","1.86","2.05","3.01","1.41","6.08","1.14","1.85","1.95"
"59011","19-03-21 21:30","Portugal","Liga Portugal","2020/2021","Gil Vicente","Nacional","2.11","3.24","3.78","1.06","7.20","1.40","2.86","2.31","1.68","4.10","1.22","7.70","1.05","2.00","1.77"
"59009","20-03-21 16:30","Portugal","Liga Portugal","2020/2021","Pacos Ferreira","Moreirense","1.86","3.61","4.64","1.10","7.61","1.45","2.85","2.36","1.62","4.65","1.21","10.20","1.06","2.08","1.75"
"59010","20-03-21 16:30","Portugal","Liga Portugal","2020/2021","Santa Clara","Tondela","1.82","3.57","4.99","1.08","8.70","1.42","2.99","2.36","1.66","4.37","1.23","9.34","1.07","1.97","1.84"
"59008","20-03-21 19:00","Portugal","Liga Portugal","2020/2021","Portimonense","FC Porto","8.28","4.45","1.46","1.05","10.90","1.32","3.53","2.05","1.86","3.52","1.32","8.05","1.09","2.06","1.76"
"59007","20-03-21 21:30","Portugal","Liga Portugal","2020/2021","Sporting CP","Vitoria Guimaraes","1.66","3.72","6.18","1.06","9.78","1.32","3.53","2.16","1.78","3.84","1.28","8.05","1.09","1.87","1.94"
"59006","21-03-21 16:00","Portugal","Liga Portugal","2020/2021","Rio Ave","BSAD","2.06","3.19","4.32","1.11","6.99","1.49","2.69","2.47","1.57","4.97","1.19","10.20","1.06","2.10","1.73"
"59004","21-03-21 18:30","Portugal","Liga Portugal","2020/2021","Boavista","SC Farense","2.10","3.30","3.97","1.08","8.60","1.42","2.96","2.29","1.70","4.14","1.25","9.34","1.07","1.85","1.95"
"59005","21-03-21 18:30","Portugal","Liga Portugal","2020/2021","Maritimo","Famalicao","2.78","3.09","2.88","1.10","7.53","1.42","2.96","2.38","1.65","4.50","1.22","9.34","1.07","1.85","1.95"
"59003","21-03-21 21:00","Portugal","Liga Portugal","2020/2021","Braga","Benfica","3.92","3.87","1.93","1.02","16.10","1.21","4.66","1.67","2.26","2.66","1.50","4.97","1.19","1.57","2.41"
"59002","02-04-21 21:30","Portugal","Liga Portugal","2020/2021","Nacional","Portimonense","2.80","3.55","2.56","1.10","7.61","1.45","2.85","2.47","1.57","5.01","1.19","10.40","1.06","1.94","1.86"
"59001","03-04-21 19:00","Portugal","Liga Portugal","2020/2021","Rio Ave","Gil Vicente","2.26","3.29","3.50","1.10","7.61","1.45","2.85","2.38","1.61","4.73","1.20","10.40","1.06","1.87","1.93"
"59000","03-04-21 21:30","Portugal","Liga Portugal","2020/2021","FC Porto","Santa Clara","1.30","5.64","11.70","1.04","11.80","1.29","3.76","1.95","1.95","3.21","1.37","6.12","1.14","2.22","1.66"
"58999","04-04-21 16:00","Portugal","Liga Portugal","2020/2021","BSAD","Boavista","2.49","2.98","3.42","1.11","6.99","1.49","2.69","2.68","1.50","5.06","1.18","11.70","1.05","1.94","1.86"
"58998","04-04-21 18:30","Portugal","Liga Portugal","2020/2021","Vitoria Guimaraes","Tondela","1.82","3.74","4.68","1.04","11.80","1.26","4.03","1.95","1.95","3.21","1.37","6.60","1.12","1.72","2.13"
"58997","04-04-21 21:00","Portugal","Liga Portugal","2020/2021","Famalicao","Pacos Ferreira","2.56","3.20","2.89","1.06","7.20","1.44","2.70","2.41","1.63","4.44","1.19","8.70","1.04","2.04","1.74"
"58996","05-04-21 19:45","Portugal","Liga Portugal","2020/2021","SC Farense","Braga","4.52","3.70","1.80","1.02","9.80","1.27","3.62","1.92","1.97","3.10","1.35","5.70","1.10","1.88","1.88"
"58995","05-04-21 20:00","Portugal","Liga Portugal","2020/2021","Benfica","Maritimo","1.14","9.53","21.00","1.01","16.00","1.17","5.38","1.49","2.69","2.31","1.64","4.18","1.25","2.26","1.63"
"58994","05-04-21 22:00","Portugal","Liga Portugal","2020/2021","Moreirense","Sporting CP","10.80","4.65","1.38","1.07","9.68","1.30","3.66","1.95","1.95","3.43","1.33","6.60","1.12","2.01","1.80"
"58993","09-04-21 21:00","Portugal","Liga Portugal","2020/2021","Portimonense","Vitoria Guimaraes","2.63","3.20","2.96","1.11","7.00","1.48","2.75","2.47","1.57","4.80","1.20","9.99","1.06","1.98","1.83"
"58992","10-04-21 16:00","Portugal","Liga Portugal","2020/2021","Maritimo","SC Farense","3.10","3.10","2.50","1.06","6.90","1.43","2.74","2.39","1.64","4.32","1.20","8.30","1.04","2.06","1.73"
"58991","10-04-21 16:30","Portugal","Liga Portugal","2020/2021","Boavista","Rio Ave","2.85","3.04","2.70","1.07","6.50","1.48","2.57","2.53","1.58","4.70","1.18","9.20","1.03","2.13","1.68"
"58990","10-04-21 19:00","Portugal","Liga Portugal","2020/2021","Tondela","FC Porto","10.20","5.20","1.35","1.03","14.10","1.21","4.71","1.66","2.28","2.65","1.50","5.01","1.19","1.87","1.93"
"58989","10-04-21 21:30","Portugal","Liga Portugal","2020/2021","Pacos Ferreira","Benfica","8.09","4.94","1.42","1.03","14.00","1.26","4.03","1.78","2.15","3.03","1.41","5.60","1.16","1.82","2.00"
"58988","11-04-21 16:00","Portugal","Liga Portugal","2020/2021","Gil Vicente","Moreirense","2.16","3.35","3.71","1.09","8.00","1.41","3.00","2.37","1.62","4.48","1.22","9.26","1.07","1.98","1.83"
"58987","11-04-21 16:30","Portugal","Liga Portugal","2020/2021","Santa Clara","Nacional","1.72","3.75","5.47","1.06","9.78","1.36","3.26","2.17","1.77","4.15","1.25","8.58","1.08","2.02","1.80"
"58986","11-04-21 18:30","Portugal","Liga Portugal","2020/2021","Braga","BSAD","1.40","4.92","8.80","1.05","11.00","1.29","3.75","1.99","1.91","3.43","1.34","6.54","1.13","2.15","1.70"
"58985","11-04-21 21:00","Portugal","Liga Portugal","2020/2021","Sporting CP","Famalicao","1.50","4.27","7.65","1.08","8.70","1.36","3.26","2.17","1.77","4.15","1.25","8.58","1.08","2.06","1.77"
"58984","16-04-21 19:45","Portugal","Liga Portugal","2020/2021","Boavista","Pacos Ferreira","2.31","3.44","3.26","1.10","7.61","1.41","2.99","2.29","1.66","4.44","1.22","9.25","1.07","1.83","1.98"
"58983","16-04-21 22:00","Portugal","Liga Portugal","2020/2021","SC Farense","Sporting CP","6.44","3.90","1.62","1.06","9.78","1.32","3.53","2.07","1.84","3.83","1.28","7.83","1.09","1.89","1.91"
"58981","17-04-21 16:30","Portugal","Liga Portugal","2020/2021","Moreirense","Tondela","2.50","3.23","3.12","1.06","9.78","1.32","3.53","2.17","1.77","3.83","1.28","7.83","1.09","1.69","2.18"
"58982","17-04-21 16:30","Portugal","Liga Portugal","2020/2021","Vitoria Guimaraes","Santa Clara","2.31","3.29","3.39","1.08","8.60","1.42","2.96","2.21","1.70","4.18","1.25","8.66","1.08","1.82","2.00"
"58979","17-04-21 19:00","Portugal","Liga Portugal","2020/2021","Benfica","Gil Vicente","1.20","7.25","16.70","1.03","14.10","1.21","4.71","1.60","2.39","2.65","1.50","4.73","1.20","2.12","1.72"
"58980","17-04-21 19:00","Portugal","Liga Portugal","2020/2021","BSAD","Maritimo","2.19","3.12","3.95","1.11","6.99","1.54","2.55","2.68","1.50","5.60","1.16","11.70","1.05","2.06","1.77"
"58978","17-04-21 21:30","Portugal","Liga Portugal","2020/2021","Rio Ave","Braga","5.32","3.91","1.70","1.04","12.00","1.26","4.08","1.85","2.07","3.00","1.41","6.06","1.14","1.69","2.18"
"58977","18-04-21 16:00","Portugal","Liga Portugal","2020/2021","Famalicao","Portimonense","2.32","3.30","3.36","1.08","8.60","1.42","2.96","2.31","1.64","4.49","1.22","9.34","1.07","1.83","1.98"
"58976","18-04-21 18:30","Portugal","Liga Portugal","2020/2021","Nacional","FC Porto","15.60","7.10","1.21","1.02","16.30","1.17","5.43","1.53","2.58","2.29","1.66","4.15","1.25","2.01","1.80"
"58975","20-04-21 21:00","Portugal","Liga Portugal","2020/2021","Pacos Ferreira","SC Farense","2.68","3.29","2.83","1.08","8.70","1.41","2.99","2.29","1.66","4.44","1.22","9.25","1.07","1.85","1.96"
"58974","21-04-21 16:30","Portugal","Liga Portugal","2020/2021","Santa Clara","Moreirense","1.81","3.62","4.92","1.07","9.68","1.37","3.23","2.20","1.75","3.87","1.28","7.90","1.09","1.91","1.90"
"58973","21-04-21 18:00","Portugal","Liga Portugal","2020/2021","Maritimo","Rio Ave","2.70","3.19","2.88","1.10","7.53","1.45","2.82","2.40","1.60","4.78","1.20","10.50","1.06","1.91","1.90"
"58972","21-04-21 20:00","Portugal","Liga Portugal","2020/2021","Braga","Boavista","1.48","4.47","7.85","1.02","16.10","1.20","4.84","1.62","2.37","2.49","1.56","4.78","1.20","1.68","2.19"
"58971","21-04-21 22:15","Portugal","Liga Portugal","2020/2021","Sporting CP","BSAD","1.42","4.47","9.44","1.08","8.60","1.37","3.23","2.20","1.75","4.18","1.25","8.66","1.08","2.36","1.59"
"58970","22-04-21 16:00","Portugal","Liga Portugal","2020/2021","Tondela","Nacional","2.02","3.47","4.02","1.05","10.70","1.30","3.66","2.09","1.83","3.54","1.32","7.05","1.11","1.69","2.18"
"58969","22-04-21 18:00","Portugal","Liga Portugal","2020/2021","Gil Vicente","Famalicao","2.72","3.21","2.85","1.10","7.53","1.45","2.82","2.40","1.60","4.78","1.20","10.50","1.06","1.87","1.93"
"58968","22-04-21 20:00","Portugal","Liga Portugal","2020/2021","Portimonense","Benfica","7.80","4.62","1.46","1.04","11.80","1.24","4.30","1.78","2.15","2.85","1.45","5.60","1.16","1.82","2.00"
"58967","22-04-21 22:00","Portugal","Liga Portugal","2020/2021","FC Porto","Vitoria Guimaraes","1.33","5.66","9.77","1.03","14.00","1.24","4.30","1.78","2.15","2.85","1.45","5.60","1.16","1.96","1.85"
"58966","25-04-21 16:00","Portugal","Liga Portugal","2020/2021","Boavista","Maritimo","2.19","3.44","3.54","1.10","7.53","1.45","2.82","2.40","1.60","5.06","1.18","10.50","1.06","1.99","1.81"
"58965","25-04-21 18:30","Portugal","Liga Portugal","2020/2021","Rio Ave","Pacos Ferreira","2.31","3.29","3.39","1.10","7.53","1.45","2.82","2.49","1.56","5.06","1.18","10.50","1.06","1.99","1.81"
"58964","25-04-21 21:00","Portugal","Liga Portugal","2020/2021","Braga","Sporting CP","3.15","3.09","2.56","1.07","9.68","1.30","3.66","2.09","1.83","3.54","1.32","7.05","1.11","1.66","2.22"
"58963","26-04-21 18:00","Portugal","Liga Portugal","2020/2021","BSAD","Gil Vicente","2.81","3.02","2.91","1.10","7.61","1.45","2.85","2.47","1.57","5.01","1.19","10.40","1.06","1.93","1.88"
"58960","26-04-21 20:00","Portugal","Liga Portugal","2020/2021","Benfica","Santa Clara","1.36","5.02","10.70","1.03","14.10","1.21","4.71","1.60","2.39","2.65","1.50","4.73","1.20","1.82","2.00"
"58961","26-04-21 20:00","Portugal","Liga Portugal","2020/2021","Famalicao","Tondela","1.73","3.62","5.69","1.06","9.78","1.30","3.70","2.07","1.84","3.51","1.32","6.98","1.11","1.82","2.00"
"58962","26-04-21 20:00","Portugal","Liga Portugal","2020/2021","Nacional","Vitoria Guimaraes","3.77","3.46","2.10","1.05","10.90","1.30","3.70","2.07","1.84","3.51","1.32","7.83","1.09","1.69","2.18"
"58959","26-04-21 22:15","Portugal","Liga Portugal","2020/2021","Moreirense","FC Porto","16.90","6.09","1.23","1.02","16.30","1.17","5.43","1.53","2.58","2.29","1.66","4.15","1.25","1.97","1.83"
"58958","27-04-21 22:45","Portugal","Liga Portugal","2020/2021","SC Farense","Portimonense","2.32","3.19","3.50","1.10","7.53","1.45","2.82","2.40","1.60","4.78","1.20","10.50","1.06","1.89","1.91"
"58957","29-04-21 21:30","Portugal","Liga Portugal","2020/2021","Maritimo","Braga","6.05","4.24","1.58","1.04","11.80","1.29","3.76","1.95","1.95","3.43","1.33","6.60","1.12","1.82","2.00"
"58956","30-04-21 16:00","Portugal","Liga Portugal","2020/2021","Pacos Ferreira","BSAD","2.05","3.51","3.89","1.11","6.99","1.59","2.42","2.85","1.45","6.12","1.14","13.20","1.04","2.24","1.64"
"58955","30-04-21 18:00","Portugal","Liga Portugal","2020/2021","Vitoria Guimaraes","Moreirense","1.86","3.72","4.47","1.06","9.78","1.36","3.26","2.17","1.77","4.15","1.25","8.58","1.08","1.87","1.93"
"58954","30-04-21 20:00","Portugal","Liga Portugal","2020/2021","Tondela","Benfica","10.00","6.42","1.28","1.01","18.00","1.13","6.52","1.45","2.85","2.17","1.77","3.51","1.32","1.69","2.18"
"58953","30-04-21 22:15","Portugal","Liga Portugal","2020/2021","FC Porto","Famalicao","1.47","4.85","7.00","1.03","14.10","1.23","4.35","1.77","2.17","2.83","1.45","5.55","1.16","1.87","1.93"
"58952","01-05-21 16:30","Portugal","Liga Portugal","2020/2021","Gil Vicente","SC Farense","2.52","3.52","2.87","1.08","8.70","1.41","2.99","2.19","1.71","4.44","1.22","9.25","1.07","1.83","1.98"
"58950","01-05-21 19:00","Portugal","Liga Portugal","2020/2021","Portimonense","Rio Ave","2.45","3.35","3.09","1.08","8.70","1.41","2.99","2.29","1.66","4.44","1.22","9.25","1.07","1.89","1.91"
"58951","01-05-21 19:00","Portugal","Liga Portugal","2020/2021","Santa Clara","Boavista","1.92","3.35","4.72","1.08","8.70","1.32","3.53","2.17","1.77","3.83","1.28","7.83","1.09","1.83","1.98"
"58949","01-05-21 21:30","Portugal","Liga Portugal","2020/2021","Sporting CP","Nacional","1.29","5.46","13.50","1.04","11.80","1.24","4.30","1.78","2.15","2.85","1.45","5.06","1.18","1.96","1.85"
"58947","05-05-21 20:00","Portugal","Liga Portugal","2020/2021","Braga","Pacos Ferreira","1.48","4.13","9.08","1.05","10.70","1.29","3.76","1.95","1.95","3.21","1.37","6.60","1.12","1.91","1.90"
"58948","05-05-21 20:00","Portugal","Liga Portugal","2020/2021","Maritimo","Gil Vicente","3.18","3.20","2.48","1.11","7.07","1.53","2.58","2.65","1.50","5.55","1.16","11.60","1.05","2.09","1.74"
"58946","05-05-21 22:15","Portugal","Liga Portugal","2020/2021","Rio Ave","Sporting CP","5.58","3.88","1.69","1.08","8.60","1.42","2.96","2.21","1.70","4.49","1.22","9.34","1.07","2.07","1.75"
"58945","06-05-21 16:00","Portugal","Liga Portugal","2020/2021","Moreirense","Nacional","2.23","3.39","3.46","1.07","9.68","1.37","3.23","2.20","1.75","4.18","1.25","8.66","1.08","1.83","1.98"
"58944","06-05-21 18:00","Portugal","Liga Portugal","2020/2021","BSAD","Portimonense","3.30","2.52","2.90","1.16","5.00","1.59","2.51","2.64","1.46","4.64","1.15","9.30","1.02","2.20","1.64"
"58943","06-05-21 19:30","Portugal","Liga Portugal","2020/2021","Benfica","FC Porto","2.38","3.76","2.90","1.05","10.70","1.30","3.66","1.99","1.91","3.54","1.32","7.05","1.11","1.72","2.13"
"58942","06-05-21 21:30","Portugal","Liga Portugal","2020/2021","SC Farense","Vitoria Guimaraes","2.32","3.30","3.19","1.04","7.80","1.39","2.90","2.26","1.71","3.98","1.23","7.60","1.05","1.99","1.78"
"58941","07-05-21 20:00","Portugal","Liga Portugal","2020/2021","Famalicao","Santa Clara","2.18","3.41","3.57","1.08","8.60","1.42","2.96","2.21","1.70","4.18","1.25","8.66","1.08","1.83","1.98"
"58940","07-05-21 22:15","Portugal","Liga Portugal","2020/2021","Boavista","Tondela","2.05","3.42","3.97","1.06","9.78","1.32","3.53","2.07","1.84","3.83","1.28","7.83","1.09","1.69","2.18"
"58939","09-05-21 16:00","Portugal","Liga Portugal","2020/2021","Pacos Ferreira","Maritimo","2.46","3.10","3.31","1.13","6.50","1.56","2.50","2.86","1.45","5.41","1.17","12.50","1.04","2.15","1.70"
"58938","09-05-21 21:00","Portugal","Liga Portugal","2020/2021","Gil Vicente","Braga","5.03","3.74","1.77","1.04","12.00","1.28","3.80","1.93","1.97","3.18","1.38","6.54","1.13","1.69","2.18"
"58937","10-05-21 19:00","Portugal","Liga Portugal","2020/2021","Portimonense","Moreirense","1.76","3.62","5.29","1.07","9.68","1.37","3.23","2.20","1.75","4.18","1.25","8.66","1.08","1.87","1.93"
"58936","10-05-21 21:15","Portugal","Liga Portugal","2020/2021","FC Porto","SC Farense","1.31","5.77","10.40","1.02","16.10","1.24","4.30","1.72","2.26","2.85","1.45","5.06","1.18","1.87","1.93"
"58934","11-05-21 17:00","Portugal","Liga Portugal","2020/2021","Santa Clara","Rio Ave","2.45","3.09","3.35","1.10","7.61","1.45","2.85","2.38","1.61","4.73","1.20","10.40","1.06","1.87","1.93"
"58935","11-05-21 17:00","Portugal","Liga Portugal","2020/2021","Tondela","BSAD","2.78","3.09","2.88","1.10","7.61","1.41","2.99","2.19","1.71","4.15","1.25","8.58","1.08","1.74","2.09"
"58933","11-05-21 19:00","Portugal","Liga Portugal","2020/2021","Nacional","Benfica","8.18","5.52","1.37","1.01","16.00","1.17","5.43","1.53","2.58","2.38","1.61","4.15","1.25","1.70","2.15"
"58932","11-05-21 21:30","Portugal","Liga Portugal","2020/2021","Sporting CP","Boavista","1.31","5.56","11.10","1.04","12.00","1.26","4.08","1.85","2.07","3.00","1.41","6.06","1.14","2.06","1.77"
"58931","12-05-21 21:15","Portugal","Liga Portugal","2020/2021","Vitoria Guimaraes","Famalicao","2.75","3.14","2.72","1.05","7.50","1.36","3.04","2.19","1.75","3.70","1.26","7.00","1.06","1.90","1.86"
"58930","14-05-21 20:00","Portugal","Liga Portugal","2020/2021","Pacos Ferreira","Gil Vicente","3.15","3.15","2.52","1.10","7.61","1.45","2.85","2.38","1.61","4.73","1.20","10.40","1.06","1.89","1.91"
"58929","14-05-21 22:15","Portugal","Liga Portugal","2020/2021","Braga","Moreirense","1.37","5.30","7.90","1.01","17.00","1.13","5.00","1.50","2.52","2.34","1.67","3.78","1.25","1.80","1.96"
"58927","15-05-21 16:30","Portugal","Liga Portugal","2020/2021","Boavista","Portimonense","2.46","3.53","2.94","1.08","8.60","1.45","2.82","2.40","1.60","4.78","1.20","10.50","1.06","1.93","1.88"
"58928","15-05-21 16:30","Portugal","Liga Portugal","2020/2021","SC Farense","Tondela","1.52","4.21","7.37","1.03","14.00","1.21","4.66","1.72","2.26","2.68","1.50","5.06","1.18","1.70","2.15"
"58926","15-05-21 19:00","Portugal","Liga Portugal","2020/2021","Benfica","Sporting CP","1.89","3.93","4.08","1.04","11.80","1.26","4.03","1.95","1.95","3.21","1.37","6.60","1.12","1.66","2.22"
"58925","15-05-21 21:30","Portugal","Liga Portugal","2020/2021","Rio Ave","FC Porto","8.78","4.47","1.44","1.05","11.00","1.29","3.75","2.08","1.83","3.43","1.34","6.54","1.13","2.04","1.78"
"58924","16-05-21 16:00","Portugal","Liga Portugal","2020/2021","Famalicao","Nacional","1.77","3.86","4.48","1.02","9.90","1.27","3.62","1.90","2.00","3.10","1.35","5.60","1.10","1.86","1.90"
"58923","16-05-21 18:00","Portugal","Liga Portugal","2020/2021","BSAD","Santa Clara","3.61","3.20","2.27","1.10","7.53","1.42","2.96","2.31","1.64","4.49","1.22","9.34","1.07","1.85","1.96"
"58922","16-05-21 21:00","Portugal","Liga Portugal","2020/2021","Maritimo","Vitoria Guimaraes","3.40","3.09","2.42","1.10","7.53","1.45","2.82","2.40","1.60","4.78","1.20","10.50","1.06","1.91","1.90"
"58921","18-05-21 21:15","Portugal","Liga Portugal","2020/2021","Tondela","Pacos Ferreira","3.46","3.43","2.23","1.05","10.70","1.29","3.76","1.95","1.95","3.21","1.37","6.60","1.12","1.64","2.26"
"58920","19-05-21 19:00","Portugal","Liga Portugal","2020/2021","FC Porto","BSAD","1.19","7.78","15.50","1.01","18.00","1.13","6.45","1.42","2.96","2.09","1.83","3.43","1.33","1.85","1.96"
"58914","19-05-21 21:00","Portugal","Liga Portugal","2020/2021","Gil Vicente","Boavista","3.18","3.28","2.43","1.06","10.00","1.32","3.50","2.13","1.80","3.67","1.30","7.54","1.10","1.78","2.04"
"58915","19-05-21 21:00","Portugal","Liga Portugal","2020/2021","Moreirense","Famalicao","4.15","3.73","1.92","1.02","16.10","1.21","4.66","1.72","2.26","2.68","1.50","5.06","1.18","1.57","2.41"
"58916","19-05-21 21:00","Portugal","Liga Portugal","2020/2021","Nacional","Rio Ave","5.78","4.21","1.61","1.03","14.00","1.21","4.66","1.62","2.37","2.68","1.50","4.78","1.20","1.64","2.26"
"58917","19-05-21 21:00","Portugal","Liga Portugal","2020/2021","Portimonense","Braga","2.37","3.29","3.27","1.05","10.70","1.30","3.66","1.99","1.91","3.43","1.33","7.05","1.11","1.68","2.19"
"58918","19-05-21 21:00","Portugal","Liga Portugal","2020/2021","Santa Clara","SC Farense","2.08","3.54","3.74","1.05","11.00","1.29","3.75","1.99","1.91","3.24","1.37","6.54","1.13","1.70","2.15"
"58919","19-05-21 21:00","Portugal","Liga Portugal","2020/2021","Vitoria Guimaraes","Benfica","3.33","3.87","2.11","","","1.20","4.84","1.59","2.42","2.49","1.56","4.49","1.22","1.49","2.60"
"58913","19-05-21 22:45","Portugal","Liga Portugal","2020/2021","Sporting CP","Maritimo","1.36","5.20","10.10","1.02","16.00","1.17","5.32","1.55","2.53","2.33","1.63","4.22","1.24","1.78","2.04"
"58912","06-08-21 21:15","Portugal","Liga Portugal","2021/2022","Sporting CP","Vizela","1.23","6.51","14.60","1.03","14.00","1.20","4.84","1.59","2.42","2.49","1.56","4.49","1.22","1.96","1.85"
"58911","07-08-21 13:45","Portugal","Liga Portugal","2021/2022","Arouca","Estoril","2.20","3.17","3.84","1.11","6.99","1.54","2.55","2.68","1.50","5.60","1.16","11.70","1.05","2.09","1.74"
"58910","07-08-21 19:00","Portugal","Liga Portugal","2021/2022","Moreirense","Benfica","10.20","4.73","1.39","1.03","14.10","1.23","4.35","1.70","2.28","2.83","1.45","5.01","1.19","1.83","1.98"
"58909","07-08-21 21:30","Portugal","Liga Portugal","2021/2022","Maritimo","Braga","5.13","3.59","1.79","1.08","8.70","1.41","2.99","2.19","1.71","4.44","1.22","9.25","1.07","1.99","1.81"
"58907","08-08-21 16:30","Portugal","Liga Portugal","2021/2022","Tondela","Santa Clara","3.39","3.19","2.37","1.09","8.00","1.41","3.00","2.37","1.62","4.48","1.22","9.26","1.07","1.98","1.83"
"58908","08-08-21 16:30","Portugal","Liga Portugal","2021/2022","Vitoria Guimaraes","Portimonense","1.97","3.29","4.55","1.09","8.00","1.48","2.75","2.37","1.62","4.48","1.22","9.99","1.06","2.04","1.78"
"58906","08-08-21 19:00","Portugal","Liga Portugal","2021/2022","FC Porto","BSAD","1.22","6.92","15.00","1.02","16.30","1.14","5.98","1.48","2.72","2.19","1.71","3.83","1.28","2.14","1.71"
"58905","08-08-21 21:30","Portugal","Liga Portugal","2021/2022","Pacos Ferreira","Famalicao","2.55","3.38","2.91","1.10","7.61","1.58","2.45","2.65","1.50","6.06","1.14","11.60","1.05","2.14","1.71"
"58904","09-08-21 21:15","Portugal","Liga Portugal","2021/2022","Gil Vicente","Boavista","1.95","3.34","4.56","1.11","7.07","1.48","2.72","2.65","1.50","5.01","1.19","11.60","1.05","2.07","1.75"
"58903","13-08-21 21:15","Portugal","Liga Portugal","2021/2022","Estoril","Vitoria Guimaraes","3.07","3.39","2.44","1.07","9.68","1.37","3.23","2.20","1.75","4.18","1.25","8.66","1.08","1.83","1.98"
"58902","14-08-21 16:30","Portugal","Liga Portugal","2021/2022","Vizela","Tondela","2.32","3.30","3.36","1.05","11.00","1.29","3.75","2.08","1.83","3.24","1.37","6.54","1.13","1.70","2.15"
"58901","14-08-21 19:00","Portugal","Liga Portugal","2021/2022","Benfica","Arouca","1.24","6.30","12.50","1.03","14.00","1.18","4.60","1.64","2.39","2.46","1.52","4.20","1.18","2.30","1.59"
"58900","14-08-21 21:30","Portugal","Liga Portugal","2021/2022","Braga","Sporting CP","2.96","3.51","2.45","1.06","9.78","1.36","3.26","2.19","1.71","4.15","1.25","8.58","1.08","1.83","1.98"
"58899","15-08-21 16:30","Portugal","Liga Portugal","2021/2022","Portimonense","Gil Vicente","2.50","3.07","3.27","1.10","7.61","1.45","2.85","2.47","1.57","5.01","1.19","10.40","1.06","1.93","1.88"
"58898","15-08-21 19:00","Portugal","Liga Portugal","2021/2022","Famalicao","FC Porto","10.30","4.73","1.38","1.04","12.00","1.23","4.35","1.70","2.28","2.65","1.50","5.01","1.19","1.82","2.00"
"58897","15-08-21 21:30","Portugal","Liga Portugal","2021/2022","Santa Clara","Moreirense","2.21","3.34","3.38","1.05","7.60","1.40","2.86","2.29","1.69","4.10","1.22","7.90","1.04","2.00","1.77"
"58896","16-08-21 20:00","Portugal","Liga Portugal","2021/2022","Boavista","Pacos Ferreira","3.31","3.19","2.41","1.10","7.53","1.49","2.69","2.49","1.56","5.06","1.18","10.50","1.06","2.01","1.80"
"58895","16-08-21 22:15","Portugal","Liga Portugal","2021/2022","BSAD","Maritimo","2.65","3.11","3.01","1.14","6.00","1.70","2.20","3.24","1.37","7.06","1.11","14.10","1.03","2.42","1.56"
"58894","20-08-21 20:00","Portugal","Liga Portugal","2021/2022","Arouca","Famalicao","2.82","3.18","2.77","1.11","7.00","1.51","2.63","2.66","1.50","5.11","1.18","11.20","1.05","2.04","1.78"
"58893","20-08-21 22:15","Portugal","Liga Portugal","2021/2022","Moreirense","Braga","5.64","4.15","1.63","1.04","12.00","1.28","3.80","1.93","1.97","3.40","1.34","6.54","1.13","1.82","2.00"
"58892","21-08-21 19:00","Portugal","Liga Portugal","2021/2022","Gil Vicente","Benfica","5.70","3.94","1.66","1.04","12.00","1.28","3.80","1.93","1.97","3.40","1.34","6.98","1.11","1.83","1.98"
"58891","21-08-21 21:30","Portugal","Liga Portugal","2021/2022","Sporting CP","BSAD","1.21","6.63","18.20","1.04","12.00","1.19","4.89","1.60","2.39","2.47","1.57","4.73","1.20","2.14","1.71"
"58890","22-08-21 16:30","Portugal","Liga Portugal","2021/2022","Tondela","Portimonense","2.80","3.20","2.77","1.08","9.00","1.36","3.25","2.24","1.73","3.79","1.29","8.45","1.09","1.83","1.98"
"58889","22-08-21 19:00","Portugal","Liga Portugal","2021/2022","Maritimo","FC Porto","9.71","4.27","1.44","1.08","8.60","1.32","3.49","2.20","1.75","3.87","1.28","7.90","1.09","2.14","1.71"
"58888","22-08-21 21:30","Portugal","Liga Portugal","2021/2022","Vitoria Guimaraes","Vizela","1.93","3.44","4.52","1.05","10.70","1.29","3.76","1.99","1.91","3.43","1.33","7.05","1.11","1.70","2.15"
"58887","23-08-21 20:00","Portugal","Liga Portugal","2021/2022","Pacos Ferreira","Estoril","2.16","3.47","3.59","1.10","7.53","1.49","2.69","2.49","1.56","5.06","1.18","10.50","1.06","2.01","1.80"
"58886","23-08-21 22:15","Portugal","Liga Portugal","2021/2022","Boavista","Santa Clara","2.46","3.14","3.26","1.11","6.99","1.49","2.69","2.68","1.50","5.06","1.18","11.70","1.05","2.01","1.80"
"58885","27-08-21 20:00","Portugal","Liga Portugal","2021/2022","BSAD","Moreirense","3.72","3.31","2.17","1.11","7.00","1.51","2.63","2.57","1.54","5.11","1.18","11.20","1.05","2.10","1.74"
"58884","27-08-21 22:15","Portugal","Liga Portugal","2021/2022","Estoril","Maritimo","2.17","3.20","3.88","1.13","6.50","1.56","2.50","2.86","1.45","6.00","1.14","12.50","1.04","2.24","1.65"
"58883","28-08-21 16:30","Portugal","Liga Portugal","2021/2022","Vizela","Boavista","2.67","3.24","2.87","1.06","9.78","1.36","3.26","2.17","1.77","3.83","1.28","7.83","1.09","1.76","2.07"
"58882","28-08-21 19:00","Portugal","Liga Portugal","2021/2022","FC Porto","Arouca","1.17","7.88","18.60","1.02","19.00","1.13","6.52","1.45","2.85","2.17","1.77","3.51","1.32","1.89","1.91"
"58881","28-08-21 21:30","Portugal","Liga Portugal","2021/2022","Famalicao","Sporting CP","7.48","4.10","1.53","1.06","9.78","1.30","3.70","1.97","1.93","3.51","1.32","6.98","1.11","1.89","1.91"
"58879","29-08-21 19:00","Portugal","Liga Portugal","2021/2022","Benfica","Tondela","1.16","8.64","21.00","1.01","24.00","1.08","8.60","1.29","3.76","1.67","2.26","2.49","1.56","2.08","1.75"
"58880","29-08-21 19:00","Portugal","Liga Portugal","2021/2022","Braga","Vitoria Guimaraes","1.76","3.72","5.12","1.04","11.80","1.26","4.03","1.86","2.05","3.03","1.41","6.12","1.14","1.68","2.19"
"58877","29-08-21 21:30","Portugal","Liga Portugal","2021/2022","Portimonense","Pacos Ferreira","2.22","3.19","3.76","1.10","7.53","1.49","2.69","2.49","1.56","5.06","1.18","10.50","1.06","2.01","1.80"
"58878","29-08-21 21:30","Portugal","Liga Portugal","2021/2022","Santa Clara","Gil Vicente","2.48","3.33","3.05","1.10","7.53","1.45","2.82","2.40","1.60","4.78","1.20","10.50","1.06","1.91","1.90"
"58876","11-09-21 16:30","Portugal","Liga Portugal","2021/2022","Pacos Ferreira","Braga","4.64","3.61","1.86","1.06","10.00","1.34","3.40","2.13","1.80","3.79","1.29","7.54","1.10","1.90","1.90"
"58875","11-09-21 19:00","Portugal","Liga Portugal","2021/2022","Santa Clara","Benfica","6.45","4.18","1.57","1.05","10.70","1.30","3.66","1.99","1.91","3.43","1.33","7.05","1.11","1.91","1.90"
"58874","11-09-21 21:30","Portugal","Liga Portugal","2021/2022","Sporting CP","FC Porto","2.53","3.53","2.84","1.07","9.68","1.37","3.23","2.20","1.75","3.87","1.28","8.66","1.08","1.78","2.04"
"58873","12-09-21 16:30","Portugal","Liga Portugal","2021/2022","Moreirense","Famalicao","3.06","3.27","2.51","1.08","9.00","1.36","3.25","2.24","1.73","4.14","1.25","8.45","1.09","1.83","1.98"
"58871","12-09-21 19:00","Portugal","Liga Portugal","2021/2022","Boavista","Portimonense","2.84","3.26","2.68","1.11","7.00","1.56","2.50","2.66","1.50","5.41","1.17","11.20","1.05","2.15","1.70"
"58872","12-09-21 19:00","Portugal","Liga Portugal","2021/2022","Gil Vicente","Vizela","2.26","3.29","3.50","1.08","8.70","1.36","3.26","2.19","1.71","4.15","1.25","8.58","1.08","1.82","2.00"
"58870","12-09-21 21:30","Portugal","Liga Portugal","2021/2022","Vitoria Guimaraes","BSAD","1.40","4.74","8.30","1.01","10.00","1.27","3.62","1.89","2.01","3.04","1.36","5.55","1.10","2.18","1.65"
"58869","13-09-21 20:00","Portugal","Liga Portugal","2021/2022","Maritimo","Arouca","2.18","3.32","3.69","1.10","7.53","1.45","2.82","2.49","1.56","5.06","1.18","10.50","1.06","1.96","1.85"
"58868","13-09-21 22:15","Portugal","Liga Portugal","2021/2022","Tondela","Estoril","3.30","3.36","2.32","1.08","9.00","1.36","3.25","2.24","1.73","4.14","1.25","8.45","1.09","1.83","1.98"
"58867","17-09-21 21:15","Portugal","Liga Portugal","2021/2022","Portimonense","Santa Clara","2.23","3.29","3.60","1.11","7.07","1.53","2.58","2.65","1.50","5.55","1.16","11.60","1.05","2.06","1.77"
"58866","18-09-21 16:30","Portugal","Liga Portugal","2021/2022","Famalicao","Maritimo","1.81","3.77","4.71","1.06","10.00","1.36","3.25","2.24","1.73","3.79","1.29","8.45","1.09","1.98","1.83"
"58865","18-09-21 19:00","Portugal","Liga Portugal","2021/2022","BSAD","Gil Vicente","3.69","3.37","2.16","1.11","7.00","1.51","2.63","2.57","1.54","5.11","1.18","11.20","1.05","2.10","1.74"
"58864","18-09-21 21:30","Portugal","Liga Portugal","2021/2022","Arouca","Vitoria Guimaraes","3.93","3.41","2.07","1.05","10.90","1.30","3.70","1.97","1.93","3.40","1.34","6.98","1.11","1.69","2.18"
"58863","19-09-21 16:30","Portugal","Liga Portugal","2021/2022","Vizela","Pacos Ferreira","2.27","3.38","3.38","1.08","9.00","1.41","3.00","2.35","1.67","4.48","1.22","9.26","1.07","1.98","1.83"
"58862","19-09-21 19:00","Portugal","Liga Portugal","2021/2022","FC Porto","Moreirense","1.21","7.10","15.30","1.02","16.00","1.15","5.91","1.49","2.69","2.31","1.64","3.87","1.28","2.01","1.80"
"58861","19-09-21 21:30","Portugal","Liga Portugal","2021/2022","Estoril","Sporting CP","5.55","3.94","1.63","1.03","8.80","1.33","3.20","2.07","1.84","3.54","1.28","6.55","1.07","2.06","1.73"
"58860","20-09-21 20:00","Portugal","Liga Portugal","2021/2022","Benfica","Boavista","1.12","10.20","24.00","1.02","16.00","1.14","5.98","1.45","2.85","2.10","1.77","3.51","1.32","2.12","1.72"
"58859","20-09-21 22:15","Portugal","Liga Portugal","2021/2022","Braga","Tondela","1.32","5.56","10.90","1.02","16.30","1.19","4.89","1.58","2.45","2.38","1.61","4.44","1.22","1.82","2.00"
"58858","24-09-21 20:00","Portugal","Liga Portugal","2021/2022","Sporting CP","Maritimo","1.24","6.18","15.30","1.05","10.90","1.28","3.80","1.93","1.97","3.40","1.34","6.54","1.13","2.48","1.54"
"58857","24-09-21 22:15","Portugal","Liga Portugal","2021/2022","Gil Vicente","FC Porto","9.36","4.92","1.39","1.03","14.10","1.23","4.35","1.70","2.28","2.65","1.50","5.01","1.19","1.83","1.98"
"58856","25-09-21 16:30","Portugal","Liga Portugal","2021/2022","Moreirense","Arouca","2.00","3.41","4.20","1.08","9.00","1.34","3.40","2.13","1.80","3.67","1.30","7.54","1.10","1.83","1.98"
"58855","25-09-21 19:00","Portugal","Liga Portugal","2021/2022","Vitoria Guimaraes","Benfica","5.79","4.05","1.64","1.04","12.00","1.28","3.80","1.93","1.97","3.40","1.34","6.98","1.11","1.82","2.00"
"58854","25-09-21 21:30","Portugal","Liga Portugal","2021/2022","Tondela","Famalicao","3.91","3.60","2.01","1.05","11.00","1.29","3.75","1.99","1.91","3.24","1.37","6.54","1.13","1.74","2.10"
"58853","26-09-21 19:00","Portugal","Liga Portugal","2021/2022","Santa Clara","Braga","4.65","3.52","1.88","1.06","9.78","1.32","3.53","2.17","1.77","3.83","1.28","7.83","1.09","1.83","1.98"
"58852","26-09-21 21:30","Portugal","Liga Portugal","2021/2022","Portimonense","Vizela","2.20","3.36","3.59","1.08","8.70","1.41","2.99","2.29","1.66","4.44","1.22","9.25","1.07","1.89","1.91"
"58851","27-09-21 20:00","Portugal","Liga Portugal","2021/2022","Pacos Ferreira","BSAD","1.81","3.51","5.17","1.11","7.00","1.51","2.63","2.57","1.54","5.11","1.18","11.20","1.05","2.24","1.65"
"58850","27-09-21 22:15","Portugal","Liga Portugal","2021/2022","Boavista","Estoril","2.80","3.11","2.85","1.10","7.61","1.45","2.85","2.47","1.57","5.01","1.19","10.40","1.06","1.94","1.86"
"58849","01-10-21 20:00","Portugal","Liga Portugal","2021/2022","Maritimo","Moreirense","2.43","3.19","3.27","1.08","8.70","1.36","3.26","2.19","1.71","4.15","1.25","8.58","1.08","1.83","1.98"
"58848","01-10-21 22:15","Portugal","Liga Portugal","2021/2022","Famalicao","Vitoria Guimaraes","2.91","3.28","2.61","1.04","12.00","1.26","4.08","1.93","1.97","3.18","1.38","6.54","1.13","1.63","2.28"
"58847","02-10-21 16:30","Portugal","Liga Portugal","2021/2022","Vizela","Santa Clara","2.31","3.29","3.39","1.09","8.00","1.41","3.00","2.35","1.67","4.14","1.25","9.26","1.07","1.90","1.90"
"58846","02-10-21 19:00","Portugal","Liga Portugal","2021/2022","FC Porto","Pacos Ferreira","1.27","5.99","12.50","1.04","13.00","1.23","4.33","1.70","2.20","2.86","1.45","5.11","1.18","2.15","1.70"
"58845","02-10-21 21:30","Portugal","Liga Portugal","2021/2022","Arouca","Sporting CP","8.80","4.92","1.40","1.05","11.00","1.32","3.50","2.08","1.83","3.43","1.34","7.06","1.11","2.15","1.70"
"58844","03-10-21 16:30","Portugal","Liga Portugal","2021/2022","BSAD","Tondela","2.69","3.31","2.80","1.08","9.00","1.36","3.25","2.24","1.73","4.14","1.25","8.45","1.09","1.83","1.98"
"58842","03-10-21 19:00","Portugal","Liga Portugal","2021/2022","Benfica","Portimonense","1.22","6.92","15.00","1.05","11.00","1.26","4.00","1.82","2.10","2.86","1.45","5.41","1.17","2.53","1.52"
"58843","03-10-21 19:00","Portugal","Liga Portugal","2021/2022","Estoril","Gil Vicente","2.04","3.23","4.30","1.08","8.70","1.41","2.99","2.19","1.71","4.15","1.25","9.25","1.07","1.83","1.98"
"58841","03-10-21 21:30","Portugal","Liga Portugal","2021/2022","Braga","Boavista","1.38","5.41","8.33","1.03","14.10","1.23","4.35","1.77","2.17","2.83","1.45","5.55","1.16","1.89","1.91"
"58840","22-10-21 21:15","Portugal","Liga Portugal","2021/2022","Vitoria Guimaraes","Maritimo","1.54","4.11","7.19","1.06","9.78","1.32","3.53","2.07","1.84","3.83","1.28","7.83","1.09","2.06","1.77"
"58839","23-10-21 16:30","Portugal","Liga Portugal","2021/2022","Santa Clara","Famalicao","2.77","3.41","2.66","1.06","9.78","1.36","3.26","2.17","1.77","4.15","1.25","8.58","1.08","1.83","1.98"
"58838","23-10-21 19:00","Portugal","Liga Portugal","2021/2022","Tondela","FC Porto","14.20","7.10","1.22","1.03","15.00","1.17","5.43","1.53","2.58","2.38","1.61","4.15","1.25","1.94","1.86"
"58837","23-10-21 21:30","Portugal","Liga Portugal","2021/2022","Sporting CP","Moreirense","1.20","6.95","14.50","1.03","14.50","1.17","4.84","1.61","2.46","2.41","1.54","4.10","1.19","2.38","1.55"
"58836","24-10-21 16:30","Portugal","Liga Portugal","2021/2022","Pacos Ferreira","Arouca","1.97","3.72","3.92","1.06","10.00","1.36","3.25","2.35","1.67","4.14","1.25","8.45","1.09","1.98","1.83"
"58835","24-10-21 19:00","Portugal","Liga Portugal","2021/2022","Vizela","Benfica","9.08","5.54","1.35","1.02","16.10","1.21","4.66","1.62","2.37","2.49","1.56","4.78","1.20","1.85","1.96"
"58834","24-10-21 21:30","Portugal","Liga Portugal","2021/2022","Portimonense","Estoril","2.38","3.20","3.36","1.11","7.00","1.56","2.50","2.66","1.50","5.41","1.17","11.20","1.05","2.10","1.74"
"58833","25-10-21 20:00","Portugal","Liga Portugal","2021/2022","Gil Vicente","Braga","5.52","3.69","1.73","1.04","11.80","1.29","3.76","1.95","1.95","3.21","1.37","6.60","1.12","1.72","2.13"
"58832","25-10-21 22:15","Portugal","Liga Portugal","2021/2022","Boavista","BSAD","1.98","3.33","4.41","1.08","8.60","1.45","2.82","2.40","1.60","4.78","1.20","10.50","1.06","1.96","1.85"
"58831","29-10-21 21:15","Portugal","Liga Portugal","2021/2022","Arouca","Tondela","2.22","3.40","3.50","1.04","12.00","1.26","4.08","1.93","1.97","3.18","1.38","6.54","1.13","1.63","2.28"
"58830","30-10-21 18:00","Portugal","Liga Portugal","2021/2022","FC Porto","Boavista","1.16","8.46","21.00","1.03","15.00","1.19","5.00","1.61","2.38","2.57","1.54","4.48","1.22","2.42","1.56"
"58829","30-10-21 20:00","Portugal","Liga Portugal","2021/2022","Estoril","Benfica","9.15","5.05","1.38","1.04","12.00","1.26","4.08","1.77","2.17","2.83","1.45","5.55","1.16","1.89","1.91"
"58828","30-10-21 22:15","Portugal","Liga Portugal","2021/2022","Sporting CP","Vitoria Guimaraes","1.46","4.48","7.96","1.04","12.00","1.23","4.35","1.77","2.17","2.83","1.45","5.55","1.16","1.89","1.91"
"58827","31-10-21 16:30","Portugal","Liga Portugal","2021/2022","Maritimo","Gil Vicente","3.10","3.10","2.59","1.11","7.00","1.51","2.63","2.57","1.54","5.11","1.18","11.20","1.05","2.04","1.78"
"58826","31-10-21 19:00","Portugal","Liga Portugal","2021/2022","BSAD","Santa Clara","3.50","3.29","2.26","1.10","7.61","1.48","2.72","2.65","1.50","5.55","1.16","11.60","1.05","2.06","1.77"
"58825","31-10-21 21:30","Portugal","Liga Portugal","2021/2022","Famalicao","Vizela","1.81","3.62","4.92","1.04","12.00","1.26","4.08","1.93","1.97","3.18","1.38","6.54","1.13","1.76","2.06"
"58824","01-11-21 20:00","Portugal","Liga Portugal","2021/2022","Braga","Portimonense","1.48","4.37","7.84","1.04","11.80","1.29","3.76","1.95","1.95","3.21","1.37","6.60","1.12","1.96","1.85"
"58823","01-11-21 22:15","Portugal","Liga Portugal","2021/2022","Moreirense","Pacos Ferreira","2.53","3.20","3.10","1.08","8.60","1.42","2.96","2.21","1.70","4.18","1.25","9.34","1.07","1.85","1.96"
"58822","05-11-21 20:00","Portugal","Liga Portugal","2021/2022","Gil Vicente","Arouca","1.91","3.51","4.48","1.08","9.00","1.41","3.00","2.35","1.67","4.48","1.22","9.26","1.07","1.98","1.83"
"58821","05-11-21 22:15","Portugal","Liga Portugal","2021/2022","Boavista","Famalicao","3.99","3.75","1.95","1.06","9.78","1.36","3.26","2.17","1.77","3.83","1.28","8.58","1.08","1.83","1.98"
"58820","06-11-21 16:30","Portugal","Liga Portugal","2021/2022","Vizela","Estoril","2.12","3.31","3.88","1.09","8.00","1.41","3.00","2.35","1.67","4.14","1.25","9.26","1.07","1.90","1.90"
"58819","06-11-21 19:00","Portugal","Liga Portugal","2021/2022","Portimonense","BSAD","1.83","3.46","5.09","1.13","6.50","1.56","2.50","2.86","1.45","6.00","1.14","12.50","1.04","2.42","1.56"
"58818","06-11-21 21:30","Portugal","Liga Portugal","2021/2022","Vitoria Guimaraes","Moreirense","1.60","4.07","6.29","1.04","12.00","1.30","3.70","1.97","1.93","3.40","1.34","6.98","1.11","1.82","2.00"
"58817","07-11-21 15:00","Portugal","Liga Portugal","2021/2022","Tondela","Maritimo","2.06","3.30","4.12","1.09","8.00","1.36","3.25","2.35","1.67","4.14","1.25","8.45","1.09","1.90","1.90"
"58816","07-11-21 18:00","Portugal","Liga Portugal","2021/2022","Santa Clara","FC Porto","9.64","4.93","1.38","1.04","12.00","1.23","4.35","1.77","2.17","2.83","1.45","5.55","1.16","1.89","1.91"
"58815","07-11-21 20:00","Portugal","Liga Portugal","2021/2022","Pacos Ferreira","Sporting CP","7.48","4.10","1.53","1.08","8.70","1.41","2.99","2.19","1.71","4.15","1.25","8.58","1.08","2.14","1.71"
"58814","07-11-21 22:15","Portugal","Liga Portugal","2021/2022","Benfica","Braga","1.58","4.46","5.84","1.03","14.10","1.23","4.35","1.77","2.17","2.83","1.45","5.55","1.16","1.70","2.15"
"58813","26-11-21 21:15","Portugal","Liga Portugal","2021/2022","Moreirense","Gil Vicente","2.59","3.10","3.10","1.08","9.00","1.36","3.25","2.35","1.67","4.14","1.25","8.45","1.09","1.83","1.98"
"58812","27-11-21 16:30","Portugal","Liga Portugal","2021/2022","Famalicao","Portimonense","1.78","3.57","5.25","1.08","9.00","1.41","3.00","2.35","1.67","4.48","1.22","9.26","1.07","2.04","1.78"
"58811","27-11-21 19:00","Portugal","Liga Portugal","2021/2022","Arouca","Boavista","2.17","3.20","3.88","1.08","8.60","1.42","2.96","2.21","1.70","4.18","1.25","8.66","1.08","1.85","1.96"
"58810","27-11-21 21:30","Portugal","Liga Portugal","2021/2022","BSAD","Benfica","28.00","10.00","1.08","1.02","16.10","1.11","6.99","1.37","3.23","1.95","1.95","3.03","1.41","3.06","1.38"
"58809","28-11-21 16:30","Portugal","Liga Portugal","2021/2022","Maritimo","Pacos Ferreira","2.36","3.35","3.25","1.11","7.00","1.56","2.50","2.66","1.50","5.41","1.17","11.20","1.05","2.15","1.70"
"58808","28-11-21 19:00","Portugal","Liga Portugal","2021/2022","Sporting CP","Tondela","1.18","7.43","19.40","1.03","15.00","1.16","5.50","1.51","2.63","2.35","1.67","3.79","1.29","2.10","1.74"
"58807","28-11-21 21:30","Portugal","Liga Portugal","2021/2022","FC Porto","Vitoria Guimaraes","1.23","6.60","14.20","1.02","17.00","1.15","5.91","1.45","2.82","2.12","1.76","3.87","1.28","1.85","1.96"
"58806","29-11-21 21:15","Portugal","Liga Portugal","2021/2022","Estoril","Santa Clara","2.16","3.20","3.92","1.10","7.61","1.48","2.72","2.47","1.57","5.01","1.19","10.40","1.06","1.97","1.83"
"58805","30-11-21 21:15","Portugal","Liga Portugal","2021/2022","Braga","Vizela","1.48","4.87","6.66","1.03","14.10","1.23","4.35","1.77","2.17","2.83","1.45","5.55","1.16","1.83","1.98"
"58804","03-12-21 20:00","Portugal","Liga Portugal","2021/2022","Portimonense","FC Porto","8.40","4.16","1.49","1.05","10.90","1.26","4.08","1.93","1.97","3.18","1.38","6.06","1.14","1.87","1.93"
"58803","03-12-21 22:15","Portugal","Liga Portugal","2021/2022","Benfica","Sporting CP","2.06","3.32","3.86","1.02","9.10","1.27","3.62","1.89","2.01","2.99","1.37","5.40","1.11","1.84","1.92"
"58802","04-12-21 19:00","Portugal","Liga Portugal","2021/2022","Boavista","Maritimo","2.33","3.00","3.73","1.11","7.07","1.48","2.72","2.47","1.57","5.01","1.19","10.40","1.06","1.94","1.86"
"58801","04-12-21 21:30","Portugal","Liga Portugal","2021/2022","Pacos Ferreira","Vitoria Guimaraes","3.22","3.20","2.46","1.06","9.78","1.32","3.53","2.17","1.77","3.83","1.28","7.83","1.09","1.70","2.15"
"58800","05-12-21 16:30","Portugal","Liga Portugal","2021/2022","Santa Clara","Arouca","1.92","3.52","4.45","1.08","8.60","1.42","2.96","2.31","1.64","4.49","1.22","9.34","1.07","1.96","1.85"
"58799","05-12-21 19:00","Portugal","Liga Portugal","2021/2022","Gil Vicente","Famalicao","3.61","3.41","2.17","1.04","11.80","1.29","3.76","1.95","1.95","3.21","1.37","6.60","1.12","1.64","2.26"
"58798","05-12-21 21:30","Portugal","Liga Portugal","2021/2022","Braga","Estoril","1.48","4.47","7.76","1.04","11.80","1.24","4.30","1.78","2.15","2.85","1.45","5.60","1.16","1.85","1.96"
"58797","10-12-21 21:15","Portugal","Liga Portugal","2021/2022","Pacos Ferreira","Gil Vicente","4.04","3.31","2.07","1.08","8.70","1.41","2.99","2.19","1.71","4.15","1.25","9.25","1.07","1.83","1.98"
"58796","11-12-21 16:30","Portugal","Liga Portugal","2021/2022","Maritimo","Santa Clara","2.78","3.20","2.78","1.11","7.00","1.51","2.63","2.66","1.50","5.41","1.17","11.20","1.05","2.10","1.74"
"58795","11-12-21 19:00","Portugal","Liga Portugal","2021/2022","Vitoria Guimaraes","Tondela","1.60","4.83","5.08","1.02","16.30","1.19","4.89","1.58","2.45","2.47","1.57","4.44","1.22","1.59","2.36"
"58794","11-12-21 21:30","Portugal","Liga Portugal","2021/2022","Sporting CP","Boavista","1.25","6.45","12.30","1.04","12.00","1.23","4.35","1.70","2.28","2.83","1.45","5.01","1.19","2.12","1.72"
"58792","12-12-21 16:30","Portugal","Liga Portugal","2021/2022","BSAD","Estoril","3.50","3.40","2.22","1.09","8.00","1.48","2.75","2.37","1.62","4.48","1.22","9.26","1.07","1.98","1.83"
"58793","12-12-21 16:30","Portugal","Liga Portugal","2021/2022","Moreirense","Portimonense","2.39","3.32","3.22","1.09","8.00","1.48","2.75","2.47","1.57","4.80","1.20","9.99","1.06","1.98","1.83"
"58791","12-12-21 19:00","Portugal","Liga Portugal","2021/2022","Famalicao","Benfica","5.55","4.33","1.61","1.02","16.10","1.21","4.66","1.67","2.26","2.68","1.50","5.06","1.18","1.64","2.26"
"58790","12-12-21 21:30","Portugal","Liga Portugal","2021/2022","FC Porto","Braga","1.46","4.62","7.72","1.04","11.80","1.21","4.66","1.72","2.26","2.68","1.50","5.06","1.18","1.85","1.96"
"58789","13-12-21 21:15","Portugal","Liga Portugal","2021/2022","Arouca","Vizela","3.19","3.28","2.41","1.08","8.70","1.36","3.26","2.17","1.77","4.15","1.25","8.58","1.08","1.76","2.07"
"58788","17-12-21 20:00","Portugal","Liga Portugal","2021/2022","Santa Clara","Vitoria Guimaraes","3.33","3.31","2.33","1.06","9.78","1.30","3.70","2.07","1.84","3.51","1.32","6.98","1.11","1.69","2.18"
"58787","17-12-21 22:15","Portugal","Liga Portugal","2021/2022","Estoril","Famalicao","2.28","3.37","3.37","1.08","9.00","1.36","3.25","2.35","1.67","4.14","1.25","8.45","1.09","1.90","1.90"
"58785","18-12-21 16:30","Portugal","Liga Portugal","2021/2022","Portimonense","Arouca","2.18","3.37","3.63","1.08","8.70","1.41","2.99","2.29","1.66","4.44","1.22","9.25","1.07","1.89","1.91"
"58786","18-12-21 16:30","Portugal","Liga Portugal","2021/2022","Tondela","Pacos Ferreira","2.53","3.35","2.97","1.06","10.00","1.32","3.50","2.13","1.80","3.67","1.30","7.54","1.10","1.78","2.04"
"58784","18-12-21 21:30","Portugal","Liga Portugal","2021/2022","Gil Vicente","Sporting CP","5.29","3.66","1.75","1.05","10.90","1.30","3.70","1.97","1.93","3.51","1.32","6.98","1.11","1.76","2.07"
"58782","19-12-21 18:00","Portugal","Liga Portugal","2021/2022","Benfica","Maritimo","1.17","7.43","21.00","1.02","16.30","1.14","5.98","1.48","2.72","2.19","1.71","3.83","1.28","1.99","1.81"
"58783","19-12-21 18:00","Portugal","Liga Portugal","2021/2022","Boavista","Moreirense","2.64","3.11","3.04","1.10","7.61","1.45","2.85","2.38","1.61","4.73","1.20","10.40","1.06","1.89","1.91"
"58781","19-12-21 20:00","Portugal","Liga Portugal","2021/2022","Vizela","FC Porto","11.10","5.56","1.31","1.02","16.30","1.19","4.89","1.60","2.39","2.47","1.57","4.73","1.20","1.89","1.91"
"58780","19-12-21 22:00","Portugal","Liga Portugal","2021/2022","Braga","BSAD","1.23","7.81","11.00","1.02","16.30","1.19","4.89","1.58","2.45","2.47","1.57","4.44","1.22","2.07","1.75"
"58779","28-12-21 18:00","Portugal","Liga Portugal","2021/2022","Tondela","Gil Vicente","3.17","3.68","2.25","1.03","14.10","1.23","4.35","1.77","2.17","2.83","1.45","5.55","1.16","1.56","2.43"
"58778","28-12-21 20:00","Portugal","Liga Portugal","2021/2022","Maritimo","Vizela","2.87","3.33","2.61","1.06","9.78","1.36","3.26","2.17","1.77","4.15","1.25","8.58","1.08","1.76","2.07"
"58777","28-12-21 22:00","Portugal","Liga Portugal","2021/2022","Moreirense","Estoril","3.02","3.40","2.47","1.10","7.61","1.41","2.99","2.29","1.66","4.44","1.22","9.25","1.07","1.83","1.98"
"58776","29-12-21 20:00","Portugal","Liga Portugal","2021/2022","Vitoria Guimaraes","Boavista","1.69","4.17","5.06","1.05","10.90","1.30","3.70","1.97","1.93","3.51","1.32","6.98","1.11","1.83","1.98"
"58775","29-12-21 22:00","Portugal","Liga Portugal","2021/2022","Sporting CP","Portimonense","1.29","5.82","11.30","1.04","12.00","1.23","4.35","1.77","2.17","2.83","1.45","5.55","1.16","2.07","1.75"
"58774","30-12-21 18:00","Portugal","Liga Portugal","2021/2022","Pacos Ferreira","Santa Clara","2.59","3.10","3.10","1.11","7.07","1.48","2.72","2.47","1.57","5.01","1.19","10.40","1.06","1.93","1.88"
"58773","30-12-21 20:00","Portugal","Liga Portugal","2021/2022","Arouca","Braga","4.61","3.69","1.84","1.06","9.78","1.32","3.53","2.07","1.84","3.83","1.28","7.83","1.09","1.82","2.00"
"58772","30-12-21 22:00","Portugal","Liga Portugal","2021/2022","FC Porto","Benfica","1.82","3.95","4.37","1.03","14.10","1.26","4.08","1.77","2.17","3.00","1.41","5.55","1.16","1.65","2.24"
"58771","02-01-22 19:30","Portugal","Liga Portugal","2021/2022","Vizela","BSAD","1.80","3.70","4.88","1.09","8.00","1.48","2.75","2.37","1.62","4.48","1.22","9.26","1.07","2.15","1.70"
"58770","03-01-22 21:15","Portugal","Liga Portugal","2021/2022","Tondela","Moreirense","2.86","3.38","2.47","1.03","8.70","1.33","3.20","2.08","1.83","3.54","1.28","6.60","1.07","1.81","1.95"
"58769","07-01-22 19:30","Portugal","Liga Portugal","2021/2022","Santa Clara","Sporting CP","8.36","4.44","1.46","1.04","12.00","1.26","4.08","1.85","2.07","3.00","1.41","6.06","1.14","1.87","1.93"
"58768","08-01-22 16:30","Portugal","Liga Portugal","2021/2022","Vizela","Moreirense","2.35","3.47","3.16","1.08","9.00","1.36","3.25","2.35","1.67","4.14","1.25","8.45","1.09","1.90","1.90"
"58767","08-01-22 19:00","Portugal","Liga Portugal","2021/2022","Estoril","FC Porto","9.46","6.05","1.32","1.03","14.10","1.23","4.35","1.70","2.28","2.83","1.45","5.01","1.19","1.97","1.83"
"58766","08-01-22 21:30","Portugal","Liga Portugal","2021/2022","Boavista","Tondela","2.08","3.42","3.66","1.03","8.60","1.30","3.40","2.00","1.90","3.26","1.32","6.05","1.09","1.84","1.92"
"58765","09-01-22 16:30","Portugal","Liga Portugal","2021/2022","Portimonense","Maritimo","2.02","3.26","4.39","1.08","8.60","1.42","2.96","2.21","1.70","4.18","1.25","9.34","1.07","1.85","1.96"
"58763","09-01-22 19:00","Portugal","Liga Portugal","2021/2022","Benfica","Pacos Ferreira","1.22","6.78","15.70","1.03","15.00","1.16","5.50","1.56","2.50","2.37","1.62","4.14","1.25","2.15","1.70"
"58764","09-01-22 19:00","Portugal","Liga Portugal","2021/2022","Braga","Famalicao","1.58","4.41","5.86","1.04","13.00","1.26","4.00","1.82","2.10","3.06","1.40","5.41","1.17","1.83","1.98"
"58762","09-01-22 21:30","Portugal","Liga Portugal","2021/2022","BSAD","Arouca","3.15","3.05","2.59","1.11","6.99","1.49","2.69","2.68","1.50","5.06","1.18","11.70","1.05","1.96","1.85"
"58761","10-01-22 21:15","Portugal","Liga Portugal","2021/2022","Gil Vicente","Vitoria Guimaraes","2.13","3.39","3.73","1.06","9.78","1.32","3.53","2.07","1.84","3.83","1.28","7.83","1.09","1.70","2.15"
"58760","13-01-22 19:00","Portugal","Liga Portugal","2021/2022","Famalicao","BSAD","1.53","4.20","6.45","1.03","8.70","1.33","3.20","2.08","1.83","3.54","1.28","6.55","1.07","2.20","1.64"
"58759","15-01-22 16:30","Portugal","Liga Portugal","2021/2022","Boavista","Gil Vicente","3.39","3.34","2.29","1.08","8.70","1.32","3.53","2.17","1.77","3.83","1.28","7.83","1.09","1.74","2.09"
"58757","15-01-22 19:00","Portugal","Liga Portugal","2021/2022","Benfica","Moreirense","1.21","6.60","18.50","1.02","16.30","1.17","5.43","1.53","2.58","2.29","1.66","4.15","1.25","2.06","1.77"
"58758","15-01-22 19:00","Portugal","Liga Portugal","2021/2022","Braga","Maritimo","1.40","5.13","8.21","1.02","16.30","1.17","5.43","1.53","2.58","2.38","1.61","4.44","1.22","1.69","2.18"
"58756","16-01-22 16:30","Portugal","Liga Portugal","2021/2022","Santa Clara","Tondela","1.74","3.94","4.96","1.08","8.70","1.36","3.26","2.17","1.77","4.15","1.25","8.58","1.08","1.94","1.86"
"58755","16-01-22 19:00","Portugal","Liga Portugal","2021/2022","Vizela","Sporting CP","9.15","5.34","1.36","1.03","14.10","1.23","4.35","1.70","2.28","2.65","1.50","5.01","1.19","1.89","1.91"
"58754","16-01-22 19:30","Portugal","Liga Portugal","2021/2022","Famalicao","Pacos Ferreira","2.04","3.26","4.28","1.09","8.00","1.41","3.00","2.46","1.62","4.48","1.22","9.26","1.07","1.98","1.83"
"58753","16-01-22 21:30","Portugal","Liga Portugal","2021/2022","BSAD","FC Porto","14.80","6.60","1.23","1.04","12.00","1.23","4.35","1.70","2.28","2.83","1.45","5.01","1.19","2.24","1.64"
"58752","17-01-22 21:15","Portugal","Liga Portugal","2021/2022","Portimonense","Vitoria Guimaraes","2.39","3.32","3.22","1.06","10.00","1.32","3.50","2.13","1.80","3.67","1.30","7.54","1.10","1.78","2.04"
"58751","21-01-22 20:00","Portugal","Liga Portugal","2021/2022","Arouca","Benfica","10.70","5.56","1.32","1.02","16.30","1.19","4.89","1.58","2.45","2.47","1.57","4.44","1.22","1.82","2.00"
"58750","21-01-22 22:15","Portugal","Liga Portugal","2021/2022","Pacos Ferreira","Boavista","2.61","3.09","3.08","1.11","7.07","1.48","2.72","2.47","1.57","5.01","1.19","10.40","1.06","1.93","1.88"
"58749","22-01-22 16:30","Portugal","Liga Portugal","2021/2022","Moreirense","Santa Clara","2.47","3.34","3.07","1.11","7.07","1.48","2.72","2.47","1.57","5.01","1.19","11.60","1.05","1.93","1.88"
"58748","22-01-22 19:00","Portugal","Liga Portugal","2021/2022","Tondela","Vizela","2.75","3.34","2.59","1.03","8.80","1.30","3.40","2.00","1.90","3.26","1.32","6.05","1.08","1.83","1.93"
"58747","22-01-22 21:30","Portugal","Liga Portugal","2021/2022","Sporting CP","Braga","1.61","3.91","6.43","1.05","10.90","1.30","3.70","2.07","1.84","3.51","1.32","6.98","1.11","1.87","1.93"
"58745","23-01-22 16:30","Portugal","Liga Portugal","2021/2022","Maritimo","BSAD","1.87","3.54","4.68","1.09","8.00","1.48","2.75","2.37","1.62","4.48","1.22","9.26","1.07","2.10","1.74"
"58746","23-01-22 16:30","Portugal","Liga Portugal","2021/2022","Vitoria Guimaraes","Estoril","2.14","3.35","3.76","1.06","10.00","1.32","3.50","2.13","1.80","3.67","1.30","7.54","1.10","1.78","2.04"
"58744","23-01-22 19:00","Portugal","Liga Portugal","2021/2022","Gil Vicente","Portimonense","1.81","3.89","4.49","1.04","11.80","1.29","3.76","1.95","1.95","3.43","1.33","6.60","1.12","1.78","2.04"
"58743","23-01-22 21:30","Portugal","Liga Portugal","2021/2022","FC Porto","Famalicao","1.24","7.20","11.30","1.02","20.00","1.14","6.00","1.48","2.75","2.24","1.73","3.67","1.30","1.98","1.83"
"58742","27-01-22 21:15","Portugal","Liga Portugal","2021/2022","Estoril","Arouca","1.97","3.49","4.24","1.08","8.70","1.41","2.99","2.29","1.66","4.44","1.22","9.25","1.07","1.93","1.88"
"58740","30-01-22 16:30","Portugal","Liga Portugal","2021/2022","Portimonense","Tondela","2.21","3.57","3.36","1.04","13.00","1.29","3.75","1.99","1.91","3.24","1.37","6.54","1.13","1.70","2.15"
"58741","30-01-22 16:30","Portugal","Liga Portugal","2021/2022","Vizela","Vitoria Guimaraes","2.71","3.51","2.66","1.04","13.00","1.29","3.75","2.08","1.83","3.43","1.34","6.54","1.13","1.74","2.10"
"58739","30-01-22 19:00","Portugal","Liga Portugal","2021/2022","Braga","Moreirense","1.46","5.03","6.88","1.03","14.10","1.23","4.35","1.70","2.28","2.83","1.45","5.01","1.19","1.82","2.00"
"58738","30-01-22 21:30","Portugal","Liga Portugal","2021/2022","FC Porto","Maritimo","1.20","7.39","16.00","1.03","14.10","1.14","5.98","1.48","2.72","2.19","1.71","3.83","1.28","1.93","1.88"
"58737","31-01-22 20:00","Portugal","Liga Portugal","2021/2022","Estoril","Pacos Ferreira","2.20","3.32","3.64","1.10","7.61","1.41","2.99","2.29","1.66","4.44","1.22","9.25","1.07","1.89","1.91"
"58736","31-01-22 22:15","Portugal","Liga Portugal","2021/2022","Famalicao","Arouca","2.05","3.38","4.05","1.08","8.70","1.41","2.99","2.19","1.71","4.15","1.25","8.58","1.08","1.89","1.91"
"58735","01-02-22 21:15","Portugal","Liga Portugal","2021/2022","Santa Clara","Boavista","2.18","3.35","3.64","1.08","8.70","1.41","2.99","2.19","1.71","4.15","1.25","9.25","1.07","1.89","1.91"
"58734","02-02-22 20:00","Portugal","Liga Portugal","2021/2022","Benfica","Gil Vicente","1.47","4.64","6.60","1.01","12.50","1.20","4.40","1.69","2.29","2.57","1.48","4.44","1.16","1.97","1.80"
"58733","02-02-22 21:45","Portugal","Liga Portugal","2021/2022","BSAD","Sporting CP","12.00","6.61","1.25","1.04","12.00","1.23","4.35","1.70","2.28","2.83","1.45","5.01","1.19","2.12","1.72"
"58732","05-02-22 16:30","Portugal","Liga Portugal","2021/2022","Maritimo","Estoril","2.53","3.10","3.20","1.11","7.00","1.51","2.63","2.57","1.54","5.11","1.18","11.20","1.05","2.04","1.78"
"58731","05-02-22 19:00","Portugal","Liga Portugal","2021/2022","Pacos Ferreira","Portimonense","2.48","3.10","3.12","1.07","6.50","1.51","2.49","2.64","1.54","5.05","1.16","9.90","1.02","2.22","1.63"
"58730","05-02-22 21:30","Portugal","Liga Portugal","2021/2022","Vitoria Guimaraes","Braga","4.23","3.69","1.91","1.03","14.10","1.26","4.08","1.85","2.07","3.18","1.38","6.06","1.14","1.66","2.22"
"58728","06-02-22 16:30","Portugal","Liga Portugal","2021/2022","Boavista","Vizela","2.43","3.28","3.18","1.08","9.00","1.36","3.25","2.35","1.67","4.14","1.25","8.45","1.09","1.83","1.98"
"58729","06-02-22 16:30","Portugal","Liga Portugal","2021/2022","Gil Vicente","Santa Clara","2.06","3.50","3.86","1.06","10.00","1.34","3.40","2.24","1.73","3.79","1.29","7.54","1.10","1.83","1.98"
"58727","06-02-22 19:00","Portugal","Liga Portugal","2021/2022","Arouca","FC Porto","8.10","5.00","1.38","","","1.22","4.10","1.74","2.21","2.70","1.44","4.70","1.14","2.01","1.76"
"58726","06-02-22 21:30","Portugal","Liga Portugal","2021/2022","Sporting CP","Famalicao","1.35","4.85","12.30","1.04","12.00","1.23","4.35","1.77","2.17","2.83","1.45","5.55","1.16","2.07","1.75"
"58725","07-02-22 20:00","Portugal","Liga Portugal","2021/2022","Tondela","Benfica","9.11","5.03","1.38","1.02","22.00","1.15","5.91","1.49","2.69","2.21","1.70","3.87","1.28","1.64","2.26"
"58724","07-02-22 22:15","Portugal","Liga Portugal","2021/2022","Moreirense","BSAD","1.74","3.61","5.55","1.08","8.60","1.42","2.96","2.21","1.70","4.49","1.22","9.34","1.07","2.01","1.80"
"58723","11-02-22 21:15","Portugal","Liga Portugal","2021/2022","FC Porto","Sporting CP","1.85","3.86","4.33","1.05","10.90","1.30","3.70","1.97","1.93","3.51","1.32","6.98","1.11","1.70","2.15"
"58722","12-02-22 16:30","Portugal","Liga Portugal","2021/2022","Braga","Pacos Ferreira","1.42","4.64","8.96","1.04","12.00","1.26","4.08","1.93","1.97","3.18","1.38","6.06","1.14","1.97","1.83"
"58720","12-02-22 19:00","Portugal","Liga Portugal","2021/2022","Benfica","Santa Clara","1.35","6.13","8.08","1.03","16.00","1.19","4.89","1.58","2.45","2.47","1.57","4.44","1.22","1.74","2.09"
"58721","12-02-22 19:00","Portugal","Liga Portugal","2021/2022","Portimonense","Boavista","2.38","3.10","3.48","1.08","8.70","1.36","3.26","2.28","1.70","4.15","1.25","8.58","1.08","1.74","2.09"
"58719","12-02-22 21:30","Portugal","Liga Portugal","2021/2022","Estoril","Tondela","1.97","3.41","4.34","1.06","10.00","1.34","3.40","2.24","1.73","3.79","1.29","7.54","1.10","1.83","1.98"
"58718","13-02-22 16:30","Portugal","Liga Portugal","2021/2022","Famalicao","Moreirense","2.11","3.35","3.86","1.09","8.00","1.48","2.75","2.37","1.62","4.48","1.22","9.99","1.06","2.04","1.78"
"58717","13-02-22 19:00","Portugal","Liga Portugal","2021/2022","BSAD","Vitoria Guimaraes","3.71","3.61","2.06","1.06","10.00","1.34","3.40","2.13","1.80","3.79","1.29","7.54","1.10","1.83","1.98"
"58716","13-02-22 21:30","Portugal","Liga Portugal","2021/2022","Vizela","Gil Vicente","2.63","3.44","2.78","1.04","13.00","1.26","4.00","1.90","2.00","3.06","1.40","6.00","1.14","1.61","2.31"
"58715","14-02-22 21:15","Portugal","Liga Portugal","2021/2022","Arouca","Maritimo","2.33","3.00","3.73","1.08","8.70","1.36","3.26","2.19","1.71","4.15","1.25","8.58","1.08","1.74","2.09"
"58714","18-02-22 21:15","Portugal","Liga Portugal","2021/2022","Boavista","Benfica","6.14","5.24","1.48","1.02","16.10","1.20","4.84","1.62","2.37","2.49","1.56","4.78","1.20","1.70","2.15"
"58713","19-02-22 16:30","Portugal","Liga Portugal","2021/2022","Gil Vicente","BSAD","1.60","3.88","6.72","1.08","9.00","1.34","3.40","2.13","1.80","3.79","1.29","7.54","1.10","2.04","1.78"
"58712","19-02-22 19:00","Portugal","Liga Portugal","2021/2022","Pacos Ferreira","Vizela","2.85","3.32","2.64","1.08","9.00","1.36","3.25","2.24","1.73","4.14","1.25","8.45","1.09","1.83","1.98"
"58711","19-02-22 21:30","Portugal","Liga Portugal","2021/2022","Vitoria Guimaraes","Arouca","1.84","3.72","4.28","1.02","9.30","1.30","3.40","1.99","1.91","3.32","1.31","6.10","1.08","1.86","1.90"
"58710","20-02-22 16:30","Portugal","Liga Portugal","2021/2022","Maritimo","Famalicao","2.79","3.41","2.64","1.08","9.00","1.36","3.25","2.35","1.67","4.14","1.25","8.45","1.09","1.83","1.98"
"58709","20-02-22 19:00","Portugal","Liga Portugal","2021/2022","Sporting CP","Estoril","1.31","5.66","11.30","1.05","10.90","1.26","4.08","1.85","2.07","3.18","1.38","6.06","1.14","2.12","1.72"
"58708","20-02-22 21:00","Portugal","Liga Portugal","2021/2022","Moreirense","FC Porto","12.10","5.05","1.34","1.04","12.00","1.23","4.35","1.70","2.28","2.65","1.50","5.01","1.19","1.93","1.88"
"58707","20-02-22 21:45","Portugal","Liga Portugal","2021/2022","Tondela","Braga","5.32","3.91","1.70","1.04","12.00","1.28","3.80","1.93","1.97","3.18","1.38","6.54","1.13","1.74","2.09"
"58706","21-02-22 21:15","Portugal","Liga Portugal","2021/2022","Santa Clara","Portimonense","2.07","3.41","3.93","1.08","8.70","1.41","2.99","2.19","1.71","4.15","1.25","9.25","1.07","1.87","1.93"
"58705","25-02-22 21:15","Portugal","Liga Portugal","2021/2022","BSAD","Pacos Ferreira","3.47","3.19","2.33","1.08","8.70","1.41","2.99","2.19","1.71","4.15","1.25","9.25","1.07","1.82","2.00"
"58704","26-02-22 16:30","Portugal","Liga Portugal","2021/2022","Famalicao","Tondela","1.62","3.93","6.21","1.06","9.78","1.28","3.80","1.93","1.97","3.40","1.34","6.54","1.13","1.82","2.00"
"58703","26-02-22 19:00","Portugal","Liga Portugal","2021/2022","Maritimo","Sporting CP","6.18","4.12","1.60","1.06","10.00","1.32","3.50","2.08","1.83","3.43","1.34","7.06","1.11","1.98","1.83"
"58702","26-02-22 21:30","Portugal","Liga Portugal","2021/2022","Arouca","Moreirense","2.40","3.02","3.54","1.11","7.00","1.51","2.63","2.57","1.54","5.11","1.18","11.20","1.05","2.04","1.78"
"58701","27-02-22 16:30","Portugal","Liga Portugal","2021/2022","Vizela","Portimonense","2.23","3.52","3.36","1.06","10.00","1.34","3.40","2.13","1.80","3.67","1.30","7.54","1.10","1.78","2.04"
"58699","27-02-22 19:00","Portugal","Liga Portugal","2021/2022","Benfica","Vitoria Guimaraes","1.40","5.52","7.36","1.02","20.00","1.14","6.00","1.48","2.75","2.24","1.73","3.79","1.29","1.74","2.10"
"58700","27-02-22 19:00","Portugal","Liga Portugal","2021/2022","Estoril","Boavista","2.33","3.21","3.45","1.10","7.53","1.45","2.82","2.49","1.56","5.06","1.18","10.50","1.06","1.96","1.85"
"58698","27-02-22 21:30","Portugal","Liga Portugal","2021/2022","FC Porto","Gil Vicente","1.26","5.69","15.20","1.04","11.80","1.21","4.66","1.67","2.26","2.68","1.50","5.06","1.18","2.16","1.69"
"58697","28-02-22 21:15","Portugal","Liga Portugal","2021/2022","Braga","Santa Clara","1.61","3.96","6.44","1.05","10.70","1.29","3.76","1.95","1.95","3.21","1.37","6.60","1.12","1.85","1.96"
"58696","04-03-22 21:15","Portugal","Liga Portugal","2021/2022","Gil Vicente","Estoril","1.91","3.68","4.00","1.02","9.40","1.29","3.50","1.95","1.94","3.26","1.32","5.95","1.09","1.95","1.81"
"58695","05-03-22 16:30","Portugal","Liga Portugal","2021/2022","Boavista","Braga","3.72","3.10","2.27","1.09","8.00","1.36","3.25","2.35","1.67","4.14","1.25","8.45","1.09","1.83","1.98"
"58694","05-03-22 19:00","Portugal","Liga Portugal","2021/2022","Portimonense","Benfica","7.23","4.86","1.45","1.02","16.30","1.19","4.89","1.58","2.45","2.47","1.57","4.44","1.22","1.66","2.22"
"58693","05-03-22 21:30","Portugal","Liga Portugal","2021/2022","Sporting CP","Arouca","1.39","5.34","7.81","1.03","14.10","1.26","4.08","1.77","2.17","2.83","1.45","5.55","1.16","1.94","1.86"
"58692","06-03-22 16:30","Portugal","Liga Portugal","2021/2022","Moreirense","Maritimo","2.40","3.26","3.09","1.05","7.60","1.40","2.86","2.31","1.68","4.10","1.22","7.90","1.04","2.00","1.77"
"58691","06-03-22 19:00","Portugal","Liga Portugal","2021/2022","Pacos Ferreira","FC Porto","9.32","5.82","1.33","1.04","12.00","1.23","4.35","1.70","2.28","2.83","1.45","5.01","1.19","1.97","1.83"
"58689","06-03-22 21:30","Portugal","Liga Portugal","2021/2022","Santa Clara","Vizela","2.26","3.50","3.29","1.05","10.90","1.30","3.70","2.07","1.84","3.51","1.32","6.98","1.11","1.69","2.18"
"58690","06-03-22 21:30","Portugal","Liga Portugal","2021/2022","Vitoria Guimaraes","Famalicao","2.64","3.41","2.79","1.04","12.00","1.28","3.80","1.93","1.97","3.18","1.38","6.54","1.13","1.62","2.31"
"58688","07-03-22 21:15","Portugal","Liga Portugal","2021/2022","Tondela","BSAD","1.82","3.58","4.95","1.07","9.68","1.32","3.49","2.09","1.83","3.87","1.28","7.90","1.09","1.85","1.96"
"58687","11-03-22 21:15","Portugal","Liga Portugal","2021/2022","Benfica","Vizela","1.35","5.91","8.29","1.02","23.00","1.13","6.45","1.42","2.96","2.09","1.83","3.43","1.33","1.64","2.26"
"58685","12-03-22 16:30","Portugal","Liga Portugal","2021/2022","Estoril","Portimonense","2.40","3.22","3.30","1.10","7.61","1.41","2.99","2.29","1.66","4.44","1.22","9.25","1.07","1.83","1.98"
"58686","12-03-22 16:30","Portugal","Liga Portugal","2021/2022","Famalicao","Santa Clara","2.37","3.20","3.37","1.10","7.61","1.45","2.85","2.38","1.61","4.73","1.20","9.25","1.07","1.89","1.91"
"58684","12-03-22 19:00","Portugal","Liga Portugal","2021/2022","Arouca","Pacos Ferreira","2.19","3.35","3.61","1.08","8.70","1.41","2.99","2.19","1.71","4.15","1.25","8.58","1.08","1.83","1.98"
"58683","12-03-22 21:30","Portugal","Liga Portugal","2021/2022","BSAD","Boavista","3.95","3.37","2.08","1.08","8.70","1.41","2.99","2.19","1.71","4.44","1.22","9.25","1.07","1.89","1.91"
"58682","13-03-22 16:30","Portugal","Liga Portugal","2021/2022","Maritimo","Vitoria Guimaraes","2.75","3.16","2.85","1.08","9.00","1.34","3.40","2.24","1.73","3.79","1.29","7.54","1.10","1.78","2.04"
"58681","13-03-22 19:00","Portugal","Liga Portugal","2021/2022","FC Porto","Tondela","1.14","9.20","17.00","1.02","25.00","1.11","7.00","1.36","3.25","2.08","1.83","3.06","1.40","2.15","1.70"
"58680","13-03-22 21:30","Portugal","Liga Portugal","2021/2022","Braga","Gil Vicente","1.73","3.92","5.00","1.04","11.80","1.26","4.03","1.78","2.15","3.03","1.41","5.60","1.16","1.68","2.19"
"58679","14-03-22 21:15","Portugal","Liga Portugal","2021/2022","Moreirense","Sporting CP","7.72","4.62","1.46","1.05","10.90","1.30","3.70","1.97","1.93","3.51","1.32","6.98","1.11","2.06","1.77"
"58678","18-03-22 21:15","Portugal","Liga Portugal","2021/2022","Vizela","Famalicao","3.39","3.23","2.35","1.06","9.78","1.32","3.53","2.07","1.84","3.83","1.28","7.83","1.09","1.70","2.15"
"58677","19-03-22 16:30","Portugal","Liga Portugal","2021/2022","Tondela","Arouca","2.65","3.22","2.92","1.08","8.70","1.36","3.26","2.28","1.70","4.15","1.25","8.58","1.08","1.76","2.07"
"58676","19-03-22 19:00","Portugal","Liga Portugal","2021/2022","Santa Clara","BSAD","1.59","3.95","6.74","1.08","8.70","1.36","3.26","2.17","1.77","3.83","1.28","7.83","1.09","1.99","1.81"
"58675","19-03-22 21:30","Portugal","Liga Portugal","2021/2022","Vitoria Guimaraes","Sporting CP","5.58","3.72","1.72","1.05","11.00","1.29","3.75","1.99","1.91","3.24","1.37","6.54","1.13","1.83","1.98"
"58673","20-03-22 16:30","Portugal","Liga Portugal","2021/2022","Gil Vicente","Maritimo","1.74","3.76","5.23","1.06","10.00","1.34","3.40","2.13","1.80","3.79","1.29","7.54","1.10","1.98","1.83"
"58674","20-03-22 16:30","Portugal","Liga Portugal","2021/2022","Pacos Ferreira","Moreirense","2.28","3.37","3.37","1.09","8.00","1.51","2.63","2.57","1.54","5.11","1.18","11.20","1.05","2.10","1.74"
"58672","20-03-22 19:00","Portugal","Liga Portugal","2021/2022","Benfica","Estoril","1.31","5.95","10.20","1.02","16.30","1.17","5.43","1.58","2.45","2.38","1.61","4.44","1.22","1.82","2.00"
"58671","20-03-22 21:00","Portugal","Liga Portugal","2021/2022","Portimonense","Braga","4.06","3.62","1.91","1.03","8.90","1.32","3.26","2.04","1.86","3.46","1.29","6.40","1.08","1.95","1.81"
"58670","20-03-22 21:45","Portugal","Liga Portugal","2021/2022","Boavista","FC Porto","10.10","5.21","1.35","1.03","14.10","1.23","4.35","1.70","2.28","2.65","1.50","5.01","1.19","1.89","1.91"
"58669","01-04-22 21:15","Portugal","Liga Portugal","2021/2022","Braga","Benfica","2.97","3.58","2.33","1.01","10.00","1.26","3.70","1.86","2.04","2.99","1.37","5.40","1.11","1.68","2.13"
"58668","02-04-22 16:30","Portugal","Liga Portugal","2021/2022","BSAD","Portimonense","3.09","3.30","2.47","1.09","8.00","1.48","2.75","2.37","1.62","4.80","1.20","9.99","1.06","1.98","1.83"
"58666","02-04-22 19:00","Portugal","Liga Portugal","2021/2022","Arouca","Gil Vicente","3.00","3.31","2.53","1.09","8.00","1.41","3.00","2.35","1.67","4.14","1.25","9.26","1.07","1.90","1.90"
"58667","02-04-22 19:00","Portugal","Liga Portugal","2021/2022","Estoril","Vizela","2.31","3.29","3.39","1.06","10.00","1.32","3.50","2.13","1.80","3.67","1.30","7.54","1.10","1.78","2.04"
"58665","02-04-22 21:30","Portugal","Liga Portugal","2021/2022","Famalicao","Boavista","1.90","3.39","4.79","1.10","7.61","1.36","3.26","2.19","1.71","4.15","1.25","8.58","1.08","1.89","1.91"
"58664","03-04-22 16:30","Portugal","Liga Portugal","2021/2022","Maritimo","Tondela","2.25","3.33","3.48","1.08","9.00","1.41","3.00","2.35","1.67","4.14","1.25","8.45","1.09","1.90","1.90"
"58663","03-04-22 19:00","Portugal","Liga Portugal","2021/2022","Moreirense","Vitoria Guimaraes","3.22","3.18","2.38","1.05","7.60","1.36","3.04","2.16","1.77","3.62","1.27","6.90","1.06","1.91","1.85"
"58662","03-04-22 21:30","Portugal","Liga Portugal","2021/2022","Sporting CP","Pacos Ferreira","1.17","7.59","19.80","1.03","14.00","1.17","5.38","1.54","2.55","2.31","1.64","4.18","1.25","2.16","1.69"
"58661","04-04-22 21:15","Portugal","Liga Portugal","2021/2022","FC Porto","Santa Clara","1.20","7.25","16.70","1.02","16.30","1.17","5.43","1.53","2.58","2.29","1.66","4.15","1.25","2.12","1.72"
"58660","08-04-22 21:15","Portugal","Liga Portugal","2021/2022","Gil Vicente","Moreirense","1.83","3.84","4.49","1.06","9.78","1.32","3.53","2.07","1.84","3.83","1.28","7.83","1.09","1.89","1.91"
"58659","09-04-22 16:30","Portugal","Liga Portugal","2021/2022","Pacos Ferreira","Maritimo","2.71","3.10","2.80","1.06","6.75","1.45","2.69","2.46","1.61","4.44","1.19","8.70","1.04","2.03","1.75"
"58657","09-04-22 19:00","Portugal","Liga Portugal","2021/2022","Benfica","BSAD","1.33","5.47","10.40","1.03","15.00","1.16","5.50","1.56","2.50","2.37","1.62","4.14","1.25","1.83","1.98"
"58658","09-04-22 19:00","Portugal","Liga Portugal","2021/2022","Boavista","Arouca","2.19","3.20","3.84","1.11","7.00","1.51","2.63","2.57","1.54","5.11","1.18","11.20","1.05","2.10","1.74"
"58656","09-04-22 21:30","Portugal","Liga Portugal","2021/2022","Tondela","Sporting CP","12.50","6.36","1.26","1.03","14.00","1.24","4.30","1.78","2.15","2.85","1.45","5.60","1.16","2.09","1.74"
"58654","10-04-22 16:30","Portugal","Liga Portugal","2021/2022","Portimonense","Famalicao","2.78","3.08","2.89","1.11","7.00","1.48","2.75","2.47","1.57","4.80","1.20","9.99","1.06","1.98","1.83"
"58655","10-04-22 16:30","Portugal","Liga Portugal","2021/2022","Santa Clara","Estoril","2.49","3.04","3.15","1.07","6.55","1.44","2.70","2.45","1.62","4.40","1.20","8.40","1.03","2.08","1.71"
"58653","10-04-22 19:00","Portugal","Liga Portugal","2021/2022","Vitoria Guimaraes","FC Porto","8.77","4.93","1.40","1.03","15.00","1.19","5.00","1.61","2.38","2.57","1.54","4.48","1.22","1.83","1.98"
"58652","10-04-22 21:30","Portugal","Liga Portugal","2021/2022","Vizela","Braga","4.99","3.94","1.73","1.05","11.00","1.29","3.75","1.90","2.00","3.24","1.37","6.00","1.14","1.78","2.04"
"58651","15-04-22 16:30","Portugal","Liga Portugal","2021/2022","Arouca","Santa Clara","2.47","2.95","3.30","1.08","6.25","1.44","2.70","2.46","1.61","4.20","1.21","8.40","1.04","2.12","1.69"
"58650","15-04-22 19:00","Portugal","Liga Portugal","2021/2022","Famalicao","Gil Vicente","2.26","3.47","3.35","1.06","9.78","1.30","3.70","2.07","1.84","3.51","1.32","6.98","1.11","1.70","2.15"
"58649","15-04-22 21:30","Portugal","Liga Portugal","2021/2022","Vitoria Guimaraes","Pacos Ferreira","1.84","3.69","4.61","1.05","10.90","1.30","3.70","2.07","1.84","3.51","1.32","6.98","1.11","1.90","1.90"
"58648","16-04-22 16:30","Portugal","Liga Portugal","2021/2022","Moreirense","Tondela","2.25","3.35","3.46","1.06","9.78","1.32","3.53","2.07","1.84","3.83","1.28","7.83","1.09","1.69","2.18"
"58646","16-04-22 19:00","Portugal","Liga Portugal","2021/2022","BSAD","Vizela","3.62","3.24","2.17","1.05","7.70","1.34","3.14","2.12","1.80","3.54","1.28","6.65","1.07","1.90","1.86"
"58647","16-04-22 19:00","Portugal","Liga Portugal","2021/2022","Maritimo","Boavista","2.32","3.24","3.26","1.06","7.10","1.44","2.70","2.44","1.62","4.50","1.19","8.70","1.04","2.10","1.70"
"58645","16-04-22 21:30","Portugal","Liga Portugal","2021/2022","FC Porto","Portimonense","1.10","12.30","25.00","1.02","29.00","1.08","8.70","1.30","3.70","1.85","2.07","2.83","1.45","2.12","1.72"
"58644","17-04-22 21:30","Portugal","Liga Portugal","2021/2022","Sporting CP","Benfica","1.93","3.77","4.05","1.03","14.00","1.21","4.66","1.67","2.26","2.68","1.50","5.06","1.18","1.57","2.41"
"58643","18-04-22 21:30","Portugal","Liga Portugal","2021/2022","Estoril","Braga","3.37","3.42","2.26","1.08","9.00","1.34","3.40","2.24","1.73","3.79","1.29","7.54","1.10","1.83","1.98"
"58642","22-04-22 21:15","Portugal","Liga Portugal","2021/2022","Vizela","Arouca","2.22","3.38","3.50","1.06","9.78","1.36","3.26","2.17","1.77","3.83","1.28","7.83","1.09","1.83","1.98"
"58641","23-04-22 16:30","Portugal","Liga Portugal","2021/2022","Portimonense","Moreirense","2.37","3.34","3.07","1.04","8.10","1.36","3.02","2.19","1.75","3.78","1.25","7.30","1.05","1.95","1.81"
"58639","23-04-22 19:00","Portugal","Liga Portugal","2021/2022","Benfica","Famalicao","1.38","5.15","8.85","1.02","16.10","1.20","4.84","1.59","2.42","2.40","1.60","4.49","1.22","1.72","2.13"
"58640","23-04-22 19:00","Portugal","Liga Portugal","2021/2022","Santa Clara","Maritimo","2.02","3.29","4.32","1.10","7.53","1.45","2.82","2.40","1.60","4.49","1.22","9.34","1.07","1.94","1.86"
"58638","23-04-22 21:30","Portugal","Liga Portugal","2021/2022","Gil Vicente","Pacos Ferreira","1.83","3.76","4.64","1.05","10.90","1.32","3.53","2.07","1.84","3.83","1.28","7.83","1.09","1.83","1.98"
"58637","24-04-22 19:00","Portugal","Liga Portugal","2021/2022","Estoril","BSAD","2.08","3.23","4.16","1.10","7.53","1.42","2.96","2.31","1.64","4.49","1.22","9.34","1.07","1.91","1.90"
"58636","24-04-22 21:30","Portugal","Liga Portugal","2021/2022","Tondela","Vitoria Guimaraes","3.35","3.46","2.25","1.07","9.68","1.30","3.66","1.99","1.91","3.54","1.32","7.05","1.11","1.72","2.13"
"58635","25-04-22 19:00","Portugal","Liga Portugal","2021/2022","Braga","FC Porto","4.68","3.74","1.82","1.04","12.00","1.28","3.80","1.93","1.97","3.18","1.38","6.54","1.13","1.70","2.15"
"58634","25-04-22 21:30","Portugal","Liga Portugal","2021/2022","Boavista","Sporting CP","8.98","4.52","1.43","1.06","9.78","1.32","3.53","2.07","1.84","3.51","1.32","6.98","1.11","2.14","1.71"
"58633","29-04-22 21:15","Portugal","Liga Portugal","2021/2022","Famalicao","Estoril","1.70","3.87","5.41","1.06","9.78","1.32","3.53","2.07","1.84","3.83","1.28","7.83","1.09","1.91","1.90"
"58632","30-04-22 16:00","Portugal","Liga Portugal","2021/2022","Arouca","Portimonense","1.93","3.54","4.37","1.06","9.78","1.30","3.70","2.07","1.84","3.51","1.32","7.83","1.09","1.76","2.07"
"58631","30-04-22 18:00","Portugal","Liga Portugal","2021/2022","Maritimo","Benfica","5.87","4.11","1.62","1.03","14.10","1.21","4.71","1.66","2.28","2.65","1.50","5.01","1.19","1.62","2.31"
"58630","30-04-22 20:00","Portugal","Liga Portugal","2021/2022","FC Porto","Vizela","1.17","8.06","17.70","1.02","23.00","1.13","6.52","1.41","2.99","2.07","1.84","3.40","1.34","1.93","1.88"
"58629","30-04-22 22:00","Portugal","Liga Portugal","2021/2022","BSAD","Braga","4.79","3.46","1.87","1.08","8.70","1.32","3.53","2.17","1.77","3.83","1.28","7.83","1.09","1.82","2.00"
"58628","01-05-22 16:30","Portugal","Liga Portugal","2021/2022","Vitoria Guimaraes","Santa Clara","1.77","3.84","4.87","1.08","9.00","1.36","3.25","2.24","1.73","4.14","1.25","8.45","1.09","2.04","1.78"
"58627","01-05-22 19:00","Portugal","Liga Portugal","2021/2022","Moreirense","Boavista","2.48","3.29","3.07","1.08","8.70","1.41","2.99","2.29","1.66","4.44","1.22","9.25","1.07","1.83","1.98"
"58626","01-05-22 21:30","Portugal","Liga Portugal","2021/2022","Sporting CP","Gil Vicente","1.40","5.08","8.37","1.02","16.30","1.21","4.71","1.60","2.39","2.47","1.57","4.73","1.20","1.76","2.07"
"58625","02-05-22 21:15","Portugal","Liga Portugal","2021/2022","Pacos Ferreira","Tondela","3.18","3.28","2.43","1.09","8.00","1.48","2.75","2.37","1.62","4.80","1.20","9.99","1.06","1.98","1.83"
"58624","06-05-22 21:15","Portugal","Liga Portugal","2021/2022","Boavista","Vitoria Guimaraes","3.46","3.30","2.20","1.05","7.40","1.42","2.78","2.38","1.65","4.20","1.21","8.20","1.04","2.03","1.75"
"58623","07-05-22 16:30","Portugal","Liga Portugal","2021/2022","Estoril","Moreirense","2.34","3.36","3.26","1.07","9.68","1.32","3.49","2.20","1.75","3.87","1.28","7.90","1.09","1.78","2.04"
"58622","07-05-22 19:00","Portugal","Liga Portugal","2021/2022","Benfica","FC Porto","3.10","3.74","2.28","1.03","14.00","1.24","4.30","1.78","2.15","2.85","1.45","5.60","1.16","1.57","2.41"
"58621","07-05-22 21:30","Portugal","Liga Portugal","2021/2022","Portimonense","Sporting CP","6.67","5.39","1.44","1.03","18.00","1.16","5.50","1.56","2.50","2.37","1.62","4.14","1.25","1.78","2.04"
"58619","08-05-22 16:30","Portugal","Liga Portugal","2021/2022","Gil Vicente","Tondela","1.83","3.55","4.96","1.04","13.00","1.23","4.33","1.82","2.10","2.86","1.45","5.41","1.17","1.70","2.15"
"58620","08-05-22 16:30","Portugal","Liga Portugal","2021/2022","Vizela","Maritimo","1.78","3.61","5.16","1.05","11.00","1.26","4.00","1.90","2.00","3.06","1.40","6.00","1.14","1.74","2.10"
"58618","08-05-22 19:00","Portugal","Liga Portugal","2021/2022","Braga","Arouca","1.69","3.62","6.12","1.07","9.68","1.29","3.76","1.99","1.91","3.43","1.33","7.05","1.11","1.78","2.04"
"58617","08-05-22 21:30","Portugal","Liga Portugal","2021/2022","Santa Clara","Pacos Ferreira","1.96","3.54","3.94","1.03","8.40","1.35","3.10","2.13","1.79","3.70","1.26","6.95","1.06","1.95","1.81"
"58616","09-05-22 21:15","Portugal","Liga Portugal","2021/2022","BSAD","Famalicao","2.67","3.39","2.77","1.08","9.00","1.41","3.00","2.35","1.67","4.14","1.25","8.45","1.09","1.90","1.90"
"58615","13-05-22 21:15","Portugal","Liga Portugal","2021/2022","Pacos Ferreira","Benfica","5.25","4.54","1.57","1.02","18.00","1.13","5.05","1.49","2.54","2.31","1.68","3.78","1.25","1.63","2.22"
"58612","14-05-22 16:30","Portugal","Liga Portugal","2021/2022","Arouca","BSAD","2.24","3.64","3.23","1.04","13.00","1.29","3.75","1.99","1.91","3.24","1.37","6.54","1.13","1.70","2.15"
"58613","14-05-22 16:30","Portugal","Liga Portugal","2021/2022","Moreirense","Vizela","1.98","3.52","4.14","1.05","11.00","1.29","3.75","2.08","1.83","3.43","1.34","6.54","1.13","1.78","2.04"
"58614","14-05-22 16:30","Portugal","Liga Portugal","2021/2022","Tondela","Boavista","1.76","3.72","5.17","1.05","11.00","1.29","3.75","1.99","1.91","3.24","1.37","6.54","1.13","1.78","2.04"
"58610","14-05-22 19:00","Portugal","Liga Portugal","2021/2022","FC Porto","Estoril","1.16","10.70","13.60","1.02","27.00","1.10","7.53","1.32","3.49","1.95","1.95","3.03","1.41","2.01","1.80"
"58611","14-05-22 19:00","Portugal","Liga Portugal","2021/2022","Maritimo","Portimonense","2.37","3.50","3.09","1.04","13.00","1.26","4.00","1.90","2.00","3.06","1.40","6.00","1.14","1.65","2.24"
"58609","14-05-22 21:30","Portugal","Liga Portugal","2021/2022","Sporting CP","Santa Clara","1.33","6.45","8.06","1.02","20.00","1.15","5.91","1.49","2.69","2.21","1.70","3.87","1.28","1.78","2.04"
"58608","15-05-22 19:00","Portugal","Liga Portugal","2021/2022","Famalicao","Braga","3.20","3.61","2.27","1.02","16.30","1.19","4.89","1.60","2.39","2.47","1.57","4.73","1.20","1.48","2.63"
"58607","15-05-22 21:30","Portugal","Liga Portugal","2021/2022","Vitoria Guimaraes","Gil Vicente","2.63","3.71","2.63","1.03","15.00","1.22","4.50","1.70","2.20","2.66","1.50","5.11","1.18","1.56","2.42"
"58606","05-08-22 21:15","Portugal","Liga Portugal","2022/2023","Benfica","Arouca","1.14","9.30","23.00","1.02","17.00","1.14","6.00","1.51","2.63","2.35","1.67","3.79","1.29","2.31","1.61"
"58605","06-08-22 16:30","Portugal","Liga Portugal","2022/2023","Rio Ave","Vizela","2.12","3.38","3.81","1.08","9.00","1.41","3.00","2.35","1.67","4.14","1.25","8.45","1.09","1.90","1.90"
"58604","06-08-22 19:00","Portugal","Liga Portugal","2022/2023","Estoril","Famalicao","2.59","3.17","3.04","1.08","8.51","1.33","3.46","2.22","1.74","3.90","1.27","7.97","1.09","1.73","2.11"
"58603","06-08-22 21:30","Portugal","Liga Portugal","2022/2023","FC Porto","Maritimo","1.18","8.79","13.80","1.03","15.00","1.17","5.32","1.50","2.66","2.33","1.63","4.22","1.24","2.31","1.61"
"58602","07-08-22 16:30","Portugal","Liga Portugal","2022/2023","Santa Clara","Casa Pia","2.16","3.07","4.10","1.10","7.45","1.43","2.93","2.33","1.63","4.53","1.22","9.43","1.07","1.98","1.83"
"58601","07-08-22 19:00","Portugal","Liga Portugal","2022/2023","Braga","Sporting CP","4.73","3.39","1.91","1.06","10.60","1.29","3.72","2.01","1.90","3.46","1.33","7.12","1.11","1.78","2.04"
"58599","07-08-22 21:30","Portugal","Liga Portugal","2022/2023","Chaves","Vitoria Guimaraes","2.86","3.38","2.59","1.07","9.57","1.37","3.19","2.22","1.74","3.90","1.27","8.74","1.08","1.79","2.02"
"58600","07-08-22 21:30","Portugal","Liga Portugal","2022/2023","Portimonense","Boavista","2.35","3.42","3.20","1.09","8.00","1.48","2.75","2.37","1.62","4.80","1.20","9.99","1.06","1.87","1.94"
"58598","08-08-22 21:15","Portugal","Liga Portugal","2022/2023","Gil Vicente","Pacos Ferreira","1.89","3.46","4.69","1.07","9.57","1.37","3.19","2.22","1.74","3.90","1.27","7.97","1.09","1.87","1.94"
"58597","12-08-22 21:15","Portugal","Liga Portugal","2022/2023","Famalicao","Braga","4.37","3.60","1.91","1.05","11.70","1.26","3.99","1.88","2.03","3.06","1.40","6.17","1.14","1.74","2.10"
"58596","13-08-22 19:00","Portugal","Liga Portugal","2022/2023","Casa Pia","Benfica","12.20","5.21","1.32","1.05","11.70","1.24","4.26","1.73","2.23","2.70","1.49","5.11","1.18","2.15","1.70"
"58595","13-08-22 21:30","Portugal","Liga Portugal","2022/2023","Sporting CP","Rio Ave","1.24","7.09","12.20","1.02","16.00","1.20","4.79","1.60","2.39","2.52","1.55","4.53","1.22","2.11","1.73"
"58594","14-08-22 16:30","Portugal","Liga Portugal","2022/2023","Boavista","Santa Clara","2.46","3.16","3.26","1.11","7.00","1.51","2.63","2.66","1.50","5.11","1.18","11.20","1.05","2.10","1.74"
"58593","14-08-22 19:00","Portugal","Liga Portugal","2022/2023","Vizela","FC Porto","9.93","5.21","1.36","1.03","13.80","1.21","4.61","1.63","2.34","2.70","1.49","4.82","1.20","1.98","1.83"
"58592","14-08-22 21:30","Portugal","Liga Portugal","2022/2023","Vitoria Guimaraes","Estoril","2.14","3.45","3.65","1.07","9.57","1.33","3.46","2.11","1.81","3.90","1.27","7.97","1.09","1.90","1.90"
"58591","15-08-22 16:30","Portugal","Liga Portugal","2022/2023","Maritimo","Chaves","2.13","3.38","3.42","1.04","7.90","1.35","2.98","2.17","1.73","3.72","1.24","7.20","1.05","1.89","1.87"
"58590","15-08-22 19:00","Portugal","Liga Portugal","2022/2023","Arouca","Gil Vicente","2.83","3.30","2.47","1.03","8.00","1.35","2.98","2.14","1.75","3.72","1.24","7.00","1.05","1.85","1.91"
"58589","15-08-22 21:30","Portugal","Liga Portugal","2022/2023","Pacos Ferreira","Portimonense","2.44","3.29","3.15","1.08","8.51","1.43","2.93","2.23","1.68","4.22","1.24","8.74","1.08","1.98","1.83"
"58588","19-08-22 21:15","Portugal","Liga Portugal","2022/2023","Estoril","Rio Ave","2.11","3.30","3.92","1.10","7.45","1.43","2.93","2.33","1.63","4.53","1.22","9.43","1.07","2.04","1.78"
"58587","20-08-22 16:30","Portugal","Liga Portugal","2022/2023","Santa Clara","Arouca","2.09","3.34","3.96","1.10","7.45","1.43","2.93","2.33","1.63","4.53","1.22","9.43","1.07","1.92","1.88"
"58586","20-08-22 19:00","Portugal","Liga Portugal","2022/2023","Chaves","Vizela","2.49","3.35","3.02","1.08","9.00","1.36","3.25","2.35","1.67","4.14","1.25","8.45","1.09","1.90","1.90"
"58585","20-08-22 21:30","Portugal","Liga Portugal","2022/2023","FC Porto","Sporting CP","1.96","3.37","4.41","1.07","9.57","1.33","3.46","2.11","1.81","3.90","1.27","7.97","1.09","1.79","2.02"
"58584","21-08-22 16:30","Portugal","Liga Portugal","2022/2023","Casa Pia","Boavista","2.52","3.08","2.98","1.07","6.40","1.49","2.47","2.60","1.53","4.90","1.15","9.50","1.01","2.10","1.70"
"58583","21-08-22 19:00","Portugal","Liga Portugal","2022/2023","Braga","Maritimo","1.28","5.91","12.20","1.03","15.00","1.19","5.00","1.56","2.50","2.47","1.57","4.48","1.22","1.87","1.94"
"58582","21-08-22 21:30","Portugal","Liga Portugal","2022/2023","Portimonense","Vitoria Guimaraes","2.62","3.17","2.99","1.09","8.00","1.41","3.00","2.37","1.62","4.48","1.22","9.26","1.07","1.79","2.02"
"58581","22-08-22 21:15","Portugal","Liga Portugal","2022/2023","Gil Vicente","Famalicao","2.20","3.58","3.37","1.06","10.60","1.29","3.72","2.01","1.90","3.46","1.33","6.66","1.12","1.78","2.04"
"58580","26-08-22 21:15","Portugal","Liga Portugal","2022/2023","Pacos Ferreira","Estoril","2.54","3.25","3.04","1.08","8.51","1.37","3.19","2.23","1.68","4.22","1.24","8.74","1.08","1.90","1.90"
"58579","27-08-22 16:30","Portugal","Liga Portugal","2022/2023","Maritimo","Portimonense","2.80","3.32","2.49","1.03","8.20","1.34","3.04","2.13","1.76","3.62","1.25","6.90","1.06","1.83","1.93"
"58578","27-08-22 19:00","Portugal","Liga Portugal","2022/2023","Boavista","Benfica","8.66","5.10","1.39","1.04","13.00","1.23","4.33","1.77","2.10","2.86","1.45","5.41","1.17","1.98","1.83"
"58577","27-08-22 21:30","Portugal","Liga Portugal","2022/2023","Sporting CP","Chaves","1.21","6.60","18.30","1.02","16.00","1.15","5.85","1.50","2.66","2.23","1.68","3.90","1.27","2.03","1.78"
"58576","28-08-22 16:30","Portugal","Liga Portugal","2022/2023","Famalicao","Santa Clara","2.02","3.39","4.14","1.08","9.00","1.41","3.00","2.35","1.67","4.48","1.22","9.26","1.07","1.98","1.83"
"58575","28-08-22 19:00","Portugal","Liga Portugal","2022/2023","Arouca","Braga","8.23","4.33","1.47","1.05","11.70","1.24","4.26","1.80","2.13","3.06","1.40","5.66","1.16","1.98","1.83"
"58574","28-08-22 21:30","Portugal","Liga Portugal","2022/2023","Rio Ave","FC Porto","10.40","5.47","1.33","1.05","11.00","1.26","4.00","1.90","2.00","3.06","1.40","6.00","1.14","2.24","1.65"
"58573","29-08-22 20:00","Portugal","Liga Portugal","2022/2023","Vitoria Guimaraes","Casa Pia","2.27","2.97","3.93","1.10","7.45","1.46","2.79","2.42","1.59","4.82","1.20","10.60","1.06","2.04","1.78"
"58572","29-08-22 22:15","Portugal","Liga Portugal","2022/2023","Vizela","Gil Vicente","2.49","3.37","3.01","1.07","9.57","1.33","3.46","2.22","1.74","3.90","1.27","7.97","1.09","1.79","2.02"
"58571","30-08-22 21:15","Portugal","Liga Portugal","2022/2023","Benfica","Pacos Ferreira","1.06","11.00","31.00","1.01","17.00","1.08","9.00","1.29","3.75","1.77","2.10","2.66","1.50","2.42","1.56"
"58570","02-09-22 20:00","Portugal","Liga Portugal","2022/2023","Benfica","Vizela","1.18","7.50","14.00","1.02","26.00","1.08","6.00","1.36","2.94","1.99","1.87","3.04","1.34","1.98","1.78"
"58569","02-09-22 22:15","Portugal","Liga Portugal","2022/2023","Estoril","Sporting CP","6.70","4.54","1.45","","","1.21","4.04","1.74","2.16","2.69","1.42","4.74","1.13","1.88","1.88"
"58568","03-09-22 16:30","Portugal","Liga Portugal","2022/2023","Braga","Vitoria Guimaraes","1.38","4.94","7.70","1.01","17.00","1.18","4.32","1.67","2.28","2.53","1.47","4.40","1.16","1.90","1.86"
"58567","03-09-22 21:30","Portugal","Liga Portugal","2022/2023","Gil Vicente","FC Porto","10.40","5.75","1.31","1.03","13.80","1.21","4.61","1.63","2.34","2.70","1.49","4.82","1.20","2.10","1.74"
"58566","04-09-22 16:30","Portugal","Liga Portugal","2022/2023","Casa Pia","Arouca","1.99","3.34","4.38","1.09","8.00","1.41","3.00","2.37","1.62","4.48","1.22","9.26","1.07","2.04","1.78"
"58565","04-09-22 19:00","Portugal","Liga Portugal","2022/2023","Santa Clara","Maritimo","1.98","3.36","3.92","1.05","7.40","1.40","2.77","2.29","1.66","4.14","1.20","7.90","1.04","2.02","1.76"
"58564","04-09-22 21:30","Portugal","Liga Portugal","2022/2023","Portimonense","Famalicao","2.44","3.38","2.84","1.03","8.50","1.32","3.14","2.01","1.81","3.48","1.27","6.60","1.06","1.80","1.96"
"58563","05-09-22 20:00","Portugal","Liga Portugal","2022/2023","Boavista","Pacos Ferreira","1.92","3.52","4.40","1.08","8.51","1.37","3.19","2.22","1.74","3.90","1.27","8.74","1.08","1.98","1.83"
"58562","05-09-22 22:15","Portugal","Liga Portugal","2022/2023","Chaves","Rio Ave","2.48","3.13","3.24","1.09","8.00","1.41","3.00","2.37","1.62","4.48","1.22","9.26","1.07","1.87","1.94"
"58561","09-09-22 21:15","Portugal","Liga Portugal","2022/2023","Vitoria Guimaraes","Santa Clara","1.99","3.34","3.90","1.05","7.40","1.40","2.77","2.31","1.65","4.14","1.20","7.90","1.04","2.02","1.76"
"58560","10-09-22 16:30","Portugal","Liga Portugal","2022/2023","Famalicao","Benfica","8.19","4.88","1.42","1.02","16.00","1.20","4.79","1.63","2.34","2.52","1.55","4.82","1.20","1.78","2.04"
"58559","10-09-22 19:00","Portugal","Liga Portugal","2022/2023","Sporting CP","Portimonense","1.34","6.21","7.99","1.03","15.00","1.23","4.33","1.70","2.20","2.86","1.45","5.11","1.18","1.98","1.83"
"58558","10-09-22 21:30","Portugal","Liga Portugal","2022/2023","FC Porto","Chaves","1.23","6.35","15.30","1.02","21.00","1.15","5.85","1.50","2.66","2.23","1.68","3.90","1.27","1.92","1.88"
"58557","11-09-22 16:30","Portugal","Liga Portugal","2022/2023","Pacos Ferreira","Casa Pia","2.92","3.20","2.66","1.10","7.45","1.50","2.66","2.52","1.55","5.11","1.18","10.60","1.06","2.10","1.74"
"58555","11-09-22 19:00","Portugal","Liga Portugal","2022/2023","Arouca","Boavista","2.75","2.96","2.78","1.06","6.45","1.43","2.66","2.40","1.61","4.30","1.19","8.20","1.03","1.97","1.80"
"58556","11-09-22 19:00","Portugal","Liga Portugal","2022/2023","Maritimo","Gil Vicente","2.95","3.39","2.52","1.07","9.43","1.37","3.21","2.26","1.71","4.03","1.26","8.02","1.09","1.78","2.04"
"58554","11-09-22 21:30","Portugal","Liga Portugal","2022/2023","Rio Ave","Braga","6.18","4.12","1.60","1.05","11.70","1.24","4.26","1.80","2.13","2.88","1.44","5.66","1.16","1.83","1.98"
"58553","12-09-22 21:15","Portugal","Liga Portugal","2022/2023","Vizela","Estoril","2.11","3.60","3.60","1.06","10.60","1.31","3.62","2.01","1.90","3.57","1.31","7.12","1.11","1.73","2.11"
"58552","16-09-22 21:15","Portugal","Liga Portugal","2022/2023","Portimonense","Chaves","2.15","3.43","3.65","1.08","9.00","1.41","3.00","2.35","1.67","4.14","1.25","8.45","1.09","1.90","1.90"
"58550","17-09-22 16:30","Portugal","Liga Portugal","2022/2023","Gil Vicente","Rio Ave","2.03","3.56","3.87","1.02","8.70","1.31","3.62","2.00","1.90","3.24","1.37","6.32","1.13","1.74","2.09"
"58551","17-09-22 16:30","Portugal","Liga Portugal","2022/2023","Santa Clara","Pacos Ferreira","1.87","3.32","5.11","1.05","7.10","1.42","2.95","2.25","1.72","4.11","1.25","9.65","1.07","2.01","1.80"
"58549","17-09-22 19:00","Portugal","Liga Portugal","2022/2023","Estoril","FC Porto","8.39","5.26","1.39","1.05","11.70","1.26","3.99","1.88","2.03","3.06","1.40","6.17","1.14","2.03","1.78"
"58548","17-09-22 21:30","Portugal","Liga Portugal","2022/2023","Boavista","Sporting CP","7.89","4.77","1.44","1.05","11.70","1.29","3.72","1.97","1.94","3.24","1.36","6.17","1.14","1.98","1.83"
"58547","18-09-22 16:30","Portugal","Liga Portugal","2022/2023","Arouca","Vitoria Guimaraes","3.00","3.02","2.55","1.06","6.70","1.41","2.73","2.33","1.64","4.04","1.21","7.80","1.04","1.93","1.83"
"58545","18-09-22 19:00","Portugal","Liga Portugal","2022/2023","Benfica","Maritimo","1.14","9.53","20.00","1.02","29.00","1.10","7.45","1.33","3.46","1.88","2.03","2.88","1.44","2.15","1.70"
"58546","18-09-22 19:00","Portugal","Liga Portugal","2022/2023","Casa Pia","Famalicao","2.35","3.10","3.52","1.11","7.00","1.51","2.63","2.66","1.50","5.41","1.17","11.20","1.05","1.98","1.83"
"58544","18-09-22 21:30","Portugal","Liga Portugal","2022/2023","Braga","Vizela","1.43","4.70","8.33","1.02","16.00","1.17","5.32","1.60","2.39","2.42","1.59","4.53","1.22","1.83","1.98"
"58543","30-09-22 20:00","Portugal","Liga Portugal","2022/2023","Sporting CP","Gil Vicente","1.32","5.47","11.00","1.03","13.80","1.20","4.79","1.63","2.34","2.52","1.55","4.82","1.20","1.92","1.88"
"58542","30-09-22 22:15","Portugal","Liga Portugal","2022/2023","FC Porto","Braga","1.97","3.64","3.62","1.01","9.90","1.24","3.72","1.84","2.02","2.94","1.36","5.30","1.10","1.70","2.10"
"58541","01-10-22 16:30","Portugal","Liga Portugal","2022/2023","Vizela","Portimonense","1.96","3.71","3.98","1.06","10.00","1.36","3.25","2.24","1.73","4.14","1.25","8.45","1.09","1.98","1.83"
"58540","01-10-22 19:00","Portugal","Liga Portugal","2022/2023","Chaves","Estoril","2.31","3.25","3.46","1.08","9.00","1.34","3.40","2.24","1.73","3.79","1.29","7.54","1.10","1.83","1.98"
"58539","01-10-22 21:30","Portugal","Liga Portugal","2022/2023","Vitoria Guimaraes","Benfica","8.65","5.60","1.36","1.02","16.00","1.20","4.79","1.60","2.39","2.42","1.59","4.53","1.22","1.98","1.83"
"58538","02-10-22 16:30","Portugal","Liga Portugal","2022/2023","Rio Ave","Santa Clara","2.22","3.25","3.68","1.10","7.45","1.50","2.66","2.70","1.49","5.66","1.16","11.80","1.05","2.03","1.78"
"58537","02-10-22 19:00","Portugal","Liga Portugal","2022/2023","Pacos Ferreira","Arouca","2.50","3.22","2.85","1.04","7.50","1.39","2.81","2.27","1.67","4.04","1.21","7.70","1.04","1.91","1.85"
"58536","02-10-22 21:30","Portugal","Liga Portugal","2022/2023","Famalicao","Boavista","2.15","3.39","3.69","1.08","8.51","1.43","2.93","2.23","1.68","4.53","1.22","9.43","1.07","1.92","1.88"
"58535","03-10-22 21:15","Portugal","Liga Portugal","2022/2023","Maritimo","Casa Pia","3.17","3.17","2.50","1.08","8.51","1.37","3.19","2.23","1.68","4.22","1.24","8.74","1.08","1.87","1.94"
"58534","07-10-22 21:15","Portugal","Liga Portugal","2022/2023","Gil Vicente","Estoril","2.26","3.57","3.25","1.05","11.70","1.29","3.72","1.97","1.94","3.24","1.36","6.66","1.12","1.69","2.17"
"58533","08-10-22 16:30","Portugal","Liga Portugal","2022/2023","Santa Clara","Sporting CP","6.57","4.55","1.52","1.05","11.00","1.32","3.50","2.08","1.83","3.43","1.34","7.06","1.11","2.10","1.74"
"58531","08-10-22 19:00","Portugal","Liga Portugal","2022/2023","Benfica","Rio Ave","1.21","7.80","13.10","1.03","14.10","1.21","4.72","1.68","2.24","2.63","1.51","4.76","1.20","2.24","1.65"
"58532","08-10-22 19:00","Portugal","Liga Portugal","2022/2023","Portimonense","FC Porto","8.47","5.03","1.40","1.05","11.00","1.26","4.00","1.82","2.10","2.86","1.45","5.41","1.17","2.04","1.78"
"58530","08-10-22 21:30","Portugal","Liga Portugal","2022/2023","Pacos Ferreira","Vitoria Guimaraes","3.65","3.32","2.19","1.08","8.51","1.37","3.19","2.23","1.68","4.22","1.24","8.74","1.08","1.98","1.83"
"58529","09-10-22 16:30","Portugal","Liga Portugal","2022/2023","Boavista","Maritimo","1.86","3.61","4.64","1.08","9.00","1.34","3.40","2.13","1.80","3.79","1.29","7.54","1.10","1.90","1.90"
"58528","09-10-22 19:00","Portugal","Liga Portugal","2022/2023","Casa Pia","Vizela","2.51","3.34","3.00","1.08","9.00","1.41","3.00","2.35","1.67","4.14","1.25","8.45","1.09","1.90","1.90"
"58527","09-10-22 21:30","Portugal","Liga Portugal","2022/2023","Braga","Chaves","1.46","5.03","6.88","1.02","17.00","1.19","5.00","1.61","2.38","2.57","1.54","4.48","1.22","1.78","2.04"
"58526","10-10-22 21:15","Portugal","Liga Portugal","2022/2023","Arouca","Famalicao","2.84","3.24","2.70","1.10","7.45","1.46","2.79","2.52","1.55","5.11","1.18","10.60","1.06","1.98","1.83"
"58525","21-10-22 21:15","Portugal","Liga Portugal","2022/2023","FC Porto","Benfica","2.35","3.39","3.23","1.06","10.60","1.31","3.62","2.01","1.90","3.46","1.33","7.12","1.11","1.73","2.10"
"58524","22-10-22 16:30","Portugal","Liga Portugal","2022/2023","Famalicao","Pacos Ferreira","1.94","3.55","4.30","1.09","8.00","1.48","2.75","2.37","1.62","4.48","1.22","9.99","1.06","2.10","1.74"
"58523","22-10-22 19:00","Portugal","Liga Portugal","2022/2023","Estoril","Braga","5.60","4.05","1.65","1.04","13.00","1.26","4.00","1.90","2.00","3.06","1.40","6.00","1.14","1.83","1.98"
"58522","22-10-22 21:30","Portugal","Liga Portugal","2022/2023","Sporting CP","Casa Pia","1.44","4.65","7.99","1.05","11.70","1.24","4.26","1.80","2.13","2.88","1.44","5.66","1.16","1.92","1.88"
"58520","23-10-22 16:30","Portugal","Liga Portugal","2022/2023","Maritimo","Arouca","2.51","3.34","3.00","1.08","9.00","1.36","3.25","2.24","1.73","4.14","1.25","8.45","1.09","1.83","1.98"
"58521","23-10-22 16:30","Portugal","Liga Portugal","2022/2023","Vizela","Santa Clara","2.02","3.49","4.02","1.07","9.57","1.37","3.19","2.23","1.68","4.22","1.24","8.74","1.08","2.04","1.78"
"58519","23-10-22 19:00","Portugal","Liga Portugal","2022/2023","Chaves","Gil Vicente","2.55","3.44","2.87","1.06","10.60","1.31","3.62","2.01","1.90","3.57","1.31","7.12","1.11","1.78","2.04"
"58518","23-10-22 21:30","Portugal","Liga Portugal","2022/2023","Vitoria Guimaraes","Boavista","2.14","3.39","3.71","1.10","7.45","1.46","2.79","2.42","1.59","4.82","1.20","10.60","1.06","2.04","1.78"
"58517","24-10-22 21:15","Portugal","Liga Portugal","2022/2023","Rio Ave","Portimonense","2.31","3.32","3.10","1.03","8.00","1.35","2.98","2.16","1.74","3.72","1.24","7.10","1.05","1.87","1.89"
"58516","28-10-22 21:15","Portugal","Liga Portugal","2022/2023","Pacos Ferreira","Maritimo","2.22","3.34","3.55","1.07","9.57","1.33","3.46","2.11","1.81","3.57","1.31","7.97","1.09","1.83","1.98"
"58515","29-10-22 16:30","Portugal","Liga Portugal","2022/2023","Santa Clara","FC Porto","10.70","5.38","1.33","1.05","11.00","1.29","3.75","1.99","1.91","3.24","1.37","6.54","1.13","2.31","1.61"
"58514","29-10-22 19:00","Portugal","Liga Portugal","2022/2023","Benfica","Chaves","1.11","11.30","22.00","1.02","28.00","1.09","8.00","1.34","3.40","1.99","1.91","3.06","1.40","2.24","1.65"
"58513","29-10-22 21:30","Portugal","Liga Portugal","2022/2023","Arouca","Sporting CP","5.46","3.69","1.73","1.05","11.70","1.26","3.99","1.88","2.03","3.06","1.40","5.66","1.16","1.78","2.04"
"58511","30-10-22 16:30","Portugal","Liga Portugal","2022/2023","Boavista","Vizela","2.73","3.38","2.71","1.08","9.00","1.41","3.00","2.35","1.67","4.14","1.25","8.45","1.09","1.90","1.90"
"58512","30-10-22 16:30","Portugal","Liga Portugal","2022/2023","Portimonense","Estoril","2.58","3.33","2.91","1.09","8.00","1.41","3.00","2.35","1.67","4.48","1.22","9.26","1.07","1.90","1.90"
"58510","30-10-22 19:00","Portugal","Liga Portugal","2022/2023","Casa Pia","Rio Ave","2.15","3.38","3.73","1.09","8.00","1.48","2.75","2.37","1.62","4.48","1.22","9.26","1.07","1.87","1.94"
"58509","30-10-22 21:30","Portugal","Liga Portugal","2022/2023","Gil Vicente","Braga","6.04","4.34","1.57","1.02","16.00","1.20","4.79","1.60","2.39","2.52","1.55","4.53","1.22","1.70","2.16"
"58508","31-10-22 21:15","Portugal","Liga Portugal","2022/2023","Vitoria Guimaraes","Famalicao","2.25","3.27","3.54","1.08","8.51","1.43","2.93","2.33","1.63","4.53","1.22","9.43","1.07","1.87","1.94"
"58507","04-11-22 21:15","Portugal","Liga Portugal","2022/2023","Gil Vicente","Portimonense","2.24","3.40","3.44","1.02","10.00","1.34","3.40","2.13","1.80","3.79","1.29","7.54","1.07","1.83","1.98"
"58506","05-11-22 16:30","Portugal","Liga Portugal","2022/2023","Vizela","Arouca","2.03","3.30","4.26","1.08","9.00","1.36","3.25","2.24","1.73","3.79","1.29","8.45","1.09","1.73","2.11"
"58505","05-11-22 19:00","Portugal","Liga Portugal","2022/2023","FC Porto","Pacos Ferreira","1.12","10.00","23.00","1.02","25.00","1.11","6.91","1.43","2.93","2.11","1.81","3.46","1.33","2.57","1.50"
"58504","05-11-22 21:30","Portugal","Liga Portugal","2022/2023","Sporting CP","Vitoria Guimaraes","1.45","5.21","6.77","1.03","13.80","1.24","4.26","1.73","2.23","2.88","1.44","5.66","1.16","1.87","1.94"
"58503","06-11-22 16:30","Portugal","Liga Portugal","2022/2023","Rio Ave","Boavista","2.47","3.30","3.09","1.08","8.51","1.37","3.19","2.22","1.74","4.22","1.24","8.74","1.08","1.79","2.02"
"58501","06-11-22 19:00","Portugal","Liga Portugal","2022/2023","Braga","Casa Pia","1.46","5.13","6.71","1.03","13.80","1.24","4.26","1.73","2.23","2.88","1.44","5.11","1.18","1.98","1.83"
"58502","06-11-22 19:00","Portugal","Liga Portugal","2022/2023","Maritimo","Famalicao","2.99","3.23","2.58","1.08","8.51","1.37","3.19","2.32","1.68","4.22","1.24","8.74","1.08","1.79","2.02"
"58500","06-11-22 21:30","Portugal","Liga Portugal","2022/2023","Estoril","Benfica","10.50","6.62","1.27","1.02","20.00","1.17","5.32","1.55","2.53","2.33","1.63","4.22","1.24","1.92","1.88"
"58499","07-11-22 21:15","Portugal","Liga Portugal","2022/2023","Chaves","Santa Clara","2.35","3.21","3.41","1.10","7.45","1.50","2.66","2.52","1.55","5.11","1.18","10.60","1.06","1.98","1.83"
"58498","12-11-22 19:00","Portugal","Liga Portugal","2022/2023","Arouca","Rio Ave","2.31","3.29","3.39","1.09","8.00","1.48","2.75","2.37","1.62","4.80","1.20","9.99","1.06","1.98","1.83"
"58497","12-11-22 21:30","Portugal","Liga Portugal","2022/2023","Boavista","FC Porto","12.20","6.08","1.28","1.05","11.70","1.22","4.61","1.69","2.23","2.70","1.49","5.11","1.18","2.25","1.65"
"58495","13-11-22 16:30","Portugal","Liga Portugal","2022/2023","Pacos Ferreira","Vizela","4.09","3.37","2.05","1.08","9.00","1.41","3.00","2.35","1.67","4.14","1.25","9.26","1.07","1.98","1.83"
"58496","13-11-22 16:30","Portugal","Liga Portugal","2022/2023","Vitoria Guimaraes","Maritimo","1.97","3.38","4.42","1.08","9.00","1.41","3.00","2.35","1.67","4.48","1.22","9.26","1.07","1.98","1.83"
"58492","13-11-22 19:00","Portugal","Liga Portugal","2022/2023","Benfica","Gil Vicente","1.11","12.70","18.50","1.01","29.00","1.06","10.00","1.26","4.00","1.70","2.20","2.47","1.57","1.98","1.83"
"58493","13-11-22 19:00","Portugal","Liga Portugal","2022/2023","Casa Pia","Chaves","2.12","3.38","3.81","1.08","9.00","1.36","3.25","2.24","1.73","4.14","1.25","8.45","1.09","1.83","1.98"
"58494","13-11-22 19:00","Portugal","Liga Portugal","2022/2023","Portimonense","Braga","3.81","3.49","2.08","1.05","11.00","1.29","3.75","1.99","1.91","3.24","1.37","6.54","1.13","1.70","2.15"
"58491","13-11-22 21:30","Portugal","Liga Portugal","2022/2023","Famalicao","Sporting CP","6.52","3.83","1.63","1.07","9.57","1.33","3.46","2.11","1.81","3.57","1.31","7.97","1.09","1.92","1.88"
"58490","14-11-22 21:15","Portugal","Liga Portugal","2022/2023","Santa Clara","Estoril","2.26","3.30","3.50","1.10","7.61","1.45","2.86","2.38","1.61","4.73","1.21","10.40","1.06","1.98","1.83"
"58489","23-12-22 21:15","Portugal","Liga Portugal","2022/2023","Rio Ave","Maritimo","2.16","3.46","3.60","1.08","8.51","1.43","2.93","2.23","1.69","4.53","1.22","9.43","1.07","2.04","1.78"
"58488","28-12-22 20:00","Portugal","Liga Portugal","2022/2023","Portimonense","Casa Pia","2.39","3.17","3.37","1.08","8.51","1.43","2.93","2.23","1.69","4.22","1.24","9.43","1.07","1.87","1.94"
"58487","28-12-22 22:15","Portugal","Liga Portugal","2022/2023","FC Porto","Arouca","1.18","7.88","16.90","1.02","17.00","1.14","6.00","1.48","2.75","2.24","1.73","3.67","1.30","2.23","1.66"
"58486","29-12-22 18:00","Portugal","Liga Portugal","2022/2023","Gil Vicente","Santa Clara","2.07","3.45","3.89","1.06","10.60","1.30","3.72","1.97","1.94","3.24","1.37","6.66","1.12","1.69","2.17"
"58485","29-12-22 22:15","Portugal","Liga Portugal","2022/2023","Sporting CP","Pacos Ferreira","1.16","8.64","18.50","1.02","29.00","1.12","6.91","1.38","3.19","1.97","1.94","3.06","1.40","1.98","1.83"
"58484","30-12-22 18:00","Portugal","Liga Portugal","2022/2023","Chaves","Famalicao","2.59","3.10","3.10","1.10","7.45","1.46","2.79","2.52","1.55","4.82","1.20","10.60","1.06","1.92","1.88"
"58483","30-12-22 20:00","Portugal","Liga Portugal","2022/2023","Vizela","Vitoria Guimaraes","2.58","3.21","3.03","1.08","8.51","1.43","2.93","2.23","1.69","4.22","1.24","9.43","1.07","1.87","1.94"
"58482","30-12-22 22:15","Portugal","Liga Portugal","2022/2023","Braga","Benfica","5.20","4.11","1.68","1.05","11.70","1.24","4.25","1.80","2.13","2.88","1.44","5.66","1.16","1.69","2.17"
"58481","05-01-23 21:15","Portugal","Liga Portugal","2022/2023","Santa Clara","Braga","7.67","3.86","1.56","1.07","9.57","1.33","3.46","2.11","1.81","3.90","1.28","7.97","1.09","1.98","1.83"
"58480","06-01-23 20:00","Portugal","Liga Portugal","2022/2023","Benfica","Portimonense","1.18","7.52","18.80","1.02","18.10","1.12","6.91","1.43","2.93","2.11","1.81","3.24","1.37","1.92","1.88"
"58479","06-01-23 22:15","Portugal","Liga Portugal","2022/2023","Famalicao","Vizela","2.69","3.26","2.84","1.08","8.51","1.43","2.93","2.33","1.63","4.53","1.22","9.43","1.07","1.87","1.94"
"58478","07-01-23 16:30","Portugal","Liga Portugal","2022/2023","Arouca","Estoril","2.33","3.30","3.36","1.08","8.51","1.38","3.19","2.22","1.74","3.90","1.28","7.97","1.09","1.90","1.90"
"58477","07-01-23 19:00","Portugal","Liga Portugal","2022/2023","Vitoria Guimaraes","Rio Ave","2.11","3.19","4.11","1.10","7.45","1.43","2.93","2.33","1.63","4.53","1.22","9.43","1.07","2.04","1.78"
"58476","07-01-23 21:30","Portugal","Liga Portugal","2022/2023","Casa Pia","FC Porto","9.70","4.83","1.39","1.05","11.70","1.24","4.25","1.80","2.13","3.06","1.40","5.66","1.16","1.98","1.83"
"58475","08-01-23 16:30","Portugal","Liga Portugal","2022/2023","Pacos Ferreira","Chaves","2.71","3.41","2.71","1.08","8.49","1.40","3.06","2.38","1.65","4.40","1.23","8.99","1.08","1.83","1.98"
"58474","08-01-23 19:00","Portugal","Liga Portugal","2022/2023","Maritimo","Sporting CP","10.30","4.83","1.38","1.05","11.70","1.24","4.25","1.80","2.13","2.88","1.44","5.66","1.16","1.92","1.88"
"58473","08-01-23 21:30","Portugal","Liga Portugal","2022/2023","Boavista","Gil Vicente","2.41","3.35","3.16","1.08","9.00","1.36","3.25","2.24","1.73","4.14","1.25","8.45","1.09","1.83","1.98"
"58472","13-01-23 21:15","Portugal","Liga Portugal","2022/2023","Portimonense","Santa Clara","2.20","3.40","3.55","1.09","8.00","1.48","2.75","2.47","1.57","4.80","1.20","9.99","1.06","2.04","1.78"
"58471","14-01-23 16:30","Portugal","Liga Portugal","2022/2023","Vizela","Maritimo","1.94","3.78","3.96","1.06","10.60","1.33","3.46","2.11","1.81","3.90","1.28","7.97","1.09","1.87","1.94"
"58470","14-01-23 19:00","Portugal","Liga Portugal","2022/2023","Rio Ave","Pacos Ferreira","2.12","3.30","3.54","1.05","7.40","1.40","2.77","2.29","1.66","4.14","1.20","7.90","1.04","1.98","1.78"
"58469","14-01-23 21:30","Portugal","Liga Portugal","2022/2023","Braga","Boavista","1.32","5.64","10.70","1.02","16.00","1.20","4.79","1.61","2.39","2.43","1.59","4.53","1.22","1.98","1.83"
"58468","15-01-23 16:30","Portugal","Liga Portugal","2022/2023","Chaves","Arouca","2.46","3.31","3.10","1.07","9.57","1.38","3.19","2.22","1.74","3.90","1.28","7.97","1.09","1.90","1.90"
"58467","15-01-23 19:00","Portugal","Liga Portugal","2022/2023","Benfica","Sporting CP","1.82","3.90","4.47","1.03","13.80","1.26","3.99","1.97","1.94","3.24","1.37","6.17","1.14","1.73","2.10"
"58466","15-01-23 21:30","Portugal","Liga Portugal","2022/2023","FC Porto","Famalicao","1.22","6.59","18.30","1.05","11.70","1.20","4.79","1.61","2.39","2.52","1.55","4.53","1.22","2.29","1.63"
"58465","16-01-23 20:00","Portugal","Liga Portugal","2022/2023","Estoril","Casa Pia","3.13","3.04","2.45","1.07","6.35","1.47","2.53","2.51","1.56","4.64","1.16","9.00","1.02","2.06","1.73"
"58464","16-01-23 22:15","Portugal","Liga Portugal","2022/2023","Gil Vicente","Vitoria Guimaraes","2.68","3.17","2.93","1.08","8.51","1.38","3.19","2.23","1.69","4.22","1.24","8.74","1.08","1.79","2.02"
"58463","20-01-23 20:00","Portugal","Liga Portugal","2022/2023","Arouca","Portimonense","2.24","3.24","3.32","1.04","7.50","1.36","2.94","2.19","1.72","3.72","1.24","7.20","1.05","1.88","1.88"
"58462","20-01-23 22:15","Portugal","Liga Portugal","2022/2023","Sporting CP","Vizela","1.30","6.36","9.41","1.02","18.10","1.17","5.32","1.55","2.53","2.43","1.59","4.22","1.24","1.87","1.94"
"58461","21-01-23 16:30","Portugal","Liga Portugal","2022/2023","Pacos Ferreira","Braga","7.45","4.85","1.45","1.05","11.70","1.26","3.99","1.80","2.13","3.06","1.40","5.66","1.16","2.04","1.78"
"58460","21-01-23 19:00","Portugal","Liga Portugal","2022/2023","Santa Clara","Benfica","12.20","6.28","1.27","1.05","11.70","1.20","4.79","1.63","2.34","2.52","1.55","4.82","1.20","2.09","1.74"
"58459","21-01-23 21:30","Portugal","Liga Portugal","2022/2023","Vitoria Guimaraes","FC Porto","9.39","5.80","1.33","1.05","11.70","1.24","4.25","1.73","2.23","2.88","1.44","5.11","1.18","2.15","1.70"
"58458","22-01-23 16:30","Portugal","Liga Portugal","2022/2023","Maritimo","Estoril","2.63","3.20","2.97","1.11","7.00","1.48","2.75","2.47","1.57","4.80","1.20","9.99","1.06","1.98","1.83"
"58457","22-01-23 19:00","Portugal","Liga Portugal","2022/2023","Casa Pia","Gil Vicente","2.31","3.39","3.29","1.09","8.00","1.41","3.00","2.37","1.62","4.48","1.22","9.26","1.07","1.98","1.83"
"58456","22-01-23 21:30","Portugal","Liga Portugal","2022/2023","Famalicao","Rio Ave","2.12","3.30","3.92","1.11","7.00","1.51","2.63","2.66","1.50","5.41","1.17","11.20","1.05","2.15","1.70"
"58455","23-01-23 21:15","Portugal","Liga Portugal","2022/2023","Boavista","Chaves","2.05","3.37","4.09","1.09","8.00","1.48","2.75","2.47","1.57","4.80","1.20","9.99","1.06","2.04","1.78"
"58454","26-01-23 21:15","Portugal","Liga Portugal","2022/2023","Pacos Ferreira","Benfica","19.60","7.58","1.18","1.03","13.80","1.17","5.32","1.61","2.39","2.43","1.59","4.53","1.22","2.39","1.58"
"58452","29-01-23 16:30","Portugal","Liga Portugal","2022/2023","Casa Pia","Santa Clara","1.97","3.11","4.96","1.14","6.00","1.61","2.38","2.86","1.45","6.00","1.14","12.50","1.04","2.31","1.62"
"58453","29-01-23 16:30","Portugal","Liga Portugal","2022/2023","Vizela","Rio Ave","2.07","3.42","3.93","1.08","8.51","1.43","2.93","2.23","1.69","4.53","1.22","9.43","1.07","2.04","1.78"
"58451","29-01-23 19:00","Portugal","Liga Portugal","2022/2023","Boavista","Portimonense","2.00","3.49","4.10","1.11","7.00","1.51","2.63","2.47","1.57","4.80","1.20","9.99","1.06","2.10","1.74"
"58450","29-01-23 21:30","Portugal","Liga Portugal","2022/2023","Famalicao","Estoril","2.00","3.49","4.10","1.08","8.51","1.43","2.93","2.33","1.63","4.53","1.22","9.43","1.07","1.98","1.83"
"58449","30-01-23 21:15","Portugal","Liga Portugal","2022/2023","Vitoria Guimaraes","Chaves","1.90","3.49","4.58","1.08","8.51","1.43","2.93","2.23","1.69","4.22","1.24","8.74","1.08","1.92","1.88"
"58448","31-01-23 20:00","Portugal","Liga Portugal","2022/2023","Pacos Ferreira","Gil Vicente","3.12","3.43","2.39","1.08","9.00","1.41","3.00","2.35","1.67","4.48","1.22","9.26","1.07","1.90","1.90"
"58447","31-01-23 22:15","Portugal","Liga Portugal","2022/2023","Arouca","Benfica","10.00","5.02","1.37","1.05","11.00","1.23","4.33","1.77","2.10","2.86","1.45","5.41","1.17","2.10","1.74"
"58446","01-02-23 20:00","Portugal","Liga Portugal","2022/2023","Maritimo","FC Porto","13.40","5.99","1.27","1.05","17.00","1.17","4.61","1.73","2.23","2.70","1.49","5.11","1.16","2.12","1.73"
"58445","01-02-23 22:15","Portugal","Liga Portugal","2022/2023","Sporting CP","Braga","1.97","3.73","3.91","1.05","11.70","1.26","3.99","1.97","1.94","3.24","1.37","6.17","1.14","1.69","2.17"
"58444","04-02-23 16:30","Portugal","Liga Portugal","2022/2023","Santa Clara","Boavista","2.90","3.00","2.85","1.14","6.00","1.61","2.38","2.86","1.45","6.00","1.14","12.50","1.04","2.15","1.70"
"58443","04-02-23 19:00","Portugal","Liga Portugal","2022/2023","Benfica","Casa Pia","1.28","5.91","12.90","1.05","11.00","1.23","4.33","1.77","2.10","2.86","1.45","5.41","1.17","2.25","1.65"
"58442","04-02-23 21:30","Portugal","Liga Portugal","2022/2023","Estoril","Vitoria Guimaraes","2.78","2.97","2.99","1.10","7.45","1.46","2.79","2.52","1.55","4.82","1.20","10.60","1.06","1.92","1.88"
"58440","05-02-23 16:30","Portugal","Liga Portugal","2022/2023","Braga","Famalicao","1.57","4.12","6.57","1.06","10.60","1.30","3.72","1.97","1.94","3.46","1.33","6.66","1.12","1.92","1.88"
"58441","05-02-23 16:30","Portugal","Liga Portugal","2022/2023","Chaves","Maritimo","2.34","3.27","3.37","1.09","8.00","1.41","3.00","2.35","1.67","4.14","1.25","8.45","1.09","1.90","1.90"
"58439","05-02-23 19:00","Portugal","Liga Portugal","2022/2023","FC Porto","Vizela","1.27","5.86","14.10","1.03","13.80","1.17","5.32","1.61","2.39","2.43","1.59","4.53","1.22","1.98","1.83"
"58438","05-02-23 21:30","Portugal","Liga Portugal","2022/2023","Gil Vicente","Arouca","2.29","3.32","3.43","1.05","11.00","1.29","3.75","2.08","1.83","3.43","1.34","6.54","1.13","1.70","2.15"
"58437","06-02-23 20:00","Portugal","Liga Portugal","2022/2023","Portimonense","Pacos Ferreira","2.25","3.12","3.76","1.10","7.45","1.43","2.93","2.33","1.63","4.53","1.22","9.43","1.07","1.87","1.94"
"58436","06-02-23 22:15","Portugal","Liga Portugal","2022/2023","Rio Ave","Sporting CP","10.90","4.95","1.36","1.07","9.43","1.35","3.30","2.22","1.74","3.65","1.30","7.51","1.10","2.12","1.73"
"58435","09-02-23 19:00","Portugal","Liga Portugal","2022/2023","Estoril","Boavista","2.85","3.06","2.85","1.10","7.45","1.46","2.79","2.52","1.55","5.11","1.18","10.60","1.06","1.98","1.83"
"58434","10-02-23 21:15","Portugal","Liga Portugal","2022/2023","Vizela","Chaves","1.76","3.72","5.17","1.06","10.00","1.32","3.50","2.08","1.83","3.43","1.34","7.06","1.11","1.90","1.90"
"58433","11-02-23 19:00","Portugal","Liga Portugal","2022/2023","Arouca","Santa Clara","2.06","3.38","3.99","1.10","7.45","1.46","2.79","2.33","1.63","4.82","1.20","9.43","1.07","2.04","1.78"
"58432","11-02-23 21:30","Portugal","Liga Portugal","2022/2023","Vitoria Guimaraes","Portimonense","1.88","3.65","4.44","1.08","9.00","1.41","3.00","2.35","1.67","4.48","1.22","9.26","1.07","1.92","1.88"
"58431","12-02-23 16:30","Portugal","Liga Portugal","2022/2023","Famalicao","Gil Vicente","2.10","3.67","3.56","1.06","10.00","1.34","3.40","2.13","1.80","3.67","1.30","7.54","1.10","1.83","1.98"
"58430","12-02-23 19:00","Portugal","Liga Portugal","2022/2023","Sporting CP","FC Porto","2.68","3.43","2.74","1.08","8.51","1.43","2.93","2.23","1.69","4.22","1.24","8.74","1.08","1.87","1.94"
"58429","12-02-23 21:30","Portugal","Liga Portugal","2022/2023","Maritimo","Braga","4.38","3.86","1.84","1.05","11.70","1.30","3.72","1.97","1.94","3.46","1.33","6.66","1.12","1.94","1.87"
"58428","13-02-23 20:00","Portugal","Liga Portugal","2022/2023","Rio Ave","Estoril","2.62","2.91","3.08","1.08","5.95","1.46","2.48","2.54","1.53","4.54","1.15","8.90","1.02","2.06","1.73"
"58427","13-02-23 22:15","Portugal","Liga Portugal","2022/2023","Boavista","Casa Pia","2.34","3.12","3.53","1.08","6.91","1.50","2.66","2.59","1.51","5.66","1.14","11.80","1.05","2.09","1.74"
"58426","17-02-23 21:15","Portugal","Liga Portugal","2022/2023","Gil Vicente","Vizela","2.35","3.54","3.10","1.05","11.70","1.30","3.72","1.97","1.94","3.24","1.37","6.66","1.12","1.70","2.16"
"58424","18-02-23 19:00","Portugal","Liga Portugal","2022/2023","Estoril","Pacos Ferreira","2.09","3.34","3.96","1.08","8.51","1.38","3.19","2.22","1.74","4.22","1.24","8.74","1.08","1.92","1.88"
"58425","18-02-23 19:00","Portugal","Liga Portugal","2022/2023","Portimonense","Maritimo","2.41","3.20","3.30","1.09","8.00","1.41","3.00","2.37","1.62","4.48","1.22","9.99","1.06","1.98","1.83"
"58423","18-02-23 21:30","Portugal","Liga Portugal","2022/2023","FC Porto","Rio Ave","1.22","6.92","15.00","1.05","11.70","1.22","4.61","1.69","2.23","2.70","1.49","5.11","1.18","2.35","1.59"
"58422","19-02-23 16:30","Portugal","Liga Portugal","2022/2023","Santa Clara","Famalicao","2.93","3.31","2.58","1.12","6.91","1.61","2.39","2.70","1.49","6.17","1.14","11.80","1.05","2.18","1.69"
"58421","19-02-23 19:00","Portugal","Liga Portugal","2022/2023","Braga","Arouca","1.46","4.62","7.64","1.04","13.00","1.26","4.00","1.82","2.10","3.06","1.40","5.41","1.17","1.98","1.83"
"58420","19-02-23 21:30","Portugal","Liga Portugal","2022/2023","Casa Pia","Vitoria Guimaraes","2.69","3.08","3.00","1.12","6.91","1.50","2.66","2.70","1.49","5.11","1.18","11.80","1.05","2.03","1.79"
"58419","20-02-23 20:00","Portugal","Liga Portugal","2022/2023","Chaves","Sporting CP","8.20","5.05","1.37","1.01","16.00","1.18","4.10","1.69","2.19","2.57","1.43","4.54","1.14","1.98","1.78"
"58418","20-02-23 22:15","Portugal","Liga Portugal","2022/2023","Benfica","Boavista","1.18","8.58","16.10","1.02","22.00","1.13","6.38","1.46","2.79","2.22","1.74","3.57","1.31","2.18","1.69"
"58417","24-02-23 21:15","Portugal","Liga Portugal","2022/2023","Famalicao","Portimonense","1.83","3.54","4.54","1.04","7.60","1.36","2.82","2.21","1.68","3.82","1.21","7.50","1.04","2.03","1.75"
"58416","25-02-23 16:30","Portugal","Liga Portugal","2022/2023","Arouca","Casa Pia","2.37","3.14","3.24","1.07","6.40","1.48","2.43","2.56","1.52","4.80","1.14","9.50","1.01","2.12","1.69"
"58415","25-02-23 19:00","Portugal","Liga Portugal","2022/2023","Maritimo","Santa Clara","2.26","2.98","3.96","1.12","6.91","1.50","2.66","2.52","1.55","5.11","1.18","10.60","1.06","1.98","1.83"
"58414","25-02-23 21:30","Portugal","Liga Portugal","2022/2023","Vizela","Benfica","7.42","4.77","1.46","1.03","13.80","1.22","4.61","1.69","2.23","2.70","1.49","5.11","1.18","1.79","2.02"
"58413","26-02-23 16:30","Portugal","Liga Portugal","2022/2023","Rio Ave","Chaves","2.01","3.40","3.86","1.04","7.40","1.38","2.75","2.26","1.65","4.04","1.19","7.80","1.04","1.99","1.78"
"58412","26-02-23 19:00","Portugal","Liga Portugal","2022/2023","Pacos Ferreira","Boavista","2.81","3.13","2.83","1.08","8.51","1.43","2.93","2.23","1.69","4.22","1.24","9.43","1.07","1.87","1.94"
"58411","26-02-23 21:30","Portugal","Liga Portugal","2022/2023","FC Porto","Gil Vicente","1.19","8.28","14.40","1.02","18.10","1.15","5.85","1.46","2.79","2.14","1.74","3.57","1.31","2.09","1.74"
"58410","27-02-23 20:00","Portugal","Liga Portugal","2022/2023","Sporting CP","Estoril","1.21","8.01","12.80","1.02","16.00","1.17","5.32","1.55","2.53","2.43","1.59","4.22","1.24","2.18","1.69"
"58409","27-02-23 22:15","Portugal","Liga Portugal","2022/2023","Vitoria Guimaraes","Braga","4.48","3.58","1.90","1.07","9.57","1.33","3.46","2.11","1.81","3.90","1.28","7.97","1.09","1.87","1.94"
"58408","03-03-23 20:00","Portugal","Liga Portugal","2022/2023","Boavista","Arouca","2.23","3.26","3.38","1.05","7.10","1.41","2.64","2.36","1.60","4.24","1.17","8.30","1.03","2.01","1.76"
"58407","03-03-23 22:15","Portugal","Liga Portugal","2022/2023","Benfica","Famalicao","1.22","7.08","15.20","1.02","16.00","1.15","5.85","1.50","2.66","2.33","1.63","3.90","1.28","2.12","1.73"
"58406","04-03-23 16:30","Portugal","Liga Portugal","2022/2023","Estoril","Vizela","2.66","3.28","2.69","1.04","7.80","1.35","2.88","2.19","1.69","3.72","1.22","7.40","1.05","1.88","1.88"
"58405","04-03-23 19:00","Portugal","Liga Portugal","2022/2023","Portimonense","Sporting CP","9.82","4.65","1.40","1.05","11.70","1.26","3.99","1.88","2.03","3.06","1.40","6.17","1.14","2.09","1.74"
"58404","04-03-23 21:30","Portugal","Liga Portugal","2022/2023","Chaves","FC Porto","9.33","4.47","1.43","1.05","11.70","1.26","3.99","1.88","2.03","3.06","1.40","5.66","1.16","1.98","1.83"
"58403","05-03-23 16:30","Portugal","Liga Portugal","2022/2023","Gil Vicente","Maritimo","1.86","3.73","4.41","1.08","9.00","1.34","3.40","2.08","1.83","3.67","1.30","7.06","1.11","1.83","1.98"
"58402","05-03-23 19:00","Portugal","Liga Portugal","2022/2023","Santa Clara","Vitoria Guimaraes","2.81","3.10","2.67","1.06","6.45","1.47","2.45","2.56","1.52","4.74","1.14","9.40","1.01","2.09","1.70"
"58401","05-03-23 21:30","Portugal","Liga Portugal","2022/2023","Braga","Rio Ave","1.56","4.07","7.04","1.06","10.60","1.30","3.72","1.97","1.94","3.24","1.37","6.66","1.12","1.98","1.83"
"58400","06-03-23 21:15","Portugal","Liga Portugal","2022/2023","Casa Pia","Pacos Ferreira","1.98","3.22","4.66","1.10","7.45","1.46","2.79","2.43","1.59","4.82","1.20","10.60","1.06","2.03","1.79"
"58399","10-03-23 21:15","Portugal","Liga Portugal","2022/2023","FC Porto","Estoril","1.23","6.35","13.00","1.03","19.00","1.16","4.40","1.56","2.24","2.51","1.54","4.14","1.18","2.28","1.60"
"58397","11-03-23 16:30","Portugal","Liga Portugal","2022/2023","Chaves","Portimonense","2.39","3.43","3.12","1.08","9.00","1.36","3.25","2.24","1.73","4.14","1.25","8.45","1.09","1.90","1.90"
"58398","11-03-23 16:30","Portugal","Liga Portugal","2022/2023","Pacos Ferreira","Santa Clara","2.08","3.53","3.74","1.09","8.00","1.51","2.63","2.47","1.57","4.80","1.20","9.99","1.06","1.98","1.83"
"58396","11-03-23 19:00","Portugal","Liga Portugal","2022/2023","Vitoria Guimaraes","Arouca","2.04","3.38","4.09","1.10","7.45","1.46","2.79","2.33","1.63","4.53","1.22","9.43","1.07","1.92","1.88"
"58395","11-03-23 21:30","Portugal","Liga Portugal","2022/2023","Vizela","Braga","4.18","3.72","1.91","1.05","11.70","1.30","3.72","1.97","1.94","3.24","1.37","6.66","1.12","1.73","2.10"
"58394","12-03-23 16:30","Portugal","Liga Portugal","2022/2023","Rio Ave","Gil Vicente","2.42","3.16","3.31","1.08","8.51","1.38","3.19","2.23","1.69","4.22","1.24","8.74","1.08","1.85","1.96"
"58393","12-03-23 19:00","Portugal","Liga Portugal","2022/2023","Maritimo","Benfica","8.15","7.15","1.30","1.02","16.00","1.26","3.99","1.73","2.23","2.88","1.44","5.66","1.16","2.25","1.65"
"58392","12-03-23 21:30","Portugal","Liga Portugal","2022/2023","Sporting CP","Boavista","1.29","5.91","12.20","1.05","11.70","1.24","4.25","1.73","2.23","2.88","1.44","5.11","1.18","2.12","1.73"
"58391","13-03-23 21:15","Portugal","Liga Portugal","2022/2023","Famalicao","Casa Pia","2.20","3.17","3.83","1.13","6.38","1.55","2.53","2.70","1.49","5.66","1.16","11.80","1.05","2.12","1.73"
"58390","17-03-23 21:15","Portugal","Liga Portugal","2022/2023","Santa Clara","Rio Ave","2.99","3.07","2.70","1.13","6.38","1.61","2.39","2.70","1.49","5.66","1.16","11.80","1.05","2.12","1.73"
"58389","18-03-23 16:30","Portugal","Liga Portugal","2022/2023","Portimonense","Vizela","3.19","3.39","2.37","1.08","9.00","1.36","3.25","2.24","1.73","4.14","1.25","8.45","1.09","1.83","1.98"
"58387","18-03-23 19:00","Portugal","Liga Portugal","2022/2023","Arouca","Pacos Ferreira","2.14","3.37","3.74","1.07","9.57","1.38","3.19","2.22","1.74","3.90","1.28","8.74","1.08","1.92","1.88"
"58388","18-03-23 19:00","Portugal","Liga Portugal","2022/2023","Benfica","Vitoria Guimaraes","1.18","8.24","15.40","1.02","17.00","1.14","6.00","1.48","2.75","2.24","1.73","3.67","1.30","2.15","1.70"
"58386","18-03-23 21:30","Portugal","Liga Portugal","2022/2023","Estoril","Chaves","2.20","3.40","3.55","1.07","9.57","1.33","3.46","2.22","1.74","3.90","1.28","7.97","1.09","1.85","1.96"
"58385","19-03-23 16:30","Portugal","Liga Portugal","2022/2023","Casa Pia","Maritimo","2.16","3.09","4.11","1.06","6.50","1.56","2.50","2.66","1.50","5.41","1.17","11.20","1.02","2.10","1.74"
"58384","19-03-23 19:00","Portugal","Liga Portugal","2022/2023","Braga","FC Porto","3.64","3.34","2.19","1.06","10.60","1.30","3.72","1.97","1.94","3.24","1.37","6.66","1.12","1.66","2.23"
"58383","19-03-23 21:30","Portugal","Liga Portugal","2022/2023","Boavista","Famalicao","2.68","3.10","2.99","1.12","6.91","1.50","2.66","2.70","1.49","5.11","1.18","11.80","1.05","1.98","1.83"
"58382","31-03-23 21:15","Portugal","Liga Portugal","2022/2023","Estoril","Gil Vicente","2.71","3.46","2.53","1.02","9.20","1.26","3.40","1.91","1.91","3.14","1.30","5.80","1.09","1.71","2.08"
"58381","01-04-23 16:30","Portugal","Liga Portugal","2022/2023","Vizela","Casa Pia","1.98","3.15","4.40","1.07","6.35","1.43","2.57","2.41","1.58","4.30","1.17","8.40","1.03","2.10","1.70"
"58380","01-04-23 19:00","Portugal","Liga Portugal","2022/2023","Vitoria Guimaraes","Pacos Ferreira","2.06","3.40","3.70","1.04","7.80","1.36","2.83","2.19","1.69","3.82","1.21","7.40","1.04","1.93","1.83"
"58379","01-04-23 21:30","Portugal","Liga Portugal","2022/2023","Sporting CP","Santa Clara","1.10","11.20","30.00","1.02","23.00","1.13","6.50","1.48","2.75","2.24","1.73","3.67","1.30","2.54","1.52"
"58377","02-04-23 16:30","Portugal","Liga Portugal","2022/2023","Chaves","Braga","5.83","4.18","1.61","1.05","11.00","1.29","3.75","1.99","1.91","3.24","1.37","6.54","1.13","1.98","1.83"
"58378","02-04-23 16:30","Portugal","Liga Portugal","2022/2023","Maritimo","Boavista","2.28","3.38","3.38","1.09","8.00","1.48","2.75","2.37","1.62","4.80","1.20","9.99","1.06","1.98","1.83"
"58376","02-04-23 19:00","Portugal","Liga Portugal","2022/2023","Rio Ave","Benfica","14.20","5.83","1.27","1.05","11.70","1.26","3.99","1.88","2.03","3.06","1.40","6.17","1.14","2.39","1.58"
"58375","02-04-23 21:30","Portugal","Liga Portugal","2022/2023","FC Porto","Portimonense","1.16","8.20","21.00","1.02","16.00","1.13","6.38","1.46","2.79","2.14","1.74","3.57","1.31","2.25","1.65"
"58374","03-04-23 21:15","Portugal","Liga Portugal","2022/2023","Famalicao","Arouca","2.08","3.69","3.59","1.07","9.57","1.43","2.93","2.23","1.69","4.22","1.24","8.74","1.08","1.98","1.83"
"58373","05-04-23 21:15","Portugal","Liga Portugal","2022/2023","Gil Vicente","Sporting CP","7.95","5.46","1.38","1.02","16.00","1.22","4.61","1.63","2.34","2.52","1.55","4.82","1.20","1.85","1.96"
"58372","07-04-23 16:30","Portugal","Liga Portugal","2022/2023","Santa Clara","Vizela","3.60","3.16","2.19","1.05","6.95","1.38","2.75","2.26","1.65","3.92","1.20","7.60","1.04","1.95","1.81"
"58371","07-04-23 19:00","Portugal","Liga Portugal","2022/2023","Benfica","FC Porto","1.84","3.60","4.38","1.03","8.20","1.33","2.97","2.11","1.74","3.54","1.24","6.95","1.05","1.95","1.81"
"58370","07-04-23 21:30","Portugal","Liga Portugal","2022/2023","Boavista","Vitoria Guimaraes","2.53","3.15","2.96","1.06","6.85","1.43","2.57","2.43","1.57","4.40","1.16","8.70","1.02","2.02","1.76"
"58369","08-04-23 16:30","Portugal","Liga Portugal","2022/2023","Arouca","Maritimo","2.23","3.19","3.72","1.09","8.00","1.41","3.00","2.35","1.67","4.14","1.25","9.26","1.07","1.90","1.90"
"58367","08-04-23 19:00","Portugal","Liga Portugal","2022/2023","Pacos Ferreira","Famalicao","3.03","3.10","2.64","1.10","7.45","1.46","2.79","2.43","1.59","4.82","1.20","10.60","1.06","1.92","1.88"
"58368","08-04-23 19:00","Portugal","Liga Portugal","2022/2023","Portimonense","Rio Ave","2.73","3.10","2.93","1.11","7.00","1.51","2.63","2.66","1.50","5.11","1.18","11.20","1.05","2.04","1.78"
"58366","08-04-23 21:30","Portugal","Liga Portugal","2022/2023","Braga","Estoril","1.28","6.18","11.80","1.03","15.00","1.22","4.50","1.68","2.25","2.66","1.50","4.80","1.20","2.10","1.74"
"58365","09-04-23 19:00","Portugal","Liga Portugal","2022/2023","Casa Pia","Sporting CP","9.73","4.57","1.41","1.07","9.57","1.30","3.72","1.97","1.94","3.24","1.37","6.66","1.12","2.09","1.74"
"58364","10-04-23 21:15","Portugal","Liga Portugal","2022/2023","Gil Vicente","Chaves","2.20","3.48","3.48","1.06","10.60","1.30","3.72","1.97","1.94","3.46","1.33","6.66","1.12","1.69","2.17"
"58363","14-04-23 21:15","Portugal","Liga Portugal","2022/2023","Famalicao","Vitoria Guimaraes","2.03","3.31","4.23","1.08","8.51","1.38","3.19","2.22","1.74","4.22","1.24","8.74","1.08","1.92","1.88"
"58361","15-04-23 16:30","Portugal","Liga Portugal","2022/2023","Estoril","Portimonense","2.43","3.28","3.18","1.09","8.00","1.41","3.00","2.37","1.62","4.48","1.22","9.26","1.07","1.98","1.83"
"58362","15-04-23 16:30","Portugal","Liga Portugal","2022/2023","Maritimo","Pacos Ferreira","2.29","3.38","3.38","1.08","9.00","1.41","3.00","2.35","1.67","4.48","1.22","9.26","1.07","1.98","1.83"
"58360","15-04-23 19:00","Portugal","Liga Portugal","2022/2023","Chaves","Benfica","11.10","6.39","1.28","1.03","15.00","1.16","5.50","1.56","2.50","2.37","1.62","4.14","1.25","2.04","1.78"
"58359","15-04-23 21:30","Portugal","Liga Portugal","2022/2023","FC Porto","Santa Clara","1.14","9.19","23.00","1.03","15.00","1.16","5.50","1.51","2.63","2.37","1.62","4.14","1.25","2.42","1.57"
"58358","16-04-23 16:30","Portugal","Liga Portugal","2022/2023","Rio Ave","Casa Pia","2.22","3.21","3.72","1.12","6.91","1.50","2.66","2.52","1.55","5.11","1.18","10.60","1.06","2.09","1.74"
"58357","16-04-23 19:00","Portugal","Liga Portugal","2022/2023","Braga","Gil Vicente","1.35","5.36","9.77","1.02","17.00","1.16","5.50","1.56","2.50","2.47","1.57","4.14","1.25","1.83","1.98"
"58356","16-04-23 21:30","Portugal","Liga Portugal","2022/2023","Sporting CP","Arouca","1.28","6.27","11.50","1.02","16.00","1.17","5.32","1.61","2.39","2.43","1.59","4.53","1.22","2.09","1.74"
"58355","17-04-23 21:15","Portugal","Liga Portugal","2022/2023","Vizela","Boavista","1.98","3.37","4.35","1.07","9.57","1.38","3.19","2.22","1.74","4.22","1.24","8.74","1.08","1.87","1.94"
"58354","21-04-23 21:15","Portugal","Liga Portugal","2022/2023","Casa Pia","Braga","5.89","3.80","1.68","1.06","10.60","1.31","3.62","2.01","1.90","3.46","1.33","7.12","1.11","1.92","1.88"
"58353","22-04-23 16:30","Portugal","Liga Portugal","2022/2023","Famalicao","Maritimo","1.94","3.57","4.24","1.08","9.00","1.41","3.00","2.35","1.67","4.14","1.25","9.26","1.07","1.98","1.83"
"58352","22-04-23 19:00","Portugal","Liga Portugal","2022/2023","Boavista","Rio Ave","2.50","3.12","3.23","1.10","7.45","1.46","2.79","2.43","1.59","4.82","1.20","10.60","1.06","1.92","1.88"
"58351","22-04-23 21:30","Portugal","Liga Portugal","2022/2023","Pacos Ferreira","FC Porto","15.00","6.92","1.22","1.03","13.80","1.20","4.79","1.63","2.34","2.52","1.55","4.53","1.22","2.18","1.69"
"58350","23-04-23 16:30","Portugal","Liga Portugal","2022/2023","Portimonense","Gil Vicente","2.58","3.57","2.76","1.05","11.00","1.32","3.50","2.08","1.83","3.43","1.34","7.06","1.11","1.74","2.10"
"58348","23-04-23 19:00","Portugal","Liga Portugal","2022/2023","Benfica","Estoril","1.16","8.99","17.00","1.02","17.00","1.14","6.00","1.48","2.75","2.24","1.73","3.67","1.30","2.25","1.65"
"58349","23-04-23 19:00","Portugal","Liga Portugal","2022/2023","Santa Clara","Chaves","2.69","3.31","2.80","1.08","9.00","1.41","3.00","2.35","1.67","4.48","1.22","9.26","1.07","1.90","1.90"
"58347","23-04-23 21:30","Portugal","Liga Portugal","2022/2023","Arouca","Vizela","2.78","3.30","2.71","1.08","8.51","1.38","3.19","2.22","1.74","4.22","1.24","8.74","1.08","1.85","1.96"
"58346","24-04-23 21:15","Portugal","Liga Portugal","2022/2023","Vitoria Guimaraes","Sporting CP","7.50","4.60","1.43","1.01","9.90","1.24","3.54","1.84","1.98","2.93","1.34","5.40","1.10","2.06","1.73"
"58345","28-04-23 21:15","Portugal","Liga Portugal","2022/2023","Rio Ave","Arouca","2.38","3.08","3.28","1.06","6.80","1.38","2.75","2.28","1.64","3.94","1.20","7.70","1.04","1.93","1.83"
"58343","29-04-23 16:30","Portugal","Liga Portugal","2022/2023","Braga","Portimonense","1.23","6.50","12.00","1.03","20.00","1.12","5.00","1.47","2.45","2.26","1.65","3.64","1.23","2.06","1.73"
"58344","29-04-23 16:30","Portugal","Liga Portugal","2022/2023","Maritimo","Vitoria Guimaraes","2.35","3.34","3.28","1.08","9.00","1.41","3.00","2.35","1.67","4.14","1.25","8.45","1.09","1.90","1.90"
"58341","29-04-23 19:00","Portugal","Liga Portugal","2022/2023","Chaves","Casa Pia","2.34","3.22","3.43","1.09","8.00","1.48","2.75","2.37","1.62","4.48","1.22","9.26","1.07","1.98","1.83"
"58342","29-04-23 19:00","Portugal","Liga Portugal","2022/2023","Vizela","Pacos Ferreira","1.88","3.54","4.65","1.07","9.57","1.33","3.46","2.11","1.81","3.90","1.28","7.97","1.09","1.85","1.96"
"58340","29-04-23 21:30","Portugal","Liga Portugal","2022/2023","Gil Vicente","Benfica","9.71","6.69","1.29","1.02","17.00","1.16","5.50","1.51","2.63","2.37","1.62","4.14","1.25","1.98","1.83"
"58339","30-04-23 16:30","Portugal","Liga Portugal","2022/2023","Estoril","Santa Clara","2.19","3.24","3.76","1.08","8.51","1.43","2.93","2.33","1.63","4.53","1.22","9.43","1.07","1.98","1.83"
"58338","30-04-23 19:00","Portugal","Liga Portugal","2022/2023","FC Porto","Boavista","1.22","6.63","17.60","1.03","13.80","1.20","4.79","1.61","2.39","2.52","1.55","4.53","1.22","2.29","1.63"
"58337","30-04-23 21:30","Portugal","Liga Portugal","2022/2023","Sporting CP","Famalicao","1.21","7.42","14.60","1.02","16.00","1.17","5.32","1.55","2.53","2.33","1.63","4.22","1.24","2.18","1.69"
"58336","05-05-23 21:15","Portugal","Liga Portugal","2022/2023","Casa Pia","Portimonense","2.04","3.42","4.03","1.09","8.00","1.41","3.00","2.35","1.67","4.48","1.22","9.26","1.07","1.98","1.83"
"58335","06-05-23 16:30","Portugal","Liga Portugal","2022/2023","Santa Clara","Gil Vicente","2.46","3.44","2.84","1.02","8.90","1.28","3.26","1.96","1.86","3.24","1.29","6.10","1.08","1.75","2.03"
"58334","06-05-23 19:00","Portugal","Liga Portugal","2022/2023","Boavista","Estoril","2.29","3.22","3.32","1.05","7.30","1.36","2.83","2.21","1.68","3.82","1.21","7.40","1.04","1.90","1.86"
"58333","06-05-23 21:30","Portugal","Liga Portugal","2022/2023","Benfica","Braga","1.58","4.34","5.94","1.02","16.00","1.20","4.79","1.61","2.39","2.52","1.55","4.53","1.22","1.66","2.23"
"58332","07-05-23 16:30","Portugal","Liga Portugal","2022/2023","Maritimo","Rio Ave","1.95","3.41","4.46","1.07","9.57","1.38","3.19","2.22","1.74","4.22","1.24","8.74","1.08","1.92","1.88"
"58331","07-05-23 19:00","Portugal","Liga Portugal","2022/2023","Vitoria Guimaraes","Vizela","2.44","3.25","3.20","1.09","8.00","1.41","3.00","2.35","1.67","4.48","1.22","9.26","1.07","1.79","2.02"
"58330","07-05-23 21:30","Portugal","Liga Portugal","2022/2023","Pacos Ferreira","Sporting CP","9.20","5.96","1.33","1.03","13.80","1.22","4.61","1.63","2.34","2.70","1.49","4.82","1.20","2.04","1.78"
"58329","08-05-23 20:00","Portugal","Liga Portugal","2022/2023","Famalicao","Chaves","1.79","3.95","4.56","1.05","11.00","1.32","3.50","2.08","1.83","3.67","1.30","7.06","1.11","1.74","2.09"
"58328","08-05-23 22:15","Portugal","Liga Portugal","2022/2023","Arouca","FC Porto","9.10","5.15","1.34","1.01","15.00","1.20","3.92","1.73","2.13","2.68","1.40","4.80","1.13","2.10","1.70"
"58327","12-05-23 21:15","Portugal","Liga Portugal","2022/2023","Gil Vicente","Boavista","2.47","3.38","2.86","1.02","8.60","1.30","3.14","2.02","1.81","3.40","1.26","6.45","1.06","1.79","1.98"
"58325","13-05-23 16:30","Portugal","Liga Portugal","2022/2023","Chaves","Pacos Ferreira","2.14","3.60","3.50","1.05","11.00","1.29","3.75","2.08","1.83","3.43","1.34","7.06","1.11","1.74","2.10"
"58326","13-05-23 16:30","Portugal","Liga Portugal","2022/2023","Vizela","Famalicao","2.71","3.41","2.71","1.08","9.00","1.36","3.25","2.35","1.67","4.14","1.25","8.45","1.09","1.79","2.02"
"58324","13-05-23 19:00","Portugal","Liga Portugal","2022/2023","Portimonense","Benfica","16.80","8.99","1.16","1.02","24.00","1.13","6.50","1.48","2.75","2.24","1.73","3.43","1.34","2.03","1.79"
"58323","13-05-23 21:30","Portugal","Liga Portugal","2022/2023","Sporting CP","Maritimo","1.16","9.99","14.10","1.02","27.00","1.13","6.50","1.41","3.00","2.13","1.80","3.43","1.34","2.04","1.78"
"58322","14-05-23 16:30","Portugal","Liga Portugal","2022/2023","Rio Ave","Vitoria Guimaraes","3.31","3.42","2.30","1.09","8.00","1.41","3.00","2.37","1.62","4.48","1.22","9.26","1.07","1.98","1.83"
"58321","14-05-23 19:00","Portugal","Liga Portugal","2022/2023","Braga","Santa Clara","1.24","6.60","14.00","1.03","15.00","1.19","5.00","1.61","2.38","2.47","1.57","4.48","1.22","2.04","1.78"
"58320","14-05-23 21:30","Portugal","Liga Portugal","2022/2023","FC Porto","Casa Pia","1.21","7.29","15.60","1.04","13.00","1.22","4.50","1.68","2.25","2.66","1.50","4.80","1.20","2.25","1.65"
"58319","15-05-23 21:15","Portugal","Liga Portugal","2022/2023","Estoril","Arouca","2.81","3.29","2.70","1.09","8.00","1.41","3.00","2.37","1.62","4.48","1.22","9.26","1.07","1.98","1.83"
"58318","19-05-23 21:15","Portugal","Liga Portugal","2022/2023","Maritimo","Vizela","1.79","3.88","4.66","1.05","11.00","1.34","3.40","2.13","1.80","3.67","1.30","7.54","1.10","1.98","1.83"
"58316","20-05-23 16:30","Portugal","Liga Portugal","2022/2023","Arouca","Chaves","2.03","3.61","3.83","1.06","10.00","1.32","3.50","2.08","1.83","3.67","1.30","7.06","1.11","1.83","1.98"
"58317","20-05-23 16:30","Portugal","Liga Portugal","2022/2023","Santa Clara","Portimonense","1.86","3.83","4.35","1.05","11.70","1.26","3.99","1.88","2.03","3.06","1.40","6.17","1.14","1.74","2.10"
"58315","20-05-23 19:00","Portugal","Liga Portugal","2022/2023","Boavista","Braga","5.36","4.03","1.68","1.03","15.00","1.22","4.50","1.70","2.20","2.66","1.50","5.11","1.18","1.70","2.15"
"58314","20-05-23 21:30","Portugal","Liga Portugal","2022/2023","Famalicao","FC Porto","6.87","4.87","1.47","1.03","13.80","1.24","4.25","1.73","2.23","2.70","1.49","5.11","1.18","1.79","2.02"
"58313","21-05-23 16:30","Portugal","Liga Portugal","2022/2023","Vitoria Guimaraes","Gil Vicente","1.72","4.05","4.92","1.03","15.00","1.22","4.50","1.70","2.20","2.66","1.50","5.11","1.18","1.65","2.25"
"58311","21-05-23 19:00","Portugal","Liga Portugal","2022/2023","Casa Pia","Estoril","2.23","3.41","3.46","1.08","9.00","1.41","3.00","2.35","1.67","4.14","1.25","8.45","1.09","1.90","1.90"
"58312","21-05-23 19:00","Portugal","Liga Portugal","2022/2023","Pacos Ferreira","Rio Ave","2.46","3.47","2.99","1.06","10.00","1.34","3.40","2.13","1.80","3.67","1.30","7.54","1.10","1.78","2.04"
"58310","21-05-23 21:30","Portugal","Liga Portugal","2022/2023","Sporting CP","Benfica","3.04","3.44","2.43","1.05","11.70","1.26","3.99","1.88","2.03","3.06","1.40","6.17","1.14","1.63","2.29"
"58309","26-05-23 20:00","Portugal","Liga Portugal","2022/2023","Rio Ave","Famalicao","3.11","3.50","2.36","1.05","11.70","1.26","3.99","1.88","2.03","3.06","1.40","6.17","1.14","1.63","2.29"
"58308","26-05-23 22:15","Portugal","Liga Portugal","2022/2023","Vizela","Sporting CP","6.60","4.61","1.51","1.02","18.10","1.17","5.32","1.50","2.66","2.33","1.63","4.22","1.24","1.66","2.22"
"58307","27-05-23 13:45","Portugal","Liga Portugal","2022/2023","Gil Vicente","Casa Pia","2.26","3.70","3.14","1.01","15.00","1.19","5.00","1.68","2.25","2.57","1.54","4.80","1.20","1.52","2.54"
"58305","27-05-23 16:30","Portugal","Liga Portugal","2022/2023","Chaves","Boavista","2.24","3.62","3.05","","","1.21","3.82","1.77","2.07","2.75","1.38","5.00","1.12","1.63","2.22"
"58306","27-05-23 16:30","Portugal","Liga Portugal","2022/2023","Estoril","Maritimo","2.17","3.54","3.26","1.01","9.60","1.25","3.48","1.88","1.94","3.02","1.32","5.60","1.09","1.71","2.08"
"58302","27-05-23 19:00","Portugal","Liga Portugal","2022/2023","Benfica","Santa Clara","1.06","11.00","26.00","1.01","29.00","1.06","10.00","1.26","4.00","1.68","2.25","2.47","1.57","2.15","1.70"
"58303","27-05-23 19:00","Portugal","Liga Portugal","2022/2023","FC Porto","Vitoria Guimaraes","1.22","7.75","12.20","1.02","25.00","1.13","6.50","1.48","2.75","2.24","1.73","3.43","1.34","1.87","1.94"
"58304","27-05-23 19:00","Portugal","Liga Portugal","2022/2023","Portimonense","Arouca","3.37","3.83","2.11","1.04","13.00","1.29","3.75","1.90","2.00","3.24","1.37","6.00","1.14","1.63","2.29"
"58301","27-05-23 21:30","Portugal","Liga Portugal","2022/2023","Braga","Pacos Ferreira","1.32","6.17","9.25","1.02","25.00","1.11","7.00","1.41","3.00","2.08","1.83","3.24","1.37","1.74","2.10"
"58300","11-08-23 21:15","Portugal","Liga Portugal","2023/2024","Braga","Famalicao","1.51","4.61","6.53","1.03","15.00","1.23","4.33","1.70","2.20","2.86","1.45","5.41","1.17","1.83","1.98"
"58299","12-08-23 16:30","Portugal","Liga Portugal","2023/2024","Gil Vicente","Portimonense","1.94","3.66","4.15","1.05","11.00","1.29","3.75","2.08","1.83","3.43","1.34","6.54","1.13","1.83","1.98"
"58298","12-08-23 19:00","Portugal","Liga Portugal","2023/2024","SC Farense","Casa Pia","2.61","3.24","2.96","1.10","7.45","1.46","2.79","2.43","1.59","4.82","1.20","10.60","1.06","1.92","1.88"
"58297","12-08-23 21:30","Portugal","Liga Portugal","2023/2024","Sporting CP","Vizela","1.22","6.55","17.10","1.03","13.80","1.20","4.79","1.61","2.39","2.43","1.59","4.53","1.22","2.12","1.73"
"58296","13-08-23 16:30","Portugal","Liga Portugal","2023/2024","Rio Ave","Chaves","1.96","3.50","4.24","1.08","9.00","1.41","3.00","2.35","1.67","4.14","1.25","8.45","1.09","1.98","1.83"
"58295","13-08-23 19:00","Portugal","Liga Portugal","2023/2024","Estrela","Vitoria Guimaraes","2.54","3.43","2.90","1.08","9.00","1.41","3.00","2.35","1.67","4.48","1.22","9.26","1.07","1.98","1.83"
"58294","13-08-23 21:30","Portugal","Liga Portugal","2023/2024","Arouca","Estoril","2.10","3.42","3.79","1.09","8.00","1.48","2.75","2.37","1.62","4.48","1.22","9.26","1.07","2.04","1.78"
"58293","14-08-23 19:45","Portugal","Liga Portugal","2023/2024","Moreirense","FC Porto","8.39","5.26","1.38","1.02","17.00","1.19","5.00","1.61","2.38","2.57","1.54","4.48","1.22","1.83","1.98"
"58292","14-08-23 21:45","Portugal","Liga Portugal","2023/2024","Boavista","Benfica","10.30","5.11","1.36","1.03","13.80","1.20","4.79","1.61","2.39","2.52","1.55","4.53","1.22","1.85","1.96"
"58291","18-08-23 21:15","Portugal","Liga Portugal","2023/2024","Casa Pia","Sporting CP","10.30","4.83","1.38","1.05","11.70","1.24","4.25","1.73","2.23","2.88","1.44","5.11","1.18","1.92","1.88"
"58290","19-08-23 16:30","Portugal","Liga Portugal","2023/2024","Vitoria Guimaraes","Gil Vicente","2.09","3.51","3.73","1.08","9.00","1.36","3.25","2.24","1.73","3.79","1.29","7.54","1.10","1.83","1.98"
"58289","19-08-23 19:00","Portugal","Liga Portugal","2023/2024","Chaves","Braga","6.36","4.50","1.54","1.05","11.00","1.26","4.00","1.82","2.10","3.06","1.40","5.41","1.17","1.83","1.98"
"58287","19-08-23 21:30","Portugal","Liga Portugal","2023/2024","Benfica","Estrela","1.15","8.64","21.00","1.02","30.00","1.10","7.45","1.33","3.46","1.97","1.94","2.88","1.44","1.92","1.88"
"58288","19-08-23 21:30","Portugal","Liga Portugal","2023/2024","Portimonense","Boavista","3.32","3.43","2.29","1.08","9.00","1.41","3.00","2.35","1.67","4.48","1.22","9.26","1.07","1.98","1.83"
"58286","20-08-23 16:30","Portugal","Liga Portugal","2023/2024","Estoril","Rio Ave","2.66","3.27","2.86","1.08","8.51","1.38","3.19","2.22","1.74","4.22","1.24","8.74","1.08","1.79","2.02"
"58285","20-08-23 19:00","Portugal","Liga Portugal","2023/2024","FC Porto","SC Farense","1.22","7.10","15.10","1.04","13.00","1.19","5.00","1.61","2.38","2.47","1.57","4.48","1.22","2.25","1.65"
"58284","20-08-23 21:30","Portugal","Liga Portugal","2023/2024","Vizela","Arouca","2.27","3.44","3.34","1.08","9.00","1.36","3.25","2.24","1.73","4.14","1.25","8.45","1.09","1.73","2.10"
"58283","21-08-23 21:15","Portugal","Liga Portugal","2023/2024","Famalicao","Moreirense","2.29","3.43","3.32","1.06","10.00","1.34","3.40","2.24","1.73","3.79","1.29","7.54","1.10","1.73","2.10"
"58282","25-08-23 21:15","Portugal","Liga Portugal","2023/2024","Estrela","Estoril","2.38","3.43","3.14","1.09","8.00","1.41","3.00","2.35","1.67","4.14","1.25","9.26","1.07","1.79","2.02"
"58281","26-08-23 16:30","Portugal","Liga Portugal","2023/2024","Arouca","Portimonense","1.75","3.73","5.23","1.08","9.00","1.36","3.25","2.24","1.73","3.79","1.29","8.45","1.09","1.98","1.83"
"58280","26-08-23 19:00","Portugal","Liga Portugal","2023/2024","SC Farense","Chaves","2.01","3.53","3.98","1.06","10.60","1.30","3.72","2.01","1.90","3.46","1.33","6.66","1.12","1.74","2.10"
"58279","26-08-23 21:30","Portugal","Liga Portugal","2023/2024","Gil Vicente","Benfica","8.78","6.71","1.30","1.01","20.00","1.15","5.85","1.46","2.79","2.14","1.74","3.57","1.31","1.78","2.04"
"58278","27-08-23 16:30","Portugal","Liga Portugal","2023/2024","Boavista","Casa Pia","2.38","3.26","3.09","1.04","7.50","1.37","2.79","2.25","1.66","3.96","1.20","7.80","1.04","1.92","1.84"
"58277","27-08-23 19:00","Portugal","Liga Portugal","2023/2024","Vitoria Guimaraes","Vizela","1.94","3.38","4.57","1.08","9.00","1.36","3.25","2.35","1.67","4.14","1.25","8.45","1.09","1.87","1.94"
"58276","27-08-23 21:30","Portugal","Liga Portugal","2023/2024","Sporting CP","Famalicao","1.26","6.83","10.60","1.02","17.00","1.19","5.00","1.61","2.38","2.57","1.54","4.48","1.22","1.98","1.83"
"58275","28-08-23 21:15","Portugal","Liga Portugal","2023/2024","Rio Ave","FC Porto","9.90","4.34","1.43","1.05","11.00","1.26","4.00","1.90","2.00","3.06","1.40","6.00","1.14","1.98","1.83"
"58274","01-09-23 21:15","Portugal","Liga Portugal","2023/2024","Vizela","Gil Vicente","2.32","3.72","3.03","1.05","11.70","1.30","3.72","1.97","1.94","3.24","1.37","6.66","1.12","1.69","2.17"
"58273","02-09-23 16:30","Portugal","Liga Portugal","2023/2024","Casa Pia","Rio Ave","2.18","3.63","3.37","1.08","9.00","1.48","2.75","2.37","1.62","4.80","1.20","9.99","1.06","1.92","1.88"
"58271","02-09-23 19:00","Portugal","Liga Portugal","2023/2024","Famalicao","SC Farense","2.44","3.38","3.08","1.09","8.00","1.41","3.00","2.35","1.67","4.48","1.22","9.26","1.07","1.98","1.83"
"58272","02-09-23 19:00","Portugal","Liga Portugal","2023/2024","Portimonense","Estrela","2.62","3.33","2.87","1.08","9.00","1.36","3.25","2.24","1.73","4.14","1.25","8.45","1.09","1.83","1.98"
"58270","02-09-23 21:30","Portugal","Liga Portugal","2023/2024","Benfica","Vitoria Guimaraes","1.29","5.91","12.20","1.02","17.00","1.16","5.50","1.56","2.50","2.37","1.62","4.14","1.25","1.87","1.94"
"58268","03-09-23 16:30","Portugal","Liga Portugal","2023/2024","Chaves","Moreirense","2.86","3.65","2.46","1.05","11.00","1.32","3.50","2.08","1.83","3.43","1.34","7.06","1.11","1.83","1.98"
"58269","03-09-23 16:30","Portugal","Liga Portugal","2023/2024","Estoril","Boavista","2.80","3.32","2.69","1.08","9.00","1.36","3.25","2.24","1.73","4.14","1.25","8.45","1.09","1.73","2.10"
"58267","03-09-23 19:00","Portugal","Liga Portugal","2023/2024","FC Porto","Arouca","1.22","7.28","14.40","1.03","15.00","1.19","5.00","1.61","2.38","2.57","1.54","4.48","1.22","2.18","1.69"
"58266","03-09-23 21:30","Portugal","Liga Portugal","2023/2024","Braga","Sporting CP","3.46","4.11","2.01","1.02","16.00","1.22","4.61","1.69","2.23","2.70","1.49","5.11","1.18","1.58","2.39"
"58265","09-09-23 19:00","Portugal","Liga Portugal","2023/2024","Moreirense","Braga","4.01","3.73","1.95","1.05","11.70","1.26","3.99","1.80","2.13","3.06","1.40","5.66","1.16","1.66","2.22"
"58264","15-09-23 20:15","Portugal","Liga Portugal","2023/2024","Estrela","FC Porto","6.61","4.31","1.54","1.05","11.70","1.24","4.25","1.73","2.23","2.70","1.49","5.11","1.18","1.73","2.10"
"58263","16-09-23 16:30","Portugal","Liga Portugal","2023/2024","Rio Ave","Famalicao","2.59","3.42","2.85","1.09","8.00","1.48","2.75","2.47","1.57","4.80","1.20","9.99","1.06","1.87","1.94"
"58262","16-09-23 19:00","Portugal","Liga Portugal","2023/2024","SC Farense","Braga","5.00","3.92","1.74","1.04","13.00","1.26","4.00","1.82","2.10","2.86","1.45","5.41","1.17","1.70","2.15"
"58261","16-09-23 21:30","Portugal","Liga Portugal","2023/2024","Vizela","Benfica","8.39","5.26","1.38","1.02","18.10","1.17","5.32","1.55","2.53","2.43","1.59","4.22","1.24","1.73","2.10"
"58259","17-09-23 16:30","Portugal","Liga Portugal","2023/2024","Arouca","Casa Pia","2.78","3.30","2.71","1.08","9.00","1.41","3.00","2.37","1.62","4.48","1.22","9.26","1.07","1.98","1.83"
"58260","17-09-23 16:30","Portugal","Liga Portugal","2023/2024","Gil Vicente","Estoril","2.06","3.61","3.71","1.05","11.00","1.29","3.75","2.08","1.83","3.43","1.34","7.06","1.11","1.78","2.04"
"58258","17-09-23 19:00","Portugal","Liga Portugal","2023/2024","Vitoria Guimaraes","Portimonense","1.57","4.10","6.66","1.06","10.00","1.32","3.50","2.08","1.83","3.43","1.34","6.54","1.13","1.98","1.83"
"58257","17-09-23 21:30","Portugal","Liga Portugal","2023/2024","Sporting CP","Moreirense","1.29","6.00","11.80","1.03","15.00","1.19","5.00","1.56","2.50","2.47","1.57","4.48","1.22","1.92","1.88"
"58256","18-09-23 21:15","Portugal","Liga Portugal","2023/2024","Boavista","Chaves","1.73","3.72","5.50","1.05","11.70","1.30","3.72","1.97","1.94","3.24","1.37","6.66","1.12","1.73","2.10"
"58255","22-09-23 21:15","Portugal","Liga Portugal","2023/2024","Famalicao","Arouca","2.14","3.38","3.75","1.08","9.00","1.36","3.25","2.35","1.67","4.14","1.25","8.45","1.09","1.90","1.90"
"58253","23-09-23 16:30","Portugal","Liga Portugal","2023/2024","Estoril","Vizela","2.62","3.39","2.83","1.05","11.70","1.26","3.99","1.97","1.94","3.24","1.37","6.17","1.14","1.70","2.16"
"58254","23-09-23 16:30","Portugal","Liga Portugal","2023/2024","Moreirense","SC Farense","2.25","3.41","3.41","1.05","11.00","1.29","3.75","2.08","1.83","3.43","1.34","7.06","1.11","1.74","2.10"
"58252","23-09-23 19:00","Portugal","Liga Portugal","2023/2024","Casa Pia","Vitoria Guimaraes","2.66","3.20","2.92","1.09","8.00","1.48","2.75","2.37","1.62","4.48","1.22","9.99","1.06","1.98","1.83"
"58251","23-09-23 21:30","Portugal","Liga Portugal","2023/2024","FC Porto","Gil Vicente","1.28","7.39","8.98","1.01","23.00","1.13","6.38","1.43","2.93","2.22","1.74","3.57","1.31","1.78","2.04"
"58250","24-09-23 16:30","Portugal","Liga Portugal","2023/2024","Chaves","Estrela","2.70","3.34","2.78","1.05","11.00","1.29","3.75","2.08","1.83","3.24","1.37","6.54","1.13","1.70","2.15"
"58249","24-09-23 19:00","Portugal","Liga Portugal","2023/2024","Portimonense","Benfica","15.70","6.78","1.22","1.02","24.00","1.14","6.00","1.48","2.75","2.24","1.73","3.67","1.30","1.98","1.83"
"58248","24-09-23 21:30","Portugal","Liga Portugal","2023/2024","Braga","Boavista","1.60","4.20","5.95","1.03","15.00","1.19","5.00","1.68","2.25","2.57","1.54","4.80","1.20","1.70","2.15"
"58247","25-09-23 21:15","Portugal","Liga Portugal","2023/2024","Sporting CP","Rio Ave","1.18","7.70","17.80","1.02","16.10","1.17","5.38","1.50","2.69","2.31","1.65","4.18","1.25","2.18","1.69"
"58246","28-09-23 21:15","Portugal","Liga Portugal","2023/2024","Estrela","Braga","4.83","4.15","1.72","1.02","16.00","1.20","4.79","1.63","2.34","2.52","1.55","4.82","1.20","1.61","2.31"
"58245","29-09-23 21:15","Portugal","Liga Portugal","2023/2024","Benfica","FC Porto","1.89","3.86","4.12","1.03","13.80","1.24","4.25","1.80","2.13","2.88","1.44","5.66","1.16","1.63","2.29"
"58244","30-09-23 16:30","Portugal","Liga Portugal","2023/2024","Vizela","Portimonense","1.78","3.86","4.77","1.05","11.70","1.25","4.21","1.80","2.13","2.85","1.45","5.04","1.18","1.76","2.07"
"58243","30-09-23 19:00","Portugal","Liga Portugal","2023/2024","Boavista","Famalicao","2.49","3.42","2.98","1.08","9.00","1.36","3.25","2.24","1.73","4.14","1.25","8.45","1.09","1.83","1.98"
"58242","30-09-23 21:30","Portugal","Liga Portugal","2023/2024","SC Farense","Sporting CP","8.73","5.13","1.38","1.03","15.00","1.19","5.00","1.61","2.38","2.57","1.54","4.80","1.20","1.83","1.98"
"58241","01-10-23 16:30","Portugal","Liga Portugal","2023/2024","Arouca","Chaves","1.91","3.60","4.37","1.06","10.00","1.36","3.25","2.24","1.73","3.79","1.29","8.45","1.09","1.79","2.02"
"58240","01-10-23 19:00","Portugal","Liga Portugal","2023/2024","Vitoria Guimaraes","Estoril","1.78","3.74","4.98","1.05","11.70","1.26","3.99","1.97","1.94","3.24","1.37","6.66","1.12","1.73","2.10"
"58239","01-10-23 21:30","Portugal","Liga Portugal","2023/2024","Rio Ave","Moreirense","2.57","3.21","3.03","1.08","9.00","1.41","3.00","2.35","1.67","4.14","1.25","9.26","1.07","1.90","1.90"
"58238","02-10-23 21:15","Portugal","Liga Portugal","2023/2024","Gil Vicente","Casa Pia","2.41","3.20","3.30","1.07","9.57","1.33","3.46","2.22","1.74","3.90","1.28","7.97","1.09","1.73","2.10"
"58237","06-10-23 21:15","Portugal","Liga Portugal","2023/2024","Moreirense","Boavista","1.99","3.68","3.90","1.05","11.00","1.29","3.75","2.08","1.83","3.43","1.34","6.54","1.13","1.69","2.17"
"58235","07-10-23 16:30","Portugal","Liga Portugal","2023/2024","Chaves","Gil Vicente","2.68","3.63","2.62","1.04","13.00","1.26","4.00","1.90","2.00","3.06","1.40","6.00","1.14","1.65","2.25"
"58236","07-10-23 16:30","Portugal","Liga Portugal","2023/2024","SC Farense","Vizela","2.33","3.38","3.28","1.06","10.60","1.30","3.72","1.97","1.94","3.24","1.37","6.66","1.12","1.70","2.16"
"58234","07-10-23 19:00","Portugal","Liga Portugal","2023/2024","Braga","Rio Ave","1.30","5.90","10.60","1.02","16.00","1.17","5.32","1.55","2.53","2.33","1.63","4.22","1.24","2.02","1.79"
"58233","07-10-23 21:30","Portugal","Liga Portugal","2023/2024","Estoril","Benfica","9.93","6.13","1.30","1.02","28.00","1.13","6.50","1.41","3.00","2.08","1.83","3.24","1.37","1.70","2.15"
"58231","08-10-23 16:30","Portugal","Liga Portugal","2023/2024","Casa Pia","Estrela","2.11","3.48","3.47","1.02","8.60","1.30","3.10","2.00","1.81","3.35","1.26","6.40","1.07","1.82","1.94"
"58232","08-10-23 16:30","Portugal","Liga Portugal","2023/2024","Famalicao","Vitoria Guimaraes","2.81","3.16","2.62","1.05","6.90","1.42","2.58","2.39","1.58","4.33","1.16","8.60","1.02","2.01","1.76"
"58230","08-10-23 19:00","Portugal","Liga Portugal","2023/2024","FC Porto","Portimonense","1.18","8.06","17.10","1.02","17.00","1.16","5.50","1.51","2.63","2.26","1.67","4.14","1.25","2.03","1.79"
"58229","08-10-23 21:30","Portugal","Liga Portugal","2023/2024","Sporting CP","Arouca","1.19","7.52","17.60","1.03","15.00","1.16","5.50","1.56","2.50","2.47","1.57","4.14","1.25","2.12","1.73"
"58228","27-10-23 21:15","Portugal","Liga Portugal","2023/2024","Arouca","Moreirense","2.52","3.28","2.84","1.04","7.80","1.35","2.85","2.17","1.69","3.76","1.21","7.30","1.05","1.88","1.88"
"58227","28-10-23 16:30","Portugal","Liga Portugal","2023/2024","Portimonense","Estoril","2.62","3.49","2.77","1.05","11.00","1.29","3.75","1.99","1.91","3.24","1.37","6.54","1.13","1.70","2.15"
"58225","28-10-23 19:00","Portugal","Liga Portugal","2023/2024","Benfica","Casa Pia","1.22","6.25","14.00","1.02","18.50","1.15","4.50","1.55","2.24","2.50","1.53","4.15","1.17","2.17","1.66"
"58226","28-10-23 19:00","Portugal","Liga Portugal","2023/2024","Vitoria Guimaraes","Chaves","1.70","3.94","4.81","1.01","9.80","1.24","3.50","1.84","1.97","2.94","1.33","5.45","1.10","1.82","1.94"
"58224","28-10-23 21:30","Portugal","Liga Portugal","2023/2024","Gil Vicente","Braga","5.46","4.62","1.58","1.01","22.00","1.14","6.00","1.48","2.75","2.24","1.73","3.79","1.29","1.52","2.54"
"58223","29-10-23 16:30","Portugal","Liga Portugal","2023/2024","Rio Ave","SC Farense","2.49","3.42","2.98","1.06","10.00","1.34","3.40","2.13","1.80","3.79","1.29","7.54","1.10","1.69","2.17"
"58222","29-10-23 19:00","Portugal","Liga Portugal","2023/2024","Estrela","Famalicao","2.49","3.42","2.98","1.07","9.57","1.43","2.93","2.23","1.69","4.22","1.24","8.74","1.08","1.87","1.94"
"58221","29-10-23 21:30","Portugal","Liga Portugal","2023/2024","Vizela","FC Porto","7.70","4.85","1.40","1.01","15.00","1.19","4.05","1.70","2.16","2.58","1.42","4.65","1.14","1.93","1.83"
"58220","30-10-23 21:15","Portugal","Liga Portugal","2023/2024","Boavista","Sporting CP","7.68","5.15","1.42","1.03","13.80","1.22","4.61","1.63","2.34","2.70","1.49","4.82","1.20","1.87","1.94"
"58219","03-11-23 21:15","Portugal","Liga Portugal","2023/2024","FC Porto","Estoril","1.18","7.80","13.50","1.02","29.00","1.08","6.05","1.35","2.85","1.98","1.83","2.99","1.32","1.97","1.79"
"58218","04-11-23 16:30","Portugal","Liga Portugal","2023/2024","Chaves","Benfica","10.10","5.77","1.32","1.02","17.00","1.16","5.50","1.56","2.50","2.37","1.62","4.14","1.25","1.90","1.90"
"58217","04-11-23 19:00","Portugal","Liga Portugal","2023/2024","Famalicao","Gil Vicente","2.18","3.44","3.54","1.06","10.00","1.32","3.50","2.08","1.83","3.43","1.34","7.06","1.11","1.78","2.04"
"58216","04-11-23 21:30","Portugal","Liga Portugal","2023/2024","Braga","Portimonense","1.25","7.26","11.20","1.02","29.00","1.11","7.00","1.36","3.25","2.08","1.83","3.24","1.37","1.78","2.04"
"58214","05-11-23 16:30","Portugal","Liga Portugal","2023/2024","Casa Pia","Vizela","2.17","3.51","3.51","1.08","9.00","1.41","3.00","2.35","1.67","4.14","1.25","8.45","1.09","1.98","1.83"
"58215","05-11-23 16:30","Portugal","Liga Portugal","2023/2024","Moreirense","Vitoria Guimaraes","3.17","3.42","2.37","1.08","9.00","1.36","3.25","2.24","1.73","4.14","1.25","8.45","1.09","1.83","1.98"
"58213","05-11-23 19:00","Portugal","Liga Portugal","2023/2024","Rio Ave","Boavista","2.62","3.38","2.66","1.02","8.60","1.30","3.10","2.02","1.80","3.35","1.26","6.45","1.07","1.78","1.99"
"58212","05-11-23 21:30","Portugal","Liga Portugal","2023/2024","Sporting CP","Estrela","1.24","6.61","14.10","1.02","16.00","1.18","5.19","1.62","2.36","2.52","1.55","4.40","1.23","1.92","1.88"
"58211","06-11-23 21:15","Portugal","Liga Portugal","2023/2024","SC Farense","Arouca","2.35","3.38","3.03","1.03","8.50","1.30","3.10","2.03","1.79","3.42","1.25","6.55","1.06","1.80","1.96"
"58210","10-11-23 21:15","Portugal","Liga Portugal","2023/2024","Estoril","Casa Pia","2.43","3.22","3.04","1.04","7.60","1.33","2.94","2.13","1.72","3.58","1.23","7.00","1.05","1.85","1.91"
"58209","11-11-23 16:30","Portugal","Liga Portugal","2023/2024","Portimonense","Chaves","2.22","3.50","3.40","1.02","10.00","1.32","3.50","2.13","1.80","3.67","1.30","7.54","1.10","1.78","2.04"
"58207","11-11-23 19:00","Portugal","Liga Portugal","2023/2024","Estrela","Moreirense","2.72","3.25","2.64","1.03","8.10","1.31","3.04","2.04","1.78","3.35","1.26","6.50","1.06","1.79","1.98"
"58208","11-11-23 19:00","Portugal","Liga Portugal","2023/2024","Vizela","Famalicao","2.34","3.20","3.22","1.05","7.20","1.37","2.76","2.24","1.65","3.90","1.20","7.60","1.04","1.92","1.84"
"58206","11-11-23 21:30","Portugal","Liga Portugal","2023/2024","Vitoria Guimaraes","FC Porto","4.94","3.84","1.70","1.02","9.10","1.27","3.28","1.94","1.87","3.18","1.29","6.00","1.08","1.90","1.86"
"58204","12-11-23 16:30","Portugal","Liga Portugal","2023/2024","Boavista","SC Farense","1.91","3.92","3.95","1.04","13.00","1.29","3.75","1.90","2.00","3.24","1.37","6.00","1.14","1.74","2.10"
"58205","12-11-23 16:30","Portugal","Liga Portugal","2023/2024","Gil Vicente","Rio Ave","2.18","3.61","3.40","1.05","11.00","1.34","3.40","2.13","1.80","3.67","1.30","7.54","1.10","1.83","1.98"
"58203","12-11-23 19:00","Portugal","Liga Portugal","2023/2024","Arouca","Braga","5.32","3.91","1.70","1.03","13.80","1.22","4.61","1.73","2.23","2.70","1.49","5.11","1.18","1.63","2.29"
"58202","12-11-23 21:30","Portugal","Liga Portugal","2023/2024","Benfica","Sporting CP","2.59","3.42","2.85","1.05","11.80","1.29","3.76","1.99","1.91","3.43","1.34","7.05","1.11","1.69","2.17"
"58201","01-12-23 21:30","Portugal","Liga Portugal","2023/2024","Chaves","Vizela","2.91","3.45","2.52","1.08","9.00","1.36","3.25","2.24","1.73","4.14","1.25","8.45","1.09","1.73","2.10"
"58199","02-12-23 16:30","Portugal","Liga Portugal","2023/2024","Rio Ave","Estrela","2.18","3.77","3.26","1.06","10.00","1.34","3.40","2.13","1.80","3.79","1.29","7.54","1.10","1.83","1.98"
"58200","02-12-23 16:30","Portugal","Liga Portugal","2023/2024","SC Farense","Vitoria Guimaraes","3.20","3.84","2.18","1.05","11.70","1.26","3.99","1.97","1.94","3.24","1.37","6.17","1.14","1.69","2.17"
"58198","02-12-23 19:00","Portugal","Liga Portugal","2023/2024","Famalicao","FC Porto","6.87","4.47","1.51","1.05","11.70","1.30","3.72","1.97","1.94","3.24","1.37","6.66","1.12","1.96","1.85"
"58197","02-12-23 21:30","Portugal","Liga Portugal","2023/2024","Casa Pia","Portimonense","2.06","3.67","3.66","1.06","10.00","1.36","3.25","2.24","1.73","4.14","1.25","8.45","1.09","1.98","1.83"
"58196","03-12-23 16:30","Portugal","Liga Portugal","2023/2024","Braga","Estoril","1.46","5.62","5.89","1.02","26.00","1.13","6.50","1.41","3.00","2.08","1.83","3.24","1.37","1.62","2.31"
"58195","03-12-23 19:00","Portugal","Liga Portugal","2023/2024","Moreirense","Benfica","6.10","4.60","1.54","1.04","13.00","1.23","4.33","1.77","2.10","2.86","1.45","5.41","1.17","1.83","1.98"
"58194","03-12-23 21:30","Portugal","Liga Portugal","2023/2024","Boavista","Arouca","2.56","3.30","2.97","1.08","9.00","1.41","3.00","2.35","1.67","4.14","1.25","8.45","1.09","1.79","2.02"
"58193","04-12-23 21:15","Portugal","Liga Portugal","2023/2024","Sporting CP","Gil Vicente","1.14","11.40","15.60","1.01","14.90","1.08","8.51","1.30","3.72","1.80","2.13","2.70","1.49","1.92","1.88"
"58192","08-12-23 16:30","Portugal","Liga Portugal","2023/2024","Vizela","Braga","5.57","4.31","1.62","1.02","16.00","1.20","4.79","1.63","2.34","2.52","1.55","4.82","1.20","1.79","2.03"
"58191","08-12-23 19:00","Portugal","Liga Portugal","2023/2024","Benfica","SC Farense","1.18","8.68","14.10","1.02","29.00","1.12","6.91","1.33","3.46","1.97","1.94","3.06","1.40","1.79","2.02"
"58190","09-12-23 16:30","Portugal","Liga Portugal","2023/2024","Portimonense","Famalicao","2.57","3.29","2.96","1.08","9.00","1.41","3.00","2.35","1.67","4.14","1.25","9.26","1.07","1.90","1.90"
"58189","09-12-23 19:00","Portugal","Liga Portugal","2023/2024","Vitoria Guimaraes","Sporting CP","4.69","3.96","1.77","1.04","13.00","1.26","4.00","1.90","2.00","3.06","1.40","6.00","1.14","1.78","2.04"
"58188","09-12-23 21:30","Portugal","Liga Portugal","2023/2024","FC Porto","Casa Pia","1.26","6.62","11.10","1.05","11.00","1.26","4.00","1.82","2.10","3.06","1.40","6.00","1.14","2.31","1.62"
"58187","10-12-23 16:30","Portugal","Liga Portugal","2023/2024","Estrela","Boavista","2.29","3.53","3.22","1.06","10.00","1.34","3.40","2.13","1.80","3.67","1.30","7.54","1.10","1.78","2.04"
"58186","10-12-23 19:00","Portugal","Liga Portugal","2023/2024","Arouca","Rio Ave","2.08","3.24","4.17","1.09","8.00","1.48","2.75","2.47","1.57","4.80","1.20","9.99","1.06","2.04","1.78"
"58185","10-12-23 21:30","Portugal","Liga Portugal","2023/2024","Estoril","Chaves","1.84","3.86","4.38","1.03","13.80","1.24","4.25","1.80","2.13","3.06","1.40","5.66","1.16","1.70","2.16"
"58184","11-12-23 21:15","Portugal","Liga Portugal","2023/2024","Gil Vicente","Moreirense","3.57","3.41","2.18","1.05","11.70","1.30","3.72","1.97","1.94","3.24","1.37","6.66","1.12","1.66","2.23"
"58183","15-12-23 21:15","Portugal","Liga Portugal","2023/2024","SC Farense","Estrela","2.13","3.52","3.62","1.05","11.70","1.26","3.99","1.88","2.03","3.06","1.40","6.17","1.14","1.66","2.23"
"58182","16-12-23 16:30","Portugal","Liga Portugal","2023/2024","Rio Ave","Vizela","2.39","3.32","3.22","1.08","9.00","1.36","3.25","2.24","1.73","3.79","1.29","8.45","1.09","1.83","1.98"
"58181","16-12-23 19:00","Portugal","Liga Portugal","2023/2024","Arouca","Gil Vicente","2.05","3.42","4.01","1.06","10.60","1.31","3.62","2.01","1.90","3.46","1.33","7.12","1.11","1.73","2.10"
"58180","16-12-23 21:30","Portugal","Liga Portugal","2023/2024","Boavista","Vitoria Guimaraes","3.61","3.29","2.22","1.08","8.51","1.38","3.19","2.22","1.74","4.22","1.24","8.74","1.08","1.79","2.02"
"58178","17-12-23 16:30","Portugal","Liga Portugal","2023/2024","Chaves","Casa Pia","2.56","3.22","3.04","1.09","8.00","1.48","2.75","2.47","1.57","4.80","1.20","9.99","1.06","1.98","1.83"
"58179","17-12-23 16:30","Portugal","Liga Portugal","2023/2024","Moreirense","Portimonense","1.76","3.72","5.17","1.06","10.00","1.32","3.50","2.08","1.83","3.43","1.34","7.06","1.11","1.83","1.98"
"58177","17-12-23 19:00","Portugal","Liga Portugal","2023/2024","Famalicao","Estoril","2.28","3.36","3.41","1.06","10.00","1.34","3.40","2.13","1.80","3.67","1.30","7.54","1.10","1.69","2.17"
"58176","17-12-23 21:30","Portugal","Liga Portugal","2023/2024","Braga","Benfica","3.26","3.58","2.25","1.02","18.10","1.17","5.32","1.55","2.53","2.33","1.63","4.22","1.24","1.45","2.76"
"58175","18-12-23 21:15","Portugal","Liga Portugal","2023/2024","Sporting CP","FC Porto","2.40","3.36","3.16","1.06","10.60","1.30","3.72","1.97","1.94","3.24","1.37","6.66","1.12","1.69","2.17"
"58173","23-12-23 16:30","Portugal","Liga Portugal","2023/2024","Vitoria Guimaraes","Rio Ave","1.76","3.72","5.17","1.07","9.57","1.33","3.46","2.11","1.81","3.90","1.28","7.97","1.09","1.87","1.94"
"58174","23-12-23 16:30","Portugal","Liga Portugal","2023/2024","Vizela","Moreirense","3.38","3.28","2.33","1.09","8.00","1.51","2.63","2.47","1.57","4.80","1.20","9.99","1.06","2.04","1.78"
"58172","28-12-23 21:15","Portugal","Liga Portugal","2023/2024","Estrela","Arouca","2.81","3.38","2.65","1.08","8.51","1.38","3.19","2.22","1.74","4.22","1.24","8.74","1.08","1.79","2.02"
"58171","29-12-23 19:45","Portugal","Liga Portugal","2023/2024","Benfica","Famalicao","1.30","6.17","9.84","1.02","17.00","1.19","5.00","1.61","2.38","2.57","1.54","4.48","1.22","1.92","1.88"
"58170","29-12-23 21:45","Portugal","Liga Portugal","2023/2024","FC Porto","Chaves","1.20","7.20","13.00","1.02","25.00","1.10","5.45","1.40","2.65","2.14","1.71","3.35","1.26","1.99","1.78"
"58168","30-12-23 16:30","Portugal","Liga Portugal","2023/2024","Estoril","SC Farense","1.83","4.11","4.15","1.03","15.00","1.23","4.33","1.77","2.10","2.86","1.45","5.41","1.17","1.70","2.15"
"58169","30-12-23 16:30","Portugal","Liga Portugal","2023/2024","Gil Vicente","Boavista","2.39","3.43","3.12","1.08","9.00","1.36","3.25","2.24","1.73","3.79","1.29","7.54","1.10","1.73","2.10"
"58167","30-12-23 19:00","Portugal","Liga Portugal","2023/2024","Casa Pia","Braga","6.50","4.41","1.54","1.03","13.80","1.22","4.61","1.73","2.23","2.70","1.49","5.11","1.18","1.73","2.10"
"58166","30-12-23 21:30","Portugal","Liga Portugal","2023/2024","Portimonense","Sporting CP","9.76","6.20","1.30","1.02","18.10","1.15","5.85","1.46","2.79","2.23","1.69","3.90","1.28","1.79","2.02"
"58165","05-01-24 19:45","Portugal","Liga Portugal","2023/2024","Sporting CP","Estoril","1.26","6.39","11.80","1.02","24.00","1.13","6.38","1.46","2.79","2.22","1.74","3.57","1.31","1.79","2.02"
"58164","05-01-24 21:45","Portugal","Liga Portugal","2023/2024","Boavista","FC Porto","7.17","4.87","1.46","1.05","11.70","1.26","3.99","1.88","2.03","3.06","1.40","6.17","1.14","1.92","1.88"
"58162","06-01-24 16:30","Portugal","Liga Portugal","2023/2024","Estrela","Vizela","2.70","3.37","2.75","1.09","8.00","1.41","3.00","2.37","1.62","4.48","1.22","9.26","1.07","1.98","1.83"
"58163","06-01-24 16:30","Portugal","Liga Portugal","2023/2024","SC Farense","Gil Vicente","2.29","3.38","3.38","1.06","10.00","1.34","3.40","2.24","1.73","3.79","1.29","7.54","1.10","1.83","1.98"
"58161","06-01-24 19:00","Portugal","Liga Portugal","2023/2024","Arouca","Benfica","7.53","4.50","1.48","1.02","16.00","1.20","4.79","1.63","2.34","2.52","1.55","4.82","1.20","1.69","2.17"
"58160","06-01-24 21:30","Portugal","Liga Portugal","2023/2024","Braga","Vitoria Guimaraes","1.63","4.17","5.67","1.03","13.80","1.24","4.25","1.80","2.13","2.88","1.44","5.66","1.16","1.69","2.17"
"58159","07-01-24 19:00","Portugal","Liga Portugal","2023/2024","Rio Ave","Portimonense","1.76","3.92","4.82","1.06","10.60","1.31","3.62","2.01","1.90","3.57","1.31","7.12","1.11","1.87","1.94"
"58158","07-01-24 21:30","Portugal","Liga Portugal","2023/2024","Famalicao","Chaves","1.65","3.81","6.21","1.08","8.51","1.38","3.19","2.22","1.74","4.22","1.24","8.74","1.08","2.03","1.79"
"58157","08-01-24 21:15","Portugal","Liga Portugal","2023/2024","Moreirense","Casa Pia","1.86","3.32","5.18","1.08","8.51","1.43","2.93","2.33","1.63","4.53","1.22","9.43","1.07","2.04","1.78"
"58156","12-01-24 21:15","Portugal","Liga Portugal","2023/2024","Portimonense","SC Farense","2.68","3.35","2.78","1.08","9.00","1.34","3.40","2.13","1.80","3.67","1.30","7.54","1.10","1.78","2.04"
"58155","13-01-24 16:30","Portugal","Liga Portugal","2023/2024","Casa Pia","Famalicao","2.82","3.13","2.82","1.11","7.00","1.51","2.63","2.57","1.54","5.11","1.18","11.20","1.05","2.04","1.78"
"58154","13-01-24 19:00","Portugal","Liga Portugal","2023/2024","Chaves","Sporting CP","10.40","6.65","1.28","1.03","15.00","1.19","5.00","1.61","2.38","2.57","1.54","4.48","1.22","2.04","1.78"
"58153","13-01-24 21:30","Portugal","Liga Portugal","2023/2024","Estoril","Moreirense","2.23","3.36","3.52","1.06","10.60","1.31","3.62","2.01","1.90","3.57","1.31","7.12","1.11","1.69","2.17"
"58152","14-01-24 16:30","Portugal","Liga Portugal","2023/2024","Gil Vicente","Estrela","2.10","3.34","3.90","1.06","10.00","1.34","3.40","2.24","1.73","3.79","1.29","7.54","1.10","1.83","1.98"
"58150","14-01-24 19:00","Portugal","Liga Portugal","2023/2024","Benfica","Rio Ave","1.21","8.52","11.30","1.01","22.00","1.15","5.85","1.43","2.93","2.22","1.74","3.57","1.31","2.17","1.69"
"58151","14-01-24 19:00","Portugal","Liga Portugal","2023/2024","Vizela","Boavista","2.07","3.30","4.09","1.08","8.51","1.43","2.93","2.23","1.69","4.22","1.24","8.74","1.08","1.87","1.94"
"58149","14-01-24 21:30","Portugal","Liga Portugal","2023/2024","FC Porto","Braga","1.77","3.93","4.76","1.02","16.10","1.21","4.66","1.62","2.37","2.68","1.50","4.78","1.20","1.58","2.39"
"58148","15-01-24 21:15","Portugal","Liga Portugal","2023/2024","Vitoria Guimaraes","Arouca","1.95","3.73","4.01","1.05","11.70","1.31","3.62","2.01","1.90","3.46","1.33","7.12","1.11","1.78","2.04"
"58147","18-01-24 19:45","Portugal","Liga Portugal","2023/2024","Famalicao","Braga","4.34","3.67","1.90","1.05","12.10","1.25","4.12","1.83","2.09","2.98","1.42","5.50","1.17","1.68","2.20"
"58146","18-01-24 21:45","Portugal","Liga Portugal","2023/2024","Vizela","Sporting CP","11.00","5.61","1.31","1.03","13.80","1.22","4.61","1.63","2.34","2.70","1.49","4.82","1.20","1.92","1.88"
"58145","19-01-24 21:15","Portugal","Liga Portugal","2023/2024","Benfica","Boavista","1.11","11.40","22.00","1.01","14.90","1.09","8.00","1.32","3.50","1.90","2.00","2.86","1.45","2.04","1.78"
"58144","20-01-24 16:30","Portugal","Liga Portugal","2023/2024","Estoril","Arouca","2.41","3.66","2.92","1.03","13.80","1.24","4.25","1.80","2.13","2.88","1.44","5.66","1.16","1.61","2.31"
"58143","20-01-24 19:00","Portugal","Liga Portugal","2023/2024","Casa Pia","SC Farense","2.32","3.19","3.50","1.09","8.00","1.41","3.00","2.46","1.62","4.48","1.22","9.26","1.07","1.87","1.94"
"58142","20-01-24 21:30","Portugal","Liga Portugal","2023/2024","FC Porto","Moreirense","1.38","5.38","8.27","1.02","16.00","1.24","4.25","1.73","2.23","2.88","1.44","5.11","1.18","2.17","1.69"
"58141","21-01-24 16:30","Portugal","Liga Portugal","2023/2024","Portimonense","Gil Vicente","2.47","3.37","3.04","1.06","10.60","1.31","3.62","2.01","1.90","3.46","1.33","7.12","1.11","1.74","2.10"
"58140","21-01-24 19:00","Portugal","Liga Portugal","2023/2024","Chaves","Rio Ave","2.88","3.31","2.62","1.08","8.51","1.43","2.93","2.33","1.63","4.53","1.22","9.43","1.07","1.92","1.88"
"58139","21-01-24 21:30","Portugal","Liga Portugal","2023/2024","Vitoria Guimaraes","Estrela","1.62","3.87","6.49","1.07","9.57","1.31","3.62","2.01","1.90","3.46","1.33","7.12","1.11","1.92","1.88"
"58137","28-01-24 16:30","Portugal","Liga Portugal","2023/2024","Boavista","Portimonense","1.98","3.37","4.35","1.08","9.00","1.36","3.25","2.24","1.73","3.79","1.29","8.45","1.09","1.90","1.90"
"58138","28-01-24 16:30","Portugal","Liga Portugal","2023/2024","Moreirense","Famalicao","2.41","3.25","3.25","1.09","8.00","1.51","2.63","2.57","1.54","5.11","1.18","11.20","1.05","2.10","1.74"
"58136","28-01-24 19:00","Portugal","Liga Portugal","2023/2024","SC Farense","FC Porto","8.73","5.13","1.38","1.03","13.80","1.22","4.61","1.69","2.23","2.70","1.49","5.11","1.18","1.92","1.88"
"58134","28-01-24 21:30","Portugal","Liga Portugal","2023/2024","Arouca","Vizela","1.90","3.89","4.06","1.05","11.00","1.29","3.75","1.99","1.91","3.24","1.37","6.54","1.13","1.78","2.04"
"58135","28-01-24 21:30","Portugal","Liga Portugal","2023/2024","Gil Vicente","Vitoria Guimaraes","3.54","3.38","2.21","1.08","9.00","1.41","3.00","2.35","1.67","4.48","1.22","9.26","1.07","1.87","1.94"
"58133","29-01-24 19:45","Portugal","Liga Portugal","2023/2024","Estrela","Benfica","10.80","6.49","1.28","1.02","18.10","1.17","5.32","1.50","2.66","2.33","1.63","3.90","1.28","1.92","1.88"
"58132","29-01-24 21:45","Portugal","Liga Portugal","2023/2024","Sporting CP","Casa Pia","1.16","9.19","16.10","1.02","16.00","1.17","5.32","1.50","2.66","2.33","1.63","4.22","1.24","2.39","1.58"
"58131","31-01-24 19:45","Portugal","Liga Portugal","2023/2024","Rio Ave","Estoril","2.15","3.56","3.51","1.08","9.00","1.34","3.40","2.13","1.80","3.79","1.29","7.54","1.10","1.73","2.10"
"58130","31-01-24 21:45","Portugal","Liga Portugal","2023/2024","Braga","Chaves","1.33","5.74","9.84","1.02","19.50","1.16","5.50","1.56","2.50","2.37","1.62","4.14","1.25","1.83","1.98"
"58129","03-02-24 16:30","Portugal","Liga Portugal","2023/2024","Portimonense","Arouca","3.80","3.65","2.03","1.06","10.00","1.32","3.50","2.08","1.83","3.43","1.34","7.06","1.11","1.74","2.10"
"58128","03-02-24 21:30","Portugal","Liga Portugal","2023/2024","FC Porto","Rio Ave","1.20","7.14","17.30","1.03","15.50","1.23","4.47","1.66","2.27","2.78","1.46","4.96","1.19","2.18","1.69"
"58126","04-02-24 16:30","Portugal","Liga Portugal","2023/2024","Chaves","SC Farense","2.38","3.44","3.14","1.08","9.00","1.41","3.00","2.35","1.67","4.48","1.22","9.26","1.07","1.98","1.83"
"58127","04-02-24 16:30","Portugal","Liga Portugal","2023/2024","Vizela","Vitoria Guimaraes","4.44","3.69","1.87","1.06","10.00","1.34","3.40","2.24","1.73","3.79","1.29","7.54","1.10","1.90","1.90"
"58124","04-02-24 19:00","Portugal","Liga Portugal","2023/2024","Benfica","Gil Vicente","1.16","9.59","16.00","1.02","26.00","1.14","6.19","1.45","2.84","2.18","1.77","3.33","1.35","2.04","1.78"
"58125","04-02-24 19:00","Portugal","Liga Portugal","2023/2024","Estoril","Estrela","1.97","3.62","3.73","1.02","9.20","1.26","3.34","1.92","1.89","3.10","1.30","5.90","1.08","1.77","2.00"
"58123","04-02-24 21:30","Portugal","Liga Portugal","2023/2024","Braga","Moreirense","1.48","4.43","7.90","1.05","11.30","1.25","4.12","1.78","2.17","2.78","1.46","5.25","1.18","1.78","2.04"
"58122","05-02-24 21:15","Portugal","Liga Portugal","2023/2024","Casa Pia","Boavista","2.11","3.50","3.70","1.08","9.00","1.36","3.25","2.24","1.73","4.14","1.25","8.45","1.09","1.85","1.96"
"58121","09-02-24 21:15","Portugal","Liga Portugal","2023/2024","Estrela","Portimonense","2.01","3.56","3.95","1.08","9.00","1.36","3.25","2.35","1.67","4.14","1.25","8.45","1.09","1.92","1.88"
"58120","10-02-24 16:30","Portugal","Liga Portugal","2023/2024","SC Farense","Famalicao","3.14","3.14","2.54","1.11","7.00","1.48","2.75","2.57","1.54","4.80","1.20","9.99","1.06","2.04","1.78"
"58119","10-02-24 19:00","Portugal","Liga Portugal","2023/2024","Moreirense","Chaves","1.93","3.32","4.74","1.11","7.00","1.51","2.63","2.47","1.57","4.80","1.20","9.99","1.06","2.04","1.78"
"58118","10-02-24 21:30","Portugal","Liga Portugal","2023/2024","Boavista","Estoril","2.69","3.33","2.79","1.05","11.30","1.28","3.87","2.02","1.89","3.33","1.35","6.35","1.13","1.66","2.22"
"58117","11-02-24 16:30","Portugal","Liga Portugal","2023/2024","Rio Ave","Casa Pia","2.30","3.16","3.57","1.12","6.70","1.53","2.58","2.78","1.46","5.25","1.18","12.10","1.05","2.09","1.74"
"58116","11-02-24 19:00","Portugal","Liga Portugal","2023/2024","Sporting CP","Braga","1.51","4.55","6.78","1.02","17.50","1.18","5.15","1.58","2.45","2.40","1.60","4.35","1.23","1.66","2.22"
"58115","11-02-24 21:30","Portugal","Liga Portugal","2023/2024","Vitoria Guimaraes","Benfica","5.59","4.11","1.64","1.03","13.40","1.25","4.12","1.78","2.17","2.97","1.42","5.25","1.18","1.74","2.10"
"58114","12-02-24 21:15","Portugal","Liga Portugal","2023/2024","Arouca","FC Porto","8.39","4.41","1.46","1.03","13.50","1.22","4.49","1.66","2.28","2.77","1.47","4.94","1.19","1.80","2.02"
"58113","13-02-24 16:30","Portugal","Liga Portugal","2023/2024","Gil Vicente","Vizela","1.99","3.65","3.92","1.05","11.30","1.31","3.61","2.02","1.89","3.33","1.35","6.86","1.12","1.78","2.04"
"58112","16-02-24 21:15","Portugal","Liga Portugal","2023/2024","Famalicao","Rio Ave","2.17","3.19","3.91","1.11","7.22","1.49","2.70","2.50","1.56","4.96","1.19","10.90","1.06","2.04","1.78"
"58111","17-02-24 16:30","Portugal","Liga Portugal","2023/2024","Chaves","Boavista","2.94","3.05","2.76","1.11","7.00","1.48","2.75","2.47","1.57","4.80","1.20","9.99","1.06","1.92","1.88"
"58110","17-02-24 19:00","Portugal","Liga Portugal","2023/2024","Portimonense","Vitoria Guimaraes","4.24","3.60","1.94","1.06","10.00","1.34","3.40","2.13","1.80","3.79","1.29","7.54","1.10","1.78","2.04"
"58109","17-02-24 21:30","Portugal","Liga Portugal","2023/2024","FC Porto","Estrela","1.22","7.28","13.50","1.03","15.00","1.16","5.50","1.56","2.50","2.47","1.57","4.14","1.25","2.22","1.66"
"58108","18-02-24 16:30","Portugal","Liga Portugal","2023/2024","Casa Pia","Arouca","3.05","3.17","2.58","1.11","7.22","1.45","2.84","2.40","1.60","4.66","1.21","9.70","1.06","1.92","1.88"
"58106","18-02-24 19:00","Portugal","Liga Portugal","2023/2024","Benfica","Vizela","1.11","10.90","25.00","1.01","26.00","1.14","6.19","1.39","3.10","2.18","1.77","3.33","1.35","2.06","1.76"
"58107","18-02-24 19:00","Portugal","Liga Portugal","2023/2024","Estoril","Gil Vicente","2.26","3.49","3.33","1.05","11.30","1.31","3.61","2.02","1.89","3.33","1.35","6.86","1.12","1.70","2.16"
"58105","18-02-24 21:30","Portugal","Liga Portugal","2023/2024","Braga","SC Farense","1.50","5.29","5.74","1.02","19.00","1.16","5.50","1.56","2.50","2.37","1.62","4.14","1.25","1.66","2.22"
"58104","19-02-24 21:15","Portugal","Liga Portugal","2023/2024","Moreirense","Sporting CP","8.13","5.26","1.39","1.03","15.50","1.23","4.47","1.66","2.27","2.78","1.46","4.96","1.19","1.92","1.88"
"58103","23-02-24 21:15","Portugal","Liga Portugal","2023/2024","Arouca","Famalicao","2.25","3.39","3.44","1.08","9.00","1.36","3.25","2.24","1.73","4.14","1.25","8.45","1.09","1.83","1.98"
"58102","24-02-24 16:30","Portugal","Liga Portugal","2023/2024","SC Farense","Moreirense","2.76","3.27","2.76","1.09","8.00","1.48","2.75","2.37","1.62","4.48","1.22","9.26","1.07","1.92","1.88"
"58101","24-02-24 19:00","Portugal","Liga Portugal","2023/2024","Estrela","Chaves","2.00","3.49","4.10","1.07","9.28","1.39","3.10","2.28","1.70","4.02","1.26","8.21","1.09","1.92","1.88"
"58100","24-02-24 21:30","Portugal","Liga Portugal","2023/2024","Vitoria Guimaraes","Casa Pia","1.63","3.91","6.11","1.07","9.28","1.39","3.10","2.28","1.70","4.02","1.26","8.21","1.09","2.09","1.74"
"58099","25-02-24 16:30","Portugal","Liga Portugal","2023/2024","Vizela","Estoril","2.55","3.42","2.89","1.05","11.40","1.28","3.89","2.02","1.89","3.13","1.38","6.32","1.13","1.68","2.18"
"58097","25-02-24 19:00","Portugal","Liga Portugal","2023/2024","Benfica","Portimonense","1.11","11.40","23.00","1.01","14.90","1.09","8.25","1.31","3.61","1.85","2.06","2.78","1.46","2.12","1.73"
"58098","25-02-24 19:00","Portugal","Liga Portugal","2023/2024","Gil Vicente","FC Porto","6.78","4.55","1.51","1.03","13.40","1.25","4.12","1.85","2.06","2.97","1.42","5.82","1.15","1.95","1.86"
"58096","25-02-24 21:30","Portugal","Liga Portugal","2023/2024","Rio Ave","Sporting CP","11.50","6.59","1.26","1.03","15.00","1.23","4.33","1.70","2.20","2.86","1.45","5.41","1.17","2.25","1.65"
"58095","26-02-24 21:15","Portugal","Liga Portugal","2023/2024","Boavista","Braga","5.04","3.91","1.73","1.04","13.00","1.26","4.00","1.90","2.00","3.06","1.40","6.00","1.14","1.74","2.10"
"58094","01-03-24 21:15","Portugal","Liga Portugal","2023/2024","Chaves","Arouca","3.48","3.58","2.16","1.05","11.30","1.32","3.50","2.06","1.85","3.56","1.31","7.32","1.10","1.80","2.01"
"58093","02-03-24 16:30","Portugal","Liga Portugal","2023/2024","Moreirense","Rio Ave","2.43","3.14","3.34","1.12","6.70","1.53","2.58","2.59","1.53","5.25","1.18","10.90","1.06","2.04","1.78"
"58092","02-03-24 19:00","Portugal","Liga Portugal","2023/2024","Estoril","Vitoria Guimaraes","3.02","3.46","2.43","1.05","11.30","1.28","3.87","2.02","1.89","3.33","1.35","6.35","1.13","1.66","2.22"
"58091","02-03-24 21:30","Portugal","Liga Portugal","2023/2024","Braga","Estrela","1.40","5.13","8.21","1.03","15.50","1.18","5.15","1.58","2.45","2.50","1.56","4.35","1.23","1.78","2.04"
"58089","03-03-24 16:30","Portugal","Liga Portugal","2023/2024","Casa Pia","Gil Vicente","2.81","3.23","2.74","1.09","8.00","1.51","2.63","2.57","1.54","5.11","1.18","11.20","1.05","2.04","1.78"
"58090","03-03-24 16:30","Portugal","Liga Portugal","2023/2024","Portimonense","Vizela","2.49","3.32","3.06","1.07","9.28","1.34","3.35","2.18","1.77","4.02","1.26","8.21","1.09","1.80","2.01"
"58088","03-03-24 19:00","Portugal","Liga Portugal","2023/2024","Sporting CP","SC Farense","1.16","8.36","22.00","1.02","26.00","1.12","6.70","1.39","3.10","2.02","1.89","3.15","1.38","2.04","1.78"
"58087","03-03-24 21:30","Portugal","Liga Portugal","2023/2024","FC Porto","Benfica","2.38","3.62","3.00","1.03","13.40","1.28","3.87","1.85","2.06","3.15","1.38","5.82","1.15","1.66","2.22"
"58086","04-03-24 21:15","Portugal","Liga Portugal","2023/2024","Famalicao","Boavista","2.16","3.17","3.95","1.10","7.25","1.45","2.85","2.38","1.61","4.64","1.21","9.66","1.06","1.98","1.83"
"58085","08-03-24 19:45","Portugal","Liga Portugal","2023/2024","Portimonense","FC Porto","12.60","7.75","1.22","1.02","17.00","1.16","5.50","1.56","2.50","2.37","1.62","4.14","1.25","2.09","1.74"
"58084","08-03-24 21:45","Portugal","Liga Portugal","2023/2024","Estrela","Casa Pia","2.48","3.02","3.38","1.12","6.70","1.53","2.58","2.78","1.46","5.25","1.18","12.10","1.05","2.09","1.74"
"58083","09-03-24 16:30","Portugal","Liga Portugal","2023/2024","Vizela","SC Farense","2.33","3.30","3.35","1.08","9.00","1.34","3.40","2.24","1.73","3.79","1.29","7.54","1.10","1.78","2.04"
"58081","09-03-24 19:00","Portugal","Liga Portugal","2023/2024","Boavista","Moreirense","3.15","3.13","2.41","1.07","6.45","1.46","2.45","2.54","1.52","4.70","1.14","9.30","1.01","2.09","1.71"
"58082","09-03-24 19:00","Portugal","Liga Portugal","2023/2024","Rio Ave","Braga","4.80","4.11","1.73","1.03","13.40","1.28","3.87","1.94","1.97","3.15","1.38","6.35","1.13","1.78","2.04"
"58080","09-03-24 21:30","Portugal","Liga Portugal","2023/2024","Vitoria Guimaraes","Famalicao","2.01","3.56","3.99","1.07","9.28","1.34","3.35","2.18","1.77","4.02","1.26","8.21","1.09","1.92","1.88"
"58079","10-03-24 19:00","Portugal","Liga Portugal","2023/2024","Arouca","Sporting CP","8.40","4.84","1.42","1.03","15.50","1.21","4.64","1.66","2.27","2.59","1.53","4.96","1.19","1.85","1.96"
"58078","10-03-24 21:30","Portugal","Liga Portugal","2023/2024","Benfica","Estoril","1.22","7.49","12.80","1.02","25.00","1.14","6.00","1.48","2.75","2.24","1.73","3.67","1.30","1.74","2.10"
"58077","11-03-24 21:15","Portugal","Liga Portugal","2023/2024","Gil Vicente","Chaves","2.00","3.49","4.10","1.09","8.25","1.45","2.84","2.30","1.65","4.35","1.23","8.99","1.08","1.98","1.83"
"58076","15-03-24 21:15","Portugal","Liga Portugal","2023/2024","Estoril","Portimonense","1.70","3.88","5.36","1.03","13.40","1.25","4.12","1.85","2.06","2.97","1.42","5.82","1.15","1.72","2.13"
"58075","16-03-24 16:30","Portugal","Liga Portugal","2023/2024","Famalicao","Estrela","2.01","3.38","3.87","1.04","7.40","1.38","2.72","2.27","1.64","4.05","1.18","7.90","1.03","2.00","1.77"
"58073","16-03-24 19:00","Portugal","Liga Portugal","2023/2024","Braga","Gil Vicente","1.44","5.13","7.18","1.03","15.00","1.22","4.50","1.68","2.25","2.66","1.50","4.80","1.20","1.83","1.98"
"58074","16-03-24 19:00","Portugal","Liga Portugal","2023/2024","SC Farense","Rio Ave","2.77","3.08","2.89","1.11","7.22","1.49","2.70","2.50","1.56","4.96","1.19","10.90","1.06","2.01","1.81"
"58072","16-03-24 21:30","Portugal","Liga Portugal","2023/2024","FC Porto","Vizela","1.14","9.53","21.00","1.02","25.00","1.12","6.74","1.45","2.85","2.17","1.78","3.55","1.32","2.18","1.69"
"58070","17-03-24 16:30","Portugal","Liga Portugal","2023/2024","Chaves","Vitoria Guimaraes","4.26","3.41","1.99","1.07","9.33","1.34","3.37","2.27","1.71","4.00","1.26","8.17","1.09","1.94","1.86"
"58071","17-03-24 16:30","Portugal","Liga Portugal","2023/2024","Moreirense","Arouca","2.20","3.38","3.58","1.09","8.00","1.41","3.00","2.37","1.62","4.48","1.22","9.26","1.07","1.92","1.88"
"58069","17-03-24 19:00","Portugal","Liga Portugal","2023/2024","Casa Pia","Benfica","10.20","5.66","1.33","1.05","11.40","1.28","3.89","1.84","2.08","3.13","1.38","5.79","1.15","2.25","1.65"
"58068","17-03-24 21:30","Portugal","Liga Portugal","2023/2024","Sporting CP","Boavista","1.16","8.81","17.80","1.03","15.50","1.16","5.67","1.49","2.70","2.28","1.70","3.68","1.30","2.25","1.65"
"58067","29-03-24 16:30","Portugal","Liga Portugal","2023/2024","Gil Vicente","Famalicao","2.43","3.08","3.17","1.06","6.80","1.38","2.72","2.27","1.64","3.90","1.20","7.60","1.04","1.91","1.85"
"58066","29-03-24 19:00","Portugal","Liga Portugal","2023/2024","Benfica","Chaves","1.16","9.17","17.90","1.01","14.90","1.11","7.22","1.32","3.50","1.94","1.97","2.97","1.42","2.09","1.74"
"58065","29-03-24 21:30","Portugal","Liga Portugal","2023/2024","Estrela","Sporting CP","13.20","6.79","1.24","1.03","15.50","1.21","4.64","1.58","2.45","2.50","1.56","4.66","1.21","2.09","1.74"
"58063","30-03-24 16:30","Portugal","Liga Portugal","2023/2024","Arouca","SC Farense","1.74","3.80","5.23","1.05","11.30","1.28","3.87","1.94","1.97","3.15","1.38","6.35","1.13","1.76","2.07"
"58064","30-03-24 16:30","Portugal","Liga Portugal","2023/2024","Vitoria Guimaraes","Moreirense","1.96","3.49","4.30","1.09","8.00","1.48","2.75","2.37","1.62","4.48","1.22","9.26","1.07","2.04","1.78"
"58062","30-03-24 19:00","Portugal","Liga Portugal","2023/2024","Boavista","Rio Ave","3.05","3.05","2.67","1.11","7.00","1.51","2.63","2.66","1.50","5.41","1.17","11.20","1.05","2.04","1.78"
"58061","30-03-24 21:30","Portugal","Liga Portugal","2023/2024","Estoril","FC Porto","11.60","5.35","1.32","1.04","13.00","1.23","4.33","1.70","2.20","2.86","1.45","5.11","1.18","1.98","1.83"
"58060","31-03-24 19:00","Portugal","Liga Portugal","2023/2024","Vizela","Casa Pia","2.07","3.38","3.97","1.09","8.00","1.41","3.00","2.37","1.62","4.48","1.22","9.26","1.07","1.98","1.83"
"58059","01-04-24 21:15","Portugal","Liga Portugal","2023/2024","Portimonense","Braga","7.86","4.57","1.46","1.03","15.50","1.21","4.64","1.66","2.27","2.59","1.53","4.66","1.21","1.80","2.01"
"58058","05-04-24 21:15","Portugal","Liga Portugal","2023/2024","SC Farense","Boavista","2.05","3.30","4.18","1.07","9.28","1.34","3.35","2.28","1.70","4.02","1.26","8.21","1.09","1.85","1.96"
"58056","06-04-24 16:30","Portugal","Liga Portugal","2023/2024","Famalicao","Vizela","1.85","3.69","4.61","1.06","10.00","1.32","3.50","2.08","1.83","3.67","1.30","7.06","1.11","1.83","1.98"
"58057","06-04-24 16:30","Portugal","Liga Portugal","2023/2024","Rio Ave","Gil Vicente","2.56","3.18","3.08","1.11","7.00","1.51","2.63","2.57","1.54","5.11","1.18","11.20","1.05","2.04","1.78"
"58055","06-04-24 19:00","Portugal","Liga Portugal","2023/2024","Braga","Arouca","1.42","5.08","7.86","1.01","22.00","1.14","6.00","1.51","2.63","2.24","1.73","3.79","1.29","1.61","2.31"
"58054","06-04-24 21:30","Portugal","Liga Portugal","2023/2024","Sporting CP","Benfica","2.08","3.63","3.64","1.03","13.40","1.25","4.12","1.85","2.06","2.97","1.42","5.82","1.15","1.66","2.22"
"58053","07-04-24 16:30","Portugal","Liga Portugal","2023/2024","Chaves","Portimonense","2.25","3.37","3.47","1.08","9.00","1.36","3.25","2.24","1.73","3.79","1.29","8.45","1.09","1.83","1.98"
"58052","07-04-24 19:00","Portugal","Liga Portugal","2023/2024","Moreirense","Estrela","2.24","3.22","3.64","1.11","7.00","1.51","2.63","2.47","1.57","4.80","1.20","9.99","1.06","1.98","1.83"
"58051","07-04-24 21:30","Portugal","Liga Portugal","2023/2024","FC Porto","Vitoria Guimaraes","1.39","5.13","8.51","1.05","11.30","1.25","4.12","1.85","2.06","2.97","1.42","5.82","1.15","2.04","1.78"
"58050","08-04-24 21:15","Portugal","Liga Portugal","2023/2024","Casa Pia","Estoril","3.08","2.94","2.73","1.12","6.70","1.49","2.70","2.50","1.56","4.66","1.21","9.70","1.06","1.92","1.88"
"58049","12-04-24 21:15","Portugal","Liga Portugal","2023/2024","Gil Vicente","Sporting CP","12.70","6.11","1.27","1.02","17.50","1.18","5.15","1.58","2.45","2.50","1.56","4.66","1.21","1.95","1.86"
"58048","13-04-24 16:30","Portugal","Liga Portugal","2023/2024","Vitoria Guimaraes","SC Farense","1.59","4.09","6.32","1.05","11.00","1.26","4.00","1.90","2.00","3.06","1.40","6.00","1.14","1.83","1.98"
"58047","13-04-24 19:00","Portugal","Liga Portugal","2023/2024","FC Porto","Famalicao","1.30","5.81","11.50","1.01","13.00","1.17","4.50","1.70","2.20","2.66","1.50","5.11","1.16","2.09","1.74"
"58046","13-04-24 21:30","Portugal","Liga Portugal","2023/2024","Estoril","Braga","4.98","4.07","1.71","1.03","15.50","1.21","4.64","1.66","2.27","2.59","1.53","4.96","1.19","1.61","2.31"
"58045","14-04-24 16:30","Portugal","Liga Portugal","2023/2024","Estrela","Rio Ave","2.68","3.32","2.81","1.11","7.22","1.49","2.70","2.50","1.56","4.96","1.19","10.90","1.06","1.98","1.83"
"58043","14-04-24 19:00","Portugal","Liga Portugal","2023/2024","Arouca","Boavista","1.70","4.07","5.09","1.05","11.30","1.28","3.87","2.02","1.89","3.33","1.35","6.35","1.13","1.87","1.93"
"58044","14-04-24 19:00","Portugal","Liga Portugal","2023/2024","Portimonense","Casa Pia","2.49","3.37","3.02","1.08","9.00","1.41","3.00","2.35","1.67","4.14","1.25","9.26","1.07","1.90","1.90"
"58042","14-04-24 21:30","Portugal","Liga Portugal","2023/2024","Benfica","Moreirense","1.28","6.27","11.10","1.02","17.50","1.23","4.47","1.66","2.27","2.78","1.46","4.96","1.19","1.95","1.86"
"58041","15-04-24 21:15","Portugal","Liga Portugal","2023/2024","Vizela","Chaves","2.11","3.50","3.70","1.06","10.00","1.34","3.40","2.13","1.80","3.79","1.29","7.54","1.10","1.78","2.04"
"58040","16-04-24 21:15","Portugal","Liga Portugal","2023/2024","Famalicao","Sporting CP","8.85","5.81","1.34","1.01","20.00","1.16","5.67","1.49","2.70","2.20","1.70","3.68","1.30","1.78","2.04"
"58039","19-04-24 21:15","Portugal","Liga Portugal","2023/2024","Rio Ave","Arouca","2.64","3.32","2.85","1.07","9.28","1.34","3.35","2.18","1.77","4.02","1.26","8.21","1.09","1.78","2.04"
"58038","20-04-24 16:30","Portugal","Liga Portugal","2023/2024","Moreirense","Gil Vicente","2.59","3.15","3.05","1.09","8.25","1.39","3.10","2.30","1.65","4.35","1.23","8.99","1.08","1.87","1.93"
"58037","20-04-24 19:00","Portugal","Liga Portugal","2023/2024","Boavista","Estrela","2.93","3.16","2.68","1.11","7.00","1.48","2.75","2.47","1.57","4.80","1.20","9.99","1.06","1.92","1.88"
"58036","20-04-24 21:30","Portugal","Liga Portugal","2023/2024","Braga","Vizela","1.28","6.27","11.20","1.02","28.00","1.11","7.22","1.39","3.10","2.02","1.89","3.15","1.38","1.76","2.07"
"58034","21-04-24 16:30","Portugal","Liga Portugal","2023/2024","Chaves","Estoril","3.17","3.17","2.50","1.07","9.28","1.34","3.35","2.28","1.70","4.02","1.26","8.21","1.09","1.80","2.01"
"58035","21-04-24 16:30","Portugal","Liga Portugal","2023/2024","Famalicao","Portimonense","1.66","3.87","5.93","1.05","11.00","1.29","3.75","1.99","1.91","3.24","1.37","6.54","1.13","1.83","1.98"
"58033","21-04-24 19:00","Portugal","Liga Portugal","2023/2024","Casa Pia","FC Porto","8.92","5.60","1.35","1.04","13.00","1.23","4.33","1.70","2.20","2.86","1.45","5.11","1.18","1.98","1.83"
"58032","21-04-24 21:30","Portugal","Liga Portugal","2023/2024","Sporting CP","Vitoria Guimaraes","1.22","7.08","14.50","1.01","22.00","1.14","6.19","1.45","2.84","2.18","1.77","3.56","1.31","1.98","1.83"
"58031","22-04-24 21:15","Portugal","Liga Portugal","2023/2024","SC Farense","Benfica","8.92","5.60","1.35","1.01","21.00","1.14","6.19","1.49","2.70","2.20","1.70","3.68","1.30","1.74","2.10"
"58030","26-04-24 21:15","Portugal","Liga Portugal","2023/2024","Gil Vicente","Arouca","2.45","3.73","2.82","1.03","15.00","1.23","4.33","1.77","2.10","2.86","1.45","5.41","1.17","1.62","2.31"
"58028","27-04-24 16:30","Portugal","Liga Portugal","2023/2024","Casa Pia","Chaves","2.02","3.37","4.21","1.09","8.00","1.48","2.75","2.37","1.62","4.80","1.20","9.99","1.06","2.04","1.78"
"58029","27-04-24 16:30","Portugal","Liga Portugal","2023/2024","Vizela","Rio Ave","2.74","3.45","2.66","1.05","11.00","1.32","3.50","2.08","1.83","3.43","1.34","7.06","1.11","1.74","2.10"
"58027","27-04-24 19:00","Portugal","Liga Portugal","2023/2024","Benfica","Braga","1.55","5.10","5.26","1.01","22.00","1.14","6.00","1.48","2.75","2.24","1.73","3.67","1.30","1.57","2.42"
"58026","27-04-24 21:30","Portugal","Liga Portugal","2023/2024","Vitoria Guimaraes","Boavista","1.78","3.70","5.03","1.07","9.28","1.39","3.10","2.28","1.70","4.35","1.23","8.99","1.08","1.98","1.83"
"58025","28-04-24 16:30","Portugal","Liga Portugal","2023/2024","Portimonense","Moreirense","2.75","3.16","2.85","1.09","8.25","1.39","3.10","2.28","1.70","4.02","1.26","8.99","1.08","1.87","1.93"
"58024","28-04-24 19:00","Portugal","Liga Portugal","2023/2024","Estoril","Famalicao","2.50","3.27","3.07","1.09","8.00","1.41","3.00","2.35","1.67","4.48","1.22","9.26","1.07","1.85","1.96"
"58023","28-04-24 21:30","Portugal","Liga Portugal","2023/2024","FC Porto","Sporting CP","2.36","3.37","3.23","1.05","11.30","1.28","3.87","1.94","1.97","3.15","1.38","5.82","1.15","1.61","2.31"
"58022","29-04-24 21:15","Portugal","Liga Portugal","2023/2024","Estrela","SC Farense","1.84","3.57","4.85","1.05","11.00","1.29","3.75","1.99","1.91","3.24","1.37","6.54","1.13","1.74","2.10"
"58021","03-05-24 21:15","Portugal","Liga Portugal","2023/2024","Moreirense","Vizela","2.25","3.37","3.47","1.06","10.00","1.32","3.50","2.13","1.80","3.67","1.30","7.54","1.10","1.78","2.04"
"58019","04-05-24 16:30","Portugal","Liga Portugal","2023/2024","Boavista","Gil Vicente","2.68","3.06","3.03","1.11","7.00","1.48","2.75","2.47","1.57","4.48","1.22","9.99","1.06","1.98","1.83"
"58020","04-05-24 16:30","Portugal","Liga Portugal","2023/2024","Rio Ave","Vitoria Guimaraes","3.50","3.40","2.22","1.09","8.29","1.45","2.85","2.29","1.66","4.64","1.21","9.66","1.06","2.00","1.81"
"58018","04-05-24 19:00","Portugal","Liga Portugal","2023/2024","Sporting CP","Portimonense","1.08","17.30","22.00","","","1.05","11.00","1.22","4.50","1.56","2.50","2.26","1.67","2.04","1.78"
"58017","04-05-24 21:30","Portugal","Liga Portugal","2023/2024","Chaves","FC Porto","11.80","6.27","1.27","1.02","17.50","1.16","5.67","1.49","2.70","2.30","1.65","4.02","1.26","1.85","1.96"
"58016","05-05-24 16:30","Portugal","Liga Portugal","2023/2024","SC Farense","Estoril","2.81","3.07","2.86","1.06","10.00","1.29","3.75","2.08","1.83","3.24","1.37","6.54","1.13","1.65","2.25"
"58014","05-05-24 19:00","Portugal","Liga Portugal","2023/2024","Arouca","Estrela","2.11","3.84","3.38","1.03","15.50","1.23","4.47","1.66","2.27","2.78","1.46","4.96","1.19","1.60","2.34"
"58015","05-05-24 19:00","Portugal","Liga Portugal","2023/2024","Braga","Casa Pia","1.32","5.85","9.96","1.02","17.50","1.16","5.67","1.49","2.70","2.20","1.70","3.68","1.30","1.80","2.01"
"58013","05-05-24 21:30","Portugal","Liga Portugal","2023/2024","Famalicao","Benfica","7.18","5.64","1.40","1.01","20.00","1.16","5.67","1.49","2.70","2.30","1.65","4.02","1.26","1.66","2.22"
"58012","10-05-24 21:15","Portugal","Liga Portugal","2023/2024","Chaves","Famalicao","2.97","3.48","2.46","1.06","10.30","1.32","3.50","2.06","1.85","3.56","1.31","6.86","1.12","1.74","2.10"
"58010","11-05-24 16:30","Portugal","Liga Portugal","2023/2024","Portimonense","Rio Ave","2.38","3.38","3.17","1.05","11.00","1.29","3.75","2.08","1.83","3.43","1.34","7.06","1.11","1.74","2.10"
"58011","11-05-24 16:30","Portugal","Liga Portugal","2023/2024","Vizela","Estrela","3.60","3.60","2.10","1.05","11.00","1.29","3.75","2.08","1.83","3.43","1.34","6.54","1.13","1.74","2.10"
"58009","11-05-24 19:00","Portugal","Liga Portugal","2023/2024","Estoril","Sporting CP","7.40","5.64","1.39","1.01","19.50","1.16","5.67","1.49","2.70","2.30","1.65","4.02","1.26","1.76","2.07"
"58008","11-05-24 21:30","Portugal","Liga Portugal","2023/2024","Vitoria Guimaraes","Braga","3.50","3.50","2.18","1.03","13.40","1.25","4.12","1.85","2.06","2.97","1.42","5.82","1.15","1.66","2.22"
"58007","12-05-24 16:30","Portugal","Liga Portugal","2023/2024","Gil Vicente","SC Farense","1.77","4.11","4.49","1.03","15.00","1.22","4.50","1.68","2.25","2.66","1.50","4.80","1.20","1.65","2.25"
"58005","12-05-24 19:00","Portugal","Liga Portugal","2023/2024","Benfica","Arouca","1.31","6.71","8.51","1.01","14.90","1.09","8.00","1.32","3.50","1.90","2.00","2.86","1.45","1.65","2.25"
"58006","12-05-24 19:00","Portugal","Liga Portugal","2023/2024","Casa Pia","Moreirense","2.78","3.20","2.78","1.09","8.00","1.41","3.00","2.46","1.62","4.48","1.22","9.26","1.07","1.85","1.96"
"58004","12-05-24 21:30","Portugal","Liga Portugal","2023/2024","FC Porto","Boavista","1.14","9.69","19.70","1.01","14.90","1.11","7.22","1.34","3.35","2.02","1.89","3.15","1.38","2.01","1.81"
"58003","17-05-24 19:45","Portugal","Liga Portugal","2023/2024","Famalicao","Casa Pia","1.59","4.48","5.60","1.02","17.00","1.19","5.00","1.61","2.38","2.57","1.54","4.48","1.22","1.70","2.15"
"58002","17-05-24 21:45","Portugal","Liga Portugal","2023/2024","Rio Ave","Benfica","7.28","5.70","1.39","1.02","27.00","1.14","6.19","1.45","2.84","2.18","1.77","3.56","1.31","1.61","2.31"
"57998","18-05-24 16:30","Portugal","Liga Portugal","2023/2024","Arouca","Vitoria Guimaraes","3.10","3.61","2.32","1.04","13.00","1.26","4.00","1.82","2.10","2.86","1.45","5.41","1.17","1.62","2.31"
"57999","18-05-24 16:30","Portugal","Liga Portugal","2023/2024","Boavista","Vizela","2.05","3.23","4.29","1.07","9.28","1.34","3.35","2.28","1.70","4.02","1.26","8.21","1.09","1.85","1.96"
"58000","18-05-24 16:30","Portugal","Liga Portugal","2023/2024","Estrela","Gil Vicente","1.73","4.04","4.91","1.04","13.00","1.23","4.33","1.77","2.10","2.86","1.45","5.41","1.17","1.74","2.10"
"58001","18-05-24 16:30","Portugal","Liga Portugal","2023/2024","SC Farense","Portimonense","2.90","4.24","2.23","1.01","22.00","1.14","6.00","1.51","2.63","2.35","1.67","3.79","1.29","1.43","2.82"
"57996","18-05-24 19:00","Portugal","Liga Portugal","2023/2024","Moreirense","Estoril","2.23","3.41","3.46","1.06","10.30","1.31","3.61","2.02","1.89","3.33","1.35","6.86","1.12","1.72","2.13"
"57997","18-05-24 19:00","Portugal","Liga Portugal","2023/2024","Sporting CP","Chaves","1.05","13.00","29.00","","","1.04","13.00","1.19","5.00","1.51","2.63","2.13","1.80","2.10","1.74"
"57995","18-05-24 21:30","Portugal","Liga Portugal","2023/2024","Braga","FC Porto","3.47","3.71","2.12","1.03","15.50","1.18","5.15","1.64","2.32","2.50","1.56","4.66","1.21","1.55","2.46"
"57994","09-08-24 21:15","Portugal","Liga Portugal","2024/2025","Sporting CP","Rio Ave","1.14","10.30","17.80","1.02","27.00","1.12","6.81","1.38","3.14","2.04","1.87","3.29","1.36","2.22","1.66"
"57993","10-08-24 16:30","Portugal","Liga Portugal","2024/2025","AFS","Nacional","2.11","3.40","3.81","1.08","9.00","1.36","3.25","2.24","1.73","4.14","1.25","8.45","1.09","1.90","1.90"
"57992","10-08-24 19:00","Portugal","Liga Portugal","2024/2025","Casa Pia","Boavista","1.91","3.47","4.58","1.09","8.38","1.38","3.14","2.25","1.72","4.28","1.24","8.86","1.08","1.90","1.90"
"57991","10-08-24 21:30","Portugal","Liga Portugal","2024/2025","FC Porto","Gil Vicente","1.20","7.78","15.00","1.02","17.80","1.21","4.71","1.57","2.49","2.46","1.58","4.59","1.22","2.02","1.80"
"57990","11-08-24 16:30","Portugal","Liga Portugal","2024/2025","Estoril","Santa Clara","2.66","3.16","2.96","1.13","6.36","1.59","2.43","2.53","1.55","4.95","1.19","12.10","1.03","2.06","1.77"
"57988","11-08-24 19:00","Portugal","Liga Portugal","2024/2025","Famalicao","Benfica","6.33","4.04","1.60","1.05","11.50","1.25","4.19","1.75","2.20","2.74","1.48","5.18","1.18","1.72","2.12"
"57989","11-08-24 19:00","Portugal","Liga Portugal","2024/2025","SC Farense","Moreirense","2.74","3.34","2.74","1.09","8.00","1.48","2.75","2.37","1.62","4.48","1.22","9.26","1.07","1.90","1.90"
"57987","11-08-24 21:30","Portugal","Liga Portugal","2024/2025","Braga","Estrela","1.50","4.51","7.05","1.03","13.60","1.22","4.54","1.70","2.20","2.74","1.48","5.18","1.18","1.79","2.03"
"57986","12-08-24 21:15","Portugal","Liga Portugal","2024/2025","Arouca","Vitoria Guimaraes","3.62","3.48","2.14","1.07","9.42","1.34","3.41","2.14","1.79","3.96","1.27","8.09","1.09","1.76","2.06"
"57985","16-08-24 18:00","Portugal","Liga Portugal","2024/2025","Santa Clara","FC Porto","4.88","3.88","1.76","1.05","11.60","1.30","3.68","1.98","1.92","3.50","1.33","6.73","1.12","1.82","1.99"
"57984","16-08-24 21:15","Portugal","Liga Portugal","2024/2025","Gil Vicente","AFS","2.22","3.36","3.53","1.08","9.00","1.36","3.25","2.35","1.67","4.14","1.25","8.45","1.09","1.90","1.90"
"57983","17-08-24 16:30","Portugal","Liga Portugal","2024/2025","Rio Ave","SC Farense","2.10","3.33","3.92","1.08","9.00","1.34","3.40","2.13","1.80","3.67","1.30","7.54","1.10","1.78","2.04"
"57982","17-08-24 19:00","Portugal","Liga Portugal","2024/2025","Nacional","Sporting CP","11.60","7.26","1.24","1.01","21.00","1.16","5.50","1.51","2.63","2.26","1.67","3.79","1.29","1.98","1.83"
"57981","17-08-24 21:30","Portugal","Liga Portugal","2024/2025","Benfica","Casa Pia","1.27","6.59","10.90","1.02","15.70","1.21","4.71","1.62","2.36","2.55","1.54","4.59","1.22","2.20","1.68"
"57980","18-08-24 16:30","Portugal","Liga Portugal","2024/2025","Moreirense","Arouca","1.98","3.36","4.39","1.09","8.00","1.48","2.75","2.47","1.57","4.80","1.20","9.99","1.06","2.04","1.78"
"57979","18-08-24 19:00","Portugal","Liga Portugal","2024/2025","Vitoria Guimaraes","Estoril","1.57","4.12","6.67","1.07","9.42","1.31","3.56","2.04","1.87","3.51","1.32","7.22","1.11","1.96","1.85"
"57978","18-08-24 21:30","Portugal","Liga Portugal","2024/2025","Boavista","Braga","5.68","3.92","1.67","1.04","13.00","1.26","4.00","1.90","2.00","3.06","1.40","6.00","1.14","1.78","2.04"
"57977","19-08-24 21:15","Portugal","Liga Portugal","2024/2025","Estrela","Famalicao","3.08","3.34","2.46","1.07","9.42","1.34","3.41","2.25","1.72","3.96","1.27","8.09","1.09","1.76","2.06"
"57976","23-08-24 21:15","Portugal","Liga Portugal","2024/2025","SC Farense","Sporting CP","13.60","8.22","1.20","1.02","29.00","1.10","7.33","1.34","3.41","1.99","1.91","3.10","1.39","1.83","1.98"
"57975","24-08-24 16:30","Portugal","Liga Portugal","2024/2025","Casa Pia","Santa Clara","3.24","2.85","2.70","1.15","5.76","1.62","2.36","2.93","1.43","6.26","1.14","13.50","1.03","2.16","1.70"
"57974","24-08-24 19:00","Portugal","Liga Portugal","2024/2025","FC Porto","Rio Ave","1.27","6.69","10.70","1.03","13.70","1.21","4.74","1.62","2.37","2.54","1.54","4.87","1.20","2.19","1.68"
"57972","24-08-24 21:30","Portugal","Liga Portugal","2024/2025","Benfica","Estrela","1.15","8.99","18.60","1.02","17.80","1.15","5.76","1.48","2.75","2.17","1.73","3.62","1.30","2.10","1.74"
"57973","24-08-24 21:30","Portugal","Liga Portugal","2024/2025","Famalicao","Boavista","1.60","3.81","6.93","1.09","8.00","1.36","3.25","2.24","1.73","4.14","1.25","8.45","1.09","2.02","1.80"
"57971","25-08-24 16:30","Portugal","Liga Portugal","2024/2025","Arouca","Nacional","1.89","3.92","4.08","1.04","13.00","1.26","4.00","1.90","2.00","3.06","1.40","6.00","1.14","1.70","2.15"
"57970","25-08-24 19:00","Portugal","Liga Portugal","2024/2025","Estoril","Gil Vicente","3.22","3.31","2.39","1.09","8.00","1.48","2.75","2.47","1.57","4.80","1.20","9.99","1.06","1.98","1.83"
"57968","25-08-24 21:30","Portugal","Liga Portugal","2024/2025","AFS","Vitoria Guimaraes","5.66","3.54","1.75","1.08","9.00","1.34","3.40","2.24","1.73","3.79","1.29","7.54","1.10","1.98","1.83"
"57969","25-08-24 21:30","Portugal","Liga Portugal","2024/2025","Braga","Moreirense","1.73","4.11","4.82","1.03","13.60","1.27","3.93","1.99","1.91","3.29","1.36","6.76","1.12","1.83","1.98"
"57967","30-08-24 21:15","Portugal","Liga Portugal","2024/2025","Moreirense","Benfica","7.52","4.67","1.46","1.03","13.60","1.25","4.19","1.83","2.10","2.93","1.43","5.74","1.15","1.90","1.90"
"57966","31-08-24 16:30","Portugal","Liga Portugal","2024/2025","Santa Clara","AFS","1.70","3.50","6.40","1.10","7.33","1.48","2.75","2.46","1.58","4.89","1.19","10.70","1.06","2.26","1.64"
"57964","31-08-24 19:00","Portugal","Liga Portugal","2024/2025","Boavista","Estoril","2.62","3.09","3.07","1.13","6.50","1.56","2.50","2.66","1.50","5.41","1.17","11.20","1.05","2.02","1.80"
"57965","31-08-24 19:00","Portugal","Liga Portugal","2024/2025","Estrela","Casa Pia","2.46","3.35","3.08","1.09","8.00","1.48","2.75","2.37","1.62","4.48","1.22","9.26","1.07","1.98","1.83"
"57963","31-08-24 21:30","Portugal","Liga Portugal","2024/2025","Sporting CP","FC Porto","2.00","3.56","4.01","1.05","11.60","1.27","3.95","1.90","2.01","3.09","1.39","6.23","1.14","1.68","2.20"
"57962","01-09-24 16:30","Portugal","Liga Portugal","2024/2025","Nacional","SC Farense","1.97","3.72","3.92","1.04","13.00","1.29","3.75","1.99","1.91","3.24","1.37","6.54","1.13","1.74","2.10"
"57961","01-09-24 19:00","Portugal","Liga Portugal","2024/2025","Rio Ave","Arouca","2.46","3.31","3.10","1.08","9.00","1.36","3.25","2.35","1.67","4.14","1.25","8.45","1.09","1.83","1.98"
"57959","01-09-24 21:30","Portugal","Liga Portugal","2024/2025","Gil Vicente","Braga","4.16","3.70","1.92","1.05","11.50","1.27","3.93","1.99","1.91","3.29","1.36","6.26","1.14","1.75","2.09"
"57960","01-09-24 21:30","Portugal","Liga Portugal","2024/2025","Vitoria Guimaraes","Famalicao","2.03","3.30","4.27","1.10","7.33","1.48","2.75","2.55","1.54","5.18","1.18","10.70","1.06","2.06","1.77"
"57958","13-09-24 21:15","Portugal","Liga Portugal","2024/2025","Arouca","Sporting CP","14.90","6.35","1.24","1.02","15.70","1.15","5.76","1.48","2.75","2.26","1.66","3.96","1.27","2.06","1.76"
"57957","14-09-24 16:30","Portugal","Liga Portugal","2024/2025","Casa Pia","Moreirense","3.10","3.10","2.60","1.10","7.33","1.48","2.75","2.46","1.58","4.89","1.19","10.70","1.06","1.99","1.82"
"57956","14-09-24 19:00","Portugal","Liga Portugal","2024/2025","AFS","Rio Ave","2.83","3.09","2.83","1.11","7.00","1.48","2.75","2.47","1.57","4.80","1.20","9.99","1.06","1.98","1.83"
"57954","14-09-24 21:30","Portugal","Liga Portugal","2024/2025","Benfica","Santa Clara","1.27","6.17","12.30","1.03","13.60","1.25","4.19","1.70","2.20","2.74","1.48","5.18","1.18","2.06","1.76"
"57955","14-09-24 21:30","Portugal","Liga Portugal","2024/2025","Famalicao","Gil Vicente","1.95","3.37","4.52","1.09","8.00","1.41","3.00","2.46","1.62","4.48","1.22","9.26","1.07","1.98","1.83"
"57953","15-09-24 16:30","Portugal","Liga Portugal","2024/2025","FC Porto","SC Farense","1.14","8.94","26.00","1.02","17.80","1.14","6.28","1.44","2.88","2.14","1.79","3.51","1.32","2.26","1.64"
"57952","15-09-24 19:00","Portugal","Liga Portugal","2024/2025","Estoril","Nacional","2.53","3.27","3.04","1.09","8.00","1.48","2.75","2.37","1.62","4.80","1.20","9.99","1.06","1.98","1.83"
"57951","15-09-24 21:30","Portugal","Liga Portugal","2024/2025","Braga","Vitoria Guimaraes","2.06","3.70","3.64","1.06","10.50","1.31","3.56","2.04","1.87","3.51","1.32","7.22","1.11","1.76","2.06"
"57950","16-09-24 21:15","Portugal","Liga Portugal","2024/2025","Estrela","Boavista","2.04","3.43","4.03","1.10","7.33","1.44","2.88","2.36","1.62","4.59","1.22","9.56","1.07","1.96","1.85"
"57949","20-09-24 21:15","Portugal","Liga Portugal","2024/2025","Nacional","Braga","4.90","3.74","1.79","1.02","15.70","1.21","4.71","1.65","2.30","2.55","1.54","4.89","1.19","1.62","2.30"
"57947","21-09-24 16:30","Portugal","Liga Portugal","2024/2025","Rio Ave","Estoril","1.94","3.53","4.30","1.09","8.00","1.48","2.75","2.37","1.62","4.80","1.20","9.99","1.06","2.02","1.80"
"57948","21-09-24 16:30","Portugal","Liga Portugal","2024/2025","Santa Clara","Estrela","1.70","3.70","5.86","1.09","8.00","1.48","2.75","2.37","1.62","4.48","1.22","9.26","1.07","2.15","1.70"
"57946","21-09-24 19:00","Portugal","Liga Portugal","2024/2025","Vitoria Guimaraes","FC Porto","4.31","3.34","2.00","1.09","8.38","1.38","3.14","2.25","1.72","3.96","1.27","8.86","1.08","1.90","1.90"
"57945","21-09-24 21:30","Portugal","Liga Portugal","2024/2025","Moreirense","Famalicao","3.08","2.98","2.70","1.14","6.28","1.57","2.49","2.74","1.48","5.74","1.15","11.90","1.05","2.06","1.76"
"57944","22-09-24 16:30","Portugal","Liga Portugal","2024/2025","Gil Vicente","Casa Pia","2.12","3.19","4.06","1.11","7.00","1.48","2.75","2.47","1.57","4.80","1.20","9.99","1.06","1.96","1.85"
"57943","22-09-24 19:00","Portugal","Liga Portugal","2024/2025","SC Farense","Arouca","2.90","3.32","2.59","1.05","11.00","1.29","3.75","2.08","1.83","3.43","1.34","7.06","1.11","1.74","2.10"
"57942","22-09-24 21:30","Portugal","Liga Portugal","2024/2025","Sporting CP","AFS","1.14","10.10","19.00","1.01","16.50","1.09","8.38","1.30","3.66","1.83","2.10","2.74","1.48","2.12","1.72"
"57941","23-09-24 21:15","Portugal","Liga Portugal","2024/2025","Boavista","Benfica","13.60","8.22","1.20","1.01","21.00","1.14","6.28","1.44","2.88","2.14","1.79","3.51","1.32","1.96","1.85"
"57940","27-09-24 21:15","Portugal","Liga Portugal","2024/2025","Estoril","Sporting CP","17.90","9.19","1.15","1.02","25.00","1.14","6.28","1.44","2.88","2.14","1.79","3.51","1.32","2.10","1.74"
"57939","28-09-24 16:30","Portugal","Liga Portugal","2024/2025","Estrela","Moreirense","3.21","3.21","2.46","1.10","7.33","1.48","2.75","2.46","1.58","4.89","1.19","10.70","1.06","2.02","1.80"
"57938","28-09-24 19:00","Portugal","Liga Portugal","2024/2025","Casa Pia","Vitoria Guimaraes","4.41","3.32","1.99","1.11","7.00","1.51","2.63","2.66","1.50","5.41","1.17","11.20","1.05","2.06","1.76"
"57937","28-09-24 21:30","Portugal","Liga Portugal","2024/2025","Benfica","Gil Vicente","1.16","8.81","19.40","1.01","22.00","1.15","5.76","1.48","2.75","2.26","1.66","3.96","1.27","2.06","1.76"
"57936","29-09-24 16:30","Portugal","Liga Portugal","2024/2025","Famalicao","Nacional","1.75","3.65","5.40","1.08","9.00","1.36","3.25","2.24","1.73","3.79","1.29","7.54","1.10","1.98","1.83"
"57935","29-09-24 19:00","Portugal","Liga Portugal","2024/2025","FC Porto","Arouca","1.24","7.00","12.30","1.02","17.80","1.15","5.76","1.52","2.62","2.26","1.66","3.96","1.27","1.99","1.82"
"57933","29-09-24 21:30","Portugal","Liga Portugal","2024/2025","Braga","Rio Ave","1.61","4.26","5.71","1.05","11.00","1.29","3.75","1.99","1.91","3.24","1.37","6.54","1.13","1.83","1.98"
"57934","29-09-24 21:30","Portugal","Liga Portugal","2024/2025","Santa Clara","Boavista","1.54","4.36","6.46","1.08","9.00","1.41","3.00","2.24","1.73","4.14","1.25","8.45","1.09","2.25","1.65"
"57932","30-09-24 21:15","Portugal","Liga Portugal","2024/2025","AFS","SC Farense","2.13","3.41","3.75","1.06","10.50","1.31","3.56","2.14","1.79","3.62","1.30","8.09","1.09","1.76","2.06"
"57931","04-10-24 21:15","Portugal","Liga Portugal","2024/2025","Rio Ave","Famalicao","3.02","3.12","2.64","1.12","6.81","1.52","2.62","2.74","1.48","5.74","1.15","11.90","1.05","2.06","1.76"
"57929","05-10-24 16:30","Portugal","Liga Portugal","2024/2025","Gil Vicente","Estrela","1.93","3.61","4.27","1.08","9.00","1.36","3.25","2.24","1.73","4.14","1.25","8.45","1.09","1.98","1.83"
"57930","05-10-24 16:30","Portugal","Liga Portugal","2024/2025","Moreirense","Santa Clara","2.82","3.01","2.91","1.16","5.50","1.82","2.10","3.24","1.37","7.06","1.11","15.10","1.03","2.33","1.61"
"57928","05-10-24 19:00","Portugal","Liga Portugal","2024/2025","Arouca","AFS","2.16","3.28","3.82","1.09","8.38","1.44","2.88","2.36","1.62","4.59","1.22","9.56","1.07","1.99","1.82"
"57927","05-10-24 21:30","Portugal","Liga Portugal","2024/2025","Sporting CP","Casa Pia","1.14","10.30","19.00","1.02","26.00","1.14","6.28","1.44","2.88","2.14","1.79","3.51","1.32","2.16","1.70"
"57925","06-10-24 16:30","Portugal","Liga Portugal","2024/2025","SC Farense","Estoril","2.15","3.60","3.48","1.08","9.00","1.41","3.00","2.35","1.67","4.48","1.22","9.26","1.07","1.98","1.83"
"57926","06-10-24 16:30","Portugal","Liga Portugal","2024/2025","Vitoria Guimaraes","Boavista","1.43","4.36","10.00","1.09","8.38","1.34","3.41","2.14","1.79","3.96","1.27","8.09","1.09","2.33","1.61"
"57924","06-10-24 21:30","Portugal","Liga Portugal","2024/2025","FC Porto","Braga","1.48","4.48","7.50","1.02","17.00","1.16","5.50","1.56","2.50","2.37","1.62","4.14","1.25","1.70","2.15"
"57923","25-10-24 19:45","Portugal","Liga Portugal","2024/2025","Casa Pia","Nacional","2.13","3.24","3.64","1.04","6.40","1.41","2.48","2.45","1.55","4.33","1.14","","","2.08","1.71"
"57922","25-10-24 21:45","Portugal","Liga Portugal","2024/2025","Santa Clara","Gil Vicente","2.12","3.09","4.26","1.15","5.76","1.65","2.30","2.93","1.43","6.26","1.14","13.50","1.03","2.33","1.61"
"57921","26-10-24 16:30","Portugal","Liga Portugal","2024/2025","Estoril","Arouca","3.10","3.36","2.43","1.09","8.38","1.44","2.88","2.26","1.66","4.28","1.24","8.86","1.08","1.94","1.86"
"57920","26-10-24 19:00","Portugal","Liga Portugal","2024/2025","Boavista","Moreirense","3.39","3.29","2.31","1.10","7.33","1.52","2.62","2.55","1.54","5.18","1.12","11.00","1.04","2.10","1.74"
"57919","26-10-24 21:30","Portugal","Liga Portugal","2024/2025","Famalicao","Sporting CP","10.10","5.96","1.31","1.05","11.00","1.26","4.00","1.90","2.00","3.06","1.40","6.00","1.14","2.22","1.66"
"57918","27-10-24 16:30","Portugal","Liga Portugal","2024/2025","Braga","SC Farense","1.37","5.60","8.36","1.03","15.00","1.22","4.50","1.70","2.20","2.66","1.50","5.11","1.18","2.04","1.78"
"57917","27-10-24 19:00","Portugal","Liga Portugal","2024/2025","Benfica","Rio Ave","1.14","10.50","16.90","1.02","28.00","1.12","6.81","1.38","3.14","2.04","1.87","3.29","1.36","2.16","1.70"
"57916","27-10-24 21:30","Portugal","Liga Portugal","2024/2025","Estrela","Vitoria Guimaraes","5.16","3.61","1.78","1.09","8.38","1.44","2.88","2.26","1.66","4.59","1.22","9.56","1.07","2.06","1.76"
"57915","28-10-24 21:15","Portugal","Liga Portugal","2024/2025","AFS","FC Porto","10.90","5.46","1.32","1.06","10.50","1.30","3.66","1.99","1.91","3.29","1.36","6.76","1.12","2.22","1.66"
"57914","01-11-24 21:15","Portugal","Liga Portugal","2024/2025","Sporting CP","Estrela","1.09","13.30","25.00","1.01","16.50","1.09","8.38","1.31","3.56","1.83","2.10","2.74","1.48","2.22","1.66"
"57913","02-11-24 16:30","Portugal","Liga Portugal","2024/2025","Rio Ave","Casa Pia","2.34","3.33","3.29","1.09","8.00","1.41","3.00","2.37","1.62","4.48","1.22","9.26","1.07","1.98","1.83"
"57912","02-11-24 19:00","Portugal","Liga Portugal","2024/2025","SC Farense","Benfica","22.00","9.25","1.14","1.02","15.70","1.14","6.28","1.48","2.75","2.25","1.72","3.62","1.30","2.33","1.61"
"57911","02-11-24 21:30","Portugal","Liga Portugal","2024/2025","Gil Vicente","Boavista","1.75","3.69","5.31","1.10","7.66","1.44","2.87","2.46","1.62","4.69","1.21","9.70","1.06","1.96","1.85"
"57910","03-11-24 16:30","Portugal","Liga Portugal","2024/2025","AFS","Famalicao","3.60","3.06","2.34","1.12","6.81","1.52","2.62","2.55","1.54","5.18","1.18","11.90","1.05","2.10","1.74"
"57908","03-11-24 19:00","Portugal","Liga Portugal","2024/2025","Arouca","Braga","5.03","3.88","1.74","1.05","11.50","1.27","3.93","1.91","2.00","3.10","1.39","6.26","1.14","1.75","2.09"
"57909","03-11-24 19:00","Portugal","Liga Portugal","2024/2025","Vitoria Guimaraes","Moreirense","1.83","3.50","5.06","1.10","7.33","1.48","2.75","2.36","1.62","4.59","1.22","9.56","1.07","2.06","1.76"
"57907","03-11-24 21:30","Portugal","Liga Portugal","2024/2025","FC Porto","Estoril","1.16","8.67","18.60","1.02","25.00","1.14","6.28","1.44","2.88","2.14","1.79","3.62","1.30","2.26","1.64"
"57906","04-11-24 21:15","Portugal","Liga Portugal","2024/2025","Nacional","Santa Clara","3.00","3.19","2.61","1.10","7.33","1.44","2.88","2.36","1.62","4.59","1.22","9.56","1.07","1.90","1.90"
"57905","08-11-24 21:15","Portugal","Liga Portugal","2024/2025","Moreirense","Gil Vicente","2.21","3.08","3.94","1.12","6.81","1.48","2.75","2.55","1.54","5.18","1.18","10.70","1.06","2.02","1.80"
"57903","09-11-24 16:30","Portugal","Liga Portugal","2024/2025","Casa Pia","SC Farense","1.98","3.36","4.39","1.09","8.38","1.44","2.88","2.26","1.66","4.28","1.24","9.56","1.07","1.99","1.82"
"57904","09-11-24 16:30","Portugal","Liga Portugal","2024/2025","Estoril","AFS","2.12","3.29","3.94","1.09","8.38","1.38","3.14","2.25","1.72","3.96","1.27","8.09","1.09","1.86","1.94"
"57902","09-11-24 19:00","Portugal","Liga Portugal","2024/2025","Famalicao","Arouca","2.25","3.29","3.53","1.09","8.00","1.41","3.00","2.46","1.62","4.48","1.22","9.26","1.07","1.90","1.90"
"57901","09-11-24 21:30","Portugal","Liga Portugal","2024/2025","Boavista","Rio Ave","2.98","3.28","2.57","1.07","9.42","1.34","3.41","2.14","1.79","3.96","1.27","8.09","1.09","1.79","2.03"
"57900","10-11-24 16:30","Portugal","Liga Portugal","2024/2025","Estrela","Nacional","2.20","3.49","3.45","1.08","9.00","1.41","3.00","2.35","1.67","4.48","1.22","9.26","1.07","1.98","1.83"
"57899","10-11-24 17:30","Portugal","Liga Portugal","2024/2025","Santa Clara","Vitoria Guimaraes","2.79","3.09","2.86","1.12","6.81","1.52","2.62","2.74","1.48","5.18","1.18","11.90","1.05","2.06","1.77"
"57898","10-11-24 19:45","Portugal","Liga Portugal","2024/2025","Braga","Sporting CP","5.65","4.34","1.61","1.02","17.90","1.18","5.26","1.56","2.50","2.45","1.58","4.26","1.24","1.60","2.34"
"57897","10-11-24 21:45","Portugal","Liga Portugal","2024/2025","Benfica","FC Porto","1.96","3.63","4.09","1.05","11.50","1.27","3.93","1.91","2.00","3.10","1.39","6.26","1.14","1.68","2.18"
"57896","29-11-24 21:15","Portugal","Liga Portugal","2024/2025","SC Farense","Estrela","2.30","3.28","3.45","1.10","7.33","1.48","2.75","2.46","1.58","4.89","1.19","9.56","1.07","1.96","1.85"
"57895","30-11-24 16:30","Portugal","Liga Portugal","2024/2025","Rio Ave","Moreirense","2.79","3.34","2.68","1.08","9.00","1.41","3.00","2.35","1.67","4.48","1.22","9.26","1.07","1.90","1.90"
"57894","30-11-24 19:00","Portugal","Liga Portugal","2024/2025","Nacional","Boavista","2.03","3.53","3.94","1.08","9.00","1.36","3.25","2.24","1.73","4.14","1.25","8.45","1.09","1.90","1.90"
"57893","30-11-24 21:30","Portugal","Liga Portugal","2024/2025","Sporting CP","Santa Clara","1.25","6.60","13.20","1.02","15.80","1.18","5.26","1.51","2.63","2.35","1.63","4.26","1.24","1.96","1.85"
"57892","01-12-24 16:30","Portugal","Liga Portugal","2024/2025","Estoril","Famalicao","3.48","3.21","2.32","1.10","7.33","1.52","2.62","2.55","1.54","5.18","1.18","10.70","1.06","2.06","1.76"
"57891","01-12-24 19:00","Portugal","Liga Portugal","2024/2025","Arouca","Benfica","13.00","6.79","1.24","1.02","17.80","1.15","5.76","1.52","2.62","2.26","1.66","3.96","1.27","2.02","1.80"
"57890","01-12-24 21:30","Portugal","Liga Portugal","2024/2025","AFS","Braga","9.12","4.49","1.43","1.07","9.42","1.30","3.66","1.99","1.91","3.29","1.36","6.76","1.12","2.10","1.74"
"57889","02-12-24 19:45","Portugal","Liga Portugal","2024/2025","Vitoria Guimaraes","Gil Vicente","1.75","3.54","5.66","1.09","8.38","1.38","3.14","2.26","1.66","4.28","1.24","8.86","1.08","2.02","1.80"
"57888","02-12-24 21:45","Portugal","Liga Portugal","2024/2025","FC Porto","Casa Pia","1.20","7.14","17.30","1.02","15.70","1.18","5.24","1.57","2.49","2.36","1.62","4.28","1.24","2.22","1.66"
"57887","05-12-24 21:15","Portugal","Liga Portugal","2024/2025","Moreirense","Sporting CP","9.36","5.31","1.36","1.03","13.70","1.22","4.56","1.70","2.21","2.73","1.48","5.15","1.18","1.96","1.85"
"57886","06-12-24 21:15","Portugal","Liga Portugal","2024/2025","Braga","Estoril","1.28","7.21","9.27","1.02","15.70","1.21","4.71","1.62","2.36","2.55","1.54","4.59","1.22","2.06","1.76"
"57885","07-12-24 16:30","Portugal","Liga Portugal","2024/2025","Gil Vicente","Nacional","2.02","3.39","4.15","1.08","9.00","1.36","3.25","2.24","1.73","4.14","1.25","8.45","1.09","1.90","1.90"
"57883","07-12-24 19:00","Portugal","Liga Portugal","2024/2025","Benfica","Vitoria Guimaraes","1.30","5.86","10.60","1.03","13.60","1.25","4.19","1.83","2.10","2.93","1.43","5.74","1.15","2.16","1.70"
"57884","07-12-24 19:00","Portugal","Liga Portugal","2024/2025","Santa Clara","Rio Ave","1.74","3.62","5.50","1.08","9.00","1.36","3.25","2.24","1.73","4.14","1.25","8.45","1.09","1.96","1.85"
"57882","07-12-24 21:30","Portugal","Liga Portugal","2024/2025","Famalicao","FC Porto","8.20","5.01","1.41","1.05","11.50","1.30","3.66","1.99","1.91","3.51","1.32","6.76","1.12","2.15","1.70"
"57881","08-12-24 16:30","Portugal","Liga Portugal","2024/2025","Boavista","SC Farense","2.65","3.12","3.01","1.11","7.00","1.51","2.63","2.57","1.54","5.11","1.18","11.20","1.05","1.96","1.85"
"57880","08-12-24 19:00","Portugal","Liga Portugal","2024/2025","Casa Pia","AFS","1.79","3.62","5.10","1.09","8.38","1.44","2.88","2.26","1.66","4.59","1.22","9.56","1.07","2.06","1.76"
"57879","09-12-24 21:15","Portugal","Liga Portugal","2024/2025","Estrela","Arouca","2.89","3.20","2.69","1.09","8.38","1.44","2.88","2.26","1.66","4.28","1.24","8.86","1.08","1.90","1.90"
"57878","14-12-24 16:30","Portugal","Liga Portugal","2024/2025","SC Farense","Gil Vicente","2.78","3.20","2.78","1.09","8.00","1.48","2.75","2.47","1.57","4.80","1.20","9.99","1.06","1.98","1.83"
"57877","14-12-24 19:00","Portugal","Liga Portugal","2024/2025","Nacional","Moreirense","3.18","3.18","2.49","1.11","7.00","1.51","2.63","2.57","1.54","4.80","1.20","9.99","1.06","1.96","1.85"
"57876","14-12-24 21:30","Portugal","Liga Portugal","2024/2025","Sporting CP","Boavista","1.14","9.53","20.00","1.01","14.90","1.09","8.38","1.31","3.56","1.83","2.10","2.74","1.48","1.90","1.90"
"57875","15-12-24 16:30","Portugal","Liga Portugal","2024/2025","Arouca","Santa Clara","3.48","3.21","2.32","1.12","6.81","1.57","2.49","2.74","1.48","5.74","1.15","11.90","1.05","2.16","1.70"
"57874","15-12-24 19:00","Portugal","Liga Portugal","2024/2025","AFS","Benfica","13.20","7.53","1.22","1.03","13.60","1.18","5.24","1.57","2.49","2.46","1.58","4.28","1.24","2.20","1.68"
"57873","15-12-24 21:30","Portugal","Liga Portugal","2024/2025","Estoril","Casa Pia","2.97","2.99","2.78","1.14","6.28","1.57","2.49","2.74","1.48","5.74","1.15","11.90","1.05","2.06","1.76"
"57872","16-12-24 19:45","Portugal","Liga Portugal","2024/2025","Braga","Famalicao","1.63","4.04","5.95","1.05","11.50","1.27","3.93","1.99","1.91","3.29","1.36","6.26","1.14","1.83","1.98"
"57871","16-12-24 21:15","Portugal","Liga Portugal","2024/2025","FC Porto","Estrela","1.17","8.20","17.90","1.02","15.80","1.15","5.79","1.51","2.63","2.26","1.67","3.94","1.27","2.22","1.66"
"57870","16-12-24 21:45","Portugal","Liga Portugal","2024/2025","Rio Ave","Vitoria Guimaraes","4.45","3.69","1.87","1.06","10.50","1.34","3.41","2.14","1.79","3.62","1.30","8.09","1.09","1.90","1.90"
"57869","19-12-24 18:00","Portugal","Liga Portugal","2024/2025","Nacional","Benfica","11.00","5.58","1.31","1.03","14.70","1.18","5.18","1.57","2.48","2.37","1.62","4.06","1.26","2.00","1.81"
"57868","20-12-24 21:15","Portugal","Liga Portugal","2024/2025","Casa Pia","Arouca","2.34","3.06","3.60","1.13","6.50","1.56","2.50","2.86","1.45","5.41","1.17","12.50","1.04","2.06","1.76"
"57867","21-12-24 16:30","Portugal","Liga Portugal","2024/2025","Famalicao","SC Farense","1.93","3.30","4.80","1.11","7.00","1.48","2.75","2.47","1.57","4.48","1.22","9.99","1.06","1.96","1.85"
"57866","21-12-24 19:00","Portugal","Liga Portugal","2024/2025","Boavista","AFS","2.36","3.19","3.41","1.11","7.00","1.51","2.63","2.57","1.54","5.11","1.18","11.20","1.05","2.04","1.78"
"57865","21-12-24 21:30","Portugal","Liga Portugal","2024/2025","Moreirense","FC Porto","7.55","4.37","1.50","1.07","9.42","1.30","3.66","1.99","1.91","3.51","1.32","6.76","1.12","2.02","1.80"
"57864","22-12-24 18:00","Portugal","Liga Portugal","2024/2025","Santa Clara","Braga","3.34","3.22","2.38","1.09","8.47","1.43","2.91","2.25","1.68","4.24","1.24","8.78","1.08","1.90","1.90"
"57863","22-12-24 21:30","Portugal","Liga Portugal","2024/2025","Gil Vicente","Sporting CP","7.39","5.38","1.41","1.02","17.80","1.18","5.24","1.62","2.36","2.55","1.54","4.59","1.22","1.83","1.98"
"57861","23-12-24 19:45","Portugal","Liga Portugal","2024/2025","Benfica","Estoril","1.14","9.36","22.00","1.02","30.00","1.10","7.33","1.34","3.41","1.99","1.91","3.10","1.39","2.06","1.76"
"57862","23-12-24 19:45","Portugal","Liga Portugal","2024/2025","Vitoria Guimaraes","Nacional","1.41","4.70","9.19","1.06","10.50","1.27","3.93","1.99","1.91","3.29","1.36","6.26","1.14","2.06","1.76"
"57860","23-12-24 21:45","Portugal","Liga Portugal","2024/2025","Estrela","Rio Ave","2.45","3.35","3.09","1.09","8.38","1.44","2.88","2.26","1.66","4.28","1.24","8.86","1.08","1.90","1.90"
"57859","27-12-24 21:15","Portugal","Liga Portugal","2024/2025","Arouca","Gil Vicente","2.33","3.10","3.59","1.10","7.33","1.48","2.75","2.46","1.58","4.89","1.19","10.70","1.06","1.96","1.85"
"57858","28-12-24 16:30","Portugal","Liga Portugal","2024/2025","AFS","Estrela","2.49","3.01","3.37","1.13","6.50","1.56","2.50","2.86","1.45","5.41","1.17","12.50","1.04","2.01","1.81"
"57857","28-12-24 19:00","Portugal","Liga Portugal","2024/2025","Estoril","Moreirense","2.98","2.98","2.78","1.12","6.81","1.52","2.62","2.55","1.54","5.18","1.18","10.70","1.06","1.96","1.85"
"57856","28-12-24 21:30","Portugal","Liga Portugal","2024/2025","FC Porto","Boavista","1.19","8.06","15.40","1.02","17.80","1.15","5.76","1.48","2.75","2.26","1.66","3.96","1.27","2.16","1.70"
"57854","29-12-24 16:30","Portugal","Liga Portugal","2024/2025","Rio Ave","Nacional","2.12","3.29","3.94","1.08","9.00","1.34","3.40","2.13","1.80","3.67","1.30","7.54","1.10","1.72","2.12"
"57855","29-12-24 16:30","Portugal","Liga Portugal","2024/2025","SC Farense","Vitoria Guimaraes","5.57","3.58","1.75","1.10","7.33","1.48","2.75","2.46","1.58","4.89","1.19","10.70","1.06","2.16","1.70"
"57853","29-12-24 19:00","Portugal","Liga Portugal","2024/2025","Braga","Casa Pia","1.52","4.35","6.97","1.05","11.50","1.27","3.93","1.83","2.10","3.10","1.39","5.74","1.15","1.90","1.90"
"57852","29-12-24 21:30","Portugal","Liga Portugal","2024/2025","Sporting CP","Benfica","2.68","3.51","2.68","1.05","11.60","1.26","3.97","1.98","1.93","3.25","1.36","6.20","1.14","1.64","2.26"
"57851","30-12-24 21:15","Portugal","Liga Portugal","2024/2025","Famalicao","Santa Clara","2.96","2.93","2.85","1.15","5.76","1.62","2.36","2.93","1.43","6.26","1.14","13.50","1.03","2.16","1.70"
"57850","03-01-25 21:15","Portugal","Liga Portugal","2024/2025","Vitoria Guimaraes","Sporting CP","4.02","3.63","1.98","1.05","11.70","1.26","3.99","1.97","1.94","3.24","1.37","6.17","1.14","1.72","2.12"
"57849","04-01-25 16:30","Portugal","Liga Portugal","2024/2025","Moreirense","AFS","1.93","3.39","4.62","1.12","6.81","1.52","2.62","2.55","1.54","5.18","1.18","11.90","1.05","2.16","1.70"
"57848","04-01-25 19:00","Portugal","Liga Portugal","2024/2025","Benfica","Braga","1.36","5.91","7.98","1.01","22.00","1.14","6.28","1.44","2.88","2.14","1.79","3.51","1.32","1.68","2.18"
"57847","04-01-25 21:30","Portugal","Liga Portugal","2024/2025","Boavista","Arouca","3.77","3.30","2.16","1.09","8.38","1.44","2.88","2.36","1.62","4.59","1.22","9.56","1.07","1.96","1.85"
"57846","05-01-25 16:30","Portugal","Liga Portugal","2024/2025","Santa Clara","SC Farense","1.70","3.40","6.68","1.14","6.00","1.61","2.38","2.86","1.45","6.00","1.14","12.50","1.04","2.44","1.56"
"57845","05-01-25 19:00","Portugal","Liga Portugal","2024/2025","Casa Pia","Famalicao","2.10","3.24","4.06","1.10","7.33","1.48","2.75","2.55","1.54","5.18","1.18","10.70","1.06","2.06","1.77"
"57844","05-01-25 21:30","Portugal","Liga Portugal","2024/2025","Estrela","Estoril","2.43","3.09","3.38","1.10","7.33","1.44","2.88","2.36","1.62","4.59","1.22","9.56","1.07","1.90","1.90"
"57843","06-01-25 21:15","Portugal","Liga Portugal","2024/2025","Gil Vicente","Rio Ave","2.18","3.22","3.84","1.08","8.51","1.33","3.46","2.22","1.74","3.90","1.28","7.97","1.09","1.83","1.98"
"57842","12-01-25 16:30","Portugal","Liga Portugal","2024/2025","Nacional","FC Porto","9.10","4.52","1.43","1.06","9.65","1.34","3.38","2.10","1.82","3.54","1.32","6.68","1.12","2.34","1.60"
"57841","17-01-25 21:15","Portugal","Liga Portugal","2024/2025","Benfica","Famalicao","1.27","6.59","10.90","","","1.15","5.24","1.53","2.27","2.40","1.57","3.72","1.21","2.02","1.80"
"57840","18-01-25 16:30","Portugal","Liga Portugal","2024/2025","Santa Clara","Estoril","1.71","3.55","5.40","1.06","6.15","1.43","2.53","2.38","1.58","4.15","1.17","7.30","1.03","2.21","1.63"
"57839","18-01-25 19:00","Portugal","Liga Portugal","2024/2025","Rio Ave","Sporting CP","9.05","5.60","1.31","1.03","19.00","1.11","4.90","1.48","2.39","2.31","1.61","3.72","1.21","1.85","1.91"
"57838","18-01-25 21:30","Portugal","Liga Portugal","2024/2025","Vitoria Guimaraes","Arouca","1.74","3.61","5.62","1.09","8.38","1.38","3.14","2.25","1.72","3.96","1.27","8.09","1.09","1.96","1.85"
"57836","19-01-25 16:30","Portugal","Liga Portugal","2024/2025","Moreirense","SC Farense","1.94","3.22","4.84","1.12","6.81","1.52","2.62","2.55","1.54","5.18","1.18","10.70","1.06","2.16","1.70"
"57837","19-01-25 16:30","Portugal","Liga Portugal","2024/2025","Nacional","AFS","2.03","3.30","4.27","1.09","8.00","1.48","2.75","2.37","1.62","4.48","1.22","9.99","1.06","1.96","1.85"
"57835","19-01-25 19:00","Portugal","Liga Portugal","2024/2025","Estrela","Braga","5.07","3.91","1.73","1.03","13.60","1.25","4.19","1.83","2.10","2.93","1.43","5.74","1.15","1.72","2.12"
"57834","19-01-25 21:30","Portugal","Liga Portugal","2024/2025","Gil Vicente","FC Porto","7.02","4.51","1.50","1.07","9.42","1.31","3.56","2.04","1.87","3.51","1.32","7.22","1.11","2.06","1.77"
"57833","20-01-25 21:15","Portugal","Liga Portugal","2024/2025","Boavista","Casa Pia","4.42","3.21","2.03","1.10","7.37","1.47","2.77","2.45","1.58","4.87","1.20","10.70","1.06","2.02","1.80"
"57832","24-01-25 21:15","Portugal","Liga Portugal","2024/2025","Arouca","Moreirense","2.43","3.18","3.28","1.10","7.37","1.47","2.77","2.54","1.54","5.15","1.18","10.70","1.06","2.02","1.80"
"57830","25-01-25 16:30","Portugal","Liga Portugal","2024/2025","Famalicao","Estrela","1.80","3.65","4.95","1.09","8.00","1.41","3.00","2.35","1.67","4.14","1.25","9.26","1.07","2.04","1.78"
"57831","25-01-25 16:30","Portugal","Liga Portugal","2024/2025","SC Farense","Rio Ave","2.46","3.21","3.21","1.08","9.00","1.36","3.25","2.35","1.67","4.14","1.25","8.45","1.09","1.83","1.98"
"57829","25-01-25 19:00","Portugal","Liga Portugal","2024/2025","Casa Pia","Benfica","9.04","4.85","1.40","1.05","11.60","1.25","4.21","1.82","2.10","2.91","1.43","5.71","1.15","1.96","1.85"
"57828","25-01-25 21:30","Portugal","Liga Portugal","2024/2025","Sporting CP","Nacional","1.20","9.36","11.50","1.02","30.00","1.10","7.37","1.34","3.42","1.98","1.92","3.09","1.39","1.83","1.83"
"57827","26-01-25 16:30","Portugal","Liga Portugal","2024/2025","Estoril","Vitoria Guimaraes","4.29","3.61","1.92","1.07","9.47","1.34","3.42","2.24","1.73","3.94","1.27","8.05","1.09","1.90","1.90"
"57826","26-01-25 19:00","Portugal","Liga Portugal","2024/2025","FC Porto","Santa Clara","1.68","3.80","5.88","1.09","8.42","1.44","2.90","2.26","1.67","4.57","1.22","9.52","1.07","2.16","1.70"
"57825","26-01-25 21:30","Portugal","Liga Portugal","2024/2025","Braga","Boavista","1.32","6.06","9.13","1.02","15.80","1.18","5.26","1.56","2.50","2.45","1.58","4.26","1.24","1.90","1.90"
"57824","27-01-25 21:15","Portugal","Liga Portugal","2024/2025","AFS","Gil Vicente","3.48","3.02","2.43","1.12","6.84","1.47","2.77","2.54","1.54","5.15","1.18","10.70","1.06","1.96","1.85"
"57823","31-01-25 21:15","Portugal","Liga Portugal","2024/2025","Boavista","Famalicao","4.09","3.35","2.05","1.07","9.47","1.34","3.42","2.24","1.73","3.94","1.27","8.05","1.09","1.83","1.98"
"57821","01-02-25 16:30","Portugal","Liga Portugal","2024/2025","Nacional","Arouca","2.32","3.32","3.35","1.09","8.00","1.41","3.00","2.46","1.62","4.48","1.22","9.26","1.07","1.98","1.83"
"57822","01-02-25 16:30","Portugal","Liga Portugal","2024/2025","Santa Clara","Casa Pia","2.16","3.10","4.07","1.13","6.32","1.62","2.37","2.91","1.43","5.71","1.15","11.90","1.05","2.22","1.66"
"57820","01-02-25 19:00","Portugal","Liga Portugal","2024/2025","Gil Vicente","Estoril","2.17","3.19","3.91","1.11","7.00","1.51","2.63","2.66","1.50","5.11","1.18","11.20","1.05","2.02","1.80"
"57819","01-02-25 21:30","Portugal","Liga Portugal","2024/2025","Vitoria Guimaraes","AFS","1.59","3.94","6.74","1.08","9.00","1.34","3.40","2.13","1.80","3.79","1.29","7.54","1.10","1.96","1.85"
"57818","02-02-25 19:00","Portugal","Liga Portugal","2024/2025","Sporting CP","SC Farense","1.20","6.99","18.30","1.03","13.70","1.21","4.74","1.62","2.37","2.54","1.54","4.57","1.22","2.44","1.56"
"57817","02-02-25 21:30","Portugal","Liga Portugal","2024/2025","Estrela","Benfica","12.20","7.75","1.22","1.02","15.80","1.18","5.26","1.51","2.63","2.35","1.63","4.26","1.24","2.06","1.76"
"57816","03-02-25 19:45","Portugal","Liga Portugal","2024/2025","Moreirense","Braga","3.48","3.44","2.11","1.02","7.90","1.32","2.97","2.09","1.74","3.55","1.23","6.65","1.05","1.84","1.92"
"57815","03-02-25 21:45","Portugal","Liga Portugal","2024/2025","Rio Ave","FC Porto","7.26","4.67","1.48","1.03","13.70","1.25","4.21","1.82","2.10","2.91","1.43","5.71","1.15","1.90","1.90"
"57814","07-02-25 21:15","Portugal","Liga Portugal","2024/2025","FC Porto","Sporting CP","3.01","3.20","2.59","1.09","8.42","1.38","3.16","2.24","1.73","3.94","1.27","8.82","1.08","1.81","2.00"
"57813","08-02-25 16:30","Portugal","Liga Portugal","2024/2025","AFS","Santa Clara","3.97","2.97","2.26","1.18","5.26","1.74","2.21","3.09","1.39","6.73","1.12","14.40","1.03","2.33","1.61"
"57812","08-02-25 19:00","Portugal","Liga Portugal","2024/2025","Benfica","Moreirense","1.22","7.30","14.00","1.02","15.80","1.18","5.26","1.56","2.50","2.45","1.58","4.26","1.24","2.16","1.70"
"57811","08-02-25 21:30","Portugal","Liga Portugal","2024/2025","Famalicao","Vitoria Guimaraes","3.40","3.22","2.35","1.09","8.42","1.44","2.90","2.26","1.67","4.26","1.24","9.52","1.07","1.90","1.90"
"57809","09-02-25 16:30","Portugal","Liga Portugal","2024/2025","Estoril","Boavista","1.62","3.94","6.23","1.08","9.00","1.34","3.40","2.24","1.73","3.79","1.29","7.54","1.10","2.04","1.78"
"57810","09-02-25 16:30","Portugal","Liga Portugal","2024/2025","SC Farense","Nacional","2.44","3.22","3.22","1.09","8.00","1.48","2.75","2.47","1.57","4.80","1.20","9.99","1.06","1.98","1.83"
"57808","09-02-25 19:00","Portugal","Liga Portugal","2024/2025","Braga","Gil Vicente","1.70","4.06","5.15","1.05","11.00","1.29","3.75","1.99","1.91","3.24","1.37","6.54","1.13","1.76","2.06"
"57807","09-02-25 21:30","Portugal","Liga Portugal","2024/2025","Casa Pia","Estrela","2.00","3.36","4.30","1.10","7.37","1.47","2.77","2.45","1.58","4.87","1.20","10.70","1.06","2.06","1.76"
"57806","10-02-25 21:15","Portugal","Liga Portugal","2024/2025","Arouca","Rio Ave","2.08","3.44","3.85","1.06","10.50","1.31","3.58","2.14","1.80","3.61","1.31","8.05","1.09","1.76","2.06"
"57805","14-02-25 21:15","Portugal","Liga Portugal","2024/2025","Boavista","Estrela","2.45","3.10","3.34","1.12","6.84","1.51","2.63","2.54","1.54","5.15","1.18","11.90","1.05","2.02","1.80"
"57804","15-02-25 16:30","Portugal","Liga Portugal","2024/2025","Moreirense","Casa Pia","2.62","2.98","3.18","1.12","6.84","1.51","2.63","2.73","1.48","5.15","1.18","11.90","1.05","2.10","1.74"
"57803","15-02-25 18:00","Portugal","Liga Portugal","2024/2025","Nacional","Estoril","2.14","3.47","3.63","1.06","10.50","1.31","3.58","2.14","1.80","3.61","1.31","8.05","1.09","1.78","2.03"
"57802","15-02-25 19:00","Portugal","Liga Portugal","2024/2025","Santa Clara","Benfica","4.32","3.49","1.95","1.10","7.37","1.47","2.77","2.54","1.54","5.15","1.18","10.70","1.06","2.06","1.76"
"57801","15-02-25 21:30","Portugal","Liga Portugal","2024/2025","Sporting CP","Arouca","1.27","6.00","13.00","1.03","15.00","1.19","5.00","1.56","2.50","2.47","1.57","4.48","1.22","1.96","1.85"
"57800","16-02-25 16:30","Portugal","Liga Portugal","2024/2025","Rio Ave","AFS","2.27","3.43","3.35","1.07","9.47","1.34","3.42","2.24","1.73","3.94","1.27","8.05","1.09","1.86","1.95"
"57799","16-02-25 19:00","Portugal","Liga Portugal","2024/2025","SC Farense","FC Porto","5.65","4.13","1.63","1.02","9.47","1.34","3.42","2.14","1.80","3.48","1.24","8.05","1.05","2.04","1.74"
"57798","16-02-25 21:30","Portugal","Liga Portugal","2024/2025","Vitoria Guimaraes","Braga","2.34","3.36","3.28","1.09","8.42","1.38","3.16","2.26","1.67","4.26","1.24","8.82","1.08","1.90","1.90"
"57797","17-02-25 21:15","Portugal","Liga Portugal","2024/2025","Gil Vicente","Famalicao","2.34","3.12","3.53","1.11","7.00","1.51","2.63","2.57","1.54","5.11","1.18","11.20","1.05","2.02","1.80"
"57796","21-02-25 21:15","Portugal","Liga Portugal","2024/2025","Braga","Nacional","1.58","3.94","7.02","1.05","11.60","1.27","3.95","1.90","2.01","3.09","1.39","6.23","1.14","1.86","1.95"
"57795","22-02-25 16:30","Portugal","Liga Portugal","2024/2025","Casa Pia","Gil Vicente","2.33","3.30","3.37","1.11","7.00","1.51","2.63","2.57","1.54","5.11","1.18","11.20","1.05","1.96","1.85"
"57794","22-02-25 19:00","Portugal","Liga Portugal","2024/2025","Benfica","Boavista","1.16","8.81","18.00","1.02","17.90","1.13","6.32","1.47","2.77","2.24","1.73","3.61","1.31","2.22","1.66"
"57793","22-02-25 21:30","Portugal","Liga Portugal","2024/2025","Estoril","Rio Ave","2.12","3.51","3.66","1.05","11.00","1.32","3.50","2.08","1.83","3.67","1.30","7.06","1.11","1.72","2.12"
"57791","23-02-25 16:30","Portugal","Liga Portugal","2024/2025","Arouca","SC Farense","1.91","3.53","4.47","1.09","7.99","1.39","3.10","2.12","1.81","3.80","1.29","7.23","1.11","1.98","1.82"
"57792","23-02-25 16:30","Portugal","Liga Portugal","2024/2025","Estrela","Santa Clara","3.78","3.11","2.25","1.12","6.75","1.53","2.57","2.59","1.53","4.95","1.19","12.90","1.03","2.22","1.66"
"57790","23-02-25 19:00","Portugal","Liga Portugal","2024/2025","AFS","Sporting CP","8.48","5.15","1.39","1.05","11.60","1.25","4.21","1.82","2.10","2.91","1.43","5.71","1.15","2.05","1.78"
"57789","23-02-25 21:30","Portugal","Liga Portugal","2024/2025","Famalicao","Moreirense","2.38","3.21","3.34","1.05","7.37","1.47","2.77","2.45","1.58","4.87","1.20","11.00","1.06","1.96","1.85"
"57788","24-02-25 21:15","Portugal","Liga Portugal","2024/2025","FC Porto","Vitoria Guimaraes","1.82","3.61","4.89","1.07","9.47","1.34","3.42","2.14","1.80","3.94","1.27","8.05","1.09","1.90","1.90"
"57787","01-03-25 16:30","Portugal","Liga Portugal","2024/2025","Nacional","Famalicao","2.91","3.10","2.74","1.09","8.00","1.41","3.00","2.46","1.62","4.48","1.22","9.26","1.07","1.83","1.98"
"57786","01-03-25 19:00","Portugal","Liga Portugal","2024/2025","Arouca","FC Porto","6.18","4.23","1.58","1.05","11.60","1.30","3.68","1.98","1.92","3.27","1.36","6.73","1.12","1.90","1.90"
"57785","01-03-25 21:30","Portugal","Liga Portugal","2024/2025","Vitoria Guimaraes","Casa Pia","1.89","3.61","4.46","1.09","8.42","1.44","2.90","2.26","1.67","4.26","1.24","8.82","1.08","2.02","1.80"
"57783","02-03-25 16:30","Portugal","Liga Portugal","2024/2025","Boavista","Santa Clara","4.93","3.59","1.82","1.04","7.00","1.56","2.50","2.66","1.50","5.41","1.17","11.20","1.04","2.31","1.62"
"57784","02-03-25 16:30","Portugal","Liga Portugal","2024/2025","Moreirense","Estrela","1.98","3.22","4.67","1.11","7.00","1.48","2.75","2.57","1.54","4.80","1.20","9.99","1.06","2.10","1.74"
"57782","02-03-25 19:00","Portugal","Liga Portugal","2024/2025","SC Farense","AFS","2.26","3.19","3.65","1.11","7.00","1.51","2.63","2.66","1.50","5.41","1.17","11.20","1.05","2.06","1.76"
"57781","02-03-25 21:30","Portugal","Liga Portugal","2024/2025","Rio Ave","Braga","4.05","3.73","1.94","1.03","13.70","1.27","3.95","1.90","2.01","3.09","1.39","6.23","1.14","1.70","2.15"
"57780","03-03-25 21:15","Portugal","Liga Portugal","2024/2025","Sporting CP","Estoril","1.34","5.61","10.60","1.02","15.80","1.21","4.74","1.62","2.37","2.54","1.54","4.57","1.22","1.90","1.90"
"57779","07-03-25 21:15","Portugal","Liga Portugal","2024/2025","Estrela","Gil Vicente","2.69","2.99","3.09","1.13","6.32","1.56","2.50","2.73","1.48","5.71","1.15","11.90","1.05","2.06","1.76"
"57778","08-03-25 16:30","Portugal","Liga Portugal","2024/2025","AFS","Arouca","3.43","3.12","2.39","1.09","8.00","1.41","3.00","2.35","1.67","4.14","1.25","9.26","1.07","1.83","1.98"
"57776","08-03-25 19:00","Portugal","Liga Portugal","2024/2025","Benfica","Nacional","1.24","7.00","12.30","1.01","21.00","1.14","6.00","1.48","2.75","2.35","1.67","3.79","1.29","1.98","1.83"
"57777","08-03-25 19:00","Portugal","Liga Portugal","2024/2025","Estoril","SC Farense","2.54","2.98","3.32","1.12","6.84","1.47","2.77","2.54","1.54","5.15","1.18","10.70","1.06","1.96","1.85"
"57775","08-03-25 21:30","Portugal","Liga Portugal","2024/2025","Braga","FC Porto","3.80","3.13","2.24","1.09","8.42","1.38","3.16","2.24","1.73","3.94","1.27","8.05","1.09","1.83","1.98"
"57774","09-03-25 16:30","Portugal","Liga Portugal","2024/2025","Santa Clara","Moreirense","2.03","3.10","4.66","1.16","5.50","1.82","2.10","3.43","1.34","7.54","1.10","15.10","1.03","2.58","1.50"
"57773","09-03-25 19:00","Portugal","Liga Portugal","2024/2025","Casa Pia","Sporting CP","6.96","4.46","1.51","1.07","9.47","1.34","3.42","2.14","1.80","3.61","1.31","7.18","1.11","2.16","1.70"
"57772","09-03-25 21:30","Portugal","Liga Portugal","2024/2025","Boavista","Vitoria Guimaraes","5.68","3.72","1.70","1.09","8.42","1.44","2.90","2.35","1.63","4.57","1.22","9.52","1.07","2.16","1.70"
"57771","10-03-25 21:15","Portugal","Liga Portugal","2024/2025","Famalicao","Rio Ave","1.99","3.45","4.18","1.06","10.50","1.31","3.58","2.14","1.80","3.61","1.31","7.18","1.11","1.76","2.06"
"57769","15-03-25 16:30","Portugal","Liga Portugal","2024/2025","Gil Vicente","Santa Clara","2.78","3.09","2.88","1.14","6.00","1.70","2.20","3.24","1.37","7.06","1.11","14.10","1.03","2.22","1.66"
"57770","15-03-25 16:30","Portugal","Liga Portugal","2024/2025","SC Farense","Braga","4.08","3.60","1.97","1.08","9.00","1.36","3.25","2.24","1.73","4.14","1.25","8.45","1.09","1.98","1.83"
"57768","15-03-25 19:00","Portugal","Liga Portugal","2024/2025","FC Porto","AFS","1.27","6.11","12.70","1.05","11.00","1.26","4.00","1.82","2.10","3.06","1.40","5.41","1.17","2.53","1.53"
"57767","15-03-25 21:30","Portugal","Liga Portugal","2024/2025","Sporting CP","Famalicao","1.33","5.67","10.10","1.03","13.70","1.22","4.56","1.64","2.32","2.54","1.54","4.87","1.20","1.90","1.90"
"57765","16-03-25 16:30","Portugal","Liga Portugal","2024/2025","Arouca","Estoril","1.96","3.61","4.12","1.05","11.60","1.30","3.68","1.98","1.92","3.27","1.36","6.73","1.12","1.72","2.12"
"57766","16-03-25 16:30","Portugal","Liga Portugal","2024/2025","Nacional","Casa Pia","2.38","3.50","3.07","1.08","9.00","1.36","3.25","2.24","1.73","4.14","1.25","8.45","1.09","1.90","1.90"
"57764","16-03-25 19:00","Portugal","Liga Portugal","2024/2025","Rio Ave","Benfica","8.99","6.48","1.31","1.02","19.50","1.16","5.50","1.56","2.50","2.37","1.62","4.14","1.25","1.83","1.98"
"57762","16-03-25 21:30","Portugal","Liga Portugal","2024/2025","Moreirense","Boavista","1.75","3.43","5.99","1.13","6.50","1.51","2.63","2.66","1.50","5.11","1.18","11.20","1.05","2.31","1.62"
"57763","16-03-25 21:30","Portugal","Liga Portugal","2024/2025","Vitoria Guimaraes","Estrela","1.63","3.83","6.47","1.10","7.37","1.44","2.90","2.35","1.63","4.57","1.22","9.52","1.07","2.22","1.66"
"57761","28-03-25 21:15","Portugal","Liga Portugal","2024/2025","Gil Vicente","Benfica","8.46","5.68","1.36","1.03","13.70","1.25","4.21","1.82","2.10","2.91","1.43","5.71","1.15","2.06","1.76"
"57760","29-03-25 16:30","Portugal","Liga Portugal","2024/2025","Casa Pia","Rio Ave","1.94","3.51","4.31","1.09","8.00","1.41","3.00","2.35","1.67","4.48","1.22","9.26","1.07","1.90","1.90"
"57759","29-03-25 19:00","Portugal","Liga Portugal","2024/2025","Estrela","Sporting CP","10.80","4.93","1.36","1.06","10.50","1.27","3.95","1.98","1.92","3.27","1.36","6.23","1.14","2.22","1.66"
"57758","29-03-25 21:30","Portugal","Liga Portugal","2024/2025","Braga","Arouca","1.71","3.84","5.41","1.06","10.50","1.30","3.68","1.98","1.92","3.50","1.33","6.73","1.12","1.83","1.98"
"57756","30-03-25 16:30","Portugal","Liga Portugal","2024/2025","Famalicao","AFS","1.74","3.72","5.38","1.06","10.00","1.36","3.25","2.24","1.73","3.79","1.29","8.45","1.09","1.98","1.83"
"57757","30-03-25 16:30","Portugal","Liga Portugal","2024/2025","Santa Clara","Nacional","1.83","3.50","5.09","1.09","8.00","1.48","2.75","2.47","1.57","4.80","1.20","9.99","1.06","2.15","1.70"
"57755","30-03-25 19:00","Portugal","Liga Portugal","2024/2025","Estoril","FC Porto","6.44","4.23","1.57","1.06","10.50","1.31","3.58","2.03","1.88","3.50","1.33","6.73","1.12","1.96","1.85"
"57754","30-03-25 21:30","Portugal","Liga Portugal","2024/2025","Moreirense","Vitoria Guimaraes","4.00","3.18","2.14","1.12","6.84","1.51","2.63","2.73","1.48","5.15","1.18","11.90","1.05","2.06","1.76"
"57753","01-04-25 21:15","Portugal","Liga Portugal","2024/2025","Boavista","Gil Vicente","3.05","3.17","2.58","1.11","7.00","1.51","2.63","2.66","1.50","5.41","1.17","11.20","1.05","2.02","1.80"
"57752","02-04-25 21:15","Portugal","Liga Portugal","2024/2025","Benfica","SC Farense","1.18","8.89","14.20","1.02","27.00","1.14","6.00","1.48","2.75","2.24","1.73","3.43","1.34","2.15","1.70"
"57751","04-04-25 21:15","Portugal","Liga Portugal","2024/2025","AFS","Estoril","3.32","3.29","2.35","1.09","8.00","1.41","3.00","2.35","1.67","4.14","1.25","9.26","1.07","1.83","1.98"
"57750","05-04-25 19:00","Portugal","Liga Portugal","2024/2025","Arouca","Famalicao","2.78","3.20","2.79","1.09","8.00","1.41","3.00","2.35","1.67","4.14","1.25","8.45","1.09","1.76","2.06"
"57749","05-04-25 21:30","Portugal","Liga Portugal","2024/2025","Vitoria Guimaraes","Santa Clara","1.98","3.21","4.67","1.13","6.32","1.56","2.50","2.91","1.43","5.71","1.15","11.90","1.05","2.20","1.67"
"57748","06-04-25 16:30","Portugal","Liga Portugal","2024/2025","Gil Vicente","Moreirense","2.50","3.07","3.27","1.14","6.00","1.68","2.25","3.06","1.40","6.54","1.13","14.10","1.03","2.16","1.70"
"57747","06-04-25 19:00","Portugal","Liga Portugal","2024/2025","Nacional","Estrela","2.16","3.29","3.80","1.08","9.00","1.36","3.25","2.24","1.73","3.79","1.29","8.45","1.09","1.83","1.98"
"57746","06-04-25 21:30","Portugal","Liga Portugal","2024/2025","FC Porto","Benfica","3.50","3.40","2.22","1.06","10.50","1.30","3.68","1.98","1.92","3.50","1.33","6.73","1.12","1.72","2.12"
"57745","07-04-25 19:45","Portugal","Liga Portugal","2024/2025","SC Farense","Casa Pia","2.45","3.21","3.23","1.09","8.42","1.44","2.90","2.35","1.63","4.57","1.22","9.52","1.07","1.90","1.90"
"57744","07-04-25 21:15","Portugal","Liga Portugal","2024/2025","Rio Ave","Boavista","2.02","3.39","4.17","1.05","11.00","1.29","3.75","2.08","1.83","3.43","1.34","6.54","1.13","1.74","2.10"
"57743","07-04-25 21:45","Portugal","Liga Portugal","2024/2025","Sporting CP","Braga","1.45","4.64","7.94","1.03","13.70","1.22","4.56","1.70","2.21","2.73","1.48","5.15","1.18","1.90","1.90"
"57742","11-04-25 21:15","Portugal","Liga Portugal","2024/2025","Gil Vicente","Vitoria Guimaraes","4.00","3.33","2.09","1.09","8.42","1.47","2.77","2.35","1.63","4.57","1.22","9.52","1.07","2.02","1.80"
"57740","12-04-25 16:30","Portugal","Liga Portugal","2024/2025","Boavista","Nacional","3.19","3.22","2.46","1.08","9.00","1.36","3.25","2.35","1.67","4.14","1.25","8.45","1.09","1.90","1.90"
"57741","12-04-25 16:30","Portugal","Liga Portugal","2024/2025","Famalicao","Estoril","1.98","3.64","3.95","1.06","10.00","1.32","3.50","2.08","1.83","3.67","1.30","7.06","1.11","1.83","1.98"
"57739","12-04-25 19:00","Portugal","Liga Portugal","2024/2025","Santa Clara","Sporting CP","7.48","3.80","1.58","1.09","8.42","1.38","3.16","2.26","1.67","4.26","1.24","8.82","1.08","2.16","1.70"
"57738","12-04-25 21:30","Portugal","Liga Portugal","2024/2025","Casa Pia","FC Porto","5.88","3.80","1.68","1.07","9.47","1.34","3.42","2.14","1.80","3.94","1.27","8.05","1.09","1.96","1.85"
"57737","13-04-25 16:30","Portugal","Liga Portugal","2024/2025","Estrela","SC Farense","2.73","3.20","2.85","1.11","7.00","1.51","2.63","2.47","1.57","4.80","1.20","9.99","1.06","1.98","1.83"
"57736","13-04-25 19:00","Portugal","Liga Portugal","2024/2025","Braga","AFS","1.50","4.22","7.77","1.06","10.00","1.32","3.50","2.08","1.83","3.43","1.34","7.06","1.11","2.02","1.80"
"57735","13-04-25 19:00","Portugal","Liga Portugal","2024/2025","Benfica","Arouca","1.12","10.40","24.00","","","1.10","7.37","1.34","3.42","1.98","1.92","3.09","1.39","2.19","1.68"
"57734","13-04-25 21:30","Portugal","Liga Portugal","2024/2025","Moreirense","Rio Ave","2.21","3.20","3.76","1.09","8.42","1.44","2.90","2.35","1.63","4.57","1.22","9.52","1.07","1.90","1.90"
"57732","18-04-25 16:30","Portugal","Liga Portugal","2024/2025","Rio Ave","Santa Clara","4.20","3.28","2.05","1.09","8.00","1.48","2.75","2.37","1.62","4.48","1.22","9.99","1.06","1.96","1.85"
"57733","18-04-25 16:30","Portugal","Liga Portugal","2024/2025","SC Farense","Boavista","1.80","3.65","5.01","1.07","9.47","1.34","3.42","2.14","1.80","3.61","1.31","7.18","1.11","1.90","1.90"
"57731","18-04-25 19:00","Portugal","Liga Portugal","2024/2025","FC Porto","Famalicao","1.55","4.61","5.87","1.05","11.60","1.27","3.95","1.90","2.01","3.27","1.36","6.23","1.14","1.90","1.90"
"57730","18-04-25 21:30","Portugal","Liga Portugal","2024/2025","Sporting CP","Moreirense","1.16","8.20","21.00","1.03","13.70","1.18","5.26","1.62","2.37","2.45","1.58","4.57","1.22","2.44","1.56"
"57728","19-04-25 16:30","Portugal","Liga Portugal","2024/2025","AFS","Casa Pia","3.00","3.31","2.53","1.09","8.00","1.48","2.75","2.47","1.57","4.80","1.20","9.99","1.06","1.96","1.85"
"57729","19-04-25 16:30","Portugal","Liga Portugal","2024/2025","Nacional","Gil Vicente","2.58","3.23","3.00","1.09","8.00","1.48","2.75","2.37","1.62","4.48","1.22","9.26","1.07","1.90","1.90"
"57726","19-04-25 19:00","Portugal","Liga Portugal","2024/2025","Arouca","Estrela","2.08","3.32","4.04","1.09","8.00","1.48","2.75","2.37","1.62","4.48","1.22","9.26","1.07","1.90","1.90"
"57727","19-04-25 19:00","Portugal","Liga Portugal","2024/2025","Estoril","Braga","4.87","3.74","1.79","1.05","11.60","1.30","3.68","1.98","1.92","3.27","1.36","6.73","1.12","1.76","2.06"
"57725","19-04-25 21:30","Portugal","Liga Portugal","2024/2025","Vitoria Guimaraes","Benfica","5.92","4.48","1.57","1.02","15.80","1.21","4.74","1.64","2.32","2.54","1.54","4.87","1.20","1.72","2.12"
"57724","25-04-25 21:30","Portugal","Liga Portugal","2024/2025","Famalicao","Braga","3.94","3.50","2.04","1.08","9.00","1.41","3.00","2.35","1.67","4.14","1.25","8.45","1.09","1.90","1.90"
"57723","26-04-25 16:30","Portugal","Liga Portugal","2024/2025","Santa Clara","Arouca","1.95","3.18","4.88","1.13","6.50","1.56","2.50","2.66","1.50","5.41","1.17","11.20","1.05","2.16","1.70"
"57722","26-04-25 19:00","Portugal","Liga Portugal","2024/2025","Gil Vicente","SC Farense","2.62","3.08","3.08","1.13","6.50","1.51","2.63","2.66","1.50","5.41","1.17","11.20","1.05","1.96","1.85"
"57721","26-04-25 21:30","Portugal","Liga Portugal","2024/2025","Estrela","FC Porto","6.48","3.94","1.61","1.08","9.00","1.36","3.25","2.24","1.73","4.14","1.25","8.45","1.09","2.06","1.76"
"57720","27-04-25 16:30","Portugal","Liga Portugal","2024/2025","Moreirense","Nacional","2.78","3.09","2.88","1.08","9.00","1.34","3.40","2.24","1.73","3.79","1.29","7.54","1.10","1.78","2.04"
"57718","27-04-25 19:00","Portugal","Liga Portugal","2024/2025","Benfica","AFS","1.09","13.30","25.00","1.01","29.00","1.08","9.00","1.29","3.75","1.77","2.10","2.66","1.50","2.34","1.60"
"57719","27-04-25 19:00","Portugal","Liga Portugal","2024/2025","Vitoria Guimaraes","Rio Ave","1.48","4.44","7.69","1.05","11.00","1.26","4.00","1.90","2.00","3.06","1.40","6.00","1.14","1.90","1.90"
"57717","27-04-25 21:30","Portugal","Liga Portugal","2024/2025","Boavista","Sporting CP","16.60","9.19","1.16","1.02","24.00","1.14","6.00","1.48","2.75","2.24","1.73","3.67","1.30","2.16","1.70"
"57716","29-04-25 21:30","Portugal","Liga Portugal","2024/2025","Casa Pia","Estoril","2.65","3.01","3.12","1.09","8.00","1.48","2.75","2.47","1.57","4.48","1.22","9.99","1.06","1.90","1.90"
"57715","02-05-25 21:15","Portugal","Liga Portugal","2024/2025","FC Porto","Moreirense","1.37","5.54","8.44","1.04","13.00","1.26","4.00","1.82","2.10","2.86","1.45","5.41","1.17","2.02","1.80"
"57713","03-05-25 16:30","Portugal","Liga Portugal","2024/2025","Nacional","Vitoria Guimaraes","4.21","3.63","1.93","1.05","11.00","1.29","3.75","2.08","1.83","3.43","1.34","7.06","1.11","1.78","2.04"
"57714","03-05-25 16:30","Portugal","Liga Portugal","2024/2025","SC Farense","Famalicao","2.96","3.29","2.57","1.08","9.00","1.36","3.25","2.35","1.67","4.14","1.25","8.45","1.09","1.83","1.98"
"57712","03-05-25 19:00","Portugal","Liga Portugal","2024/2025","Braga","Santa Clara","1.81","3.62","4.92","1.08","9.00","1.41","3.00","2.35","1.67","4.48","1.22","9.26","1.07","2.02","1.80"
"57711","03-05-25 21:30","Portugal","Liga Portugal","2024/2025","Estoril","Benfica","10.70","8.52","1.22","1.01","26.00","1.13","6.50","1.41","3.00","2.13","1.80","3.43","1.34","1.90","1.90"
"57710","04-05-25 19:00","Portugal","Liga Portugal","2024/2025","Arouca","Casa Pia","2.11","3.50","3.70","1.06","10.00","1.36","3.25","2.24","1.73","4.14","1.25","8.45","1.09","1.90","1.90"
"57709","04-05-25 21:30","Portugal","Liga Portugal","2024/2025","Sporting CP","Gil Vicente","1.16","8.36","21.00","1.02","23.00","1.14","6.00","1.48","2.75","2.24","1.73","3.67","1.30","2.16","1.70"
"57708","05-05-25 20:30","Portugal","Liga Portugal","2024/2025","Rio Ave","Estrela","2.42","3.40","3.09","1.08","9.00","1.36","3.25","2.24","1.73","4.14","1.25","8.45","1.09","1.76","2.06"
"57707","05-05-25 21:15","Portugal","Liga Portugal","2024/2025","AFS","Boavista","2.46","3.21","3.21","1.09","8.00","1.41","3.00","2.35","1.67","4.14","1.25","9.26","1.07","1.90","1.90"
"57705","10-05-25 16:30","Portugal","Liga Portugal","2024/2025","Nacional","Rio Ave","2.05","3.90","3.49","1.02","17.00","1.19","5.00","1.61","2.38","2.57","1.54","4.48","1.22","1.52","2.54"
"57706","10-05-25 16:30","Portugal","Liga Portugal","2024/2025","Santa Clara","Famalicao","1.91","3.51","4.48","1.11","7.00","1.51","2.63","2.57","1.54","5.11","1.18","11.20","1.05","2.06","1.76"
"57704","10-05-25 19:00","Portugal","Liga Portugal","2024/2025","Benfica","Sporting CP","2.15","3.52","3.54","1.03","13.50","1.25","4.17","1.83","2.09","2.94","1.43","5.76","1.15","1.59","2.36"
"57702","10-05-25 21:30","Portugal","Liga Portugal","2024/2025","Casa Pia","Braga","6.73","4.35","1.54","1.05","11.00","1.29","3.75","2.08","1.83","3.43","1.34","6.54","1.13","1.96","1.85"
"57703","10-05-25 21:30","Portugal","Liga Portugal","2024/2025","Gil Vicente","Arouca","2.23","3.43","3.43","1.08","9.00","1.36","3.25","2.35","1.67","4.14","1.25","8.45","1.09","1.90","1.90"
"57701","11-05-25 16:30","Portugal","Liga Portugal","2024/2025","Estrela","AFS","2.38","3.36","3.21","1.11","7.00","1.51","2.63","2.57","1.54","5.11","1.18","11.20","1.05","2.10","1.74"
"57699","11-05-25 19:00","Portugal","Liga Portugal","2024/2025","Moreirense","Estoril","2.67","3.39","2.77","1.09","8.00","1.41","3.00","2.35","1.67","4.48","1.22","9.26","1.07","1.83","1.98"
"57700","11-05-25 19:00","Portugal","Liga Portugal","2024/2025","Vitoria Guimaraes","SC Farense","1.55","4.34","6.45","1.06","10.00","1.34","3.40","2.13","1.80","3.79","1.29","7.54","1.10","2.06","1.76"
"57698","11-05-25 21:30","Portugal","Liga Portugal","2024/2025","Boavista","FC Porto","8.46","4.58","1.44","1.07","9.37","1.32","3.54","2.05","1.86","3.53","1.32","7.25","1.10","2.16","1.70"
"57696","16-05-25 20:00","Portugal","Liga Portugal","2024/2025","Famalicao","Casa Pia","1.89","3.71","4.32","1.05","11.00","1.32","3.50","2.08","1.83","3.43","1.34","7.06","1.11","1.90","1.90"
"57697","16-05-25 20:00","Portugal","Liga Portugal","2024/2025","Rio Ave","Gil Vicente","2.80","3.31","2.69","1.05","11.00","1.29","3.75","1.99","1.91","3.24","1.37","6.00","1.14","1.60","2.34"
"57689","17-05-25 19:00","Portugal","Liga Portugal","2024/2025","AFS","Moreirense","1.93","3.54","4.37","1.09","8.00","1.41","3.00","2.35","1.67","4.14","1.25","9.26","1.07","1.98","1.83"
"57690","17-05-25 19:00","Portugal","Liga Portugal","2024/2025","Arouca","Boavista","1.97","3.82","3.82","1.04","13.00","1.29","3.75","1.90","2.00","3.24","1.37","6.00","1.14","1.74","2.10"
"57691","17-05-25 19:00","Portugal","Liga Portugal","2024/2025","Braga","Benfica","5.71","4.67","1.56","1.02","18.50","1.16","5.50","1.51","2.63","2.37","1.62","4.14","1.25","1.62","2.31"
"57692","17-05-25 19:00","Portugal","Liga Portugal","2024/2025","Estoril","Estrela","2.70","3.42","2.72","1.06","10.00","1.34","3.40","2.13","1.80","3.67","1.30","7.54","1.10","1.78","2.04"
"57693","17-05-25 19:00","Portugal","Liga Portugal","2024/2025","FC Porto","Nacional","1.33","5.77","9.45","1.01","22.00","1.14","6.00","1.51","2.63","2.24","1.73","3.79","1.29","1.78","2.04"
"57694","17-05-25 19:00","Portugal","Liga Portugal","2024/2025","SC Farense","Santa Clara","2.74","3.23","2.82","1.09","8.00","1.48","2.75","2.37","1.62","4.48","1.22","9.26","1.07","1.98","1.83"
"57695","17-05-25 19:00","Portugal","Liga Portugal","2024/2025","Sporting CP","Vitoria Guimaraes","1.33","5.67","9.73","1.03","15.00","1.16","5.50","1.56","2.50","2.37","1.62","4.14","1.25","1.76","2.06"