"id","matchDate","Country","League","Season","homeTeam","awayTeam","H","D","A","O05","U05","O15","U15","O25","U25","O35","U35","O45","U45","BTTSY","BTTSN"
"67365","24-05-25 15:30","Russia","Premier League","2024/2025","Akron Togliatti","Lokomotiv Moscow","2.61","4.01","2.51","1.03","14.00","1.18","5.14","1.50","2.68","2.16","1.78","3.58","1.31","1.44","2.81"
"67366","24-05-25 15:30","Russia","Premier League","2024/2025","CSKA Moscow","Pari NN","1.43","4.85","7.87","1.05","12.00","1.23","4.34","1.79","2.14","2.78","1.46","5.06","1.18","2.01","1.81"
"67367","24-05-25 15:30","Russia","Premier League","2024/2025","Dynamo Makhachkala","FK Rostov","2.37","3.48","3.12","1.06","9.65","1.32","3.54","2.08","1.84","3.40","1.34","7.10","1.11","1.81","2.01"
"67368","24-05-25 15:30","Russia","Premier League","2024/2025","Fakel Voronezh","Krylya Sovetov","2.66","3.26","2.86","1.10","7.65","1.41","3.02","2.19","1.76","4.11","1.26","8.72","1.06","1.90","1.90"
"67369","24-05-25 15:30","Russia","Premier League","2024/2025","Krasnodar","Dynamo Moscow","1.65","4.73","4.68","1.01","21.00","1.16","5.55","1.49","2.73","2.19","1.76","3.51","1.32","1.54","2.48"
"67370","24-05-25 15:30","Russia","Premier League","2024/2025","Rubin Kazan","Orenburg","1.79","4.33","4.13","1.01","21.00","1.16","5.55","1.49","2.73","2.16","1.78","3.58","1.31","1.47","2.70"
"67371","24-05-25 15:30","Russia","Premier League","2024/2025","Spartak Moscow","Khimki","1.43","5.35","6.86","1.02","16.00","1.18","5.26","1.46","2.78","2.14","1.79","3.27","1.36","1.68","2.19"
"67372","24-05-25 15:30","Russia","Premier League","2024/2025","Zenit","Akhmat Grozny","1.18","7.74","17.10","1.01","20.00","1.16","5.55","1.50","2.68","2.20","1.70","3.62","1.31","2.00","1.81"
"67373","19-05-25 19:30","Russia","Premier League","2024/2025","Lokomotiv Moscow","CSKA Moscow","3.13","3.43","2.38","1.06","10.70","1.28","3.83","1.95","1.95","3.13","1.38","6.32","1.13","1.70","2.16"
"67374","18-05-25 18:00","Russia","Premier League","2024/2025","FK Rostov","Zenit","9.87","5.43","1.34","1.05","12.00","1.24","4.26","1.71","2.18","2.68","1.50","4.56","1.22","1.85","1.95"
"67375","18-05-25 15:30","Russia","Premier League","2024/2025","Dynamo Moscow","Akron Togliatti","1.41","5.73","6.84","1.01","30.00","1.10","7.65","1.27","3.92","1.70","2.20","2.54","1.54","1.46","2.72"
"67376","18-05-25 13:00","Russia","Premier League","2024/2025","Akhmat Grozny","Dynamo Makhachkala","2.22","3.48","3.43","1.06","10.70","1.29","3.79","1.96","1.94","3.13","1.38","6.14","1.14","1.74","2.09"
"67377","18-05-25 12:30","Russia","Premier League","2024/2025","Krylya Sovetov","Spartak Moscow","2.86","3.67","2.45","1.05","12.00","1.24","4.24","1.79","2.14","2.75","1.48","5.14","1.18","1.62","2.30"
"67378","17-05-25 18:00","Russia","Premier League","2024/2025","Pari NN","Fakel Voronezh","2.03","3.36","4.16","1.11","7.10","1.51","2.63","2.51","1.56","4.95","1.19","11.70","1.03","2.07","1.76"
"67379","17-05-25 15:30","Russia","Premier League","2024/2025","Khimki","Rubin Kazan","2.31","3.47","3.22","1.05","11.90","1.26","4.07","1.86","2.05","2.92","1.43","5.55","1.16","1.66","2.22"
"67380","17-05-25 13:00","Russia","Premier League","2024/2025","Orenburg","Krasnodar","5.84","4.33","1.59","1.01","21.00","1.14","6.06","1.46","2.82","2.09","1.83","3.27","1.36","1.54","2.50"
"67381","12-05-25 18:00","Russia","Premier League","2024/2025","Pari NN","Krylya Sovetov","3.18","3.18","2.49","1.08","8.84","1.34","3.40","2.14","1.79","3.54","1.32","7.59","1.10","1.77","2.06"
"67382","11-05-25 18:30","Russia","Premier League","2024/2025","Dynamo Moscow","Spartak Moscow","2.95","3.63","2.40","1.03","13.60","1.19","4.95","1.65","2.30","2.48","1.57","4.64","1.21","1.50","2.58"
"67383","11-05-25 18:30","Russia","Premier League","2024/2025","Rubin Kazan","FK Rostov","2.38","3.33","3.23","1.06","9.65","1.31","3.62","2.02","1.89","3.27","1.36","6.68","1.12","1.72","2.13"
"67384","11-05-25 15:30","Russia","Premier League","2024/2025","Fakel Voronezh","Lokomotiv Moscow","2.78","3.38","2.67","1.06","9.65","1.32","3.51","2.09","1.83","3.40","1.34","7.10","1.11","1.78","2.03"
"67385","11-05-25 13:00","Russia","Premier League","2024/2025","Akron Togliatti","Akhmat Grozny","3.37","3.42","2.26","1.06","10.00","1.28","3.83","1.94","1.97","3.08","1.39","6.14","1.14","1.74","2.10"
"67386","10-05-25 18:30","Russia","Premier League","2024/2025","CSKA Moscow","Krasnodar","2.89","3.31","2.62","1.06","9.65","1.31","3.58","2.04","1.87","3.27","1.36","6.75","1.12","1.66","2.22"
"67387","10-05-25 16:00","Russia","Premier League","2024/2025","Dynamo Makhachkala","Zenit","7.68","4.49","1.48","1.08","8.84","1.41","3.02","2.23","1.74","4.24","1.24","9.19","1.06","2.26","1.64"
"67388","10-05-25 13:30","Russia","Premier League","2024/2025","Orenburg","Khimki","1.94","3.98","3.78","1.03","14.00","1.18","5.06","1.57","2.48","2.30","1.65","4.03","1.26","1.53","2.50"
"67389","05-05-25 17:30","Russia","Premier League","2024/2025","Krylya Sovetov","Dynamo Moscow","2.58","3.68","2.69","1.03","14.00","1.18","5.06","1.62","2.35","2.43","1.59","4.56","1.22","1.48","2.67"
"67390","04-05-25 18:30","Russia","Premier League","2024/2025","Khimki","FK Rostov","2.52","3.77","2.72","1.03","13.60","1.21","4.64","1.70","2.22","2.59","1.53","4.75","1.21","1.55","2.45"
"67391","04-05-25 18:30","Russia","Premier League","2024/2025","Zenit","Pari NN","1.18","7.87","17.70","1.01","18.00","1.17","5.47","1.56","2.51","2.32","1.64","3.95","1.27","2.40","1.57"
"67392","04-05-25 15:30","Russia","Premier League","2024/2025","Akhmat Grozny","CSKA Moscow","2.41","3.36","3.16","1.10","7.59","1.42","2.98","2.19","1.76","4.11","1.26","8.78","1.06","1.83","1.98"
"67393","04-05-25 13:00","Russia","Premier League","2024/2025","Fakel Voronezh","Spartak Moscow","6.74","3.97","1.58","1.08","8.84","1.34","3.43","2.09","1.83","3.51","1.32","6.75","1.12","2.12","1.72"
"67394","03-05-25 18:30","Russia","Premier League","2024/2025","Krasnodar","Rubin Kazan","1.42","4.77","8.45","1.05","12.00","1.23","4.34","1.76","2.19","2.73","1.49","4.86","1.20","1.95","1.85"
"67395","03-05-25 16:00","Russia","Premier League","2024/2025","Lokomotiv Moscow","Orenburg","1.70","4.41","4.61","1.01","20.00","1.17","5.47","1.50","2.68","2.18","1.71","3.62","1.31","1.51","2.57"
"67396","02-05-25 17:00","Russia","Premier League","2024/2025","Akron Togliatti","Dynamo Makhachkala","2.33","3.23","3.43","1.09","8.16","1.32","3.54","2.07","1.85","3.38","1.34","6.84","1.12","1.71","2.14"
"67397","27-04-25 18:00","Russia","Premier League","2024/2025","Rubin Kazan","Fakel Voronezh","2.11","3.27","3.97","1.12","6.68","1.53","2.57","2.51","1.56","4.95","1.19","13.20","1.03","2.25","1.65"
"67398","27-04-25 15:30","Russia","Premier League","2024/2025","Khimki","Akron Togliatti","2.67","3.32","2.82","1.06","9.65","1.27","3.95","1.91","1.99","3.02","1.41","5.76","1.15","1.65","2.25"
"67399","27-04-25 13:00","Russia","Premier League","2024/2025","Krylya Sovetov","Orenburg","1.81","4.01","4.41","1.03","13.60","1.22","4.56","1.66","2.27","2.53","1.55","4.64","1.21","1.60","2.34"
"67400","26-04-25 18:30","Russia","Premier League","2024/2025","Spartak Moscow","CSKA Moscow","1.71","3.87","5.34","1.06","9.65","1.35","3.31","2.08","1.84","3.43","1.34","6.68","1.12","1.94","1.86"
"67401","26-04-25 15:30","Russia","Premier League","2024/2025","FK Rostov","Lokomotiv Moscow","2.36","3.87","2.86","1.05","11.00","1.23","4.34","1.59","2.42","2.37","1.62","4.20","1.25","1.52","2.54"
"67402","26-04-25 13:00","Russia","Premier League","2024/2025","Dynamo Moscow","Zenit","4.68","3.94","1.78","1.05","11.90","1.23","4.34","1.79","2.14","2.78","1.46","4.95","1.19","1.66","2.22"
"67403","26-04-25 13:00","Russia","Premier League","2024/2025","Pari NN","Akhmat Grozny","3.76","3.41","2.13","1.10","7.59","1.44","2.89","2.21","1.74","3.95","1.27","8.18","1.08","1.88","1.93"
"67404","25-04-25 18:30","Russia","Premier League","2024/2025","Dynamo Makhachkala","Krasnodar","5.56","3.72","1.72","1.10","7.59","1.43","2.95","2.21","1.74","4.07","1.26","8.16","1.09","2.07","1.76"
"67405","20-04-25 18:30","Russia","Premier League","2024/2025","CSKA Moscow","Krylya Sovetov","1.82","3.56","4.97","1.06","9.65","1.32","3.51","2.04","1.87","3.34","1.35","6.68","1.12","1.78","2.03"
"67406","20-04-25 15:30","Russia","Premier League","2024/2025","Zenit","Khimki","1.14","9.54","21.00","1.01","22.00","1.12","6.68","1.37","3.24","1.90","2.01","2.95","1.43","2.16","1.70"
"67407","20-04-25 13:00","Russia","Premier League","2024/2025","Dynamo Moscow","Rubin Kazan","1.75","3.91","4.91","1.06","10.20","1.26","4.04","1.78","2.08","2.76","1.47","4.92","1.19","1.74","2.10"
"67408","20-04-25 13:00","Russia","Premier League","2024/2025","Fakel Voronezh","FK Rostov","3.53","3.49","2.17","1.06","9.65","1.35","3.34","2.14","1.79","3.58","1.31","7.59","1.10","1.78","2.03"
"67409","19-04-25 18:30","Russia","Premier League","2024/2025","Krasnodar","Akhmat Grozny","1.79","3.68","4.97","1.06","9.65","1.32","3.54","2.02","1.89","3.27","1.36","6.32","1.13","1.83","1.98"
"67410","19-04-25 16:00","Russia","Premier League","2024/2025","Lokomotiv Moscow","Pari NN","1.77","3.68","5.18","1.05","11.90","1.25","4.20","1.83","2.09","2.84","1.45","5.06","1.18","1.74","2.09"
"67411","19-04-25 13:30","Russia","Premier League","2024/2025","Akron Togliatti","Spartak Moscow","5.25","4.33","1.64","1.05","12.00","1.23","4.34","1.71","2.18","2.66","1.50","4.50","1.22","1.69","2.18"
"67412","19-04-25 11:00","Russia","Premier League","2024/2025","Orenburg","Dynamo Makhachkala","2.26","3.67","3.16","1.05","11.60","1.25","4.12","1.83","2.09","2.88","1.44","5.77","1.15","1.68","2.19"
"67413","13-04-25 18:30","Russia","Premier League","2024/2025","Khimki","Krylya Sovetov","3.30","3.22","2.40","1.11","7.16","1.42","2.98","2.21","1.74","4.24","1.24","8.98","1.06","1.85","1.95"
"67414","13-04-25 16:00","Russia","Premier League","2024/2025","Zenit","Krasnodar","1.67","4.15","5.68","1.01","9.10","1.22","3.82","1.79","2.14","2.73","1.40","4.70","1.12","1.69","2.18"
"67415","13-04-25 13:30","Russia","Premier League","2024/2025","Akron Togliatti","Fakel Voronezh","1.88","3.68","4.41","1.08","9.03","1.36","3.27","2.14","1.79","3.58","1.31","6.75","1.12","1.93","1.87"
"67416","12-04-25 18:30","Russia","Premier League","2024/2025","Akhmat Grozny","FK Rostov","2.21","3.31","3.61","1.06","10.00","1.26","4.03","1.89","2.02","2.98","1.42","5.76","1.15","1.65","2.25"
"67417","12-04-25 16:00","Russia","Premier League","2024/2025","Rubin Kazan","Lokomotiv Moscow","3.32","3.35","2.32","1.06","10.70","1.29","3.79","1.96","1.94","3.20","1.37","6.36","1.13","1.68","2.19"
"67418","12-04-25 13:30","Russia","Premier League","2024/2025","Pari NN","Dynamo Moscow","4.18","3.97","1.86","1.05","11.70","1.23","4.47","1.68","2.34","2.66","1.50","4.85","1.20","1.63","2.27"
"67419","12-04-25 11:00","Russia","Premier League","2024/2025","Orenburg","CSKA Moscow","3.50","3.47","2.19","1.04","12.60","1.22","4.57","1.72","2.26","2.62","1.52","4.71","1.21","1.56","2.45"
"67420","11-04-25 18:30","Russia","Premier League","2024/2025","Spartak Moscow","Dynamo Makhachkala","1.38","5.16","9.06","1.04","12.60","1.25","4.16","1.76","2.18","2.78","1.46","4.90","1.19","2.13","1.71"
"67421","06-04-25 18:30","Russia","Premier League","2024/2025","CSKA Moscow","Dynamo Moscow","2.29","3.53","3.23","1.05","11.90","1.26","3.99","1.89","2.02","2.98","1.42","5.76","1.15","1.65","2.26"
"67422","06-04-25 15:30","Russia","Premier League","2024/2025","FK Rostov","Spartak Moscow","3.19","3.56","2.29","1.05","11.90","1.26","4.03","1.89","2.02","2.98","1.42","5.71","1.15","1.68","2.19"
"67423","06-04-25 13:00","Russia","Premier League","2024/2025","Dynamo Makhachkala","Khimki","2.04","3.27","4.25","1.06","9.65","1.34","3.43","2.05","1.86","3.38","1.34","6.68","1.12","1.83","1.98"
"67424","05-04-25 18:45","Russia","Premier League","2024/2025","Krasnodar","Akron Togliatti","1.40","5.23","8.06","1.02","16.00","1.18","5.26","1.51","2.63","2.22","1.70","3.65","1.30","1.77","2.05"
"67425","05-04-25 16:30","Russia","Premier League","2024/2025","Lokomotiv Moscow","Zenit","4.66","3.78","1.81","1.06","10.70","1.26","4.03","1.87","2.04","2.95","1.43","5.26","1.18","1.74","2.09"
"67426","05-04-25 14:15","Russia","Premier League","2024/2025","Fakel Voronezh","Akhmat Grozny","3.92","3.27","2.13","1.12","6.84","1.53","2.59","2.51","1.56","4.86","1.20","12.40","1.03","2.08","1.75"
"67427","05-04-25 12:00","Russia","Premier League","2024/2025","Krylya Sovetov","Rubin Kazan","2.09","3.28","4.04","1.09","7.99","1.41","3.04","2.14","1.79","3.88","1.28","8.32","1.08","1.88","1.93"
"67428","04-04-25 18:00","Russia","Premier League","2024/2025","Pari NN","Orenburg","2.26","3.36","3.46","1.05","11.90","1.26","4.07","1.87","2.04","2.92","1.43","5.55","1.16","1.62","2.30"
"67429","31-03-25 17:30","Russia","Premier League","2024/2025","Akron Togliatti","FK Rostov","3.34","3.63","2.19","1.01","11.90","1.21","3.92","1.81","2.12","2.81","1.38","5.26","1.10","1.59","2.36"
"67430","30-03-25 18:30","Russia","Premier League","2024/2025","Zenit","Rubin Kazan","1.30","5.68","11.40","1.04","12.50","1.25","4.20","1.79","2.14","2.78","1.46","5.06","1.18","2.34","1.60"
"67431","30-03-25 15:30","Russia","Premier League","2024/2025","Akhmat Grozny","Spartak Moscow","4.36","3.54","1.93","1.07","9.30","1.34","3.41","2.05","1.86","3.38","1.34","6.43","1.13","1.86","1.94"
"67432","30-03-25 13:00","Russia","Premier League","2024/2025","Krasnodar","Fakel Voronezh","1.53","4.07","7.74","1.08","9.03","1.37","3.24","2.14","1.79","3.62","1.31","7.10","1.11","2.25","1.65"
"67433","29-03-25 17:30","Russia","Premier League","2024/2025","CSKA Moscow","Dynamo Makhachkala","1.67","3.62","6.41","1.11","7.11","1.46","2.83","2.30","1.65","4.79","1.20","10.90","1.04","2.26","1.64"
"67434","29-03-25 14:30","Russia","Premier League","2024/2025","Khimki","Pari NN","2.66","3.32","2.83","1.06","9.65","1.34","3.43","2.12","1.81","3.51","1.32","7.59","1.10","1.81","2.01"
"67435","29-03-25 12:00","Russia","Premier League","2024/2025","Dynamo Moscow","Orenburg","1.45","5.04","7.03","1.01","16.00","1.17","5.47","1.46","2.82","2.12","1.81","3.27","1.36","1.60","2.34"
"67436","28-03-25 16:30","Russia","Premier League","2024/2025","Krylya Sovetov","Lokomotiv Moscow","4.22","3.61","1.94","1.06","10.20","1.25","4.12","1.83","2.09","2.98","1.42","5.71","1.15","1.71","2.14"
"67437","16-03-25 17:45","Russia","Premier League","2024/2025","Spartak Moscow","Zenit","2.92","2.99","2.83","1.06","7.04","1.43","2.93","2.30","1.65","4.29","1.24","9.77","1.05","1.93","1.87"
"67438","16-03-25 15:00","Russia","Premier League","2024/2025","FK Rostov","Krasnodar","2.44","3.48","3.00","1.06","10.70","1.28","3.83","1.95","1.95","3.13","1.38","6.32","1.13","1.72","2.13"
"67439","16-03-25 13:15","Russia","Premier League","2024/2025","Rubin Kazan","Pari NN","2.51","3.10","3.23","1.11","7.11","1.46","2.82","2.30","1.65","4.71","1.21","10.40","1.05","1.97","1.83"
"67440","16-03-25 11:00","Russia","Premier League","2024/2025","Akron Togliatti","CSKA Moscow","4.52","3.48","1.93","1.06","7.90","1.28","3.89","1.87","2.04","3.05","1.40","5.50","1.08","1.74","2.04"
"67441","15-03-25 17:30","Russia","Premier League","2024/2025","Lokomotiv Moscow","Dynamo Moscow","2.30","3.44","3.29","1.05","11.00","1.23","4.34","1.62","2.37","2.37","1.62","4.26","1.24","1.51","2.57"
"67442","15-03-25 15:00","Russia","Premier League","2024/2025","Dynamo Makhachkala","Krylya Sovetov","2.41","3.16","3.36","1.12","6.78","1.47","2.76","2.34","1.63","4.71","1.21","11.10","1.04","2.00","1.81"
"67443","15-03-25 12:30","Russia","Premier League","2024/2025","Khimki","Akhmat Grozny","3.12","3.52","2.34","1.06","10.70","1.29","3.79","1.96","1.94","3.13","1.38","6.36","1.13","1.69","2.18"
"67444","15-03-25 10:00","Russia","Premier League","2024/2025","Orenburg","Fakel Voronezh","2.34","3.27","3.35","1.11","7.10","1.49","2.73","2.37","1.62","4.83","1.20","10.40","1.05","1.95","1.85"
"67445","09-03-25 17:30","Russia","Premier League","2024/2025","Rubin Kazan","Spartak Moscow","5.38","3.72","1.74","1.07","9.30","1.34","3.37","2.06","1.86","3.45","1.33","6.81","1.12","1.96","1.85"
"67446","09-03-25 14:30","Russia","Premier League","2024/2025","Krylya Sovetov","Akron Togliatti","2.27","3.18","3.63","1.08","8.84","1.34","3.40","2.12","1.81","3.51","1.32","7.10","1.11","1.83","1.98"
"67447","08-03-25 17:30","Russia","Premier League","2024/2025","Dynamo Moscow","Dynamo Makhachkala","1.74","3.62","5.56","1.06","10.70","1.31","3.62","2.01","1.90","3.27","1.36","6.06","1.14","1.93","1.87"
"67448","08-03-25 15:00","Russia","Premier League","2024/2025","CSKA Moscow","Khimki","1.69","4.01","5.33","1.05","11.00","1.27","3.92","1.92","1.98","3.02","1.41","5.55","1.16","1.85","1.95"
"67449","08-03-25 12:30","Russia","Premier League","2024/2025","Fakel Voronezh","Zenit","8.88","4.42","1.45","1.07","9.30","1.38","3.18","2.10","1.82","3.77","1.29","7.29","1.10","2.31","1.62"
"67450","08-03-25 10:00","Russia","Premier League","2024/2025","Orenburg","FK Rostov","3.92","4.01","1.90","1.02","15.80","1.20","4.86","1.64","2.33","2.48","1.57","4.64","1.21","1.57","2.40"
"67451","07-03-25 18:15","Russia","Premier League","2024/2025","Lokomotiv Moscow","Akhmat Grozny","1.73","4.12","4.76","1.04","12.60","1.23","4.42","1.69","2.31","2.65","1.50","4.63","1.21","1.65","2.24"
"67452","07-03-25 16:00","Russia","Premier League","2024/2025","Pari NN","Krasnodar","5.56","3.12","1.89","1.09","8.16","1.41","3.02","2.18","1.77","3.77","1.29","7.59","1.10","1.90","1.90"
"67453","02-03-25 17:30","Russia","Premier League","2024/2025","FK Rostov","Dynamo Moscow","2.80","3.79","2.54","1.02","13.50","1.14","4.45","1.65","2.45","2.42","1.58","4.05","1.20","1.47","2.60"
"67454","02-03-25 14:30","Russia","Premier League","2024/2025","Spartak Moscow","Orenburg","1.33","5.71","10.00","1.01","21.00","1.15","5.76","1.45","2.84","2.14","1.79","3.40","1.34","1.81","2.01"
"67455","02-03-25 12:00","Russia","Premier League","2024/2025","Khimki","Fakel Voronezh","2.32","3.17","3.53","1.11","7.10","1.50","2.68","2.35","1.62","4.34","1.23","10.40","1.05","2.06","1.76"
"67456","01-03-25 17:30","Russia","Premier League","2024/2025","Krasnodar","Krylya Sovetov","1.48","4.66","7.11","1.05","12.00","1.26","4.11","1.83","2.09","2.88","1.44","5.26","1.18","1.90","1.90"
"67457","01-03-25 17:00","Russia","Premier League","2024/2025","Akhmat Grozny","Rubin Kazan","2.38","3.13","3.44","1.11","7.10","1.51","2.63","2.37","1.62","4.50","1.22","10.60","1.05","1.97","1.84"
"67458","01-03-25 14:30","Russia","Premier League","2024/2025","Zenit","CSKA Moscow","1.92","3.44","4.59","1.10","7.77","1.45","2.84","2.29","1.70","3.89","1.28","7.99","1.09","1.93","1.87"
"67459","01-03-25 12:00","Russia","Premier League","2024/2025","Pari NN","Akron Togliatti","2.58","3.38","2.88","1.06","9.65","1.32","3.51","2.09","1.83","3.43","1.34","7.10","1.11","1.74","2.09"
"67460","28-02-25 17:00","Russia","Premier League","2024/2025","Dynamo Makhachkala","Lokomotiv Moscow","3.73","3.18","2.23","1.11","7.04","1.48","2.73","2.29","1.66","4.42","1.23","10.60","1.05","1.98","1.83"
"67461","08-12-24 17:30","Russia","Premier League","2024/2025","Krasnodar","Lokomotiv Moscow","1.84","4.04","4.19","1.03","14.70","1.18","5.09","1.58","2.46","2.33","1.64","4.36","1.23","1.54","2.48"
"67462","08-12-24 17:00","Russia","Premier League","2024/2025","Akhmat Grozny","Orenburg","1.78","3.82","4.79","1.06","10.70","1.26","4.03","1.86","2.05","2.98","1.42","5.47","1.17","1.75","2.08"
"67463","08-12-24 14:30","Russia","Premier League","2024/2025","Fakel Voronezh","CSKA Moscow","4.69","3.07","2.03","1.13","6.31","1.55","2.53","2.59","1.53","5.71","1.15","13.80","1.02","2.30","1.62"
"67464","08-12-24 12:00","Russia","Premier League","2024/2025","Dynamo Moscow","Khimki","1.44","5.44","6.55","1.01","26.00","1.11","7.07","1.33","3.46","1.79","2.14","2.75","1.48","1.50","2.59"
"67465","07-12-24 17:00","Russia","Premier League","2024/2025","Dynamo Makhachkala","Rubin Kazan","2.98","2.83","2.93","1.18","5.14","1.74","2.21","2.98","1.42","6.14","1.14","17.00","1.01","2.39","1.58"
"67466","07-12-24 14:30","Russia","Premier League","2024/2025","FK Rostov","Krylya Sovetov","1.69","4.07","5.20","1.04","12.50","1.22","4.55","1.73","2.25","2.66","1.50","4.55","1.22","1.68","2.20"
"67467","07-12-24 14:30","Russia","Premier League","2024/2025","Zenit","Akron Togliatti","1.16","9.07","17.10","1.01","27.00","1.11","7.10","1.35","3.34","1.83","2.09","2.78","1.46","1.93","1.88"
"67468","07-12-24 12:00","Russia","Premier League","2024/2025","Spartak Moscow","Pari NN","1.20","7.25","17.10","1.02","16.00","1.19","4.95","1.62","2.37","2.43","1.59","4.24","1.24","2.30","1.62"
"67469","02-12-24 17:00","Russia","Premier League","2024/2025","Akhmat Grozny","Dynamo Moscow","3.34","3.97","2.09","1.03","14.70","1.16","5.60","1.51","2.63","2.17","1.72","3.82","1.28","1.47","2.69"
"67470","01-12-24 17:30","Russia","Premier League","2024/2025","Krasnodar","Spartak Moscow","2.30","3.44","3.29","1.06","10.10","1.30","3.67","2.00","1.90","3.29","1.36","6.80","1.12","1.72","2.12"
"67471","01-12-24 17:00","Russia","Premier League","2024/2025","Dynamo Makhachkala","Fakel Voronezh","2.26","2.92","4.07","1.20","4.86","1.81","2.12","3.08","1.39","6.36","1.13","17.00","1.01","2.49","1.54"
"67472","01-12-24 14:30","Russia","Premier League","2024/2025","Zenit","Krylya Sovetov","1.26","6.55","11.50","1.03","14.70","1.20","4.77","1.61","2.38","2.48","1.57","4.36","1.23","2.02","1.80"
"67473","01-12-24 12:00","Russia","Premier League","2024/2025","Lokomotiv Moscow","Khimki","1.59","4.52","5.52","1.02","15.80","1.18","5.06","1.57","2.48","2.32","1.64","3.79","1.29","1.63","2.29"
"67474","30-11-24 17:00","Russia","Premier League","2024/2025","FK Rostov","Pari NN","1.52","4.36","6.99","1.06","9.65","1.34","3.38","1.99","1.91","3.27","1.36","6.06","1.14","2.08","1.75"
"67475","30-11-24 14:30","Russia","Premier League","2024/2025","CSKA Moscow","Rubin Kazan","1.82","3.58","4.95","1.09","7.95","1.43","2.95","2.16","1.78","3.82","1.28","7.81","1.10","2.04","1.78"
"67476","30-11-24 12:00","Russia","Premier League","2024/2025","Akron Togliatti","Orenburg","2.22","3.53","3.38","1.04","12.50","1.25","4.14","1.82","2.10","2.86","1.45","5.74","1.15","1.66","2.22"
"67477","24-11-24 17:00","Russia","Premier League","2024/2025","Pari NN","Dynamo Makhachkala","3.41","2.96","2.50","1.14","6.12","1.58","2.46","2.66","1.50","5.31","1.17","14.00","1.02","2.30","1.62"
"67478","24-11-24 14:30","Russia","Premier League","2024/2025","Fakel Voronezh","Dynamo Moscow","4.13","3.59","1.96","1.05","11.00","1.28","3.83","1.94","1.96","3.08","1.39","6.06","1.14","1.74","2.09"
"67479","24-11-24 12:00","Russia","Premier League","2024/2025","Krylya Sovetov","Akhmat Grozny","2.30","3.37","3.34","1.10","7.59","1.44","2.89","2.24","1.73","4.50","1.22","8.68","1.07","1.90","1.90"
"67480","23-11-24 16:00","Russia","Premier League","2024/2025","Spartak Moscow","Lokomotiv Moscow","2.17","3.73","3.32","1.05","11.90","1.25","4.20","1.83","2.09","2.84","1.45","5.47","1.17","1.66","2.22"
"67481","23-11-24 14:30","Russia","Premier League","2024/2025","Khimki","Krasnodar","4.76","4.14","1.73","1.05","11.50","1.22","4.55","1.64","2.32","2.51","1.55","4.36","1.23","1.70","2.16"
"67482","23-11-24 12:15","Russia","Premier League","2024/2025","CSKA Moscow","FK Rostov","1.88","3.60","4.56","1.06","10.10","1.31","3.59","1.95","1.95","3.20","1.37","6.40","1.13","1.83","1.98"
"67483","23-11-24 10:00","Russia","Premier League","2024/2025","Orenburg","Zenit","7.71","4.96","1.43","1.02","16.60","1.17","5.39","1.54","2.54","2.27","1.66","4.06","1.26","1.74","2.09"
"67484","22-11-24 17:00","Russia","Premier League","2024/2025","Rubin Kazan","Akron Togliatti","1.88","3.52","4.68","1.06","9.65","1.32","3.54","1.99","1.91","3.24","1.37","6.36","1.13","1.76","2.06"
"67485","10-11-24 17:45","Russia","Premier League","2024/2025","Rubin Kazan","Krasnodar","4.62","3.62","1.86","1.07","9.25","1.34","3.39","2.06","1.85","3.43","1.34","6.80","1.12","1.89","1.92"
"67486","10-11-24 15:30","Russia","Premier League","2024/2025","Akhmat Grozny","Zenit","7.35","4.49","1.49","1.05","11.20","1.28","3.83","1.86","2.04","3.06","1.40","5.51","1.16","1.91","1.89"
"67487","10-11-24 13:15","Russia","Premier League","2024/2025","Spartak Moscow","Akron Togliatti","1.43","5.03","7.55","1.03","13.60","1.21","4.75","1.65","2.30","2.53","1.55","4.34","1.23","1.81","2.01"
"67488","10-11-24 11:00","Russia","Premier League","2024/2025","Krylya Sovetov","CSKA Moscow","3.93","3.37","2.09","1.09","7.95","1.42","2.98","2.16","1.73","4.02","1.26","8.60","1.07","1.90","1.90"
"67489","09-11-24 17:30","Russia","Premier League","2024/2025","Dynamo Moscow","Pari NN","1.34","5.93","8.59","1.01","19.50","1.18","5.06","1.51","2.63","2.20","1.70","3.73","1.29","1.76","2.06"
"67490","09-11-24 17:00","Russia","Premier League","2024/2025","FK Rostov","Khimki","1.84","3.87","4.37","1.05","11.90","1.25","4.20","1.79","2.14","2.89","1.44","5.26","1.18","1.68","2.19"
"67491","09-11-24 14:30","Russia","Premier League","2024/2025","Dynamo Makhachkala","Orenburg","2.41","3.08","3.45","1.11","7.10","1.46","2.78","2.32","1.64","4.64","1.21","9.22","1.06","1.90","1.90"
"67492","09-11-24 12:00","Russia","Premier League","2024/2025","Lokomotiv Moscow","Fakel Voronezh","1.36","5.13","10.10","1.04","12.50","1.26","3.97","1.80","2.13","2.86","1.45","5.23","1.18","2.14","1.71"
"67493","03-11-24 17:45","Russia","Premier League","2024/2025","Krasnodar","Orenburg","1.34","5.60","9.32","1.02","16.00","1.19","5.03","1.54","2.54","2.27","1.66","3.92","1.27","1.83","1.98"
"67494","03-11-24 15:30","Russia","Premier League","2024/2025","Fakel Voronezh","Khimki","2.86","2.96","2.91","1.11","7.16","1.49","2.73","2.46","1.58","4.83","1.20","10.80","1.04","2.03","1.79"
"67495","03-11-24 13:15","Russia","Premier League","2024/2025","Akhmat Grozny","Pari NN","1.74","3.78","5.22","1.09","8.46","1.40","3.06","2.25","1.73","3.75","1.29","7.44","1.10","1.90","1.90"
"67496","03-11-24 11:00","Russia","Premier League","2024/2025","Akron Togliatti","Krylya Sovetov","3.74","3.46","2.11","1.05","12.00","1.25","4.20","1.82","2.10","3.02","1.41","5.26","1.18","1.65","2.25"
"67497","02-11-24 18:45","Russia","Premier League","2024/2025","CSKA Moscow","Spartak Moscow","2.33","3.23","3.43","1.10","7.49","1.44","2.88","2.27","1.66","4.62","1.21","9.31","1.06","1.90","1.90"
"67498","02-11-24 16:00","Russia","Premier League","2024/2025","Lokomotiv Moscow","Rubin Kazan","1.70","4.04","5.17","1.05","11.90","1.26","4.07","1.85","2.07","2.89","1.44","5.14","1.18","1.78","2.04"
"67499","02-11-24 16:00","Russia","Premier League","2024/2025","Zenit","Dynamo Makhachkala","1.25","5.99","16.00","1.05","11.90","1.32","3.51","1.96","1.94","3.13","1.38","5.76","1.15","2.89","1.42"
"67500","01-11-24 17:00","Russia","Premier League","2024/2025","Dynamo Moscow","FK Rostov","1.69","4.46","4.65","1.01","19.00","1.14","6.00","1.49","2.73","2.14","1.79","3.38","1.34","1.46","2.74"
"67501","28-10-24 16:30","Russia","Premier League","2024/2025","Krylya Sovetov","Krasnodar","4.90","3.83","1.77","1.05","11.20","1.26","4.07","1.82","2.11","2.89","1.44","5.31","1.17","1.78","2.03"
"67502","27-10-24 17:30","Russia","Premier League","2024/2025","Zenit","Lokomotiv Moscow","1.62","4.28","5.58","1.04","12.50","1.19","4.95","1.62","2.37","2.43","1.59","4.20","1.25","1.68","2.20"
"67503","27-10-24 14:30","Russia","Premier League","2024/2025","Khimki","Dynamo Moscow","4.16","4.11","1.83","1.03","14.00","1.19","4.95","1.59","2.43","2.37","1.62","4.07","1.26","1.58","2.39"
"67504","27-10-24 12:15","Russia","Premier League","2024/2025","Pari NN","Spartak Moscow","6.26","4.03","1.61","1.06","10.70","1.29","3.79","1.94","1.96","3.13","1.38","5.76","1.15","1.88","1.92"
"67505","27-10-24 10:00","Russia","Premier League","2024/2025","Orenburg","Rubin Kazan","2.14","3.60","3.48","1.05","11.50","1.25","4.14","1.83","2.09","3.06","1.40","5.74","1.15","1.72","2.12"
"67506","26-10-24 18:00","Russia","Premier League","2024/2025","FK Rostov","Akhmat Grozny","1.78","3.86","4.80","1.06","10.00","1.31","3.58","1.96","1.94","3.20","1.37","6.00","1.14","1.81","2.01"
"67507","26-10-24 15:30","Russia","Premier League","2024/2025","CSKA Moscow","Fakel Voronezh","1.32","5.26","11.90","1.06","10.70","1.36","3.27","2.04","1.87","3.24","1.37","6.32","1.13","2.72","1.46"
"67508","26-10-24 13:00","Russia","Premier League","2024/2025","Dynamo Makhachkala","Akron Togliatti","2.16","3.33","3.75","1.10","7.44","1.45","2.85","2.27","1.66","4.55","1.22","10.80","1.04","2.03","1.78"
"67509","20-10-24 18:00","Russia","Premier League","2024/2025","Rubin Kazan","Dynamo Moscow","4.91","3.92","1.67","1.04","10.20","1.22","4.28","1.73","2.16","2.64","1.48","4.49","1.20","1.77","2.03"
"67510","20-10-24 15:30","Russia","Premier League","2024/2025","Orenburg","Krylya Sovetov","2.51","3.71","2.76","1.03","13.40","1.22","4.55","1.72","2.17","2.65","1.51","4.98","1.19","1.60","2.34"
"67511","19-10-24 18:00","Russia","Premier League","2024/2025","Dynamo Makhachkala","CSKA Moscow","5.40","3.51","1.78","1.11","7.00","1.46","2.78","2.30","1.65","4.55","1.22","10.90","1.04","2.20","1.68"
"67512","19-10-24 15:30","Russia","Premier League","2024/2025","Khimki","Lokomotiv Moscow","4.77","4.30","1.70","1.03","13.60","1.21","4.64","1.59","2.42","2.37","1.62","4.07","1.26","1.63","2.29"
"67513","19-10-24 15:30","Russia","Premier League","2024/2025","Spartak Moscow","Krasnodar","2.63","3.37","2.83","1.06","10.70","1.28","3.83","1.95","1.95","3.08","1.39","6.06","1.14","1.68","2.20"
"67514","19-10-24 13:00","Russia","Premier League","2024/2025","Pari NN","FK Rostov","4.38","3.87","1.84","1.05","11.20","1.28","3.87","1.86","2.04","3.00","1.41","5.74","1.15","1.79","2.03"
"67515","18-10-24 19:15","Russia","Premier League","2024/2025","Akhmat Grozny","Fakel Voronezh","1.86","3.51","4.82","1.10","7.44","1.48","2.75","2.31","1.64","4.55","1.22","10.90","1.04","2.20","1.68"
"67516","18-10-24 17:00","Russia","Premier League","2024/2025","Akron Togliatti","Zenit","8.74","5.06","1.39","1.03","13.40","1.21","4.66","1.68","2.25","2.59","1.53","4.40","1.23","1.97","1.84"
"67517","06-10-24 18:00","Russia","Premier League","2024/2025","Dynamo Moscow","CSKA Moscow","2.45","3.56","2.93","1.05","12.00","1.22","4.56","1.76","2.19","2.68","1.50","5.06","1.18","1.57","2.42"
"67518","06-10-24 18:00","Russia","Premier League","2024/2025","Krasnodar","Khimki","1.38","5.42","8.03","1.02","15.80","1.20","4.86","1.58","2.45","2.37","1.62","4.07","1.26","1.83","1.98"
"67519","06-10-24 15:30","Russia","Premier League","2024/2025","Lokomotiv Moscow","Krylya Sovetov","1.55","4.54","6.06","1.03","13.60","1.22","4.56","1.70","2.22","2.63","1.51","4.64","1.21","1.73","2.11"
"67520","06-10-24 13:00","Russia","Premier League","2024/2025","Fakel Voronezh","Dynamo Makhachkala","3.02","2.72","3.02","1.20","4.86","1.83","2.09","3.08","1.39","6.36","1.13","17.00","1.01","2.49","1.54"
"67521","05-10-24 18:00","Russia","Premier League","2024/2025","Rubin Kazan","Akhmat Grozny","2.31","3.32","3.37","1.06","9.65","1.34","3.43","2.10","1.82","3.43","1.34","7.10","1.11","1.79","2.03"
"67522","05-10-24 18:00","Russia","Premier League","2024/2025","Spartak Moscow","FK Rostov","1.86","3.73","4.43","1.04","12.50","1.23","4.40","1.73","2.25","2.72","1.49","5.04","1.18","1.65","2.24"
"67523","05-10-24 15:30","Russia","Premier League","2024/2025","Zenit","Orenburg","1.21","7.05","16.70","1.01","22.00","1.14","6.00","1.44","2.89","2.11","1.82","3.31","1.35","1.95","1.86"
"67524","05-10-24 13:00","Russia","Premier League","2024/2025","Akron Togliatti","Pari NN","1.84","3.87","4.38","1.05","11.00","1.29","3.73","1.94","1.97","3.08","1.39","6.00","1.14","1.76","2.06"
"67525","29-09-24 18:00","Russia","Premier League","2024/2025","Dynamo Makhachkala","Dynamo Moscow","4.88","3.77","1.78","1.06","10.70","1.30","3.70","1.95","1.95","3.13","1.38","6.00","1.14","1.74","2.09"
"67526","29-09-24 15:30","Russia","Premier League","2024/2025","Krylya Sovetov","Khimki","1.96","3.77","3.92","1.06","10.70","1.27","3.92","1.89","2.02","3.20","1.37","6.00","1.14","1.74","2.10"
"67527","28-09-24 19:00","Russia","Premier League","2024/2025","FK Rostov","Akron Togliatti","1.53","4.62","6.23","1.03","13.60","1.22","4.56","1.66","2.27","2.53","1.55","4.50","1.22","1.83","1.98"
"67528","28-09-24 18:30","Russia","Premier League","2024/2025","Krasnodar","Zenit","3.45","3.23","2.33","1.10","7.49","1.38","3.13","2.19","1.76","4.06","1.26","8.34","1.07","1.80","2.01"
"67529","28-09-24 15:30","Russia","Premier League","2024/2025","Lokomotiv Moscow","Spartak Moscow","2.81","3.50","2.57","1.04","12.50","1.19","4.89","1.65","2.30","2.46","1.58","4.66","1.21","1.54","2.48"
"67530","28-09-24 13:00","Russia","Premier League","2024/2025","CSKA Moscow","Akhmat Grozny","1.53","4.37","6.87","1.05","12.00","1.25","4.20","1.81","2.12","2.82","1.46","5.14","1.18","1.93","1.87"
"67531","27-09-24 18:00","Russia","Premier League","2024/2025","Fakel Voronezh","Rubin Kazan","3.35","2.98","2.52","1.13","6.34","1.55","2.51","2.66","1.50","5.88","1.15","12.30","1.03","2.10","1.74"
"67532","27-09-24 15:30","Russia","Premier League","2024/2025","Orenburg","Pari NN","1.60","4.33","5.75","1.03","14.20","1.21","4.72","1.65","2.30","2.51","1.55","4.55","1.22","1.70","2.14"
"67533","23-09-24 17:30","Russia","Premier League","2024/2025","Akhmat Grozny","Krylya Sovetov","2.41","3.59","2.97","1.05","12.00","1.26","4.11","1.84","2.08","2.88","1.44","5.35","1.17","1.62","2.30"
"67534","22-09-24 18:00","Russia","Premier League","2024/2025","Pari NN","Lokomotiv Moscow","7.77","4.80","1.44","1.03","14.70","1.19","4.98","1.58","2.46","2.37","1.62","4.02","1.26","1.89","1.92"
"67535","22-09-24 15:30","Russia","Premier League","2024/2025","FK Rostov","Dynamo Makhachkala","1.53","4.33","6.84","1.06","9.65","1.34","3.43","2.01","1.90","3.27","1.36","6.00","1.14","2.22","1.66"
"67536","22-09-24 15:30","Russia","Premier League","2024/2025","Spartak Moscow","Dynamo Moscow","2.02","3.72","3.76","1.05","11.00","1.22","4.56","1.60","2.40","2.37","1.62","4.20","1.25","1.55","2.45"
"67537","22-09-24 13:15","Russia","Premier League","2024/2025","Khimki","Orenburg","2.25","3.93","3.02","1.02","15.80","1.18","5.06","1.62","2.35","2.43","1.59","4.50","1.22","1.53","2.53"
"67538","21-09-24 18:00","Russia","Premier League","2024/2025","Rubin Kazan","CSKA Moscow","3.57","3.53","2.22","1.02","7.40","1.33","2.88","2.22","1.77","3.68","1.21","6.75","1.03","1.89","1.87"
"67539","21-09-24 15:30","Russia","Premier League","2024/2025","Zenit","Fakel Voronezh","1.19","7.46","17.60","1.04","12.50","1.26","3.99","1.79","2.14","2.75","1.48","4.75","1.21","2.98","1.39"
"67540","21-09-24 13:00","Russia","Premier League","2024/2025","Akron Togliatti","Krasnodar","5.51","4.06","1.66","1.05","11.90","1.26","4.11","1.87","2.04","2.95","1.43","5.26","1.18","1.83","1.98"
"67541","15-09-24 18:00","Russia","Premier League","2024/2025","Dynamo Makhachkala","Spartak Moscow","6.07","3.78","1.66","1.09","8.16","1.42","2.98","2.23","1.74","4.24","1.24","9.37","1.06","2.16","1.70"
"67542","15-09-24 15:30","Russia","Premier League","2024/2025","Akron Togliatti","Khimki","2.82","3.58","2.52","1.05","11.00","1.27","3.95","1.90","2.01","2.98","1.42","5.76","1.15","1.71","2.13"
"67543","15-09-24 13:15","Russia","Premier League","2024/2025","Dynamo Moscow","Akhmat Grozny","1.57","4.53","5.84","1.02","16.00","1.18","5.26","1.56","2.51","2.30","1.65","3.99","1.26","1.69","2.18"
"67544","14-09-24 18:00","Russia","Premier League","2024/2025","Krasnodar","FK Rostov","2.01","3.52","4.02","1.08","8.84","1.37","3.24","2.14","1.79","3.58","1.31","7.10","1.11","1.88","1.93"
"67545","14-09-24 15:30","Russia","Premier League","2024/2025","CSKA Moscow","Zenit","3.19","3.38","2.37","1.06","10.10","1.32","3.54","2.06","1.86","3.39","1.34","7.26","1.10","1.80","2.02"
"67546","14-09-24 13:15","Russia","Premier League","2024/2025","Fakel Voronezh","Pari NN","1.99","3.17","4.72","1.14","6.00","1.62","2.37","2.75","1.48","5.84","1.15","","","2.44","1.56"
"67547","14-09-24 11:00","Russia","Premier League","2024/2025","Orenburg","Lokomotiv Moscow","3.60","4.07","1.97","1.03","14.00","1.18","5.14","1.50","2.68","2.17","1.77","3.62","1.31","1.46","2.70"
"67548","13-09-24 19:15","Russia","Premier League","2024/2025","Rubin Kazan","Krylya Sovetov","2.07","3.58","3.73","1.05","11.20","1.28","3.83","1.90","2.00","3.06","1.40","6.05","1.14","1.78","2.04"
"67549","01-09-24 19:00","Russia","Premier League","2024/2025","FK Rostov","Fakel Voronezh","1.43","4.72","8.24","1.06","9.65","1.32","3.51","1.94","1.96","3.20","1.37","5.76","1.15","2.25","1.65"
"67550","01-09-24 18:45","Russia","Premier League","2024/2025","Lokomotiv Moscow","Krasnodar","2.33","3.53","3.14","1.05","12.00","1.23","4.34","1.79","2.14","2.75","1.48","5.06","1.18","1.65","2.25"
"67551","01-09-24 16:30","Russia","Premier League","2024/2025","Krylya Sovetov","Dynamo Makhachkala","1.73","3.72","5.43","1.11","7.16","1.46","2.78","2.30","1.65","4.50","1.22","10.20","1.05","2.25","1.65"
"67552","01-09-24 14:00","Russia","Premier League","2024/2025","Orenburg","Dynamo Moscow","3.75","4.22","1.90","1.02","15.80","1.17","5.35","1.49","2.73","2.14","1.79","3.58","1.31","1.49","2.63"
"67553","31-08-24 19:00","Russia","Premier League","2024/2025","Akhmat Grozny","Akron Togliatti","1.94","3.69","4.08","1.06","10.70","1.31","3.58","2.01","1.90","3.24","1.37","6.45","1.13","1.85","1.95"
"67554","31-08-24 18:45","Russia","Premier League","2024/2025","Spartak Moscow","Rubin Kazan","1.53","4.53","6.41","1.03","13.60","1.21","4.64","1.68","2.26","2.57","1.53","4.56","1.22","1.80","2.02"
"67555","31-08-24 16:30","Russia","Premier League","2024/2025","Pari NN","Zenit","11.50","5.33","1.32","1.05","11.90","1.28","3.83","1.87","2.04","2.98","1.42","5.47","1.17","2.38","1.58"
"67556","31-08-24 14:00","Russia","Premier League","2024/2025","Khimki","CSKA Moscow","4.80","3.93","1.76","1.05","11.90","1.26","4.11","1.84","2.08","2.88","1.44","5.14","1.18","1.80","2.02"
"67557","25-08-24 19:00","Russia","Premier League","2024/2025","Lokomotiv Moscow","FK Rostov","2.06","3.78","3.56","1.05","12.00","1.22","4.56","1.62","2.35","2.43","1.59","4.34","1.23","1.58","2.39"
"67558","25-08-24 16:30","Russia","Premier League","2024/2025","Dynamo Moscow","Krasnodar","2.27","3.82","3.04","1.03","15.10","1.19","4.92","1.64","2.31","2.48","1.57","4.77","1.20","1.56","2.43"
"67559","25-08-24 14:00","Russia","Premier League","2024/2025","Krylya Sovetov","Pari NN","1.74","3.88","5.05","1.06","10.70","1.29","3.73","1.96","1.94","3.20","1.37","6.00","1.14","1.90","1.90"
"67560","24-08-24 19:00","Russia","Premier League","2024/2025","Akhmat Grozny","Khimki","2.21","3.56","3.38","1.06","10.70","1.28","3.83","1.96","1.94","3.13","1.38","6.32","1.13","1.77","2.06"
"67561","24-08-24 16:30","Russia","Premier League","2024/2025","Fakel Voronezh","Orenburg","2.82","3.42","2.61","1.06","9.65","1.32","3.51","2.10","1.82","3.43","1.34","7.16","1.11","1.84","1.97"
"67562","24-08-24 16:30","Russia","Premier League","2024/2025","Zenit","Spartak Moscow","1.89","3.74","4.28","1.05","11.20","1.25","4.18","1.82","2.11","3.00","1.41","5.59","1.16","1.69","2.18"
"67563","24-08-24 14:00","Russia","Premier League","2024/2025","CSKA Moscow","Akron Togliatti","1.38","5.27","8.46","1.03","13.60","1.23","4.34","1.70","2.22","2.63","1.51","4.64","1.21","2.03","1.78"
"67564","23-08-24 19:00","Russia","Premier League","2024/2025","Rubin Kazan","Dynamo Makhachkala","1.97","3.41","4.36","1.10","7.59","1.43","2.92","2.26","1.68","4.20","1.25","8.16","1.09","2.05","1.78"
"67565","19-08-24 19:00","Russia","Premier League","2024/2025","Dynamo Makhachkala","Akhmat Grozny","3.25","2.95","2.60","1.14","6.00","1.56","2.51","2.57","1.53","4.95","1.19","12.80","1.03","2.01","1.80"
"67566","19-08-24 16:30","Russia","Premier League","2024/2025","Akron Togliatti","Rubin Kazan","3.37","3.35","2.30","1.05","11.20","1.30","3.71","1.98","1.92","3.23","1.37","6.46","1.13","1.76","2.07"
"67567","18-08-24 19:00","Russia","Premier League","2024/2025","Krasnodar","Pari NN","1.36","4.97","10.40","1.06","10.70","1.30","3.70","1.96","1.94","3.20","1.37","5.76","1.15","2.43","1.56"
"67568","18-08-24 16:30","Russia","Premier League","2024/2025","CSKA Moscow","Lokomotiv Moscow","2.17","3.71","3.33","1.03","13.60","1.22","4.56","1.71","2.18","2.63","1.51","4.86","1.20","1.63","2.29"
"67569","18-08-24 16:30","Russia","Premier League","2024/2025","Spartak Moscow","Fakel Voronezh","1.30","5.52","12.00","1.05","12.00","1.29","3.73","1.86","2.05","2.82","1.46","5.14","1.18","2.54","1.52"
"67570","18-08-24 14:00","Russia","Premier League","2024/2025","Khimki","Zenit","9.08","5.28","1.37","1.05","12.00","1.23","4.34","1.70","2.22","2.63","1.51","4.75","1.21","1.94","1.86"
"67571","17-08-24 18:30","Russia","Premier League","2024/2025","FK Rostov","Orenburg","1.66","4.26","5.13","1.05","12.00","1.21","4.64","1.65","2.30","2.48","1.57","4.64","1.21","1.65","2.24"
"67572","17-08-24 16:00","Russia","Premier League","2024/2025","Dynamo Moscow","Krylya Sovetov","1.56","4.78","5.57","1.02","16.00","1.18","5.26","1.50","2.66","2.21","1.74","3.65","1.30","1.61","2.33"
"67573","11-08-24 19:00","Russia","Premier League","2024/2025","Spartak Moscow","Akhmat Grozny","1.48","4.76","6.99","1.04","13.20","1.23","4.38","1.74","2.14","2.74","1.48","4.62","1.21","1.90","1.90"
"67574","11-08-24 16:30","Russia","Premier League","2024/2025","Krylya Sovetov","Fakel Voronezh","1.90","3.38","4.84","1.13","6.62","1.51","2.65","2.31","1.64","4.84","1.20","12.10","1.03","2.36","1.59"
"67575","10-08-24 19:00","Russia","Premier League","2024/2025","Krasnodar","CSKA Moscow","2.79","3.39","2.65","1.06","10.10","1.30","3.67","2.01","1.90","3.29","1.36","6.85","1.12","1.77","2.06"
"67576","10-08-24 16:30","Russia","Premier League","2024/2025","Orenburg","Akron Togliatti","1.78","4.11","4.41","1.05","11.90","1.23","4.34","1.71","2.19","2.63","1.51","4.83","1.20","1.74","2.10"
"67577","10-08-24 16:30","Russia","Premier League","2024/2025","Zenit","Dynamo Moscow","1.48","4.95","6.67","1.02","17.00","1.18","5.14","1.51","2.63","2.20","1.70","3.73","1.29","1.68","2.19"
"67578","10-08-24 14:00","Russia","Premier League","2024/2025","Lokomotiv Moscow","Dynamo Makhachkala","1.52","4.43","6.79","1.05","11.90","1.26","4.11","1.83","2.09","2.88","1.44","4.95","1.19","1.96","1.84"
"67579","09-08-24 19:45","Russia","Premier League","2024/2025","FK Rostov","Rubin Kazan","1.97","3.78","3.88","1.05","11.00","1.27","3.95","1.91","1.99","3.02","1.41","6.06","1.14","1.73","2.12"
"67580","09-08-24 17:30","Russia","Premier League","2024/2025","Pari NN","Khimki","2.88","3.44","2.54","1.06","9.65","1.32","3.51","2.10","1.82","3.43","1.34","7.10","1.11","1.77","2.05"
"67581","05-08-24 19:00","Russia","Premier League","2024/2025","Spartak Moscow","Krylya Sovetov","1.39","5.29","8.17","1.02","16.80","1.18","5.30","1.54","2.53","2.30","1.65","3.86","1.28","1.83","1.98"
"67582","04-08-24 19:30","Russia","Premier League","2024/2025","Akhmat Grozny","Lokomotiv Moscow","3.25","4.08","2.09","1.03","14.00","1.19","4.95","1.56","2.51","2.27","1.66","3.92","1.27","1.48","2.65"
"67583","04-08-24 19:30","Russia","Premier League","2024/2025","Dynamo Makhachkala","Pari NN","2.16","3.17","3.97","1.12","6.75","1.51","2.65","2.37","1.62","4.62","1.21","12.10","1.03","2.12","1.73"
"67584","04-08-24 16:30","Russia","Premier League","2024/2025","Fakel Voronezh","Krasnodar","7.96","4.53","1.46","1.06","10.10","1.30","3.71","1.93","1.97","3.20","1.37","5.80","1.15","2.19","1.68"
"67585","04-08-24 14:30","Russia","Premier League","2024/2025","CSKA Moscow","Orenburg","1.50","4.72","6.66","1.04","13.00","1.23","4.44","1.72","2.17","2.66","1.50","4.44","1.23","1.86","1.95"
"67586","03-08-24 19:00","Russia","Premier League","2024/2025","Rubin Kazan","Khimki","1.77","3.92","4.79","1.06","10.50","1.30","3.65","2.04","1.87","3.25","1.37","6.06","1.14","1.79","2.02"
"67587","03-08-24 16:30","Russia","Premier League","2024/2025","Zenit","FK Rostov","1.56","4.29","6.34","1.05","11.20","1.25","4.22","1.80","2.13","2.82","1.46","5.23","1.18","1.86","1.94"
"67588","03-08-24 14:00","Russia","Premier League","2024/2025","Akron Togliatti","Dynamo Moscow","4.25","4.05","1.82","1.02","16.60","1.18","5.30","1.57","2.48","2.31","1.64","4.44","1.23","1.58","2.40"
"67589","28-07-24 19:00","Russia","Premier League","2024/2025","Krasnodar","Dynamo Makhachkala","1.46","4.67","7.57","1.06","10.70","1.28","3.83","1.91","1.99","3.08","1.39","5.35","1.17","1.98","1.83"
"67590","28-07-24 16:30","Russia","Premier League","2024/2025","Orenburg","Akhmat Grozny","2.21","3.70","3.25","1.03","14.00","1.20","4.86","1.65","2.30","2.48","1.57","4.56","1.22","1.54","2.47"
"67591","28-07-24 14:00","Russia","Premier League","2024/2025","Khimki","Spartak Moscow","3.61","3.53","2.13","1.04","12.30","1.25","4.12","1.84","2.08","2.90","1.44","5.59","1.16","1.72","2.13"
"67592","27-07-24 19:00","Russia","Premier League","2024/2025","Fakel Voronezh","Akron Togliatti","2.10","3.33","3.95","1.10","7.32","1.50","2.65","2.35","1.63","4.69","1.21","11.70","1.03","2.12","1.73"
"67593","27-07-24 16:30","Russia","Premier League","2024/2025","Dynamo Moscow","Lokomotiv Moscow","2.09","3.97","3.33","1.02","16.30","1.19","4.90","1.56","2.50","2.25","1.68","3.88","1.28","1.51","2.56"
"67594","27-07-24 16:30","Russia","Premier League","2024/2025","Rubin Kazan","Zenit","4.87","3.83","1.77","1.05","11.40","1.25","4.16","1.82","2.10","2.86","1.45","5.31","1.17","1.77","2.06"
"67595","27-07-24 14:00","Russia","Premier League","2024/2025","Pari NN","CSKA Moscow","6.43","4.53","1.53","1.05","11.00","1.27","3.91","1.84","2.08","2.93","1.43","5.39","1.17","1.94","1.86"
"67596","26-07-24 17:00","Russia","Premier League","2024/2025","Krylya Sovetov","FK Rostov","3.08","3.49","2.38","1.05","11.90","1.26","4.03","1.89","2.02","2.98","1.42","5.71","1.15","1.67","2.21"
"67597","22-07-24 19:00","Russia","Premier League","2024/2025","Pari NN","Rubin Kazan","2.76","3.19","2.82","1.10","7.82","1.42","2.96","2.19","1.71","4.37","1.23","9.02","1.06","1.92","1.88"
"67598","21-07-24 19:00","Russia","Premier League","2024/2025","Akhmat Grozny","Krasnodar","2.59","3.67","2.69","1.05","11.90","1.25","4.16","1.84","2.08","2.84","1.45","5.26","1.18","1.64","2.26"
"67599","21-07-24 19:00","Russia","Premier League","2024/2025","Khimki","Dynamo Makhachkala","2.12","3.31","3.88","1.11","7.10","1.51","2.63","2.40","1.60","4.75","1.21","11.70","1.03","2.15","1.70"
"67600","21-07-24 16:30","Russia","Premier League","2024/2025","Orenburg","Spartak Moscow","3.45","3.75","2.11","1.05","12.00","1.23","4.34","1.79","2.14","2.75","1.48","5.14","1.18","1.68","2.19"
"67601","20-07-24 19:00","Russia","Premier League","2024/2025","Dynamo Moscow","Fakel Voronezh","1.64","3.91","6.00","1.06","9.65","1.32","3.54","1.97","1.94","3.20","1.37","6.14","1.14","1.93","1.87"
"67602","20-07-24 19:00","Russia","Premier League","2024/2025","FK Rostov","CSKA Moscow","2.77","3.49","2.61","1.05","11.90","1.27","3.95","1.91","1.99","3.02","1.41","5.76","1.15","1.71","2.14"
"67603","20-07-24 16:30","Russia","Premier League","2024/2025","Krylya Sovetov","Zenit","4.59","3.73","1.84","1.05","11.00","1.27","3.95","1.89","2.02","2.99","1.42","5.67","1.16","1.79","2.03"
"67604","20-07-24 14:00","Russia","Premier League","2024/2025","Lokomotiv Moscow","Akron Togliatti","1.63","4.33","5.38","1.06","10.30","1.28","3.88","1.83","2.09","2.87","1.45","5.10","1.18","1.80","2.01"
"67693","25-05-24 15:30","Russia","Premier League","2023/2024","Baltika","Lokomotiv Moscow","2.42","3.88","2.90","","","1.17","4.45","1.67","2.40","2.44","1.49","4.20","1.17","1.53","2.43"
"67694","25-05-24 15:30","Russia","Premier League","2023/2024","CSKA Moscow","Ural","2.18","3.80","3.41","","","1.22","3.82","1.82","2.15","2.77","1.39","4.95","1.12","1.63","2.22"
"67695","25-05-24 15:30","Russia","Premier League","2023/2024","Fakel Voronezh","Akhmat Grozny","1.64","3.96","6.47","1.04","7.50","1.39","2.77","2.33","1.71","3.92","1.21","7.80","1.04","2.26","1.61"
"67696","25-05-24 15:30","Russia","Premier League","2023/2024","Krasnodar","Dynamo Moscow","2.81","3.84","2.51","1.02","19.00","1.13","4.90","1.49","2.44","2.36","1.69","3.64","1.24","1.45","2.66"
"67697","25-05-24 15:30","Russia","Premier League","2023/2024","Krylya Sovetov","Pari NN","2.05","4.05","3.55","1.02","14.50","1.17","4.20","1.71","2.32","2.67","1.50","4.55","1.16","1.58","2.31"
"67698","25-05-24 15:30","Russia","Premier League","2023/2024","Orenburg","Spartak Moscow","2.35","3.97","2.96","1.02","17.50","1.13","4.85","1.50","2.42","2.40","1.67","3.80","1.22","1.47","2.60"
"67699","25-05-24 15:30","Russia","Premier League","2023/2024","Rubin Kazan","Sochi","2.24","3.88","3.21","","","1.17","4.40","1.69","2.36","2.47","1.48","4.30","1.16","1.55","2.38"
"67700","25-05-24 15:30","Russia","Premier League","2023/2024","Zenit","FK Rostov","1.34","5.91","9.95","1.02","17.50","1.13","4.85","1.50","2.42","2.40","1.67","3.74","1.23","1.88","1.88"
"67701","20-05-24 19:00","Russia","Premier League","2023/2024","Pari NN","CSKA Moscow","3.57","3.27","2.33","1.05","7.20","1.36","2.89","2.25","1.75","3.74","1.23","7.20","1.05","1.88","1.88"
"67702","19-05-24 18:00","Russia","Premier League","2023/2024","Akhmat Grozny","Zenit","7.29","4.73","1.50","","","1.23","3.74","1.86","2.10","2.85","1.37","5.15","1.11","1.95","1.81"
"67703","19-05-24 15:30","Russia","Premier League","2023/2024","FK Rostov","Baltika","2.34","3.60","3.23","1.02","8.90","1.29","3.30","2.03","1.92","3.28","1.29","6.10","1.08","1.76","2.01"
"67704","19-05-24 13:15","Russia","Premier League","2023/2024","Spartak Moscow","Rubin Kazan","1.79","4.00","4.87","1.01","9.40","1.23","3.74","1.86","2.10","2.81","1.38","5.05","1.12","1.79","1.98"
"67705","19-05-24 11:00","Russia","Premier League","2023/2024","Ural","Orenburg","2.17","3.39","3.86","1.04","7.80","1.32","3.10","2.12","1.84","3.40","1.27","6.45","1.07","1.83","1.93"
"67706","18-05-24 18:00","Russia","Premier League","2023/2024","Sochi","Krasnodar","3.96","4.09","1.93","","","1.17","4.50","1.67","2.40","2.44","1.49","4.20","1.17","1.57","2.34"
"67707","18-05-24 15:30","Russia","Premier League","2023/2024","Lokomotiv Moscow","Fakel Voronezh","1.80","3.88","4.98","1.02","8.60","1.31","3.15","2.08","1.87","3.40","1.27","6.45","1.07","1.93","1.83"
"67708","18-05-24 13:00","Russia","Premier League","2023/2024","Dynamo Moscow","Krylya Sovetov","1.51","4.88","6.73","1.02","17.50","1.14","4.65","1.53","2.34","2.46","1.64","3.92","1.21","1.72","2.07"
"67709","12-05-24 18:00","Russia","Premier League","2023/2024","Sochi","Pari NN","1.99","3.53","4.36","1.04","7.60","1.35","2.94","2.22","1.77","3.64","1.24","7.00","1.05","1.93","1.83"
"67710","12-05-24 15:30","Russia","Premier League","2023/2024","Fakel Voronezh","Ural","2.91","2.86","3.10","1.11","5.15","1.69","2.35","2.96","1.42","5.60","1.11","14.00","1.02","2.28","1.60"
"67711","12-05-24 13:00","Russia","Premier League","2023/2024","Orenburg","Lokomotiv Moscow","2.36","3.95","2.95","1.01","17.00","1.15","4.75","1.58","2.45","2.47","1.64","3.90","1.19","1.49","2.54"
"67712","11-05-24 20:30","Russia","Premier League","2023/2024","Baltika","Dynamo Moscow","3.41","3.90","2.15","","","1.18","4.30","1.71","2.33","2.53","1.46","4.40","1.16","1.57","2.34"
"67713","11-05-24 18:00","Russia","Premier League","2023/2024","Zenit","CSKA Moscow","1.64","4.27","5.91","1.03","8.20","1.27","3.40","1.95","1.99","2.94","1.35","5.30","1.11","2.07","1.72"
"67714","11-05-24 15:30","Russia","Premier League","2023/2024","Spartak Moscow","Krasnodar","2.43","3.80","2.94","1.01","14.20","1.19","4.20","1.74","2.27","2.59","1.44","4.55","1.15","1.57","2.34"
"67715","11-05-24 13:00","Russia","Premier League","2023/2024","Rubin Kazan","FK Rostov","2.91","3.41","2.64","1.04","7.80","1.36","2.89","2.25","1.75","3.82","1.22","7.30","1.05","1.88","1.88"
"67716","10-05-24 15:00","Russia","Premier League","2023/2024","Krylya Sovetov","Akhmat Grozny","2.30","3.74","3.19","","","1.22","3.82","1.82","2.14","2.77","1.39","5.00","1.12","1.63","2.22"
"67717","06-05-24 19:30","Russia","Premier League","2023/2024","CSKA Moscow","Rubin Kazan","1.76","3.72","5.65","1.04","7.70","1.33","3.04","2.15","1.82","3.48","1.26","6.65","1.06","2.02","1.75"
"67718","06-05-24 19:30","Russia","Premier League","2023/2024","Lokomotiv Moscow","FK Rostov","2.13","3.66","3.68","1.01","9.80","1.19","4.10","1.75","2.25","2.53","1.46","4.40","1.16","1.62","2.24"
"67719","06-05-24 17:00","Russia","Premier League","2023/2024","Fakel Voronezh","Zenit","7.70","3.88","1.59","1.07","6.35","1.60","2.57","2.64","1.51","5.00","1.14","9.80","1.01","2.70","1.44"
"67720","06-05-24 14:45","Russia","Premier League","2023/2024","Ural","Baltika","2.38","3.16","3.58","1.08","6.15","1.59","2.60","2.61","1.52","4.85","1.14","9.40","1.01","2.13","1.68"
"67721","05-05-24 18:00","Russia","Premier League","2023/2024","Pari NN","Spartak Moscow","4.09","3.68","2.00","1.03","8.30","1.33","3.04","2.14","1.82","3.56","1.25","6.75","1.06","1.88","1.88"
"67722","05-05-24 15:30","Russia","Premier League","2023/2024","Dynamo Moscow","Sochi","1.73","4.42","4.78","1.01","17.00","1.15","4.70","1.63","2.49","2.34","1.53","3.98","1.19","1.60","2.27"
"67723","04-05-24 18:30","Russia","Premier League","2023/2024","Krasnodar","Akhmat Grozny","1.61","4.45","5.85","1.01","14.80","1.21","3.92","1.79","2.20","2.69","1.41","4.75","1.13","1.79","1.98"
"67724","04-05-24 16:00","Russia","Premier League","2023/2024","Orenburg","Krylya Sovetov","2.05","3.84","3.76","","","1.22","3.80","1.85","2.11","2.81","1.38","5.10","1.12","1.67","2.15"
"67725","29-04-24 18:45","Russia","Premier League","2023/2024","FK Rostov","Orenburg","2.31","3.45","3.41","1.03","8.30","1.30","3.22","2.07","1.88","3.34","1.28","6.25","1.07","1.79","1.98"
"67726","29-04-24 16:30","Russia","Premier League","2023/2024","Sochi","Fakel Voronezh","2.15","3.18","4.26","1.09","5.75","1.63","2.48","2.77","1.47","5.20","1.13","","","2.28","1.60"
"67727","29-04-24 14:15","Russia","Premier League","2023/2024","Rubin Kazan","Ural","2.59","3.01","3.37","1.10","5.45","1.68","2.38","2.92","1.43","5.60","1.11","15.50","1.01","2.28","1.60"
"67728","29-04-24 12:00","Russia","Premier League","2023/2024","Krylya Sovetov","Krasnodar","3.51","3.43","2.28","1.02","8.70","1.25","3.56","1.92","2.03","2.89","1.36","5.25","1.11","1.68","2.13"
"67729","28-04-24 20:30","Russia","Premier League","2023/2024","Baltika","CSKA Moscow","2.59","3.43","2.97","1.04","7.80","1.36","2.89","2.27","1.74","3.82","1.22","7.40","1.04","1.88","1.88"
"67730","28-04-24 18:15","Russia","Premier League","2023/2024","Dynamo Moscow","Zenit","3.84","3.66","2.08","1.01","9.90","1.19","4.10","1.75","2.25","2.56","1.45","4.45","1.15","1.60","2.27"
"67731","28-04-24 15:15","Russia","Premier League","2023/2024","Spartak Moscow","Lokomotiv Moscow","2.63","3.80","2.69","1.01","16.00","1.19","4.20","1.74","2.27","2.59","1.44","4.55","1.15","1.56","2.36"
"67732","28-04-24 13:00","Russia","Premier League","2023/2024","Akhmat Grozny","Pari NN","1.90","3.68","4.62","1.04","7.90","1.36","2.89","2.25","1.75","3.80","1.22","7.30","1.05","1.99","1.78"
"67733","25-04-24 19:30","Russia","Premier League","2023/2024","Akhmat Grozny","Sochi","2.40","3.56","3.14","1.02","8.80","1.30","3.22","2.06","1.89","3.34","1.28","6.30","1.07","1.78","1.99"
"67734","25-04-24 19:30","Russia","Premier League","2023/2024","CSKA Moscow","Spartak Moscow","2.74","3.62","2.68","1.02","9.20","1.26","3.48","1.96","1.98","3.10","1.32","5.65","1.09","1.70","2.10"
"67735","25-04-24 17:15","Russia","Premier League","2023/2024","Fakel Voronezh","Krylya Sovetov","2.74","3.21","2.95","1.07","6.35","1.59","2.60","2.61","1.52","4.90","1.14","9.60","1.01","2.12","1.69"
"67736","25-04-24 15:00","Russia","Premier League","2023/2024","Ural","FK Rostov","2.58","3.31","3.08","1.05","7.00","1.42","2.65","2.46","1.64","4.35","1.18","8.40","1.03","1.99","1.78"
"67737","24-04-24 19:30","Russia","Premier League","2023/2024","Krasnodar","Baltika","1.68","4.09","5.65","1.02","8.90","1.29","3.28","2.04","1.91","3.30","1.29","6.15","1.07","1.95","1.81"
"67738","24-04-24 19:30","Russia","Premier League","2023/2024","Zenit","Rubin Kazan","1.39","5.15","10.00","1.01","9.40","1.27","3.40","1.97","1.97","3.15","1.31","5.75","1.09","2.34","1.57"
"67739","24-04-24 17:15","Russia","Premier League","2023/2024","Pari NN","Lokomotiv Moscow","4.11","3.64","2.01","1.03","8.20","1.33","3.02","2.17","1.81","3.64","1.24","6.90","1.05","1.90","1.86"
"67740","24-04-24 15:00","Russia","Premier League","2023/2024","Orenburg","Dynamo Moscow","2.51","3.93","2.76","1.01","16.50","1.14","4.65","1.53","2.34","2.48","1.63","3.92","1.21","1.49","2.54"
"67741","21-04-24 19:30","Russia","Premier League","2023/2024","FK Rostov","Spartak Moscow","2.40","3.37","3.31","1.03","8.30","1.29","3.30","2.01","1.93","3.15","1.31","5.90","1.08","1.74","2.04"
"67742","21-04-24 17:15","Russia","Premier League","2023/2024","Sochi","Ural","2.25","3.44","3.57","1.04","7.40","1.39","2.77","2.34","1.70","4.05","1.20","7.80","1.04","1.95","1.81"
"67743","21-04-24 15:15","Russia","Premier League","2023/2024","Zenit","Orenburg","1.46","4.99","7.70","","","1.19","4.20","1.73","2.29","2.59","1.44","4.50","1.15","1.89","1.87"
"67744","21-04-24 13:00","Russia","Premier League","2023/2024","Pari NN","Dynamo Moscow","3.54","3.60","2.20","1.02","9.20","1.26","3.48","1.95","1.99","3.04","1.33","5.65","1.09","1.72","2.07"
"67745","20-04-24 18:30","Russia","Premier League","2023/2024","CSKA Moscow","Akhmat Grozny","1.52","4.73","6.83","1.01","15.50","1.20","4.10","1.75","2.25","2.62","1.43","4.65","1.14","1.84","1.92"
"67746","20-04-24 15:30","Russia","Premier League","2023/2024","Baltika","Krylya Sovetov","2.29","3.45","3.45","1.04","7.80","1.36","2.89","2.27","1.74","3.82","1.22","7.40","1.04","1.90","1.86"
"67747","20-04-24 13:00","Russia","Premier League","2023/2024","Rubin Kazan","Lokomotiv Moscow","3.51","3.43","2.28","1.04","7.80","1.33","3.04","2.17","1.81","3.56","1.25","6.80","1.06","1.85","1.91"
"67748","19-04-24 18:00","Russia","Premier League","2023/2024","Krasnodar","Fakel Voronezh","1.75","3.82","5.54","1.04","7.80","1.35","2.94","2.23","1.76","3.74","1.23","7.20","1.05","2.07","1.72"
"67749","14-04-24 18:00","Russia","Premier League","2023/2024","Krylya Sovetov","Rubin Kazan","2.25","3.47","3.54","1.04","7.60","1.37","2.85","2.28","1.74","3.92","1.21","7.50","1.04","1.93","1.83"
"67750","14-04-24 15:45","Russia","Premier League","2023/2024","Fakel Voronezh","FK Rostov","3.26","3.26","2.49","1.06","6.60","1.47","2.50","2.59","1.59","4.70","1.15","9.20","1.02","2.07","1.72"
"67751","14-04-24 13:15","Russia","Premier League","2023/2024","Ural","Dynamo Moscow","3.80","3.80","2.04","1.01","9.70","1.25","3.56","1.93","2.02","3.04","1.33","5.55","1.10","1.73","2.06"
"67752","14-04-24 11:00","Russia","Premier League","2023/2024","Orenburg","Pari NN","2.09","3.39","4.16","1.05","7.10","1.40","2.73","2.38","1.68","4.10","1.20","7.90","1.04","2.01","1.76"
"67753","13-04-24 18:30","Russia","Premier League","2023/2024","Lokomotiv Moscow","CSKA Moscow","2.51","3.68","2.91","1.01","9.90","1.24","3.64","1.90","2.05","2.94","1.35","5.40","1.10","1.67","2.15"
"67754","13-04-24 16:00","Russia","Premier League","2023/2024","Krasnodar","Zenit","3.45","3.45","2.29","1.03","8.10","1.32","3.10","2.12","1.84","3.48","1.26","6.50","1.06","1.82","1.94"
"67755","13-04-24 15:30","Russia","Premier League","2023/2024","Akhmat Grozny","Baltika","2.16","3.44","3.82","1.05","7.20","1.41","2.69","2.42","1.66","4.25","1.18","8.20","1.03","2.02","1.75"
"67756","13-04-24 13:00","Russia","Premier League","2023/2024","Sochi","Spartak Moscow","3.16","3.70","2.33","1.01","9.90","1.26","3.48","1.94","2.00","3.10","1.32","5.70","1.09","1.69","2.11"
"67757","08-04-24 16:00","Russia","Premier League","2023/2024","Orenburg","Rubin Kazan","2.27","3.43","3.53","1.04","7.40","1.39","2.77","2.36","1.69","4.10","1.20","7.90","1.03","1.97","1.79"
"67758","07-04-24 18:30","Russia","Premier League","2023/2024","Dynamo Moscow","Spartak Moscow","2.50","3.57","2.99","","","1.18","4.35","1.70","2.34","2.44","1.49","4.20","1.17","1.52","2.46"
"67759","07-04-24 15:30","Russia","Premier League","2023/2024","Akhmat Grozny","Lokomotiv Moscow","2.62","3.49","2.88","1.02","8.80","1.27","3.40","1.97","1.97","3.10","1.32","5.75","1.09","1.71","2.08"
"67760","07-04-24 15:30","Russia","Premier League","2023/2024","Zenit","Baltika","1.31","5.74","12.50","1.01","9.70","1.26","3.48","1.94","2.00","3.04","1.33","5.60","1.09","2.49","1.51"
"67761","07-04-24 13:00","Russia","Premier League","2023/2024","CSKA Moscow","Fakel Voronezh","1.77","3.78","5.39","1.04","7.50","1.39","2.77","2.34","1.70","4.05","1.20","7.80","1.04","2.13","1.68"
"67762","06-04-24 19:00","Russia","Premier League","2023/2024","FK Rostov","Sochi","2.01","3.65","4.09","1.02","8.80","1.28","3.34","1.99","1.95","3.15","1.31","5.80","1.09","1.78","1.99"
"67763","06-04-24 15:30","Russia","Premier League","2023/2024","Pari NN","Krasnodar","3.96","3.39","2.14","1.06","6.80","1.44","2.59","2.51","1.62","4.50","1.17","8.80","1.02","2.09","1.71"
"67764","06-04-24 13:00","Russia","Premier League","2023/2024","Ural","Krylya Sovetov","2.87","3.31","2.74","1.05","7.10","1.42","2.65","2.44","1.65","4.30","1.18","8.40","1.03","1.98","1.79"
"67765","31-03-24 18:30","Russia","Premier League","2023/2024","Lokomotiv Moscow","Krasnodar","2.59","3.46","2.94","1.02","8.60","1.29","3.36","2.01","1.94","3.20","1.31","5.95","1.08","1.73","2.06"
"67766","31-03-24 15:30","Russia","Premier League","2023/2024","Rubin Kazan","Akhmat Grozny","2.48","3.21","3.33","1.06","6.50","1.45","2.56","2.56","1.60","4.55","1.16","8.80","1.02","2.05","1.73"
"67767","31-03-24 13:00","Russia","Premier League","2023/2024","Fakel Voronezh","Orenburg","2.38","3.29","3.43","1.06","6.60","1.46","2.53","2.59","1.59","4.70","1.15","9.20","1.02","2.09","1.71"
"67768","30-03-24 17:00","Russia","Premier League","2023/2024","Spartak Moscow","Ural","1.56","4.42","6.73","1.01","9.50","1.26","3.48","1.96","1.98","3.10","1.32","5.70","1.09","1.98","1.79"
"67769","30-03-24 15:30","Russia","Premier League","2023/2024","Baltika","Pari NN","2.34","3.16","3.68","1.10","5.95","1.66","2.42","2.73","1.40","5.40","1.10","15.00","1.01","2.30","1.59"
"67770","30-03-24 14:30","Russia","Premier League","2023/2024","Sochi","CSKA Moscow","3.65","3.39","2.24","1.04","7.40","1.36","2.89","2.27","1.74","3.82","1.22","7.30","1.05","1.91","1.85"
"67771","30-03-24 12:00","Russia","Premier League","2023/2024","Krylya Sovetov","Zenit","5.29","4.16","1.71","1.01","9.60","1.26","3.48","1.94","2.00","3.04","1.33","5.60","1.09","1.86","1.90"
"67772","29-03-24 17:30","Russia","Premier League","2023/2024","Dynamo Moscow","FK Rostov","2.05","3.95","3.64","1.01","15.50","1.19","4.15","1.74","2.27","2.57","1.44","4.50","1.15","1.63","2.22"
"67773","10-03-24 17:00","Russia","Premier League","2023/2024","Spartak Moscow","Fakel Voronezh","1.73","3.94","5.49","1.03","8.30","1.33","3.04","2.15","1.82","3.56","1.25","6.80","1.06","2.02","1.75"
"67774","10-03-24 14:30","Russia","Premier League","2023/2024","Lokomotiv Moscow","Sochi","1.83","3.98","4.62","1.01","9.80","1.25","3.56","1.91","2.04","2.99","1.34","5.45","1.10","1.78","1.99"
"67775","10-03-24 12:00","Russia","Premier League","2023/2024","Orenburg","Baltika","2.16","3.52","3.74","1.04","7.70","1.37","2.85","2.28","1.74","3.82","1.22","7.50","1.04","1.93","1.83"
"67776","09-03-24 17:00","Russia","Premier League","2023/2024","Dynamo Moscow","Akhmat Grozny","1.84","4.03","4.47","","","1.17","4.40","1.69","2.36","2.47","1.48","4.25","1.17","1.59","2.29"
"67777","09-03-24 14:30","Russia","Premier League","2023/2024","Rubin Kazan","Pari NN","2.26","3.21","3.82","1.09","6.10","1.64","2.46","2.65","1.42","5.25","1.11","14.30","1.02","2.28","1.60"
"67778","09-03-24 12:00","Russia","Premier League","2023/2024","Ural","Zenit","6.01","3.97","1.68","1.03","7.90","1.35","2.94","2.23","1.76","3.74","1.23","7.20","1.05","2.13","1.68"
"67779","08-03-24 16:30","Russia","Premier League","2023/2024","FK Rostov","Krasnodar","2.76","3.31","2.85","1.04","7.50","1.36","2.94","2.25","1.75","3.80","1.23","7.20","1.05","1.87","1.89"
"67780","08-03-24 12:00","Russia","Premier League","2023/2024","Krylya Sovetov","CSKA Moscow","3.21","3.56","2.37","1.02","8.70","1.30","3.22","2.07","1.88","3.34","1.28","6.35","1.07","1.78","1.99"
"67781","03-03-24 17:00","Russia","Premier League","2023/2024","Baltika","Sochi","2.79","3.21","2.90","1.07","6.40","1.59","2.60","2.61","1.52","4.85","1.14","9.50","1.01","2.10","1.70"
"67782","03-03-24 14:30","Russia","Premier League","2023/2024","Dynamo Moscow","Lokomotiv Moscow","2.39","3.74","3.03","","","1.17","4.45","1.68","2.38","2.41","1.50","4.15","1.17","1.52","2.46"
"67783","03-03-24 12:00","Russia","Premier League","2023/2024","Pari NN","Fakel Voronezh","2.90","3.04","2.93","1.10","5.55","1.71","2.32","3.02","1.41","5.90","1.10","14.50","1.02","2.32","1.58"
"67784","02-03-24 17:30","Russia","Premier League","2023/2024","Zenit","Spartak Moscow","1.65","4.25","5.77","","","1.23","3.80","1.84","2.12","2.85","1.38","5.05","1.12","1.77","2.00"
"67785","02-03-24 17:00","Russia","Premier League","2023/2024","Akhmat Grozny","Ural","2.25","3.43","3.58","1.04","7.40","1.39","2.77","2.34","1.70","4.10","1.20","7.90","1.04","1.97","1.79"
"67786","02-03-24 14:30","Russia","Premier League","2023/2024","Krasnodar","Rubin Kazan","1.87","3.72","4.73","1.03","7.90","1.35","2.94","2.23","1.76","3.74","1.23","7.20","1.05","1.99","1.78"
"67787","02-03-24 12:00","Russia","Premier League","2023/2024","CSKA Moscow","Orenburg","1.61","4.42","5.91","","","1.18","4.33","1.70","2.34","2.53","1.46","4.40","1.16","1.68","2.13"
"67788","01-03-24 17:00","Russia","Premier League","2023/2024","FK Rostov","Krylya Sovetov","2.01","3.37","3.37","1.03","8.32","1.28","3.22","1.90","1.81","3.40","1.25","6.32","1.07","1.78","1.88"
"67789","10-12-23 17:45","Russia","Premier League","2023/2024","Baltika","Rubin Kazan","2.81","3.16","2.92","1.07","6.20","1.60","2.55","2.51","1.44","4.95","1.12","9.90","1.01","2.14","1.67"
"67790","10-12-23 17:45","Russia","Premier League","2023/2024","Krasnodar","CSKA Moscow","2.36","3.52","3.26","1.02","8.70","1.28","3.20","2.03","1.92","3.20","1.28","6.05","1.08","1.73","2.06"
"67791","10-12-23 14:30","Russia","Premier League","2023/2024","Sochi","Orenburg","2.14","3.81","3.52","","","1.21","3.74","1.82","2.14","2.75","1.37","5.00","1.12","1.64","2.20"
"67792","10-12-23 12:00","Russia","Premier League","2023/2024","Fakel Voronezh","Dynamo Moscow","3.57","3.57","2.20","1.02","8.60","1.30","3.08","2.09","1.86","3.34","1.26","6.45","1.07","1.81","1.95"
"67793","09-12-23 17:45","Russia","Premier League","2023/2024","Zenit","Pari NN","1.25","6.41","16.00","1.02","9.00","1.28","3.20","2.04","1.91","3.28","1.27","6.15","1.07","2.94","1.38"
"67794","09-12-23 14:30","Russia","Premier League","2023/2024","Akhmat Grozny","FK Rostov","2.50","3.64","2.94","1.01","9.60","1.24","3.48","1.93","2.01","2.98","1.32","5.60","1.09","1.68","2.13"
"67795","09-12-23 12:00","Russia","Premier League","2023/2024","Spartak Moscow","Krylya Sovetov","1.95","3.98","4.00","1.01","15.50","1.18","4.05","1.75","2.26","2.57","1.42","4.60","1.14","1.62","2.24"
"67796","08-12-23 17:00","Russia","Premier League","2023/2024","Lokomotiv Moscow","Ural","1.88","3.71","4.66","1.02","8.60","1.28","3.20","2.03","1.91","3.20","1.28","6.05","1.08","1.85","1.91"
"67797","04-12-23 17:30","Russia","Premier League","2023/2024","Dynamo Moscow","Rubin Kazan","1.92","3.91","4.20","","","1.19","3.98","1.77","2.22","2.57","1.42","4.60","1.14","1.61","2.25"
"67798","03-12-23 17:00","Russia","Premier League","2023/2024","Akhmat Grozny","Spartak Moscow","2.72","3.75","2.63","1.01","14.90","1.19","3.92","1.79","2.19","2.64","1.40","4.80","1.13","1.59","2.29"
"67799","03-12-23 15:00","Russia","Premier League","2023/2024","Lokomotiv Moscow","Zenit","3.71","3.71","2.10","1.02","9.00","1.27","3.28","2.02","1.92","3.20","1.28","6.05","1.08","1.78","1.99"
"67800","03-12-23 14:30","Russia","Premier League","2023/2024","Krasnodar","Orenburg","1.66","4.39","5.38","","","1.17","4.15","1.73","2.28","2.62","1.48","4.50","1.15","1.70","2.10"
"67801","03-12-23 12:00","Russia","Premier League","2023/2024","CSKA Moscow","FK Rostov","1.95","3.87","4.12","1.01","9.80","1.24","3.48","1.91","2.04","2.93","1.33","5.45","1.10","1.73","2.05"
"67802","02-12-23 17:30","Russia","Premier League","2023/2024","Pari NN","Ural","3.04","3.03","2.80","1.09","5.65","1.65","2.44","2.76","1.44","5.20","1.11","","","2.19","1.64"
"67803","02-12-23 14:30","Russia","Premier League","2023/2024","Sochi","Krylya Sovetov","3.03","3.61","2.45","1.01","9.30","1.26","3.34","1.97","1.97","3.08","1.30","5.80","1.09","1.71","2.08"
"67804","02-12-23 12:00","Russia","Premier League","2023/2024","Fakel Voronezh","Baltika","2.33","3.11","3.79","1.09","5.70","1.64","2.46","2.64","1.40","5.20","1.11","","","2.25","1.61"
"67805","26-11-23 17:00","Russia","Premier League","2023/2024","FK Rostov","Pari NN","1.82","3.75","5.02","1.04","7.80","1.35","2.84","2.26","1.75","3.74","1.21","7.40","1.04","2.04","1.74"
"67806","26-11-23 14:30","Russia","Premier League","2023/2024","Rubin Kazan","Fakel Voronezh","2.32","3.22","3.64","1.07","6.35","1.44","2.50","2.58","1.59","4.50","1.15","8.90","1.02","2.08","1.71"
"67807","26-11-23 12:00","Russia","Premier League","2023/2024","Ural","Krasnodar","3.47","3.49","2.27","1.03","8.00","1.33","2.93","2.21","1.78","3.65","1.22","7.20","1.05","1.87","1.89"
"67808","26-11-23 10:00","Russia","Premier League","2023/2024","Orenburg","Akhmat Grozny","2.17","4.00","3.30","1.02","17.50","1.13","4.75","1.49","2.38","2.44","1.65","3.74","1.21","1.48","2.57"
"67809","25-11-23 17:45","Russia","Premier League","2023/2024","Baltika","Spartak Moscow","3.22","3.55","2.36","1.02","8.80","1.29","3.18","2.05","1.90","3.28","1.27","6.30","1.07","1.77","2.00"
"67810","25-11-23 15:30","Russia","Premier League","2023/2024","CSKA Moscow","Dynamo Moscow","2.20","3.75","3.40","1.01","13.30","1.18","4.10","1.74","2.27","2.51","1.44","4.50","1.15","1.55","2.38"
"67811","25-11-23 13:15","Russia","Premier League","2023/2024","Zenit","Sochi","1.36","5.46","10.10","1.01","9.90","1.23","3.56","1.90","2.05","2.88","1.34","5.35","1.10","2.22","1.63"
"67812","25-11-23 11:00","Russia","Premier League","2023/2024","Krylya Sovetov","Lokomotiv Moscow","2.53","3.74","2.83","1.01","15.00","1.20","3.88","1.80","2.18","2.67","1.39","4.85","1.13","1.59","2.29"
"67813","12-11-23 17:30","Russia","Premier League","2023/2024","Spartak Moscow","FK Rostov","1.94","4.03","4.00","1.01","15.50","1.15","4.50","1.65","2.44","2.34","1.50","4.05","1.18","1.55","2.38"
"67814","12-11-23 17:00","Russia","Premier League","2023/2024","Sochi","Rubin Kazan","2.26","3.45","3.54","1.04","7.50","1.37","2.75","2.33","1.71","3.96","1.19","7.80","1.04","1.95","1.81"
"67815","12-11-23 14:30","Russia","Premier League","2023/2024","Dynamo Moscow","Orenburg","1.75","4.53","4.50","1.01","21.00","1.09","5.80","1.36","2.79","2.08","1.87","3.04","1.31","1.44","2.70"
"67816","12-11-23 12:00","Russia","Premier League","2023/2024","Pari NN","Baltika","2.69","3.13","3.09","1.08","6.00","1.64","2.48","2.69","1.46","5.15","1.11","","","2.18","1.65"
"67817","11-11-23 17:30","Russia","Premier League","2023/2024","Zenit","Krasnodar","1.69","4.05","5.67","1.01","9.90","1.22","3.65","1.85","2.11","2.75","1.37","5.00","1.12","1.72","2.07"
"67818","11-11-23 14:30","Russia","Premier League","2023/2024","Lokomotiv Moscow","Akhmat Grozny","1.79","4.19","4.60","","","1.18","4.15","1.73","2.28","2.54","1.43","4.50","1.15","1.65","2.18"
"67819","11-11-23 12:00","Russia","Premier League","2023/2024","Fakel Voronezh","CSKA Moscow","3.27","3.37","2.43","1.05","7.30","1.38","2.71","2.37","1.69","4.05","1.18","8.00","1.03","1.95","1.81"
"67820","11-11-23 12:00","Russia","Premier League","2023/2024","Krylya Sovetov","Ural","2.04","3.66","3.97","1.02","8.60","1.30","3.08","2.10","1.85","3.42","1.25","6.50","1.06","1.85","1.91"
"67821","06-11-23 17:30","Russia","Premier League","2023/2024","Sochi","Dynamo Moscow","3.27","3.72","2.27","","","1.22","3.65","1.85","2.10","2.79","1.36","5.10","1.11","1.64","2.20"
"67822","06-11-23 14:30","Russia","Premier League","2023/2024","Ural","Rubin Kazan","2.34","3.41","3.39","1.04","7.50","1.37","2.75","2.31","1.72","3.92","1.19","7.70","1.04","1.92","1.84"
"67823","06-11-23 12:00","Russia","Premier League","2023/2024","Orenburg","FK Rostov","2.29","3.91","3.10","1.01","16.00","1.15","4.50","1.65","2.44","2.34","1.50","4.10","1.18","1.51","2.48"
"67824","05-11-23 17:30","Russia","Premier League","2023/2024","Lokomotiv Moscow","Spartak Moscow","2.61","3.66","2.78","","","1.16","4.35","1.68","2.38","2.38","1.49","4.15","1.18","1.51","2.48"
"67825","05-11-23 14:30","Russia","Premier League","2023/2024","CSKA Moscow","Pari NN","1.52","4.53","7.42","1.02","9.20","1.29","3.14","2.08","1.87","3.34","1.26","6.45","1.07","2.14","1.67"
"67826","05-11-23 12:00","Russia","Premier League","2023/2024","Krasnodar","Krylya Sovetov","1.79","3.95","4.94","1.01","9.50","1.23","3.56","1.90","2.05","2.88","1.34","5.25","1.11","1.75","2.03"
"67827","04-11-23 17:00","Russia","Premier League","2023/2024","Baltika","Zenit","5.91","3.85","1.71","1.02","8.60","1.30","3.08","2.09","1.86","3.42","1.25","6.50","1.06","1.92","1.84"
"67828","04-11-23 14:30","Russia","Premier League","2023/2024","Akhmat Grozny","Fakel Voronezh","2.06","3.68","3.87","1.02","8.70","1.29","3.14","2.08","1.87","3.34","1.26","6.35","1.07","1.82","1.94"
"67829","29-10-23 17:30","Russia","Premier League","2023/2024","CSKA Moscow","Krasnodar","2.40","3.64","3.08","1.01","9.40","1.25","3.42","1.97","1.98","3.04","1.31","5.70","1.09","1.70","2.10"
"67830","29-10-23 14:30","Russia","Premier League","2023/2024","Dynamo Moscow","Ural","1.66","4.29","5.54","","","1.22","3.65","1.85","2.10","2.79","1.36","5.15","1.11","1.81","1.95"
"67831","29-10-23 12:00","Russia","Premier League","2023/2024","Pari NN","Sochi","2.56","3.27","3.14","1.06","6.80","1.43","2.54","2.53","1.61","4.45","1.15","8.80","1.02","2.02","1.75"
"67832","28-10-23 18:00","Russia","Premier League","2023/2024","Zenit","Akhmat Grozny","1.36","5.77","9.20","1.02","17.50","1.14","4.65","1.51","2.32","2.46","1.64","3.88","1.20","1.85","1.91"
"67833","28-10-23 15:30","Russia","Premier League","2023/2024","FK Rostov","Lokomotiv Moscow","2.53","3.85","2.78","1.01","15.50","1.19","4.30","1.72","2.31","2.56","1.46","4.45","1.15","1.55","2.38"
"67834","28-10-23 15:30","Russia","Premier League","2023/2024","Krylya Sovetov","Orenburg","2.12","3.85","3.52","1.01","15.00","1.19","3.94","1.78","2.21","2.64","1.40","4.75","1.13","1.61","2.25"
"67835","28-10-23 13:00","Russia","Premier League","2023/2024","Fakel Voronezh","Spartak Moscow","4.00","3.75","2.01","1.02","9.20","1.27","3.28","2.00","1.94","3.14","1.29","5.90","1.08","1.78","1.99"
"67836","27-10-23 18:00","Russia","Premier League","2023/2024","Rubin Kazan","Baltika","2.25","3.31","3.73","1.05","7.20","1.36","2.79","2.29","1.73","3.74","1.21","7.40","1.04","1.91","1.85"
"67837","22-10-23 18:00","Russia","Premier League","2023/2024","FK Rostov","Akhmat Grozny","2.20","3.77","3.39","","","1.21","3.74","1.83","2.13","2.75","1.37","5.00","1.12","1.63","2.22"
"67838","22-10-23 15:30","Russia","Premier League","2023/2024","Zenit","Krylya Sovetov","1.40","5.45","8.50","1.01","16.00","1.17","4.25","1.70","2.35","2.45","1.46","4.30","1.16","1.88","1.88"
"67839","22-10-23 13:00","Russia","Premier League","2023/2024","Spartak Moscow","Pari NN","1.72","3.87","5.75","1.02","8.70","1.25","3.42","1.96","1.99","2.98","1.32","5.50","1.10","1.87","1.89"
"67840","22-10-23 11:00","Russia","Premier League","2023/2024","Ural","Sochi","2.22","3.43","3.66","1.04","7.60","1.33","2.91","2.21","1.78","3.64","1.22","7.10","1.05","1.87","1.89"
"67841","21-10-23 18:00","Russia","Premier League","2023/2024","Baltika","Krasnodar","3.70","3.50","2.18","1.03","8.00","1.32","2.98","2.16","1.81","3.48","1.24","6.80","1.06","1.86","1.90"
"67842","21-10-23 15:30","Russia","Premier League","2023/2024","Lokomotiv Moscow","Dynamo Moscow","2.23","3.93","3.20","1.02","16.50","1.14","4.65","1.61","2.54","2.25","1.54","3.74","1.21","1.49","2.54"
"67843","21-10-23 13:00","Russia","Premier League","2023/2024","Rubin Kazan","CSKA Moscow","3.33","3.58","2.30","1.02","8.80","1.28","3.20","2.04","1.91","3.28","1.27","6.20","1.07","1.77","2.00"
"67844","21-10-23 11:00","Russia","Premier League","2023/2024","Orenburg","Fakel Voronezh","1.85","3.89","4.60","1.01","9.30","1.26","3.34","1.98","1.97","3.08","1.30","5.80","1.09","1.82","1.94"
"67845","08-10-23 18:00","Russia","Premier League","2023/2024","Akhmat Grozny","Rubin Kazan","2.16","3.68","3.55","1.01","9.40","1.25","3.42","1.97","1.98","3.04","1.31","5.70","1.09","1.73","2.06"
"67846","08-10-23 18:00","Russia","Premier League","2023/2024","Spartak Moscow","CSKA Moscow","2.53","3.63","2.90","1.01","15.50","1.19","3.95","1.78","2.21","2.64","1.40","4.75","1.13","1.53","2.42"
"67847","08-10-23 15:30","Russia","Premier League","2023/2024","Dynamo Moscow","Fakel Voronezh","1.46","3.98","6.41","1.02","8.81","1.22","3.70","1.76","1.95","2.87","1.34","5.53","1.10","1.93","1.74"
"67848","08-10-23 13:00","Russia","Premier League","2023/2024","Pari NN","Krylya Sovetov","2.96","3.35","2.64","1.05","7.30","1.39","2.67","2.38","1.68","4.10","1.18","8.00","1.03","1.94","1.82"
"67849","07-10-23 18:00","Russia","Premier League","2023/2024","Krasnodar","FK Rostov","1.77","4.02","4.97","1.01","9.40","1.25","3.42","1.97","1.98","3.04","1.31","5.75","1.09","1.84","1.92"
"67850","07-10-23 15:30","Russia","Premier League","2023/2024","Baltika","Orenburg","2.24","3.66","3.39","1.01","9.40","1.25","3.42","1.96","1.99","3.04","1.31","5.70","1.09","1.71","2.08"
"67851","07-10-23 13:00","Russia","Premier League","2023/2024","Sochi","Zenit","7.06","4.76","1.51","1.01","14.90","1.20","3.86","1.80","2.18","2.67","1.39","4.85","1.13","1.89","1.87"
"67852","07-10-23 11:00","Russia","Premier League","2023/2024","Ural","Lokomotiv Moscow","2.71","3.50","2.77","1.02","8.80","1.27","3.28","2.01","1.93","3.14","1.29","5.95","1.08","1.72","2.07"
"67853","01-10-23 18:00","Russia","Premier League","2023/2024","Akhmat Grozny","Dynamo Moscow","3.35","4.03","2.14","1.02","19.50","1.13","4.80","1.49","2.38","2.41","1.66","3.74","1.21","1.48","2.57"
"67854","01-10-23 15:30","Russia","Premier League","2023/2024","Krylya Sovetov","Spartak Moscow","3.14","3.67","2.36","1.01","9.70","1.21","3.74","1.83","2.14","2.67","1.39","4.85","1.13","1.62","2.23"
"67855","01-10-23 13:00","Russia","Premier League","2023/2024","Fakel Voronezh","Sochi","2.80","3.10","2.98","1.08","6.05","1.60","2.56","2.62","1.48","4.90","1.13","9.80","1.01","2.12","1.69"
"67856","30-09-23 18:00","Russia","Premier League","2023/2024","CSKA Moscow","Baltika","1.70","4.12","5.38","1.01","9.60","1.25","3.42","1.93","2.01","2.98","1.32","5.60","1.09","1.86","1.90"
"67857","30-09-23 15:30","Russia","Premier League","2023/2024","Rubin Kazan","Krasnodar","3.37","3.55","2.29","1.03","8.50","1.30","3.08","2.10","1.85","3.42","1.25","6.50","1.06","1.80","1.96"
"67858","30-09-23 13:15","Russia","Premier League","2023/2024","Lokomotiv Moscow","Pari NN","1.85","3.87","4.61","1.02","9.00","1.27","3.28","2.02","1.92","3.20","1.28","6.05","1.08","1.85","1.91"
"67859","30-09-23 11:00","Russia","Premier League","2023/2024","Orenburg","Zenit","4.76","4.24","1.76","","","1.17","4.20","1.72","2.31","2.50","1.44","4.40","1.16","1.65","2.18"
"67860","29-09-23 18:00","Russia","Premier League","2023/2024","FK Rostov","Ural","2.25","3.51","3.51","1.03","8.00","1.33","2.93","2.21","1.78","3.65","1.22","7.10","1.05","1.87","1.89"
"67861","25-09-23 18:00","Russia","Premier League","2023/2024","Fakel Voronezh","Rubin Kazan","2.73","3.24","2.94","1.06","6.65","1.44","2.51","2.57","1.60","4.55","1.15","9.00","1.02","2.04","1.74"
"67862","24-09-23 18:00","Russia","Premier League","2023/2024","FK Rostov","CSKA Moscow","2.89","3.66","2.53","1.01","9.80","1.24","3.48","1.91","2.04","2.93","1.33","5.45","1.10","1.66","2.16"
"67863","24-09-23 18:00","Russia","Premier League","2023/2024","Krasnodar","Ural","1.69","4.08","5.59","1.02","9.00","1.27","3.28","2.02","1.92","3.20","1.28","6.05","1.08","1.94","1.82"
"67864","24-09-23 15:30","Russia","Premier League","2023/2024","Zenit","Lokomotiv Moscow","1.53","4.81","6.54","1.01","16.00","1.16","4.40","1.68","2.38","2.48","1.53","4.15","1.17","1.74","2.04"
"67865","24-09-23 13:00","Russia","Premier League","2023/2024","Pari NN","Orenburg","2.83","3.41","2.71","1.04","7.90","1.34","2.88","2.24","1.76","3.65","1.22","7.30","1.05","1.86","1.90"
"67866","23-09-23 18:00","Russia","Premier League","2023/2024","Spartak Moscow","Dynamo Moscow","2.23","4.16","3.07","1.02","19.50","1.12","5.10","1.45","2.48","2.33","1.71","3.56","1.23","1.44","2.70"
"67867","23-09-23 15:30","Russia","Premier League","2023/2024","Baltika","Akhmat Grozny","2.46","3.50","3.10","1.03","8.50","1.30","3.08","2.10","1.85","3.42","1.25","6.55","1.06","1.79","1.98"
"67868","23-09-23 13:00","Russia","Premier League","2023/2024","Krylya Sovetov","Sochi","1.89","3.82","4.45","1.02","9.00","1.27","3.28","2.02","1.92","3.20","1.28","6.05","1.08","1.83","1.93"
"67869","17-09-23 18:00","Russia","Premier League","2023/2024","Lokomotiv Moscow","Orenburg","1.81","4.32","4.32","1.01","19.50","1.11","5.20","1.44","2.54","2.26","1.75","3.48","1.25","1.48","2.57"
"67870","17-09-23 15:30","Russia","Premier League","2023/2024","Rubin Kazan","Zenit","4.99","3.74","1.83","1.02","9.20","1.25","3.42","1.96","1.99","3.04","1.31","5.65","1.09","1.73","2.06"
"67871","17-09-23 13:00","Russia","Premier League","2023/2024","Ural","Fakel Voronezh","1.96","3.50","4.58","1.05","6.90","1.43","2.57","2.49","1.63","4.40","1.16","8.60","1.02","2.13","1.68"
"67872","16-09-23 20:15","Russia","Premier League","2023/2024","Baltika","FK Rostov","2.11","3.54","3.85","1.04","7.80","1.35","2.88","2.25","1.75","3.72","1.22","7.30","1.05","1.91","1.85"
"67873","16-09-23 18:00","Russia","Premier League","2023/2024","Spartak Moscow","Sochi","1.53","4.85","6.40","1.02","17.50","1.15","4.65","1.63","2.49","2.33","1.52","3.96","1.19","1.70","2.10"
"67874","16-09-23 15:30","Russia","Premier League","2023/2024","Akhmat Grozny","Krasnodar","2.94","3.52","2.56","1.02","8.60","1.30","3.14","2.10","1.86","3.40","1.26","6.45","1.07","1.78","1.99"
"67875","16-09-23 13:00","Russia","Premier League","2023/2024","CSKA Moscow","Krylya Sovetov","1.80","4.02","4.74","1.01","9.90","1.24","3.55","1.90","2.05","2.93","1.34","5.40","1.10","1.77","2.00"
"67876","15-09-23 18:00","Russia","Premier League","2023/2024","Dynamo Moscow","Pari NN","1.73","4.06","5.20","1.01","9.40","1.26","3.40","1.96","1.98","3.08","1.31","5.75","1.09","1.86","1.90"
"67877","03-09-23 19:00","Russia","Premier League","2023/2024","FK Rostov","Dynamo Moscow","3.08","3.81","2.33","1.01","16.00","1.19","4.10","1.75","2.26","2.57","1.43","4.60","1.14","1.57","2.34"
"67878","03-09-23 16:30","Russia","Premier League","2023/2024","CSKA Moscow","Zenit","3.00","3.36","2.61","1.04","7.90","1.33","2.93","2.18","1.80","3.56","1.23","6.85","1.06","1.81","1.95"
"67879","03-09-23 14:15","Russia","Premier League","2023/2024","Lokomotiv Moscow","Baltika","2.05","3.90","3.69","1.01","15.00","1.19","4.05","1.77","2.22","2.64","1.41","4.70","1.14","1.61","2.25"
"67880","03-09-23 12:00","Russia","Premier League","2023/2024","Orenburg","Sochi","2.50","3.67","2.92","1.01","9.90","1.23","3.64","1.88","2.07","2.88","1.35","5.25","1.11","1.65","2.18"
"67881","02-09-23 19:00","Russia","Premier League","2023/2024","Krasnodar","Spartak Moscow","2.25","3.91","3.18","1.01","16.00","1.16","4.45","1.67","2.41","2.40","1.49","4.20","1.17","1.52","2.46"
"67882","02-09-23 16:30","Russia","Premier League","2023/2024","Krylya Sovetov","Fakel Voronezh","1.89","3.65","4.74","1.04","7.60","1.37","2.79","2.30","1.72","3.92","1.20","7.60","1.04","2.04","1.74"
"67883","02-09-23 14:15","Russia","Premier League","2023/2024","Pari NN","Rubin Kazan","2.31","3.33","3.54","1.06","6.80","1.44","2.54","2.54","1.61","4.50","1.16","8.80","1.02","2.05","1.73"
"67884","02-09-23 12:00","Russia","Premier League","2023/2024","Ural","Akhmat Grozny","2.37","3.44","3.31","1.04","7.80","1.35","2.88","2.25","1.75","3.72","1.22","7.30","1.05","1.87","1.89"
"67885","27-08-23 19:00","Russia","Premier League","2023/2024","Sochi","Lokomotiv Moscow","2.32","3.81","3.11","1.01","16.00","1.16","4.40","1.67","2.40","2.40","1.48","4.20","1.17","1.49","2.54"
"67886","27-08-23 16:30","Russia","Premier League","2023/2024","Krylya Sovetov","Baltika","2.34","3.42","3.38","1.04","7.60","1.37","2.79","2.30","1.72","3.92","1.20","7.60","1.04","1.91","1.85"
"67887","26-08-23 19:00","Russia","Premier League","2023/2024","Pari NN","FK Rostov","2.91","3.21","2.78","1.07","6.35","1.59","2.60","2.59","1.51","4.85","1.14","9.60","1.01","2.09","1.71"
"67888","26-08-23 18:30","Russia","Premier League","2023/2024","Spartak Moscow","Akhmat Grozny","1.72","4.42","4.84","1.02","17.50","1.13","4.75","1.50","2.38","2.44","1.65","3.82","1.21","1.57","2.34"
"67889","26-08-23 16:30","Russia","Premier League","2023/2024","Rubin Kazan","Dynamo Moscow","3.31","3.84","2.21","","","1.18","4.15","1.75","2.26","2.57","1.43","4.55","1.15","1.57","2.33"
"67890","26-08-23 14:00","Russia","Premier League","2023/2024","Zenit","Ural","1.57","4.38","6.61","1.01","9.30","1.26","3.40","1.97","1.97","3.08","1.31","5.75","1.09","1.98","1.79"
"67891","25-08-23 19:00","Russia","Premier League","2023/2024","Fakel Voronezh","Krasnodar","3.56","3.52","2.22","1.03","8.00","1.34","2.93","2.21","1.78","3.70","1.22","7.20","1.05","1.88","1.88"
"67892","25-08-23 16:30","Russia","Premier League","2023/2024","Orenburg","CSKA Moscow","4.32","4.27","1.82","1.01","17.00","1.14","4.60","1.64","2.47","2.43","1.57","4.00","1.19","1.56","2.36"
"67893","20-08-23 19:00","Russia","Premier League","2023/2024","Akhmat Grozny","Orenburg","1.95","4.08","3.90","1.02","14.50","1.15","4.45","1.66","2.42","2.48","1.55","4.15","1.18","1.55","2.38"
"67894","20-08-23 18:30","Russia","Premier League","2023/2024","Spartak Moscow","Zenit","2.88","3.51","2.61","1.01","9.50","1.22","3.65","1.86","2.10","2.75","1.37","5.05","1.12","1.60","2.27"
"67895","20-08-23 16:30","Russia","Premier League","2023/2024","Fakel Voronezh","Pari NN","2.43","3.07","3.60","1.10","5.40","1.73","2.29","3.04","1.39","5.95","1.09","16.50","1.01","2.38","1.55"
"67896","19-08-23 19:00","Russia","Premier League","2023/2024","Sochi","FK Rostov","2.30","3.48","3.41","1.04","7.90","1.35","2.88","2.23","1.77","3.72","1.22","7.20","1.05","1.87","1.89"
"67897","19-08-23 18:30","Russia","Premier League","2023/2024","Krasnodar","Lokomotiv Moscow","1.86","4.10","4.27","","","1.17","4.15","1.73","2.29","2.65","1.49","4.50","1.16","1.62","2.23"
"67898","19-08-23 16:30","Russia","Premier League","2023/2024","Baltika","Ural","2.67","3.23","3.02","1.05","7.10","1.38","2.75","2.33","1.70","3.95","1.20","7.70","1.04","1.91","1.85"
"67899","19-08-23 14:00","Russia","Premier League","2023/2024","Dynamo Moscow","CSKA Moscow","2.78","3.89","2.51","","","1.17","4.25","1.70","2.33","2.48","1.46","4.40","1.16","1.53","2.42"
"67900","18-08-23 18:30","Russia","Premier League","2023/2024","Rubin Kazan","Krylya Sovetov","3.08","3.52","2.46","1.02","8.60","1.30","3.14","2.10","1.86","3.40","1.26","6.45","1.07","1.78","1.99"
"67901","14-08-23 18:30","Russia","Premier League","2023/2024","Pari NN","Akhmat Grozny","2.85","3.04","2.98","1.07","6.25","1.43","2.57","2.51","1.62","4.30","1.17","8.40","1.03","1.98","1.79"
"67902","13-08-23 19:00","Russia","Premier League","2023/2024","CSKA Moscow","Sochi","1.80","3.89","4.94","1.01","9.90","1.24","3.48","1.92","2.03","2.93","1.33","5.50","1.10","1.71","2.08"
"67903","13-08-23 16:30","Russia","Premier League","2023/2024","Zenit","Fakel Voronezh","1.39","5.35","9.40","","","1.22","3.72","1.83","2.14","2.75","1.38","5.00","1.12","2.08","1.71"
"67904","13-08-23 14:00","Russia","Premier League","2023/2024","Dynamo Moscow","Baltika","2.06","3.86","3.69","1.01","14.80","1.20","3.92","1.80","2.18","2.68","1.40","4.85","1.13","1.63","2.22"
"67905","12-08-23 19:00","Russia","Premier League","2023/2024","FK Rostov","Rubin Kazan","1.93","3.68","4.42","1.03","8.10","1.33","2.97","2.18","1.80","3.64","1.23","6.95","1.05","1.92","1.84"
"67906","12-08-23 16:30","Russia","Premier League","2023/2024","Orenburg","Krasnodar","3.60","4.04","2.04","1.02","13.50","1.15","4.55","1.64","2.46","2.43","1.57","4.05","1.19","1.52","2.46"
"67907","12-08-23 14:00","Russia","Premier League","2023/2024","Lokomotiv Moscow","Krylya Sovetov","1.84","4.26","4.21","1.02","17.50","1.14","4.70","1.57","2.43","2.47","1.64","3.90","1.19","1.55","2.38"
"67908","11-08-23 17:00","Russia","Premier League","2023/2024","Ural","Spartak Moscow","3.48","3.41","2.30","1.03","8.40","1.27","3.32","2.00","1.94","3.08","1.31","5.80","1.09","1.73","2.06"
"67909","06-08-23 19:00","Russia","Premier League","2023/2024","Sochi","Akhmat Grozny","2.24","3.58","3.46","1.02","9.20","1.25","3.48","1.94","2.00","2.97","1.33","5.55","1.10","1.70","2.10"
"67910","06-08-23 18:00","Russia","Premier League","2023/2024","Zenit","Dynamo Moscow","1.78","4.27","4.58","","","1.18","4.25","1.71","2.32","2.48","1.46","4.35","1.16","1.67","2.15"
"67911","06-08-23 16:30","Russia","Premier League","2023/2024","Baltika","Fakel Voronezh","2.08","3.46","4.06","1.04","7.50","1.36","2.83","2.26","1.75","3.72","1.22","7.30","1.05","1.94","1.82"
"67912","05-08-23 19:00","Russia","Premier League","2023/2024","CSKA Moscow","Lokomotiv Moscow","1.86","4.11","4.26","","","1.15","4.40","1.66","2.43","2.32","1.51","4.00","1.19","1.59","2.29"
"67913","05-08-23 16:30","Russia","Premier League","2023/2024","Orenburg","Ural","2.30","3.77","3.17","1.01","15.00","1.20","3.95","1.78","2.20","2.68","1.40","4.80","1.13","1.60","2.27"
"67914","05-08-23 16:30","Russia","Premier League","2023/2024","Rubin Kazan","Spartak Moscow","3.62","3.90","2.07","1.01","15.50","1.19","4.05","1.75","2.25","2.61","1.42","4.65","1.14","1.60","2.27"
"67915","05-08-23 14:00","Russia","Premier League","2023/2024","Krylya Sovetov","FK Rostov","2.32","3.52","3.33","1.02","8.60","1.28","3.26","2.02","1.92","3.20","1.29","5.95","1.08","1.74","2.04"
"67916","04-08-23 19:00","Russia","Premier League","2023/2024","Krasnodar","Pari NN","1.54","4.38","7.24","1.02","8.90","1.29","3.24","2.05","1.90","3.26","1.28","6.25","1.07","2.08","1.71"
"67917","31-07-23 18:30","Russia","Premier League","2023/2024","Spartak Moscow","Baltika","1.55","4.63","6.45","","","1.18","4.15","1.73","2.28","2.69","1.48","4.55","1.15","1.79","1.98"
"67918","30-07-23 19:00","Russia","Premier League","2023/2024","Akhmat Grozny","CSKA Moscow","3.39","3.39","2.36","1.04","7.70","1.33","2.96","2.20","1.78","3.55","1.24","6.95","1.05","1.85","1.91"
"67919","30-07-23 19:00","Russia","Premier League","2023/2024","Krasnodar","Sochi","1.89","3.87","4.37","1.01","9.50","1.26","3.40","1.95","1.99","3.02","1.32","5.70","1.09","1.78","1.99"
"67920","30-07-23 16:30","Russia","Premier League","2023/2024","Fakel Voronezh","Lokomotiv Moscow","2.82","3.65","2.58","1.01","9.80","1.24","3.55","1.90","2.05","2.93","1.34","5.40","1.10","1.66","2.16"
"67921","30-07-23 14:00","Russia","Premier League","2023/2024","Rubin Kazan","Orenburg","2.18","3.85","3.38","","","1.18","4.15","1.75","2.26","2.57","1.43","4.55","1.15","1.58","2.31"
"67922","29-07-23 19:00","Russia","Premier League","2023/2024","FK Rostov","Zenit","3.87","3.56","2.04","1.06","9.65","1.41","3.01","2.21","1.74","3.89","1.28","9.65","1.06","2.00","1.81"
"67923","29-07-23 16:30","Russia","Premier League","2023/2024","Ural","Pari NN","2.08","3.31","4.31","1.08","6.10","1.63","2.50","2.69","1.48","5.10","1.12","10.20","1.01","2.27","1.60"
"67924","29-07-23 14:00","Russia","Premier League","2023/2024","Krylya Sovetov","Dynamo Moscow","2.64","3.67","2.75","1.01","10.00","1.23","3.64","1.87","2.08","2.83","1.36","5.20","1.11","1.64","2.20"
"67925","23-07-23 19:00","Russia","Premier League","2023/2024","FK Rostov","Fakel Voronezh","2.11","3.54","3.85","1.04","7.90","1.35","2.88","2.25","1.75","3.72","1.22","7.30","1.05","1.91","1.85"
"67926","23-07-23 19:00","Russia","Premier League","2023/2024","Sochi","Baltika","1.94","3.90","4.12","1.01","9.90","1.23","3.64","1.89","2.06","2.88","1.35","5.30","1.11","1.72","2.07"
"67927","23-07-23 16:30","Russia","Premier League","2023/2024","Spartak Moscow","Orenburg","1.59","4.84","5.52","1.01","21.00","1.10","5.35","1.42","2.61","2.21","1.78","3.32","1.27","1.54","2.41"
"67928","22-07-23 19:00","Russia","Premier League","2023/2024","Akhmat Grozny","Krylya Sovetov","2.25","3.65","3.37","1.02","9.20","1.27","3.32","1.98","1.96","3.14","1.30","5.90","1.08","1.73","2.06"
"67929","22-07-23 16:30","Russia","Premier League","2023/2024","Lokomotiv Moscow","Rubin Kazan","1.77","4.17","4.74","1.01","15.00","1.20","3.94","1.78","2.20","2.68","1.40","4.80","1.13","1.70","2.10"
"67930","22-07-23 14:15","Russia","Premier League","2023/2024","Pari NN","Zenit","5.62","3.86","1.73","1.04","7.80","1.36","2.83","2.26","1.75","3.82","1.21","7.40","1.04","2.09","1.71"
"67931","22-07-23 12:00","Russia","Premier League","2023/2024","Ural","CSKA Moscow","3.94","3.31","2.18","1.06","6.65","1.42","2.61","2.47","1.64","4.30","1.17","8.40","1.03","2.04","1.74"
"67932","21-07-23 18:00","Russia","Premier League","2023/2024","Dynamo Moscow","Krasnodar","2.31","3.73","3.18","1.01","16.00","1.16","4.33","1.68","2.38","2.38","1.49","4.10","1.18","1.53","2.43"
"67933","03-06-23 16:00","Russia","Premier League","2022/2023","Akhmat Grozny","Krasnodar","2.64","3.86","2.65","1.02","19.00","1.15","4.50","1.66","2.42","2.46","1.56","4.10","1.18","1.50","2.51"
"67934","03-06-23 16:00","Russia","Premier League","2022/2023","CSKA Moscow","FK Rostov","1.51","4.88","6.75","1.01","16.00","1.17","4.24","1.69","2.36","2.42","1.47","4.24","1.17","1.79","1.98"
"67935","03-06-23 16:00","Russia","Premier League","2022/2023","Krylya Sovetov","Spartak Moscow","2.78","3.88","2.51","1.01","16.00","1.16","4.50","1.66","2.42","2.38","1.50","4.10","1.18","1.50","2.51"
"67936","03-06-23 16:00","Russia","Premier League","2022/2023","Lokomotiv Moscow","Torpedo Moscow","1.20","8.80","14.50","1.01","28.00","1.04","7.40","1.25","3.48","1.78","2.20","2.45","1.47","1.72","2.07"
"67937","03-06-23 16:00","Russia","Premier League","2022/2023","Orenburg","Dynamo Moscow","2.33","4.50","2.74","1.01","21.00","1.02","8.60","1.19","4.04","1.59","2.39","2.36","1.69","1.23","3.96"
"67938","03-06-23 16:00","Russia","Premier League","2022/2023","Pari NN","Khimki","1.40","5.30","8.80","1.01","15.00","1.20","3.98","1.77","2.22","2.64","1.41","4.70","1.14","1.98","1.78"
"67939","03-06-23 16:00","Russia","Premier League","2022/2023","Ural","Sochi","1.99","3.88","3.90","","","1.22","3.72","1.84","2.13","2.79","1.37","5.05","1.12","1.67","2.14"
"67940","03-06-23 16:00","Russia","Premier League","2022/2023","Zenit","Fakel Voronezh","2.17","3.64","3.58","1.02","9.10","1.28","3.26","2.00","1.94","3.20","1.29","6.00","1.08","1.76","2.01"
"67941","28-05-23 18:00","Russia","Premier League","2022/2023","FK Rostov","Akhmat Grozny","2.71","3.54","2.75","1.02","8.90","1.28","3.26","2.02","1.92","3.26","1.28","6.15","1.08","1.74","2.04"
"67942","28-05-23 15:30","Russia","Premier League","2022/2023","Dynamo Moscow","Lokomotiv Moscow","2.01","4.42","3.42","1.03","20.00","1.12","4.94","1.47","2.45","2.32","1.71","3.54","1.24","1.54","2.41"
"67943","28-05-23 15:30","Russia","Premier League","2022/2023","Fakel Voronezh","Krylya Sovetov","3.01","3.34","2.60","1.04","7.40","1.38","2.75","2.34","1.70","4.00","1.19","7.80","1.04","1.91","1.85"
"67944","28-05-23 13:00","Russia","Premier League","2022/2023","Spartak Moscow","Pari NN","1.62","4.36","5.95","1.01","10.00","1.23","3.64","1.87","2.09","2.83","1.36","5.20","1.11","1.86","1.90"
"67945","27-05-23 18:00","Russia","Premier League","2022/2023","Krasnodar","CSKA Moscow","4.18","4.00","1.90","1.01","10.00","1.18","4.04","1.75","2.25","2.51","1.44","4.44","1.15","1.63","2.22"
"67946","27-05-23 18:00","Russia","Premier League","2022/2023","Sochi","Zenit","2.97","3.72","2.44","","","1.21","3.82","1.83","2.14","2.75","1.38","5.00","1.12","1.61","2.25"
"67947","27-05-23 15:30","Russia","Premier League","2022/2023","Torpedo Moscow","Orenburg","3.88","4.56","1.85","1.02","28.00","1.06","6.90","1.28","3.26","1.87","2.09","2.64","1.41","1.33","3.18"
"67948","27-05-23 13:00","Russia","Premier League","2022/2023","Khimki","Ural","4.10","3.72","1.99","1.02","8.80","1.29","3.20","2.06","1.89","3.32","1.27","6.30","1.07","1.83","1.93"
"67949","22-05-23 18:00","Russia","Premier League","2022/2023","Pari NN","Sochi","3.08","3.19","2.66","1.07","6.35","1.60","2.57","2.59","1.51","4.84","1.13","9.70","1.01","2.11","1.69"
"67950","21-05-23 18:00","Russia","Premier League","2022/2023","Krasnodar","FK Rostov","1.82","4.10","4.46","1.01","16.00","1.19","4.04","1.75","2.25","2.61","1.42","4.64","1.14","1.66","2.16"
"67951","21-05-23 15:30","Russia","Premier League","2022/2023","Spartak Moscow","CSKA Moscow","3.00","3.50","2.53","1.01","9.80","1.20","4.04","1.78","2.21","2.58","1.44","4.54","1.14","1.56","2.36"
"67952","21-05-23 13:00","Russia","Premier League","2022/2023","Krylya Sovetov","Ural","2.14","3.58","3.72","1.03","8.20","1.32","3.04","2.16","1.82","3.54","1.24","6.80","1.06","1.86","1.90"
"67953","20-05-23 18:00","Russia","Premier League","2022/2023","Akhmat Grozny","Khimki","1.71","4.36","4.98","1.01","16.00","1.17","4.34","1.68","2.38","2.45","1.47","4.24","1.17","1.64","2.20"
"67954","20-05-23 15:30","Russia","Premier League","2022/2023","Orenburg","Zenit","4.14","4.32","1.84","1.02","21.00","1.11","5.25","1.43","2.57","2.25","1.75","3.40","1.26","1.47","2.60"
"67955","20-05-23 15:30","Russia","Premier League","2022/2023","Torpedo Moscow","Dynamo Moscow","9.40","6.05","1.34","1.01","21.00","1.11","5.20","1.43","2.57","2.25","1.75","3.40","1.26","1.77","2.00"
"67956","20-05-23 13:00","Russia","Premier League","2022/2023","Lokomotiv Moscow","Fakel Voronezh","2.34","3.68","3.17","1.01","9.90","1.24","3.54","1.90","2.05","2.93","1.34","5.40","1.10","1.67","2.15"
"67957","14-05-23 18:00","Russia","Premier League","2022/2023","Fakel Voronezh","Pari NN","2.21","3.30","3.82","1.07","6.40","1.58","2.60","2.59","1.51","4.80","1.14","9.60","1.01","2.16","1.66"
"67958","14-05-23 18:00","Russia","Premier League","2022/2023","Sochi","FK Rostov","2.10","3.56","3.84","1.02","9.00","1.24","3.54","1.90","2.05","2.88","1.35","5.20","1.11","1.69","2.11"
"67959","14-05-23 15:30","Russia","Premier League","2022/2023","Dynamo Moscow","Akhmat Grozny","1.81","4.16","4.46","1.02","14.50","1.18","4.20","1.72","2.31","2.54","1.44","4.44","1.15","1.63","2.22"
"67960","14-05-23 13:00","Russia","Premier League","2022/2023","Krylya Sovetov","Lokomotiv Moscow","2.10","3.86","3.54","1.01","15.50","1.18","4.10","1.74","2.26","2.57","1.43","4.54","1.14","1.59","2.29"
"67961","13-05-23 18:00","Russia","Premier League","2022/2023","CSKA Moscow","Torpedo Moscow","1.17","9.40","19.00","1.01","22.00","1.09","5.70","1.38","2.75","2.10","1.86","3.14","1.30","2.12","1.69"
"67962","13-05-23 15:30","Russia","Premier League","2022/2023","Zenit","Krasnodar","1.31","6.25","10.50","1.02","20.00","1.11","5.20","1.44","2.58","2.27","1.74","3.48","1.26","1.83","1.93"
"67963","13-05-23 13:00","Russia","Premier League","2022/2023","Khimki","Spartak Moscow","9.70","6.20","1.33","1.01","22.00","1.10","5.40","1.41","2.64","2.20","1.78","3.32","1.27","1.77","2.00"
"67964","13-05-23 11:00","Russia","Premier League","2022/2023","Ural","Orenburg","1.96","3.96","3.94","1.01","15.50","1.18","4.10","1.74","2.26","2.57","1.43","4.54","1.14","1.61","2.25"
"67965","08-05-23 16:00","Russia","Premier League","2022/2023","Lokomotiv Moscow","Sochi","1.96","3.94","3.96","1.01","16.00","1.18","4.20","1.72","2.30","2.53","1.45","4.44","1.15","1.60","2.27"
"67966","07-05-23 18:00","Russia","Premier League","2022/2023","Krasnodar","Krylya Sovetov","2.32","3.76","3.13","1.01","15.00","1.21","3.82","1.80","2.18","2.68","1.40","4.84","1.13","1.60","2.27"
"67967","07-05-23 17:00","Russia","Premier League","2022/2023","Zenit","Spartak Moscow","1.51","4.88","6.75","1.01","16.00","1.16","4.32","1.66","2.43","2.32","1.51","3.98","1.19","1.81","1.95"
"67968","07-05-23 15:30","Russia","Premier League","2022/2023","CSKA Moscow","Orenburg","1.53","5.05","6.05","1.01","24.00","1.09","5.60","1.39","2.71","2.14","1.83","3.24","1.29","1.55","2.38"
"67969","07-05-23 13:00","Russia","Premier League","2022/2023","Pari NN","Ural","3.02","3.15","2.73","1.08","6.05","1.63","2.50","2.72","1.47","5.15","1.12","","","2.16","1.66"
"67970","06-05-23 18:00","Russia","Premier League","2022/2023","FK Rostov","Fakel Voronezh","1.83","3.88","4.68","1.02","9.20","1.27","3.32","2.00","1.94","3.20","1.29","5.95","1.08","1.85","1.91"
"67971","06-05-23 15:30","Russia","Premier League","2022/2023","Torpedo Moscow","Akhmat Grozny","3.36","3.64","2.25","1.01","9.50","1.25","3.48","1.95","1.99","3.02","1.32","5.65","1.09","1.71","2.08"
"67972","06-05-23 13:00","Russia","Premier League","2022/2023","Khimki","Dynamo Moscow","4.82","4.42","1.72","1.03","18.00","1.14","4.60","1.64","2.46","2.43","1.57","4.00","1.20","1.59","2.29"
"67973","30-04-23 18:00","Russia","Premier League","2022/2023","Lokomotiv Moscow","Khimki","1.44","5.45","7.20","1.01","25.00","1.08","5.85","1.36","2.83","2.07","1.88","3.08","1.31","1.58","2.32"
"67974","30-04-23 15:30","Russia","Premier League","2022/2023","Sochi","Torpedo Moscow","1.50","5.10","6.45","1.01","16.00","1.16","4.40","1.68","2.38","2.48","1.46","4.32","1.16","1.77","2.00"
"67975","30-04-23 13:00","Russia","Premier League","2022/2023","Orenburg","Pari NN","1.72","4.32","4.94","1.01","15.00","1.17","4.24","1.71","2.32","2.51","1.45","4.40","1.16","1.66","2.16"
"67976","29-04-23 18:30","Russia","Premier League","2022/2023","Spartak Moscow","FK Rostov","1.83","4.14","4.38","1.01","10.00","1.17","4.24","1.69","2.36","2.38","1.49","4.10","1.18","1.64","2.20"
"67977","29-04-23 18:00","Russia","Premier League","2022/2023","Krasnodar","Ural","1.87","3.94","4.36","1.01","9.90","1.23","3.64","1.89","2.06","2.88","1.35","5.30","1.10","1.74","2.04"
"67978","29-04-23 15:30","Russia","Premier League","2022/2023","Akhmat Grozny","CSKA Moscow","3.62","3.62","2.15","1.02","8.70","1.29","3.20","2.06","1.89","3.32","1.27","6.35","1.07","1.80","1.96"
"67979","29-04-23 13:00","Russia","Premier League","2022/2023","Krylya Sovetov","Zenit","4.68","3.88","1.83","1.02","9.00","1.28","3.26","2.02","1.92","3.24","1.29","6.05","1.08","1.86","1.90"
"67980","28-04-23 19:00","Russia","Premier League","2022/2023","Dynamo Moscow","Fakel Voronezh","1.60","4.58","5.80","1.01","16.00","1.18","4.24","1.71","2.32","2.51","1.45","4.40","1.16","1.73","2.06"
"67981","24-04-23 18:00","Russia","Premier League","2022/2023","Spartak Moscow","Krasnodar","2.23","3.80","3.28","1.01","17.00","1.16","4.50","1.66","2.42","2.35","1.51","4.10","1.18","1.51","2.48"
"67982","23-04-23 18:30","Russia","Premier League","2022/2023","CSKA Moscow","Lokomotiv Moscow","1.89","4.12","4.12","","","1.21","3.82","1.81","2.17","2.68","1.40","4.80","1.13","1.72","2.07"
"67983","23-04-23 15:30","Russia","Premier League","2022/2023","Akhmat Grozny","Sochi","2.41","3.58","3.12","1.02","9.10","1.27","3.32","2.00","1.94","3.20","1.29","5.95","1.08","1.73","2.06"
"67984","23-04-23 13:00","Russia","Premier League","2022/2023","Pari NN","Krylya Sovetov","3.38","3.38","2.34","1.04","7.40","1.38","2.75","2.34","1.70","4.04","1.19","7.90","1.04","1.94","1.82"
"67985","23-04-23 11:00","Russia","Premier League","2022/2023","Ural","FK Rostov","2.34","3.38","3.38","1.05","7.20","1.40","2.68","2.38","1.68","4.14","1.18","8.10","1.03","1.96","1.80"
"67986","22-04-23 18:00","Russia","Premier League","2022/2023","Zenit","Dynamo Moscow","1.39","5.30","9.10","1.03","18.00","1.16","4.32","1.57","2.25","2.59","1.59","4.14","1.19","1.91","1.85"
"67987","22-04-23 15:30","Russia","Premier League","2022/2023","Fakel Voronezh","Orenburg","2.40","3.80","2.98","1.01","15.00","1.18","4.10","1.74","2.26","2.57","1.43","4.60","1.14","1.57","2.34"
"67988","22-04-23 13:00","Russia","Premier League","2022/2023","Khimki","Torpedo Moscow","2.25","3.58","3.40","1.02","8.90","1.28","3.26","2.03","1.91","3.26","1.28","6.15","1.08","1.76","2.01"
"67989","16-04-23 18:00","Russia","Premier League","2022/2023","FK Rostov","Zenit","6.00","4.24","1.63","1.02","8.70","1.26","3.34","1.97","1.97","3.04","1.31","5.65","1.09","1.94","1.82"
"67990","16-04-23 15:30","Russia","Premier League","2022/2023","Fakel Voronezh","Akhmat Grozny","2.55","3.34","3.07","1.04","7.90","1.33","2.97","2.17","1.81","3.54","1.24","6.80","1.06","1.82","1.94"
"67991","16-04-23 13:00","Russia","Premier League","2022/2023","Orenburg","Lokomotiv Moscow","2.34","4.04","2.93","1.04","21.00","1.11","5.20","1.44","2.54","2.26","1.74","3.48","1.25","1.42","2.77"
"67992","15-04-23 18:00","Russia","Premier League","2022/2023","Torpedo Moscow","Spartak Moscow","7.70","4.88","1.47","1.01","15.50","1.19","4.04","1.77","2.23","2.61","1.42","4.64","1.14","1.91","1.85"
"67993","15-04-23 15:30","Russia","Premier League","2022/2023","Sochi","Krasnodar","2.61","3.66","2.78","1.01","9.90","1.24","3.54","1.89","2.06","2.93","1.34","5.35","1.10","1.65","2.18"
"67994","15-04-23 15:30","Russia","Premier League","2022/2023","Ural","CSKA Moscow","3.42","3.34","2.34","1.05","6.95","1.42","2.61","2.46","1.64","4.32","1.17","8.60","1.03","2.01","1.76"
"67995","15-04-23 13:00","Russia","Premier League","2022/2023","Dynamo Moscow","Pari NN","1.49","4.62","7.80","1.01","9.40","1.26","3.40","1.97","1.97","3.08","1.31","5.75","1.09","2.11","1.69"
"67996","15-04-23 13:00","Russia","Premier League","2022/2023","Krylya Sovetov","Khimki","1.45","5.15","7.40","1.02","18.00","1.13","4.84","1.49","2.40","2.41","1.67","3.72","1.22","1.73","2.06"
"67997","10-04-23 16:00","Russia","Premier League","2022/2023","Orenburg","FK Rostov","2.10","3.80","3.62","1.01","16.00","1.17","4.24","1.71","2.32","2.48","1.46","4.32","1.16","1.56","2.36"
"67998","09-04-23 19:00","Russia","Premier League","2022/2023","Lokomotiv Moscow","Zenit","4.98","4.10","1.75","","","1.22","3.72","1.84","2.13","2.79","1.37","5.05","1.12","1.75","2.03"
"67999","09-04-23 18:00","Russia","Premier League","2022/2023","Krasnodar","Pari NN","1.58","4.26","6.65","1.03","8.50","1.31","3.08","2.11","1.85","3.48","1.25","6.60","1.06","2.11","1.69"
"68000","09-04-23 15:30","Russia","Premier League","2022/2023","CSKA Moscow","Khimki","1.23","7.50","14.00","1.01","22.00","1.10","5.30","1.42","2.61","2.21","1.78","3.32","1.27","1.98","1.78"
"68001","09-04-23 13:00","Russia","Premier League","2022/2023","Sochi","Krylya Sovetov","2.42","3.56","3.12","1.02","8.90","1.28","3.26","2.03","1.91","3.26","1.28","6.15","1.08","1.75","2.03"
"68002","08-04-23 18:30","Russia","Premier League","2022/2023","Spartak Moscow","Dynamo Moscow","2.16","3.68","3.54","1.01","9.90","1.21","3.74","1.84","2.12","2.75","1.37","5.00","1.12","1.62","2.23"
"68003","08-04-23 15:30","Russia","Premier League","2022/2023","Akhmat Grozny","Ural","2.29","3.56","3.34","1.02","8.60","1.30","3.14","2.07","1.88","3.32","1.27","6.40","1.07","1.79","1.98"
"68004","08-04-23 13:00","Russia","Premier League","2022/2023","Torpedo Moscow","Fakel Voronezh","3.22","3.44","2.41","1.04","7.90","1.35","2.88","2.23","1.77","3.72","1.22","7.20","1.05","1.87","1.89"
"68005","02-04-23 18:00","Russia","Premier League","2022/2023","FK Rostov","Torpedo Moscow","1.59","4.32","6.40","1.02","9.20","1.27","3.32","1.98","1.96","3.14","1.30","5.90","1.08","1.98","1.78"
"68006","02-04-23 15:30","Russia","Premier League","2022/2023","Fakel Voronezh","CSKA Moscow","4.78","3.90","1.81","1.02","9.10","1.27","3.32","2.00","1.94","3.20","1.29","5.95","1.08","1.86","1.90"
"68007","02-04-23 13:00","Russia","Premier League","2022/2023","Khimki","Krasnodar","4.26","4.08","1.86","1.01","15.00","1.18","4.20","1.73","2.28","2.54","1.44","4.50","1.15","1.63","2.22"
"68008","02-04-23 13:00","Russia","Premier League","2022/2023","Krylya Sovetov","Orenburg","2.03","3.90","3.72","1.01","15.50","1.18","4.10","1.74","2.26","2.57","1.43","4.54","1.14","1.60","2.27"
"68009","01-04-23 18:00","Russia","Premier League","2022/2023","Zenit","Ural","1.35","5.70","9.90","1.01","16.00","1.17","4.20","1.73","2.30","2.65","1.49","4.44","1.16","2.00","1.77"
"68010","01-04-23 15:30","Russia","Premier League","2022/2023","Spartak Moscow","Akhmat Grozny","1.55","4.82","6.10","1.03","19.00","1.14","4.54","1.52","2.30","2.54","1.61","3.98","1.19","1.65","2.18"
"68011","01-04-23 13:00","Russia","Premier League","2022/2023","Dynamo Moscow","Sochi","2.03","3.84","3.78","","","1.21","3.82","1.83","2.14","2.75","1.38","5.00","1.12","1.65","2.18"
"68012","01-04-23 13:00","Russia","Premier League","2022/2023","Pari NN","Lokomotiv Moscow","3.10","3.48","2.46","1.03","8.30","1.32","3.04","2.14","1.83","3.48","1.25","6.75","1.06","1.82","1.94"
"68013","19-03-23 17:30","Russia","Premier League","2022/2023","CSKA Moscow","Zenit","3.38","3.34","2.37","1.04","7.60","1.32","2.98","2.18","1.80","3.48","1.24","6.75","1.06","1.81","1.95"
"68014","19-03-23 14:30","Russia","Premier League","2022/2023","Krylya Sovetov","Akhmat Grozny","2.08","3.76","3.70","1.01","9.80","1.24","3.54","1.91","2.03","2.96","1.33","5.45","1.10","1.70","2.10"
"68016","19-03-23 12:00","Russia","Premier League","2022/2023","Khimki","FK Rostov","3.72","3.68","2.10","1.02","9.10","1.28","3.26","2.00","1.94","3.20","1.29","6.00","1.08","1.77","2.00"
"68017","18-03-23 17:30","Russia","Premier League","2022/2023","Lokomotiv Moscow","Krasnodar","2.30","3.66","3.24","1.01","10.00","1.21","3.82","1.82","2.16","2.71","1.39","4.90","1.12","1.61","2.25"
"68018","18-03-23 14:30","Russia","Premier League","2022/2023","Fakel Voronezh","Sochi","3.56","3.74","2.14","1.01","9.90","1.24","3.54","1.89","2.06","2.93","1.34","5.35","1.10","1.68","2.13"
"68019","18-03-23 12:15","Russia","Premier League","2022/2023","Ural","Dynamo Moscow","2.54","3.62","2.90","1.01","9.50","1.25","3.48","1.95","1.99","3.02","1.32","5.65","1.09","1.69","2.11"
"68020","18-03-23 10:00","Russia","Premier League","2022/2023","Orenburg","Spartak Moscow","3.74","4.14","1.97","1.02","20.00","1.12","5.00","1.46","2.48","2.34","1.70","3.64","1.23","1.47","2.60"
"68021","12-03-23 17:30","Russia","Premier League","2022/2023","FK Rostov","Pari NN","2.01","3.52","4.26","1.05","7.20","1.40","2.68","2.40","1.67","4.14","1.18","8.10","1.03","2.04","1.74"
"68022","12-03-23 14:30","Russia","Premier League","2022/2023","CSKA Moscow","Krylya Sovetov","1.79","3.88","4.98","1.02","8.80","1.29","3.24","2.03","1.91","3.26","1.28","6.20","1.07","1.89","1.87"
"68023","12-03-23 12:00","Russia","Premier League","2022/2023","Zenit","Khimki","1.08","17.00","37.00","","","1.05","7.40","1.25","3.48","1.77","2.23","2.43","1.48","2.45","1.52"
"68024","11-03-23 17:00","Russia","Premier League","2022/2023","Krasnodar","Dynamo Moscow","2.28","3.78","3.20","1.01","15.00","1.21","3.92","1.79","2.19","2.69","1.41","4.80","1.13","1.60","2.27"
"68025","11-03-23 14:30","Russia","Premier League","2022/2023","Akhmat Grozny","Lokomotiv Moscow","2.44","3.68","3.00","1.01","10.00","1.22","3.72","1.86","2.10","2.83","1.36","5.15","1.11","1.63","2.22"
"68026","11-03-23 14:30","Russia","Premier League","2022/2023","Spartak Moscow","Fakel Voronezh","1.31","6.20","10.50","1.01","17.00","1.14","4.70","1.51","2.35","2.46","1.64","3.82","1.21","1.92","1.84"
"68027","11-03-23 12:00","Russia","Premier League","2022/2023","Torpedo Moscow","Ural","4.78","3.92","1.81","1.02","9.20","1.27","3.32","1.99","1.95","3.14","1.30","5.90","1.08","1.84","1.92"
"68028","10-03-23 17:00","Russia","Premier League","2022/2023","Sochi","Orenburg","1.74","4.42","4.68","1.01","17.00","1.13","4.90","1.48","2.43","2.38","1.68","3.72","1.22","1.54","2.41"
"68029","05-03-23 17:30","Russia","Premier League","2022/2023","Sochi","CSKA Moscow","2.87","3.70","2.52","1.01","10.00","1.22","3.64","1.87","2.09","2.84","1.35","5.20","1.11","1.62","2.24"
"68030","05-03-23 14:30","Russia","Premier League","2022/2023","Krasnodar","Torpedo Moscow","1.42","5.10","8.60","","","1.22","3.72","1.85","2.11","2.82","1.36","5.10","1.11","2.06","1.73"
"68031","05-03-23 12:00","Russia","Premier League","2022/2023","Dynamo Moscow","Krylya Sovetov","1.74","4.26","4.84","1.01","15.00","1.18","4.14","1.73","2.28","2.54","1.44","4.50","1.15","1.67","2.15"
"68032","04-03-23 17:30","Russia","Premier League","2022/2023","FK Rostov","Lokomotiv Moscow","2.52","3.32","3.14","1.04","7.60","1.35","2.88","2.23","1.77","3.72","1.22","7.20","1.05","1.86","1.90"
"68033","04-03-23 14:30","Russia","Premier League","2022/2023","Akhmat Grozny","Orenburg","2.33","3.72","3.14","1.01","16.00","1.18","4.24","1.72","2.31","2.48","1.46","4.40","1.16","1.54","2.41"
"68034","04-03-23 14:30","Russia","Premier League","2022/2023","Zenit","Pari NN","1.17","8.80","22.00","1.01","16.00","1.17","4.30","1.69","2.36","2.45","1.47","4.30","1.16","2.73","1.43"
"68035","04-03-23 12:00","Russia","Premier League","2022/2023","Spartak Moscow","Ural","1.68","4.32","5.25","1.01","15.50","1.19","4.04","1.75","2.25","2.61","1.42","4.64","1.14","1.72","2.07"
"68036","03-03-23 17:00","Russia","Premier League","2022/2023","Fakel Voronezh","Khimki","1.86","3.92","4.46","1.01","9.80","1.24","3.54","1.91","2.03","2.97","1.33","5.45","1.10","1.76","2.01"
"68037","13-11-22 17:30","Russia","Premier League","2022/2023","Dynamo Moscow","CSKA Moscow","2.83","3.44","2.69","1.02","8.80","1.28","3.40","1.98","1.96","3.20","1.31","5.85","1.08","1.72","2.07"
"68038","13-11-22 14:30","Russia","Premier League","2022/2023","Khimki","Sochi","4.58","4.28","1.77","1.01","17.00","1.17","4.54","1.66","2.41","2.45","1.50","4.20","1.17","1.61","2.25"
"68039","13-11-22 12:00","Russia","Premier League","2022/2023","Orenburg","Krasnodar","1.93","4.22","3.84","1.01","16.00","1.12","5.05","1.47","2.53","2.33","1.71","3.62","1.25","1.48","2.57"
"68040","12-11-22 17:30","Russia","Premier League","2022/2023","Lokomotiv Moscow","Spartak Moscow","4.34","3.92","1.88","","","1.21","4.04","1.79","2.19","2.73","1.41","4.80","1.13","1.64","2.20"
"68041","12-11-22 14:30","Russia","Premier League","2022/2023","Torpedo Moscow","Zenit","20.00","8.80","1.17","1.01","17.00","1.11","5.20","1.44","2.62","2.24","1.76","3.48","1.27","2.36","1.56"
"68042","12-11-22 12:00","Russia","Premier League","2022/2023","Krylya Sovetov","FK Rostov","2.45","3.60","3.03","1.02","9.20","1.28","3.40","1.97","1.97","3.14","1.32","5.80","1.09","1.72","2.07"
"68043","12-11-22 10:00","Russia","Premier League","2022/2023","Ural","Fakel Voronezh","1.86","3.88","4.54","1.02","9.20","1.28","3.40","1.98","1.96","3.20","1.31","5.90","1.08","1.83","1.93"
"68044","11-11-22 17:00","Russia","Premier League","2022/2023","Pari NN","Akhmat Grozny","3.24","3.34","2.45","1.04","7.70","1.35","2.98","2.21","1.78","3.62","1.25","6.95","1.05","1.86","1.90"
"68045","06-11-22 17:00","Russia","Premier League","2022/2023","FK Rostov","Dynamo Moscow","2.53","3.74","2.84","","","1.22","3.90","1.80","2.18","2.69","1.42","4.80","1.13","1.61","2.25"
"68046","06-11-22 14:30","Russia","Premier League","2022/2023","Torpedo Moscow","Krylya Sovetov","4.68","3.92","1.83","1.02","9.20","1.28","3.40","1.98","1.96","3.20","1.31","5.90","1.08","1.84","1.92"
"68047","06-11-22 12:00","Russia","Premier League","2022/2023","Ural","Lokomotiv Moscow","2.22","3.76","3.34","","","1.23","3.80","1.83","2.14","2.81","1.39","5.05","1.12","1.64","2.20"
"68048","05-11-22 17:00","Russia","Premier League","2022/2023","CSKA Moscow","Pari NN","1.36","5.30","11.00","1.01","9.50","1.27","3.48","1.96","1.98","3.14","1.32","5.70","1.09","2.39","1.55"
"68049","05-11-22 14:30","Russia","Premier League","2022/2023","Fakel Voronezh","Krasnodar","3.28","3.58","2.32","1.02","8.80","1.30","3.26","2.05","1.90","3.36","1.29","6.25","1.07","1.78","1.99"
"68050","05-11-22 14:30","Russia","Premier League","2022/2023","Zenit","Akhmat Grozny","1.17","9.10","19.00","","","1.08","5.95","1.36","2.94","2.03","1.91","3.04","1.34","2.15","1.67"
"68051","05-11-22 12:00","Russia","Premier League","2022/2023","Sochi","Spartak Moscow","3.62","4.04","2.03","1.02","14.50","1.13","4.84","1.50","2.45","2.40","1.67","3.80","1.23","1.49","2.54"
"68052","04-11-22 17:00","Russia","Premier League","2022/2023","Khimki","Orenburg","4.88","4.28","1.73","1.01","16.00","1.12","4.94","1.49","2.47","2.35","1.70","3.72","1.24","1.51","2.48"
"68053","30-10-22 17:30","Russia","Premier League","2022/2023","Krasnodar","Zenit","6.85","4.54","1.54","1.01","16.00","1.15","4.50","1.56","2.30","2.54","1.61","4.04","1.21","1.67","2.15"
"68054","30-10-22 14:30","Russia","Premier League","2022/2023","Spartak Moscow","Torpedo Moscow","1.29","6.45","11.50","","","1.11","5.15","1.46","2.56","2.31","1.72","3.54","1.26","1.95","1.81"
"68055","30-10-22 12:00","Russia","Premier League","2022/2023","Krylya Sovetov","Pari NN","1.76","3.90","5.15","1.03","8.50","1.32","3.14","2.11","1.85","3.48","1.27","6.60","1.06","1.95","1.81"
"68056","30-10-22 12:00","Russia","Premier League","2022/2023","Sochi","Ural","2.02","3.98","3.70","1.01","15.00","1.18","4.40","1.70","2.35","2.50","1.48","4.32","1.16","1.57","2.34"
"68057","29-10-22 18:00","Russia","Premier League","2022/2023","Lokomotiv Moscow","CSKA Moscow","3.90","4.00","1.96","1.01","16.00","1.18","4.40","1.70","2.34","2.50","1.48","4.32","1.16","1.58","2.32"
"68058","29-10-22 15:30","Russia","Premier League","2022/2023","Akhmat Grozny","FK Rostov","2.28","3.76","3.20","1.01","10.50","1.22","3.90","1.80","2.18","2.73","1.41","4.90","1.13","1.62","2.24"
"68059","29-10-22 13:00","Russia","Premier League","2022/2023","Dynamo Moscow","Khimki","1.30","6.35","10.50","1.01","17.00","1.10","5.35","1.43","2.66","2.21","1.78","3.40","1.28","1.84","1.92"
"68060","28-10-22 16:00","Russia","Premier League","2022/2023","Orenburg","Fakel Voronezh","1.73","4.22","4.94","1.01","15.00","1.19","4.30","1.72","2.31","2.56","1.46","4.44","1.15","1.65","2.18"
"68061","24-10-22 19:00","Russia","Premier League","2022/2023","Zenit","Sochi","1.32","6.30","10.00","","","1.10","5.40","1.43","2.66","2.22","1.77","3.40","1.28","1.81","1.95"
"68062","24-10-22 16:30","Russia","Premier League","2022/2023","Ural","Krylya Sovetov","2.70","3.44","2.82","1.03","8.10","1.34","3.04","2.20","1.79","3.72","1.24","6.95","1.05","1.84","1.92"
"68063","23-10-22 18:00","Russia","Premier League","2022/2023","Akhmat Grozny","Torpedo Moscow","1.53","4.64","6.80","","","1.23","3.80","1.83","2.14","2.81","1.39","5.00","1.12","1.89","1.87"
"68064","23-10-22 15:30","Russia","Premier League","2022/2023","Spartak Moscow","Khimki","1.37","5.85","8.80","1.01","16.00","1.10","5.55","1.41","2.73","2.17","1.81","3.26","1.30","1.71","2.08"
"68065","23-10-22 13:00","Russia","Premier League","2022/2023","Orenburg","CSKA Moscow","3.30","3.90","2.18","1.01","16.00","1.18","4.40","1.70","2.34","2.53","1.47","4.32","1.16","1.56","2.36"
"68066","22-10-22 18:00","Russia","Premier League","2022/2023","Lokomotiv Moscow","Dynamo Moscow","2.80","3.76","2.54","1.01","10.50","1.22","3.90","1.81","2.16","2.77","1.40","4.90","1.13","1.61","2.25"
"68067","22-10-22 15:30","Russia","Premier League","2022/2023","Fakel Voronezh","FK Rostov","3.22","3.46","2.40","1.03","8.00","1.35","2.98","2.20","1.79","3.72","1.24","7.10","1.05","1.86","1.90"
"68068","22-10-22 13:00","Russia","Premier League","2022/2023","Pari NN","Krasnodar","3.38","3.48","2.31","1.03","8.10","1.34","3.04","2.18","1.80","3.62","1.25","6.95","1.05","1.86","1.90"
"68069","16-10-22 19:00","Russia","Premier League","2022/2023","CSKA Moscow","Spartak Moscow","1.98","3.92","3.88","1.01","9.70","1.26","3.54","1.93","2.02","3.04","1.34","5.50","1.10","1.77","2.00"
"68070","16-10-22 15:30","Russia","Premier League","2022/2023","Pari NN","Zenit","8.80","5.35","1.40","1.01","16.00","1.17","4.20","1.71","2.32","2.66","1.51","4.50","1.17","1.95","1.81"
"68071","16-10-22 13:00","Russia","Premier League","2022/2023","Krylya Sovetov","Sochi","2.53","3.72","2.84","","","1.22","3.90","1.81","2.17","2.77","1.40","4.94","1.12","1.61","2.25"
"68072","15-10-22 18:30","Russia","Premier League","2022/2023","Dynamo Moscow","Orenburg","1.89","4.12","4.12","1.01","16.00","1.18","4.44","1.69","2.37","2.50","1.48","4.30","1.16","1.59","2.29"
"68073","15-10-22 15:30","Russia","Premier League","2022/2023","Krasnodar","Akhmat Grozny","2.23","3.82","3.26","","","1.21","4.04","1.79","2.19","2.73","1.41","4.80","1.13","1.61","2.25"
"68074","15-10-22 13:00","Russia","Premier League","2022/2023","Khimki","Fakel Voronezh","3.08","3.54","2.45","1.02","8.80","1.30","3.26","2.05","1.90","3.36","1.29","6.25","1.07","1.77","2.00"
"68075","15-10-22 13:00","Russia","Premier League","2022/2023","Torpedo Moscow","Lokomotiv Moscow","4.62","3.92","1.84","1.01","9.40","1.27","3.48","1.96","1.98","3.10","1.33","5.70","1.09","1.81","1.95"
"68076","14-10-22 18:30","Russia","Premier League","2022/2023","FK Rostov","Ural","1.86","3.90","4.52","1.01","9.40","1.27","3.48","1.96","1.98","3.14","1.32","5.75","1.09","1.81","1.95"
"68077","09-10-22 18:00","Russia","Premier League","2022/2023","FK Rostov","Krasnodar","2.09","3.82","3.60","","","1.22","3.90","1.82","2.15","2.77","1.40","5.00","1.12","1.65","2.18"
"68078","09-10-22 15:30","Russia","Premier League","2022/2023","Orenburg","Akhmat Grozny","2.43","3.78","2.95","","","1.21","4.04","1.77","2.23","2.66","1.43","4.70","1.14","1.59","2.29"
"68079","09-10-22 15:30","Russia","Premier League","2022/2023","Torpedo Moscow","Pari NN","3.24","3.30","2.48","1.06","6.90","1.44","2.62","2.48","1.64","4.50","1.18","8.60","1.02","2.02","1.76"
"68080","09-10-22 13:00","Russia","Premier League","2022/2023","Spartak Moscow","Krylya Sovetov","1.77","4.28","4.58","1.01","15.50","1.21","4.04","1.76","2.24","2.66","1.43","4.64","1.14","1.70","2.10"
"68081","08-10-22 18:00","Russia","Premier League","2022/2023","Sochi","Lokomotiv Moscow","2.03","4.00","3.64","1.01","17.00","1.17","4.54","1.66","2.43","2.42","1.51","4.14","1.18","1.54","2.41"
"68082","08-10-22 15:30","Russia","Premier League","2022/2023","CSKA Moscow","Dynamo Moscow","1.96","3.92","4.00","1.01","10.00","1.24","3.72","1.88","2.07","2.92","1.36","5.25","1.11","1.71","2.08"
"68083","08-10-22 13:00","Russia","Premier League","2022/2023","Fakel Voronezh","Zenit","9.10","5.70","1.37","1.01","17.00","1.14","4.60","1.54","2.35","2.50","1.63","4.04","1.21","1.91","1.85"
"68084","07-10-22 16:30","Russia","Premier League","2022/2023","Ural","Khimki","1.79","4.04","4.72","1.01","10.00","1.24","3.72","1.86","2.10","2.89","1.37","5.20","1.11","1.76","2.01"
"68085","03-10-22 18:00","Russia","Premier League","2022/2023","Krylya Sovetov","Krasnodar","2.05","3.76","3.80","1.01","9.90","1.25","3.62","1.89","2.06","2.94","1.36","5.35","1.10","1.69","2.11"
"68086","02-10-22 18:00","Russia","Premier League","2022/2023","Akhmat Grozny","Dynamo Moscow","2.63","3.62","2.78","1.01","9.50","1.26","3.54","1.94","2.00","3.10","1.33","5.60","1.09","1.69","2.11"
"68087","02-10-22 18:00","Russia","Premier League","2022/2023","Pari NN","Spartak Moscow","6.05","4.08","1.65","1.02","8.80","1.28","3.40","1.98","1.97","3.10","1.33","5.65","1.09","1.91","1.85"
"68088","02-10-22 15:30","Russia","Premier League","2022/2023","Zenit","FK Rostov","1.26","6.80","13.00","1.01","16.00","1.12","5.00","1.48","2.50","2.34","1.70","3.62","1.25","2.01","1.76"
"68089","02-10-22 13:00","Russia","Premier League","2022/2023","Fakel Voronezh","Torpedo Moscow","1.91","3.62","4.64","1.04","7.50","1.39","2.81","2.31","1.72","4.04","1.21","7.70","1.04","2.05","1.73"
"68090","01-10-22 18:00","Russia","Premier League","2022/2023","Lokomotiv Moscow","Ural","1.82","4.00","4.64","1.01","10.00","1.24","3.72","1.86","2.10","2.89","1.37","5.20","1.11","1.75","2.03"
"68091","01-10-22 15:30","Russia","Premier League","2022/2023","Khimki","CSKA Moscow","7.00","4.94","1.49","1.01","16.00","1.18","4.40","1.69","2.37","2.50","1.48","4.30","1.16","1.80","1.96"
"68092","01-10-22 13:00","Russia","Premier League","2022/2023","Orenburg","Sochi","2.97","3.82","2.40","1.01","16.00","1.19","4.24","1.73","2.29","2.56","1.46","4.50","1.15","1.56","2.36"
"68093","18-09-22 18:00","Russia","Premier League","2022/2023","Spartak Moscow","Lokomotiv Moscow","1.67","4.64","4.98","1.01","17.00","1.14","4.64","1.53","2.38","2.49","1.63","3.90","1.22","1.62","2.24"
"68094","18-09-22 15:30","Russia","Premier League","2022/2023","Krasnodar","Khimki","1.73","4.28","4.88","1.01","16.00","1.20","4.20","1.75","2.26","2.62","1.44","4.60","1.14","1.69","2.11"
"68095","18-09-22 15:30","Russia","Premier League","2022/2023","Sochi","Fakel Voronezh","1.52","4.78","6.70","1.01","16.00","1.17","4.24","1.70","2.33","2.63","1.52","4.44","1.18","1.79","1.98"
"68096","18-09-22 13:00","Russia","Premier League","2022/2023","Pari NN","Orenburg","2.27","3.54","3.40","1.03","8.40","1.32","3.14","2.12","1.84","3.54","1.26","6.60","1.06","1.83","1.93"
"68097","17-09-22 18:00","Russia","Premier League","2022/2023","Dynamo Moscow","Zenit","6.45","4.48","1.57","1.01","15.00","1.21","4.04","1.77","2.22","2.69","1.42","4.70","1.14","1.76","2.01"
"68098","17-09-22 15:30","Russia","Premier League","2022/2023","FK Rostov","Krylya Sovetov","1.93","3.86","4.18","1.01","9.60","1.26","3.54","1.94","2.00","3.08","1.33","5.60","1.09","1.77","2.00"
"68099","17-09-22 13:00","Russia","Premier League","2022/2023","Torpedo Moscow","CSKA Moscow","12.00","6.15","1.30","","","1.21","4.04","1.77","2.23","2.66","1.43","4.60","1.14","2.36","1.56"
"68100","17-09-22 11:00","Russia","Premier League","2022/2023","Ural","Akhmat Grozny","2.65","3.52","2.82","1.02","8.70","1.31","3.20","2.08","1.88","3.40","1.28","6.35","1.07","1.78","1.99"
"68101","11-09-22 18:45","Russia","Premier League","2022/2023","FK Rostov","Spartak Moscow","2.73","3.72","2.63","","","1.22","3.90","1.82","2.15","2.81","1.39","5.00","1.12","1.62","2.24"
"68102","11-09-22 16:30","Russia","Premier League","2022/2023","Zenit","Orenburg","1.17","9.40","19.00","","","1.07","6.25","1.33","3.08","1.97","1.97","2.89","1.37","2.09","1.70"
"68103","11-09-22 14:00","Russia","Premier League","2022/2023","Fakel Voronezh","Lokomotiv Moscow","3.26","3.70","2.28","1.01","9.90","1.24","3.72","1.88","2.08","2.94","1.36","5.25","1.11","1.67","2.15"
"68104","11-09-22 12:00","Russia","Premier League","2022/2023","Ural","Torpedo Moscow","1.90","3.70","4.58","1.03","8.20","1.34","3.04","2.18","1.80","3.62","1.25","6.90","1.06","1.95","1.81"
"68105","10-09-22 18:45","Russia","Premier League","2022/2023","Akhmat Grozny","Pari NN","1.86","3.86","4.52","1.02","9.20","1.28","3.40","1.99","1.95","3.20","1.31","5.95","1.08","1.83","1.93"
"68106","10-09-22 16:30","Russia","Premier League","2022/2023","CSKA Moscow","Krasnodar","1.50","4.88","6.90","1.01","15.00","1.16","4.64","1.64","2.47","2.39","1.52","4.10","1.18","1.72","2.07"
"68107","10-09-22 14:00","Russia","Premier League","2022/2023","Khimki","Krylya Sovetov","4.28","3.96","1.89","1.01","10.00","1.24","3.72","1.86","2.10","2.89","1.37","5.15","1.11","1.72","2.07"
"68108","09-09-22 19:00","Russia","Premier League","2022/2023","Sochi","Dynamo Moscow","2.04","3.92","3.70","1.01","17.00","1.18","4.40","1.69","2.36","2.50","1.48","4.30","1.16","1.57","2.34"
"68109","05-09-22 19:00","Russia","Premier League","2022/2023","Torpedo Moscow","FK Rostov","5.75","3.96","1.69","1.01","9.90","1.26","3.54","1.93","2.01","3.08","1.33","5.60","1.09","1.79","1.98"
"68110","04-09-22 19:00","Russia","Premier League","2022/2023","Spartak Moscow","Zenit","4.00","4.00","1.94","1.01","16.00","1.18","4.30","1.72","2.31","2.56","1.46","4.50","1.15","1.57","2.33"
"68111","04-09-22 16:30","Russia","Premier League","2022/2023","Lokomotiv Moscow","Akhmat Grozny","2.18","3.76","3.40","1.01","10.00","1.23","3.80","1.85","2.11","2.85","1.38","5.15","1.11","1.66","2.16"
"68112","04-09-22 14:00","Russia","Premier League","2022/2023","Krylya Sovetov","CSKA Moscow","3.40","3.72","2.20","1.01","9.90","1.25","3.62","1.90","2.05","2.98","1.35","5.40","1.10","1.69","2.11"
"68113","03-09-22 19:30","Russia","Premier League","2022/2023","Dynamo Moscow","Ural","1.65","4.22","5.80","1.01","9.40","1.27","3.48","1.96","1.98","3.14","1.32","5.75","1.09","1.91","1.85"
"68114","03-09-22 17:30","Russia","Premier League","2022/2023","Krasnodar","Sochi","2.78","3.80","2.55","1.01","16.00","1.18","4.34","1.70","2.34","2.53","1.47","4.34","1.16","1.54","2.41"
"68115","03-09-22 14:00","Russia","Premier League","2022/2023","Pari NN","Fakel Voronezh","2.22","3.58","3.48","1.03","8.60","1.31","3.20","2.10","1.86","3.48","1.27","6.45","1.06","1.81","1.95"
"68116","03-09-22 12:00","Russia","Premier League","2022/2023","Orenburg","Khimki","1.91","3.86","4.28","","","1.24","3.72","1.87","2.08","2.94","1.36","5.30","1.10","1.69","2.11"
"68117","28-08-22 18:45","Russia","Premier League","2022/2023","FK Rostov","CSKA Moscow","3.22","3.70","2.29","1.01","9.90","1.24","3.72","1.88","2.07","2.94","1.36","5.25","1.11","1.66","2.16"
"68118","28-08-22 16:30","Russia","Premier League","2022/2023","Torpedo Moscow","Krasnodar","3.64","3.70","2.12","1.01","9.40","1.27","3.48","1.96","1.98","3.14","1.32","5.70","1.09","1.74","2.04"
"68119","28-08-22 14:00","Russia","Premier League","2022/2023","Lokomotiv Moscow","Orenburg","1.81","4.06","4.58","1.01","10.50","1.22","3.90","1.81","2.17","2.77","1.40","4.90","1.12","1.71","2.08"
"68120","28-08-22 12:00","Russia","Premier League","2022/2023","Ural","Zenit","15.00","6.85","1.24","1.01","16.00","1.17","4.50","1.68","2.39","2.45","1.50","4.20","1.17","2.34","1.57"
"68121","27-08-22 19:00","Russia","Premier League","2022/2023","Akhmat Grozny","Krylya Sovetov","2.26","3.70","3.28","1.01","10.00","1.24","3.72","1.88","2.08","2.94","1.36","5.25","1.11","1.67","2.15"
"68122","27-08-22 16:30","Russia","Premier League","2022/2023","Fakel Voronezh","Spartak Moscow","5.20","4.24","1.70","","","1.21","4.04","1.78","2.21","2.73","1.41","4.80","1.13","1.70","2.10"
"68123","27-08-22 14:00","Russia","Premier League","2022/2023","Pari NN","Dynamo Moscow","3.94","3.66","2.04","1.03","8.60","1.32","3.14","2.10","1.86","3.48","1.27","6.45","1.06","1.85","1.91"
"68124","26-08-22 19:00","Russia","Premier League","2022/2023","Sochi","Khimki","1.56","4.68","6.20","1.01","16.00","1.17","4.50","1.66","2.41","2.45","1.50","4.20","1.17","1.72","2.07"
"68125","21-08-22 19:00","Russia","Premier League","2022/2023","Krasnodar","Orenburg","1.77","4.04","4.94","1.01","9.90","1.25","3.62","1.90","2.05","2.98","1.35","5.40","1.10","1.80","1.96"
"68126","21-08-22 16:30","Russia","Premier League","2022/2023","Zenit","Torpedo Moscow","1.17","9.30","20.00","","","1.08","5.95","1.36","2.92","2.05","1.90","3.04","1.34","2.17","1.66"
"68127","21-08-22 14:00","Russia","Premier League","2022/2023","CSKA Moscow","Akhmat Grozny","1.81","3.98","4.68","1.01","9.80","1.25","3.62","1.91","2.03","2.98","1.35","5.45","1.10","1.79","1.98"
"68128","20-08-22 19:00","Russia","Premier League","2022/2023","FK Rostov","Sochi","2.54","3.68","2.84","1.01","9.90","1.24","3.72","1.88","2.07","2.94","1.36","5.25","1.11","1.65","2.18"
"68129","20-08-22 16:30","Russia","Premier League","2022/2023","Dynamo Moscow","Spartak Moscow","3.46","3.74","2.17","1.01","16.50","1.23","3.80","1.84","2.12","2.85","1.38","5.15","1.11","1.62","2.23"
"68130","20-08-22 14:00","Russia","Premier League","2022/2023","Khimki","Lokomotiv Moscow","2.74","3.64","2.65","1.01","9.90","1.25","3.62","1.90","2.05","2.98","1.35","5.40","1.10","1.66","2.16"
"68131","20-08-22 12:00","Russia","Premier League","2022/2023","Ural","Pari NN","2.14","3.36","3.96","1.05","7.00","1.41","2.73","2.39","1.68","4.14","1.20","7.90","1.04","2.01","1.76"
"68132","19-08-22 18:00","Russia","Premier League","2022/2023","Krylya Sovetov","Fakel Voronezh","1.77","4.00","4.94","","","1.21","4.04","1.79","2.20","2.73","1.41","4.80","1.13","1.67","2.14"
"68133","14-08-22 19:00","Russia","Premier League","2022/2023","Spartak Moscow","Sochi","1.97","3.94","3.92","","","1.18","4.32","1.71","2.32","2.53","1.47","4.32","1.16","1.59","2.29"
"68134","14-08-22 16:30","Russia","Premier League","2022/2023","Orenburg","Torpedo Moscow","2.21","3.66","3.42","1.02","8.90","1.29","3.34","2.03","1.91","3.32","1.29","6.15","1.08","1.77","2.00"
"68135","14-08-22 16:30","Russia","Premier League","2022/2023","Pari NN","FK Rostov","4.12","3.58","2.03","1.04","7.80","1.37","2.89","2.26","1.75","3.90","1.22","7.40","1.04","1.95","1.81"
"68136","14-08-22 14:00","Russia","Premier League","2022/2023","Khimki","Akhmat Grozny","2.93","3.40","2.62","1.04","7.80","1.36","2.94","2.24","1.76","3.80","1.23","7.30","1.05","1.88","1.88"
"68137","13-08-22 19:00","Russia","Premier League","2022/2023","Dynamo Moscow","Krasnodar","1.73","4.28","4.88","1.01","16.00","1.18","4.32","1.72","2.31","2.53","1.47","4.40","1.16","1.66","2.16"
"68138","13-08-22 16:00","Russia","Premier League","2022/2023","Zenit","CSKA Moscow","1.55","4.58","6.60","1.01","16.00","1.19","4.24","1.73","2.29","2.61","1.45","4.54","1.15","1.74","2.04"
"68139","13-08-22 14:00","Russia","Premier League","2022/2023","Lokomotiv Moscow","Krylya Sovetov","2.53","3.60","2.92","1.02","13.50","1.19","4.20","1.74","2.28","2.62","1.44","4.60","1.14","1.51","2.48"
"68140","12-08-22 18:30","Russia","Premier League","2022/2023","Fakel Voronezh","Ural","2.09","3.72","3.72","1.02","9.20","1.28","3.40","1.99","1.95","3.20","1.31","5.90","1.08","1.77","2.00"
"68141","07-08-22 19:00","Russia","Premier League","2022/2023","FK Rostov","Orenburg","1.68","4.18","5.50","1.01","9.70","1.26","3.54","1.93","2.01","3.04","1.34","5.55","1.10","1.86","1.90"
"68142","07-08-22 19:00","Russia","Premier League","2022/2023","Sochi","Pari NN","1.46","4.94","7.80","","","1.20","4.14","1.76","2.24","2.66","1.43","4.64","1.14","1.91","1.85"
"68143","07-08-22 16:30","Russia","Premier League","2022/2023","Krylya Sovetov","Dynamo Moscow","2.30","3.74","3.19","1.01","9.60","1.25","3.62","1.91","2.03","2.98","1.35","5.45","1.10","1.72","2.07"
"68144","07-08-22 14:00","Russia","Premier League","2022/2023","Torpedo Moscow","Khimki","3.42","3.42","2.32","1.03","8.30","1.33","3.10","2.15","1.82","3.54","1.26","6.80","1.06","1.80","1.96"
"68145","06-08-22 19:00","Russia","Premier League","2022/2023","Akhmat Grozny","Zenit","7.00","4.74","1.51","","","1.20","4.20","1.74","2.27","2.62","1.44","4.60","1.14","1.78","1.99"
"68146","06-08-22 19:00","Russia","Premier League","2022/2023","Krasnodar","Lokomotiv Moscow","2.39","3.72","3.04","","","1.20","4.20","1.74","2.27","2.59","1.45","4.50","1.15","1.57","2.34"
"68147","06-08-22 16:30","Russia","Premier League","2022/2023","CSKA Moscow","Fakel Voronezh","1.56","4.01","4.89","","","1.16","4.35","1.59","2.16","2.50","1.44","4.64","1.14","1.68","2.00"
"68148","06-08-22 14:00","Russia","Premier League","2022/2023","Ural","Spartak Moscow","5.10","4.22","1.72","1.01","10.00","1.26","3.54","1.93","2.01","3.10","1.33","5.60","1.09","1.85","1.91"
"68149","31-07-22 19:00","Russia","Premier League","2022/2023","FK Rostov","Khimki","1.81","3.98","4.74","1.02","9.60","1.29","3.46","1.98","1.96","3.26","1.32","5.95","1.09","1.87","1.89"
"68150","31-07-22 16:30","Russia","Premier League","2022/2023","Krylya Sovetov","Torpedo Moscow","1.65","4.28","5.75","1.01","10.50","1.23","3.98","1.81","2.16","2.78","1.42","4.90","1.13","1.80","1.96"
"68151","31-07-22 16:30","Russia","Premier League","2022/2023","Spartak Moscow","Orenburg","1.43","5.25","7.70","","","1.19","4.50","1.69","2.37","2.54","1.49","4.34","1.17","1.90","1.86"
"68152","31-07-22 14:00","Russia","Premier League","2022/2023","Pari NN","CSKA Moscow","6.40","4.26","1.60","1.03","8.80","1.33","3.20","2.11","1.85","3.62","1.27","6.75","1.06","2.11","1.69"
"68153","30-07-22 19:00","Russia","Premier League","2022/2023","Sochi","Akhmat Grozny","2.07","3.60","3.90","1.02","9.30","1.29","3.46","1.99","1.95","3.26","1.32","6.00","1.09","1.75","2.03"
"68154","30-07-22 16:30","Russia","Premier League","2022/2023","Zenit","Lokomotiv Moscow","1.30","6.65","10.00","","","1.13","5.65","1.50","2.87","2.10","1.70","3.34","1.27","1.92","1.84"
"68155","30-07-22 14:00","Russia","Premier League","2022/2023","Fakel Voronezh","Dynamo Moscow","3.46","3.60","2.22","1.02","9.30","1.28","3.54","1.96","1.98","3.14","1.34","5.75","1.10","1.74","2.04"
"68156","29-07-22 17:00","Russia","Premier League","2022/2023","Ural","Krasnodar","2.68","3.46","2.83","1.03","8.40","1.34","3.14","2.14","1.82","3.62","1.27","6.85","1.06","1.83","1.93"
"68157","24-07-22 19:00","Russia","Premier League","2022/2023","Akhmat Grozny","Fakel Voronezh","1.82","3.92","4.74","1.02","9.30","1.29","3.46","1.99","1.95","3.26","1.32","5.95","1.09","1.87","1.89"
"68158","24-07-22 19:00","Russia","Premier League","2022/2023","Lokomotiv Moscow","FK Rostov","2.62","3.52","2.86","1.02","9.20","1.29","3.46","2.00","1.94","3.26","1.32","6.00","1.09","1.74","2.04"
"68159","24-07-22 16:30","Russia","Premier League","2022/2023","Dynamo Moscow","Torpedo Moscow","1.58","4.44","6.25","1.01","10.00","1.25","3.78","1.87","2.08","2.94","1.38","5.30","1.11","1.90","1.86"
"68160","24-07-22 14:00","Russia","Premier League","2022/2023","Khimki","Pari NN","2.12","3.50","3.84","1.04","7.80","1.39","2.90","2.31","1.72","3.98","1.23","7.70","1.05","1.98","1.78"
"68161","23-07-22 19:00","Russia","Premier League","2022/2023","Krasnodar","Spartak Moscow","3.36","3.58","2.27","1.02","9.50","1.27","3.62","1.93","2.02","3.04","1.36","5.50","1.10","1.71","2.08"
"68162","23-07-22 16:30","Russia","Premier League","2022/2023","Orenburg","Ural","2.37","3.38","3.34","1.05","7.50","1.41","2.82","2.37","1.69","4.10","1.22","8.00","1.04","1.97","1.80"
"68163","23-07-22 14:00","Russia","Premier League","2022/2023","CSKA Moscow","Sochi","2.27","3.58","3.36","1.02","9.50","1.27","3.62","1.93","2.02","3.04","1.36","5.55","1.10","1.71","2.08"
"68164","22-07-22 19:00","Russia","Premier League","2022/2023","Zenit","Krylya Sovetov","1.41","5.60","7.70","1.01","17.00","1.12","5.15","1.48","2.57","2.33","1.71","3.78","1.25","1.74","2.04"
"68165","17-07-22 19:00","Russia","Premier League","2022/2023","Dynamo Moscow","FK Rostov","1.93","3.70","4.40","1.03","8.60","1.31","3.32","2.03","1.92","3.32","1.31","6.15","1.08","1.85","1.91"
"68166","17-07-22 19:00","Russia","Premier League","2022/2023","Krasnodar","Fakel Voronezh","1.70","4.08","5.50","1.02","9.80","1.28","3.54","1.94","2.00","3.14","1.34","5.70","1.10","1.87","1.89"
"68167","17-07-22 16:30","Russia","Premier League","2022/2023","Lokomotiv Moscow","Pari NN","1.82","3.70","5.10","1.02","9.20","1.31","3.32","2.03","1.91","3.40","1.30","6.30","1.08","1.83","1.93"
"68168","17-07-22 14:00","Russia","Premier League","2022/2023","Torpedo Moscow","Sochi","3.76","3.66","2.09","1.02","9.30","1.29","3.46","1.99","1.95","3.26","1.32","6.00","1.09","1.77","2.00"
"68169","16-07-22 19:00","Russia","Premier League","2022/2023","Akhmat Grozny","Spartak Moscow","2.67","3.40","2.88","1.03","8.10","1.35","3.10","2.18","1.80","3.70","1.26","6.95","1.06","1.85","1.91"
"68170","16-07-22 16:30","Russia","Premier League","2022/2023","Orenburg","Krylya Sovetov","2.86","3.50","2.62","1.03","8.60","1.33","3.20","2.12","1.84","3.54","1.28","6.70","1.06","1.82","1.94"
"68171","16-07-22 14:00","Russia","Premier League","2022/2023","CSKA Moscow","Ural","1.83","3.74","4.94","1.04","8.00","1.37","2.99","2.24","1.76","3.88","1.24","7.40","1.05","2.04","1.74"
"68172","15-07-22 19:00","Russia","Premier League","2022/2023","Khimki","Zenit","11.50","6.15","1.30","1.01","17.00","1.18","4.64","1.66","2.43","2.52","1.50","4.32","1.17","2.03","1.75"
"68173","21-05-22 16:00","Russia","Premier League","2021/2022","Arsenal Tula","Ural","8.20","4.84","1.45","1.02","9.90","1.27","3.62","1.93","2.01","3.10","1.35","5.60","1.10","2.19","1.64"
"68174","21-05-22 16:00","Russia","Premier League","2021/2022","CSKA Moscow","FK Rostov","1.66","4.38","5.45","","","1.21","4.20","1.73","2.29","2.64","1.46","4.54","1.15","1.75","2.02"
"68175","21-05-22 16:00","Russia","Premier League","2021/2022","Dynamo Moscow","Sochi","2.30","3.50","3.36","1.01","10.00","1.23","3.98","1.83","2.14","2.82","1.41","5.00","1.13","1.69","2.11"
"68176","21-05-22 16:00","Russia","Premier League","2021/2022","Khimki","Spartak Moscow","3.03","3.88","2.33","","","1.18","4.60","1.67","2.40","2.49","1.51","4.24","1.18","1.59","2.29"
"68177","21-05-22 16:00","Russia","Premier League","2021/2022","Krasnodar","Akhmat Grozny","2.91","3.88","2.41","","","1.12","5.05","1.50","2.52","2.33","1.71","3.70","1.26","1.60","2.27"
"68178","21-05-22 16:00","Russia","Premier League","2021/2022","Krylya Sovetov","Lokomotiv Moscow","1.94","4.10","3.90","1.01","15.00","1.12","5.10","1.49","2.54","2.25","1.75","3.54","1.28","1.56","2.36"
"68179","21-05-22 16:00","Russia","Premier League","2021/2022","Pari NN","Zenit","4.02","3.70","2.01","1.03","8.80","1.32","3.26","2.08","1.87","3.50","1.29","6.55","1.07","1.92","1.84"
"68180","21-05-22 16:00","Russia","Premier League","2021/2022","Rubin Kazan","Ufa","3.17","3.58","2.37","1.02","9.20","1.30","3.40","2.02","1.92","3.32","1.31","6.15","1.08","1.79","1.97"
"68181","15-05-22 18:00","Russia","Premier League","2021/2022","Krasnodar","CSKA Moscow","3.24","3.80","2.24","1.01","11.50","1.21","4.20","1.76","2.24","2.69","1.45","4.70","1.14","1.60","2.27"
"68182","15-05-22 15:30","Russia","Premier League","2021/2022","Spartak Moscow","Zenit","4.64","4.38","1.75","1.01","17.00","1.11","5.30","1.46","2.64","2.25","1.75","3.54","1.28","1.60","2.27"
"68183","15-05-22 13:00","Russia","Premier League","2021/2022","Ural","Rubin Kazan","1.90","3.78","4.44","1.03","8.90","1.32","3.26","2.06","1.89","3.40","1.30","6.35","1.08","1.91","1.85"
"68184","14-05-22 18:00","Russia","Premier League","2021/2022","Akhmat Grozny","Krylya Sovetov","2.48","3.80","2.86","","","1.21","4.20","1.75","2.26","2.67","1.45","4.64","1.15","1.74","2.04"
"68185","14-05-22 15:30","Russia","Premier League","2021/2022","FK Rostov","Khimki","2.17","3.70","3.50","1.02","9.30","1.28","3.54","1.95","1.99","3.10","1.35","5.65","1.10","1.85","1.91"
"68186","14-05-22 15:30","Russia","Premier League","2021/2022","Lokomotiv Moscow","Dynamo Moscow","3.80","3.86","2.02","","","1.21","4.20","1.73","2.29","2.64","1.46","4.54","1.15","1.69","2.11"
"68187","14-05-22 13:00","Russia","Premier League","2021/2022","Ufa","Arsenal Tula","1.72","4.12","5.20","1.02","9.70","1.28","3.54","1.95","1.99","3.14","1.34","5.75","1.10","1.97","1.80"
"68188","13-05-22 18:00","Russia","Premier League","2021/2022","Sochi","Pari NN","1.54","4.68","6.60","","","1.22","4.10","1.79","2.19","2.86","1.40","5.05","1.12","1.88","1.88"
"68189","08-05-22 18:00","Russia","Premier League","2021/2022","Lokomotiv Moscow","Rubin Kazan","2.49","3.72","2.89","1.01","10.50","1.24","3.88","1.84","2.12","2.86","1.40","5.15","1.12","1.69","2.11"
"68190","08-05-22 15:30","Russia","Premier League","2021/2022","Arsenal Tula","Krasnodar","2.68","3.50","2.80","1.03","8.90","1.31","3.32","2.04","1.90","3.40","1.30","6.25","1.08","1.83","1.93"
"68191","08-05-22 13:00","Russia","Premier League","2021/2022","Ufa","FK Rostov","2.18","3.54","3.62","1.02","9.10","1.31","3.32","2.03","1.91","3.40","1.30","6.20","1.08","1.90","1.86"
"68192","07-05-22 18:00","Russia","Premier League","2021/2022","CSKA Moscow","Sochi","2.34","3.54","3.24","1.02","9.10","1.30","3.40","2.02","1.93","3.32","1.31","6.15","1.08","1.80","1.97"
"68193","07-05-22 15:30","Russia","Premier League","2021/2022","Pari NN","Akhmat Grozny","3.09","3.36","2.53","1.05","7.50","1.41","2.82","2.37","1.69","4.20","1.21","8.00","1.04","2.03","1.75"
"68194","07-05-22 15:30","Russia","Premier League","2021/2022","Zenit","Khimki","1.24","7.30","13.00","","","1.10","5.65","1.41","2.82","2.10","1.85","3.20","1.33","2.03","1.75"
"68195","07-05-22 13:00","Russia","Premier League","2021/2022","Ural","Spartak Moscow","2.90","3.70","2.49","1.02","9.70","1.28","3.54","1.95","1.99","3.14","1.34","5.75","1.10","1.85","1.91"
"68196","06-05-22 17:00","Russia","Premier League","2021/2022","Krylya Sovetov","Dynamo Moscow","2.65","3.30","2.98","1.05","7.60","1.36","3.02","2.22","1.77","3.70","1.26","7.10","1.06","1.93","1.83"
"68197","04-05-22 18:00","Russia","Premier League","2021/2022","Krasnodar","Lokomotiv Moscow","2.76","4.00","2.48","1.01","17.00","1.12","5.20","1.48","2.57","2.29","1.73","3.62","1.27","1.45","2.77"
"68198","02-05-22 18:00","Russia","Premier League","2021/2022","Arsenal Tula","Pari NN","2.86","3.15","2.86","1.06","6.95","1.41","2.82","2.34","1.70","4.10","1.22","7.70","1.05","1.92","1.88"
"68199","01-05-22 18:00","Russia","Premier League","2021/2022","Akhmat Grozny","CSKA Moscow","2.81","3.70","2.57","1.01","10.50","1.24","3.88","1.84","2.12","2.90","1.39","5.15","1.12","1.65","2.24"
"68200","01-05-22 15:30","Russia","Premier League","2021/2022","Khimki","Ufa","2.60","3.48","2.92","1.03","8.40","1.35","3.10","2.14","1.82","3.62","1.27","6.90","1.06","1.84","1.96"
"68201","01-05-22 13:00","Russia","Premier League","2021/2022","Spartak Moscow","Krylya Sovetov","1.77","3.86","5.20","1.01","10.50","1.23","3.98","1.82","2.15","2.82","1.41","5.00","1.13","1.68","2.19"
"68202","30-04-22 18:30","Russia","Premier League","2021/2022","Zenit","Lokomotiv Moscow","1.25","7.10","13.00","","","1.11","5.40","1.44","2.70","2.21","1.78","3.46","1.29","1.99","1.82"
"68203","30-04-22 15:30","Russia","Premier League","2021/2022","Krasnodar","FK Rostov","2.62","3.64","2.78","1.02","9.80","1.27","3.62","1.93","2.01","3.10","1.35","5.65","1.10","1.73","2.05"
"68204","30-04-22 13:00","Russia","Premier League","2021/2022","Dynamo Moscow","Ural","1.46","4.64","8.80","1.03","8.60","1.33","3.18","2.12","1.84","3.54","1.28","6.70","1.06","2.41","1.54"
"68205","30-04-22 13:00","Russia","Premier League","2021/2022","Rubin Kazan","Sochi","3.88","3.74","2.03","1.02","9.30","1.30","3.40","2.01","1.93","3.32","1.31","6.10","1.08","1.84","1.92"
"68206","25-04-22 18:00","Russia","Premier League","2021/2022","Krasnodar","Zenit","9.20","5.75","1.36","1.01","17.00","1.17","4.74","1.64","2.47","2.46","1.52","4.20","1.18","1.94","1.82"
"68207","24-04-22 18:30","Russia","Premier League","2021/2022","CSKA Moscow","Dynamo Moscow","2.93","3.56","2.54","1.02","9.80","1.23","3.98","1.82","2.15","2.78","1.42","4.90","1.13","1.80","1.96"
"68208","24-04-22 15:30","Russia","Premier League","2021/2022","FK Rostov","Spartak Moscow","3.34","3.13","2.52","1.06","7.20","1.36","3.04","2.21","1.78","3.62","1.27","6.90","1.06","1.92","1.84"
"68209","24-04-22 13:00","Russia","Premier League","2021/2022","Khimki","Krylya Sovetov","3.62","3.60","2.16","1.03","8.60","1.33","3.20","2.10","1.85","3.54","1.28","6.65","1.07","1.88","1.88"
"68210","24-04-22 13:00","Russia","Premier League","2021/2022","Rubin Kazan","Arsenal Tula","1.83","4.08","4.48","","","1.24","3.88","1.84","2.12","2.94","1.38","5.25","1.12","2.00","1.77"
"68211","23-04-22 18:00","Russia","Premier League","2021/2022","Sochi","Akhmat Grozny","1.97","3.74","4.14","1.03","8.90","1.32","3.26","2.07","1.88","3.46","1.29","6.40","1.08","1.90","1.86"
"68212","23-04-22 15:30","Russia","Premier League","2021/2022","Lokomotiv Moscow","Pari NN","1.97","3.76","4.12","1.02","9.30","1.30","3.40","2.01","1.94","3.32","1.31","6.10","1.08","2.09","1.70"
"68213","23-04-22 13:00","Russia","Premier League","2021/2022","Ural","Ufa","2.82","3.08","2.98","1.11","6.10","1.67","2.40","2.82","1.41","5.55","1.10","","","2.45","1.52"
"68214","17-04-22 18:00","Russia","Premier League","2021/2022","Pari NN","Khimki","3.11","3.24","2.59","1.07","6.65","1.49","2.54","2.62","1.58","4.90","1.17","9.60","1.02","2.16","1.66"
"68215","17-04-22 15:30","Russia","Premier League","2021/2022","Krylya Sovetov","Krasnodar","1.72","3.98","5.50","1.03","8.80","1.33","3.20","2.09","1.86","3.54","1.28","6.55","1.07","2.07","1.72"
"68216","17-04-22 15:30","Russia","Premier League","2021/2022","Sochi","Lokomotiv Moscow","1.73","3.92","5.45","1.02","9.80","1.25","3.78","1.89","2.06","2.94","1.38","5.30","1.11","1.85","1.91"
"68217","17-04-22 13:00","Russia","Premier League","2021/2022","Arsenal Tula","FK Rostov","3.56","3.52","2.21","1.04","8.10","1.37","2.99","2.24","1.76","3.88","1.24","7.30","1.05","1.96","1.80"
"68218","16-04-22 18:00","Russia","Premier League","2021/2022","Spartak Moscow","Rubin Kazan","1.53","4.44","7.30","1.02","9.10","1.31","3.32","2.04","1.90","3.40","1.30","6.25","1.08","2.20","1.64"
"68219","16-04-22 15:30","Russia","Premier League","2021/2022","Zenit","Ural","1.23","7.10","15.00","","","1.14","4.84","1.53","2.44","2.45","1.65","3.98","1.23","2.23","1.62"
"68220","16-04-22 13:00","Russia","Premier League","2021/2022","Ufa","CSKA Moscow","4.02","3.56","2.05","1.04","7.90","1.38","2.94","2.27","1.74","3.98","1.23","7.50","1.05","2.05","1.73"
"68221","15-04-22 18:30","Russia","Premier League","2021/2022","Dynamo Moscow","Akhmat Grozny","1.69","4.08","5.65","1.02","9.20","1.30","3.40","2.02","1.92","3.32","1.31","6.15","1.08","1.99","1.78"
"68222","10-04-22 18:30","Russia","Premier League","2021/2022","FK Rostov","Lokomotiv Moscow","2.75","3.28","2.87","1.04","7.80","1.35","3.10","2.16","1.81","3.62","1.27","6.75","1.06","1.92","1.84"
"68223","10-04-22 15:30","Russia","Premier League","2021/2022","Spartak Moscow","Arsenal Tula","1.43","4.94","8.60","1.01","10.00","1.26","3.70","1.88","2.07","2.99","1.37","5.35","1.11","2.16","1.66"
"68224","10-04-22 13:00","Russia","Premier League","2021/2022","Ufa","Sochi","2.83","3.32","2.77","1.05","7.40","1.42","2.78","2.38","1.68","4.20","1.21","8.20","1.04","2.04","1.74"
"68225","10-04-22 11:00","Russia","Premier League","2021/2022","Ural","Krylya Sovetov","2.92","3.11","2.85","1.08","6.20","1.60","2.56","2.71","1.52","5.15","1.15","10.00","1.02","2.22","1.63"
"68226","09-04-22 18:30","Russia","Premier League","2021/2022","Akhmat Grozny","Zenit","4.58","3.98","1.83","1.01","10.50","1.24","3.88","1.83","2.14","2.86","1.40","5.10","1.12","1.87","1.89"
"68227","09-04-22 15:30","Russia","Premier League","2021/2022","Rubin Kazan","Krasnodar","2.01","3.86","3.84","1.01","10.00","1.28","3.54","1.96","1.98","3.20","1.33","5.90","1.09","1.80","1.96"
"68228","09-04-22 13:00","Russia","Premier League","2021/2022","Khimki","CSKA Moscow","5.90","4.34","1.63","1.01","10.00","1.26","3.70","1.89","2.06","2.99","1.37","5.40","1.11","2.01","1.76"
"68229","09-04-22 13:00","Russia","Premier League","2021/2022","Pari NN","Dynamo Moscow","7.00","3.98","1.61","1.05","7.60","1.38","2.94","2.26","1.75","3.88","1.24","7.40","1.05","2.33","1.57"
"68230","06-04-22 18:00","Russia","Premier League","2021/2022","FK Rostov","Krylya Sovetov","2.76","3.26","2.89","1.06","7.20","1.41","2.82","2.37","1.69","4.10","1.22","8.00","1.04","2.03","1.75"
"68231","03-04-22 18:00","Russia","Premier League","2021/2022","Sochi","Zenit","4.84","4.12","1.77","1.01","10.50","1.24","3.88","1.84","2.12","2.86","1.40","5.15","1.12","1.81","1.95"
"68232","03-04-22 15:30","Russia","Premier League","2021/2022","CSKA Moscow","Ural","1.47","4.48","8.70","1.04","8.10","1.37","2.99","2.22","1.77","3.88","1.24","7.30","1.05","2.50","1.50"
"68233","03-04-22 13:00","Russia","Premier League","2021/2022","Krasnodar","Dynamo Moscow","3.72","3.78","2.07","1.01","10.00","1.26","3.70","1.91","2.04","3.04","1.36","5.45","1.10","1.74","2.04"
"68234","02-04-22 18:30","Russia","Premier League","2021/2022","Lokomotiv Moscow","Spartak Moscow","4.26","3.46","2.03","1.03","8.70","1.29","3.50","1.97","1.98","3.14","1.34","5.70","1.10","1.85","1.91"
"68235","02-04-22 15:30","Russia","Premier League","2021/2022","FK Rostov","Pari NN","1.85","3.54","5.15","1.06","6.70","1.49","2.54","2.62","1.58","4.84","1.17","9.60","1.02","2.39","1.55"
"68236","02-04-22 13:00","Russia","Premier League","2021/2022","Arsenal Tula","Akhmat Grozny","3.78","3.52","2.13","1.04","7.90","1.38","2.94","2.26","1.75","3.88","1.24","7.50","1.05","2.06","1.73"
"68237","02-04-22 13:00","Russia","Premier League","2021/2022","Krylya Sovetov","Ufa","2.02","3.34","4.52","1.08","6.20","1.62","2.53","2.74","1.51","5.35","1.14","10.50","1.02","2.40","1.54"
"68238","01-04-22 18:00","Russia","Premier League","2021/2022","Rubin Kazan","Khimki","3.09","3.40","2.51","1.04","8.30","1.33","3.20","2.12","1.84","3.54","1.28","6.60","1.07","1.86","1.90"
"68239","20-03-22 18:00","Russia","Premier League","2021/2022","Dynamo Moscow","FK Rostov","1.41","4.90","10.00","1.03","8.80","1.33","3.20","2.09","1.86","3.54","1.28","6.55","1.07","2.52","1.50"
"68240","20-03-22 14:30","Russia","Premier League","2021/2022","Sochi","Krylya Sovetov","2.19","3.40","3.74","1.04","7.90","1.37","2.99","2.24","1.76","3.88","1.24","7.40","1.05","1.97","1.80"
"68241","20-03-22 12:00","Russia","Premier League","2021/2022","CSKA Moscow","Rubin Kazan","1.43","5.00","8.40","1.01","10.00","1.24","3.88","1.83","2.14","2.82","1.41","4.94","1.13","2.21","1.63"
"68242","20-03-22 12:00","Russia","Premier League","2021/2022","Ufa","Krasnodar","2.62","3.24","3.07","1.06","6.85","1.47","2.60","2.54","1.61","4.70","1.18","9.20","1.03","2.17","1.66"
"68243","19-03-22 17:30","Russia","Premier League","2021/2022","Zenit","Arsenal Tula","1.24","7.10","14.00","","","1.13","4.94","1.51","2.49","2.38","1.68","3.78","1.25","2.12","1.68"
"68244","19-03-22 14:30","Russia","Premier League","2021/2022","Akhmat Grozny","Lokomotiv Moscow","2.10","3.64","3.76","1.04","8.30","1.33","3.20","2.10","1.85","3.50","1.29","6.45","1.07","1.92","1.84"
"68245","19-03-22 12:00","Russia","Premier League","2021/2022","Pari NN","Spartak Moscow","5.90","3.94","1.69","1.04","8.10","1.36","3.02","2.22","1.77","3.78","1.25","7.30","1.05","2.18","1.65"
"68246","19-03-22 10:00","Russia","Premier League","2021/2022","Ural","Khimki","2.01","3.34","4.58","1.08","6.20","1.62","2.53","2.74","1.51","5.30","1.14","10.50","1.02","2.41","1.54"
"68247","14-03-22 17:00","Russia","Premier League","2021/2022","Rubin Kazan","FK Rostov","2.37","3.34","3.38","1.05","7.30","1.42","2.78","2.38","1.68","4.20","1.21","8.10","1.04","2.12","1.69"
"68248","13-03-22 17:00","Russia","Premier League","2021/2022","Spartak Moscow","Krasnodar","1.60","4.58","5.85","1.01","10.50","1.23","3.98","1.80","2.18","2.74","1.43","4.80","1.14","1.89","1.87"
"68249","13-03-22 14:30","Russia","Premier League","2021/2022","Krylya Sovetov","Zenit","4.74","4.12","1.78","1.01","10.50","1.23","3.98","1.82","2.14","2.82","1.41","5.00","1.13","1.78","1.99"
"68250","13-03-22 12:00","Russia","Premier League","2021/2022","Khimki","Sochi","4.74","3.96","1.81","1.02","9.60","1.28","3.54","1.96","1.98","3.20","1.33","5.85","1.09","1.90","1.86"
"68251","13-03-22 10:00","Russia","Premier League","2021/2022","Ural","Akhmat Grozny","3.32","3.07","2.57","1.10","5.65","1.69","2.37","2.99","1.45","5.85","1.12","11.50","1.01","2.44","1.53"
"68252","12-03-22 17:00","Russia","Premier League","2021/2022","Lokomotiv Moscow","CSKA Moscow","4.10","3.36","2.11","1.05","7.30","1.38","2.94","2.25","1.75","3.78","1.25","7.30","1.05","2.02","1.76"
"68253","12-03-22 14:30","Russia","Premier League","2021/2022","Arsenal Tula","Dynamo Moscow","5.20","3.92","1.76","1.03","8.60","1.33","3.20","2.10","1.85","3.54","1.28","6.65","1.07","2.02","1.76"
"68254","12-03-22 12:00","Russia","Premier League","2021/2022","Ufa","Pari NN","1.76","3.64","5.80","1.06","6.75","1.49","2.54","2.59","1.59","4.84","1.17","9.50","1.03","2.48","1.51"
"68255","07-03-22 17:00","Russia","Premier League","2021/2022","Akhmat Grozny","Rubin Kazan","1.94","3.90","4.08","1.02","9.70","1.28","3.54","1.95","1.99","3.14","1.34","5.70","1.10","1.89","1.87"
"68256","07-03-22 14:30","Russia","Premier League","2021/2022","FK Rostov","Sochi","2.97","3.48","2.56","1.03","8.40","1.35","3.10","2.16","1.81","3.70","1.26","6.90","1.06","1.88","1.88"
"68257","07-03-22 14:30","Russia","Premier League","2021/2022","Zenit","Ufa","1.22","7.30","16.00","1.02","22.00","1.11","5.30","1.47","2.60","2.29","1.73","3.62","1.27","2.32","1.58"
"68258","07-03-22 12:00","Russia","Premier League","2021/2022","Krasnodar","Ural","2.77","3.30","2.85","1.05","7.50","1.39","2.90","2.29","1.73","3.98","1.23","7.60","1.05","1.96","1.80"
"68259","06-03-22 17:00","Russia","Premier League","2021/2022","Dynamo Moscow","Spartak Moscow","2.41","3.36","3.30","1.02","9.20","1.29","3.46","1.98","1.96","3.20","1.33","5.95","1.09","1.78","1.99"
"68260","06-03-22 12:00","Russia","Premier League","2021/2022","Krylya Sovetov","Arsenal Tula","1.86","3.72","4.78","1.04","8.00","1.37","2.99","2.24","1.76","3.88","1.24","7.40","1.05","2.08","1.71"
"68261","06-03-22 12:00","Russia","Premier League","2021/2022","Lokomotiv Moscow","Khimki","1.91","3.70","4.48","1.04","8.30","1.36","3.04","2.19","1.79","3.78","1.25","7.10","1.06","2.07","1.72"
"68262","05-03-22 17:00","Russia","Premier League","2021/2022","CSKA Moscow","Pari NN","1.48","4.54","8.20","1.03","8.60","1.34","3.14","2.13","1.83","3.62","1.27","6.75","1.06","2.39","1.55"
"68263","28-02-22 17:00","Russia","Premier League","2021/2022","Zenit","Rubin Kazan","1.21","6.93","16.00","1.02","24.00","1.13","6.45","1.42","2.96","2.09","1.83","3.43","1.33","1.85","1.96"
"68264","27-02-22 17:00","Russia","Premier League","2021/2022","Akhmat Grozny","Ufa","1.82","3.54","5.03","1.10","7.53","1.45","2.82","2.40","1.60","4.78","1.20","10.50","1.06","2.01","1.80"
"68265","26-02-22 17:00","Russia","Premier League","2021/2022","Spartak Moscow","CSKA Moscow","2.98","3.19","2.62","1.08","8.70","1.36","3.26","2.19","1.71","4.15","1.25","8.58","1.08","1.74","2.09"
"68266","26-02-22 14:30","Russia","Premier League","2021/2022","Sochi","Arsenal Tula","1.63","4.09","5.73","1.04","12.00","1.23","4.35","1.77","2.17","2.83","1.45","5.55","1.16","1.76","2.07"
"68267","26-02-22 12:00","Russia","Premier League","2021/2022","Khimki","Dynamo Moscow","5.85","3.84","1.67","1.05","10.90","1.30","3.70","2.07","1.84","3.51","1.32","6.98","1.11","1.83","1.98"
"68268","26-02-22 12:00","Russia","Premier League","2021/2022","Pari NN","Ural","3.21","2.93","2.65","1.14","5.98","1.70","2.28","3.18","1.38","6.54","1.13","14.00","1.03","2.24","1.64"
"68269","13-12-21 17:00","Russia","Premier League","2021/2022","Sochi","Spartak Moscow","2.23","3.62","3.26","1.04","12.00","1.26","4.08","1.85","2.07","3.00","1.41","6.06","1.14","1.63","2.28"
"68270","12-12-21 17:00","Russia","Premier League","2021/2022","Krasnodar","Pari NN","1.43","5.21","7.28","1.03","14.00","1.26","4.03","1.78","2.15","3.03","1.41","5.60","1.16","1.91","1.90"
"68271","12-12-21 17:00","Russia","Premier League","2021/2022","Lokomotiv Moscow","Ufa","2.11","3.28","3.97","1.10","7.53","1.42","2.96","2.31","1.64","4.49","1.22","9.34","1.07","1.91","1.90"
"68272","12-12-21 14:30","Russia","Premier League","2021/2022","Akhmat Grozny","Khimki","1.70","4.07","5.09","1.06","9.78","1.32","3.53","2.07","1.84","3.51","1.32","7.83","1.09","1.87","1.93"
"68273","12-12-21 12:00","Russia","Premier League","2021/2022","Dynamo Moscow","Zenit","3.20","3.61","2.27","1.04","12.00","1.28","3.80","1.93","1.97","3.40","1.34","6.54","1.13","1.65","2.24"
"68274","11-12-21 17:00","Russia","Premier League","2021/2022","FK Rostov","Ural","2.03","3.30","4.26","1.11","7.00","1.56","2.50","2.66","1.50","5.41","1.17","11.20","1.05","2.24","1.65"
"68275","11-12-21 14:30","Russia","Premier League","2021/2022","CSKA Moscow","Arsenal Tula","1.54","4.10","7.16","1.08","8.60","1.37","3.23","2.20","1.75","3.87","1.28","7.90","1.09","2.09","1.74"
"68276","11-12-21 12:00","Russia","Premier League","2021/2022","Krylya Sovetov","Rubin Kazan","1.87","3.84","4.25","1.07","9.68","1.30","3.66","1.99","1.91","3.54","1.32","7.05","1.11","1.78","2.04"
"68277","05-12-21 17:00","Russia","Premier League","2021/2022","Sochi","Krasnodar","2.57","3.57","2.77","1.03","14.00","1.24","4.30","1.72","2.26","2.68","1.50","5.06","1.18","1.54","2.48"
"68278","05-12-21 14:30","Russia","Premier League","2021/2022","Dynamo Moscow","Ufa","1.65","3.72","6.43","1.10","7.61","1.45","2.85","2.29","1.66","4.44","1.22","9.25","1.07","2.07","1.75"
"68279","05-12-21 14:30","Russia","Premier League","2021/2022","Pari NN","Rubin Kazan","3.62","3.27","2.22","1.08","8.70","1.36","3.26","2.19","1.71","4.15","1.25","8.58","1.08","1.83","1.98"
"68280","05-12-21 12:00","Russia","Premier League","2021/2022","Khimki","Arsenal Tula","2.02","3.48","4.02","1.08","8.70","1.36","3.26","2.19","1.71","4.15","1.25","9.25","1.07","1.89","1.91"
"68281","04-12-21 17:00","Russia","Premier League","2021/2022","Lokomotiv Moscow","Ural","1.69","3.65","5.99","1.11","7.07","1.48","2.72","2.47","1.57","5.01","1.19","10.40","1.06","2.14","1.71"
"68282","04-12-21 15:00","Russia","Premier League","2021/2022","Spartak Moscow","Akhmat Grozny","2.13","3.37","3.77","1.05","9.78","1.32","3.53","2.07","1.84","3.83","1.28","7.83","1.09","1.70","2.15"
"68283","04-12-21 12:00","Russia","Premier League","2021/2022","Krylya Sovetov","CSKA Moscow","3.17","3.34","2.40","1.08","8.70","1.41","2.99","2.19","1.71","4.44","1.22","9.25","1.07","1.82","2.00"
"68284","03-12-21 17:00","Russia","Premier League","2021/2022","Zenit","FK Rostov","1.23","7.11","13.10","1.02","21.00","1.13","6.52","1.41","2.99","2.07","1.84","3.40","1.34","1.74","2.09"
"68285","29-11-21 17:00","Russia","Premier League","2021/2022","Arsenal Tula","Lokomotiv Moscow","3.65","3.52","2.12","1.05","10.90","1.30","3.70","2.07","1.84","3.51","1.32","6.98","1.11","1.69","2.18"
"68286","29-11-21 15:00","Russia","Premier League","2021/2022","Ufa","Spartak Moscow","3.25","3.20","2.44","1.08","8.70","1.41","2.99","2.19","1.71","4.15","1.25","8.58","1.08","1.83","1.98"
"68287","28-11-21 18:00","Russia","Premier League","2021/2022","CSKA Moscow","Zenit","4.39","4.18","1.78","1.04","11.80","1.29","3.76","1.95","1.95","3.43","1.33","6.60","1.12","1.72","2.13"
"68288","28-11-21 14:30","Russia","Premier League","2021/2022","Rubin Kazan","Dynamo Moscow","4.05","3.81","1.92","1.04","12.00","1.30","3.70","1.97","1.93","3.51","1.32","6.98","1.11","1.69","2.18"
"68289","28-11-21 12:00","Russia","Premier League","2021/2022","Pari NN","Krylya Sovetov","3.88","3.68","1.99","1.08","9.00","1.48","2.75","2.37","1.62","4.48","1.22","9.26","1.07","2.04","1.78"
"68290","27-11-21 17:00","Russia","Premier League","2021/2022","Khimki","Krasnodar","5.81","4.11","1.63","1.04","11.80","1.26","4.03","1.86","2.05","3.03","1.41","6.12","1.14","1.72","2.13"
"68291","27-11-21 14:30","Russia","Premier League","2021/2022","Akhmat Grozny","FK Rostov","2.13","3.23","3.96","1.10","7.61","1.41","2.99","2.29","1.66","4.44","1.22","9.25","1.07","1.89","1.91"
"68292","27-11-21 12:00","Russia","Premier League","2021/2022","Ural","Sochi","4.86","3.37","1.89","1.10","7.61","1.45","2.85","2.38","1.61","4.73","1.20","10.40","1.06","1.99","1.81"
"68293","21-11-21 17:30","Russia","Premier League","2021/2022","Sochi","Rubin Kazan","1.51","4.59","6.56","1.04","11.80","1.24","4.30","1.78","2.15","2.85","1.45","5.60","1.16","1.78","2.04"
"68294","21-11-21 14:30","Russia","Premier League","2021/2022","Dynamo Moscow","Arsenal Tula","1.40","4.92","8.80","1.04","12.00","1.28","3.80","1.93","1.97","3.18","1.38","6.54","1.13","2.06","1.77"
"68295","21-11-21 12:00","Russia","Premier League","2021/2022","CSKA Moscow","Khimki","1.51","4.63","6.54","1.04","12.00","1.28","3.80","1.93","1.97","3.18","1.38","6.54","1.13","1.82","2.00"
"68296","21-11-21 12:00","Russia","Premier League","2021/2022","FK Rostov","Ufa","2.09","3.53","3.73","1.08","8.70","1.45","2.85","2.38","1.61","4.73","1.20","10.40","1.06","1.93","1.88"
"68297","20-11-21 17:00","Russia","Premier League","2021/2022","Krasnodar","Spartak Moscow","1.84","4.14","4.07","1.02","16.30","1.21","4.71","1.66","2.28","2.65","1.50","5.01","1.19","1.62","2.10"
"68298","20-11-21 14:30","Russia","Premier League","2021/2022","Lokomotiv Moscow","Akhmat Grozny","2.42","3.18","3.30","1.08","8.70","1.36","3.26","2.17","1.77","4.15","1.25","8.58","1.08","1.74","2.09"
"68299","20-11-21 12:00","Russia","Premier League","2021/2022","Krylya Sovetov","Ural","1.73","3.48","6.05","1.10","7.61","1.41","2.99","2.19","1.71","4.15","1.25","9.25","1.07","1.97","1.83"
"68300","19-11-21 17:00","Russia","Premier League","2021/2022","Zenit","Pari NN","1.10","12.30","17.00","1.02","24.00","1.10","7.61","1.32","3.53","1.93","1.97","3.00","1.41","2.06","1.77"
"68301","07-11-21 17:00","Russia","Premier League","2021/2022","Akhmat Grozny","Pari NN","1.63","3.73","6.76","1.08","8.70","1.41","2.99","2.19","1.71","4.15","1.25","8.58","1.08","1.99","1.81"
"68302","07-11-21 17:00","Russia","Premier League","2021/2022","Spartak Moscow","Lokomotiv Moscow","2.01","3.88","3.62","1.04","12.00","1.28","3.80","1.93","1.97","3.18","1.38","6.54","1.13","1.66","2.22"
"68303","07-11-21 14:30","Russia","Premier League","2021/2022","FK Rostov","Rubin Kazan","2.54","3.15","3.13","1.08","8.60","1.37","3.23","2.20","1.75","3.87","1.28","8.66","1.08","1.78","2.04"
"68304","07-11-21 12:00","Russia","Premier League","2021/2022","Ural","Zenit","13.50","6.00","1.26","1.03","14.00","1.24","4.30","1.67","2.26","2.68","1.50","5.06","1.18","2.09","1.74"
"68305","06-11-21 17:00","Russia","Premier League","2021/2022","Sochi","CSKA Moscow","2.36","3.37","3.21","1.05","10.90","1.28","3.80","1.93","1.97","3.18","1.38","6.54","1.13","1.62","2.31"
"68306","06-11-21 14:30","Russia","Premier League","2021/2022","Dynamo Moscow","Krasnodar","2.63","3.75","2.60","1.04","12.00","1.28","3.80","1.93","1.97","3.18","1.38","6.54","1.13","1.66","2.22"
"68307","06-11-21 14:30","Russia","Premier League","2021/2022","Krylya Sovetov","Khimki","1.84","3.69","4.61","1.05","10.90","1.32","3.53","2.07","1.84","3.83","1.28","7.83","1.09","1.83","1.98"
"68308","06-11-21 12:00","Russia","Premier League","2021/2022","Arsenal Tula","Ufa","3.18","3.42","2.36","1.08","8.70","1.41","2.99","2.19","1.71","4.15","1.25","9.25","1.07","1.83","1.98"
"68309","31-10-21 17:00","Russia","Premier League","2021/2022","Khimki","Ural","1.87","3.46","4.79","1.08","8.70","1.41","2.99","2.29","1.66","4.44","1.22","9.25","1.07","1.93","1.88"
"68310","31-10-21 14:30","Russia","Premier League","2021/2022","Arsenal Tula","Sochi","5.07","3.80","1.75","1.06","10.00","1.32","3.50","2.08","1.83","3.67","1.30","7.06","1.11","1.90","1.90"
"68311","31-10-21 12:00","Russia","Premier League","2021/2022","Ufa","Akhmat Grozny","2.88","3.09","2.78","1.11","7.07","1.48","2.72","2.47","1.57","5.01","1.19","10.40","1.06","1.93","1.88"
"68312","30-10-21 18:00","Russia","Premier League","2021/2022","Krasnodar","Krylya Sovetov","1.49","4.48","7.24","1.03","15.00","1.19","5.00","1.61","2.38","2.57","1.54","4.48","1.22","1.70","2.15"
"68313","30-10-21 18:00","Russia","Premier League","2021/2022","Pari NN","Lokomotiv Moscow","5.01","3.49","1.84","1.06","9.78","1.32","3.53","2.07","1.84","3.51","1.32","7.83","1.09","1.76","2.07"
"68314","30-10-21 15:30","Russia","Premier League","2021/2022","Spartak Moscow","FK Rostov","1.66","3.81","6.08","1.05","10.90","1.30","3.70","1.97","1.93","3.40","1.34","6.98","1.11","1.82","2.00"
"68315","30-10-21 13:00","Russia","Premier League","2021/2022","Rubin Kazan","CSKA Moscow","3.64","3.81","2.03","1.05","10.90","1.30","3.70","1.97","1.93","3.51","1.32","6.98","1.11","1.69","2.18"
"68316","29-10-21 18:00","Russia","Premier League","2021/2022","Zenit","Dynamo Moscow","1.55","4.50","6.08","1.03","14.10","1.23","4.35","1.70","2.28","2.83","1.45","5.01","1.19","1.70","2.15"
"68317","25-10-21 18:00","Russia","Premier League","2021/2022","Lokomotiv Moscow","Sochi","2.94","3.59","2.43","1.05","10.70","1.29","3.76","1.95","1.95","3.21","1.37","6.60","1.12","1.64","2.26"
"68318","24-10-21 18:00","Russia","Premier League","2021/2022","Zenit","Spartak Moscow","1.51","4.59","6.56","1.02","16.10","1.21","4.66","1.67","2.26","2.68","1.50","5.06","1.18","1.68","2.19"
"68319","24-10-21 15:30","Russia","Premier League","2021/2022","Akhmat Grozny","Ural","1.65","3.69","6.41","1.08","8.70","1.41","2.99","2.19","1.71","4.15","1.25","8.58","1.08","1.99","1.81"
"68320","24-10-21 13:00","Russia","Premier League","2021/2022","Ufa","Rubin Kazan","3.08","3.37","2.44","1.08","8.70","1.41","2.99","2.29","1.66","4.44","1.22","9.25","1.07","1.83","1.98"
"68321","23-10-21 18:00","Russia","Premier League","2021/2022","CSKA Moscow","Krylya Sovetov","1.77","3.74","5.09","1.04","12.00","1.28","3.80","1.93","1.97","3.18","1.38","6.54","1.13","1.70","2.15"
"68322","23-10-21 15:30","Russia","Premier League","2021/2022","FK Rostov","Arsenal Tula","1.81","3.72","4.81","1.06","9.78","1.36","3.26","2.17","1.77","3.83","1.28","7.83","1.09","1.82","2.00"
"68323","23-10-21 13:00","Russia","Premier League","2021/2022","Pari NN","Krasnodar","6.66","4.47","1.52","1.04","12.00","1.23","4.35","1.77","2.17","2.83","1.45","5.55","1.16","1.74","2.09"
"68324","22-10-21 18:00","Russia","Premier League","2021/2022","Dynamo Moscow","Khimki","1.52","4.33","7.08","1.05","10.70","1.29","3.76","1.95","1.95","3.43","1.33","6.60","1.12","1.87","1.93"
"68325","17-10-21 18:00","Russia","Premier League","2021/2022","Krasnodar","Ufa","1.35","5.54","9.08","1.02","16.10","1.20","4.84","1.59","2.42","2.40","1.60","4.49","1.22","1.72","2.13"
"68326","17-10-21 15:30","Russia","Premier League","2021/2022","Khimki","Akhmat Grozny","2.98","3.19","2.62","1.08","8.70","1.41","2.99","2.19","1.71","4.15","1.25","9.25","1.07","1.83","1.98"
"68327","17-10-21 15:30","Russia","Premier League","2021/2022","Krylya Sovetov","Pari NN","1.71","3.84","5.38","1.06","9.78","1.32","3.53","2.07","1.84","3.83","1.28","7.83","1.09","1.89","1.91"
"68328","17-10-21 13:00","Russia","Premier League","2021/2022","Ural","CSKA Moscow","5.29","3.73","1.75","1.06","9.78","1.36","3.26","2.17","1.77","4.15","1.25","8.58","1.08","1.94","1.86"
"68329","16-10-21 18:00","Russia","Premier League","2021/2022","Sochi","FK Rostov","1.63","4.17","5.57","1.05","10.90","1.30","3.70","1.97","1.93","3.51","1.32","6.98","1.11","1.82","2.00"
"68330","16-10-21 18:00","Russia","Premier League","2021/2022","Spartak Moscow","Dynamo Moscow","2.54","3.30","3.00","1.06","9.78","1.32","3.53","2.07","1.84","3.83","1.28","7.83","1.09","1.69","2.18"
"68331","16-10-21 15:30","Russia","Premier League","2021/2022","Rubin Kazan","Lokomotiv Moscow","2.21","3.72","3.22","1.07","9.68","1.37","3.23","2.20","1.75","3.87","1.28","7.90","1.09","1.85","1.96"
"68332","16-10-21 13:00","Russia","Premier League","2021/2022","Arsenal Tula","Zenit","10.40","5.33","1.34","1.02","16.10","1.20","4.84","1.54","2.55","2.40","1.60","4.18","1.25","1.78","2.04"
"68333","03-10-21 18:00","Russia","Premier League","2021/2022","Akhmat Grozny","Spartak Moscow","3.35","3.33","2.31","1.06","9.78","1.32","3.53","2.07","1.84","3.51","1.32","7.83","1.09","1.70","2.15"
"68334","03-10-21 18:00","Russia","Premier League","2021/2022","Lokomotiv Moscow","FK Rostov","1.92","3.45","4.54","1.06","9.78","1.32","3.53","2.17","1.77","3.83","1.28","7.83","1.09","1.83","1.98"
"68335","03-10-21 15:30","Russia","Premier League","2021/2022","Zenit","Sochi","1.40","5.13","8.21","1.03","17.00","1.17","5.38","1.49","2.69","2.31","1.64","4.18","1.25","1.70","2.15"
"68336","03-10-21 13:00","Russia","Premier League","2021/2022","Ufa","Ural","1.92","3.37","4.67","1.08","8.60","1.42","2.96","2.31","1.64","4.49","1.22","9.34","1.07","1.93","1.88"
"68337","02-10-21 18:00","Russia","Premier League","2021/2022","Arsenal Tula","Khimki","2.98","3.34","2.52","1.06","9.78","1.32","3.53","2.07","1.84","3.51","1.32","7.83","1.09","1.69","2.18"
"68338","02-10-21 18:00","Russia","Premier League","2021/2022","CSKA Moscow","Krasnodar","2.38","3.62","3.00","1.03","14.10","1.26","4.08","1.85","2.07","3.00","1.41","6.06","1.14","1.59","2.36"
"68339","02-10-21 15:30","Russia","Premier League","2021/2022","Dynamo Moscow","Krylya Sovetov","1.66","3.91","5.87","1.04","12.00","1.26","4.08","1.93","1.97","3.18","1.38","6.54","1.13","1.70","2.15"
"68340","02-10-21 13:00","Russia","Premier League","2021/2022","Rubin Kazan","Pari NN","1.90","3.41","4.72","1.08","8.70","1.36","3.26","2.17","1.77","3.83","1.28","8.58","1.08","1.83","1.98"
"68341","27-09-21 18:00","Russia","Premier League","2021/2022","Pari NN","CSKA Moscow","6.18","4.12","1.60","1.06","9.78","1.32","3.53","2.07","1.84","3.83","1.28","7.83","1.09","1.94","1.86"
"68342","27-09-21 16:00","Russia","Premier League","2021/2022","Ural","Arsenal Tula","2.96","3.20","2.63","1.08","8.70","1.41","2.99","2.29","1.66","4.44","1.22","9.25","1.07","1.82","2.00"
"68343","26-09-21 18:00","Russia","Premier League","2021/2022","Krasnodar","Sochi","2.15","3.61","3.48","1.04","12.00","1.28","3.80","1.93","1.97","3.18","1.38","6.54","1.13","1.66","2.22"
"68344","26-09-21 15:30","Russia","Premier League","2021/2022","FK Rostov","Akhmat Grozny","2.70","3.09","2.96","1.10","7.53","1.42","2.96","2.31","1.64","4.49","1.22","9.34","1.07","1.83","1.98"
"68345","26-09-21 13:00","Russia","Premier League","2021/2022","Dynamo Moscow","Rubin Kazan","1.76","3.73","5.18","1.04","12.00","1.26","4.08","1.93","1.97","3.18","1.38","6.06","1.14","1.69","2.18"
"68346","25-09-21 18:00","Russia","Premier League","2021/2022","Spartak Moscow","Ufa","1.49","4.52","7.28","1.04","12.00","1.26","4.08","1.77","2.17","3.00","1.41","5.55","1.16","1.74","2.09"
"68347","25-09-21 15:30","Russia","Premier League","2021/2022","Zenit","Krylya Sovetov","1.26","6.11","13.10","1.02","20.00","1.13","6.52","1.45","2.85","2.17","1.77","3.51","1.32","1.76","2.07"
"68348","25-09-21 13:00","Russia","Premier League","2021/2022","Khimki","Lokomotiv Moscow","3.73","3.47","2.11","1.04","12.00","1.26","4.08","1.93","1.97","3.00","1.41","6.06","1.14","1.63","2.28"
"68349","20-09-21 18:30","Russia","Premier League","2021/2022","CSKA Moscow","Spartak Moscow","2.41","3.54","3.00","1.05","10.90","1.28","3.80","1.93","1.97","3.40","1.34","6.54","1.13","1.65","2.24"
"68350","20-09-21 17:30","Russia","Premier League","2021/2022","Rubin Kazan","Zenit","5.06","4.14","1.69","1.02","16.30","1.23","4.35","1.70","2.28","2.65","1.50","5.01","1.19","1.62","2.31"
"68351","20-09-21 15:30","Russia","Premier League","2021/2022","Ural","Lokomotiv Moscow","4.96","3.62","1.81","1.06","9.78","1.36","3.26","2.17","1.77","4.15","1.25","8.58","1.08","1.89","1.91"
"68352","19-09-21 18:00","Russia","Premier League","2021/2022","Sochi","Dynamo Moscow","2.43","3.38","3.22","1.04","8.20","1.33","3.20","2.10","1.85","3.50","1.29","6.50","1.07","1.85","1.91"
"68353","19-09-21 15:30","Russia","Premier League","2021/2022","Pari NN","Arsenal Tula","2.50","3.23","3.12","1.10","7.53","1.49","2.69","2.49","1.56","5.06","1.18","10.50","1.06","1.99","1.81"
"68354","18-09-21 18:00","Russia","Premier League","2021/2022","Akhmat Grozny","Krasnodar","2.80","3.40","2.74","1.03","8.50","1.31","3.32","2.04","1.90","3.32","1.31","6.20","1.08","1.82","1.94"
"68355","18-09-21 15:30","Russia","Premier League","2021/2022","Krylya Sovetov","FK Rostov","2.42","3.15","3.34","1.10","7.61","1.41","2.99","2.29","1.66","4.44","1.22","9.25","1.07","1.83","1.98"
"68356","18-09-21 13:00","Russia","Premier League","2021/2022","Ufa","Khimki","2.29","3.25","3.49","1.08","8.70","1.36","3.26","2.17","1.77","3.83","1.28","7.83","1.09","1.70","2.15"
"68357","13-09-21 18:30","Russia","Premier League","2021/2022","FK Rostov","Krasnodar","4.20","3.60","1.94","1.04","11.80","1.29","3.76","1.95","1.95","3.21","1.37","6.60","1.12","1.72","2.13"
"68358","13-09-21 17:30","Russia","Premier League","2021/2022","Rubin Kazan","Ural","1.62","3.91","6.37","1.07","9.68","1.30","3.66","1.99","1.91","3.43","1.33","7.05","1.11","1.85","1.96"
"68359","12-09-21 18:00","Russia","Premier League","2021/2022","Dynamo Moscow","Pari NN","1.32","5.60","12.00","1.02","9.90","1.27","3.62","1.94","2.00","3.10","1.35","5.65","1.10","2.53","1.49"
"68360","12-09-21 15:30","Russia","Premier League","2021/2022","Sochi","Ufa","1.67","3.85","5.82","1.08","8.70","1.41","2.99","2.19","1.71","4.15","1.25","8.58","1.08","2.07","1.75"
"68361","12-09-21 13:00","Russia","Premier League","2021/2022","Arsenal Tula","CSKA Moscow","6.20","3.88","1.63","1.05","10.90","1.32","3.53","2.07","1.84","3.51","1.32","6.98","1.11","1.83","1.98"
"68362","11-09-21 18:00","Russia","Premier League","2021/2022","Spartak Moscow","Khimki","1.58","4.44","6.45","1.01","10.00","1.27","3.62","1.92","2.02","3.10","1.35","5.55","1.10","2.00","1.77"
"68363","11-09-21 15:30","Russia","Premier League","2021/2022","Zenit","Akhmat Grozny","1.35","5.31","9.82","1.02","16.30","1.19","4.89","1.58","2.45","2.47","1.57","4.44","1.22","1.74","2.09"
"68364","11-09-21 13:00","Russia","Premier League","2021/2022","Lokomotiv Moscow","Krylya Sovetov","1.99","3.50","4.15","1.05","10.90","1.30","3.70","1.97","1.93","3.51","1.32","6.98","1.11","1.69","2.18"
"68365","27-08-21 19:30","Russia","Premier League","2021/2022","Krasnodar","Rubin Kazan","1.58","4.20","6.31","1.03","14.00","1.24","4.30","1.72","2.26","2.85","1.45","5.06","1.18","1.70","2.15"
"68366","27-08-21 18:00","Russia","Premier League","2021/2022","Dynamo Moscow","Lokomotiv Moscow","2.13","3.51","3.60","1.05","10.70","1.29","3.76","1.99","1.91","3.43","1.33","7.05","1.11","1.69","2.18"
"68367","27-08-21 17:30","Russia","Premier League","2021/2022","Khimki","Pari NN","2.07","3.64","3.64","1.10","7.53","1.45","2.82","2.40","1.60","5.06","1.18","10.50","1.06","1.97","1.83"
"68368","27-08-21 15:30","Russia","Premier League","2021/2022","Ural","FK Rostov","3.61","3.20","2.27","1.11","7.07","1.53","2.58","2.65","1.50","5.55","1.16","11.60","1.05","2.07","1.75"
"68369","26-08-21 19:45","Russia","Premier League","2021/2022","Zenit","CSKA Moscow","1.47","4.75","7.22","1.01","17.00","1.17","5.43","1.53","2.58","2.38","1.61","4.44","1.22","1.62","2.31"
"68370","26-08-21 19:30","Russia","Premier League","2021/2022","Akhmat Grozny","Arsenal Tula","1.76","3.72","5.17","1.08","8.70","1.41","2.99","2.29","1.66","4.44","1.22","9.25","1.07","2.06","1.77"
"68371","26-08-21 17:30","Russia","Premier League","2021/2022","Spartak Moscow","Sochi","1.87","3.65","4.49","1.06","9.78","1.32","3.53","2.07","1.84","3.51","1.32","6.98","1.11","1.74","2.09"
"68372","26-08-21 15:30","Russia","Premier League","2021/2022","Ufa","Krylya Sovetov","2.62","3.30","2.89","1.10","7.53","1.45","2.82","2.40","1.60","4.78","1.20","10.50","1.06","1.91","1.90"
"68373","22-08-21 19:00","Russia","Premier League","2021/2022","Khimki","Rubin Kazan","2.57","3.35","2.92","1.08","8.60","1.42","2.96","2.21","1.70","4.18","1.25","8.66","1.08","1.83","1.98"
"68374","22-08-21 17:00","Russia","Premier League","2021/2022","Pari NN","FK Rostov","3.88","3.09","2.22","1.13","6.45","1.54","2.55","2.68","1.50","5.60","1.16","11.70","1.05","1.97","1.83"
"68375","22-08-21 15:00","Russia","Premier League","2021/2022","Lokomotiv Moscow","Krasnodar","2.68","3.52","2.67","1.02","16.30","1.21","4.71","1.66","2.28","2.65","1.50","5.01","1.19","1.47","2.66"
"68376","21-08-21 19:00","Russia","Premier League","2021/2022","Krylya Sovetov","Sochi","2.63","3.54","2.72","1.06","9.78","1.36","3.26","2.17","1.77","4.15","1.25","8.58","1.08","1.83","1.98"
"68377","21-08-21 17:00","Russia","Premier League","2021/2022","Ufa","Zenit","7.89","5.26","1.40","1.02","16.10","1.20","4.84","1.62","2.37","2.49","1.56","4.78","1.20","1.83","1.98"
"68378","21-08-21 17:00","Russia","Premier League","2021/2022","Ural","Dynamo Moscow","6.06","4.10","1.61","1.06","9.78","1.36","3.26","2.17","1.77","4.15","1.25","8.58","1.08","2.07","1.75"
"68379","21-08-21 15:00","Russia","Premier League","2021/2022","Arsenal Tula","Spartak Moscow","6.37","3.91","1.62","1.04","12.00","1.26","4.08","1.93","1.97","3.18","1.38","6.54","1.13","1.83","1.98"
"68380","21-08-21 15:00","Russia","Premier League","2021/2022","CSKA Moscow","Akhmat Grozny","1.55","4.48","6.11","1.03","14.10","1.26","4.08","1.85","2.07","3.00","1.41","6.06","1.14","1.76","2.07"
"68381","16-08-21 18:00","Russia","Premier League","2021/2022","Sochi","Khimki","1.88","3.78","4.29","1.08","8.60","1.42","2.96","2.21","1.70","4.18","1.25","8.66","1.08","1.91","1.90"
"68382","15-08-21 19:00","Russia","Premier League","2021/2022","Krasnodar","Arsenal Tula","1.52","4.47","6.73","1.02","16.30","1.19","4.89","1.60","2.39","2.47","1.57","4.73","1.20","1.65","2.24"
"68383","15-08-21 19:00","Russia","Premier League","2021/2022","Rubin Kazan","Krylya Sovetov","2.50","3.41","2.97","1.06","9.78","1.36","3.26","2.19","1.71","4.15","1.25","8.58","1.08","1.82","2.00"
"68384","15-08-21 16:30","Russia","Premier League","2021/2022","Lokomotiv Moscow","Zenit","4.89","3.91","1.75","1.03","14.10","1.23","4.35","1.70","2.28","2.65","1.50","5.01","1.19","1.59","2.36"
"68385","14-08-21 19:00","Russia","Premier League","2021/2022","Akhmat Grozny","Dynamo Moscow","3.26","3.40","2.40","1.03","8.70","1.31","3.32","2.03","1.91","3.32","1.31","6.15","1.08","1.80","1.96"
"68386","14-08-21 19:00","Russia","Premier League","2021/2022","FK Rostov","CSKA Moscow","3.68","3.40","2.22","1.06","6.80","1.45","2.69","2.49","1.63","4.50","1.19","8.70","1.04","2.14","1.68"
"68387","14-08-21 16:30","Russia","Premier League","2021/2022","Pari NN","Ufa","3.21","3.21","2.46","1.14","6.00","1.70","2.20","3.24","1.37","7.06","1.11","14.10","1.03","2.42","1.56"
"68388","14-08-21 16:30","Russia","Premier League","2021/2022","Spartak Moscow","Ural","1.40","4.86","9.21","1.04","12.00","1.26","4.08","1.93","1.97","3.18","1.38","6.06","1.14","1.99","1.81"
"68389","09-08-21 18:00","Russia","Premier League","2021/2022","Sochi","Ural","1.66","3.89","5.82","1.06","9.78","1.32","3.53","2.17","1.77","3.83","1.28","7.83","1.09","1.99","1.81"
"68390","08-08-21 19:00","Russia","Premier League","2021/2022","Dynamo Moscow","CSKA Moscow","2.55","3.30","2.98","1.05","10.90","1.28","3.80","1.93","1.97","3.18","1.38","6.54","1.13","1.63","2.28"
"68391","08-08-21 19:00","Russia","Premier League","2021/2022","Rubin Kazan","Akhmat Grozny","2.10","3.44","3.81","1.05","10.70","1.29","3.76","1.99","1.91","3.43","1.33","7.05","1.11","1.66","2.22"
"68392","08-08-21 16:30","Russia","Premier League","2021/2022","Khimki","FK Rostov","3.13","3.38","2.40","1.10","7.61","1.48","2.72","2.47","1.57","5.01","1.19","10.40","1.06","1.99","1.81"
"68393","07-08-21 19:00","Russia","Premier League","2021/2022","Spartak Moscow","Pari NN","1.46","4.63","7.71","1.04","12.00","1.26","4.08","1.85","2.07","3.18","1.38","6.06","1.14","1.89","1.91"
"68394","07-08-21 16:30","Russia","Premier League","2021/2022","Arsenal Tula","Krylya Sovetov","3.03","3.35","2.48","1.08","8.70","1.41","2.99","2.19","1.71","4.15","1.25","8.58","1.08","1.83","1.98"
"68395","07-08-21 16:00","Russia","Premier League","2021/2022","Zenit","Krasnodar","1.48","4.66","7.25","1.02","19.00","1.13","6.52","1.45","2.85","2.17","1.77","3.51","1.32","1.60","2.33"
"68396","06-08-21 16:00","Russia","Premier League","2021/2022","Ufa","Lokomotiv Moscow","3.39","3.43","2.25","1.07","9.68","1.42","2.96","2.21","1.70","4.49","1.22","9.34","1.07","1.89","1.91"
"68397","02-08-21 19:00","Russia","Premier League","2021/2022","Akhmat Grozny","Sochi","2.61","3.50","2.76","1.08","8.60","1.42","2.96","2.21","1.70","4.18","1.25","9.34","1.07","1.85","1.96"
"68398","01-08-21 19:00","Russia","Premier League","2021/2022","FK Rostov","Zenit","9.25","4.30","1.45","1.04","12.00","1.23","4.35","1.77","2.17","2.83","1.45","5.55","1.16","1.74","2.09"
"68399","01-08-21 19:00","Russia","Premier League","2021/2022","Krasnodar","Khimki","1.54","4.61","6.13","1.01","17.00","1.24","4.30","1.72","2.26","2.85","1.45","5.06","1.18","1.69","2.18"
"68400","01-08-21 16:30","Russia","Premier League","2021/2022","Ural","Pari NN","2.07","3.35","4.00","1.10","7.53","1.54","2.55","2.68","1.50","5.60","1.16","11.70","1.05","2.12","1.72"
"68401","31-07-21 19:00","Russia","Premier League","2021/2022","CSKA Moscow","Lokomotiv Moscow","2.31","3.40","3.30","1.05","10.70","1.30","3.66","2.09","1.83","3.54","1.32","7.90","1.09","1.72","2.13"
"68402","31-07-21 16:30","Russia","Premier League","2021/2022","Ufa","Dynamo Moscow","4.22","3.30","2.03","1.10","7.61","1.45","2.85","2.38","1.61","4.73","1.20","10.40","1.06","1.94","1.86"
"68403","30-07-21 18:00","Russia","Premier League","2021/2022","Arsenal Tula","Rubin Kazan","3.76","3.29","2.16","1.07","9.68","1.37","3.23","2.20","1.75","3.87","1.28","7.90","1.09","1.74","2.09"
"68404","30-07-21 18:00","Russia","Premier League","2021/2022","Krylya Sovetov","Spartak Moscow","4.01","3.69","1.96","1.04","12.00","1.26","4.08","1.93","1.97","3.18","1.38","6.54","1.13","1.65","2.24"
"68405","26-07-21 18:00","Russia","Premier League","2021/2022","Pari NN","Sochi","4.86","3.10","1.99","1.13","6.52","1.53","2.58","2.65","1.50","5.55","1.16","11.60","1.05","2.06","1.77"
"68406","25-07-21 19:00","Russia","Premier League","2021/2022","CSKA Moscow","Ufa","1.66","3.84","6.05","1.07","9.68","1.37","3.23","2.20","1.75","3.87","1.28","7.90","1.09","1.96","1.85"
"68407","25-07-21 18:00","Russia","Premier League","2021/2022","Krylya Sovetov","Akhmat Grozny","2.03","3.64","3.80","1.08","8.60","1.37","3.23","2.21","1.70","4.18","1.25","8.66","1.08","1.85","1.96"
"68408","25-07-21 16:30","Russia","Premier League","2021/2022","Ural","Krasnodar","3.77","3.51","2.08","1.05","10.70","1.30","3.66","1.99","1.91","3.43","1.33","7.05","1.11","1.68","2.19"
"68409","24-07-21 19:00","Russia","Premier League","2021/2022","Lokomotiv Moscow","Arsenal Tula","1.59","3.93","6.68","1.08","8.60","1.37","3.23","2.20","1.75","4.18","1.25","8.66","1.08","2.06","1.77"
"68410","24-07-21 19:00","Russia","Premier League","2021/2022","Rubin Kazan","Spartak Moscow","4.01","3.73","1.95","1.03","14.00","1.24","4.30","1.78","2.15","2.85","1.45","5.60","1.16","1.59","2.36"
"68411","24-07-21 16:30","Russia","Premier League","2021/2022","Khimki","Zenit","12.90","6.08","1.26","","","1.21","4.66","1.62","2.37","2.68","1.50","4.78","1.20","1.97","1.83"
"68412","23-07-21 19:00","Russia","Premier League","2021/2022","FK Rostov","Dynamo Moscow","3.72","3.10","2.27","1.10","7.61","1.45","2.85","2.38","1.61","4.73","1.20","10.40","1.06","1.89","1.91"
"68413","16-05-21 13:00","Russia","Premier League","2020/2021","Akhmat Grozny","Spartak Moscow","4.27","3.73","1.89","1.04","12.00","1.23","4.35","1.77","2.17","2.83","1.45","5.55","1.16","1.59","2.36"
"68414","16-05-21 13:00","Russia","Premier League","2020/2021","Dynamo Moscow","CSKA Moscow","3.64","3.72","2.05","1.04","12.00","1.28","3.80","1.93","1.97","3.18","1.38","6.54","1.13","1.65","2.24"
"68415","16-05-21 13:00","Russia","Premier League","2020/2021","FK Rostov","Krasnodar","3.00","3.55","2.40","1.03","14.10","1.23","4.35","1.70","2.28","2.65","1.50","5.01","1.19","1.51","2.54"
"68416","16-05-21 13:00","Russia","Premier League","2020/2021","Khimki","Sochi","4.54","4.11","1.76","1.04","12.00","1.26","4.08","1.85","2.07","3.00","1.41","6.06","1.14","1.69","2.18"
"68417","16-05-21 13:00","Russia","Premier League","2020/2021","Lokomotiv Moscow","Ural","1.38","5.26","8.67","1.03","14.00","1.24","4.30","1.72","2.26","2.85","1.45","5.60","1.16","1.82","2.00"
"68418","16-05-21 13:00","Russia","Premier League","2020/2021","Rubin Kazan","R. Volgograd","1.52","4.23","7.37","1.04","12.00","1.28","3.80","1.93","1.97","3.18","1.38","6.54","1.13","1.87","1.93"
"68419","16-05-21 13:00","Russia","Premier League","2020/2021","Tambov","Zenit","28.00","19.80","1.05","1.01","17.00","1.03","12.00","1.19","4.68","1.50","2.59","2.12","1.76","2.09","1.63"
"68420","16-05-21 13:00","Russia","Premier League","2020/2021","Ufa","Arsenal Tula","2.04","3.13","4.53","1.13","6.52","1.58","2.45","2.83","1.45","6.06","1.14","13.10","1.04","2.22","1.66"
"68421","10-05-21 18:00","Russia","Premier League","2020/2021","Spartak Moscow","Khimki","1.30","5.86","11.20","1.01","17.00","1.17","5.38","1.49","2.69","2.31","1.64","3.87","1.28","1.69","2.18"
"68422","10-05-21 15:30","Russia","Premier League","2020/2021","Ural","FK Rostov","3.37","3.21","2.37","1.08","8.70","1.45","2.85","2.38","1.61","4.73","1.20","10.40","1.06","1.89","1.91"
"68423","08-05-21 18:30","Russia","Premier League","2020/2021","CSKA Moscow","Krasnodar","1.81","4.65","3.78","1.01","17.00","1.19","4.89","1.58","2.45","2.38","1.61","4.44","1.22","1.54","2.48"
"68424","08-05-21 15:30","Russia","Premier League","2020/2021","Arsenal Tula","Rubin Kazan","2.94","3.27","2.60","1.10","7.53","1.49","2.69","2.49","1.56","5.06","1.18","10.50","1.06","1.99","1.81"
"68425","08-05-21 15:30","Russia","Premier League","2020/2021","Lokomotiv Moscow","Dynamo Moscow","2.72","3.32","2.76","1.05","10.70","1.29","3.76","1.99","1.91","3.43","1.33","7.05","1.11","1.65","2.24"
"68426","08-05-21 13:00","Russia","Premier League","2020/2021","Ufa","Zenit","3.81","3.74","2.00","1.03","14.00","1.24","4.30","1.78","2.15","3.03","1.41","5.60","1.16","1.59","2.36"
"68427","07-05-21 19:00","Russia","Premier League","2020/2021","Sochi","R. Volgograd","1.36","5.02","10.80","1.04","11.80","1.26","4.03","1.78","2.15","3.03","1.41","5.60","1.16","1.97","1.83"
"68428","07-05-21 17:00","Russia","Premier League","2020/2021","Akhmat Grozny","Tambov","1.05","19.00","29.00","","","1.06","9.10","1.27","3.72","1.70","2.21","2.40","1.57","3.94","1.25"
"68429","03-05-21 15:30","Russia","Premier League","2020/2021","Arsenal Tula","Spartak Moscow","5.24","3.94","1.70","1.04","11.80","1.29","3.76","1.95","1.95","3.21","1.37","6.60","1.12","1.76","2.07"
"68430","02-05-21 18:00","Russia","Premier League","2020/2021","Zenit","Lokomotiv Moscow","1.42","5.15","7.61","1.01","16.00","1.17","5.32","1.55","2.53","2.42","1.59","4.22","1.24","1.65","2.24"
"68431","02-05-21 15:30","Russia","Premier League","2020/2021","FK Rostov","Tambov","1.07","16.30","28.00","1.02","15.00","1.04","11.20","1.22","4.24","1.57","2.41","2.35","1.62","2.62","1.49"
"68432","02-05-21 13:00","Russia","Premier League","2020/2021","Khimki","Ural","2.40","3.55","3.00","1.06","9.78","1.32","3.53","2.07","1.84","3.83","1.28","7.83","1.09","1.70","2.15"
"68433","01-05-21 18:00","Russia","Premier League","2020/2021","Krasnodar","Sochi","2.01","3.99","3.52","1.02","16.10","1.21","4.66","1.62","2.37","2.49","1.56","4.78","1.20","1.54","2.48"
"68434","01-05-21 15:30","Russia","Premier League","2020/2021","CSKA Moscow","Ufa","1.63","3.92","6.17","1.07","9.68","1.32","3.49","2.09","1.83","3.87","1.28","7.90","1.09","1.96","1.85"
"68435","01-05-21 13:00","Russia","Premier League","2020/2021","R. Volgograd","Akhmat Grozny","3.43","3.46","2.22","1.08","8.60","1.32","3.49","2.09","1.83","3.87","1.28","7.90","1.09","1.72","2.13"
"68436","01-05-21 13:00","Russia","Premier League","2020/2021","Rubin Kazan","Dynamo Moscow","2.93","3.68","2.39","1.07","9.68","1.37","3.23","2.20","1.75","4.18","1.25","8.66","1.08","1.85","1.96"
"68437","25-04-21 18:00","Russia","Premier League","2020/2021","Rubin Kazan","Krasnodar","2.49","3.42","2.98","1.04","13.00","1.26","4.00","1.90","2.00","3.06","1.40","6.00","1.14","1.65","2.24"
"68438","25-04-21 15:30","Russia","Premier League","2020/2021","FK Rostov","Arsenal Tula","2.16","3.29","3.76","1.08","8.60","1.42","2.96","2.31","1.64","4.49","1.22","9.34","1.07","1.87","1.93"
"68439","25-04-21 15:30","Russia","Premier League","2020/2021","Spartak Moscow","CSKA Moscow","2.38","3.60","3.00","1.03","14.00","1.21","4.66","1.72","2.26","2.68","1.50","5.06","1.18","1.52","2.51"
"68440","25-04-21 13:00","Russia","Premier League","2020/2021","Ufa","Sochi","3.44","3.10","2.40","1.10","7.53","1.45","2.82","2.49","1.56","4.78","1.20","10.50","1.06","1.91","1.90"
"68441","24-04-21 18:00","Russia","Premier League","2020/2021","Dynamo Moscow","Khimki","1.45","4.84","8.20","1.01","10.00","1.26","3.70","1.89","2.06","3.02","1.36","5.45","1.11","2.14","1.68"
"68442","24-04-21 18:00","Russia","Premier League","2020/2021","Tambov","Lokomotiv Moscow","30.00","12.50","1.11","1.01","17.00","1.06","6.95","1.30","3.40","1.85","2.10","2.67","1.45","2.63","1.46"
"68443","24-04-21 15:30","Russia","Premier League","2020/2021","Zenit","R. Volgograd","1.11","10.70","25.00","1.02","15.00","1.10","7.62","1.36","3.24","2.10","1.82","3.22","1.37","2.36","1.59"
"68444","24-04-21 13:00","Russia","Premier League","2020/2021","Ural","Akhmat Grozny","2.64","3.45","2.77","1.08","8.70","1.41","2.99","2.29","1.66","4.44","1.22","9.25","1.07","1.83","1.98"
"68445","18-04-21 18:00","Russia","Premier League","2020/2021","Spartak Moscow","Ufa","1.46","4.32","8.48","1.04","12.00","1.28","3.80","1.93","1.97","3.40","1.34","6.54","1.13","1.94","1.86"
"68446","18-04-21 15:30","Russia","Premier League","2020/2021","Sochi","CSKA Moscow","3.39","3.43","2.25","1.07","9.68","1.32","3.49","2.09","1.83","3.87","1.28","7.90","1.09","1.70","2.15"
"68447","18-04-21 13:00","Russia","Premier League","2020/2021","Arsenal Tula","Tambov","1.10","13.40","22.00","1.01","19.00","1.12","6.35","1.42","2.89","2.11","1.81","3.14","1.36","2.10","1.62"
"68448","18-04-21 11:00","Russia","Premier League","2020/2021","Ural","Rubin Kazan","4.98","3.86","1.75","1.07","9.68","1.37","3.23","2.20","1.75","3.87","1.28","8.66","1.08","1.87","1.93"
"68449","17-04-21 18:00","Russia","Premier League","2020/2021","Krasnodar","Zenit","5.89","4.34","1.58","1.01","19.00","1.13","6.52","1.45","2.85","2.10","1.77","3.51","1.32","1.43","2.81"
"68450","17-04-21 15:30","Russia","Premier League","2020/2021","Lokomotiv Moscow","FK Rostov","1.87","3.70","4.74","1.04","8.10","1.37","2.99","2.24","1.76","3.88","1.24","7.40","1.05","2.08","1.71"
"68451","17-04-21 15:30","Russia","Premier League","2020/2021","R. Volgograd","Dynamo Moscow","5.15","3.58","1.84","1.05","7.30","1.43","2.74","2.43","1.66","4.40","1.20","8.40","1.03","2.26","1.61"
"68452","17-04-21 13:00","Russia","Premier League","2020/2021","Akhmat Grozny","Khimki","1.87","3.65","4.49","1.08","8.70","1.45","2.85","2.38","1.61","5.01","1.19","10.40","1.06","2.07","1.75"
"68453","12-04-21 18:00","Russia","Premier League","2020/2021","CSKA Moscow","R. Volgograd","1.26","5.99","13.30","","","1.21","4.71","1.60","2.39","2.65","1.50","5.01","1.19","2.07","1.76"
"68454","11-04-21 18:00","Russia","Premier League","2020/2021","Lokomotiv Moscow","Spartak Moscow","3.51","3.71","2.10","1.05","10.90","1.28","3.80","1.93","1.97","3.18","1.38","6.54","1.13","1.65","2.24"
"68455","11-04-21 15:30","Russia","Premier League","2020/2021","Dynamo Moscow","Ural","1.40","4.73","9.47","1.05","10.70","1.30","3.66","1.95","1.95","3.43","1.33","6.60","1.12","2.07","1.75"
"68456","11-04-21 15:30","Russia","Premier League","2020/2021","Sochi","Zenit","6.40","4.15","1.58","1.03","14.00","1.24","4.30","1.78","2.15","2.85","1.45","5.60","1.16","1.70","2.15"
"68457","11-04-21 13:00","Russia","Premier League","2020/2021","Arsenal Tula","Krasnodar","4.91","3.72","1.79","1.04","11.80","1.29","3.76","1.95","1.95","3.43","1.33","6.60","1.12","1.70","2.15"
"68458","10-04-21 18:00","Russia","Premier League","2020/2021","FK Rostov","Rubin Kazan","2.78","3.41","2.65","1.10","7.53","1.45","2.82","2.40","1.60","4.78","1.20","10.50","1.06","1.89","1.91"
"68459","10-04-21 15:30","Russia","Premier League","2020/2021","Ufa","Akhmat Grozny","3.08","3.30","2.48","1.11","7.07","1.53","2.58","2.65","1.50","5.55","1.16","11.60","1.05","2.07","1.75"
"68460","10-04-21 13:00","Russia","Premier League","2020/2021","Khimki","Tambov","1.22","7.40","15.00","1.01","13.50","1.16","4.44","1.66","2.41","2.62","1.55","4.44","1.19","2.46","1.52"
"68461","05-04-21 18:00","Russia","Premier League","2020/2021","Zenit","Khimki","1.16","8.64","19.60","1.02","15.00","1.12","6.84","1.44","2.89","2.13","1.80","3.27","1.36","2.01","1.80"
"68462","04-04-21 18:00","Russia","Premier League","2020/2021","FK Rostov","Spartak Moscow","3.51","3.55","2.16","1.07","9.68","1.32","3.49","2.20","1.75","3.87","1.28","7.90","1.09","1.78","2.04"
"68463","04-04-21 15:30","Russia","Premier League","2020/2021","Tambov","CSKA Moscow","24.00","18.60","1.07","1.01","17.00","1.05","10.30","1.22","3.72","1.86","2.05","2.42","1.63","2.76","1.45"
"68464","04-04-21 13:00","Russia","Premier League","2020/2021","Ural","Arsenal Tula","2.72","3.05","3.13","1.08","6.35","1.46","2.64","2.52","1.62","4.50","1.19","8.80","1.03","2.13","1.68"
"68465","03-04-21 18:00","Russia","Premier League","2020/2021","Dynamo Moscow","Ufa","1.71","3.51","6.17","1.10","7.61","1.45","2.85","2.47","1.57","5.01","1.19","10.40","1.06","2.22","1.66"
"68466","03-04-21 15:30","Russia","Premier League","2020/2021","Krasnodar","Akhmat Grozny","1.63","4.15","5.70","1.05","11.00","1.26","4.00","1.90","2.00","3.06","1.40","6.00","1.14","1.83","1.98"
"68467","03-04-21 15:30","Russia","Premier League","2020/2021","Rubin Kazan","Sochi","2.53","3.20","3.10","1.09","8.00","1.41","3.00","2.37","1.62","4.48","1.22","9.26","1.07","1.98","1.83"
"68468","03-04-21 13:00","Russia","Premier League","2020/2021","R. Volgograd","Lokomotiv Moscow","5.58","3.39","1.80","1.10","7.61","1.41","2.99","2.29","1.66","4.44","1.22","9.25","1.07","1.99","1.81"
"68469","19-03-21 17:00","Russia","Premier League","2020/2021","Rubin Kazan","Khimki","1.64","3.85","6.16","1.08","8.70","1.36","3.26","2.16","1.78","4.14","1.25","8.64","1.08","1.97","1.84"
"68470","19-03-21 17:00","Russia","Premier League","2020/2021","Sochi","Tambov","1.08","13.80","32.00","1.03","14.10","1.11","7.07","1.36","3.26","1.91","1.99","2.97","1.42","3.65","1.28"
"68471","18-03-21 17:00","Russia","Premier League","2020/2021","Krasnodar","Dynamo Moscow","1.81","4.36","4.02","1.02","16.30","1.21","4.71","1.66","2.28","2.64","1.51","4.97","1.19","1.59","2.36"
"68472","18-03-21 17:00","Russia","Premier League","2020/2021","Spartak Moscow","Ural","1.32","5.20","12.40","1.05","12.00","1.23","4.35","1.72","2.17","2.81","1.46","5.57","1.16","1.97","1.84"
"68473","18-03-21 15:00","Russia","Premier League","2020/2021","Ufa","Lokomotiv Moscow","4.18","3.10","2.13","1.13","6.52","1.53","2.58","2.64","1.51","5.57","1.16","11.20","1.05","2.10","1.73"
"68474","17-03-21 18:00","Russia","Premier League","2020/2021","Akhmat Grozny","Arsenal Tula","1.92","3.57","4.36","1.10","7.53","1.46","2.82","2.38","1.61","4.80","1.20","10.20","1.06","1.96","1.84"
"68475","17-03-21 18:00","Russia","Premier League","2020/2021","CSKA Moscow","Zenit","3.22","3.57","2.27","1.06","10.70","1.29","3.76","1.97","1.93","3.38","1.34","7.10","1.11","1.68","2.19"
"68476","17-03-21 16:00","Russia","Premier League","2020/2021","R. Volgograd","FK Rostov","3.89","3.00","2.27","1.11","6.99","1.54","2.55","2.66","1.50","5.57","1.16","11.20","1.05","2.00","1.81"
"68477","14-03-21 17:00","Russia","Premier League","2020/2021","Lokomotiv Moscow","Sochi","2.12","3.52","3.63","1.10","7.61","1.49","2.72","2.45","1.58","4.97","1.19","10.20","1.06","1.99","1.82"
"68478","14-03-21 14:30","Russia","Premier League","2020/2021","Tambov","Krasnodar","30.00","11.40","1.10","1.02","16.30","1.14","5.98","1.45","2.85","2.25","1.72","3.84","1.28","2.69","1.23"
"68479","14-03-21 12:00","Russia","Premier League","2020/2021","Ufa","Rubin Kazan","4.06","3.10","2.17","1.11","7.14","1.48","2.75","2.61","1.52","4.97","1.19","11.20","1.05","2.00","1.81"
"68480","13-03-21 17:00","Russia","Premier League","2020/2021","Dynamo Moscow","Spartak Moscow","2.50","3.71","2.76","1.05","10.90","1.32","3.53","2.05","1.86","3.84","1.28","8.05","1.09","1.69","2.17"
"68481","13-03-21 14:30","Russia","Premier League","2020/2021","Zenit","Akhmat Grozny","1.32","5.46","11.20","","","1.24","4.30","1.67","2.26","2.84","1.45","4.97","1.19","1.96","1.84"
"68482","13-03-21 12:00","Russia","Premier League","2020/2021","Arsenal Tula","CSKA Moscow","7.37","3.87","1.57","1.06","9.68","1.33","3.49","2.08","1.84","3.84","1.28","8.05","1.09","1.96","1.84"
"68483","13-03-21 10:00","Russia","Premier League","2020/2021","Ural","R. Volgograd","1.99","3.30","4.43","1.10","7.61","1.49","2.72","2.45","1.58","4.97","1.19","10.20","1.06","2.08","1.75"
"68484","12-03-21 17:00","Russia","Premier League","2020/2021","Khimki","FK Rostov","3.04","3.09","2.64","1.08","7.70","1.54","2.55","2.72","1.46","5.90","1.13","15.00","1.01","1.99","1.82"
"68485","08-03-21 14:30","Russia","Premier League","2020/2021","Rubin Kazan","Zenit","5.55","4.11","1.65","1.02","9.80","1.30","3.69","2.00","1.90","3.45","1.33","7.10","1.11","1.95","1.82"
"68486","08-03-21 12:00","Russia","Premier League","2020/2021","Arsenal Tula","Lokomotiv Moscow","3.45","3.18","2.35","1.10","7.53","1.46","2.82","2.38","1.61","4.80","1.20","10.20","1.06","1.91","1.89"
"68487","07-03-21 17:00","Russia","Premier League","2020/2021","Spartak Moscow","Krasnodar","2.27","3.61","3.20","1.03","14.00","1.24","4.30","1.67","2.26","2.66","1.50","4.97","1.19","1.53","2.51"
"68488","07-03-21 14:30","Russia","Premier League","2020/2021","Dynamo Moscow","Tambov","1.06","11.00","26.00","1.02","16.30","1.10","7.61","1.32","3.53","1.91","1.99","2.97","1.42","3.28","1.34"
"68489","07-03-21 12:00","Russia","Premier League","2020/2021","Ural","Ufa","2.62","2.82","3.39","1.14","5.98","1.58","2.45","2.97","1.42","6.08","1.14","12.50","1.04","2.11","1.72"
"68490","06-03-21 17:00","Russia","Premier League","2020/2021","FK Rostov","Sochi","3.38","3.36","2.29","1.11","6.99","1.49","2.69","2.47","1.57","4.97","1.19","10.20","1.06","1.96","1.84"
"68491","06-03-21 14:30","Russia","Premier League","2020/2021","R. Volgograd","Khimki","2.68","3.20","2.89","1.08","8.60","1.42","2.96","2.29","1.70","4.14","1.25","9.34","1.07","1.85","1.95"
"68492","06-03-21 12:00","Russia","Premier League","2020/2021","CSKA Moscow","Akhmat Grozny","1.62","3.92","6.31","1.06","10.70","1.30","3.66","1.97","1.93","3.52","1.32","7.10","1.11","1.85","1.95"
"68493","28-02-21 17:00","Russia","Premier League","2020/2021","Krasnodar","Ural","1.49","4.42","7.43","1.03","14.10","1.21","4.71","1.66","2.28","2.64","1.51","4.97","1.19","1.69","2.17"
"68494","28-02-21 14:30","Russia","Premier League","2020/2021","Akhmat Grozny","Dynamo Moscow","2.39","3.46","3.09","1.08","8.70","1.42","2.99","2.36","1.66","4.37","1.23","9.34","1.07","1.87","1.94"
"68495","28-02-21 12:00","Russia","Premier League","2020/2021","Spartak Moscow","Rubin Kazan","1.85","3.73","4.51","1.05","10.90","1.32","3.53","2.05","1.86","3.52","1.32","7.10","1.11","1.74","2.09"
"68496","27-02-21 17:00","Russia","Premier League","2020/2021","Lokomotiv Moscow","CSKA Moscow","3.52","3.36","2.23","1.06","9.78","1.32","3.53","2.05","1.86","3.84","1.28","8.05","1.09","1.69","2.17"
"68497","27-02-21 17:00","Russia","Premier League","2020/2021","Sochi","Arsenal Tula","1.78","3.57","5.25","1.06","9.78","1.32","3.53","2.16","1.78","3.84","1.28","8.05","1.09","1.87","1.94"
"68498","27-02-21 14:30","Russia","Premier League","2020/2021","Zenit","FK Rostov","1.40","4.92","8.80","1.05","11.80","1.24","4.30","1.74","2.15","2.84","1.45","5.57","1.16","1.87","1.94"
"68499","27-02-21 12:00","Russia","Premier League","2020/2021","Khimki","Ufa","2.13","3.51","3.62","1.10","7.53","1.49","2.69","2.47","1.57","5.57","1.16","11.20","1.05","2.08","1.75"
"68500","26-02-21 17:00","Russia","Premier League","2020/2021","Tambov","R. Volgograd","3.54","3.44","2.19","1.06","7.10","1.47","2.77","2.36","1.62","4.80","1.20","14.00","1.03","1.95","1.85"
"68501","18-12-20 16:00","Russia","Premier League","2020/2021","Tambov","Ural","3.59","3.06","2.35","1.11","6.99","1.49","2.69","2.66","1.50","5.57","1.16","11.20","1.05","2.00","1.81"
"68502","17-12-20 18:00","Russia","Premier League","2020/2021","Akhmat Grozny","Rubin Kazan","2.29","3.22","3.53","1.10","7.53","1.49","2.69","2.47","1.57","4.97","1.19","10.20","1.06","1.99","1.82"
"68503","17-12-20 18:00","Russia","Premier League","2020/2021","FK Rostov","CSKA Moscow","3.72","3.31","2.17","1.08","8.60","1.37","3.23","2.17","1.77","3.84","1.28","8.05","1.09","1.76","2.07"
"68504","17-12-20 16:00","Russia","Premier League","2020/2021","Khimki","Lokomotiv Moscow","4.14","3.42","2.01","1.08","8.60","1.37","3.23","2.17","1.77","3.84","1.28","8.64","1.08","1.84","1.97"
"68505","17-12-20 16:00","Russia","Premier League","2020/2021","Krasnodar","Ufa","1.46","4.61","7.63","1.05","11.80","1.26","4.03","1.86","2.05","3.01","1.41","6.08","1.14","1.84","1.97"
"68506","16-12-20 18:00","Russia","Premier League","2020/2021","Zenit","Spartak Moscow","1.75","3.91","4.89","1.02","16.10","1.21","4.66","1.67","2.26","2.66","1.50","4.97","1.19","1.61","2.31"
"68507","16-12-20 16:00","Russia","Premier League","2020/2021","R. Volgograd","Arsenal Tula","3.01","3.11","2.65","1.13","6.45","1.59","2.42","2.84","1.45","6.08","1.14","14.10","1.03","2.18","1.68"
"68508","16-12-20 16:00","Russia","Premier League","2020/2021","Sochi","Dynamo Moscow","2.72","3.21","2.85","1.10","7.53","1.46","2.82","2.38","1.61","4.80","1.20","10.20","1.06","1.92","1.88"
"68509","13-12-20 17:00","Russia","Premier League","2020/2021","Akhmat Grozny","FK Rostov","2.06","3.35","4.03","1.10","7.53","1.49","2.69","2.47","1.57","4.97","1.19","10.20","1.06","2.08","1.75"
"68510","13-12-20 17:00","Russia","Premier League","2020/2021","CSKA Moscow","Ural","1.35","5.13","10.40","1.03","14.00","1.24","4.30","1.74","2.15","2.84","1.45","5.57","1.16","1.94","1.86"
"68511","13-12-20 14:30","Russia","Premier League","2020/2021","Krasnodar","Lokomotiv Moscow","1.72","3.88","5.17","1.03","13.80","1.21","4.61","1.69","2.23","2.70","1.49","5.15","1.18","1.65","2.25"
"68512","13-12-20 12:00","Russia","Premier League","2020/2021","Tambov","Rubin Kazan","20.00","8.50","1.18","1.02","16.00","1.15","5.65","1.50","2.77","2.22","1.78","3.52","1.31","2.54","1.49"
"68513","12-12-20 17:00","Russia","Premier League","2020/2021","Zenit","Dynamo Moscow","1.63","3.94","6.13","1.05","11.80","1.26","4.03","1.86","2.05","3.01","1.41","6.08","1.14","1.70","2.15"
"68514","12-12-20 14:30","Russia","Premier League","2020/2021","Sochi","Spartak Moscow","3.19","3.31","2.41","1.08","8.60","1.42","2.96","2.29","1.70","4.50","1.22","9.34","1.07","1.84","1.97"
"68515","12-12-20 12:00","Russia","Premier League","2020/2021","R. Volgograd","Ufa","3.38","3.08","2.44","1.14","5.91","1.62","2.37","2.84","1.45","6.08","1.14","14.10","1.03","2.14","1.71"
"68516","11-12-20 17:00","Russia","Premier League","2020/2021","Khimki","Arsenal Tula","2.51","3.34","3.00","1.06","9.68","1.33","3.49","2.17","1.77","3.84","1.28","8.64","1.08","1.76","2.07"
"68517","07-12-20 17:00","Russia","Premier League","2020/2021","Sochi","Akhmat Grozny","2.78","3.20","2.78","1.10","7.53","1.46","2.82","2.38","1.61","4.80","1.20","10.20","1.06","1.88","1.92"
"68518","06-12-20 17:00","Russia","Premier League","2020/2021","CSKA Moscow","Khimki","1.49","4.48","7.24","1.05","11.80","1.24","4.30","1.67","2.26","2.66","1.50","4.97","1.19","1.77","2.04"
"68519","06-12-20 14:30","Russia","Premier League","2020/2021","Dynamo Moscow","Arsenal Tula","1.61","4.04","6.22","1.06","9.68","1.33","3.49","2.08","1.84","3.84","1.28","8.05","1.09","1.94","1.86"
"68520","06-12-20 12:00","Russia","Premier League","2020/2021","FK Rostov","Ufa","2.04","3.19","4.42","1.11","6.99","1.54","2.55","2.66","1.50","5.57","1.16","11.20","1.05","2.14","1.71"
"68521","05-12-20 17:00","Russia","Premier League","2020/2021","Krasnodar","R. Volgograd","1.27","6.17","11.80","1.02","16.10","1.21","4.66","1.59","2.42","2.47","1.57","4.50","1.22","1.96","1.84"
"68522","05-12-20 17:00","Russia","Premier League","2020/2021","Zenit","Ural","1.27","6.08","12.20","1.02","16.00","1.21","4.61","1.63","2.34","2.70","1.49","4.80","1.20","1.97","1.83"
"68523","05-12-20 14:30","Russia","Premier League","2020/2021","Spartak Moscow","Tambov","1.07","18.10","27.00","1.02","18.30","1.08","8.60","1.29","3.76","1.74","2.15","2.66","1.50","3.40","1.32"
"68524","05-12-20 12:00","Russia","Premier League","2020/2021","Lokomotiv Moscow","Rubin Kazan","2.06","3.10","4.47","1.10","7.53","1.46","2.82","2.38","1.61","4.80","1.20","10.20","1.06","1.88","1.92"
"68525","29-11-20 17:00","Russia","Premier League","2020/2021","Spartak Moscow","R. Volgograd","1.40","4.92","8.80","1.05","11.80","1.24","4.30","1.74","2.15","2.84","1.45","5.57","1.16","1.96","1.84"
"68526","29-11-20 14:30","Russia","Premier League","2020/2021","Rubin Kazan","CSKA Moscow","4.14","3.73","1.92","1.05","11.80","1.29","3.76","1.93","1.97","3.21","1.37","6.72","1.12","1.68","2.19"
"68527","29-11-20 12:00","Russia","Premier League","2020/2021","Ufa","Tambov","1.98","3.11","4.92","1.17","5.38","1.67","2.26","3.21","1.37","7.10","1.11","14.10","1.03","2.50","1.53"
"68528","29-11-20 10:00","Russia","Premier League","2020/2021","Ural","Sochi","3.39","3.19","2.37","1.10","7.53","1.46","2.82","2.38","1.61","4.80","1.20","10.20","1.06","1.96","1.84"
"68529","28-11-20 17:00","Russia","Premier League","2020/2021","Akhmat Grozny","Lokomotiv Moscow","1.95","3.41","4.43","1.06","9.68","1.30","3.66","2.08","1.84","3.52","1.32","7.10","1.11","1.77","2.04"
"68530","28-11-20 17:00","Russia","Premier League","2020/2021","FK Rostov","Dynamo Moscow","3.76","3.24","2.19","1.10","7.53","1.46","2.82","2.47","1.57","4.97","1.19","10.20","1.06","1.96","1.84"
"68531","28-11-20 14:30","Russia","Premier League","2020/2021","Khimki","Krasnodar","6.22","4.15","1.59","1.03","14.00","1.21","4.66","1.62","2.37","2.66","1.50","4.80","1.20","1.68","2.19"
"68532","28-11-20 12:00","Russia","Premier League","2020/2021","Arsenal Tula","Zenit","7.69","4.47","1.48","1.03","14.00","1.21","4.66","1.67","2.26","2.66","1.50","4.97","1.19","1.71","2.13"
"68533","23-11-20 15:00","Russia","Premier League","2020/2021","Ufa","Khimki","2.78","3.09","2.88","1.13","6.45","1.62","2.37","2.84","1.45","6.08","1.14","14.10","1.03","2.14","1.71"
"68534","22-11-20 17:00","Russia","Premier League","2020/2021","Rubin Kazan","FK Rostov","2.53","3.31","3.00","1.08","8.60","1.42","2.96","2.29","1.70","4.50","1.22","9.34","1.07","1.84","1.97"
"68535","22-11-20 14:30","Russia","Premier League","2020/2021","R. Volgograd","Ural","3.15","3.09","2.56","1.11","6.99","1.49","2.69","2.47","1.57","4.97","1.19","10.20","1.06","1.94","1.86"
"68536","22-11-20 12:00","Russia","Premier League","2020/2021","CSKA Moscow","Sochi","1.67","3.94","5.63","1.05","11.80","1.26","4.03","1.86","2.05","3.01","1.41","6.08","1.14","1.70","2.15"
"68537","21-11-20 17:00","Russia","Premier League","2020/2021","Lokomotiv Moscow","Arsenal Tula","1.75","3.91","4.89","1.06","10.70","1.30","3.66","1.97","1.93","3.38","1.34","7.10","1.11","1.77","2.04"
"68538","21-11-20 17:00","Russia","Premier League","2020/2021","Spartak Moscow","Dynamo Moscow","2.13","3.40","3.73","1.06","10.70","1.29","3.76","1.97","1.93","3.38","1.34","7.10","1.11","1.68","2.19"
"68539","21-11-20 14:30","Russia","Premier League","2020/2021","Akhmat Grozny","Zenit","4.67","3.62","1.85","1.05","11.80","1.29","3.76","1.93","1.97","3.21","1.37","6.72","1.12","1.67","2.21"
"68540","21-11-20 12:00","Russia","Premier League","2020/2021","Krasnodar","Tambov","1.40","4.70","9.67","1.05","11.80","1.26","3.98","1.70","2.20","2.92","1.43","6.08","1.14","1.92","1.88"
"68541","08-11-20 17:00","Russia","Premier League","2020/2021","Dynamo Moscow","Lokomotiv Moscow","2.64","3.32","2.85","1.06","9.68","1.33","3.49","2.08","1.84","3.84","1.28","8.05","1.09","1.70","2.15"
"68542","08-11-20 17:00","Russia","Premier League","2020/2021","Zenit","Krasnodar","1.60","4.49","5.51","","","1.21","4.66","1.67","2.26","2.66","1.50","4.97","1.19","1.67","2.21"
"68543","08-11-20 14:30","Russia","Premier League","2020/2021","CSKA Moscow","FK Rostov","1.56","4.37","6.24","1.06","10.70","1.29","3.76","1.93","1.97","3.21","1.37","6.72","1.12","1.92","1.88"
"68544","08-11-20 12:00","Russia","Premier League","2020/2021","Khimki","Rubin Kazan","3.76","3.65","2.04","1.05","11.80","1.29","3.76","1.93","1.97","3.21","1.37","6.72","1.12","1.69","2.17"
"68545","07-11-20 17:00","Russia","Premier League","2020/2021","Tambov","Akhmat Grozny","4.92","3.62","1.81","1.09","8.00","1.48","2.75","2.47","1.57","4.80","1.20","9.99","1.06","2.15","1.70"
"68546","07-11-20 14:30","Russia","Premier League","2020/2021","Arsenal Tula","R. Volgograd","1.91","3.61","4.34","1.10","7.53","1.49","2.69","2.47","1.57","4.97","1.19","10.20","1.06","2.14","1.71"
"68547","07-11-20 12:00","Russia","Premier League","2020/2021","Ural","Spartak Moscow","5.49","3.35","1.82","1.06","9.68","1.37","3.23","2.17","1.77","3.84","1.28","8.64","1.08","1.84","1.97"
"68548","06-11-20 17:00","Russia","Premier League","2020/2021","Sochi","Ufa","1.74","3.53","5.81","1.10","7.53","1.46","2.82","2.47","1.57","4.97","1.19","10.20","1.06","2.16","1.70"
"68549","01-11-20 17:00","Russia","Premier League","2020/2021","Tambov","Dynamo Moscow","5.89","3.38","1.77","1.10","7.53","1.46","2.82","2.47","1.57","4.97","1.19","10.20","1.06","2.16","1.70"
"68550","01-11-20 14:30","Russia","Premier League","2020/2021","R. Volgograd","CSKA Moscow","11.50","4.71","1.37","1.05","11.80","1.24","4.30","1.74","2.15","2.84","1.45","4.97","1.19","1.91","1.89"
"68551","01-11-20 12:00","Russia","Premier League","2020/2021","Khimki","Zenit","5.45","4.43","1.61","1.03","14.00","1.24","4.30","1.74","2.15","2.84","1.45","5.57","1.16","1.71","2.13"
"68552","01-11-20 10:00","Russia","Premier League","2020/2021","Ufa","Ural","2.33","3.00","3.73","1.15","5.85","1.63","2.34","3.06","1.40","6.72","1.12","14.10","1.03","2.29","1.62"
"68553","31-10-20 17:00","Russia","Premier League","2020/2021","Sochi","Lokomotiv Moscow","2.62","3.23","2.94","1.08","8.60","1.42","2.96","2.38","1.65","4.50","1.22","9.34","1.07","1.85","1.95"
"68554","31-10-20 14:30","Russia","Premier League","2020/2021","Akhmat Grozny","Krasnodar","2.60","3.49","2.78","1.05","11.80","1.26","4.03","1.93","1.97","3.21","1.37","6.72","1.12","1.65","2.25"
"68555","31-10-20 14:30","Russia","Premier League","2020/2021","Spartak Moscow","FK Rostov","1.77","3.52","5.51","1.06","9.68","1.33","3.49","2.08","1.84","3.84","1.28","8.05","1.09","1.85","1.95"
"68556","31-10-20 12:00","Russia","Premier League","2020/2021","Rubin Kazan","Arsenal Tula","1.69","3.66","6.02","1.06","10.70","1.29","3.76","1.93","1.97","3.38","1.34","6.72","1.12","1.87","1.94"
"68557","26-10-20 17:00","Russia","Premier League","2020/2021","CSKA Moscow","Arsenal Tula","1.45","4.70","7.83","1.06","10.70","1.30","3.66","1.97","1.93","3.52","1.32","7.10","1.11","2.00","1.81"
"68558","25-10-20 17:00","Russia","Premier League","2020/2021","Akhmat Grozny","Ufa","1.75","3.73","5.23","1.10","7.53","1.49","2.69","2.47","1.57","5.57","1.16","11.20","1.05","2.34","1.60"
"68559","25-10-20 14:30","Russia","Premier League","2020/2021","FK Rostov","Khimki","1.78","3.74","4.98","1.06","9.68","1.33","3.49","2.08","1.84","3.52","1.32","8.05","1.09","1.85","1.95"
"68560","25-10-20 12:00","Russia","Premier League","2020/2021","Ural","Tambov","2.13","3.23","3.96","1.11","6.99","1.54","2.55","2.66","1.50","5.57","1.16","11.20","1.05","2.10","1.73"
"68561","24-10-20 18:00","Russia","Premier League","2020/2021","Krasnodar","Spartak Moscow","2.68","3.61","2.63","1.03","14.00","1.24","4.30","1.74","2.15","2.84","1.45","5.57","1.16","1.57","2.41"
"68562","24-10-20 18:00","Russia","Premier League","2020/2021","Lokomotiv Moscow","R. Volgograd","1.50","4.14","8.28","1.06","9.68","1.37","3.23","2.17","1.77","4.14","1.25","8.64","1.08","2.16","1.70"
"68563","24-10-20 15:30","Russia","Premier League","2020/2021","Zenit","Rubin Kazan","1.52","4.24","7.33","1.05","11.80","1.26","4.03","1.74","2.15","2.84","1.45","5.57","1.16","1.70","2.15"
"68564","24-10-20 13:00","Russia","Premier League","2020/2021","Dynamo Moscow","Sochi","2.07","3.45","3.88","1.08","8.60","1.42","2.96","2.38","1.65","4.50","1.22","9.34","1.07","1.88","1.92"
"68565","18-10-20 18:00","Russia","Premier League","2020/2021","FK Rostov","Akhmat Grozny","2.42","3.09","3.40","1.10","7.45","1.46","2.79","2.50","1.56","4.80","1.20","10.20","1.06","1.92","1.88"
"68566","18-10-20 15:30","Russia","Premier League","2020/2021","CSKA Moscow","Dynamo Moscow","2.14","3.27","3.88","1.06","9.68","1.33","3.49","2.08","1.84","3.84","1.28","8.05","1.09","1.70","2.15"
"68567","18-10-20 13:00","Russia","Premier League","2020/2021","Arsenal Tula","Ural","2.06","3.30","4.12","1.10","7.53","1.46","2.82","2.38","1.61","4.80","1.20","10.20","1.06","1.94","1.86"
"68568","18-10-20 13:00","Russia","Premier League","2020/2021","R. Volgograd","Tambov","3.46","2.96","2.48","1.14","5.91","1.59","2.42","2.84","1.45","6.08","1.14","14.10","1.03","2.14","1.71"
"68569","17-10-20 18:00","Russia","Premier League","2020/2021","Khimki","Spartak Moscow","5.84","3.87","1.66","1.06","10.70","1.29","3.76","1.93","1.97","3.38","1.34","6.72","1.12","1.77","2.04"
"68570","17-10-20 15:30","Russia","Premier League","2020/2021","Krasnodar","Rubin Kazan","1.98","3.52","4.14","1.03","14.00","1.24","4.30","1.74","2.15","2.66","1.50","5.57","1.16","1.56","2.43"
"68571","17-10-20 15:30","Russia","Premier League","2020/2021","Lokomotiv Moscow","Ufa","1.63","3.80","6.53","1.10","7.53","1.46","2.82","2.38","1.61","4.80","1.20","10.20","1.06","2.14","1.71"
"68572","17-10-20 13:00","Russia","Premier League","2020/2021","Zenit","Sochi","1.43","4.85","7.86","1.02","16.10","1.24","4.30","1.67","2.26","2.66","1.50","4.97","1.19","1.76","2.07"
"68573","04-10-20 19:00","Russia","Premier League","2020/2021","Dynamo Moscow","Krasnodar","3.18","3.39","2.38","1.06","9.68","1.33","3.49","2.17","1.77","3.84","1.28","8.05","1.09","1.77","2.04"
"68574","04-10-20 15:30","Russia","Premier League","2020/2021","Rubin Kazan","Akhmat Grozny","1.98","3.52","4.14","1.06","9.68","1.33","3.49","2.08","1.84","3.84","1.28","8.05","1.09","1.77","2.04"
"68575","04-10-20 15:30","Russia","Premier League","2020/2021","Sochi","FK Rostov","2.53","3.20","3.10","1.10","7.53","1.46","2.82","2.38","1.61","4.80","1.20","10.20","1.06","1.91","1.89"
"68576","04-10-20 13:00","Russia","Premier League","2020/2021","Lokomotiv Moscow","Khimki","1.57","4.15","6.62","1.05","11.80","1.29","3.76","1.93","1.97","3.38","1.34","6.72","1.12","1.85","1.95"
"68577","03-10-20 18:00","Russia","Premier League","2020/2021","Spartak Moscow","Zenit","3.91","3.61","2.01","1.05","11.80","1.29","3.76","1.93","1.97","3.21","1.37","6.72","1.12","1.68","2.19"
"68578","03-10-20 15:30","Russia","Premier League","2020/2021","Tambov","Arsenal Tula","3.10","3.20","2.53","1.10","7.53","1.46","2.82","2.47","1.57","4.80","1.20","10.20","1.06","1.96","1.84"
"68579","03-10-20 15:30","Russia","Premier League","2020/2021","Ural","CSKA Moscow","6.14","4.11","1.60","1.05","11.80","1.29","3.76","1.93","1.97","3.38","1.34","6.72","1.12","1.85","1.95"
"68580","03-10-20 13:00","Russia","Premier League","2020/2021","Ufa","R. Volgograd","1.79","3.37","5.74","1.13","6.45","1.59","2.42","2.84","1.45","6.08","1.14","14.10","1.03","2.34","1.60"
"68581","28-09-20 18:00","Russia","Premier League","2020/2021","Khimki","Dynamo Moscow","5.73","3.73","1.70","1.08","8.60","1.37","3.23","2.17","1.77","3.84","1.28","8.05","1.09","1.96","1.84"
"68582","27-09-20 18:00","Russia","Premier League","2020/2021","CSKA Moscow","Lokomotiv Moscow","2.01","3.51","4.01","1.06","9.68","1.30","3.66","2.08","1.84","3.52","1.32","7.10","1.11","1.71","2.13"
"68583","27-09-20 18:00","Russia","Premier League","2020/2021","R. Volgograd","Rubin Kazan","7.74","4.33","1.49","1.06","9.68","1.33","3.49","2.08","1.84","3.84","1.28","8.05","1.09","2.10","1.73"
"68584","27-09-20 15:30","Russia","Premier League","2020/2021","Akhmat Grozny","Ural","1.85","3.50","4.88","1.06","10.70","1.30","3.66","1.97","1.93","3.38","1.34","7.10","1.11","1.71","2.13"
"68585","27-09-20 13:00","Russia","Premier League","2020/2021","Arsenal Tula","FK Rostov","3.20","3.10","2.53","1.11","6.99","1.49","2.69","2.47","1.57","4.97","1.19","10.20","1.06","1.96","1.84"
"68586","26-09-20 19:00","Russia","Premier League","2020/2021","Sochi","Krasnodar","3.74","3.54","2.08","1.05","11.00","1.29","3.75","2.08","1.83","3.43","1.34","6.54","1.13","1.73","2.10"
"68587","26-09-20 15:30","Russia","Premier League","2020/2021","Zenit","Ufa","1.18","7.27","21.00","1.05","11.80","1.21","4.66","1.62","2.37","2.47","1.57","4.80","1.20","2.37","1.59"
"68588","26-09-20 13:00","Russia","Premier League","2020/2021","Tambov","Spartak Moscow","6.60","4.04","1.58","1.06","9.68","1.33","3.49","2.08","1.84","3.52","1.32","8.05","1.09","1.96","1.84"
"68589","21-09-20 18:00","Russia","Premier League","2020/2021","Dynamo Moscow","Akhmat Grozny","2.10","3.31","3.96","1.08","8.60","1.42","2.96","2.29","1.70","4.14","1.25","9.34","1.07","1.85","1.95"
"68590","20-09-20 18:00","Russia","Premier League","2020/2021","Lokomotiv Moscow","Tambov","1.58","4.20","6.31","1.08","9.00","1.41","3.00","2.35","1.67","4.14","1.25","8.45","1.09","2.24","1.65"
"68591","20-09-20 15:30","Russia","Premier League","2020/2021","Rubin Kazan","Spartak Moscow","3.92","3.37","2.09","1.06","10.70","1.30","3.66","1.97","1.93","3.52","1.32","7.10","1.11","1.67","2.21"
"68592","20-09-20 13:00","Russia","Premier League","2020/2021","Arsenal Tula","Sochi","2.82","3.18","2.77","1.10","7.53","1.46","2.82","2.47","1.57","4.80","1.20","10.20","1.06","1.88","1.92"
"68593","20-09-20 13:00","Russia","Premier League","2020/2021","Ufa","CSKA Moscow","5.65","3.29","1.82","1.10","7.53","1.42","2.96","2.38","1.65","4.50","1.22","9.34","1.07","1.94","1.86"
"68595","19-09-20 15:30","Russia","Premier League","2020/2021","Ural","Zenit","9.22","5.47","1.35","1.02","18.30","1.17","5.38","1.54","2.55","2.38","1.61","4.14","1.25","1.77","2.04"
"68596","18-09-20 19:00","Russia","Premier League","2020/2021","Krasnodar","Khimki","1.40","4.88","9.10","1.03","14.00","1.20","4.84","1.59","2.42","2.47","1.57","4.50","1.22","1.71","2.13"
"68597","14-09-20 19:30","Russia","Premier League","2020/2021","FK Rostov","Lokomotiv Moscow","2.53","3.28","3.02","1.08","8.60","1.46","2.82","2.38","1.65","4.50","1.22","9.34","1.07","1.91","1.89"
"68598","14-09-20 17:30","Russia","Premier League","2020/2021","Zenit","Arsenal Tula","1.31","5.84","10.10","1.02","16.10","1.20","4.84","1.59","2.42","2.47","1.57","4.50","1.22","1.92","1.88"
"68599","13-09-20 18:00","Russia","Premier League","2020/2021","CSKA Moscow","Spartak Moscow","2.45","3.35","3.09","1.06","9.68","1.33","3.49","2.17","1.77","3.84","1.28","8.05","1.09","1.77","2.04"
"68601","13-09-20 15:30","Russia","Premier League","2020/2021","Dynamo Moscow","Rubin Kazan","1.91","3.39","4.69","1.08","8.51","1.43","2.93","2.30","1.69","4.50","1.22","9.34","1.07","1.88","1.92"
"68602","12-09-20 18:00","Russia","Premier League","2020/2021","Akhmat Grozny","Sochi","2.51","3.40","3.09","1.06","9.10","1.38","3.10","2.23","1.77","3.94","1.26","8.20","1.08","1.91","1.83"
"68603","12-09-20 15:30","Russia","Premier League","2020/2021","Ural","Khimki","2.20","3.32","3.64","1.10","7.53","1.46","2.82","2.38","1.61","4.80","1.20","10.20","1.06","1.96","1.84"
"68604","12-09-20 12:45","Russia","Premier League","2020/2021","Tambov","Ufa","2.61","3.03","3.14","1.15","5.85","1.69","2.23","3.06","1.40","6.72","1.12","14.10","1.03","2.36","1.59"
"68605","30-08-20 19:00","Russia","Premier League","2020/2021","Krasnodar","FK Rostov","1.89","3.61","4.46","1.06","9.68","1.33","3.49","2.08","1.84","3.84","1.28","8.05","1.09","1.85","1.95"
"68606","30-08-20 19:00","Russia","Premier League","2020/2021","Sochi","Ural","1.66","3.85","5.91","1.06","9.68","1.33","3.49","2.17","1.77","3.84","1.28","8.05","1.09","1.96","1.84"
"68607","30-08-20 17:00","Russia","Premier League","2020/2021","Akhmat Grozny","CSKA Moscow","4.20","3.53","1.96","1.06","9.68","1.33","3.49","2.08","1.84","3.84","1.28","8.05","1.09","1.77","2.04"
"68608","30-08-20 17:00","Russia","Premier League","2020/2021","Rubin Kazan","Tambov","1.72","3.61","5.77","1.10","7.53","1.46","2.82","2.38","1.61","4.80","1.20","10.20","1.06","2.16","1.70"
"68609","30-08-20 15:00","Russia","Premier League","2020/2021","Lokomotiv Moscow","Zenit","5.22","4.13","1.67","1.03","14.00","1.26","4.03","1.86","2.05","3.01","1.41","6.08","1.14","1.71","2.13"
"68610","30-08-20 13:00","Russia","Premier League","2020/2021","Ufa","Dynamo Moscow","4.44","3.05","2.17","1.13","6.10","1.70","2.34","3.15","1.46","6.35","1.13","14.00","1.03","2.57","1.51"
"68611","29-08-20 19:00","Russia","Premier League","2020/2021","Khimki","R. Volgograd","2.02","3.37","4.15","1.10","7.53","1.49","2.69","2.47","1.57","4.97","1.19","10.20","1.06","2.10","1.73"
"68612","29-08-20 17:00","Russia","Premier League","2020/2021","Spartak Moscow","Arsenal Tula","1.59","4.15","6.22","1.08","9.00","1.36","3.25","2.24","1.73","4.14","1.25","8.45","1.09","2.05","1.70"
"68613","26-08-20 19:45","Russia","Premier League","2020/2021","Dynamo Moscow","Zenit","4.93","3.50","1.84","1.06","9.68","1.33","3.49","2.08","1.84","3.52","1.32","8.05","1.09","1.85","1.95"
"68614","26-08-20 19:30","Russia","Premier League","2020/2021","FK Rostov","Ural","1.65","3.88","5.94","1.08","8.60","1.37","3.23","2.17","1.77","4.14","1.25","8.64","1.08","2.00","1.81"
"68615","26-08-20 19:30","Russia","Premier League","2020/2021","Krasnodar","CSKA Moscow","2.35","3.61","3.04","1.05","11.80","1.29","3.76","1.93","1.97","3.21","1.37","6.72","1.12","1.68","2.19"
"68616","26-08-20 17:30","Russia","Premier League","2020/2021","Lokomotiv Moscow","Akhmat Grozny","1.86","3.52","4.77","1.06","9.68","1.37","3.23","2.29","1.70","4.14","1.25","8.64","1.08","1.91","1.89"
"68617","26-08-20 17:30","Russia","Premier League","2020/2021","R. Volgograd","Spartak Moscow","6.68","4.14","1.56","1.06","9.68","1.37","3.23","2.08","1.84","3.84","1.28","8.05","1.09","2.00","1.81"
"68618","26-08-20 17:30","Russia","Premier League","2020/2021","Rubin Kazan","Ufa","1.89","3.35","4.90","1.14","6.00","1.70","2.20","3.06","1.40","6.54","1.13","14.10","1.03","2.53","1.52"
"68619","25-08-20 19:30","Russia","Premier League","2020/2021","Arsenal Tula","Khimki","1.89","3.71","4.32","1.08","8.60","1.42","2.96","2.38","1.65","4.50","1.22","9.34","1.07","2.02","1.79"
"68620","25-08-20 17:30","Russia","Premier League","2020/2021","Tambov","Sochi","4.12","3.35","2.04","1.08","8.60","1.42","2.96","2.29","1.70","4.50","1.22","9.34","1.07","1.91","1.89"
"68621","23-08-20 18:00","Russia","Premier League","2020/2021","Spartak Moscow","Lokomotiv Moscow","2.68","3.21","2.89","1.08","8.60","1.37","3.23","2.17","1.77","4.14","1.25","8.64","1.08","1.76","2.07"
"68622","23-08-20 15:30","Russia","Premier League","2020/2021","Ufa","FK Rostov","3.26","2.99","2.57","1.13","6.38","1.61","2.39","2.88","1.44","6.08","1.14","14.10","1.03","2.16","1.70"
"68623","22-08-20 19:00","Russia","Premier League","2020/2021","CSKA Moscow","Rubin Kazan","1.72","3.61","5.77","1.06","9.68","1.33","3.49","2.08","1.84","3.84","1.28","8.05","1.09","1.87","1.94"
"68624","22-08-20 19:00","Russia","Premier League","2020/2021","R. Volgograd","Sochi","3.72","3.10","2.27","1.10","7.45","1.46","2.79","2.42","1.59","4.80","1.20","10.20","1.06","1.92","1.88"
"68625","22-08-20 17:00","Russia","Premier League","2020/2021","Zenit","Tambov","1.24","6.37","14.50","1.03","14.00","1.20","4.84","1.59","2.42","2.38","1.61","4.50","1.22","2.08","1.75"
"68626","22-08-20 16:30","Russia","Premier League","2020/2021","Arsenal Tula","Dynamo Moscow","4.92","3.32","1.90","1.11","7.00","1.51","2.63","2.57","1.54","5.11","1.18","11.20","1.05","2.10","1.74"
"68627","22-08-20 15:00","Russia","Premier League","2020/2021","Khimki","Akhmat Grozny","2.81","3.09","2.85","1.10","7.53","1.42","2.96","2.38","1.65","4.50","1.22","9.34","1.07","1.85","1.95"
"68628","22-08-20 13:00","Russia","Premier League","2020/2021","Ural","Krasnodar","5.71","4.47","1.58","1.05","11.80","1.29","3.76","1.93","1.97","3.21","1.37","6.08","1.14","1.85","1.95"
"68629","19-08-20 19:00","Russia","Premier League","2020/2021","Zenit","CSKA Moscow","1.77","3.63","5.23","1.05","11.80","1.24","4.30","1.74","2.15","2.84","1.45","5.57","1.16","1.65","2.25"
"68630","19-08-20 18:00","Russia","Premier League","2020/2021","Dynamo Moscow","FK Rostov","2.18","3.19","3.87","1.11","6.99","1.49","2.69","2.47","1.57","4.97","1.19","10.20","1.06","2.00","1.81"
"68631","19-08-20 17:00","Russia","Premier League","2020/2021","Akhmat Grozny","R. Volgograd","2.11","3.12","4.21","1.13","6.45","1.59","2.42","2.84","1.45","6.08","1.14","14.10","1.03","2.16","1.70"
"68632","19-08-20 15:00","Russia","Premier League","2020/2021","Ufa","Spartak Moscow","4.12","3.30","2.06","1.11","6.91","1.55","2.53","2.70","1.49","5.57","1.16","11.20","1.05","2.16","1.70"
"68633","19-08-20 15:00","Russia","Premier League","2020/2021","Ural","Lokomotiv Moscow","5.23","3.63","1.77","1.07","9.57","1.33","3.46","2.10","1.82","3.84","1.28","8.05","1.09","1.85","1.95"
"68634","18-08-20 19:00","Russia","Premier League","2020/2021","Krasnodar","Arsenal Tula","1.45","4.94","7.28","1.04","13.00","1.26","4.00","1.90","2.00","3.06","1.40","6.00","1.14","1.98","1.83"
"68635","18-08-20 18:00","Russia","Premier League","2020/2021","Tambov","Khimki","2.89","3.20","2.68","1.11","7.00","1.51","2.63","2.66","1.50","5.41","1.17","11.20","1.05","2.05","1.74"
"68636","18-08-20 17:00","Russia","Premier League","2020/2021","Sochi","Rubin Kazan","2.46","3.21","3.21","1.10","7.53","1.49","2.69","2.47","1.57","4.97","1.19","10.20","1.06","2.00","1.81"
"68637","15-08-20 19:00","Russia","Premier League","2020/2021","FK Rostov","Zenit","4.47","3.72","1.86","1.06","10.70","1.30","3.66","1.97","1.93","3.38","1.34","7.10","1.11","1.76","2.07"
"68638","15-08-20 18:00","Russia","Premier League","2020/2021","Lokomotiv Moscow","Krasnodar","3.20","3.36","2.38","1.06","10.70","1.30","3.66","1.97","1.93","3.38","1.34","7.10","1.11","1.68","2.19"
"68639","15-08-20 17:00","Russia","Premier League","2020/2021","CSKA Moscow","Tambov","1.50","4.20","7.83","1.06","10.70","1.30","3.66","2.08","1.84","3.52","1.32","7.10","1.11","2.10","1.73"
"68640","15-08-20 14:30","Russia","Premier League","2020/2021","Dynamo Moscow","R. Volgograd","1.70","3.54","6.30","1.10","7.45","1.46","2.79","2.50","1.56","5.15","1.18","10.20","1.06","2.26","1.64"
"68641","15-08-20 14:30","Russia","Premier League","2020/2021","Rubin Kazan","Ural","1.71","3.84","5.39","1.08","8.51","1.43","2.93","2.30","1.69","4.50","1.22","9.34","1.07","2.10","1.73"
"68642","14-08-20 19:00","Russia","Premier League","2020/2021","Spartak Moscow","Akhmat Grozny","1.65","4.10","5.52","1.06","10.70","1.30","3.66","1.97","1.93","3.52","1.32","7.10","1.11","1.85","1.95"
"68643","14-08-20 18:00","Russia","Premier League","2020/2021","Sochi","Khimki","1.98","3.52","4.14","1.09","8.00","1.48","2.75","2.37","1.62","4.48","1.22","9.26","1.07","2.04","1.78"
"68644","14-08-20 17:00","Russia","Premier League","2020/2021","Arsenal Tula","Ufa","2.31","2.98","3.81","1.14","5.91","1.67","2.26","3.01","1.41","6.72","1.12","14.10","1.03","2.26","1.64"
"68645","11-08-20 19:00","Russia","Premier League","2020/2021","Rubin Kazan","Lokomotiv Moscow","3.41","3.21","2.35","1.08","8.51","1.43","2.93","2.41","1.64","4.50","1.22","9.34","1.07","1.85","1.95"
"68646","11-08-20 17:00","Russia","Premier League","2020/2021","R. Volgograd","Zenit","9.94","5.25","1.35","1.05","11.70","1.24","4.26","1.69","2.23","2.70","1.49","5.15","1.18","1.96","1.84"
"68647","10-08-20 16:00","Russia","Premier League","2020/2021","Ural","Dynamo Moscow","3.84","3.41","2.10","1.08","8.51","1.46","2.79","2.41","1.64","4.50","1.22","9.34","1.07","1.92","1.88"
"68648","09-08-20 19:00","Russia","Premier League","2020/2021","Spartak Moscow","Sochi","1.64","3.94","6.00","1.06","9.68","1.37","3.23","2.17","1.77","4.14","1.25","8.64","1.08","2.00","1.81"
"68649","09-08-20 18:00","Russia","Premier League","2020/2021","Arsenal Tula","Akhmat Grozny","2.47","3.30","3.09","1.09","8.00","1.48","2.75","2.47","1.57","4.80","1.20","9.99","1.06","2.00","1.78"
"68650","09-08-20 16:00","Russia","Premier League","2020/2021","Ufa","Krasnodar","4.41","3.42","1.96","1.10","7.53","1.49","2.69","2.66","1.50","5.57","1.16","11.20","1.05","2.10","1.73"
"68651","08-08-20 17:30","Russia","Premier League","2020/2021","Tambov","FK Rostov","3.88","3.65","2.00","1.07","9.57","1.38","3.19","2.30","1.69","4.25","1.24","8.64","1.08","1.92","1.88"
"68652","08-08-20 15:00","Russia","Premier League","2020/2021","Khimki","CSKA Moscow","5.20","3.70","1.76","1.06","9.68","1.37","3.23","2.17","1.77","3.84","1.28","8.05","1.09","1.92","1.88"
"68653","22-07-20 18:00","Russia","Premier League","2019/2020","CSKA Moscow","Tambov","1.32","5.70","10.30","1.02","16.00","1.21","4.61","1.63","2.34","2.70","1.49","5.15","1.18","1.91","1.89"
"68654","22-07-20 18:00","Russia","Premier League","2019/2020","Dynamo Moscow","Orenburg","1.64","3.94","6.00","1.07","9.57","1.38","3.19","2.20","1.75","3.84","1.28","8.64","1.08","2.00","1.81"
"68655","22-07-20 18:00","Russia","Premier League","2019/2020","FK Rostov","Zenit","2.22","3.72","3.20","1.02","16.00","1.21","4.61","1.63","2.34","2.50","1.56","4.80","1.20","1.54","2.48"
"68656","22-07-20 18:00","Russia","Premier League","2019/2020","Krasnodar","Akhmat Grozny","1.40","5.26","7.89","1.03","15.00","1.23","4.33","1.70","2.20","2.86","1.45","5.11","1.18","1.98","1.83"
"68658","22-07-20 18:00","Russia","Premier League","2019/2020","Rubin Kazan","Spartak Moscow","3.46","3.29","2.28","1.06","10.60","1.30","3.62","2.10","1.82","3.59","1.31","7.10","1.11","1.68","2.19"
"68659","22-07-20 18:00","Russia","Premier League","2019/2020","Ufa","Arsenal Tula","2.68","2.99","3.09","1.08","8.51","1.38","3.19","2.30","1.69","4.25","1.24","8.64","1.08","1.77","2.04"
"68660","22-07-20 18:00","Russia","Premier League","2019/2020","Ural","Lokomotiv Moscow","3.48","3.61","2.15","1.03","13.80","1.21","4.61","1.63","2.34","2.70","1.49","4.80","1.20","1.50","2.60"
"68661","19-07-20 19:30","Russia","Premier League","2019/2020","Krasnodar","Dynamo Moscow","1.62","3.76","6.79","1.06","9.68","1.30","3.66","1.97","1.93","3.52","1.32","7.10","1.11","1.91","1.89"
"68662","16-07-20 19:30","Russia","Premier League","2019/2020","Lokomotiv Moscow","CSKA Moscow","2.97","3.35","2.53","1.06","9.68","1.37","3.23","2.29","1.70","4.14","1.25","8.64","1.08","1.85","1.95"
"68664","16-07-20 17:00","Russia","Premier League","2019/2020","Rubin Kazan","FK Rostov","2.85","3.11","2.80","1.08","8.60","1.37","3.23","2.29","1.70","3.84","1.28","8.64","1.08","1.77","2.04"
"68665","16-07-20 17:00","Russia","Premier League","2019/2020","Ufa","Dynamo Moscow","4.47","3.10","2.06","1.11","6.99","1.49","2.69","2.66","1.50","4.97","1.19","11.20","1.05","2.10","1.73"
"68666","15-07-20 19:30","Russia","Premier League","2019/2020","Zenit","Orenburg","1.27","6.17","11.80","1.02","18.10","1.15","5.85","1.46","2.79","2.20","1.75","3.59","1.31","1.78","2.04"
"68667","15-07-20 17:00","Russia","Premier League","2019/2020","Krylya Sovetov","Krasnodar","5.46","3.95","1.68","1.05","11.60","1.27","3.95","1.97","1.93","3.26","1.36","6.08","1.14","1.75","2.08"
"68668","15-07-20 17:00","Russia","Premier League","2019/2020","Spartak Moscow","Akhmat Grozny","2.11","3.31","3.92","1.06","10.50","1.30","3.68","1.97","1.93","3.26","1.36","6.72","1.12","1.67","2.21"
"68669","15-07-20 15:00","Russia","Premier League","2019/2020","Ural","Arsenal Tula","2.27","3.20","3.61","1.06","10.70","1.29","3.76","1.97","1.93","3.38","1.34","7.10","1.11","1.68","2.19"
"68670","12-07-20 19:30","Russia","Premier League","2019/2020","Krasnodar","Ural","1.45","4.70","7.83","1.03","13.80","1.21","4.61","1.69","2.23","2.70","1.49","5.15","1.18","1.79","2.02"
"68671","12-07-20 17:30","Russia","Premier League","2019/2020","CSKA Moscow","Rubin Kazan","1.42","4.54","9.48","1.08","8.51","1.38","3.19","2.20","1.75","3.84","1.28","8.05","1.09","2.39","1.58"
"68672","12-07-20 17:30","Russia","Premier League","2019/2020","Dynamo Moscow","Krylya Sovetov","2.10","3.20","4.13","1.10","7.45","1.43","2.93","2.41","1.64","4.50","1.22","9.34","1.07","1.87","1.94"
"68673","12-07-20 17:30","Russia","Premier League","2019/2020","Orenburg","FK Rostov","4.14","3.94","1.87","1.02","16.00","1.24","4.26","1.75","2.13","2.88","1.44","5.57","1.16","1.63","2.28"
"68674","12-07-20 15:30","Russia","Premier League","2019/2020","Lokomotiv Moscow","Ufa","1.58","3.71","7.74","1.10","7.45","1.43","2.93","2.41","1.64","4.50","1.22","9.34","1.07","2.16","1.70"
"68675","11-07-20 19:30","Russia","Premier League","2019/2020","Sochi","Spartak Moscow","3.12","3.38","2.41","1.05","11.80","1.29","3.76","1.93","1.97","3.21","1.37","6.72","1.12","1.65","2.25"
"68676","11-07-20 17:30","Russia","Premier League","2019/2020","Akhmat Grozny","Zenit","3.20","3.55","2.29","1.05","11.80","1.26","4.03","1.86","2.05","3.01","1.41","6.08","1.14","1.61","2.31"
"68677","11-07-20 15:00","Russia","Premier League","2019/2020","Arsenal Tula","Tambov","2.28","3.20","3.57","1.08","8.51","1.33","3.46","2.20","1.75","3.84","1.28","8.05","1.09","1.79","2.02"
"68678","09-07-20 19:30","Russia","Premier League","2019/2020","Rubin Kazan","Krasnodar","3.72","3.43","2.12","1.08","8.60","1.37","3.23","2.29","1.70","4.14","1.25","8.64","1.08","1.85","1.95"
"68679","09-07-20 16:00","Russia","Premier League","2019/2020","Ural","Dynamo Moscow","3.22","3.32","2.39","1.09","8.42","1.44","2.89","2.33","1.68","4.50","1.22","9.34","1.07","1.85","1.95"
"68680","08-07-20 19:30","Russia","Premier League","2019/2020","FK Rostov","Ufa","1.97","3.16","4.81","1.10","7.45","1.46","2.79","2.42","1.59","4.80","1.20","10.20","1.06","1.96","1.84"
"68681","08-07-20 19:30","Russia","Premier League","2019/2020","Spartak Moscow","Lokomotiv Moscow","2.69","3.31","2.80","1.07","9.57","1.38","3.19","2.20","1.75","3.84","1.28","8.05","1.09","1.79","2.02"
"68682","08-07-20 17:00","Russia","Premier League","2019/2020","Orenburg","CSKA Moscow","7.08","4.66","1.48","1.03","13.80","1.24","4.26","1.69","2.23","2.88","1.44","5.80","1.14","1.79","2.02"
"68683","08-07-20 17:00","Russia","Premier League","2019/2020","Zenit","Sochi","1.72","4.33","4.56","1.02","14.50","1.15","5.85","1.50","2.66","2.30","1.69","3.84","1.28","1.51","2.57"
"68684","07-07-20 19:30","Russia","Premier League","2019/2020","Arsenal Tula","Krylya Sovetov","2.23","3.36","3.52","1.07","9.57","1.38","3.19","2.20","1.75","4.25","1.24","8.64","1.08","1.92","1.88"
"68685","07-07-20 17:30","Russia","Premier League","2019/2020","Tambov","Akhmat Grozny","3.10","3.20","2.53","1.09","8.42","1.44","2.89","2.33","1.68","4.25","1.24","8.64","1.08","1.88","1.92"
"68686","05-07-20 19:30","Russia","Premier League","2019/2020","Krasnodar","Zenit","3.62","3.52","2.12","1.04","13.00","1.26","4.00","1.90","2.00","3.06","1.40","6.00","1.14","1.65","2.24"
"68687","05-07-20 17:30","Russia","Premier League","2019/2020","Rubin Kazan","Orenburg","1.30","5.85","12.50","1.01","15.00","1.25","3.78","1.87","2.09","2.99","1.37","5.40","1.11","2.48","1.54"
"68688","05-07-20 15:30","Russia","Premier League","2019/2020","Ufa","Ural","2.59","3.00","3.21","1.11","6.99","1.54","2.55","2.66","1.50","5.57","1.16","11.20","1.05","2.00","1.81"
"68689","04-07-20 19:30","Russia","Premier League","2019/2020","Akhmat Grozny","CSKA Moscow","3.19","3.45","2.34","1.08","9.00","1.41","3.00","2.46","1.62","4.48","1.22","9.26","1.07","1.98","1.83"
"68690","04-07-20 19:30","Russia","Premier League","2019/2020","Lokomotiv Moscow","Sochi","2.01","3.69","3.80","1.05","11.00","1.32","3.50","2.08","1.83","3.67","1.30","7.06","1.11","1.83","1.98"
"68691","04-07-20 17:30","Russia","Premier League","2019/2020","Krylya Sovetov","FK Rostov","2.65","3.39","2.78","1.06","10.00","1.34","3.40","2.24","1.73","3.79","1.29","7.54","1.10","1.83","1.98"
"68692","04-07-20 17:30","Russia","Premier League","2019/2020","Spartak Moscow","Tambov","1.64","3.98","5.94","1.05","11.70","1.30","3.62","1.99","1.91","3.59","1.31","7.10","1.11","1.85","1.95"
"68693","04-07-20 15:30","Russia","Premier League","2019/2020","Dynamo Moscow","Arsenal Tula","2.07","3.54","3.77","1.08","8.51","1.43","2.93","2.41","1.64","4.50","1.22","9.34","1.07","1.92","1.88"
"68694","01-07-20 19:00","Russia","Premier League","2019/2020","FK Rostov","Krasnodar","3.39","3.44","2.24","1.03","13.80","1.24","4.26","1.75","2.13","2.88","1.44","5.57","1.16","1.57","2.41"
"68695","01-07-20 19:00","Russia","Premier League","2019/2020","Sochi","Dynamo Moscow","2.48","3.24","3.13","1.08","8.51","1.43","2.93","2.30","1.69","4.50","1.22","9.34","1.07","1.85","1.95"
"68696","01-07-20 16:30","Russia","Premier League","2019/2020","Arsenal Tula","Akhmat Grozny","2.50","3.23","3.12","1.08","8.51","1.43","2.93","2.41","1.64","4.50","1.22","9.34","1.07","1.85","1.95"
"68697","01-07-20 16:30","Russia","Premier League","2019/2020","Tambov","Zenit","10.40","5.75","1.31","1.02","16.00","1.17","5.32","1.55","2.53","2.32","1.64","4.25","1.24","1.87","1.94"
"68699","01-07-20 14:00","Russia","Premier League","2019/2020","Ufa","Rubin Kazan","2.58","3.01","3.22","1.14","5.91","1.67","2.26","3.01","1.41","6.72","1.12","14.10","1.03","2.26","1.64"
"68700","30-06-20 19:30","Russia","Premier League","2019/2020","CSKA Moscow","Spartak Moscow","2.38","3.32","3.23","1.07","9.57","1.33","3.46","2.10","1.82","3.59","1.31","8.05","1.09","1.71","2.13"
"68701","30-06-20 17:00","Russia","Premier League","2019/2020","Lokomotiv Moscow","Krylya Sovetov","1.49","4.48","7.24","1.04","13.00","1.26","4.00","1.90","2.00","3.06","1.40","6.00","1.14","1.90","1.90"
"68702","28-06-20 15:30","Russia","Premier League","2019/2020","Ural","Tambov","2.36","3.19","3.40","1.08","8.60","1.37","3.23","2.29","1.70","4.14","1.25","8.64","1.08","1.77","2.04"
"68703","27-06-20 19:00","Russia","Premier League","2019/2020","FK Rostov","Arsenal Tula","2.49","3.54","3.01","1.03","9.10","1.31","3.32","2.03","1.92","3.40","1.30","6.20","1.08","1.85","1.95"
"68704","27-06-20 18:00","Russia","Premier League","2019/2020","Dynamo Moscow","CSKA Moscow","4.04","3.31","2.08","1.10","7.53","1.46","2.82","2.38","1.61","4.80","1.20","10.20","1.06","1.96","1.84"
"68705","27-06-20 16:30","Russia","Premier League","2019/2020","Rubin Kazan","Lokomotiv Moscow","3.92","3.30","2.11","1.11","7.00","1.51","2.63","2.66","1.50","5.41","1.17","11.20","1.05","2.15","1.70"
"68706","27-06-20 15:30","Russia","Premier League","2019/2020","Spartak Moscow","Ufa","1.92","3.31","4.78","1.11","6.91","1.50","2.66","2.50","1.56","5.15","1.18","10.20","1.06","2.12","1.72"
"68708","26-06-20 19:30","Russia","Premier League","2019/2020","Zenit","Krylya Sovetov","1.16","8.36","21.00","1.02","18.10","1.11","6.91","1.43","2.93","2.10","1.82","3.21","1.37","2.31","1.61"
"68709","26-06-20 17:00","Russia","Premier League","2019/2020","Akhmat Grozny","Sochi","3.23","3.35","2.36","1.07","9.57","1.38","3.19","2.20","1.75","3.84","1.28","8.05","1.09","1.77","2.04"
"68710","21-06-20 16:30","Russia","Premier League","2019/2020","Lokomotiv Moscow","Orenburg","1.59","3.99","6.70","1.06","9.68","1.33","3.49","2.08","1.84","3.84","1.28","8.05","1.09","2.08","1.75"
"68711","21-06-20 14:00","Russia","Premier League","2019/2020","Ufa","Tambov","2.30","3.11","3.64","1.13","6.45","1.59","2.42","2.84","1.45","6.08","1.14","14.10","1.03","2.16","1.70"
"68712","20-06-20 18:00","Russia","Premier League","2019/2020","CSKA Moscow","Zenit","4.16","3.35","2.03","1.06","9.68","1.37","3.23","2.17","1.77","3.84","1.28","8.64","1.08","1.85","1.95"
"68713","20-06-20 15:30","Russia","Premier League","2019/2020","Arsenal Tula","Spartak Moscow","3.72","3.29","2.18","1.08","8.51","1.43","2.93","2.30","1.69","4.25","1.24","9.34","1.07","1.87","1.94"
"68714","20-06-20 13:00","Russia","Premier League","2019/2020","Ural","Rubin Kazan","2.77","3.34","2.70","1.10","7.45","1.46","2.79","2.42","1.59","4.80","1.20","10.20","1.06","1.97","1.83"
"68715","19-06-20 19:00","Russia","Premier League","2019/2020","Sochi","FK Rostov","1.06","29.00","29.00","1.03","8.30","1.35","3.10","1.11","5.35","1.32","3.26","1.73","2.29","3.90","1.26"
"68716","19-06-20 17:00","Russia","Premier League","2019/2020","Krylya Sovetov","Akhmat Grozny","2.68","2.99","3.09","1.13","6.38","1.61","2.39","2.88","1.44","6.08","1.14","14.10","1.03","2.18","1.68"
"68717","16-03-20 17:30","Russia","Premier League","2019/2020","Tambov","Krylya Sovetov","2.95","3.09","2.72","1.12","6.80","1.56","2.50","2.73","1.48","5.55","1.16","12.50","1.04","2.14","1.71"
"68718","15-03-20 17:00","Russia","Premier League","2019/2020","FK Rostov","Lokomotiv Moscow","2.59","3.36","2.86","1.06","9.60","1.37","3.22","2.29","1.70","4.14","1.25","8.60","1.08","1.85","1.95"
"68719","15-03-20 14:30","Russia","Premier League","2019/2020","CSKA Moscow","Ufa","1.58","3.86","7.10","1.10","7.40","1.50","2.66","2.50","1.56","5.15","1.18","10.00","1.06","2.39","1.58"
"68720","15-03-20 12:00","Russia","Premier League","2019/2020","Sochi","Krasnodar","3.20","3.78","2.27","1.06","10.50","1.30","3.72","1.95","1.95","3.44","1.33","6.70","1.12","1.69","2.17"
"68721","14-03-20 17:00","Russia","Premier League","2019/2020","Arsenal Tula","Rubin Kazan","2.32","3.09","3.60","1.13","6.50","1.56","2.50","2.86","1.45","5.40","1.17","12.50","1.04","2.15","1.70"
"68722","14-03-20 14:30","Russia","Premier League","2019/2020","Zenit","Ural","1.20","6.95","18.00","1.03","13.00","1.23","4.32","1.68","2.25","2.66","1.50","4.80","1.20","2.42","1.56"
"68723","14-03-20 12:00","Russia","Premier League","2019/2020","Orenburg","Spartak Moscow","2.96","3.20","2.63","1.08","9.00","1.41","3.00","2.46","1.62","4.48","1.22","9.20","1.07","1.90","1.90"
"68724","13-03-20 17:30","Russia","Premier League","2019/2020","Akhmat Grozny","Dynamo Moscow","3.20","3.10","2.53","1.13","6.50","1.56","2.50","2.86","1.45","5.40","1.17","12.50","1.04","2.04","1.78"
"68725","11-03-20 17:30","Russia","Premier League","2019/2020","Sochi","Orenburg","2.12","3.40","3.76","1.07","9.40","1.38","3.16","2.22","1.74","4.24","1.24","8.60","1.08","1.81","2.00"
"68726","09-03-20 17:00","Russia","Premier League","2019/2020","Zenit","Ufa","1.33","5.00","12.50","1.09","8.00","1.41","3.00","2.35","1.66","4.48","1.22","9.20","1.07","2.82","1.43"
"68727","09-03-20 14:30","Russia","Premier League","2019/2020","Spartak Moscow","Krasnodar","2.28","3.32","3.42","1.08","9.00","1.36","3.24","2.35","1.66","4.14","1.25","8.40","1.09","1.90","1.90"
"68728","09-03-20 12:00","Russia","Premier League","2019/2020","FK Rostov","CSKA Moscow","2.78","3.12","2.86","1.10","7.30","1.43","2.89","2.34","1.63","4.50","1.22","9.30","1.07","1.88","1.92"
"68729","08-03-20 17:00","Russia","Premier League","2019/2020","Lokomotiv Moscow","Akhmat Grozny","1.65","3.60","6.70","1.08","8.60","1.37","3.22","2.29","1.70","4.14","1.25","8.60","1.08","2.08","1.75"
"68730","08-03-20 14:30","Russia","Premier League","2019/2020","Sochi","Ural","2.17","3.30","3.72","1.08","8.50","1.38","3.19","2.30","1.69","4.24","1.24","8.60","1.08","1.85","1.95"
"68731","08-03-20 12:00","Russia","Premier League","2019/2020","Rubin Kazan","Krylya Sovetov","2.05","3.19","4.38","1.10","7.40","1.46","2.79","2.50","1.56","5.15","1.18","10.00","1.06","2.00","1.81"
"68732","07-03-20 14:30","Russia","Premier League","2019/2020","Dynamo Moscow","Tambov","1.73","3.72","5.40","1.09","8.00","1.48","2.75","2.47","1.57","4.80","1.20","9.90","1.06","2.24","1.65"
"68733","07-03-20 12:00","Russia","Premier League","2019/2020","Orenburg","Arsenal Tula","2.38","3.32","3.22","1.08","8.50","1.43","2.93","2.41","1.64","4.50","1.22","9.30","1.07","1.91","1.89"
"68734","01-03-20 17:00","Russia","Premier League","2019/2020","Sochi","Arsenal Tula","2.34","3.09","3.56","1.08","8.50","1.43","2.93","2.41","1.64","4.50","1.22","9.30","1.07","1.85","1.95"
"68735","01-03-20 14:30","Russia","Premier League","2019/2020","Krasnodar","Ufa","1.74","3.40","6.10","1.11","6.90","1.50","2.66","2.50","1.56","5.15","1.18","10.00","1.06","2.18","1.68"
"68736","01-03-20 12:00","Russia","Premier League","2019/2020","Tambov","Rubin Kazan","3.76","3.09","2.26","1.11","6.90","1.54","2.53","2.70","1.49","5.55","1.16","11.00","1.05","2.12","1.72"
"68737","29-02-20 17:00","Russia","Premier League","2019/2020","Akhmat Grozny","FK Rostov","3.17","3.28","2.44","1.10","7.40","1.46","2.79","2.50","1.56","5.15","1.18","10.00","1.06","2.04","1.78"
"68738","29-02-20 17:00","Russia","Premier League","2019/2020","Zenit","Lokomotiv Moscow","1.56","3.82","7.60","1.07","9.40","1.31","3.58","2.13","1.80","3.58","1.31","7.10","1.11","1.91","1.89"
"68739","29-02-20 14:30","Russia","Premier League","2019/2020","Dynamo Moscow","Spartak Moscow","2.68","3.09","2.99","1.11","6.90","1.54","2.53","2.70","1.49","5.55","1.16","11.00","1.05","2.12","1.72"
"68740","29-02-20 12:00","Russia","Premier League","2019/2020","CSKA Moscow","Ural","1.37","4.42","13.50","1.06","9.50","1.30","3.62","1.99","1.91","3.44","1.33","7.10","1.11","2.29","1.62"
"68741","28-02-20 16:30","Russia","Premier League","2019/2020","Krylya Sovetov","Orenburg","2.96","3.09","2.70","1.10","7.40","1.43","2.93","2.41","1.64","4.50","1.22","9.30","1.07","1.85","1.95"
"68742","08-12-19 17:00","Russia","Premier League","2019/2020","Spartak Moscow","FK Rostov","2.06","3.44","3.92","1.06","9.60","1.37","3.22","2.17","1.77","4.12","1.25","8.60","1.08","1.91","1.89"
"68743","08-12-19 14:30","Russia","Premier League","2019/2020","Sochi","Rubin Kazan","2.34","3.12","3.54","1.10","7.20","1.53","2.58","2.58","1.53","5.10","1.18","11.00","1.05","2.00","1.81"
"68744","08-12-19 12:00","Russia","Premier League","2019/2020","Krylya Sovetov","Ural","2.10","3.38","3.84","1.08","8.60","1.42","2.96","2.38","1.65","4.50","1.22","9.30","1.07","1.88","1.92"
"68745","07-12-19 17:00","Russia","Premier League","2019/2020","Akhmat Grozny","Ufa","2.37","3.19","3.38","1.14","6.00","1.75","2.20","3.24","1.37","7.00","1.11","14.00","1.03","2.42","1.56"
"68746","07-12-19 14:30","Russia","Premier League","2019/2020","Krasnodar","CSKA Moscow","2.18","3.32","3.68","1.07","9.40","1.34","3.42","2.22","1.74","3.92","1.27","8.00","1.09","1.79","2.03"
"68747","07-12-19 12:00","Russia","Premier League","2019/2020","Tambov","Orenburg","2.96","3.20","2.63","1.09","8.40","1.43","2.89","2.43","1.63","4.50","1.22","9.30","1.07","1.93","1.87"
"68748","06-12-19 17:30","Russia","Premier League","2019/2020","Arsenal Tula","Lokomotiv Moscow","3.68","3.40","2.14","1.10","7.30","1.51","2.63","2.52","1.55","5.10","1.18","10.00","1.06","2.10","1.74"
"68749","06-12-19 17:30","Russia","Premier League","2019/2020","Zenit","Dynamo Moscow","1.51","4.30","7.30","1.06","10.50","1.30","3.68","1.97","1.93","3.44","1.33","6.70","1.12","1.93","1.87"
"68750","02-12-19 17:30","Russia","Premier League","2019/2020","CSKA Moscow","Arsenal Tula","1.50","4.04","8.50","1.06","9.60","1.33","3.48","2.08","1.84","3.52","1.32","8.00","1.09","2.08","1.75"
"68751","02-12-19 17:30","Russia","Premier League","2019/2020","Krasnodar","Tambov","1.40","4.70","9.80","1.05","11.50","1.21","4.66","1.67","2.26","2.66","1.50","4.96","1.19","1.91","1.89"
"68752","01-12-19 17:00","Russia","Premier League","2019/2020","Zenit","Spartak Moscow","1.47","4.32","8.50","1.05","11.50","1.27","3.94","1.97","1.93","3.26","1.36","6.05","1.14","1.93","1.87"
"68753","01-12-19 14:30","Russia","Premier League","2019/2020","Lokomotiv Moscow","Dynamo Moscow","2.56","3.07","3.18","1.12","6.80","1.51","2.63","2.52","1.55","5.10","1.18","10.00","1.06","2.04","1.78"
"68754","30-11-19 17:00","Russia","Premier League","2019/2020","Akhmat Grozny","Rubin Kazan","2.06","3.10","4.46","1.13","6.30","1.56","2.50","2.73","1.48","5.55","1.16","12.00","1.04","2.19","1.68"
"68755","30-11-19 14:30","Russia","Premier League","2019/2020","FK Rostov","Ural","1.58","3.92","6.90","1.05","11.50","1.29","3.76","1.93","1.97","3.20","1.37","6.70","1.12","1.91","1.89"
"68756","30-11-19 12:00","Russia","Premier League","2019/2020","Krylya Sovetov","Ufa","2.47","2.98","3.44","1.14","5.90","1.67","2.26","3.20","1.37","7.10","1.11","14.00","1.03","2.45","1.55"
"68757","24-11-19 17:00","Russia","Premier League","2019/2020","CSKA Moscow","Krylya Sovetov","1.45","4.10","10.00","1.06","9.60","1.29","3.76","1.93","1.97","3.38","1.34","6.70","1.12","2.08","1.75"
"68758","24-11-19 14:30","Russia","Premier League","2019/2020","Arsenal Tula","Krasnodar","3.36","3.38","2.25","1.06","7.10","1.34","3.10","2.08","1.81","3.40","1.29","5.90","1.09","1.85","1.90"
"68759","24-11-19 12:00","Russia","Premier League","2019/2020","Ural","Spartak Moscow","3.50","3.50","2.17","1.08","9.00","1.34","3.40","2.13","1.80","3.78","1.29","7.50","1.10","1.83","1.98"
"68760","24-11-19 09:30","Russia","Premier League","2019/2020","Ufa","Sochi","2.06","3.08","4.52","1.13","6.30","1.63","2.32","3.06","1.40","6.70","1.12","14.00","1.03","2.47","1.54"
"68761","23-11-19 14:30","Russia","Premier League","2019/2020","Dynamo Moscow","FK Rostov","2.27","3.20","3.60","1.12","6.80","1.51","2.63","2.73","1.48","5.55","1.16","12.00","1.04","2.19","1.68"
"68762","23-11-19 12:00","Russia","Premier League","2019/2020","Rubin Kazan","Zenit","9.90","4.16","1.45","1.07","9.40","1.34","3.42","2.13","1.80","3.92","1.27","8.00","1.09","2.18","1.68"
"68763","23-11-19 09:30","Russia","Premier League","2019/2020","Orenburg","Akhmat Grozny","2.11","3.30","3.92","1.09","8.40","1.47","2.76","2.45","1.58","4.80","1.20","10.00","1.06","1.96","1.84"
"68764","22-11-19 17:30","Russia","Premier League","2019/2020","Tambov","Lokomotiv Moscow","4.98","3.30","1.90","1.08","8.60","1.42","2.96","2.29","1.70","4.12","1.25","8.60","1.08","1.91","1.89"
"68765","10-11-19 17:00","Russia","Premier League","2019/2020","Lokomotiv Moscow","Krasnodar","2.38","3.28","3.26","1.06","10.50","1.30","3.66","2.08","1.84","3.52","1.32","7.10","1.11","1.73","2.11"
"68766","10-11-19 14:30","Russia","Premier League","2019/2020","Sochi","CSKA Moscow","4.88","3.50","1.85","1.08","8.70","1.42","2.99","2.25","1.72","4.12","1.25","8.60","1.08","1.87","1.94"
"68767","10-11-19 12:00","Russia","Premier League","2019/2020","Arsenal Tula","Zenit","6.65","4.10","1.57","1.05","10.50","1.29","3.80","1.91","1.99","3.15","1.38","6.35","1.13","1.82","1.99"
"68768","10-11-19 09:30","Russia","Premier League","2019/2020","Orenburg","Ufa","2.13","3.26","3.84","1.09","5.85","1.50","2.48","2.56","1.55","4.60","1.17","7.90","1.04","2.30","1.68"
"68769","09-11-19 17:00","Russia","Premier League","2019/2020","Spartak Moscow","Krylya Sovetov","1.63","3.74","6.60","1.06","10.50","1.30","3.62","2.10","1.82","3.58","1.31","7.10","1.11","1.87","1.94"
"68770","09-11-19 14:30","Russia","Premier League","2019/2020","FK Rostov","Tambov","1.70","3.86","5.40","1.06","10.50","1.30","3.66","1.97","1.93","3.38","1.34","7.10","1.11","1.91","1.89"
"68771","09-11-19 12:00","Russia","Premier League","2019/2020","Rubin Kazan","Dynamo Moscow","3.26","3.07","2.50","1.14","5.90","1.67","2.26","3.20","1.37","7.10","1.11","14.00","1.03","2.45","1.55"
"68772","08-11-19 17:30","Russia","Premier League","2019/2020","Akhmat Grozny","Ural","1.89","3.50","4.64","1.06","9.60","1.33","3.48","2.08","1.84","3.84","1.28","8.00","1.09","1.85","1.95"
"68773","04-11-19 17:00","Russia","Premier League","2019/2020","Spartak Moscow","Arsenal Tula","1.74","3.60","5.55","1.07","9.40","1.34","3.42","2.22","1.74","3.92","1.27","8.00","1.09","1.98","1.82"
"68774","04-11-19 14:30","Russia","Premier League","2019/2020","Krylya Sovetov","Rubin Kazan","2.32","3.19","3.50","1.10","7.50","1.46","2.82","2.38","1.61","4.80","1.20","10.00","1.06","1.88","1.92"
"68775","04-11-19 12:00","Russia","Premier League","2019/2020","Ural","Orenburg","2.54","3.42","2.90","1.06","10.50","1.33","3.48","2.08","1.84","3.52","1.32","8.00","1.09","1.70","2.15"
"68776","03-11-19 14:30","Russia","Premier League","2019/2020","Krasnodar","FK Rostov","1.92","3.72","4.14","1.05","11.50","1.26","3.98","1.95","1.95","3.20","1.37","6.70","1.12","1.78","2.04"
"68777","02-11-19 17:00","Russia","Premier League","2019/2020","Zenit","CSKA Moscow","1.59","4.14","6.20","1.06","10.50","1.29","3.76","1.93","1.97","3.38","1.34","6.70","1.12","1.91","1.89"
"68778","02-11-19 14:30","Russia","Premier League","2019/2020","Sochi","Tambov","2.05","3.48","3.90","1.08","8.60","1.42","2.96","2.29","1.70","4.50","1.22","9.30","1.07","1.91","1.89"
"68779","02-11-19 12:00","Russia","Premier League","2019/2020","Dynamo Moscow","Akhmat Grozny","1.71","3.62","5.90","1.08","8.60","1.46","2.82","2.38","1.61","4.80","1.20","10.00","1.06","2.16","1.70"
"68780","02-11-19 12:00","Russia","Premier League","2019/2020","Ufa","Lokomotiv Moscow","4.32","3.30","2.01","1.13","6.45","1.59","2.42","2.84","1.45","6.05","1.14","14.00","1.03","2.29","1.62"
"68781","27-10-19 17:00","Russia","Premier League","2019/2020","Krasnodar","Orenburg","1.57","4.10","6.55","1.05","11.50","1.25","4.20","1.76","2.11","2.88","1.44","5.10","1.18","1.74","2.09"
"68782","27-10-19 14:30","Russia","Premier League","2019/2020","CSKA Moscow","Dynamo Moscow","1.82","3.74","4.68","1.06","9.60","1.37","3.22","2.17","1.77","4.12","1.25","8.60","1.08","1.88","1.92"
"68783","27-10-19 14:30","Russia","Premier League","2019/2020","Lokomotiv Moscow","Spartak Moscow","1.98","3.52","4.14","1.06","9.60","1.33","3.48","2.17","1.77","3.84","1.28","8.00","1.09","1.84","1.97"
"68784","27-10-19 12:00","Russia","Premier League","2019/2020","Krylya Sovetov","Zenit","5.15","3.72","1.76","1.06","10.50","1.29","3.76","1.93","1.97","3.20","1.37","6.70","1.12","1.70","2.15"
"68785","26-10-19 18:00","Russia","Premier League","2019/2020","FK Rostov","Sochi","1.56","3.72","8.10","1.06","10.00","1.29","3.78","1.91","1.99","3.32","1.35","6.70","1.12","1.88","1.92"
"68786","26-10-19 15:30","Russia","Premier League","2019/2020","Akhmat Grozny","Arsenal Tula","2.35","3.26","3.32","1.08","8.60","1.42","2.96","2.29","1.70","4.12","1.25","9.30","1.07","1.84","1.97"
"68787","26-10-19 13:00","Russia","Premier League","2019/2020","Tambov","Ufa","2.70","3.09","2.96","1.13","6.45","1.62","2.37","3.01","1.41","6.70","1.12","14.00","1.03","2.24","1.65"
"68788","25-10-19 18:30","Russia","Premier League","2019/2020","Rubin Kazan","Ural","2.29","3.26","3.46","1.06","10.00","1.30","3.64","2.04","1.87","3.52","1.32","7.10","1.11","1.67","2.21"
"68789","20-10-19 18:00","Russia","Premier League","2019/2020","Dynamo Moscow","Krasnodar","2.78","3.34","2.69","1.06","9.60","1.33","3.48","2.08","1.84","3.84","1.28","8.00","1.09","1.70","2.15"
"68790","20-10-19 15:30","Russia","Premier League","2019/2020","Arsenal Tula","Sochi","2.00","3.26","4.44","1.08","8.60","1.37","3.22","2.17","1.77","4.12","1.25","8.60","1.08","1.91","1.89"
"68791","20-10-19 13:00","Russia","Premier League","2019/2020","Ufa","CSKA Moscow","5.75","3.58","1.73","1.09","8.40","1.47","2.76","2.34","1.63","4.50","1.22","9.30","1.07","2.19","1.68"
"68792","20-10-19 10:30","Russia","Premier League","2019/2020","Orenburg","Krylya Sovetov","2.25","3.48","3.32","1.06","10.50","1.33","3.48","2.08","1.84","3.52","1.32","8.00","1.09","1.77","2.05"
"68793","19-10-19 18:00","Russia","Premier League","2019/2020","Zenit","FK Rostov","1.49","4.32","7.70","1.05","11.50","1.26","4.02","1.93","1.97","3.20","1.37","6.05","1.14","1.91","1.89"
"68794","19-10-19 15:30","Russia","Premier League","2019/2020","Spartak Moscow","Rubin Kazan","1.63","4.06","5.85","1.05","11.50","1.29","3.76","1.93","1.97","3.38","1.34","6.70","1.12","1.91","1.89"
"68795","19-10-19 13:00","Russia","Premier League","2019/2020","Tambov","Ural","2.80","3.30","2.69","1.08","9.00","1.41","3.00","2.35","1.66","4.12","1.25","9.20","1.07","1.90","1.90"
"68796","18-10-19 18:30","Russia","Premier League","2019/2020","Akhmat Grozny","Lokomotiv Moscow","2.91","3.20","2.66","1.09","8.40","1.38","3.16","2.33","1.68","4.24","1.24","8.60","1.08","1.93","1.87"
"68797","06-10-19 18:00","Russia","Premier League","2019/2020","Krasnodar","Spartak Moscow","1.79","3.88","4.66","1.03","13.00","1.26","4.00","1.90","2.00","3.06","1.40","5.95","1.14","1.74","2.10"
"68798","06-10-19 15:30","Russia","Premier League","2019/2020","CSKA Moscow","FK Rostov","1.70","3.84","5.50","1.06","9.80","1.29","3.74","1.93","1.97","3.44","1.33","6.70","1.12","1.89","1.91"
"68799","06-10-19 13:00","Russia","Premier League","2019/2020","Lokomotiv Moscow","Arsenal Tula","1.56","3.92","7.40","1.06","10.50","1.29","3.76","1.93","1.97","3.20","1.37","6.70","1.12","1.91","1.89"
"68800","06-10-19 10:30","Russia","Premier League","2019/2020","Ural","Zenit","7.40","4.64","1.47","1.03","14.00","1.23","4.44","1.69","2.22","2.73","1.48","5.30","1.17","1.81","2.00"
"68801","05-10-19 18:00","Russia","Premier League","2019/2020","Sochi","Krylya Sovetov","2.12","3.42","3.72","1.08","9.00","1.41","3.00","2.35","1.66","4.46","1.22","9.20","1.07","1.98","1.83"
"68802","05-10-19 15:30","Russia","Premier League","2019/2020","Rubin Kazan","Tambov","2.06","3.30","4.12","1.11","7.00","1.56","2.50","2.66","1.50","5.40","1.17","11.00","1.05","2.24","1.65"
"68803","05-10-19 13:00","Russia","Premier League","2019/2020","Orenburg","Dynamo Moscow","3.36","3.20","2.37","1.08","8.60","1.42","2.96","2.38","1.65","4.50","1.22","9.30","1.07","1.85","1.95"
"68804","05-10-19 10:30","Russia","Premier League","2019/2020","Ufa","Akhmat Grozny","2.21","3.10","3.92","1.13","6.45","1.62","2.37","3.01","1.41","6.70","1.12","14.00","1.03","2.29","1.62"
"68805","30-09-19 18:30","Russia","Premier League","2019/2020","Sochi","Akhmat Grozny","2.17","3.30","3.72","1.10","7.40","1.43","2.93","2.41","1.64","4.50","1.22","9.30","1.07","1.91","1.89"
"68806","29-09-19 18:00","Russia","Premier League","2019/2020","Krasnodar","Arsenal Tula","1.50","4.64","6.70","1.03","13.50","1.24","4.30","1.67","2.26","2.84","1.45","4.96","1.19","1.83","1.97"
"68807","29-09-19 15:30","Russia","Premier League","2019/2020","Spartak Moscow","Orenburg","1.79","3.70","4.96","1.06","10.50","1.30","3.66","1.97","1.93","3.38","1.34","7.10","1.11","1.83","1.97"
"68808","29-09-19 13:00","Russia","Premier League","2019/2020","Rubin Kazan","Ufa","2.49","2.98","3.40","1.11","6.95","1.54","2.55","2.66","1.50","5.55","1.16","11.00","1.05","2.17","1.69"
"68809","29-09-19 10:30","Russia","Premier League","2019/2020","Ural","CSKA Moscow","5.65","3.88","1.68","1.05","11.50","1.29","3.80","1.91","1.99","3.15","1.38","6.35","1.13","1.76","2.06"
"68810","28-09-19 18:00","Russia","Premier League","2019/2020","Lokomotiv Moscow","Zenit","2.89","3.36","2.58","1.06","9.60","1.33","3.48","2.08","1.84","3.52","1.32","8.00","1.09","1.77","2.05"
"68811","28-09-19 15:30","Russia","Premier League","2019/2020","FK Rostov","Dynamo Moscow","2.20","3.46","3.46","1.08","8.60","1.42","2.96","2.38","1.65","4.50","1.22","9.30","1.07","1.88","1.92"
"68812","28-09-19 13:00","Russia","Premier League","2019/2020","Krylya Sovetov","Tambov","1.92","3.66","4.20","1.06","9.60","1.42","2.96","2.29","1.70","4.12","1.25","8.60","1.08","1.94","1.86"
"68813","22-09-19 18:00","Russia","Premier League","2019/2020","CSKA Moscow","Krasnodar","2.17","3.40","3.62","1.06","9.60","1.30","3.66","1.97","1.93","3.52","1.32","7.10","1.11","1.70","2.15"
"68814","22-09-19 15:30","Russia","Premier League","2019/2020","Arsenal Tula","Ural","2.06","3.50","3.86","1.06","10.00","1.34","3.40","2.13","1.80","3.66","1.30","7.50","1.10","1.83","1.98"
"68815","22-09-19 13:00","Russia","Premier League","2019/2020","Dynamo Moscow","Sochi","1.67","3.70","6.15","1.09","8.40","1.43","2.89","2.33","1.68","4.24","1.24","8.60","1.08","2.04","1.78"
"68816","22-09-19 10:30","Russia","Premier League","2019/2020","Orenburg","Lokomotiv Moscow","3.64","3.26","2.22","1.09","8.00","1.41","3.00","2.37","1.62","4.46","1.22","9.20","1.07","1.90","1.90"
"68817","21-09-19 18:00","Russia","Premier League","2019/2020","Tambov","FK Rostov","4.92","3.52","1.84","1.08","8.60","1.42","2.96","2.29","1.70","4.12","1.25","8.60","1.08","1.94","1.87"
"68818","21-09-19 18:00","Russia","Premier League","2019/2020","Zenit","Rubin Kazan","1.31","5.35","12.00","1.05","11.50","1.23","4.34","1.72","2.17","2.97","1.42","5.55","1.16","2.31","1.61"
"68819","21-09-19 13:00","Russia","Premier League","2019/2020","Akhmat Grozny","Krylya Sovetov","1.98","3.22","4.62","1.08","8.70","1.36","3.26","2.25","1.72","4.12","1.25","8.60","1.08","1.91","1.89"
"68820","20-09-19 16:30","Russia","Premier League","2019/2020","Ufa","Spartak Moscow","3.76","3.09","2.26","1.10","7.40","1.46","2.79","2.50","1.56","5.10","1.18","10.00","1.06","2.04","1.78"
"68821","16-09-19 19:30","Russia","Premier League","2019/2020","FK Rostov","Akhmat Grozny","1.66","3.72","6.15","1.08","8.60","1.42","2.96","2.29","1.70","4.12","1.25","8.60","1.08","2.04","1.78"
"68822","16-09-19 19:00","Russia","Premier League","2019/2020","Dynamo Moscow","Ufa","1.56","3.90","7.30","1.10","7.50","1.49","2.69","2.47","1.57","4.96","1.19","10.00","1.06","2.37","1.59"
"68823","15-09-19 18:00","Russia","Premier League","2019/2020","Krasnodar","Krylya Sovetov","1.51","4.52","6.75","1.05","11.50","1.26","4.08","1.72","2.17","2.97","1.42","5.55","1.16","1.82","1.99"
"68824","15-09-19 15:30","Russia","Premier League","2019/2020","Tambov","CSKA Moscow","7.40","4.14","1.52","1.06","9.80","1.29","3.74","2.04","1.87","3.44","1.33","7.50","1.10","2.15","1.70"
"68825","15-09-19 13:00","Russia","Premier League","2019/2020","Orenburg","Rubin Kazan","2.11","3.30","3.92","1.09","8.00","1.48","2.75","2.47","1.57","4.80","1.20","9.90","1.06","2.04","1.78"
"68826","14-09-19 18:00","Russia","Premier League","2019/2020","Sochi","Lokomotiv Moscow","5.25","3.50","1.80","1.06","10.00","1.29","3.78","2.02","1.89","3.38","1.34","6.70","1.12","1.81","2.00"
"68827","14-09-19 15:30","Russia","Premier League","2019/2020","Spartak Moscow","Ural","1.51","3.90","8.80","1.05","11.50","1.24","4.30","1.74","2.15","2.84","1.45","5.55","1.16","1.70","2.15"
"68828","13-09-19 19:00","Russia","Premier League","2019/2020","Zenit","Arsenal Tula","1.33","5.20","11.00","1.05","11.50","1.24","4.30","1.67","2.26","2.66","1.50","4.96","1.19","1.99","1.82"
"68829","01-09-19 18:00","Russia","Premier League","2019/2020","Spartak Moscow","Zenit","3.40","3.36","2.27","1.06","10.50","1.29","3.76","1.93","1.97","3.20","1.37","6.70","1.12","1.65","2.25"
"68830","01-09-19 15:30","Russia","Premier League","2019/2020","Arsenal Tula","CSKA Moscow","4.64","3.60","1.86","1.08","8.50","1.43","2.93","2.30","1.69","4.24","1.24","8.60","1.08","1.96","1.84"
"68831","01-09-19 13:00","Russia","Premier League","2019/2020","Ural","Krasnodar","3.70","3.60","2.06","1.03","13.50","1.26","3.98","1.88","2.03","3.06","1.40","6.05","1.14","1.65","2.25"
"68832","31-08-19 18:00","Russia","Premier League","2019/2020","Akhmat Grozny","Tambov","2.00","3.28","4.44","1.11","7.00","1.51","2.63","2.57","1.53","5.10","1.18","11.00","1.05","2.10","1.74"
"68833","31-08-19 15:30","Russia","Premier League","2019/2020","Lokomotiv Moscow","FK Rostov","1.73","3.50","5.90","1.08","8.70","1.32","3.52","2.15","1.78","3.84","1.28","8.00","1.09","1.96","1.85"
"68834","31-08-19 13:00","Russia","Premier League","2019/2020","Rubin Kazan","Sochi","2.03","3.19","4.46","1.10","7.60","1.49","2.72","2.45","1.58","4.96","1.19","10.00","1.06","2.07","1.76"
"68835","31-08-19 10:30","Russia","Premier League","2019/2020","Ufa","Orenburg","2.33","3.00","3.72","1.14","5.95","1.66","2.28","2.97","1.42","6.35","1.13","14.00","1.03","2.33","1.60"
"68836","30-08-19 19:00","Russia","Premier League","2019/2020","Krylya Sovetov","Dynamo Moscow","3.72","3.20","2.22","1.10","7.60","1.45","2.85","2.36","1.62","4.64","1.21","10.00","1.06","1.94","1.86"
"68837","26-08-19 17:00","Russia","Premier League","2019/2020","Ural","Sochi","2.32","3.20","3.48","1.08","8.60","1.37","3.22","2.29","1.70","4.12","1.25","8.60","1.08","1.87","1.94"
"68838","25-08-19 20:30","Russia","Premier League","2019/2020","Arsenal Tula","Orenburg","2.01","3.30","4.34","1.08","8.60","1.46","2.82","2.38","1.61","4.80","1.20","9.30","1.07","2.02","1.79"
"68839","25-08-19 18:00","Russia","Premier League","2019/2020","FK Rostov","Rubin Kazan","1.90","3.32","4.92","1.13","6.50","1.56","2.50","2.66","1.50","5.40","1.17","11.00","1.05","2.24","1.65"
"68840","25-08-19 18:00","Russia","Premier League","2019/2020","Krylya Sovetov","Spartak Moscow","3.22","3.20","2.44","1.09","8.40","1.38","3.16","2.33","1.68","4.24","1.24","8.60","1.08","1.81","2.00"
"68841","25-08-19 15:30","Russia","Premier League","2019/2020","CSKA Moscow","Akhmat Grozny","1.57","3.72","8.00","1.08","8.60","1.37","3.22","2.29","1.70","4.12","1.25","8.60","1.08","2.10","1.73"
"68842","24-08-19 18:00","Russia","Premier League","2019/2020","Krasnodar","Lokomotiv Moscow","2.83","3.28","2.68","1.06","10.00","1.32","3.50","2.13","1.80","3.66","1.30","7.50","1.10","1.78","2.04"
"68843","24-08-19 15:30","Russia","Premier League","2019/2020","Ufa","Zenit","6.35","3.62","1.67","1.09","8.40","1.43","2.89","2.33","1.68","4.24","1.24","8.60","1.08","2.04","1.78"
"68844","24-08-19 13:00","Russia","Premier League","2019/2020","Tambov","Dynamo Moscow","4.32","3.19","2.06","1.10","7.30","1.47","2.76","2.45","1.58","4.80","1.20","10.00","1.06","2.00","1.81"
"68845","19-08-19 19:00","Russia","Premier League","2019/2020","Spartak Moscow","CSKA Moscow","2.61","3.20","2.97","1.08","8.60","1.37","3.22","2.29","1.70","4.12","1.25","8.60","1.08","1.74","2.09"
"68846","18-08-19 18:00","Russia","Premier League","2019/2020","Dynamo Moscow","Lokomotiv Moscow","3.72","3.09","2.28","1.08","8.60","1.42","2.96","2.38","1.65","4.50","1.22","9.30","1.07","1.80","2.01"
"68847","18-08-19 15:30","Russia","Premier League","2019/2020","Ufa","FK Rostov","3.28","3.09","2.48","1.13","6.55","1.59","2.42","2.77","1.47","6.05","1.14","12.00","1.04","2.21","1.67"
"68848","18-08-19 13:00","Russia","Premier League","2019/2020","Rubin Kazan","Arsenal Tula","2.25","3.07","3.84","1.11","7.10","1.48","2.75","2.61","1.52","5.55","1.16","11.00","1.05","2.05","1.77"
"68849","17-08-19 18:00","Russia","Premier League","2019/2020","Zenit","Akhmat Grozny","1.31","5.40","12.00","1.04","12.00","1.28","3.84","1.90","2.01","3.15","1.38","6.05","1.14","2.15","1.70"
"68850","17-08-19 15:30","Russia","Premier League","2019/2020","Tambov","Krasnodar","5.45","3.62","1.75","1.06","10.50","1.30","3.66","2.08","1.84","3.52","1.32","7.10","1.11","1.85","1.95"
"68851","17-08-19 13:00","Russia","Premier League","2019/2020","Ural","Krylya Sovetov","2.17","3.19","3.88","1.08","8.60","1.37","3.22","2.17","1.77","3.84","1.28","8.00","1.09","1.70","2.15"
"68852","16-08-19 17:00","Russia","Premier League","2019/2020","Orenburg","Sochi","2.32","3.09","3.60","1.10","7.30","1.47","2.76","2.45","1.58","4.80","1.20","10.00","1.06","1.94","1.87"
"68853","12-08-19 19:00","Russia","Premier League","2019/2020","FK Rostov","Krylya Sovetov","1.54","3.94","7.70","1.05","11.00","1.29","3.78","1.91","1.99","3.38","1.34","6.70","1.12","1.83","1.97"
"68854","11-08-19 20:30","Russia","Premier League","2019/2020","Akhmat Grozny","Spartak Moscow","2.58","3.36","2.89","1.08","8.80","1.40","3.06","2.22","1.74","4.02","1.26","8.60","1.08","1.88","1.92"
"68855","11-08-19 18:00","Russia","Premier League","2019/2020","CSKA Moscow","Sochi","1.36","4.78","11.00","1.04","12.00","1.25","4.12","1.82","2.10","3.15","1.38","6.05","1.14","2.00","1.81"
"68856","11-08-19 15:30","Russia","Premier League","2019/2020","Lokomotiv Moscow","Ural","1.43","4.20","10.50","1.05","11.50","1.23","4.34","1.72","2.17","2.81","1.46","5.55","1.16","1.96","1.85"
"68857","11-08-19 13:00","Russia","Premier League","2019/2020","Arsenal Tula","Ufa","2.11","3.30","3.92","1.10","7.60","1.49","2.72","2.63","1.51","5.55","1.16","11.00","1.05","2.16","1.69"
"68858","10-08-19 18:00","Russia","Premier League","2019/2020","Dynamo Moscow","Zenit","4.14","3.30","2.05","1.08","8.60","1.42","2.96","2.29","1.70","4.12","1.25","8.60","1.08","1.85","1.95"
"68859","10-08-19 18:00","Russia","Premier League","2019/2020","Krasnodar","Rubin Kazan","1.56","3.94","7.30","1.06","9.60","1.33","3.48","2.08","1.84","3.84","1.28","8.00","1.09","1.99","1.82"
"68860","10-08-19 13:00","Russia","Premier League","2019/2020","Orenburg","Tambov","1.97","3.40","4.34","1.08","8.60","1.42","2.96","2.38","1.65","4.50","1.22","9.30","1.07","2.02","1.79"
"68861","05-08-19 19:00","Russia","Premier League","2019/2020","Akhmat Grozny","Orenburg","1.77","3.60","5.25","1.08","8.80","1.43","2.92","2.41","1.64","4.64","1.21","10.00","1.06","2.06","1.76"
"68862","04-08-19 20:30","Russia","Premier League","2019/2020","Sochi","Ufa","2.36","3.28","3.28","1.11","7.00","1.56","2.50","2.66","1.50","5.40","1.17","11.00","1.05","2.15","1.70"
"68863","04-08-19 18:00","Russia","Premier League","2019/2020","Rubin Kazan","CSKA Moscow","4.48","3.30","1.98","1.10","7.60","1.49","2.72","2.45","1.58","4.96","1.19","10.00","1.06","2.16","1.69"
"68864","04-08-19 15:30","Russia","Premier League","2019/2020","Tambov","Arsenal Tula","2.95","3.19","2.64","1.10","7.70","1.43","2.92","2.40","1.60","4.64","1.21","10.00","1.06","2.00","1.81"
"68865","03-08-19 20:30","Russia","Premier League","2019/2020","Zenit","Krasnodar","1.69","4.10","5.10","1.03","14.00","1.23","4.44","1.69","2.22","2.73","1.48","5.30","1.17","1.62","2.30"
"68866","03-08-19 18:00","Russia","Premier League","2019/2020","Spartak Moscow","Dynamo Moscow","2.51","3.20","3.12","1.08","8.80","1.40","3.06","2.22","1.74","4.02","1.26","8.60","1.08","1.88","1.92"
"68867","03-08-19 15:30","Russia","Premier League","2019/2020","Krylya Sovetov","Lokomotiv Moscow","4.18","3.44","1.99","1.09","8.40","1.43","2.89","2.33","1.68","4.50","1.22","9.30","1.07","1.94","1.87"
"68868","03-08-19 13:00","Russia","Premier League","2019/2020","Ural","FK Rostov","3.11","3.28","2.47","1.09","8.40","1.43","2.89","2.33","1.68","4.24","1.24","8.60","1.08","1.88","1.92"
"68869","29-07-19 19:00","Russia","Premier League","2019/2020","Rubin Kazan","Akhmat Grozny","2.75","2.96","3.04","1.14","5.90","1.62","2.37","3.01","1.41","6.70","1.12","14.00","1.03","2.16","1.70"
"68870","28-07-19 18:00","Russia","Premier League","2019/2020","CSKA Moscow","Lokomotiv Moscow","2.16","3.42","3.70","1.08","8.60","1.42","2.96","2.31","1.70","4.12","1.25","8.60","1.08","1.84","1.97"
"68871","28-07-19 15:30","Russia","Premier League","2019/2020","Arsenal Tula","FK Rostov","2.99","3.09","2.68","1.13","6.50","1.56","2.50","2.66","1.50","5.40","1.17","11.00","1.05","2.10","1.74"
"68872","28-07-19 13:00","Russia","Premier League","2019/2020","Orenburg","Zenit","6.70","3.94","1.61","1.08","8.80","1.35","3.32","2.14","1.81","4.02","1.26","8.60","1.08","2.00","1.81"
"68873","27-07-19 18:00","Russia","Premier League","2019/2020","Krasnodar","Sochi","1.37","5.10","9.60","1.03","13.50","1.24","4.30","1.74","2.15","2.84","1.45","5.55","1.16","1.91","1.89"
"68874","27-07-19 15:30","Russia","Premier League","2019/2020","Tambov","Spartak Moscow","5.15","3.60","1.79","1.08","8.70","1.36","3.26","2.15","1.78","4.12","1.25","8.60","1.08","1.96","1.85"
"68875","27-07-19 13:00","Russia","Premier League","2019/2020","Ufa","Krylya Sovetov","2.38","3.20","3.36","1.11","7.00","1.56","2.50","2.86","1.45","5.95","1.14","12.00","1.04","2.24","1.65"
"68876","26-07-19 19:00","Russia","Premier League","2019/2020","Dynamo Moscow","Ural","1.77","3.86","4.80","1.06","10.00","1.35","3.32","2.22","1.74","4.02","1.26","8.60","1.08","2.04","1.78"
"68877","21-07-19 20:30","Russia","Premier League","2019/2020","Sochi","Zenit","6.20","3.88","1.63","1.05","11.00","1.27","3.90","1.86","2.05","3.20","1.37","6.70","1.12","1.79","2.03"
"68878","21-07-19 18:00","Russia","Premier League","2019/2020","Dynamo Moscow","Rubin Kazan","1.76","3.30","6.30","1.11","7.10","1.48","2.75","2.61","1.52","5.55","1.16","11.00","1.05","2.31","1.61"
"68879","21-07-19 15:30","Russia","Premier League","2019/2020","Lokomotiv Moscow","Tambov","1.32","5.00","13.50","1.06","10.50","1.31","3.58","2.02","1.89","3.58","1.31","7.10","1.11","2.47","1.54"
"68880","21-07-19 13:00","Russia","Premier League","2019/2020","Ural","Akhmat Grozny","2.64","3.09","3.04","1.10","7.50","1.46","2.82","2.47","1.57","4.96","1.19","10.00","1.06","1.96","1.84"
"68881","20-07-19 20:30","Russia","Premier League","2019/2020","FK Rostov","Spartak Moscow","2.63","3.07","3.09","1.10","7.60","1.45","2.85","2.45","1.58","4.96","1.19","10.00","1.06","1.94","1.86"
"68882","20-07-19 18:00","Russia","Premier League","2019/2020","CSKA Moscow","Orenburg","1.40","4.20","12.50","1.08","8.70","1.36","3.26","2.15","1.78","3.84","1.28","8.00","1.09","2.43","1.56"
"68883","20-07-19 15:30","Russia","Premier League","2019/2020","Krylya Sovetov","Arsenal Tula","2.30","3.13","3.48","1.10","6.10","1.54","2.64","2.43","1.52","4.30","1.17","7.80","1.04","2.10","1.81"
"68884","20-07-19 13:00","Russia","Premier League","2019/2020","Ufa","Krasnodar","5.15","3.40","1.84","1.10","7.50","1.42","2.96","2.38","1.65","4.50","1.22","9.30","1.07","1.99","1.82"
"68885","15-07-19 19:00","Russia","Premier League","2019/2020","Lokomotiv Moscow","Rubin Kazan","1.57","3.96","7.30","1.08","8.60","1.46","2.82","2.42","1.65","4.80","1.20","9.30","1.07","2.26","1.64"
"68886","14-07-19 20:30","Russia","Premier League","2019/2020","Akhmat Grozny","Krasnodar","4.10","3.32","2.08","1.08","8.60","1.37","3.22","2.31","1.70","4.12","1.25","8.60","1.08","1.84","1.97"
"68887","14-07-19 18:00","Russia","Premier League","2019/2020","Zenit","Tambov","1.18","8.40","15.00","1.01","20.00","1.17","5.35","1.46","2.82","2.29","1.70","3.84","1.28","2.24","1.65"
"68888","14-07-19 15:30","Russia","Premier League","2019/2020","Krylya Sovetov","CSKA Moscow","5.15","3.62","1.78","1.10","7.30","1.47","2.76","2.45","1.58","4.80","1.20","10.00","1.06","2.14","1.71"
"68889","13-07-19 20:30","Russia","Premier League","2019/2020","FK Rostov","Orenburg","2.00","3.22","4.52","1.13","6.50","1.61","2.39","2.97","1.42","6.35","1.13","12.00","1.04","2.34","1.60"
"68890","13-07-19 18:00","Russia","Premier League","2019/2020","Spartak Moscow","Sochi","1.37","5.05","9.40","1.03","14.00","1.29","3.80","1.84","2.08","3.15","1.38","6.05","1.14","2.01","1.80"
"68891","13-07-19 15:30","Russia","Premier League","2019/2020","Ural","Ufa","2.17","3.30","3.72","1.13","6.50","1.68","2.25","3.06","1.40","6.50","1.13","14.00","1.03","2.31","1.61"
"68892","12-07-19 19:00","Russia","Premier League","2019/2020","Arsenal Tula","Dynamo Moscow","3.68","3.07","2.31","1.11","7.00","1.53","2.58","2.63","1.51","5.55","1.16","11.00","1.05","2.08","1.75"
"68893","26-05-19 13:00","Russia","Premier League","2018/2019","Akhmat Grozny","FK Rostov","2.37","3.19","3.38","1.11","7.00","1.48","2.75","2.47","1.57","4.80","1.20","9.90","1.06","1.98","1.83"
"68894","26-05-19 13:00","Russia","Premier League","2018/2019","CSKA Moscow","Krylya Sovetov","1.26","5.90","14.00","1.05","11.50","1.26","4.08","1.72","2.17","2.97","1.42","5.55","1.16","2.43","1.56"
"68895","26-05-19 13:00","Russia","Premier League","2018/2019","Dynamo Moscow","Arsenal Tula","1.79","3.60","4.76","1.01","10.00","1.32","3.20","2.16","1.77","3.80","1.24","7.20","1.05","2.00","1.89"
"68896","26-05-19 13:00","Russia","Premier League","2018/2019","FK Anzi Makhackala","Ural","5.35","3.72","1.73","1.05","11.50","1.26","4.08","1.91","1.99","3.15","1.38","6.05","1.14","1.69","2.17"
"68897","26-05-19 13:00","Russia","Premier League","2018/2019","Krasnodar","Rubin Kazan","1.26","5.85","14.00","1.05","11.50","1.29","3.80","1.72","2.17","2.97","1.42","5.55","1.16","2.22","1.66"
"68898","26-05-19 13:00","Russia","Premier League","2018/2019","Lokomotiv Moscow","Ufa","1.26","5.70","15.00","1.05","10.50","1.29","3.80","1.84","2.08","2.97","1.42","5.55","1.16","2.33","1.60"
"68899","26-05-19 13:00","Russia","Premier League","2018/2019","Orenburg","Spartak Moscow","4.12","3.48","2.00","1.05","11.50","1.26","4.08","1.91","1.99","3.15","1.38","6.05","1.14","1.62","2.30"
"68900","26-05-19 13:00","Russia","Premier League","2018/2019","Zenit","Yenisey","1.18","7.80","18.00","","","1.10","7.60","1.32","3.52","1.91","1.99","2.81","1.46","1.92","1.88"
"68901","20-05-19 18:00","Russia","Premier League","2018/2019","Rubin Kazan","FK Anzi Makhackala","1.31","5.85","10.00","1.05","11.50","1.25","4.20","1.70","2.21","2.88","1.44","5.55","1.16","2.11","1.72"
"68902","19-05-19 18:00","Russia","Premier League","2018/2019","FK Rostov","Zenit","2.99","3.36","2.50","1.06","9.60","1.33","3.48","2.17","1.77","3.84","1.28","8.00","1.09","1.74","2.09"
"68903","19-05-19 15:30","Russia","Premier League","2018/2019","Arsenal Tula","Krasnodar","4.42","3.30","1.99","1.07","9.40","1.31","3.58","2.02","1.89","3.44","1.33","7.10","1.11","1.75","2.08"
"68904","19-05-19 13:00","Russia","Premier League","2018/2019","Yenisey","Dynamo Moscow","5.05","3.50","1.82","1.08","8.60","1.37","3.22","2.17","1.77","3.84","1.28","8.00","1.09","2.02","1.79"
"68905","19-05-19 10:30","Russia","Premier League","2018/2019","Ural","Lokomotiv Moscow","10.00","4.14","1.44","1.08","9.00","1.32","3.50","2.08","1.83","3.42","1.33","7.00","1.11","2.04","1.78"
"68906","18-05-19 18:00","Russia","Premier League","2018/2019","Krylya Sovetov","Spartak Moscow","4.06","3.19","2.12","1.08","8.60","1.37","3.22","2.29","1.70","4.12","1.25","8.60","1.08","1.82","1.99"
"68907","18-05-19 15:30","Russia","Premier League","2018/2019","CSKA Moscow","Akhmat Grozny","1.44","4.64","8.20","1.04","12.50","1.32","3.50","2.08","1.83","3.42","1.33","7.00","1.11","2.15","1.70"
"68908","18-05-19 13:00","Russia","Premier League","2018/2019","Ufa","Orenburg","1.69","3.76","5.75","1.09","8.00","1.48","2.75","2.47","1.57","4.80","1.20","9.90","1.06","2.24","1.65"
"68909","12-05-19 18:00","Russia","Premier League","2018/2019","Zenit","CSKA Moscow","2.10","3.30","3.96","1.06","10.50","1.29","3.76","1.93","1.97","3.20","1.37","6.70","1.12","1.60","2.33"
"68910","12-05-19 15:30","Russia","Premier League","2018/2019","Spartak Moscow","Ufa","1.80","3.42","5.45","1.08","8.60","1.42","2.96","2.29","1.70","4.50","1.22","9.30","1.07","1.92","1.88"
"68911","11-05-19 15:30","Russia","Premier League","2018/2019","Akhmat Grozny","Krylya Sovetov","2.35","3.17","3.32","1.10","7.40","1.50","2.66","2.50","1.56","5.10","1.18","10.00","1.06","1.97","1.84"
"68912","11-05-19 13:00","Russia","Premier League","2018/2019","Yenisey","Krasnodar","11.00","4.24","1.39","1.06","10.50","1.29","3.76","1.93","1.97","3.20","1.37","6.70","1.12","1.96","1.84"
"68913","10-05-19 18:00","Russia","Premier League","2018/2019","Lokomotiv Moscow","Rubin Kazan","1.54","3.68","8.20","1.12","6.80","1.51","2.63","2.73","1.48","5.55","1.16","12.00","1.04","2.55","1.51"
"68914","10-05-19 15:30","Russia","Premier League","2018/2019","FK Anzi Makhackala","Arsenal Tula","9.60","4.28","1.42","1.06","9.70","1.30","3.70","1.95","1.95","3.52","1.32","7.10","1.11","2.16","1.69"
"68915","10-05-19 13:00","Russia","Premier League","2018/2019","Dynamo Moscow","FK Rostov","1.94","3.28","4.52","1.13","6.50","1.61","2.39","2.81","1.46","6.05","1.14","12.00","1.04","2.28","1.63"
"68916","10-05-19 10:30","Russia","Premier League","2018/2019","Orenburg","Ural","2.54","2.81","3.42","1.13","6.45","1.49","2.69","2.47","1.57","4.96","1.19","10.00","1.06","1.85","1.95"
"68917","05-05-19 18:00","Russia","Premier League","2018/2019","FK Rostov","Krasnodar","3.62","3.48","2.09","1.08","8.60","1.42","2.96","2.29","1.70","4.50","1.22","9.30","1.07","1.88","1.92"
"68918","05-05-19 15:30","Russia","Premier League","2018/2019","CSKA Moscow","Dynamo Moscow","1.74","3.48","5.55","1.08","8.50","1.43","2.93","2.30","1.69","4.24","1.24","8.60","1.08","2.04","1.78"
"68919","05-05-19 13:00","Russia","Premier League","2018/2019","Krylya Sovetov","Ufa","2.54","2.93","3.26","1.13","6.35","1.54","2.53","2.70","1.49","5.55","1.16","11.00","1.05","2.08","1.75"
"68920","04-05-19 18:00","Russia","Premier League","2018/2019","Arsenal Tula","Lokomotiv Moscow","3.84","3.28","2.10","1.09","8.00","1.48","2.75","2.47","1.57","4.80","1.20","9.90","1.06","2.04","1.78"
"68921","04-05-19 15:30","Russia","Premier League","2018/2019","Akhmat Grozny","Zenit","4.74","3.16","1.94","1.08","8.60","1.37","3.22","2.17","1.77","3.84","1.28","8.60","1.08","1.82","1.99"
"68922","04-05-19 13:00","Russia","Premier League","2018/2019","Ural","Spartak Moscow","3.42","3.19","2.29","1.06","10.50","1.30","3.66","2.08","1.84","3.52","1.32","7.10","1.11","1.64","2.26"
"68923","03-05-19 15:30","Russia","Premier League","2018/2019","Rubin Kazan","Orenburg","2.14","3.05","4.06","1.13","6.35","1.69","2.23","3.20","1.37","7.10","1.11","14.00","1.03","2.30","1.62"
"68924","03-05-19 13:00","Russia","Premier League","2018/2019","Yenisey","FK Anzi Makhackala","1.55","4.10","6.55","1.06","9.50","1.38","3.19","2.20","1.75","4.24","1.24","8.60","1.08","2.08","1.75"
"68925","29-04-19 18:30","Russia","Premier League","2018/2019","Spartak Moscow","Rubin Kazan","1.67","3.58","6.15","1.10","7.60","1.49","2.72","2.45","1.58","4.96","1.19","10.00","1.06","2.22","1.66"
"68926","29-04-19 16:00","Russia","Premier League","2018/2019","Orenburg","Arsenal Tula","3.11","3.05","2.54","1.10","7.60","1.42","2.99","2.36","1.66","4.36","1.23","9.30","1.07","1.82","1.99"
"68927","28-04-19 18:00","Russia","Premier League","2018/2019","Krasnodar","CSKA Moscow","2.93","3.16","2.60","1.05","10.50","1.30","3.70","2.05","1.86","3.52","1.32","7.10","1.11","1.65","2.24"
"68928","28-04-19 15:30","Russia","Premier League","2018/2019","Zenit","Krylya Sovetov","1.34","4.82","11.00","1.05","11.50","1.26","4.02","1.86","2.05","3.01","1.41","6.05","1.14","2.10","1.73"
"68929","28-04-19 13:00","Russia","Premier League","2018/2019","Lokomotiv Moscow","Yenisey","1.29","5.55","11.00","1.05","11.50","1.30","3.66","1.93","1.97","3.38","1.34","6.70","1.12","2.37","1.59"
"68930","28-04-19 10:30","Russia","Premier League","2018/2019","Ufa","Ural","2.65","3.26","2.80","1.11","6.90","1.61","2.39","2.88","1.44","6.05","1.14","14.00","1.03","2.10","1.73"
"68931","27-04-19 18:00","Russia","Premier League","2018/2019","Dynamo Moscow","Akhmat Grozny","1.80","3.28","5.50","1.13","6.45","1.54","2.55","2.66","1.50","5.55","1.16","11.00","1.05","2.26","1.64"
"68932","27-04-19 15:30","Russia","Premier League","2018/2019","FK Anzi Makhackala","FK Rostov","9.60","4.30","1.42","1.08","8.60","1.37","3.22","2.17","1.77","4.12","1.25","8.60","1.08","2.45","1.55"
"68933","25-04-19 19:30","Russia","Premier League","2018/2019","Arsenal Tula","Spartak Moscow","3.14","3.26","2.40","1.07","9.40","1.34","3.42","2.13","1.80","3.92","1.27","8.00","1.09","1.71","2.13"
"68934","25-04-19 17:30","Russia","Premier League","2018/2019","Krylya Sovetov","Ural","2.25","2.97","3.84","1.10","7.50","1.49","2.69","2.47","1.57","4.96","1.19","10.00","1.06","2.00","1.81"
"68935","25-04-19 15:00","Russia","Premier League","2018/2019","Yenisey","Orenburg","4.16","3.06","2.10","1.11","6.95","1.49","2.69","2.66","1.50","5.55","1.16","11.00","1.05","2.08","1.75"
"68936","24-04-19 20:00","Russia","Premier League","2018/2019","Zenit","Dynamo Moscow","1.54","4.08","6.80","1.06","9.60","1.33","3.48","2.08","1.84","3.84","1.28","8.00","1.09","1.97","1.84"
"68937","24-04-19 18:30","Russia","Premier League","2018/2019","CSKA Moscow","FK Anzi Makhackala","1.08","14.00","22.00","","","1.09","8.40","1.30","3.68","1.76","2.11","2.73","1.48","2.36","1.59"
"68938","24-04-19 18:30","Russia","Premier League","2018/2019","Rubin Kazan","Ufa","2.34","2.93","3.66","1.17","5.40","1.77","2.17","3.15","1.38","7.10","1.11","16.00","1.02","2.43","1.56"
"68939","24-04-19 18:00","Russia","Premier League","2018/2019","Akhmat Grozny","Krasnodar","4.58","3.26","1.94","1.06","9.60","1.30","3.66","2.08","1.84","3.52","1.32","7.10","1.11","1.77","2.05"
"68940","24-04-19 18:00","Russia","Premier League","2018/2019","FK Rostov","Lokomotiv Moscow","3.76","2.87","2.34","1.14","5.90","1.62","2.37","3.01","1.41","6.70","1.12","14.00","1.03","2.23","1.65"
"68941","21-04-19 18:00","Russia","Premier League","2018/2019","Spartak Moscow","Yenisey","1.30","5.35","12.50","1.05","11.50","1.29","3.76","1.80","2.15","3.01","1.41","5.55","1.16","2.14","1.71"
"68942","21-04-19 15:30","Russia","Premier League","2018/2019","Ural","Rubin Kazan","2.41","2.94","3.48","1.14","5.95","1.66","2.28","3.15","1.38","7.10","1.11","14.00","1.03","2.33","1.60"
"68943","20-04-19 20:00","Russia","Premier League","2018/2019","Krasnodar","Zenit","2.54","3.17","3.02","1.06","9.70","1.32","3.52","2.05","1.86","3.84","1.28","8.00","1.09","1.66","2.23"
"68944","20-04-19 18:00","Russia","Premier League","2018/2019","Lokomotiv Moscow","CSKA Moscow","2.93","3.07","2.67","1.10","7.60","1.49","2.72","2.45","1.58","4.96","1.19","11.00","1.05","2.07","1.76"
"68945","20-04-19 15:30","Russia","Premier League","2018/2019","Dynamo Moscow","Krylya Sovetov","1.75","3.34","5.80","1.11","7.00","1.51","2.63","2.57","1.53","5.10","1.18","11.00","1.05","2.24","1.65"
"68946","20-04-19 13:00","Russia","Premier League","2018/2019","Orenburg","FK Rostov","3.06","2.74","2.90","1.09","5.65","1.60","2.25","3.24","1.39","6.45","1.10","10.50","1.05","2.38","1.64"
"68947","20-04-19 10:30","Russia","Premier League","2018/2019","Ufa","Arsenal Tula","2.51","2.87","3.38","1.16","5.50","1.70","2.20","3.24","1.37","7.00","1.11","14.00","1.03","2.31","1.61"
"68948","19-04-19 18:30","Russia","Premier League","2018/2019","FK Anzi Makhackala","Akhmat Grozny","6.60","3.96","1.58","1.01","10.00","1.31","3.26","2.14","1.81","3.72","1.25","7.00","1.05","2.11","1.80"
"68949","14-04-19 18:00","Russia","Premier League","2018/2019","FK Rostov","Spartak Moscow","2.91","2.96","2.78","1.11","6.90","1.50","2.66","2.50","1.56","5.10","1.18","10.00","1.06","1.91","1.89"
"68950","14-04-19 15:30","Russia","Premier League","2018/2019","Zenit","FK Anzi Makhackala","1.05","13.00","26.00","1.02","17.00","1.06","10.00","1.23","4.32","1.61","2.38","2.37","1.62","3.00","1.34"
"68951","14-04-19 13:00","Russia","Premier League","2018/2019","Dynamo Moscow","Krasnodar","3.32","3.24","2.36","1.03","8.40","1.36","2.99","2.42","1.63","4.30","1.20","8.10","1.03","2.00","1.89"
"68952","13-04-19 18:30","Russia","Premier League","2018/2019","Akhmat Grozny","Lokomotiv Moscow","3.52","2.94","2.39","1.13","6.45","1.59","2.42","2.84","1.45","6.05","1.14","14.00","1.03","2.10","1.73"
"68953","13-04-19 13:00","Russia","Premier League","2018/2019","Arsenal Tula","Ural","2.12","3.46","3.56","1.09","8.10","1.46","2.81","2.42","1.59","4.64","1.21","10.00","1.06","2.00","1.81"
"68954","13-04-19 13:00","Russia","Premier League","2018/2019","CSKA Moscow","Orenburg","1.43","4.10","10.00","1.09","8.40","1.34","3.42","2.13","1.80","3.92","1.27","8.00","1.09","2.20","1.67"
"68955","13-04-19 10:30","Russia","Premier League","2018/2019","Yenisey","Ufa","3.11","3.06","2.54","1.13","6.30","1.63","2.32","3.06","1.40","6.70","1.12","14.00","1.03","2.31","1.61"
"68956","12-04-19 17:30","Russia","Premier League","2018/2019","Krylya Sovetov","Rubin Kazan","2.25","3.07","3.68","1.15","5.75","1.74","2.21","3.26","1.36","7.10","1.11","14.00","1.03","2.41","1.57"
"68957","08-04-19 16:00","Russia","Premier League","2018/2019","Orenburg","Akhmat Grozny","2.33","2.84","3.84","1.16","5.50","1.70","2.20","3.24","1.37","6.50","1.13","14.00","1.03","2.10","1.73"
"68958","07-04-19 18:00","Russia","Premier League","2018/2019","Lokomotiv Moscow","Zenit","2.80","3.19","2.70","1.09","8.40","1.43","2.89","2.34","1.63","4.50","1.22","9.30","1.07","1.88","1.92"
"68959","07-04-19 15:30","Russia","Premier League","2018/2019","Rubin Kazan","Arsenal Tula","2.58","2.90","3.22","1.16","5.50","1.82","2.10","3.42","1.33","7.50","1.10","15.00","1.03","2.42","1.56"
"68960","07-04-19 13:00","Russia","Premier League","2018/2019","Ural","Yenisey","1.68","3.56","5.95","1.10","7.60","1.42","2.99","2.36","1.66","4.36","1.23","9.30","1.07","2.07","1.76"
"68961","07-04-19 10:30","Russia","Premier League","2018/2019","Ufa","FK Rostov","3.38","2.80","2.57","1.19","4.88","1.91","1.99","3.84","1.28","8.60","1.08","16.00","1.02","2.57","1.51"
"68962","06-04-19 18:00","Russia","Premier League","2018/2019","Spartak Moscow","CSKA Moscow","3.46","3.16","2.29","1.08","8.70","1.36","3.26","2.25","1.72","4.12","1.25","8.60","1.08","1.84","1.97"
"68963","06-04-19 15:30","Russia","Premier League","2018/2019","Krasnodar","Krylya Sovetov","1.41","4.58","8.80","1.05","11.50","1.26","4.02","1.86","2.05","3.01","1.41","6.05","1.14","1.97","1.83"
"68964","06-04-19 13:00","Russia","Premier League","2018/2019","FK Anzi Makhackala","Dynamo Moscow","10.00","4.84","1.36","1.06","9.50","1.38","3.19","2.20","1.75","3.84","1.28","8.00","1.09","2.50","1.53"
"68965","03-04-19 16:00","Russia","Premier League","2018/2019","Orenburg","Krylya Sovetov","2.49","2.95","3.32","1.11","6.90","1.50","2.66","2.70","1.49","5.10","1.18","11.00","1.05","1.91","1.89"
"68966","31-03-19 18:00","Russia","Premier League","2018/2019","Krasnodar","FK Anzi Makhackala","1.14","8.30","20.00","1.03","13.50","1.14","5.90","1.49","2.69","2.29","1.70","3.84","1.28","3.32","1.33"
"68967","31-03-19 15:30","Russia","Premier League","2018/2019","CSKA Moscow","Ufa","1.40","4.44","9.70","1.09","8.00","1.48","2.75","2.37","1.62","4.46","1.22","9.20","1.07","2.68","1.47"
"68968","31-03-19 13:00","Russia","Premier League","2018/2019","Zenit","Orenburg","1.45","4.22","8.50","1.09","8.00","1.41","3.00","2.35","1.66","4.12","1.25","8.40","1.08","2.31","1.61"
"68969","30-03-19 17:00","Russia","Premier League","2018/2019","FK Rostov","Ural","1.79","3.48","5.10","1.13","6.50","1.61","2.38","2.86","1.45","5.95","1.14","12.00","1.04","2.53","1.52"
"68970","30-03-19 14:30","Russia","Premier League","2018/2019","Akhmat Grozny","Spartak Moscow","3.14","2.98","2.58","1.12","6.80","1.51","2.63","2.52","1.55","5.10","1.18","10.00","1.06","2.00","1.81"
"68971","30-03-19 12:00","Russia","Premier League","2018/2019","Dynamo Moscow","Lokomotiv Moscow","3.34","2.97","2.46","1.12","6.80","1.51","2.63","2.52","1.55","5.10","1.18","12.00","1.04","2.00","1.81"
"68972","30-03-19 09:30","Russia","Premier League","2018/2019","Yenisey","Rubin Kazan","3.07","3.06","2.58","1.15","5.75","1.70","2.21","3.06","1.40","6.70","1.12","14.00","1.03","2.31","1.61"
"68973","29-03-19 16:30","Russia","Premier League","2018/2019","Krylya Sovetov","Arsenal Tula","2.14","3.16","3.86","1.11","7.00","1.56","2.50","2.66","1.50","5.40","1.17","11.00","1.05","2.15","1.70"
"68974","17-03-19 17:00","Russia","Premier League","2018/2019","Spartak Moscow","Zenit","2.67","3.07","2.93","1.07","9.40","1.31","3.58","2.13","1.80","3.58","1.31","7.10","1.11","1.71","2.14"
"68975","17-03-19 14:30","Russia","Premier League","2018/2019","Lokomotiv Moscow","Krasnodar","2.45","3.26","3.06","1.08","9.00","1.41","3.00","2.37","1.62","4.46","1.22","9.20","1.07","1.98","1.83"
"68976","17-03-19 12:00","Russia","Premier League","2018/2019","Ufa","Akhmat Grozny","2.54","2.93","3.26","1.16","5.50","1.82","2.10","3.42","1.33","7.50","1.10","15.00","1.03","2.53","1.52"
"68977","16-03-19 17:00","Russia","Premier League","2018/2019","Arsenal Tula","Yenisey","1.72","3.80","5.05","1.09","8.00","1.48","2.75","2.47","1.57","4.80","1.20","9.90","1.06","2.24","1.65"
"68978","16-03-19 14:30","Russia","Premier League","2018/2019","Rubin Kazan","FK Rostov","2.72","2.92","3.02","1.22","4.50","2.13","1.80","4.46","1.22","11.00","1.05","26.00","1.01","3.04","1.38"
"68979","16-03-19 12:00","Russia","Premier League","2018/2019","Ural","CSKA Moscow","5.35","3.46","1.76","1.10","7.30","1.47","2.76","2.45","1.58","5.10","1.18","10.00","1.06","2.14","1.71"
"68980","16-03-19 09:30","Russia","Premier League","2018/2019","Orenburg","Dynamo Moscow","3.06","2.74","2.95","1.11","5.85","1.68","2.30","2.99","1.36","6.00","1.08","8.50","1.04","2.33","1.66"
"68981","15-03-19 17:30","Russia","Premier League","2018/2019","FK Anzi Makhackala","Krylya Sovetov","9.70","3.82","1.48","1.10","7.60","1.45","2.85","2.45","1.62","4.64","1.21","9.30","1.07","2.57","1.51"
"68982","11-03-19 17:30","Russia","Premier League","2018/2019","Krasnodar","Orenburg","1.50","3.98","7.90","1.08","8.60","1.37","3.22","2.17","1.77","3.84","1.28","8.00","1.09","2.12","1.72"
"68983","11-03-19 15:30","Russia","Premier League","2018/2019","Akhmat Grozny","Ural","2.04","3.16","4.28","1.13","6.45","1.59","2.42","2.84","1.45","6.05","1.14","11.00","1.05","2.14","1.71"
"68984","10-03-19 19:00","Russia","Premier League","2018/2019","FK Anzi Makhackala","Lokomotiv Moscow","10.00","4.24","1.41","1.09","8.00","1.41","3.00","2.35","1.66","4.12","1.25","8.40","1.08","2.53","1.52"
"68985","10-03-19 17:00","Russia","Premier League","2018/2019","Dynamo Moscow","Spartak Moscow","2.66","2.94","3.07","1.13","6.50","1.56","2.50","2.86","1.45","5.40","1.17","12.00","1.04","1.91","1.89"
"68986","10-03-19 14:30","Russia","Premier League","2018/2019","Zenit","Ufa","1.42","4.04","10.50","1.04","7.70","1.39","2.86","2.41","1.63","4.32","1.19","8.10","1.03","2.65","1.53"
"68987","10-03-19 12:00","Russia","Premier League","2018/2019","FK Rostov","Arsenal Tula","1.89","3.16","4.96","1.07","6.20","1.57","2.31","3.04","1.43","6.05","1.10","10.50","1.05","2.50","1.59"
"68988","09-03-19 14:30","Russia","Premier League","2018/2019","CSKA Moscow","Rubin Kazan","1.67","3.48","6.30","1.13","6.50","1.61","2.39","2.81","1.46","6.05","1.14","12.00","1.04","2.57","1.51"
"68989","09-03-19 12:00","Russia","Premier League","2018/2019","Krylya Sovetov","Yenisey","2.14","3.16","3.86","1.14","6.00","1.70","2.20","3.06","1.40","6.50","1.13","14.00","1.03","2.42","1.56"
"68990","03-03-19 17:00","Russia","Premier League","2018/2019","Spartak Moscow","Krasnodar","2.93","3.16","2.60","1.06","9.60","1.30","3.66","2.08","1.84","3.52","1.32","8.00","1.09","1.67","2.21"
"68991","03-03-19 12:00","Russia","Premier League","2018/2019","Yenisey","FK Rostov","4.10","2.97","2.17","1.14","5.90","1.62","2.37","3.01","1.41","6.70","1.12","14.00","1.03","2.24","1.65"
"68992","03-03-19 09:30","Russia","Premier League","2018/2019","Ufa","Dynamo Moscow","2.95","2.94","2.76","1.14","5.90","1.67","2.26","3.20","1.37","7.10","1.11","16.00","1.02","2.34","1.60"
"68993","02-03-19 17:00","Russia","Premier League","2018/2019","Rubin Kazan","Akhmat Grozny","2.30","2.86","3.88","1.19","5.00","1.90","2.00","3.66","1.30","8.40","1.08","16.00","1.02","2.68","1.47"
"68994","02-03-19 14:30","Russia","Premier League","2018/2019","Lokomotiv Moscow","Krylya Sovetov","1.64","3.70","6.15","1.09","8.00","1.41","3.00","2.35","1.66","4.46","1.22","9.20","1.07","2.15","1.70"
"68995","02-03-19 12:00","Russia","Premier League","2018/2019","Arsenal Tula","CSKA Moscow","5.60","3.68","1.69","1.09","8.00","1.48","2.75","2.37","1.62","4.80","1.20","9.90","1.06","2.15","1.70"
"68996","02-03-19 09:30","Russia","Premier League","2018/2019","Ural","Zenit","4.30","3.58","1.88","1.09","8.00","1.51","2.63","2.47","1.57","5.10","1.18","9.90","1.06","2.15","1.70"
"68997","01-03-19 14:30","Russia","Premier League","2018/2019","Orenburg","FK Anzi Makhackala","1.47","4.44","7.60","1.01","9.60","1.38","2.90","2.34","1.68","4.40","1.19","8.20","1.03","2.50","1.59"
"68998","10-12-18 17:30","Russia","Premier League","2018/2019","Akhmat Grozny","Arsenal Tula","2.35","3.06","3.46","1.13","6.50","1.56","2.50","2.66","1.50","5.40","1.17","11.00","1.05","2.10","1.74"
"68999","09-12-18 17:00","Russia","Premier League","2018/2019","Zenit","Rubin Kazan","1.58","3.58","7.60","1.13","6.50","1.56","2.50","2.66","1.50","5.40","1.17","11.00","1.05","2.53","1.52"
"69000","09-12-18 14:30","Russia","Premier League","2018/2019","Krasnodar","Ufa","1.53","3.88","7.60","1.06","10.00","1.34","3.40","2.24","1.73","3.78","1.29","7.50","1.10","2.04","1.78"
"69001","09-12-18 12:00","Russia","Premier League","2018/2019","Dynamo Moscow","Ural","2.09","3.16","4.06","1.13","6.50","1.61","2.38","2.86","1.45","5.95","1.14","12.00","1.04","2.24","1.65"
"69002","08-12-18 18:00","Russia","Premier League","2018/2019","FK Anzi Makhackala","Spartak Moscow","6.00","4.00","1.53","1.08","8.50","1.33","3.46","2.10","1.82","3.84","1.28","8.00","1.09","1.97","1.84"
"69003","08-12-18 15:30","Russia","Premier League","2018/2019","Lokomotiv Moscow","Orenburg","1.65","3.60","5.50","1.11","7.00","1.51","2.63","2.57","1.53","5.10","1.18","11.00","1.05","2.31","1.61"
"69004","08-12-18 13:00","Russia","Premier League","2018/2019","CSKA Moscow","Yenisey","1.39","4.30","11.00","1.02","9.10","1.33","3.15","2.15","1.78","3.72","1.25","6.75","1.06","2.43","1.62"
"69005","08-12-18 10:30","Russia","Premier League","2018/2019","Krylya Sovetov","FK Rostov","3.74","2.85","2.36","1.14","5.90","1.62","2.37","3.01","1.41","6.70","1.12","14.00","1.03","2.34","1.60"
"69006","03-12-18 17:30","Russia","Premier League","2018/2019","Arsenal Tula","Zenit","4.84","3.34","1.87","1.06","9.60","1.37","3.22","2.17","1.77","3.84","1.28","8.60","1.08","1.82","1.99"
"69007","02-12-18 17:00","Russia","Premier League","2018/2019","Spartak Moscow","Lokomotiv Moscow","2.56","3.18","2.97","1.09","8.00","1.41","3.00","2.35","1.66","4.12","1.25","9.20","1.07","1.90","1.90"
"69008","02-12-18 14:30","Russia","Premier League","2018/2019","FK Rostov","CSKA Moscow","3.05","2.95","2.67","1.16","5.50","1.75","2.20","3.24","1.37","7.00","1.11","15.00","1.03","2.20","1.67"
"69009","02-12-18 12:00","Russia","Premier League","2018/2019","Krasnodar","Ural","1.47","4.28","7.60","1.05","11.00","1.26","4.00","1.82","2.10","2.86","1.45","5.40","1.17","1.90","1.90"
"69010","01-12-18 17:00","Russia","Premier League","2018/2019","FK Anzi Makhackala","Ufa","4.24","2.85","2.23","1.09","5.85","1.57","2.31","3.10","1.42","6.05","1.10","10.50","1.04","2.40","1.63"
"69011","01-12-18 12:00","Russia","Premier League","2018/2019","Yenisey","Akhmat Grozny","2.75","2.90","2.80","1.16","5.50","1.82","2.10","3.42","1.33","7.50","1.10","15.00","1.03","2.53","1.52"
"69012","30-11-18 17:30","Russia","Premier League","2018/2019","Rubin Kazan","Dynamo Moscow","2.31","2.87","3.84","1.19","5.00","1.90","2.00","3.66","1.30","7.50","1.10","16.00","1.02","2.53","1.52"
"69013","25-11-18 17:00","Russia","Premier League","2018/2019","Zenit","FK Rostov","1.66","3.40","5.90","1.10","7.30","1.47","2.76","2.45","1.58","4.80","1.20","10.00","1.06","2.14","1.71"
"69014","25-11-18 14:30","Russia","Premier League","2018/2019","Krasnodar","Arsenal Tula","1.45","4.76","7.30","1.02","13.00","1.18","4.54","1.67","2.34","2.60","1.46","4.54","1.14","1.89","1.99"
"69015","25-11-18 12:00","Russia","Premier League","2018/2019","Spartak Moscow","Krylya Sovetov","1.53","3.74","7.50","1.08","9.00","1.32","3.50","2.13","1.80","3.66","1.30","7.00","1.11","1.82","1.99"
"69016","24-11-18 17:00","Russia","Premier League","2018/2019","FK Anzi Makhackala","Rubin Kazan","5.00","3.20","1.80","1.14","6.00","1.70","2.20","3.06","1.40","6.50","1.13","14.00","1.03","2.53","1.52"
"69017","24-11-18 14:30","Russia","Premier League","2018/2019","Orenburg","Ufa","2.58","2.80","3.08","1.15","5.75","1.63","2.32","3.06","1.40","6.70","1.12","14.00","1.03","2.31","1.61"
"69018","24-11-18 12:00","Russia","Premier League","2018/2019","Dynamo Moscow","Yenisey","1.77","3.46","5.20","1.05","7.30","1.49","2.51","2.74","1.53","5.25","1.14","9.70","1.01","2.46","1.60"
"69019","23-11-18 18:30","Russia","Premier League","2018/2019","Lokomotiv Moscow","Ural","1.57","3.50","7.00","1.09","8.00","1.48","2.75","2.37","1.62","4.46","1.22","9.20","1.07","2.24","1.65"
"69020","23-11-18 16:00","Russia","Premier League","2018/2019","Akhmat Grozny","CSKA Moscow","3.50","3.00","2.25","1.14","6.00","1.68","2.25","3.06","1.40","6.50","1.13","14.00","1.03","2.31","1.61"
"69021","11-11-18 17:00","Russia","Premier League","2018/2019","CSKA Moscow","Zenit","2.45","3.16","3.16","1.09","8.00","1.48","2.75","2.47","1.57","4.80","1.20","9.90","1.06","1.98","1.83"
"69022","11-11-18 14:30","Russia","Premier League","2018/2019","Rubin Kazan","Lokomotiv Moscow","2.79","2.94","2.92","1.16","5.50","1.75","2.20","3.24","1.37","7.00","1.11","15.00","1.03","2.42","1.56"
"69023","11-11-18 14:00","Russia","Premier League","2018/2019","Krasnodar","Yenisey","1.38","5.05","8.80","1.04","11.00","1.24","3.80","1.85","2.05","3.04","1.35","5.50","1.10","2.18","1.75"
"69024","11-11-18 12:00","Russia","Premier League","2018/2019","Ufa","Spartak Moscow","3.06","3.17","2.50","1.11","7.00","1.56","2.50","2.66","1.50","5.40","1.17","11.00","1.05","2.15","1.70"
"69025","10-11-18 17:00","Russia","Premier League","2018/2019","FK Rostov","Dynamo Moscow","2.04","3.06","4.42","1.16","5.50","1.70","2.20","3.24","1.37","6.50","1.13","14.00","1.03","2.42","1.56"
"69026","10-11-18 14:30","Russia","Premier League","2018/2019","Krylya Sovetov","Akhmat Grozny","2.48","3.04","3.24","1.14","6.00","1.68","2.25","3.06","1.40","6.50","1.13","14.00","1.03","2.31","1.61"
"69027","10-11-18 12:00","Russia","Premier League","2018/2019","Ural","Orenburg","2.37","3.06","3.56","1.06","6.80","1.50","2.48","2.83","1.49","5.45","1.13","10.00","1.01","2.22","1.72"
"69028","09-11-18 17:30","Russia","Premier League","2018/2019","Arsenal Tula","FK Anzi Makhackala","1.53","3.88","7.60","1.09","8.00","1.41","3.00","2.35","1.66","4.46","1.22","9.20","1.07","2.31","1.61"
"69029","05-11-18 17:00","Russia","Premier League","2018/2019","FK Anzi Makhackala","Yenisey","3.07","3.06","2.57","1.10","7.30","1.47","2.76","2.45","1.58","4.80","1.20","10.00","1.06","1.91","1.89"
"69030","05-11-18 14:30","Russia","Premier League","2018/2019","Ufa","Krylya Sovetov","2.25","2.97","3.84","1.14","6.00","1.68","2.25","3.06","1.40","6.50","1.13","14.00","1.03","2.31","1.61"
"69031","05-11-18 12:00","Russia","Premier League","2018/2019","Orenburg","Rubin Kazan","3.17","2.86","2.66","1.19","5.00","1.82","2.10","3.42","1.33","7.50","1.10","15.00","1.03","2.42","1.56"
"69032","04-11-18 17:00","Russia","Premier League","2018/2019","Spartak Moscow","Ural","1.57","3.90","6.65","1.08","9.00","1.34","3.40","2.13","1.80","3.66","1.30","7.50","1.10","1.98","1.83"
"69033","04-11-18 14:30","Russia","Premier League","2018/2019","Krasnodar","FK Rostov","1.84","3.32","5.10","1.09","8.00","1.41","3.00","2.37","1.62","4.46","1.22","9.20","1.07","2.04","1.78"
"69034","04-11-18 12:00","Russia","Premier League","2018/2019","Zenit","Akhmat Grozny","1.53","4.06","7.10","1.08","9.00","1.36","3.24","2.24","1.73","4.12","1.25","8.40","1.08","2.15","1.70"
"69035","03-11-18 14:30","Russia","Premier League","2018/2019","Dynamo Moscow","CSKA Moscow","3.36","3.07","2.44","1.05","7.30","1.46","2.60","2.66","1.53","5.05","1.15","9.50","1.01","2.14","1.77"
"69036","03-11-18 12:00","Russia","Premier League","2018/2019","Lokomotiv Moscow","Arsenal Tula","1.74","3.46","5.60","1.11","7.00","1.51","2.63","2.47","1.57","4.80","1.20","9.90","1.06","2.04","1.78"
"69037","29-10-18 18:30","Russia","Premier League","2018/2019","Rubin Kazan","Spartak Moscow","2.65","3.06","2.96","1.13","6.50","1.61","2.38","2.86","1.45","5.95","1.14","12.00","1.04","2.24","1.65"
"69038","29-10-18 16:00","Russia","Premier League","2018/2019","Krylya Sovetov","Zenit","6.55","3.64","1.62","1.09","8.00","1.48","2.75","2.37","1.62","4.80","1.20","9.90","1.06","2.24","1.65"
"69039","28-10-18 17:00","Russia","Premier League","2018/2019","CSKA Moscow","Krasnodar","2.02","3.36","3.98","1.08","9.00","1.36","3.24","2.24","1.73","4.12","1.25","8.40","1.08","1.67","2.20"
"69040","28-10-18 14:30","Russia","Premier League","2018/2019","Akhmat Grozny","Dynamo Moscow","2.51","2.95","3.28","1.13","6.50","1.61","2.38","2.86","1.45","5.95","1.14","12.00","1.04","2.24","1.65"
"69041","28-10-18 12:00","Russia","Premier League","2018/2019","Yenisey","Lokomotiv Moscow","4.42","3.06","2.04","1.13","6.50","1.56","2.50","2.86","1.45","5.40","1.17","12.00","1.04","2.24","1.65"
"69042","27-10-18 18:00","Russia","Premier League","2018/2019","FK Rostov","FK Anzi Makhackala","1.35","4.64","11.00","1.09","8.40","1.47","2.76","2.33","1.68","4.50","1.22","9.30","1.07","2.50","1.53"
"69043","27-10-18 15:30","Russia","Premier League","2018/2019","Arsenal Tula","Orenburg","2.13","3.10","3.92","1.03","7.90","1.40","2.82","2.46","1.63","4.50","1.18","8.50","1.03","2.21","1.73"
"69044","27-10-18 13:00","Russia","Premier League","2018/2019","Ural","Ufa","2.30","2.97","3.68","1.14","6.00","1.61","2.38","2.86","1.45","5.95","1.14","12.00","1.04","2.24","1.65"
"69045","21-10-18 17:59","Russia","Premier League","2018/2019","Krasnodar","Akhmat Grozny","1.58","3.92","6.70","1.08","9.00","1.29","3.74","2.10","1.83","3.24","1.37","6.50","1.13","1.90","1.90"
"69046","21-10-18 15:30","Russia","Premier League","2018/2019","Spartak Moscow","Arsenal Tula","1.58","3.92","6.70","1.08","9.00","1.34","3.40","2.15","1.80","3.78","1.29","7.50","1.10","2.10","1.74"
"69047","21-10-18 13:00","Russia","Premier League","2018/2019","Dynamo Moscow","Zenit","4.08","3.17","2.10","1.09","8.00","1.41","3.00","2.37","1.62","4.46","1.22","9.20","1.07","1.98","1.83"
"69048","20-10-18 15:30","Russia","Premier League","2018/2019","Ufa","Rubin Kazan","2.83","2.88","2.98","1.19","5.00","1.92","2.00","3.66","1.30","8.40","1.08","16.00","1.02","2.53","1.52"
"69049","20-10-18 13:00","Russia","Premier League","2018/2019","Ural","Krylya Sovetov","2.26","2.96","3.90","1.13","6.50","1.56","2.50","2.86","1.45","5.40","1.17","12.00","1.04","2.15","1.70"
"69050","20-10-18 10:30","Russia","Premier League","2018/2019","Orenburg","Yenisey","1.95","3.17","4.78","1.14","6.00","1.68","2.25","3.06","1.40","6.50","1.13","14.00","1.03","2.20","1.67"
"69051","19-10-18 19:30","Russia","Premier League","2018/2019","Lokomotiv Moscow","FK Rostov","2.16","2.96","4.08","1.12","5.70","1.69","2.29","3.13","1.33","6.30","1.07","8.50","1.04","2.49","1.59"
"69052","19-10-18 17:00","Russia","Premier League","2018/2019","FK Anzi Makhackala","CSKA Moscow","11.00","4.10","1.42","1.09","8.40","1.38","3.16","2.25","1.74","3.92","1.27","8.00","1.09","2.31","1.61"
"69053","07-10-18 18:00","Russia","Premier League","2018/2019","CSKA Moscow","Lokomotiv Moscow","2.16","3.16","3.74","1.03","8.00","1.41","2.78","2.48","1.60","4.60","1.18","8.70","1.03","1.96","1.92"
"69054","07-10-18 15:30","Russia","Premier League","2018/2019","Zenit","Krasnodar","1.93","3.44","4.36","1.06","9.60","1.29","3.76","1.99","1.93","3.38","1.34","7.10","1.11","1.69","2.17"
"69055","07-10-18 13:00","Russia","Premier League","2018/2019","Akhmat Grozny","FK Anzi Makhackala","1.49","3.90","9.20","1.09","8.00","1.41","3.00","2.37","1.62","4.46","1.22","9.20","1.07","2.31","1.61"
"69056","07-10-18 10:30","Russia","Premier League","2018/2019","Yenisey","Spartak Moscow","4.10","3.38","2.01","1.09","8.00","1.48","2.75","2.47","1.57","4.80","1.20","9.90","1.06","2.10","1.74"
"69057","06-10-18 18:00","Russia","Premier League","2018/2019","Rubin Kazan","Ural","1.90","3.18","5.10","1.05","7.00","1.46","2.60","2.68","1.53","5.00","1.15","9.50","1.02","2.33","1.66"
"69058","06-10-18 15:30","Russia","Premier League","2018/2019","FK Rostov","Orenburg","1.84","3.17","5.60","1.16","5.50","1.70","2.20","3.24","1.37","6.50","1.13","14.00","1.03","2.53","1.52"
"69059","06-10-18 13:00","Russia","Premier League","2018/2019","Krylya Sovetov","Dynamo Moscow","3.18","3.18","2.46","1.05","7.20","1.50","2.48","2.77","1.50","5.45","1.13","10.00","1.01","2.21","1.73"
"69060","05-10-18 18:30","Russia","Premier League","2018/2019","Arsenal Tula","Ufa","2.32","2.99","3.70","1.13","6.50","1.56","2.50","2.86","1.45","5.40","1.17","12.00","1.04","2.15","1.70"
"69061","01-10-18 18:30","Russia","Premier League","2018/2019","Rubin Kazan","Krylya Sovetov","1.74","3.36","6.10","1.14","6.00","1.56","2.50","2.86","1.45","5.95","1.14","12.00","1.04","2.42","1.56"
"69062","30-09-18 18:00","Russia","Premier League","2018/2019","Spartak Moscow","FK Rostov","1.81","3.34","5.40","1.10","7.40","1.50","2.66","2.50","1.56","5.10","1.18","11.00","1.05","2.10","1.73"
"69063","30-09-18 15:30","Russia","Premier League","2018/2019","Krasnodar","Dynamo Moscow","1.67","3.92","5.40","1.06","10.00","1.36","3.24","2.26","1.73","3.78","1.29","7.50","1.10","2.04","1.78"
"69064","30-09-18 13:00","Russia","Premier League","2018/2019","FK Anzi Makhackala","Zenit","10.00","4.86","1.36","1.06","10.00","1.29","3.74","2.10","1.83","3.42","1.33","6.50","1.13","2.42","1.56"
"69065","29-09-18 18:00","Russia","Premier League","2018/2019","Lokomotiv Moscow","Akhmat Grozny","1.88","3.32","4.92","1.10","7.30","1.51","2.63","2.52","1.55","5.10","1.18","10.00","1.06","2.14","1.71"
"69066","29-09-18 15:30","Russia","Premier League","2018/2019","Ufa","Yenisey","2.10","3.07","4.28","1.14","6.00","1.68","2.25","3.06","1.40","6.50","1.13","14.00","1.03","2.31","1.61"
"69067","29-09-18 10:30","Russia","Premier League","2018/2019","Ural","Arsenal Tula","2.17","3.20","3.66","1.03","8.30","1.39","2.86","2.41","1.63","4.40","1.18","8.40","1.03","1.98","1.90"
"69068","28-09-18 16:30","Russia","Premier League","2018/2019","Orenburg","CSKA Moscow","3.88","3.07","2.20","1.14","6.00","1.56","2.50","2.86","1.45","5.40","1.17","12.00","1.04","2.15","1.70"
"69069","24-09-18 17:30","Russia","Premier League","2018/2019","Krylya Sovetov","Krasnodar","4.78","3.38","1.88","1.10","7.50","1.46","2.82","2.42","1.65","4.80","1.20","9.30","1.07","1.97","1.84"
"69070","23-09-18 18:00","Russia","Premier League","2018/2019","CSKA Moscow","Spartak Moscow","2.28","3.28","3.42","1.07","9.40","1.34","3.42","2.15","1.80","3.58","1.31","8.00","1.09","1.79","2.03"
"69071","23-09-18 15:30","Russia","Premier League","2018/2019","Zenit","Lokomotiv Moscow","1.65","3.86","5.90","1.09","8.00","1.51","2.63","2.47","1.57","5.10","1.18","9.90","1.06","2.31","1.61"
"69072","22-09-18 18:00","Russia","Premier League","2018/2019","Akhmat Grozny","Orenburg","2.05","3.17","4.30","1.14","6.00","1.61","2.38","2.86","1.45","5.95","1.14","12.00","1.04","2.31","1.61"
"69073","22-09-18 18:00","Russia","Premier League","2018/2019","FK Rostov","Ufa","1.78","3.28","5.90","1.16","5.50","1.70","2.20","3.24","1.37","7.00","1.11","14.00","1.03","2.68","1.47"
"69074","22-09-18 15:30","Russia","Premier League","2018/2019","Arsenal Tula","Rubin Kazan","3.00","2.90","2.79","1.16","5.50","1.68","2.25","3.06","1.40","6.50","1.13","14.00","1.03","2.24","1.65"
"69075","22-09-18 13:00","Russia","Premier League","2018/2019","Dynamo Moscow","FK Anzi Makhackala","1.36","5.15","11.50","1.02","10.50","1.31","3.40","2.08","1.87","3.58","1.29","6.65","1.08","2.56","1.56"
"69076","22-09-18 10:30","Russia","Premier League","2018/2019","Yenisey","Ural","2.24","3.05","3.82","1.11","7.00","1.51","2.63","2.57","1.53","5.10","1.18","11.00","1.05","2.04","1.78"
"69077","17-09-18 16:30","Russia","Premier League","2018/2019","Ural","FK Rostov","3.90","2.88","2.31","1.17","5.30","1.69","2.23","3.20","1.37","6.70","1.12","14.00","1.03","2.22","1.66"
"69078","16-09-18 18:00","Russia","Premier League","2018/2019","Spartak Moscow","Akhmat Grozny","1.56","3.70","7.90","1.09","8.40","1.34","3.42","2.15","1.80","3.92","1.27","8.00","1.09","2.00","1.81"
"69079","16-09-18 15:30","Russia","Premier League","2018/2019","FK Anzi Makhackala","Krasnodar","8.20","4.12","1.49","1.08","9.00","1.36","3.24","2.26","1.73","4.12","1.25","8.40","1.08","2.24","1.65"
"69080","16-09-18 13:00","Russia","Premier League","2018/2019","Orenburg","Zenit","6.15","3.70","1.66","1.11","7.00","1.56","2.50","2.66","1.50","5.40","1.17","11.00","1.05","2.42","1.56"
"69081","15-09-18 18:00","Russia","Premier League","2018/2019","Arsenal Tula","Krylya Sovetov","2.36","3.08","3.48","1.14","6.00","1.68","2.25","3.06","1.40","6.50","1.13","14.00","1.03","2.31","1.61"
"69082","15-09-18 15:30","Russia","Premier League","2018/2019","Ufa","CSKA Moscow","4.36","3.20","2.02","1.11","6.90","1.54","2.53","2.70","1.49","5.55","1.16","11.00","1.05","2.24","1.65"
"69083","15-09-18 13:00","Russia","Premier League","2018/2019","Rubin Kazan","Yenisey","1.67","3.42","6.75","1.13","6.35","1.61","2.39","2.70","1.49","5.55","1.16","11.00","1.05","2.53","1.52"
"69084","14-09-18 18:30","Russia","Premier League","2018/2019","Lokomotiv Moscow","Dynamo Moscow","1.93","3.20","4.78","1.08","7.10","1.55","2.42","2.84","1.42","5.90","1.13","14.00","1.01","2.28","1.62"
"69085","02-09-18 20:30","Russia","Premier League","2018/2019","Akhmat Grozny","Ufa","1.80","3.28","5.65","1.16","5.50","1.70","2.20","3.24","1.37","7.00","1.11","14.00","1.03","2.68","1.47"
"69086","02-09-18 18:00","Russia","Premier League","2018/2019","Zenit","Spartak Moscow","2.05","3.48","3.84","1.04","12.00","1.25","4.12","1.91","2.01","3.15","1.38","6.05","1.14","1.60","2.34"
"69087","02-09-18 15:30","Russia","Premier League","2018/2019","Dynamo Moscow","Orenburg","2.10","3.17","4.08","1.13","6.50","1.61","2.38","3.06","1.40","5.95","1.14","12.00","1.04","2.31","1.61"
"69088","02-09-18 13:00","Russia","Premier League","2018/2019","Yenisey","Arsenal Tula","2.53","2.99","3.48","1.07","6.90","1.49","2.58","2.78","1.53","5.30","1.15","10.50","1.02","2.23","1.72"
"69089","01-09-18 18:00","Russia","Premier League","2018/2019","Krasnodar","Lokomotiv Moscow","2.38","3.10","3.40","1.11","7.00","1.51","2.63","2.66","1.50","5.40","1.17","11.00","1.05","2.10","1.74"
"69090","01-09-18 15:30","Russia","Premier League","2018/2019","CSKA Moscow","Ural","1.57","4.24","6.95","1.02","10.00","1.31","3.40","2.17","1.79","3.78","1.26","7.30","1.06","2.16","1.77"
"69091","01-09-18 13:00","Russia","Premier League","2018/2019","Krylya Sovetov","FK Anzi Makhackala","1.71","3.64","6.30","1.06","7.50","1.46","2.68","2.60","1.57","5.00","1.17","9.60","1.03","2.37","1.65"
"69092","31-08-18 18:30","Russia","Premier League","2018/2019","FK Rostov","Rubin Kazan","2.34","2.82","3.92","1.21","4.74","1.91","2.01","3.58","1.31","8.60","1.08","16.00","1.02","2.48","1.54"
"69093","27-08-18 16:30","Russia","Premier League","2018/2019","Yenisey","Krylya Sovetov","2.63","3.10","3.00","1.14","6.00","1.77","2.20","3.24","1.37","7.00","1.11","14.00","1.03","2.42","1.56"
"69094","26-08-18 18:00","Russia","Premier League","2018/2019","Lokomotiv Moscow","FK Anzi Makhackala","1.24","5.45","19.00","1.06","9.70","1.36","3.26","2.07","1.86","3.84","1.28","8.00","1.09","2.97","1.40"
"69095","26-08-18 15:30","Russia","Premier League","2018/2019","Ufa","Zenit","6.85","3.34","1.69","1.11","7.00","1.49","2.72","2.45","1.58","4.96","1.19","10.00","1.06","2.33","1.60"
"69096","26-08-18 13:00","Russia","Premier League","2018/2019","Orenburg","Krasnodar","3.90","3.08","2.20","1.12","6.80","1.51","2.63","2.73","1.48","5.55","1.16","12.00","1.04","2.00","1.81"
"69097","25-08-18 18:00","Russia","Premier League","2018/2019","Spartak Moscow","Dynamo Moscow","1.85","3.32","5.10","1.09","8.00","1.48","2.75","2.37","1.62","4.46","1.22","9.90","1.06","2.10","1.74"
"69098","25-08-18 15:30","Russia","Premier League","2018/2019","Rubin Kazan","CSKA Moscow","2.79","2.97","3.10","1.10","5.75","1.63","2.25","3.32","1.40","7.00","1.09","12.00","1.02","2.35","1.65"
"69099","25-08-18 13:00","Russia","Premier League","2018/2019","Ural","Akhmat Grozny","2.52","3.08","3.18","1.14","6.00","1.68","2.25","3.06","1.40","6.50","1.13","14.00","1.03","2.24","1.65"
"69100","24-08-18 18:30","Russia","Premier League","2018/2019","Arsenal Tula","FK Rostov","3.44","2.91","2.61","1.11","6.30","1.60","2.53","2.86","1.41","5.60","1.11","9.50","1.03","2.25","1.70"
"69101","20-08-18 18:30","Russia","Premier League","2018/2019","Dynamo Moscow","Ufa","1.73","3.19","6.85","1.14","6.00","1.61","2.38","2.86","1.45","5.95","1.14","12.00","1.04","2.20","1.67"
"69102","19-08-18 20:30","Russia","Premier League","2018/2019","FK Rostov","Yenisey","1.62","3.50","7.40","1.13","6.30","1.56","2.50","2.73","1.48","5.55","1.16","12.00","1.04","2.43","1.56"
"69103","19-08-18 18:00","Russia","Premier League","2018/2019","Zenit","Ural","1.39","4.40","11.00","1.09","8.00","1.34","3.40","2.26","1.73","3.78","1.29","7.50","1.10","2.53","1.52"
"69104","19-08-18 15:30","Russia","Premier League","2018/2019","Krylya Sovetov","Lokomotiv Moscow","4.90","2.99","2.01","1.14","6.00","1.61","2.38","3.06","1.40","5.95","1.14","12.00","1.04","2.31","1.61"
"69105","18-08-18 20:30","Russia","Premier League","2018/2019","Akhmat Grozny","Rubin Kazan","2.76","2.87","3.07","1.16","5.50","1.70","2.20","3.24","1.37","7.00","1.11","14.00","1.03","2.31","1.61"
"69106","18-08-18 18:00","Russia","Premier League","2018/2019","Krasnodar","Spartak Moscow","3.18","3.28","2.39","1.06","9.60","1.33","3.48","2.10","1.84","3.52","1.32","8.00","1.09","1.69","2.17"
"69107","18-08-18 15:30","Russia","Premier League","2018/2019","CSKA Moscow","Arsenal Tula","1.62","3.50","7.40","1.10","7.30","1.43","2.89","2.35","1.68","4.24","1.24","8.60","1.08","1.95","1.85"
"69108","17-08-18 18:30","Russia","Premier League","2018/2019","FK Anzi Makhackala","Orenburg","4.30","3.06","2.18","1.06","7.00","1.49","2.58","2.78","1.53","5.35","1.14","10.50","1.02","2.24","1.71"
"69109","13-08-18 19:00","Russia","Premier League","2018/2019","Rubin Kazan","Zenit","4.26","3.06","2.19","1.08","6.60","1.52","2.50","2.89","1.49","5.65","1.14","11.00","1.01","2.32","1.67"
"69110","13-08-18 16:30","Russia","Premier League","2018/2019","Ufa","Krasnodar","3.58","3.02","2.46","1.08","6.60","1.53","2.47","2.90","1.48","5.75","1.13","11.00","1.01","2.29","1.69"
"69111","12-08-18 15:30","Russia","Premier League","2018/2019","Arsenal Tula","Akhmat Grozny","2.86","2.89","3.10","1.09","6.10","1.57","2.38","3.08","1.45","6.15","1.12","12.00","1.01","2.30","1.68"
"69112","12-08-18 13:00","Russia","Premier League","2018/2019","Orenburg","Lokomotiv Moscow","3.98","3.05","2.28","1.09","6.15","1.59","2.33","3.14","1.44","6.40","1.11","","","2.42","1.62"
"69113","11-08-18 20:30","Russia","Premier League","2018/2019","FK Rostov","Krylya Sovetov","1.83","3.22","6.20","1.10","5.85","1.60","2.31","3.15","1.43","6.30","1.11","","","2.89","1.46"
"69114","11-08-18 18:00","Russia","Premier League","2018/2019","Spartak Moscow","FK Anzi Makhackala","1.22","7.70","15.00","1.03","13.00","1.21","4.30","1.81","2.14","2.91","1.40","5.30","1.12","2.57","1.56"
"69115","11-08-18 15:30","Russia","Premier League","2018/2019","Yenisey","CSKA Moscow","5.20","3.36","1.90","1.06","7.10","1.49","2.58","2.71","1.53","5.25","1.15","10.00","1.02","2.33","1.66"
"69116","10-08-18 16:30","Russia","Premier League","2018/2019","Ural","Dynamo Moscow","2.60","2.95","3.40","1.08","6.35","1.55","2.42","3.04","1.46","5.95","1.13","11.50","1.01","2.31","1.67"
"69117","06-08-18 16:30","Russia","Premier League","2018/2019","Ufa","FK Anzi Makhackala","1.60","3.86","7.50","1.08","6.50","1.56","2.40","2.76","1.54","5.10","1.16","9.70","1.03","2.61","1.54"
"69118","05-08-18 20:30","Russia","Premier League","2018/2019","Akhmat Grozny","Yenisey","1.78","3.64","5.55","1.05","7.70","1.47","2.65","2.54","1.61","4.74","1.18","9.10","1.03","2.32","1.67"
"69119","05-08-18 18:00","Russia","Premier League","2018/2019","CSKA Moscow","FK Rostov","1.94","3.24","5.20","1.08","6.40","1.55","2.42","2.95","1.48","5.85","1.13","11.00","1.01","2.41","1.63"
"69120","05-08-18 15:30","Russia","Premier League","2018/2019","Krylya Sovetov","Orenburg","2.44","2.93","3.76","1.14","5.65","1.74","2.28","3.24","1.33","6.65","1.08","9.50","1.04","2.43","1.62"
"69121","04-08-18 18:00","Russia","Premier League","2018/2019","Lokomotiv Moscow","Spartak Moscow","2.86","3.13","2.87","1.05","7.60","1.43","2.79","2.52","1.61","4.54","1.19","8.80","1.03","1.99","1.89"
"69122","04-08-18 15:30","Russia","Premier League","2018/2019","Zenit","Arsenal Tula","1.34","5.10","13.00","1.02","10.00","1.30","3.46","2.07","1.88","3.46","1.30","6.50","1.08","2.67","1.53"
"69123","04-08-18 13:00","Russia","Premier League","2018/2019","Ural","Krasnodar","3.50","3.24","2.36","1.03","8.90","1.37","3.05","2.33","1.71","4.20","1.22","8.10","1.05","2.00","1.89"
"69124","03-08-18 18:30","Russia","Premier League","2018/2019","Dynamo Moscow","Rubin Kazan","2.95","2.92","2.97","1.11","5.55","1.69","2.14","3.50","1.36","7.50","1.08","12.00","1.03","2.43","1.62"
"69125","31-07-18 18:00","Russia","Premier League","2018/2019","Krylya Sovetov","CSKA Moscow","4.46","3.20","2.08","1.07","6.90","1.50","2.55","2.79","1.51","5.50","1.14","10.50","1.02","2.30","1.65"
"69126","30-07-18 17:00","Russia","Premier League","2018/2019","Ufa","Lokomotiv Moscow","4.66","3.08","2.09","1.13","5.80","1.71","2.30","3.05","1.37","6.15","1.09","11.50","1.04","2.61","1.54"
"69127","29-07-18 18:00","Russia","Premier League","2018/2019","Rubin Kazan","Krasnodar","2.93","2.99","2.92","1.06","7.20","1.42","2.83","2.66","1.55","4.84","1.17","9.70","1.03","2.27","1.68"
"69128","29-07-18 15:30","Russia","Premier League","2018/2019","Arsenal Tula","Dynamo Moscow","2.84","3.16","2.86","1.06","7.40","1.47","2.65","2.72","1.53","5.25","1.15","10.00","1.02","2.20","1.68"
"69129","29-07-18 13:00","Russia","Premier League","2018/2019","Yenisey","Zenit","7.70","3.64","1.63","1.04","8.40","1.35","3.15","2.34","1.69","4.14","1.22","8.10","1.05","2.28","1.69"
"69130","28-07-18 20:30","Russia","Premier League","2018/2019","FK Rostov","Akhmat Grozny","2.38","3.02","3.76","1.12","6.00","1.66","2.39","3.16","1.43","6.10","1.09","9.50","1.05","2.36","1.65"
"69131","28-07-18 18:00","Russia","Premier League","2018/2019","Spartak Moscow","Orenburg","1.45","4.60","9.00","1.01","10.50","1.31","3.40","2.08","1.87","3.58","1.29","6.70","1.07","2.18","1.74"
"69132","28-07-18 15:30","Russia","Premier League","2018/2019","Ural","FK Anzi Makhackala","1.62","3.84","7.10","1.04","8.30","1.41","2.86","2.47","1.64","4.64","1.18","9.10","1.03","2.30","1.68"
"69183","13-05-18 13:00","Russia","Premier League","2017/2018","Amkar","Akhmat Grozny","2.20","3.50","3.34","1.03","7.90","1.47","2.57","2.63","1.55","5.20","1.14","9.50","1.01","2.18","1.74"
"69184","13-05-18 13:00","Russia","Premier League","2017/2018","Arsenal Tula","Lokomotiv Moscow","2.11","3.66","3.44","1.05","10.50","1.22","3.98","1.89","1.99","3.04","1.35","5.50","1.10","1.78","2.14"
"69185","13-05-18 13:00","Russia","Premier League","2017/2018","CSKA Moscow","FK Anzi Makhackala","1.23","7.00","16.00","1.01","16.00","1.14","5.55","1.52","2.81","2.25","1.63","3.82","1.22","2.09","1.82"
"69186","13-05-18 13:00","Russia","Premier League","2017/2018","FK Rostov","Ural","1.72","3.52","5.75","1.05","7.30","1.45","2.63","2.57","1.56","4.84","1.16","9.00","1.02","2.42","1.62"
"69187","13-05-18 13:00","Russia","Premier League","2017/2018","Krasnodar","Rubin Kazan","1.63","3.86","6.00","1.01","10.00","1.26","3.62","2.03","1.86","3.34","1.30","6.30","1.07","2.02","1.87"
"69188","13-05-18 13:00","Russia","Premier League","2017/2018","Spartak Moscow","Dynamo Moscow","1.46","5.00","7.70","1.02","13.00","1.19","4.54","1.77","2.22","2.75","1.44","4.94","1.14","1.83","2.06"
"69189","13-05-18 13:00","Russia","Premier League","2017/2018","Ufa","Tosno","1.82","3.40","5.75","1.06","7.20","1.43","2.79","2.65","1.57","4.84","1.18","9.40","1.03","2.30","1.68"
"69190","13-05-18 13:00","Russia","Premier League","2017/2018","Zenit","SKA Khabarovsk","1.16","8.00","20.00","1.01","16.00","1.11","5.95","1.50","2.75","2.11","1.68","3.50","1.24","2.49","1.59"
"69191","07-05-18 18:30","Russia","Premier League","2017/2018","FK Anzi Makhackala","Akhmat Grozny","3.26","3.26","2.48","1.03","8.80","1.38","3.00","2.35","1.68","4.30","1.21","8.40","1.04","1.94","1.94"
"69192","07-05-18 18:30","Russia","Premier League","2017/2018","Rubin Kazan","Ufa","1.83","3.18","6.35","1.10","6.00","1.55","2.42","3.00","1.47","5.90","1.13","11.00","1.01","2.61","1.54"
"69193","06-05-18 18:00","Russia","Premier League","2017/2018","CSKA Moscow","Arsenal Tula","1.31","5.95","10.00","1.03","11.00","1.18","4.60","1.66","2.37","2.61","1.47","4.60","1.15","1.99","1.89"
"69194","06-05-18 13:00","Russia","Premier League","2017/2018","Ural","Amkar","2.79","2.90","3.09","1.06","6.90","1.46","2.60","2.82","1.49","5.20","1.14","9.90","1.01","2.22","1.72"
"69195","05-05-18 18:00","Russia","Premier League","2017/2018","Spartak Moscow","FK Rostov","1.72","3.70","6.05","1.02","10.50","1.26","3.78","2.07","1.88","3.40","1.31","6.60","1.08","1.94","1.94"
"69196","05-05-18 15:30","Russia","Premier League","2017/2018","Lokomotiv Moscow","Zenit","2.48","3.13","3.40","1.03","9.00","1.36","3.10","2.43","1.66","4.10","1.23","8.40","1.04","2.00","1.85"
"69197","05-05-18 13:00","Russia","Premier League","2017/2018","Tosno","Dynamo Moscow","3.10","3.10","2.69","1.06","7.30","1.47","2.65","2.72","1.53","5.30","1.15","10.00","1.02","2.10","1.76"
"69198","05-05-18 10:00","Russia","Premier League","2017/2018","SKA Khabarovsk","Krasnodar","10.50","5.30","1.33","1.04","9.60","1.24","3.80","1.85","2.02","3.10","1.34","5.60","1.10","2.28","1.68"
"69199","30-04-18 18:00","Russia","Premier League","2017/2018","Krasnodar","Lokomotiv Moscow","2.55","3.42","3.00","","","1.32","3.32","2.14","1.84","3.70","1.27","7.00","1.06","1.77","2.14"
"69200","30-04-18 15:30","Russia","Premier League","2017/2018","Akhmat Grozny","Ural","1.78","3.44","5.55","1.03","8.00","1.35","3.04","2.34","1.64","4.10","1.21","7.80","1.04","2.22","1.68"
"69201","30-04-18 13:00","Russia","Premier League","2017/2018","Dynamo Moscow","Rubin Kazan","3.15","2.74","2.99","1.10","6.00","1.52","2.50","3.04","1.46","5.80","1.13","11.50","1.01","2.28","1.67"
"69202","30-04-18 10:30","Russia","Premier League","2017/2018","Ufa","SKA Khabarovsk","1.34","4.94","12.50","1.01","9.80","1.30","3.34","2.05","1.84","3.46","1.28","6.50","1.06","2.66","1.53"
"69203","29-04-18 18:00","Russia","Premier League","2017/2018","FK Rostov","Tosno","1.65","3.70","7.10","1.08","6.70","1.53","2.46","2.78","1.53","5.50","1.14","10.50","1.02","2.55","1.57"
"69204","29-04-18 15:30","Russia","Premier League","2017/2018","Zenit","CSKA Moscow","2.32","3.34","3.48","1.01","11.00","1.34","3.20","2.21","1.78","3.88","1.25","7.50","1.06","1.88","2.01"
"69205","29-04-18 13:00","Russia","Premier League","2017/2018","Amkar","Spartak Moscow","5.60","3.66","1.77","1.03","9.20","1.36","3.10","2.29","1.73","4.14","1.22","8.10","1.05","2.10","1.78"
"69206","28-04-18 18:30","Russia","Premier League","2017/2018","Arsenal Tula","FK Anzi Makhackala","1.98","3.42","4.54","1.03","9.10","1.36","3.10","2.27","1.74","4.10","1.23","7.80","1.05","1.97","1.87"
"69207","23-04-18 18:30","Russia","Premier League","2017/2018","Spartak Moscow","Akhmat Grozny","1.45","4.70","8.70","1.04","9.50","1.22","4.14","1.90","2.07","3.00","1.38","5.50","1.11","2.03","1.86"
"69208","22-04-18 18:00","Russia","Premier League","2017/2018","Lokomotiv Moscow","Ufa","1.58","3.98","7.50","1.06","7.70","1.43","2.79","2.61","1.57","4.90","1.17","9.50","1.03","2.67","1.50"
"69209","22-04-18 15:30","Russia","Premier League","2017/2018","CSKA Moscow","Krasnodar","1.91","3.62","4.58","1.02","10.50","1.28","3.62","2.09","1.86","3.46","1.30","6.60","1.08","1.90","1.98"
"69210","22-04-18 15:30","Russia","Premier League","2017/2018","Tosno","Amkar","2.75","2.96","3.17","1.09","6.10","1.55","2.42","3.16","1.42","6.30","1.11","","","2.31","1.66"
"69211","22-04-18 13:00","Russia","Premier League","2017/2018","Arsenal Tula","Zenit","4.64","3.60","1.91","1.03","9.10","1.34","3.20","2.33","1.71","4.10","1.23","7.80","1.05","2.15","1.77"
"69212","22-04-18 10:00","Russia","Premier League","2017/2018","SKA Khabarovsk","Dynamo Moscow","7.40","3.82","1.61","1.05","8.00","1.43","2.79","2.51","1.62","4.74","1.18","9.30","1.03","2.52","1.58"
"69213","21-04-18 18:00","Russia","Premier League","2017/2018","FK Anzi Makhackala","Ural","2.14","3.36","3.96","1.04","8.40","1.38","3.00","2.44","1.64","4.44","1.20","8.60","1.04","2.06","1.83"
"69214","21-04-18 15:30","Russia","Premier League","2017/2018","Rubin Kazan","FK Rostov","2.20","2.95","4.46","1.11","5.50","1.64","2.23","3.48","1.37","7.10","1.09","13.00","1.02","2.69","1.52"
"69215","18-04-18 19:30","Russia","Premier League","2017/2018","CSKA Moscow","Amkar","1.48","4.34","8.90","1.03","9.60","1.35","3.15","2.21","1.76","3.98","1.24","7.50","1.06","2.53","1.57"
"69216","18-04-18 18:30","Russia","Premier League","2017/2018","Lokomotiv Moscow","Akhmat Grozny","1.81","3.42","5.80","1.06","7.70","1.42","2.83","2.48","1.62","4.60","1.19","9.10","1.03","2.22","1.73"
"69217","18-04-18 18:30","Russia","Premier League","2017/2018","Zenit","Dynamo Moscow","1.56","4.14","7.40","1.02","9.90","1.32","3.32","2.18","1.78","3.88","1.25","7.30","1.06","2.22","1.73"
"69218","15-04-18 18:00","Russia","Premier League","2017/2018","FK Rostov","SKA Khabarovsk","1.27","6.30","14.50","","","1.26","3.78","2.00","1.94","3.32","1.32","6.30","1.09","2.98","1.44"
"69219","15-04-18 15:30","Russia","Premier League","2017/2018","Ufa","CSKA Moscow","5.30","3.46","1.85","1.06","7.30","1.44","2.75","2.66","1.57","4.90","1.17","9.60","1.03","2.46","1.60"
"69220","15-04-18 13:00","Russia","Premier League","2017/2018","Ural","Spartak Moscow","5.75","4.14","1.66","1.05","12.50","1.28","3.62","2.00","1.94","3.20","1.34","6.40","1.08","2.04","1.85"
"69221","14-04-18 18:00","Russia","Premier League","2017/2018","Krasnodar","Arsenal Tula","1.68","4.10","5.65","1.04","12.50","1.26","3.78","1.94","2.00","3.24","1.33","6.10","1.09","1.87","2.02"
"69222","14-04-18 15:30","Russia","Premier League","2017/2018","Zenit","FK Anzi Makhackala","1.39","5.10","9.70","1.04","9.50","1.22","4.20","1.86","2.07","2.95","1.39","5.50","1.11","2.20","1.74"
"69223","14-04-18 13:00","Russia","Premier League","2017/2018","Dynamo Moscow","Lokomotiv Moscow","3.72","3.18","2.30","1.06","7.60","1.47","2.65","2.59","1.58","5.30","1.15","10.00","1.02","2.15","1.77"
"69224","14-04-18 10:30","Russia","Premier League","2017/2018","Amkar","Rubin Kazan","3.17","2.74","2.97","1.15","5.40","1.73","2.27","3.32","1.32","6.60","1.08","9.50","1.02","2.49","1.59"
"69225","13-04-18 18:30","Russia","Premier League","2017/2018","Akhmat Grozny","Tosno","1.74","3.60","6.05","1.04","8.60","1.38","3.00","2.36","1.68","4.30","1.21","8.40","1.04","2.20","1.74"
"69226","09-04-18 18:30","Russia","Premier League","2017/2018","CSKA Moscow","Dynamo Moscow","1.69","3.70","6.40","1.03","9.20","1.35","3.15","2.27","1.74","4.10","1.23","8.10","1.05","2.21","1.74"
"69227","08-04-18 18:00","Russia","Premier League","2017/2018","FK Anzi Makhackala","Spartak Moscow","5.20","3.90","1.76","1.05","12.50","1.26","3.78","1.93","2.01","3.20","1.34","6.00","1.10","1.92","1.97"
"69228","08-04-18 15:30","Russia","Premier League","2017/2018","Lokomotiv Moscow","FK Rostov","2.06","3.13","4.70","1.06","7.40","1.50","2.55","2.81","1.52","5.50","1.14","10.50","1.02","2.35","1.65"
"69229","08-04-18 13:00","Russia","Premier League","2017/2018","Tosno","Ural","2.34","3.10","3.72","1.05","8.20","1.45","2.71","2.62","1.58","4.90","1.17","9.70","1.03","2.13","1.78"
"69230","07-04-18 18:00","Russia","Premier League","2017/2018","Arsenal Tula","Ufa","2.50","2.85","3.76","1.10","5.90","1.58","2.35","3.14","1.43","6.30","1.11","","","2.36","1.65"
"69231","07-04-18 15:30","Russia","Premier League","2017/2018","Zenit","Krasnodar","1.88","3.68","4.68","1.01","11.00","1.29","3.54","2.06","1.89","3.58","1.29","6.80","1.07","1.90","1.98"
"69232","07-04-18 13:00","Russia","Premier League","2017/2018","Rubin Kazan","Akhmat Grozny","2.09","3.10","4.60","1.10","6.00","1.62","2.27","3.19","1.43","6.70","1.10","13.00","1.05","2.45","1.61"
"69233","07-04-18 10:00","Russia","Premier League","2017/2018","SKA Khabarovsk","Amkar","4.22","3.13","2.17","1.07","6.80","1.51","2.53","2.84","1.51","5.50","1.14","11.50","1.01","2.30","1.68"
"69234","01-04-18 18:00","Russia","Premier League","2017/2018","FK Rostov","CSKA Moscow","3.56","2.99","2.49","1.06","7.00","1.50","2.55","2.88","1.50","5.70","1.14","11.50","1.01","2.27","1.64"
"69235","01-04-18 18:00","Russia","Premier League","2017/2018","Krasnodar","FK Anzi Makhackala","1.46","4.64","8.50","1.04","13.00","1.25","3.88","1.88","2.07","3.08","1.37","5.60","1.11","2.05","1.79"
"69236","01-04-18 15:30","Russia","Premier League","2017/2018","Ufa","Zenit","4.64","3.22","2.03","1.05","8.00","1.56","2.40","2.95","1.48","6.10","1.12","","","2.32","1.66"
"69237","01-04-18 13:00","Russia","Premier League","2017/2018","Ural","Rubin Kazan","3.46","2.80","2.69","1.12","6.10","1.69","2.36","3.00","1.38","6.10","1.09","9.50","1.03","2.36","1.65"
"69238","31-03-18 18:00","Russia","Premier League","2017/2018","Spartak Moscow","Tosno","1.37","4.94","12.00","1.04","11.50","1.25","3.88","1.91","2.01","3.15","1.35","6.00","1.10","2.25","1.67"
"69239","31-03-18 15:30","Russia","Premier League","2017/2018","Dynamo Moscow","Arsenal Tula","2.42","2.97","3.72","1.06","7.50","1.46","2.68","2.63","1.56","5.10","1.16","9.80","1.02","2.19","1.74"
"69240","31-03-18 13:00","Russia","Premier League","2017/2018","Akhmat Grozny","SKA Khabarovsk","1.28","6.10","14.00","1.05","15.00","1.25","3.88","1.90","2.05","3.15","1.35","5.80","1.10","2.63","1.51"
"69241","31-03-18 13:00","Russia","Premier League","2017/2018","Amkar","Lokomotiv Moscow","8.30","3.62","1.61","1.10","6.00","1.57","2.38","2.98","1.47","5.80","1.13","11.50","1.01","3.22","1.38"
"69242","17-03-18 17:00","Russia","Premier League","2017/2018","FK Anzi Makhackala","Tosno","2.35","3.18","3.60","1.06","7.40","1.47","2.65","2.69","1.55","5.30","1.15","10.50","1.02","2.12","1.78"
"69243","17-03-18 17:00","Russia","Premier League","2017/2018","Rubin Kazan","Spartak Moscow","3.36","3.06","2.54","1.06","7.00","1.48","2.61","2.73","1.54","5.30","1.15","10.50","1.02","2.06","1.83"
"69244","17-03-18 14:30","Russia","Premier League","2017/2018","Krasnodar","Ufa","1.54","4.14","7.90","1.03","9.10","1.37","3.05","2.31","1.72","4.20","1.22","8.10","1.05","2.40","1.59"
"69245","17-03-18 12:00","Russia","Premier League","2017/2018","Arsenal Tula","FK Rostov","2.88","2.89","3.09","1.12","6.20","1.73","2.27","2.95","1.39","6.60","1.08","9.50","1.04","2.50","1.58"
"69246","17-03-18 09:00","Russia","Premier League","2017/2018","SKA Khabarovsk","Ural","3.76","3.02","2.38","1.08","6.70","1.51","2.53","2.83","1.50","5.50","1.14","11.50","1.01","2.21","1.73"
"69247","12-03-18 15:00","Russia","Premier League","2017/2018","Ural","Lokomotiv Moscow","4.14","3.13","2.20","1.09","6.20","1.60","2.31","3.14","1.44","6.40","1.11","","","2.32","1.67"
"69248","11-03-18 17:00","Russia","Premier League","2017/2018","Spartak Moscow","SKA Khabarovsk","1.14","9.80","24.00","1.01","17.00","1.12","6.10","1.45","3.02","2.17","1.81","3.40","1.27","2.38","1.59"
"69249","11-03-18 14:30","Russia","Premier League","2017/2018","Akhmat Grozny","CSKA Moscow","4.12","3.16","2.18","1.06","7.10","1.48","2.61","2.72","1.53","5.30","1.15","10.50","1.02","2.14","1.78"
"69250","11-03-18 12:00","Russia","Premier League","2017/2018","FK Rostov","Zenit","3.78","2.92","2.44","1.06","7.20","1.55","2.42","2.86","1.49","5.30","1.15","11.50","1.01","2.42","1.62"
"69251","10-03-18 17:00","Russia","Premier League","2017/2018","Tosno","Rubin Kazan","4.94","3.08","2.04","1.11","6.30","1.67","2.38","3.40","1.38","6.00","1.10","9.50","1.02","2.55","1.53"
"69252","10-03-18 14:30","Russia","Premier League","2017/2018","Dynamo Moscow","Krasnodar","3.28","3.42","2.38","1.03","9.00","1.39","2.95","2.36","1.69","4.30","1.21","8.40","1.04","1.95","1.93"
"69253","10-03-18 12:00","Russia","Premier League","2017/2018","Ufa","FK Anzi Makhackala","2.00","3.14","5.05","1.06","7.00","1.48","2.61","2.89","1.50","5.50","1.14","11.50","1.01","2.38","1.61"
"69254","09-03-18 12:00","Russia","Premier League","2017/2018","Amkar","Arsenal Tula","3.13","2.76","2.98","1.14","5.50","1.83","2.14","3.54","1.29","7.50","1.06","9.60","1.01","2.64","1.54"
"69255","04-03-18 17:00","Russia","Premier League","2017/2018","Arsenal Tula","Akhmat Grozny","2.59","3.05","3.30","1.07","6.80","1.52","2.50","2.86","1.49","5.70","1.14","11.50","1.01","2.20","1.71"
"69256","04-03-18 14:30","Russia","Premier League","2017/2018","Lokomotiv Moscow","Spartak Moscow","2.97","3.30","2.65","1.02","10.00","1.37","3.05","2.31","1.72","4.14","1.22","8.10","1.05","1.90","1.98"
"69257","04-03-18 12:00","Russia","Premier League","2017/2018","Ufa","Dynamo Moscow","2.53","2.89","3.62","1.11","6.40","1.71","2.30","3.20","1.34","6.60","1.08","9.50","1.04","2.40","1.58"
"69258","04-03-18 09:00","Russia","Premier League","2017/2018","SKA Khabarovsk","Tosno","3.90","3.26","2.20","1.06","7.20","1.51","2.53","2.79","1.51","5.50","1.14","11.50","1.01","2.24","1.70"
"69259","03-03-18 17:00","Russia","Premier League","2017/2018","Krasnodar","FK Rostov","2.01","3.30","4.60","1.03","9.00","1.39","2.95","2.40","1.66","4.10","1.23","8.60","1.04","2.15","1.76"
"69260","03-03-18 14:30","Russia","Premier League","2017/2018","Zenit","Amkar","1.32","5.30","14.00","1.01","11.00","1.33","3.24","2.23","1.75","3.88","1.25","7.30","1.06","3.00","1.43"
"69261","03-03-18 12:00","Russia","Premier League","2017/2018","CSKA Moscow","Ural","1.31","5.40","14.50","1.02","10.50","1.30","3.46","2.05","1.88","3.54","1.29","6.60","1.08","2.64","1.54"
"69262","02-03-18 17:30","Russia","Premier League","2017/2018","FK Anzi Makhackala","Rubin Kazan","3.70","3.00","2.42","1.06","7.00","1.62","2.27","3.22","1.42","6.40","1.11","12.50","1.04","2.46","1.60"
"69263","11-12-17 17:30","Russia","Premier League","2017/2018","Akhmat Grozny","Zenit","4.82","3.58","1.88","1.03","9.40","1.35","3.15","2.26","1.65","4.10","1.23","7.80","1.05","2.10","1.74"
"69264","11-12-17 17:30","Russia","Premier League","2017/2018","Tosno","Lokomotiv Moscow","5.15","3.40","1.89","1.04","8.60","1.39","2.95","2.50","1.61","4.44","1.20","8.70","1.03","2.20","1.67"
"69265","10-12-17 17:00","Russia","Premier League","2017/2018","FK Rostov","Ufa","2.13","2.96","4.76","1.14","5.50","1.74","2.27","3.24","1.33","6.60","1.08","9.50","1.04","2.42","1.62"
"69266","10-12-17 14:30","Russia","Premier League","2017/2018","Spartak Moscow","CSKA Moscow","2.67","3.40","2.86","1.05","13.00","1.26","3.78","2.06","1.89","3.15","1.35","5.80","1.10","1.81","2.09"
"69267","10-12-17 12:00","Russia","Premier League","2017/2018","Amkar","Krasnodar","3.50","2.96","2.54","1.06","7.00","1.47","2.65","2.71","1.54","5.30","1.15","10.50","1.02","2.25","1.66"
"69268","09-12-17 14:30","Russia","Premier League","2017/2018","Rubin Kazan","SKA Khabarovsk","1.33","5.30","13.00","1.02","10.00","1.33","3.26","2.13","1.83","3.70","1.27","7.00","1.06","2.93","1.45"
"69269","09-12-17 12:00","Russia","Premier League","2017/2018","Dynamo Moscow","FK Anzi Makhackala","1.87","3.48","5.10","1.04","8.60","1.38","3.00","2.47","1.64","4.44","1.20","8.60","1.04","2.20","1.74"
"69270","08-12-17 15:30","Russia","Premier League","2017/2018","Ural","Arsenal Tula","2.61","2.94","3.40","1.06","7.10","1.46","2.68","2.78","1.53","5.10","1.16","10.50","1.02","2.12","1.78"
"69271","03-12-17 17:00","Russia","Premier League","2017/2018","FK Anzi Makhackala","SKA Khabarovsk","1.63","3.76","7.20","1.03","9.10","1.33","3.24","2.25","1.74","3.98","1.24","7.80","1.05","2.27","1.63"
"69272","03-12-17 14:30","Russia","Premier League","2017/2018","Krasnodar","Akhmat Grozny","1.74","3.54","6.25","1.02","10.00","1.28","3.62","2.09","1.86","3.46","1.30","6.80","1.07","2.00","1.85"
"69273","03-12-17 12:00","Russia","Premier League","2017/2018","Ufa","Amkar","2.44","2.72","4.18","1.14","5.50","1.82","2.15","3.32","1.32","6.80","1.07","9.50","1.02","2.58","1.55"
"69274","02-12-17 14:30","Russia","Premier League","2017/2018","Lokomotiv Moscow","Rubin Kazan","2.13","3.00","4.66","1.10","6.70","1.62","2.51","2.79","1.43","5.50","1.11","9.50","1.02","2.50","1.57"
"69275","02-12-17 12:00","Russia","Premier League","2017/2018","Dynamo Moscow","FK Rostov","3.26","2.81","2.82","1.12","6.20","1.66","2.43","2.83","1.42","5.60","1.11","9.50","1.02","2.50","1.57"
"69276","02-12-17 12:00","Russia","Premier League","2017/2018","Zenit","Ural","1.26","6.30","16.00","1.02","13.00","1.20","4.44","1.72","2.28","2.71","1.45","4.74","1.15","2.28","1.69"
"69277","01-12-17 17:30","Russia","Premier League","2017/2018","Arsenal Tula","Spartak Moscow","4.02","3.44","2.09","1.02","9.90","1.33","3.26","2.16","1.81","3.78","1.26","7.30","1.06","1.94","1.94"
"69278","01-12-17 17:30","Russia","Premier League","2017/2018","CSKA Moscow","Tosno","1.46","4.54","8.90","1.01","11.50","1.28","3.62","1.98","1.96","3.32","1.32","6.10","1.09","2.25","1.71"
"69279","27-11-17 17:30","Russia","Premier League","2017/2018","Spartak Moscow","Zenit","2.75","3.38","2.79","1.05","10.50","1.22","4.14","1.96","1.98","2.91","1.40","5.80","1.10","1.68","2.30"
"69280","27-11-17 10:00","Russia","Premier League","2017/2018","SKA Khabarovsk","Lokomotiv Moscow","6.15","3.70","1.71","1.03","8.80","1.38","3.00","2.35","1.68","4.30","1.21","8.40","1.04","2.15","1.74"
"69281","26-11-17 14:30","Russia","Premier League","2017/2018","FK Rostov","FK Anzi Makhackala","1.70","3.56","6.70","1.06","7.70","1.43","2.79","2.53","1.62","4.74","1.18","9.30","1.03","2.41","1.62"
"69282","26-11-17 12:00","Russia","Premier League","2017/2018","Rubin Kazan","CSKA Moscow","3.36","3.13","2.50","1.06","7.20","1.49","2.58","2.90","1.50","5.50","1.14","11.50","1.01","2.24","1.71"
"69283","26-11-17 09:30","Russia","Premier League","2017/2018","Ural","Krasnodar","4.36","3.48","2.00","1.02","9.80","1.32","3.32","2.17","1.81","3.78","1.26","7.30","1.06","1.98","1.90"
"69284","25-11-17 17:00","Russia","Premier League","2017/2018","Akhmat Grozny","Ufa","2.06","3.22","4.50","1.07","6.90","1.52","2.50","2.82","1.50","5.50","1.14","11.50","1.01","2.42","1.62"
"69285","25-11-17 14:30","Russia","Premier League","2017/2018","Tosno","Arsenal Tula","2.44","3.05","3.58","1.05","7.80","1.45","2.73","2.61","1.57","4.90","1.17","9.70","1.03","2.25","1.71"
"69286","24-11-17 15:30","Russia","Premier League","2017/2018","Amkar","Dynamo Moscow","2.43","2.89","3.84","1.12","6.10","1.76","2.24","3.15","1.35","6.40","1.08","9.50","1.03","2.52","1.58"
"69287","19-11-17 17:00","Russia","Premier League","2017/2018","Zenit","Tosno","1.31","5.60","13.50","1.03","10.00","1.17","4.90","1.81","2.16","2.68","1.46","4.90","1.14","2.22","1.73"
"69288","19-11-17 14:30","Russia","Premier League","2017/2018","FK Rostov","Amkar","1.84","3.15","6.35","1.16","5.10","1.84","2.12","3.54","1.29","7.30","1.06","9.60","1.02","2.79","1.49"
"69289","19-11-17 12:00","Russia","Premier League","2017/2018","FK Anzi Makhackala","Lokomotiv Moscow","4.54","3.58","1.93","1.03","9.60","1.35","3.15","2.24","1.76","3.98","1.24","7.80","1.05","2.04","1.85"
"69290","19-11-17 09:30","Russia","Premier League","2017/2018","Ufa","Ural","2.39","2.95","3.84","1.09","7.40","1.58","2.58","3.00","1.38","5.50","1.11","9.50","1.05","2.28","1.69"
"69291","18-11-17 17:00","Russia","Premier League","2017/2018","Arsenal Tula","Rubin Kazan","3.20","3.10","2.62","1.06","7.10","1.56","2.40","2.88","1.49","6.10","1.12","","","2.26","1.70"
"69292","18-11-17 14:30","Russia","Premier League","2017/2018","Krasnodar","Spartak Moscow","2.48","3.56","2.99","","","1.20","4.44","1.85","2.11","2.79","1.43","5.10","1.13","1.61","2.46"
"69293","18-11-17 12:00","Russia","Premier League","2017/2018","Dynamo Moscow","Akhmat Grozny","2.72","3.08","3.08","1.05","7.90","1.48","2.61","2.61","1.57","5.30","1.15","10.50","1.02","2.10","1.81"
"69294","18-11-17 10:00","Russia","Premier League","2017/2018","SKA Khabarovsk","CSKA Moscow","7.40","4.00","1.58","1.05","8.20","1.44","2.75","2.53","1.60","4.90","1.17","9.50","1.03","2.59","1.55"
"69295","05-11-17 17:00","Russia","Premier League","2017/2018","Rubin Kazan","Zenit","3.80","3.14","2.29","1.06","7.60","1.48","2.61","2.69","1.54","5.30","1.15","10.50","1.02","2.18","1.75"
"69296","05-11-17 17:00","Russia","Premier League","2017/2018","Spartak Moscow","Ufa","1.50","4.64","7.30","1.04","9.50","1.23","4.10","1.89","2.06","3.00","1.38","5.50","1.11","2.31","1.67"
"69297","05-11-17 14:30","Russia","Premier League","2017/2018","Lokomotiv Moscow","CSKA Moscow","3.48","2.95","2.56","1.06","7.70","1.40","2.91","2.61","1.57","4.74","1.18","9.70","1.03","2.17","1.75"
"69298","05-11-17 12:00","Russia","Premier League","2017/2018","Amkar","FK Anzi Makhackala","1.89","3.20","5.70","1.12","6.10","1.69","2.33","3.00","1.38","6.10","1.09","9.50","1.03","2.50","1.55"
"69299","05-11-17 09:00","Russia","Premier League","2017/2018","SKA Khabarovsk","Arsenal Tula","3.02","2.99","2.83","1.09","7.10","1.62","2.49","3.05","1.37","5.60","1.11","9.50","1.03","2.28","1.67"
"69300","04-11-17 17:00","Russia","Premier League","2017/2018","Akhmat Grozny","FK Rostov","2.55","2.99","3.44","1.06","7.50","1.48","2.61","2.90","1.49","5.50","1.14","11.50","1.01","2.28","1.69"
"69301","04-11-17 14:30","Russia","Premier League","2017/2018","Tosno","Krasnodar","4.12","3.46","2.06","1.03","8.80","1.39","2.95","2.35","1.70","4.30","1.21","8.40","1.04","2.05","1.85"
"69302","03-11-17 15:30","Russia","Premier League","2017/2018","Ural","Dynamo Moscow","2.20","3.28","3.88","1.06","7.70","1.42","2.83","2.62","1.58","4.90","1.17","9.50","1.03","2.14","1.78"
"69303","30-10-17 17:30","Russia","Premier League","2017/2018","Akhmat Grozny","FK Anzi Makhackala","1.59","4.14","6.85","1.01","11.00","1.29","3.54","2.04","1.90","3.46","1.30","6.60","1.08","2.03","1.86"
"69304","30-10-17 15:00","Russia","Premier League","2017/2018","Ufa","Rubin Kazan","3.84","2.99","2.36","1.10","6.70","1.74","2.28","3.15","1.35","5.80","1.10","9.50","1.02","2.42","1.62"
"69305","29-10-17 17:00","Russia","Premier League","2017/2018","Krasnodar","SKA Khabarovsk","1.22","7.40","16.00","1.02","12.00","1.20","4.44","1.70","2.34","2.65","1.47","4.70","1.15","2.54","1.57"
"69306","29-10-17 14:30","Russia","Premier League","2017/2018","Zenit","Lokomotiv Moscow","1.74","3.64","6.00","1.04","8.40","1.40","2.91","2.39","1.68","4.44","1.20","8.60","1.04","2.21","1.74"
"69307","29-10-17 12:00","Russia","Premier League","2017/2018","Dynamo Moscow","Tosno","2.30","3.18","3.72","1.04","8.40","1.46","2.68","2.85","1.51","5.50","1.14","11.50","1.01","2.10","1.80"
"69308","29-10-17 09:30","Russia","Premier League","2017/2018","Amkar","Ural","2.36","3.00","3.84","1.11","6.30","1.73","2.29","3.46","1.30","6.30","1.09","9.50","1.02","2.45","1.61"
"69309","28-10-17 18:00","Russia","Premier League","2017/2018","FK Rostov","Spartak Moscow","3.20","3.10","2.62","1.03","8.80","1.38","3.00","2.48","1.62","4.44","1.20","8.70","1.03","2.05","1.85"
"69310","27-10-17 18:30","Russia","Premier League","2017/2018","Arsenal Tula","CSKA Moscow","5.30","3.44","1.86","1.03","9.50","1.46","2.68","2.62","1.58","5.00","1.17","9.70","1.03","2.26","1.70"
"69311","23-10-17 18:30","Russia","Premier League","2017/2018","Lokomotiv Moscow","Krasnodar","2.66","3.14","3.10","1.04","8.30","1.37","3.05","2.28","1.65","4.30","1.21","8.60","1.04","1.99","1.89"
"69312","22-10-17 18:00","Russia","Premier League","2017/2018","FK Anzi Makhackala","Arsenal Tula","2.69","3.14","3.05","1.06","7.40","1.43","2.79","2.73","1.54","5.00","1.17","9.70","1.02","2.10","1.80"
"69313","22-10-17 15:30","Russia","Premier League","2017/2018","CSKA Moscow","Zenit","3.06","3.28","2.59","1.01","11.00","1.34","3.20","2.33","1.71","4.10","1.23","8.10","1.05","1.97","1.92"
"69314","22-10-17 13:00","Russia","Premier League","2017/2018","Ural","Akhmat Grozny","3.19","3.15","2.58","1.04","8.40","1.39","2.95","2.39","1.66","4.30","1.21","8.60","1.04","1.99","1.89"
"69315","21-10-17 18:00","Russia","Premier League","2017/2018","Spartak Moscow","Amkar","1.45","4.64","9.00","1.01","11.00","1.29","3.54","2.12","1.84","3.58","1.29","6.80","1.07","2.33","1.66"
"69316","21-10-17 15:30","Russia","Premier League","2017/2018","Rubin Kazan","Dynamo Moscow","1.94","3.38","4.84","1.06","7.40","1.48","2.61","2.68","1.56","5.10","1.16","9.90","1.02","2.27","1.70"
"69317","21-10-17 13:00","Russia","Premier League","2017/2018","Tosno","FK Rostov","3.30","2.92","2.69","1.06","7.00","1.52","2.50","2.95","1.48","5.80","1.13","11.50","1.01","2.25","1.68"
"69318","21-10-17 10:30","Russia","Premier League","2017/2018","SKA Khabarovsk","Ufa","3.48","2.79","2.69","1.14","5.70","1.83","2.13","3.54","1.29","6.00","1.10","9.60","1.01","2.49","1.59"
"69319","16-10-17 16:30","Russia","Premier League","2017/2018","Amkar","Tosno","2.33","2.94","4.04","1.14","5.60","1.78","2.21","3.32","1.32","7.00","1.06","9.50","1.02","2.44","1.61"
"69320","15-10-17 18:00","Russia","Premier League","2017/2018","Zenit","Arsenal Tula","1.27","6.20","15.00","1.03","10.50","1.23","4.10","1.80","2.16","2.91","1.40","5.20","1.13","2.35","1.60"
"69321","15-10-17 15:30","Russia","Premier League","2017/2018","FK Rostov","Rubin Kazan","2.49","2.89","3.72","1.11","6.30","1.72","2.31","3.15","1.35","6.40","1.08","9.50","1.02","2.52","1.58"
"69322","15-10-17 13:00","Russia","Premier League","2017/2018","Ufa","Lokomotiv Moscow","3.94","3.00","2.32","1.10","6.90","1.63","2.46","3.08","1.41","5.80","1.10","9.50","1.03","2.37","1.65"
"69323","14-10-17 18:00","Russia","Premier League","2017/2018","Krasnodar","CSKA Moscow","2.30","3.40","3.46","1.03","9.70","1.35","3.15","2.22","1.77","3.98","1.24","7.50","1.06","1.90","1.98"
"69324","14-10-17 15:30","Russia","Premier League","2017/2018","Ural","FK Anzi Makhackala","2.01","3.38","4.46","1.03","9.00","1.40","2.91","2.39","1.66","4.44","1.20","8.60","1.04","2.07","1.83"
"69325","14-10-17 13:00","Russia","Premier League","2017/2018","Dynamo Moscow","SKA Khabarovsk","1.44","4.64","9.20","1.03","9.40","1.37","3.05","2.29","1.73","4.14","1.22","8.10","1.05","2.55","1.57"
"69326","13-10-17 18:30","Russia","Premier League","2017/2018","Akhmat Grozny","Spartak Moscow","3.24","3.42","2.40","1.02","10.50","1.32","3.32","2.13","1.83","3.70","1.27","7.00","1.06","1.80","2.08"
"69327","01-10-17 18:00","Russia","Premier League","2017/2018","FK Anzi Makhackala","Zenit","9.00","4.64","1.45","1.04","11.00","1.22","4.14","1.89","2.06","3.00","1.38","5.50","1.11","2.21","1.73"
"69328","01-10-17 15:30","Russia","Premier League","2017/2018","Lokomotiv Moscow","Dynamo Moscow","1.79","3.64","5.40","1.03","9.50","1.37","3.08","2.51","1.62","4.30","1.21","8.70","1.03","2.28","1.69"
"69329","01-10-17 13:00","Russia","Premier League","2017/2018","CSKA Moscow","Ufa","1.34","5.20","12.50","1.01","11.00","1.29","3.58","2.08","1.87","3.46","1.30","6.40","1.08","2.64","1.54"
"69330","30-09-17 18:00","Russia","Premier League","2017/2018","Spartak Moscow","Ural","1.53","4.84","6.35","1.03","12.50","1.22","4.14","1.80","2.18","3.00","1.38","5.30","1.12","1.80","2.08"
"69331","30-09-17 15:30","Russia","Premier League","2017/2018","Rubin Kazan","Amkar","1.78","3.34","6.45","1.09","6.10","1.57","2.38","3.02","1.45","6.10","1.12","","","2.54","1.57"
"69332","30-09-17 13:00","Russia","Premier League","2017/2018","Tosno","Akhmat Grozny","3.38","3.05","2.54","1.03","8.80","1.37","3.08","2.39","1.66","4.20","1.22","8.40","1.04","2.07","1.83"
"69333","30-09-17 10:30","Russia","Premier League","2017/2018","SKA Khabarovsk","FK Rostov","5.90","3.38","1.81","1.10","7.00","1.66","2.39","2.91","1.40","5.80","1.10","9.50","1.05","2.81","1.48"
"69334","29-09-17 18:30","Russia","Premier League","2017/2018","Arsenal Tula","Krasnodar","5.65","4.00","1.69","1.01","11.00","1.31","3.40","2.09","1.86","3.70","1.27","7.00","1.06","2.00","1.88"
"69335","25-09-17 18:30","Russia","Premier League","2017/2018","Akhmat Grozny","Rubin Kazan","2.66","3.13","3.13","1.05","7.80","1.43","2.79","2.48","1.64","4.74","1.18","9.30","1.03","2.02","1.87"
"69336","25-09-17 16:00","Russia","Premier League","2017/2018","Amkar","SKA Khabarovsk","1.73","3.58","6.25","1.11","6.40","1.64","2.44","2.86","1.41","5.80","1.10","9.50","1.02","2.86","1.47"
"69337","24-09-17 18:00","Russia","Premier League","2017/2018","Krasnodar","Zenit","2.90","3.38","2.65","1.01","11.50","1.24","3.98","1.96","1.96","3.15","1.35","6.00","1.10","1.73","2.22"
"69338","24-09-17 15:30","Russia","Premier League","2017/2018","FK Rostov","Lokomotiv Moscow","2.40","2.98","3.76","1.11","6.60","1.68","2.35","3.00","1.38","6.10","1.09","9.50","1.02","2.42","1.62"
"69339","24-09-17 15:30","Russia","Premier League","2017/2018","Ufa","Arsenal Tula","2.33","3.00","3.92","1.09","7.10","1.58","2.58","2.79","1.43","5.50","1.11","9.50","1.02","2.30","1.65"
"69340","24-09-17 13:00","Russia","Premier League","2017/2018","Ural","Tosno","2.38","3.26","3.44","1.03","8.90","1.44","2.75","2.50","1.63","4.74","1.18","9.10","1.03","2.07","1.83"
"69341","23-09-17 18:00","Russia","Premier League","2017/2018","Spartak Moscow","FK Anzi Makhackala","1.31","6.10","11.50","1.02","13.50","1.16","5.10","1.66","2.43","2.47","1.53","4.40","1.17","2.02","1.87"
"69342","23-09-17 15:30","Russia","Premier League","2017/2018","Dynamo Moscow","CSKA Moscow","5.80","3.70","1.74","1.03","9.50","1.37","3.05","2.33","1.71","4.20","1.22","8.40","1.04","2.12","1.78"
"69343","18-09-17 19:00","Russia","Premier League","2017/2018","Zenit","Ufa","1.26","6.30","15.00","1.03","12.00","1.21","4.30","1.85","2.11","2.86","1.41","5.20","1.13","2.44","1.61"
"69344","18-09-17 18:30","Russia","Premier League","2017/2018","Lokomotiv Moscow","Amkar","1.57","3.86","8.40","1.05","8.10","1.50","2.55","2.86","1.49","5.50","1.14","10.50","1.02","2.91","1.46"
"69345","17-09-17 15:30","Russia","Premier League","2017/2018","Rubin Kazan","Ural","1.63","3.84","6.95","1.03","9.40","1.38","3.00","2.35","1.68","4.30","1.21","8.40","1.04","2.22","1.73"
"69346","17-09-17 12:00","Russia","Premier League","2017/2018","Tosno","Spartak Moscow","4.60","3.72","1.88","","","1.28","3.62","2.08","1.85","3.54","1.29","6.80","1.07","1.97","1.92"
"69347","17-09-17 10:00","Russia","Premier League","2017/2018","SKA Khabarovsk","Akhmat Grozny","5.05","3.24","1.96","1.07","6.90","1.52","2.50","2.98","1.46","5.80","1.13","11.50","1.01","2.44","1.61"
"69348","16-09-17 18:00","Russia","Premier League","2017/2018","FK Anzi Makhackala","Krasnodar","5.20","3.94","1.75","","","1.27","3.70","2.00","1.94","3.40","1.31","6.40","1.08","1.95","1.91"
"69349","16-09-17 15:30","Russia","Premier League","2017/2018","CSKA Moscow","FK Rostov","1.73","3.60","6.15","1.06","7.60","1.48","2.61","2.68","1.56","5.10","1.16","9.80","1.02","2.34","1.66"
"69350","15-09-17 18:30","Russia","Premier League","2017/2018","Arsenal Tula","Dynamo Moscow","3.05","2.99","2.81","1.05","8.00","1.41","2.86","2.43","1.66","4.30","1.21","8.40","1.04","2.10","1.80"
"69351","11-09-17 16:30","Russia","Premier League","2017/2018","Ural","SKA Khabarovsk","1.66","3.62","7.20","1.07","6.90","1.49","2.58","2.73","1.54","5.30","1.15","10.50","1.02","2.39","1.63"
"69352","10-09-17 18:00","Russia","Premier League","2017/2018","Akhmat Grozny","Lokomotiv Moscow","2.70","3.10","3.10","1.05","7.90","1.36","3.10","2.43","1.66","4.44","1.20","8.40","1.04","2.09","1.81"
"69353","10-09-17 15:30","Russia","Premier League","2017/2018","Ufa","Krasnodar","4.22","3.28","2.10","1.05","7.90","1.45","2.73","2.65","1.57","5.10","1.16","9.70","1.02","2.10","1.81"
"69354","10-09-17 13:00","Russia","Premier League","2017/2018","Dynamo Moscow","Zenit","5.55","4.04","1.71","1.01","11.00","1.30","3.46","2.15","1.82","3.70","1.27","8.10","1.05","1.99","1.89"
"69355","09-09-17 18:00","Russia","Premier League","2017/2018","Spartak Moscow","Rubin Kazan","1.74","4.00","5.20","1.05","13.00","1.27","3.70","2.00","1.94","3.40","1.31","6.40","1.08","1.98","1.90"
"69356","09-09-17 15:30","Russia","Premier League","2017/2018","FK Rostov","Arsenal Tula","1.56","3.88","8.40","1.06","7.40","1.51","2.53","2.76","1.52","5.50","1.14","10.50","1.02","2.69","1.52"
"69357","09-09-17 13:00","Russia","Premier League","2017/2018","Tosno","FK Anzi Makhackala","2.07","3.26","4.40","1.06","7.10","1.46","2.68","2.58","1.58","4.90","1.17","9.60","1.03","2.21","1.74"
"69358","08-09-17 16:30","Russia","Premier League","2017/2018","Amkar","CSKA Moscow","6.50","3.94","1.64","1.06","7.50","1.49","2.58","2.68","1.56","5.30","1.15","9.90","1.02","2.46","1.60"
"69359","27-08-17 19:00","Russia","Premier League","2017/2018","Krasnodar","Dynamo Moscow","1.79","3.70","5.30","1.01","11.50","1.28","3.62","2.02","1.92","3.46","1.30","6.60","1.08","1.91","1.95"
"69360","27-08-17 19:00","Russia","Premier League","2017/2018","Zenit","FK Rostov","1.59","4.14","6.75","1.02","10.50","1.32","3.32","2.26","1.75","3.78","1.26","7.50","1.06","2.18","1.75"
"69361","27-08-17 16:30","Russia","Premier League","2017/2018","CSKA Moscow","Akhmat Grozny","1.47","4.90","7.50","1.01","11.50","1.27","3.70","2.03","1.91","3.40","1.31","6.40","1.08","2.25","1.67"
"69362","27-08-17 10:00","Russia","Premier League","2017/2018","SKA Khabarovsk","Spartak Moscow","8.00","4.50","1.49","1.02","10.50","1.35","3.15","2.15","1.82","3.78","1.26","7.30","1.06","2.27","1.69"
"69363","26-08-17 19:00","Russia","Premier League","2017/2018","Lokomotiv Moscow","Ural","1.55","4.04","8.00","1.03","9.50","1.34","3.20","2.21","1.78","3.88","1.25","7.50","1.06","2.35","1.65"
"69364","26-08-17 16:30","Russia","Premier League","2017/2018","Rubin Kazan","Tosno","1.65","3.88","6.50","1.04","8.30","1.40","2.91","2.47","1.64","4.44","1.20","8.70","1.03","2.27","1.65"
"69365","26-08-17 14:00","Russia","Premier League","2017/2018","Arsenal Tula","Amkar","2.47","2.90","3.74","1.11","6.30","1.69","2.36","3.00","1.38","6.10","1.09","9.50","1.02","2.42","1.62"
"69366","25-08-17 19:00","Russia","Premier League","2017/2018","FK Anzi Makhackala","Ufa","2.92","3.02","2.90","1.11","6.60","1.66","2.43","2.75","1.44","5.20","1.13","9.50","1.02","2.45","1.61"
"69367","21-08-17 19:00","Russia","Premier League","2017/2018","Akhmat Grozny","Arsenal Tula","1.54","4.28","7.40","1.02","10.50","1.35","3.15","2.36","1.69","4.44","1.20","8.60","1.04","2.38","1.63"
"69368","20-08-17 19:00","Russia","Premier League","2017/2018","FK Rostov","Krasnodar","2.46","3.16","3.40","1.05","8.10","1.42","2.83","2.53","1.60","4.20","1.22","9.10","1.03","2.15","1.77"
"69369","20-08-17 16:30","Russia","Premier League","2017/2018","Dynamo Moscow","Ufa","1.93","3.32","5.05","1.06","7.10","1.50","2.55","2.71","1.53","5.30","1.15","10.50","1.02","2.37","1.64"
"69370","20-08-17 14:00","Russia","Premier League","2017/2018","Amkar","Zenit","6.25","3.66","1.71","1.02","10.00","1.41","2.86","2.49","1.62","4.60","1.19","9.10","1.03","2.20","1.73"
"69371","19-08-17 19:00","Russia","Premier League","2017/2018","Rubin Kazan","FK Anzi Makhackala","1.64","3.78","6.95","1.04","8.60","1.43","2.79","2.41","1.65","4.44","1.20","8.70","1.03","2.30","1.67"
"69372","19-08-17 16:30","Russia","Premier League","2017/2018","Spartak Moscow","Lokomotiv Moscow","1.83","3.50","5.40","1.03","8.80","1.35","3.15","2.33","1.71","4.10","1.23","8.10","1.05","1.99","1.89"
"69373","19-08-17 14:00","Russia","Premier League","2017/2018","Ural","CSKA Moscow","5.40","3.68","1.79","","","1.34","3.20","2.26","1.75","3.98","1.24","7.80","1.05","2.14","1.77"
"69374","18-08-17 18:30","Russia","Premier League","2017/2018","Tosno","SKA Khabarovsk","1.62","3.72","7.60","1.05","8.00","1.42","2.83","2.68","1.56","4.44","1.20","9.70","1.02","2.54","1.57"
"69375","14-08-17 18:30","Russia","Premier League","2017/2018","Arsenal Tula","Ural","2.50","3.05","3.46","1.08","6.50","1.53","2.46","2.81","1.52","5.50","1.14","11.50","1.01","2.21","1.74"
"69376","13-08-17 19:00","Russia","Premier League","2017/2018","Krasnodar","Amkar","1.46","4.50","9.10","","","1.38","3.00","2.43","1.66","4.30","1.21","8.40","1.04","2.49","1.59"
"69377","13-08-17 19:00","Russia","Premier League","2017/2018","Zenit","Akhmat Grozny","1.47","4.50","8.60","1.01","11.00","1.29","3.58","2.01","1.93","3.40","1.31","6.30","1.09","2.19","1.74"
"69378","13-08-17 16:30","Russia","Premier League","2017/2018","Lokomotiv Moscow","Tosno","1.42","4.64","10.50","1.02","9.90","1.37","3.08","2.36","1.69","4.14","1.22","8.10","1.05","2.75","1.50"
"69379","13-08-17 10:00","Russia","Premier League","2017/2018","SKA Khabarovsk","Rubin Kazan","4.78","3.38","1.95","1.06","7.20","1.47","2.65","2.74","1.54","5.30","1.15","10.50","1.02","2.37","1.65"
"69380","12-08-17 19:00","Russia","Premier League","2017/2018","FK Anzi Makhackala","Dynamo Moscow","3.07","3.00","2.78","1.06","7.30","1.49","2.58","2.76","1.52","5.30","1.15","10.50","1.02","2.30","1.67"
"69381","12-08-17 16:30","Russia","Premier League","2017/2018","CSKA Moscow","Spartak Moscow","2.31","3.66","3.22","1.04","9.50","1.23","4.10","1.88","2.05","3.00","1.38","5.50","1.13","1.70","2.26"
"69382","12-08-17 14:00","Russia","Premier League","2017/2018","Ufa","FK Rostov","2.98","2.86","3.00","1.12","6.10","1.89","2.04","3.70","1.27","7.30","1.06","9.50","1.01","2.63","1.54"
"69383","10-08-17 19:00","Russia","Premier League","2017/2018","Akhmat Grozny","Krasnodar","","","","","","","","","","","","","","",""
"69384","09-08-17 19:00","Russia","Premier League","2017/2018","FK Rostov","Dynamo Moscow","2.07","3.15","4.60","1.06","7.30","1.48","2.61","2.74","1.54","5.30","1.15","10.50","1.02","2.32","1.61"
"69385","09-08-17 19:00","Russia","Premier League","2017/2018","Rubin Kazan","Lokomotiv Moscow","2.68","3.00","3.22","1.06","7.10","1.52","2.50","2.82","1.50","5.50","1.14","11.50","1.01","2.20","1.69"
"69386","09-08-17 19:00","Russia","Premier League","2017/2018","Tosno","CSKA Moscow","7.60","4.30","1.53","1.02","10.50","1.31","3.40","2.11","1.85","3.70","1.27","7.00","1.06","2.20","1.73"
"69387","09-08-17 18:30","Russia","Premier League","2017/2018","Spartak Moscow","Arsenal Tula","1.32","6.00","11.00","1.03","12.00","1.25","3.88","1.92","2.02","3.15","1.35","5.80","1.10","2.35","1.65"
"69388","09-08-17 16:30","Russia","Premier League","2017/2018","Ural","Zenit","7.30","4.38","1.53","1.02","10.00","1.32","3.32","2.23","1.75","3.88","1.25","7.50","1.06","2.24","1.71"
"69389","08-08-17 16:30","Russia","Premier League","2017/2018","Amkar","Ufa","2.77","2.80","3.34","1.14","5.70","1.81","2.16","3.40","1.31","7.00","1.06","","","2.50","1.59"
"69390","08-08-17 10:00","Russia","Premier League","2017/2018","SKA Khabarovsk","FK Anzi Makhackala","2.65","2.93","3.36","1.14","5.70","1.75","2.23","3.32","1.32","6.80","1.07","","","2.43","1.61"
"69391","06-08-17 19:00","Russia","Premier League","2017/2018","Krasnodar","Ural","1.41","4.30","13.00","1.03","9.70","1.26","3.78","2.05","1.90","3.24","1.33","6.10","1.08","2.34","1.60"
"69392","06-08-17 19:00","Russia","Premier League","2017/2018","Zenit","Spartak Moscow","2.10","3.60","3.80","1.04","11.50","1.22","4.20","1.89","2.06","2.91","1.40","5.10","1.13","1.65","2.37"
"69393","06-08-17 16:30","Russia","Premier League","2017/2018","CSKA Moscow","Rubin Kazan","1.59","4.04","7.10","1.03","9.20","1.37","3.05","2.27","1.74","4.14","1.22","8.10","1.05","2.22","1.73"
"69394","06-08-17 14:00","Russia","Premier League","2017/2018","Arsenal Tula","Tosno","2.32","3.00","3.94","1.12","6.10","1.63","2.47","2.91","1.40","5.80","1.10","","","2.35","1.65"
"69395","05-08-17 19:00","Russia","Premier League","2017/2018","Lokomotiv Moscow","SKA Khabarovsk","1.29","5.60","16.00","1.01","11.00","1.35","3.15","2.31","1.72","4.10","1.23","7.80","1.05","3.22","1.39"
"69396","05-08-17 16:30","Russia","Premier League","2017/2018","Dynamo Moscow","Amkar","1.77","3.54","5.85","1.06","7.20","1.48","2.61","2.64","1.56","5.10","1.16","9.90","1.02","2.43","1.57"
"69397","05-08-17 14:00","Russia","Premier League","2017/2018","Ufa","Akhmat Grozny","","","","","","","","","","","","","","",""
"69398","04-08-17 19:00","Russia","Premier League","2017/2018","FK Anzi Makhackala","FK Rostov","3.34","2.86","2.72","1.13","6.00","1.71","2.33","3.00","1.38","6.00","1.10","9.50","1.04","2.42","1.62"
"69399","31-07-17 18:30","Russia","Premier League","2017/2018","Spartak Moscow","Krasnodar","1.73","3.94","5.40","","","1.25","3.88","1.89","2.06","2.91","1.40","5.30","1.12","1.75","2.00"
"69400","30-07-17 19:00","Russia","Premier League","2017/2018","Tosno","Zenit","20.00","6.80","1.22","1.03","10.00","1.23","4.10","1.80","2.15","2.79","1.43","4.90","1.14","2.94","1.45"
"69401","30-07-17 16:30","Russia","Premier League","2017/2018","Lokomotiv Moscow","FK Anzi Makhackala","1.57","4.00","7.70","1.03","9.50","1.40","2.91","2.39","1.66","4.44","1.20","8.70","1.03","2.46","1.60"
"69402","30-07-17 14:00","Russia","Premier League","2017/2018","Amkar","FK Rostov","3.14","2.70","3.04","1.13","5.80","1.88","2.07","3.62","1.28","6.60","1.08","9.50","1.03","2.62","1.54"
"69403","29-07-17 19:00","Russia","Premier League","2017/2018","Akhmat Grozny","Dynamo Moscow","","","","","","","","","","","","","","",""
"69404","29-07-17 16:30","Russia","Premier League","2017/2018","Rubin Kazan","Arsenal Tula","1.66","3.68","6.95","1.06","7.20","1.48","2.61","2.66","1.55","5.10","1.16","9.90","1.02","2.50","1.58"
"69405","29-07-17 14:00","Russia","Premier League","2017/2018","CSKA Moscow","SKA Khabarovsk","1.21","7.30","19.00","1.03","13.00","1.21","4.30","1.73","2.26","2.65","1.47","4.70","1.15","2.71","1.51"
"69406","29-07-17 14:00","Russia","Premier League","2017/2018","Ural","Ufa","2.72","2.85","3.34","1.13","5.90","1.73","2.29","3.24","1.33","6.40","1.08","9.50","1.04","2.38","1.58"
"69407","24-07-17 18:30","Russia","Premier League","2017/2018","Arsenal Tula","SKA Khabarovsk","1.82","3.40","5.75","1.08","6.60","1.50","2.55","2.90","1.48","5.50","1.14","","","2.58","1.56"
"69408","23-07-17 19:00","Russia","Premier League","2017/2018","FK Rostov","Akhmat Grozny","","","","","","","","","","","","","","",""
"69409","23-07-17 16:30","Russia","Premier League","2017/2018","Dynamo Moscow","Ural","1.58","4.14","6.95","1.02","10.00","1.34","3.20","2.19","1.79","3.88","1.25","7.50","1.06","2.13","1.78"
"69410","23-07-17 14:00","Russia","Premier League","2017/2018","Ufa","Spartak Moscow","4.70","3.40","1.96","1.04","8.30","1.39","2.95","2.39","1.66","4.30","1.21","8.40","1.04","2.08","1.82"
"69411","22-07-17 19:00","Russia","Premier League","2017/2018","Krasnodar","Tosno","1.40","5.00","9.60","","","1.24","3.98","1.93","2.01","3.10","1.36","5.80","1.10","2.20","1.70"
"69412","22-07-17 16:30","Russia","Premier League","2017/2018","Zenit","Rubin Kazan","1.47","4.60","8.40","1.04","14.50","1.24","3.98","1.95","1.99","3.15","1.35","5.80","1.10","2.10","1.80"
"69413","21-07-17 18:30","Russia","Premier League","2017/2018","CSKA Moscow","Lokomotiv Moscow","1.57","4.10","7.40","","","1.32","3.32","2.19","1.79","3.78","1.26","7.30","1.06","2.18","1.75"
"69414","21-07-17 18:30","Russia","Premier League","2017/2018","FK Anzi Makhackala","Amkar","2.28","3.02","4.06","1.09","6.30","1.56","2.40","3.04","1.46","6.10","1.12","13.00","1.05","2.50","1.58"
"69415","18-07-17 18:30","Russia","Premier League","2017/2018","Dynamo Moscow","Spartak Moscow","4.32","3.66","1.96","1.04","10.50","1.27","3.70","1.93","2.01","2.95","1.39","5.30","1.12","1.69","2.27"
"69416","18-07-17 18:30","Russia","Premier League","2017/2018","Lokomotiv Moscow","Arsenal Tula","1.47","4.32","9.40","1.03","9.10","1.33","3.24","2.33","1.71","4.10","1.23","7.80","1.05","2.50","1.57"
"69417","16-07-17 20:30","Russia","Premier League","2017/2018","Akhmat Grozny","Amkar","","","","","","","","","","","","","","",""
"69418","16-07-17 16:30","Russia","Premier League","2017/2018","Rubin Kazan","Krasnodar","2.69","2.90","3.32","1.08","6.50","1.54","2.45","2.86","1.49","5.50","1.14","","","2.22","1.73"
"69419","16-07-17 10:00","Russia","Premier League","2017/2018","SKA Khabarovsk","Zenit","10.50","4.92","1.40","1.03","9.60","1.32","3.32","2.13","1.83","3.62","1.28","6.80","1.07","2.44","1.61"
"69420","15-07-17 19:00","Russia","Premier League","2017/2018","FK Anzi Makhackala","CSKA Moscow","9.90","4.32","1.46","1.04","8.30","1.40","2.91","2.45","1.65","4.44","1.20","8.40","1.04","2.58","1.55"
"69421","15-07-17 16:30","Russia","Premier League","2017/2018","Tosno","Ufa","2.56","2.90","3.54","1.09","6.10","1.59","2.33","3.32","1.40","6.30","1.11","13.00","1.04","2.39","1.58"
"69422","15-07-17 14:00","Russia","Premier League","2017/2018","Ural","FK Rostov","2.92","2.99","2.93","1.08","6.50","1.55","2.42","3.06","1.44","5.80","1.13","","","2.21","1.74"
"69423","21-05-17 14:00","Russia","Premier League","2016/2017","Amkar","Rubin Kazan","2.58","3.17","3.05","1.10","7.10","1.39","2.85","2.50","1.57","4.54","1.18","8.70","1.02","2.12","1.79"
"69424","21-05-17 14:00","Russia","Premier League","2016/2017","Arsenal Tula","Spartak Moscow","3.24","3.88","2.12","","","1.22","4.00","1.81","2.09","2.89","1.38","5.10","1.12","1.62","2.36"
"69425","21-05-17 14:00","Russia","Premier League","2016/2017","CSKA Moscow","FK Anzi Makhackala","1.26","6.40","14.00","1.06","9.20","1.21","4.30","1.81","2.16","2.82","1.42","5.10","1.13","2.56","1.56"
"69426","21-05-17 14:00","Russia","Premier League","2016/2017","Krylya Sovetov","Akhmat Grozny","1.75","4.32","4.34","1.01","10.50","1.31","3.34","2.06","1.87","3.52","1.29","6.40","1.08","1.90","1.98"
"69427","21-05-17 14:00","Russia","Premier League","2016/2017","Lokomotiv Moscow","Zenit","5.40","4.06","1.66","1.07","8.30","1.18","4.60","1.89","2.01","2.94","1.38","5.40","1.11","1.90","1.98"
"69428","21-05-17 14:00","Russia","Premier League","2016/2017","Orenburg","FK Rostov","3.92","2.95","2.36","1.07","6.90","1.53","2.46","3.13","1.43","5.80","1.13","","","2.20","1.67"
"69429","21-05-17 14:00","Russia","Premier League","2016/2017","Tomsk","Krasnodar","28.00","11.00","1.10","1.05","10.50","1.13","5.90","1.58","2.48","2.31","1.60","3.90","1.26","2.81","1.48"
"69430","21-05-17 14:00","Russia","Premier League","2016/2017","Ufa","Ural","2.82","2.85","3.01","1.04","7.60","1.41","2.78","2.56","1.55","4.50","1.18","8.40","1.03","2.04","1.85"
"69431","17-05-17 18:30","Russia","Premier League","2016/2017","Arsenal Tula","Amkar","1.52","4.48","6.95","1.02","9.70","1.37","2.99","2.40","1.63","4.50","1.19","8.60","1.03","2.54","1.57"
"69432","17-05-17 18:30","Russia","Premier League","2016/2017","FK Anzi Makhackala","FK Rostov","3.88","3.30","2.17","1.05","7.80","1.47","2.65","2.66","1.55","5.00","1.17","9.40","1.03","2.12","1.72"
"69433","17-05-17 18:30","Russia","Premier League","2016/2017","Rubin Kazan","CSKA Moscow","9.20","4.52","1.43","1.01","11.00","1.34","3.14","2.19","1.76","3.70","1.26","6.80","1.06","2.54","1.57"
"69434","17-05-17 18:30","Russia","Premier League","2016/2017","Spartak Moscow","Akhmat Grozny","1.90","3.74","4.28","1.07","8.30","1.22","4.10","1.90","2.00","3.06","1.36","5.80","1.10","1.78","2.13"
"69435","17-05-17 18:30","Russia","Premier League","2016/2017","Zenit","Krasnodar","1.65","4.20","5.65","1.01","11.50","1.25","3.88","1.93","2.01","3.05","1.37","5.80","1.10","1.95","1.91"
"69436","17-05-17 16:30","Russia","Premier League","2016/2017","Orenburg","Ufa","1.59","3.98","6.75","1.05","7.50","1.54","2.41","2.81","1.48","5.50","1.14","11.00","1.01","2.80","1.48"
"69437","17-05-17 16:30","Russia","Premier League","2016/2017","Ural","Lokomotiv Moscow","2.94","3.30","2.58","1.03","8.60","1.37","3.00","2.31","1.67","4.10","1.22","7.70","1.05","1.94","1.94"
"69438","17-05-17 14:00","Russia","Premier League","2016/2017","Tomsk","Krylya Sovetov","9.20","5.20","1.36","","","1.27","3.72","1.92","1.94","3.28","1.33","6.20","1.10","2.25","1.67"
"69439","14-05-17 18:00","Russia","Premier League","2016/2017","FK Rostov","Rubin Kazan","1.57","3.84","7.20","1.06","6.80","1.50","2.52","2.66","1.54","4.84","1.17","9.00","1.03","2.71","1.51"
"69440","14-05-17 15:30","Russia","Premier League","2016/2017","Ufa","FK Anzi Makhackala","2.91","2.98","2.95","1.08","7.50","1.62","2.49","3.34","1.40","5.50","1.11","","","2.33","1.66"
"69441","14-05-17 11:00","Russia","Premier League","2016/2017","Tomsk","Akhmat Grozny","8.60","5.50","1.35","1.01","13.00","1.31","3.38","2.08","1.82","3.20","1.34","6.20","1.10","2.30","1.68"
"69442","13-05-17 18:30","Russia","Premier League","2016/2017","Lokomotiv Moscow","Orenburg","2.12","3.22","4.08","1.04","8.10","1.34","3.15","2.30","1.68","3.88","1.24","7.30","1.06","2.09","1.81"
"69443","13-05-17 15:00","Russia","Premier League","2016/2017","Krylya Sovetov","Zenit","5.10","3.92","1.75","1.03","9.20","1.30","3.44","2.12","1.84","3.52","1.29","6.60","1.08","2.02","1.87"
"69444","13-05-17 13:30","Russia","Premier League","2016/2017","Amkar","Spartak Moscow","3.11","3.07","2.68","1.02","9.40","1.37","3.02","2.63","1.54","4.60","1.18","8.80","1.03","1.99","1.89"
"69445","13-05-17 11:00","Russia","Premier League","2016/2017","Ural","Krasnodar","4.14","3.36","2.07","1.03","9.00","1.40","2.90","2.41","1.65","3.96","1.24","7.60","1.06","2.04","1.85"
"69446","12-05-17 18:30","Russia","Premier League","2016/2017","CSKA Moscow","Arsenal Tula","1.25","6.70","14.50","","","1.19","4.60","1.75","2.23","2.71","1.45","4.84","1.14","2.50","1.58"
"69447","08-05-17 16:00","Russia","Premier League","2016/2017","FK Anzi Makhackala","Lokomotiv Moscow","2.74","3.00","3.12","1.04","8.40","1.39","2.95","2.46","1.63","4.32","1.21","8.30","1.04","1.99","1.90"
"69448","08-05-17 13:30","Russia","Premier League","2016/2017","Ural","Krylya Sovetov","2.70","2.92","3.28","1.06","7.60","1.42","2.83","2.69","1.54","4.74","1.18","9.10","1.03","2.16","1.77"
"69449","07-05-17 18:00","Russia","Premier League","2016/2017","Zenit","Akhmat Grozny","1.41","5.20","8.80","1.01","11.50","1.26","3.78","1.97","1.95","3.08","1.37","5.60","1.11","2.36","1.65"
"69450","07-05-17 15:30","Russia","Premier League","2016/2017","Rubin Kazan","Ufa","2.07","3.10","4.70","1.09","7.10","1.66","2.39","3.32","1.32","5.90","1.10","","","2.46","1.60"
"69451","07-05-17 13:00","Russia","Premier League","2016/2017","Orenburg","Krasnodar","3.72","3.20","2.26","1.05","8.20","1.43","2.78","2.50","1.61","4.30","1.21","8.10","1.05","2.10","1.81"
"69452","06-05-17 18:00","Russia","Premier League","2016/2017","Spartak Moscow","Tomsk","1.06","23.00","22.00","","","","","1.25","3.86","1.76","2.16","2.56","1.50","3.30","1.37"
"69453","06-05-17 15:30","Russia","Premier League","2016/2017","Arsenal Tula","FK Rostov","4.70","3.30","1.99","1.08","6.70","1.65","2.21","3.22","1.42","5.30","1.15","","","2.61","1.54"
"69454","06-05-17 13:00","Russia","Premier League","2016/2017","Amkar","CSKA Moscow","6.25","3.80","1.67","1.06","7.00","1.48","2.61","2.70","1.55","4.74","1.18","9.00","1.03","2.48","1.59"
"69455","01-05-17 17:00","Russia","Premier League","2016/2017","Krasnodar","FK Anzi Makhackala","1.40","5.10","9.30","","","1.22","4.14","1.85","2.08","2.82","1.42","5.10","1.13","2.14","1.77"
"69456","01-05-17 14:30","Russia","Premier League","2016/2017","Krylya Sovetov","Orenburg","2.46","2.98","3.64","1.09","7.30","1.65","2.41","3.10","1.36","5.10","1.13","","","2.33","1.66"
"69457","01-05-17 12:00","Russia","Premier League","2016/2017","Tomsk","Zenit","25.00","10.50","1.11","","","1.09","6.80","1.37","3.08","2.02","1.85","3.16","1.35","2.42","1.62"
"69458","30-04-17 18:30","Russia","Premier League","2016/2017","FK Rostov","Amkar","1.57","3.80","8.50","1.07","6.90","1.48","2.63","2.90","1.48","5.50","1.14","11.50","1.01","2.95","1.45"
"69459","30-04-17 16:00","Russia","Premier League","2016/2017","CSKA Moscow","Spartak Moscow","2.12","3.58","3.76","","","1.23","4.10","2.05","1.88","3.32","1.32","6.10","1.09","1.79","2.12"
"69460","30-04-17 13:30","Russia","Premier League","2016/2017","Ufa","Arsenal Tula","2.32","2.95","3.98","1.12","6.10","1.70","2.31","2.99","1.38","5.80","1.10","","","2.45","1.61"
"69461","29-04-17 18:00","Russia","Premier League","2016/2017","Akhmat Grozny","Ural","1.38","5.00","10.00","1.05","8.90","1.35","3.14","2.17","1.77","3.44","1.30","6.80","1.09","2.69","1.52"
"69462","29-04-17 15:30","Russia","Premier League","2016/2017","Lokomotiv Moscow","Rubin Kazan","2.00","3.24","4.70","1.05","7.80","1.40","2.91","2.53","1.60","4.20","1.22","8.10","1.05","2.18","1.75"
"69463","27-04-17 18:30","Russia","Premier League","2016/2017","FK Anzi Makhackala","Tomsk","1.17","8.90","14.00","","","1.21","4.30","1.73","2.18","2.55","1.50","4.24","1.20","2.84","1.48"
"69464","27-04-17 16:00","Russia","Premier League","2016/2017","Amkar","Krasnodar","4.14","3.18","2.17","1.05","7.80","1.46","2.68","2.73","1.53","4.94","1.17","9.50","1.03","2.25","1.70"
"69465","26-04-17 18:30","Russia","Premier League","2016/2017","Arsenal Tula","Krylya Sovetov","2.53","3.02","3.44","1.06","7.70","1.49","2.60","2.74","1.54","4.60","1.19","8.70","1.03","2.20","1.72"
"69466","26-04-17 18:30","Russia","Premier League","2016/2017","CSKA Moscow","Lokomotiv Moscow","1.86","3.44","5.20","1.04","8.30","1.44","2.75","2.68","1.56","4.44","1.20","8.60","1.04","2.24","1.71"
"69467","26-04-17 18:30","Russia","Premier League","2016/2017","Rubin Kazan","Akhmat Grozny","2.18","3.13","4.12","1.06","7.00","1.53","2.47","2.84","1.51","4.90","1.17","9.10","1.03","2.30","1.67"
"69468","26-04-17 16:00","Russia","Premier League","2016/2017","Orenburg","Zenit","6.95","3.94","1.60","1.03","9.10","1.37","3.08","2.34","1.70","3.68","1.27","7.30","1.06","2.30","1.68"
"69469","25-04-17 18:30","Russia","Premier League","2016/2017","FK Rostov","Ufa","1.53","3.82","9.90","1.10","7.00","1.59","2.55","2.88","1.41","5.60","1.11","","","3.05","1.43"
"69470","25-04-17 18:30","Russia","Premier League","2016/2017","Spartak Moscow","Ural","1.29","6.50","11.50","1.01","12.50","1.20","4.44","1.75","2.23","2.63","1.48","4.54","1.16","2.47","1.60"
"69471","23-04-17 16:00","Russia","Premier League","2016/2017","Krasnodar","Arsenal Tula","1.36","5.15","11.00","1.01","11.00","1.26","3.80","1.98","1.96","3.04","1.37","5.60","1.11","2.46","1.60"
"69472","23-04-17 13:30","Russia","Premier League","2016/2017","Krylya Sovetov","Rubin Kazan","2.83","3.18","2.85","1.03","9.60","1.31","3.38","2.31","1.72","3.78","1.26","7.30","1.06","1.97","1.91"
"69473","23-04-17 11:00","Russia","Premier League","2016/2017","Tomsk","Orenburg","6.45","4.34","1.53","1.04","9.60","1.45","2.73","2.45","1.61","4.60","1.19","8.90","1.05","2.86","1.47"
"69474","22-04-17 18:00","Russia","Premier League","2016/2017","Akhmat Grozny","FK Anzi Makhackala","2.14","3.04","4.42","1.08","6.60","1.44","2.75","2.65","1.57","4.30","1.21","8.20","1.05","2.18","1.75"
"69475","22-04-17 15:30","Russia","Premier League","2016/2017","FK Rostov","Spartak Moscow","2.90","3.04","2.90","1.08","6.40","1.44","2.75","2.62","1.58","4.20","1.22","8.00","1.05","2.07","1.83"
"69476","22-04-17 15:30","Russia","Premier League","2016/2017","Lokomotiv Moscow","Amkar","1.40","4.84","10.50","1.04","8.50","1.43","2.79","2.65","1.57","4.90","1.17","9.30","1.03","3.24","1.38"
"69477","22-04-17 13:00","Russia","Premier League","2016/2017","Zenit","Ural","1.28","6.70","12.00","","","1.18","4.80","1.70","2.34","2.65","1.47","4.40","1.17","2.35","1.66"
"69478","21-04-17 16:00","Russia","Premier League","2016/2017","Ufa","CSKA Moscow","6.15","3.56","1.74","1.08","6.60","1.53","2.48","3.04","1.46","5.70","1.14","","","2.58","1.55"
"69479","16-04-17 19:00","Russia","Premier League","2016/2017","Spartak Moscow","Zenit","2.45","3.50","3.09","","","1.17","4.90","1.72","2.31","2.71","1.45","4.70","1.15","1.57","2.54"
"69480","16-04-17 16:30","Russia","Premier League","2016/2017","Arsenal Tula","Lokomotiv Moscow","4.46","3.10","2.10","1.08","6.40","1.55","2.42","2.92","1.49","5.30","1.15","10.00","1.02","2.38","1.64"
"69481","16-04-17 14:00","Russia","Premier League","2016/2017","Ural","Tomsk","1.17","8.20","21.00","","","1.18","4.74","1.72","2.23","2.65","1.47","4.80","1.16","3.01","1.43"
"69482","16-04-17 11:30","Russia","Premier League","2016/2017","Orenburg","Akhmat Grozny","2.73","2.90","3.26","1.12","6.20","1.64","2.47","2.96","1.39","5.60","1.11","","","2.43","1.62"
"69483","15-04-17 18:30","Russia","Premier League","2016/2017","Rubin Kazan","Krasnodar","3.30","3.28","2.42","1.05","7.90","1.40","2.90","2.41","1.65","4.10","1.23","7.60","1.06","2.01","1.88"
"69484","15-04-17 16:00","Russia","Premier League","2016/2017","FK Anzi Makhackala","Krylya Sovetov","2.15","3.22","4.14","1.08","8.00","1.52","2.76","2.31","1.60","4.60","1.16","8.40","1.02","2.19","1.74"
"69485","15-04-17 13:30","Russia","Premier League","2016/2017","CSKA Moscow","FK Rostov","2.04","3.18","4.62","1.09","6.30","1.56","2.40","2.90","1.48","5.30","1.15","9.90","1.02","2.27","1.70"
"69486","15-04-17 11:00","Russia","Premier League","2016/2017","Amkar","Ufa","2.10","2.98","4.84","1.12","6.20","1.73","2.29","3.15","1.35","5.80","1.10","","","2.66","1.53"
"69487","10-04-17 16:30","Russia","Premier League","2016/2017","Ural","Orenburg","2.42","2.88","3.90","1.13","6.00","1.61","2.54","2.90","1.40","5.50","1.11","9.70","1.05","2.34","1.66"
"69488","10-04-17 14:00","Russia","Premier League","2016/2017","Tomsk","Rubin Kazan","10.00","5.15","1.35","1.04","9.20","1.38","3.00","2.16","1.76","3.62","1.28","7.00","1.08","3.02","1.43"
"69489","09-04-17 18:00","Russia","Premier League","2016/2017","Lokomotiv Moscow","FK Rostov","2.38","3.02","3.68","1.09","6.30","1.56","2.40","2.95","1.48","5.30","1.15","11.50","1.01","2.43","1.62"
"69490","09-04-17 15:30","Russia","Premier League","2016/2017","Krasnodar","CSKA Moscow","2.29","3.14","3.80","1.03","9.30","1.34","3.20","2.34","1.70","3.96","1.24","7.60","1.06","1.98","1.90"
"69491","09-04-17 13:00","Russia","Premier League","2016/2017","Ufa","Spartak Moscow","5.30","3.52","1.82","1.06","7.50","1.42","2.82","2.62","1.58","4.44","1.20","8.40","1.04","2.22","1.73"
"69492","08-04-17 18:00","Russia","Premier League","2016/2017","Zenit","FK Anzi Makhackala","1.19","9.30","14.50","","","1.16","5.10","1.64","2.44","2.21","1.65","3.64","1.24","2.64","1.54"
"69493","08-04-17 15:30","Russia","Premier League","2016/2017","Akhmat Grozny","Arsenal Tula","2.06","3.24","4.48","1.09","6.30","1.60","2.31","3.13","1.43","6.20","1.12","","","2.46","1.60"
"69494","08-04-17 13:00","Russia","Premier League","2016/2017","Krylya Sovetov","Amkar","2.56","2.94","3.48","1.07","6.80","1.63","2.25","3.30","1.40","6.40","1.11","","","2.50","1.57"
"69495","03-04-17 18:30","Russia","Premier League","2016/2017","FK Rostov","Krasnodar","2.53","3.01","3.46","1.04","8.30","1.38","3.00","2.58","1.58","4.30","1.21","7.80","1.05","2.11","1.79"
"69496","03-04-17 18:30","Russia","Premier League","2016/2017","Spartak Moscow","Orenburg","1.38","5.10","11.00","1.02","10.50","1.29","3.52","2.18","1.80","3.60","1.28","6.80","1.07","2.52","1.58"
"69497","02-04-17 15:30","Russia","Premier League","2016/2017","CSKA Moscow","Krylya Sovetov","1.36","4.94","12.50","1.02","10.00","1.30","3.48","2.13","1.83","3.70","1.27","7.10","1.06","2.60","1.54"
"69498","02-04-17 13:00","Russia","Premier League","2016/2017","Rubin Kazan","Zenit","4.78","3.50","1.91","1.03","9.20","1.37","3.08","2.34","1.70","4.10","1.23","7.80","1.05","2.09","1.81"
"69499","02-04-17 12:30","Russia","Premier League","2016/2017","Amkar","Akhmat Grozny","2.66","2.88","3.42","1.15","5.30","1.78","2.21","3.24","1.33","6.30","1.09","","","2.61","1.54"
"69500","01-04-17 16:30","Russia","Premier League","2016/2017","Arsenal Tula","Tomsk","1.26","6.60","11.00","1.01","12.50","1.33","3.24","2.05","1.84","3.44","1.30","6.10","1.11","2.80","1.49"
"69501","01-04-17 14:00","Russia","Premier League","2016/2017","Ufa","Lokomotiv Moscow","3.60","2.96","2.46","1.13","5.80","1.72","2.31","2.99","1.38","5.80","1.10","","","2.56","1.56"
"69502","31-03-17 18:30","Russia","Premier League","2016/2017","FK Anzi Makhackala","Ural","2.17","3.00","4.46","1.10","7.00","1.67","2.41","2.83","1.42","5.50","1.11","8.90","1.01","2.46","1.61"
"69503","19-03-17 17:30","Russia","Premier League","2016/2017","Zenit","Arsenal Tula","1.23","6.80","17.00","1.05","10.00","1.18","4.74","1.71","2.33","2.58","1.49","4.30","1.18","2.42","1.62"
"69504","19-03-17 14:30","Russia","Premier League","2016/2017","Akhmat Grozny","CSKA Moscow","3.44","3.08","2.46","1.10","6.00","1.56","2.40","3.04","1.46","5.80","1.13","","","2.31","1.65"
"69505","19-03-17 14:30","Russia","Premier League","2016/2017","Krasnodar","Ufa","1.69","3.70","6.40","1.05","8.20","1.41","2.88","2.50","1.63","4.60","1.19","8.70","1.03","2.29","1.69"
"69506","19-03-17 12:00","Russia","Premier League","2016/2017","Krylya Sovetov","FK Rostov","3.42","2.99","2.56","1.09","7.10","1.66","2.39","3.40","1.38","5.70","1.11","9.00","1.01","2.31","1.65"
"69507","18-03-17 14:30","Russia","Premier League","2016/2017","Lokomotiv Moscow","Spartak Moscow","2.93","3.28","2.69","1.01","11.00","1.31","3.38","2.19","1.79","3.68","1.27","7.10","1.06","1.89","1.99"
"69508","18-03-17 12:00","Russia","Premier League","2016/2017","Ural","Rubin Kazan","3.38","2.95","2.58","1.10","5.80","1.57","2.38","3.05","1.45","5.90","1.13","","","2.35","1.65"
"69509","18-03-17 09:30","Russia","Premier League","2016/2017","Tomsk","Amkar","13.00","6.85","1.24","1.06","9.40","1.25","3.88","1.77","2.17","2.71","1.45","4.74","1.17","2.65","1.51"
"69510","17-03-17 17:00","Russia","Premier League","2016/2017","FK Anzi Makhackala","Orenburg","2.68","2.92","3.40","1.06","7.00","1.63","2.25","3.14","1.44","6.10","1.12","","","2.40","1.63"
"69511","13-03-17 17:30","Russia","Premier League","2016/2017","Lokomotiv Moscow","Krasnodar","2.14","3.28","4.06","1.05","8.00","1.45","2.73","2.62","1.58","4.80","1.18","9.10","1.03","2.18","1.74"
"69512","12-03-17 17:00","Russia","Premier League","2016/2017","FK Rostov","Akhmat Grozny","2.49","3.03","3.52","1.09","6.10","1.54","2.44","2.90","1.48","5.30","1.15","10.50","1.02","2.29","1.69"
"69513","12-03-17 14:30","Russia","Premier League","2016/2017","Spartak Moscow","FK Anzi Makhackala","1.36","5.30","11.00","1.01","11.00","1.25","3.86","1.97","1.97","3.32","1.32","6.30","1.09","2.43","1.60"
"69514","12-03-17 09:30","Russia","Premier League","2016/2017","Amkar","Zenit","5.20","3.28","1.93","1.05","7.80","1.40","2.91","2.48","1.62","4.44","1.20","8.60","1.04","2.23","1.71"
"69515","11-03-17 14:30","Russia","Premier League","2016/2017","Rubin Kazan","Orenburg","1.99","3.20","4.98","1.07","6.80","1.50","2.55","2.84","1.51","5.30","1.15","11.50","1.01","2.46","1.60"
"69516","11-03-17 12:00","Russia","Premier League","2016/2017","CSKA Moscow","Tomsk","1.01","47.00","64.00","1.05","10.00","1.24","4.10","1.09","6.50","1.31","3.40","1.85","2.04","3.94","1.29"
"69517","11-03-17 09:30","Russia","Premier League","2016/2017","Ufa","Krylya Sovetov","2.20","3.20","4.04","1.10","6.90","1.63","2.49","2.88","1.41","4.90","1.14","9.30","1.01","2.46","1.60"
"69518","10-03-17 17:00","Russia","Premier League","2016/2017","Arsenal Tula","Ural","2.41","3.13","3.54","1.06","7.30","1.69","2.14","3.06","1.44","6.00","1.13","","","2.49","1.59"
"69519","06-03-17 17:30","Russia","Premier League","2016/2017","FK Anzi Makhackala","Rubin Kazan","3.70","3.30","2.23","1.08","6.40","1.50","2.55","2.62","1.58","4.44","1.20","8.30","1.04","2.21","1.74"
"69520","05-03-17 17:00","Russia","Premier League","2016/2017","Akhmat Grozny","Ufa","1.85","3.34","5.60","1.09","6.10","1.52","2.50","2.92","1.49","5.50","1.14","11.50","1.01","2.46","1.60"
"69521","05-03-17 14:30","Russia","Premier League","2016/2017","Krasnodar","Spartak Moscow","2.49","3.52","3.01","","","1.30","3.46","2.07","1.88","3.32","1.32","5.80","1.10","1.82","2.08"
"69522","05-03-17 12:00","Russia","Premier League","2016/2017","Krylya Sovetov","Lokomotiv Moscow","4.42","3.24","2.07","1.08","6.70","1.54","2.44","2.95","1.48","5.70","1.14","","","2.37","1.65"
"69523","05-03-17 09:30","Russia","Premier League","2016/2017","Ural","Amkar","2.82","2.90","3.14","1.11","6.50","1.76","2.24","3.00","1.38","5.80","1.10","8.40","1.02","2.53","1.57"
"69524","04-03-17 14:30","Russia","Premier League","2016/2017","CSKA Moscow","Zenit","2.93","3.19","2.75","","","1.30","3.46","2.16","1.81","3.70","1.27","6.70","1.08","1.87","2.02"
"69525","04-03-17 12:00","Russia","Premier League","2016/2017","Orenburg","Arsenal Tula","2.15","2.96","4.56","1.14","4.90","1.63","2.25","3.32","1.40","6.50","1.11","","","2.58","1.55"
"69526","03-03-17 17:00","Russia","Premier League","2016/2017","Tomsk","FK Rostov","22.00","10.50","1.14","1.05","10.00","1.18","4.50","1.63","2.45","2.41","1.53","3.94","1.19","3.34","1.37"
"69527","05-12-16 17:30","Russia","Premier League","2016/2017","Arsenal Tula","FK Anzi Makhackala","2.98","3.02","2.86","1.07","6.80","1.70","2.34","3.26","1.40","6.40","1.11","","","2.32","1.61"
"69528","05-12-16 17:30","Russia","Premier League","2016/2017","Spartak Moscow","Rubin Kazan","1.66","3.78","6.75","1.03","8.70","1.33","3.26","2.24","1.76","3.88","1.25","7.50","1.06","1.90","1.90"
"69529","05-12-16 17:00","Russia","Premier League","2016/2017","Krasnodar","Krylya Sovetov","1.59","4.10","6.85","1.01","11.50","1.24","3.96","1.98","1.96","3.08","1.37","5.80","1.10","1.89","1.91"
"69530","05-12-16 12:00","Russia","Premier League","2016/2017","Amkar","Orenburg","2.01","3.02","5.35","1.13","6.00","1.88","2.07","4.14","1.22","6.90","1.07","","","2.63","1.45"
"69531","05-12-16 11:00","Russia","Premier League","2016/2017","Ufa","Tomsk","1.61","3.64","8.30","1.10","5.80","1.58","2.35","3.13","1.43","6.30","1.11","","","2.75","1.40"
"69532","04-12-16 14:00","Russia","Premier League","2016/2017","Lokomotiv Moscow","Akhmat Grozny","2.18","3.05","4.32","1.06","7.20","1.47","2.64","2.78","1.53","5.10","1.16","9.80","1.02","2.12","1.72"
"69533","03-12-16 17:00","Russia","Premier League","2016/2017","FK Rostov","Zenit","3.46","3.24","2.38","1.03","9.50","1.33","3.26","2.21","1.78","3.52","1.29","6.60","1.08","1.73","2.11"
"69534","03-12-16 12:00","Russia","Premier League","2016/2017","CSKA Moscow","Ural","1.53","4.34","7.60","1.03","8.70","1.35","3.14","2.31","1.72","4.14","1.22","7.90","1.05","2.25","1.56"
"69535","01-12-16 18:30","Russia","Premier League","2016/2017","FK Anzi Makhackala","Amkar","2.89","2.81","3.20","1.09","6.30","1.64","2.24","3.22","1.41","5.80","1.13","","","2.28","1.63"
"69536","01-12-16 17:30","Russia","Premier League","2016/2017","Tomsk","Lokomotiv Moscow","11.00","4.90","1.38","1.05","7.80","1.37","3.04","2.33","1.71","4.20","1.22","8.00","1.05","2.83","1.43"
"69537","01-12-16 16:00","Russia","Premier League","2016/2017","Akhmat Grozny","Krasnodar","3.64","3.02","2.44","1.04","8.40","1.41","2.86","2.55","1.59","4.60","1.19","8.70","1.03","1.81","2.00"
"69538","01-12-16 16:00","Russia","Premier League","2016/2017","Krylya Sovetov","Spartak Moscow","4.94","3.38","1.93","1.06","7.00","1.45","2.74","2.60","1.57","4.80","1.18","9.10","1.03","2.10","1.68"
"69539","30-11-16 17:30","Russia","Premier League","2016/2017","CSKA Moscow","Orenburg","1.64","3.66","7.40","1.06","7.20","1.47","2.66","2.73","1.53","5.20","1.16","10.00","1.02","2.43","1.56"
"69540","30-11-16 17:30","Russia","Premier League","2016/2017","Zenit","Ufa","1.36","4.94","13.00","1.01","11.00","1.27","3.70","2.11","1.83","3.58","1.29","6.90","1.07","2.28","1.63"
"69541","30-11-16 17:00","Russia","Premier League","2016/2017","Rubin Kazan","Arsenal Tula","1.57","3.92","7.80","1.05","7.80","1.37","3.04","2.35","1.68","4.24","1.22","8.10","1.05","2.20","1.59"
"69542","30-11-16 15:00","Russia","Premier League","2016/2017","Ural","FK Rostov","1.83","3.74","4.96","1.08","7.90","1.65","2.41","3.54","1.29","5.30","1.12","","","2.24","1.65"
"69543","27-11-16 17:00","Russia","Premier League","2016/2017","Krasnodar","Zenit","3.22","3.28","2.46","1.02","9.90","1.27","3.70","1.98","1.96","3.14","1.35","5.80","1.10","1.66","2.22"
"69544","27-11-16 14:30","Russia","Premier League","2016/2017","FK Rostov","FK Anzi Makhackala","1.78","3.44","6.05","1.05","7.80","1.50","2.55","2.83","1.50","5.50","1.14","11.50","1.01","2.20","1.64"
"69545","27-11-16 12:00","Russia","Premier League","2016/2017","Krylya Sovetov","Tomsk","1.77","3.48","6.05","1.05","8.00","1.49","2.58","2.86","1.49","5.50","1.14","11.50","1.01","2.38","1.56"
"69546","26-11-16 16:00","Russia","Premier League","2016/2017","Akhmat Grozny","Spartak Moscow","3.26","3.16","2.56","1.02","10.00","1.34","3.20","2.22","1.77","3.58","1.29","6.80","1.07","1.78","2.04"
"69547","26-11-16 15:00","Russia","Premier League","2016/2017","Lokomotiv Moscow","Ural","1.54","4.02","8.30","1.06","7.30","1.43","2.79","2.55","1.59","4.74","1.18","9.10","1.03","2.50","1.50"
"69548","26-11-16 12:00","Russia","Premier League","2016/2017","CSKA Moscow","Rubin Kazan","1.74","3.60","6.05","1.03","9.40","1.42","2.83","2.53","1.60","4.64","1.19","8.90","1.03","2.20","1.67"
"69549","26-11-16 09:30","Russia","Premier League","2016/2017","Amkar","Arsenal Tula","1.82","3.22","6.15","1.11","5.60","1.59","2.34","3.16","1.42","6.30","1.11","","","2.59","1.50"
"69550","25-11-16 15:00","Russia","Premier League","2016/2017","Ufa","Orenburg","2.52","2.77","3.86","1.15","5.30","1.81","2.16","3.34","1.29","6.90","1.07","11.50","1.01","2.63","1.49"
"69551","21-11-16 17:00","Russia","Premier League","2016/2017","Akhmat Grozny","Tomsk","1.33","5.20","13.50","1.03","9.30","1.33","3.30","2.21","1.78","3.96","1.24","7.50","1.06","2.50","1.45"
"69552","20-11-16 17:30","Russia","Premier League","2016/2017","Zenit","Krylya Sovetov","1.30","6.55","11.00","1.05","9.60","1.17","5.00","1.67","2.44","2.52","1.51","3.92","1.21","1.92","1.88"
"69553","20-11-16 15:00","Russia","Premier League","2016/2017","Spartak Moscow","Amkar","1.57","3.96","7.80","1.06","7.30","1.41","2.86","2.51","1.62","4.64","1.19","8.90","1.03","2.45","1.55"
"69554","20-11-16 12:30","Russia","Premier League","2016/2017","Krasnodar","Ural","1.45","4.66","9.10","1.04","8.60","1.28","3.64","2.03","1.91","3.44","1.30","6.40","1.08","2.19","1.68"
"69555","19-11-16 15:00","Russia","Premier League","2016/2017","FK Anzi Makhackala","Ufa","2.14","3.10","4.42","1.06","7.00","1.53","2.48","2.92","1.49","5.00","1.17","9.50","1.03","2.26","1.64"
"69556","19-11-16 12:30","Russia","Premier League","2016/2017","Orenburg","Lokomotiv Moscow","3.50","2.90","2.58","1.10","5.80","1.65","2.21","3.38","1.39","6.70","1.10","","","2.24","1.65"
"69557","18-11-16 17:30","Russia","Premier League","2016/2017","Rubin Kazan","FK Rostov","2.24","3.14","3.98","1.05","8.00","1.42","2.82","2.55","1.59","4.60","1.19","8.80","1.03","2.00","1.81"
"69558","18-11-16 17:00","Russia","Premier League","2016/2017","Arsenal Tula","CSKA Moscow","6.75","3.60","1.68","1.06","7.30","1.40","2.92","2.46","1.63","4.44","1.20","8.60","1.04","2.25","1.64"
"69559","06-11-16 17:30","Russia","Premier League","2016/2017","Krasnodar","Orenburg","1.56","3.98","7.80","1.06","7.50","1.39","2.97","2.41","1.65","4.44","1.20","8.40","1.04","2.20","1.57"
"69560","06-11-16 17:00","Russia","Premier League","2016/2017","CSKA Moscow","Amkar","1.65","3.58","7.50","1.05","8.10","1.48","2.61","2.79","1.51","5.30","1.15","11.50","1.01","2.38","1.55"
"69561","06-11-16 15:00","Russia","Premier League","2016/2017","Akhmat Grozny","Zenit","5.15","3.78","1.81","1.01","11.00","1.27","3.70","2.09","1.86","3.38","1.31","6.30","1.09","1.85","1.95"
"69562","06-11-16 15:00","Russia","Premier League","2016/2017","FK Rostov","Arsenal Tula","1.63","3.68","7.60","1.05","8.20","1.39","2.95","2.49","1.63","4.50","1.20","8.70","1.03","2.26","1.64"
"69563","05-11-16 16:30","Russia","Premier League","2016/2017","Lokomotiv Moscow","FK Anzi Makhackala","1.76","3.58","5.90","1.09","6.30","1.48","2.61","2.73","1.54","4.74","1.18","9.80","1.02","2.43","1.56"
"69564","05-11-16 14:00","Russia","Premier League","2016/2017","Krylya Sovetov","Ural","2.40","2.93","3.84","1.07","6.80","1.53","2.46","3.00","1.47","5.70","1.14","","","2.12","1.72"
"69565","05-11-16 11:30","Russia","Premier League","2016/2017","Ufa","Rubin Kazan","3.34","2.79","2.78","1.10","6.00","1.60","2.32","3.08","1.45","6.20","1.12","13.00","1.06","2.10","1.63"
"69566","05-11-16 09:00","Russia","Premier League","2016/2017","Tomsk","Spartak Moscow","5.60","3.62","1.78","1.05","7.80","1.37","3.08","2.33","1.71","4.10","1.23","7.80","1.05","2.05","1.77"
"69567","31-10-16 17:30","Russia","Premier League","2016/2017","Rubin Kazan","Lokomotiv Moscow","2.83","2.98","3.06","1.07","6.80","1.42","2.82","2.51","1.62","4.44","1.20","8.50","1.04","1.92","1.88"
"69568","31-10-16 15:00","Russia","Premier League","2016/2017","Orenburg","Krylya Sovetov","2.47","2.90","3.76","1.12","6.20","1.67","2.38","3.34","1.40","6.00","1.10","11.50","1.05","2.36","1.59"
"69569","30-10-16 17:30","Russia","Premier League","2016/2017","FK Anzi Makhackala","Krasnodar","3.40","3.16","2.44","1.05","7.80","1.39","2.96","2.43","1.66","4.30","1.21","8.10","1.05","1.85","1.95"
"69570","30-10-16 15:00","Russia","Premier League","2016/2017","Zenit","Tomsk","1.19","8.20","18.00","1.04","11.50","1.14","5.60","1.53","2.78","2.07","1.74","3.42","1.27","2.22","1.66"
"69571","30-10-16 12:30","Russia","Premier League","2016/2017","Arsenal Tula","Ufa","2.79","2.77","3.38","1.12","5.30","1.64","2.23","3.38","1.39","6.70","1.10","","","2.25","1.58"
"69572","30-10-16 10:00","Russia","Premier League","2016/2017","Ural","Akhmat Grozny","4.00","3.15","2.20","1.06","6.40","1.53","2.36","2.90","1.45","5.50","1.12","","","2.20","1.62"
"69573","29-10-16 17:00","Russia","Premier League","2016/2017","Spartak Moscow","CSKA Moscow","2.38","3.09","3.66","1.03","9.70","1.32","3.32","2.26","1.75","3.58","1.29","6.80","1.07","1.82","1.99"
"69574","29-10-16 14:30","Russia","Premier League","2016/2017","Amkar","FK Rostov","2.24","2.96","4.28","1.10","5.80","1.70","2.34","3.32","1.39","6.50","1.11","13.50","1.04","2.45","1.55"
"69575","24-10-16 18:30","Russia","Premier League","2016/2017","Zenit","Orenburg","1.24","6.65","17.00","1.04","11.00","1.15","5.30","1.59","2.59","2.38","1.57","4.20","1.19","2.10","1.65"
"69576","23-10-16 18:00","Russia","Premier League","2016/2017","Krasnodar","Amkar","1.73","3.58","6.30","1.04","8.50","1.38","2.99","2.43","1.66","4.32","1.21","8.30","1.04","2.10","1.71"
"69577","23-10-16 15:30","Russia","Premier League","2016/2017","Lokomotiv Moscow","CSKA Moscow","3.06","3.08","2.73","1.05","8.10","1.45","2.71","2.65","1.57","4.90","1.17","9.20","1.03","2.05","1.77"
"69578","22-10-16 18:30","Russia","Premier League","2016/2017","Akhmat Grozny","Rubin Kazan","2.81","2.88","3.20","1.05","8.20","1.37","3.08","2.36","1.69","4.00","1.24","7.80","1.05","1.78","2.04"
"69579","22-10-16 16:00","Russia","Premier League","2016/2017","Ural","Spartak Moscow","4.72","3.26","2.01","1.05","7.80","1.37","3.05","2.36","1.69","4.14","1.22","7.90","1.05","1.98","1.83"
"69580","22-10-16 13:30","Russia","Premier League","2016/2017","Ufa","FK Rostov","3.06","2.86","2.93","1.10","5.90","1.62","2.27","3.26","1.41","6.40","1.11","13.00","1.05","2.36","1.59"
"69581","22-10-16 11:00","Russia","Premier League","2016/2017","Tomsk","FK Anzi Makhackala","2.54","3.08","3.34","1.06","7.00","1.51","2.53","2.85","1.51","5.30","1.15","11.50","1.01","2.06","1.76"
"69582","21-10-16 17:00","Russia","Premier League","2016/2017","Krylya Sovetov","Arsenal Tula","2.12","3.06","4.46","1.10","5.80","1.52","2.50","2.90","1.48","5.50","1.14","11.50","1.01","2.20","1.64"
"69583","17-10-16 18:30","Russia","Premier League","2016/2017","FK Anzi Makhackala","Akhmat Grozny","3.00","2.95","2.92","1.09","6.10","1.45","2.71","2.62","1.58","4.74","1.18","9.00","1.03","1.95","1.85"
"69584","16-10-16 18:00","Russia","Premier League","2016/2017","Arsenal Tula","Krasnodar","4.92","3.52","1.89","1.04","8.60","1.33","3.28","2.21","1.78","3.80","1.26","7.30","1.06","2.00","1.81"
"69585","16-10-16 15:30","Russia","Premier League","2016/2017","Orenburg","Tomsk","2.24","3.02","4.16","1.08","6.60","1.69","2.15","3.32","1.40","6.10","1.12","11.00","1.01","2.50","1.53"
"69586","16-10-16 13:00","Russia","Premier League","2016/2017","Ural","Zenit","8.90","4.92","1.43","1.06","9.20","1.20","4.44","1.78","2.21","2.65","1.47","4.30","1.18","1.85","1.95"
"69587","15-10-16 18:30","Russia","Premier League","2016/2017","Spartak Moscow","FK Rostov","1.97","3.74","4.12","1.08","13.00","1.29","3.52","2.01","1.93","3.14","1.35","5.70","1.11","1.74","2.09"
"69588","15-10-16 16:00","Russia","Premier League","2016/2017","Rubin Kazan","Krylya Sovetov","1.73","3.58","6.40","1.06","7.30","1.41","2.88","2.51","1.62","4.60","1.19","8.70","1.03","2.10","1.66"
"69589","15-10-16 13:30","Russia","Premier League","2016/2017","Amkar","Lokomotiv Moscow","3.38","2.82","2.72","1.10","5.90","1.62","2.27","3.26","1.41","6.40","1.11","13.00","1.06","2.34","1.60"
"69590","14-10-16 18:30","Russia","Premier League","2016/2017","CSKA Moscow","Ufa","1.59","4.30","6.35","1.04","8.60","1.41","2.88","2.39","1.68","4.34","1.21","8.10","1.05","2.38","1.56"
"69591","02-10-16 18:00","Russia","Premier League","2016/2017","FK Rostov","CSKA Moscow","3.30","2.96","2.62","1.06","7.30","1.41","2.86","2.54","1.61","4.50","1.20","8.60","1.04","1.90","1.90"
"69592","02-10-16 18:00","Russia","Premier League","2016/2017","Krasnodar","Rubin Kazan","1.92","3.62","4.54","1.03","9.10","1.25","3.88","1.96","1.98","3.18","1.35","5.90","1.10","1.67","2.20"
"69593","02-10-16 15:30","Russia","Premier League","2016/2017","Zenit","Spartak Moscow","1.70","4.20","5.30","1.05","10.50","1.15","5.30","1.62","2.51","2.25","1.63","3.64","1.24","1.52","2.53"
"69594","02-10-16 13:00","Russia","Premier League","2016/2017","Ufa","Amkar","3.04","2.78","3.03","1.10","5.90","1.66","2.19","3.52","1.37","6.90","1.10","14.00","1.04","2.43","1.56"
"69595","01-10-16 18:30","Russia","Premier League","2016/2017","Akhmat Grozny","Orenburg","1.93","3.09","5.75","1.12","6.20","1.66","2.38","3.34","1.40","6.00","1.10","12.00","1.05","2.50","1.50"
"69596","01-10-16 16:00","Russia","Premier League","2016/2017","Lokomotiv Moscow","Arsenal Tula","1.47","4.24","9.40","1.06","7.30","1.37","3.08","2.33","1.71","4.20","1.22","8.00","1.05","2.38","1.53"
"69597","01-10-16 13:30","Russia","Premier League","2016/2017","Krylya Sovetov","FK Anzi Makhackala","2.28","3.18","3.78","1.06","7.00","1.51","2.52","2.85","1.51","5.30","1.15","11.50","1.01","2.20","1.66"
"69598","01-10-16 11:00","Russia","Premier League","2016/2017","Tomsk","Ural","2.46","2.91","3.84","1.08","6.50","1.54","2.44","3.04","1.46","5.70","1.14","","","2.21","1.66"
"69599","26-09-16 18:30","Russia","Premier League","2016/2017","Rubin Kazan","Tomsk","1.65","3.76","7.00","1.05","7.80","1.35","3.16","2.31","1.72","4.10","1.23","7.80","1.05","2.14","1.71"
"69600","26-09-16 16:00","Russia","Premier League","2016/2017","Amkar","Krylya Sovetov","2.04","3.02","5.15","1.09","6.30","1.57","2.38","3.14","1.44","6.10","1.12","12.50","1.05","2.38","1.58"
"69601","25-09-16 18:30","Russia","Premier League","2016/2017","FK Anzi Makhackala","Zenit","7.90","4.76","1.47","1.02","10.50","1.24","3.98","1.91","2.03","3.14","1.35","5.80","1.10","2.05","1.77"
"69602","25-09-16 16:00","Russia","Premier League","2016/2017","Spartak Moscow","Ufa","1.38","5.10","10.50","1.08","7.70","1.24","3.96","1.91","2.03","2.79","1.43","4.84","1.14","2.15","1.70"
"69603","25-09-16 13:30","Russia","Premier League","2016/2017","Arsenal Tula","Akhmat Grozny","3.26","2.97","2.65","1.09","6.30","1.51","2.52","2.88","1.50","5.40","1.15","11.50","1.01","2.10","1.70"
"69604","25-09-16 11:00","Russia","Premier League","2016/2017","Orenburg","Ural","2.12","2.98","4.76","1.08","6.50","1.61","2.29","3.26","1.41","6.40","1.11","9.90","1.02","2.34","1.60"
"69605","24-09-16 20:30","Russia","Premier League","2016/2017","FK Rostov","Lokomotiv Moscow","2.87","2.93","3.05","1.06","7.50","1.51","2.54","2.88","1.50","5.30","1.15","11.50","1.01","1.95","1.85"
"69606","24-09-16 16:00","Russia","Premier League","2016/2017","CSKA Moscow","Krasnodar","1.85","3.60","5.15","1.01","11.50","1.32","3.34","2.19","1.79","3.78","1.26","6.40","1.08","1.80","2.01"
"69607","19-09-16 18:30","Russia","Premier League","2016/2017","Zenit","Rubin Kazan","1.51","4.34","8.30","1.06","8.90","1.19","4.60","1.71","2.33","2.38","1.57","4.04","1.20","1.72","2.12"
"69608","18-09-16 19:00","Russia","Premier League","2016/2017","Krasnodar","FK Rostov","1.85","3.68","4.90","","","1.29","3.52","2.09","1.86","3.52","1.29","6.60","1.08","1.87","1.93"
"69609","18-09-16 16:15","Russia","Premier League","2016/2017","Krylya Sovetov","CSKA Moscow","5.65","4.02","1.70","1.03","9.70","1.40","2.91","2.36","1.69","3.70","1.27","7.00","1.06","2.24","1.65"
"69610","17-09-16 18:00","Russia","Premier League","2016/2017","Akhmat Grozny","Amkar","2.11","2.97","4.86","1.12","5.30","1.58","2.35","3.18","1.43","6.10","1.12","","","2.38","1.58"
"69611","17-09-16 18:00","Russia","Premier League","2016/2017","Lokomotiv Moscow","Ufa","1.53","4.06","9.00","1.08","6.60","1.40","2.90","2.51","1.62","4.64","1.19","9.00","1.03","2.50","1.52"
"69612","17-09-16 15:30","Russia","Premier League","2016/2017","Ural","FK Anzi Makhackala","2.24","2.93","4.38","1.06","7.60","1.44","2.76","2.68","1.56","4.74","1.18","9.20","1.03","2.01","1.80"
"69613","17-09-16 13:00","Russia","Premier League","2016/2017","Tomsk","Arsenal Tula","2.09","2.99","4.82","1.09","6.10","1.46","2.69","2.73","1.53","5.00","1.17","9.60","1.03","2.11","1.73"
"69614","16-09-16 16:00","Russia","Premier League","2016/2017","Orenburg","Spartak Moscow","5.65","3.56","1.81","1.03","9.60","1.38","3.00","2.38","1.70","3.86","1.25","7.30","1.06","2.11","1.73"
"69615","12-09-16 18:30","Russia","Premier League","2016/2017","Rubin Kazan","Ural","1.76","3.56","6.00","1.06","7.40","1.46","2.68","2.68","1.56","5.00","1.17","9.50","1.03","2.36","1.59"
"69616","11-09-16 18:00","Russia","Premier League","2016/2017","Arsenal Tula","Zenit","8.80","4.62","1.46","1.04","14.00","1.27","3.70","2.01","1.93","3.38","1.31","6.30","1.09","2.10","1.63"
"69617","11-09-16 15:30","Russia","Premier League","2016/2017","Spartak Moscow","Lokomotiv Moscow","2.30","3.36","3.58","1.01","11.50","1.24","3.98","1.99","1.95","3.20","1.34","6.00","1.10","1.67","2.20"
"69618","11-09-16 13:00","Russia","Premier League","2016/2017","Ufa","Krasnodar","5.80","3.70","1.74","1.03","9.60","1.33","3.26","2.24","1.76","3.86","1.25","7.40","1.06","1.98","1.83"
"69619","10-09-16 19:30","Russia","Premier League","2016/2017","CSKA Moscow","Akhmat Grozny","1.55","4.06","8.30","1.03","8.90","1.34","3.20","2.29","1.73","4.10","1.23","7.80","1.05","2.34","1.60"
"69620","10-09-16 17:00","Russia","Premier League","2016/2017","Orenburg","FK Anzi Makhackala","2.43","2.83","4.00","1.11","5.50","1.58","2.36","3.18","1.43","6.10","1.12","","","2.28","1.63"
"69621","10-09-16 14:30","Russia","Premier League","2016/2017","Amkar","Tomsk","1.99","3.18","5.00","1.10","5.80","1.52","2.50","2.92","1.49","5.50","1.14","11.50","1.01","2.32","1.61"
"69622","09-09-16 19:00","Russia","Premier League","2016/2017","FK Rostov","Krylya Sovetov","1.82","3.42","5.70","1.05","7.90","1.46","2.68","2.69","1.54","5.00","1.17","9.70","1.03","2.24","1.65"
"69623","28-08-16 20:30","Russia","Premier League","2016/2017","FK Anzi Makhackala","Spartak Moscow","4.58","3.62","1.91","1.02","10.50","1.29","3.58","2.07","1.88","3.44","1.30","6.40","1.08","1.81","2.00"
"69624","28-08-16 18:15","Russia","Premier League","2016/2017","Akhmat Grozny","FK Rostov","2.47","3.13","3.42","1.08","6.70","1.55","2.43","2.95","1.48","5.70","1.14","","","2.25","1.64"
"69625","28-08-16 18:15","Russia","Premier League","2016/2017","Krasnodar","Lokomotiv Moscow","2.02","3.48","4.28","1.03","9.20","1.35","3.14","2.29","1.73","3.98","1.24","7.50","1.06","1.92","1.88"
"69626","28-08-16 16:00","Russia","Premier League","2016/2017","Ural","Arsenal Tula","2.05","3.18","4.64","1.07","6.90","1.50","2.56","2.85","1.51","5.30","1.15","11.50","1.01","2.24","1.65"
"69627","27-08-16 17:00","Russia","Premier League","2016/2017","Zenit","Amkar","1.38","4.72","12.50","1.03","9.20","1.32","3.32","2.24","1.76","3.90","1.25","7.50","1.06","2.50","1.52"
"69628","27-08-16 14:30","Russia","Premier League","2016/2017","Tomsk","CSKA Moscow","6.40","3.76","1.69","1.04","8.40","1.38","3.02","2.35","1.68","4.24","1.22","8.00","1.05","2.05","1.65"
"69629","27-08-16 12:00","Russia","Premier League","2016/2017","Orenburg","Rubin Kazan","3.12","3.00","2.77","1.11","5.50","1.65","2.21","3.32","1.40","6.70","1.10","","","2.38","1.55"
"69630","26-08-16 17:30","Russia","Premier League","2016/2017","Krylya Sovetov","Ufa","2.06","3.03","4.84","1.11","5.50","1.67","2.18","3.44","1.38","6.90","1.10","","","2.38","1.49"
"69631","22-08-16 18:30","Russia","Premier League","2016/2017","Arsenal Tula","Orenburg","2.71","2.90","3.28","1.10","6.00","1.61","2.29","3.22","1.42","6.30","1.11","13.00","1.02","2.21","1.66"
"69632","21-08-16 19:30","Russia","Premier League","2016/2017","Lokomotiv Moscow","Krylya Sovetov","1.60","3.78","7.80","1.05","7.80","1.41","2.88","2.51","1.62","4.60","1.19","8.80","1.03","2.38","1.58"
"69633","21-08-16 17:00","Russia","Premier League","2016/2017","Spartak Moscow","Krasnodar","2.68","3.52","2.79","","","1.21","4.34","1.80","2.18","2.78","1.43","4.94","1.14","1.53","2.50"
"69634","21-08-16 14:30","Russia","Premier League","2016/2017","Amkar","Ural","2.25","3.02","4.08","1.12","5.30","1.59","2.34","3.14","1.44","6.10","1.12","11.00","1.01","2.36","1.59"
"69635","20-08-16 20:30","Russia","Premier League","2016/2017","FK Rostov","Tomsk","2.12","3.15","4.36","1.08","6.70","1.53","2.46","2.95","1.48","5.70","1.14","","","2.25","1.62"
"69636","20-08-16 16:00","Russia","Premier League","2016/2017","Zenit","CSKA Moscow","2.43","3.24","3.36","1.05","8.00","1.37","3.04","2.36","1.69","4.14","1.22","7.80","1.05","1.89","1.91"
"69637","20-08-16 13:30","Russia","Premier League","2016/2017","Ufa","Akhmat Grozny","3.26","2.82","2.77","1.12","5.30","1.65","2.21","3.38","1.39","6.70","1.10","11.50","1.01","2.38","1.57"
"69638","19-08-16 18:30","Russia","Premier League","2016/2017","Rubin Kazan","FK Anzi Makhackala","1.70","3.72","6.30","1.06","7.70","1.41","2.86","2.49","1.63","4.60","1.19","8.70","1.03","2.30","1.62"
"69639","15-08-16 16:30","Russia","Premier League","2016/2017","Orenburg","Amkar","2.95","2.89","3.00","1.10","6.00","1.59","2.33","3.18","1.43","6.10","1.12","12.50","1.01","2.28","1.63"
"69640","14-08-16 19:30","Russia","Premier League","2016/2017","Akhmat Grozny","Lokomotiv Moscow","2.57","2.91","3.46","1.10","5.80","1.52","2.50","2.92","1.49","5.50","1.14","10.50","1.02","2.15","1.70"
"69641","14-08-16 19:00","Russia","Premier League","2016/2017","FK Anzi Makhackala","Arsenal Tula","2.37","3.06","3.70","1.06","7.20","1.50","2.55","2.85","1.51","5.30","1.15","11.50","1.01","2.10","1.70"
"69642","14-08-16 14:30","Russia","Premier League","2016/2017","Tomsk","Ufa","2.25","3.05","4.06","1.10","5.80","1.53","2.47","2.95","1.48","5.60","1.14","","","2.22","1.66"
"69643","13-08-16 19:30","Russia","Premier League","2016/2017","Rubin Kazan","Spartak Moscow","3.06","3.32","2.57","1.02","9.90","1.29","3.58","2.06","1.89","3.40","1.31","6.30","1.09","1.72","2.12"
"69644","13-08-16 17:00","Russia","Premier League","2016/2017","Krylya Sovetov","Krasnodar","7.20","3.62","1.65","1.03","9.60","1.32","3.34","2.24","1.76","3.86","1.25","7.40","1.06","2.02","1.79"
"69645","13-08-16 14:30","Russia","Premier League","2016/2017","Ural","CSKA Moscow","4.68","3.60","1.90","1.03","8.90","1.41","2.88","2.35","1.68","4.32","1.21","8.10","1.05","2.00","1.78"
"69646","12-08-16 18:30","Russia","Premier League","2016/2017","Zenit","FK Rostov","1.48","4.58","8.10","1.02","9.90","1.32","3.32","2.16","1.81","3.78","1.26","7.10","1.06","2.25","1.61"
"69647","08-08-16 18:30","Russia","Premier League","2016/2017","Krasnodar","Akhmat Grozny","1.60","3.94","7.20","1.02","9.90","1.34","3.20","2.27","1.74","3.98","1.24","7.60","1.06","2.05","1.70"
"69648","08-08-16 18:30","Russia","Premier League","2016/2017","Spartak Moscow","Krylya Sovetov","1.46","4.70","8.40","1.01","11.50","1.25","3.86","1.95","1.99","3.24","1.33","6.00","1.10","2.05","1.75"
"69649","07-08-16 20:30","Russia","Premier League","2016/2017","FK Rostov","Ural","1.87","3.26","5.75","1.07","6.90","1.51","2.54","2.88","1.50","5.50","1.14","11.50","1.01","2.15","1.70"
"69650","07-08-16 18:00","Russia","Premier League","2016/2017","Lokomotiv Moscow","Tomsk","1.46","4.24","9.70","1.05","8.20","1.43","2.78","2.57","1.60","4.80","1.18","9.10","1.03","2.38","1.45"
"69651","07-08-16 15:30","Russia","Premier League","2016/2017","Amkar","FK Anzi Makhackala","2.05","3.20","4.60","1.08","6.50","1.55","2.42","3.00","1.47","5.80","1.13","","","2.25","1.59"
"69652","07-08-16 15:00","Russia","Premier League","2016/2017","Orenburg","CSKA Moscow","5.95","3.84","1.70","1.04","8.50","1.39","2.95","2.41","1.65","4.40","1.21","8.30","1.04","2.24","1.65"
"69653","06-08-16 18:30","Russia","Premier League","2016/2017","Arsenal Tula","Rubin Kazan","3.84","3.30","2.21","1.03","8.80","1.37","3.08","2.36","1.69","4.10","1.23","7.80","1.05","1.91","1.87"
"69654","06-08-16 16:00","Russia","Premier League","2016/2017","Ufa","Zenit","8.20","4.68","1.47","1.02","9.90","1.32","3.34","2.15","1.82","3.78","1.26","7.00","1.06","2.20","1.59"
"69655","01-08-16 18:30","Russia","Premier League","2016/2017","Krasnodar","Tomsk","1.37","5.40","10.50","1.02","14.00","1.22","4.20","1.85","2.11","3.00","1.38","5.50","1.11","2.05","1.65"
"69656","01-08-16 18:30","Russia","Premier League","2016/2017","Rubin Kazan","Amkar","1.88","3.40","5.30","1.06","7.20","1.47","2.64","2.85","1.51","5.10","1.16","9.80","1.02","2.34","1.60"
"69657","31-07-16 19:30","Russia","Premier League","2016/2017","Akhmat Grozny","Krylya Sovetov","1.90","3.34","5.25","1.05","7.90","1.51","2.53","3.32","1.40","6.70","1.10","13.50","1.03","2.22","1.66"
"69658","31-07-16 17:00","Russia","Premier League","2016/2017","Spartak Moscow","Arsenal Tula","1.54","4.44","7.00","1.01","11.00","1.23","4.10","1.89","2.06","3.15","1.35","5.60","1.11","1.91","1.87"
"69659","31-07-16 14:30","Russia","Premier League","2016/2017","Ural","Ufa","2.36","3.13","3.64","1.06","7.40","1.58","2.36","3.06","1.45","5.90","1.13","12.50","1.03","2.20","1.60"
"69660","30-07-16 20:30","Russia","Premier League","2016/2017","FK Rostov","Orenburg","1.97","3.46","4.56","1.04","8.50","1.46","2.69","2.62","1.58","4.90","1.17","9.30","1.03","2.10","1.71"
"69661","30-07-16 19:00","Russia","Premier League","2016/2017","FK Anzi Makhackala","CSKA Moscow","5.80","3.74","1.73","1.03","9.20","1.36","3.13","2.31","1.72","4.10","1.23","7.80","1.05","2.00","1.75"
"69662","30-07-16 16:30","Russia","Premier League","2016/2017","Zenit","Lokomotiv Moscow","1.78","3.78","5.45","1.02","10.50","1.29","3.52","2.09","1.86","3.54","1.29","6.60","1.08","1.93","1.87"
"69677","21-05-16 12:30","Russia","Premier League","2015/2016","Akhmat Grozny","FK Rostov","5.40","4.12","1.70","1.05","11.50","1.32","3.26","2.17","1.79","4.10","1.22","7.00","1.06","1.95","1.83"
"69678","21-05-16 12:30","Russia","Premier League","2015/2016","Dynamo Moscow","Zenit","2.83","3.64","2.54","1.02","14.00","1.19","4.50","1.73","2.23","2.67","1.45","4.70","1.14","1.57","2.38"
"69679","21-05-16 12:30","Russia","Premier League","2015/2016","Krasnodar","Amkar","1.31","6.25","10.00","1.01","16.00","1.14","5.40","1.61","2.50","2.43","1.53","4.30","1.17","1.99","1.80"
"69680","21-05-16 12:30","Russia","Premier League","2015/2016","Krylya Sovetov","FK Anzi Makhackala","4.72","4.36","1.72","1.01","10.50","1.33","3.20","2.14","1.81","3.70","1.26","6.80","1.06","1.91","1.69"
"69681","21-05-16 12:30","Russia","Premier League","2015/2016","Lokomotiv Moscow","Mordovia Saransk","2.27","3.92","3.13","1.03","12.00","1.23","3.98","1.83","2.11","2.90","1.39","5.20","1.12","1.67","2.18"
"69682","21-05-16 12:30","Russia","Premier League","2015/2016","Rubin Kazan","CSKA Moscow","9.10","6.25","1.34","1.02","14.00","1.21","4.20","1.80","2.15","2.86","1.40","5.20","1.12","2.05","1.75"
"69683","21-05-16 12:30","Russia","Premier League","2015/2016","Ufa","Spartak Moscow","2.71","4.04","2.48","1.02","14.00","1.19","4.50","1.71","2.27","2.64","1.46","4.60","1.15","1.57","2.38"
"69684","21-05-16 12:30","Russia","Premier League","2015/2016","Ural","Kuban","5.75","4.68","1.58","1.02","13.00","1.20","4.32","1.76","2.21","2.74","1.43","4.90","1.14","1.80","1.99"
"69685","16-05-16 18:30","Russia","Premier League","2015/2016","CSKA Moscow","Krasnodar","1.70","4.10","5.40","1.02","13.50","1.22","4.20","1.83","2.13","2.90","1.40","5.20","1.13","1.63","2.28"
"69686","16-05-16 18:30","Russia","Premier League","2015/2016","FK Rostov","Ural","1.22","7.20","17.00","1.02","9.40","1.26","3.70","1.90","2.02","3.14","1.34","5.60","1.10","2.75","1.39"
"69687","16-05-16 18:30","Russia","Premier League","2015/2016","Kuban","Dynamo Moscow","2.71","3.56","2.72","1.05","12.50","1.29","3.52","2.12","1.84","3.96","1.24","6.40","1.08","1.79","2.02"
"69688","16-05-16 18:30","Russia","Premier League","2015/2016","Spartak Moscow","Akhmat Grozny","1.66","4.04","6.05","1.03","11.50","1.26","3.70","2.00","1.94","3.26","1.32","6.10","1.09","1.87","1.91"
"69689","16-05-16 16:00","Russia","Premier League","2015/2016","Amkar","Ufa","2.05","3.30","4.40","1.09","6.10","1.53","2.46","2.92","1.49","5.50","1.14","12.50","1.03","2.36","1.59"
"69690","15-05-16 18:00","Russia","Premier League","2015/2016","Zenit","Lokomotiv Moscow","1.29","5.60","16.00","1.03","13.50","1.24","3.96","1.95","1.99","3.26","1.33","6.30","1.09","2.12","1.72"
"69691","15-05-16 16:00","Russia","Premier League","2015/2016","FK Anzi Makhackala","Mordovia Saransk","2.33","3.30","3.50","1.04","8.60","1.34","3.20","2.24","1.76","3.86","1.25","7.30","1.06","1.85","1.93"
"69692","15-05-16 13:30","Russia","Premier League","2015/2016","Krylya Sovetov","Rubin Kazan","2.88","3.07","2.88","1.03","8.60","1.40","2.86","2.52","1.62","4.50","1.19","8.30","1.03","1.88","1.90"
"69693","12-05-16 18:30","Russia","Premier League","2015/2016","Dynamo Moscow","FK Rostov","3.82","3.40","2.17","1.06","7.50","1.39","2.95","2.43","1.66","4.30","1.21","8.10","1.05","2.00","1.81"
"69694","12-05-16 18:00","Russia","Premier League","2015/2016","Akhmat Grozny","Amkar","2.26","3.10","3.96","1.09","6.30","1.49","2.58","2.81","1.52","5.30","1.15","11.50","1.01","2.15","1.68"
"69695","12-05-16 16:00","Russia","Premier League","2015/2016","Ural","Spartak Moscow","5.10","4.30","1.70","1.05","11.00","1.17","5.00","1.75","2.26","2.78","1.43","4.90","1.14","1.68","2.19"
"69696","11-05-16 18:30","Russia","Premier League","2015/2016","Krasnodar","Krylya Sovetov","1.31","5.90","13.00","1.03","13.00","1.19","4.50","1.79","2.17","2.86","1.40","5.20","1.12","2.23","1.64"
"69697","11-05-16 18:30","Russia","Premier League","2015/2016","Lokomotiv Moscow","Kuban","1.53","4.50","7.20","1.03","9.00","1.27","3.68","2.01","1.93","3.38","1.31","6.30","1.09","2.08","1.75"
"69698","11-05-16 18:30","Russia","Premier League","2015/2016","Mordovia Saransk","Zenit","12.00","5.65","1.33","1.01","15.00","1.16","5.10","1.69","2.36","2.52","1.51","4.54","1.16","1.91","1.89"
"69699","11-05-16 18:00","Russia","Premier League","2015/2016","Rubin Kazan","FK Anzi Makhackala","2.09","3.58","3.88","1.05","12.50","1.29","3.50","2.10","1.84","3.54","1.28","6.60","1.07","1.74","2.07"
"69700","11-05-16 16:00","Russia","Premier League","2015/2016","Ufa","CSKA Moscow","11.50","5.30","1.36","1.04","8.60","1.31","3.38","2.12","1.84","3.68","1.27","7.00","1.06","2.50","1.44"
"69701","08-05-16 18:30","Russia","Premier League","2015/2016","Spartak Moscow","Dynamo Moscow","1.72","4.04","5.30","1.02","14.00","1.22","4.20","1.83","2.13","2.90","1.40","5.20","1.13","1.71","2.14"
"69702","08-05-16 13:30","Russia","Premier League","2015/2016","Amkar","Ural","1.70","3.72","6.25","1.05","9.70","1.49","2.86","2.83","1.51","4.54","1.16","8.60","1.01","2.14","1.71"
"69703","07-05-16 18:30","Russia","Premier League","2015/2016","Rubin Kazan","Krasnodar","4.38","3.72","1.92","1.03","9.00","1.28","3.60","2.02","1.92","3.38","1.31","6.30","1.09","1.83","1.97"
"69704","07-05-16 16:00","Russia","Premier League","2015/2016","FK Anzi Makhackala","Zenit","11.50","6.35","1.30","1.04","11.50","1.14","5.50","1.68","2.38","2.46","1.53","4.40","1.17","2.10","1.70"
"69705","07-05-16 16:00","Russia","Premier League","2015/2016","Kuban","Mordovia Saransk","2.23","3.28","3.78","1.06","7.50","1.38","2.99","2.38","1.68","4.20","1.22","8.00","1.05","1.91","1.88"
"69706","07-05-16 13:30","Russia","Premier League","2015/2016","CSKA Moscow","Akhmat Grozny","1.43","5.20","8.20","1.03","9.00","1.28","3.60","2.01","1.93","3.38","1.31","6.30","1.09","2.20","1.60"
"69707","06-05-16 18:30","Russia","Premier League","2015/2016","FK Rostov","Lokomotiv Moscow","2.27","3.15","3.84","1.11","5.60","1.60","2.31","3.04","1.46","5.10","1.16","9.00","1.03","2.20","1.67"
"69708","06-05-16 17:00","Russia","Premier League","2015/2016","Krylya Sovetov","Ufa","1.96","3.26","5.05","1.08","7.70","1.56","2.63","3.62","1.35","5.10","1.13","9.60","1.02","2.24","1.65"
"69709","01-05-16 18:30","Russia","Premier League","2015/2016","Krasnodar","FK Anzi Makhackala","1.32","6.20","10.00","1.01","16.00","1.15","5.30","1.63","2.49","2.47","1.53","4.30","1.18","2.06","1.76"
"69710","01-05-16 16:00","Russia","Premier League","2015/2016","Akhmat Grozny","Krylya Sovetov","1.79","3.50","5.75","1.03","9.30","1.45","2.71","2.62","1.58","4.90","1.17","9.40","1.03","2.22","1.66"
"69711","01-05-16 13:30","Russia","Premier League","2015/2016","Mordovia Saransk","FK Rostov","6.70","3.86","1.64","1.03","9.10","1.43","2.78","2.57","1.60","4.74","1.18","9.00","1.03","2.34","1.60"
"69712","01-05-16 11:00","Russia","Premier League","2015/2016","Ufa","Rubin Kazan","3.28","3.05","2.60","1.08","6.40","1.48","2.61","2.78","1.53","5.10","1.16","9.80","1.02","2.09","1.74"
"69713","30-04-16 18:30","Russia","Premier League","2015/2016","Lokomotiv Moscow","Spartak Moscow","2.17","3.54","3.64","1.03","12.00","1.24","3.96","1.91","2.03","3.04","1.37","5.60","1.11","1.65","2.24"
"69714","29-04-16 18:00","Russia","Premier League","2015/2016","Dynamo Moscow","Amkar","2.07","3.24","4.42","1.08","6.60","1.46","2.68","2.68","1.56","4.90","1.17","9.40","1.03","2.10","1.70"
"69715","28-04-16 18:30","Russia","Premier League","2015/2016","Zenit","Kuban","1.23","9.00","11.50","1.01","17.00","1.15","5.30","1.55","2.70","2.14","1.69","3.48","1.26","2.05","1.77"
"69716","28-04-16 16:00","Russia","Premier League","2015/2016","Ural","CSKA Moscow","7.50","4.52","1.51","1.03","9.60","1.25","3.86","1.92","2.02","2.90","1.40","5.80","1.10","1.95","1.85"
"69717","24-04-16 18:30","Russia","Premier League","2015/2016","FK Anzi Makhackala","Kuban","2.59","3.32","3.02","1.03","9.20","1.38","2.99","2.36","1.69","4.15","1.22","7.80","1.05","1.77","2.05"
"69718","24-04-16 18:30","Russia","Premier League","2015/2016","FK Rostov","Zenit","3.64","3.28","2.28","1.06","7.30","1.40","2.90","2.45","1.65","4.30","1.21","8.40","1.04","2.02","1.79"
"69719","24-04-16 16:00","Russia","Premier League","2015/2016","CSKA Moscow","Dynamo Moscow","1.49","5.02","6.92","1.02","13.50","1.19","4.60","1.82","2.15","2.82","1.42","5.20","1.13","1.95","1.85"
"69720","24-04-16 13:30","Russia","Premier League","2015/2016","Krasnodar","Ufa","1.42","5.00","8.80","1.03","9.30","1.26","3.78","1.97","1.97","3.26","1.33","6.10","1.09","2.21","1.66"
"69721","24-04-16 11:00","Russia","Premier League","2015/2016","Amkar","Lokomotiv Moscow","3.53","3.14","2.40","1.09","6.30","1.51","2.52","2.84","1.51","5.30","1.15","11.50","1.01","2.20","1.67"
"69722","23-04-16 18:30","Russia","Premier League","2015/2016","Rubin Kazan","Akhmat Grozny","2.58","3.23","3.13","1.06","8.80","1.46","2.98","2.94","1.48","4.25","1.18","7.80","1.03","1.80","2.01"
"69723","23-04-16 16:00","Russia","Premier League","2015/2016","Spartak Moscow","Mordovia Saransk","1.47","5.36","6.62","1.02","14.50","1.15","5.30","1.65","2.45","2.50","1.52","4.40","1.17","1.83","1.97"
"69724","23-04-16 13:30","Russia","Premier League","2015/2016","Krylya Sovetov","Ural","2.20","3.09","4.19","1.04","8.50","1.41","2.86","2.51","1.62","4.45","1.20","8.70","1.04","1.88","1.92"
"69725","18-04-16 16:00","Russia","Premier League","2015/2016","Ural","Rubin Kazan","3.14","3.15","2.62","1.04","8.00","1.35","3.15","2.29","1.73","3.86","1.25","7.50","1.05","1.80","2.01"
"69726","17-04-16 18:30","Russia","Premier League","2015/2016","Kuban","FK Rostov","3.95","3.20","2.22","1.07","7.00","1.42","2.82","2.54","1.61","4.60","1.19","8.70","1.03","2.01","1.80"
"69727","17-04-16 16:00","Russia","Premier League","2015/2016","Dynamo Moscow","Krylya Sovetov","2.05","3.28","4.50","1.04","8.00","1.43","2.78","2.56","1.60","4.75","1.18","9.00","1.03","1.90","1.90"
"69728","17-04-16 13:30","Russia","Premier League","2015/2016","Ufa","FK Anzi Makhackala","2.22","3.12","4.10","1.05","7.90","1.45","2.71","2.68","1.56","4.90","1.17","9.40","1.02","2.02","1.79"
"69729","16-04-16 18:30","Russia","Premier League","2015/2016","Zenit","Spartak Moscow","1.53","4.71","7.01","1.02","15.00","1.17","4.90","1.73","2.32","2.64","1.47","4.70","1.15","1.67","2.20"
"69730","16-04-16 16:00","Russia","Premier League","2015/2016","Lokomotiv Moscow","CSKA Moscow","3.45","3.20","2.43","1.05","7.70","1.44","2.73","2.62","1.58","4.75","1.18","9.00","1.03","1.95","1.76"
"69731","16-04-16 13:30","Russia","Premier League","2015/2016","Akhmat Grozny","Krasnodar","3.10","3.20","2.62","1.05","7.50","1.37","3.04","2.37","1.70","4.10","1.23","7.80","1.05","1.80","2.01"
"69732","15-04-16 18:00","Russia","Premier League","2015/2016","Mordovia Saransk","Amkar","3.07","3.05","2.75","1.04","8.30","1.44","2.75","2.62","1.58","5.00","1.17","9.00","1.03","2.02","1.79"
"69733","11-04-16 17:00","Russia","Premier League","2015/2016","Krylya Sovetov","Lokomotiv Moscow","3.45","3.25","2.38","1.08","6.40","1.49","2.58","2.74","1.54","5.10","1.16","9.80","1.02","2.15","1.70"
"69734","10-04-16 18:30","Russia","Premier League","2015/2016","Spartak Moscow","Kuban","1.48","4.74","7.80","1.02","14.00","1.20","4.45","1.79","2.19","2.82","1.42","5.10","1.13","1.88","1.92"
"69735","10-04-16 16:00","Russia","Premier League","2015/2016","Krasnodar","Ural","1.47","4.70","8.00","1.02","9.60","1.25","3.86","1.93","2.01","3.20","1.34","5.80","1.10","1.95","1.78"
"69736","10-04-16 13:30","Russia","Premier League","2015/2016","Ufa","Akhmat Grozny","4.20","3.28","2.12","1.10","7.00","1.54","2.69","3.05","1.45","4.90","1.14","12.50","1.04","2.15","1.70"
"69737","09-04-16 18:30","Russia","Premier League","2015/2016","Rubin Kazan","Dynamo Moscow","2.25","3.14","3.95","1.05","7.80","1.36","3.10","2.36","1.69","4.10","1.23","7.80","1.05","1.88","1.92"
"69738","09-04-16 13:30","Russia","Premier League","2015/2016","Amkar","Zenit","6.30","3.91","1.66","1.04","8.00","1.32","3.32","2.18","1.80","3.78","1.26","7.00","1.07","2.10","1.72"
"69739","09-04-16 12:30","Russia","Premier League","2015/2016","CSKA Moscow","Mordovia Saransk","1.32","5.56","13.00","1.02","13.50","1.21","4.30","1.85","2.11","2.99","1.38","5.60","1.11","2.24","1.65"
"69740","08-04-16 18:00","Russia","Premier League","2015/2016","FK Anzi Makhackala","FK Rostov","4.55","3.27","2.04","1.02","9.50","1.44","2.75","2.59","1.59","4.75","1.18","9.00","1.03","2.05","1.77"
"69741","04-04-16 18:30","Russia","Premier League","2015/2016","Dynamo Moscow","Krasnodar","3.55","3.19","2.37","1.05","7.80","1.36","3.10","2.32","1.71","4.10","1.23","7.80","1.05","1.87","1.93"
"69742","04-04-16 18:00","Russia","Premier League","2015/2016","Mordovia Saransk","Krylya Sovetov","2.35","3.08","3.75","1.10","6.80","1.60","2.53","3.05","1.45","5.60","1.11","10.00","1.02","2.17","1.69"
"69743","03-04-16 18:30","Russia","Premier League","2015/2016","Zenit","CSKA Moscow","2.02","3.55","4.15","1.05","7.50","1.33","3.24","2.36","1.69","4.20","1.22","8.00","1.04","1.85","1.78"
"69744","03-04-16 16:00","Russia","Premier League","2015/2016","Lokomotiv Moscow","Rubin Kazan","1.95","3.47","4.70","1.05","7.50","1.37","3.04","2.36","1.69","4.15","1.22","8.00","1.04","2.00","1.81"
"69745","02-04-16 18:30","Russia","Premier League","2015/2016","FK Rostov","Spartak Moscow","2.82","3.22","2.85","1.03","9.10","1.36","3.08","2.36","1.69","4.15","1.22","7.80","1.05","1.91","1.89"
"69746","02-04-16 16:00","Russia","Premier League","2015/2016","Kuban","Amkar","2.77","2.98","3.12","1.08","6.40","1.52","2.50","2.92","1.49","5.50","1.14","12.50","1.04","2.15","1.70"
"69747","02-04-16 13:30","Russia","Premier League","2015/2016","Akhmat Grozny","FK Anzi Makhackala","1.66","4.04","6.00","1.05","7.80","1.37","3.04","2.32","1.71","4.15","1.22","7.80","1.05","2.34","1.60"
"69748","02-04-16 11:00","Russia","Premier League","2015/2016","Ural","Ufa","2.05","3.44","4.25","1.07","8.10","1.53","2.71","2.87","1.50","4.85","1.14","9.40","1.02","2.09","1.74"
"69749","20-03-16 17:30","Russia","Premier League","2015/2016","Krasnodar","Lokomotiv Moscow","2.28","3.30","3.65","1.05","7.80","1.35","3.15","2.30","1.74","3.96","1.24","7.50","1.05","1.85","1.93"
"69750","20-03-16 15:00","Russia","Premier League","2015/2016","Rubin Kazan","Mordovia Saransk","1.78","3.58","5.80","1.05","7.50","1.37","3.04","2.39","1.67","4.20","1.22","8.00","1.04","2.11","1.73"
"69751","20-03-16 12:30","Russia","Premier League","2015/2016","Krylya Sovetov","Zenit","7.80","4.53","1.50","1.03","9.00","1.28","3.56","2.06","1.89","3.52","1.29","6.60","1.08","2.25","1.62"
"69752","19-03-16 17:30","Russia","Premier League","2015/2016","CSKA Moscow","Kuban","1.45","4.80","8.50","1.03","13.00","1.27","3.96","1.99","1.95","3.15","1.38","5.80","1.14","2.15","1.66"
"69753","19-03-16 15:00","Russia","Premier League","2015/2016","Akhmat Grozny","Ural","1.31","6.33","10.22","1.01","12.50","1.39","2.95","2.13","1.78","3.60","1.28","6.60","1.09","2.54","1.49"
"69754","19-03-16 12:30","Russia","Premier League","2015/2016","Ufa","Dynamo Moscow","3.50","2.96","2.54","1.09","7.20","1.60","2.56","3.04","1.37","5.30","1.12","10.00","1.02","2.09","1.74"
"69755","18-03-16 17:30","Russia","Premier League","2015/2016","FK Anzi Makhackala","Spartak Moscow","4.10","3.35","2.11","1.04","13.00","1.27","3.68","2.01","1.93","3.26","1.33","6.10","1.09","1.71","2.14"
"69756","18-03-16 15:00","Russia","Premier League","2015/2016","Amkar","FK Rostov","3.75","2.79","2.55","1.10","6.80","1.69","2.36","3.38","1.31","6.00","1.10","11.50","1.02","2.17","1.69"
"69757","14-03-16 17:00","Russia","Premier League","2015/2016","Dynamo Moscow","Akhmat Grozny","2.67","2.93","3.30","1.10","5.90","1.52","2.50","2.84","1.51","4.75","1.18","9.00","1.03","2.01","1.80"
"69758","13-03-16 17:30","Russia","Premier League","2015/2016","Zenit","Rubin Kazan","1.53","4.64","6.80","1.06","13.00","1.24","3.96","1.92","2.02","3.32","1.32","5.80","1.10","1.99","1.82"
"69759","13-03-16 15:00","Russia","Premier League","2015/2016","Lokomotiv Moscow","Ufa","1.62","4.17","6.36","1.03","9.30","1.38","2.99","2.39","1.68","4.30","1.21","8.40","1.04","2.25","1.59"
"69760","13-03-16 12:30","Russia","Premier League","2015/2016","Mordovia Saransk","Krasnodar","4.20","3.56","2.02","1.02","10.00","1.36","3.10","2.31","1.72","4.10","1.23","7.80","1.05","1.93","1.87"
"69761","12-03-16 17:30","Russia","Premier League","2015/2016","FK Rostov","CSKA Moscow","3.80","3.20","2.27","1.08","6.60","1.48","2.61","2.73","1.54","5.10","1.16","9.70","1.02","2.10","1.71"
"69762","12-03-16 15:00","Russia","Premier League","2015/2016","Spartak Moscow","Amkar","1.75","3.80","5.50","1.04","8.30","1.31","3.38","2.16","1.81","3.68","1.27","7.00","1.07","1.95","1.85"
"69763","12-03-16 12:30","Russia","Premier League","2015/2016","Ural","FK Anzi Makhackala","2.25","3.20","3.85","1.05","7.50","1.47","2.64","2.71","1.55","5.00","1.17","9.70","1.02","2.02","1.79"
"69764","11-03-16 17:00","Russia","Premier League","2015/2016","Kuban","Krylya Sovetov","2.38","3.15","3.60","1.09","6.30","1.50","2.55","2.80","1.52","5.30","1.15","9.40","1.02","2.10","1.70"
"69765","07-03-16 15:00","Russia","Premier League","2015/2016","FK Anzi Makhackala","Amkar","2.30","3.07","3.93","1.09","6.30","1.51","2.52","2.88","1.50","5.30","1.15","9.40","1.02","2.19","1.68"
"69766","07-03-16 12:30","Russia","Premier League","2015/2016","Ural","Dynamo Moscow","2.47","3.10","3.45","1.03","9.00","1.39","2.95","2.44","1.65","4.15","1.22","8.00","1.04","1.76","2.06"
"69767","06-03-16 17:30","Russia","Premier League","2015/2016","CSKA Moscow","Spartak Moscow","1.91","4.04","4.19","1.01","11.00","1.25","3.86","1.92","2.05","3.10","1.36","5.60","1.11","1.62","2.31"
"69768","06-03-16 15:00","Russia","Premier League","2015/2016","Akhmat Grozny","Lokomotiv Moscow","2.52","3.07","3.40","1.10","6.70","1.56","2.63","3.35","1.40","5.10","1.13","13.00","1.04","2.10","1.66"
"69769","06-03-16 12:30","Russia","Premier League","2015/2016","Ufa","Mordovia Saransk","2.64","3.04","3.25","1.07","7.00","1.56","2.40","3.30","1.42","6.40","1.11","13.50","1.03","2.20","1.56"
"69770","05-03-16 17:30","Russia","Premier League","2015/2016","Krasnodar","Zenit","3.05","3.49","2.53","1.04","8.30","1.32","3.32","2.17","1.82","3.68","1.27","6.80","1.07","1.80","2.01"
"69771","05-03-16 15:00","Russia","Premier League","2015/2016","Rubin Kazan","Kuban","2.01","3.45","4.35","1.07","7.00","1.43","2.78","2.53","1.60","4.60","1.19","8.70","1.03","2.11","1.73"
"69772","05-03-16 12:30","Russia","Premier League","2015/2016","Krylya Sovetov","FK Rostov","3.75","3.08","2.36","1.09","6.10","1.53","2.46","2.94","1.47","5.50","1.14","12.00","1.03","2.10","1.65"
"69773","04-12-15 17:00","Russia","Premier League","2015/2016","Dynamo Moscow","FK Anzi Makhackala","2.24","3.40","3.60","1.02","10.00","1.33","3.20","2.21","1.76","3.75","1.26","7.30","1.06","1.84","1.96"
"69774","04-12-15 17:00","Russia","Premier League","2015/2016","FK Rostov","Rubin Kazan","2.27","3.40","3.55","1.03","9.00","1.37","3.04","2.33","1.69","4.15","1.22","7.80","1.05","1.93","1.87"
"69775","04-12-15 17:00","Russia","Premier League","2015/2016","Kuban","Krasnodar","4.20","3.60","2.01","1.03","9.30","1.27","3.65","2.01","1.95","3.25","1.33","6.10","1.09","1.60","2.34"
"69776","04-12-15 17:00","Russia","Premier League","2015/2016","Lokomotiv Moscow","Ural","1.79","3.65","5.40","1.02","9.60","1.40","2.90","2.48","1.62","3.85","1.25","8.30","1.04","2.08","1.75"
"69777","04-12-15 17:00","Russia","Premier League","2015/2016","Spartak Moscow","Krylya Sovetov","1.57","4.50","6.30","1.02","10.00","1.26","3.75","1.97","1.95","3.25","1.33","6.10","1.09","2.08","1.75"
"69778","03-12-15 17:00","Russia","Premier League","2015/2016","Mordovia Saransk","Akhmat Grozny","3.80","3.20","2.26","1.08","6.60","1.46","2.68","2.66","1.55","4.90","1.17","9.40","1.02","2.11","1.73"
"69779","03-12-15 17:00","Russia","Premier League","2015/2016","Zenit","Ufa","1.30","5.80","13.50","1.02","9.40","1.25","3.85","1.94","1.98","3.25","1.33","6.10","1.09","2.75","1.45"
"69780","03-12-15 15:00","Russia","Premier League","2015/2016","Amkar","CSKA Moscow","5.20","3.65","1.81","1.05","7.80","1.36","3.10","2.30","1.71","4.10","1.23","7.80","1.05","2.04","1.78"
"69781","30-11-15 17:15","Russia","Premier League","2015/2016","Rubin Kazan","Spartak Moscow","3.01","3.45","2.53","1.06","13.00","1.25","3.85","1.95","1.97","3.15","1.35","5.80","1.10","1.62","2.30"
"69782","30-11-15 17:00","Russia","Premier League","2015/2016","Dynamo Moscow","Lokomotiv Moscow","3.19","3.25","2.52","1.03","9.30","1.44","2.75","2.55","1.59","4.75","1.18","8.70","1.03","1.91","1.89"
"69783","30-11-15 17:00","Russia","Premier League","2015/2016","Krasnodar","FK Rostov","1.90","3.70","4.55","1.04","8.30","1.31","3.35","2.14","1.81","3.65","1.27","6.80","1.07","1.77","2.05"
"69784","29-11-15 13:00","Russia","Premier League","2015/2016","FK Anzi Makhackala","CSKA Moscow","4.35","3.70","1.93","1.03","8.90","1.25","3.85","1.98","1.94","3.25","1.33","6.00","1.10","1.75","2.08"
"69785","28-11-15 15:30","Russia","Premier League","2015/2016","Akhmat Grozny","Zenit","3.95","3.50","2.10","1.04","8.60","1.31","3.35","2.14","1.81","3.60","1.28","6.80","1.07","1.82","1.99"
"69786","28-11-15 13:00","Russia","Premier League","2015/2016","Krylya Sovetov","Amkar","2.09","3.10","4.60","1.09","6.10","1.52","2.50","2.90","1.48","5.50","1.14","9.50","1.06","2.26","1.64"
"69787","28-11-15 10:30","Russia","Premier League","2015/2016","Ufa","Kuban","2.88","3.20","2.79","1.02","9.60","1.39","2.95","2.43","1.64","4.30","1.21","8.10","1.04","1.93","1.87"
"69788","27-11-15 15:00","Russia","Premier League","2015/2016","Ural","Mordovia Saransk","1.97","3.55","4.40","1.05","7.50","1.39","2.95","2.39","1.66","4.30","1.21","8.10","1.04","2.05","1.77"
"69789","23-11-15 17:00","Russia","Premier League","2015/2016","FK Rostov","Ufa","1.60","4.00","7.00","1.05","7.80","1.35","3.15","2.27","1.73","4.10","1.23","7.50","1.05","2.22","1.66"
"69790","22-11-15 17:30","Russia","Premier League","2015/2016","Spartak Moscow","Krasnodar","2.81","3.40","2.72","1.03","9.30","1.26","3.75","1.98","1.94","3.20","1.33","6.00","1.10","1.62","2.31"
"69791","22-11-15 15:00","Russia","Premier League","2015/2016","Kuban","Akhmat Grozny","2.47","3.18","3.35","1.03","9.30","1.45","2.71","2.61","1.57","4.75","1.18","9.00","1.03","1.85","1.95"
"69792","22-11-15 12:30","Russia","Premier League","2015/2016","Mordovia Saransk","Dynamo Moscow","3.35","3.20","2.46","1.02","9.50","1.35","3.14","2.39","1.66","4.20","1.22","8.00","1.04","1.81","2.00"
"69793","21-11-15 17:00","Russia","Premier League","2015/2016","Lokomotiv Moscow","FK Anzi Makhackala","1.61","4.10","6.60","1.01","11.00","1.31","3.35","2.15","1.80","3.65","1.27","7.00","1.07","2.05","1.77"
"69794","21-11-15 14:30","Russia","Premier League","2015/2016","Zenit","Ural","1.43","4.75","9.20","1.05","12.00","1.19","4.60","1.77","2.20","2.78","1.43","5.10","1.13","1.91","1.89"
"69795","21-11-15 12:00","Russia","Premier League","2015/2016","CSKA Moscow","Krylya Sovetov","1.40","4.90","10.50","1.02","10.00","1.27","3.65","2.02","1.90","3.45","1.30","6.40","1.08","2.26","1.64"
"69796","21-11-15 10:00","Russia","Premier League","2015/2016","Amkar","Rubin Kazan","3.25","3.00","2.66","1.08","6.60","1.45","2.71","2.66","1.55","4.90","1.17","9.40","1.02","2.02","1.79"
"69797","08-11-15 17:30","Russia","Premier League","2015/2016","Lokomotiv Moscow","Zenit","4.20","3.55","2.01","1.01","11.00","1.31","3.35","2.15","1.80","3.45","1.30","7.00","1.07","1.82","1.99"
"69798","08-11-15 15:00","Russia","Premier League","2015/2016","Krasnodar","CSKA Moscow","2.84","3.35","2.73","1.01","11.00","1.29","3.50","2.08","1.85","3.45","1.30","6.60","1.08","1.71","2.14"
"69799","08-11-15 12:30","Russia","Premier League","2015/2016","Rubin Kazan","Krylya Sovetov","2.12","3.30","4.15","1.02","10.00","1.33","3.20","2.24","1.74","3.85","1.25","7.60","1.05","1.86","1.94"
"69800","07-11-15 17:30","Russia","Premier League","2015/2016","Akhmat Grozny","Spartak Moscow","2.37","3.45","3.30","1.05","7.80","1.37","3.04","2.31","1.70","4.10","1.23","7.80","1.05","1.83","1.98"
"69801","07-11-15 16:30","Russia","Premier League","2015/2016","Dynamo Moscow","Kuban","2.12","3.25","4.25","1.04","8.00","1.34","3.20","2.28","1.72","3.95","1.24","7.50","1.05","1.86","1.94"
"69802","07-11-15 14:15","Russia","Premier League","2015/2016","Ufa","Amkar","2.77","3.04","3.06","1.09","6.30","1.50","2.55","2.82","1.50","5.30","1.15","12.50","1.04","2.12","1.72"
"69803","07-11-15 12:00","Russia","Premier League","2015/2016","Ural","FK Rostov","2.78","2.95","3.14","1.07","7.00","1.40","2.90","2.50","1.61","4.45","1.20","8.40","1.04","1.89","1.91"
"69804","06-11-15 17:00","Russia","Premier League","2015/2016","Mordovia Saransk","FK Anzi Makhackala","2.72","2.95","3.20","1.08","6.70","1.45","2.71","2.66","1.55","4.75","1.18","11.00","1.01","1.90","1.90"
"69805","02-11-15 17:30","Russia","Premier League","2015/2016","FK Rostov","Dynamo Moscow","2.40","3.35","3.35","1.04","8.00","1.34","3.20","2.23","1.75","3.85","1.25","7.60","1.05","1.83","1.98"
"69806","02-11-15 15:00","Russia","Premier League","2015/2016","Amkar","Akhmat Grozny","3.60","3.00","2.47","1.08","6.60","1.45","2.71","2.66","1.55","4.90","1.17","12.50","1.04","2.01","1.80"
"69807","01-11-15 17:30","Russia","Premier League","2015/2016","Spartak Moscow","Ural","1.67","3.90","6.10","1.03","9.30","1.27","3.65","1.98","1.94","3.25","1.33","5.80","1.10","1.85","1.95"
"69808","01-11-15 17:00","Russia","Premier League","2015/2016","Kuban","Lokomotiv Moscow","3.70","3.18","2.32","1.05","7.80","1.36","3.10","2.33","1.69","4.10","1.23","8.10","1.04","1.85","1.95"
"69809","01-11-15 14:30","Russia","Premier League","2015/2016","FK Anzi Makhackala","Rubin Kazan","2.50","3.35","3.13","1.04","8.10","1.33","3.20","2.21","1.76","3.75","1.26","7.40","1.06","1.81","2.00"
"69810","01-11-15 12:00","Russia","Premier League","2015/2016","Krylya Sovetov","Krasnodar","3.55","3.30","2.32","1.04","8.50","1.40","2.90","2.43","1.64","4.30","1.21","9.00","1.03","1.98","1.83"
"69811","31-10-15 15:00","Russia","Premier League","2015/2016","Zenit","Mordovia Saransk","1.23","6.80","17.00","1.01","16.00","1.18","4.75","1.68","2.35","2.55","1.50","4.40","1.17","2.28","1.63"
"69812","31-10-15 12:30","Russia","Premier League","2015/2016","CSKA Moscow","Ufa","1.27","6.20","15.00","1.03","13.00","1.19","4.60","1.80","2.15","2.78","1.43","5.10","1.13","2.34","1.60"
"69813","26-10-15 17:30","Russia","Premier League","2015/2016","Lokomotiv Moscow","FK Rostov","1.97","3.55","4.40","1.05","7.80","1.38","2.99","2.35","1.68","4.20","1.22","8.40","1.04","2.04","1.78"
"69814","25-10-15 17:00","Russia","Premier League","2015/2016","Akhmat Grozny","CSKA Moscow","3.65","3.35","2.26","1.04","8.00","1.35","3.15","2.26","1.73","3.85","1.25","7.80","1.05","1.87","1.93"
"69815","25-10-15 14:30","Russia","Premier League","2015/2016","Krasnodar","Rubin Kazan","1.78","3.75","5.30","1.04","8.30","1.32","3.30","2.17","1.79","3.65","1.27","7.20","1.07","1.95","1.85"
"69816","25-10-15 11:30","Russia","Premier League","2015/2016","Dynamo Moscow","Spartak Moscow","3.17","3.45","2.42","1.03","9.00","1.25","3.85","2.06","1.87","3.45","1.30","6.60","1.08","1.65","2.24"
"69817","24-10-15 16:00","Russia","Premier League","2015/2016","Zenit","FK Anzi Makhackala","1.38","5.30","9.60","1.02","14.50","1.19","4.60","1.75","2.23","2.75","1.44","4.75","1.15","1.99","1.82"
"69818","24-10-15 13:30","Russia","Premier League","2015/2016","Mordovia Saransk","Kuban","2.92","3.20","2.74","1.03","9.30","1.37","3.04","2.35","1.68","4.15","1.22","8.10","1.04","1.88","1.92"
"69819","24-10-15 11:00","Russia","Premier League","2015/2016","Ural","Amkar","2.02","3.35","4.45","1.05","7.50","1.42","2.82","2.53","1.60","4.60","1.19","9.40","1.02","2.15","1.70"
"69820","23-10-15 16:00","Russia","Premier League","2015/2016","Ufa","Krylya Sovetov","3.30","3.08","2.55","1.05","7.50","1.49","2.58","2.76","1.52","5.10","1.16","9.80","1.02","2.12","1.72"
"69821","19-10-15 18:00","Russia","Premier League","2015/2016","FK Rostov","Mordovia Saransk","1.64","3.85","6.60","1.05","7.80","1.35","3.15","2.30","1.71","4.10","1.23","8.10","1.04","2.15","1.70"
"69822","18-10-15 17:30","Russia","Premier League","2015/2016","FK Anzi Makhackala","Krasnodar","3.55","3.45","2.24","1.02","9.70","1.30","3.45","2.15","1.80","3.65","1.27","7.00","1.07","1.80","2.01"
"69823","18-10-15 15:00","Russia","Premier League","2015/2016","Krylya Sovetov","Akhmat Grozny","2.00","3.10","2.96","1.07","7.00","1.43","2.78","2.55","1.59","4.60","1.19","9.40","1.02","1.98","1.83"
"69824","18-10-15 12:30","Russia","Premier League","2015/2016","Spartak Moscow","Lokomotiv Moscow","2.45","3.30","3.25","1.02","10.00","1.32","3.30","2.11","1.83","3.35","1.31","6.40","1.08","1.67","2.20"
"69825","17-10-15 18:00","Russia","Premier League","2015/2016","Rubin Kazan","Ufa","1.77","3.80","5.30","1.05","7.80","1.36","3.10","2.28","1.72","4.10","1.23","7.80","1.05","2.05","1.77"
"69826","17-10-15 15:30","Russia","Premier League","2015/2016","Amkar","Dynamo Moscow","3.60","3.30","2.28","1.05","7.50","1.39","2.95","2.41","1.65","4.30","1.21","8.70","1.04","1.95","1.85"
"69827","17-10-15 15:30","Russia","Premier League","2015/2016","Kuban","Zenit","5.10","3.75","1.80","1.03","8.70","1.29","3.50","2.07","1.86","3.45","1.30","6.60","1.08","1.94","1.86"
"69828","17-10-15 13:00","Russia","Premier League","2015/2016","CSKA Moscow","Ural","1.43","4.80","8.90","1.05","12.00","1.22","4.20","1.84","2.10","2.95","1.39","5.50","1.11","1.97","1.83"
"69829","04-10-15 18:00","Russia","Premier League","2015/2016","Lokomotiv Moscow","Amkar","1.56","3.90","8.20","1.07","7.00","1.40","2.90","2.50","1.61","4.60","1.19","9.40","1.02","2.40","1.57"
"69830","04-10-15 15:00","Russia","Premier League","2015/2016","Akhmat Grozny","Rubin Kazan","1.92","3.40","4.90","1.03","9.00","1.39","2.95","2.43","1.64","4.30","1.21","9.00","1.03","2.05","1.77"
"69831","04-10-15 15:00","Russia","Premier League","2015/2016","Ufa","Krasnodar","5.00","3.60","1.85","1.02","9.70","1.32","3.30","2.17","1.79","3.65","1.27","7.20","1.07","1.90","1.90"
"69832","04-10-15 12:30","Russia","Premier League","2015/2016","Dynamo Moscow","CSKA Moscow","3.80","3.45","2.15","1.01","11.00","1.35","3.15","2.14","1.81","3.35","1.31","6.10","1.09","1.69","2.17"
"69833","03-10-15 18:30","Russia","Premier League","2015/2016","Kuban","FK Anzi Makhackala","2.24","3.25","3.80","1.05","7.50","1.38","2.99","2.39","1.66","4.20","1.22","8.40","1.04","1.93","1.87"
"69834","03-10-15 16:00","Russia","Premier League","2015/2016","Zenit","FK Rostov","1.46","4.65","8.30","1.02","9.40","1.25","3.85","1.94","1.98","3.20","1.34","6.00","1.10","2.05","1.77"
"69835","03-10-15 13:30","Russia","Premier League","2015/2016","Mordovia Saransk","Spartak Moscow","4.90","3.85","1.80","1.03","9.00","1.27","3.65","2.01","1.91","3.30","1.32","6.40","1.08","1.80","2.01"
"69836","02-10-15 16:00","Russia","Premier League","2015/2016","Ural","Krylya Sovetov","2.29","3.30","3.60","1.05","7.80","1.44","2.73","2.50","1.58","4.75","1.18","9.80","1.02","1.90","1.90"
"69837","28-09-15 18:00","Russia","Premier League","2015/2016","FK Rostov","Kuban","2.32","3.30","3.50","1.07","7.00","1.43","2.78","2.53","1.60","4.60","1.19","9.40","1.02","1.97","1.83"
"69838","28-09-15 15:30","Russia","Premier League","2015/2016","Amkar","Mordovia Saransk","2.39","3.20","3.45","1.08","6.40","1.49","2.58","2.76","1.52","5.30","1.15","9.80","1.02","2.08","1.75"
"69839","27-09-15 18:00","Russia","Premier League","2015/2016","Rubin Kazan","Ural","2.00","3.45","4.40","1.04","8.60","1.39","2.95","2.41","1.65","4.30","1.21","8.70","1.04","2.02","1.79"
"69840","27-09-15 15:30","Russia","Premier League","2015/2016","Krasnodar","Akhmat Grozny","1.94","3.60","4.45","1.02","9.80","1.32","3.30","2.18","1.78","3.75","1.26","7.40","1.06","1.98","1.83"
"69841","27-09-15 12:30","Russia","Premier League","2015/2016","Krylya Sovetov","Dynamo Moscow","3.35","3.25","2.43","1.03","9.00","1.35","3.14","2.48","1.62","4.45","1.20","9.00","1.03","1.95","1.85"
"69842","26-09-15 18:00","Russia","Premier League","2015/2016","Spartak Moscow","Zenit","3.55","3.55","2.20","1.06","10.00","1.23","4.10","1.87","2.06","2.95","1.39","5.30","1.12","1.55","2.45"
"69843","26-09-15 15:30","Russia","Premier League","2015/2016","FK Anzi Makhackala","Ufa","1.62","3.80","7.20","1.06","7.30","1.40","2.90","2.49","1.62","4.60","1.19","9.40","1.02","2.34","1.60"
"69844","26-09-15 13:00","Russia","Premier League","2015/2016","CSKA Moscow","Lokomotiv Moscow","1.96","3.40","4.65","1.04","8.00","1.33","3.25","2.23","1.75","3.85","1.25","7.60","1.05","1.82","1.99"
"69845","21-09-15 18:00","Russia","Premier League","2015/2016","Dynamo Moscow","Rubin Kazan","2.18","3.40","3.75","1.03","8.70","1.29","3.50","2.08","1.85","3.45","1.30","6.60","1.08","1.68","2.19"
"69846","21-09-15 15:30","Russia","Premier League","2015/2016","Ural","Krasnodar","3.70","3.40","2.21","1.05","7.80","1.35","3.15","2.28","1.72","3.95","1.24","7.80","1.05","1.89","1.91"
"69847","20-09-15 18:30","Russia","Premier League","2015/2016","Lokomotiv Moscow","Krylya Sovetov","1.71","3.85","5.80","1.05","7.80","1.35","3.15","2.28","1.72","4.10","1.23","8.10","1.04","2.11","1.73"
"69848","20-09-15 16:00","Russia","Premier League","2015/2016","Zenit","Amkar","1.24","6.40","18.00","1.03","13.00","1.20","4.45","1.80","2.15","2.95","1.39","5.50","1.11","2.45","1.55"
"69849","20-09-15 12:30","Russia","Premier League","2015/2016","Mordovia Saransk","CSKA Moscow","8.20","4.40","1.49","1.04","8.60","1.30","3.45","2.13","1.82","3.65","1.27","7.20","1.07","2.20","1.67"
"69850","19-09-15 18:00","Russia","Premier League","2015/2016","Kuban","Spartak Moscow","3.80","3.45","2.14","1.02","10.00","1.30","3.45","2.11","1.83","3.55","1.28","6.80","1.07","1.75","2.08"
"69851","19-09-15 15:00","Russia","Premier League","2015/2016","Akhmat Grozny","Ufa","1.63","3.80","7.00","1.05","7.80","1.36","3.10","2.33","1.69","4.10","1.23","8.40","1.04","2.19","1.68"
"69852","18-09-15 18:00","Russia","Premier League","2015/2016","FK Rostov","FK Anzi Makhackala","1.96","3.50","4.45","1.02","9.90","1.33","3.20","2.23","1.75","3.85","1.25","7.60","1.05","1.84","1.96"
"69853","14-09-15 17:30","Russia","Premier League","2015/2016","Krylya Sovetov","Mordovia Saransk","1.98","3.55","4.30","1.07","7.00","1.44","2.75","2.53","1.60","4.75","1.18","9.40","1.02","2.17","1.69"
"69854","14-09-15 15:00","Russia","Premier League","2015/2016","Ufa","Ural","2.82","3.10","2.92","1.08","6.60","1.47","2.64","2.69","1.54","5.00","1.17","13.00","1.04","2.08","1.75"
"69855","13-09-15 18:00","Russia","Premier League","2015/2016","FK Anzi Makhackala","Akhmat Grozny","2.72","3.15","2.98","1.07","7.00","1.43","2.78","2.55","1.59","4.60","1.19","9.40","1.02","1.99","1.82"
"69856","13-09-15 15:30","Russia","Premier League","2015/2016","Krasnodar","Dynamo Moscow","1.97","3.60","4.30","1.04","8.30","1.33","3.25","2.18","1.78","3.75","1.26","7.40","1.06","1.89","1.91"
"69857","13-09-15 12:30","Russia","Premier League","2015/2016","Spartak Moscow","FK Rostov","1.73","3.80","5.60","1.03","9.00","1.28","3.60","2.04","1.89","3.35","1.31","6.60","1.08","1.78","2.04"
"69858","12-09-15 18:00","Russia","Premier League","2015/2016","Rubin Kazan","Lokomotiv Moscow","3.85","3.25","2.21","1.05","7.50","1.38","2.99","2.39","1.66","4.20","1.22","8.40","1.04","1.90","1.90"
"69859","12-09-15 15:30","Russia","Premier League","2015/2016","Amkar","Kuban","2.82","3.05","2.96","1.09","6.30","1.50","2.55","2.79","1.51","5.30","1.15","9.80","1.02","2.12","1.72"
"69860","12-09-15 13:00","Russia","Premier League","2015/2016","CSKA Moscow","Zenit","2.34","3.40","3.35","1.01","11.00","1.33","3.25","2.20","1.77","3.75","1.26","7.40","1.06","1.72","2.12"
"69861","30-08-15 19:00","Russia","Premier League","2015/2016","Kuban","CSKA Moscow","6.00","3.70","1.72","1.05","7.80","1.36","3.10","2.31","1.70","4.10","1.23","8.10","1.04","2.09","1.74"
"69862","30-08-15 16:00","Russia","Premier League","2015/2016","Mordovia Saransk","Rubin Kazan","4.10","2.99","2.27","1.08","6.40","1.48","2.61","2.79","1.51","5.10","1.16","9.50","1.02","1.99","1.82"
"69863","30-08-15 12:30","Russia","Premier League","2015/2016","Lokomotiv Moscow","Krasnodar","2.34","3.14","3.70","1.05","7.80","1.36","3.08","2.35","1.68","4.10","1.23","8.10","1.04","1.85","1.95"
"69864","29-08-15 18:30","Russia","Premier League","2015/2016","Spartak Moscow","FK Anzi Makhackala","1.49","4.70","7.40","1.02","9.40","1.26","3.75","1.94","1.98","3.20","1.33","6.00","1.10","2.06","1.76"
"69865","29-08-15 16:00","Russia","Premier League","2015/2016","Zenit","Krylya Sovetov","1.26","6.50","14.00","1.02","14.00","1.18","4.75","1.71","2.30","2.71","1.45","4.85","1.14","2.30","1.62"
"69866","29-08-15 13:00","Russia","Premier League","2015/2016","Dynamo Moscow","Ufa","1.82","3.65","5.20","1.04","8.00","1.34","3.20","2.26","1.73","3.95","1.24","7.80","1.05","2.00","1.81"
"69867","28-08-15 19:00","Russia","Premier League","2015/2016","FK Rostov","Amkar","1.96","3.40","4.65","1.07","6.80","1.44","2.75","2.58","1.58","4.75","1.18","9.80","1.02","2.17","1.69"
"69868","28-08-15 16:00","Russia","Premier League","2015/2016","Ural","Akhmat Grozny","4.00","3.60","1.66","1.09","7.40","1.36","2.84","2.27","1.63","3.90","1.20","9.80","1.05","2.15","1.70"
"69869","24-08-15 18:00","Russia","Premier League","2015/2016","Krylya Sovetov","Kuban","2.81","3.20","2.84","1.08","6.40","1.50","2.55","2.76","1.52","5.30","1.15","9.50","1.02","2.15","1.70"
"69870","24-08-15 18:00","Russia","Premier League","2015/2016","Rubin Kazan","Zenit","6.60","4.05","1.61","1.04","8.60","1.30","3.45","2.12","1.82","3.60","1.28","7.00","1.07","2.04","1.78"
"69871","23-08-15 19:00","Russia","Premier League","2015/2016","Krasnodar","Mordovia Saransk","1.39","4.80","11.00","1.03","9.30","1.25","3.85","1.98","1.94","3.30","1.32","6.40","1.08","2.19","1.68"
"69872","23-08-15 12:30","Russia","Premier League","2015/2016","Ufa","Lokomotiv Moscow","4.35","3.30","2.06","1.07","7.00","1.43","2.78","2.55","1.59","4.60","1.19","9.40","1.02","2.08","1.75"
"69873","22-08-15 19:30","Russia","Premier League","2015/2016","FK Anzi Makhackala","Ural","2.28","3.20","3.75","1.05","7.80","1.52","2.50","2.76","1.52","5.30","1.15","9.50","1.02","2.11","1.73"
"69874","22-08-15 17:00","Russia","Premier League","2015/2016","CSKA Moscow","FK Rostov","1.58","4.15","6.90","1.02","10.00","1.31","3.40","2.15","1.80","3.70","1.27","6.40","1.08","2.09","1.74"
"69875","22-08-15 14:00","Russia","Premier League","2015/2016","Amkar","Spartak Moscow","5.20","3.60","1.83","1.06","7.30","1.39","2.95","2.43","1.64","4.45","1.20","9.00","1.03","2.14","1.71"
"69876","21-08-15 19:00","Russia","Premier League","2015/2016","Akhmat Grozny","Dynamo Moscow","2.44","3.35","3.25","1.07","7.00","1.43","2.78","2.53","1.60","4.60","1.19","9.40","1.02","2.08","1.75"
"69877","17-08-15 18:00","Russia","Premier League","2015/2016","Mordovia Saransk","Ufa","3.20","2.92","2.74","1.08","6.40","1.47","2.64","2.76","1.52","5.10","1.16","12.50","1.04","2.05","1.77"
"69878","16-08-15 19:00","Russia","Premier League","2015/2016","FK Rostov","Krylya Sovetov","1.72","3.90","5.50","1.07","7.00","1.41","2.86","2.41","1.65","4.45","1.20","7.80","1.05","2.09","1.74"
"69879","16-08-15 16:00","Russia","Premier League","2015/2016","Dynamo Moscow","Ural","1.98","3.55","4.35","1.04","10.00","1.30","3.45","2.07","1.86","3.30","1.32","6.00","1.10","1.78","2.04"
"69880","16-08-15 12:30","Russia","Premier League","2015/2016","Lokomotiv Moscow","Akhmat Grozny","1.69","3.70","6.40","1.04","8.40","1.42","2.82","2.67","1.55","4.60","1.19","8.40","1.04","2.16","1.70"
"69881","15-08-15 20:30","Russia","Premier League","2015/2016","Kuban","Rubin Kazan","2.27","3.25","3.70","1.07","7.00","1.48","2.61","2.58","1.58","4.90","1.17","8.70","1.03","2.01","1.80"
"69882","15-08-15 15:30","Russia","Premier League","2015/2016","Zenit","Krasnodar","1.53","4.30","7.50","1.03","9.30","1.23","4.10","1.94","1.98","3.25","1.33","5.80","1.10","1.90","1.90"
"69883","14-08-15 20:30","Russia","Premier League","2015/2016","Spartak Moscow","CSKA Moscow","3.25","3.40","2.42","1.03","9.70","1.28","3.55","1.99","1.93","3.45","1.30","6.30","1.09","1.63","2.16"
"69884","14-08-15 16:00","Russia","Premier League","2015/2016","Amkar","FK Anzi Makhackala","2.52","3.20","3.25","1.08","6.60","1.48","2.61","2.53","1.60","4.90","1.17","8.70","1.03","1.96","1.84"
"69885","10-08-15 19:15","Russia","Premier League","2015/2016","Krasnodar","Kuban","1.87","3.55","5.00","1.05","8.10","1.34","3.20","2.11","1.83","3.70","1.27","6.40","1.08","1.90","1.90"
"69886","10-08-15 17:00","Russia","Premier League","2015/2016","Rubin Kazan","FK Rostov","2.22","3.25","3.85","1.08","8.50","1.50","2.55","2.61","1.57","4.95","1.17","8.70","1.03","2.01","1.80"
"69887","09-08-15 18:00","Russia","Premier League","2015/2016","Krylya Sovetov","Spartak Moscow","4.85","3.60","1.87","1.05","7.80","1.31","3.40","2.21","1.76","3.85","1.25","6.80","1.07","1.95","1.85"
"69888","09-08-15 15:00","Russia","Premier League","2015/2016","Ufa","Zenit","9.40","5.30","1.38","1.03","9.60","1.22","4.20","1.89","2.04","3.15","1.35","5.50","1.11","2.15","1.70"
"69889","09-08-15 12:30","Russia","Premier League","2015/2016","CSKA Moscow","Amkar","1.35","5.40","11.00","1.04","8.80","1.31","3.40","2.00","1.92","3.40","1.31","6.00","1.10","2.32","1.61"
"69890","08-08-15 19:00","Russia","Premier League","2015/2016","FK Anzi Makhackala","Dynamo Moscow","3.40","3.30","2.37","1.05","7.50","1.38","3.00","2.27","1.73","4.10","1.23","7.30","1.06","1.85","1.95"
"69891","08-08-15 16:00","Russia","Premier League","2015/2016","Ural","Lokomotiv Moscow","3.60","3.25","2.32","1.08","6.60","1.52","2.50","2.70","1.54","5.20","1.15","9.50","1.02","2.08","1.75"
"69892","07-08-15 18:00","Russia","Premier League","2015/2016","Akhmat Grozny","Mordovia Saransk","1.70","3.75","6.10","1.05","7.50","1.52","2.50","2.41","1.65","5.20","1.15","9.50","1.02","2.30","1.62"
"69893","03-08-15 18:00","Russia","Premier League","2015/2016","Spartak Moscow","Rubin Kazan","1.66","4.30","5.50","1.04","10.50","1.28","3.55","1.94","1.98","3.20","1.34","5.50","1.11","1.82","1.99"
"69894","02-08-15 19:00","Russia","Premier League","2015/2016","FK Rostov","Krasnodar","3.50","3.30","2.32","1.07","7.50","1.45","2.71","2.51","1.61","4.70","1.18","8.40","1.04","1.98","1.83"
"69895","02-08-15 16:00","Russia","Premier League","2015/2016","Mordovia Saransk","Ural","2.80","3.10","2.94","1.10","6.00","1.57","2.38","2.83","1.50","5.50","1.14","10.50","1.02","2.06","1.76"
"69896","02-08-15 12:30","Russia","Premier League","2015/2016","Lokomotiv Moscow","Dynamo Moscow","2.58","3.30","3.04","1.05","7.50","1.38","3.00","2.28","1.72","4.10","1.23","7.30","1.06","1.75","2.08"
"69897","01-08-15 18:30","Russia","Premier League","2015/2016","CSKA Moscow","FK Anzi Makhackala","1.38","5.20","10.00","1.02","10.00","1.31","3.40","2.03","1.90","3.40","1.31","6.00","1.10","2.20","1.67"
"69898","01-08-15 16:00","Russia","Premier League","2015/2016","Zenit","Akhmat Grozny","1.33","5.80","10.50","1.03","12.00","1.25","3.85","1.85","2.09","3.00","1.38","5.10","1.13","2.19","1.68"
"69899","01-08-15 13:00","Russia","Premier League","2015/2016","Amkar","Krylya Sovetov","2.18","3.30","3.90","1.07","8.50","1.48","2.90","2.91","1.40","4.25","1.18","7.40","1.03","2.14","1.71"
"69900","31-07-15 19:00","Russia","Premier League","2015/2016","Kuban","Ufa","1.89","3.55","4.80","1.05","9.20","1.51","2.79","2.82","1.42","4.55","1.16","8.00","1.02","1.98","1.83"
"69901","27-07-15 19:00","Russia","Premier League","2015/2016","FK Anzi Makhackala","Lokomotiv Moscow","3.16","2.90","2.79","1.09","7.10","1.60","2.53","2.95","1.39","5.30","1.12","9.50","1.02","2.01","1.80"
"69902","26-07-15 19:00","Russia","Premier League","2015/2016","Krasnodar","Spartak Moscow","2.07","3.70","3.80","1.01","12.00","1.19","4.60","1.65","2.41","2.55","1.50","4.30","1.18","1.54","2.48"
"69903","26-07-15 16:00","Russia","Premier League","2015/2016","Rubin Kazan","Amkar","1.76","3.35","6.60","1.07","8.00","1.41","2.86","2.41","1.65","4.45","1.20","7.80","1.05","2.26","1.64"
"69904","26-07-15 12:30","Russia","Premier League","2015/2016","Ural","Zenit","6.20","4.15","1.62","1.05","10.00","1.32","3.30","2.06","1.87","3.45","1.30","6.30","1.09","1.90","1.90"
"69905","25-07-15 20:00","Russia","Premier League","2015/2016","Akhmat Grozny","Kuban","2.10","3.30","4.20","1.04","8.50","1.46","2.68","2.60","1.57","4.90","1.17","8.70","1.03","2.00","1.81"
"69906","25-07-15 17:30","Russia","Premier League","2015/2016","Dynamo Moscow","Mordovia Saransk","1.30","5.70","13.50","1.02","16.00","1.23","4.10","1.75","2.23","2.79","1.43","4.75","1.15","2.16","1.70"
"69907","25-07-15 15:00","Russia","Premier League","2015/2016","Ufa","FK Rostov","3.40","2.92","2.62","1.04","8.00","1.50","2.55","2.86","1.49","5.20","1.15","9.50","1.02","2.08","1.75"
"69908","24-07-15 18:00","Russia","Premier League","2015/2016","Krylya Sovetov","CSKA Moscow","7.20","4.15","1.57","1.01","11.00","1.32","3.30","2.25","1.74","3.55","1.28","6.40","1.08","2.17","1.69"
"69909","20-07-15 19:00","Russia","Premier League","2015/2016","Kuban","Ural","1.70","3.80","6.00","1.03","9.00","1.39","2.95","2.39","1.66","4.30","1.21","7.80","1.05","2.14","1.71"
"69910","20-07-15 16:00","Russia","Premier League","2015/2016","Amkar","Krasnodar","4.65","3.50","1.94","1.03","8.80","1.41","2.86","2.41","1.65","4.20","1.22","8.40","1.04","2.02","1.79"
"69911","19-07-15 20:00","Russia","Premier League","2015/2016","FK Anzi Makhackala","Krylya Sovetov","1.90","3.45","4.95","1.05","9.40","1.47","2.94","2.55","1.50","4.30","1.18","7.40","1.03","2.08","1.75"
"69912","19-07-15 17:00","Russia","Premier League","2015/2016","Mordovia Saransk","Lokomotiv Moscow","4.40","3.50","1.98","1.06","9.00","1.47","2.94","2.91","1.40","4.30","1.18","7.40","1.03","2.14","1.71"
"69913","19-07-15 12:30","Russia","Premier League","2015/2016","Zenit","Dynamo Moscow","1.66","4.20","5.60","1.05","11.00","1.25","3.75","1.89","2.04","3.25","1.33","6.00","1.12","1.83","1.83"
"69914","18-07-15 20:00","Russia","Premier League","2015/2016","FK Rostov","Akhmat Grozny","2.43","3.30","3.30","1.04","8.20","1.51","2.53","2.79","1.51","5.30","1.15","9.50","1.02","2.02","1.79"
"69915","18-07-15 17:30","Russia","Premier League","2015/2016","CSKA Moscow","Rubin Kazan","1.57","4.25","6.80","1.06","10.00","1.32","3.30","2.11","1.83","3.70","1.27","6.40","1.08","2.00","1.81"
"69916","17-07-15 18:00","Russia","Premier League","2015/2016","Spartak Moscow","Ufa","1.46","5.10","7.30","1.03","11.00","1.22","4.20","1.80","2.15","2.86","1.41","5.30","1.12","1.84","1.96"