"id","matchDate","Country","League","Season","homeTeam","awayTeam","FTHG","FTAG","FTR","1HHG","1HAG","1HR","2HHG","2HAG","2HR"
"23088","08-12-24 20:00","Brazil","Serie A Betano","2024","Atletico-MG","Athletico-PR","1","0","H","0","0","D","1","0","H"
"23089","08-12-24 20:00","Brazil","Serie A Betano","2024","Bahia","Atletico GO","2","0","H","1","0","H","1","0","H"
"23090","08-12-24 20:00","Brazil","Serie A Betano","2024","Botafogo RJ","Sao Paulo","2","1","H","1","0","H","1","1","D"
"23091","08-12-24 20:00","Brazil","Serie A Betano","2024","Bragantino","Criciuma","5","1","H","2","1","H","3","0","H"
"23092","08-12-24 20:00","Brazil","Serie A Betano","2024","Cuiaba","Vasco","1","2","A","1","2","A","0","0","D"
"23093","08-12-24 20:00","Brazil","Serie A Betano","2024","Flamengo RJ","Vitoria","2","2","D","0","1","A","2","1","H"
"23094","08-12-24 20:00","Brazil","Serie A Betano","2024","Fortaleza","Internacional","3","0","H","2","0","H","1","0","H"
"23095","08-12-24 20:00","Brazil","Serie A Betano","2024","Gremio","Corinthians","0","3","A","0","1","A","0","2","A"
"23096","08-12-24 20:00","Brazil","Serie A Betano","2024","Juventude","Cruzeiro","0","1","A","0","1","A","0","0","D"
"23097","08-12-24 20:00","Brazil","Serie A Betano","2024","Palmeiras","Fluminense","0","1","A","0","1","A","0","0","D"
"23098","06-12-24 00:00","Brazil","Serie A Betano","2024","Athletico-PR","Bragantino","1","2","A","0","1","A","1","1","D"
"23099","06-12-24 00:00","Brazil","Serie A Betano","2024","Fluminense","Cuiaba","1","0","H","0","0","D","1","0","H"
"23100","05-12-24 01:30","Brazil","Serie A Betano","2024","Atletico GO","Fortaleza","3","1","H","1","1","D","2","0","H"
"23101","05-12-24 01:30","Brazil","Serie A Betano","2024","Cruzeiro","Palmeiras","1","2","A","0","0","D","1","2","A"
"23102","05-12-24 01:30","Brazil","Serie A Betano","2024","Internacional","Botafogo RJ","0","1","A","0","1","A","0","0","D"
"23103","05-12-24 00:00","Brazil","Serie A Betano","2024","Criciuma","Flamengo RJ","0","3","A","0","1","A","0","2","A"
"23104","05-12-24 00:00","Brazil","Serie A Betano","2024","Sao Paulo","Juventude","1","2","A","0","0","D","1","2","A"
"23105","05-12-24 00:00","Brazil","Serie A Betano","2024","Vitoria","Gremio","1","1","D","0","1","A","1","0","H"
"23106","04-12-24 23:00","Brazil","Serie A Betano","2024","Vasco","Atletico-MG","2","0","H","0","0","D","2","0","H"
"23107","04-12-24 00:00","Brazil","Serie A Betano","2024","Corinthians","Bahia","3","0","H","2","0","H","1","0","H"
"23108","01-12-24 22:30","Brazil","Serie A Betano","2024","Athletico-PR","Fluminense","1","1","D","1","0","H","0","1","A"
"23109","01-12-24 22:30","Brazil","Serie A Betano","2024","Bragantino","Cruzeiro","1","1","D","1","0","H","0","1","A"
"23110","01-12-24 22:30","Brazil","Serie A Betano","2024","Vitoria","Fortaleza","2","0","H","2","0","H","0","0","D"
"23111","01-12-24 20:00","Brazil","Serie A Betano","2024","Flamengo RJ","Internacional","3","2","H","3","0","H","0","2","A"
"23112","01-12-24 20:00","Brazil","Serie A Betano","2024","Gremio","Sao Paulo","2","1","H","2","0","H","0","1","A"
"23113","01-12-24 01:30","Brazil","Serie A Betano","2024","Vasco","Atletico GO","2","2","D","0","1","A","2","1","H"
"23114","30-11-24 23:30","Brazil","Serie A Betano","2024","Criciuma","Corinthians","2","4","A","2","0","H","0","4","A"
"23115","30-11-24 23:30","Brazil","Serie A Betano","2024","Cuiaba","Bahia","1","2","A","1","1","D","0","1","A"
"23116","28-11-24 01:00","Brazil","Serie A Betano","2024","Cruzeiro","Gremio","1","1","D","1","1","D","0","0","D"
"23117","27-11-24 01:30","Brazil","Serie A Betano","2024","Atletico-MG","Juventude","2","3","A","0","1","A","2","2","D"
"23118","27-11-24 01:30","Brazil","Serie A Betano","2024","Palmeiras","Botafogo RJ","1","3","A","0","1","A","1","2","A"
"23119","27-11-24 00:00","Brazil","Serie A Betano","2024","Fortaleza","Flamengo RJ","0","0","D","0","0","D","0","0","D"
"23120","26-11-24 23:00","Brazil","Serie A Betano","2024","Fluminense","Criciuma","0","0","D","0","0","D","0","0","D"
"23121","24-11-24 20:00","Brazil","Serie A Betano","2024","Bahia","Athletico-PR","1","1","D","0","0","D","1","1","D"
"23122","24-11-24 20:00","Brazil","Serie A Betano","2024","Corinthians","Vasco","3","1","H","3","0","H","0","1","A"
"23123","24-11-24 20:00","Brazil","Serie A Betano","2024","Internacional","Bragantino","4","1","H","2","1","H","2","0","H"
"23124","24-11-24 01:30","Brazil","Serie A Betano","2024","Sao Paulo","Atletico-MG","2","2","D","2","2","D","0","0","D"
"23125","23-11-24 23:30","Brazil","Serie A Betano","2024","Atletico GO","Palmeiras","0","1","A","0","1","A","0","0","D"
"23126","23-11-24 23:30","Brazil","Serie A Betano","2024","Botafogo RJ","Vitoria","1","1","D","0","1","A","1","0","H"
"23127","23-11-24 23:30","Brazil","Serie A Betano","2024","Juventude","Cuiaba","1","1","D","0","0","D","1","1","D"
"23128","23-11-24 01:30","Brazil","Serie A Betano","2024","Fluminense","Fortaleza","2","2","D","1","2","A","1","0","H"
"23129","22-11-24 00:00","Brazil","Serie A Betano","2024","Vasco","Internacional","0","1","A","0","0","D","0","1","A"
"23130","21-11-24 01:30","Brazil","Serie A Betano","2024","Atletico-MG","Botafogo RJ","0","0","D","0","0","D","0","0","D"
"23131","20-11-24 23:00","Brazil","Serie A Betano","2024","Cuiaba","Flamengo RJ","1","2","A","0","0","D","1","2","A"
"23132","20-11-24 23:00","Brazil","Serie A Betano","2024","Gremio","Juventude","2","2","D","1","1","D","1","1","D"
"23133","20-11-24 22:00","Brazil","Serie A Betano","2024","Bahia","Palmeiras","1","2","A","1","1","D","0","1","A"
"23134","20-11-24 20:30","Brazil","Serie A Betano","2024","Athletico-PR","Atletico GO","2","0","H","1","0","H","1","0","H"
"23135","20-11-24 20:30","Brazil","Serie A Betano","2024","Bragantino","Sao Paulo","1","1","D","1","1","D","0","0","D"
"23136","20-11-24 20:30","Brazil","Serie A Betano","2024","Criciuma","Vitoria","0","1","A","0","0","D","0","1","A"
"23137","20-11-24 15:00","Brazil","Serie A Betano","2024","Corinthians","Cruzeiro","2","1","H","2","1","H","0","0","D"
"23138","16-11-24 22:30","Brazil","Serie A Betano","2024","Athletico-PR","Atletico-MG","1","0","H","1","0","H","0","0","D"
"23139","14-11-24 00:00","Brazil","Serie A Betano","2024","Flamengo RJ","Atletico-MG","0","0","D","0","0","D","0","0","D"
"23140","10-11-24 01:00","Brazil","Serie A Betano","2024","Sao Paulo","Athletico-PR","2","1","H","0","0","D","2","1","H"
"23141","09-11-24 23:00","Brazil","Serie A Betano","2024","Atletico GO","Bragantino","0","0","D","0","0","D","0","0","D"
"23142","09-11-24 23:00","Brazil","Serie A Betano","2024","Cruzeiro","Criciuma","2","1","H","1","0","H","1","1","D"
"23143","09-11-24 23:00","Brazil","Serie A Betano","2024","Fortaleza","Vasco","3","0","H","1","0","H","2","0","H"
"23144","09-11-24 23:00","Brazil","Serie A Betano","2024","Juventude","Bahia","2","1","H","0","1","A","2","0","H"
"23145","09-11-24 20:30","Brazil","Serie A Betano","2024","Botafogo RJ","Cuiaba","0","0","D","0","0","D","0","0","D"
"23146","09-11-24 20:30","Brazil","Serie A Betano","2024","Vitoria","Corinthians","1","2","A","1","1","D","0","1","A"
"23147","09-11-24 01:30","Brazil","Serie A Betano","2024","Palmeiras","Gremio","1","0","H","0","0","D","1","0","H"
"23148","08-11-24 23:00","Brazil","Serie A Betano","2024","Internacional","Fluminense","2","0","H","0","0","D","2","0","H"
"23149","07-11-24 01:00","Brazil","Serie A Betano","2024","Atletico GO","Atletico-MG","1","0","H","0","0","D","1","0","H"
"23150","07-11-24 01:00","Brazil","Serie A Betano","2024","Cruzeiro","Flamengo RJ","0","1","A","0","0","D","0","1","A"
"23151","06-11-24 01:30","Brazil","Serie A Betano","2024","Bahia","Sao Paulo","0","3","A","0","1","A","0","2","A"
"23152","06-11-24 01:30","Brazil","Serie A Betano","2024","Botafogo RJ","Vasco","3","0","H","2","0","H","1","0","H"
"23153","06-11-24 01:30","Brazil","Serie A Betano","2024","Internacional","Criciuma","2","0","H","1","0","H","1","0","H"
"23154","05-11-24 00:00","Brazil","Serie A Betano","2024","Corinthians","Palmeiras","2","0","H","1","0","H","1","0","H"
"23155","02-11-24 22:30","Brazil","Serie A Betano","2024","Athletico-PR","Vitoria","1","2","A","1","1","D","0","1","A"
"23156","02-11-24 22:30","Brazil","Serie A Betano","2024","Juventude","Fortaleza","0","3","A","0","2","A","0","1","A"
"23157","02-11-24 20:00","Brazil","Serie A Betano","2024","Bragantino","Cuiaba","0","0","D","0","0","D","0","0","D"
"23158","02-11-24 01:00","Brazil","Serie A Betano","2024","Fluminense","Gremio","2","2","D","1","1","D","1","1","D"
"23159","30-10-24 23:00","Brazil","Serie A Betano","2024","Internacional","Flamengo RJ","1","1","D","0","1","A","1","0","H"
"23160","29-10-24 01:00","Brazil","Serie A Betano","2024","Vasco","Bahia","3","2","H","3","1","H","0","1","A"
"23161","28-10-24 23:00","Brazil","Serie A Betano","2024","Cuiaba","Corinthians","0","1","A","0","1","A","0","0","D"
"23162","27-10-24 02:00","Brazil","Serie A Betano","2024","Criciuma","Sao Paulo","1","1","D","1","0","H","0","1","A"
"23163","27-10-24 00:00","Brazil","Serie A Betano","2024","Atletico-MG","Internacional","1","3","A","1","2","A","0","1","A"
"23164","27-10-24 00:00","Brazil","Serie A Betano","2024","Bragantino","Botafogo RJ","0","1","A","0","0","D","0","1","A"
"23165","26-10-24 23:30","Brazil","Serie A Betano","2024","Athletico-PR","Cruzeiro","3","0","H","1","0","H","2","0","H"
"23166","26-10-24 21:30","Brazil","Serie A Betano","2024","Flamengo RJ","Juventude","4","2","H","1","1","D","3","1","H"
"23167","26-10-24 21:30","Brazil","Serie A Betano","2024","Gremio","Atletico GO","3","1","H","1","1","D","2","0","H"
"23168","26-10-24 21:30","Brazil","Serie A Betano","2024","Palmeiras","Fortaleza","2","2","D","1","1","D","1","1","D"
"23169","26-10-24 21:30","Brazil","Serie A Betano","2024","Vitoria","Fluminense","2","1","H","1","0","H","1","1","D"
"23170","25-10-24 00:00","Brazil","Serie A Betano","2024","Vasco","Cuiaba","1","0","H","0","0","D","1","0","H"
"23171","23-10-24 00:30","Brazil","Serie A Betano","2024","Fluminense","Athletico-PR","1","0","H","0","0","D","1","0","H"
"23172","21-10-24 01:00","Brazil","Serie A Betano","2024","Juventude","Palmeiras","3","5","A","1","2","A","2","3","A"
"23173","19-10-24 21:00","Brazil","Serie A Betano","2024","Internacional","Gremio","1","0","H","0","0","D","1","0","H"
"23174","19-10-24 21:00","Brazil","Serie A Betano","2024","Vitoria","Bragantino","1","0","H","0","0","D","1","0","H"
"23175","19-10-24 02:30","Brazil","Serie A Betano","2024","Cruzeiro","Bahia","1","1","D","0","0","D","1","1","D"
"23176","19-10-24 01:00","Brazil","Serie A Betano","2024","Botafogo RJ","Criciuma","1","1","D","0","0","D","1","1","D"
"23177","19-10-24 00:00","Brazil","Serie A Betano","2024","Atletico GO","Cuiaba","0","0","D","0","0","D","0","0","D"
"23178","18-10-24 01:00","Brazil","Serie A Betano","2024","Corinthians","Athletico-PR","5","2","H","2","2","D","3","0","H"
"23179","18-10-24 01:00","Brazil","Serie A Betano","2024","Flamengo RJ","Fluminense","0","2","A","0","0","D","0","2","A"
"23180","17-10-24 02:45","Brazil","Serie A Betano","2024","Fortaleza","Atletico-MG","1","1","D","1","0","H","0","1","A"
"23181","17-10-24 02:45","Brazil","Serie A Betano","2024","Sao Paulo","Vasco","3","0","H","1","0","H","2","0","H"
"23182","10-10-24 00:30","Brazil","Serie A Betano","2024","Atletico-MG","Gremio","2","1","H","2","1","H","0","0","D"
"23183","06-10-24 02:00","Brazil","Serie A Betano","2024","Vasco","Juventude","1","1","D","1","1","D","0","0","D"
"23184","06-10-24 00:00","Brazil","Serie A Betano","2024","Bahia","Flamengo RJ","0","2","A","0","1","A","0","1","A"
"23185","06-10-24 00:00","Brazil","Serie A Betano","2024","Corinthians","Internacional","2","2","D","1","1","D","1","1","D"
"23186","06-10-24 00:00","Brazil","Serie A Betano","2024","Cuiaba","Sao Paulo","2","0","H","2","0","H","0","0","D"
"23187","05-10-24 21:30","Brazil","Serie A Betano","2024","Athletico-PR","Botafogo RJ","0","1","A","0","1","A","0","0","D"
"23188","05-10-24 21:30","Brazil","Serie A Betano","2024","Atletico-MG","Vitoria","2","2","D","2","0","H","0","2","A"
"23189","05-10-24 21:30","Brazil","Serie A Betano","2024","Bragantino","Palmeiras","0","0","D","0","0","D","0","0","D"
"23190","05-10-24 02:30","Brazil","Serie A Betano","2024","Gremio","Fortaleza","3","1","H","1","1","D","2","0","H"
"23191","04-10-24 02:30","Brazil","Serie A Betano","2024","Fluminense","Cruzeiro","1","0","H","0","0","D","1","0","H"
"23192","04-10-24 00:00","Brazil","Serie A Betano","2024","Criciuma","Atletico GO","2","0","H","1","0","H","1","0","H"
"23193","30-09-24 01:00","Brazil","Serie A Betano","2024","Flamengo RJ","Athletico-PR","1","0","H","0","0","D","1","0","H"
"23194","29-09-24 23:30","Brazil","Serie A Betano","2024","Bahia","Criciuma","1","0","H","1","0","H","0","0","D"
"23195","29-09-24 23:30","Brazil","Serie A Betano","2024","Cruzeiro","Vasco","1","1","D","0","1","A","1","0","H"
"23196","29-09-24 23:30","Brazil","Serie A Betano","2024","Internacional","Vitoria","3","1","H","1","0","H","2","1","H"
"23197","29-09-24 21:00","Brazil","Serie A Betano","2024","Atletico GO","Fluminense","1","0","H","0","0","D","1","0","H"
"23198","29-09-24 21:00","Brazil","Serie A Betano","2024","Fortaleza","Cuiaba","1","0","H","1","0","H","0","0","D"
"23199","29-09-24 21:00","Brazil","Serie A Betano","2024","Sao Paulo","Corinthians","3","1","H","1","0","H","2","1","H"
"23200","29-09-24 16:00","Brazil","Serie A Betano","2024","Juventude","Bragantino","1","1","D","0","0","D","1","1","D"
"23201","29-09-24 02:00","Brazil","Serie A Betano","2024","Botafogo RJ","Gremio","0","0","D","0","0","D","0","0","D"
"23202","28-09-24 23:30","Brazil","Serie A Betano","2024","Palmeiras","Atletico-MG","2","1","H","1","0","H","1","1","D"
"23203","26-09-24 00:00","Brazil","Serie A Betano","2024","Bragantino","Internacional","2","2","D","1","1","D","1","1","D"
"23204","26-09-24 00:00","Brazil","Serie A Betano","2024","Gremio","Criciuma","1","2","A","0","1","A","1","1","D"
"23205","23-09-24 01:00","Brazil","Serie A Betano","2024","Criciuma","Athletico-PR","0","0","D","0","0","D","0","0","D"
"23206","22-09-24 23:30","Brazil","Serie A Betano","2024","Cuiaba","Cruzeiro","0","0","D","0","0","D","0","0","D"
"23207","22-09-24 23:30","Brazil","Serie A Betano","2024","Gremio","Flamengo RJ","3","2","H","1","1","D","2","1","H"
"23208","22-09-24 23:30","Brazil","Serie A Betano","2024","Sao Paulo","Internacional","1","3","A","1","1","D","0","2","A"
"23209","22-09-24 21:00","Brazil","Serie A Betano","2024","Atletico-MG","Bragantino","3","0","H","1","0","H","2","0","H"
"23210","22-09-24 21:00","Brazil","Serie A Betano","2024","Vasco","Palmeiras","0","1","A","0","1","A","0","0","D"
"23211","22-09-24 02:00","Brazil","Serie A Betano","2024","Fortaleza","Bahia","4","1","H","2","1","H","2","0","H"
"23212","21-09-24 23:30","Brazil","Serie A Betano","2024","Fluminense","Botafogo RJ","0","1","A","0","0","D","0","1","A"
"23213","21-09-24 21:00","Brazil","Serie A Betano","2024","Corinthians","Atletico GO","3","0","H","1","0","H","2","0","H"
"23214","21-09-24 21:00","Brazil","Serie A Betano","2024","Vitoria","Juventude","1","0","H","1","0","H","0","0","D"
"23215","17-09-24 01:00","Brazil","Serie A Betano","2024","Internacional","Cuiaba","3","0","H","2","0","H","1","0","H"
"23216","15-09-24 23:30","Brazil","Serie A Betano","2024","Bahia","Atletico-MG","3","0","H","0","0","D","3","0","H"
"23217","15-09-24 23:30","Brazil","Serie A Betano","2024","Cruzeiro","Sao Paulo","0","1","A","0","0","D","0","1","A"
"23218","15-09-24 23:30","Brazil","Serie A Betano","2024","Flamengo RJ","Vasco","1","1","D","0","0","D","1","1","D"
"23219","15-09-24 21:00","Brazil","Serie A Betano","2024","Bragantino","Gremio","2","2","D","1","1","D","1","1","D"
"23220","15-09-24 21:00","Brazil","Serie A Betano","2024","Juventude","Fluminense","2","1","H","0","1","A","2","0","H"
"23221","15-09-24 21:00","Brazil","Serie A Betano","2024","Palmeiras","Criciuma","5","0","H","3","0","H","2","0","H"
"23222","15-09-24 02:00","Brazil","Serie A Betano","2024","Botafogo RJ","Corinthians","2","1","H","1","0","H","1","1","D"
"23223","14-09-24 23:30","Brazil","Serie A Betano","2024","Athletico-PR","Fortaleza","1","1","D","1","1","D","0","0","D"
"23224","14-09-24 21:00","Brazil","Serie A Betano","2024","Atletico GO","Vitoria","0","2","A","0","1","A","0","1","A"
"23225","12-09-24 00:30","Brazil","Serie A Betano","2024","Internacional","Fortaleza","2","1","H","1","1","D","1","0","H"
"23226","06-09-24 01:00","Brazil","Serie A Betano","2024","Cuiaba","Juventude","0","0","D","0","0","D","0","0","D"
"23227","01-09-24 23:30","Brazil","Serie A Betano","2024","Athletico-PR","Palmeiras","0","2","A","0","1","A","0","1","A"
"23228","01-09-24 23:30","Brazil","Serie A Betano","2024","Bragantino","Bahia","2","1","H","0","0","D","2","1","H"
"23229","01-09-24 23:30","Brazil","Serie A Betano","2024","Fluminense","Sao Paulo","2","0","H","1","0","H","1","0","H"
"23230","01-09-24 23:30","Brazil","Serie A Betano","2024","Juventude","Internacional","1","3","A","0","2","A","1","1","D"
"23231","01-09-24 23:30","Brazil","Serie A Betano","2024","Vitoria","Vasco","0","1","A","0","0","D","0","1","A"
"23232","01-09-24 21:00","Brazil","Serie A Betano","2024","Corinthians","Flamengo RJ","2","1","H","1","1","D","1","0","H"
"23233","01-09-24 16:00","Brazil","Serie A Betano","2024","Cruzeiro","Atletico GO","3","1","H","2","1","H","1","0","H"
"23234","01-09-24 16:00","Brazil","Serie A Betano","2024","Gremio","Atletico-MG","2","3","A","2","0","H","0","3","A"
"23235","01-09-24 02:00","Brazil","Serie A Betano","2024","Botafogo RJ","Fortaleza","2","0","H","0","0","D","2","0","H"
"23236","31-08-24 23:30","Brazil","Serie A Betano","2024","Cuiaba","Criciuma","2","1","H","0","1","A","2","0","H"
"23237","29-08-24 00:30","Brazil","Serie A Betano","2024","Criciuma","Bragantino","1","0","H","1","0","H","0","0","D"
"23238","29-08-24 00:30","Brazil","Serie A Betano","2024","Cruzeiro","Internacional","0","0","D","0","0","D","0","0","D"
"23239","27-08-24 02:00","Brazil","Serie A Betano","2024","Vasco","Athletico-PR","2","1","H","0","1","A","2","0","H"
"23240","26-08-24 01:00","Brazil","Serie A Betano","2024","Flamengo RJ","Bragantino","2","1","H","1","0","H","1","1","D"
"23241","26-08-24 00:00","Brazil","Serie A Betano","2024","Internacional","Cruzeiro","1","0","H","0","0","D","1","0","H"
"23242","25-08-24 23:30","Brazil","Serie A Betano","2024","Sao Paulo","Vitoria","2","1","H","2","0","H","0","1","A"
"23243","25-08-24 21:00","Brazil","Serie A Betano","2024","Bahia","Botafogo RJ","0","0","D","0","0","D","0","0","D"
"23244","25-08-24 21:00","Brazil","Serie A Betano","2024","Criciuma","Gremio","0","1","A","0","0","D","0","1","A"
"23245","25-08-24 21:00","Brazil","Serie A Betano","2024","Fortaleza","Corinthians","1","0","H","0","0","D","1","0","H"
"23246","25-08-24 02:00","Brazil","Serie A Betano","2024","Atletico-MG","Fluminense","0","2","A","0","1","A","0","1","A"
"23247","24-08-24 23:30","Brazil","Serie A Betano","2024","Palmeiras","Cuiaba","5","0","H","4","0","H","1","0","H"
"23248","24-08-24 21:00","Brazil","Serie A Betano","2024","Atletico GO","Juventude","2","1","H","0","0","D","2","1","H"
"23249","20-08-24 01:00","Brazil","Serie A Betano","2024","Vitoria","Cruzeiro","2","2","D","2","0","H","0","2","A"
"23250","18-08-24 23:30","Brazil","Serie A Betano","2024","Athletico-PR","Juventude","1","2","A","1","1","D","0","1","A"
"23251","18-08-24 23:30","Brazil","Serie A Betano","2024","Botafogo RJ","Flamengo RJ","4","1","H","1","1","D","3","0","H"
"23252","18-08-24 21:00","Brazil","Serie A Betano","2024","Atletico GO","Internacional","1","0","H","0","0","D","1","0","H"
"23253","18-08-24 21:00","Brazil","Serie A Betano","2024","Criciuma","Vasco","2","2","D","1","2","A","1","0","H"
"23254","18-08-24 21:00","Brazil","Serie A Betano","2024","Palmeiras","Sao Paulo","2","1","H","0","0","D","2","1","H"
"23255","18-08-24 02:00","Brazil","Serie A Betano","2024","Fluminense","Corinthians","0","0","D","0","0","D","0","0","D"
"23256","17-08-24 23:30","Brazil","Serie A Betano","2024","Bragantino","Fortaleza","1","2","A","1","1","D","0","1","A"
"23257","17-08-24 21:00","Brazil","Serie A Betano","2024","Atletico-MG","Cuiaba","1","1","D","1","1","D","0","0","D"
"23258","17-08-24 21:00","Brazil","Serie A Betano","2024","Gremio","Bahia","0","2","A","0","1","A","0","1","A"
"23259","15-08-24 00:30","Brazil","Serie A Betano","2024","Internacional","Juventude","2","1","H","0","1","A","2","0","H"
"23260","12-08-24 00:00","Brazil","Serie A Betano","2024","Internacional","Athletico-PR","2","2","D","1","1","D","1","1","D"
"23261","11-08-24 21:00","Brazil","Serie A Betano","2024","Bahia","Vitoria","2","0","H","1","0","H","1","0","H"
"23262","11-08-24 21:00","Brazil","Serie A Betano","2024","Flamengo RJ","Palmeiras","1","1","D","0","0","D","1","1","D"
"23263","11-08-24 21:00","Brazil","Serie A Betano","2024","Sao Paulo","Atletico GO","1","0","H","1","0","H","0","0","D"
"23264","11-08-24 16:00","Brazil","Serie A Betano","2024","Juventude","Botafogo RJ","3","2","H","2","0","H","1","2","A"
"23265","11-08-24 02:30","Brazil","Serie A Betano","2024","Corinthians","Bragantino","1","1","D","0","1","A","1","0","H"
"23266","11-08-24 02:30","Brazil","Serie A Betano","2024","Cruzeiro","Atletico-MG","0","0","D","0","0","D","0","0","D"
"23267","11-08-24 02:30","Brazil","Serie A Betano","2024","Vasco","Fluminense","2","0","H","1","0","H","1","0","H"
"23268","11-08-24 00:00","Brazil","Serie A Betano","2024","Cuiaba","Gremio","1","3","A","0","1","A","1","2","A"
"23269","10-08-24 21:00","Brazil","Serie A Betano","2024","Fortaleza","Criciuma","1","0","H","0","0","D","1","0","H"
"23270","06-08-24 02:00","Brazil","Serie A Betano","2024","Cruzeiro","Fortaleza","1","2","A","1","2","A","0","0","D"
"23271","04-08-24 22:00","Brazil","Serie A Betano","2024","Internacional","Palmeiras","1","1","D","1","0","H","0","1","A"
"23272","04-08-24 21:00","Brazil","Serie A Betano","2024","Athletico-PR","Gremio","0","2","A","0","2","A","0","0","D"
"23273","04-08-24 21:00","Brazil","Serie A Betano","2024","Corinthians","Juventude","1","1","D","0","1","A","1","0","H"
"23274","04-08-24 21:00","Brazil","Serie A Betano","2024","Fluminense","Bahia","1","0","H","1","0","H","0","0","D"
"23275","04-08-24 02:30","Brazil","Serie A Betano","2024","Sao Paulo","Flamengo RJ","1","0","H","0","0","D","1","0","H"
"23276","04-08-24 01:00","Brazil","Serie A Betano","2024","Atletico GO","Botafogo RJ","1","4","A","1","1","D","0","3","A"
"23277","04-08-24 01:00","Brazil","Serie A Betano","2024","Criciuma","Atletico-MG","2","1","H","0","0","D","2","1","H"
"23278","04-08-24 00:00","Brazil","Serie A Betano","2024","Vasco","Bragantino","2","2","D","0","1","A","2","1","H"
"23279","03-08-24 21:00","Brazil","Serie A Betano","2024","Vitoria","Cuiaba","1","0","H","0","0","D","1","0","H"
"23280","29-07-24 00:00","Brazil","Serie A Betano","2024","Atletico-MG","Corinthians","2","1","H","1","1","D","1","0","H"
"23281","29-07-24 00:00","Brazil","Serie A Betano","2024","Cuiaba","Athletico-PR","1","2","A","0","1","A","1","1","D"
"23282","29-07-24 00:00","Brazil","Serie A Betano","2024","Gremio","Vasco","1","0","H","0","0","D","1","0","H"
"23283","28-07-24 21:00","Brazil","Serie A Betano","2024","Flamengo RJ","Atletico GO","2","0","H","1","0","H","1","0","H"
"23284","28-07-24 16:00","Brazil","Serie A Betano","2024","Bragantino","Fluminense","0","1","A","0","1","A","0","0","D"
"23285","28-07-24 02:30","Brazil","Serie A Betano","2024","Botafogo RJ","Cruzeiro","0","3","A","0","2","A","0","1","A"
"23286","28-07-24 02:30","Brazil","Serie A Betano","2024","Fortaleza","Sao Paulo","1","0","H","1","0","H","0","0","D"
"23287","28-07-24 01:00","Brazil","Serie A Betano","2024","Bahia","Internacional","1","1","D","1","0","H","0","1","A"
"23288","28-07-24 00:00","Brazil","Serie A Betano","2024","Juventude","Criciuma","1","2","A","0","0","D","1","2","A"
"23289","28-07-24 00:00","Brazil","Serie A Betano","2024","Palmeiras","Vitoria","0","2","A","0","0","D","0","2","A"
"23290","26-07-24 01:00","Brazil","Serie A Betano","2024","Corinthians","Gremio","2","2","D","1","1","D","1","1","D"
"23291","25-07-24 02:30","Brazil","Serie A Betano","2024","Atletico GO","Bahia","1","1","D","0","0","D","1","1","D"
"23292","25-07-24 02:30","Brazil","Serie A Betano","2024","Fluminense","Palmeiras","1","0","H","0","0","D","1","0","H"
"23293","25-07-24 01:00","Brazil","Serie A Betano","2024","Vitoria","Flamengo RJ","1","2","A","0","1","A","1","1","D"
"23294","25-07-24 00:30","Brazil","Serie A Betano","2024","Sao Paulo","Botafogo RJ","2","2","D","1","2","A","1","0","H"
"23295","25-07-24 00:00","Brazil","Serie A Betano","2024","Criciuma","Fortaleza","1","1","D","1","0","H","0","1","A"
"23296","25-07-24 00:00","Brazil","Serie A Betano","2024","Cruzeiro","Juventude","2","0","H","1","0","H","1","0","H"
"23297","22-07-24 01:00","Brazil","Serie A Betano","2024","Cuiaba","Fluminense","0","1","A","0","0","D","0","1","A"
"23298","21-07-24 23:30","Brazil","Serie A Betano","2024","Bragantino","Athletico-PR","1","0","H","1","0","H","0","0","D"
"23299","21-07-24 23:30","Brazil","Serie A Betano","2024","Fortaleza","Atletico GO","3","1","H","1","1","D","2","0","H"
"23300","21-07-24 23:30","Brazil","Serie A Betano","2024","Juventude","Sao Paulo","0","0","D","0","0","D","0","0","D"
"23301","21-07-24 21:00","Brazil","Serie A Betano","2024","Atletico-MG","Vasco","2","0","H","2","0","H","0","0","D"
"23302","21-07-24 21:00","Brazil","Serie A Betano","2024","Bahia","Corinthians","0","1","A","0","1","A","0","0","D"
"23303","21-07-24 16:00","Brazil","Serie A Betano","2024","Gremio","Vitoria","2","0","H","0","0","D","2","0","H"
"23304","21-07-24 02:00","Brazil","Serie A Betano","2024","Palmeiras","Cruzeiro","2","0","H","1","0","H","1","0","H"
"23305","20-07-24 23:30","Brazil","Serie A Betano","2024","Botafogo RJ","Internacional","1","0","H","1","0","H","0","0","D"
"23306","20-07-24 21:00","Brazil","Serie A Betano","2024","Flamengo RJ","Criciuma","2","1","H","0","1","A","2","0","H"
"23307","18-07-24 02:30","Brazil","Serie A Betano","2024","Botafogo RJ","Palmeiras","1","0","H","0","0","D","1","0","H"
"23308","18-07-24 02:30","Brazil","Serie A Betano","2024","Fortaleza","Vitoria","3","1","H","2","0","H","1","1","D"
"23309","18-07-24 01:00","Brazil","Serie A Betano","2024","Sao Paulo","Gremio","1","0","H","1","0","H","0","0","D"
"23310","18-07-24 00:00","Brazil","Serie A Betano","2024","Atletico GO","Vasco","0","1","A","0","0","D","0","1","A"
"23311","17-07-24 02:00","Brazil","Serie A Betano","2024","Corinthians","Criciuma","2","1","H","0","1","A","2","0","H"
"23312","17-07-24 00:00","Brazil","Serie A Betano","2024","Juventude","Atletico-MG","1","1","D","1","1","D","0","0","D"
"23313","13-07-24 21:00","Brazil","Serie A Betano","2024","Bahia","Cuiaba","1","2","A","0","1","A","1","1","D"
"23314","13-07-24 21:00","Brazil","Serie A Betano","2024","Cruzeiro","Bragantino","2","1","H","1","0","H","1","1","D"
"23315","12-07-24 02:30","Brazil","Serie A Betano","2024","Atletico-MG","Sao Paulo","2","1","H","2","1","H","0","0","D"
"23316","12-07-24 02:30","Brazil","Serie A Betano","2024","Vitoria","Botafogo RJ","0","1","A","0","0","D","0","1","A"
"23317","12-07-24 01:00","Brazil","Serie A Betano","2024","Criciuma","Fluminense","1","1","D","0","0","D","1","1","D"
"23318","12-07-24 01:00","Brazil","Serie A Betano","2024","Flamengo RJ","Fortaleza","1","2","A","1","1","D","0","1","A"
"23319","12-07-24 00:30","Brazil","Serie A Betano","2024","Palmeiras","Atletico GO","3","1","H","1","1","D","2","0","H"
"23320","11-07-24 00:00","Brazil","Serie A Betano","2024","Athletico-PR","Bahia","1","3","A","0","2","A","1","1","D"
"23321","11-07-24 00:00","Brazil","Serie A Betano","2024","Vasco","Corinthians","2","0","H","0","0","D","2","0","H"
"23322","10-07-24 23:30","Brazil","Serie A Betano","2024","Gremio","Cruzeiro","0","2","A","0","2","A","0","0","D"
"23323","08-07-24 01:30","Brazil","Serie A Betano","2024","Botafogo RJ","Atletico-MG","3","0","H","1","0","H","2","0","H"
"23324","07-07-24 23:30","Brazil","Serie A Betano","2024","Atletico GO","Athletico-PR","1","2","A","0","0","D","1","2","A"
"23325","07-07-24 23:30","Brazil","Serie A Betano","2024","Palmeiras","Bahia","2","0","H","1","0","H","1","0","H"
"23326","07-07-24 23:30","Brazil","Serie A Betano","2024","Vitoria","Criciuma","2","1","H","2","1","H","0","0","D"
"23327","07-07-24 23:00","Brazil","Serie A Betano","2024","Internacional","Vasco","1","2","A","0","0","D","1","2","A"
"23328","07-07-24 21:00","Brazil","Serie A Betano","2024","Cruzeiro","Corinthians","3","0","H","2","0","H","1","0","H"
"23329","07-07-24 21:00","Brazil","Serie A Betano","2024","Fortaleza","Fluminense","1","0","H","0","0","D","1","0","H"
"23330","07-07-24 21:00","Brazil","Serie A Betano","2024","Juventude","Gremio","3","0","H","2","0","H","1","0","H"
"23331","07-07-24 01:00","Brazil","Serie A Betano","2024","Flamengo RJ","Cuiaba","1","1","D","0","1","A","1","0","H"
"23332","07-07-24 01:00","Brazil","Serie A Betano","2024","Sao Paulo","Bragantino","2","0","H","0","0","D","2","0","H"
"23333","05-07-24 01:00","Brazil","Serie A Betano","2024","Corinthians","Vitoria","3","2","H","2","1","H","1","1","D"
"23334","05-07-24 01:00","Brazil","Serie A Betano","2024","Fluminense","Internacional","1","1","D","1","1","D","0","0","D"
"23335","05-07-24 00:00","Brazil","Serie A Betano","2024","Bahia","Juventude","2","0","H","0","0","D","2","0","H"
"23336","05-07-24 00:00","Brazil","Serie A Betano","2024","Gremio","Palmeiras","2","2","D","1","0","H","1","2","A"
"23337","04-07-24 02:30","Brazil","Serie A Betano","2024","Athletico-PR","Sao Paulo","1","2","A","1","1","D","0","1","A"
"23338","04-07-24 02:30","Brazil","Serie A Betano","2024","Atletico-MG","Flamengo RJ","2","4","A","0","2","A","2","2","D"
"23339","04-07-24 02:30","Brazil","Serie A Betano","2024","Bragantino","Atletico GO","3","1","H","3","1","H","0","0","D"
"23340","04-07-24 01:00","Brazil","Serie A Betano","2024","Criciuma","Cruzeiro","1","0","H","0","0","D","1","0","H"
"23341","04-07-24 01:00","Brazil","Serie A Betano","2024","Vasco","Fortaleza","2","0","H","1","0","H","1","0","H"
"23342","04-07-24 00:00","Brazil","Serie A Betano","2024","Cuiaba","Botafogo RJ","1","2","A","1","1","D","0","1","A"
"23343","02-07-24 01:00","Brazil","Serie A Betano","2024","Palmeiras","Corinthians","2","0","H","0","0","D","2","0","H"
"23344","30-06-24 23:30","Brazil","Serie A Betano","2024","Criciuma","Internacional","1","1","D","0","1","A","1","0","H"
"23345","30-06-24 23:30","Brazil","Serie A Betano","2024","Flamengo RJ","Cruzeiro","2","1","H","1","1","D","1","0","H"
"23346","30-06-24 23:30","Brazil","Serie A Betano","2024","Vitoria","Athletico-PR","0","1","A","0","0","D","0","1","A"
"23347","30-06-24 21:00","Brazil","Serie A Betano","2024","Fortaleza","Juventude","2","1","H","2","0","H","0","1","A"
"23348","30-06-24 21:00","Brazil","Serie A Betano","2024","Gremio","Fluminense","1","0","H","0","0","D","1","0","H"
"23349","30-06-24 21:00","Brazil","Serie A Betano","2024","Sao Paulo","Bahia","3","1","H","2","0","H","1","1","D"
"23350","30-06-24 16:00","Brazil","Serie A Betano","2024","Atletico-MG","Atletico GO","1","1","D","1","1","D","0","0","D"
"23351","29-06-24 23:30","Brazil","Serie A Betano","2024","Cuiaba","Bragantino","1","1","D","1","1","D","0","0","D"
"23352","29-06-24 23:30","Brazil","Serie A Betano","2024","Vasco","Botafogo RJ","1","1","D","0","0","D","1","1","D"
"23353","28-06-24 01:00","Brazil","Serie A Betano","2024","Sao Paulo","Criciuma","2","1","H","2","0","H","0","1","A"
"23354","28-06-24 00:00","Brazil","Serie A Betano","2024","Fluminense","Vitoria","0","1","A","0","0","D","0","1","A"
"23355","27-06-24 02:30","Brazil","Serie A Betano","2024","Bahia","Vasco","2","1","H","1","1","D","1","0","H"
"23356","27-06-24 02:30","Brazil","Serie A Betano","2024","Fortaleza","Palmeiras","3","0","H","1","0","H","2","0","H"
"23357","27-06-24 02:30","Brazil","Serie A Betano","2024","Internacional","Atletico-MG","1","2","A","0","0","D","1","2","A"
"23358","27-06-24 01:00","Brazil","Serie A Betano","2024","Atletico GO","Gremio","1","1","D","0","0","D","1","1","D"
"23359","27-06-24 01:00","Brazil","Serie A Betano","2024","Corinthians","Cuiaba","1","1","D","0","1","A","1","0","H"
"23360","27-06-24 01:00","Brazil","Serie A Betano","2024","Juventude","Flamengo RJ","2","1","H","1","1","D","1","0","H"
"23361","27-06-24 00:00","Brazil","Serie A Betano","2024","Botafogo RJ","Bragantino","2","1","H","1","1","D","1","0","H"
"23362","27-06-24 00:00","Brazil","Serie A Betano","2024","Cruzeiro","Athletico-PR","2","0","H","1","0","H","1","0","H"
"23363","23-06-24 23:30","Brazil","Serie A Betano","2024","Atletico-MG","Fortaleza","1","1","D","0","1","A","1","0","H"
"23364","23-06-24 23:30","Brazil","Serie A Betano","2024","Bragantino","Vitoria","2","1","H","1","1","D","1","0","H"
"23365","23-06-24 23:30","Brazil","Serie A Betano","2024","Palmeiras","Juventude","3","1","H","0","0","D","3","1","H"
"23366","23-06-24 21:00","Brazil","Serie A Betano","2024","Athletico-PR","Corinthians","1","1","D","1","0","H","0","1","A"
"23367","23-06-24 21:00","Brazil","Serie A Betano","2024","Bahia","Cruzeiro","4","1","H","1","1","D","3","0","H"
"23368","23-06-24 21:00","Brazil","Serie A Betano","2024","Fluminense","Flamengo RJ","0","1","A","0","0","D","0","1","A"
"23369","23-06-24 02:30","Brazil","Serie A Betano","2024","Vasco","Sao Paulo","4","1","H","2","1","H","2","0","H"
"23370","22-06-24 23:30","Brazil","Serie A Betano","2024","Cuiaba","Atletico GO","0","0","D","0","0","D","0","0","D"
"23371","22-06-24 22:30","Brazil","Serie A Betano","2024","Gremio","Internacional","0","1","A","0","0","D","0","1","A"
"23372","22-06-24 21:00","Brazil","Serie A Betano","2024","Criciuma","Botafogo RJ","2","1","H","1","0","H","1","1","D"
"23373","21-06-24 02:30","Brazil","Serie A Betano","2024","Palmeiras","Bragantino","2","1","H","1","0","H","1","1","D"
"23374","21-06-24 01:00","Brazil","Serie A Betano","2024","Flamengo RJ","Bahia","2","1","H","1","1","D","1","0","H"
"23375","20-06-24 23:30","Brazil","Serie A Betano","2024","Vitoria","Atletico-MG","4","2","H","2","1","H","2","1","H"
"23376","20-06-24 02:30","Brazil","Serie A Betano","2024","Cruzeiro","Fluminense","2","0","H","1","0","H","1","0","H"
"23377","20-06-24 02:30","Brazil","Serie A Betano","2024","Internacional","Corinthians","1","0","H","1","0","H","0","0","D"
"23378","20-06-24 01:00","Brazil","Serie A Betano","2024","Fortaleza","Gremio","1","0","H","1","0","H","0","0","D"
"23379","20-06-24 01:00","Brazil","Serie A Betano","2024","Juventude","Vasco","2","0","H","0","0","D","2","0","H"
"23380","20-06-24 01:00","Brazil","Serie A Betano","2024","Sao Paulo","Cuiaba","0","1","A","0","0","D","0","1","A"
"23381","20-06-24 00:00","Brazil","Serie A Betano","2024","Atletico GO","Criciuma","1","2","A","1","0","H","0","2","A"
"23382","20-06-24 00:00","Brazil","Serie A Betano","2024","Botafogo RJ","Athletico-PR","1","1","D","0","0","D","1","1","D"
"23383","18-06-24 01:30","Brazil","Serie A Betano","2024","Atletico-MG","Palmeiras","0","4","A","0","1","A","0","3","A"
"23384","16-06-24 23:30","Brazil","Serie A Betano","2024","Criciuma","Bahia","2","2","D","1","0","H","1","2","A"
"23385","16-06-24 23:30","Brazil","Serie A Betano","2024","Cuiaba","Fortaleza","5","0","H","4","0","H","1","0","H"
"23386","16-06-24 23:30","Brazil","Serie A Betano","2024","Gremio","Botafogo RJ","1","2","A","1","1","D","0","1","A"
"23387","16-06-24 23:30","Brazil","Serie A Betano","2024","Vasco","Cruzeiro","0","0","D","0","0","D","0","0","D"
"23388","16-06-24 21:00","Brazil","Serie A Betano","2024","Athletico-PR","Flamengo RJ","1","1","D","0","0","D","1","1","D"
"23389","16-06-24 21:00","Brazil","Serie A Betano","2024","Corinthians","Sao Paulo","2","2","D","2","2","D","0","0","D"
"23390","16-06-24 21:00","Brazil","Serie A Betano","2024","Vitoria","Internacional","2","1","H","1","0","H","1","1","D"
"23391","16-06-24 02:00","Brazil","Serie A Betano","2024","Fluminense","Atletico GO","1","2","A","1","0","H","0","2","A"
"23392","15-06-24 23:30","Brazil","Serie A Betano","2024","Bragantino","Juventude","2","1","H","1","1","D","1","0","H"
"23393","14-06-24 02:30","Brazil","Serie A Betano","2024","Bahia","Fortaleza","1","0","H","0","0","D","1","0","H"
"23394","14-06-24 02:30","Brazil","Serie A Betano","2024","Palmeiras","Vasco","2","0","H","1","0","H","1","0","H"
"23395","14-06-24 01:00","Brazil","Serie A Betano","2024","Athletico-PR","Criciuma","3","1","H","1","1","D","2","0","H"
"23396","14-06-24 01:00","Brazil","Serie A Betano","2024","Flamengo RJ","Gremio","2","1","H","1","0","H","1","1","D"
"23397","14-06-24 01:00","Brazil","Serie A Betano","2024","Internacional","Sao Paulo","0","0","D","0","0","D","0","0","D"
"23398","14-06-24 00:00","Brazil","Serie A Betano","2024","Cruzeiro","Cuiaba","2","1","H","1","0","H","1","1","D"
"23399","12-06-24 02:30","Brazil","Serie A Betano","2024","Bragantino","Atletico-MG","1","2","A","1","2","A","0","0","D"
"23400","12-06-24 01:00","Brazil","Serie A Betano","2024","Botafogo RJ","Fluminense","1","0","H","0","0","D","1","0","H"
"23401","12-06-24 00:00","Brazil","Serie A Betano","2024","Atletico GO","Corinthians","2","2","D","0","1","A","2","1","H"
"23402","12-06-24 00:00","Brazil","Serie A Betano","2024","Juventude","Vitoria","1","1","D","1","1","D","0","0","D"
"23403","09-06-24 21:00","Brazil","Serie A Betano","2024","Criciuma","Cuiaba","2","5","A","0","3","A","2","2","D"
"23404","06-06-24 01:00","Brazil","Serie A Betano","2024","Cuiaba","Vitoria","0","0","D","0","0","D","0","0","D"
"23405","06-06-24 00:00","Brazil","Serie A Betano","2024","Juventude","Atletico GO","1","0","H","1","0","H","0","0","D"
"23406","02-06-24 23:30","Brazil","Serie A Betano","2024","Fortaleza","Athletico-PR","1","0","H","1","0","H","0","0","D"
"23407","02-06-24 23:30","Brazil","Serie A Betano","2024","Sao Paulo","Cruzeiro","2","0","H","1","0","H","1","0","H"
"23408","02-06-24 21:00","Brazil","Serie A Betano","2024","Atletico-MG","Bahia","1","1","D","0","0","D","1","1","D"
"23409","02-06-24 21:00","Brazil","Serie A Betano","2024","Criciuma","Palmeiras","1","2","A","0","0","D","1","2","A"
"23410","02-06-24 21:00","Brazil","Serie A Betano","2024","Vasco","Flamengo RJ","1","6","A","1","3","A","0","3","A"
"23411","02-06-24 02:00","Brazil","Serie A Betano","2024","Corinthians","Botafogo RJ","0","1","A","0","0","D","0","1","A"
"23412","01-06-24 23:30","Brazil","Serie A Betano","2024","Cuiaba","Internacional","0","1","A","0","0","D","0","1","A"
"23413","01-06-24 23:30","Brazil","Serie A Betano","2024","Fluminense","Juventude","1","1","D","1","0","H","0","1","A"
"23414","01-06-24 21:00","Brazil","Serie A Betano","2024","Gremio","Bragantino","0","2","A","0","1","A","0","1","A"
"23415","01-06-24 21:00","Brazil","Serie A Betano","2024","Vitoria","Atletico GO","0","2","A","0","1","A","0","1","A"
"23416","14-05-24 01:00","Brazil","Serie A Betano","2024","Sao Paulo","Fluminense","2","1","H","1","1","D","1","0","H"
"23417","12-05-24 23:30","Brazil","Serie A Betano","2024","Bahia","Bragantino","1","0","H","1","0","H","0","0","D"
"23418","12-05-24 23:30","Brazil","Serie A Betano","2024","Vasco","Vitoria","2","1","H","0","0","D","2","1","H"
"23419","12-05-24 21:00","Brazil","Serie A Betano","2024","Atletico GO","Cruzeiro","0","1","A","0","0","D","0","1","A"
"23420","12-05-24 21:00","Brazil","Serie A Betano","2024","Fortaleza","Botafogo RJ","1","1","D","1","1","D","0","0","D"
"23421","12-05-24 21:00","Brazil","Serie A Betano","2024","Palmeiras","Athletico-PR","0","2","A","0","1","A","0","1","A"
"23422","11-05-24 21:00","Brazil","Serie A Betano","2024","Flamengo RJ","Corinthians","2","0","H","1","0","H","1","0","H"
"23423","05-05-24 23:30","Brazil","Serie A Betano","2024","Botafogo RJ","Bahia","1","2","A","0","1","A","1","1","D"
"23424","05-05-24 23:30","Brazil","Serie A Betano","2024","Cuiaba","Palmeiras","0","2","A","0","1","A","0","1","A"
"23425","05-05-24 21:00","Brazil","Serie A Betano","2024","Athletico-PR","Vasco","1","0","H","1","0","H","0","0","D"
"23426","05-05-24 21:00","Brazil","Serie A Betano","2024","Vitoria","Sao Paulo","1","3","A","0","1","A","1","2","A"
"23427","05-05-24 02:00","Brazil","Serie A Betano","2024","Corinthians","Fortaleza","0","0","D","0","0","D","0","0","D"
"23428","04-05-24 23:30","Brazil","Serie A Betano","2024","Bragantino","Flamengo RJ","1","1","D","1","0","H","0","1","A"
"23429","04-05-24 21:00","Brazil","Serie A Betano","2024","Fluminense","Atletico-MG","2","2","D","1","0","H","1","2","A"
"23430","30-04-24 01:00","Brazil","Serie A Betano","2024","Sao Paulo","Palmeiras","0","0","D","0","0","D","0","0","D"
"23431","29-04-24 01:00","Brazil","Serie A Betano","2024","Internacional","Atletico GO","1","1","D","0","0","D","1","1","D"
"23432","28-04-24 23:30","Brazil","Serie A Betano","2024","Fortaleza","Bragantino","1","1","D","1","1","D","0","0","D"
"23433","28-04-24 23:30","Brazil","Serie A Betano","2024","Juventude","Athletico-PR","1","1","D","1","0","H","0","1","A"
"23434","28-04-24 21:00","Brazil","Serie A Betano","2024","Corinthians","Fluminense","3","0","H","2","0","H","1","0","H"
"23435","28-04-24 21:00","Brazil","Serie A Betano","2024","Cruzeiro","Vitoria","3","1","H","0","0","D","3","1","H"
"23436","28-04-24 16:00","Brazil","Serie A Betano","2024","Flamengo RJ","Botafogo RJ","0","2","A","0","0","D","0","2","A"
"23437","28-04-24 02:00","Brazil","Serie A Betano","2024","Bahia","Gremio","1","0","H","1","0","H","0","0","D"
"23438","27-04-24 23:30","Brazil","Serie A Betano","2024","Cuiaba","Atletico-MG","0","3","A","0","1","A","0","2","A"
"23439","27-04-24 21:00","Brazil","Serie A Betano","2024","Vasco","Criciuma","0","4","A","0","1","A","0","3","A"
"23440","21-04-24 23:30","Brazil","Serie A Betano","2024","Atletico GO","Sao Paulo","0","3","A","0","1","A","0","2","A"
"23441","21-04-24 23:30","Brazil","Serie A Betano","2024","Botafogo RJ","Juventude","5","1","H","2","0","H","3","1","H"
"23442","21-04-24 21:00","Brazil","Serie A Betano","2024","Athletico-PR","Internacional","1","0","H","0","0","D","1","0","H"
"23443","21-04-24 21:00","Brazil","Serie A Betano","2024","Palmeiras","Flamengo RJ","0","0","D","0","0","D","0","0","D"
"23444","21-04-24 21:00","Brazil","Serie A Betano","2024","Vitoria","Bahia","2","2","D","1","0","H","1","2","A"
"23445","21-04-24 02:00","Brazil","Serie A Betano","2024","Atletico-MG","Cruzeiro","3","0","H","3","0","H","0","0","D"
"23446","20-04-24 23:30","Brazil","Serie A Betano","2024","Bragantino","Corinthians","1","0","H","1","0","H","0","0","D"
"23447","20-04-24 23:30","Brazil","Serie A Betano","2024","Gremio","Cuiaba","1","0","H","1","0","H","0","0","D"
"23448","20-04-24 21:00","Brazil","Serie A Betano","2024","Fluminense","Vasco","2","1","H","1","0","H","1","1","D"
"23449","19-04-24 02:30","Brazil","Serie A Betano","2024","Botafogo RJ","Atletico GO","1","0","H","1","0","H","0","0","D"
"23450","18-04-24 02:30","Brazil","Serie A Betano","2024","Flamengo RJ","Sao Paulo","2","1","H","1","0","H","1","1","D"
"23451","18-04-24 01:00","Brazil","Serie A Betano","2024","Atletico-MG","Criciuma","1","1","D","1","0","H","0","1","A"
"23452","18-04-24 01:00","Brazil","Serie A Betano","2024","Fortaleza","Cruzeiro","1","1","D","1","0","H","0","1","A"
"23453","18-04-24 01:00","Brazil","Serie A Betano","2024","Juventude","Corinthians","2","0","H","0","0","D","2","0","H"
"23454","18-04-24 01:00","Brazil","Serie A Betano","2024","Palmeiras","Internacional","0","1","A","0","1","A","0","0","D"
"23455","18-04-24 00:00","Brazil","Serie A Betano","2024","Bragantino","Vasco","2","1","H","1","0","H","1","1","D"
"23456","18-04-24 00:00","Brazil","Serie A Betano","2024","Gremio","Athletico-PR","2","0","H","1","0","H","1","0","H"
"23457","17-04-24 02:30","Brazil","Serie A Betano","2024","Bahia","Fluminense","2","1","H","1","1","D","1","0","H"
"23458","14-04-24 23:30","Brazil","Serie A Betano","2024","Vitoria","Palmeiras","0","1","A","0","1","A","0","0","D"
"23459","14-04-24 22:00","Brazil","Serie A Betano","2024","Cruzeiro","Botafogo RJ","3","2","H","1","1","D","2","1","H"
"23460","14-04-24 21:00","Brazil","Serie A Betano","2024","Athletico-PR","Cuiaba","4","0","H","3","0","H","1","0","H"
"23461","14-04-24 21:00","Brazil","Serie A Betano","2024","Atletico GO","Flamengo RJ","1","2","A","0","1","A","1","1","D"
"23462","14-04-24 21:00","Brazil","Serie A Betano","2024","Corinthians","Atletico-MG","0","0","D","0","0","D","0","0","D"
"23463","14-04-24 21:00","Brazil","Serie A Betano","2024","Vasco","Gremio","2","1","H","2","0","H","0","1","A"
"23464","14-04-24 02:00","Brazil","Serie A Betano","2024","Fluminense","Bragantino","2","2","D","1","0","H","1","2","A"
"23465","14-04-24 02:00","Brazil","Serie A Betano","2024","Sao Paulo","Fortaleza","1","2","A","0","0","D","1","2","A"
"23466","13-04-24 23:30","Brazil","Serie A Betano","2024","Criciuma","Juventude","1","1","D","1","0","H","0","1","A"
"23467","13-04-24 23:30","Brazil","Serie A Betano","2024","Internacional","Bahia","2","1","H","0","0","D","2","1","H"
"23468","07-12-23 01:30","Brazil","Serie A Betano","2023","Bahia","Atletico-MG","4","1","H","2","1","H","2","0","H"
"23469","07-12-23 01:30","Brazil","Serie A Betano","2023","Coritiba","Corinthians","0","2","A","0","2","A","0","0","D"
"23470","07-12-23 01:30","Brazil","Serie A Betano","2023","Cruzeiro","Palmeiras","1","1","D","0","1","A","1","0","H"
"23471","07-12-23 01:30","Brazil","Serie A Betano","2023","Cuiaba","Athletico-PR","3","0","H","2","0","H","1","0","H"
"23472","07-12-23 01:30","Brazil","Serie A Betano","2023","Fluminense","Gremio","2","3","A","1","2","A","1","1","D"
"23473","07-12-23 01:30","Brazil","Serie A Betano","2023","Internacional","Botafogo RJ","3","1","H","1","0","H","2","1","H"
"23474","07-12-23 01:30","Brazil","Serie A Betano","2023","Santos","Fortaleza","1","2","A","0","1","A","1","1","D"
"23475","07-12-23 01:30","Brazil","Serie A Betano","2023","Sao Paulo","Flamengo RJ","1","0","H","1","0","H","0","0","D"
"23476","07-12-23 01:30","Brazil","Serie A Betano","2023","Vasco","Bragantino","2","1","H","1","0","H","1","1","D"
"23477","06-12-23 23:00","Brazil","Serie A Betano","2023","Goias","America MG","1","0","H","1","0","H","0","0","D"
"23478","03-12-23 22:30","Brazil","Serie A Betano","2023","America MG","Bahia","3","2","H","2","1","H","1","1","D"
"23479","03-12-23 22:30","Brazil","Serie A Betano","2023","Athletico-PR","Santos","3","0","H","1","0","H","2","0","H"
"23480","03-12-23 22:30","Brazil","Serie A Betano","2023","Botafogo RJ","Cruzeiro","0","0","D","0","0","D","0","0","D"
"23481","03-12-23 22:30","Brazil","Serie A Betano","2023","Bragantino","Coritiba","1","0","H","0","0","D","1","0","H"
"23482","03-12-23 22:30","Brazil","Serie A Betano","2023","Fortaleza","Goias","1","0","H","1","0","H","0","0","D"
"23483","03-12-23 22:30","Brazil","Serie A Betano","2023","Gremio","Vasco","1","0","H","0","0","D","1","0","H"
"23484","03-12-23 20:00","Brazil","Serie A Betano","2023","Flamengo RJ","Cuiaba","2","1","H","2","0","H","0","1","A"
"23485","03-12-23 20:00","Brazil","Serie A Betano","2023","Palmeiras","Fluminense","1","0","H","1","0","H","0","0","D"
"23486","03-12-23 01:00","Brazil","Serie A Betano","2023","Atletico-MG","Sao Paulo","2","1","H","0","0","D","2","1","H"
"23487","02-12-23 22:00","Brazil","Serie A Betano","2023","Corinthians","Internacional","1","2","A","0","1","A","1","1","D"
"23488","01-12-23 00:30","Brazil","Serie A Betano","2023","Bragantino","Fortaleza","1","2","A","1","2","A","0","0","D"
"23489","01-12-23 00:00","Brazil","Serie A Betano","2023","Cruzeiro","Athletico-PR","1","1","D","0","0","D","1","1","D"
"23490","30-11-23 23:00","Brazil","Serie A Betano","2023","Gremio","Goias","2","1","H","0","1","A","2","0","H"
"23491","30-11-23 01:30","Brazil","Serie A Betano","2023","Coritiba","Botafogo RJ","1","1","D","0","0","D","1","1","D"
"23492","30-11-23 01:30","Brazil","Serie A Betano","2023","Palmeiras","America MG","4","0","H","2","0","H","2","0","H"
"23493","30-11-23 00:00","Brazil","Serie A Betano","2023","Bahia","Sao Paulo","0","1","A","0","0","D","0","1","A"
"23494","30-11-23 00:00","Brazil","Serie A Betano","2023","Cuiaba","Internacional","0","2","A","0","0","D","0","2","A"
"23495","29-11-23 23:30","Brazil","Serie A Betano","2023","Flamengo RJ","Atletico-MG","0","3","A","0","1","A","0","2","A"
"23496","29-11-23 23:00","Brazil","Serie A Betano","2023","Santos","Fluminense","0","3","A","0","2","A","0","1","A"
"23497","29-11-23 01:30","Brazil","Serie A Betano","2023","Vasco","Corinthians","2","4","A","2","2","D","0","2","A"
"23498","28-11-23 01:00","Brazil","Serie A Betano","2023","Goias","Cruzeiro","0","1","A","0","0","D","0","1","A"
"23499","26-11-23 22:30","Brazil","Serie A Betano","2023","America MG","Flamengo RJ","0","3","A","0","1","A","0","2","A"
"23500","26-11-23 22:30","Brazil","Serie A Betano","2023","Fortaleza","Palmeiras","2","2","D","1","0","H","1","2","A"
"23501","26-11-23 22:30","Brazil","Serie A Betano","2023","Internacional","Bragantino","1","0","H","1","0","H","0","0","D"
"23502","26-11-23 22:30","Brazil","Serie A Betano","2023","Sao Paulo","Cuiaba","0","0","D","0","0","D","0","0","D"
"23503","26-11-23 20:00","Brazil","Serie A Betano","2023","Atletico-MG","Gremio","3","0","H","1","0","H","2","0","H"
"23504","26-11-23 20:00","Brazil","Serie A Betano","2023","Botafogo RJ","Santos","1","1","D","1","0","H","0","1","A"
"23505","26-11-23 01:00","Brazil","Serie A Betano","2023","Fluminense","Coritiba","2","1","H","1","0","H","1","1","D"
"23506","25-11-23 23:30","Brazil","Serie A Betano","2023","Athletico-PR","Vasco","0","0","D","0","0","D","0","0","D"
"23507","25-11-23 01:00","Brazil","Serie A Betano","2023","Corinthians","Bahia","1","5","A","0","3","A","1","2","A"
"23508","24-11-23 01:30","Brazil","Serie A Betano","2023","Flamengo RJ","Bragantino","1","0","H","0","0","D","1","0","H"
"23509","23-11-23 23:00","Brazil","Serie A Betano","2023","Fortaleza","Botafogo RJ","2","2","D","2","1","H","0","1","A"
"23510","23-11-23 01:30","Brazil","Serie A Betano","2023","Fluminense","Sao Paulo","1","0","H","0","0","D","1","0","H"
"23511","22-11-23 23:00","Brazil","Serie A Betano","2023","Cruzeiro","Vasco","2","2","D","2","1","H","0","1","A"
"23512","18-11-23 22:30","Brazil","Serie A Betano","2023","Fortaleza","Cruzeiro","0","1","A","0","0","D","0","1","A"
"23513","12-11-23 22:30","Brazil","Serie A Betano","2023","Atletico-MG","Goias","2","1","H","1","0","H","1","1","D"
"23514","12-11-23 22:30","Brazil","Serie A Betano","2023","Bahia","Athletico-PR","1","1","D","0","0","D","1","1","D"
"23515","12-11-23 22:30","Brazil","Serie A Betano","2023","Cuiaba","Fortaleza","2","1","H","1","0","H","1","1","D"
"23516","12-11-23 22:30","Brazil","Serie A Betano","2023","Santos","Sao Paulo","0","0","D","0","0","D","0","0","D"
"23517","12-11-23 22:30","Brazil","Serie A Betano","2023","Vasco","America MG","2","1","H","1","1","D","1","0","H"
"23518","12-11-23 20:00","Brazil","Serie A Betano","2023","Bragantino","Botafogo RJ","2","2","D","1","2","A","1","0","H"
"23519","12-11-23 20:00","Brazil","Serie A Betano","2023","Gremio","Corinthians","0","1","A","0","1","A","0","0","D"
"23520","12-11-23 01:00","Brazil","Serie A Betano","2023","Palmeiras","Internacional","3","0","H","1","0","H","2","0","H"
"23521","11-11-23 22:30","Brazil","Serie A Betano","2023","Flamengo RJ","Fluminense","1","1","D","1","0","H","0","1","A"
"23522","11-11-23 20:00","Brazil","Serie A Betano","2023","Coritiba","Cruzeiro","1","0","H","0","0","D","1","0","H"
"23523","10-11-23 00:00","Brazil","Serie A Betano","2023","Bahia","Cuiaba","0","3","A","0","1","A","0","2","A"
"23524","10-11-23 00:00","Brazil","Serie A Betano","2023","Botafogo RJ","Gremio","3","4","A","2","1","H","1","3","A"
"23525","09-11-23 23:00","Brazil","Serie A Betano","2023","Corinthians","Atletico-MG","1","1","D","1","0","H","0","1","A"
"23526","09-11-23 23:00","Brazil","Serie A Betano","2023","Goias","Santos","0","1","A","0","0","D","0","1","A"
"23527","09-11-23 01:30","Brazil","Serie A Betano","2023","Flamengo RJ","Palmeiras","3","0","H","2","0","H","1","0","H"
"23528","09-11-23 00:00","Brazil","Serie A Betano","2023","Athletico-PR","Fortaleza","1","1","D","0","0","D","1","1","D"
"23529","09-11-23 00:00","Brazil","Serie A Betano","2023","Sao Paulo","Bragantino","1","0","H","0","0","D","1","0","H"
"23530","08-11-23 23:00","Brazil","Serie A Betano","2023","America MG","Coritiba","0","3","A","0","2","A","0","1","A"
"23531","08-11-23 23:00","Brazil","Serie A Betano","2023","Internacional","Fluminense","0","0","D","0","0","D","0","0","D"
"23532","07-11-23 01:00","Brazil","Serie A Betano","2023","Santos","Cuiaba","0","0","D","0","0","D","0","0","D"
"23533","06-11-23 23:00","Brazil","Serie A Betano","2023","Vasco","Botafogo RJ","1","0","H","1","0","H","0","0","D"
"23534","05-11-23 22:30","Brazil","Serie A Betano","2023","Coritiba","Goias","0","1","A","0","0","D","0","1","A"
"23535","05-11-23 20:00","Brazil","Serie A Betano","2023","Bragantino","Corinthians","1","0","H","1","0","H","0","0","D"
"23536","05-11-23 20:00","Brazil","Serie A Betano","2023","Cruzeiro","Internacional","1","2","A","0","1","A","1","1","D"
"23537","05-11-23 20:00","Brazil","Serie A Betano","2023","Fortaleza","Flamengo RJ","0","2","A","0","1","A","0","1","A"
"23538","05-11-23 01:30","Brazil","Serie A Betano","2023","Palmeiras","Athletico-PR","1","0","H","1","0","H","0","0","D"
"23539","04-11-23 23:30","Brazil","Serie A Betano","2023","America MG","Atletico-MG","1","1","D","0","0","D","1","1","D"
"23540","04-11-23 23:30","Brazil","Serie A Betano","2023","Gremio","Bahia","1","0","H","0","0","D","1","0","H"
"23541","03-11-23 00:00","Brazil","Serie A Betano","2023","Sao Paulo","Cruzeiro","1","0","H","0","0","D","1","0","H"
"23542","02-11-23 22:00","Brazil","Serie A Betano","2023","Goias","Bragantino","0","2","A","0","1","A","0","1","A"
"23543","02-11-23 21:00","Brazil","Serie A Betano","2023","Cuiaba","Vasco","0","2","A","0","0","D","0","2","A"
"23544","02-11-23 01:30","Brazil","Serie A Betano","2023","Atletico-MG","Fortaleza","3","1","H","1","1","D","2","0","H"
"23545","02-11-23 01:30","Brazil","Serie A Betano","2023","Botafogo RJ","Palmeiras","3","4","A","3","0","H","0","4","A"
"23546","02-11-23 00:00","Brazil","Serie A Betano","2023","Coritiba","Gremio","1","2","A","0","1","A","1","1","D"
"23547","02-11-23 00:00","Brazil","Serie A Betano","2023","Flamengo RJ","Santos","1","2","A","1","1","D","0","1","A"
"23548","01-11-23 23:00","Brazil","Serie A Betano","2023","Corinthians","Athletico-PR","1","0","H","0","0","D","1","0","H"
"23549","01-11-23 23:00","Brazil","Serie A Betano","2023","Internacional","America MG","1","1","D","1","0","H","0","1","A"
"23550","31-10-23 23:00","Brazil","Serie A Betano","2023","Bahia","Fluminense","1","0","H","1","0","H","0","0","D"
"23551","30-10-23 00:00","Brazil","Serie A Betano","2023","Botafogo RJ","Cuiaba","0","1","A","0","0","D","0","1","A"
"23552","29-10-23 22:30","Brazil","Serie A Betano","2023","Corinthians","Santos","1","1","D","0","0","D","1","1","D"
"23553","29-10-23 22:30","Brazil","Serie A Betano","2023","Internacional","Coritiba","3","4","A","1","2","A","2","2","D"
"23554","29-10-23 20:00","Brazil","Serie A Betano","2023","Athletico-PR","Sao Paulo","1","1","D","1","1","D","0","0","D"
"23555","29-10-23 20:00","Brazil","Serie A Betano","2023","Goias","Vasco","1","1","D","0","0","D","1","1","D"
"23556","29-10-23 02:00","Brazil","Serie A Betano","2023","Atletico-MG","Fluminense","2","0","H","0","0","D","2","0","H"
"23557","29-10-23 00:00","Brazil","Serie A Betano","2023","America MG","Gremio","3","4","A","2","2","D","1","2","A"
"23558","29-10-23 00:00","Brazil","Serie A Betano","2023","Palmeiras","Bahia","1","0","H","1","0","H","0","0","D"
"23559","27-10-23 02:30","Brazil","Serie A Betano","2023","Santos","Coritiba","2","1","H","1","1","D","1","0","H"
"23560","27-10-23 00:00","Brazil","Serie A Betano","2023","Vasco","Internacional","1","2","A","0","1","A","1","1","D"
"23561","26-10-23 02:30","Brazil","Serie A Betano","2023","Cuiaba","Corinthians","0","1","A","0","0","D","0","1","A"
"23562","26-10-23 02:30","Brazil","Serie A Betano","2023","Gremio","Flamengo RJ","3","2","H","0","1","A","3","1","H"
"23563","26-10-23 01:00","Brazil","Serie A Betano","2023","Cruzeiro","Bahia","3","0","H","1","0","H","2","0","H"
"23564","26-10-23 01:00","Brazil","Serie A Betano","2023","Palmeiras","Sao Paulo","5","0","H","3","0","H","2","0","H"
"23565","26-10-23 00:00","Brazil","Serie A Betano","2023","Athletico-PR","America MG","3","2","H","3","1","H","0","1","A"
"23566","26-10-23 00:00","Brazil","Serie A Betano","2023","Bragantino","Atletico-MG","1","2","A","0","1","A","1","1","D"
"23567","26-10-23 00:00","Brazil","Serie A Betano","2023","Fluminense","Goias","5","3","H","2","2","D","3","1","H"
"23568","22-10-23 23:30","Brazil","Serie A Betano","2023","Bragantino","Fluminense","1","0","H","1","0","H","0","0","D"
"23569","22-10-23 23:30","Brazil","Serie A Betano","2023","Corinthians","America MG","1","1","D","0","1","A","1","0","H"
"23570","22-10-23 23:30","Brazil","Serie A Betano","2023","Coritiba","Palmeiras","0","2","A","0","2","A","0","0","D"
"23571","22-10-23 21:00","Brazil","Serie A Betano","2023","Atletico-MG","Cruzeiro","0","1","A","0","0","D","0","1","A"
"23572","22-10-23 21:00","Brazil","Serie A Betano","2023","Flamengo RJ","Vasco","1","0","H","0","0","D","1","0","H"
"23573","22-10-23 21:00","Brazil","Serie A Betano","2023","Internacional","Santos","7","1","H","4","0","H","3","1","H"
"23574","22-10-23 20:00","Brazil","Serie A Betano","2023","Botafogo RJ","Athletico-PR","1","1","D","1","1","D","0","0","D"
"23575","21-10-23 23:30","Brazil","Serie A Betano","2023","Bahia","Fortaleza","2","0","H","1","0","H","1","0","H"
"23576","21-10-23 23:30","Brazil","Serie A Betano","2023","Cuiaba","Goias","1","1","D","0","1","A","1","0","H"
"23577","21-10-23 23:30","Brazil","Serie A Betano","2023","Sao Paulo","Gremio","3","0","H","1","0","H","2","0","H"
"23578","20-10-23 02:30","Brazil","Serie A Betano","2023","Fluminense","Corinthians","3","3","D","1","3","A","2","0","H"
"23579","20-10-23 01:00","Brazil","Serie A Betano","2023","Santos","Bragantino","1","3","A","0","2","A","1","1","D"
"23580","20-10-23 00:00","Brazil","Serie A Betano","2023","Cruzeiro","Flamengo RJ","0","2","A","0","2","A","0","0","D"
"23581","20-10-23 00:00","Brazil","Serie A Betano","2023","Palmeiras","Atletico-MG","0","2","A","0","1","A","0","1","A"
"23582","19-10-23 02:30","Brazil","Serie A Betano","2023","Bahia","Internacional","1","0","H","1","0","H","0","0","D"
"23583","19-10-23 02:30","Brazil","Serie A Betano","2023","Goias","Sao Paulo","2","0","H","2","0","H","0","0","D"
"23584","19-10-23 02:30","Brazil","Serie A Betano","2023","Vasco","Fortaleza","1","0","H","0","0","D","1","0","H"
"23585","19-10-23 01:00","Brazil","Serie A Betano","2023","America MG","Botafogo RJ","1","2","A","1","1","D","0","1","A"
"23586","19-10-23 01:00","Brazil","Serie A Betano","2023","Coritiba","Cuiaba","0","3","A","0","1","A","0","2","A"
"23587","19-10-23 00:00","Brazil","Serie A Betano","2023","Gremio","Athletico-PR","1","2","A","1","1","D","0","1","A"
"23588","15-10-23 02:00","Brazil","Serie A Betano","2023","Cuiaba","Cruzeiro","0","0","D","0","0","D","0","0","D"
"23589","08-10-23 23:30","Brazil","Serie A Betano","2023","Athletico-PR","Bragantino","1","1","D","1","1","D","0","0","D"
"23590","08-10-23 23:30","Brazil","Serie A Betano","2023","Atletico-MG","Coritiba","1","2","A","0","0","D","1","2","A"
"23591","08-10-23 23:30","Brazil","Serie A Betano","2023","Fortaleza","America MG","3","2","H","1","2","A","2","0","H"
"23592","08-10-23 21:00","Brazil","Serie A Betano","2023","Fluminense","Botafogo RJ","0","2","A","0","2","A","0","0","D"
"23593","08-10-23 21:00","Brazil","Serie A Betano","2023","Internacional","Gremio","3","2","H","1","0","H","2","2","D"
"23594","08-10-23 21:00","Brazil","Serie A Betano","2023","Palmeiras","Santos","1","2","A","1","1","D","0","1","A"
"23595","08-10-23 02:00","Brazil","Serie A Betano","2023","Corinthians","Flamengo RJ","1","1","D","0","0","D","1","1","D"
"23596","07-10-23 23:30","Brazil","Serie A Betano","2023","Vasco","Sao Paulo","0","0","D","0","0","D","0","0","D"
"23597","07-10-23 21:00","Brazil","Serie A Betano","2023","Goias","Bahia","4","6","A","3","3","D","1","3","A"
"23598","03-10-23 01:00","Brazil","Serie A Betano","2023","Botafogo RJ","Goias","1","1","D","0","1","A","1","0","H"
"23599","01-10-23 23:30","Brazil","Serie A Betano","2023","Bragantino","Palmeiras","2","1","H","0","1","A","2","0","H"
"23600","01-10-23 21:00","Brazil","Serie A Betano","2023","Coritiba","Athletico-PR","2","0","H","2","0","H","0","0","D"
"23601","01-10-23 21:00","Brazil","Serie A Betano","2023","Cruzeiro","America MG","1","1","D","1","1","D","0","0","D"
"23602","01-10-23 21:00","Brazil","Serie A Betano","2023","Santos","Vasco","4","1","H","3","1","H","1","0","H"
"23603","01-10-23 02:00","Brazil","Serie A Betano","2023","Internacional","Atletico-MG","0","2","A","0","0","D","0","2","A"
"23604","30-09-23 23:30","Brazil","Serie A Betano","2023","Cuiaba","Fluminense","3","0","H","0","0","D","3","0","H"
"23605","30-09-23 23:30","Brazil","Serie A Betano","2023","Sao Paulo","Corinthians","2","1","H","2","1","H","0","0","D"
"23606","30-09-23 21:00","Brazil","Serie A Betano","2023","Flamengo RJ","Bahia","1","0","H","0","0","D","1","0","H"
"23607","30-09-23 21:00","Brazil","Serie A Betano","2023","Fortaleza","Gremio","1","1","D","1","0","H","0","1","A"
"23608","28-09-23 00:00","Brazil","Serie A Betano","2023","Sao Paulo","Coritiba","2","1","H","2","1","H","0","0","D"
"23609","26-09-23 01:00","Brazil","Serie A Betano","2023","America MG","Vasco","0","1","A","0","0","D","0","1","A"
"23610","24-09-23 02:00","Brazil","Serie A Betano","2023","Atletico-MG","Cuiaba","1","0","H","1","0","H","0","0","D"
"23611","23-09-23 01:00","Brazil","Serie A Betano","2023","Corinthians","Botafogo RJ","1","0","H","0","0","D","1","0","H"
"23612","22-09-23 02:30","Brazil","Serie A Betano","2023","Gremio","Palmeiras","1","0","H","1","0","H","0","0","D"
"23613","22-09-23 00:30","Brazil","Serie A Betano","2023","Athletico-PR","Internacional","2","1","H","1","1","D","1","0","H"
"23614","22-09-23 00:00","Brazil","Serie A Betano","2023","Vasco","Coritiba","5","1","H","2","0","H","3","1","H"
"23615","21-09-23 02:30","Brazil","Serie A Betano","2023","Fluminense","Cruzeiro","1","0","H","0","0","D","1","0","H"
"23616","21-09-23 02:30","Brazil","Serie A Betano","2023","Sao Paulo","Fortaleza","1","2","A","0","1","A","1","1","D"
"23617","21-09-23 00:00","Brazil","Serie A Betano","2023","Goias","Flamengo RJ","0","0","D","0","0","D","0","0","D"
"23618","20-09-23 02:30","Brazil","Serie A Betano","2023","America MG","Bragantino","0","2","A","0","1","A","0","1","A"
"23619","19-09-23 02:00","Brazil","Serie A Betano","2023","Corinthians","Gremio","4","4","D","3","2","H","1","2","A"
"23620","19-09-23 01:00","Brazil","Serie A Betano","2023","Bahia","Santos","1","2","A","0","0","D","1","2","A"
"23621","17-09-23 02:00","Brazil","Serie A Betano","2023","Atletico-MG","Botafogo RJ","1","0","H","0","0","D","1","0","H"
"23622","16-09-23 21:00","Brazil","Serie A Betano","2023","Vasco","Fluminense","4","2","H","1","0","H","3","2","H"
"23623","16-09-23 02:30","Brazil","Serie A Betano","2023","Palmeiras","Goias","1","0","H","0","0","D","1","0","H"
"23624","16-09-23 01:00","Brazil","Serie A Betano","2023","Cuiaba","America MG","2","2","D","2","2","D","0","0","D"
"23625","15-09-23 02:30","Brazil","Serie A Betano","2023","Bragantino","Gremio","2","0","H","2","0","H","0","0","D"
"23626","15-09-23 01:00","Brazil","Serie A Betano","2023","Coritiba","Bahia","2","4","A","1","3","A","1","1","D"
"23627","15-09-23 00:00","Brazil","Serie A Betano","2023","Fortaleza","Corinthians","2","1","H","1","1","D","1","0","H"
"23628","15-09-23 00:00","Brazil","Serie A Betano","2023","Santos","Cruzeiro","0","3","A","0","1","A","0","2","A"
"23629","14-09-23 02:30","Brazil","Serie A Betano","2023","Flamengo RJ","Athletico-PR","0","3","A","0","1","A","0","2","A"
"23630","14-09-23 02:30","Brazil","Serie A Betano","2023","Internacional","Sao Paulo","2","1","H","0","1","A","2","0","H"
"23631","03-09-23 23:30","Brazil","Serie A Betano","2023","America MG","Santos","2","0","H","1","0","H","1","0","H"
"23632","03-09-23 23:30","Brazil","Serie A Betano","2023","Bahia","Vasco","1","1","D","1","0","H","0","1","A"
"23633","03-09-23 23:30","Brazil","Serie A Betano","2023","Cruzeiro","Bragantino","0","0","D","0","0","D","0","0","D"
"23634","03-09-23 21:00","Brazil","Serie A Betano","2023","Corinthians","Palmeiras","0","0","D","0","0","D","0","0","D"
"23635","03-09-23 21:00","Brazil","Serie A Betano","2023","Fluminense","Fortaleza","1","0","H","0","0","D","1","0","H"
"23636","03-09-23 16:00","Brazil","Serie A Betano","2023","Gremio","Cuiaba","2","0","H","1","0","H","1","0","H"
"23637","03-09-23 02:00","Brazil","Serie A Betano","2023","Botafogo RJ","Flamengo RJ","1","2","A","1","1","D","0","1","A"
"23638","02-09-23 21:00","Brazil","Serie A Betano","2023","Athletico-PR","Atletico-MG","1","1","D","0","1","A","1","0","H"
"23639","02-09-23 21:00","Brazil","Serie A Betano","2023","Goias","Internacional","0","0","D","0","0","D","0","0","D"
"23640","28-08-23 00:00","Brazil","Serie A Betano","2023","Gremio","Cruzeiro","3","0","H","1","0","H","2","0","H"
"23641","27-08-23 23:30","Brazil","Serie A Betano","2023","Athletico-PR","Fluminense","2","2","D","1","0","H","1","2","A"
"23642","27-08-23 23:30","Brazil","Serie A Betano","2023","Fortaleza","Coritiba","3","1","H","2","0","H","1","1","D"
"23643","27-08-23 23:30","Brazil","Serie A Betano","2023","Palmeiras","Vasco","1","0","H","0","0","D","1","0","H"
"23644","27-08-23 21:00","Brazil","Serie A Betano","2023","America MG","Sao Paulo","2","1","H","0","0","D","2","1","H"
"23645","27-08-23 21:00","Brazil","Serie A Betano","2023","Atletico-MG","Santos","2","0","H","1","0","H","1","0","H"
"23646","27-08-23 21:00","Brazil","Serie A Betano","2023","Botafogo RJ","Bahia","3","0","H","1","0","H","2","0","H"
"23647","27-08-23 16:00","Brazil","Serie A Betano","2023","Bragantino","Cuiaba","2","0","H","0","0","D","2","0","H"
"23648","27-08-23 02:00","Brazil","Serie A Betano","2023","Corinthians","Goias","1","1","D","0","0","D","1","1","D"
"23649","26-08-23 23:30","Brazil","Serie A Betano","2023","Flamengo RJ","Internacional","0","0","D","0","0","D","0","0","D"
"23650","22-08-23 01:00","Brazil","Serie A Betano","2023","Goias","Athletico-PR","1","1","D","0","1","A","1","0","H"
"23651","20-08-23 21:00","Brazil","Serie A Betano","2023","Bahia","Bragantino","4","0","H","2","0","H","2","0","H"
"23652","20-08-23 21:00","Brazil","Serie A Betano","2023","Coritiba","Flamengo RJ","2","3","A","1","2","A","1","1","D"
"23653","20-08-23 21:00","Brazil","Serie A Betano","2023","Santos","Gremio","2","1","H","0","0","D","2","1","H"
"23654","20-08-23 16:00","Brazil","Serie A Betano","2023","Vasco","Atletico-MG","1","0","H","1","0","H","0","0","D"
"23655","20-08-23 02:00","Brazil","Serie A Betano","2023","Cruzeiro","Corinthians","1","1","D","1","0","H","0","1","A"
"23656","19-08-23 23:30","Brazil","Serie A Betano","2023","Cuiaba","Palmeiras","0","2","A","0","1","A","0","1","A"
"23657","19-08-23 23:30","Brazil","Serie A Betano","2023","Fluminense","America MG","3","1","H","0","0","D","3","1","H"
"23658","19-08-23 21:00","Brazil","Serie A Betano","2023","Internacional","Fortaleza","0","1","A","0","1","A","0","0","D"
"23659","19-08-23 21:00","Brazil","Serie A Betano","2023","Sao Paulo","Botafogo RJ","0","0","D","0","0","D","0","0","D"
"23660","16-08-23 01:00","Brazil","Serie A Betano","2023","Athletico-PR","Cuiaba","2","0","H","1","0","H","1","0","H"
"23661","15-08-23 02:00","Brazil","Serie A Betano","2023","Bragantino","Vasco","1","1","D","1","1","D","0","0","D"
"23662","15-08-23 00:00","Brazil","Serie A Betano","2023","Palmeiras","Cruzeiro","1","0","H","0","0","D","1","0","H"
"23663","13-08-23 23:30","Brazil","Serie A Betano","2023","Flamengo RJ","Sao Paulo","1","1","D","0","1","A","1","0","H"
"23664","13-08-23 23:30","Brazil","Serie A Betano","2023","Fortaleza","Santos","4","0","H","0","0","D","4","0","H"
"23665","13-08-23 21:00","Brazil","Serie A Betano","2023","America MG","Goias","0","1","A","0","1","A","0","0","D"
"23666","13-08-23 21:00","Brazil","Serie A Betano","2023","Corinthians","Coritiba","3","1","H","0","1","A","3","0","H"
"23667","13-08-23 21:00","Brazil","Serie A Betano","2023","Gremio","Fluminense","2","1","H","2","1","H","0","0","D"
"23668","13-08-23 16:00","Brazil","Serie A Betano","2023","Atletico-MG","Bahia","1","0","H","0","0","D","1","0","H"
"23669","13-08-23 02:00","Brazil","Serie A Betano","2023","Botafogo RJ","Internacional","3","1","H","0","1","A","3","0","H"
"23670","07-08-23 01:00","Brazil","Serie A Betano","2023","Cuiaba","Flamengo RJ","3","0","H","0","0","D","3","0","H"
"23671","06-08-23 23:30","Brazil","Serie A Betano","2023","Bahia","America MG","3","1","H","1","0","H","2","1","H"
"23672","06-08-23 23:30","Brazil","Serie A Betano","2023","Coritiba","Bragantino","0","1","A","0","1","A","0","0","D"
"23673","06-08-23 23:30","Brazil","Serie A Betano","2023","Cruzeiro","Botafogo RJ","0","0","D","0","0","D","0","0","D"
"23674","06-08-23 21:00","Brazil","Serie A Betano","2023","Sao Paulo","Atletico-MG","0","2","A","0","1","A","0","1","A"
"23675","06-08-23 21:00","Brazil","Serie A Betano","2023","Vasco","Gremio","1","0","H","0","0","D","1","0","H"
"23676","06-08-23 02:00","Brazil","Serie A Betano","2023","Fluminense","Palmeiras","2","1","H","1","0","H","1","1","D"
"23677","05-08-23 23:30","Brazil","Serie A Betano","2023","Goias","Fortaleza","1","0","H","0","0","D","1","0","H"
"23678","05-08-23 23:30","Brazil","Serie A Betano","2023","Internacional","Corinthians","2","2","D","1","1","D","1","1","D"
"23679","05-08-23 21:00","Brazil","Serie A Betano","2023","Santos","Athletico-PR","1","1","D","0","1","A","1","0","H"
"23680","30-07-23 23:30","Brazil","Serie A Betano","2023","Goias","Gremio","1","1","D","0","0","D","1","1","D"
"23681","30-07-23 21:00","Brazil","Serie A Betano","2023","America MG","Palmeiras","1","4","A","1","2","A","0","2","A"
"23682","30-07-23 21:00","Brazil","Serie A Betano","2023","Botafogo RJ","Coritiba","4","1","H","3","1","H","1","0","H"
"23683","30-07-23 16:00","Brazil","Serie A Betano","2023","Sao Paulo","Bahia","0","0","D","0","0","D","0","0","D"
"23684","30-07-23 02:00","Brazil","Serie A Betano","2023","Atletico-MG","Flamengo RJ","1","2","A","1","0","H","0","2","A"
"23685","29-07-23 23:30","Brazil","Serie A Betano","2023","Corinthians","Vasco","3","1","H","1","0","H","2","1","H"
"23686","29-07-23 23:30","Brazil","Serie A Betano","2023","Fortaleza","Bragantino","0","3","A","0","1","A","0","2","A"
"23687","29-07-23 21:00","Brazil","Serie A Betano","2023","Athletico-PR","Cruzeiro","3","3","D","1","2","A","2","1","H"
"23688","29-07-23 21:00","Brazil","Serie A Betano","2023","Fluminense","Santos","1","0","H","0","0","D","1","0","H"
"23689","29-07-23 21:00","Brazil","Serie A Betano","2023","Internacional","Cuiaba","1","2","A","1","1","D","0","1","A"
"23690","25-07-23 00:00","Brazil","Serie A Betano","2023","Coritiba","Fluminense","2","0","H","2","0","H","0","0","D"
"23691","23-07-23 23:30","Brazil","Serie A Betano","2023","Vasco","Athletico-PR","0","2","A","0","0","D","0","2","A"
"23692","23-07-23 21:00","Brazil","Serie A Betano","2023","Bragantino","Internacional","0","0","D","0","0","D","0","0","D"
"23693","23-07-23 21:00","Brazil","Serie A Betano","2023","Cruzeiro","Goias","0","1","A","0","1","A","0","0","D"
"23694","23-07-23 21:00","Brazil","Serie A Betano","2023","Santos","Botafogo RJ","2","2","D","1","0","H","1","2","A"
"23695","23-07-23 02:00","Brazil","Serie A Betano","2023","Gremio","Atletico-MG","1","0","H","1","0","H","0","0","D"
"23696","22-07-23 23:30","Brazil","Serie A Betano","2023","Bahia","Corinthians","0","0","D","0","0","D","0","0","D"
"23697","22-07-23 23:30","Brazil","Serie A Betano","2023","Cuiaba","Sao Paulo","2","1","H","0","0","D","2","1","H"
"23698","22-07-23 21:00","Brazil","Serie A Betano","2023","Flamengo RJ","America MG","1","1","D","0","0","D","1","1","D"
"23699","22-07-23 21:00","Brazil","Serie A Betano","2023","Palmeiras","Fortaleza","3","1","H","1","1","D","2","0","H"
"23700","18-07-23 01:00","Brazil","Serie A Betano","2023","Goias","Atletico-MG","0","0","D","0","0","D","0","0","D"
"23701","16-07-23 23:30","Brazil","Serie A Betano","2023","Athletico-PR","Bahia","2","0","H","2","0","H","0","0","D"
"23702","16-07-23 23:30","Brazil","Serie A Betano","2023","Internacional","Palmeiras","0","0","D","0","0","D","0","0","D"
"23703","16-07-23 21:00","Brazil","Serie A Betano","2023","Fluminense","Flamengo RJ","0","0","D","0","0","D","0","0","D"
"23704","16-07-23 21:00","Brazil","Serie A Betano","2023","Fortaleza","Cuiaba","0","1","A","0","1","A","0","0","D"
"23705","16-07-23 21:00","Brazil","Serie A Betano","2023","Sao Paulo","Santos","4","1","H","2","0","H","2","1","H"
"23706","16-07-23 16:00","Brazil","Serie A Betano","2023","Cruzeiro","Coritiba","0","0","D","0","0","D","0","0","D"
"23707","16-07-23 02:00","Brazil","Serie A Betano","2023","Botafogo RJ","Bragantino","2","0","H","0","0","D","2","0","H"
"23708","09-07-23 23:30","Brazil","Serie A Betano","2023","Fortaleza","Athletico-PR","1","0","H","0","0","D","1","0","H"
"23709","09-07-23 23:30","Brazil","Serie A Betano","2023","Gremio","Botafogo RJ","0","2","A","0","0","D","0","2","A"
"23710","09-07-23 21:00","Brazil","Serie A Betano","2023","Bragantino","Sao Paulo","0","0","D","0","0","D","0","0","D"
"23711","09-07-23 21:00","Brazil","Serie A Betano","2023","Fluminense","Internacional","2","0","H","2","0","H","0","0","D"
"23712","09-07-23 16:00","Brazil","Serie A Betano","2023","Santos","Goias","4","3","H","3","1","H","1","2","A"
"23713","09-07-23 02:00","Brazil","Serie A Betano","2023","Palmeiras","Flamengo RJ","1","1","D","1","0","H","0","1","A"
"23714","08-07-23 23:30","Brazil","Serie A Betano","2023","Atletico-MG","Corinthians","0","1","A","0","1","A","0","0","D"
"23715","08-07-23 23:30","Brazil","Serie A Betano","2023","Coritiba","America MG","3","1","H","2","1","H","1","0","H"
"23716","08-07-23 21:00","Brazil","Serie A Betano","2023","Cuiaba","Bahia","1","1","D","1","0","H","0","1","A"
"23717","08-07-23 21:00","Brazil","Serie A Betano","2023","Vasco","Cruzeiro","0","1","A","0","1","A","0","0","D"
"23718","04-07-23 01:00","Brazil","Serie A Betano","2023","Goias","Coritiba","1","2","A","0","2","A","1","0","H"
"23719","02-07-23 23:30","Brazil","Serie A Betano","2023","Cuiaba","Santos","3","0","H","0","0","D","3","0","H"
"23720","02-07-23 21:00","Brazil","Serie A Betano","2023","Athletico-PR","Palmeiras","2","2","D","0","1","A","2","1","H"
"23721","02-07-23 21:00","Brazil","Serie A Betano","2023","Atletico-MG","America MG","2","2","D","2","0","H","0","2","A"
"23722","02-07-23 21:00","Brazil","Serie A Betano","2023","Botafogo RJ","Vasco","2","0","H","0","0","D","2","0","H"
"23723","02-07-23 16:00","Brazil","Serie A Betano","2023","Corinthians","Bragantino","0","1","A","0","1","A","0","0","D"
"23724","02-07-23 02:00","Brazil","Serie A Betano","2023","Internacional","Cruzeiro","0","0","D","0","0","D","0","0","D"
"23725","01-07-23 23:30","Brazil","Serie A Betano","2023","Bahia","Gremio","1","2","A","1","1","D","0","1","A"
"23726","01-07-23 23:30","Brazil","Serie A Betano","2023","Flamengo RJ","Fortaleza","2","0","H","1","0","H","1","0","H"
"23727","01-07-23 21:00","Brazil","Serie A Betano","2023","Sao Paulo","Fluminense","1","0","H","0","0","D","1","0","H"
"23728","27-06-23 02:00","Brazil","Serie A Betano","2023","Vasco","Cuiaba","1","0","H","0","0","D","1","0","H"
"23729","25-06-23 23:30","Brazil","Serie A Betano","2023","America MG","Internacional","1","2","A","1","0","H","0","2","A"
"23730","25-06-23 23:30","Brazil","Serie A Betano","2023","Bragantino","Goias","2","0","H","2","0","H","0","0","D"
"23731","25-06-23 23:30","Brazil","Serie A Betano","2023","Santos","Flamengo RJ","2","3","A","1","1","D","1","2","A"
"23732","25-06-23 21:00","Brazil","Serie A Betano","2023","Gremio","Coritiba","5","1","H","1","1","D","4","0","H"
"23733","25-06-23 21:00","Brazil","Serie A Betano","2023","Palmeiras","Botafogo RJ","0","1","A","0","1","A","0","0","D"
"23734","25-06-23 02:00","Brazil","Serie A Betano","2023","Cruzeiro","Sao Paulo","1","0","H","1","0","H","0","0","D"
"23735","24-06-23 23:30","Brazil","Serie A Betano","2023","Fluminense","Bahia","2","1","H","0","1","A","2","0","H"
"23736","24-06-23 23:30","Brazil","Serie A Betano","2023","Fortaleza","Atletico-MG","2","1","H","0","0","D","2","1","H"
"23737","24-06-23 21:00","Brazil","Serie A Betano","2023","Athletico-PR","Corinthians","1","0","H","1","0","H","0","0","D"
"23738","23-06-23 02:30","Brazil","Serie A Betano","2023","Bragantino","Flamengo RJ","4","0","H","1","0","H","3","0","H"
"23739","23-06-23 01:00","Brazil","Serie A Betano","2023","Coritiba","Internacional","0","1","A","0","0","D","0","1","A"
"23740","23-06-23 01:00","Brazil","Serie A Betano","2023","Cuiaba","Botafogo RJ","0","1","A","0","0","D","0","1","A"
"23741","23-06-23 01:00","Brazil","Serie A Betano","2023","Vasco","Goias","0","1","A","0","0","D","0","1","A"
"23742","23-06-23 00:00","Brazil","Serie A Betano","2023","Gremio","America MG","3","1","H","1","1","D","2","0","H"
"23743","22-06-23 02:30","Brazil","Serie A Betano","2023","Bahia","Palmeiras","1","0","H","0","0","D","1","0","H"
"23744","22-06-23 02:30","Brazil","Serie A Betano","2023","Fluminense","Atletico-MG","1","1","D","1","1","D","0","0","D"
"23745","22-06-23 01:00","Brazil","Serie A Betano","2023","Santos","Corinthians","0","2","A","0","2","A","0","0","D"
"23746","22-06-23 00:00","Brazil","Serie A Betano","2023","Cruzeiro","Fortaleza","0","1","A","0","0","D","0","1","A"
"23747","22-06-23 00:00","Brazil","Serie A Betano","2023","Sao Paulo","Athletico-PR","2","1","H","1","1","D","1","0","H"
"23748","11-06-23 23:30","Brazil","Serie A Betano","2023","Flamengo RJ","Gremio","3","0","H","1","0","H","2","0","H"
"23749","11-06-23 23:30","Brazil","Serie A Betano","2023","Goias","Fluminense","2","2","D","1","1","D","1","1","D"
"23750","11-06-23 21:00","Brazil","Serie A Betano","2023","Internacional","Vasco","2","1","H","2","1","H","0","0","D"
"23751","11-06-23 21:00","Brazil","Serie A Betano","2023","Sao Paulo","Palmeiras","0","2","A","0","1","A","0","1","A"
"23752","11-06-23 16:00","Brazil","Serie A Betano","2023","America MG","Athletico-PR","2","2","D","0","1","A","2","1","H"
"23753","11-06-23 02:00","Brazil","Serie A Betano","2023","Botafogo RJ","Fortaleza","2","0","H","1","0","H","1","0","H"
"23754","10-06-23 23:30","Brazil","Serie A Betano","2023","Atletico-MG","Bragantino","1","1","D","1","1","D","0","0","D"
"23755","10-06-23 23:30","Brazil","Serie A Betano","2023","Bahia","Cruzeiro","2","2","D","1","2","A","1","0","H"
"23756","10-06-23 23:30","Brazil","Serie A Betano","2023","Corinthians","Cuiaba","1","1","D","0","0","D","1","1","D"
"23757","10-06-23 21:00","Brazil","Serie A Betano","2023","Coritiba","Santos","0","0","D","0","0","D","0","0","D"
"23758","06-06-23 01:00","Brazil","Serie A Betano","2023","Vasco","Flamengo RJ","1","4","A","0","4","A","1","0","H"
"23759","04-06-23 23:30","Brazil","Serie A Betano","2023","Goias","Cuiaba","0","1","A","0","0","D","0","1","A"
"23760","04-06-23 23:30","Brazil","Serie A Betano","2023","Palmeiras","Coritiba","3","1","H","2","0","H","1","1","D"
"23761","04-06-23 21:00","Brazil","Serie A Betano","2023","Fluminense","Bragantino","2","1","H","2","0","H","0","1","A"
"23762","04-06-23 21:00","Brazil","Serie A Betano","2023","Gremio","Sao Paulo","2","1","H","2","1","H","0","0","D"
"23763","04-06-23 02:00","Brazil","Serie A Betano","2023","Santos","Internacional","1","1","D","1","1","D","0","0","D"
"23764","03-06-23 23:30","Brazil","Serie A Betano","2023","America MG","Corinthians","2","0","H","0","0","D","2","0","H"
"23765","03-06-23 23:30","Brazil","Serie A Betano","2023","Athletico-PR","Botafogo RJ","1","0","H","1","0","H","0","0","D"
"23766","03-06-23 23:30","Brazil","Serie A Betano","2023","Cruzeiro","Atletico-MG","0","1","A","0","1","A","0","0","D"
"23767","03-06-23 21:00","Brazil","Serie A Betano","2023","Fortaleza","Bahia","0","0","D","0","0","D","0","0","D"
"23768","29-05-23 00:00","Brazil","Serie A Betano","2023","Botafogo RJ","America MG","2","0","H","1","0","H","1","0","H"
"23769","28-05-23 23:30","Brazil","Serie A Betano","2023","Atletico-MG","Palmeiras","1","1","D","1","0","H","0","1","A"
"23770","28-05-23 23:30","Brazil","Serie A Betano","2023","Bragantino","Santos","2","0","H","1","0","H","1","0","H"
"23771","28-05-23 21:00","Brazil","Serie A Betano","2023","Corinthians","Fluminense","2","0","H","0","0","D","2","0","H"
"23772","28-05-23 21:00","Brazil","Serie A Betano","2023","Internacional","Bahia","2","0","H","0","0","D","2","0","H"
"23773","28-05-23 02:00","Brazil","Serie A Betano","2023","Sao Paulo","Goias","2","1","H","0","1","A","2","0","H"
"23774","27-05-23 23:30","Brazil","Serie A Betano","2023","Cuiaba","Coritiba","1","1","D","1","0","H","0","1","A"
"23775","27-05-23 23:30","Brazil","Serie A Betano","2023","Flamengo RJ","Cruzeiro","1","1","D","1","1","D","0","0","D"
"23776","27-05-23 21:00","Brazil","Serie A Betano","2023","Athletico-PR","Gremio","1","2","A","1","1","D","0","1","A"
"23777","27-05-23 21:00","Brazil","Serie A Betano","2023","Fortaleza","Vasco","2","0","H","0","0","D","2","0","H"
"23778","23-05-23 01:00","Brazil","Serie A Betano","2023","Cruzeiro","Cuiaba","0","1","A","0","1","A","0","0","D"
"23779","21-05-23 23:30","Brazil","Serie A Betano","2023","Gremio","Internacional","3","1","H","2","0","H","1","1","D"
"23780","21-05-23 21:00","Brazil","Serie A Betano","2023","Flamengo RJ","Corinthians","1","0","H","0","0","D","1","0","H"
"23781","21-05-23 02:00","Brazil","Serie A Betano","2023","Santos","Palmeiras","0","0","D","0","0","D","0","0","D"
"23782","20-05-23 23:30","Brazil","Serie A Betano","2023","America MG","Fortaleza","2","1","H","2","1","H","0","0","D"
"23783","20-05-23 23:30","Brazil","Serie A Betano","2023","Botafogo RJ","Fluminense","1","0","H","0","0","D","1","0","H"
"23784","20-05-23 23:30","Brazil","Serie A Betano","2023","Bragantino","Athletico-PR","2","0","H","1","0","H","1","0","H"
"23785","20-05-23 23:30","Brazil","Serie A Betano","2023","Coritiba","Atletico-MG","1","2","A","1","1","D","0","1","A"
"23786","20-05-23 23:30","Brazil","Serie A Betano","2023","Sao Paulo","Vasco","4","2","H","2","1","H","2","1","H"
"23787","20-05-23 21:00","Brazil","Serie A Betano","2023","Bahia","Goias","1","1","D","1","1","D","0","0","D"
"23788","14-05-23 23:30","Brazil","Serie A Betano","2023","America MG","Cruzeiro","0","4","A","0","1","A","0","3","A"
"23789","14-05-23 23:30","Brazil","Serie A Betano","2023","Athletico-PR","Coritiba","3","2","H","0","1","A","3","1","H"
"23790","14-05-23 23:30","Brazil","Serie A Betano","2023","Goias","Botafogo RJ","2","1","H","1","1","D","1","0","H"
"23791","14-05-23 21:00","Brazil","Serie A Betano","2023","Corinthians","Sao Paulo","1","1","D","1","1","D","0","0","D"
"23792","14-05-23 21:00","Brazil","Serie A Betano","2023","Gremio","Fortaleza","0","0","D","0","0","D","0","0","D"
"23793","14-05-23 21:00","Brazil","Serie A Betano","2023","Vasco","Santos","0","1","A","0","1","A","0","0","D"
"23794","14-05-23 02:00","Brazil","Serie A Betano","2023","Atletico-MG","Internacional","2","0","H","1","0","H","1","0","H"
"23795","13-05-23 23:30","Brazil","Serie A Betano","2023","Fluminense","Cuiaba","2","0","H","1","0","H","1","0","H"
"23796","13-05-23 23:30","Brazil","Serie A Betano","2023","Palmeiras","Bragantino","1","1","D","0","0","D","1","1","D"
"23797","13-05-23 21:00","Brazil","Serie A Betano","2023","Bahia","Flamengo RJ","2","3","A","1","3","A","1","0","H"
"23798","12-05-23 01:00","Brazil","Serie A Betano","2023","Fortaleza","Sao Paulo","0","0","D","0","0","D","0","0","D"
"23799","12-05-23 00:30","Brazil","Serie A Betano","2023","Botafogo RJ","Corinthians","3","0","H","1","0","H","2","0","H"
"23800","12-05-23 00:00","Brazil","Serie A Betano","2023","Coritiba","Vasco","1","1","D","1","0","H","0","1","A"
"23801","11-05-23 02:30","Brazil","Serie A Betano","2023","Cruzeiro","Fluminense","0","2","A","0","1","A","0","1","A"
"23802","11-05-23 02:30","Brazil","Serie A Betano","2023","Palmeiras","Gremio","4","1","H","1","1","D","3","0","H"
"23803","11-05-23 01:00","Brazil","Serie A Betano","2023","Cuiaba","Atletico-MG","0","4","A","0","1","A","0","3","A"
"23804","11-05-23 01:00","Brazil","Serie A Betano","2023","Flamengo RJ","Goias","2","0","H","1","0","H","1","0","H"
"23805","11-05-23 00:00","Brazil","Serie A Betano","2023","Bragantino","America MG","2","2","D","2","1","H","0","1","A"
"23806","11-05-23 00:00","Brazil","Serie A Betano","2023","Internacional","Athletico-PR","0","2","A","0","0","D","0","2","A"
"23807","11-05-23 00:00","Brazil","Serie A Betano","2023","Santos","Bahia","3","0","H","2","0","H","1","0","H"
"23808","09-05-23 01:00","Brazil","Serie A Betano","2023","Corinthians","Fortaleza","1","1","D","0","0","D","1","1","D"
"23809","07-05-23 23:30","Brazil","Serie A Betano","2023","Botafogo RJ","Atletico-MG","2","0","H","1","0","H","1","0","H"
"23810","07-05-23 23:30","Brazil","Serie A Betano","2023","Goias","Palmeiras","0","5","A","0","1","A","0","4","A"
"23811","07-05-23 23:30","Brazil","Serie A Betano","2023","Gremio","Bragantino","3","3","D","1","1","D","2","2","D"
"23812","07-05-23 21:00","Brazil","Serie A Betano","2023","Athletico-PR","Flamengo RJ","2","1","H","1","1","D","1","0","H"
"23813","07-05-23 21:00","Brazil","Serie A Betano","2023","Bahia","Coritiba","3","1","H","1","0","H","2","1","H"
"23814","07-05-23 21:00","Brazil","Serie A Betano","2023","Sao Paulo","Internacional","2","0","H","1","0","H","1","0","H"
"23815","07-05-23 16:00","Brazil","Serie A Betano","2023","America MG","Cuiaba","1","2","A","1","0","H","0","2","A"
"23816","07-05-23 02:00","Brazil","Serie A Betano","2023","Fluminense","Vasco","1","1","D","0","1","A","1","0","H"
"23817","06-05-23 21:00","Brazil","Serie A Betano","2023","Cruzeiro","Santos","2","1","H","1","0","H","1","1","D"
"23818","02-05-23 01:00","Brazil","Serie A Betano","2023","Vasco","Bahia","0","1","A","0","1","A","0","0","D"
"23819","30-04-23 23:30","Brazil","Serie A Betano","2023","Cuiaba","Gremio","1","2","A","1","1","D","0","1","A"
"23820","30-04-23 23:30","Brazil","Serie A Betano","2023","Internacional","Goias","1","0","H","0","0","D","1","0","H"
"23821","30-04-23 21:00","Brazil","Serie A Betano","2023","Flamengo RJ","Botafogo RJ","2","3","A","0","2","A","2","1","H"
"23822","30-04-23 02:00","Brazil","Serie A Betano","2023","Atletico-MG","Athletico-PR","2","1","H","1","0","H","1","1","D"
"23823","29-04-23 23:30","Brazil","Serie A Betano","2023","Bragantino","Cruzeiro","0","3","A","0","1","A","0","2","A"
"23824","29-04-23 23:30","Brazil","Serie A Betano","2023","Palmeiras","Corinthians","2","1","H","2","0","H","0","1","A"
"23825","29-04-23 23:30","Brazil","Serie A Betano","2023","Santos","America MG","3","2","H","2","1","H","1","1","D"
"23826","29-04-23 21:30","Brazil","Serie A Betano","2023","Coritiba","Sao Paulo","1","1","D","1","0","H","0","1","A"
"23827","29-04-23 21:30","Brazil","Serie A Betano","2023","Fortaleza","Fluminense","4","2","H","2","1","H","2","1","H"
"23828","25-04-23 01:00","Brazil","Serie A Betano","2023","Bahia","Botafogo RJ","1","2","A","1","1","D","0","1","A"
"23829","24-04-23 00:00","Brazil","Serie A Betano","2023","Goias","Corinthians","3","1","H","1","1","D","2","0","H"
"23830","23-04-23 23:30","Brazil","Serie A Betano","2023","Coritiba","Fortaleza","0","3","A","0","0","D","0","3","A"
"23831","23-04-23 21:00","Brazil","Serie A Betano","2023","Santos","Atletico-MG","0","0","D","0","0","D","0","0","D"
"23832","23-04-23 21:00","Brazil","Serie A Betano","2023","Vasco","Palmeiras","2","2","D","2","1","H","0","1","A"
"23833","23-04-23 16:00","Brazil","Serie A Betano","2023","Internacional","Flamengo RJ","2","1","H","0","0","D","2","1","H"
"23834","23-04-23 02:00","Brazil","Serie A Betano","2023","Cruzeiro","Gremio","1","0","H","0","0","D","1","0","H"
"23835","22-04-23 23:30","Brazil","Serie A Betano","2023","Cuiaba","Bragantino","1","1","D","0","0","D","1","1","D"
"23836","22-04-23 23:30","Brazil","Serie A Betano","2023","Sao Paulo","America MG","3","0","H","1","0","H","2","0","H"
"23837","22-04-23 21:00","Brazil","Serie A Betano","2023","Fluminense","Athletico-PR","2","0","H","1","0","H","1","0","H"
"23838","16-04-23 23:30","Brazil","Serie A Betano","2023","Gremio","Santos","1","0","H","1","0","H","0","0","D"
"23839","16-04-23 21:00","Brazil","Serie A Betano","2023","Corinthians","Cruzeiro","2","1","H","0","0","D","2","1","H"
"23840","16-04-23 21:00","Brazil","Serie A Betano","2023","Flamengo RJ","Coritiba","3","0","H","1","0","H","2","0","H"
"23841","16-04-23 02:00","Brazil","Serie A Betano","2023","Atletico-MG","Vasco","1","2","A","1","2","A","0","0","D"
"23842","15-04-23 23:30","Brazil","Serie A Betano","2023","Athletico-PR","Goias","2","0","H","1","0","H","1","0","H"
"23843","15-04-23 23:30","Brazil","Serie A Betano","2023","Botafogo RJ","Sao Paulo","2","1","H","1","1","D","1","0","H"
"23844","15-04-23 23:30","Brazil","Serie A Betano","2023","Bragantino","Bahia","2","1","H","0","1","A","2","0","H"
"23845","15-04-23 23:30","Brazil","Serie A Betano","2023","Fortaleza","Internacional","1","1","D","0","0","D","1","1","D"
"23846","15-04-23 21:00","Brazil","Serie A Betano","2023","America MG","Fluminense","0","3","A","0","0","D","0","3","A"
"23847","15-04-23 21:00","Brazil","Serie A Betano","2023","Palmeiras","Cuiaba","2","1","H","1","1","D","1","0","H"
"23848","13-11-22 20:00","Brazil","Serie A Betano","2022","America MG","Atletico GO","1","1","D","1","1","D","0","0","D"
"23849","13-11-22 20:00","Brazil","Serie A Betano","2022","Athletico-PR","Botafogo RJ","3","0","H","0","0","D","3","0","H"
"23850","13-11-22 20:00","Brazil","Serie A Betano","2022","Bragantino","Fluminense","0","1","A","0","1","A","0","0","D"
"23851","13-11-22 20:00","Brazil","Serie A Betano","2022","Ceara","Juventude","4","1","H","2","0","H","2","1","H"
"23852","13-11-22 20:00","Brazil","Serie A Betano","2022","Corinthians","Atletico-MG","0","1","A","0","1","A","0","0","D"
"23853","13-11-22 20:00","Brazil","Serie A Betano","2022","Cuiaba","Coritiba","2","1","H","2","0","H","0","1","A"
"23854","13-11-22 20:00","Brazil","Serie A Betano","2022","Goias","Sao Paulo","0","4","A","0","1","A","0","3","A"
"23855","13-11-22 20:00","Brazil","Serie A Betano","2022","Internacional","Palmeiras","3","0","H","2","0","H","1","0","H"
"23856","13-11-22 20:00","Brazil","Serie A Betano","2022","Santos","Fortaleza","0","2","A","0","0","D","0","2","A"
"23857","12-11-22 20:00","Brazil","Serie A Betano","2022","Flamengo RJ","Avai","1","2","A","1","1","D","0","1","A"
"23858","11-11-22 00:00","Brazil","Serie A Betano","2022","Atletico-MG","Cuiaba","3","0","H","2","0","H","1","0","H"
"23859","11-11-22 00:00","Brazil","Serie A Betano","2022","Botafogo RJ","Santos","3","0","H","1","0","H","2","0","H"
"23860","10-11-22 01:30","Brazil","Serie A Betano","2022","Atletico GO","Athletico-PR","1","1","D","0","0","D","1","1","D"
"23861","10-11-22 01:30","Brazil","Serie A Betano","2022","Juventude","Flamengo RJ","2","2","D","2","1","H","0","1","A"
"23862","10-11-22 01:30","Brazil","Serie A Betano","2022","Palmeiras","America MG","2","1","H","1","1","D","1","0","H"
"23863","10-11-22 00:30","Brazil","Serie A Betano","2022","Fortaleza","Bragantino","6","0","H","4","0","H","2","0","H"
"23864","09-11-22 23:00","Brazil","Serie A Betano","2022","Avai","Ceara","2","0","H","0","0","D","2","0","H"
"23865","09-11-22 23:00","Brazil","Serie A Betano","2022","Coritiba","Corinthians","2","2","D","2","1","H","0","1","A"
"23866","09-11-22 23:00","Brazil","Serie A Betano","2022","Fluminense","Goias","3","0","H","0","0","D","3","0","H"
"23867","09-11-22 01:30","Brazil","Serie A Betano","2022","Sao Paulo","Internacional","0","1","A","0","1","A","0","0","D"
"23868","08-11-22 00:00","Brazil","Serie A Betano","2022","Atletico-MG","Botafogo RJ","0","2","A","0","0","D","0","2","A"
"23869","06-11-22 22:30","Brazil","Serie A Betano","2022","Cuiaba","Palmeiras","1","1","D","1","0","H","0","1","A"
"23870","06-11-22 20:00","Brazil","Serie A Betano","2022","Coritiba","Flamengo RJ","1","0","H","0","0","D","1","0","H"
"23871","06-11-22 20:00","Brazil","Serie A Betano","2022","Fortaleza","Atletico GO","1","1","D","0","1","A","1","0","H"
"23872","06-11-22 01:00","Brazil","Serie A Betano","2022","Internacional","Athletico-PR","2","0","H","0","0","D","2","0","H"
"23873","06-11-22 00:30","Brazil","Serie A Betano","2022","Corinthians","Ceara","1","0","H","0","0","D","1","0","H"
"23874","05-11-22 23:00","Brazil","Serie A Betano","2022","Bragantino","America MG","1","4","A","1","3","A","0","1","A"
"23875","05-11-22 23:00","Brazil","Serie A Betano","2022","Goias","Juventude","1","0","H","0","0","D","1","0","H"
"23876","05-11-22 20:30","Brazil","Serie A Betano","2022","Fluminense","Sao Paulo","3","1","H","0","1","A","3","0","H"
"23877","05-11-22 20:30","Brazil","Serie A Betano","2022","Santos","Avai","1","1","D","1","0","H","0","1","A"
"23878","03-11-22 01:30","Brazil","Serie A Betano","2022","Flamengo RJ","Corinthians","1","2","A","0","1","A","1","1","D"
"23879","03-11-22 01:30","Brazil","Serie A Betano","2022","Palmeiras","Fortaleza","4","0","H","2","0","H","2","0","H"
"23880","02-11-22 23:00","Brazil","Serie A Betano","2022","Atletico GO","Santos","2","3","A","2","1","H","0","2","A"
"23881","02-11-22 23:00","Brazil","Serie A Betano","2022","Avai","Bragantino","1","2","A","0","0","D","1","2","A"
"23882","02-11-22 23:00","Brazil","Serie A Betano","2022","Juventude","Coritiba","0","1","A","0","0","D","0","1","A"
"23883","02-11-22 20:00","Brazil","Serie A Betano","2022","America MG","Internacional","1","0","H","0","0","D","1","0","H"
"23884","02-11-22 20:00","Brazil","Serie A Betano","2022","Athletico-PR","Goias","3","2","H","3","1","H","0","1","A"
"23885","02-11-22 01:30","Brazil","Serie A Betano","2022","Sao Paulo","Atletico-MG","2","2","D","2","1","H","0","1","A"
"23886","01-11-22 23:00","Brazil","Serie A Betano","2022","Botafogo RJ","Cuiaba","0","2","A","0","1","A","0","1","A"
"23887","01-11-22 00:00","Brazil","Serie A Betano","2022","Ceara","Fluminense","0","1","A","0","0","D","0","1","A"
"23888","30-10-22 00:30","Brazil","Serie A Betano","2022","Goias","Corinthians","0","0","D","0","0","D","0","0","D"
"23889","28-10-22 01:00","Brazil","Serie A Betano","2022","Cuiaba","Avai","1","0","H","0","0","D","1","0","H"
"23890","28-10-22 00:30","Brazil","Serie A Betano","2022","Atletico-MG","Juventude","1","0","H","1","0","H","0","0","D"
"23891","28-10-22 00:00","Brazil","Serie A Betano","2022","Fortaleza","Coritiba","3","1","H","1","0","H","2","1","H"
"23892","28-10-22 00:00","Brazil","Serie A Betano","2022","Sao Paulo","Atletico GO","2","1","H","1","0","H","1","1","D"
"23893","27-10-22 02:45","Brazil","Serie A Betano","2022","Corinthians","Fluminense","0","2","A","0","1","A","0","1","A"
"23894","27-10-22 02:45","Brazil","Serie A Betano","2022","Goias","America MG","2","2","D","0","0","D","2","2","D"
"23895","27-10-22 02:45","Brazil","Serie A Betano","2022","Internacional","Ceara","2","1","H","0","1","A","2","0","H"
"23896","27-10-22 00:30","Brazil","Serie A Betano","2022","Botafogo RJ","Bragantino","2","1","H","1","0","H","1","1","D"
"23897","26-10-22 02:45","Brazil","Serie A Betano","2022","Athletico-PR","Palmeiras","1","3","A","1","0","H","0","3","A"
"23898","26-10-22 02:45","Brazil","Serie A Betano","2022","Flamengo RJ","Santos","3","2","H","1","0","H","2","2","D"
"23899","25-10-22 01:00","Brazil","Serie A Betano","2022","Fortaleza","Atletico-MG","0","0","D","0","0","D","0","0","D"
"23900","23-10-22 23:00","Brazil","Serie A Betano","2022","Atletico GO","Ceara","1","0","H","1","0","H","0","0","D"
"23901","23-10-22 23:00","Brazil","Serie A Betano","2022","Coritiba","Internacional","1","1","D","1","0","H","0","1","A"
"23902","23-10-22 23:00","Brazil","Serie A Betano","2022","Cuiaba","Goias","1","2","A","0","2","A","1","0","H"
"23903","23-10-22 21:00","Brazil","Serie A Betano","2022","Fluminense","Botafogo RJ","2","2","D","0","1","A","2","1","H"
"23904","23-10-22 21:00","Brazil","Serie A Betano","2022","Juventude","Sao Paulo","1","2","A","1","1","D","0","1","A"
"23905","23-10-22 02:00","Brazil","Serie A Betano","2022","Palmeiras","Avai","3","0","H","1","0","H","2","0","H"
"23906","23-10-22 00:00","Brazil","Serie A Betano","2022","America MG","Flamengo RJ","1","2","A","1","2","A","0","0","D"
"23907","23-10-22 00:00","Brazil","Serie A Betano","2022","Santos","Corinthians","0","1","A","0","0","D","0","1","A"
"23908","22-10-22 21:30","Brazil","Serie A Betano","2022","Bragantino","Athletico-PR","4","2","H","3","0","H","1","2","A"
"23909","21-10-22 01:00","Brazil","Serie A Betano","2022","Sao Paulo","Coritiba","3","1","H","1","0","H","2","1","H"
"23910","18-10-22 01:00","Brazil","Serie A Betano","2022","Bragantino","Santos","0","2","A","0","0","D","0","2","A"
"23911","17-10-22 00:00","Brazil","Serie A Betano","2022","Athletico-PR","Coritiba","1","0","H","0","0","D","1","0","H"
"23912","17-10-22 00:00","Brazil","Serie A Betano","2022","Avai","Fluminense","0","3","A","0","2","A","0","1","A"
"23913","16-10-22 23:00","Brazil","Serie A Betano","2022","Botafogo RJ","Internacional","0","1","A","0","0","D","0","1","A"
"23914","16-10-22 23:00","Brazil","Serie A Betano","2022","Juventude","Atletico GO","1","1","D","0","0","D","1","1","D"
"23915","16-10-22 21:00","Brazil","Serie A Betano","2022","Ceara","Cuiaba","1","1","D","0","0","D","1","1","D"
"23916","16-10-22 21:00","Brazil","Serie A Betano","2022","Palmeiras","Sao Paulo","0","0","D","0","0","D","0","0","D"
"23917","16-10-22 01:30","Brazil","Serie A Betano","2022","America MG","Fortaleza","1","2","A","0","1","A","1","1","D"
"23918","16-10-22 01:30","Brazil","Serie A Betano","2022","Flamengo RJ","Atletico-MG","1","0","H","1","0","H","0","0","D"
"23919","11-10-22 01:00","Brazil","Serie A Betano","2022","Santos","Juventude","4","1","H","1","0","H","3","1","H"
"23920","10-10-22 23:30","Brazil","Serie A Betano","2022","Atletico GO","Palmeiras","1","1","D","0","0","D","1","1","D"
"23921","09-10-22 23:00","Brazil","Serie A Betano","2022","Atletico-MG","Ceara","0","0","D","0","0","D","0","0","D"
"23922","09-10-22 23:00","Brazil","Serie A Betano","2022","Coritiba","Bragantino","2","1","H","1","1","D","1","0","H"
"23923","09-10-22 23:00","Brazil","Serie A Betano","2022","Fluminense","America MG","0","2","A","0","2","A","0","0","D"
"23924","09-10-22 21:00","Brazil","Serie A Betano","2022","Fortaleza","Avai","2","0","H","0","0","D","2","0","H"
"23925","09-10-22 21:00","Brazil","Serie A Betano","2022","Sao Paulo","Botafogo RJ","0","1","A","0","0","D","0","1","A"
"23926","09-10-22 16:00","Brazil","Serie A Betano","2022","Internacional","Goias","4","2","H","2","2","D","2","0","H"
"23927","09-10-22 02:00","Brazil","Serie A Betano","2022","Corinthians","Athletico-PR","2","1","H","2","0","H","0","1","A"
"23928","09-10-22 00:00","Brazil","Serie A Betano","2022","Cuiaba","Flamengo RJ","1","2","A","0","0","D","1","2","A"
"23929","07-10-22 01:00","Brazil","Serie A Betano","2022","America MG","Sao Paulo","1","2","A","1","1","D","0","1","A"
"23930","07-10-22 01:00","Brazil","Serie A Betano","2022","Avai","Botafogo RJ","1","2","A","1","0","H","0","2","A"
"23931","07-10-22 00:00","Brazil","Serie A Betano","2022","Palmeiras","Coritiba","4","0","H","2","0","H","2","0","H"
"23932","06-10-22 02:30","Brazil","Serie A Betano","2022","Flamengo RJ","Internacional","0","0","D","0","0","D","0","0","D"
"23933","06-10-22 02:30","Brazil","Serie A Betano","2022","Santos","Atletico-MG","1","2","A","0","0","D","1","2","A"
"23934","06-10-22 00:30","Brazil","Serie A Betano","2022","Athletico-PR","Fortaleza","1","1","D","0","1","A","1","0","H"
"23935","06-10-22 00:00","Brazil","Serie A Betano","2022","Atletico GO","Fluminense","3","2","H","1","2","A","2","0","H"
"23936","06-10-22 00:00","Brazil","Serie A Betano","2022","Bragantino","Cuiaba","2","1","H","1","1","D","1","0","H"
"23937","06-10-22 00:00","Brazil","Serie A Betano","2022","Ceara","Goias","1","1","D","0","0","D","1","1","D"
"23938","05-10-22 02:30","Brazil","Serie A Betano","2022","Juventude","Corinthians","2","2","D","0","1","A","2","1","H"
"23939","04-10-22 01:00","Brazil","Serie A Betano","2022","Botafogo RJ","Palmeiras","1","3","A","1","2","A","0","1","A"
"23940","02-10-22 02:00","Brazil","Serie A Betano","2022","Corinthians","Cuiaba","2","0","H","2","0","H","0","0","D"
"23941","02-10-22 00:00","Brazil","Serie A Betano","2022","Athletico-PR","Juventude","2","0","H","1","0","H","1","0","H"
"23942","02-10-22 00:00","Brazil","Serie A Betano","2022","Avai","Atletico GO","1","2","A","0","1","A","1","1","D"
"23943","02-10-22 00:00","Brazil","Serie A Betano","2022","Flamengo RJ","Bragantino","4","1","H","1","0","H","3","1","H"
"23944","02-10-22 00:00","Brazil","Serie A Betano","2022","Goias","Fortaleza","0","1","A","0","1","A","0","0","D"
"23945","01-10-22 20:00","Brazil","Serie A Betano","2022","Atletico-MG","Fluminense","2","0","H","1","0","H","1","0","H"
"23946","01-10-22 20:00","Brazil","Serie A Betano","2022","Ceara","America MG","1","2","A","0","1","A","1","1","D"
"23947","01-10-22 20:00","Brazil","Serie A Betano","2022","Internacional","Santos","1","0","H","1","0","H","0","0","D"
"23948","29-09-22 02:45","Brazil","Serie A Betano","2022","Atletico-MG","Palmeiras","0","1","A","0","0","D","0","1","A"
"23949","29-09-22 02:45","Brazil","Serie A Betano","2022","Goias","Botafogo RJ","0","1","A","0","0","D","0","1","A"
"23950","29-09-22 02:45","Brazil","Serie A Betano","2022","Internacional","Bragantino","0","0","D","0","0","D","0","0","D"
"23951","29-09-22 02:00","Brazil","Serie A Betano","2022","Cuiaba","America MG","2","1","H","1","0","H","1","1","D"
"23952","29-09-22 00:00","Brazil","Serie A Betano","2022","Corinthians","Atletico GO","2","1","H","1","1","D","1","0","H"
"23953","29-09-22 00:00","Brazil","Serie A Betano","2022","Coritiba","Ceara","1","0","H","1","0","H","0","0","D"
"23954","29-09-22 00:00","Brazil","Serie A Betano","2022","Fluminense","Juventude","4","0","H","2","0","H","2","0","H"
"23955","29-09-22 00:00","Brazil","Serie A Betano","2022","Fortaleza","Flamengo RJ","3","2","H","1","2","A","2","0","H"
"23956","28-09-22 02:00","Brazil","Serie A Betano","2022","Santos","Athletico-PR","2","0","H","1","0","H","1","0","H"
"23957","26-09-22 01:00","Brazil","Serie A Betano","2022","Sao Paulo","Avai","4","0","H","3","0","H","1","0","H"
"23958","20-09-22 01:00","Brazil","Serie A Betano","2022","Atletico GO","Internacional","1","2","A","0","2","A","1","0","H"
"23959","19-09-22 00:00","Brazil","Serie A Betano","2022","Athletico-PR","Cuiaba","2","2","D","2","1","H","0","1","A"
"23960","18-09-22 23:30","Brazil","Serie A Betano","2022","Palmeiras","Santos","1","0","H","0","0","D","1","0","H"
"23961","18-09-22 23:00","Brazil","Serie A Betano","2022","America MG","Corinthians","1","0","H","0","0","D","1","0","H"
"23962","18-09-22 23:00","Brazil","Serie A Betano","2022","Juventude","Fortaleza","1","1","D","0","1","A","1","0","H"
"23963","18-09-22 21:00","Brazil","Serie A Betano","2022","Ceara","Sao Paulo","0","2","A","0","1","A","0","1","A"
"23964","18-09-22 21:00","Brazil","Serie A Betano","2022","Flamengo RJ","Fluminense","1","2","A","0","1","A","1","1","D"
"23965","18-09-22 16:00","Brazil","Serie A Betano","2022","Bragantino","Goias","1","1","D","1","0","H","0","1","A"
"23966","18-09-22 00:00","Brazil","Serie A Betano","2022","Botafogo RJ","Coritiba","2","0","H","0","0","D","2","0","H"
"23967","17-09-22 21:30","Brazil","Serie A Betano","2022","Avai","Atletico-MG","1","0","H","0","0","D","1","0","H"
"23968","12-09-22 00:00","Brazil","Serie A Betano","2022","Goias","Flamengo RJ","1","1","D","0","0","D","1","1","D"
"23969","11-09-22 21:00","Brazil","Serie A Betano","2022","Coritiba","Atletico GO","2","0","H","1","0","H","1","0","H"
"23970","11-09-22 21:00","Brazil","Serie A Betano","2022","Sao Paulo","Corinthians","1","1","D","1","1","D","0","0","D"
"23971","11-09-22 16:00","Brazil","Serie A Betano","2022","Avai","Athletico-PR","1","1","D","1","0","H","0","1","A"
"23972","11-09-22 16:00","Brazil","Serie A Betano","2022","Botafogo RJ","America MG","0","0","D","0","0","D","0","0","D"
"23973","11-09-22 02:00","Brazil","Serie A Betano","2022","Palmeiras","Juventude","2","1","H","0","0","D","2","1","H"
"23974","11-09-22 00:00","Brazil","Serie A Betano","2022","Fluminense","Fortaleza","2","1","H","1","0","H","1","1","D"
"23975","10-09-22 21:30","Brazil","Serie A Betano","2022","Ceara","Santos","2","1","H","2","0","H","0","1","A"
"23976","10-09-22 21:30","Brazil","Serie A Betano","2022","Internacional","Cuiaba","1","0","H","0","0","D","1","0","H"
"23977","07-09-22 22:00","Brazil","Serie A Betano","2022","Atletico-MG","Bragantino","1","1","D","1","1","D","0","0","D"
"23978","06-09-22 01:00","Brazil","Serie A Betano","2022","Santos","Goias","1","2","A","0","1","A","1","1","D"
"23979","05-09-22 00:00","Brazil","Serie A Betano","2022","Cuiaba","Sao Paulo","1","1","D","1","0","H","0","1","A"
"23980","04-09-22 23:00","Brazil","Serie A Betano","2022","Atletico GO","Atletico-MG","0","2","A","0","1","A","0","1","A"
"23981","04-09-22 21:00","Brazil","Serie A Betano","2022","Corinthians","Internacional","2","2","D","2","1","H","0","1","A"
"23982","04-09-22 21:00","Brazil","Serie A Betano","2022","Fortaleza","Botafogo RJ","1","3","A","0","2","A","1","1","D"
"23983","04-09-22 16:00","Brazil","Serie A Betano","2022","Flamengo RJ","Ceara","1","1","D","0","1","A","1","0","H"
"23984","04-09-22 01:30","Brazil","Serie A Betano","2022","America MG","Coritiba","2","0","H","1","0","H","1","0","H"
"23985","04-09-22 00:00","Brazil","Serie A Betano","2022","Athletico-PR","Fluminense","1","0","H","1","0","H","0","0","D"
"23986","04-09-22 00:00","Brazil","Serie A Betano","2022","Bragantino","Palmeiras","2","2","D","2","1","H","0","1","A"
"23987","03-09-22 21:30","Brazil","Serie A Betano","2022","Juventude","Avai","1","1","D","0","0","D","1","1","D"
"23988","30-08-22 02:30","Brazil","Serie A Betano","2022","Corinthians","Bragantino","1","0","H","1","0","H","0","0","D"
"23989","30-08-22 01:00","Brazil","Serie A Betano","2022","Internacional","Juventude","4","0","H","2","0","H","2","0","H"
"23990","28-08-22 23:00","Brazil","Serie A Betano","2022","Botafogo RJ","Flamengo RJ","0","1","A","0","0","D","0","1","A"
"23991","28-08-22 23:00","Brazil","Serie A Betano","2022","Cuiaba","Santos","0","0","D","0","0","D","0","0","D"
"23992","28-08-22 21:00","Brazil","Serie A Betano","2022","America MG","Atletico-MG","1","1","D","1","1","D","0","0","D"
"23993","28-08-22 21:00","Brazil","Serie A Betano","2022","Sao Paulo","Fortaleza","0","1","A","0","1","A","0","0","D"
"23994","28-08-22 02:00","Brazil","Serie A Betano","2022","Ceara","Athletico-PR","0","0","D","0","0","D","0","0","D"
"23995","28-08-22 00:00","Brazil","Serie A Betano","2022","Fluminense","Palmeiras","1","1","D","1","1","D","0","0","D"
"23996","27-08-22 21:30","Brazil","Serie A Betano","2022","Coritiba","Avai","1","0","H","0","0","D","1","0","H"
"23997","27-08-22 21:30","Brazil","Serie A Betano","2022","Goias","Atletico GO","2","1","H","1","0","H","1","1","D"
"23998","23-08-22 01:00","Brazil","Serie A Betano","2022","Avai","Internacional","0","1","A","0","0","D","0","1","A"
"23999","22-08-22 00:00","Brazil","Serie A Betano","2022","Santos","Sao Paulo","1","0","H","1","0","H","0","0","D"
"24000","21-08-22 23:00","Brazil","Serie A Betano","2022","Athletico-PR","America MG","1","1","D","1","0","H","0","1","A"
"24001","21-08-22 23:00","Brazil","Serie A Betano","2022","Atletico GO","Cuiaba","1","1","D","1","0","H","0","1","A"
"24002","21-08-22 23:00","Brazil","Serie A Betano","2022","Bragantino","Ceara","1","1","D","0","0","D","1","1","D"
"24003","21-08-22 23:00","Brazil","Serie A Betano","2022","Fortaleza","Corinthians","1","0","H","0","0","D","1","0","H"
"24004","21-08-22 21:00","Brazil","Serie A Betano","2022","Palmeiras","Flamengo RJ","1","1","D","0","1","A","1","0","H"
"24005","21-08-22 16:00","Brazil","Serie A Betano","2022","Juventude","Botafogo RJ","2","2","D","1","0","H","1","2","A"
"24006","21-08-22 00:00","Brazil","Serie A Betano","2022","Fluminense","Coritiba","5","2","H","2","0","H","3","2","H"
"24007","20-08-22 21:30","Brazil","Serie A Betano","2022","Atletico-MG","Goias","0","1","A","0","0","D","0","1","A"
"24008","15-08-22 00:00","Brazil","Serie A Betano","2022","Internacional","Fluminense","3","0","H","1","0","H","2","0","H"
"24009","14-08-22 23:00","Brazil","Serie A Betano","2022","America MG","Santos","1","0","H","1","0","H","0","0","D"
"24010","14-08-22 21:00","Brazil","Serie A Betano","2022","Ceara","Fortaleza","0","1","A","0","1","A","0","0","D"
"24011","14-08-22 21:00","Brazil","Serie A Betano","2022","Flamengo RJ","Athletico-PR","5","0","H","0","0","D","5","0","H"
"24012","14-08-22 21:00","Brazil","Serie A Betano","2022","Sao Paulo","Bragantino","3","0","H","1","0","H","2","0","H"
"24013","14-08-22 16:00","Brazil","Serie A Betano","2022","Coritiba","Atletico-MG","0","1","A","0","0","D","0","1","A"
"24014","14-08-22 02:00","Brazil","Serie A Betano","2022","Botafogo RJ","Atletico GO","0","0","D","0","0","D","0","0","D"
"24015","14-08-22 01:30","Brazil","Serie A Betano","2022","Cuiaba","Juventude","1","0","H","1","0","H","0","0","D"
"24016","14-08-22 00:00","Brazil","Serie A Betano","2022","Corinthians","Palmeiras","0","1","A","0","0","D","0","1","A"
"24017","13-08-22 21:30","Brazil","Serie A Betano","2022","Goias","Avai","1","1","D","0","1","A","1","0","H"
"24018","09-08-22 01:00","Brazil","Serie A Betano","2022","Coritiba","Santos","1","2","A","0","0","D","1","2","A"
"24019","08-08-22 00:00","Brazil","Serie A Betano","2022","Atletico-MG","Athletico-PR","2","3","A","1","0","H","1","3","A"
"24020","07-08-22 23:00","Brazil","Serie A Betano","2022","Fortaleza","Internacional","3","0","H","1","0","H","2","0","H"
"24021","07-08-22 21:00","Brazil","Serie A Betano","2022","Fluminense","Cuiaba","1","0","H","1","0","H","0","0","D"
"24022","07-08-22 21:00","Brazil","Serie A Betano","2022","Palmeiras","Goias","3","0","H","2","0","H","1","0","H"
"24023","07-08-22 01:30","Brazil","Serie A Betano","2022","Sao Paulo","Flamengo RJ","0","2","A","0","1","A","0","1","A"
"24024","07-08-22 00:00","Brazil","Serie A Betano","2022","Atletico GO","Bragantino","2","1","H","0","0","D","2","1","H"
"24025","07-08-22 00:00","Brazil","Serie A Betano","2022","Avai","Corinthians","1","1","D","1","0","H","0","1","A"
"24026","06-08-22 21:30","Brazil","Serie A Betano","2022","Botafogo RJ","Ceara","1","1","D","1","0","H","0","1","A"
"24027","06-08-22 21:30","Brazil","Serie A Betano","2022","Juventude","America MG","0","1","A","0","1","A","0","0","D"
"24028","02-08-22 01:00","Brazil","Serie A Betano","2022","Santos","Fluminense","2","2","D","1","0","H","1","2","A"
"24029","01-08-22 00:00","Brazil","Serie A Betano","2022","Bragantino","Juventude","1","0","H","1","0","H","0","0","D"
"24030","31-07-22 23:00","Brazil","Serie A Betano","2022","America MG","Avai","3","1","H","1","1","D","2","0","H"
"24031","31-07-22 23:00","Brazil","Serie A Betano","2022","Cuiaba","Fortaleza","0","1","A","0","1","A","0","0","D"
"24032","31-07-22 21:00","Brazil","Serie A Betano","2022","Athletico-PR","Sao Paulo","1","0","H","0","0","D","1","0","H"
"24033","31-07-22 21:00","Brazil","Serie A Betano","2022","Internacional","Atletico-MG","3","0","H","3","0","H","0","0","D"
"24034","31-07-22 01:30","Brazil","Serie A Betano","2022","Flamengo RJ","Atletico GO","4","1","H","4","0","H","0","1","A"
"24035","31-07-22 00:00","Brazil","Serie A Betano","2022","Corinthians","Botafogo RJ","1","0","H","1","0","H","0","0","D"
"24036","30-07-22 21:30","Brazil","Serie A Betano","2022","Ceara","Palmeiras","1","2","A","0","2","A","1","0","H"
"24037","30-07-22 21:30","Brazil","Serie A Betano","2022","Goias","Coritiba","1","0","H","0","0","D","1","0","H"
"24038","26-07-22 01:00","Brazil","Serie A Betano","2022","Coritiba","Cuiaba","1","0","H","1","0","H","0","0","D"
"24039","25-07-22 00:00","Brazil","Serie A Betano","2022","Fortaleza","Santos","0","0","D","0","0","D","0","0","D"
"24040","24-07-22 23:00","Brazil","Serie A Betano","2022","Atletico GO","America MG","0","1","A","0","1","A","0","0","D"
"24041","24-07-22 23:00","Brazil","Serie A Betano","2022","Atletico-MG","Corinthians","1","2","A","1","0","H","0","2","A"
"24042","24-07-22 21:00","Brazil","Serie A Betano","2022","Fluminense","Bragantino","2","1","H","0","0","D","2","1","H"
"24043","24-07-22 21:00","Brazil","Serie A Betano","2022","Juventude","Ceara","1","0","H","0","0","D","1","0","H"
"24044","24-07-22 21:00","Brazil","Serie A Betano","2022","Palmeiras","Internacional","2","1","H","1","0","H","1","1","D"
"24045","24-07-22 16:00","Brazil","Serie A Betano","2022","Avai","Flamengo RJ","1","2","A","0","0","D","1","2","A"
"24046","24-07-22 02:00","Brazil","Serie A Betano","2022","Botafogo RJ","Athletico-PR","2","0","H","1","0","H","1","0","H"
"24047","24-07-22 00:00","Brazil","Serie A Betano","2022","Sao Paulo","Goias","3","3","D","2","2","D","1","1","D"
"24048","22-07-22 01:00","Brazil","Serie A Betano","2022","America MG","Palmeiras","0","1","A","0","0","D","0","1","A"
"24049","22-07-22 00:00","Brazil","Serie A Betano","2022","Cuiaba","Atletico-MG","1","1","D","0","0","D","1","1","D"
"24050","21-07-22 02:30","Brazil","Serie A Betano","2022","Corinthians","Coritiba","3","1","H","1","0","H","2","1","H"
"24051","21-07-22 02:30","Brazil","Serie A Betano","2022","Santos","Botafogo RJ","2","0","H","1","0","H","1","0","H"
"24052","21-07-22 01:30","Brazil","Serie A Betano","2022","Flamengo RJ","Juventude","4","0","H","3","0","H","1","0","H"
"24053","21-07-22 01:30","Brazil","Serie A Betano","2022","Internacional","Sao Paulo","3","3","D","3","2","H","0","1","A"
"24054","21-07-22 00:30","Brazil","Serie A Betano","2022","Athletico-PR","Atletico GO","4","1","H","2","0","H","2","1","H"
"24055","21-07-22 00:00","Brazil","Serie A Betano","2022","Bragantino","Fortaleza","2","1","H","1","0","H","1","1","D"
"24056","21-07-22 00:00","Brazil","Serie A Betano","2022","Goias","Fluminense","2","3","A","1","1","D","1","2","A"
"24057","20-07-22 02:30","Brazil","Serie A Betano","2022","Ceara","Avai","1","0","H","1","0","H","0","0","D"
"24058","19-07-22 01:00","Brazil","Serie A Betano","2022","Palmeiras","Cuiaba","1","0","H","0","0","D","1","0","H"
"24059","18-07-22 00:00","Brazil","Serie A Betano","2022","America MG","Bragantino","0","3","A","0","3","A","0","0","D"
"24060","17-07-22 23:00","Brazil","Serie A Betano","2022","Atletico GO","Fortaleza","0","1","A","0","0","D","0","1","A"
"24061","17-07-22 23:00","Brazil","Serie A Betano","2022","Botafogo RJ","Atletico-MG","0","1","A","0","0","D","0","1","A"
"24062","17-07-22 21:00","Brazil","Serie A Betano","2022","Sao Paulo","Fluminense","2","2","D","2","1","H","0","1","A"
"24063","17-07-22 16:00","Brazil","Serie A Betano","2022","Juventude","Goias","0","0","D","0","0","D","0","0","D"
"24064","17-07-22 02:00","Brazil","Serie A Betano","2022","Ceara","Corinthians","3","1","H","2","1","H","1","0","H"
"24065","17-07-22 00:00","Brazil","Serie A Betano","2022","Avai","Santos","1","0","H","1","0","H","0","0","D"
"24066","17-07-22 00:00","Brazil","Serie A Betano","2022","Flamengo RJ","Coritiba","2","0","H","2","0","H","0","0","D"
"24067","16-07-22 21:30","Brazil","Serie A Betano","2022","Athletico-PR","Internacional","0","0","D","0","0","D","0","0","D"
"24068","12-07-22 01:00","Brazil","Serie A Betano","2022","Internacional","America MG","1","0","H","0","0","D","1","0","H"
"24069","11-07-22 00:00","Brazil","Serie A Betano","2022","Cuiaba","Botafogo RJ","2","0","H","1","0","H","1","0","H"
"24070","10-07-22 23:00","Brazil","Serie A Betano","2022","Atletico-MG","Sao Paulo","0","0","D","0","0","D","0","0","D"
"24071","10-07-22 23:00","Brazil","Serie A Betano","2022","Fortaleza","Palmeiras","0","0","D","0","0","D","0","0","D"
"24072","10-07-22 23:00","Brazil","Serie A Betano","2022","Santos","Atletico GO","1","0","H","0","0","D","1","0","H"
"24073","10-07-22 21:00","Brazil","Serie A Betano","2022","Corinthians","Flamengo RJ","1","0","H","0","0","D","1","0","H"
"24074","10-07-22 16:00","Brazil","Serie A Betano","2022","Coritiba","Juventude","2","2","D","0","2","A","2","0","H"
"24075","10-07-22 01:30","Brazil","Serie A Betano","2022","Goias","Athletico-PR","2","1","H","2","0","H","0","1","A"
"24076","10-07-22 00:00","Brazil","Serie A Betano","2022","Fluminense","Ceara","2","1","H","1","0","H","1","1","D"
"24077","09-07-22 21:30","Brazil","Serie A Betano","2022","Bragantino","Avai","4","0","H","0","0","D","4","0","H"
"24078","05-07-22 01:00","Brazil","Serie A Betano","2022","Bragantino","Botafogo RJ","0","1","A","0","0","D","0","1","A"
"24079","03-07-22 23:00","Brazil","Serie A Betano","2022","America MG","Goias","1","0","H","0","0","D","1","0","H"
"24080","03-07-22 23:00","Brazil","Serie A Betano","2022","Coritiba","Fortaleza","2","1","H","1","0","H","1","1","D"
"24081","03-07-22 21:00","Brazil","Serie A Betano","2022","Atletico GO","Sao Paulo","1","2","A","1","1","D","0","1","A"
"24082","03-07-22 16:00","Brazil","Serie A Betano","2022","Avai","Cuiaba","1","2","A","1","0","H","0","2","A"
"24083","03-07-22 02:00","Brazil","Serie A Betano","2022","Palmeiras","Athletico-PR","0","2","A","0","1","A","0","1","A"
"24084","03-07-22 00:00","Brazil","Serie A Betano","2022","Ceara","Internacional","1","1","D","1","1","D","0","0","D"
"24085","03-07-22 00:00","Brazil","Serie A Betano","2022","Santos","Flamengo RJ","1","2","A","0","1","A","1","1","D"
"24086","02-07-22 21:30","Brazil","Serie A Betano","2022","Fluminense","Corinthians","4","0","H","2","0","H","2","0","H"
"24087","02-07-22 21:30","Brazil","Serie A Betano","2022","Juventude","Atletico-MG","1","2","A","0","1","A","1","1","D"
"24088","26-06-22 23:00","Brazil","Serie A Betano","2022","Ceara","Atletico GO","1","1","D","0","1","A","1","0","H"
"24089","26-06-22 23:00","Brazil","Serie A Betano","2022","Goias","Cuiaba","1","0","H","0","0","D","1","0","H"
"24090","26-06-22 23:00","Brazil","Serie A Betano","2022","Sao Paulo","Juventude","0","0","D","0","0","D","0","0","D"
"24091","26-06-22 21:00","Brazil","Serie A Betano","2022","Avai","Palmeiras","2","2","D","1","0","H","1","2","A"
"24092","26-06-22 21:00","Brazil","Serie A Betano","2022","Botafogo RJ","Fluminense","0","1","A","0","0","D","0","1","A"
"24093","26-06-22 02:00","Brazil","Serie A Betano","2022","Atletico-MG","Fortaleza","3","2","H","0","2","A","3","0","H"
"24094","26-06-22 00:00","Brazil","Serie A Betano","2022","Corinthians","Santos","0","0","D","0","0","D","0","0","D"
"26908","26-06-22 00:00","Brazil","Serie A Betano","2022","Flamengo RJ","America MG","3","0","H","1","0","H","2","0","H"
"24095","25-06-22 21:30","Brazil","Serie A Betano","2022","Athletico-PR","Bragantino","4","2","H","3","0","H","1","2","A"
"24096","25-06-22 02:30","Brazil","Serie A Betano","2022","Internacional","Coritiba","3","0","H","2","0","H","1","0","H"
"24097","21-06-22 01:00","Brazil","Serie A Betano","2022","Sao Paulo","Palmeiras","1","2","A","1","0","H","0","2","A"
"24098","20-06-22 00:00","Brazil","Serie A Betano","2022","Fluminense","Avai","2","0","H","1","0","H","1","0","H"
"24099","19-06-22 23:00","Brazil","Serie A Betano","2022","Atletico GO","Juventude","3","1","H","0","1","A","3","0","H"
"24100","19-06-22 23:00","Brazil","Serie A Betano","2022","Fortaleza","America MG","1","0","H","1","0","H","0","0","D"
"24101","19-06-22 23:00","Brazil","Serie A Betano","2022","Internacional","Botafogo RJ","2","3","A","2","1","H","0","2","A"
"24102","19-06-22 21:00","Brazil","Serie A Betano","2022","Atletico-MG","Flamengo RJ","2","0","H","1","0","H","1","0","H"
"24103","19-06-22 21:00","Brazil","Serie A Betano","2022","Corinthians","Goias","1","0","H","1","0","H","0","0","D"
"24104","19-06-22 21:00","Brazil","Serie A Betano","2022","Coritiba","Athletico-PR","0","1","A","0","0","D","0","1","A"
"24105","19-06-22 02:00","Brazil","Serie A Betano","2022","Santos","Bragantino","2","2","D","2","1","H","0","1","A"
"24106","19-06-22 00:00","Brazil","Serie A Betano","2022","Cuiaba","Ceara","0","0","D","0","0","D","0","0","D"
"24107","17-06-22 00:00","Brazil","Serie A Betano","2022","Avai","Fortaleza","3","2","H","2","1","H","1","1","D"
"24108","16-06-22 23:00","Brazil","Serie A Betano","2022","Palmeiras","Atletico GO","4","2","H","4","1","H","0","1","A"
"24109","16-06-22 21:00","Brazil","Serie A Betano","2022","Botafogo RJ","Sao Paulo","1","0","H","0","0","D","1","0","H"
"24110","16-06-22 02:30","Brazil","Serie A Betano","2022","America MG","Fluminense","0","0","D","0","0","D","0","0","D"
"24111","16-06-22 02:30","Brazil","Serie A Betano","2022","Athletico-PR","Corinthians","1","1","D","0","1","A","1","0","H"
"24112","16-06-22 01:30","Brazil","Serie A Betano","2022","Flamengo RJ","Cuiaba","2","0","H","1","0","H","1","0","H"
"24113","16-06-22 01:30","Brazil","Serie A Betano","2022","Goias","Internacional","1","2","A","1","1","D","0","1","A"
"24114","16-06-22 00:00","Brazil","Serie A Betano","2022","Bragantino","Coritiba","4","2","H","3","0","H","1","2","A"
"24115","16-06-22 00:00","Brazil","Serie A Betano","2022","Ceara","Atletico-MG","0","0","D","0","0","D","0","0","D"
"24116","15-06-22 02:30","Brazil","Serie A Betano","2022","Juventude","Santos","1","2","A","1","0","H","0","2","A"
"24117","14-06-22 00:00","Brazil","Serie A Betano","2022","Botafogo RJ","Avai","0","1","A","0","1","A","0","0","D"
"24118","13-06-22 00:00","Brazil","Serie A Betano","2022","Fortaleza","Athletico-PR","0","0","D","0","0","D","0","0","D"
"24119","12-06-22 23:00","Brazil","Serie A Betano","2022","Coritiba","Palmeiras","0","2","A","0","1","A","0","1","A"
"24120","12-06-22 21:00","Brazil","Serie A Betano","2022","Goias","Ceara","1","1","D","0","1","A","1","0","H"
"24121","12-06-22 21:00","Brazil","Serie A Betano","2022","Sao Paulo","America MG","1","0","H","1","0","H","0","0","D"
"24122","12-06-22 02:00","Brazil","Serie A Betano","2022","Internacional","Flamengo RJ","3","1","H","2","0","H","1","1","D"
"24123","12-06-22 00:00","Brazil","Serie A Betano","2022","Atletico-MG","Santos","1","1","D","1","0","H","0","1","A"
"24124","12-06-22 00:00","Brazil","Serie A Betano","2022","Cuiaba","Bragantino","1","1","D","1","1","D","0","0","D"
"24125","12-06-22 00:00","Brazil","Serie A Betano","2022","Fluminense","Atletico GO","0","2","A","0","2","A","0","0","D"
"24126","11-06-22 21:30","Brazil","Serie A Betano","2022","Corinthians","Juventude","2","0","H","1","0","H","1","0","H"
"24127","10-06-22 01:00","Brazil","Serie A Betano","2022","Coritiba","Sao Paulo","1","1","D","0","1","A","1","0","H"
"24128","10-06-22 01:00","Brazil","Serie A Betano","2022","Fortaleza","Goias","1","1","D","1","0","H","0","1","A"
"24129","10-06-22 00:00","Brazil","Serie A Betano","2022","Palmeiras","Botafogo RJ","4","0","H","3","0","H","1","0","H"
"24130","09-06-22 02:30","Brazil","Serie A Betano","2022","Fluminense","Atletico-MG","5","3","H","3","2","H","2","1","H"
"24131","09-06-22 02:30","Brazil","Serie A Betano","2022","Santos","Internacional","1","1","D","0","0","D","1","1","D"
"24132","09-06-22 01:30","Brazil","Serie A Betano","2022","Atletico GO","Avai","2","1","H","1","1","D","1","0","H"
"24133","09-06-22 01:30","Brazil","Serie A Betano","2022","Bragantino","Flamengo RJ","1","0","H","1","0","H","0","0","D"
"24134","09-06-22 00:00","Brazil","Serie A Betano","2022","America MG","Ceara","0","2","A","0","1","A","0","1","A"
"24135","09-06-22 00:00","Brazil","Serie A Betano","2022","Juventude","Athletico-PR","1","3","A","1","1","D","0","2","A"
"24136","08-06-22 02:30","Brazil","Serie A Betano","2022","Cuiaba","Corinthians","1","0","H","1","0","H","0","0","D"
"24137","07-06-22 01:00","Brazil","Serie A Betano","2022","Botafogo RJ","Goias","1","2","A","1","0","H","0","2","A"
"24138","06-06-22 00:00","Brazil","Serie A Betano","2022","Bragantino","Internacional","0","2","A","0","0","D","0","2","A"
"24139","05-06-22 21:00","Brazil","Serie A Betano","2022","Flamengo RJ","Fortaleza","1","2","A","1","1","D","0","1","A"
"24140","05-06-22 21:00","Brazil","Serie A Betano","2022","Palmeiras","Atletico-MG","0","0","D","0","0","D","0","0","D"
"24141","05-06-22 16:00","Brazil","Serie A Betano","2022","Juventude","Fluminense","1","0","H","1","0","H","0","0","D"
"24142","05-06-22 01:30","Brazil","Serie A Betano","2022","Atletico GO","Corinthians","0","1","A","0","1","A","0","0","D"
"24143","05-06-22 00:00","Brazil","Serie A Betano","2022","Athletico-PR","Santos","2","2","D","1","1","D","1","1","D"
"24144","05-06-22 00:00","Brazil","Serie A Betano","2022","Avai","Sao Paulo","1","1","D","0","1","A","1","0","H"
"24145","05-06-22 00:00","Brazil","Serie A Betano","2022","Ceara","Coritiba","1","1","D","1","0","H","0","1","A"
"24146","04-06-22 21:30","Brazil","Serie A Betano","2022","America MG","Cuiaba","2","1","H","1","1","D","1","0","H"
"24147","02-06-22 01:30","Brazil","Serie A Betano","2022","Fortaleza","Ceara","0","1","A","0","1","A","0","0","D"
"24148","31-05-22 01:00","Brazil","Serie A Betano","2022","Internacional","Atletico GO","1","1","D","1","0","H","0","1","A"
"24149","30-05-22 00:00","Brazil","Serie A Betano","2022","Atletico-MG","Avai","2","1","H","0","1","A","2","0","H"
"24150","29-05-22 23:00","Brazil","Serie A Betano","2022","Corinthians","America MG","1","1","D","0","0","D","1","1","D"
"24151","29-05-22 23:00","Brazil","Serie A Betano","2022","Cuiaba","Athletico-PR","0","1","A","0","0","D","0","1","A"
"24152","29-05-22 23:00","Brazil","Serie A Betano","2022","Fluminense","Flamengo RJ","1","2","A","1","1","D","0","1","A"
"24153","29-05-22 21:00","Brazil","Serie A Betano","2022","Coritiba","Botafogo RJ","1","0","H","1","0","H","0","0","D"
"24154","29-05-22 21:00","Brazil","Serie A Betano","2022","Santos","Palmeiras","0","1","A","0","0","D","0","1","A"
"24155","29-05-22 01:30","Brazil","Serie A Betano","2022","Fortaleza","Juventude","1","1","D","0","0","D","1","1","D"
"24156","29-05-22 00:00","Brazil","Serie A Betano","2022","Sao Paulo","Ceara","2","2","D","2","1","H","0","1","A"
"24157","28-05-22 21:30","Brazil","Serie A Betano","2022","Goias","Bragantino","1","1","D","0","1","A","1","0","H"
"24158","23-05-22 00:00","Brazil","Serie A Betano","2022","Athletico-PR","Avai","2","1","H","2","0","H","0","1","A"
"24159","22-05-22 21:00","Brazil","Serie A Betano","2022","Corinthians","Sao Paulo","1","1","D","0","1","A","1","0","H"
"24160","22-05-22 21:00","Brazil","Serie A Betano","2022","Fortaleza","Fluminense","0","1","A","0","1","A","0","0","D"
"24161","22-05-22 02:00","Brazil","Serie A Betano","2022","America MG","Botafogo RJ","1","1","D","1","0","H","0","1","A"
"24162","22-05-22 02:00","Brazil","Serie A Betano","2022","Cuiaba","Internacional","1","1","D","0","0","D","1","1","D"
"24163","22-05-22 00:00","Brazil","Serie A Betano","2022","Juventude","Palmeiras","0","3","A","0","2","A","0","1","A"
"24164","21-05-22 23:30","Brazil","Serie A Betano","2022","Santos","Ceara","0","0","D","0","0","D","0","0","D"
"24165","21-05-22 21:30","Brazil","Serie A Betano","2022","Atletico GO","Coritiba","2","0","H","1","0","H","1","0","H"
"24166","21-05-22 21:30","Brazil","Serie A Betano","2022","Flamengo RJ","Goias","1","0","H","1","0","H","0","0","D"
"24167","16-05-22 00:00","Brazil","Serie A Betano","2022","Goias","Santos","1","0","H","1","0","H","0","0","D"
"24168","15-05-22 23:00","Brazil","Serie A Betano","2022","Avai","Juventude","1","2","A","1","1","D","0","1","A"
"24169","15-05-22 23:00","Brazil","Serie A Betano","2022","Botafogo RJ","Fortaleza","3","1","H","1","1","D","2","0","H"
"24170","15-05-22 22:30","Brazil","Serie A Betano","2022","Coritiba","America MG","1","0","H","1","0","H","0","0","D"
"24171","15-05-22 21:00","Brazil","Serie A Betano","2022","Sao Paulo","Cuiaba","2","1","H","0","1","A","2","0","H"
"24172","15-05-22 02:00","Brazil","Serie A Betano","2022","Fluminense","Athletico-PR","2","1","H","1","0","H","1","1","D"
"24173","15-05-22 00:00","Brazil","Serie A Betano","2022","Atletico-MG","Atletico GO","2","0","H","1","0","H","1","0","H"
"24174","15-05-22 00:00","Brazil","Serie A Betano","2022","Internacional","Corinthians","2","2","D","2","1","H","0","1","A"
"24175","14-05-22 21:30","Brazil","Serie A Betano","2022","Ceara","Flamengo RJ","2","2","D","1","2","A","1","0","H"
"24176","14-05-22 21:30","Brazil","Serie A Betano","2022","Palmeiras","Bragantino","2","0","H","1","0","H","1","0","H"
"24177","12-05-22 01:30","Brazil","Serie A Betano","2022","Bragantino","Atletico-MG","1","1","D","1","0","H","0","1","A"
"24178","10-05-22 01:00","Brazil","Serie A Betano","2022","Avai","Coritiba","2","1","H","0","0","D","2","1","H"
"24179","09-05-22 00:00","Brazil","Serie A Betano","2022","Fortaleza","Sao Paulo","1","1","D","0","0","D","1","1","D"
"24180","09-05-22 00:00","Brazil","Serie A Betano","2022","Juventude","Internacional","1","1","D","0","0","D","1","1","D"
"24181","08-05-22 23:00","Brazil","Serie A Betano","2022","Bragantino","Corinthians","0","1","A","0","0","D","0","1","A"
"24182","08-05-22 23:00","Brazil","Serie A Betano","2022","Santos","Cuiaba","4","1","H","2","1","H","2","0","H"
"24183","08-05-22 21:00","Brazil","Serie A Betano","2022","Atletico GO","Goias","0","1","A","0","1","A","0","0","D"
"24184","08-05-22 21:00","Brazil","Serie A Betano","2022","Palmeiras","Fluminense","1","1","D","0","0","D","1","1","D"
"24185","08-05-22 16:00","Brazil","Serie A Betano","2022","Flamengo RJ","Botafogo RJ","0","1","A","0","0","D","0","1","A"
"24186","08-05-22 01:30","Brazil","Serie A Betano","2022","Athletico-PR","Ceara","1","0","H","0","0","D","1","0","H"
"24187","07-05-22 21:30","Brazil","Serie A Betano","2022","Atletico-MG","America MG","1","2","A","0","1","A","1","1","D"
"24188","03-05-22 01:00","Brazil","Serie A Betano","2022","Sao Paulo","Santos","2","1","H","1","1","D","1","0","H"
"24189","02-05-22 00:00","Brazil","Serie A Betano","2022","Internacional","Avai","0","0","D","0","0","D","0","0","D"
"24190","01-05-22 21:00","Brazil","Serie A Betano","2022","Corinthians","Fortaleza","1","0","H","0","0","D","1","0","H"
"24191","01-05-22 21:00","Brazil","Serie A Betano","2022","Coritiba","Fluminense","3","2","H","0","2","A","3","0","H"
"24192","01-05-22 16:00","Brazil","Serie A Betano","2022","Botafogo RJ","Juventude","1","1","D","0","0","D","1","1","D"
"24193","01-05-22 00:00","Brazil","Serie A Betano","2022","Cuiaba","Atletico GO","1","1","D","0","1","A","1","0","H"
"24194","30-04-22 23:30","Brazil","Serie A Betano","2022","Goias","Atletico-MG","2","2","D","0","1","A","2","1","H"
"24195","30-04-22 21:30","Brazil","Serie A Betano","2022","America MG","Athletico-PR","1","0","H","0","0","D","1","0","H"
"24196","30-04-22 21:30","Brazil","Serie A Betano","2022","Ceara","Bragantino","0","1","A","0","1","A","0","0","D"
"24197","26-04-22 01:00","Brazil","Serie A Betano","2022","Avai","Goias","3","2","H","1","0","H","2","2","D"
"24198","24-04-22 23:30","Brazil","Serie A Betano","2022","Atletico GO","Botafogo RJ","1","1","D","0","0","D","1","1","D"
"24199","24-04-22 23:00","Brazil","Serie A Betano","2022","Juventude","Cuiaba","0","1","A","0","0","D","0","1","A"
"24200","24-04-22 21:00","Brazil","Serie A Betano","2022","Santos","America MG","3","0","H","1","0","H","2","0","H"
"24201","24-04-22 02:00","Brazil","Serie A Betano","2022","Atletico-MG","Coritiba","2","2","D","2","0","H","0","2","A"
"24202","24-04-22 00:00","Brazil","Serie A Betano","2022","Fluminense","Internacional","0","1","A","0","0","D","0","1","A"
"24203","24-04-22 00:00","Brazil","Serie A Betano","2022","Palmeiras","Corinthians","3","0","H","2","0","H","1","0","H"
"24204","23-04-22 21:30","Brazil","Serie A Betano","2022","Athletico-PR","Flamengo RJ","1","0","H","1","0","H","0","0","D"
"24205","23-04-22 21:30","Brazil","Serie A Betano","2022","Bragantino","Sao Paulo","1","1","D","1","0","H","0","1","A"
"24206","21-04-22 00:30","Brazil","Serie A Betano","2022","Flamengo RJ","Palmeiras","0","0","D","0","0","D","0","0","D"
"24207","18-04-22 00:00","Brazil","Serie A Betano","2022","Ceara","Botafogo RJ","1","3","A","1","1","D","0","2","A"
"24208","17-04-22 23:00","Brazil","Serie A Betano","2022","Athletico-PR","Atletico-MG","0","1","A","0","0","D","0","1","A"
"24209","17-04-22 23:00","Brazil","Serie A Betano","2022","Bragantino","Atletico GO","4","0","H","3","0","H","1","0","H"
"24210","17-04-22 23:00","Brazil","Serie A Betano","2022","Internacional","Fortaleza","2","1","H","1","1","D","1","0","H"
"24211","17-04-22 21:00","Brazil","Serie A Betano","2022","Flamengo RJ","Sao Paulo","3","1","H","1","1","D","2","0","H"
"24212","17-04-22 16:00","Brazil","Serie A Betano","2022","Santos","Coritiba","2","1","H","2","1","H","0","0","D"
"24213","17-04-22 02:00","Brazil","Serie A Betano","2022","Cuiaba","Fluminense","0","1","A","0","0","D","0","1","A"
"24214","17-04-22 00:00","Brazil","Serie A Betano","2022","America MG","Juventude","4","1","H","2","0","H","2","1","H"
"26907","17-04-22 00:00","Brazil","Serie A Betano","2022","Corinthians","Avai","3","0","H","2","0","H","1","0","H"
"24215","16-04-22 21:30","Brazil","Serie A Betano","2022","Goias","Palmeiras","1","1","D","0","0","D","1","1","D"
"24216","12-04-22 01:00","Brazil","Serie A Betano","2022","Juventude","Bragantino","2","2","D","1","1","D","1","1","D"
"24217","11-04-22 00:00","Brazil","Serie A Betano","2022","Avai","America MG","1","0","H","0","0","D","1","0","H"
"26914","11-04-22 00:00","Brazil","Serie A Betano","2022","Sao Paulo","Athletico-PR","4","0","H","1","0","H","3","0","H"
"24218","10-04-22 23:00","Brazil","Serie A Betano","2022","Fortaleza","Cuiaba","0","1","A","0","1","A","0","0","D"
"24219","10-04-22 21:00","Brazil","Serie A Betano","2022","Atletico-MG","Internacional","2","0","H","1","0","H","1","0","H"
"24220","10-04-22 21:00","Brazil","Serie A Betano","2022","Botafogo RJ","Corinthians","1","3","A","0","3","A","1","0","H"
"24221","10-04-22 16:00","Brazil","Serie A Betano","2022","Coritiba","Goias","3","0","H","1","0","H","2","0","H"
"24222","10-04-22 02:00","Brazil","Serie A Betano","2022","Palmeiras","Ceara","2","3","A","1","2","A","1","1","D"
"24223","10-04-22 00:00","Brazil","Serie A Betano","2022","Atletico GO","Flamengo RJ","1","1","D","0","0","D","1","1","D"
"26911","09-04-22 21:30","Brazil","Serie A Betano","2022","Fluminense","Santos","0","0","D","0","0","D","0","0","D"
"24224","10-12-21 01:30","Brazil","Serie A Betano","2021","America MG","Sao Paulo","2","0","H","0","0","D","2","0","H"
"24225","10-12-21 01:30","Brazil","Serie A Betano","2021","Atletico GO","Flamengo RJ","2","0","H","0","0","D","2","0","H"
"24226","10-12-21 01:30","Brazil","Serie A Betano","2021","Bragantino","Internacional","1","0","H","0","0","D","1","0","H"
"24227","10-12-21 01:30","Brazil","Serie A Betano","2021","Fluminense","Chapecoense-SC","3","0","H","0","0","D","3","0","H"
"24228","10-12-21 01:30","Brazil","Serie A Betano","2021","Fortaleza","Bahia","2","1","H","1","1","D","1","0","H"
"24229","10-12-21 01:30","Brazil","Serie A Betano","2021","Gremio","Atletico-MG","4","3","H","3","2","H","1","1","D"
"24230","10-12-21 01:30","Brazil","Serie A Betano","2021","Juventude","Corinthians","1","0","H","0","0","D","1","0","H"
"24231","10-12-21 01:30","Brazil","Serie A Betano","2021","Palmeiras","Ceara","1","0","H","1","0","H","0","0","D"
"24232","10-12-21 01:30","Brazil","Serie A Betano","2021","Santos","Cuiaba","1","1","D","0","1","A","1","0","H"
"24233","10-12-21 01:30","Brazil","Serie A Betano","2021","Sport Recife","Athletico-PR","1","1","D","1","1","D","0","0","D"
"24234","07-12-21 01:00","Brazil","Serie A Betano","2021","Chapecoense-SC","Sport Recife","0","1","A","0","0","D","0","1","A"
"24235","07-12-21 00:00","Brazil","Serie A Betano","2021","Cuiaba","Fortaleza","1","0","H","1","0","H","0","0","D"
"24236","07-12-21 00:00","Brazil","Serie A Betano","2021","Flamengo RJ","Santos","0","1","A","0","0","D","0","1","A"
"24237","07-12-21 00:00","Brazil","Serie A Betano","2021","Internacional","Atletico GO","1","2","A","1","2","A","0","0","D"
"24238","06-12-21 23:00","Brazil","Serie A Betano","2021","Athletico-PR","Palmeiras","0","0","D","0","0","D","0","0","D"
"24239","06-12-21 23:00","Brazil","Serie A Betano","2021","Sao Paulo","Juventude","3","1","H","2","0","H","1","1","D"
"24240","05-12-21 23:00","Brazil","Serie A Betano","2021","Ceara","America MG","0","0","D","0","0","D","0","0","D"
"24241","05-12-21 20:00","Brazil","Serie A Betano","2021","Atletico-MG","Bragantino","4","3","H","1","1","D","3","2","H"
"24242","05-12-21 20:00","Brazil","Serie A Betano","2021","Bahia","Fluminense","2","0","H","2","0","H","0","0","D"
"24243","05-12-21 20:00","Brazil","Serie A Betano","2021","Corinthians","Gremio","1","1","D","0","1","A","1","0","H"
"24244","04-12-21 01:00","Brazil","Serie A Betano","2021","Fortaleza","Juventude","1","0","H","0","0","D","1","0","H"
"24245","04-12-21 00:00","Brazil","Serie A Betano","2021","Chapecoense-SC","Atletico GO","0","1","A","0","0","D","0","1","A"
"24246","04-12-21 00:00","Brazil","Serie A Betano","2021","Sport Recife","Flamengo RJ","1","1","D","0","1","A","1","0","H"
"24247","03-12-21 23:00","Brazil","Serie A Betano","2021","Athletico-PR","Cuiaba","1","0","H","0","0","D","1","0","H"
"24248","03-12-21 00:00","Brazil","Serie A Betano","2021","Gremio","Sao Paulo","3","0","H","1","0","H","2","0","H"
"24249","02-12-21 22:00","Brazil","Serie A Betano","2021","Bahia","Atletico-MG","2","3","A","0","0","D","2","3","A"
"24250","01-12-21 02:00","Brazil","Serie A Betano","2021","Cuiaba","Palmeiras","1","3","A","1","2","A","0","1","A"
"24251","01-12-21 01:00","Brazil","Serie A Betano","2021","America MG","Chapecoense-SC","3","0","H","1","0","H","2","0","H"
"24252","01-12-21 00:00","Brazil","Serie A Betano","2021","Flamengo RJ","Ceara","2","1","H","1","0","H","1","1","D"
"24253","30-11-21 23:00","Brazil","Serie A Betano","2021","Juventude","Bragantino","1","0","H","1","0","H","0","0","D"
"24254","29-11-21 23:00","Brazil","Serie A Betano","2021","Atletico GO","Bahia","2","1","H","0","0","D","2","1","H"
"24255","28-11-21 23:00","Brazil","Serie A Betano","2021","Internacional","Santos","1","1","D","1","0","H","0","1","A"
"24256","28-11-21 20:00","Brazil","Serie A Betano","2021","Atletico-MG","Fluminense","2","1","H","1","1","D","1","0","H"
"24257","28-11-21 20:00","Brazil","Serie A Betano","2021","Corinthians","Athletico-PR","1","0","H","0","0","D","1","0","H"
"24258","28-11-21 01:30","Brazil","Serie A Betano","2021","Sao Paulo","Sport Recife","2","0","H","0","0","D","2","0","H"
"24259","27-11-21 23:30","Brazil","Serie A Betano","2021","Bragantino","America MG","1","1","D","0","0","D","1","1","D"
"24260","26-11-21 23:00","Brazil","Serie A Betano","2021","Bahia","Gremio","3","1","H","2","0","H","1","1","D"
"24261","26-11-21 00:00","Brazil","Serie A Betano","2021","Ceara","Corinthians","2","1","H","1","0","H","1","1","D"
"24262","25-11-21 23:00","Brazil","Serie A Betano","2021","Santos","Fortaleza","2","0","H","0","0","D","2","0","H"
"24263","25-11-21 01:30","Brazil","Serie A Betano","2021","Fluminense","Internacional","1","0","H","1","0","H","0","0","D"
"24264","25-11-21 01:30","Brazil","Serie A Betano","2021","Sao Paulo","Athletico-PR","0","0","D","0","0","D","0","0","D"
"24265","24-11-21 01:30","Brazil","Serie A Betano","2021","Palmeiras","Atletico-MG","2","2","D","1","1","D","1","1","D"
"24266","24-11-21 01:00","Brazil","Serie A Betano","2021","Gremio","Flamengo RJ","2","2","D","0","0","D","2","2","D"
"24267","23-11-21 23:00","Brazil","Serie A Betano","2021","Atletico GO","Juventude","1","1","D","0","0","D","1","1","D"
"24268","21-11-21 23:00","Brazil","Serie A Betano","2021","Bahia","Cuiaba","0","0","D","0","0","D","0","0","D"
"24269","21-11-21 21:00","Brazil","Serie A Betano","2021","Fluminense","America MG","2","0","H","1","0","H","1","0","H"
"24270","21-11-21 20:00","Brazil","Serie A Betano","2021","Corinthians","Santos","2","0","H","0","0","D","2","0","H"
"24271","21-11-21 01:30","Brazil","Serie A Betano","2021","Internacional","Flamengo RJ","1","2","A","1","2","A","0","0","D"
"24272","21-11-21 01:00","Brazil","Serie A Betano","2021","Atletico GO","Ceara","1","1","D","0","0","D","1","1","D"
"24273","20-11-21 23:00","Brazil","Serie A Betano","2021","Atletico-MG","Juventude","2","0","H","0","0","D","2","0","H"
"24274","20-11-21 23:00","Brazil","Serie A Betano","2021","Chapecoense-SC","Gremio","1","3","A","0","1","A","1","2","A"
"24275","20-11-21 23:00","Brazil","Serie A Betano","2021","Fortaleza","Palmeiras","1","0","H","1","0","H","0","0","D"
"24276","19-11-21 01:00","Brazil","Serie A Betano","2021","Sport Recife","Bahia","1","0","H","0","0","D","1","0","H"
"24277","18-11-21 01:30","Brazil","Serie A Betano","2021","Flamengo RJ","Corinthians","1","0","H","0","0","D","1","0","H"
"24278","18-11-21 00:30","Brazil","Serie A Betano","2021","Juventude","Fluminense","1","0","H","1","0","H","0","0","D"
"24279","18-11-21 00:30","Brazil","Serie A Betano","2021","Palmeiras","Sao Paulo","0","2","A","0","1","A","0","1","A"
"24280","18-11-21 00:00","Brazil","Serie A Betano","2021","Fortaleza","Ceara","0","4","A","0","2","A","0","2","A"
"24281","17-11-21 23:00","Brazil","Serie A Betano","2021","America MG","Atletico GO","0","0","D","0","0","D","0","0","D"
"24282","17-11-21 23:00","Brazil","Serie A Betano","2021","Cuiaba","Internacional","1","0","H","0","0","D","1","0","H"
"24283","17-11-21 23:00","Brazil","Serie A Betano","2021","Santos","Chapecoense-SC","2","0","H","1","0","H","1","0","H"
"24284","16-11-21 22:00","Brazil","Serie A Betano","2021","Gremio","Bragantino","3","0","H","3","0","H","0","0","D"
"24285","16-11-21 20:00","Brazil","Serie A Betano","2021","Athletico-PR","Atletico-MG","0","1","A","0","1","A","0","0","D"
"24286","14-11-21 23:00","Brazil","Serie A Betano","2021","Ceara","Sport Recife","2","1","H","1","0","H","1","1","D"
"24287","14-11-21 23:00","Brazil","Serie A Betano","2021","Chapecoense-SC","Juventude","0","2","A","0","2","A","0","0","D"
"24288","14-11-21 22:15","Brazil","Serie A Betano","2021","Fluminense","Palmeiras","2","1","H","0","1","A","2","0","H"
"24289","14-11-21 20:00","Brazil","Serie A Betano","2021","Sao Paulo","Flamengo RJ","0","4","A","0","3","A","0","1","A"
"24290","14-11-21 01:00","Brazil","Serie A Betano","2021","Corinthians","Cuiaba","3","2","H","1","1","D","2","1","H"
"24291","13-11-21 23:00","Brazil","Serie A Betano","2021","Bragantino","Fortaleza","3","0","H","2","0","H","1","0","H"
"24292","13-11-21 23:00","Brazil","Serie A Betano","2021","Internacional","Athletico-PR","2","1","H","1","1","D","1","0","H"
"24293","13-11-21 22:30","Brazil","Serie A Betano","2021","America MG","Gremio","3","1","H","2","0","H","1","1","D"
"24294","13-11-21 21:00","Brazil","Serie A Betano","2021","Atletico GO","Santos","0","0","D","0","0","D","0","0","D"
"24295","11-11-21 23:00","Brazil","Serie A Betano","2021","Flamengo RJ","Bahia","3","0","H","1","0","H","2","0","H"
"24296","11-11-21 01:30","Brazil","Serie A Betano","2021","Fortaleza","Sao Paulo","1","1","D","0","0","D","1","1","D"
"24297","11-11-21 01:30","Brazil","Serie A Betano","2021","Juventude","Internacional","2","1","H","0","0","D","2","1","H"
"24298","11-11-21 01:30","Brazil","Serie A Betano","2021","Sport Recife","America MG","2","3","A","0","1","A","2","2","D"
"24299","11-11-21 00:30","Brazil","Serie A Betano","2021","Palmeiras","Atletico GO","4","0","H","2","0","H","2","0","H"
"24300","10-11-21 23:00","Brazil","Serie A Betano","2021","Atletico-MG","Corinthians","3","0","H","1","0","H","2","0","H"
"24301","10-11-21 23:00","Brazil","Serie A Betano","2021","Santos","Bragantino","2","0","H","1","0","H","1","0","H"
"24302","10-11-21 22:30","Brazil","Serie A Betano","2021","Athletico-PR","Ceara","2","1","H","1","0","H","1","1","D"
"24303","10-11-21 01:30","Brazil","Serie A Betano","2021","Gremio","Fluminense","1","0","H","0","0","D","1","0","H"
"24304","09-11-21 00:00","Brazil","Serie A Betano","2021","Chapecoense-SC","Flamengo RJ","2","2","D","2","2","D","0","0","D"
"24305","08-11-21 00:30","Brazil","Serie A Betano","2021","Ceara","Cuiaba","1","0","H","0","0","D","1","0","H"
"24306","07-11-21 22:15","Brazil","Serie A Betano","2021","Bahia","Sao Paulo","1","0","H","0","0","D","1","0","H"
"24307","07-11-21 20:00","Brazil","Serie A Betano","2021","Atletico-MG","America MG","1","0","H","0","0","D","1","0","H"
"24308","07-11-21 20:00","Brazil","Serie A Betano","2021","Bragantino","Athletico-PR","0","2","A","0","0","D","0","2","A"
"24309","07-11-21 20:00","Brazil","Serie A Betano","2021","Santos","Palmeiras","0","2","A","0","1","A","0","1","A"
"24310","07-11-21 01:00","Brazil","Serie A Betano","2021","Fluminense","Sport Recife","1","0","H","0","0","D","1","0","H"
"24311","06-11-21 23:00","Brazil","Serie A Betano","2021","Internacional","Gremio","1","0","H","1","0","H","0","0","D"
"24312","06-11-21 21:00","Brazil","Serie A Betano","2021","Corinthians","Fortaleza","1","0","H","0","0","D","1","0","H"
"24313","06-11-21 01:30","Brazil","Serie A Betano","2021","Flamengo RJ","Atletico GO","2","0","H","1","0","H","1","0","H"
"24314","05-11-21 01:00","Brazil","Serie A Betano","2021","Cuiaba","Chapecoense-SC","0","0","D","0","0","D","0","0","D"
"24315","04-11-21 01:00","Brazil","Serie A Betano","2021","Atletico-MG","Gremio","2","1","H","1","0","H","1","1","D"
"24316","02-11-21 20:00","Brazil","Serie A Betano","2021","Athletico-PR","Flamengo RJ","2","2","D","0","2","A","2","0","H"
"24317","02-11-21 01:30","Brazil","Serie A Betano","2021","Corinthians","Chapecoense-SC","1","0","H","0","0","D","1","0","H"
"24318","02-11-21 00:00","Brazil","Serie A Betano","2021","Cuiaba","Bragantino","1","0","H","0","0","D","1","0","H"
"24319","01-11-21 00:30","Brazil","Serie A Betano","2021","Sport Recife","Atletico GO","2","0","H","0","0","D","2","0","H"
"24320","31-10-21 22:15","Brazil","Serie A Betano","2021","Sao Paulo","Internacional","1","0","H","1","0","H","0","0","D"
"24321","31-10-21 20:00","Brazil","Serie A Betano","2021","Ceara","Fluminense","1","0","H","1","0","H","0","0","D"
"24322","31-10-21 20:00","Brazil","Serie A Betano","2021","Gremio","Palmeiras","1","3","A","1","2","A","0","1","A"
"24323","31-10-21 02:00","Brazil","Serie A Betano","2021","America MG","Fortaleza","2","1","H","1","0","H","1","1","D"
"24324","31-10-21 00:15","Brazil","Serie A Betano","2021","Juventude","Bahia","0","0","D","0","0","D","0","0","D"
"24325","31-10-21 00:00","Brazil","Serie A Betano","2021","Flamengo RJ","Atletico-MG","1","0","H","1","0","H","0","0","D"
"24326","30-10-21 22:00","Brazil","Serie A Betano","2021","Athletico-PR","Santos","0","1","A","0","0","D","0","1","A"
"24327","29-10-21 00:00","Brazil","Serie A Betano","2021","Bragantino","Sport Recife","3","0","H","1","0","H","2","0","H"
"24328","28-10-21 00:00","Brazil","Serie A Betano","2021","Bahia","Ceara","1","1","D","0","0","D","1","1","D"
"24329","28-10-21 00:00","Brazil","Serie A Betano","2021","Santos","Fluminense","2","0","H","1","0","H","1","0","H"
"24330","26-10-21 02:30","Brazil","Serie A Betano","2021","Palmeiras","Sport Recife","2","1","H","0","1","A","2","0","H"
"24331","26-10-21 01:00","Brazil","Serie A Betano","2021","Atletico GO","Gremio","2","0","H","1","0","H","1","0","H"
"24332","25-10-21 01:30","Brazil","Serie A Betano","2021","Bahia","Chapecoense-SC","3","0","H","2","0","H","1","0","H"
"24333","24-10-21 23:15","Brazil","Serie A Betano","2021","Bragantino","Sao Paulo","1","0","H","0","0","D","1","0","H"
"24334","24-10-21 21:00","Brazil","Serie A Betano","2021","Atletico-MG","Cuiaba","2","1","H","2","1","H","0","0","D"
"24335","24-10-21 21:00","Brazil","Serie A Betano","2021","Internacional","Corinthians","2","2","D","1","0","H","1","2","A"
"24336","24-10-21 00:15","Brazil","Serie A Betano","2021","Fortaleza","Athletico-PR","3","0","H","2","0","H","1","0","H"
"24337","24-10-21 00:00","Brazil","Serie A Betano","2021","Fluminense","Flamengo RJ","3","1","H","1","0","H","2","1","H"
"24338","23-10-21 22:00","Brazil","Serie A Betano","2021","Juventude","Ceara","0","0","D","0","0","D","0","0","D"
"24339","23-10-21 22:00","Brazil","Serie A Betano","2021","Santos","America MG","0","2","A","0","1","A","0","1","A"
"24340","22-10-21 01:00","Brazil","Serie A Betano","2021","Internacional","Bragantino","1","1","D","1","0","H","0","1","A"
"24341","21-10-21 00:00","Brazil","Serie A Betano","2021","Ceara","Palmeiras","1","2","A","0","1","A","1","1","D"
"24342","19-10-21 01:00","Brazil","Serie A Betano","2021","Sao Paulo","Corinthians","1","0","H","1","0","H","0","0","D"
"24343","18-10-21 01:30","Brazil","Serie A Betano","2021","Flamengo RJ","Cuiaba","0","0","D","0","0","D","0","0","D"
"24344","18-10-21 01:30","Brazil","Serie A Betano","2021","Sport Recife","Santos","0","0","D","0","0","D","0","0","D"
"24345","17-10-21 23:15","Brazil","Serie A Betano","2021","Atletico GO","Atletico-MG","2","1","H","0","0","D","2","1","H"
"24346","17-10-21 23:15","Brazil","Serie A Betano","2021","Ceara","Bragantino","2","2","D","0","1","A","2","1","H"
"24347","17-10-21 23:15","Brazil","Serie A Betano","2021","Gremio","Juventude","3","2","H","2","0","H","1","2","A"
"24348","17-10-21 21:00","Brazil","Serie A Betano","2021","Athletico-PR","Fluminense","0","1","A","0","1","A","0","0","D"
"24349","17-10-21 21:00","Brazil","Serie A Betano","2021","Palmeiras","Internacional","1","0","H","0","0","D","1","0","H"
"24350","17-10-21 02:00","Brazil","Serie A Betano","2021","America MG","Bahia","0","0","D","0","0","D","0","0","D"
"24351","17-10-21 00:00","Brazil","Serie A Betano","2021","Chapecoense-SC","Fortaleza","1","2","A","1","1","D","0","1","A"
"24352","15-10-21 00:00","Brazil","Serie A Betano","2021","Cuiaba","Sport Recife","1","0","H","0","0","D","1","0","H"
"24353","15-10-21 00:00","Brazil","Serie A Betano","2021","Sao Paulo","Ceara","1","1","D","0","1","A","1","0","H"
"24354","14-10-21 02:30","Brazil","Serie A Betano","2021","Internacional","America MG","3","1","H","1","1","D","2","0","H"
"24355","14-10-21 02:00","Brazil","Serie A Betano","2021","Corinthians","Fluminense","1","0","H","0","0","D","1","0","H"
"24356","14-10-21 01:30","Brazil","Serie A Betano","2021","Fortaleza","Gremio","1","0","H","0","0","D","1","0","H"
"24357","14-10-21 00:00","Brazil","Serie A Betano","2021","Atletico-MG","Santos","3","1","H","0","0","D","3","1","H"
"24358","14-10-21 00:00","Brazil","Serie A Betano","2021","Chapecoense-SC","Athletico-PR","1","1","D","0","0","D","1","1","D"
"24359","14-10-21 00:00","Brazil","Serie A Betano","2021","Flamengo RJ","Juventude","3","1","H","3","0","H","0","1","A"
"24360","13-10-21 02:30","Brazil","Serie A Betano","2021","Bahia","Palmeiras","0","0","D","0","0","D","0","0","D"
"24361","13-10-21 00:00","Brazil","Serie A Betano","2021","Bragantino","Atletico GO","1","0","H","0","0","D","1","0","H"
"24362","12-10-21 01:00","Brazil","Serie A Betano","2021","Cuiaba","Sao Paulo","0","0","D","0","0","D","0","0","D"
"24363","10-10-21 21:00","Brazil","Serie A Betano","2021","Santos","Gremio","1","0","H","0","0","D","1","0","H"
"24364","10-10-21 16:00","Brazil","Serie A Betano","2021","Internacional","Chapecoense-SC","5","2","H","4","0","H","1","2","A"
"24365","10-10-21 02:00","Brazil","Serie A Betano","2021","Juventude","America MG","1","1","D","1","1","D","0","0","D"
"24366","10-10-21 02:00","Brazil","Serie A Betano","2021","Palmeiras","Bragantino","2","4","A","1","3","A","1","1","D"
"24367","10-10-21 00:00","Brazil","Serie A Betano","2021","Athletico-PR","Bahia","0","2","A","0","1","A","0","1","A"
"24368","10-10-21 00:00","Brazil","Serie A Betano","2021","Fortaleza","Flamengo RJ","0","3","A","0","0","D","0","3","A"
"24369","09-10-21 21:30","Brazil","Serie A Betano","2021","Atletico-MG","Ceara","3","1","H","2","0","H","1","1","D"
"24370","09-10-21 21:30","Brazil","Serie A Betano","2021","Fluminense","Atletico GO","0","0","D","0","0","D","0","0","D"
"24371","09-10-21 21:30","Brazil","Serie A Betano","2021","Sport Recife","Corinthians","1","0","H","0","0","D","1","0","H"
"24372","07-10-21 23:30","Brazil","Serie A Betano","2021","Sao Paulo","Santos","1","1","D","1","1","D","0","0","D"
"24373","07-10-21 02:30","Brazil","Serie A Betano","2021","America MG","Palmeiras","2","1","H","0","1","A","2","0","H"
"24374","07-10-21 02:30","Brazil","Serie A Betano","2021","Fluminense","Fortaleza","0","2","A","0","0","D","0","2","A"
"24375","07-10-21 02:30","Brazil","Serie A Betano","2021","Gremio","Cuiaba","2","2","D","0","1","A","2","1","H"
"24376","07-10-21 01:30","Brazil","Serie A Betano","2021","Bragantino","Flamengo RJ","1","1","D","0","1","A","1","0","H"
"24377","07-10-21 00:00","Brazil","Serie A Betano","2021","Atletico GO","Athletico-PR","0","2","A","0","1","A","0","1","A"
"24378","07-10-21 00:00","Brazil","Serie A Betano","2021","Ceara","Internacional","0","0","D","0","0","D","0","0","D"
"24379","07-10-21 00:00","Brazil","Serie A Betano","2021","Chapecoense-SC","Atletico-MG","2","2","D","1","1","D","1","1","D"
"24380","07-10-21 00:00","Brazil","Serie A Betano","2021","Sport Recife","Juventude","3","1","H","1","0","H","2","1","H"
"24381","06-10-21 02:30","Brazil","Serie A Betano","2021","Corinthians","Bahia","3","1","H","1","1","D","2","0","H"
"24382","04-10-21 01:30","Brazil","Serie A Betano","2021","Gremio","Sport Recife","1","2","A","0","0","D","1","2","A"
"24383","03-10-21 23:15","Brazil","Serie A Betano","2021","Palmeiras","Juventude","1","1","D","1","1","D","0","0","D"
"24384","03-10-21 21:00","Brazil","Serie A Betano","2021","Chapecoense-SC","Sao Paulo","1","1","D","0","1","A","1","0","H"
"24385","03-10-21 21:00","Brazil","Serie A Betano","2021","Flamengo RJ","Athletico-PR","3","0","H","3","0","H","0","0","D"
"24386","03-10-21 02:00","Brazil","Serie A Betano","2021","Atletico-MG","Internacional","1","0","H","0","0","D","1","0","H"
"24387","03-10-21 00:00","Brazil","Serie A Betano","2021","Bragantino","Corinthians","2","2","D","0","0","D","2","2","D"
"24388","02-10-21 22:00","Brazil","Serie A Betano","2021","Cuiaba","America MG","0","2","A","0","1","A","0","1","A"
"24389","02-10-21 22:00","Brazil","Serie A Betano","2021","Fortaleza","Atletico GO","0","3","A","0","1","A","0","2","A"
"24390","27-09-21 01:30","Brazil","Serie A Betano","2021","Atletico GO","Cuiaba","0","0","D","0","0","D","0","0","D"
"24391","26-09-21 23:15","Brazil","Serie A Betano","2021","Athletico-PR","Gremio","4","2","H","2","0","H","2","2","D"
"24392","26-09-21 23:15","Brazil","Serie A Betano","2021","Sport Recife","Fortaleza","0","1","A","0","1","A","0","0","D"
"24393","26-09-21 21:00","Brazil","Serie A Betano","2021","Fluminense","Bragantino","2","1","H","2","0","H","0","1","A"
"24394","26-09-21 21:00","Brazil","Serie A Betano","2021","Internacional","Bahia","2","0","H","1","0","H","1","0","H"
"24395","26-09-21 21:00","Brazil","Serie A Betano","2021","Juventude","Santos","3","0","H","1","0","H","2","0","H"
"24396","26-09-21 16:00","Brazil","Serie A Betano","2021","America MG","Flamengo RJ","1","1","D","0","0","D","1","1","D"
"24397","26-09-21 02:00","Brazil","Serie A Betano","2021","Sao Paulo","Atletico-MG","0","0","D","0","0","D","0","0","D"
"24398","26-09-21 00:00","Brazil","Serie A Betano","2021","Corinthians","Palmeiras","2","1","H","1","1","D","1","0","H"
"24399","25-09-21 22:00","Brazil","Serie A Betano","2021","Ceara","Chapecoense-SC","1","0","H","0","0","D","1","0","H"
"24400","23-09-21 01:30","Brazil","Serie A Betano","2021","Sao Paulo","America MG","0","0","D","0","0","D","0","0","D"
"24401","21-09-21 01:00","Brazil","Serie A Betano","2021","Cuiaba","Fluminense","2","2","D","1","2","A","1","0","H"
"24402","20-09-21 01:30","Brazil","Serie A Betano","2021","Flamengo RJ","Gremio","0","1","A","0","1","A","0","0","D"
"24403","19-09-21 23:15","Brazil","Serie A Betano","2021","Corinthians","America MG","1","1","D","1","1","D","0","0","D"
"24404","19-09-21 21:00","Brazil","Serie A Betano","2021","Sao Paulo","Atletico GO","2","1","H","1","0","H","1","1","D"
"24405","19-09-21 16:00","Brazil","Serie A Betano","2021","Internacional","Fortaleza","1","0","H","0","0","D","1","0","H"
"24406","19-09-21 02:00","Brazil","Serie A Betano","2021","Bahia","Bragantino","1","1","D","0","0","D","1","1","D"
"24407","19-09-21 02:00","Brazil","Serie A Betano","2021","Ceara","Santos","0","0","D","0","0","D","0","0","D"
"24408","19-09-21 00:00","Brazil","Serie A Betano","2021","Atletico-MG","Sport Recife","3","0","H","2","0","H","1","0","H"
"24409","18-09-21 23:45","Brazil","Serie A Betano","2021","Athletico-PR","Juventude","2","1","H","0","0","D","2","1","H"
"24410","18-09-21 22:00","Brazil","Serie A Betano","2021","Chapecoense-SC","Palmeiras","0","2","A","0","2","A","0","0","D"
"24411","14-09-21 01:00","Brazil","Serie A Betano","2021","Sport Recife","Internacional","0","1","A","0","1","A","0","0","D"
"24412","13-09-21 01:30","Brazil","Serie A Betano","2021","Fluminense","Sao Paulo","2","1","H","0","0","D","2","1","H"
"24413","12-09-21 23:15","Brazil","Serie A Betano","2021","Atletico GO","Corinthians","1","1","D","0","0","D","1","1","D"
"24414","12-09-21 21:00","Brazil","Serie A Betano","2021","Fortaleza","Atletico-MG","0","2","A","0","0","D","0","2","A"
"24415","12-09-21 21:00","Brazil","Serie A Betano","2021","Palmeiras","Flamengo RJ","1","3","A","1","1","D","0","2","A"
"24416","12-09-21 16:00","Brazil","Serie A Betano","2021","Gremio","Ceara","2","0","H","2","0","H","0","0","D"
"24417","12-09-21 02:00","Brazil","Serie A Betano","2021","Santos","Bahia","0","0","D","0","0","D","0","0","D"
"24418","12-09-21 00:00","Brazil","Serie A Betano","2021","Bragantino","Chapecoense-SC","1","2","A","1","0","H","0","2","A"
"24419","11-09-21 22:00","Brazil","Serie A Betano","2021","Juventude","Cuiaba","1","2","A","0","1","A","1","1","D"
"24420","11-09-21 21:00","Brazil","Serie A Betano","2021","America MG","Athletico-PR","2","0","H","0","0","D","2","0","H"
"24421","08-09-21 02:30","Brazil","Serie A Betano","2021","Chapecoense-SC","Fluminense","1","2","A","0","2","A","1","0","H"
"24422","08-09-21 02:30","Brazil","Serie A Betano","2021","Corinthians","Juventude","1","1","D","0","1","A","1","0","H"
"24423","05-09-21 23:15","Brazil","Serie A Betano","2021","Athletico-PR","Sport Recife","0","0","D","0","0","D","0","0","D"
"24424","05-09-21 02:00","Brazil","Serie A Betano","2021","Bahia","Fortaleza","4","2","H","1","0","H","3","2","H"
"24425","05-09-21 02:00","Brazil","Serie A Betano","2021","Cuiaba","Santos","2","1","H","1","0","H","1","1","D"
"24426","03-09-21 00:00","Brazil","Serie A Betano","2021","Fluminense","Juventude","1","1","D","0","0","D","1","1","D"
"24427","31-08-21 02:30","Brazil","Serie A Betano","2021","Fortaleza","Cuiaba","0","0","D","0","0","D","0","0","D"
"24428","31-08-21 00:00","Brazil","Serie A Betano","2021","Fluminense","Bahia","2","0","H","1","0","H","1","0","H"
"24429","30-08-21 01:30","Brazil","Serie A Betano","2021","Bragantino","Atletico-MG","1","1","D","1","0","H","0","1","A"
"24430","29-08-21 23:15","Brazil","Serie A Betano","2021","Atletico GO","Internacional","0","0","D","0","0","D","0","0","D"
"24431","29-08-21 21:00","Brazil","Serie A Betano","2021","Juventude","Sao Paulo","1","1","D","0","0","D","1","1","D"
"24432","29-08-21 16:00","Brazil","Serie A Betano","2021","America MG","Ceara","2","0","H","1","0","H","1","0","H"
"24433","29-08-21 02:00","Brazil","Serie A Betano","2021","Gremio","Corinthians","0","1","A","0","0","D","0","1","A"
"24434","29-08-21 02:00","Brazil","Serie A Betano","2021","Palmeiras","Athletico-PR","2","1","H","1","0","H","1","1","D"
"24435","29-08-21 00:00","Brazil","Serie A Betano","2021","Santos","Flamengo RJ","0","4","A","0","0","D","0","4","A"
"24436","28-08-21 22:00","Brazil","Serie A Betano","2021","Sport Recife","Chapecoense-SC","0","0","D","0","0","D","0","0","D"
"24437","24-08-21 01:00","Brazil","Serie A Betano","2021","America MG","Bragantino","0","2","A","0","1","A","0","1","A"
"24438","24-08-21 01:00","Brazil","Serie A Betano","2021","Fluminense","Atletico-MG","1","1","D","1","0","H","0","1","A"
"24439","23-08-21 01:30","Brazil","Serie A Betano","2021","Sport Recife","Sao Paulo","0","1","A","0","1","A","0","0","D"
"24440","22-08-21 23:15","Brazil","Serie A Betano","2021","Santos","Internacional","2","2","D","2","1","H","0","1","A"
"24441","22-08-21 21:00","Brazil","Serie A Betano","2021","Athletico-PR","Corinthians","0","1","A","0","0","D","0","1","A"
"24442","22-08-21 21:00","Brazil","Serie A Betano","2021","Ceara","Flamengo RJ","1","1","D","1","0","H","0","1","A"
"24443","22-08-21 16:00","Brazil","Serie A Betano","2021","Palmeiras","Cuiaba","0","2","A","0","1","A","0","1","A"
"24444","22-08-21 02:00","Brazil","Serie A Betano","2021","Juventude","Fortaleza","1","1","D","0","1","A","1","0","H"
"24445","22-08-21 00:00","Brazil","Serie A Betano","2021","Gremio","Bahia","2","0","H","0","0","D","2","0","H"
"24446","21-08-21 22:00","Brazil","Serie A Betano","2021","Atletico GO","Chapecoense-SC","1","1","D","0","1","A","1","0","H"
"24447","19-08-21 00:00","Brazil","Serie A Betano","2021","Cuiaba","Gremio","0","1","A","0","1","A","0","0","D"
"24448","17-08-21 01:00","Brazil","Serie A Betano","2021","Chapecoense-SC","America MG","1","1","D","0","0","D","1","1","D"
"24449","16-08-21 01:30","Brazil","Serie A Betano","2021","Internacional","Fluminense","4","2","H","1","1","D","3","1","H"
"24450","15-08-21 23:15","Brazil","Serie A Betano","2021","Bahia","Atletico GO","1","2","A","1","0","H","0","2","A"
"24451","15-08-21 23:15","Brazil","Serie A Betano","2021","Cuiaba","Athletico-PR","1","0","H","0","0","D","1","0","H"
"24452","15-08-21 23:15","Brazil","Serie A Betano","2021","Fortaleza","Santos","1","1","D","1","1","D","0","0","D"
"24453","15-08-21 21:00","Brazil","Serie A Betano","2021","Corinthians","Ceara","3","1","H","2","0","H","1","1","D"
"24454","15-08-21 21:00","Brazil","Serie A Betano","2021","Flamengo RJ","Sport Recife","2","0","H","1","0","H","1","0","H"
"24455","15-08-21 02:00","Brazil","Serie A Betano","2021","Sao Paulo","Gremio","2","1","H","1","1","D","1","0","H"
"24456","15-08-21 00:00","Brazil","Serie A Betano","2021","Atletico-MG","Palmeiras","2","0","H","1","0","H","1","0","H"
"24457","14-08-21 22:00","Brazil","Serie A Betano","2021","Bragantino","Juventude","1","2","A","1","0","H","0","2","A"
"24458","10-08-21 01:00","Brazil","Serie A Betano","2021","Gremio","Chapecoense-SC","2","1","H","2","1","H","0","0","D"
"24459","08-08-21 23:15","Brazil","Serie A Betano","2021","Ceara","Atletico GO","0","0","D","0","0","D","0","0","D"
"24460","08-08-21 23:15","Brazil","Serie A Betano","2021","Flamengo RJ","Internacional","0","4","A","0","2","A","0","2","A"
"24461","08-08-21 21:00","Brazil","Serie A Betano","2021","America MG","Fluminense","1","0","H","0","0","D","1","0","H"
"24462","08-08-21 21:00","Brazil","Serie A Betano","2021","Juventude","Atletico-MG","1","2","A","1","0","H","0","2","A"
"24463","08-08-21 21:00","Brazil","Serie A Betano","2021","Santos","Corinthians","0","0","D","0","0","D","0","0","D"
"24464","08-08-21 02:00","Brazil","Serie A Betano","2021","Cuiaba","Bahia","1","1","D","1","1","D","0","0","D"
"24465","08-08-21 02:00","Brazil","Serie A Betano","2021","Palmeiras","Fortaleza","2","3","A","2","2","D","0","1","A"
"24466","07-08-21 23:00","Brazil","Serie A Betano","2021","Athletico-PR","Sao Paulo","1","2","A","1","2","A","0","0","D"
"24467","07-08-21 00:00","Brazil","Serie A Betano","2021","Sport Recife","Bragantino","0","0","D","0","0","D","0","0","D"
"24468","02-08-21 01:30","Brazil","Serie A Betano","2021","Atletico GO","America MG","1","1","D","1","1","D","0","0","D"
"24469","02-08-21 01:30","Brazil","Serie A Betano","2021","Ceara","Fortaleza","3","1","H","1","1","D","2","0","H"
"24470","01-08-21 23:15","Brazil","Serie A Betano","2021","Bahia","Sport Recife","0","1","A","0","0","D","0","1","A"
"24471","01-08-21 23:15","Brazil","Serie A Betano","2021","Chapecoense-SC","Santos","0","1","A","0","1","A","0","0","D"
"24472","01-08-21 21:00","Brazil","Serie A Betano","2021","Atletico-MG","Athletico-PR","2","0","H","0","0","D","2","0","H"
"24473","01-08-21 21:00","Brazil","Serie A Betano","2021","Corinthians","Flamengo RJ","1","3","A","0","3","A","1","0","H"
"24474","01-08-21 02:00","Brazil","Serie A Betano","2021","Bragantino","Gremio","1","0","H","0","0","D","1","0","H"
"24475","01-08-21 01:00","Brazil","Serie A Betano","2021","Internacional","Cuiaba","0","0","D","0","0","D","0","0","D"
"24476","01-08-21 00:00","Brazil","Serie A Betano","2021","Sao Paulo","Palmeiras","0","0","D","0","0","D","0","0","D"
"24477","27-07-21 01:00","Brazil","Serie A Betano","2021","Cuiaba","Corinthians","1","2","A","0","2","A","1","0","H"
"24478","26-07-21 23:00","Brazil","Serie A Betano","2021","Juventude","Chapecoense-SC","1","0","H","1","0","H","0","0","D"
"24479","26-07-21 01:30","Brazil","Serie A Betano","2021","Sport Recife","Ceara","0","0","D","0","0","D","0","0","D"
"24480","25-07-21 23:15","Brazil","Serie A Betano","2021","Athletico-PR","Internacional","2","1","H","2","0","H","0","1","A"
"24481","25-07-21 23:15","Brazil","Serie A Betano","2021","Santos","Atletico GO","0","1","A","0","1","A","0","0","D"
"24482","25-07-21 21:00","Brazil","Serie A Betano","2021","Flamengo RJ","Sao Paulo","5","1","H","0","0","D","5","1","H"
"24483","25-07-21 21:00","Brazil","Serie A Betano","2021","Fortaleza","Bragantino","1","0","H","1","0","H","0","0","D"
"24484","25-07-21 16:00","Brazil","Serie A Betano","2021","Atletico-MG","Bahia","3","0","H","0","0","D","3","0","H"
"24485","25-07-21 00:00","Brazil","Serie A Betano","2021","Palmeiras","Fluminense","1","0","H","0","0","D","1","0","H"
"24486","24-07-21 22:00","Brazil","Serie A Betano","2021","Gremio","America MG","1","1","D","1","1","D","0","0","D"
"24487","22-07-21 00:00","Brazil","Serie A Betano","2021","Cuiaba","Atletico GO","2","1","H","1","0","H","1","1","D"
"24488","20-07-21 01:00","Brazil","Serie A Betano","2021","America MG","Sport Recife","0","1","A","0","0","D","0","1","A"
"24489","19-07-21 01:30","Brazil","Serie A Betano","2021","Bragantino","Santos","2","2","D","1","0","H","1","2","A"
"24490","19-07-21 01:30","Brazil","Serie A Betano","2021","Internacional","Juventude","1","0","H","0","0","D","1","0","H"
"24491","18-07-21 23:15","Brazil","Serie A Betano","2021","Bahia","Flamengo RJ","0","5","A","0","2","A","0","3","A"
"24492","18-07-21 21:00","Brazil","Serie A Betano","2021","Atletico GO","Palmeiras","0","3","A","0","0","D","0","3","A"
"24493","18-07-21 16:00","Brazil","Serie A Betano","2021","Chapecoense-SC","Cuiaba","2","3","A","2","2","D","0","1","A"
"24494","18-07-21 02:00","Brazil","Serie A Betano","2021","Fluminense","Gremio","0","1","A","0","0","D","0","1","A"
"24495","18-07-21 00:00","Brazil","Serie A Betano","2021","Corinthians","Atletico-MG","1","2","A","1","0","H","0","2","A"
"24496","17-07-21 22:00","Brazil","Serie A Betano","2021","Ceara","Athletico-PR","1","0","H","0","0","D","1","0","H"
"24497","17-07-21 22:00","Brazil","Serie A Betano","2021","Sao Paulo","Fortaleza","0","1","A","0","0","D","0","1","A"
"24498","12-07-21 01:30","Brazil","Serie A Betano","2021","Fortaleza","Corinthians","1","0","H","1","0","H","0","0","D"
"24499","11-07-21 23:15","Brazil","Serie A Betano","2021","Cuiaba","Ceara","2","2","D","1","0","H","1","2","A"
"24500","11-07-21 23:15","Brazil","Serie A Betano","2021","Flamengo RJ","Chapecoense-SC","2","1","H","0","0","D","2","1","H"
"24501","11-07-21 16:00","Brazil","Serie A Betano","2021","Juventude","Atletico GO","1","1","D","0","0","D","1","1","D"
"24502","11-07-21 00:00","Brazil","Serie A Betano","2021","America MG","Atletico-MG","0","1","A","0","0","D","0","1","A"
"24503","11-07-21 00:00","Brazil","Serie A Betano","2021","Sao Paulo","Bahia","1","0","H","0","0","D","1","0","H"
"24504","11-07-21 00:00","Brazil","Serie A Betano","2021","Sport Recife","Fluminense","1","2","A","1","0","H","0","2","A"
"24505","10-07-21 22:30","Brazil","Serie A Betano","2021","Athletico-PR","Bragantino","2","2","D","1","1","D","1","1","D"
"24506","10-07-21 21:30","Brazil","Serie A Betano","2021","Gremio","Internacional","0","0","D","0","0","D","0","0","D"
"24507","10-07-21 21:30","Brazil","Serie A Betano","2021","Palmeiras","Santos","3","2","H","2","0","H","1","2","A"
"24508","09-07-21 02:00","Brazil","Serie A Betano","2021","Chapecoense-SC","Corinthians","0","1","A","0","0","D","0","1","A"
"24509","08-07-21 02:30","Brazil","Serie A Betano","2021","Fluminense","Ceara","0","0","D","0","0","D","0","0","D"
"24510","08-07-21 02:30","Brazil","Serie A Betano","2021","Internacional","Sao Paulo","0","2","A","0","1","A","0","1","A"
"24511","08-07-21 00:15","Brazil","Serie A Betano","2021","Atletico GO","Sport Recife","1","1","D","0","0","D","1","1","D"
"24512","08-07-21 00:00","Brazil","Serie A Betano","2021","Atletico-MG","Flamengo RJ","2","1","H","0","0","D","2","1","H"
"24513","08-07-21 00:00","Brazil","Serie A Betano","2021","Palmeiras","Gremio","2","0","H","2","0","H","0","0","D"
"24514","07-07-21 23:00","Brazil","Serie A Betano","2021","Bahia","Juventude","1","0","H","0","0","D","1","0","H"
"24515","07-07-21 23:00","Brazil","Serie A Betano","2021","Bragantino","Cuiaba","1","1","D","1","0","H","0","1","A"
"24516","07-07-21 23:00","Brazil","Serie A Betano","2021","Fortaleza","America MG","4","0","H","1","0","H","3","0","H"
"24517","07-07-21 00:30","Brazil","Serie A Betano","2021","Santos","Athletico-PR","2","1","H","1","1","D","1","0","H"
"24518","05-07-21 01:30","Brazil","Serie A Betano","2021","Gremio","Atletico GO","0","1","A","0","0","D","0","1","A"
"24519","04-07-21 23:15","Brazil","Serie A Betano","2021","Ceara","Juventude","2","0","H","0","0","D","2","0","H"
"24520","04-07-21 23:15","Brazil","Serie A Betano","2021","Cuiaba","Atletico-MG","0","1","A","0","1","A","0","0","D"
"24521","04-07-21 23:15","Brazil","Serie A Betano","2021","Sao Paulo","Bragantino","1","2","A","1","0","H","0","2","A"
"24522","04-07-21 21:00","Brazil","Serie A Betano","2021","Flamengo RJ","Fluminense","0","1","A","0","0","D","0","1","A"
"24523","04-07-21 21:00","Brazil","Serie A Betano","2021","Sport Recife","Palmeiras","0","1","A","0","1","A","0","0","D"
"24524","04-07-21 16:00","Brazil","Serie A Betano","2021","Chapecoense-SC","Bahia","0","2","A","0","0","D","0","2","A"
"24525","04-07-21 02:00","Brazil","Serie A Betano","2021","Corinthians","Internacional","1","1","D","0","1","A","1","0","H"
"24526","04-07-21 00:00","Brazil","Serie A Betano","2021","America MG","Santos","2","0","H","0","0","D","2","0","H"
"24527","04-07-21 00:00","Brazil","Serie A Betano","2021","Athletico-PR","Fortaleza","2","1","H","2","0","H","0","1","A"
"24528","02-07-21 01:00","Brazil","Serie A Betano","2021","Cuiaba","Flamengo RJ","0","2","A","0","1","A","0","1","A"
"24529","02-07-21 00:00","Brazil","Serie A Betano","2021","Atletico-MG","Atletico GO","4","1","H","3","1","H","1","0","H"
"24530","01-07-21 21:00","Brazil","Serie A Betano","2021","Bragantino","Ceara","0","0","D","0","0","D","0","0","D"
"24531","01-07-21 02:30","Brazil","Serie A Betano","2021","Corinthians","Sao Paulo","0","0","D","0","0","D","0","0","D"
"24532","01-07-21 02:30","Brazil","Serie A Betano","2021","Juventude","Gremio","2","0","H","1","0","H","1","0","H"
"24533","01-07-21 01:30","Brazil","Serie A Betano","2021","Santos","Sport Recife","0","0","D","0","0","D","0","0","D"
"24534","01-07-21 00:00","Brazil","Serie A Betano","2021","Bahia","America MG","3","4","A","1","2","A","2","2","D"
"24535","01-07-21 00:00","Brazil","Serie A Betano","2021","Internacional","Palmeiras","1","2","A","0","1","A","1","1","D"
"24536","30-06-21 21:00","Brazil","Serie A Betano","2021","Fluminense","Athletico-PR","1","4","A","1","1","D","0","3","A"
"24537","30-06-21 21:00","Brazil","Serie A Betano","2021","Fortaleza","Chapecoense-SC","3","2","H","0","1","A","3","1","H"
"24538","29-06-21 01:00","Brazil","Serie A Betano","2021","Atletico GO","Bragantino","0","1","A","0","0","D","0","1","A"
"24539","28-06-21 01:30","Brazil","Serie A Betano","2021","America MG","Internacional","1","1","D","1","0","H","0","1","A"
"24540","28-06-21 01:30","Brazil","Serie A Betano","2021","Ceara","Sao Paulo","1","1","D","1","0","H","0","1","A"
"24541","28-06-21 01:30","Brazil","Serie A Betano","2021","Santos","Atletico-MG","2","0","H","0","0","D","2","0","H"
"24542","28-06-21 01:30","Brazil","Serie A Betano","2021","Sport Recife","Cuiaba","0","0","D","0","0","D","0","0","D"
"24543","28-06-21 01:00","Brazil","Serie A Betano","2021","Athletico-PR","Chapecoense-SC","2","2","D","1","1","D","1","1","D"
"24544","28-06-21 01:00","Brazil","Serie A Betano","2021","Gremio","Fortaleza","0","0","D","0","0","D","0","0","D"
"24545","28-06-21 01:00","Brazil","Serie A Betano","2021","Palmeiras","Bahia","3","2","H","1","1","D","2","1","H"
"24546","27-06-21 21:00","Brazil","Serie A Betano","2021","Fluminense","Corinthians","1","1","D","0","1","A","1","0","H"
"24547","27-06-21 16:00","Brazil","Serie A Betano","2021","Juventude","Flamengo RJ","1","0","H","1","0","H","0","0","D"
"24548","25-06-21 02:30","Brazil","Serie A Betano","2021","Bahia","Athletico-PR","2","1","H","1","1","D","1","0","H"
"24549","25-06-21 02:30","Brazil","Serie A Betano","2021","Gremio","Santos","2","2","D","2","1","H","0","1","A"
"24550","25-06-21 00:00","Brazil","Serie A Betano","2021","Ceara","Atletico-MG","2","1","H","1","0","H","1","1","D"
"24551","25-06-21 00:00","Brazil","Serie A Betano","2021","Chapecoense-SC","Internacional","1","2","A","0","2","A","1","0","H"
"24552","25-06-21 00:00","Brazil","Serie A Betano","2021","Corinthians","Sport Recife","2","1","H","1","0","H","1","1","D"
"24553","24-06-21 21:00","Brazil","Serie A Betano","2021","America MG","Juventude","1","1","D","0","1","A","1","0","H"
"24554","24-06-21 00:00","Brazil","Serie A Betano","2021","Atletico GO","Fluminense","1","0","H","0","0","D","1","0","H"
"24555","24-06-21 00:00","Brazil","Serie A Betano","2021","Bragantino","Palmeiras","3","1","H","2","0","H","1","1","D"
"24556","24-06-21 00:00","Brazil","Serie A Betano","2021","Flamengo RJ","Fortaleza","2","1","H","2","0","H","0","1","A"
"24557","24-06-21 00:00","Brazil","Serie A Betano","2021","Sao Paulo","Cuiaba","2","2","D","2","2","D","0","0","D"
"24558","22-06-21 01:00","Brazil","Serie A Betano","2021","Atletico-MG","Chapecoense-SC","1","1","D","1","0","H","0","1","A"
"24559","21-06-21 01:30","Brazil","Serie A Betano","2021","Juventude","Sport Recife","1","0","H","0","0","D","1","0","H"
"24560","20-06-21 23:15","Brazil","Serie A Betano","2021","Athletico-PR","Atletico GO","2","1","H","1","1","D","1","0","H"
"24561","20-06-21 23:15","Brazil","Serie A Betano","2021","Fortaleza","Fluminense","1","1","D","0","0","D","1","1","D"
"24562","20-06-21 23:15","Brazil","Serie A Betano","2021","Santos","Sao Paulo","2","0","H","2","0","H","0","0","D"
"24563","20-06-21 21:00","Brazil","Serie A Betano","2021","Bahia","Corinthians","0","0","D","0","0","D","0","0","D"
"24564","20-06-21 21:00","Brazil","Serie A Betano","2021","Internacional","Ceara","1","1","D","1","1","D","0","0","D"
"24565","20-06-21 16:00","Brazil","Serie A Betano","2021","Palmeiras","America MG","2","1","H","1","1","D","1","0","H"
"24566","20-06-21 02:00","Brazil","Serie A Betano","2021","Flamengo RJ","Bragantino","2","3","A","1","1","D","1","2","A"
"24567","18-06-21 00:00","Brazil","Serie A Betano","2021","Atletico GO","Fortaleza","0","0","D","0","0","D","0","0","D"
"24568","18-06-21 00:00","Brazil","Serie A Betano","2021","Fluminense","Santos","1","0","H","0","0","D","1","0","H"
"24569","18-06-21 00:00","Brazil","Serie A Betano","2021","Sport Recife","Gremio","1","0","H","1","0","H","0","0","D"
"24570","17-06-21 21:00","Brazil","Serie A Betano","2021","America MG","Cuiaba","0","0","D","0","0","D","0","0","D"
"24571","17-06-21 21:00","Brazil","Serie A Betano","2021","Ceara","Bahia","1","2","A","1","2","A","0","0","D"
"24572","17-06-21 02:30","Brazil","Serie A Betano","2021","Juventude","Palmeiras","0","3","A","0","0","D","0","3","A"
"24573","17-06-21 01:30","Brazil","Serie A Betano","2021","Corinthians","Bragantino","1","2","A","1","0","H","0","2","A"
"24574","17-06-21 00:00","Brazil","Serie A Betano","2021","Internacional","Atletico-MG","0","1","A","0","1","A","0","0","D"
"24575","17-06-21 00:00","Brazil","Serie A Betano","2021","Sao Paulo","Chapecoense-SC","1","1","D","1","0","H","0","1","A"
"24576","14-06-21 01:30","Brazil","Serie A Betano","2021","Bahia","Internacional","0","1","A","0","1","A","0","0","D"
"24577","14-06-21 01:30","Brazil","Serie A Betano","2021","Bragantino","Fluminense","2","2","D","2","0","H","0","2","A"
"24578","14-06-21 01:30","Brazil","Serie A Betano","2021","Chapecoense-SC","Ceara","0","0","D","0","0","D","0","0","D"
"24579","14-06-21 01:30","Brazil","Serie A Betano","2021","Fortaleza","Sport Recife","1","0","H","0","0","D","1","0","H"
"24580","13-06-21 21:00","Brazil","Serie A Betano","2021","Atletico-MG","Sao Paulo","1","0","H","1","0","H","0","0","D"
"24581","13-06-21 21:00","Brazil","Serie A Betano","2021","Flamengo RJ","America MG","2","0","H","1","0","H","1","0","H"
"24582","13-06-21 21:00","Brazil","Serie A Betano","2021","Gremio","Athletico-PR","0","1","A","0","1","A","0","0","D"
"24583","13-06-21 00:00","Brazil","Serie A Betano","2021","Palmeiras","Corinthians","1","1","D","1","0","H","0","1","A"
"24584","13-06-21 00:00","Brazil","Serie A Betano","2021","Santos","Juventude","0","0","D","0","0","D","0","0","D"
"24585","07-06-21 01:30","Brazil","Serie A Betano","2021","Sport Recife","Atletico-MG","0","1","A","0","1","A","0","0","D"
"24586","06-06-21 23:15","Brazil","Serie A Betano","2021","Juventude","Athletico-PR","0","3","A","0","0","D","0","3","A"
"24587","06-06-21 23:15","Brazil","Serie A Betano","2021","Palmeiras","Chapecoense-SC","3","1","H","3","0","H","0","1","A"
"24588","06-06-21 21:00","Brazil","Serie A Betano","2021","America MG","Corinthians","0","1","A","0","1","A","0","0","D"
"24589","06-06-21 21:00","Brazil","Serie A Betano","2021","Fortaleza","Internacional","5","1","H","2","0","H","3","1","H"
"24590","06-06-21 16:00","Brazil","Serie A Betano","2021","Fluminense","Cuiaba","1","0","H","1","0","H","0","0","D"
"24591","06-06-21 02:00","Brazil","Serie A Betano","2021","Bragantino","Bahia","3","3","D","1","2","A","2","1","H"
"24592","06-06-21 02:00","Brazil","Serie A Betano","2021","Santos","Ceara","3","1","H","1","1","D","2","0","H"
"24593","06-06-21 00:00","Brazil","Serie A Betano","2021","Atletico GO","Sao Paulo","2","0","H","1","0","H","1","0","H"
"24594","31-05-21 01:30","Brazil","Serie A Betano","2021","Internacional","Sport Recife","2","2","D","2","0","H","0","2","A"
"24595","30-05-21 23:15","Brazil","Serie A Betano","2021","Athletico-PR","America MG","1","0","H","0","0","D","1","0","H"
"24596","30-05-21 23:15","Brazil","Serie A Betano","2021","Chapecoense-SC","Bragantino","0","3","A","0","2","A","0","1","A"
"24597","30-05-21 23:15","Brazil","Serie A Betano","2021","Corinthians","Atletico GO","0","1","A","0","1","A","0","0","D"
"24598","30-05-21 21:00","Brazil","Serie A Betano","2021","Ceara","Gremio","3","2","H","2","1","H","1","1","D"
"24599","30-05-21 21:00","Brazil","Serie A Betano","2021","Flamengo RJ","Palmeiras","1","0","H","0","0","D","1","0","H"
"24600","30-05-21 16:00","Brazil","Serie A Betano","2021","Atletico-MG","Fortaleza","1","2","A","1","0","H","0","2","A"
"24601","30-05-21 02:00","Brazil","Serie A Betano","2021","Sao Paulo","Fluminense","0","0","D","0","0","D","0","0","D"
"24602","30-05-21 01:00","Brazil","Serie A Betano","2021","Bahia","Santos","3","0","H","0","0","D","3","0","H"
"24603","30-05-21 00:00","Brazil","Serie A Betano","2021","Cuiaba","Juventude","2","2","D","1","2","A","1","0","H"
"24604","26-02-21 01:30","Brazil","Serie A Betano","2020","Athletico-PR","Sport Recife","2","0","H","1","0","H","1","0","H"
"24605","26-02-21 01:30","Brazil","Serie A Betano","2020","Atletico GO","Coritiba","3","1","H","3","0","H","0","1","A"
"24606","26-02-21 01:30","Brazil","Serie A Betano","2020","Atletico-MG","Palmeiras","2","0","H","0","0","D","2","0","H"
"24607","26-02-21 01:30","Brazil","Serie A Betano","2020","Bahia","Santos","2","0","H","1","0","H","1","0","H"
"24608","26-02-21 01:30","Brazil","Serie A Betano","2020","Bragantino","Gremio","1","0","H","0","0","D","1","0","H"
"24609","26-02-21 01:30","Brazil","Serie A Betano","2020","Ceara","Botafogo RJ","2","1","H","1","0","H","1","1","D"
"24610","26-02-21 01:30","Brazil","Serie A Betano","2020","Fluminense","Fortaleza","2","0","H","1","0","H","1","0","H"
"24611","26-02-21 01:30","Brazil","Serie A Betano","2020","Internacional","Corinthians","0","0","D","0","0","D","0","0","D"
"24612","26-02-21 01:30","Brazil","Serie A Betano","2020","Sao Paulo","Flamengo RJ","2","1","H","1","0","H","1","1","D"
"24613","26-02-21 01:30","Brazil","Serie A Betano","2020","Vasco","Goias","3","2","H","1","2","A","2","0","H"
"24614","23-02-21 00:00","Brazil","Serie A Betano","2020","Botafogo RJ","Sao Paulo","1","0","H","0","0","D","1","0","H"
"24615","22-02-21 22:00","Brazil","Serie A Betano","2020","Palmeiras","Atletico GO","1","1","D","1","1","D","0","0","D"
"24616","22-02-21 00:30","Brazil","Serie A Betano","2020","Goias","Bragantino","0","0","D","0","0","D","0","0","D"
"24617","21-02-21 22:15","Brazil","Serie A Betano","2020","Gremio","Athletico-PR","1","0","H","0","0","D","1","0","H"
"24618","21-02-21 22:15","Brazil","Serie A Betano","2020","Santos","Fluminense","1","1","D","0","1","A","1","0","H"
"24619","21-02-21 20:00","Brazil","Serie A Betano","2020","Corinthians","Vasco","0","0","D","0","0","D","0","0","D"
"24620","21-02-21 20:00","Brazil","Serie A Betano","2020","Flamengo RJ","Internacional","2","1","H","1","1","D","1","0","H"
"24621","21-02-21 20:00","Brazil","Serie A Betano","2020","Sport Recife","Atletico-MG","2","3","A","1","1","D","1","2","A"
"24622","21-02-21 01:00","Brazil","Serie A Betano","2020","Fortaleza","Bahia","0","4","A","0","1","A","0","3","A"
"24623","20-02-21 22:30","Brazil","Serie A Betano","2020","Coritiba","Ceara","0","2","A","0","0","D","0","2","A"
"24624","20-02-21 01:30","Brazil","Serie A Betano","2020","Sao Paulo","Palmeiras","1","1","D","0","0","D","1","1","D"
"24625","17-02-21 23:30","Brazil","Serie A Betano","2020","Coritiba","Palmeiras","1","0","H","0","0","D","1","0","H"
"24626","17-02-21 23:00","Brazil","Serie A Betano","2020","Santos","Corinthians","1","0","H","0","0","D","1","0","H"
"24627","16-02-21 00:00","Brazil","Serie A Betano","2020","Sport Recife","Bragantino","0","0","D","0","0","D","0","0","D"
"24628","15-02-21 22:00","Brazil","Serie A Betano","2020","Ceara","Fluminense","1","3","A","0","1","A","1","2","A"
"24629","15-02-21 00:30","Brazil","Serie A Betano","2020","Gremio","Sao Paulo","1","2","A","1","0","H","0","2","A"
"24630","14-02-21 22:15","Brazil","Serie A Betano","2020","Athletico-PR","Atletico GO","2","1","H","0","0","D","2","1","H"
"24631","14-02-21 22:15","Brazil","Serie A Betano","2020","Palmeiras","Fortaleza","3","0","H","3","0","H","0","0","D"
"24632","14-02-21 20:00","Brazil","Serie A Betano","2020","Flamengo RJ","Corinthians","2","1","H","1","1","D","1","0","H"
"24633","14-02-21 20:00","Brazil","Serie A Betano","2020","Vasco","Internacional","0","2","A","0","1","A","0","1","A"
"24634","13-02-21 23:00","Brazil","Serie A Betano","2020","Atletico-MG","Bahia","1","1","D","1","0","H","0","1","A"
"24635","13-02-21 23:00","Brazil","Serie A Betano","2020","Santos","Coritiba","2","0","H","1","0","H","1","0","H"
"24636","13-02-21 21:00","Brazil","Serie A Betano","2020","Goias","Botafogo RJ","2","0","H","1","0","H","1","0","H"
"24637","11-02-21 01:30","Brazil","Serie A Betano","2020","Corinthians","Athletico-PR","3","3","D","2","2","D","1","1","D"
"24638","11-02-21 01:30","Brazil","Serie A Betano","2020","Fluminense","Atletico-MG","0","0","D","0","0","D","0","0","D"
"24639","11-02-21 01:00","Brazil","Serie A Betano","2020","Sao Paulo","Ceara","1","1","D","0","0","D","1","1","D"
"24640","10-02-21 23:15","Brazil","Serie A Betano","2020","Fortaleza","Vasco","3","0","H","2","0","H","1","0","H"
"24641","10-02-21 23:00","Brazil","Serie A Betano","2020","Internacional","Sport Recife","1","2","A","1","2","A","0","0","D"
"24642","09-02-21 00:00","Brazil","Serie A Betano","2020","Botafogo RJ","Gremio","2","5","A","0","2","A","2","3","A"
"24643","08-02-21 00:30","Brazil","Serie A Betano","2020","Bragantino","Flamengo RJ","1","1","D","0","1","A","1","0","H"
"24644","07-02-21 01:00","Brazil","Serie A Betano","2020","Atletico GO","Santos","1","1","D","1","0","H","0","1","A"
"24645","06-02-21 23:00","Brazil","Serie A Betano","2020","Bahia","Goias","3","3","D","2","1","H","1","2","A"
"24646","06-02-21 00:00","Brazil","Serie A Betano","2020","Botafogo RJ","Sport Recife","0","1","A","0","1","A","0","0","D"
"24647","05-02-21 01:00","Brazil","Serie A Betano","2020","Athletico-PR","Internacional","0","0","D","0","0","D","0","0","D"
"24648","05-02-21 01:00","Brazil","Serie A Betano","2020","Flamengo RJ","Vasco","2","0","H","1","0","H","1","0","H"
"24649","04-02-21 22:30","Brazil","Serie A Betano","2020","Fortaleza","Coritiba","3","1","H","2","1","H","1","0","H"
"24650","04-02-21 01:30","Brazil","Serie A Betano","2020","Bahia","Fluminense","0","1","A","0","1","A","0","0","D"
"24651","04-02-21 01:30","Brazil","Serie A Betano","2020","Corinthians","Ceara","2","1","H","2","1","H","0","0","D"
"24652","04-02-21 01:30","Brazil","Serie A Betano","2020","Goias","Atletico-MG","1","0","H","1","0","H","0","0","D"
"24653","03-02-21 23:15","Brazil","Serie A Betano","2020","Bragantino","Atletico GO","2","0","H","0","0","D","2","0","H"
"24654","03-02-21 20:00","Brazil","Serie A Betano","2020","Gremio","Santos","3","3","D","1","1","D","2","2","D"
"24655","02-02-21 20:00","Brazil","Serie A Betano","2020","Palmeiras","Botafogo RJ","1","1","D","1","0","H","0","1","A"
"24656","02-02-21 00:00","Brazil","Serie A Betano","2020","Sport Recife","Flamengo RJ","0","3","A","0","2","A","0","1","A"
"24657","01-02-21 00:30","Brazil","Serie A Betano","2020","Fluminense","Goias","3","0","H","3","0","H","0","0","D"
"24658","31-01-21 22:15","Brazil","Serie A Betano","2020","Internacional","Bragantino","2","1","H","1","1","D","1","0","H"
"24659","31-01-21 21:00","Brazil","Serie A Betano","2020","Atletico-MG","Fortaleza","2","0","H","0","0","D","2","0","H"
"24660","31-01-21 20:00","Brazil","Serie A Betano","2020","Atletico GO","Sao Paulo","2","1","H","1","1","D","1","0","H"
"24661","31-01-21 20:00","Brazil","Serie A Betano","2020","Ceara","Athletico-PR","0","2","A","0","0","D","0","2","A"
"24662","31-01-21 20:00","Brazil","Serie A Betano","2020","Coritiba","Gremio","1","1","D","0","1","A","1","0","H"
"24663","31-01-21 20:00","Brazil","Serie A Betano","2020","Vasco","Bahia","0","0","D","0","0","D","0","0","D"
"24664","29-01-21 00:00","Brazil","Serie A Betano","2020","Gremio","Flamengo RJ","2","4","A","1","0","H","1","4","A"
"24665","28-01-21 23:00","Brazil","Serie A Betano","2020","Bahia","Corinthians","2","1","H","2","0","H","0","1","A"
"24666","27-01-21 00:00","Brazil","Serie A Betano","2020","Atletico-MG","Santos","2","0","H","2","0","H","0","0","D"
"24667","27-01-21 00:00","Brazil","Serie A Betano","2020","Palmeiras","Vasco","1","1","D","1","1","D","0","0","D"
"24668","26-01-21 00:00","Brazil","Serie A Betano","2020","Corinthians","Bragantino","0","2","A","0","2","A","0","0","D"
"24669","25-01-21 00:30","Brazil","Serie A Betano","2020","Fluminense","Botafogo RJ","2","0","H","0","0","D","2","0","H"
"24670","24-01-21 22:15","Brazil","Serie A Betano","2020","Atletico GO","Fortaleza","2","0","H","1","0","H","1","0","H"
"24671","24-01-21 22:15","Brazil","Serie A Betano","2020","Santos","Goias","3","4","A","2","0","H","1","4","A"
"24672","24-01-21 22:15","Brazil","Serie A Betano","2020","Sport Recife","Bahia","2","0","H","0","0","D","2","0","H"
"24673","24-01-21 20:00","Brazil","Serie A Betano","2020","Athletico-PR","Flamengo RJ","2","1","H","1","1","D","1","0","H"
"24674","24-01-21 20:00","Brazil","Serie A Betano","2020","Ceara","Palmeiras","2","1","H","2","1","H","0","0","D"
"24675","24-01-21 20:00","Brazil","Serie A Betano","2020","Internacional","Gremio","2","1","H","0","0","D","2","1","H"
"24676","24-01-21 01:00","Brazil","Serie A Betano","2020","Vasco","Atletico-MG","3","2","H","2","0","H","1","2","A"
"24677","23-01-21 23:00","Brazil","Serie A Betano","2020","Sao Paulo","Coritiba","1","1","D","0","0","D","1","1","D"
"24678","22-01-21 01:00","Brazil","Serie A Betano","2020","Corinthians","Sport Recife","3","0","H","1","0","H","2","0","H"
"24679","21-01-21 23:00","Brazil","Serie A Betano","2020","Flamengo RJ","Palmeiras","2","0","H","1","0","H","1","0","H"
"24680","21-01-21 23:00","Brazil","Serie A Betano","2020","Fortaleza","Santos","2","0","H","0","0","D","2","0","H"
"24681","21-01-21 23:00","Brazil","Serie A Betano","2020","Goias","Ceara","0","4","A","0","2","A","0","2","A"
"24682","21-01-21 01:30","Brazil","Serie A Betano","2020","Bragantino","Vasco","4","1","H","1","0","H","3","1","H"
"24683","21-01-21 01:30","Brazil","Serie A Betano","2020","Sao Paulo","Internacional","1","5","A","1","2","A","0","3","A"
"24684","21-01-21 00:30","Brazil","Serie A Betano","2020","Coritiba","Fluminense","3","3","D","2","0","H","1","3","A"
"24685","20-01-21 23:15","Brazil","Serie A Betano","2020","Gremio","Atletico-MG","1","1","D","0","1","A","1","0","H"
"24686","20-01-21 22:00","Brazil","Serie A Betano","2020","Bahia","Athletico-PR","1","0","H","0","0","D","1","0","H"
"24687","20-01-21 21:00","Brazil","Serie A Betano","2020","Botafogo RJ","Atletico GO","1","3","A","0","0","D","1","3","A"
"24688","19-01-21 00:00","Brazil","Serie A Betano","2020","Goias","Flamengo RJ","0","3","A","0","1","A","0","2","A"
"24689","18-01-21 23:00","Brazil","Serie A Betano","2020","Palmeiras","Corinthians","4","0","H","2","0","H","2","0","H"
"24690","18-01-21 00:30","Brazil","Serie A Betano","2020","Ceara","Bragantino","1","2","A","0","0","D","1","2","A"
"24691","18-01-21 00:30","Brazil","Serie A Betano","2020","Internacional","Fortaleza","4","2","H","2","1","H","2","1","H"
"24692","17-01-21 22:15","Brazil","Serie A Betano","2020","Atletico-MG","Atletico GO","3","1","H","2","0","H","1","1","D"
"24693","17-01-21 20:00","Brazil","Serie A Betano","2020","Athletico-PR","Sao Paulo","1","1","D","1","0","H","0","1","A"
"24694","17-01-21 20:00","Brazil","Serie A Betano","2020","Santos","Botafogo RJ","2","1","H","1","1","D","1","0","H"
"24695","17-01-21 01:00","Brazil","Serie A Betano","2020","Vasco","Coritiba","0","1","A","0","1","A","0","0","D"
"24696","16-01-21 23:00","Brazil","Serie A Betano","2020","Fluminense","Sport Recife","1","0","H","0","0","D","1","0","H"
"24697","16-01-21 01:30","Brazil","Serie A Betano","2020","Palmeiras","Gremio","1","1","D","1","0","H","0","1","A"
"24698","14-01-21 01:30","Brazil","Serie A Betano","2020","Corinthians","Fluminense","5","0","H","1","0","H","4","0","H"
"24699","12-01-21 00:00","Brazil","Serie A Betano","2020","Bragantino","Atletico-MG","2","2","D","1","0","H","1","2","A"
"24700","11-01-21 00:30","Brazil","Serie A Betano","2020","Vasco","Botafogo RJ","3","0","H","1","0","H","2","0","H"
"24701","10-01-21 22:15","Brazil","Serie A Betano","2020","Atletico GO","Bahia","1","1","D","1","0","H","0","1","A"
"24702","10-01-21 22:15","Brazil","Serie A Betano","2020","Internacional","Goias","1","0","H","1","0","H","0","0","D"
"24703","10-01-21 20:00","Brazil","Serie A Betano","2020","Flamengo RJ","Ceara","0","2","A","0","1","A","0","1","A"
"24704","10-01-21 20:00","Brazil","Serie A Betano","2020","Sao Paulo","Santos","0","1","A","0","0","D","0","1","A"
"24705","10-01-21 01:00","Brazil","Serie A Betano","2020","Fortaleza","Gremio","0","0","D","0","0","D","0","0","D"
"24706","09-01-21 23:00","Brazil","Serie A Betano","2020","Coritiba","Athletico-PR","0","0","D","0","0","D","0","0","D"
"24707","09-01-21 23:00","Brazil","Serie A Betano","2020","Sport Recife","Palmeiras","0","1","A","0","1","A","0","0","D"
"24708","08-01-21 01:00","Brazil","Serie A Betano","2020","Atletico GO","Vasco","0","0","D","0","0","D","0","0","D"
"24709","07-01-21 23:00","Brazil","Serie A Betano","2020","Ceara","Internacional","0","2","A","0","0","D","0","2","A"
"24710","07-01-21 01:30","Brazil","Serie A Betano","2020","Bragantino","Sao Paulo","4","2","H","4","1","H","0","1","A"
"24711","07-01-21 01:30","Brazil","Serie A Betano","2020","Flamengo RJ","Fluminense","1","2","A","1","0","H","0","2","A"
"24712","07-01-21 00:30","Brazil","Serie A Betano","2020","Coritiba","Goias","1","2","A","0","2","A","1","0","H"
"24713","07-01-21 00:30","Brazil","Serie A Betano","2020","Sport Recife","Fortaleza","1","0","H","1","0","H","0","0","D"
"24714","06-01-21 23:15","Brazil","Serie A Betano","2020","Botafogo RJ","Athletico-PR","0","2","A","0","1","A","0","1","A"
"24715","06-01-21 23:15","Brazil","Serie A Betano","2020","Gremio","Bahia","2","1","H","1","0","H","1","1","D"
"24716","28-12-20 00:30","Brazil","Serie A Betano","2020","Gremio","Atletico GO","2","1","H","1","0","H","1","1","D"
"24717","27-12-20 22:15","Brazil","Serie A Betano","2020","Athletico-PR","Vasco","3","0","H","2","0","H","1","0","H"
"24718","27-12-20 22:15","Brazil","Serie A Betano","2020","Palmeiras","Bragantino","1","0","H","1","0","H","0","0","D"
"24719","27-12-20 22:15","Brazil","Serie A Betano","2020","Santos","Ceara","1","1","D","1","1","D","0","0","D"
"24720","27-12-20 20:00","Brazil","Serie A Betano","2020","Bahia","Internacional","1","2","A","0","1","A","1","1","D"
"24721","27-12-20 20:00","Brazil","Serie A Betano","2020","Botafogo RJ","Corinthians","0","2","A","0","1","A","0","1","A"
"24722","27-12-20 01:00","Brazil","Serie A Betano","2020","Fluminense","Sao Paulo","1","2","A","0","1","A","1","1","D"
"24723","26-12-20 23:00","Brazil","Serie A Betano","2020","Fortaleza","Flamengo RJ","0","0","D","0","0","D","0","0","D"
"24724","26-12-20 23:00","Brazil","Serie A Betano","2020","Goias","Sport Recife","1","0","H","1","0","H","0","0","D"
"24725","26-12-20 21:00","Brazil","Serie A Betano","2020","Atletico-MG","Coritiba","2","0","H","0","0","D","2","0","H"
"24726","22-12-20 00:00","Brazil","Serie A Betano","2020","Corinthians","Goias","2","1","H","1","1","D","1","0","H"
"24727","21-12-20 00:30","Brazil","Serie A Betano","2020","Fortaleza","Ceara","0","2","A","0","0","D","0","2","A"
"24728","20-12-20 22:15","Brazil","Serie A Betano","2020","Flamengo RJ","Bahia","4","3","H","2","0","H","2","3","A"
"24729","20-12-20 20:00","Brazil","Serie A Betano","2020","Bragantino","Athletico-PR","0","1","A","0","1","A","0","0","D"
"24730","20-12-20 20:00","Brazil","Serie A Betano","2020","Vasco","Santos","1","0","H","1","0","H","0","0","D"
"24731","20-12-20 01:00","Brazil","Serie A Betano","2020","Coritiba","Botafogo RJ","1","2","A","1","0","H","0","2","A"
"24732","20-12-20 01:00","Brazil","Serie A Betano","2020","Internacional","Palmeiras","2","0","H","1","0","H","1","0","H"
"24733","19-12-20 23:00","Brazil","Serie A Betano","2020","Sport Recife","Gremio","1","1","D","1","0","H","0","1","A"
"24734","17-12-20 01:30","Brazil","Serie A Betano","2020","Atletico GO","Fluminense","2","1","H","1","0","H","1","1","D"
"24735","17-12-20 01:30","Brazil","Serie A Betano","2020","Sao Paulo","Atletico-MG","3","0","H","1","0","H","2","0","H"
"24736","14-12-20 00:30","Brazil","Serie A Betano","2020","Vasco","Fluminense","1","1","D","0","1","A","1","0","H"
"24737","13-12-20 22:15","Brazil","Serie A Betano","2020","Corinthians","Sao Paulo","1","0","H","1","0","H","0","0","D"
"24738","13-12-20 22:15","Brazil","Serie A Betano","2020","Sport Recife","Coritiba","1","0","H","1","0","H","0","0","D"
"24739","13-12-20 20:00","Brazil","Serie A Betano","2020","Flamengo RJ","Santos","4","1","H","1","0","H","3","1","H"
"24740","13-12-20 01:00","Brazil","Serie A Betano","2020","Ceara","Atletico GO","1","2","A","0","0","D","1","2","A"
"24741","13-12-20 01:00","Brazil","Serie A Betano","2020","Goias","Gremio","0","0","D","0","0","D","0","0","D"
"24742","12-12-20 23:00","Brazil","Serie A Betano","2020","Internacional","Botafogo RJ","2","1","H","1","1","D","1","0","H"
"24743","12-12-20 23:00","Brazil","Serie A Betano","2020","Palmeiras","Bahia","3","0","H","3","0","H","0","0","D"
"24744","12-12-20 21:00","Brazil","Serie A Betano","2020","Athletico-PR","Atletico-MG","0","1","A","0","1","A","0","0","D"
"24745","12-12-20 21:00","Brazil","Serie A Betano","2020","Bragantino","Fortaleza","2","1","H","1","1","D","1","0","H"
"24746","10-12-20 01:30","Brazil","Serie A Betano","2020","Sao Paulo","Botafogo RJ","4","0","H","3","0","H","1","0","H"
"24747","08-12-20 00:00","Brazil","Serie A Betano","2020","Atletico GO","Goias","0","1","A","0","1","A","0","0","D"
"24748","06-12-20 22:15","Brazil","Serie A Betano","2020","Atletico-MG","Internacional","2","2","D","1","1","D","1","1","D"
"24749","06-12-20 20:00","Brazil","Serie A Betano","2020","Gremio","Vasco","4","0","H","1","0","H","3","0","H"
"24750","06-12-20 20:00","Brazil","Serie A Betano","2020","Sao Paulo","Sport Recife","1","0","H","1","0","H","0","0","D"
"24751","06-12-20 01:00","Brazil","Serie A Betano","2020","Coritiba","Bragantino","0","0","D","0","0","D","0","0","D"
"24752","05-12-20 23:00","Brazil","Serie A Betano","2020","Bahia","Ceara","0","2","A","0","0","D","0","2","A"
"24753","05-12-20 23:00","Brazil","Serie A Betano","2020","Fluminense","Athletico-PR","3","1","H","1","1","D","2","0","H"
"24754","05-12-20 21:00","Brazil","Serie A Betano","2020","Botafogo RJ","Flamengo RJ","0","1","A","0","0","D","0","1","A"
"24755","05-12-20 21:00","Brazil","Serie A Betano","2020","Santos","Palmeiras","2","2","D","1","0","H","1","2","A"
"24756","03-12-20 23:00","Brazil","Serie A Betano","2020","Goias","Sao Paulo","0","3","A","0","1","A","0","2","A"
"24757","03-12-20 01:30","Brazil","Serie A Betano","2020","Fortaleza","Corinthians","0","0","D","0","0","D","0","0","D"
"24758","01-12-20 00:00","Brazil","Serie A Betano","2020","Fluminense","Bragantino","0","0","D","0","0","D","0","0","D"
"24759","30-11-20 22:00","Brazil","Serie A Betano","2020","Gremio","Goias","2","1","H","1","0","H","1","1","D"
"24760","30-11-20 22:00","Brazil","Serie A Betano","2020","Vasco","Ceara","1","4","A","0","2","A","1","2","A"
"24761","29-11-20 01:00","Brazil","Serie A Betano","2020","Atletico GO","Internacional","0","0","D","0","0","D","0","0","D"
"24762","28-11-20 23:00","Brazil","Serie A Betano","2020","Bahia","Sao Paulo","1","3","A","0","0","D","1","3","A"
"24763","28-11-20 21:00","Brazil","Serie A Betano","2020","Palmeiras","Athletico-PR","3","0","H","2","0","H","1","0","H"
"24764","28-11-20 21:00","Brazil","Serie A Betano","2020","Santos","Sport Recife","4","2","H","2","2","D","2","0","H"
"24765","27-11-20 00:00","Brazil","Serie A Betano","2020","Fortaleza","Goias","1","1","D","0","1","A","1","0","H"
"24766","26-11-20 01:30","Brazil","Serie A Betano","2020","Atletico-MG","Botafogo RJ","2","1","H","1","0","H","1","1","D"
"24767","26-11-20 01:30","Brazil","Serie A Betano","2020","Coritiba","Corinthians","0","1","A","0","1","A","0","0","D"
"24768","25-11-20 23:15","Brazil","Serie A Betano","2020","Ceara","Sao Paulo","1","1","D","0","1","A","1","0","H"
"24769","24-11-20 00:00","Brazil","Serie A Betano","2020","Sport Recife","Atletico GO","0","1","A","0","0","D","0","1","A"
"24770","23-11-20 00:30","Brazil","Serie A Betano","2020","Corinthians","Gremio","0","0","D","0","0","D","0","0","D"
"24771","22-11-20 22:15","Brazil","Serie A Betano","2020","Botafogo RJ","Fortaleza","1","2","A","0","0","D","1","2","A"
"24772","22-11-20 22:15","Brazil","Serie A Betano","2020","Internacional","Fluminense","1","2","A","1","0","H","0","2","A"
"24773","22-11-20 20:00","Brazil","Serie A Betano","2020","Ceara","Atletico-MG","2","2","D","0","1","A","2","1","H"
"24774","22-11-20 20:00","Brazil","Serie A Betano","2020","Sao Paulo","Vasco","1","1","D","1","1","D","0","0","D"
"24775","22-11-20 01:00","Brazil","Serie A Betano","2020","Goias","Palmeiras","1","0","H","0","0","D","1","0","H"
"24776","21-11-20 23:00","Brazil","Serie A Betano","2020","Athletico-PR","Santos","1","0","H","0","0","D","1","0","H"
"24777","21-11-20 23:00","Brazil","Serie A Betano","2020","Flamengo RJ","Coritiba","3","1","H","2","0","H","1","1","D"
"24778","21-11-20 00:00","Brazil","Serie A Betano","2020","Bragantino","Bahia","4","0","H","3","0","H","1","0","H"
"24779","19-11-20 23:00","Brazil","Serie A Betano","2020","Vasco","Fortaleza","0","0","D","0","0","D","0","0","D"
"24780","18-11-20 23:00","Brazil","Serie A Betano","2020","Atletico-MG","Athletico-PR","0","2","A","0","2","A","0","0","D"
"24781","17-11-20 00:00","Brazil","Serie A Betano","2020","Botafogo RJ","Bragantino","1","2","A","1","1","D","0","1","A"
"24782","16-11-20 22:00","Brazil","Serie A Betano","2020","Coritiba","Bahia","1","2","A","1","1","D","0","1","A"
"24783","15-11-20 01:30","Brazil","Serie A Betano","2020","Flamengo RJ","Atletico GO","1","1","D","1","0","H","0","1","A"
"24784","15-11-20 01:30","Brazil","Serie A Betano","2020","Palmeiras","Fluminense","2","0","H","0","0","D","2","0","H"
"24785","14-11-20 23:00","Brazil","Serie A Betano","2020","Corinthians","Atletico-MG","1","2","A","1","0","H","0","2","A"
"24786","14-11-20 23:00","Brazil","Serie A Betano","2020","Fortaleza","Sao Paulo","2","3","A","1","1","D","1","2","A"
"24787","14-11-20 23:00","Brazil","Serie A Betano","2020","Gremio","Ceara","4","2","H","3","1","H","1","1","D"
"24788","14-11-20 21:00","Brazil","Serie A Betano","2020","Goias","Athletico-PR","0","1","A","0","1","A","0","0","D"
"24789","14-11-20 20:30","Brazil","Serie A Betano","2020","Santos","Internacional","2","0","H","0","0","D","2","0","H"
"24790","14-11-20 20:30","Brazil","Serie A Betano","2020","Sport Recife","Vasco","0","2","A","0","1","A","0","1","A"
"24791","11-11-20 22:45","Brazil","Serie A Betano","2020","Bahia","Fortaleza","2","1","H","1","0","H","1","1","D"
"24792","09-11-20 00:30","Brazil","Serie A Betano","2020","Ceara","Sport Recife","0","0","D","0","0","D","0","0","D"
"24793","09-11-20 00:30","Brazil","Serie A Betano","2020","Fluminense","Gremio","0","1","A","0","1","A","0","0","D"
"24794","08-11-20 22:15","Brazil","Serie A Betano","2020","Atletico-MG","Flamengo RJ","4","0","H","2","0","H","2","0","H"
"24795","08-11-20 22:15","Brazil","Serie A Betano","2020","Bahia","Botafogo RJ","1","0","H","0","0","D","1","0","H"
"24796","08-11-20 22:15","Brazil","Serie A Betano","2020","Bragantino","Santos","1","1","D","0","0","D","1","1","D"
"24797","08-11-20 20:00","Brazil","Serie A Betano","2020","Internacional","Coritiba","2","2","D","1","0","H","1","2","A"
"24798","08-11-20 20:00","Brazil","Serie A Betano","2020","Vasco","Palmeiras","0","1","A","0","0","D","0","1","A"
"24799","08-11-20 01:00","Brazil","Serie A Betano","2020","Atletico GO","Corinthians","1","1","D","1","0","H","0","1","A"
"24800","07-11-20 23:00","Brazil","Serie A Betano","2020","Sao Paulo","Goias","2","1","H","1","1","D","1","0","H"
"24801","07-11-20 22:00","Brazil","Serie A Betano","2020","Athletico-PR","Fortaleza","2","1","H","0","1","A","2","0","H"
"24802","03-11-20 00:00","Brazil","Serie A Betano","2020","Gremio","Bragantino","2","1","H","0","0","D","2","1","H"
"24803","02-11-20 21:00","Brazil","Serie A Betano","2020","Palmeiras","Atletico-MG","3","0","H","1","0","H","2","0","H"
"24804","02-11-20 00:30","Brazil","Serie A Betano","2020","Goias","Vasco","1","1","D","0","1","A","1","0","H"
"24805","01-11-20 22:15","Brazil","Serie A Betano","2020","Santos","Bahia","3","1","H","3","1","H","0","0","D"
"24806","01-11-20 20:00","Brazil","Serie A Betano","2020","Flamengo RJ","Sao Paulo","1","4","A","1","2","A","0","2","A"
"24807","01-11-20 20:00","Brazil","Serie A Betano","2020","Sport Recife","Athletico-PR","1","0","H","0","0","D","1","0","H"
"24808","01-11-20 01:00","Brazil","Serie A Betano","2020","Fortaleza","Fluminense","0","1","A","0","0","D","0","1","A"
"24809","31-10-20 23:00","Brazil","Serie A Betano","2020","Corinthians","Internacional","1","0","H","1","0","H","0","0","D"
"24810","31-10-20 23:00","Brazil","Serie A Betano","2020","Coritiba","Atletico GO","1","0","H","1","0","H","0","0","D"
"24811","31-10-20 21:00","Brazil","Serie A Betano","2020","Botafogo RJ","Ceara","2","2","D","2","1","H","0","1","A"
"24812","25-10-20 22:15","Brazil","Serie A Betano","2020","Athletico-PR","Gremio","1","2","A","1","0","H","0","2","A"
"24813","25-10-20 22:15","Brazil","Serie A Betano","2020","Internacional","Flamengo RJ","2","2","D","2","1","H","0","1","A"
"24814","25-10-20 20:00","Brazil","Serie A Betano","2020","Atletico GO","Palmeiras","0","3","A","0","1","A","0","2","A"
"24815","25-10-20 20:00","Brazil","Serie A Betano","2020","Fluminense","Santos","3","1","H","1","1","D","2","0","H"
"24816","25-10-20 02:00","Brazil","Serie A Betano","2020","Atletico-MG","Sport Recife","0","0","D","0","0","D","0","0","D"
"24817","25-10-20 00:00","Brazil","Serie A Betano","2020","Ceara","Coritiba","2","1","H","1","1","D","1","0","H"
"24818","24-10-20 22:00","Brazil","Serie A Betano","2020","Bragantino","Goias","2","0","H","1","0","H","1","0","H"
"24819","22-10-20 02:30","Brazil","Serie A Betano","2020","Vasco","Corinthians","1","2","A","0","1","A","1","1","D"
"24820","20-10-20 01:00","Brazil","Serie A Betano","2020","Bahia","Atletico-MG","3","1","H","0","1","A","3","0","H"
"24821","20-10-20 01:00","Brazil","Serie A Betano","2020","Botafogo RJ","Goias","0","0","D","0","0","D","0","0","D"
"24822","19-10-20 01:30","Brazil","Serie A Betano","2020","Bragantino","Sport Recife","2","0","H","0","0","D","2","0","H"
"24823","19-10-20 01:30","Brazil","Serie A Betano","2020","Fortaleza","Palmeiras","2","0","H","2","0","H","0","0","D"
"24824","18-10-20 23:15","Brazil","Serie A Betano","2020","Internacional","Vasco","2","0","H","2","0","H","0","0","D"
"24825","18-10-20 21:00","Brazil","Serie A Betano","2020","Corinthians","Flamengo RJ","1","5","A","0","1","A","1","4","A"
"24826","18-10-20 02:00","Brazil","Serie A Betano","2020","Sao Paulo","Gremio","0","0","D","0","0","D","0","0","D"
"24827","18-10-20 00:00","Brazil","Serie A Betano","2020","Atletico GO","Athletico-PR","1","1","D","1","0","H","0","1","A"
"24828","18-10-20 00:00","Brazil","Serie A Betano","2020","Coritiba","Santos","1","2","A","0","2","A","1","0","H"
"24829","18-10-20 00:00","Brazil","Serie A Betano","2020","Fluminense","Ceara","2","2","D","1","1","D","1","1","D"
"24830","17-10-20 01:00","Brazil","Serie A Betano","2020","Goias","Bahia","1","1","D","0","0","D","1","1","D"
"24831","16-10-20 01:00","Brazil","Serie A Betano","2020","Flamengo RJ","Bragantino","1","1","D","0","0","D","1","1","D"
"24832","15-10-20 02:30","Brazil","Serie A Betano","2020","Athletico-PR","Corinthians","0","1","A","0","0","D","0","1","A"
"24833","15-10-20 02:30","Brazil","Serie A Betano","2020","Atletico-MG","Fluminense","1","1","D","0","1","A","1","0","H"
"24834","15-10-20 02:30","Brazil","Serie A Betano","2020","Sport Recife","Internacional","3","5","A","1","2","A","2","3","A"
"24835","15-10-20 01:30","Brazil","Serie A Betano","2020","Santos","Atletico GO","0","1","A","0","0","D","0","1","A"
"24836","15-10-20 00:15","Brazil","Serie A Betano","2020","Gremio","Botafogo RJ","3","1","H","1","1","D","2","0","H"
"24837","14-10-20 23:00","Brazil","Serie A Betano","2020","Palmeiras","Coritiba","1","3","A","1","2","A","0","1","A"
"24838","13-10-20 23:00","Brazil","Serie A Betano","2020","Flamengo RJ","Goias","2","1","H","1","1","D","1","0","H"
"24839","12-10-20 01:30","Brazil","Serie A Betano","2020","Ceara","Corinthians","2","1","H","1","1","D","1","0","H"
"24840","12-10-20 01:30","Brazil","Serie A Betano","2020","Internacional","Athletico-PR","2","1","H","2","1","H","0","0","D"
"24841","11-10-20 23:15","Brazil","Serie A Betano","2020","Atletico GO","Bragantino","2","1","H","1","1","D","1","0","H"
"24842","11-10-20 23:15","Brazil","Serie A Betano","2020","Sport Recife","Botafogo RJ","1","2","A","0","2","A","1","0","H"
"24843","11-10-20 21:00","Brazil","Serie A Betano","2020","Fluminense","Bahia","1","0","H","0","0","D","1","0","H"
"24844","11-10-20 21:00","Brazil","Serie A Betano","2020","Santos","Gremio","2","1","H","1","0","H","1","1","D"
"24845","11-10-20 02:00","Brazil","Serie A Betano","2020","Atletico-MG","Goias","3","0","H","2","0","H","1","0","H"
"24846","11-10-20 00:00","Brazil","Serie A Betano","2020","Coritiba","Fortaleza","0","0","D","0","0","D","0","0","D"
"24847","11-10-20 00:00","Brazil","Serie A Betano","2020","Palmeiras","Sao Paulo","0","2","A","0","0","D","0","2","A"
"24848","10-10-20 22:00","Brazil","Serie A Betano","2020","Vasco","Flamengo RJ","1","2","A","1","0","H","0","2","A"
"24849","09-10-20 02:00","Brazil","Serie A Betano","2020","Bragantino","Internacional","0","2","A","0","2","A","0","0","D"
"24850","09-10-20 00:00","Brazil","Serie A Betano","2020","Athletico-PR","Ceara","0","0","D","0","0","D","0","0","D"
"24851","08-10-20 02:30","Brazil","Serie A Betano","2020","Botafogo RJ","Palmeiras","2","1","H","0","0","D","2","1","H"
"24852","08-10-20 02:30","Brazil","Serie A Betano","2020","Fortaleza","Atletico-MG","2","1","H","1","1","D","1","0","H"
"24853","08-10-20 01:30","Brazil","Serie A Betano","2020","Goias","Fluminense","2","4","A","1","1","D","1","3","A"
"24854","08-10-20 01:30","Brazil","Serie A Betano","2020","Sao Paulo","Atletico GO","3","0","H","1","0","H","2","0","H"
"24855","08-10-20 00:15","Brazil","Serie A Betano","2020","Bahia","Vasco","3","0","H","3","0","H","0","0","D"
"24856","08-10-20 00:15","Brazil","Serie A Betano","2020","Flamengo RJ","Sport Recife","3","0","H","0","0","D","3","0","H"
"24857","08-10-20 00:15","Brazil","Serie A Betano","2020","Gremio","Coritiba","2","1","H","2","0","H","0","1","A"
"24858","08-10-20 00:00","Brazil","Serie A Betano","2020","Corinthians","Santos","1","1","D","1","1","D","0","0","D"
"24859","05-10-20 01:30","Brazil","Serie A Betano","2020","Atletico-MG","Vasco","4","1","H","4","1","H","0","0","D"
"24860","04-10-20 23:15","Brazil","Serie A Betano","2020","Bahia","Sport Recife","1","2","A","0","1","A","1","1","D"
"24861","04-10-20 23:15","Brazil","Serie A Betano","2020","Fortaleza","Atletico GO","0","0","D","0","0","D","0","0","D"
"24862","04-10-20 23:15","Brazil","Serie A Betano","2020","Goias","Santos","2","3","A","1","1","D","1","2","A"
"24863","04-10-20 21:00","Brazil","Serie A Betano","2020","Coritiba","Sao Paulo","1","1","D","1","0","H","0","1","A"
"24864","04-10-20 21:00","Brazil","Serie A Betano","2020","Flamengo RJ","Athletico-PR","3","1","H","0","0","D","3","1","H"
"24865","04-10-20 16:00","Brazil","Serie A Betano","2020","Botafogo RJ","Fluminense","1","1","D","0","1","A","1","0","H"
"24866","04-10-20 02:00","Brazil","Serie A Betano","2020","Bragantino","Corinthians","0","0","D","0","0","D","0","0","D"
"24867","04-10-20 00:00","Brazil","Serie A Betano","2020","Palmeiras","Ceara","2","1","H","1","1","D","1","0","H"
"24868","03-10-20 22:00","Brazil","Serie A Betano","2020","Gremio","Internacional","1","1","D","0","0","D","1","1","D"
"24869","01-10-20 02:30","Brazil","Serie A Betano","2020","Botafogo RJ","Bahia","1","2","A","0","1","A","1","1","D"
"24870","01-10-20 02:30","Brazil","Serie A Betano","2020","Corinthians","Atletico GO","0","0","D","0","0","D","0","0","D"
"24871","29-09-20 01:00","Brazil","Serie A Betano","2020","Fluminense","Coritiba","4","0","H","1","0","H","3","0","H"
"24872","28-09-20 01:30","Brazil","Serie A Betano","2020","Santos","Fortaleza","1","1","D","1","0","H","0","1","A"
"24873","27-09-20 23:15","Brazil","Serie A Betano","2020","Atletico GO","Botafogo RJ","1","1","D","0","1","A","1","0","H"
"24874","27-09-20 23:15","Brazil","Serie A Betano","2020","Ceara","Goias","2","2","D","0","1","A","2","1","H"
"24875","27-09-20 21:00","Brazil","Serie A Betano","2020","Palmeiras","Flamengo RJ","1","1","D","0","0","D","1","1","D"
"24876","27-09-20 16:00","Brazil","Serie A Betano","2020","Vasco","Bragantino","1","1","D","0","0","D","1","1","D"
"24877","27-09-20 02:00","Brazil","Serie A Betano","2020","Atletico-MG","Gremio","3","1","H","1","0","H","2","1","H"
"24878","27-09-20 00:00","Brazil","Serie A Betano","2020","Athletico-PR","Bahia","1","0","H","0","0","D","1","0","H"
"24879","27-09-20 00:00","Brazil","Serie A Betano","2020","Internacional","Sao Paulo","1","1","D","1","1","D","0","0","D"
"24880","24-09-20 02:30","Brazil","Serie A Betano","2020","Sport Recife","Corinthians","1","0","H","1","0","H","0","0","D"
"24881","21-09-20 01:30","Brazil","Serie A Betano","2020","Sport Recife","Fluminense","1","0","H","1","0","H","0","0","D"
"24882","20-09-20 23:15","Brazil","Serie A Betano","2020","Botafogo RJ","Santos","0","0","D","0","0","D","0","0","D"
"24883","20-09-20 21:00","Brazil","Serie A Betano","2020","Coritiba","Vasco","1","0","H","0","0","D","1","0","H"
"24884","20-09-20 21:00","Brazil","Serie A Betano","2020","Gremio","Palmeiras","1","1","D","0","0","D","1","1","D"
"24885","20-09-20 02:00","Brazil","Serie A Betano","2020","Atletico GO","Atletico-MG","3","4","A","1","0","H","2","4","A"
"24886","20-09-20 00:00","Brazil","Serie A Betano","2020","Bragantino","Ceara","4","2","H","3","1","H","1","1","D"
"24887","20-09-20 00:00","Brazil","Serie A Betano","2020","Fortaleza","Internacional","1","0","H","0","0","D","1","0","H"
"24888","17-09-20 02:30","Brazil","Serie A Betano","2020","Corinthians","Bahia","3","2","H","2","1","H","1","1","D"
"24889","14-09-20 01:30","Brazil","Serie A Betano","2020","Botafogo RJ","Vasco","2","3","A","0","1","A","2","2","D"
"24890","14-09-20 00:45","Brazil","Serie A Betano","2020","Palmeiras","Sport Recife","2","2","D","2","1","H","0","1","A"
"24891","13-09-20 23:00","Brazil","Serie A Betano","2020","Atletico-MG","Bragantino","2","1","H","1","0","H","1","1","D"
"24892","13-09-20 23:00","Brazil","Serie A Betano","2020","Bahia","Atletico GO","0","1","A","0","1","A","0","0","D"
"24893","13-09-20 23:00","Brazil","Serie A Betano","2020","Ceara","Flamengo RJ","2","0","H","0","0","D","2","0","H"
"24894","13-09-20 23:00","Brazil","Serie A Betano","2020","Goias","Internacional","1","0","H","1","0","H","0","0","D"
"24895","13-09-20 21:00","Brazil","Serie A Betano","2020","Fluminense","Corinthians","2","1","H","1","0","H","1","1","D"
"24896","13-09-20 21:00","Brazil","Serie A Betano","2020","Gremio","Fortaleza","1","1","D","0","1","A","1","0","H"
"24897","13-09-20 00:00","Brazil","Serie A Betano","2020","Santos","Sao Paulo","2","2","D","1","2","A","1","0","H"
"24898","12-09-20 21:30","Brazil","Serie A Betano","2020","Athletico-PR","Coritiba","1","0","H","1","0","H","0","0","D"
"24899","11-09-20 02:00","Brazil","Serie A Betano","2020","Vasco","Atletico GO","1","2","A","0","0","D","1","2","A"
"24900","11-09-20 00:15","Brazil","Serie A Betano","2020","Bahia","Gremio","0","2","A","0","1","A","0","1","A"
"24901","11-09-20 00:15","Brazil","Serie A Betano","2020","Corinthians","Palmeiras","0","2","A","0","1","A","0","1","A"
"24902","11-09-20 00:15","Brazil","Serie A Betano","2020","Internacional","Ceara","2","0","H","1","0","H","1","0","H"
"24903","10-09-20 02:30","Brazil","Serie A Betano","2020","Fluminense","Flamengo RJ","1","2","A","0","2","A","1","0","H"
"24904","10-09-20 02:30","Brazil","Serie A Betano","2020","Santos","Atletico-MG","3","1","H","2","1","H","1","0","H"
"24905","10-09-20 00:15","Brazil","Serie A Betano","2020","Sao Paulo","Bragantino","1","1","D","0","0","D","1","1","D"
"24906","09-09-20 23:00","Brazil","Serie A Betano","2020","Fortaleza","Sport Recife","1","0","H","0","0","D","1","0","H"
"24907","09-09-20 23:00","Brazil","Serie A Betano","2020","Goias","Coritiba","3","3","D","1","2","A","2","1","H"
"24908","09-09-20 22:30","Brazil","Serie A Betano","2020","Athletico-PR","Botafogo RJ","1","1","D","0","0","D","1","1","D"
"24909","07-09-20 01:30","Brazil","Serie A Betano","2020","Coritiba","Atletico-MG","0","1","A","0","1","A","0","0","D"
"24910","07-09-20 01:30","Brazil","Serie A Betano","2020","Sport Recife","Goias","2","1","H","0","0","D","2","1","H"
"24911","07-09-20 00:00","Brazil","Serie A Betano","2020","Atletico GO","Gremio","1","1","D","1","1","D","0","0","D"
"24912","06-09-20 23:00","Brazil","Serie A Betano","2020","Vasco","Athletico-PR","1","0","H","1","0","H","0","0","D"
"24913","06-09-20 21:00","Brazil","Serie A Betano","2020","Internacional","Bahia","2","2","D","1","1","D","1","1","D"
"24914","06-09-20 21:00","Brazil","Serie A Betano","2020","Sao Paulo","Fluminense","3","1","H","0","1","A","3","0","H"
"24915","06-09-20 16:00","Brazil","Serie A Betano","2020","Bragantino","Palmeiras","1","2","A","0","0","D","1","2","A"
"24916","06-09-20 02:00","Brazil","Serie A Betano","2020","Ceara","Santos","0","1","A","0","1","A","0","0","D"
"24917","06-09-20 00:00","Brazil","Serie A Betano","2020","Corinthians","Botafogo RJ","2","2","D","1","1","D","1","1","D"
"24918","05-09-20 22:00","Brazil","Serie A Betano","2020","Flamengo RJ","Fortaleza","2","1","H","1","1","D","1","0","H"
"24919","04-09-20 01:00","Brazil","Serie A Betano","2020","Atletico-MG","Sao Paulo","3","0","H","2","0","H","1","0","H"
"24920","04-09-20 00:00","Brazil","Serie A Betano","2020","Gremio","Sport Recife","1","2","A","0","1","A","1","1","D"
"24921","03-09-20 02:30","Brazil","Serie A Betano","2020","Palmeiras","Internacional","1","1","D","0","0","D","1","1","D"
"24922","03-09-20 02:30","Brazil","Serie A Betano","2020","Santos","Vasco","2","2","D","1","1","D","1","1","D"
"24923","03-09-20 01:30","Brazil","Serie A Betano","2020","Athletico-PR","Bragantino","1","1","D","1","1","D","0","0","D"
"24924","03-09-20 01:30","Brazil","Serie A Betano","2020","Bahia","Flamengo RJ","3","5","A","2","3","A","1","2","A"
"24925","03-09-20 01:30","Brazil","Serie A Betano","2020","Botafogo RJ","Coritiba","0","0","D","0","0","D","0","0","D"
"24926","03-09-20 00:15","Brazil","Serie A Betano","2020","Fluminense","Atletico GO","1","1","D","1","0","H","0","1","A"
"24927","03-09-20 00:15","Brazil","Serie A Betano","2020","Goias","Corinthians","1","2","A","0","1","A","1","1","D"
"24928","03-09-20 00:00","Brazil","Serie A Betano","2020","Ceara","Fortaleza","1","0","H","1","0","H","0","0","D"
"24929","30-08-20 23:00","Brazil","Serie A Betano","2020","Atletico GO","Ceara","0","2","A","0","0","D","0","2","A"
"24930","30-08-20 21:00","Brazil","Serie A Betano","2020","Coritiba","Sport Recife","1","0","H","0","0","D","1","0","H"
"24931","30-08-20 21:00","Brazil","Serie A Betano","2020","Santos","Flamengo RJ","0","1","A","0","1","A","0","0","D"
"24932","30-08-20 16:00","Brazil","Serie A Betano","2020","Sao Paulo","Corinthians","2","1","H","1","1","D","1","0","H"
"24933","30-08-20 02:00","Brazil","Serie A Betano","2020","Fortaleza","Bragantino","3","0","H","1","0","H","2","0","H"
"24934","30-08-20 00:00","Brazil","Serie A Betano","2020","Bahia","Palmeiras","1","1","D","0","0","D","1","1","D"
"24935","30-08-20 00:00","Brazil","Serie A Betano","2020","Fluminense","Vasco","2","1","H","1","0","H","1","1","D"
"24936","29-08-20 22:00","Brazil","Serie A Betano","2020","Botafogo RJ","Internacional","0","2","A","0","2","A","0","0","D"
"24937","27-08-20 02:30","Brazil","Serie A Betano","2020","Corinthians","Fortaleza","1","1","D","0","0","D","1","1","D"
"24938","27-08-20 00:00","Brazil","Serie A Betano","2020","Sao Paulo","Athletico-PR","1","0","H","0","0","D","1","0","H"
"24939","24-08-20 01:00","Brazil","Serie A Betano","2020","Ceara","Bahia","2","0","H","1","0","H","1","0","H"
"24940","24-08-20 00:00","Brazil","Serie A Betano","2020","Sport Recife","Sao Paulo","0","1","A","0","1","A","0","0","D"
"24941","23-08-20 21:00","Brazil","Serie A Betano","2020","Bragantino","Coritiba","1","2","A","1","1","D","0","1","A"
"24942","23-08-20 21:00","Brazil","Serie A Betano","2020","Palmeiras","Santos","2","1","H","1","0","H","1","1","D"
"24943","23-08-20 21:00","Brazil","Serie A Betano","2020","Vasco","Gremio","0","0","D","0","0","D","0","0","D"
"24944","23-08-20 16:00","Brazil","Serie A Betano","2020","Flamengo RJ","Botafogo RJ","1","1","D","0","0","D","1","1","D"
"24945","23-08-20 02:00","Brazil","Serie A Betano","2020","Goias","Atletico GO","2","0","H","1","0","H","1","0","H"
"24946","23-08-20 00:00","Brazil","Serie A Betano","2020","Internacional","Atletico-MG","1","0","H","1","0","H","0","0","D"
"24947","22-08-20 21:00","Brazil","Serie A Betano","2020","Athletico-PR","Fluminense","0","1","A","0","1","A","0","0","D"
"24948","21-08-20 01:00","Brazil","Serie A Betano","2020","Ceara","Vasco","0","3","A","0","0","D","0","3","A"
"24949","21-08-20 01:00","Brazil","Serie A Betano","2020","Sao Paulo","Bahia","1","1","D","0","1","A","1","0","H"
"24950","21-08-20 00:15","Brazil","Serie A Betano","2020","Sport Recife","Santos","0","1","A","0","0","D","0","1","A"
"24951","20-08-20 02:30","Brazil","Serie A Betano","2020","Botafogo RJ","Atletico-MG","2","1","H","1","0","H","1","1","D"
"24952","20-08-20 02:30","Brazil","Serie A Betano","2020","Corinthians","Coritiba","3","1","H","1","1","D","2","0","H"
"24953","20-08-20 01:30","Brazil","Serie A Betano","2020","Goias","Fortaleza","1","3","A","0","1","A","1","2","A"
"24954","20-08-20 01:30","Brazil","Serie A Betano","2020","Internacional","Atletico GO","3","0","H","0","0","D","3","0","H"
"24955","20-08-20 00:30","Brazil","Serie A Betano","2020","Athletico-PR","Palmeiras","0","1","A","0","0","D","0","1","A"
"24956","20-08-20 00:15","Brazil","Serie A Betano","2020","Bragantino","Fluminense","2","1","H","1","1","D","1","0","H"
"24957","20-08-20 00:15","Brazil","Serie A Betano","2020","Flamengo RJ","Gremio","1","1","D","0","1","A","1","0","H"
"24958","17-08-20 00:45","Brazil","Serie A Betano","2020","Santos","Athletico-PR","3","1","H","2","0","H","1","1","D"
"24959","17-08-20 00:30","Brazil","Serie A Betano","2020","Fortaleza","Botafogo RJ","0","0","D","0","0","D","0","0","D"
"24960","17-08-20 00:00","Brazil","Serie A Betano","2020","Atletico GO","Sport Recife","1","1","D","1","0","H","0","1","A"
"24961","16-08-20 23:00","Brazil","Serie A Betano","2020","Fluminense","Internacional","2","1","H","1","1","D","1","0","H"
"24962","16-08-20 21:00","Brazil","Serie A Betano","2020","Bahia","Bragantino","2","1","H","1","0","H","1","1","D"
"24963","16-08-20 21:00","Brazil","Serie A Betano","2020","Vasco","Sao Paulo","2","1","H","0","0","D","2","1","H"
"24964","16-08-20 16:00","Brazil","Serie A Betano","2020","Atletico-MG","Ceara","2","0","H","0","0","D","2","0","H"
"24965","16-08-20 02:30","Brazil","Serie A Betano","2020","Palmeiras","Goias","1","1","D","1","1","D","0","0","D"
"24966","16-08-20 00:30","Brazil","Serie A Betano","2020","Coritiba","Flamengo RJ","0","1","A","0","1","A","0","0","D"
"24967","16-08-20 00:00","Brazil","Serie A Betano","2020","Gremio","Corinthians","0","0","D","0","0","D","0","0","D"
"24968","14-08-20 01:00","Brazil","Serie A Betano","2020","Vasco","Sport Recife","2","0","H","2","0","H","0","0","D"
"24969","14-08-20 00:30","Brazil","Serie A Betano","2020","Internacional","Santos","2","0","H","0","0","D","2","0","H"
"24970","14-08-20 00:15","Brazil","Serie A Betano","2020","Sao Paulo","Fortaleza","1","0","H","1","0","H","0","0","D"
"24971","13-08-20 02:30","Brazil","Serie A Betano","2020","Ceara","Gremio","1","1","D","1","0","H","0","1","A"
"24972","13-08-20 02:30","Brazil","Serie A Betano","2020","Fluminense","Palmeiras","1","1","D","1","1","D","0","0","D"
"24973","13-08-20 01:30","Brazil","Serie A Betano","2020","Atletico GO","Flamengo RJ","3","0","H","2","0","H","1","0","H"
"24974","13-08-20 01:30","Brazil","Serie A Betano","2020","Bahia","Coritiba","1","0","H","1","0","H","0","0","D"
"24975","13-08-20 00:15","Brazil","Serie A Betano","2020","Athletico-PR","Goias","2","1","H","1","1","D","1","0","H"
"24976","13-08-20 00:15","Brazil","Serie A Betano","2020","Atletico-MG","Corinthians","3","2","H","0","2","A","3","0","H"
"24977","13-08-20 00:15","Brazil","Serie A Betano","2020","Bragantino","Botafogo RJ","1","1","D","1","0","H","0","1","A"
"24978","10-08-20 00:00","Brazil","Serie A Betano","2020","Gremio","Fluminense","1","0","H","1","0","H","0","0","D"
"24979","09-08-20 21:00","Brazil","Serie A Betano","2020","Flamengo RJ","Atletico-MG","0","1","A","0","1","A","0","0","D"
"24980","09-08-20 21:00","Brazil","Serie A Betano","2020","Santos","Bragantino","1","1","D","0","0","D","1","1","D"
"24981","09-08-20 02:00","Brazil","Serie A Betano","2020","Sport Recife","Ceara","3","2","H","3","1","H","0","1","A"
"24982","09-08-20 00:30","Brazil","Serie A Betano","2020","Coritiba","Internacional","0","1","A","0","0","D","0","1","A"
"24983","09-08-20 00:00","Brazil","Serie A Betano","2020","Fortaleza","Athletico-PR","0","2","A","0","2","A","0","0","D"
"24984","08-12-19 20:00","Brazil","Serie A Betano","2019","Avai","Athletico-PR","0","0","D","0","0","D","0","0","D"
"24985","08-12-19 20:00","Brazil","Serie A Betano","2019","Botafogo RJ","Ceara","1","1","D","1","0","H","0","1","A"
"24986","08-12-19 20:00","Brazil","Serie A Betano","2019","Corinthians","Fluminense","1","2","A","0","2","A","1","0","H"
"24987","08-12-19 20:00","Brazil","Serie A Betano","2019","Cruzeiro","Palmeiras","0","2","A","0","0","D","0","2","A"
"24988","08-12-19 20:00","Brazil","Serie A Betano","2019","CSA","Sao Paulo","1","2","A","1","2","A","0","0","D"
"24989","08-12-19 20:00","Brazil","Serie A Betano","2019","Fortaleza","Bahia","2","1","H","1","1","D","1","0","H"
"24990","08-12-19 20:00","Brazil","Serie A Betano","2019","Goias","Gremio","3","2","H","2","2","D","1","0","H"
"24991","08-12-19 20:00","Brazil","Serie A Betano","2019","Internacional","Atletico-MG","2","1","H","0","1","A","2","0","H"
"24992","08-12-19 20:00","Brazil","Serie A Betano","2019","Santos","Flamengo RJ","4","0","H","2","0","H","2","0","H"
"24993","08-12-19 20:00","Brazil","Serie A Betano","2019","Vasco","Chapecoense-SC","1","1","D","0","0","D","1","1","D"
"24994","06-12-19 00:00","Brazil","Serie A Betano","2019","Flamengo RJ","Avai","6","1","H","3","1","H","3","0","H"
"24995","05-12-19 23:15","Brazil","Serie A Betano","2019","Bahia","Vasco","1","1","D","1","0","H","0","1","A"
"24996","05-12-19 23:15","Brazil","Serie A Betano","2019","Gremio","Cruzeiro","2","0","H","0","0","D","2","0","H"
"24997","05-12-19 23:15","Brazil","Serie A Betano","2019","Palmeiras","Goias","5","1","H","2","1","H","3","0","H"
"24998","05-12-19 01:30","Brazil","Serie A Betano","2019","Fluminense","Fortaleza","0","0","D","0","0","D","0","0","D"
"24999","05-12-19 01:30","Brazil","Serie A Betano","2019","Sao Paulo","Internacional","2","1","H","1","0","H","1","1","D"
"25000","05-12-19 01:00","Brazil","Serie A Betano","2019","Chapecoense-SC","CSA","3","0","H","1","0","H","2","0","H"
"25001","04-12-19 23:30","Brazil","Serie A Betano","2019","Atletico-MG","Botafogo RJ","2","0","H","1","0","H","1","0","H"
"25002","04-12-19 23:30","Brazil","Serie A Betano","2019","Ceara","Corinthians","0","1","A","0","0","D","0","1","A"
"25003","04-12-19 23:00","Brazil","Serie A Betano","2019","Athletico-PR","Santos","1","0","H","0","0","D","1","0","H"
"25004","03-12-19 00:00","Brazil","Serie A Betano","2019","Vasco","Cruzeiro","1","0","H","1","0","H","0","0","D"
"25005","01-12-19 23:00","Brazil","Serie A Betano","2019","Gremio","Sao Paulo","3","0","H","0","0","D","3","0","H"
"25006","01-12-19 23:00","Brazil","Serie A Betano","2019","Santos","Chapecoense-SC","2","0","H","1","0","H","1","0","H"
"25007","01-12-19 22:00","Brazil","Serie A Betano","2019","Atletico-MG","Corinthians","2","1","H","1","1","D","1","0","H"
"25008","01-12-19 22:00","Brazil","Serie A Betano","2019","CSA","Bahia","1","2","A","0","1","A","1","1","D"
"25009","01-12-19 20:00","Brazil","Serie A Betano","2019","Avai","Fluminense","1","1","D","0","1","A","1","0","H"
"25010","01-12-19 20:00","Brazil","Serie A Betano","2019","Goias","Fortaleza","1","2","A","1","2","A","0","0","D"
"25011","01-12-19 20:00","Brazil","Serie A Betano","2019","Palmeiras","Flamengo RJ","1","3","A","0","2","A","1","1","D"
"25012","30-11-19 23:00","Brazil","Serie A Betano","2019","Botafogo RJ","Internacional","0","1","A","0","0","D","0","1","A"
"25013","30-11-19 23:00","Brazil","Serie A Betano","2019","Ceara","Athletico-PR","1","1","D","0","0","D","1","1","D"
"25014","29-11-19 01:30","Brazil","Serie A Betano","2019","Cruzeiro","CSA","0","1","A","0","1","A","0","0","D"
"25015","29-11-19 00:30","Brazil","Serie A Betano","2019","Sao Paulo","Vasco","1","0","H","1","0","H","0","0","D"
"25016","29-11-19 00:00","Brazil","Serie A Betano","2019","Fortaleza","Santos","2","1","H","0","0","D","2","1","H"
"25017","28-11-19 23:30","Brazil","Serie A Betano","2019","Fluminense","Palmeiras","1","0","H","1","0","H","0","0","D"
"25018","28-11-19 01:30","Brazil","Serie A Betano","2019","Athletico-PR","Gremio","2","0","H","1","0","H","1","0","H"
"25019","28-11-19 01:30","Brazil","Serie A Betano","2019","Corinthians","Avai","3","0","H","1","0","H","2","0","H"
"25020","28-11-19 01:30","Brazil","Serie A Betano","2019","Flamengo RJ","Ceara","4","1","H","0","1","A","4","0","H"
"25021","28-11-19 01:00","Brazil","Serie A Betano","2019","Bahia","Atletico-MG","1","1","D","0","0","D","1","1","D"
"25022","27-11-19 23:30","Brazil","Serie A Betano","2019","Chapecoense-SC","Botafogo RJ","0","1","A","0","0","D","0","1","A"
"25023","27-11-19 23:30","Brazil","Serie A Betano","2019","Internacional","Goias","1","2","A","0","1","A","1","1","D"
"25024","26-11-19 00:00","Brazil","Serie A Betano","2019","CSA","Fluminense","0","1","A","0","0","D","0","1","A"
"25025","24-11-19 23:00","Brazil","Serie A Betano","2019","Avai","Chapecoense-SC","0","1","A","0","0","D","0","1","A"
"25026","24-11-19 23:00","Brazil","Serie A Betano","2019","Ceara","Sao Paulo","1","1","D","0","1","A","1","0","H"
"25027","24-11-19 23:00","Brazil","Serie A Betano","2019","Internacional","Fortaleza","2","2","D","1","1","D","1","1","D"
"25028","24-11-19 22:00","Brazil","Serie A Betano","2019","Botafogo RJ","Corinthians","1","0","H","1","0","H","0","0","D"
"25029","24-11-19 20:00","Brazil","Serie A Betano","2019","Atletico-MG","Athletico-PR","0","1","A","0","0","D","0","1","A"
"25030","24-11-19 20:00","Brazil","Serie A Betano","2019","Goias","Bahia","4","3","H","2","0","H","2","3","A"
"25031","24-11-19 20:00","Brazil","Serie A Betano","2019","Palmeiras","Gremio","1","2","A","0","0","D","1","2","A"
"25032","24-11-19 01:00","Brazil","Serie A Betano","2019","Santos","Cruzeiro","4","1","H","1","1","D","3","0","H"
"25033","19-11-19 00:00","Brazil","Serie A Betano","2019","Cruzeiro","Avai","0","0","D","0","0","D","0","0","D"
"25034","18-11-19 23:30","Brazil","Serie A Betano","2019","Vasco","Goias","1","1","D","1","0","H","0","1","A"
"25035","17-11-19 23:00","Brazil","Serie A Betano","2019","Fortaleza","CSA","3","0","H","1","0","H","2","0","H"
"25036","17-11-19 22:00","Brazil","Serie A Betano","2019","Athletico-PR","Botafogo RJ","1","0","H","0","0","D","1","0","H"
"25037","17-11-19 22:00","Brazil","Serie A Betano","2019","Chapecoense-SC","Ceara","1","0","H","0","0","D","1","0","H"
"25038","17-11-19 22:00","Brazil","Serie A Betano","2019","Corinthians","Internacional","0","0","D","0","0","D","0","0","D"
"25039","17-11-19 20:00","Brazil","Serie A Betano","2019","Bahia","Palmeiras","1","1","D","1","0","H","0","1","A"
"25040","17-11-19 20:00","Brazil","Serie A Betano","2019","Gremio","Flamengo RJ","0","1","A","0","1","A","0","0","D"
"25041","16-11-19 23:00","Brazil","Serie A Betano","2019","Fluminense","Atletico-MG","1","1","D","1","0","H","0","1","A"
"25042","16-11-19 21:00","Brazil","Serie A Betano","2019","Santos","Sao Paulo","1","1","D","1","0","H","0","1","A"
"25043","14-11-19 01:30","Brazil","Serie A Betano","2019","Flamengo RJ","Vasco","4","4","D","2","2","D","2","2","D"
"25044","12-11-19 00:00","Brazil","Serie A Betano","2019","Botafogo RJ","Avai","2","0","H","1","0","H","1","0","H"
"25045","10-11-19 23:00","Brazil","Serie A Betano","2019","Chapecoense-SC","Gremio","0","1","A","0","1","A","0","0","D"
"25046","10-11-19 23:00","Brazil","Serie A Betano","2019","CSA","Vasco","0","3","A","0","1","A","0","2","A"
"25047","10-11-19 23:00","Brazil","Serie A Betano","2019","Fortaleza","Ceara","1","0","H","1","0","H","0","0","D"
"25048","10-11-19 22:00","Brazil","Serie A Betano","2019","Flamengo RJ","Bahia","3","1","H","0","1","A","3","0","H"
"25049","10-11-19 20:00","Brazil","Serie A Betano","2019","Cruzeiro","Atletico-MG","0","0","D","0","0","D","0","0","D"
"25050","10-11-19 20:00","Brazil","Serie A Betano","2019","Internacional","Fluminense","2","1","H","2","0","H","0","1","A"
"25051","10-11-19 20:00","Brazil","Serie A Betano","2019","Sao Paulo","Athletico-PR","0","1","A","0","0","D","0","1","A"
"25052","09-11-19 23:00","Brazil","Serie A Betano","2019","Palmeiras","Corinthians","1","1","D","0","0","D","1","1","D"
"25053","09-11-19 21:00","Brazil","Serie A Betano","2019","Goias","Santos","0","3","A","0","1","A","0","2","A"
"25054","08-11-19 01:00","Brazil","Serie A Betano","2019","Gremio","CSA","2","1","H","1","0","H","1","1","D"
"25055","08-11-19 00:00","Brazil","Serie A Betano","2019","Botafogo RJ","Flamengo RJ","0","1","A","0","0","D","0","1","A"
"25056","07-11-19 23:30","Brazil","Serie A Betano","2019","Ceara","Internacional","2","0","H","1","0","H","1","0","H"
"25057","07-11-19 23:30","Brazil","Serie A Betano","2019","Sao Paulo","Fluminense","0","2","A","0","2","A","0","0","D"
"25058","07-11-19 01:30","Brazil","Serie A Betano","2019","Athletico-PR","Cruzeiro","0","0","D","0","0","D","0","0","D"
"25059","07-11-19 01:30","Brazil","Serie A Betano","2019","Bahia","Chapecoense-SC","1","1","D","0","1","A","1","0","H"
"25060","07-11-19 01:30","Brazil","Serie A Betano","2019","Vasco","Palmeiras","1","2","A","1","1","D","0","1","A"
"25061","07-11-19 01:00","Brazil","Serie A Betano","2019","Avai","Santos","1","2","A","1","2","A","0","0","D"
"25062","07-11-19 00:00","Brazil","Serie A Betano","2019","Atletico-MG","Goias","2","0","H","0","0","D","2","0","H"
"25063","06-11-19 23:30","Brazil","Serie A Betano","2019","Corinthians","Fortaleza","3","2","H","1","1","D","2","1","H"
"25064","03-11-19 23:30","Brazil","Serie A Betano","2019","Goias","Avai","2","0","H","0","0","D","2","0","H"
"25065","03-11-19 23:00","Brazil","Serie A Betano","2019","Cruzeiro","Bahia","1","1","D","0","0","D","1","1","D"
"25066","03-11-19 23:00","Brazil","Serie A Betano","2019","Santos","Botafogo RJ","4","1","H","2","1","H","2","0","H"
"25067","03-11-19 22:00","Brazil","Serie A Betano","2019","Athletico-PR","CSA","1","0","H","0","0","D","1","0","H"
"25068","03-11-19 22:00","Brazil","Serie A Betano","2019","Gremio","Internacional","2","0","H","1","0","H","1","0","H"
"25069","03-11-19 20:00","Brazil","Serie A Betano","2019","Flamengo RJ","Corinthians","4","1","H","2","0","H","2","1","H"
"25070","03-11-19 01:00","Brazil","Serie A Betano","2019","Chapecoense-SC","Sao Paulo","0","3","A","0","2","A","0","1","A"
"25071","02-11-19 23:00","Brazil","Serie A Betano","2019","Fluminense","Vasco","0","0","D","0","0","D","0","0","D"
"25072","02-11-19 23:00","Brazil","Serie A Betano","2019","Palmeiras","Ceara","1","0","H","1","0","H","0","0","D"
"25073","02-11-19 21:00","Brazil","Serie A Betano","2019","Fortaleza","Atletico-MG","2","2","D","2","1","H","0","1","A"
"25074","01-11-19 01:30","Brazil","Serie A Betano","2019","Botafogo RJ","Cruzeiro","0","2","A","0","1","A","0","1","A"
"25075","01-11-19 01:30","Brazil","Serie A Betano","2019","Internacional","Athletico-PR","1","1","D","1","1","D","0","0","D"
"25076","01-11-19 00:00","Brazil","Serie A Betano","2019","Goias","Flamengo RJ","2","2","D","0","0","D","2","2","D"
"25077","31-10-19 23:15","Brazil","Serie A Betano","2019","Santos","Bahia","1","0","H","0","0","D","1","0","H"
"25078","31-10-19 01:30","Brazil","Serie A Betano","2019","Ceara","Fluminense","2","0","H","1","0","H","1","0","H"
"25079","31-10-19 01:30","Brazil","Serie A Betano","2019","CSA","Corinthians","2","1","H","1","1","D","1","0","H"
"25080","31-10-19 01:30","Brazil","Serie A Betano","2019","Vasco","Gremio","1","3","A","1","1","D","0","2","A"
"25081","30-10-19 23:30","Brazil","Serie A Betano","2019","Atletico-MG","Chapecoense-SC","0","2","A","0","1","A","0","1","A"
"25082","30-10-19 23:30","Brazil","Serie A Betano","2019","Avai","Fortaleza","1","3","A","0","1","A","1","2","A"
"25083","30-10-19 23:30","Brazil","Serie A Betano","2019","Palmeiras","Sao Paulo","3","0","H","2","0","H","1","0","H"
"25084","27-10-19 23:00","Brazil","Serie A Betano","2019","Flamengo RJ","CSA","1","0","H","1","0","H","0","0","D"
"25085","27-10-19 22:00","Brazil","Serie A Betano","2019","Avai","Palmeiras","1","2","A","0","0","D","1","2","A"
"25086","27-10-19 20:00","Brazil","Serie A Betano","2019","Athletico-PR","Goias","4","1","H","0","1","A","4","0","H"
"25087","27-10-19 20:00","Brazil","Serie A Betano","2019","Gremio","Botafogo RJ","3","0","H","1","0","H","2","0","H"
"25088","27-10-19 20:00","Brazil","Serie A Betano","2019","Sao Paulo","Atletico-MG","2","0","H","0","0","D","2","0","H"
"25089","27-10-19 02:00","Brazil","Serie A Betano","2019","Cruzeiro","Fortaleza","1","1","D","0","0","D","1","1","D"
"25090","27-10-19 00:30","Brazil","Serie A Betano","2019","Fluminense","Chapecoense-SC","1","1","D","0","1","A","1","0","H"
"25091","27-10-19 00:00","Brazil","Serie A Betano","2019","Bahia","Internacional","2","3","A","0","0","D","2","3","A"
"25092","26-10-19 22:00","Brazil","Serie A Betano","2019","Ceara","Vasco","1","1","D","0","1","A","1","0","H"
"25093","26-10-19 22:00","Brazil","Serie A Betano","2019","Corinthians","Santos","0","0","D","0","0","D","0","0","D"
"25094","22-10-19 01:00","Brazil","Serie A Betano","2019","Botafogo RJ","CSA","2","1","H","1","0","H","1","1","D"
"25095","22-10-19 00:30","Brazil","Serie A Betano","2019","Bahia","Ceara","1","2","A","0","0","D","1","2","A"
"25096","21-10-19 00:00","Brazil","Serie A Betano","2019","Athletico-PR","Palmeiras","1","1","D","1","1","D","0","0","D"
"25097","21-10-19 00:00","Brazil","Serie A Betano","2019","Chapecoense-SC","Goias","2","2","D","2","0","H","0","2","A"
"25098","20-10-19 23:00","Brazil","Serie A Betano","2019","Flamengo RJ","Fluminense","2","0","H","1","0","H","1","0","H"
"25099","20-10-19 21:00","Brazil","Serie A Betano","2019","Atletico-MG","Santos","2","0","H","2","0","H","0","0","D"
"25100","20-10-19 21:00","Brazil","Serie A Betano","2019","Internacional","Vasco","0","1","A","0","0","D","0","1","A"
"25101","20-10-19 21:00","Brazil","Serie A Betano","2019","Sao Paulo","Avai","1","0","H","0","0","D","1","0","H"
"25102","20-10-19 00:00","Brazil","Serie A Betano","2019","Corinthians","Cruzeiro","1","2","A","1","1","D","0","1","A"
"25103","19-10-19 22:00","Brazil","Serie A Betano","2019","Fortaleza","Gremio","2","1","H","2","1","H","0","0","D"
"25104","18-10-19 02:00","Brazil","Serie A Betano","2019","Fluminense","Athletico-PR","1","2","A","1","1","D","0","1","A"
"25105","18-10-19 00:15","Brazil","Serie A Betano","2019","Avai","Internacional","0","2","A","0","1","A","0","1","A"
"25106","18-10-19 00:15","Brazil","Serie A Betano","2019","Santos","Ceara","2","1","H","0","1","A","2","0","H"
"25107","17-10-19 02:30","Brazil","Serie A Betano","2019","Goias","Corinthians","2","2","D","1","1","D","1","1","D"
"25108","17-10-19 02:30","Brazil","Serie A Betano","2019","Vasco","Botafogo RJ","2","1","H","2","1","H","0","0","D"
"25109","17-10-19 02:00","Brazil","Serie A Betano","2019","Cruzeiro","Sao Paulo","1","0","H","0","0","D","1","0","H"
"25110","17-10-19 02:00","Brazil","Serie A Betano","2019","Palmeiras","Chapecoense-SC","1","0","H","0","0","D","1","0","H"
"25111","17-10-19 01:00","Brazil","Serie A Betano","2019","Fortaleza","Flamengo RJ","1","2","A","0","0","D","1","2","A"
"25112","17-10-19 00:15","Brazil","Serie A Betano","2019","CSA","Atletico-MG","2","2","D","1","0","H","1","2","A"
"25113","17-10-19 00:15","Brazil","Serie A Betano","2019","Gremio","Bahia","0","1","A","0","0","D","0","1","A"
"25114","14-10-19 00:00","Brazil","Serie A Betano","2019","Atletico-MG","Gremio","1","4","A","1","2","A","0","2","A"
"25115","14-10-19 00:00","Brazil","Serie A Betano","2019","Chapecoense-SC","Cruzeiro","1","1","D","0","1","A","1","0","H"
"25116","13-10-19 23:00","Brazil","Serie A Betano","2019","Sao Paulo","Corinthians","1","0","H","0","0","D","1","0","H"
"25117","13-10-19 21:00","Brazil","Serie A Betano","2019","Athletico-PR","Flamengo RJ","0","2","A","0","1","A","0","1","A"
"25118","13-10-19 21:00","Brazil","Serie A Betano","2019","Ceara","Avai","1","0","H","0","0","D","1","0","H"
"25119","13-10-19 21:00","Brazil","Serie A Betano","2019","Internacional","Santos","0","0","D","0","0","D","0","0","D"
"25120","13-10-19 21:00","Brazil","Serie A Betano","2019","Vasco","Fortaleza","1","0","H","0","0","D","1","0","H"
"25121","13-10-19 02:00","Brazil","Serie A Betano","2019","Palmeiras","Botafogo RJ","1","0","H","1","0","H","0","0","D"
"25122","13-10-19 00:00","Brazil","Serie A Betano","2019","Fluminense","Bahia","2","0","H","2","0","H","0","0","D"
"25123","12-10-19 22:00","Brazil","Serie A Betano","2019","Goias","CSA","1","0","H","1","0","H","0","0","D"
"25124","11-10-19 01:00","Brazil","Serie A Betano","2019","Flamengo RJ","Atletico-MG","3","1","H","1","0","H","2","1","H"
"25125","11-10-19 00:15","Brazil","Serie A Betano","2019","Avai","Vasco","0","0","D","0","0","D","0","0","D"
"25126","11-10-19 00:15","Brazil","Serie A Betano","2019","Corinthians","Athletico-PR","2","2","D","2","2","D","0","0","D"
"25127","10-10-19 02:30","Brazil","Serie A Betano","2019","Cruzeiro","Fluminense","0","0","D","0","0","D","0","0","D"
"25128","10-10-19 02:30","Brazil","Serie A Betano","2019","Santos","Palmeiras","2","0","H","2","0","H","0","0","D"
"25129","10-10-19 02:00","Brazil","Serie A Betano","2019","Bahia","Sao Paulo","0","0","D","0","0","D","0","0","D"
"25130","10-10-19 02:00","Brazil","Serie A Betano","2019","Gremio","Ceara","2","1","H","2","1","H","0","0","D"
"25131","10-10-19 01:30","Brazil","Serie A Betano","2019","Fortaleza","Chapecoense-SC","2","0","H","0","0","D","2","0","H"
"25132","10-10-19 00:15","Brazil","Serie A Betano","2019","Botafogo RJ","Goias","3","1","H","1","0","H","2","1","H"
"25133","10-10-19 00:15","Brazil","Serie A Betano","2019","CSA","Internacional","1","0","H","0","0","D","1","0","H"
"25134","07-10-19 00:00","Brazil","Serie A Betano","2019","CSA","Avai","3","1","H","1","0","H","2","1","H"
"25135","06-10-19 21:00","Brazil","Serie A Betano","2019","Botafogo RJ","Fluminense","0","1","A","0","1","A","0","0","D"
"25136","06-10-19 21:00","Brazil","Serie A Betano","2019","Ceara","Goias","0","1","A","0","1","A","0","0","D"
"25137","06-10-19 21:00","Brazil","Serie A Betano","2019","Palmeiras","Atletico-MG","1","1","D","0","1","A","1","0","H"
"25138","06-10-19 16:00","Brazil","Serie A Betano","2019","Chapecoense-SC","Flamengo RJ","0","1","A","0","1","A","0","0","D"
"25139","06-10-19 02:00","Brazil","Serie A Betano","2019","Cruzeiro","Internacional","1","1","D","0","1","A","1","0","H"
"25140","06-10-19 00:00","Brazil","Serie A Betano","2019","Bahia","Athletico-PR","1","2","A","0","0","D","1","2","A"
"25141","06-10-19 00:00","Brazil","Serie A Betano","2019","Gremio","Corinthians","0","0","D","0","0","D","0","0","D"
"25142","05-10-19 22:00","Brazil","Serie A Betano","2019","Sao Paulo","Fortaleza","2","1","H","1","1","D","1","0","H"
"25143","05-10-19 22:00","Brazil","Serie A Betano","2019","Vasco","Santos","0","1","A","0","0","D","0","1","A"
"25144","03-10-19 00:15","Brazil","Serie A Betano","2019","Atletico-MG","Vasco","1","2","A","0","0","D","1","2","A"
"25145","03-10-19 00:15","Brazil","Serie A Betano","2019","Chapecoense-SC","Corinthians","0","1","A","0","0","D","0","1","A"
"25146","01-10-19 01:00","Brazil","Serie A Betano","2019","Avai","Bahia","0","2","A","0","2","A","0","0","D"
"25147","01-10-19 01:00","Brazil","Serie A Betano","2019","Fortaleza","Botafogo RJ","1","0","H","0","0","D","1","0","H"
"25148","01-10-19 01:00","Brazil","Serie A Betano","2019","Goias","Cruzeiro","1","0","H","0","0","D","1","0","H"
"25149","30-09-19 00:00","Brazil","Serie A Betano","2019","Athletico-PR","Chapecoense-SC","1","1","D","0","1","A","1","0","H"
"25150","30-09-19 00:00","Brazil","Serie A Betano","2019","Atletico-MG","Ceara","2","1","H","0","1","A","2","0","H"
"25151","29-09-19 21:00","Brazil","Serie A Betano","2019","Fluminense","Gremio","2","1","H","1","0","H","1","1","D"
"25152","29-09-19 21:00","Brazil","Serie A Betano","2019","Internacional","Palmeiras","1","1","D","1","0","H","0","1","A"
"25153","29-09-19 21:00","Brazil","Serie A Betano","2019","Santos","CSA","2","0","H","1","0","H","1","0","H"
"25154","29-09-19 16:00","Brazil","Serie A Betano","2019","Corinthians","Vasco","1","0","H","0","0","D","1","0","H"
"25155","29-09-19 00:00","Brazil","Serie A Betano","2019","Flamengo RJ","Sao Paulo","0","0","D","0","0","D","0","0","D"
"25156","27-09-19 02:30","Brazil","Serie A Betano","2019","Athletico-PR","Fortaleza","4","1","H","2","1","H","2","0","H"
"25157","27-09-19 01:00","Brazil","Serie A Betano","2019","Fluminense","Santos","1","1","D","1","1","D","0","0","D"
"25158","27-09-19 01:00","Brazil","Serie A Betano","2019","Gremio","Avai","6","1","H","4","0","H","2","1","H"
"25159","27-09-19 00:15","Brazil","Serie A Betano","2019","Palmeiras","CSA","6","2","H","4","0","H","2","2","D"
"25160","26-09-19 02:30","Brazil","Serie A Betano","2019","Bahia","Botafogo RJ","2","0","H","1","0","H","1","0","H"
"25161","26-09-19 02:30","Brazil","Serie A Betano","2019","Flamengo RJ","Internacional","3","1","H","1","0","H","2","1","H"
"25162","26-09-19 02:30","Brazil","Serie A Betano","2019","Sao Paulo","Goias","0","1","A","0","1","A","0","0","D"
"25163","26-09-19 00:30","Brazil","Serie A Betano","2019","Ceara","Cruzeiro","0","0","D","0","0","D","0","0","D"
"25164","24-09-19 01:00","Brazil","Serie A Betano","2019","Avai","Atletico-MG","1","0","H","1","0","H","0","0","D"
"25165","23-09-19 00:00","Brazil","Serie A Betano","2019","Goias","Fluminense","3","0","H","1","0","H","2","0","H"
"25166","22-09-19 21:00","Brazil","Serie A Betano","2019","CSA","Ceara","1","0","H","0","0","D","1","0","H"
"25167","22-09-19 21:00","Brazil","Serie A Betano","2019","Fortaleza","Palmeiras","0","1","A","0","0","D","0","1","A"
"25168","22-09-19 21:00","Brazil","Serie A Betano","2019","Vasco","Athletico-PR","1","1","D","0","0","D","1","1","D"
"25169","22-09-19 16:00","Brazil","Serie A Betano","2019","Internacional","Chapecoense-SC","1","0","H","0","0","D","1","0","H"
"25170","22-09-19 02:00","Brazil","Serie A Betano","2019","Santos","Gremio","0","3","A","0","0","D","0","3","A"
"25171","22-09-19 00:00","Brazil","Serie A Betano","2019","Corinthians","Bahia","2","1","H","1","0","H","1","1","D"
"25172","21-09-19 22:00","Brazil","Serie A Betano","2019","Cruzeiro","Flamengo RJ","1","2","A","1","1","D","0","1","A"
"25173","21-09-19 16:00","Brazil","Serie A Betano","2019","Botafogo RJ","Sao Paulo","1","2","A","1","1","D","0","1","A"
"25174","16-09-19 00:00","Brazil","Serie A Betano","2019","Sao Paulo","CSA","1","1","D","0","0","D","1","1","D"
"25175","15-09-19 21:00","Brazil","Serie A Betano","2019","Bahia","Fortaleza","1","1","D","1","1","D","0","0","D"
"25176","15-09-19 21:00","Brazil","Serie A Betano","2019","Fluminense","Corinthians","1","0","H","1","0","H","0","0","D"
"25177","15-09-19 21:00","Brazil","Serie A Betano","2019","Gremio","Goias","3","0","H","3","0","H","0","0","D"
"25178","15-09-19 16:00","Brazil","Serie A Betano","2019","Athletico-PR","Avai","0","1","A","0","1","A","0","0","D"
"25179","15-09-19 16:00","Brazil","Serie A Betano","2019","Atletico-MG","Internacional","1","3","A","0","1","A","1","2","A"
"25180","15-09-19 02:00","Brazil","Serie A Betano","2019","Ceara","Botafogo RJ","0","0","D","0","0","D","0","0","D"
"25181","15-09-19 00:00","Brazil","Serie A Betano","2019","Chapecoense-SC","Vasco","1","2","A","0","1","A","1","1","D"
"25182","15-09-19 00:00","Brazil","Serie A Betano","2019","Palmeiras","Cruzeiro","1","0","H","1","0","H","0","0","D"
"25183","14-09-19 22:00","Brazil","Serie A Betano","2019","Flamengo RJ","Santos","1","0","H","1","0","H","0","0","D"
"25184","11-09-19 02:00","Brazil","Serie A Betano","2019","Palmeiras","Fluminense","3","0","H","1","0","H","2","0","H"
"25185","09-09-19 00:00","Brazil","Serie A Betano","2019","CSA","Chapecoense-SC","2","0","H","1","0","H","1","0","H"
"25186","08-09-19 21:00","Brazil","Serie A Betano","2019","Botafogo RJ","Atletico-MG","2","1","H","1","0","H","1","1","D"
"25187","08-09-19 21:00","Brazil","Serie A Betano","2019","Santos","Athletico-PR","1","1","D","0","1","A","1","0","H"
"25188","08-09-19 16:00","Brazil","Serie A Betano","2019","Cruzeiro","Gremio","1","4","A","1","2","A","0","2","A"
"25189","08-09-19 02:00","Brazil","Serie A Betano","2019","Goias","Palmeiras","1","2","A","1","0","H","0","2","A"
"25190","08-09-19 00:00","Brazil","Serie A Betano","2019","Internacional","Sao Paulo","1","0","H","0","0","D","1","0","H"
"25191","07-09-19 22:00","Brazil","Serie A Betano","2019","Avai","Flamengo RJ","0","3","A","0","2","A","0","1","A"
"25192","07-09-19 22:00","Brazil","Serie A Betano","2019","Fortaleza","Fluminense","0","1","A","0","0","D","0","1","A"
"25193","07-09-19 16:00","Brazil","Serie A Betano","2019","Corinthians","Ceara","2","2","D","2","0","H","0","2","A"
"25194","07-09-19 16:00","Brazil","Serie A Betano","2019","Vasco","Bahia","0","2","A","0","0","D","0","2","A"
"25195","03-09-19 01:00","Brazil","Serie A Betano","2019","Fluminense","Avai","0","1","A","0","0","D","0","1","A"
"25196","02-09-19 00:00","Brazil","Serie A Betano","2019","Corinthians","Atletico-MG","1","0","H","0","0","D","1","0","H"
"25197","02-09-19 00:00","Brazil","Serie A Betano","2019","Cruzeiro","Vasco","1","0","H","0","0","D","1","0","H"
"25198","01-09-19 21:00","Brazil","Serie A Betano","2019","Flamengo RJ","Palmeiras","3","0","H","2","0","H","1","0","H"
"25199","01-09-19 21:00","Brazil","Serie A Betano","2019","Fortaleza","Goias","2","0","H","1","0","H","1","0","H"
"25200","01-09-19 02:00","Brazil","Serie A Betano","2019","Internacional","Botafogo RJ","3","2","H","1","0","H","2","2","D"
"25201","01-09-19 00:00","Brazil","Serie A Betano","2019","Athletico-PR","Ceara","1","0","H","1","0","H","0","0","D"
"25202","01-09-19 00:00","Brazil","Serie A Betano","2019","Chapecoense-SC","Santos","0","1","A","0","1","A","0","0","D"
"25203","31-08-19 22:00","Brazil","Serie A Betano","2019","Bahia","CSA","1","0","H","0","0","D","1","0","H"
"25204","31-08-19 16:00","Brazil","Serie A Betano","2019","Sao Paulo","Gremio","0","0","D","0","0","D","0","0","D"
"25205","27-08-19 01:00","Brazil","Serie A Betano","2019","Botafogo RJ","Chapecoense-SC","0","0","D","0","0","D","0","0","D"
"25206","26-08-19 00:00","Brazil","Serie A Betano","2019","Avai","Corinthians","1","1","D","0","0","D","1","1","D"
"25207","26-08-19 00:00","Brazil","Serie A Betano","2019","Ceara","Flamengo RJ","0","3","A","0","2","A","0","1","A"
"25208","26-08-19 00:00","Brazil","Serie A Betano","2019","CSA","Cruzeiro","1","1","D","0","1","A","1","0","H"
"25209","25-08-19 21:00","Brazil","Serie A Betano","2019","Goias","Internacional","2","1","H","0","1","A","2","0","H"
"25210","25-08-19 21:00","Brazil","Serie A Betano","2019","Santos","Fortaleza","3","3","D","3","0","H","0","3","A"
"25211","25-08-19 21:00","Brazil","Serie A Betano","2019","Vasco","Sao Paulo","2","0","H","0","0","D","2","0","H"
"25212","24-08-19 22:00","Brazil","Serie A Betano","2019","Gremio","Athletico-PR","2","1","H","1","0","H","1","1","D"
"25213","24-08-19 16:00","Brazil","Serie A Betano","2019","Atletico-MG","Bahia","0","1","A","0","1","A","0","0","D"
"25214","22-08-19 00:15","Brazil","Serie A Betano","2019","Athletico-PR","Sao Paulo","0","1","A","0","1","A","0","0","D"
"25215","19-08-19 00:00","Brazil","Serie A Betano","2019","Chapecoense-SC","Avai","1","0","H","0","0","D","1","0","H"
"25216","18-08-19 21:00","Brazil","Serie A Betano","2019","Bahia","Goias","1","1","D","0","1","A","1","0","H"
"25217","18-08-19 21:00","Brazil","Serie A Betano","2019","Cruzeiro","Santos","2","0","H","1","0","H","1","0","H"
"25218","18-08-19 21:00","Brazil","Serie A Betano","2019","Fluminense","CSA","0","1","A","0","0","D","0","1","A"
"25219","18-08-19 21:00","Brazil","Serie A Betano","2019","Sao Paulo","Ceara","1","0","H","1","0","H","0","0","D"
"25220","18-08-19 02:00","Brazil","Serie A Betano","2019","Gremio","Palmeiras","1","1","D","0","1","A","1","0","H"
"25221","18-08-19 00:00","Brazil","Serie A Betano","2019","Athletico-PR","Atletico-MG","1","0","H","1","0","H","0","0","D"
"25222","18-08-19 00:00","Brazil","Serie A Betano","2019","Vasco","Flamengo RJ","1","4","A","0","1","A","1","3","A"
"25223","17-08-19 22:00","Brazil","Serie A Betano","2019","Corinthians","Botafogo RJ","2","0","H","1","0","H","1","0","H"
"25224","17-08-19 22:00","Brazil","Serie A Betano","2019","Fortaleza","Internacional","0","1","A","0","0","D","0","1","A"
"25225","13-08-19 01:00","Brazil","Serie A Betano","2019","CSA","Fortaleza","0","2","A","0","2","A","0","0","D"
"25226","12-08-19 00:00","Brazil","Serie A Betano","2019","Goias","Vasco","0","1","A","0","1","A","0","0","D"
"25227","11-08-19 21:00","Brazil","Serie A Betano","2019","Avai","Cruzeiro","2","2","D","1","0","H","1","2","A"
"25228","11-08-19 21:00","Brazil","Serie A Betano","2019","Botafogo RJ","Athletico-PR","2","1","H","1","1","D","1","0","H"
"25229","11-08-19 21:00","Brazil","Serie A Betano","2019","Palmeiras","Bahia","2","2","D","1","0","H","1","2","A"
"25230","11-08-19 16:00","Brazil","Serie A Betano","2019","Internacional","Corinthians","0","0","D","0","0","D","0","0","D"
"25231","11-08-19 02:00","Brazil","Serie A Betano","2019","Atletico-MG","Fluminense","2","1","H","1","0","H","1","1","D"
"25232","11-08-19 00:00","Brazil","Serie A Betano","2019","Flamengo RJ","Gremio","3","1","H","1","1","D","2","0","H"
"25233","10-08-19 22:00","Brazil","Serie A Betano","2019","Ceara","Chapecoense-SC","4","1","H","1","0","H","3","1","H"
"25234","10-08-19 22:00","Brazil","Serie A Betano","2019","Sao Paulo","Santos","3","2","H","0","1","A","3","1","H"
"25235","08-08-19 00:15","Brazil","Serie A Betano","2019","Corinthians","Goias","2","0","H","1","0","H","1","0","H"
"25236","06-08-19 01:00","Brazil","Serie A Betano","2019","Gremio","Chapecoense-SC","3","3","D","2","2","D","1","1","D"
"25237","05-08-19 00:00","Brazil","Serie A Betano","2019","Atletico-MG","Cruzeiro","2","0","H","1","0","H","1","0","H"
"25238","05-08-19 00:00","Brazil","Serie A Betano","2019","Corinthians","Palmeiras","1","1","D","1","0","H","0","1","A"
"25239","05-08-19 00:00","Brazil","Serie A Betano","2019","Vasco","CSA","0","0","D","0","0","D","0","0","D"
"25240","04-08-19 21:00","Brazil","Serie A Betano","2019","Avai","Botafogo RJ","0","2","A","0","1","A","0","1","A"
"25241","04-08-19 21:00","Brazil","Serie A Betano","2019","Bahia","Flamengo RJ","3","0","H","3","0","H","0","0","D"
"25242","04-08-19 16:00","Brazil","Serie A Betano","2019","Santos","Goias","6","1","H","3","0","H","3","1","H"
"25243","04-08-19 00:00","Brazil","Serie A Betano","2019","Ceara","Fortaleza","2","1","H","2","1","H","0","0","D"
"25244","04-08-19 00:00","Brazil","Serie A Betano","2019","Fluminense","Internacional","2","1","H","0","0","D","2","1","H"
"25245","30-07-19 01:00","Brazil","Serie A Betano","2019","CSA","Gremio","0","0","D","0","0","D","0","0","D"
"25246","29-07-19 00:00","Brazil","Serie A Betano","2019","Fortaleza","Corinthians","1","3","A","1","0","H","0","3","A"
"25247","29-07-19 00:00","Brazil","Serie A Betano","2019","Goias","Atletico-MG","0","0","D","0","0","D","0","0","D"
"25248","28-07-19 21:00","Brazil","Serie A Betano","2019","Flamengo RJ","Botafogo RJ","3","2","H","1","1","D","2","1","H"
"25249","28-07-19 21:00","Brazil","Serie A Betano","2019","Santos","Avai","3","1","H","2","1","H","1","0","H"
"25250","28-07-19 16:00","Brazil","Serie A Betano","2019","Chapecoense-SC","Bahia","0","0","D","0","0","D","0","0","D"
"25251","28-07-19 00:00","Brazil","Serie A Betano","2019","Cruzeiro","Athletico-PR","0","2","A","0","1","A","0","1","A"
"25252","28-07-19 00:00","Brazil","Serie A Betano","2019","Fluminense","Sao Paulo","1","2","A","1","1","D","0","1","A"
"25253","28-07-19 00:00","Brazil","Serie A Betano","2019","Internacional","Ceara","1","0","H","1","0","H","0","0","D"
"25254","27-07-19 22:00","Brazil","Serie A Betano","2019","Palmeiras","Vasco","1","1","D","1","1","D","0","0","D"
"25255","23-07-19 01:00","Brazil","Serie A Betano","2019","Sao Paulo","Chapecoense-SC","4","0","H","0","0","D","4","0","H"
"25256","22-07-19 00:00","Brazil","Serie A Betano","2019","Avai","Goias","0","0","D","0","0","D","0","0","D"
"25257","21-07-19 21:00","Brazil","Serie A Betano","2019","Atletico-MG","Fortaleza","2","2","D","2","0","H","0","2","A"
"25258","21-07-19 21:00","Brazil","Serie A Betano","2019","Corinthians","Flamengo RJ","1","1","D","0","0","D","1","1","D"
"25259","21-07-19 16:00","Brazil","Serie A Betano","2019","Botafogo RJ","Santos","0","1","A","0","0","D","0","1","A"
"25260","21-07-19 00:00","Brazil","Serie A Betano","2019","Ceara","Palmeiras","2","0","H","1","0","H","1","0","H"
"25261","21-07-19 00:00","Brazil","Serie A Betano","2019","CSA","Athletico-PR","0","4","A","0","1","A","0","3","A"
"25262","21-07-19 00:00","Brazil","Serie A Betano","2019","Internacional","Gremio","1","1","D","1","0","H","0","1","A"
"25263","20-07-19 22:00","Brazil","Serie A Betano","2019","Bahia","Cruzeiro","0","0","D","0","0","D","0","0","D"
"25264","20-07-19 16:00","Brazil","Serie A Betano","2019","Vasco","Fluminense","2","1","H","0","1","A","2","0","H"
"25265","16-07-19 01:00","Brazil","Serie A Betano","2019","Fluminense","Ceara","1","1","D","1","1","D","0","0","D"
"25266","15-07-19 00:00","Brazil","Serie A Betano","2019","Chapecoense-SC","Atletico-MG","1","2","A","1","0","H","0","2","A"
"25267","14-07-19 21:00","Brazil","Serie A Betano","2019","Athletico-PR","Internacional","1","0","H","0","0","D","1","0","H"
"25268","14-07-19 21:00","Brazil","Serie A Betano","2019","Corinthians","CSA","1","0","H","0","0","D","1","0","H"
"25269","14-07-19 21:00","Brazil","Serie A Betano","2019","Cruzeiro","Botafogo RJ","0","0","D","0","0","D","0","0","D"
"25270","14-07-19 16:00","Brazil","Serie A Betano","2019","Flamengo RJ","Goias","6","1","H","4","1","H","2","0","H"
"25271","14-07-19 00:00","Brazil","Serie A Betano","2019","Bahia","Santos","0","1","A","0","0","D","0","1","A"
"25272","14-07-19 00:00","Brazil","Serie A Betano","2019","Sao Paulo","Palmeiras","1","1","D","1","0","H","0","1","A"
"25273","13-07-19 22:00","Brazil","Serie A Betano","2019","Fortaleza","Avai","2","0","H","1","0","H","1","0","H"
"25274","13-07-19 22:00","Brazil","Serie A Betano","2019","Gremio","Vasco","2","1","H","0","1","A","2","0","H"
"25275","14-06-19 01:00","Brazil","Serie A Betano","2019","Atletico-MG","Sao Paulo","1","1","D","1","0","H","0","1","A"
"25276","14-06-19 01:00","Brazil","Serie A Betano","2019","Chapecoense-SC","Fluminense","1","1","D","1","0","H","0","1","A"
"25277","14-06-19 01:00","Brazil","Serie A Betano","2019","Goias","Athletico-PR","2","1","H","2","0","H","0","1","A"
"25278","14-06-19 01:00","Brazil","Serie A Betano","2019","Palmeiras","Avai","2","0","H","1","0","H","1","0","H"
"25279","14-06-19 00:15","Brazil","Serie A Betano","2019","Vasco","Ceara","1","0","H","0","0","D","1","0","H"
"25280","13-06-19 02:30","Brazil","Serie A Betano","2019","CSA","Flamengo RJ","0","2","A","0","0","D","0","2","A"
"25281","13-06-19 02:30","Brazil","Serie A Betano","2019","Internacional","Bahia","3","1","H","1","0","H","2","1","H"
"25282","13-06-19 02:30","Brazil","Serie A Betano","2019","Santos","Corinthians","1","0","H","0","0","D","1","0","H"
"25283","13-06-19 02:00","Brazil","Serie A Betano","2019","Fortaleza","Cruzeiro","2","1","H","2","1","H","0","0","D"
"25284","13-06-19 00:15","Brazil","Serie A Betano","2019","Botafogo RJ","Gremio","0","1","A","0","0","D","0","1","A"
"25285","11-06-19 01:00","Brazil","Serie A Betano","2019","Goias","Chapecoense-SC","3","1","H","1","1","D","2","0","H"
"25286","10-06-19 00:00","Brazil","Serie A Betano","2019","CSA","Botafogo RJ","1","2","A","0","0","D","1","2","A"
"25287","10-06-19 00:00","Brazil","Serie A Betano","2019","Fluminense","Flamengo RJ","0","0","D","0","0","D","0","0","D"
"25288","10-06-19 00:00","Brazil","Serie A Betano","2019","Santos","Atletico-MG","3","1","H","2","0","H","1","1","D"
"25289","09-06-19 02:00","Brazil","Serie A Betano","2019","Avai","Sao Paulo","0","0","D","0","0","D","0","0","D"
"25290","09-06-19 00:30","Brazil","Serie A Betano","2019","Ceara","Bahia","0","0","D","0","0","D","0","0","D"
"25291","09-06-19 00:00","Brazil","Serie A Betano","2019","Cruzeiro","Corinthians","0","0","D","0","0","D","0","0","D"
"25292","09-06-19 00:00","Brazil","Serie A Betano","2019","Gremio","Fortaleza","1","0","H","0","0","D","1","0","H"
"25293","08-06-19 21:30","Brazil","Serie A Betano","2019","Palmeiras","Athletico-PR","1","0","H","0","0","D","1","0","H"
"25294","08-06-19 01:30","Brazil","Serie A Betano","2019","Vasco","Internacional","2","1","H","2","0","H","0","1","A"
"25295","03-06-19 00:00","Brazil","Serie A Betano","2019","Atletico-MG","CSA","4","0","H","2","0","H","2","0","H"
"25296","03-06-19 00:00","Brazil","Serie A Betano","2019","Chapecoense-SC","Palmeiras","1","2","A","1","2","A","0","0","D"
"25297","03-06-19 00:00","Brazil","Serie A Betano","2019","Internacional","Avai","2","0","H","0","0","D","2","0","H"
"25298","02-06-19 21:00","Brazil","Serie A Betano","2019","Athletico-PR","Fluminense","3","0","H","2","0","H","1","0","H"
"25299","02-06-19 21:00","Brazil","Serie A Betano","2019","Ceara","Santos","0","1","A","0","0","D","0","1","A"
"25300","02-06-19 21:00","Brazil","Serie A Betano","2019","Sao Paulo","Cruzeiro","1","1","D","1","0","H","0","1","A"
"25301","02-06-19 16:00","Brazil","Serie A Betano","2019","Botafogo RJ","Vasco","1","0","H","0","0","D","1","0","H"
"25302","02-06-19 00:00","Brazil","Serie A Betano","2019","Bahia","Gremio","1","0","H","0","0","D","1","0","H"
"25303","01-06-19 21:00","Brazil","Serie A Betano","2019","Flamengo RJ","Fortaleza","2","0","H","1","0","H","1","0","H"
"25304","28-05-19 01:00","Brazil","Serie A Betano","2019","Avai","Ceara","1","2","A","1","0","H","0","2","A"
"25305","28-05-19 01:00","Brazil","Serie A Betano","2019","CSA","Goias","1","0","H","0","0","D","1","0","H"
"25306","27-05-19 00:00","Brazil","Serie A Betano","2019","Bahia","Fluminense","3","2","H","2","1","H","1","1","D"
"25307","27-05-19 00:00","Brazil","Serie A Betano","2019","Corinthians","Sao Paulo","1","0","H","1","0","H","0","0","D"
"25308","27-05-19 00:00","Brazil","Serie A Betano","2019","Cruzeiro","Chapecoense-SC","1","2","A","0","0","D","1","2","A"
"25309","27-05-19 00:00","Brazil","Serie A Betano","2019","Fortaleza","Vasco","1","1","D","0","0","D","1","1","D"
"25310","26-05-19 21:00","Brazil","Serie A Betano","2019","Flamengo RJ","Athletico-PR","3","2","H","1","0","H","2","2","D"
"25311","26-05-19 21:00","Brazil","Serie A Betano","2019","Santos","Internacional","0","0","D","0","0","D","0","0","D"
"25312","26-05-19 00:00","Brazil","Serie A Betano","2019","Gremio","Atletico-MG","1","0","H","0","0","D","1","0","H"
"25313","25-05-19 21:00","Brazil","Serie A Betano","2019","Botafogo RJ","Palmeiras","0","1","A","0","0","D","0","1","A"
"25314","20-05-19 00:00","Brazil","Serie A Betano","2019","Ceara","Gremio","2","1","H","2","1","H","0","0","D"
"25315","20-05-19 00:00","Brazil","Serie A Betano","2019","Vasco","Avai","1","1","D","0","0","D","1","1","D"
"25316","19-05-19 21:00","Brazil","Serie A Betano","2019","Athletico-PR","Corinthians","0","2","A","0","1","A","0","1","A"
"25317","19-05-19 21:00","Brazil","Serie A Betano","2019","Chapecoense-SC","Fortaleza","1","3","A","1","1","D","0","2","A"
"25318","19-05-19 21:00","Brazil","Serie A Betano","2019","Goias","Botafogo RJ","1","0","H","0","0","D","1","0","H"
"25319","19-05-19 21:00","Brazil","Serie A Betano","2019","Internacional","CSA","2","0","H","1","0","H","1","0","H"
"25320","19-05-19 16:00","Brazil","Serie A Betano","2019","Sao Paulo","Bahia","0","0","D","0","0","D","0","0","D"
"25321","19-05-19 00:00","Brazil","Serie A Betano","2019","Atletico-MG","Flamengo RJ","2","1","H","1","1","D","1","0","H"
"25322","19-05-19 00:00","Brazil","Serie A Betano","2019","Palmeiras","Santos","4","0","H","2","0","H","2","0","H"
"25323","18-05-19 23:00","Brazil","Serie A Betano","2019","Fluminense","Cruzeiro","4","1","H","1","0","H","3","1","H"
"25324","13-05-19 00:00","Brazil","Serie A Betano","2019","Athletico-PR","Bahia","1","0","H","1","0","H","0","0","D"
"25325","13-05-19 00:00","Brazil","Serie A Betano","2019","Avai","CSA","0","0","D","0","0","D","0","0","D"
"25326","13-05-19 00:00","Brazil","Serie A Betano","2019","Fortaleza","Sao Paulo","0","1","A","0","0","D","0","1","A"
"25327","12-05-19 21:00","Brazil","Serie A Betano","2019","Atletico-MG","Palmeiras","0","2","A","0","1","A","0","1","A"
"25328","12-05-19 21:00","Brazil","Serie A Betano","2019","Internacional","Cruzeiro","3","1","H","1","1","D","2","0","H"
"25329","12-05-19 21:00","Brazil","Serie A Betano","2019","Santos","Vasco","3","0","H","2","0","H","1","0","H"
"25330","12-05-19 16:00","Brazil","Serie A Betano","2019","Flamengo RJ","Chapecoense-SC","2","1","H","1","0","H","1","1","D"
"25331","12-05-19 02:00","Brazil","Serie A Betano","2019","Goias","Ceara","2","1","H","1","0","H","1","1","D"
"25332","12-05-19 00:00","Brazil","Serie A Betano","2019","Corinthians","Gremio","0","0","D","0","0","D","0","0","D"
"25333","11-05-19 21:00","Brazil","Serie A Betano","2019","Fluminense","Botafogo RJ","0","1","A","0","0","D","0","1","A"
"25334","06-05-19 00:00","Brazil","Serie A Betano","2019","Bahia","Avai","1","0","H","1","0","H","0","0","D"
"25335","06-05-19 00:00","Brazil","Serie A Betano","2019","Gremio","Fluminense","4","5","A","3","2","H","1","3","A"
"25336","05-05-19 21:00","Brazil","Serie A Betano","2019","Botafogo RJ","Fortaleza","1","0","H","0","0","D","1","0","H"
"25337","05-05-19 21:00","Brazil","Serie A Betano","2019","Cruzeiro","Goias","2","1","H","0","0","D","2","1","H"
"25338","05-05-19 21:00","Brazil","Serie A Betano","2019","CSA","Santos","0","0","D","0","0","D","0","0","D"
"25339","05-05-19 21:00","Brazil","Serie A Betano","2019","Sao Paulo","Flamengo RJ","1","1","D","0","1","A","1","0","H"
"25340","05-05-19 16:00","Brazil","Serie A Betano","2019","Chapecoense-SC","Athletico-PR","1","1","D","0","0","D","1","1","D"
"25341","05-05-19 02:00","Brazil","Serie A Betano","2019","Ceara","Atletico-MG","1","2","A","1","1","D","0","1","A"
"25342","05-05-19 00:00","Brazil","Serie A Betano","2019","Palmeiras","Internacional","1","0","H","1","0","H","0","0","D"
"25343","05-05-19 00:00","Brazil","Serie A Betano","2019","Vasco","Corinthians","1","1","D","1","1","D","0","0","D"
"25344","03-05-19 01:00","Brazil","Serie A Betano","2019","Botafogo RJ","Bahia","3","2","H","3","1","H","0","1","A"
"25345","03-05-19 00:15","Brazil","Serie A Betano","2019","Santos","Fluminense","2","1","H","0","0","D","2","1","H"
"25346","02-05-19 02:30","Brazil","Serie A Betano","2019","Fortaleza","Athletico-PR","2","1","H","1","1","D","1","0","H"
"25347","02-05-19 02:30","Brazil","Serie A Betano","2019","Goias","Sao Paulo","1","2","A","1","2","A","0","0","D"
"25348","02-05-19 02:30","Brazil","Serie A Betano","2019","Vasco","Atletico-MG","1","2","A","0","0","D","1","2","A"
"25349","02-05-19 00:15","Brazil","Serie A Betano","2019","Avai","Gremio","1","1","D","0","1","A","1","0","H"
"25350","02-05-19 00:15","Brazil","Serie A Betano","2019","Cruzeiro","Ceara","1","0","H","0","0","D","1","0","H"
"25351","01-05-19 21:00","Brazil","Serie A Betano","2019","Corinthians","Chapecoense-SC","1","0","H","0","0","D","1","0","H"
"25352","01-05-19 21:00","Brazil","Serie A Betano","2019","CSA","Palmeiras","1","1","D","0","1","A","1","0","H"
"25353","01-05-19 21:00","Brazil","Serie A Betano","2019","Internacional","Flamengo RJ","2","1","H","1","0","H","1","1","D"
"25354","29-04-19 00:00","Brazil","Serie A Betano","2019","Fluminense","Goias","0","1","A","0","0","D","0","1","A"
"25355","29-04-19 00:00","Brazil","Serie A Betano","2019","Palmeiras","Fortaleza","4","0","H","1","0","H","3","0","H"
"25356","28-04-19 21:00","Brazil","Serie A Betano","2019","Athletico-PR","Vasco","4","1","H","2","0","H","2","1","H"
"25357","28-04-19 21:00","Brazil","Serie A Betano","2019","Bahia","Corinthians","3","2","H","1","1","D","2","1","H"
"25358","28-04-19 21:00","Brazil","Serie A Betano","2019","Ceara","CSA","4","0","H","2","0","H","2","0","H"
"25359","28-04-19 16:00","Brazil","Serie A Betano","2019","Gremio","Santos","1","2","A","0","2","A","1","0","H"
"25360","28-04-19 02:00","Brazil","Serie A Betano","2019","Flamengo RJ","Cruzeiro","3","1","H","1","1","D","2","0","H"
"25361","28-04-19 00:00","Brazil","Serie A Betano","2019","Atletico-MG","Avai","2","1","H","1","0","H","1","1","D"
"25362","28-04-19 00:00","Brazil","Serie A Betano","2019","Chapecoense-SC","Internacional","2","0","H","1","0","H","1","0","H"
"25363","27-04-19 21:00","Brazil","Serie A Betano","2019","Sao Paulo","Botafogo RJ","2","0","H","1","0","H","1","0","H"
"25364","02-12-18 20:00","Brazil","Serie A Betano","2018","Bahia","Cruzeiro","0","0","D","0","0","D","0","0","D"
"25365","02-12-18 20:00","Brazil","Serie A Betano","2018","Ceara","Vasco","0","0","D","0","0","D","0","0","D"
"25366","02-12-18 20:00","Brazil","Serie A Betano","2018","Chapecoense-SC","Sao Paulo","1","0","H","0","0","D","1","0","H"
"25367","02-12-18 20:00","Brazil","Serie A Betano","2018","Fluminense","America MG","1","0","H","1","0","H","0","0","D"
"25368","02-12-18 20:00","Brazil","Serie A Betano","2018","Gremio","Corinthians","1","0","H","1","0","H","0","0","D"
"25369","02-12-18 20:00","Brazil","Serie A Betano","2018","Palmeiras","Vitoria","3","2","H","1","0","H","2","2","D"
"25370","02-12-18 20:00","Brazil","Serie A Betano","2018","Parana","Internacional","1","1","D","0","0","D","1","1","D"
"25371","02-12-18 20:00","Brazil","Serie A Betano","2018","Sport Recife","Santos","2","1","H","0","0","D","2","1","H"
"25372","01-12-18 22:00","Brazil","Serie A Betano","2018","Atletico-MG","Botafogo RJ","1","0","H","1","0","H","0","0","D"
"25373","01-12-18 22:00","Brazil","Serie A Betano","2018","Flamengo RJ","Athletico-PR","1","2","A","1","0","H","0","2","A"
"25374","26-11-18 23:00","Brazil","Serie A Betano","2018","Botafogo RJ","Parana","2","1","H","1","0","H","1","1","D"
"25375","26-11-18 23:00","Brazil","Serie A Betano","2018","Sao Paulo","Sport Recife","0","0","D","0","0","D","0","0","D"
"25376","25-11-18 22:00","Brazil","Serie A Betano","2018","America MG","Bahia","1","0","H","0","0","D","1","0","H"
"25377","25-11-18 22:00","Brazil","Serie A Betano","2018","Corinthians","Chapecoense-SC","0","0","D","0","0","D","0","0","D"
"25378","25-11-18 22:00","Brazil","Serie A Betano","2018","Internacional","Fluminense","2","0","H","0","0","D","2","0","H"
"25379","25-11-18 20:00","Brazil","Serie A Betano","2018","Athletico-PR","Ceara","2","2","D","0","1","A","2","1","H"
"25380","25-11-18 20:00","Brazil","Serie A Betano","2018","Cruzeiro","Flamengo RJ","0","2","A","0","1","A","0","1","A"
"25381","25-11-18 20:00","Brazil","Serie A Betano","2018","Vasco","Palmeiras","0","1","A","0","0","D","0","1","A"
"25382","25-11-18 20:00","Brazil","Serie A Betano","2018","Vitoria","Gremio","0","0","D","0","0","D","0","0","D"
"25383","24-11-18 23:00","Brazil","Serie A Betano","2018","Santos","Atletico-MG","3","2","H","3","1","H","0","1","A"
"25384","23-11-18 00:00","Brazil","Serie A Betano","2018","Bahia","Fluminense","2","0","H","0","0","D","2","0","H"
"25385","23-11-18 00:00","Brazil","Serie A Betano","2018","Ceara","Parana","1","0","H","1","0","H","0","0","D"
"25386","23-11-18 00:00","Brazil","Serie A Betano","2018","Chapecoense-SC","Sport Recife","2","1","H","2","0","H","0","1","A"
"25387","22-11-18 23:00","Brazil","Serie A Betano","2018","Vasco","Sao Paulo","2","0","H","1","0","H","1","0","H"
"25388","22-11-18 00:45","Brazil","Serie A Betano","2018","Athletico-PR","Corinthians","1","0","H","0","0","D","1","0","H"
"25389","22-11-18 00:45","Brazil","Serie A Betano","2018","Cruzeiro","Vitoria","3","0","H","1","0","H","2","0","H"
"25390","22-11-18 00:45","Brazil","Serie A Betano","2018","Flamengo RJ","Gremio","2","0","H","0","0","D","2","0","H"
"25391","22-11-18 00:45","Brazil","Serie A Betano","2018","Palmeiras","America MG","4","0","H","0","0","D","4","0","H"
"25392","22-11-18 00:00","Brazil","Serie A Betano","2018","Santos","Botafogo RJ","1","1","D","1","0","H","0","1","A"
"25393","21-11-18 22:30","Brazil","Serie A Betano","2018","Internacional","Atletico-MG","1","2","A","0","1","A","1","1","D"
"25394","19-11-18 23:00","Brazil","Serie A Betano","2018","Fluminense","Ceara","0","0","D","0","0","D","0","0","D"
"25395","18-11-18 22:00","Brazil","Serie A Betano","2018","Gremio","Chapecoense-SC","2","0","H","1","0","H","1","0","H"
"25396","18-11-18 22:00","Brazil","Serie A Betano","2018","Sao Paulo","Cruzeiro","1","0","H","1","0","H","0","0","D"
"25397","18-11-18 20:00","Brazil","Serie A Betano","2018","America MG","Santos","2","1","H","1","1","D","1","0","H"
"25398","18-11-18 20:00","Brazil","Serie A Betano","2018","Botafogo RJ","Internacional","1","0","H","1","0","H","0","0","D"
"25399","18-11-18 20:00","Brazil","Serie A Betano","2018","Parana","Palmeiras","1","1","D","1","0","H","0","1","A"
"25400","18-11-18 20:00","Brazil","Serie A Betano","2018","Sport Recife","Flamengo RJ","0","1","A","0","0","D","0","1","A"
"25401","18-11-18 00:00","Brazil","Serie A Betano","2018","Atletico-MG","Bahia","1","0","H","0","0","D","1","0","H"
"25402","17-11-18 22:00","Brazil","Serie A Betano","2018","Corinthians","Vasco","1","0","H","0","0","D","1","0","H"
"25403","17-11-18 22:00","Brazil","Serie A Betano","2018","Vitoria","Athletico-PR","1","2","A","0","1","A","1","1","D"
"25404","16-11-18 00:00","Brazil","Serie A Betano","2018","Internacional","America MG","2","0","H","2","0","H","0","0","D"
"25405","15-11-18 22:00","Brazil","Serie A Betano","2018","Sao Paulo","Gremio","1","1","D","0","0","D","1","1","D"
"25406","15-11-18 20:00","Brazil","Serie A Betano","2018","Chapecoense-SC","Botafogo RJ","0","1","A","0","0","D","0","1","A"
"25407","15-11-18 20:00","Brazil","Serie A Betano","2018","Flamengo RJ","Santos","1","0","H","0","0","D","1","0","H"
"25408","15-11-18 00:45","Brazil","Serie A Betano","2018","Cruzeiro","Corinthians","1","0","H","1","0","H","0","0","D"
"25409","15-11-18 00:45","Brazil","Serie A Betano","2018","Palmeiras","Fluminense","3","0","H","1","0","H","2","0","H"
"25410","15-11-18 00:45","Brazil","Serie A Betano","2018","Sport Recife","Vitoria","0","0","D","0","0","D","0","0","D"
"25411","15-11-18 00:00","Brazil","Serie A Betano","2018","Bahia","Ceara","2","1","H","1","1","D","1","0","H"
"25412","15-11-18 00:00","Brazil","Serie A Betano","2018","Parana","Atletico-MG","0","1","A","0","1","A","0","0","D"
"25413","14-11-18 22:30","Brazil","Serie A Betano","2018","Vasco","Athletico-PR","1","1","D","0","0","D","1","1","D"
"25414","12-11-18 23:00","Brazil","Serie A Betano","2018","Santos","Chapecoense-SC","0","1","A","0","1","A","0","0","D"
"25415","11-11-18 22:00","Brazil","Serie A Betano","2018","Fluminense","Sport Recife","0","0","D","0","0","D","0","0","D"
"25416","11-11-18 20:00","Brazil","Serie A Betano","2018","Atletico-MG","Palmeiras","1","1","D","0","0","D","1","1","D"
"25417","11-11-18 20:00","Brazil","Serie A Betano","2018","Ceara","Internacional","1","1","D","1","1","D","0","0","D"
"25418","11-11-18 20:00","Brazil","Serie A Betano","2018","Gremio","Vasco","2","1","H","1","1","D","1","0","H"
"25419","11-11-18 20:00","Brazil","Serie A Betano","2018","Vitoria","Bahia","2","2","D","1","1","D","1","1","D"
"25420","10-11-18 22:00","Brazil","Serie A Betano","2018","Athletico-PR","Cruzeiro","2","0","H","2","0","H","0","0","D"
"25421","10-11-18 22:00","Brazil","Serie A Betano","2018","Botafogo RJ","Flamengo RJ","2","1","H","2","0","H","0","1","A"
"25422","10-11-18 20:00","Brazil","Serie A Betano","2018","America MG","Parana","0","1","A","0","0","D","0","1","A"
"25423","10-11-18 20:00","Brazil","Serie A Betano","2018","Corinthians","Sao Paulo","1","1","D","0","0","D","1","1","D"
"25424","05-11-18 23:00","Brazil","Serie A Betano","2018","Sport Recife","Ceara","1","0","H","0","0","D","1","0","H"
"25425","04-11-18 22:00","Brazil","Serie A Betano","2018","Bahia","Chapecoense-SC","1","0","H","0","0","D","1","0","H"
"25426","04-11-18 22:00","Brazil","Serie A Betano","2018","Internacional","Athletico-PR","2","1","H","0","0","D","2","1","H"
"25427","04-11-18 20:00","Brazil","Serie A Betano","2018","America MG","Cruzeiro","1","2","A","0","1","A","1","1","D"
"25428","04-11-18 20:00","Brazil","Serie A Betano","2018","Botafogo RJ","Corinthians","1","0","H","1","0","H","0","0","D"
"25429","04-11-18 20:00","Brazil","Serie A Betano","2018","Parana","Vitoria","1","1","D","0","0","D","1","1","D"
"25430","04-11-18 20:00","Brazil","Serie A Betano","2018","Sao Paulo","Flamengo RJ","2","2","D","1","1","D","1","1","D"
"25431","03-11-18 23:00","Brazil","Serie A Betano","2018","Palmeiras","Santos","3","2","H","2","0","H","1","2","A"
"25432","03-11-18 21:00","Brazil","Serie A Betano","2018","Atletico-MG","Gremio","0","1","A","0","1","A","0","0","D"
"25433","03-11-18 21:00","Brazil","Serie A Betano","2018","Fluminense","Vasco","0","1","A","0","0","D","0","1","A"
"25434","30-10-18 00:00","Brazil","Serie A Betano","2018","Ceara","Atletico-MG","2","1","H","1","1","D","1","0","H"
"25435","28-10-18 02:00","Brazil","Serie A Betano","2018","Athletico-PR","Botafogo RJ","2","1","H","0","1","A","2","0","H"
"25436","28-10-18 02:00","Brazil","Serie A Betano","2018","Cruzeiro","Parana","3","1","H","2","1","H","1","0","H"
"25437","28-10-18 00:00","Brazil","Serie A Betano","2018","Chapecoense-SC","America MG","1","0","H","0","0","D","1","0","H"
"25438","28-10-18 00:00","Brazil","Serie A Betano","2018","Corinthians","Bahia","2","1","H","0","0","D","2","1","H"
"25439","28-10-18 00:00","Brazil","Serie A Betano","2018","Flamengo RJ","Palmeiras","1","1","D","0","0","D","1","1","D"
"25440","27-10-18 21:30","Brazil","Serie A Betano","2018","Gremio","Sport Recife","3","4","A","1","2","A","2","2","D"
"25441","27-10-18 21:30","Brazil","Serie A Betano","2018","Santos","Fluminense","3","0","H","0","0","D","3","0","H"
"25442","27-10-18 02:30","Brazil","Serie A Betano","2018","Vasco","Internacional","1","1","D","0","0","D","1","1","D"
"25443","27-10-18 00:30","Brazil","Serie A Betano","2018","Vitoria","Sao Paulo","0","1","A","0","1","A","0","0","D"
"25444","25-10-18 00:30","Brazil","Serie A Betano","2018","Cruzeiro","Ceara","0","2","A","0","0","D","0","2","A"
"25445","23-10-18 01:00","Brazil","Serie A Betano","2018","Internacional","Santos","2","2","D","1","0","H","1","2","A"
"25446","22-10-18 00:00","Brazil","Serie A Betano","2018","Cruzeiro","Chapecoense-SC","3","0","H","3","0","H","0","0","D"
"25447","22-10-18 00:00","Brazil","Serie A Betano","2018","Parana","Flamengo RJ","0","4","A","0","1","A","0","3","A"
"25448","21-10-18 21:00","Brazil","Serie A Betano","2018","Fluminense","Atletico-MG","1","0","H","0","0","D","1","0","H"
"25449","21-10-18 21:00","Brazil","Serie A Betano","2018","Palmeiras","Ceara","2","1","H","2","0","H","0","1","A"
"25450","21-10-18 21:00","Brazil","Serie A Betano","2018","Vitoria","Corinthians","2","2","D","1","1","D","1","1","D"
"25451","21-10-18 00:00","Brazil","Serie A Betano","2018","Sao Paulo","Athletico-PR","0","0","D","0","0","D","0","0","D"
"25452","21-10-18 00:00","Brazil","Serie A Betano","2018","Sport Recife","Vasco","2","1","H","1","1","D","1","0","H"
"25453","20-10-18 21:00","Brazil","Serie A Betano","2018","America MG","Gremio","1","1","D","1","0","H","0","1","A"
"25454","20-10-18 21:00","Brazil","Serie A Betano","2018","Botafogo RJ","Bahia","0","1","A","0","0","D","0","1","A"
"25455","16-10-18 01:00","Brazil","Serie A Betano","2018","Ceara","Botafogo RJ","0","0","D","0","0","D","0","0","D"
"25456","15-10-18 00:00","Brazil","Serie A Betano","2018","Athletico-PR","Sport Recife","4","0","H","0","0","D","4","0","H"
"25457","15-10-18 00:00","Brazil","Serie A Betano","2018","Atletico-MG","America MG","0","0","D","0","0","D","0","0","D"
"25458","14-10-18 21:00","Brazil","Serie A Betano","2018","Internacional","Sao Paulo","3","1","H","1","1","D","2","0","H"
"25459","14-10-18 21:00","Brazil","Serie A Betano","2018","Palmeiras","Gremio","2","0","H","1","0","H","1","0","H"
"25460","14-10-18 21:00","Brazil","Serie A Betano","2018","Vasco","Cruzeiro","2","0","H","0","0","D","2","0","H"
"25461","14-10-18 16:00","Brazil","Serie A Betano","2018","Chapecoense-SC","Vitoria","0","1","A","0","1","A","0","0","D"
"25462","14-10-18 02:00","Brazil","Serie A Betano","2018","Bahia","Parana","2","0","H","0","0","D","2","0","H"
"25463","14-10-18 00:00","Brazil","Serie A Betano","2018","Santos","Corinthians","1","0","H","1","0","H","0","0","D"
"25464","13-10-18 22:00","Brazil","Serie A Betano","2018","Flamengo RJ","Fluminense","3","0","H","2","0","H","1","0","H"
"25465","10-10-18 02:00","Brazil","Serie A Betano","2018","Botafogo RJ","Vasco","1","1","D","1","1","D","0","0","D"
"25466","09-10-18 01:00","Brazil","Serie A Betano","2018","Fluminense","Parana","4","0","H","2","0","H","2","0","H"
"25467","07-10-18 02:00","Brazil","Serie A Betano","2018","Gremio","Bahia","2","2","D","0","1","A","2","1","H"
"25468","06-10-18 23:00","Brazil","Serie A Betano","2018","Sao Paulo","Palmeiras","0","2","A","0","2","A","0","0","D"
"25469","06-10-18 21:00","Brazil","Serie A Betano","2018","Athletico-PR","America MG","4","0","H","2","0","H","2","0","H"
"25470","06-10-18 21:00","Brazil","Serie A Betano","2018","Chapecoense-SC","Atletico-MG","1","0","H","0","0","D","1","0","H"
"25471","06-10-18 02:30","Brazil","Serie A Betano","2018","Vitoria","Santos","0","1","A","0","1","A","0","0","D"
"25472","06-10-18 02:00","Brazil","Serie A Betano","2018","Corinthians","Flamengo RJ","0","3","A","0","0","D","0","3","A"
"25473","06-10-18 00:00","Brazil","Serie A Betano","2018","Sport Recife","Internacional","2","1","H","0","0","D","2","1","H"
"25474","02-10-18 01:00","Brazil","Serie A Betano","2018","Parana","Vasco","1","1","D","1","1","D","0","0","D"
"25475","01-10-18 00:00","Brazil","Serie A Betano","2018","Ceara","Chapecoense-SC","3","1","H","0","1","A","3","0","H"
"25476","30-09-18 21:00","Brazil","Serie A Betano","2018","Atletico-MG","Sport Recife","5","2","H","4","1","H","1","1","D"
"25477","30-09-18 21:00","Brazil","Serie A Betano","2018","Botafogo RJ","Sao Paulo","2","2","D","2","1","H","0","1","A"
"25478","30-09-18 21:00","Brazil","Serie A Betano","2018","Internacional","Vitoria","2","1","H","0","1","A","2","0","H"
"25479","30-09-18 21:00","Brazil","Serie A Betano","2018","Santos","Athletico-PR","1","0","H","0","0","D","1","0","H"
"25480","30-09-18 16:00","Brazil","Serie A Betano","2018","Palmeiras","Cruzeiro","3","1","H","2","1","H","1","0","H"
"25481","30-09-18 02:00","Brazil","Serie A Betano","2018","Bahia","Flamengo RJ","0","0","D","0","0","D","0","0","D"
"25482","30-09-18 00:00","Brazil","Serie A Betano","2018","America MG","Corinthians","0","0","D","0","0","D","0","0","D"
"25483","29-09-18 21:00","Brazil","Serie A Betano","2018","Fluminense","Gremio","0","1","A","0","0","D","0","1","A"
"25484","28-09-18 01:00","Brazil","Serie A Betano","2018","Santos","Vasco","1","1","D","1","0","H","0","1","A"
"25485","25-09-18 01:00","Brazil","Serie A Betano","2018","Chapecoense-SC","Fluminense","1","2","A","0","2","A","1","0","H"
"25486","25-09-18 01:00","Brazil","Serie A Betano","2018","Vasco","Bahia","2","1","H","1","1","D","1","0","H"
"25487","24-09-18 00:00","Brazil","Serie A Betano","2018","Cruzeiro","Santos","2","1","H","0","1","A","2","0","H"
"25488","23-09-18 23:00","Brazil","Serie A Betano","2018","Sport Recife","Palmeiras","0","1","A","0","0","D","0","1","A"
"25489","23-09-18 23:00","Brazil","Serie A Betano","2018","Vitoria","Botafogo RJ","3","4","A","1","2","A","2","2","D"
"25490","23-09-18 21:00","Brazil","Serie A Betano","2018","Athletico-PR","Parana","3","0","H","2","0","H","1","0","H"
"25491","23-09-18 21:00","Brazil","Serie A Betano","2018","Corinthians","Internacional","1","1","D","0","1","A","1","0","H"
"25492","23-09-18 21:00","Brazil","Serie A Betano","2018","Flamengo RJ","Atletico-MG","2","1","H","1","1","D","1","0","H"
"25493","23-09-18 16:00","Brazil","Serie A Betano","2018","Gremio","Ceara","3","2","H","2","2","D","1","0","H"
"25494","22-09-18 21:00","Brazil","Serie A Betano","2018","Sao Paulo","America MG","1","1","D","1","0","H","0","1","A"
"25495","18-09-18 01:00","Brazil","Serie A Betano","2018","Chapecoense-SC","Internacional","2","1","H","1","1","D","1","0","H"
"25496","17-09-18 00:00","Brazil","Serie A Betano","2018","Corinthians","Sport Recife","2","1","H","0","1","A","2","0","H"
"25497","16-09-18 21:00","Brazil","Serie A Betano","2018","Athletico-PR","Fluminense","3","1","H","2","0","H","1","1","D"
"25498","16-09-18 21:00","Brazil","Serie A Betano","2018","Bahia","Palmeiras","1","1","D","1","0","H","0","1","A"
"25499","16-09-18 21:00","Brazil","Serie A Betano","2018","Cruzeiro","Atletico-MG","0","0","D","0","0","D","0","0","D"
"25500","16-09-18 21:00","Brazil","Serie A Betano","2018","Santos","Sao Paulo","0","0","D","0","0","D","0","0","D"
"25501","16-09-18 16:00","Brazil","Serie A Betano","2018","Botafogo RJ","America MG","1","0","H","1","0","H","0","0","D"
"25502","16-09-18 00:00","Brazil","Serie A Betano","2018","Vasco","Flamengo RJ","1","1","D","1","0","H","0","1","A"
"25503","15-09-18 21:00","Brazil","Serie A Betano","2018","Ceara","Vitoria","2","0","H","1","0","H","1","0","H"
"25504","15-09-18 21:00","Brazil","Serie A Betano","2018","Gremio","Parana","2","0","H","0","0","D","2","0","H"
"25505","14-09-18 01:00","Brazil","Serie A Betano","2018","Chapecoense-SC","Athletico-PR","2","1","H","0","0","D","2","1","H"
"25506","11-09-18 01:00","Brazil","Serie A Betano","2018","Atletico-MG","Athletico-PR","3","1","H","1","1","D","2","0","H"
"25507","10-09-18 00:00","Brazil","Serie A Betano","2018","Parana","Santos","0","2","A","0","0","D","0","2","A"
"25508","10-09-18 00:00","Brazil","Serie A Betano","2018","Vitoria","Vasco","1","0","H","0","0","D","1","0","H"
"25509","09-09-18 21:00","Brazil","Serie A Betano","2018","America MG","Ceara","0","0","D","0","0","D","0","0","D"
"25510","09-09-18 21:00","Brazil","Serie A Betano","2018","Fluminense","Botafogo RJ","1","0","H","1","0","H","0","0","D"
"25511","09-09-18 21:00","Brazil","Serie A Betano","2018","Internacional","Gremio","1","0","H","0","0","D","1","0","H"
"25512","09-09-18 21:00","Brazil","Serie A Betano","2018","Palmeiras","Corinthians","1","0","H","0","0","D","1","0","H"
"25513","09-09-18 02:00","Brazil","Serie A Betano","2018","Flamengo RJ","Chapecoense-SC","2","0","H","1","0","H","1","0","H"
"25514","09-09-18 00:00","Brazil","Serie A Betano","2018","Sao Paulo","Bahia","1","0","H","0","0","D","1","0","H"
"25515","08-09-18 21:00","Brazil","Serie A Betano","2018","Sport Recife","Cruzeiro","0","0","D","0","0","D","0","0","D"
"25516","07-09-18 01:00","Brazil","Serie A Betano","2018","America MG","Vasco","2","1","H","1","0","H","1","1","D"
"25517","07-09-18 00:00","Brazil","Serie A Betano","2018","Fluminense","Vitoria","0","0","D","0","0","D","0","0","D"
"25518","07-09-18 00:00","Brazil","Serie A Betano","2018","Santos","Gremio","0","0","D","0","0","D","0","0","D"
"25519","06-09-18 02:45","Brazil","Serie A Betano","2018","Atletico-MG","Sao Paulo","1","0","H","1","0","H","0","0","D"
"25520","06-09-18 02:45","Brazil","Serie A Betano","2018","Internacional","Flamengo RJ","2","1","H","1","0","H","1","1","D"
"25521","06-09-18 02:00","Brazil","Serie A Betano","2018","Palmeiras","Athletico-PR","2","0","H","0","0","D","2","0","H"
"25522","06-09-18 02:00","Brazil","Serie A Betano","2018","Parana","Chapecoense-SC","1","1","D","1","0","H","0","1","A"
"25523","06-09-18 01:00","Brazil","Serie A Betano","2018","Ceara","Corinthians","2","1","H","1","0","H","1","1","D"
"25524","06-09-18 00:30","Brazil","Serie A Betano","2018","Bahia","Sport Recife","2","0","H","0","0","D","2","0","H"
"25525","06-09-18 00:30","Brazil","Serie A Betano","2018","Botafogo RJ","Cruzeiro","1","1","D","1","1","D","0","0","D"
"25526","03-09-18 00:00","Brazil","Serie A Betano","2018","Chapecoense-SC","Palmeiras","1","2","A","0","1","A","1","1","D"
"25527","03-09-18 00:00","Brazil","Serie A Betano","2018","Cruzeiro","Internacional","0","0","D","0","0","D","0","0","D"
"25528","02-09-18 21:00","Brazil","Serie A Betano","2018","Athletico-PR","Bahia","2","0","H","0","0","D","2","0","H"
"25529","02-09-18 21:00","Brazil","Serie A Betano","2018","Sao Paulo","Fluminense","1","1","D","0","0","D","1","1","D"
"25530","02-09-18 21:00","Brazil","Serie A Betano","2018","Sport Recife","Parana","1","0","H","1","0","H","0","0","D"
"25531","02-09-18 16:00","Brazil","Serie A Betano","2018","Flamengo RJ","Ceara","0","1","A","0","0","D","0","1","A"
"25532","02-09-18 02:00","Brazil","Serie A Betano","2018","Corinthians","Atletico-MG","1","1","D","1","1","D","0","0","D"
"25533","02-09-18 00:00","Brazil","Serie A Betano","2018","Vasco","Santos","0","3","A","0","1","A","0","2","A"
"25534","01-09-18 21:00","Brazil","Serie A Betano","2018","Gremio","Botafogo RJ","4","0","H","2","0","H","2","0","H"
"25535","01-09-18 21:00","Brazil","Serie A Betano","2018","Vitoria","America MG","1","0","H","0","0","D","1","0","H"
"25536","30-08-18 00:30","Brazil","Serie A Betano","2018","Athletico-PR","Vasco","1","0","H","0","0","D","1","0","H"
"25537","30-08-18 00:30","Brazil","Serie A Betano","2018","Ceara","Bahia","0","2","A","0","1","A","0","1","A"
"25538","27-08-18 00:00","Brazil","Serie A Betano","2018","Vasco","Chapecoense-SC","3","1","H","0","0","D","3","1","H"
"25539","26-08-18 21:00","Brazil","Serie A Betano","2018","America MG","Flamengo RJ","2","2","D","1","1","D","1","1","D"
"25540","26-08-18 21:00","Brazil","Serie A Betano","2018","Internacional","Palmeiras","0","0","D","0","0","D","0","0","D"
"25541","26-08-18 21:00","Brazil","Serie A Betano","2018","Vitoria","Atletico-MG","1","0","H","0","0","D","1","0","H"
"25542","26-08-18 16:00","Brazil","Serie A Betano","2018","Sao Paulo","Ceara","1","0","H","0","0","D","1","0","H"
"25543","26-08-18 02:00","Brazil","Serie A Betano","2018","Botafogo RJ","Sport Recife","2","0","H","0","0","D","2","0","H"
"25544","26-08-18 02:00","Brazil","Serie A Betano","2018","Cruzeiro","Fluminense","2","1","H","1","1","D","1","0","H"
"25545","26-08-18 00:00","Brazil","Serie A Betano","2018","Athletico-PR","Gremio","2","1","H","1","1","D","1","0","H"
"25546","26-08-18 00:00","Brazil","Serie A Betano","2018","Corinthians","Parana","1","0","H","1","0","H","0","0","D"
"25547","25-08-18 21:00","Brazil","Serie A Betano","2018","Santos","Bahia","2","0","H","0","0","D","2","0","H"
"25548","24-08-18 01:00","Brazil","Serie A Betano","2018","Atletico-MG","Vasco","0","0","D","0","0","D","0","0","D"
"25549","24-08-18 00:30","Brazil","Serie A Betano","2018","Flamengo RJ","Vitoria","1","0","H","1","0","H","0","0","D"
"25550","23-08-18 02:45","Brazil","Serie A Betano","2018","Fluminense","Corinthians","1","0","H","1","0","H","0","0","D"
"25551","23-08-18 02:45","Brazil","Serie A Betano","2018","Gremio","Cruzeiro","1","1","D","0","1","A","1","0","H"
"25552","23-08-18 02:00","Brazil","Serie A Betano","2018","Palmeiras","Botafogo RJ","2","0","H","0","0","D","2","0","H"
"25553","23-08-18 02:00","Brazil","Serie A Betano","2018","Sport Recife","America MG","0","2","A","0","0","D","0","2","A"
"25554","23-08-18 00:30","Brazil","Serie A Betano","2018","Bahia","Internacional","0","1","A","0","1","A","0","0","D"
"25555","23-08-18 00:30","Brazil","Serie A Betano","2018","Parana","Sao Paulo","1","1","D","1","1","D","0","0","D"
"25556","21-08-18 01:00","Brazil","Serie A Betano","2018","Vasco","Ceara","1","1","D","0","0","D","1","1","D"
"25557","20-08-18 00:00","Brazil","Serie A Betano","2018","America MG","Fluminense","0","0","D","0","0","D","0","0","D"
"25558","20-08-18 00:00","Brazil","Serie A Betano","2018","Sao Paulo","Chapecoense-SC","2","0","H","1","0","H","1","0","H"
"25559","19-08-18 21:00","Brazil","Serie A Betano","2018","Botafogo RJ","Atletico-MG","0","3","A","0","0","D","0","3","A"
"25560","19-08-18 21:00","Brazil","Serie A Betano","2018","Cruzeiro","Bahia","1","1","D","0","0","D","1","1","D"
"25561","19-08-18 21:00","Brazil","Serie A Betano","2018","Vitoria","Palmeiras","0","3","A","0","2","A","0","1","A"
"25562","19-08-18 16:00","Brazil","Serie A Betano","2018","Athletico-PR","Flamengo RJ","3","0","H","3","0","H","0","0","D"
"25563","19-08-18 16:00","Brazil","Serie A Betano","2018","Internacional","Parana","1","0","H","0","0","D","1","0","H"
"25564","19-08-18 00:00","Brazil","Serie A Betano","2018","Corinthians","Gremio","0","1","A","0","0","D","0","1","A"
"25565","18-08-18 21:00","Brazil","Serie A Betano","2018","Santos","Sport Recife","3","0","H","1","0","H","2","0","H"
"25566","14-08-18 01:00","Brazil","Serie A Betano","2018","Fluminense","Internacional","0","3","A","0","3","A","0","0","D"
"25567","13-08-18 00:00","Brazil","Serie A Betano","2018","Gremio","Vitoria","4","0","H","2","0","H","2","0","H"
"25568","13-08-18 00:00","Brazil","Serie A Betano","2018","Palmeiras","Vasco","1","0","H","0","0","D","1","0","H"
"25569","12-08-18 21:00","Brazil","Serie A Betano","2018","Chapecoense-SC","Corinthians","2","1","H","0","1","A","2","0","H"
"25570","12-08-18 21:00","Brazil","Serie A Betano","2018","Flamengo RJ","Cruzeiro","1","0","H","1","0","H","0","0","D"
"25571","12-08-18 21:00","Brazil","Serie A Betano","2018","Sport Recife","Sao Paulo","1","3","A","0","1","A","1","2","A"
"25572","12-08-18 16:00","Brazil","Serie A Betano","2018","Atletico-MG","Santos","3","1","H","1","1","D","2","0","H"
"25573","12-08-18 16:00","Brazil","Serie A Betano","2018","Parana","Botafogo RJ","1","1","D","0","0","D","1","1","D"
"25574","12-08-18 00:00","Brazil","Serie A Betano","2018","Bahia","America MG","1","0","H","0","0","D","1","0","H"
"25575","11-08-18 21:00","Brazil","Serie A Betano","2018","Ceara","Athletico-PR","0","0","D","0","0","D","0","0","D"
"25576","09-08-18 00:30","Brazil","Serie A Betano","2018","Ceara","Santos","1","1","D","0","0","D","1","1","D"
"25577","07-08-18 01:00","Brazil","Serie A Betano","2018","Atletico-MG","Internacional","0","1","A","0","0","D","0","1","A"
"25578","06-08-18 00:00","Brazil","Serie A Betano","2018","Fluminense","Bahia","1","1","D","1","0","H","0","1","A"
"25579","06-08-18 00:00","Brazil","Serie A Betano","2018","Sport Recife","Chapecoense-SC","1","1","D","0","1","A","1","0","H"
"25580","05-08-18 21:00","Brazil","Serie A Betano","2018","America MG","Palmeiras","0","0","D","0","0","D","0","0","D"
"25581","05-08-18 21:00","Brazil","Serie A Betano","2018","Parana","Ceara","0","1","A","0","1","A","0","0","D"
"25582","05-08-18 21:00","Brazil","Serie A Betano","2018","Sao Paulo","Vasco","2","1","H","1","0","H","1","1","D"
"25583","05-08-18 21:00","Brazil","Serie A Betano","2018","Vitoria","Cruzeiro","1","1","D","0","0","D","1","1","D"
"25584","05-08-18 02:00","Brazil","Serie A Betano","2018","Corinthians","Athletico-PR","0","0","D","0","0","D","0","0","D"
"25585","05-08-18 00:00","Brazil","Serie A Betano","2018","Gremio","Flamengo RJ","2","0","H","1","0","H","1","0","H"
"25586","04-08-18 21:00","Brazil","Serie A Betano","2018","Botafogo RJ","Santos","0","0","D","0","0","D","0","0","D"
"25587","31-07-18 01:00","Brazil","Serie A Betano","2018","Bahia","Atletico-MG","2","2","D","0","1","A","2","1","H"
"25588","30-07-18 00:00","Brazil","Serie A Betano","2018","Chapecoense-SC","Gremio","1","1","D","0","1","A","1","0","H"
"25589","30-07-18 00:00","Brazil","Serie A Betano","2018","Santos","America MG","0","1","A","0","1","A","0","0","D"
"25590","29-07-18 21:00","Brazil","Serie A Betano","2018","Athletico-PR","Vitoria","4","0","H","3","0","H","1","0","H"
"25591","29-07-18 21:00","Brazil","Serie A Betano","2018","Cruzeiro","Sao Paulo","0","2","A","0","1","A","0","1","A"
"25592","29-07-18 21:00","Brazil","Serie A Betano","2018","Flamengo RJ","Sport Recife","4","1","H","1","1","D","3","0","H"
"25593","29-07-18 21:00","Brazil","Serie A Betano","2018","Internacional","Botafogo RJ","3","0","H","2","0","H","1","0","H"
"25594","29-07-18 16:00","Brazil","Serie A Betano","2018","Palmeiras","Parana","3","0","H","2","0","H","1","0","H"
"25595","29-07-18 16:00","Brazil","Serie A Betano","2018","Vasco","Corinthians","1","4","A","1","0","H","0","4","A"
"25596","28-07-18 21:00","Brazil","Serie A Betano","2018","Ceara","Fluminense","1","0","H","1","0","H","0","0","D"
"25597","27-07-18 01:00","Brazil","Serie A Betano","2018","America MG","Internacional","2","1","H","2","0","H","0","1","A"
"25598","27-07-18 00:30","Brazil","Serie A Betano","2018","Botafogo RJ","Chapecoense-SC","1","0","H","0","0","D","1","0","H"
"25599","27-07-18 00:30","Brazil","Serie A Betano","2018","Gremio","Sao Paulo","2","1","H","1","1","D","1","0","H"
"25600","27-07-18 00:30","Brazil","Serie A Betano","2018","Vitoria","Sport Recife","1","0","H","0","0","D","1","0","H"
"25601","26-07-18 02:45","Brazil","Serie A Betano","2018","Corinthians","Cruzeiro","2","0","H","0","0","D","2","0","H"
"25602","26-07-18 02:45","Brazil","Serie A Betano","2018","Santos","Flamengo RJ","1","1","D","1","1","D","0","0","D"
"25603","26-07-18 02:00","Brazil","Serie A Betano","2018","Atletico-MG","Parana","2","0","H","1","0","H","1","0","H"
"25604","26-07-18 00:30","Brazil","Serie A Betano","2018","Fluminense","Palmeiras","1","0","H","1","0","H","0","0","D"
"25605","24-07-18 01:00","Brazil","Serie A Betano","2018","Internacional","Ceara","1","0","H","0","0","D","1","0","H"
"25606","23-07-18 00:00","Brazil","Serie A Betano","2018","Chapecoense-SC","Santos","0","0","D","0","0","D","0","0","D"
"25607","23-07-18 00:00","Brazil","Serie A Betano","2018","Cruzeiro","Athletico-PR","2","1","H","0","1","A","2","0","H"
"25608","22-07-18 21:00","Brazil","Serie A Betano","2018","Bahia","Vitoria","4","1","H","2","0","H","2","1","H"
"25609","22-07-18 21:00","Brazil","Serie A Betano","2018","Palmeiras","Atletico-MG","3","2","H","1","0","H","2","2","D"
"25610","22-07-18 21:00","Brazil","Serie A Betano","2018","Parana","America MG","1","0","H","1","0","H","0","0","D"
"25611","22-07-18 21:00","Brazil","Serie A Betano","2018","Sport Recife","Fluminense","1","2","A","1","1","D","0","1","A"
"25612","22-07-18 21:00","Brazil","Serie A Betano","2018","Vasco","Gremio","1","0","H","1","0","H","0","0","D"
"25613","22-07-18 02:00","Brazil","Serie A Betano","2018","Sao Paulo","Corinthians","3","1","H","0","0","D","3","1","H"
"25614","22-07-18 00:00","Brazil","Serie A Betano","2018","Flamengo RJ","Botafogo RJ","2","0","H","2","0","H","0","0","D"
"25615","20-07-18 02:00","Brazil","Serie A Betano","2018","Athletico-PR","Internacional","2","2","D","1","1","D","1","1","D"
"25616","20-07-18 01:00","Brazil","Serie A Betano","2018","Santos","Palmeiras","1","1","D","0","1","A","1","0","H"
"25617","20-07-18 01:00","Brazil","Serie A Betano","2018","Vasco","Fluminense","1","1","D","0","0","D","1","1","D"
"25618","20-07-18 00:30","Brazil","Serie A Betano","2018","Chapecoense-SC","Bahia","1","1","D","0","0","D","1","1","D"
"25619","20-07-18 00:30","Brazil","Serie A Betano","2018","Cruzeiro","America MG","3","1","H","1","1","D","2","0","H"
"25620","19-07-18 02:45","Brazil","Serie A Betano","2018","Corinthians","Botafogo RJ","2","0","H","1","0","H","1","0","H"
"25621","19-07-18 02:45","Brazil","Serie A Betano","2018","Flamengo RJ","Sao Paulo","0","1","A","0","0","D","0","1","A"
"25622","19-07-18 02:45","Brazil","Serie A Betano","2018","Gremio","Atletico-MG","2","0","H","0","0","D","2","0","H"
"25623","19-07-18 02:00","Brazil","Serie A Betano","2018","Vitoria","Parana","1","0","H","1","0","H","0","0","D"
"25624","19-07-18 00:30","Brazil","Serie A Betano","2018","Ceara","Sport Recife","1","0","H","0","0","D","1","0","H"
"25625","14-06-18 02:45","Brazil","Serie A Betano","2018","Atletico-MG","Ceara","2","1","H","0","0","D","2","1","H"
"25626","14-06-18 02:45","Brazil","Serie A Betano","2018","Bahia","Corinthians","1","0","H","0","0","D","1","0","H"
"25627","14-06-18 02:45","Brazil","Serie A Betano","2018","Internacional","Vasco","3","1","H","2","0","H","1","1","D"
"25628","14-06-18 02:00","Brazil","Serie A Betano","2018","Botafogo RJ","Athletico-PR","2","0","H","1","0","H","1","0","H"
"25629","14-06-18 02:00","Brazil","Serie A Betano","2018","Palmeiras","Flamengo RJ","1","1","D","1","0","H","0","1","A"
"25630","14-06-18 00:30","Brazil","Serie A Betano","2018","Parana","Cruzeiro","1","1","D","0","0","D","1","1","D"
"25631","14-06-18 00:30","Brazil","Serie A Betano","2018","Sport Recife","Gremio","0","0","D","0","0","D","0","0","D"
"25632","14-06-18 00:00","Brazil","Serie A Betano","2018","Fluminense","Santos","0","1","A","0","0","D","0","1","A"
"25633","13-06-18 21:00","Brazil","Serie A Betano","2018","America MG","Chapecoense-SC","0","0","D","0","0","D","0","0","D"
"25634","13-06-18 02:30","Brazil","Serie A Betano","2018","Sao Paulo","Vitoria","3","0","H","2","0","H","1","0","H"
"25635","11-06-18 00:00","Brazil","Serie A Betano","2018","Flamengo RJ","Parana","2","0","H","1","0","H","1","0","H"
"25636","11-06-18 00:00","Brazil","Serie A Betano","2018","Santos","Internacional","1","2","A","0","1","A","1","1","D"
"25637","10-06-18 21:00","Brazil","Serie A Betano","2018","Atletico-MG","Fluminense","5","2","H","2","2","D","3","0","H"
"25638","10-06-18 21:00","Brazil","Serie A Betano","2018","Bahia","Botafogo RJ","3","3","D","1","1","D","2","2","D"
"25639","10-06-18 21:00","Brazil","Serie A Betano","2018","Ceara","Palmeiras","2","2","D","1","2","A","1","0","H"
"25640","10-06-18 21:00","Brazil","Serie A Betano","2018","Gremio","America MG","1","0","H","1","0","H","0","0","D"
"25641","10-06-18 02:00","Brazil","Serie A Betano","2018","Corinthians","Vitoria","0","0","D","0","0","D","0","0","D"
"25642","10-06-18 00:00","Brazil","Serie A Betano","2018","Chapecoense-SC","Cruzeiro","2","0","H","0","0","D","2","0","H"
"25643","10-06-18 00:00","Brazil","Serie A Betano","2018","Vasco","Sport Recife","3","2","H","2","1","H","1","1","D"
"25644","09-06-18 21:00","Brazil","Serie A Betano","2018","Athletico-PR","Sao Paulo","0","1","A","0","0","D","0","1","A"
"25645","08-06-18 02:00","Brazil","Serie A Betano","2018","America MG","Atletico-MG","1","3","A","0","2","A","1","1","D"
"25646","08-06-18 01:00","Brazil","Serie A Betano","2018","Fluminense","Flamengo RJ","0","2","A","0","1","A","0","1","A"
"25647","08-06-18 01:00","Brazil","Serie A Betano","2018","Parana","Bahia","1","0","H","0","0","D","1","0","H"
"25648","07-06-18 02:45","Brazil","Serie A Betano","2018","Cruzeiro","Vasco","1","1","D","0","1","A","1","0","H"
"25649","07-06-18 02:45","Brazil","Serie A Betano","2018","Gremio","Palmeiras","0","2","A","0","0","D","0","2","A"
"25650","07-06-18 02:00","Brazil","Serie A Betano","2018","Corinthians","Santos","1","1","D","0","0","D","1","1","D"
"25651","07-06-18 02:00","Brazil","Serie A Betano","2018","Sport Recife","Athletico-PR","1","0","H","0","0","D","1","0","H"
"25652","07-06-18 00:30","Brazil","Serie A Betano","2018","Botafogo RJ","Ceara","0","0","D","0","0","D","0","0","D"
"25653","07-06-18 00:30","Brazil","Serie A Betano","2018","Vitoria","Chapecoense-SC","1","0","H","0","0","D","1","0","H"
"25654","06-06-18 02:30","Brazil","Serie A Betano","2018","Sao Paulo","Internacional","0","0","D","0","0","D","0","0","D"
"25655","05-06-18 01:00","Brazil","Serie A Betano","2018","Parana","Fluminense","2","1","H","0","0","D","2","1","H"
"25656","04-06-18 00:00","Brazil","Serie A Betano","2018","Ceara","Cruzeiro","0","1","A","0","1","A","0","0","D"
"25657","03-06-18 21:00","Brazil","Serie A Betano","2018","America MG","Athletico-PR","3","1","H","1","1","D","2","0","H"
"25658","03-06-18 21:00","Brazil","Serie A Betano","2018","Bahia","Gremio","0","2","A","0","1","A","0","1","A"
"25659","03-06-18 21:00","Brazil","Serie A Betano","2018","Flamengo RJ","Corinthians","1","0","H","0","0","D","1","0","H"
"25660","03-06-18 21:00","Brazil","Serie A Betano","2018","Santos","Vitoria","5","2","H","4","0","H","1","2","A"
"25661","03-06-18 02:00","Brazil","Serie A Betano","2018","Palmeiras","Sao Paulo","3","1","H","0","1","A","3","0","H"
"25662","03-06-18 00:00","Brazil","Serie A Betano","2018","Vasco","Botafogo RJ","1","2","A","0","2","A","1","0","H"
"25663","02-06-18 21:00","Brazil","Serie A Betano","2018","Atletico-MG","Chapecoense-SC","3","3","D","2","2","D","1","1","D"
"25664","02-06-18 21:00","Brazil","Serie A Betano","2018","Internacional","Sport Recife","0","0","D","0","0","D","0","0","D"
"25665","01-06-18 02:00","Brazil","Serie A Betano","2018","Athletico-PR","Santos","2","0","H","1","0","H","1","0","H"
"25666","31-05-18 23:00","Brazil","Serie A Betano","2018","Corinthians","America MG","1","0","H","0","0","D","1","0","H"
"25667","31-05-18 21:00","Brazil","Serie A Betano","2018","Flamengo RJ","Bahia","2","0","H","2","0","H","0","0","D"
"25668","31-05-18 02:45","Brazil","Serie A Betano","2018","Cruzeiro","Palmeiras","1","0","H","0","0","D","1","0","H"
"25669","31-05-18 02:45","Brazil","Serie A Betano","2018","Gremio","Fluminense","0","0","D","0","0","D","0","0","D"
"25670","31-05-18 02:00","Brazil","Serie A Betano","2018","Chapecoense-SC","Ceara","2","0","H","0","0","D","2","0","H"
"25671","31-05-18 02:00","Brazil","Serie A Betano","2018","Sao Paulo","Botafogo RJ","3","2","H","3","1","H","0","1","A"
"25672","31-05-18 00:30","Brazil","Serie A Betano","2018","Sport Recife","Atletico-MG","3","2","H","1","0","H","2","2","D"
"25673","31-05-18 00:30","Brazil","Serie A Betano","2018","Vasco","Parana","1","0","H","1","0","H","0","0","D"
"25674","31-05-18 00:30","Brazil","Serie A Betano","2018","Vitoria","Internacional","2","3","A","1","2","A","1","1","D"
"25675","28-05-18 00:00","Brazil","Serie A Betano","2018","America MG","Sao Paulo","1","3","A","1","2","A","0","1","A"
"25676","28-05-18 00:00","Brazil","Serie A Betano","2018","Ceara","Gremio","0","1","A","0","0","D","0","1","A"
"25677","27-05-18 21:00","Brazil","Serie A Betano","2018","Bahia","Vasco","3","0","H","0","0","D","3","0","H"
"25678","27-05-18 21:00","Brazil","Serie A Betano","2018","Botafogo RJ","Vitoria","1","1","D","1","1","D","0","0","D"
"25679","27-05-18 21:00","Brazil","Serie A Betano","2018","Internacional","Corinthians","2","1","H","0","1","A","2","0","H"
"25680","27-05-18 21:00","Brazil","Serie A Betano","2018","Santos","Cruzeiro","0","1","A","0","0","D","0","1","A"
"25681","27-05-18 16:00","Brazil","Serie A Betano","2018","Parana","Athletico-PR","0","0","D","0","0","D","0","0","D"
"25682","27-05-18 02:00","Brazil","Serie A Betano","2018","Atletico-MG","Flamengo RJ","0","1","A","0","0","D","0","1","A"
"25683","27-05-18 00:00","Brazil","Serie A Betano","2018","Palmeiras","Sport Recife","2","3","A","1","0","H","1","3","A"
"25684","26-05-18 21:00","Brazil","Serie A Betano","2018","Fluminense","Chapecoense-SC","3","1","H","2","0","H","1","1","D"
"25685","22-05-18 01:00","Brazil","Serie A Betano","2018","Internacional","Chapecoense-SC","3","0","H","1","0","H","2","0","H"
"25686","21-05-18 00:00","Brazil","Serie A Betano","2018","Fluminense","Athletico-PR","2","0","H","2","0","H","0","0","D"
"25687","20-05-18 21:00","Brazil","Serie A Betano","2018","America MG","Botafogo RJ","1","0","H","0","0","D","1","0","H"
"25688","20-05-18 21:00","Brazil","Serie A Betano","2018","Parana","Gremio","0","0","D","0","0","D","0","0","D"
"25689","20-05-18 21:00","Brazil","Serie A Betano","2018","Sao Paulo","Santos","1","0","H","0","0","D","1","0","H"
"25690","20-05-18 21:00","Brazil","Serie A Betano","2018","Sport Recife","Corinthians","1","1","D","0","0","D","1","1","D"
"25691","20-05-18 16:00","Brazil","Serie A Betano","2018","Vitoria","Ceara","2","1","H","1","0","H","1","1","D"
"25692","20-05-18 02:00","Brazil","Serie A Betano","2018","Palmeiras","Bahia","3","0","H","3","0","H","0","0","D"
"25693","20-05-18 00:00","Brazil","Serie A Betano","2018","Flamengo RJ","Vasco","1","1","D","1","1","D","0","0","D"
"25694","19-05-18 21:00","Brazil","Serie A Betano","2018","Atletico-MG","Cruzeiro","1","0","H","0","0","D","1","0","H"
"25695","15-05-18 01:00","Brazil","Serie A Betano","2018","Botafogo RJ","Fluminense","2","1","H","1","1","D","1","0","H"
"25696","15-05-18 01:00","Brazil","Serie A Betano","2018","Ceara","America MG","2","2","D","1","2","A","1","0","H"
"25697","14-05-18 00:00","Brazil","Serie A Betano","2018","Santos","Parana","3","1","H","0","0","D","3","1","H"
"25698","13-05-18 21:00","Brazil","Serie A Betano","2018","Athletico-PR","Atletico-MG","1","2","A","1","0","H","0","2","A"
"25699","13-05-18 21:00","Brazil","Serie A Betano","2018","Bahia","Sao Paulo","2","2","D","2","1","H","0","1","A"
"25700","13-05-18 21:00","Brazil","Serie A Betano","2018","Chapecoense-SC","Flamengo RJ","3","2","H","1","0","H","2","2","D"
"25701","13-05-18 21:00","Brazil","Serie A Betano","2018","Corinthians","Palmeiras","1","0","H","1","0","H","0","0","D"
"25702","13-05-18 21:00","Brazil","Serie A Betano","2018","Vasco","Vitoria","2","3","A","1","1","D","1","2","A"
"25703","13-05-18 16:00","Brazil","Serie A Betano","2018","Cruzeiro","Sport Recife","2","0","H","1","0","H","1","0","H"
"25704","12-05-18 21:00","Brazil","Serie A Betano","2018","Gremio","Internacional","0","0","D","0","0","D","0","0","D"
"25705","08-05-18 01:00","Brazil","Serie A Betano","2018","Chapecoense-SC","Parana","1","1","D","0","0","D","1","1","D"
"25706","07-05-18 00:00","Brazil","Serie A Betano","2018","Gremio","Santos","5","1","H","2","1","H","3","0","H"
"25707","07-05-18 00:00","Brazil","Serie A Betano","2018","Sport Recife","Bahia","2","0","H","1","0","H","1","0","H"
"25708","06-05-18 21:00","Brazil","Serie A Betano","2018","Athletico-PR","Palmeiras","1","3","A","0","1","A","1","2","A"
"25709","06-05-18 21:00","Brazil","Serie A Betano","2018","Cruzeiro","Botafogo RJ","1","0","H","0","0","D","1","0","H"
"25710","06-05-18 21:00","Brazil","Serie A Betano","2018","Flamengo RJ","Internacional","2","0","H","0","0","D","2","0","H"
"25711","06-05-18 21:00","Brazil","Serie A Betano","2018","Vitoria","Fluminense","1","2","A","1","0","H","0","2","A"
"25712","06-05-18 16:00","Brazil","Serie A Betano","2018","Corinthians","Ceara","1","1","D","1","1","D","0","0","D"
"25713","06-05-18 00:00","Brazil","Serie A Betano","2018","Sao Paulo","Atletico-MG","2","2","D","1","0","H","1","2","A"
"25714","06-05-18 00:00","Brazil","Serie A Betano","2018","Vasco","America MG","4","1","H","0","1","A","4","0","H"
"25715","01-05-18 01:00","Brazil","Serie A Betano","2018","America MG","Vitoria","2","1","H","2","0","H","0","1","A"
"25716","30-04-18 00:00","Brazil","Serie A Betano","2018","Internacional","Cruzeiro","0","0","D","0","0","D","0","0","D"
"25717","29-04-18 21:00","Brazil","Serie A Betano","2018","Atletico-MG","Corinthians","1","0","H","0","0","D","1","0","H"
"25718","29-04-18 21:00","Brazil","Serie A Betano","2018","Bahia","Athletico-PR","0","0","D","0","0","D","0","0","D"
"25719","29-04-18 21:00","Brazil","Serie A Betano","2018","Ceara","Flamengo RJ","0","3","A","0","1","A","0","2","A"
"25720","29-04-18 21:00","Brazil","Serie A Betano","2018","Fluminense","Sao Paulo","1","1","D","0","1","A","1","0","H"
"25721","29-04-18 21:00","Brazil","Serie A Betano","2018","Palmeiras","Chapecoense-SC","0","0","D","0","0","D","0","0","D"
"25722","29-04-18 21:00","Brazil","Serie A Betano","2018","Parana","Sport Recife","1","2","A","0","1","A","1","1","D"
"25723","28-04-18 21:00","Brazil","Serie A Betano","2018","Botafogo RJ","Gremio","2","1","H","1","1","D","1","0","H"
"25724","24-04-18 01:00","Brazil","Serie A Betano","2018","Sport Recife","Botafogo RJ","1","1","D","0","0","D","1","1","D"
"25725","23-04-18 00:00","Brazil","Serie A Betano","2018","Gremio","Athletico-PR","0","0","D","0","0","D","0","0","D"
"25726","22-04-18 21:00","Brazil","Serie A Betano","2018","Atletico-MG","Vitoria","2","1","H","1","0","H","1","1","D"
"25727","22-04-18 21:00","Brazil","Serie A Betano","2018","Ceara","Sao Paulo","0","0","D","0","0","D","0","0","D"
"25728","22-04-18 21:00","Brazil","Serie A Betano","2018","Chapecoense-SC","Vasco","1","1","D","1","0","H","0","1","A"
"25729","22-04-18 21:00","Brazil","Serie A Betano","2018","Fluminense","Cruzeiro","1","0","H","0","0","D","1","0","H"
"25730","22-04-18 21:00","Brazil","Serie A Betano","2018","Palmeiras","Internacional","1","0","H","1","0","H","0","0","D"
"25731","22-04-18 16:00","Brazil","Serie A Betano","2018","Parana","Corinthians","0","4","A","0","2","A","0","2","A"
"25732","22-04-18 00:00","Brazil","Serie A Betano","2018","Flamengo RJ","America MG","2","0","H","2","0","H","0","0","D"
"25733","21-04-18 21:00","Brazil","Serie A Betano","2018","Bahia","Santos","1","0","H","0","0","D","1","0","H"
"25734","17-04-18 01:00","Brazil","Serie A Betano","2018","Botafogo RJ","Palmeiras","1","1","D","0","0","D","1","1","D"
"25735","17-04-18 01:00","Brazil","Serie A Betano","2018","Sao Paulo","Parana","1","0","H","1","0","H","0","0","D"
"25736","16-04-18 00:00","Brazil","Serie A Betano","2018","Athletico-PR","Chapecoense-SC","5","1","H","0","0","D","5","1","H"
"25737","15-04-18 21:00","Brazil","Serie A Betano","2018","Corinthians","Fluminense","2","1","H","1","0","H","1","1","D"
"25738","15-04-18 21:00","Brazil","Serie A Betano","2018","Internacional","Bahia","2","0","H","1","0","H","1","0","H"
"25739","15-04-18 21:00","Brazil","Serie A Betano","2018","Vasco","Atletico-MG","2","1","H","0","1","A","2","0","H"
"25740","15-04-18 16:00","Brazil","Serie A Betano","2018","America MG","Sport Recife","3","0","H","3","0","H","0","0","D"
"25741","15-04-18 02:00","Brazil","Serie A Betano","2018","Santos","Ceara","2","0","H","1","0","H","1","0","H"
"25742","15-04-18 00:00","Brazil","Serie A Betano","2018","Vitoria","Flamengo RJ","2","2","D","1","1","D","1","1","D"
"25743","14-04-18 21:00","Brazil","Serie A Betano","2018","Cruzeiro","Gremio","0","1","A","0","0","D","0","1","A"
"25744","03-12-17 20:00","Brazil","Serie A Betano","2017","Athletico-PR","Palmeiras","3","0","H","3","0","H","0","0","D"
"25745","03-12-17 20:00","Brazil","Serie A Betano","2017","Atletico GO","Fluminense","1","1","D","1","1","D","0","0","D"
"25746","03-12-17 20:00","Brazil","Serie A Betano","2017","Atletico-MG","Gremio","4","3","H","2","2","D","2","1","H"
"25747","03-12-17 20:00","Brazil","Serie A Betano","2017","Botafogo RJ","Cruzeiro","2","2","D","1","1","D","1","1","D"
"25748","03-12-17 20:00","Brazil","Serie A Betano","2017","Chapecoense-SC","Coritiba","2","1","H","1","1","D","1","0","H"
"25749","03-12-17 20:00","Brazil","Serie A Betano","2017","Santos","Avai","1","1","D","1","1","D","0","0","D"
"25750","03-12-17 20:00","Brazil","Serie A Betano","2017","Sao Paulo","Bahia","1","1","D","0","0","D","1","1","D"
"25751","03-12-17 20:00","Brazil","Serie A Betano","2017","Sport Recife","Corinthians","1","0","H","0","0","D","1","0","H"
"25752","03-12-17 20:00","Brazil","Serie A Betano","2017","Vasco","Ponte Preta","2","1","H","1","0","H","1","1","D"
"25753","03-12-17 20:00","Brazil","Serie A Betano","2017","Vitoria","Flamengo RJ","1","2","A","1","0","H","0","2","A"
"25754","27-11-17 23:00","Brazil","Serie A Betano","2017","Palmeiras","Botafogo RJ","2","0","H","0","0","D","2","0","H"
"25755","26-11-17 22:00","Brazil","Serie A Betano","2017","Bahia","Chapecoense-SC","0","1","A","0","1","A","0","0","D"
"25756","26-11-17 22:00","Brazil","Serie A Betano","2017","Flamengo RJ","Santos","1","2","A","1","1","D","0","1","A"
"25757","26-11-17 20:00","Brazil","Serie A Betano","2017","Avai","Athletico-PR","1","0","H","1","0","H","0","0","D"
"25758","26-11-17 20:00","Brazil","Serie A Betano","2017","Corinthians","Atletico-MG","2","2","D","1","1","D","1","1","D"
"25759","26-11-17 20:00","Brazil","Serie A Betano","2017","Coritiba","Sao Paulo","1","2","A","1","0","H","0","2","A"
"25760","26-11-17 20:00","Brazil","Serie A Betano","2017","Cruzeiro","Vasco","0","1","A","0","1","A","0","0","D"
"25761","26-11-17 20:00","Brazil","Serie A Betano","2017","Gremio","Atletico GO","1","1","D","0","0","D","1","1","D"
"25762","26-11-17 20:00","Brazil","Serie A Betano","2017","Ponte Preta","Vitoria","2","3","A","2","0","H","0","3","A"
"25763","25-11-17 20:00","Brazil","Serie A Betano","2017","Fluminense","Sport Recife","1","2","A","1","2","A","0","0","D"
"25764","20-11-17 23:00","Brazil","Serie A Betano","2017","Avai","Palmeiras","2","1","H","0","0","D","2","1","H"
"25765","20-11-17 20:00","Brazil","Serie A Betano","2017","Fluminense","Ponte Preta","2","0","H","0","0","D","2","0","H"
"25766","19-11-17 22:00","Brazil","Serie A Betano","2017","Athletico-PR","Vasco","3","1","H","1","1","D","2","0","H"
"25767","19-11-17 22:00","Brazil","Serie A Betano","2017","Atletico-MG","Coritiba","3","0","H","3","0","H","0","0","D"
"25768","19-11-17 22:00","Brazil","Serie A Betano","2017","Santos","Gremio","1","0","H","1","0","H","0","0","D"
"25769","19-11-17 20:00","Brazil","Serie A Betano","2017","Atletico GO","Chapecoense-SC","1","1","D","0","1","A","1","0","H"
"25770","19-11-17 20:00","Brazil","Serie A Betano","2017","Flamengo RJ","Corinthians","3","0","H","3","0","H","0","0","D"
"25771","19-11-17 20:00","Brazil","Serie A Betano","2017","Sao Paulo","Botafogo RJ","0","0","D","0","0","D","0","0","D"
"25772","19-11-17 20:00","Brazil","Serie A Betano","2017","Sport Recife","Bahia","1","0","H","1","0","H","0","0","D"
"25773","19-11-17 20:00","Brazil","Serie A Betano","2017","Vitoria","Cruzeiro","1","1","D","1","0","H","0","1","A"
"25774","17-11-17 00:00","Brazil","Serie A Betano","2017","Bahia","Santos","3","1","H","1","1","D","2","0","H"
"25775","17-11-17 00:00","Brazil","Serie A Betano","2017","Coritiba","Flamengo RJ","1","0","H","1","0","H","0","0","D"
"25776","16-11-17 23:00","Brazil","Serie A Betano","2017","Botafogo RJ","Atletico GO","1","2","A","1","1","D","0","1","A"
"25777","16-11-17 23:00","Brazil","Serie A Betano","2017","Chapecoense-SC","Vitoria","2","1","H","1","1","D","1","0","H"
"25778","16-11-17 23:00","Brazil","Serie A Betano","2017","Palmeiras","Sport Recife","5","1","H","0","0","D","5","1","H"
"25779","16-11-17 00:45","Brazil","Serie A Betano","2017","Corinthians","Fluminense","3","1","H","0","1","A","3","0","H"
"25780","16-11-17 00:45","Brazil","Serie A Betano","2017","Vasco","Atletico-MG","1","1","D","1","0","H","0","1","A"
"25781","15-11-17 22:30","Brazil","Serie A Betano","2017","Cruzeiro","Avai","2","2","D","0","1","A","2","1","H"
"25782","15-11-17 22:30","Brazil","Serie A Betano","2017","Gremio","Sao Paulo","1","0","H","1","0","H","0","0","D"
"25783","15-11-17 20:00","Brazil","Serie A Betano","2017","Ponte Preta","Athletico-PR","2","1","H","1","0","H","1","1","D"
"25784","13-11-17 23:00","Brazil","Serie A Betano","2017","Chapecoense-SC","Santos","2","0","H","1","0","H","1","0","H"
"25785","12-11-17 22:00","Brazil","Serie A Betano","2017","Coritiba","Ponte Preta","1","1","D","0","0","D","1","1","D"
"25786","12-11-17 22:00","Brazil","Serie A Betano","2017","Cruzeiro","Fluminense","3","1","H","1","1","D","2","0","H"
"25787","12-11-17 21:00","Brazil","Serie A Betano","2017","Bahia","Atletico-MG","2","2","D","0","1","A","2","1","H"
"25788","12-11-17 20:00","Brazil","Serie A Betano","2017","Atletico GO","Sport Recife","2","0","H","1","0","H","1","0","H"
"25789","12-11-17 20:00","Brazil","Serie A Betano","2017","Gremio","Vitoria","1","1","D","1","1","D","0","0","D"
"25790","12-11-17 20:00","Brazil","Serie A Betano","2017","Palmeiras","Flamengo RJ","2","0","H","2","0","H","0","0","D"
"25791","12-11-17 20:00","Brazil","Serie A Betano","2017","Vasco","Sao Paulo","1","1","D","0","1","A","1","0","H"
"25792","11-11-17 22:00","Brazil","Serie A Betano","2017","Corinthians","Avai","1","0","H","0","0","D","1","0","H"
"25793","11-11-17 20:00","Brazil","Serie A Betano","2017","Botafogo RJ","Athletico-PR","0","1","A","0","1","A","0","0","D"
"25794","10-11-17 00:00","Brazil","Serie A Betano","2017","Fluminense","Coritiba","2","2","D","0","1","A","2","1","H"
"25795","09-11-17 23:00","Brazil","Serie A Betano","2017","Atletico-MG","Atletico GO","3","2","H","1","2","A","2","0","H"
"25796","09-11-17 23:00","Brazil","Serie A Betano","2017","Sao Paulo","Chapecoense-SC","2","2","D","0","1","A","2","1","H"
"25797","09-11-17 00:45","Brazil","Serie A Betano","2017","Flamengo RJ","Cruzeiro","2","0","H","1","0","H","1","0","H"
"25798","09-11-17 00:45","Brazil","Serie A Betano","2017","Santos","Vasco","1","2","A","0","0","D","1","2","A"
"25799","09-11-17 00:45","Brazil","Serie A Betano","2017","Vitoria","Palmeiras","3","1","H","3","1","H","0","0","D"
"25800","09-11-17 00:00","Brazil","Serie A Betano","2017","Athletico-PR","Corinthians","0","1","A","0","0","D","0","1","A"
"25801","09-11-17 00:00","Brazil","Serie A Betano","2017","Sport Recife","Botafogo RJ","1","2","A","0","2","A","1","0","H"
"25802","08-11-17 22:30","Brazil","Serie A Betano","2017","Avai","Bahia","1","2","A","1","1","D","0","1","A"
"25803","08-11-17 22:30","Brazil","Serie A Betano","2017","Ponte Preta","Gremio","0","1","A","0","0","D","0","1","A"
"25804","05-11-17 22:00","Brazil","Serie A Betano","2017","Chapecoense-SC","Sport Recife","1","1","D","0","0","D","1","1","D"
"25805","05-11-17 22:00","Brazil","Serie A Betano","2017","Vasco","Vitoria","1","1","D","1","0","H","0","1","A"
"25806","05-11-17 21:00","Brazil","Serie A Betano","2017","Bahia","Ponte Preta","2","0","H","1","0","H","1","0","H"
"25807","05-11-17 20:00","Brazil","Serie A Betano","2017","Corinthians","Palmeiras","3","2","H","3","1","H","0","1","A"
"25808","05-11-17 20:00","Brazil","Serie A Betano","2017","Cruzeiro","Athletico-PR","1","0","H","1","0","H","0","0","D"
"25809","05-11-17 20:00","Brazil","Serie A Betano","2017","Gremio","Flamengo RJ","3","1","H","0","0","D","3","1","H"
"25810","05-11-17 00:00","Brazil","Serie A Betano","2017","Coritiba","Avai","4","0","H","2","0","H","2","0","H"
"25811","04-11-17 22:00","Brazil","Serie A Betano","2017","Atletico GO","Sao Paulo","0","1","A","0","1","A","0","0","D"
"25812","04-11-17 22:00","Brazil","Serie A Betano","2017","Botafogo RJ","Fluminense","1","2","A","1","0","H","0","2","A"
"25813","04-11-17 20:00","Brazil","Serie A Betano","2017","Santos","Atletico-MG","3","1","H","1","0","H","2","1","H"
"25814","30-10-17 23:00","Brazil","Serie A Betano","2017","Palmeiras","Cruzeiro","2","2","D","1","1","D","1","1","D"
"25815","29-10-17 22:00","Brazil","Serie A Betano","2017","Avai","Gremio","2","2","D","1","2","A","1","0","H"
"25816","29-10-17 21:00","Brazil","Serie A Betano","2017","Sport Recife","Coritiba","3","4","A","2","2","D","1","2","A"
"25817","29-10-17 21:00","Brazil","Serie A Betano","2017","Vitoria","Atletico GO","1","1","D","0","1","A","1","0","H"
"25818","29-10-17 20:00","Brazil","Serie A Betano","2017","Atletico-MG","Botafogo RJ","0","0","D","0","0","D","0","0","D"
"25819","29-10-17 20:00","Brazil","Serie A Betano","2017","Fluminense","Bahia","1","1","D","1","1","D","0","0","D"
"25820","29-10-17 20:00","Brazil","Serie A Betano","2017","Ponte Preta","Corinthians","1","0","H","1","0","H","0","0","D"
"25821","29-10-17 01:00","Brazil","Serie A Betano","2017","Athletico-PR","Chapecoense-SC","0","0","D","0","0","D","0","0","D"
"25822","28-10-17 23:00","Brazil","Serie A Betano","2017","Flamengo RJ","Vasco","0","0","D","0","0","D","0","0","D"
"25823","28-10-17 21:00","Brazil","Serie A Betano","2017","Sao Paulo","Santos","2","1","H","2","1","H","0","0","D"
"25824","24-10-17 00:00","Brazil","Serie A Betano","2017","Botafogo RJ","Corinthians","2","1","H","0","0","D","2","1","H"
"25825","22-10-17 23:00","Brazil","Serie A Betano","2017","Chapecoense-SC","Fluminense","2","0","H","1","0","H","1","0","H"
"25826","22-10-17 23:00","Brazil","Serie A Betano","2017","Ponte Preta","Avai","1","2","A","1","2","A","0","0","D"
"25827","22-10-17 21:00","Brazil","Serie A Betano","2017","Athletico-PR","Sport Recife","2","1","H","0","0","D","2","1","H"
"25828","22-10-17 21:00","Brazil","Serie A Betano","2017","Bahia","Vitoria","2","1","H","0","0","D","2","1","H"
"25829","22-10-17 21:00","Brazil","Serie A Betano","2017","Cruzeiro","Atletico-MG","1","3","A","1","0","H","0","3","A"
"25830","22-10-17 21:00","Brazil","Serie A Betano","2017","Gremio","Palmeiras","1","3","A","0","0","D","1","3","A"
"25831","22-10-17 21:00","Brazil","Serie A Betano","2017","Santos","Atletico GO","1","0","H","1","0","H","0","0","D"
"25832","22-10-17 21:00","Brazil","Serie A Betano","2017","Sao Paulo","Flamengo RJ","2","0","H","2","0","H","0","0","D"
"25833","21-10-17 21:00","Brazil","Serie A Betano","2017","Vasco","Coritiba","1","1","D","1","0","H","0","1","A"
"25834","20-10-17 01:00","Brazil","Serie A Betano","2017","Flamengo RJ","Bahia","4","1","H","0","0","D","4","1","H"
"25835","20-10-17 01:00","Brazil","Serie A Betano","2017","Sport Recife","Santos","1","1","D","0","1","A","1","0","H"
"25836","20-10-17 00:00","Brazil","Serie A Betano","2017","Palmeiras","Ponte Preta","2","0","H","1","0","H","1","0","H"
"25837","20-10-17 00:00","Brazil","Serie A Betano","2017","Vitoria","Athletico-PR","2","3","A","1","1","D","1","2","A"
"25838","19-10-17 01:45","Brazil","Serie A Betano","2017","Avai","Botafogo RJ","1","1","D","0","0","D","1","1","D"
"25839","19-10-17 01:45","Brazil","Serie A Betano","2017","Corinthians","Gremio","0","0","D","0","0","D","0","0","D"
"25840","19-10-17 01:45","Brazil","Serie A Betano","2017","Fluminense","Sao Paulo","3","1","H","2","0","H","1","1","D"
"25841","19-10-17 01:00","Brazil","Serie A Betano","2017","Atletico-MG","Chapecoense-SC","2","3","A","1","2","A","1","1","D"
"25842","18-10-17 23:30","Brazil","Serie A Betano","2017","Atletico GO","Vasco","0","1","A","0","1","A","0","0","D"
"25843","18-10-17 23:30","Brazil","Serie A Betano","2017","Coritiba","Cruzeiro","1","0","H","1","0","H","0","0","D"
"25844","17-10-17 00:00","Brazil","Serie A Betano","2017","Santos","Vitoria","2","2","D","1","1","D","1","1","D"
"25845","15-10-17 23:00","Brazil","Serie A Betano","2017","Bahia","Corinthians","2","0","H","0","0","D","2","0","H"
"25846","15-10-17 23:00","Brazil","Serie A Betano","2017","Coritiba","Gremio","0","1","A","0","0","D","0","1","A"
"25847","15-10-17 21:00","Brazil","Serie A Betano","2017","Atletico GO","Palmeiras","1","3","A","0","2","A","1","1","D"
"25848","15-10-17 21:00","Brazil","Serie A Betano","2017","Chapecoense-SC","Flamengo RJ","0","1","A","0","0","D","0","1","A"
"25849","15-10-17 21:00","Brazil","Serie A Betano","2017","Fluminense","Avai","1","0","H","1","0","H","0","0","D"
"25850","15-10-17 21:00","Brazil","Serie A Betano","2017","Sport Recife","Atletico-MG","1","1","D","1","1","D","0","0","D"
"25851","15-10-17 02:00","Brazil","Serie A Betano","2017","Sao Paulo","Athletico-PR","2","1","H","0","0","D","2","1","H"
"25852","15-10-17 00:00","Brazil","Serie A Betano","2017","Vasco","Botafogo RJ","1","0","H","0","0","D","1","0","H"
"25853","13-10-17 02:00","Brazil","Serie A Betano","2017","Palmeiras","Bahia","2","2","D","2","1","H","0","1","A"
"25854","12-10-17 22:00","Brazil","Serie A Betano","2017","Flamengo RJ","Fluminense","1","1","D","0","0","D","1","1","D"
"25855","12-10-17 22:00","Brazil","Serie A Betano","2017","Ponte Preta","Santos","1","1","D","1","1","D","0","0","D"
"25856","12-10-17 22:00","Brazil","Serie A Betano","2017","Vitoria","Sport Recife","1","2","A","0","1","A","1","1","D"
"25857","12-10-17 02:45","Brazil","Serie A Betano","2017","Atletico-MG","Sao Paulo","1","0","H","0","0","D","1","0","H"
"25858","12-10-17 02:45","Brazil","Serie A Betano","2017","Avai","Vasco","1","2","A","0","2","A","1","0","H"
"25859","12-10-17 02:45","Brazil","Serie A Betano","2017","Gremio","Cruzeiro","0","1","A","0","0","D","0","1","A"
"25860","12-10-17 02:00","Brazil","Serie A Betano","2017","Corinthians","Coritiba","3","1","H","1","1","D","2","0","H"
"25861","12-10-17 00:30","Brazil","Serie A Betano","2017","Athletico-PR","Atletico GO","2","2","D","2","1","H","0","1","A"
"25862","12-10-17 00:30","Brazil","Serie A Betano","2017","Botafogo RJ","Chapecoense-SC","2","1","H","0","0","D","2","1","H"
"25863","07-10-17 21:00","Brazil","Serie A Betano","2017","Cruzeiro","Ponte Preta","2","1","H","0","1","A","2","0","H"
"25864","03-10-17 01:00","Brazil","Serie A Betano","2017","Ponte Preta","Flamengo RJ","1","0","H","0","0","D","1","0","H"
"25865","02-10-17 00:00","Brazil","Serie A Betano","2017","Athletico-PR","Atletico-MG","0","2","A","0","1","A","0","1","A"
"25866","01-10-17 21:00","Brazil","Serie A Betano","2017","Avai","Atletico GO","0","2","A","0","0","D","0","2","A"
"25867","01-10-17 21:00","Brazil","Serie A Betano","2017","Botafogo RJ","Vitoria","2","3","A","1","1","D","1","2","A"
"25868","01-10-17 21:00","Brazil","Serie A Betano","2017","Cruzeiro","Corinthians","1","1","D","1","0","H","0","1","A"
"25869","01-10-17 21:00","Brazil","Serie A Betano","2017","Gremio","Fluminense","1","0","H","0","0","D","1","0","H"
"25870","01-10-17 21:00","Brazil","Serie A Betano","2017","Sao Paulo","Sport Recife","1","0","H","1","0","H","0","0","D"
"25871","01-10-17 00:00","Brazil","Serie A Betano","2017","Palmeiras","Santos","0","1","A","0","0","D","0","1","A"
"25872","30-09-17 21:00","Brazil","Serie A Betano","2017","Bahia","Coritiba","1","1","D","1","0","H","0","1","A"
"25873","30-09-17 21:00","Brazil","Serie A Betano","2017","Vasco","Chapecoense-SC","1","1","D","1","0","H","0","1","A"
"25874","26-09-17 01:00","Brazil","Serie A Betano","2017","Sport Recife","Vasco","1","1","D","0","1","A","1","0","H"
"25875","25-09-17 00:00","Brazil","Serie A Betano","2017","Atletico-MG","Vitoria","1","3","A","1","1","D","0","2","A"
"25876","25-09-17 00:00","Brazil","Serie A Betano","2017","Bahia","Gremio","1","0","H","0","0","D","1","0","H"
"25877","24-09-17 21:00","Brazil","Serie A Betano","2017","Atletico GO","Cruzeiro","1","2","A","0","2","A","1","0","H"
"25878","24-09-17 21:00","Brazil","Serie A Betano","2017","Chapecoense-SC","Ponte Preta","1","0","H","1","0","H","0","0","D"
"25879","24-09-17 21:00","Brazil","Serie A Betano","2017","Coritiba","Botafogo RJ","2","3","A","1","0","H","1","3","A"
"25880","24-09-17 21:00","Brazil","Serie A Betano","2017","Fluminense","Palmeiras","0","1","A","0","1","A","0","0","D"
"25881","24-09-17 16:00","Brazil","Serie A Betano","2017","Sao Paulo","Corinthians","1","1","D","1","0","H","0","1","A"
"25882","24-09-17 02:00","Brazil","Serie A Betano","2017","Santos","Athletico-PR","1","0","H","1","0","H","0","0","D"
"25883","24-09-17 00:00","Brazil","Serie A Betano","2017","Flamengo RJ","Avai","1","1","D","0","1","A","1","0","H"
"25884","19-09-17 01:00","Brazil","Serie A Betano","2017","Palmeiras","Coritiba","1","0","H","1","0","H","0","0","D"
"25885","18-09-17 00:00","Brazil","Serie A Betano","2017","Cruzeiro","Bahia","1","0","H","0","0","D","1","0","H"
"25886","17-09-17 21:00","Brazil","Serie A Betano","2017","Athletico-PR","Fluminense","3","1","H","0","1","A","3","0","H"
"25887","17-09-17 21:00","Brazil","Serie A Betano","2017","Corinthians","Vasco","1","0","H","0","0","D","1","0","H"
"25888","17-09-17 21:00","Brazil","Serie A Betano","2017","Flamengo RJ","Sport Recife","2","0","H","1","0","H","1","0","H"
"25889","17-09-17 21:00","Brazil","Serie A Betano","2017","Gremio","Chapecoense-SC","0","1","A","0","0","D","0","1","A"
"25890","17-09-17 21:00","Brazil","Serie A Betano","2017","Vitoria","Sao Paulo","1","2","A","0","0","D","1","2","A"
"25891","17-09-17 16:00","Brazil","Serie A Betano","2017","Avai","Atletico-MG","1","1","D","1","0","H","0","1","A"
"25892","17-09-17 02:00","Brazil","Serie A Betano","2017","Ponte Preta","Atletico GO","1","3","A","0","1","A","1","2","A"
"25893","17-09-17 00:00","Brazil","Serie A Betano","2017","Botafogo RJ","Santos","2","0","H","2","0","H","0","0","D"
"25894","12-09-17 01:00","Brazil","Serie A Betano","2017","Atletico GO","Bahia","1","1","D","1","0","H","0","1","A"
"25895","11-09-17 00:00","Brazil","Serie A Betano","2017","Botafogo RJ","Flamengo RJ","2","0","H","0","0","D","2","0","H"
"25896","11-09-17 00:00","Brazil","Serie A Betano","2017","Chapecoense-SC","Cruzeiro","1","2","A","0","1","A","1","1","D"
"25897","10-09-17 21:00","Brazil","Serie A Betano","2017","Santos","Corinthians","2","0","H","0","0","D","2","0","H"
"25898","10-09-17 21:00","Brazil","Serie A Betano","2017","Sport Recife","Avai","0","1","A","0","1","A","0","0","D"
"25899","10-09-17 21:00","Brazil","Serie A Betano","2017","Vitoria","Fluminense","2","2","D","1","0","H","1","2","A"
"25900","10-09-17 16:00","Brazil","Serie A Betano","2017","Athletico-PR","Coritiba","1","1","D","0","1","A","1","0","H"
"25901","10-09-17 00:00","Brazil","Serie A Betano","2017","Sao Paulo","Ponte Preta","2","2","D","1","0","H","1","2","A"
"25902","09-09-17 23:00","Brazil","Serie A Betano","2017","Vasco","Gremio","1","0","H","1","0","H","0","0","D"
"25903","09-09-17 21:00","Brazil","Serie A Betano","2017","Atletico-MG","Palmeiras","1","1","D","1","1","D","0","0","D"
"25904","02-09-17 21:00","Brazil","Serie A Betano","2017","Gremio","Sport Recife","5","0","H","2","0","H","3","0","H"
"25905","29-08-17 01:00","Brazil","Serie A Betano","2017","Coritiba","Vitoria","0","1","A","0","0","D","0","1","A"
"25906","28-08-17 00:00","Brazil","Serie A Betano","2017","Avai","Chapecoense-SC","1","0","H","1","0","H","0","0","D"
"25907","28-08-17 00:00","Brazil","Serie A Betano","2017","Cruzeiro","Santos","1","1","D","0","1","A","1","0","H"
"25908","27-08-17 21:00","Brazil","Serie A Betano","2017","Bahia","Botafogo RJ","1","2","A","1","1","D","0","1","A"
"25909","27-08-17 21:00","Brazil","Serie A Betano","2017","Flamengo RJ","Athletico-PR","2","0","H","2","0","H","0","0","D"
"25910","27-08-17 21:00","Brazil","Serie A Betano","2017","Palmeiras","Sao Paulo","4","2","H","2","2","D","2","0","H"
"25911","27-08-17 21:00","Brazil","Serie A Betano","2017","Ponte Preta","Atletico-MG","1","2","A","1","0","H","0","2","A"
"25912","27-08-17 00:00","Brazil","Serie A Betano","2017","Corinthians","Atletico GO","0","1","A","0","0","D","0","1","A"
"25913","26-08-17 21:00","Brazil","Serie A Betano","2017","Fluminense","Vasco","0","1","A","0","1","A","0","0","D"
"25914","24-08-17 00:30","Brazil","Serie A Betano","2017","Chapecoense-SC","Corinthians","0","1","A","0","0","D","0","1","A"
"25915","22-08-17 01:00","Brazil","Serie A Betano","2017","Fluminense","Atletico-MG","2","1","H","1","0","H","1","1","D"
"25916","21-08-17 00:00","Brazil","Serie A Betano","2017","Coritiba","Santos","0","0","D","0","0","D","0","0","D"
"25917","21-08-17 00:00","Brazil","Serie A Betano","2017","Palmeiras","Chapecoense-SC","0","2","A","0","1","A","0","1","A"
"25918","20-08-17 21:00","Brazil","Serie A Betano","2017","Avai","Sao Paulo","1","1","D","0","0","D","1","1","D"
"25919","20-08-17 21:00","Brazil","Serie A Betano","2017","Bahia","Vasco","3","0","H","2","0","H","1","0","H"
"25920","20-08-17 21:00","Brazil","Serie A Betano","2017","Cruzeiro","Sport Recife","2","0","H","1","0","H","1","0","H"
"25921","20-08-17 21:00","Brazil","Serie A Betano","2017","Ponte Preta","Botafogo RJ","2","1","H","1","1","D","1","0","H"
"25922","20-08-17 16:00","Brazil","Serie A Betano","2017","Gremio","Athletico-PR","0","0","D","0","0","D","0","0","D"
"25923","20-08-17 00:00","Brazil","Serie A Betano","2017","Flamengo RJ","Atletico GO","2","0","H","0","0","D","2","0","H"
"25924","19-08-17 21:00","Brazil","Serie A Betano","2017","Corinthians","Vitoria","0","1","A","0","1","A","0","0","D"
"25925","15-08-17 01:00","Brazil","Serie A Betano","2017","Santos","Fluminense","0","0","D","0","0","D","0","0","D"
"25926","14-08-17 00:00","Brazil","Serie A Betano","2017","Athletico-PR","Bahia","4","1","H","1","1","D","3","0","H"
"25927","14-08-17 00:00","Brazil","Serie A Betano","2017","Botafogo RJ","Gremio","1","0","H","1","0","H","0","0","D"
"25928","13-08-17 21:00","Brazil","Serie A Betano","2017","Atletico-MG","Flamengo RJ","2","0","H","1","0","H","1","0","H"
"25929","13-08-17 21:00","Brazil","Serie A Betano","2017","Sport Recife","Ponte Preta","0","0","D","0","0","D","0","0","D"
"25930","13-08-17 21:00","Brazil","Serie A Betano","2017","Vasco","Palmeiras","1","1","D","0","0","D","1","1","D"
"25931","13-08-17 16:00","Brazil","Serie A Betano","2017","Sao Paulo","Cruzeiro","3","2","H","1","0","H","2","2","D"
"25932","13-08-17 00:00","Brazil","Serie A Betano","2017","Vitoria","Avai","0","1","A","0","0","D","0","1","A"
"25933","12-08-17 21:00","Brazil","Serie A Betano","2017","Atletico GO","Coritiba","1","0","H","0","0","D","1","0","H"
"25934","10-08-17 01:00","Brazil","Serie A Betano","2017","Ponte Preta","Fluminense","0","0","D","0","0","D","0","0","D"
"25935","07-08-17 00:00","Brazil","Serie A Betano","2017","Avai","Santos","0","0","D","0","0","D","0","0","D"
"25936","07-08-17 00:00","Brazil","Serie A Betano","2017","Ponte Preta","Vasco","0","0","D","0","0","D","0","0","D"
"25937","06-08-17 21:00","Brazil","Serie A Betano","2017","Bahia","Sao Paulo","2","1","H","2","1","H","0","0","D"
"25938","06-08-17 21:00","Brazil","Serie A Betano","2017","Coritiba","Chapecoense-SC","2","0","H","2","0","H","0","0","D"
"25939","06-08-17 21:00","Brazil","Serie A Betano","2017","Cruzeiro","Botafogo RJ","0","0","D","0","0","D","0","0","D"
"25940","06-08-17 21:00","Brazil","Serie A Betano","2017","Gremio","Atletico-MG","2","0","H","2","0","H","0","0","D"
"25941","06-08-17 21:00","Brazil","Serie A Betano","2017","Palmeiras","Athletico-PR","0","1","A","0","1","A","0","0","D"
"25942","06-08-17 16:00","Brazil","Serie A Betano","2017","Flamengo RJ","Vitoria","0","2","A","0","1","A","0","1","A"
"25943","06-08-17 00:00","Brazil","Serie A Betano","2017","Corinthians","Sport Recife","3","1","H","1","0","H","2","1","H"
"25944","06-08-17 00:00","Brazil","Serie A Betano","2017","Fluminense","Atletico GO","3","1","H","2","1","H","1","0","H"
"25945","04-08-17 01:00","Brazil","Serie A Betano","2017","Vasco","Cruzeiro","0","3","A","0","2","A","0","1","A"
"25946","04-08-17 00:30","Brazil","Serie A Betano","2017","Athletico-PR","Avai","5","0","H","1","0","H","4","0","H"
"25947","04-08-17 00:30","Brazil","Serie A Betano","2017","Sao Paulo","Coritiba","1","2","A","0","0","D","1","2","A"
"25948","03-08-17 02:45","Brazil","Serie A Betano","2017","Atletico GO","Gremio","0","1","A","0","0","D","0","1","A"
"25949","03-08-17 02:45","Brazil","Serie A Betano","2017","Botafogo RJ","Palmeiras","1","2","A","0","1","A","1","1","D"
"25950","03-08-17 02:45","Brazil","Serie A Betano","2017","Santos","Flamengo RJ","3","2","H","0","0","D","3","2","H"
"25951","03-08-17 02:00","Brazil","Serie A Betano","2017","Atletico-MG","Corinthians","0","2","A","0","1","A","0","1","A"
"25952","03-08-17 02:00","Brazil","Serie A Betano","2017","Vitoria","Ponte Preta","3","1","H","3","0","H","0","1","A"
"25953","03-08-17 00:30","Brazil","Serie A Betano","2017","Chapecoense-SC","Bahia","1","1","D","1","1","D","0","0","D"
"25954","03-08-17 00:30","Brazil","Serie A Betano","2017","Sport Recife","Fluminense","2","2","D","1","2","A","1","0","H"
"25955","01-08-17 01:00","Brazil","Serie A Betano","2017","Vasco","Athletico-PR","0","1","A","0","0","D","0","1","A"
"25956","31-07-17 00:00","Brazil","Serie A Betano","2017","Cruzeiro","Vitoria","0","0","D","0","0","D","0","0","D"
"25957","31-07-17 00:00","Brazil","Serie A Betano","2017","Gremio","Santos","1","1","D","1","1","D","0","0","D"
"25958","30-07-17 21:00","Brazil","Serie A Betano","2017","Bahia","Sport Recife","1","3","A","0","1","A","1","2","A"
"25959","30-07-17 21:00","Brazil","Serie A Betano","2017","Corinthians","Flamengo RJ","1","1","D","1","0","H","0","1","A"
"25960","30-07-17 21:00","Brazil","Serie A Betano","2017","Coritiba","Atletico-MG","0","2","A","0","1","A","0","1","A"
"25961","30-07-17 16:00","Brazil","Serie A Betano","2017","Chapecoense-SC","Atletico GO","1","2","A","1","0","H","0","2","A"
"25962","30-07-17 00:00","Brazil","Serie A Betano","2017","Palmeiras","Avai","2","0","H","2","0","H","0","0","D"
"25963","29-07-17 21:00","Brazil","Serie A Betano","2017","Botafogo RJ","Sao Paulo","3","4","A","2","1","H","1","3","A"
"25964","25-07-17 01:00","Brazil","Serie A Betano","2017","Sao Paulo","Gremio","1","1","D","0","1","A","1","0","H"
"25965","24-07-17 00:00","Brazil","Serie A Betano","2017","Athletico-PR","Ponte Preta","0","2","A","0","0","D","0","2","A"
"25966","24-07-17 00:00","Brazil","Serie A Betano","2017","Atletico GO","Botafogo RJ","1","1","D","0","0","D","1","1","D"
"25967","24-07-17 00:00","Brazil","Serie A Betano","2017","Atletico-MG","Vasco","1","2","A","1","1","D","0","1","A"
"25968","23-07-17 21:00","Brazil","Serie A Betano","2017","Avai","Cruzeiro","1","0","H","1","0","H","0","0","D"
"25969","23-07-17 21:00","Brazil","Serie A Betano","2017","Fluminense","Corinthians","0","1","A","0","0","D","0","1","A"
"25970","23-07-17 21:00","Brazil","Serie A Betano","2017","Sport Recife","Palmeiras","0","2","A","0","2","A","0","0","D"
"25971","23-07-17 16:00","Brazil","Serie A Betano","2017","Santos","Bahia","3","0","H","2","0","H","1","0","H"
"25972","23-07-17 00:00","Brazil","Serie A Betano","2017","Flamengo RJ","Coritiba","2","1","H","1","0","H","1","1","D"
"25973","22-07-17 21:00","Brazil","Serie A Betano","2017","Vitoria","Chapecoense-SC","1","2","A","0","1","A","1","1","D"
"25974","21-07-17 02:00","Brazil","Serie A Betano","2017","Athletico-PR","Botafogo RJ","0","0","D","0","0","D","0","0","D"
"25975","21-07-17 01:00","Brazil","Serie A Betano","2017","Sport Recife","Atletico GO","4","0","H","3","0","H","1","0","H"
"25976","21-07-17 00:30","Brazil","Serie A Betano","2017","Fluminense","Cruzeiro","1","1","D","1","1","D","0","0","D"
"25977","20-07-17 02:45","Brazil","Serie A Betano","2017","Atletico-MG","Bahia","0","2","A","0","1","A","0","1","A"
"25978","20-07-17 02:45","Brazil","Serie A Betano","2017","Flamengo RJ","Palmeiras","2","2","D","2","2","D","0","0","D"
"25979","20-07-17 02:45","Brazil","Serie A Betano","2017","Sao Paulo","Vasco","1","0","H","1","0","H","0","0","D"
"25980","20-07-17 02:00","Brazil","Serie A Betano","2017","Avai","Corinthians","0","0","D","0","0","D","0","0","D"
"25981","20-07-17 02:00","Brazil","Serie A Betano","2017","Ponte Preta","Coritiba","4","0","H","1","0","H","3","0","H"
"25982","20-07-17 00:30","Brazil","Serie A Betano","2017","Santos","Chapecoense-SC","1","0","H","0","0","D","1","0","H"
"25983","20-07-17 00:30","Brazil","Serie A Betano","2017","Vitoria","Gremio","1","3","A","0","2","A","1","1","D"
"25984","18-07-17 01:00","Brazil","Serie A Betano","2017","Botafogo RJ","Sport Recife","2","1","H","1","1","D","1","0","H"
"25985","17-07-17 00:00","Brazil","Serie A Betano","2017","Bahia","Avai","1","1","D","0","0","D","1","1","D"
"25986","17-07-17 00:00","Brazil","Serie A Betano","2017","Coritiba","Fluminense","1","2","A","1","2","A","0","0","D"
"25987","16-07-17 21:00","Brazil","Serie A Betano","2017","Atletico GO","Atletico-MG","1","2","A","1","0","H","0","2","A"
"25988","16-07-17 21:00","Brazil","Serie A Betano","2017","Chapecoense-SC","Sao Paulo","2","0","H","0","0","D","2","0","H"
"25989","16-07-17 21:00","Brazil","Serie A Betano","2017","Cruzeiro","Flamengo RJ","1","1","D","0","0","D","1","1","D"
"25990","16-07-17 21:00","Brazil","Serie A Betano","2017","Gremio","Ponte Preta","3","1","H","0","1","A","3","0","H"
"25991","16-07-17 21:00","Brazil","Serie A Betano","2017","Vasco","Santos","0","0","D","0","0","D","0","0","D"
"25992","16-07-17 16:00","Brazil","Serie A Betano","2017","Palmeiras","Vitoria","4","2","H","2","1","H","2","1","H"
"25993","16-07-17 00:00","Brazil","Serie A Betano","2017","Corinthians","Athletico-PR","2","2","D","1","1","D","1","1","D"
"25994","14-07-17 02:00","Brazil","Serie A Betano","2017","Avai","Coritiba","1","4","A","1","2","A","0","2","A"
"25995","14-07-17 00:30","Brazil","Serie A Betano","2017","Flamengo RJ","Gremio","0","1","A","0","1","A","0","0","D"
"25996","14-07-17 00:30","Brazil","Serie A Betano","2017","Sao Paulo","Atletico GO","2","2","D","0","0","D","2","2","D"
"25997","14-07-17 00:30","Brazil","Serie A Betano","2017","Sport Recife","Chapecoense-SC","3","0","H","0","0","D","3","0","H"
"25998","13-07-17 02:45","Brazil","Serie A Betano","2017","Athletico-PR","Cruzeiro","0","2","A","0","1","A","0","1","A"
"25999","13-07-17 02:45","Brazil","Serie A Betano","2017","Palmeiras","Corinthians","0","2","A","0","1","A","0","1","A"
"26000","13-07-17 02:45","Brazil","Serie A Betano","2017","Vitoria","Vasco","1","4","A","0","1","A","1","3","A"
"26001","13-07-17 02:00","Brazil","Serie A Betano","2017","Fluminense","Botafogo RJ","0","1","A","0","1","A","0","0","D"
"26002","13-07-17 00:30","Brazil","Serie A Betano","2017","Atletico-MG","Santos","0","1","A","0","0","D","0","1","A"
"26003","13-07-17 00:30","Brazil","Serie A Betano","2017","Ponte Preta","Bahia","0","3","A","0","1","A","0","2","A"
"26004","11-07-17 01:00","Brazil","Serie A Betano","2017","Coritiba","Sport Recife","0","3","A","0","1","A","0","2","A"
"26005","10-07-17 00:00","Brazil","Serie A Betano","2017","Botafogo RJ","Atletico-MG","1","1","D","0","1","A","1","0","H"
"26006","10-07-17 00:00","Brazil","Serie A Betano","2017","Santos","Sao Paulo","3","2","H","1","0","H","2","2","D"
"26007","09-07-17 21:00","Brazil","Serie A Betano","2017","Bahia","Fluminense","1","1","D","0","1","A","1","0","H"
"26008","09-07-17 21:00","Brazil","Serie A Betano","2017","Cruzeiro","Palmeiras","3","1","H","2","0","H","1","1","D"
"26009","09-07-17 21:00","Brazil","Serie A Betano","2017","Gremio","Avai","0","2","A","0","0","D","0","2","A"
"26010","09-07-17 16:00","Brazil","Serie A Betano","2017","Chapecoense-SC","Athletico-PR","1","1","D","1","1","D","0","0","D"
"26011","09-07-17 00:00","Brazil","Serie A Betano","2017","Corinthians","Ponte Preta","2","0","H","1","0","H","1","0","H"
"26012","08-07-17 23:00","Brazil","Serie A Betano","2017","Vasco","Flamengo RJ","0","1","A","0","0","D","0","1","A"
"26013","08-07-17 21:00","Brazil","Serie A Betano","2017","Atletico GO","Vitoria","1","2","A","0","1","A","1","1","D"
"26014","04-07-17 01:00","Brazil","Serie A Betano","2017","Fluminense","Chapecoense-SC","3","3","D","1","2","A","2","1","H"
"26015","03-07-17 00:00","Brazil","Serie A Betano","2017","Avai","Ponte Preta","0","0","D","0","0","D","0","0","D"
"26016","03-07-17 00:00","Brazil","Serie A Betano","2017","Coritiba","Vasco","2","2","D","0","1","A","2","1","H"
"26017","02-07-17 21:00","Brazil","Serie A Betano","2017","Atletico-MG","Cruzeiro","3","1","H","2","1","H","1","0","H"
"26018","02-07-17 21:00","Brazil","Serie A Betano","2017","Corinthians","Botafogo RJ","1","0","H","0","0","D","1","0","H"
"26019","02-07-17 21:00","Brazil","Serie A Betano","2017","Flamengo RJ","Sao Paulo","2","0","H","2","0","H","0","0","D"
"26020","02-07-17 21:00","Brazil","Serie A Betano","2017","Sport Recife","Athletico-PR","1","0","H","0","0","D","1","0","H"
"26021","02-07-17 21:00","Brazil","Serie A Betano","2017","Vitoria","Bahia","0","0","D","0","0","D","0","0","D"
"26022","02-07-17 00:00","Brazil","Serie A Betano","2017","Atletico GO","Santos","1","1","D","1","0","H","0","1","A"
"26023","01-07-17 21:00","Brazil","Serie A Betano","2017","Palmeiras","Gremio","1","0","H","0","0","D","1","0","H"
"26024","27-06-17 01:00","Brazil","Serie A Betano","2017","Botafogo RJ","Avai","0","2","A","0","2","A","0","0","D"
"26025","26-06-17 00:00","Brazil","Serie A Betano","2017","Chapecoense-SC","Atletico-MG","0","1","A","0","1","A","0","0","D"
"26026","25-06-17 23:30","Brazil","Serie A Betano","2017","Bahia","Flamengo RJ","0","1","A","0","0","D","0","1","A"
"26027","25-06-17 21:00","Brazil","Serie A Betano","2017","Athletico-PR","Vitoria","4","1","H","1","1","D","3","0","H"
"26028","25-06-17 21:00","Brazil","Serie A Betano","2017","Cruzeiro","Coritiba","2","0","H","1","0","H","1","0","H"
"26029","25-06-17 21:00","Brazil","Serie A Betano","2017","Gremio","Corinthians","0","1","A","0","0","D","0","1","A"
"26030","25-06-17 21:00","Brazil","Serie A Betano","2017","Ponte Preta","Palmeiras","1","2","A","1","2","A","0","0","D"
"26031","25-06-17 21:00","Brazil","Serie A Betano","2017","Sao Paulo","Fluminense","1","1","D","1","0","H","0","1","A"
"26032","25-06-17 16:00","Brazil","Serie A Betano","2017","Vasco","Atletico GO","1","0","H","1","0","H","0","0","D"
"26033","25-06-17 00:00","Brazil","Serie A Betano","2017","Santos","Sport Recife","0","1","A","0","0","D","0","1","A"
"26034","23-06-17 02:00","Brazil","Serie A Betano","2017","Flamengo RJ","Chapecoense-SC","5","1","H","2","0","H","3","1","H"
"26035","23-06-17 02:00","Brazil","Serie A Betano","2017","Gremio","Coritiba","2","0","H","1","0","H","1","0","H"
"26036","23-06-17 00:30","Brazil","Serie A Betano","2017","Corinthians","Bahia","3","0","H","1","0","H","2","0","H"
"26037","23-06-17 00:30","Brazil","Serie A Betano","2017","Ponte Preta","Cruzeiro","1","0","H","1","0","H","0","0","D"
"26038","22-06-17 02:45","Brazil","Serie A Betano","2017","Athletico-PR","Sao Paulo","1","0","H","1","0","H","0","0","D"
"26039","22-06-17 02:45","Brazil","Serie A Betano","2017","Atletico-MG","Sport Recife","2","2","D","2","1","H","0","1","A"
"26040","22-06-17 02:45","Brazil","Serie A Betano","2017","Avai","Fluminense","0","3","A","0","2","A","0","1","A"
"26041","22-06-17 02:00","Brazil","Serie A Betano","2017","Botafogo RJ","Vasco","3","1","H","2","0","H","1","1","D"
"26042","22-06-17 02:00","Brazil","Serie A Betano","2017","Palmeiras","Atletico GO","1","0","H","1","0","H","0","0","D"
"26043","22-06-17 00:30","Brazil","Serie A Betano","2017","Vitoria","Santos","0","2","A","0","1","A","0","1","A"
"26044","20-06-17 01:00","Brazil","Serie A Betano","2017","Cruzeiro","Gremio","3","3","D","1","2","A","2","1","H"
"26045","19-06-17 00:00","Brazil","Serie A Betano","2017","Sport Recife","Vitoria","1","3","A","1","2","A","0","1","A"
"26046","18-06-17 21:00","Brazil","Serie A Betano","2017","Bahia","Palmeiras","2","4","A","1","1","D","1","3","A"
"26047","18-06-17 21:00","Brazil","Serie A Betano","2017","Chapecoense-SC","Botafogo RJ","0","2","A","0","1","A","0","1","A"
"26048","18-06-17 21:00","Brazil","Serie A Betano","2017","Fluminense","Flamengo RJ","2","2","D","1","0","H","1","2","A"
"26049","18-06-17 21:00","Brazil","Serie A Betano","2017","Sao Paulo","Atletico-MG","1","2","A","0","1","A","1","1","D"
"26050","18-06-17 16:00","Brazil","Serie A Betano","2017","Coritiba","Corinthians","0","0","D","0","0","D","0","0","D"
"26051","18-06-17 02:00","Brazil","Serie A Betano","2017","Santos","Ponte Preta","0","0","D","0","0","D","0","0","D"
"26052","18-06-17 00:00","Brazil","Serie A Betano","2017","Vasco","Avai","1","0","H","1","0","H","0","0","D"
"26053","17-06-17 21:00","Brazil","Serie A Betano","2017","Atletico GO","Athletico-PR","0","1","A","0","1","A","0","0","D"
"26054","16-06-17 02:00","Brazil","Serie A Betano","2017","Fluminense","Gremio","0","2","A","0","1","A","0","1","A"
"26055","15-06-17 21:00","Brazil","Serie A Betano","2017","Coritiba","Bahia","0","0","D","0","0","D","0","0","D"
"26056","15-06-17 02:45","Brazil","Serie A Betano","2017","Chapecoense-SC","Vasco","2","1","H","1","1","D","1","0","H"
"26057","15-06-17 02:45","Brazil","Serie A Betano","2017","Corinthians","Cruzeiro","1","0","H","1","0","H","0","0","D"
"26058","15-06-17 02:45","Brazil","Serie A Betano","2017","Santos","Palmeiras","1","0","H","0","0","D","1","0","H"
"26059","15-06-17 02:00","Brazil","Serie A Betano","2017","Flamengo RJ","Ponte Preta","2","0","H","1","0","H","1","0","H"
"26060","15-06-17 00:30","Brazil","Serie A Betano","2017","Atletico GO","Avai","3","1","H","2","1","H","1","0","H"
"26061","15-06-17 00:30","Brazil","Serie A Betano","2017","Atletico-MG","Athletico-PR","0","1","A","0","0","D","0","1","A"
"26062","15-06-17 00:30","Brazil","Serie A Betano","2017","Sport Recife","Sao Paulo","0","0","D","0","0","D","0","0","D"
"26063","15-06-17 00:30","Brazil","Serie A Betano","2017","Vitoria","Botafogo RJ","2","2","D","0","2","A","2","0","H"
"26064","13-06-17 01:00","Brazil","Serie A Betano","2017","Gremio","Bahia","1","0","H","0","0","D","1","0","H"
"26065","12-06-17 00:00","Brazil","Serie A Betano","2017","Athletico-PR","Santos","0","2","A","0","2","A","0","0","D"
"26066","11-06-17 23:30","Brazil","Serie A Betano","2017","Cruzeiro","Atletico GO","2","0","H","0","0","D","2","0","H"
"26067","11-06-17 21:00","Brazil","Serie A Betano","2017","Avai","Flamengo RJ","1","1","D","0","0","D","1","1","D"
"26068","11-06-17 21:00","Brazil","Serie A Betano","2017","Corinthians","Sao Paulo","3","2","H","2","1","H","1","1","D"
"26069","11-06-17 21:00","Brazil","Serie A Betano","2017","Ponte Preta","Chapecoense-SC","3","2","H","2","0","H","1","2","A"
"26070","11-06-17 21:00","Brazil","Serie A Betano","2017","Vitoria","Atletico-MG","2","0","H","1","0","H","1","0","H"
"26071","11-06-17 16:00","Brazil","Serie A Betano","2017","Botafogo RJ","Coritiba","2","2","D","1","1","D","1","1","D"
"26072","11-06-17 00:00","Brazil","Serie A Betano","2017","Vasco","Sport Recife","2","1","H","0","0","D","2","1","H"
"26073","10-06-17 21:00","Brazil","Serie A Betano","2017","Palmeiras","Fluminense","3","1","H","2","1","H","1","0","H"
"26074","09-06-17 02:00","Brazil","Serie A Betano","2017","Bahia","Cruzeiro","1","0","H","1","0","H","0","0","D"
"26075","09-06-17 01:00","Brazil","Serie A Betano","2017","Chapecoense-SC","Gremio","3","6","A","1","2","A","2","4","A"
"26076","09-06-17 00:30","Brazil","Serie A Betano","2017","Atletico GO","Ponte Preta","3","0","H","2","0","H","1","0","H"
"26077","09-06-17 00:30","Brazil","Serie A Betano","2017","Sao Paulo","Vitoria","2","0","H","0","0","D","2","0","H"
"26078","08-06-17 02:45","Brazil","Serie A Betano","2017","Sport Recife","Flamengo RJ","2","0","H","0","0","D","2","0","H"
"26079","08-06-17 02:45","Brazil","Serie A Betano","2017","Vasco","Corinthians","2","5","A","0","2","A","2","3","A"
"26080","08-06-17 02:00","Brazil","Serie A Betano","2017","Santos","Botafogo RJ","1","0","H","0","0","D","1","0","H"
"26081","08-06-17 00:30","Brazil","Serie A Betano","2017","Atletico-MG","Avai","1","0","H","1","0","H","0","0","D"
"26082","08-06-17 00:30","Brazil","Serie A Betano","2017","Coritiba","Palmeiras","1","0","H","0","0","D","1","0","H"
"26083","07-06-17 01:00","Brazil","Serie A Betano","2017","Fluminense","Athletico-PR","1","1","D","1","1","D","0","0","D"
"26084","06-06-17 01:00","Brazil","Serie A Betano","2017","Bahia","Atletico GO","3","0","H","2","0","H","1","0","H"
"26085","05-06-17 00:00","Brazil","Serie A Betano","2017","Cruzeiro","Chapecoense-SC","0","2","A","0","1","A","0","1","A"
"26086","04-06-17 21:00","Brazil","Serie A Betano","2017","Gremio","Vasco","2","0","H","1","0","H","1","0","H"
"26087","04-06-17 21:00","Brazil","Serie A Betano","2017","Palmeiras","Atletico-MG","0","0","D","0","0","D","0","0","D"
"26088","04-06-17 21:00","Brazil","Serie A Betano","2017","Ponte Preta","Sao Paulo","1","0","H","0","0","D","1","0","H"
"26089","04-06-17 16:00","Brazil","Serie A Betano","2017","Avai","Sport Recife","1","0","H","1","0","H","0","0","D"
"26090","04-06-17 16:00","Brazil","Serie A Betano","2017","Flamengo RJ","Botafogo RJ","0","0","D","0","0","D","0","0","D"
"26091","04-06-17 00:00","Brazil","Serie A Betano","2017","Corinthians","Santos","2","0","H","0","0","D","2","0","H"
"26092","03-06-17 23:00","Brazil","Serie A Betano","2017","Fluminense","Vitoria","2","1","H","1","0","H","1","1","D"
"26093","03-06-17 21:00","Brazil","Serie A Betano","2017","Coritiba","Athletico-PR","1","0","H","0","0","D","1","0","H"
"26094","30-05-17 01:00","Brazil","Serie A Betano","2017","Chapecoense-SC","Avai","2","0","H","2","0","H","0","0","D"
"26095","29-05-17 00:00","Brazil","Serie A Betano","2017","Botafogo RJ","Bahia","1","0","H","1","0","H","0","0","D"
"26096","28-05-17 23:00","Brazil","Serie A Betano","2017","Sport Recife","Gremio","4","3","H","1","2","A","3","1","H"
"26097","28-05-17 21:00","Brazil","Serie A Betano","2017","Athletico-PR","Flamengo RJ","1","1","D","0","1","A","1","0","H"
"26098","28-05-17 21:00","Brazil","Serie A Betano","2017","Atletico GO","Corinthians","0","1","A","0","1","A","0","0","D"
"26099","28-05-17 21:00","Brazil","Serie A Betano","2017","Santos","Cruzeiro","0","1","A","0","0","D","0","1","A"
"26100","28-05-17 16:00","Brazil","Serie A Betano","2017","Atletico-MG","Ponte Preta","2","2","D","1","0","H","1","2","A"
"26101","28-05-17 02:00","Brazil","Serie A Betano","2017","Vitoria","Coritiba","0","1","A","0","0","D","0","1","A"
"26102","28-05-17 00:00","Brazil","Serie A Betano","2017","Sao Paulo","Palmeiras","2","0","H","0","0","D","2","0","H"
"26103","27-05-17 21:00","Brazil","Serie A Betano","2017","Vasco","Fluminense","3","2","H","1","0","H","2","2","D"
"26104","23-05-17 01:00","Brazil","Serie A Betano","2017","Sao Paulo","Avai","2","0","H","1","0","H","1","0","H"
"26105","22-05-17 00:00","Brazil","Serie A Betano","2017","Sport Recife","Cruzeiro","1","1","D","1","1","D","0","0","D"
"26106","21-05-17 23:00","Brazil","Serie A Betano","2017","Botafogo RJ","Ponte Preta","2","0","H","1","0","H","1","0","H"
"26107","21-05-17 21:00","Brazil","Serie A Betano","2017","Athletico-PR","Gremio","0","2","A","0","0","D","0","2","A"
"26108","21-05-17 21:00","Brazil","Serie A Betano","2017","Atletico-MG","Fluminense","1","2","A","1","2","A","0","0","D"
"26109","21-05-17 21:00","Brazil","Serie A Betano","2017","Vitoria","Corinthians","0","1","A","0","0","D","0","1","A"
"26110","21-05-17 16:00","Brazil","Serie A Betano","2017","Vasco","Bahia","2","1","H","0","0","D","2","1","H"
"26111","21-05-17 00:00","Brazil","Serie A Betano","2017","Atletico GO","Flamengo RJ","0","3","A","0","1","A","0","2","A"
"26112","21-05-17 00:00","Brazil","Serie A Betano","2017","Chapecoense-SC","Palmeiras","1","0","H","0","0","D","1","0","H"
"26113","20-05-17 21:00","Brazil","Serie A Betano","2017","Santos","Coritiba","1","0","H","1","0","H","0","0","D"
"26114","16-05-17 01:00","Brazil","Serie A Betano","2017","Coritiba","Atletico GO","4","1","H","2","0","H","2","1","H"
"26115","15-05-17 00:00","Brazil","Serie A Betano","2017","Gremio","Botafogo RJ","2","0","H","1","0","H","1","0","H"
"26116","14-05-17 21:00","Brazil","Serie A Betano","2017","Avai","Vitoria","0","0","D","0","0","D","0","0","D"
"26117","14-05-17 21:00","Brazil","Serie A Betano","2017","Bahia","Athletico-PR","6","2","H","5","2","H","1","0","H"
"26118","14-05-17 21:00","Brazil","Serie A Betano","2017","Cruzeiro","Sao Paulo","1","0","H","0","0","D","1","0","H"
"26119","14-05-17 21:00","Brazil","Serie A Betano","2017","Palmeiras","Vasco","4","0","H","2","0","H","2","0","H"
"26120","14-05-17 21:00","Brazil","Serie A Betano","2017","Ponte Preta","Sport Recife","4","0","H","2","0","H","2","0","H"
"26121","14-05-17 16:00","Brazil","Serie A Betano","2017","Fluminense","Santos","3","2","H","2","1","H","1","1","D"
"26122","14-05-17 00:00","Brazil","Serie A Betano","2017","Corinthians","Chapecoense-SC","1","1","D","1","0","H","0","1","A"
"26123","13-05-17 21:00","Brazil","Serie A Betano","2017","Flamengo RJ","Atletico-MG","1","1","D","1","0","H","0","1","A"
"26124","11-12-16 20:00","Brazil","Serie A Betano","2016","Athletico-PR","Flamengo RJ","0","0","D","0","0","D","0","0","D"
"26125","11-12-16 20:00","Brazil","Serie A Betano","2016","Cruzeiro","Corinthians","3","2","H","1","1","D","2","1","H"
"26126","11-12-16 20:00","Brazil","Serie A Betano","2016","Fluminense","Internacional","1","1","D","0","0","D","1","1","D"
"26127","11-12-16 20:00","Brazil","Serie A Betano","2016","Gremio","Botafogo RJ","0","1","A","0","1","A","0","0","D"
"26128","11-12-16 20:00","Brazil","Serie A Betano","2016","Ponte Preta","Coritiba","2","0","H","0","0","D","2","0","H"
"26129","11-12-16 20:00","Brazil","Serie A Betano","2016","Santos","America MG","1","0","H","0","0","D","1","0","H"
"26130","11-12-16 20:00","Brazil","Serie A Betano","2016","Sao Paulo","Santa Cruz","5","0","H","2","0","H","3","0","H"
"26131","11-12-16 20:00","Brazil","Serie A Betano","2016","Sport Recife","Figueirense","2","0","H","0","0","D","2","0","H"
"26132","11-12-16 20:00","Brazil","Serie A Betano","2016","Vitoria","Palmeiras","1","2","A","1","2","A","0","0","D"
"26133","28-11-16 23:00","Brazil","Serie A Betano","2016","Coritiba","Vitoria","0","1","A","0","1","A","0","0","D"
"26134","27-11-16 22:30","Brazil","Serie A Betano","2016","Figueirense","Fluminense","1","0","H","1","0","H","0","0","D"
"26135","27-11-16 22:30","Brazil","Serie A Betano","2016","Santa Cruz","Gremio","5","1","H","0","0","D","5","1","H"
"26136","27-11-16 20:00","Brazil","Serie A Betano","2016","Atletico-MG","Sao Paulo","1","2","A","1","1","D","0","1","A"
"26137","27-11-16 20:00","Brazil","Serie A Betano","2016","Flamengo RJ","Santos","2","0","H","1","0","H","1","0","H"
"26138","27-11-16 20:00","Brazil","Serie A Betano","2016","Internacional","Cruzeiro","1","0","H","0","0","D","1","0","H"
"26139","27-11-16 20:00","Brazil","Serie A Betano","2016","Palmeiras","Chapecoense-SC","1","0","H","1","0","H","0","0","D"
"26140","27-11-16 00:00","Brazil","Serie A Betano","2016","Corinthians","Athletico-PR","0","0","D","0","0","D","0","0","D"
"26141","26-11-16 23:00","Brazil","Serie A Betano","2016","America MG","Sport Recife","2","2","D","0","1","A","2","1","H"
"26142","26-11-16 23:00","Brazil","Serie A Betano","2016","Botafogo RJ","Ponte Preta","1","1","D","1","0","H","0","1","A"
"26143","21-11-16 23:00","Brazil","Serie A Betano","2016","Corinthians","Internacional","1","0","H","0","0","D","1","0","H"
"26144","20-11-16 22:30","Brazil","Serie A Betano","2016","Chapecoense-SC","Sao Paulo","2","0","H","2","0","H","0","0","D"
"26145","20-11-16 22:30","Brazil","Serie A Betano","2016","Flamengo RJ","Coritiba","2","2","D","2","1","H","0","1","A"
"26146","20-11-16 22:30","Brazil","Serie A Betano","2016","Santa Cruz","Atletico-MG","3","3","D","2","1","H","1","2","A"
"26147","20-11-16 20:00","Brazil","Serie A Betano","2016","Athletico-PR","Sport Recife","2","0","H","2","0","H","0","0","D"
"26148","20-11-16 20:00","Brazil","Serie A Betano","2016","Cruzeiro","Santos","2","2","D","1","0","H","1","2","A"
"26149","20-11-16 20:00","Brazil","Serie A Betano","2016","Gremio","America MG","3","0","H","2","0","H","1","0","H"
"26150","20-11-16 20:00","Brazil","Serie A Betano","2016","Palmeiras","Botafogo RJ","1","0","H","0","0","D","1","0","H"
"26151","20-11-16 20:00","Brazil","Serie A Betano","2016","Ponte Preta","Fluminense","1","0","H","1","0","H","0","0","D"
"26152","20-11-16 20:00","Brazil","Serie A Betano","2016","Vitoria","Figueirense","4","0","H","1","0","H","3","0","H"
"26153","18-11-16 00:00","Brazil","Serie A Betano","2016","Atletico-MG","Palmeiras","1","1","D","0","1","A","1","0","H"
"26154","18-11-16 00:00","Brazil","Serie A Betano","2016","Internacional","Ponte Preta","1","1","D","1","0","H","0","1","A"
"26155","17-11-16 22:30","Brazil","Serie A Betano","2016","Santos","Vitoria","3","2","H","1","0","H","2","2","D"
"26156","17-11-16 22:30","Brazil","Serie A Betano","2016","Sao Paulo","Gremio","1","1","D","1","0","H","0","1","A"
"26157","17-11-16 00:45","Brazil","Serie A Betano","2016","America MG","Flamengo RJ","0","1","A","0","1","A","0","0","D"
"26158","17-11-16 00:45","Brazil","Serie A Betano","2016","Figueirense","Corinthians","1","1","D","0","1","A","1","0","H"
"26159","17-11-16 00:45","Brazil","Serie A Betano","2016","Sport Recife","Cruzeiro","0","1","A","0","1","A","0","0","D"
"26160","17-11-16 00:00","Brazil","Serie A Betano","2016","Coritiba","Santa Cruz","1","0","H","0","0","D","1","0","H"
"26161","16-11-16 22:30","Brazil","Serie A Betano","2016","Botafogo RJ","Chapecoense-SC","0","2","A","0","1","A","0","1","A"
"26162","15-11-16 20:00","Brazil","Serie A Betano","2016","Fluminense","Athletico-PR","1","1","D","1","0","H","0","1","A"
"26163","07-11-16 23:00","Brazil","Serie A Betano","2016","Gremio","Sport Recife","0","3","A","0","1","A","0","2","A"
"26164","06-11-16 22:30","Brazil","Serie A Betano","2016","Chapecoense-SC","Figueirense","1","0","H","0","0","D","1","0","H"
"26165","06-11-16 22:30","Brazil","Serie A Betano","2016","Coritiba","Atletico-MG","2","0","H","0","0","D","2","0","H"
"26166","06-11-16 20:00","Brazil","Serie A Betano","2016","Cruzeiro","Fluminense","4","2","H","2","1","H","2","1","H"
"26167","06-11-16 20:00","Brazil","Serie A Betano","2016","Palmeiras","Internacional","1","0","H","1","0","H","0","0","D"
"26168","06-11-16 20:00","Brazil","Serie A Betano","2016","Santa Cruz","America MG","1","0","H","1","0","H","0","0","D"
"26169","06-11-16 20:00","Brazil","Serie A Betano","2016","Vitoria","Athletico-PR","3","2","H","1","2","A","2","0","H"
"26170","06-11-16 14:00","Brazil","Serie A Betano","2016","Ponte Preta","Santos","1","2","A","1","0","H","0","2","A"
"26171","05-11-16 22:30","Brazil","Serie A Betano","2016","Sao Paulo","Corinthians","4","0","H","1","0","H","3","0","H"
"26172","05-11-16 20:00","Brazil","Serie A Betano","2016","Flamengo RJ","Botafogo RJ","0","0","D","0","0","D","0","0","D"
"26173","31-10-16 23:00","Brazil","Serie A Betano","2016","America MG","Sao Paulo","1","0","H","1","0","H","0","0","D"
"26174","29-10-16 23:30","Brazil","Serie A Betano","2016","Figueirense","Gremio","0","0","D","0","0","D","0","0","D"
"26175","29-10-16 23:30","Brazil","Serie A Betano","2016","Santos","Palmeiras","1","0","H","0","0","D","1","0","H"
"26176","29-10-16 22:30","Brazil","Serie A Betano","2016","Botafogo RJ","Coritiba","0","0","D","0","0","D","0","0","D"
"26177","29-10-16 22:30","Brazil","Serie A Betano","2016","Internacional","Santa Cruz","1","1","D","1","1","D","0","0","D"
"26178","29-10-16 20:30","Brazil","Serie A Betano","2016","Athletico-PR","Cruzeiro","1","0","H","1","0","H","0","0","D"
"26179","29-10-16 20:30","Brazil","Serie A Betano","2016","Atletico-MG","Flamengo RJ","2","2","D","0","1","A","2","1","H"
"26180","29-10-16 20:30","Brazil","Serie A Betano","2016","Corinthians","Chapecoense-SC","1","1","D","0","0","D","1","1","D"
"26181","28-10-16 23:30","Brazil","Serie A Betano","2016","Fluminense","Vitoria","2","2","D","2","1","H","0","1","A"
"26182","28-10-16 00:30","Brazil","Serie A Betano","2016","Sport Recife","Ponte Preta","1","0","H","0","0","D","1","0","H"
"26183","25-10-16 00:00","Brazil","Serie A Betano","2016","America MG","Athletico-PR","1","0","H","0","0","D","1","0","H"
"26184","23-10-16 23:30","Brazil","Serie A Betano","2016","Atletico-MG","Figueirense","3","0","H","1","0","H","2","0","H"
"26185","23-10-16 23:30","Brazil","Serie A Betano","2016","Chapecoense-SC","Santos","0","1","A","0","1","A","0","0","D"
"26186","23-10-16 22:30","Brazil","Serie A Betano","2016","Coritiba","Fluminense","1","1","D","0","1","A","1","0","H"
"26187","23-10-16 21:00","Brazil","Serie A Betano","2016","Flamengo RJ","Corinthians","2","2","D","1","2","A","1","0","H"
"26188","23-10-16 21:00","Brazil","Serie A Betano","2016","Gremio","Internacional","0","0","D","0","0","D","0","0","D"
"26189","23-10-16 21:00","Brazil","Serie A Betano","2016","Palmeiras","Sport Recife","2","1","H","2","1","H","0","0","D"
"26190","23-10-16 21:00","Brazil","Serie A Betano","2016","Vitoria","Cruzeiro","0","1","A","0","1","A","0","0","D"
"26191","22-10-16 21:00","Brazil","Serie A Betano","2016","Sao Paulo","Ponte Preta","2","0","H","1","0","H","1","0","H"
"26192","20-10-16 01:45","Brazil","Serie A Betano","2016","Santa Cruz","Botafogo RJ","0","1","A","0","0","D","0","1","A"
"26193","18-10-16 00:00","Brazil","Serie A Betano","2016","Fluminense","Sao Paulo","1","2","A","1","0","H","0","2","A"
"26194","16-10-16 23:30","Brazil","Serie A Betano","2016","Santos","Gremio","1","1","D","1","1","D","0","0","D"
"26195","16-10-16 23:30","Brazil","Serie A Betano","2016","Sport Recife","Vitoria","1","0","H","1","0","H","0","0","D"
"26196","16-10-16 22:30","Brazil","Serie A Betano","2016","Corinthians","America MG","2","0","H","2","0","H","0","0","D"
"26197","16-10-16 22:30","Brazil","Serie A Betano","2016","Ponte Preta","Santa Cruz","3","0","H","0","0","D","3","0","H"
"26198","16-10-16 21:00","Brazil","Serie A Betano","2016","Athletico-PR","Coritiba","2","0","H","1","0","H","1","0","H"
"26199","16-10-16 21:00","Brazil","Serie A Betano","2016","Botafogo RJ","Atletico-MG","3","2","H","2","0","H","1","2","A"
"26200","16-10-16 21:00","Brazil","Serie A Betano","2016","Cruzeiro","Chapecoense-SC","0","0","D","0","0","D","0","0","D"
"26201","16-10-16 21:00","Brazil","Serie A Betano","2016","Figueirense","Palmeiras","1","2","A","0","0","D","1","2","A"
"26202","16-10-16 21:00","Brazil","Serie A Betano","2016","Internacional","Flamengo RJ","2","1","H","0","0","D","2","1","H"
"26203","14-10-16 02:00","Brazil","Serie A Betano","2016","Fluminense","Flamengo RJ","1","2","A","0","1","A","1","1","D"
"26204","14-10-16 02:00","Brazil","Serie A Betano","2016","Gremio","Athletico-PR","1","0","H","1","0","H","0","0","D"
"26205","14-10-16 02:00","Brazil","Serie A Betano","2016","Sao Paulo","Santos","0","1","A","0","0","D","0","1","A"
"26206","14-10-16 00:30","Brazil","Serie A Betano","2016","Atletico-MG","America MG","3","0","H","1","0","H","2","0","H"
"26207","14-10-16 00:30","Brazil","Serie A Betano","2016","Palmeiras","Cruzeiro","0","0","D","0","0","D","0","0","D"
"26208","14-10-16 00:30","Brazil","Serie A Betano","2016","Ponte Preta","Vitoria","2","0","H","2","0","H","0","0","D"
"26209","13-10-16 02:45","Brazil","Serie A Betano","2016","Botafogo RJ","Internacional","1","0","H","0","0","D","1","0","H"
"26210","13-10-16 02:45","Brazil","Serie A Betano","2016","Santa Cruz","Corinthians","2","4","A","1","1","D","1","3","A"
"26211","13-10-16 00:30","Brazil","Serie A Betano","2016","Coritiba","Figueirense","0","0","D","0","0","D","0","0","D"
"26212","12-10-16 16:00","Brazil","Serie A Betano","2016","Chapecoense-SC","Sport Recife","3","0","H","1","0","H","2","0","H"
"26213","09-10-16 22:00","Brazil","Serie A Betano","2016","America MG","Palmeiras","0","2","A","0","1","A","0","1","A"
"26214","09-10-16 22:00","Brazil","Serie A Betano","2016","Figueirense","Botafogo RJ","0","1","A","0","0","D","0","1","A"
"26215","09-10-16 22:00","Brazil","Serie A Betano","2016","Flamengo RJ","Santa Cruz","3","0","H","1","0","H","2","0","H"
"26216","09-10-16 02:00","Brazil","Serie A Betano","2016","Cruzeiro","Ponte Preta","2","0","H","1","0","H","1","0","H"
"26217","07-10-16 00:30","Brazil","Serie A Betano","2016","Internacional","Coritiba","1","0","H","0","0","D","1","0","H"
"26218","06-10-16 02:45","Brazil","Serie A Betano","2016","Sport Recife","Sao Paulo","1","1","D","1","1","D","0","0","D"
"26219","06-10-16 02:00","Brazil","Serie A Betano","2016","Corinthians","Atletico-MG","0","0","D","0","0","D","0","0","D"
"26220","06-10-16 02:00","Brazil","Serie A Betano","2016","Santos","Fluminense","2","1","H","0","0","D","2","1","H"
"26221","06-10-16 00:30","Brazil","Serie A Betano","2016","Athletico-PR","Chapecoense-SC","3","1","H","1","1","D","2","0","H"
"26222","06-10-16 00:30","Brazil","Serie A Betano","2016","Vitoria","Gremio","0","1","A","0","0","D","0","1","A"
"26223","04-10-16 02:00","Brazil","Serie A Betano","2016","Coritiba","America MG","3","0","H","1","0","H","2","0","H"
"26224","04-10-16 01:00","Brazil","Serie A Betano","2016","Santa Cruz","Palmeiras","2","3","A","0","1","A","2","2","D"
"26225","02-10-16 02:00","Brazil","Serie A Betano","2016","Internacional","Figueirense","1","0","H","1","0","H","0","0","D"
"26226","01-10-16 23:30","Brazil","Serie A Betano","2016","Cruzeiro","Gremio","1","0","H","0","0","D","1","0","H"
"26227","01-10-16 21:30","Brazil","Serie A Betano","2016","Botafogo RJ","Corinthians","2","0","H","2","0","H","0","0","D"
"26228","01-10-16 21:30","Brazil","Serie A Betano","2016","Ponte Preta","Atletico-MG","1","2","A","0","2","A","1","0","H"
"26229","01-10-16 21:00","Brazil","Serie A Betano","2016","Chapecoense-SC","Vitoria","1","4","A","0","4","A","1","0","H"
"26230","01-10-16 21:00","Brazil","Serie A Betano","2016","Santos","Athletico-PR","2","0","H","1","0","H","1","0","H"
"26231","01-10-16 21:00","Brazil","Serie A Betano","2016","Sao Paulo","Flamengo RJ","0","0","D","0","0","D","0","0","D"
"26232","01-10-16 16:00","Brazil","Serie A Betano","2016","Fluminense","Sport Recife","3","1","H","0","1","A","3","0","H"
"26233","25-09-16 23:30","Brazil","Serie A Betano","2016","Atletico-MG","Internacional","3","1","H","2","1","H","1","0","H"
"26234","25-09-16 21:00","Brazil","Serie A Betano","2016","Corinthians","Fluminense","0","1","A","0","0","D","0","1","A"
"26235","25-09-16 21:00","Brazil","Serie A Betano","2016","Flamengo RJ","Cruzeiro","2","1","H","0","0","D","2","1","H"
"26236","25-09-16 21:00","Brazil","Serie A Betano","2016","Gremio","Chapecoense-SC","1","0","H","1","0","H","0","0","D"
"26237","25-09-16 21:00","Brazil","Serie A Betano","2016","Vitoria","Sao Paulo","2","0","H","0","0","D","2","0","H"
"26238","25-09-16 16:00","Brazil","Serie A Betano","2016","Athletico-PR","Ponte Preta","3","0","H","1","0","H","2","0","H"
"26239","25-09-16 16:00","Brazil","Serie A Betano","2016","Figueirense","Santa Cruz","3","1","H","2","0","H","1","1","D"
"26240","25-09-16 02:00","Brazil","Serie A Betano","2016","America MG","Botafogo RJ","1","0","H","0","0","D","1","0","H"
"26241","24-09-16 23:30","Brazil","Serie A Betano","2016","Sport Recife","Santos","1","0","H","1","0","H","0","0","D"
"26242","24-09-16 21:00","Brazil","Serie A Betano","2016","Palmeiras","Coritiba","2","1","H","0","0","D","2","1","H"
"26243","20-09-16 01:00","Brazil","Serie A Betano","2016","America MG","Internacional","1","0","H","0","0","D","1","0","H"
"26244","18-09-16 23:30","Brazil","Serie A Betano","2016","Santos","Santa Cruz","3","2","H","1","0","H","2","2","D"
"26245","18-09-16 23:30","Brazil","Serie A Betano","2016","Vitoria","Botafogo RJ","0","1","A","0","1","A","0","0","D"
"26246","18-09-16 21:00","Brazil","Serie A Betano","2016","Athletico-PR","Sao Paulo","1","0","H","0","0","D","1","0","H"
"26247","18-09-16 21:00","Brazil","Serie A Betano","2016","Chapecoense-SC","Ponte Preta","2","2","D","2","1","H","0","1","A"
"26248","18-09-16 21:00","Brazil","Serie A Betano","2016","Cruzeiro","Atletico-MG","1","1","D","0","1","A","1","0","H"
"26249","18-09-16 21:00","Brazil","Serie A Betano","2016","Gremio","Fluminense","0","1","A","0","1","A","0","0","D"
"26250","18-09-16 21:00","Brazil","Serie A Betano","2016","Sport Recife","Coritiba","0","1","A","0","1","A","0","0","D"
"26251","18-09-16 16:00","Brazil","Serie A Betano","2016","Flamengo RJ","Figueirense","2","0","H","1","0","H","1","0","H"
"26252","17-09-16 21:00","Brazil","Serie A Betano","2016","Corinthians","Palmeiras","0","2","A","0","1","A","0","1","A"
"26253","16-09-16 02:00","Brazil","Serie A Betano","2016","Internacional","Vitoria","0","1","A","0","0","D","0","1","A"
"26254","16-09-16 02:00","Brazil","Serie A Betano","2016","Sao Paulo","Cruzeiro","1","0","H","1","0","H","0","0","D"
"26255","16-09-16 00:30","Brazil","Serie A Betano","2016","Atletico-MG","Sport Recife","1","0","H","0","0","D","1","0","H"
"26256","16-09-16 00:30","Brazil","Serie A Betano","2016","Fluminense","Chapecoense-SC","1","2","A","1","0","H","0","2","A"
"26257","15-09-16 02:45","Brazil","Serie A Betano","2016","Coritiba","Corinthians","1","1","D","1","1","D","0","0","D"
"26258","15-09-16 02:45","Brazil","Serie A Betano","2016","Palmeiras","Flamengo RJ","1","1","D","0","0","D","1","1","D"
"26259","15-09-16 02:00","Brazil","Serie A Betano","2016","Ponte Preta","Gremio","3","0","H","0","0","D","3","0","H"
"26260","15-09-16 02:00","Brazil","Serie A Betano","2016","Santa Cruz","Athletico-PR","1","0","H","0","0","D","1","0","H"
"26261","15-09-16 00:30","Brazil","Serie A Betano","2016","Botafogo RJ","Santos","0","1","A","0","1","A","0","0","D"
"26262","15-09-16 00:30","Brazil","Serie A Betano","2016","Figueirense","America MG","2","2","D","2","1","H","0","1","A"
"26263","13-09-16 01:00","Brazil","Serie A Betano","2016","Fluminense","Atletico-MG","4","2","H","0","1","A","4","1","H"
"26264","11-09-16 23:30","Brazil","Serie A Betano","2016","Gremio","Palmeiras","0","0","D","0","0","D","0","0","D"
"26265","11-09-16 23:30","Brazil","Serie A Betano","2016","Ponte Preta","America MG","1","1","D","1","0","H","0","1","A"
"26266","11-09-16 21:00","Brazil","Serie A Betano","2016","Athletico-PR","Internacional","2","1","H","1","1","D","1","0","H"
"26267","11-09-16 21:00","Brazil","Serie A Betano","2016","Cruzeiro","Botafogo RJ","0","2","A","0","0","D","0","2","A"
"26268","11-09-16 21:00","Brazil","Serie A Betano","2016","Santos","Corinthians","2","1","H","0","1","A","2","0","H"
"26269","11-09-16 21:00","Brazil","Serie A Betano","2016","Sport Recife","Santa Cruz","5","3","H","0","1","A","5","2","H"
"26270","11-09-16 16:00","Brazil","Serie A Betano","2016","Chapecoense-SC","Coritiba","1","0","H","0","0","D","1","0","H"
"26271","11-09-16 16:00","Brazil","Serie A Betano","2016","Sao Paulo","Figueirense","3","1","H","1","0","H","2","1","H"
"26272","10-09-16 23:30","Brazil","Serie A Betano","2016","Vitoria","Flamengo RJ","1","2","A","1","1","D","0","1","A"
"26273","09-09-16 02:00","Brazil","Serie A Betano","2016","America MG","Cruzeiro","0","2","A","0","1","A","0","1","A"
"26274","09-09-16 02:00","Brazil","Serie A Betano","2016","Internacional","Santos","2","1","H","1","1","D","1","0","H"
"26275","09-09-16 00:30","Brazil","Serie A Betano","2016","Corinthians","Sport Recife","3","0","H","0","0","D","3","0","H"
"26276","08-09-16 02:45","Brazil","Serie A Betano","2016","Coritiba","Gremio","4","0","H","4","0","H","0","0","D"
"26277","08-09-16 02:45","Brazil","Serie A Betano","2016","Flamengo RJ","Ponte Preta","2","1","H","1","0","H","1","1","D"
"26278","08-09-16 02:45","Brazil","Serie A Betano","2016","Palmeiras","Sao Paulo","2","1","H","0","0","D","2","1","H"
"26279","08-09-16 00:30","Brazil","Serie A Betano","2016","Atletico-MG","Vitoria","2","1","H","1","0","H","1","1","D"
"26280","07-09-16 21:00","Brazil","Serie A Betano","2016","Botafogo RJ","Fluminense","1","0","H","0","0","D","1","0","H"
"26281","07-09-16 21:00","Brazil","Serie A Betano","2016","Figueirense","Athletico-PR","1","0","H","1","0","H","0","0","D"
"26282","07-09-16 21:00","Brazil","Serie A Betano","2016","Santa Cruz","Chapecoense-SC","2","2","D","0","1","A","2","1","H"
"26283","04-09-16 21:00","Brazil","Serie A Betano","2016","Botafogo RJ","Gremio","2","1","H","2","0","H","0","1","A"
"26284","03-09-16 21:00","Brazil","Serie A Betano","2016","Fluminense","Figueirense","3","2","H","2","0","H","1","2","A"
"26285","30-08-16 01:00","Brazil","Serie A Betano","2016","Athletico-PR","Botafogo RJ","1","0","H","1","0","H","0","0","D"
"26286","28-08-16 23:30","Brazil","Serie A Betano","2016","Sport Recife","Internacional","1","1","D","0","1","A","1","0","H"
"26287","28-08-16 23:30","Brazil","Serie A Betano","2016","Vitoria","America MG","2","1","H","1","0","H","1","1","D"
"26288","28-08-16 21:00","Brazil","Serie A Betano","2016","Chapecoense-SC","Flamengo RJ","1","3","A","1","1","D","0","2","A"
"26289","28-08-16 21:00","Brazil","Serie A Betano","2016","Fluminense","Palmeiras","0","2","A","0","2","A","0","0","D"
"26290","28-08-16 21:00","Brazil","Serie A Betano","2016","Gremio","Atletico-MG","1","1","D","0","0","D","1","1","D"
"26291","28-08-16 21:00","Brazil","Serie A Betano","2016","Sao Paulo","Coritiba","0","0","D","0","0","D","0","0","D"
"26292","28-08-16 16:00","Brazil","Serie A Betano","2016","Cruzeiro","Santa Cruz","2","0","H","0","0","D","2","0","H"
"26293","28-08-16 16:00","Brazil","Serie A Betano","2016","Santos","Figueirense","0","1","A","0","0","D","0","1","A"
"26294","27-08-16 21:00","Brazil","Serie A Betano","2016","Ponte Preta","Corinthians","2","0","H","1","0","H","1","0","H"
"26295","23-08-16 01:00","Brazil","Serie A Betano","2016","Corinthians","Vitoria","2","1","H","0","1","A","2","0","H"
"26296","21-08-16 23:30","Brazil","Serie A Betano","2016","Figueirense","Cruzeiro","1","2","A","0","1","A","1","1","D"
"26297","21-08-16 23:00","Brazil","Serie A Betano","2016","Coritiba","Santos","2","1","H","0","0","D","2","1","H"
"26298","21-08-16 21:00","Brazil","Serie A Betano","2016","Internacional","Sao Paulo","1","1","D","0","1","A","1","0","H"
"26299","21-08-16 21:00","Brazil","Serie A Betano","2016","Palmeiras","Ponte Preta","2","2","D","1","0","H","1","2","A"
"26300","21-08-16 21:00","Brazil","Serie A Betano","2016","Santa Cruz","Fluminense","0","1","A","0","1","A","0","0","D"
"26301","21-08-16 16:00","Brazil","Serie A Betano","2016","Atletico-MG","Athletico-PR","1","0","H","1","0","H","0","0","D"
"26302","21-08-16 16:00","Brazil","Serie A Betano","2016","Flamengo RJ","Gremio","2","1","H","1","0","H","1","1","D"
"26303","21-08-16 02:00","Brazil","Serie A Betano","2016","Botafogo RJ","Sport Recife","3","0","H","1","0","H","2","0","H"
"26304","20-08-16 02:30","Brazil","Serie A Betano","2016","America MG","Chapecoense-SC","1","2","A","1","0","H","0","2","A"
"26305","16-08-16 01:00","Brazil","Serie A Betano","2016","Chapecoense-SC","Internacional","1","0","H","0","0","D","1","0","H"
"26306","14-08-16 23:30","Brazil","Serie A Betano","2016","Athletico-PR","Palmeiras","0","1","A","0","1","A","0","0","D"
"26307","14-08-16 21:15","Brazil","Serie A Betano","2016","Sao Paulo","Botafogo RJ","0","1","A","0","0","D","0","1","A"
"26308","14-08-16 21:00","Brazil","Serie A Betano","2016","Cruzeiro","Coritiba","2","2","D","1","2","A","1","0","H"
"26309","14-08-16 21:00","Brazil","Serie A Betano","2016","Santos","Atletico-MG","3","0","H","1","0","H","2","0","H"
"26310","14-08-16 21:00","Brazil","Serie A Betano","2016","Vitoria","Santa Cruz","2","2","D","1","1","D","1","1","D"
"26311","14-08-16 16:00","Brazil","Serie A Betano","2016","Fluminense","America MG","1","0","H","0","0","D","1","0","H"
"26312","14-08-16 16:00","Brazil","Serie A Betano","2016","Gremio","Corinthians","3","0","H","1","0","H","2","0","H"
"26313","13-08-16 23:30","Brazil","Serie A Betano","2016","Ponte Preta","Figueirense","2","0","H","0","0","D","2","0","H"
"26314","13-08-16 21:00","Brazil","Serie A Betano","2016","Sport Recife","Flamengo RJ","1","0","H","1","0","H","0","0","D"
"26315","09-08-16 02:00","Brazil","Serie A Betano","2016","Corinthians","Cruzeiro","1","1","D","1","0","H","0","1","A"
"26316","09-08-16 01:00","Brazil","Serie A Betano","2016","Atletico-MG","Chapecoense-SC","3","1","H","2","0","H","1","1","D"
"26317","07-08-16 23:30","Brazil","Serie A Betano","2016","Figueirense","Sport Recife","1","1","D","0","0","D","1","1","D"
"26318","07-08-16 21:15","Brazil","Serie A Betano","2016","Internacional","Fluminense","2","2","D","1","1","D","1","1","D"
"26319","07-08-16 21:15","Brazil","Serie A Betano","2016","Santa Cruz","Sao Paulo","1","2","A","0","1","A","1","1","D"
"26320","07-08-16 21:00","Brazil","Serie A Betano","2016","Coritiba","Ponte Preta","3","1","H","1","1","D","2","0","H"
"26321","07-08-16 21:00","Brazil","Serie A Betano","2016","Palmeiras","Vitoria","2","1","H","1","0","H","1","1","D"
"26322","07-08-16 16:00","Brazil","Serie A Betano","2016","America MG","Santos","1","0","H","0","0","D","1","0","H"
"26323","06-08-16 23:30","Brazil","Serie A Betano","2016","Flamengo RJ","Athletico-PR","1","0","H","0","0","D","1","0","H"
"26324","05-08-16 02:30","Brazil","Serie A Betano","2016","Chapecoense-SC","Palmeiras","1","1","D","1","0","H","0","1","A"
"26325","05-08-16 02:00","Brazil","Serie A Betano","2016","Cruzeiro","Internacional","4","2","H","3","1","H","1","1","D"
"26326","05-08-16 00:30","Brazil","Serie A Betano","2016","Gremio","Santa Cruz","0","0","D","0","0","D","0","0","D"
"26327","05-08-16 00:30","Brazil","Serie A Betano","2016","Sao Paulo","Atletico-MG","1","2","A","1","2","A","0","0","D"
"26328","05-08-16 00:15","Brazil","Serie A Betano","2016","Ponte Preta","Botafogo RJ","2","0","H","1","0","H","1","0","H"
"26329","04-08-16 02:45","Brazil","Serie A Betano","2016","Athletico-PR","Corinthians","2","0","H","0","0","D","2","0","H"
"26330","04-08-16 02:45","Brazil","Serie A Betano","2016","Santos","Flamengo RJ","0","0","D","0","0","D","0","0","D"
"26331","04-08-16 00:30","Brazil","Serie A Betano","2016","Sport Recife","America MG","1","1","D","0","1","A","1","0","H"
"26332","04-08-16 00:30","Brazil","Serie A Betano","2016","Vitoria","Coritiba","3","1","H","0","0","D","3","1","H"
"26333","31-07-16 23:30","Brazil","Serie A Betano","2016","America MG","Gremio","0","0","D","0","0","D","0","0","D"
"26334","31-07-16 23:30","Brazil","Serie A Betano","2016","Botafogo RJ","Palmeiras","3","1","H","2","0","H","1","1","D"
"26335","31-07-16 21:00","Brazil","Serie A Betano","2016","Coritiba","Flamengo RJ","0","2","A","0","0","D","0","2","A"
"26336","31-07-16 21:00","Brazil","Serie A Betano","2016","Internacional","Corinthians","0","1","A","0","1","A","0","0","D"
"26337","31-07-16 21:00","Brazil","Serie A Betano","2016","Santos","Cruzeiro","2","0","H","0","0","D","2","0","H"
"26338","31-07-16 16:00","Brazil","Serie A Betano","2016","Fluminense","Ponte Preta","3","0","H","1","0","H","2","0","H"
"26339","31-07-16 16:00","Brazil","Serie A Betano","2016","Sao Paulo","Chapecoense-SC","2","2","D","0","2","A","2","0","H"
"26340","31-07-16 02:00","Brazil","Serie A Betano","2016","Atletico-MG","Santa Cruz","3","0","H","1","0","H","2","0","H"
"26341","30-07-16 23:30","Brazil","Serie A Betano","2016","Figueirense","Vitoria","1","0","H","1","0","H","0","0","D"
"26342","30-07-16 23:30","Brazil","Serie A Betano","2016","Sport Recife","Athletico-PR","2","0","H","1","0","H","1","0","H"
"26343","26-07-16 01:00","Brazil","Serie A Betano","2016","Flamengo RJ","America MG","2","1","H","0","0","D","2","1","H"
"26344","24-07-16 23:30","Brazil","Serie A Betano","2016","Vitoria","Santos","2","3","A","1","2","A","1","1","D"
"26345","24-07-16 21:00","Brazil","Serie A Betano","2016","Athletico-PR","Fluminense","1","0","H","1","0","H","0","0","D"
"26346","24-07-16 21:00","Brazil","Serie A Betano","2016","Chapecoense-SC","Botafogo RJ","2","1","H","1","0","H","1","1","D"
"26347","24-07-16 21:00","Brazil","Serie A Betano","2016","Cruzeiro","Sport Recife","1","2","A","0","1","A","1","1","D"
"26348","24-07-16 21:00","Brazil","Serie A Betano","2016","Gremio","Sao Paulo","1","0","H","0","0","D","1","0","H"
"26349","24-07-16 16:00","Brazil","Serie A Betano","2016","Palmeiras","Atletico-MG","0","1","A","0","0","D","0","1","A"
"26350","24-07-16 16:00","Brazil","Serie A Betano","2016","Ponte Preta","Internacional","2","2","D","1","1","D","1","1","D"
"26351","23-07-16 23:30","Brazil","Serie A Betano","2016","Santa Cruz","Coritiba","0","1","A","0","1","A","0","0","D"
"26352","23-07-16 21:00","Brazil","Serie A Betano","2016","Corinthians","Figueirense","1","1","D","0","0","D","1","1","D"
"26353","19-07-16 01:00","Brazil","Serie A Betano","2016","Atletico-MG","Coritiba","2","1","H","1","0","H","1","1","D"
"26354","17-07-16 23:30","Brazil","Serie A Betano","2016","Sport Recife","Gremio","4","2","H","2","0","H","2","2","D"
"26355","17-07-16 21:00","Brazil","Serie A Betano","2016","Athletico-PR","Vitoria","1","1","D","1","0","H","0","1","A"
"26356","17-07-16 21:00","Brazil","Serie A Betano","2016","Corinthians","Sao Paulo","1","1","D","1","1","D","0","0","D"
"26357","17-07-16 21:00","Brazil","Serie A Betano","2016","Figueirense","Chapecoense-SC","1","1","D","1","0","H","0","1","A"
"26358","17-07-16 21:00","Brazil","Serie A Betano","2016","Fluminense","Cruzeiro","2","0","H","2","0","H","0","0","D"
"26359","17-07-16 21:00","Brazil","Serie A Betano","2016","Internacional","Palmeiras","0","1","A","0","1","A","0","0","D"
"26360","17-07-16 16:00","Brazil","Serie A Betano","2016","America MG","Santa Cruz","0","3","A","0","2","A","0","1","A"
"26361","16-07-16 23:30","Brazil","Serie A Betano","2016","Santos","Ponte Preta","3","1","H","1","0","H","2","1","H"
"26362","16-07-16 21:00","Brazil","Serie A Betano","2016","Botafogo RJ","Flamengo RJ","3","3","D","1","1","D","2","2","D"
"26363","13-07-16 01:30","Brazil","Serie A Betano","2016","Palmeiras","Santos","1","1","D","1","0","H","0","1","A"
"26364","12-07-16 01:00","Brazil","Serie A Betano","2016","Cruzeiro","Athletico-PR","0","3","A","0","0","D","0","3","A"
"26365","11-07-16 00:30","Brazil","Serie A Betano","2016","Vitoria","Fluminense","0","0","D","0","0","D","0","0","D"
"26366","10-07-16 21:00","Brazil","Serie A Betano","2016","Santa Cruz","Internacional","1","0","H","1","0","H","0","0","D"
"26367","10-07-16 21:00","Brazil","Serie A Betano","2016","Sao Paulo","America MG","3","0","H","2","0","H","1","0","H"
"26368","10-07-16 16:00","Brazil","Serie A Betano","2016","Flamengo RJ","Atletico-MG","2","0","H","1","0","H","1","0","H"
"26369","10-07-16 16:00","Brazil","Serie A Betano","2016","Gremio","Figueirense","2","1","H","1","0","H","1","1","D"
"26370","10-07-16 02:00","Brazil","Serie A Betano","2016","Ponte Preta","Sport Recife","2","1","H","1","1","D","1","0","H"
"26371","09-07-16 21:30","Brazil","Serie A Betano","2016","Chapecoense-SC","Corinthians","0","2","A","0","0","D","0","2","A"
"26372","09-07-16 21:30","Brazil","Serie A Betano","2016","Coritiba","Botafogo RJ","0","0","D","0","0","D","0","0","D"
"26373","05-07-16 01:00","Brazil","Serie A Betano","2016","Sport Recife","Palmeiras","1","3","A","0","1","A","1","2","A"
"26374","04-07-16 00:00","Brazil","Serie A Betano","2016","Figueirense","Atletico-MG","1","1","D","0","1","A","1","0","H"
"26375","03-07-16 21:00","Brazil","Serie A Betano","2016","Botafogo RJ","Santa Cruz","2","1","H","2","0","H","0","1","A"
"26376","03-07-16 21:00","Brazil","Serie A Betano","2016","Corinthians","Flamengo RJ","4","0","H","0","0","D","4","0","H"
"26377","03-07-16 21:00","Brazil","Serie A Betano","2016","Ponte Preta","Sao Paulo","1","0","H","0","0","D","1","0","H"
"26378","03-07-16 21:00","Brazil","Serie A Betano","2016","Santos","Chapecoense-SC","3","0","H","0","0","D","3","0","H"
"26379","03-07-16 16:00","Brazil","Serie A Betano","2016","Cruzeiro","Vitoria","2","2","D","1","0","H","1","2","A"
"26380","03-07-16 16:00","Brazil","Serie A Betano","2016","Internacional","Gremio","0","1","A","0","1","A","0","0","D"
"26381","02-07-16 23:30","Brazil","Serie A Betano","2016","Athletico-PR","America MG","1","0","H","0","0","D","1","0","H"
"26382","02-07-16 21:00","Brazil","Serie A Betano","2016","Fluminense","Coritiba","0","0","D","0","0","D","0","0","D"
"26383","01-07-16 02:00","Brazil","Serie A Betano","2016","Atletico-MG","Botafogo RJ","5","3","H","2","0","H","3","3","D"
"26384","01-07-16 00:30","Brazil","Serie A Betano","2016","Palmeiras","Figueirense","4","0","H","2","0","H","2","0","H"
"26385","01-07-16 00:30","Brazil","Serie A Betano","2016","Santa Cruz","Ponte Preta","0","3","A","0","2","A","0","1","A"
"26386","30-06-16 02:45","Brazil","Serie A Betano","2016","America MG","Corinthians","0","2","A","0","1","A","0","1","A"
"26387","30-06-16 02:45","Brazil","Serie A Betano","2016","Sao Paulo","Fluminense","2","1","H","2","0","H","0","1","A"
"26388","30-06-16 02:00","Brazil","Serie A Betano","2016","Chapecoense-SC","Cruzeiro","3","2","H","1","1","D","2","1","H"
"26389","30-06-16 02:00","Brazil","Serie A Betano","2016","Coritiba","Athletico-PR","1","0","H","0","0","D","1","0","H"
"26390","30-06-16 00:30","Brazil","Serie A Betano","2016","Flamengo RJ","Internacional","1","0","H","1","0","H","0","0","D"
"26391","30-06-16 00:30","Brazil","Serie A Betano","2016","Gremio","Santos","3","2","H","2","0","H","1","2","A"
"26392","30-06-16 00:30","Brazil","Serie A Betano","2016","Vitoria","Sport Recife","3","2","H","1","1","D","2","1","H"
"26393","26-06-16 23:30","Brazil","Serie A Betano","2016","Figueirense","Coritiba","0","0","D","0","0","D","0","0","D"
"26394","26-06-16 23:30","Brazil","Serie A Betano","2016","Sport Recife","Chapecoense-SC","5","1","H","1","0","H","4","1","H"
"26395","26-06-16 21:00","Brazil","Serie A Betano","2016","Athletico-PR","Gremio","2","0","H","0","0","D","2","0","H"
"26396","26-06-16 21:00","Brazil","Serie A Betano","2016","Flamengo RJ","Fluminense","1","2","A","0","0","D","1","2","A"
"26397","26-06-16 21:00","Brazil","Serie A Betano","2016","Internacional","Botafogo RJ","2","3","A","0","2","A","2","1","H"
"26398","26-06-16 21:00","Brazil","Serie A Betano","2016","Santos","Sao Paulo","3","0","H","2","0","H","1","0","H"
"26399","26-06-16 21:00","Brazil","Serie A Betano","2016","Vitoria","Ponte Preta","1","1","D","1","1","D","0","0","D"
"26400","26-06-16 16:00","Brazil","Serie A Betano","2016","America MG","Atletico-MG","0","1","A","0","1","A","0","0","D"
"26401","26-06-16 02:00","Brazil","Serie A Betano","2016","Corinthians","Santa Cruz","2","1","H","2","0","H","0","1","A"
"26402","26-06-16 00:00","Brazil","Serie A Betano","2016","Cruzeiro","Palmeiras","2","1","H","1","1","D","1","0","H"
"26403","24-06-16 02:30","Brazil","Serie A Betano","2016","Coritiba","Internacional","1","1","D","0","1","A","1","0","H"
"26404","24-06-16 02:00","Brazil","Serie A Betano","2016","Sao Paulo","Sport Recife","0","0","D","0","0","D","0","0","D"
"26405","24-06-16 00:15","Brazil","Serie A Betano","2016","Gremio","Vitoria","1","2","A","0","2","A","1","0","H"
"26406","23-06-16 20:00","Brazil","Serie A Betano","2016","Chapecoense-SC","Athletico-PR","0","0","D","0","0","D","0","0","D"
"26407","23-06-16 02:45","Brazil","Serie A Betano","2016","Atletico-MG","Corinthians","2","1","H","0","0","D","2","1","H"
"26408","23-06-16 02:45","Brazil","Serie A Betano","2016","Fluminense","Santos","2","4","A","1","2","A","1","2","A"
"26409","23-06-16 02:00","Brazil","Serie A Betano","2016","Botafogo RJ","Figueirense","0","0","D","0","0","D","0","0","D"
"26410","23-06-16 02:00","Brazil","Serie A Betano","2016","Santa Cruz","Flamengo RJ","0","1","A","0","1","A","0","0","D"
"26411","23-06-16 00:30","Brazil","Serie A Betano","2016","Ponte Preta","Cruzeiro","0","4","A","0","2","A","0","2","A"
"26412","22-06-16 02:30","Brazil","Serie A Betano","2016","Palmeiras","America MG","2","0","H","2","0","H","0","0","D"
"26413","20-06-16 00:00","Brazil","Serie A Betano","2016","Gremio","Cruzeiro","2","0","H","1","0","H","1","0","H"
"26414","19-06-16 21:00","Brazil","Serie A Betano","2016","Corinthians","Botafogo RJ","3","1","H","1","1","D","2","0","H"
"26415","19-06-16 21:00","Brazil","Serie A Betano","2016","Figueirense","Internacional","3","2","H","1","0","H","2","2","D"
"26416","19-06-16 21:00","Brazil","Serie A Betano","2016","Flamengo RJ","Sao Paulo","2","2","D","1","1","D","1","1","D"
"26417","19-06-16 21:00","Brazil","Serie A Betano","2016","Sport Recife","Fluminense","2","1","H","1","0","H","1","1","D"
"26418","19-06-16 16:00","Brazil","Serie A Betano","2016","Atletico-MG","Ponte Preta","3","0","H","2","0","H","1","0","H"
"26419","19-06-16 16:00","Brazil","Serie A Betano","2016","Vitoria","Chapecoense-SC","1","2","A","0","0","D","1","2","A"
"26420","19-06-16 02:00","Brazil","Serie A Betano","2016","America MG","Coritiba","2","1","H","0","0","D","2","1","H"
"26421","18-06-16 23:00","Brazil","Serie A Betano","2016","Athletico-PR","Santos","1","0","H","0","0","D","1","0","H"
"26422","18-06-16 21:00","Brazil","Serie A Betano","2016","Palmeiras","Santa Cruz","3","1","H","2","0","H","1","1","D"
"26423","17-06-16 01:00","Brazil","Serie A Betano","2016","Fluminense","Corinthians","1","0","H","0","0","D","1","0","H"
"26424","17-06-16 00:30","Brazil","Serie A Betano","2016","Internacional","Atletico-MG","2","0","H","1","0","H","1","0","H"
"26425","16-06-16 02:45","Brazil","Serie A Betano","2016","Coritiba","Palmeiras","2","2","D","1","1","D","1","1","D"
"26426","16-06-16 02:45","Brazil","Serie A Betano","2016","Cruzeiro","Flamengo RJ","0","1","A","0","1","A","0","0","D"
"26427","16-06-16 02:00","Brazil","Serie A Betano","2016","Botafogo RJ","America MG","3","1","H","3","0","H","0","1","A"
"26428","16-06-16 02:00","Brazil","Serie A Betano","2016","Santa Cruz","Figueirense","1","0","H","1","0","H","0","0","D"
"26429","16-06-16 02:00","Brazil","Serie A Betano","2016","Santos","Sport Recife","2","0","H","0","0","D","2","0","H"
"26430","16-06-16 00:30","Brazil","Serie A Betano","2016","Chapecoense-SC","Gremio","3","3","D","2","2","D","1","1","D"
"26431","16-06-16 00:30","Brazil","Serie A Betano","2016","Ponte Preta","Athletico-PR","3","2","H","1","1","D","2","1","H"
"26432","16-06-16 00:30","Brazil","Serie A Betano","2016","Sao Paulo","Vitoria","2","0","H","0","0","D","2","0","H"
"26433","13-06-16 00:00","Brazil","Serie A Betano","2016","Santa Cruz","Santos","0","2","A","0","1","A","0","1","A"
"26434","12-06-16 21:00","Brazil","Serie A Betano","2016","Atletico-MG","Cruzeiro","2","3","A","1","1","D","1","2","A"
"26435","12-06-16 21:00","Brazil","Serie A Betano","2016","Figueirense","Flamengo RJ","1","0","H","1","0","H","0","0","D"
"26436","12-06-16 21:00","Brazil","Serie A Betano","2016","Palmeiras","Corinthians","1","0","H","0","0","D","1","0","H"
"26437","12-06-16 16:00","Brazil","Serie A Betano","2016","Botafogo RJ","Vitoria","1","1","D","0","0","D","1","1","D"
"26438","12-06-16 16:00","Brazil","Serie A Betano","2016","Coritiba","Sport Recife","3","2","H","1","1","D","2","1","H"
"26439","12-06-16 02:00","Brazil","Serie A Betano","2016","Sao Paulo","Athletico-PR","1","2","A","1","0","H","0","2","A"
"26440","11-06-16 23:30","Brazil","Serie A Betano","2016","Fluminense","Gremio","1","1","D","0","1","A","1","0","H"
"26441","11-06-16 21:00","Brazil","Serie A Betano","2016","Internacional","America MG","3","1","H","2","1","H","1","0","H"
"26442","11-06-16 21:00","Brazil","Serie A Betano","2016","Ponte Preta","Chapecoense-SC","2","1","H","1","0","H","1","1","D"
"26443","05-06-16 23:30","Brazil","Serie A Betano","2016","Cruzeiro","Sao Paulo","0","1","A","0","1","A","0","0","D"
"26444","05-06-16 21:00","Brazil","Serie A Betano","2016","Flamengo RJ","Palmeiras","1","2","A","1","1","D","0","1","A"
"26445","05-06-16 21:00","Brazil","Serie A Betano","2016","Gremio","Ponte Preta","1","0","H","0","0","D","1","0","H"
"26446","05-06-16 21:00","Brazil","Serie A Betano","2016","Sport Recife","Atletico-MG","4","4","D","2","4","A","2","0","H"
"26447","05-06-16 21:00","Brazil","Serie A Betano","2016","Vitoria","Internacional","1","0","H","1","0","H","0","0","D"
"26448","05-06-16 16:00","Brazil","Serie A Betano","2016","America MG","Figueirense","1","0","H","0","0","D","1","0","H"
"26449","05-06-16 16:00","Brazil","Serie A Betano","2016","Santos","Botafogo RJ","3","0","H","2","0","H","1","0","H"
"26450","05-06-16 01:30","Brazil","Serie A Betano","2016","Chapecoense-SC","Fluminense","0","0","D","0","0","D","0","0","D"
"26451","05-06-16 01:30","Brazil","Serie A Betano","2016","Corinthians","Coritiba","2","1","H","0","1","A","2","0","H"
"26452","04-06-16 21:00","Brazil","Serie A Betano","2016","Athletico-PR","Santa Cruz","1","0","H","0","0","D","1","0","H"
"26453","03-06-16 02:00","Brazil","Serie A Betano","2016","Flamengo RJ","Vitoria","1","0","H","0","0","D","1","0","H"
"26454","03-06-16 02:00","Brazil","Serie A Betano","2016","Palmeiras","Gremio","4","3","H","1","1","D","3","2","H"
"26455","03-06-16 00:30","Brazil","Serie A Betano","2016","America MG","Ponte Preta","1","2","A","1","2","A","0","0","D"
"26456","02-06-16 02:45","Brazil","Serie A Betano","2016","Atletico-MG","Fluminense","1","1","D","1","1","D","0","0","D"
"26457","02-06-16 02:45","Brazil","Serie A Betano","2016","Botafogo RJ","Cruzeiro","0","1","A","0","1","A","0","0","D"
"26458","02-06-16 02:45","Brazil","Serie A Betano","2016","Figueirense","Sao Paulo","1","0","H","1","0","H","0","0","D"
"26459","02-06-16 02:00","Brazil","Serie A Betano","2016","Corinthians","Santos","1","0","H","0","0","D","1","0","H"
"26460","02-06-16 02:00","Brazil","Serie A Betano","2016","Coritiba","Chapecoense-SC","3","4","A","1","2","A","2","2","D"
"26461","02-06-16 02:00","Brazil","Serie A Betano","2016","Santa Cruz","Sport Recife","0","1","A","0","1","A","0","0","D"
"26462","02-06-16 00:30","Brazil","Serie A Betano","2016","Internacional","Athletico-PR","1","0","H","1","0","H","0","0","D"
"26463","29-05-16 23:30","Brazil","Serie A Betano","2016","Gremio","Coritiba","2","0","H","1","0","H","1","0","H"
"26464","29-05-16 23:30","Brazil","Serie A Betano","2016","Santos","Internacional","0","1","A","0","0","D","0","1","A"
"26465","29-05-16 21:00","Brazil","Serie A Betano","2016","Fluminense","Botafogo RJ","1","0","H","0","0","D","1","0","H"
"26466","29-05-16 21:00","Brazil","Serie A Betano","2016","Sao Paulo","Palmeiras","1","0","H","1","0","H","0","0","D"
"26467","29-05-16 21:00","Brazil","Serie A Betano","2016","Vitoria","Atletico-MG","1","1","D","0","1","A","1","0","H"
"26468","29-05-16 16:00","Brazil","Serie A Betano","2016","Ponte Preta","Flamengo RJ","1","2","A","1","2","A","0","0","D"
"26469","29-05-16 16:00","Brazil","Serie A Betano","2016","Sport Recife","Corinthians","0","2","A","0","0","D","0","2","A"
"26470","29-05-16 02:00","Brazil","Serie A Betano","2016","Chapecoense-SC","Santa Cruz","1","1","D","0","1","A","1","0","H"
"26471","28-05-16 23:30","Brazil","Serie A Betano","2016","Athletico-PR","Figueirense","2","1","H","2","0","H","0","1","A"
"26472","28-05-16 21:00","Brazil","Serie A Betano","2016","Cruzeiro","America MG","1","1","D","0","1","A","1","0","H"
"26473","27-05-16 02:00","Brazil","Serie A Betano","2016","Atletico-MG","Gremio","0","3","A","0","3","A","0","0","D"
"26474","26-05-16 21:00","Brazil","Serie A Betano","2016","Internacional","Sport Recife","1","0","H","0","0","D","1","0","H"
"26475","26-05-16 16:00","Brazil","Serie A Betano","2016","Corinthians","Ponte Preta","3","0","H","2","0","H","1","0","H"
"26476","26-05-16 02:45","Brazil","Serie A Betano","2016","Coritiba","Sao Paulo","1","1","D","0","0","D","1","1","D"
"26477","26-05-16 02:45","Brazil","Serie A Betano","2016","Palmeiras","Fluminense","2","0","H","0","0","D","2","0","H"
"26478","26-05-16 02:45","Brazil","Serie A Betano","2016","Santa Cruz","Cruzeiro","4","1","H","1","0","H","3","1","H"
"26479","26-05-16 02:00","Brazil","Serie A Betano","2016","America MG","Vitoria","1","1","D","0","0","D","1","1","D"
"26480","26-05-16 02:00","Brazil","Serie A Betano","2016","Flamengo RJ","Chapecoense-SC","2","2","D","1","1","D","1","1","D"
"26481","26-05-16 00:30","Brazil","Serie A Betano","2016","Botafogo RJ","Athletico-PR","2","1","H","1","0","H","1","1","D"
"26482","26-05-16 00:30","Brazil","Serie A Betano","2016","Figueirense","Santos","2","2","D","1","1","D","1","1","D"
"26483","22-05-16 23:30","Brazil","Serie A Betano","2016","Sport Recife","Botafogo RJ","1","1","D","1","1","D","0","0","D"
"26484","22-05-16 21:00","Brazil","Serie A Betano","2016","Chapecoense-SC","America MG","3","1","H","0","1","A","3","0","H"
"26485","22-05-16 21:00","Brazil","Serie A Betano","2016","Gremio","Flamengo RJ","1","0","H","0","0","D","1","0","H"
"26486","22-05-16 21:00","Brazil","Serie A Betano","2016","Sao Paulo","Internacional","1","2","A","0","1","A","1","1","D"
"26487","22-05-16 21:00","Brazil","Serie A Betano","2016","Vitoria","Corinthians","3","2","H","1","2","A","2","0","H"
"26488","22-05-16 16:00","Brazil","Serie A Betano","2016","Athletico-PR","Atletico-MG","1","1","D","1","0","H","0","1","A"
"26489","22-05-16 16:00","Brazil","Serie A Betano","2016","Santos","Coritiba","2","1","H","0","1","A","2","0","H"
"26490","22-05-16 02:00","Brazil","Serie A Betano","2016","Cruzeiro","Figueirense","2","2","D","0","1","A","2","1","H"
"26491","21-05-16 23:30","Brazil","Serie A Betano","2016","Fluminense","Santa Cruz","2","2","D","0","0","D","2","2","D"
"26492","21-05-16 21:00","Brazil","Serie A Betano","2016","Ponte Preta","Palmeiras","2","1","H","2","0","H","0","1","A"
"26493","15-05-16 23:30","Brazil","Serie A Betano","2016","Internacional","Chapecoense-SC","0","0","D","0","0","D","0","0","D"
"26494","15-05-16 21:00","Brazil","Serie A Betano","2016","Corinthians","Gremio","0","0","D","0","0","D","0","0","D"
"26495","15-05-16 21:00","Brazil","Serie A Betano","2016","Figueirense","Ponte Preta","0","0","D","0","0","D","0","0","D"
"26876","15-05-16 21:00","Brazil","Serie A Betano","2016","America MG","Fluminense","0","1","A","0","1","A","0","0","D"
"26496","15-05-16 16:00","Brazil","Serie A Betano","2016","Botafogo RJ","Sao Paulo","0","1","A","0","1","A","0","0","D"
"26497","15-05-16 16:00","Brazil","Serie A Betano","2016","Santa Cruz","Vitoria","4","1","H","2","0","H","2","1","H"
"26498","15-05-16 02:00","Brazil","Serie A Betano","2016","Coritiba","Cruzeiro","1","0","H","0","0","D","1","0","H"
"26499","14-05-16 23:30","Brazil","Serie A Betano","2016","Atletico-MG","Santos","1","0","H","1","0","H","0","0","D"
"26500","14-05-16 21:00","Brazil","Serie A Betano","2016","Flamengo RJ","Sport Recife","1","0","H","1","0","H","0","0","D"
"26501","14-05-16 21:00","Brazil","Serie A Betano","2016","Palmeiras","Athletico-PR","4","0","H","1","0","H","3","0","H"
"26502","06-12-15 20:00","Brazil","Serie A Betano","2015","Atletico-MG","Chapecoense-SC","3","0","H","1","0","H","2","0","H"
"26503","06-12-15 20:00","Brazil","Serie A Betano","2015","Corinthians","Avai","1","1","D","0","0","D","1","1","D"
"26504","06-12-15 20:00","Brazil","Serie A Betano","2015","Coritiba","Vasco","0","0","D","0","0","D","0","0","D"
"26505","06-12-15 20:00","Brazil","Serie A Betano","2015","Figueirense","Fluminense","1","0","H","0","0","D","1","0","H"
"26506","06-12-15 20:00","Brazil","Serie A Betano","2015","Flamengo RJ","Palmeiras","1","2","A","0","0","D","1","2","A"
"26507","06-12-15 20:00","Brazil","Serie A Betano","2015","Goias","Sao Paulo","0","1","A","0","0","D","0","1","A"
"26508","06-12-15 20:00","Brazil","Serie A Betano","2015","Internacional","Cruzeiro","2","0","H","1","0","H","1","0","H"
"26509","06-12-15 20:00","Brazil","Serie A Betano","2015","Joinville","Gremio","0","2","A","0","1","A","0","1","A"
"26510","06-12-15 20:00","Brazil","Serie A Betano","2015","Ponte Preta","Sport Recife","0","1","A","0","0","D","0","1","A"
"26511","06-12-15 20:00","Brazil","Serie A Betano","2015","Santos","Athletico-PR","5","1","H","2","1","H","3","0","H"
"26512","29-11-15 22:30","Brazil","Serie A Betano","2015","Athletico-PR","Flamengo RJ","3","0","H","2","0","H","1","0","H"
"26513","29-11-15 21:00","Brazil","Serie A Betano","2015","Chapecoense-SC","Goias","1","3","A","0","2","A","1","1","D"
"26514","29-11-15 21:00","Brazil","Serie A Betano","2015","Palmeiras","Coritiba","0","2","A","0","1","A","0","1","A"
"26515","29-11-15 21:00","Brazil","Serie A Betano","2015","Vasco","Santos","1","0","H","1","0","H","0","0","D"
"26516","29-11-15 20:00","Brazil","Serie A Betano","2015","Cruzeiro","Joinville","3","0","H","2","0","H","1","0","H"
"26517","29-11-15 20:00","Brazil","Serie A Betano","2015","Gremio","Atletico-MG","2","1","H","1","1","D","1","0","H"
"26518","29-11-15 20:00","Brazil","Serie A Betano","2015","Sport Recife","Corinthians","2","0","H","1","0","H","1","0","H"
"26519","29-11-15 00:00","Brazil","Serie A Betano","2015","Avai","Ponte Preta","1","0","H","0","0","D","1","0","H"
"26520","28-11-15 22:30","Brazil","Serie A Betano","2015","Fluminense","Internacional","1","1","D","0","1","A","1","0","H"
"26521","28-11-15 20:00","Brazil","Serie A Betano","2015","Sao Paulo","Figueirense","3","2","H","1","1","D","2","1","H"
"26522","22-11-15 22:30","Brazil","Serie A Betano","2015","Coritiba","Santos","1","0","H","0","0","D","1","0","H"
"26523","22-11-15 22:30","Brazil","Serie A Betano","2015","Fluminense","Avai","3","1","H","1","0","H","2","1","H"
"26524","22-11-15 22:30","Brazil","Serie A Betano","2015","Sport Recife","Athletico-PR","0","0","D","0","0","D","0","0","D"
"26525","22-11-15 21:00","Brazil","Serie A Betano","2015","Flamengo RJ","Ponte Preta","1","1","D","0","0","D","1","1","D"
"26526","22-11-15 20:00","Brazil","Serie A Betano","2015","Atletico-MG","Goias","2","2","D","1","1","D","1","1","D"
"26527","22-11-15 20:00","Brazil","Serie A Betano","2015","Corinthians","Sao Paulo","6","1","H","3","0","H","3","1","H"
"26528","22-11-15 20:00","Brazil","Serie A Betano","2015","Figueirense","Chapecoense-SC","0","0","D","0","0","D","0","0","D"
"26529","22-11-15 20:00","Brazil","Serie A Betano","2015","Internacional","Gremio","1","0","H","0","0","D","1","0","H"
"26530","22-11-15 20:00","Brazil","Serie A Betano","2015","Joinville","Vasco","1","2","A","0","2","A","1","0","H"
"26531","21-11-15 22:30","Brazil","Serie A Betano","2015","Palmeiras","Cruzeiro","1","1","D","0","1","A","1","0","H"
"26532","20-11-15 01:00","Brazil","Serie A Betano","2015","Santos","Flamengo RJ","0","0","D","0","0","D","0","0","D"
"26533","20-11-15 01:00","Brazil","Serie A Betano","2015","Sao Paulo","Atletico-MG","4","2","H","0","0","D","4","2","H"
"26534","20-11-15 01:00","Brazil","Serie A Betano","2015","Vasco","Corinthians","1","1","D","0","0","D","1","1","D"
"26535","19-11-15 22:30","Brazil","Serie A Betano","2015","Chapecoense-SC","Internacional","1","0","H","0","0","D","1","0","H"
"26536","19-11-15 22:30","Brazil","Serie A Betano","2015","Gremio","Fluminense","1","0","H","0","0","D","1","0","H"
"26537","19-11-15 00:00","Brazil","Serie A Betano","2015","Athletico-PR","Palmeiras","3","3","D","1","0","H","2","3","A"
"26538","19-11-15 00:00","Brazil","Serie A Betano","2015","Avai","Joinville","2","1","H","1","1","D","1","0","H"
"26539","19-11-15 00:00","Brazil","Serie A Betano","2015","Ponte Preta","Figueirense","0","1","A","0","1","A","0","0","D"
"26540","18-11-15 22:30","Brazil","Serie A Betano","2015","Goias","Coritiba","1","3","A","0","2","A","1","1","D"
"26541","15-11-15 20:00","Brazil","Serie A Betano","2015","Cruzeiro","Sport Recife","3","0","H","0","0","D","3","0","H"
"26542","08-11-15 22:30","Brazil","Serie A Betano","2015","Sport Recife","Gremio","1","0","H","0","0","D","1","0","H"
"26543","08-11-15 21:00","Brazil","Serie A Betano","2015","Joinville","Santos","0","0","D","0","0","D","0","0","D"
"26544","08-11-15 20:00","Brazil","Serie A Betano","2015","Cruzeiro","Sao Paulo","2","1","H","1","1","D","1","0","H"
"26545","08-11-15 20:00","Brazil","Serie A Betano","2015","Figueirense","Atletico-MG","0","1","A","0","0","D","0","1","A"
"26546","08-11-15 20:00","Brazil","Serie A Betano","2015","Flamengo RJ","Goias","4","1","H","1","1","D","3","0","H"
"26547","08-11-15 20:00","Brazil","Serie A Betano","2015","Palmeiras","Vasco","0","2","A","0","2","A","0","0","D"
"26548","08-11-15 00:00","Brazil","Serie A Betano","2015","Fluminense","Chapecoense-SC","2","3","A","1","2","A","1","1","D"
"26549","07-11-15 22:30","Brazil","Serie A Betano","2015","Athletico-PR","Avai","2","1","H","2","0","H","0","1","A"
"26550","07-11-15 22:30","Brazil","Serie A Betano","2015","Corinthians","Coritiba","2","1","H","1","0","H","1","1","D"
"26551","07-11-15 20:00","Brazil","Serie A Betano","2015","Internacional","Ponte Preta","1","0","H","0","0","D","1","0","H"
"26552","01-11-15 22:30","Brazil","Serie A Betano","2015","Goias","Internacional","2","1","H","0","1","A","2","0","H"
"26553","01-11-15 21:00","Brazil","Serie A Betano","2015","Vasco","Fluminense","0","1","A","0","1","A","0","0","D"
"26554","01-11-15 20:00","Brazil","Serie A Betano","2015","Atletico-MG","Corinthians","0","3","A","0","0","D","0","3","A"
"26555","01-11-15 20:00","Brazil","Serie A Betano","2015","Chapecoense-SC","Athletico-PR","0","0","D","0","0","D","0","0","D"
"26556","01-11-15 20:00","Brazil","Serie A Betano","2015","Gremio","Flamengo RJ","2","0","H","0","0","D","2","0","H"
"26557","01-11-15 20:00","Brazil","Serie A Betano","2015","Santos","Palmeiras","2","1","H","1","0","H","1","1","D"
"26558","01-11-15 00:00","Brazil","Serie A Betano","2015","Coritiba","Figueirense","1","1","D","1","1","D","0","0","D"
"26898","31-10-15 22:30","Brazil","Serie A Betano","2015","Ponte Preta","Joinville","1","0","H","0","0","D","1","0","H"
"26906","31-10-15 22:30","Brazil","Serie A Betano","2015","Avai","Cruzeiro","1","1","D","0","0","D","1","1","D"
"26559","31-10-15 20:00","Brazil","Serie A Betano","2015","Sao Paulo","Sport Recife","3","0","H","2","0","H","1","0","H"
"26560","25-10-15 22:30","Brazil","Serie A Betano","2015","Atletico-MG","Ponte Preta","2","1","H","0","0","D","2","1","H"
"26561","25-10-15 21:00","Brazil","Serie A Betano","2015","Goias","Cruzeiro","0","1","A","0","0","D","0","1","A"
"26562","25-10-15 20:00","Brazil","Serie A Betano","2015","Chapecoense-SC","Avai","0","0","D","0","0","D","0","0","D"
"26563","25-10-15 20:00","Brazil","Serie A Betano","2015","Corinthians","Flamengo RJ","1","0","H","1","0","H","0","0","D"
"26564","25-10-15 20:00","Brazil","Serie A Betano","2015","Coritiba","Sao Paulo","1","2","A","1","1","D","0","1","A"
"26565","25-10-15 20:00","Brazil","Serie A Betano","2015","Vasco","Gremio","0","0","D","0","0","D","0","0","D"
"26566","25-10-15 01:00","Brazil","Serie A Betano","2015","Palmeiras","Sport Recife","0","2","A","0","1","A","0","1","A"
"26567","24-10-15 22:30","Brazil","Serie A Betano","2015","Figueirense","Santos","0","0","D","0","0","D","0","0","D"
"26568","24-10-15 22:30","Brazil","Serie A Betano","2015","Internacional","Joinville","1","0","H","0","0","D","1","0","H"
"26569","24-10-15 21:00","Brazil","Serie A Betano","2015","Fluminense","Athletico-PR","0","1","A","0","0","D","0","1","A"
"26570","18-10-15 22:30","Brazil","Serie A Betano","2015","Sport Recife","Atletico-MG","4","1","H","3","0","H","1","1","D"
"26571","18-10-15 21:00","Brazil","Serie A Betano","2015","Gremio","Chapecoense-SC","2","3","A","2","0","H","0","3","A"
"26572","18-10-15 21:00","Brazil","Serie A Betano","2015","Santos","Goias","3","1","H","3","0","H","0","1","A"
"26573","18-10-15 20:00","Brazil","Serie A Betano","2015","Athletico-PR","Corinthians","1","4","A","0","3","A","1","1","D"
"26574","18-10-15 20:00","Brazil","Serie A Betano","2015","Flamengo RJ","Internacional","0","1","A","0","1","A","0","0","D"
"26575","18-10-15 20:00","Brazil","Serie A Betano","2015","Sao Paulo","Vasco","2","2","D","1","1","D","1","1","D"
"26576","18-10-15 15:00","Brazil","Serie A Betano","2015","Cruzeiro","Fluminense","2","0","H","1","0","H","1","0","H"
"26577","18-10-15 15:00","Brazil","Serie A Betano","2015","Ponte Preta","Coritiba","3","0","H","0","0","D","3","0","H"
"26578","18-10-15 02:00","Brazil","Serie A Betano","2015","Joinville","Figueirense","1","0","H","0","0","D","1","0","H"
"26579","17-10-15 23:30","Brazil","Serie A Betano","2015","Avai","Palmeiras","1","3","A","0","1","A","1","2","A"
"26580","16-10-15 02:00","Brazil","Serie A Betano","2015","Gremio","Santos","1","0","H","1","0","H","0","0","D"
"26581","16-10-15 00:30","Brazil","Serie A Betano","2015","Corinthians","Goias","3","0","H","2","0","H","1","0","H"
"26582","16-10-15 00:30","Brazil","Serie A Betano","2015","Vasco","Chapecoense-SC","1","1","D","0","0","D","1","1","D"
"26583","15-10-15 03:00","Brazil","Serie A Betano","2015","Athletico-PR","Cruzeiro","2","2","D","1","0","H","1","2","A"
"26584","15-10-15 03:00","Brazil","Serie A Betano","2015","Fluminense","Sao Paulo","2","0","H","1","0","H","1","0","H"
"26585","15-10-15 02:00","Brazil","Serie A Betano","2015","Figueirense","Flamengo RJ","3","0","H","1","0","H","2","0","H"
"26586","15-10-15 02:00","Brazil","Serie A Betano","2015","Joinville","Coritiba","3","1","H","1","0","H","2","1","H"
"26587","15-10-15 02:00","Brazil","Serie A Betano","2015","Palmeiras","Ponte Preta","0","1","A","0","1","A","0","0","D"
"26588","15-10-15 00:30","Brazil","Serie A Betano","2015","Atletico-MG","Internacional","2","1","H","1","1","D","1","0","H"
"26589","15-10-15 00:30","Brazil","Serie A Betano","2015","Sport Recife","Avai","3","0","H","0","0","D","3","0","H"
"26590","04-10-15 23:30","Brazil","Serie A Betano","2015","Chapecoense-SC","Palmeiras","5","1","H","2","0","H","3","1","H"
"26591","04-10-15 21:00","Brazil","Serie A Betano","2015","Cruzeiro","Gremio","0","0","D","0","0","D","0","0","D"
"26592","04-10-15 21:00","Brazil","Serie A Betano","2015","Goias","Figueirense","2","3","A","1","0","H","1","3","A"
"26593","04-10-15 21:00","Brazil","Serie A Betano","2015","Ponte Preta","Corinthians","2","2","D","0","1","A","2","1","H"
"26594","04-10-15 21:00","Brazil","Serie A Betano","2015","Santos","Fluminense","3","1","H","2","0","H","1","1","D"
"26595","04-10-15 16:00","Brazil","Serie A Betano","2015","Avai","Vasco","1","1","D","0","1","A","1","0","H"
"26596","04-10-15 16:00","Brazil","Serie A Betano","2015","Flamengo RJ","Joinville","2","0","H","0","0","D","2","0","H"
"26597","04-10-15 02:00","Brazil","Serie A Betano","2015","Sao Paulo","Athletico-PR","1","0","H","0","0","D","1","0","H"
"26598","03-10-15 23:30","Brazil","Serie A Betano","2015","Internacional","Sport Recife","2","1","H","0","0","D","2","1","H"
"26905","03-10-15 23:30","Brazil","Serie A Betano","2015","Coritiba","Atletico-MG","0","3","A","0","1","A","0","2","A"
"26599","27-09-15 23:30","Brazil","Serie A Betano","2015","Cruzeiro","Coritiba","2","0","H","1","0","H","1","0","H"
"26600","27-09-15 23:30","Brazil","Serie A Betano","2015","Sport Recife","Chapecoense-SC","3","0","H","1","0","H","2","0","H"
"26601","27-09-15 21:00","Brazil","Serie A Betano","2015","Figueirense","Corinthians","1","3","A","0","1","A","1","2","A"
"26602","27-09-15 21:00","Brazil","Serie A Betano","2015","Flamengo RJ","Vasco","1","2","A","1","0","H","0","2","A"
"26603","27-09-15 21:00","Brazil","Serie A Betano","2015","Joinville","Atletico-MG","2","2","D","0","0","D","2","2","D"
"26604","27-09-15 21:00","Brazil","Serie A Betano","2015","Sao Paulo","Palmeiras","1","1","D","0","0","D","1","1","D"
"26605","27-09-15 16:00","Brazil","Serie A Betano","2015","Athletico-PR","Ponte Preta","1","2","A","1","1","D","0","1","A"
"26606","27-09-15 16:00","Brazil","Serie A Betano","2015","Santos","Internacional","3","1","H","1","1","D","2","0","H"
"26607","27-09-15 02:00","Brazil","Serie A Betano","2015","Gremio","Avai","3","1","H","2","0","H","1","1","D"
"26608","26-09-15 23:30","Brazil","Serie A Betano","2015","Fluminense","Goias","2","0","H","1","0","H","1","0","H"
"26609","20-09-15 23:30","Brazil","Serie A Betano","2015","Chapecoense-SC","Cruzeiro","0","2","A","0","2","A","0","0","D"
"26610","20-09-15 23:30","Brazil","Serie A Betano","2015","Coritiba","Athletico-PR","2","0","H","2","0","H","0","0","D"
"26611","20-09-15 21:00","Brazil","Serie A Betano","2015","Atletico-MG","Flamengo RJ","4","1","H","2","1","H","2","0","H"
"26612","20-09-15 21:00","Brazil","Serie A Betano","2015","Avai","Sao Paulo","2","1","H","1","1","D","1","0","H"
"26613","20-09-15 21:00","Brazil","Serie A Betano","2015","Vasco","Sport Recife","2","1","H","1","1","D","1","0","H"
"26614","20-09-15 16:00","Brazil","Serie A Betano","2015","Corinthians","Santos","2","0","H","0","0","D","2","0","H"
"26615","20-09-15 16:00","Brazil","Serie A Betano","2015","Goias","Joinville","3","0","H","1","0","H","2","0","H"
"26616","20-09-15 02:00","Brazil","Serie A Betano","2015","Ponte Preta","Fluminense","3","1","H","3","0","H","0","1","A"
"26617","19-09-15 23:30","Brazil","Serie A Betano","2015","Internacional","Figueirense","1","1","D","1","0","H","0","1","A"
"26618","19-09-15 23:30","Brazil","Serie A Betano","2015","Palmeiras","Gremio","3","2","H","2","1","H","1","1","D"
"26619","18-09-15 02:00","Brazil","Serie A Betano","2015","Flamengo RJ","Coritiba","0","2","A","0","2","A","0","0","D"
"26620","18-09-15 00:30","Brazil","Serie A Betano","2015","Sao Paulo","Chapecoense-SC","0","0","D","0","0","D","0","0","D"
"26621","17-09-15 03:00","Brazil","Serie A Betano","2015","Cruzeiro","Vasco","2","2","D","2","1","H","0","1","A"
"26622","17-09-15 03:00","Brazil","Serie A Betano","2015","Internacional","Corinthians","2","1","H","1","1","D","1","0","H"
"26623","17-09-15 03:00","Brazil","Serie A Betano","2015","Santos","Atletico-MG","4","0","H","1","0","H","3","0","H"
"26624","17-09-15 02:00","Brazil","Serie A Betano","2015","Athletico-PR","Gremio","1","2","A","0","1","A","1","1","D"
"26625","17-09-15 02:00","Brazil","Serie A Betano","2015","Figueirense","Avai","0","1","A","0","0","D","0","1","A"
"26626","17-09-15 00:30","Brazil","Serie A Betano","2015","Fluminense","Palmeiras","1","4","A","1","0","H","0","4","A"
"26627","17-09-15 00:30","Brazil","Serie A Betano","2015","Goias","Ponte Preta","1","2","A","1","1","D","0","1","A"
"26628","17-09-15 00:30","Brazil","Serie A Betano","2015","Joinville","Sport Recife","1","1","D","1","0","H","0","1","A"
"26629","13-09-15 23:30","Brazil","Serie A Betano","2015","Avai","Goias","2","1","H","0","1","A","2","0","H"
"26630","13-09-15 23:30","Brazil","Serie A Betano","2015","Sport Recife","Fluminense","1","0","H","1","0","H","0","0","D"
"26631","13-09-15 21:00","Brazil","Serie A Betano","2015","Chapecoense-SC","Flamengo RJ","1","3","A","0","2","A","1","1","D"
"26632","13-09-15 21:00","Brazil","Serie A Betano","2015","Cruzeiro","Atletico-MG","1","1","D","1","0","H","0","1","A"
"26633","13-09-15 21:00","Brazil","Serie A Betano","2015","Gremio","Sao Paulo","1","2","A","0","1","A","1","1","D"
"26634","13-09-15 21:00","Brazil","Serie A Betano","2015","Vasco","Athletico-PR","2","0","H","1","0","H","1","0","H"
"26635","13-09-15 16:00","Brazil","Serie A Betano","2015","Corinthians","Joinville","3","0","H","1","0","H","2","0","H"
"26636","13-09-15 16:00","Brazil","Serie A Betano","2015","Ponte Preta","Santos","3","1","H","3","0","H","0","1","A"
"26637","13-09-15 02:00","Brazil","Serie A Betano","2015","Palmeiras","Figueirense","2","0","H","0","0","D","2","0","H"
"26638","12-09-15 23:30","Brazil","Serie A Betano","2015","Coritiba","Internacional","0","1","A","0","1","A","0","0","D"
"26639","11-09-15 02:00","Brazil","Serie A Betano","2015","Flamengo RJ","Cruzeiro","2","0","H","1","0","H","1","0","H"
"26640","11-09-15 02:00","Brazil","Serie A Betano","2015","Joinville","Chapecoense-SC","0","0","D","0","0","D","0","0","D"
"26641","11-09-15 00:30","Brazil","Serie A Betano","2015","Goias","Sport Recife","1","0","H","0","0","D","1","0","H"
"26642","10-09-15 03:00","Brazil","Serie A Betano","2015","Corinthians","Gremio","1","1","D","0","0","D","1","1","D"
"26643","10-09-15 03:00","Brazil","Serie A Betano","2015","Coritiba","Fluminense","1","1","D","1","0","H","0","1","A"
"26644","10-09-15 03:00","Brazil","Serie A Betano","2015","Santos","Sao Paulo","3","0","H","2","0","H","1","0","H"
"26645","10-09-15 02:00","Brazil","Serie A Betano","2015","Figueirense","Athletico-PR","1","1","D","1","1","D","0","0","D"
"26646","10-09-15 00:30","Brazil","Serie A Betano","2015","Atletico-MG","Avai","2","0","H","2","0","H","0","0","D"
"26647","10-09-15 00:30","Brazil","Serie A Betano","2015","Internacional","Palmeiras","1","0","H","1","0","H","0","0","D"
"26648","10-09-15 00:30","Brazil","Serie A Betano","2015","Ponte Preta","Vasco","0","1","A","0","0","D","0","1","A"
"26649","06-09-15 23:30","Brazil","Serie A Betano","2015","Sport Recife","Santos","1","1","D","1","1","D","0","0","D"
"26650","06-09-15 21:00","Brazil","Serie A Betano","2015","Avai","Coritiba","0","2","A","0","0","D","0","2","A"
"26651","06-09-15 21:00","Brazil","Serie A Betano","2015","Fluminense","Flamengo RJ","1","3","A","0","2","A","1","1","D"
"26652","06-09-15 21:00","Brazil","Serie A Betano","2015","Gremio","Goias","2","1","H","0","1","A","2","0","H"
"26653","06-09-15 21:00","Brazil","Serie A Betano","2015","Palmeiras","Corinthians","3","3","D","3","2","H","0","1","A"
"26654","06-09-15 16:00","Brazil","Serie A Betano","2015","Chapecoense-SC","Ponte Preta","0","0","D","0","0","D","0","0","D"
"26655","06-09-15 16:00","Brazil","Serie A Betano","2015","Cruzeiro","Figueirense","5","1","H","2","0","H","3","1","H"
"26656","06-09-15 02:00","Brazil","Serie A Betano","2015","Athletico-PR","Joinville","0","0","D","0","0","D","0","0","D"
"26657","06-09-15 00:30","Brazil","Serie A Betano","2015","Sao Paulo","Internacional","2","0","H","0","0","D","2","0","H"
"26658","06-09-15 00:30","Brazil","Serie A Betano","2015","Vasco","Atletico-MG","1","2","A","0","2","A","1","0","H"
"26659","04-09-15 02:00","Brazil","Serie A Betano","2015","Figueirense","Gremio","0","2","A","0","1","A","0","1","A"
"26660","04-09-15 00:30","Brazil","Serie A Betano","2015","Santos","Chapecoense-SC","3","1","H","1","0","H","2","1","H"
"26661","03-09-15 03:00","Brazil","Serie A Betano","2015","Corinthians","Fluminense","2","0","H","1","0","H","1","0","H"
"26662","03-09-15 03:00","Brazil","Serie A Betano","2015","Coritiba","Sport Recife","0","0","D","0","0","D","0","0","D"
"26663","03-09-15 03:00","Brazil","Serie A Betano","2015","Goias","Palmeiras","1","0","H","0","0","D","1","0","H"
"26664","03-09-15 02:00","Brazil","Serie A Betano","2015","Atletico-MG","Athletico-PR","0","1","A","0","0","D","0","1","A"
"26665","03-09-15 02:00","Brazil","Serie A Betano","2015","Flamengo RJ","Avai","3","0","H","1","0","H","2","0","H"
"26666","03-09-15 00:30","Brazil","Serie A Betano","2015","Internacional","Vasco","6","0","H","2","0","H","4","0","H"
"26667","03-09-15 00:30","Brazil","Serie A Betano","2015","Joinville","Sao Paulo","0","0","D","0","0","D","0","0","D"
"26668","03-09-15 00:30","Brazil","Serie A Betano","2015","Ponte Preta","Cruzeiro","1","2","A","0","1","A","1","1","D"
"26669","30-08-15 23:30","Brazil","Serie A Betano","2015","Athletico-PR","Goias","3","0","H","1","0","H","2","0","H"
"26670","30-08-15 23:30","Brazil","Serie A Betano","2015","Cruzeiro","Santos","0","1","A","0","1","A","0","0","D"
"26671","30-08-15 21:00","Brazil","Serie A Betano","2015","Chapecoense-SC","Corinthians","1","3","A","1","2","A","0","1","A"
"26672","30-08-15 21:00","Brazil","Serie A Betano","2015","Fluminense","Atletico-MG","1","2","A","0","1","A","1","1","D"
"26673","30-08-15 21:00","Brazil","Serie A Betano","2015","Palmeiras","Joinville","3","2","H","2","2","D","1","0","H"
"26674","30-08-15 21:00","Brazil","Serie A Betano","2015","Sport Recife","Flamengo RJ","0","1","A","0","1","A","0","0","D"
"26675","30-08-15 16:00","Brazil","Serie A Betano","2015","Avai","Internacional","3","0","H","0","0","D","3","0","H"
"26676","30-08-15 16:00","Brazil","Serie A Betano","2015","Gremio","Coritiba","0","0","D","0","0","D","0","0","D"
"26677","30-08-15 02:00","Brazil","Serie A Betano","2015","Sao Paulo","Ponte Preta","3","0","H","1","0","H","2","0","H"
"26678","29-08-15 23:30","Brazil","Serie A Betano","2015","Vasco","Figueirense","0","1","A","0","0","D","0","1","A"
"26679","23-08-15 23:30","Brazil","Serie A Betano","2015","Atletico-MG","Palmeiras","2","1","H","2","1","H","0","0","D"
"26680","23-08-15 21:00","Brazil","Serie A Betano","2015","Corinthians","Cruzeiro","3","0","H","2","0","H","1","0","H"
"26681","23-08-15 21:00","Brazil","Serie A Betano","2015","Flamengo RJ","Sao Paulo","2","1","H","1","1","D","1","0","H"
"26682","23-08-15 21:00","Brazil","Serie A Betano","2015","Internacional","Athletico-PR","2","0","H","1","0","H","1","0","H"
"26683","23-08-15 21:00","Brazil","Serie A Betano","2015","Joinville","Fluminense","2","1","H","0","0","D","2","1","H"
"26684","23-08-15 16:00","Brazil","Serie A Betano","2015","Coritiba","Chapecoense-SC","1","0","H","1","0","H","0","0","D"
"26685","23-08-15 16:00","Brazil","Serie A Betano","2015","Ponte Preta","Gremio","0","0","D","0","0","D","0","0","D"
"26686","23-08-15 02:00","Brazil","Serie A Betano","2015","Figueirense","Sport Recife","2","1","H","0","1","A","2","0","H"
"26687","22-08-15 23:30","Brazil","Serie A Betano","2015","Goias","Vasco","3","0","H","2","0","H","1","0","H"
"26688","22-08-15 23:30","Brazil","Serie A Betano","2015","Santos","Avai","5","2","H","2","1","H","3","1","H"
"26689","16-08-15 23:30","Brazil","Serie A Betano","2015","Chapecoense-SC","Atletico-MG","2","1","H","1","0","H","1","1","D"
"26690","16-08-15 23:30","Brazil","Serie A Betano","2015","Gremio","Joinville","2","1","H","0","1","A","2","0","H"
"26691","16-08-15 21:00","Brazil","Serie A Betano","2015","Avai","Corinthians","1","2","A","1","1","D","0","1","A"
"26692","16-08-15 21:00","Brazil","Serie A Betano","2015","Cruzeiro","Internacional","0","0","D","0","0","D","0","0","D"
"26693","16-08-15 21:00","Brazil","Serie A Betano","2015","Fluminense","Figueirense","2","1","H","0","1","A","2","0","H"
"26694","16-08-15 21:00","Brazil","Serie A Betano","2015","Sport Recife","Ponte Preta","1","1","D","1","0","H","0","1","A"
"26695","16-08-15 16:00","Brazil","Serie A Betano","2015","Palmeiras","Flamengo RJ","4","2","H","1","0","H","3","2","H"
"26696","16-08-15 02:00","Brazil","Serie A Betano","2015","Sao Paulo","Goias","0","3","A","0","2","A","0","1","A"
"26697","15-08-15 23:30","Brazil","Serie A Betano","2015","Athletico-PR","Santos","0","0","D","0","0","D","0","0","D"
"26698","15-08-15 23:30","Brazil","Serie A Betano","2015","Vasco","Coritiba","0","1","A","0","0","D","0","1","A"
"26699","14-08-15 02:00","Brazil","Serie A Betano","2015","Atletico-MG","Gremio","0","2","A","0","1","A","0","1","A"
"26700","14-08-15 02:00","Brazil","Serie A Betano","2015","Joinville","Cruzeiro","3","0","H","2","0","H","1","0","H"
"26701","14-08-15 00:30","Brazil","Serie A Betano","2015","Ponte Preta","Avai","2","0","H","0","0","D","2","0","H"
"26702","13-08-15 03:00","Brazil","Serie A Betano","2015","Corinthians","Sport Recife","4","3","H","2","1","H","2","2","D"
"26703","13-08-15 03:00","Brazil","Serie A Betano","2015","Figueirense","Sao Paulo","0","2","A","0","2","A","0","0","D"
"26704","13-08-15 03:00","Brazil","Serie A Betano","2015","Internacional","Fluminense","1","0","H","0","0","D","1","0","H"
"26705","13-08-15 02:00","Brazil","Serie A Betano","2015","Goias","Chapecoense-SC","0","0","D","0","0","D","0","0","D"
"26706","13-08-15 02:00","Brazil","Serie A Betano","2015","Santos","Vasco","1","0","H","0","0","D","1","0","H"
"26707","13-08-15 00:30","Brazil","Serie A Betano","2015","Coritiba","Palmeiras","2","1","H","1","0","H","1","1","D"
"26708","13-08-15 00:30","Brazil","Serie A Betano","2015","Flamengo RJ","Athletico-PR","3","2","H","3","1","H","0","1","A"
"26709","09-08-15 23:30","Brazil","Serie A Betano","2015","Chapecoense-SC","Figueirense","2","2","D","0","0","D","2","2","D"
"26710","09-08-15 23:30","Brazil","Serie A Betano","2015","Gremio","Internacional","5","0","H","2","0","H","3","0","H"
"26711","09-08-15 21:00","Brazil","Serie A Betano","2015","Cruzeiro","Palmeiras","2","1","H","1","0","H","1","1","D"
"26712","09-08-15 21:00","Brazil","Serie A Betano","2015","Goias","Atletico-MG","0","0","D","0","0","D","0","0","D"
"26713","09-08-15 21:00","Brazil","Serie A Betano","2015","Ponte Preta","Flamengo RJ","1","0","H","0","0","D","1","0","H"
"26714","09-08-15 21:00","Brazil","Serie A Betano","2015","Sao Paulo","Corinthians","1","1","D","0","1","A","1","0","H"
"26715","09-08-15 16:00","Brazil","Serie A Betano","2015","Athletico-PR","Sport Recife","1","1","D","0","1","A","1","0","H"
"26716","09-08-15 16:00","Brazil","Serie A Betano","2015","Vasco","Joinville","0","0","D","0","0","D","0","0","D"
"26717","09-08-15 02:00","Brazil","Serie A Betano","2015","Santos","Coritiba","3","0","H","2","0","H","1","0","H"
"26718","08-08-15 23:30","Brazil","Serie A Betano","2015","Avai","Fluminense","1","0","H","1","0","H","0","0","D"
"26719","02-08-15 23:30","Brazil","Serie A Betano","2015","Sport Recife","Cruzeiro","0","0","D","0","0","D","0","0","D"
"26720","02-08-15 21:00","Brazil","Serie A Betano","2015","Figueirense","Ponte Preta","3","1","H","1","0","H","2","1","H"
"26721","02-08-15 21:00","Brazil","Serie A Betano","2015","Flamengo RJ","Santos","2","2","D","2","0","H","0","2","A"
"26722","02-08-15 21:00","Brazil","Serie A Betano","2015","Internacional","Chapecoense-SC","0","0","D","0","0","D","0","0","D"
"26723","02-08-15 21:00","Brazil","Serie A Betano","2015","Joinville","Avai","2","0","H","1","0","H","1","0","H"
"26724","02-08-15 16:00","Brazil","Serie A Betano","2015","Coritiba","Goias","1","1","D","0","0","D","1","1","D"
"26725","02-08-15 16:00","Brazil","Serie A Betano","2015","Palmeiras","Athletico-PR","0","1","A","0","0","D","0","1","A"
"26726","01-08-15 23:30","Brazil","Serie A Betano","2015","Fluminense","Gremio","1","0","H","0","0","D","1","0","H"
"26727","30-07-15 03:00","Brazil","Serie A Betano","2015","Atletico-MG","Sao Paulo","3","1","H","3","0","H","0","1","A"
"26728","30-07-15 03:00","Brazil","Serie A Betano","2015","Corinthians","Vasco","3","0","H","0","0","D","3","0","H"
"26729","26-07-15 23:30","Brazil","Serie A Betano","2015","Vasco","Palmeiras","1","4","A","0","3","A","1","1","D"
"26730","26-07-15 21:00","Brazil","Serie A Betano","2015","Coritiba","Corinthians","1","1","D","0","1","A","1","0","H"
"26731","26-07-15 21:00","Brazil","Serie A Betano","2015","Goias","Flamengo RJ","0","1","A","0","0","D","0","1","A"
"26732","26-07-15 21:00","Brazil","Serie A Betano","2015","Ponte Preta","Internacional","0","0","D","0","0","D","0","0","D"
"26733","26-07-15 21:00","Brazil","Serie A Betano","2015","Sao Paulo","Cruzeiro","1","0","H","1","0","H","0","0","D"
"26734","26-07-15 16:00","Brazil","Serie A Betano","2015","Chapecoense-SC","Fluminense","2","1","H","1","1","D","1","0","H"
"26735","26-07-15 16:00","Brazil","Serie A Betano","2015","Santos","Joinville","2","0","H","2","0","H","0","0","D"
"26736","26-07-15 02:00","Brazil","Serie A Betano","2015","Atletico-MG","Figueirense","1","0","H","0","0","D","1","0","H"
"26737","26-07-15 00:30","Brazil","Serie A Betano","2015","Gremio","Sport Recife","1","1","D","1","0","H","0","1","A"
"26900","25-07-15 23:30","Brazil","Serie A Betano","2015","Avai","Athletico-PR","1","2","A","0","1","A","1","1","D"
"26738","19-07-15 23:30","Brazil","Serie A Betano","2015","Cruzeiro","Avai","1","1","D","1","0","H","0","1","A"
"26739","19-07-15 23:30","Brazil","Serie A Betano","2015","Joinville","Ponte Preta","1","1","D","0","0","D","1","1","D"
"26740","19-07-15 21:00","Brazil","Serie A Betano","2015","Figueirense","Coritiba","0","0","D","0","0","D","0","0","D"
"26741","19-07-15 21:00","Brazil","Serie A Betano","2015","Fluminense","Vasco","1","2","A","0","1","A","1","1","D"
"26742","19-07-15 21:00","Brazil","Serie A Betano","2015","Palmeiras","Santos","1","0","H","1","0","H","0","0","D"
"26743","19-07-15 21:00","Brazil","Serie A Betano","2015","Sport Recife","Sao Paulo","2","0","H","1","0","H","1","0","H"
"26744","19-07-15 16:00","Brazil","Serie A Betano","2015","Athletico-PR","Chapecoense-SC","1","0","H","0","0","D","1","0","H"
"26745","19-07-15 02:00","Brazil","Serie A Betano","2015","Corinthians","Atletico-MG","1","0","H","1","0","H","0","0","D"
"26746","18-07-15 23:30","Brazil","Serie A Betano","2015","Flamengo RJ","Gremio","1","0","H","1","0","H","0","0","D"
"26747","18-07-15 23:30","Brazil","Serie A Betano","2015","Internacional","Goias","2","1","H","0","0","D","2","1","H"
"26748","12-07-15 23:30","Brazil","Serie A Betano","2015","Avai","Chapecoense-SC","2","1","H","2","0","H","0","1","A"
"26749","12-07-15 23:30","Brazil","Serie A Betano","2015","Sport Recife","Palmeiras","2","2","D","1","1","D","1","1","D"
"26750","12-07-15 21:00","Brazil","Serie A Betano","2015","Athletico-PR","Fluminense","1","2","A","0","0","D","1","2","A"
"26751","12-07-15 21:00","Brazil","Serie A Betano","2015","Cruzeiro","Goias","1","0","H","1","0","H","0","0","D"
"26752","12-07-15 21:00","Brazil","Serie A Betano","2015","Flamengo RJ","Corinthians","0","3","A","0","2","A","0","1","A"
"26753","12-07-15 21:00","Brazil","Serie A Betano","2015","Joinville","Internacional","0","2","A","0","2","A","0","0","D"
"26754","12-07-15 16:00","Brazil","Serie A Betano","2015","Sao Paulo","Coritiba","3","1","H","2","0","H","1","1","D"
"26755","12-07-15 02:00","Brazil","Serie A Betano","2015","Ponte Preta","Atletico-MG","0","2","A","0","1","A","0","1","A"
"26756","11-07-15 23:30","Brazil","Serie A Betano","2015","Gremio","Vasco","2","0","H","0","0","D","2","0","H"
"26757","11-07-15 23:30","Brazil","Serie A Betano","2015","Santos","Figueirense","3","0","H","1","0","H","2","0","H"
"26758","10-07-15 02:00","Brazil","Serie A Betano","2015","Fluminense","Cruzeiro","1","0","H","0","0","D","1","0","H"
"26759","10-07-15 00:30","Brazil","Serie A Betano","2015","Corinthians","Athletico-PR","2","0","H","1","0","H","1","0","H"
"26760","09-07-15 03:00","Brazil","Serie A Betano","2015","Atletico-MG","Sport Recife","2","1","H","0","0","D","2","1","H"
"26761","09-07-15 03:00","Brazil","Serie A Betano","2015","Internacional","Flamengo RJ","1","2","A","0","1","A","1","1","D"
"26762","09-07-15 03:00","Brazil","Serie A Betano","2015","Vasco","Sao Paulo","0","4","A","0","2","A","0","2","A"
"26763","09-07-15 02:00","Brazil","Serie A Betano","2015","Figueirense","Joinville","0","2","A","0","1","A","0","1","A"
"26764","09-07-15 02:00","Brazil","Serie A Betano","2015","Palmeiras","Avai","3","0","H","1","0","H","2","0","H"
"26765","09-07-15 00:30","Brazil","Serie A Betano","2015","Chapecoense-SC","Gremio","1","0","H","0","0","D","1","0","H"
"26766","09-07-15 00:30","Brazil","Serie A Betano","2015","Coritiba","Ponte Preta","0","0","D","0","0","D","0","0","D"
"26767","09-07-15 00:30","Brazil","Serie A Betano","2015","Goias","Santos","4","1","H","0","0","D","4","1","H"
"26768","05-07-15 23:30","Brazil","Serie A Betano","2015","Flamengo RJ","Figueirense","1","2","A","0","0","D","1","2","A"
"26769","05-07-15 23:30","Brazil","Serie A Betano","2015","Internacional","Atletico-MG","1","3","A","0","0","D","1","3","A"
"26770","05-07-15 23:30","Brazil","Serie A Betano","2015","Ponte Preta","Palmeiras","0","2","A","0","2","A","0","0","D"
"26771","05-07-15 21:00","Brazil","Serie A Betano","2015","Goias","Corinthians","0","0","D","0","0","D","0","0","D"
"26772","05-07-15 21:00","Brazil","Serie A Betano","2015","Santos","Gremio","1","3","A","0","1","A","1","2","A"
"26773","05-07-15 21:00","Brazil","Serie A Betano","2015","Sao Paulo","Fluminense","0","0","D","0","0","D","0","0","D"
"26774","05-07-15 16:00","Brazil","Serie A Betano","2015","Avai","Sport Recife","2","2","D","2","1","H","0","1","A"
"26775","05-07-15 02:00","Brazil","Serie A Betano","2015","Chapecoense-SC","Vasco","1","0","H","0","0","D","1","0","H"
"26776","05-07-15 02:00","Brazil","Serie A Betano","2015","Cruzeiro","Athletico-PR","2","0","H","1","0","H","1","0","H"
"26777","04-07-15 20:00","Brazil","Serie A Betano","2015","Coritiba","Joinville","0","0","D","0","0","D","0","0","D"
"26778","03-07-15 02:00","Brazil","Serie A Betano","2015","Fluminense","Santos","2","1","H","1","0","H","1","1","D"
"26779","03-07-15 00:30","Brazil","Serie A Betano","2015","Corinthians","Ponte Preta","2","0","H","1","0","H","1","0","H"
"26780","03-07-15 00:30","Brazil","Serie A Betano","2015","Figueirense","Goias","3","1","H","2","0","H","1","1","D"
"26781","02-07-15 03:00","Brazil","Serie A Betano","2015","Athletico-PR","Sao Paulo","2","1","H","1","0","H","1","1","D"
"26782","02-07-15 03:00","Brazil","Serie A Betano","2015","Gremio","Cruzeiro","1","0","H","0","0","D","1","0","H"
"26783","02-07-15 03:00","Brazil","Serie A Betano","2015","Joinville","Flamengo RJ","0","1","A","0","0","D","0","1","A"
"26784","02-07-15 02:00","Brazil","Serie A Betano","2015","Atletico-MG","Coritiba","2","0","H","1","0","H","1","0","H"
"26785","02-07-15 02:00","Brazil","Serie A Betano","2015","Palmeiras","Chapecoense-SC","2","0","H","1","0","H","1","0","H"
"26786","02-07-15 00:30","Brazil","Serie A Betano","2015","Sport Recife","Internacional","3","0","H","3","0","H","0","0","D"
"26787","02-07-15 00:30","Brazil","Serie A Betano","2015","Vasco","Avai","1","0","H","0","0","D","1","0","H"
"26788","28-06-15 23:30","Brazil","Serie A Betano","2015","Internacional","Santos","1","0","H","0","0","D","1","0","H"
"26789","28-06-15 23:30","Brazil","Serie A Betano","2015","Vasco","Flamengo RJ","1","0","H","1","0","H","0","0","D"
"26790","28-06-15 21:00","Brazil","Serie A Betano","2015","Coritiba","Cruzeiro","1","0","H","0","0","D","1","0","H"
"26791","28-06-15 21:00","Brazil","Serie A Betano","2015","Goias","Fluminense","1","2","A","1","0","H","0","2","A"
"26792","28-06-15 21:00","Brazil","Serie A Betano","2015","Palmeiras","Sao Paulo","4","0","H","2","0","H","2","0","H"
"26793","28-06-15 21:00","Brazil","Serie A Betano","2015","Ponte Preta","Athletico-PR","2","1","H","1","1","D","1","0","H"
"26794","28-06-15 16:00","Brazil","Serie A Betano","2015","Atletico-MG","Joinville","1","0","H","1","0","H","0","0","D"
"26795","28-06-15 02:00","Brazil","Serie A Betano","2015","Corinthians","Figueirense","2","1","H","0","0","D","2","1","H"
"26796","27-06-15 21:00","Brazil","Serie A Betano","2015","Avai","Gremio","1","2","A","0","2","A","1","0","H"
"26797","27-06-15 21:00","Brazil","Serie A Betano","2015","Chapecoense-SC","Sport Recife","1","1","D","0","1","A","1","0","H"
"26798","25-06-15 00:30","Brazil","Serie A Betano","2015","Fluminense","Ponte Preta","2","0","H","0","0","D","2","0","H"
"26799","21-06-15 21:00","Brazil","Serie A Betano","2015","Athletico-PR","Coritiba","2","2","D","1","1","D","1","1","D"
"26800","21-06-15 21:00","Brazil","Serie A Betano","2015","Joinville","Goias","2","1","H","2","1","H","0","0","D"
"26801","21-06-15 21:00","Brazil","Serie A Betano","2015","Sao Paulo","Avai","1","1","D","0","0","D","1","1","D"
"26802","21-06-15 16:00","Brazil","Serie A Betano","2015","Cruzeiro","Chapecoense-SC","0","1","A","0","1","A","0","0","D"
"26803","21-06-15 02:00","Brazil","Serie A Betano","2015","Gremio","Palmeiras","1","0","H","0","0","D","1","0","H"
"26804","20-06-15 21:30","Brazil","Serie A Betano","2015","Flamengo RJ","Atletico-MG","0","2","A","0","2","A","0","0","D"
"26805","20-06-15 21:30","Brazil","Serie A Betano","2015","Santos","Corinthians","1","0","H","1","0","H","0","0","D"
"26806","20-06-15 21:30","Brazil","Serie A Betano","2015","Sport Recife","Vasco","2","1","H","1","1","D","1","0","H"
"26807","19-06-15 02:00","Brazil","Serie A Betano","2015","Figueirense","Internacional","0","0","D","0","0","D","0","0","D"
"26808","14-06-15 21:00","Brazil","Serie A Betano","2015","Avai","Figueirense","1","1","D","1","1","D","0","0","D"
"26809","14-06-15 21:00","Brazil","Serie A Betano","2015","Gremio","Athletico-PR","2","1","H","1","0","H","1","1","D"
"26810","14-06-15 21:00","Brazil","Serie A Betano","2015","Palmeiras","Fluminense","2","1","H","1","1","D","1","0","H"
"26811","14-06-15 16:00","Brazil","Serie A Betano","2015","Ponte Preta","Goias","0","0","D","0","0","D","0","0","D"
"26812","14-06-15 02:00","Brazil","Serie A Betano","2015","Vasco","Cruzeiro","1","3","A","0","1","A","1","2","A"
"26901","14-06-15 02:00","Brazil","Serie A Betano","2015","Sport Recife","Joinville","2","1","H","2","0","H","0","1","A"
"26813","13-06-15 21:30","Brazil","Serie A Betano","2015","Chapecoense-SC","Sao Paulo","0","1","A","0","1","A","0","0","D"
"26814","13-06-15 21:30","Brazil","Serie A Betano","2015","Corinthians","Internacional","2","1","H","0","1","A","2","0","H"
"26815","13-06-15 21:30","Brazil","Serie A Betano","2015","Coritiba","Flamengo RJ","0","1","A","0","1","A","0","0","D"
"26816","11-06-15 00:30","Brazil","Serie A Betano","2015","Atletico-MG","Santos","2","2","D","2","1","H","0","1","A"
"26817","08-06-15 00:30","Brazil","Serie A Betano","2015","Figueirense","Palmeiras","2","1","H","1","1","D","1","0","H"
"26818","08-06-15 00:30","Brazil","Serie A Betano","2015","Fluminense","Sport Recife","0","0","D","0","0","D","0","0","D"
"26819","08-06-15 00:30","Brazil","Serie A Betano","2015","Goias","Avai","0","1","A","0","0","D","0","1","A"
"26820","07-06-15 16:00","Brazil","Serie A Betano","2015","Internacional","Coritiba","2","0","H","2","0","H","0","0","D"
"26821","07-06-15 03:00","Brazil","Serie A Betano","2015","Athletico-PR","Vasco","2","0","H","0","0","D","2","0","H"
"26822","07-06-15 03:00","Brazil","Serie A Betano","2015","Joinville","Corinthians","0","1","A","0","1","A","0","0","D"
"26823","07-06-15 03:00","Brazil","Serie A Betano","2015","Sao Paulo","Gremio","2","0","H","1","0","H","1","0","H"
"26824","06-06-15 23:30","Brazil","Serie A Betano","2015","Atletico-MG","Cruzeiro","1","3","A","1","1","D","0","2","A"
"26825","06-06-15 23:30","Brazil","Serie A Betano","2015","Flamengo RJ","Chapecoense-SC","1","0","H","0","0","D","1","0","H"
"26826","06-06-15 23:30","Brazil","Serie A Betano","2015","Santos","Ponte Preta","2","2","D","1","0","H","1","2","A"
"26827","05-06-15 02:00","Brazil","Serie A Betano","2015","Palmeiras","Internacional","1","1","D","0","0","D","1","1","D"
"26828","05-06-15 02:00","Brazil","Serie A Betano","2015","Sport Recife","Goias","1","0","H","0","0","D","1","0","H"
"26829","04-06-15 21:00","Brazil","Serie A Betano","2015","Fluminense","Coritiba","2","0","H","1","0","H","1","0","H"
"26830","04-06-15 03:00","Brazil","Serie A Betano","2015","Avai","Atletico-MG","1","4","A","0","2","A","1","2","A"
"26831","04-06-15 03:00","Brazil","Serie A Betano","2015","Cruzeiro","Flamengo RJ","1","0","H","0","0","D","1","0","H"
"26832","04-06-15 03:00","Brazil","Serie A Betano","2015","Gremio","Corinthians","3","1","H","3","1","H","0","0","D"
"26833","04-06-15 02:00","Brazil","Serie A Betano","2015","Sao Paulo","Santos","3","2","H","1","1","D","2","1","H"
"26834","04-06-15 00:30","Brazil","Serie A Betano","2015","Athletico-PR","Figueirense","1","0","H","1","0","H","0","0","D"
"26835","04-06-15 00:30","Brazil","Serie A Betano","2015","Chapecoense-SC","Joinville","2","0","H","2","0","H","0","0","D"
"26836","04-06-15 00:30","Brazil","Serie A Betano","2015","Vasco","Ponte Preta","0","3","A","0","2","A","0","1","A"
"26837","31-05-15 23:30","Brazil","Serie A Betano","2015","Figueirense","Cruzeiro","2","1","H","1","1","D","1","0","H"
"26838","31-05-15 23:30","Brazil","Serie A Betano","2015","Flamengo RJ","Fluminense","2","3","A","1","2","A","1","1","D"
"26839","31-05-15 21:00","Brazil","Serie A Betano","2015","Atletico-MG","Vasco","3","0","H","3","0","H","0","0","D"
"26840","31-05-15 21:00","Brazil","Serie A Betano","2015","Corinthians","Palmeiras","0","2","A","0","2","A","0","0","D"
"26841","31-05-15 21:00","Brazil","Serie A Betano","2015","Goias","Gremio","1","1","D","0","1","A","1","0","H"
"26842","31-05-15 21:00","Brazil","Serie A Betano","2015","Internacional","Sao Paulo","0","0","D","0","0","D","0","0","D"
"26843","31-05-15 16:00","Brazil","Serie A Betano","2015","Santos","Sport Recife","2","2","D","1","0","H","1","2","A"
"26902","31-05-15 02:00","Brazil","Serie A Betano","2015","Joinville","Athletico-PR","1","2","A","0","2","A","1","0","H"
"26844","30-05-15 23:30","Brazil","Serie A Betano","2015","Ponte Preta","Chapecoense-SC","3","1","H","1","0","H","2","1","H"
"26904","30-05-15 23:30","Brazil","Serie A Betano","2015","Coritiba","Avai","1","2","A","0","1","A","1","1","D"
"26845","24-05-15 23:30","Brazil","Serie A Betano","2015","Cruzeiro","Ponte Preta","1","1","D","0","0","D","1","1","D"
"26846","24-05-15 23:30","Brazil","Serie A Betano","2015","Sport Recife","Coritiba","1","0","H","1","0","H","0","0","D"
"26847","24-05-15 21:00","Brazil","Serie A Betano","2015","Athletico-PR","Atletico-MG","1","0","H","1","0","H","0","0","D"
"26848","24-05-15 21:00","Brazil","Serie A Betano","2015","Avai","Flamengo RJ","2","1","H","0","0","D","2","1","H"
"26849","24-05-15 21:00","Brazil","Serie A Betano","2015","Chapecoense-SC","Santos","1","0","H","1","0","H","0","0","D"
"26850","24-05-15 21:00","Brazil","Serie A Betano","2015","Fluminense","Corinthians","0","0","D","0","0","D","0","0","D"
"26851","24-05-15 16:00","Brazil","Serie A Betano","2015","Palmeiras","Goias","0","1","A","0","0","D","0","1","A"
"26852","24-05-15 02:00","Brazil","Serie A Betano","2015","Gremio","Figueirense","1","0","H","0","0","D","1","0","H"
"26853","23-05-15 23:30","Brazil","Serie A Betano","2015","Sao Paulo","Joinville","3","0","H","1","0","H","2","0","H"
"26854","23-05-15 23:30","Brazil","Serie A Betano","2015","Vasco","Internacional","1","1","D","0","1","A","1","0","H"
"26855","17-05-15 23:30","Brazil","Serie A Betano","2015","Internacional","Avai","1","0","H","0","0","D","1","0","H"
"26856","17-05-15 23:30","Brazil","Serie A Betano","2015","Joinville","Palmeiras","0","0","D","0","0","D","0","0","D"
"26857","17-05-15 23:30","Brazil","Serie A Betano","2015","Ponte Preta","Sao Paulo","1","0","H","1","0","H","0","0","D"
"26858","17-05-15 21:00","Brazil","Serie A Betano","2015","Atletico-MG","Fluminense","4","1","H","2","0","H","2","1","H"
"26859","17-05-15 21:00","Brazil","Serie A Betano","2015","Flamengo RJ","Sport Recife","2","2","D","0","1","A","2","1","H"
"26860","17-05-15 21:00","Brazil","Serie A Betano","2015","Santos","Cruzeiro","1","0","H","1","0","H","0","0","D"
"26861","17-05-15 16:00","Brazil","Serie A Betano","2015","Figueirense","Vasco","0","0","D","0","0","D","0","0","D"
"26862","17-05-15 02:00","Brazil","Serie A Betano","2015","Corinthians","Chapecoense-SC","1","0","H","1","0","H","0","0","D"
"26863","16-05-15 23:30","Brazil","Serie A Betano","2015","Coritiba","Gremio","2","0","H","2","0","H","0","0","D"
"26864","16-05-15 23:30","Brazil","Serie A Betano","2015","Goias","Athletico-PR","2","0","H","0","0","D","2","0","H"
"26865","10-05-15 23:30","Brazil","Serie A Betano","2015","Avai","Santos","1","1","D","0","1","A","1","0","H"
"26866","10-05-15 23:30","Brazil","Serie A Betano","2015","Vasco","Goias","0","0","D","0","0","D","0","0","D"
"26867","10-05-15 21:00","Brazil","Serie A Betano","2015","Athletico-PR","Internacional","3","0","H","1","0","H","2","0","H"
"26868","10-05-15 21:00","Brazil","Serie A Betano","2015","Cruzeiro","Corinthians","0","1","A","0","0","D","0","1","A"
"26869","10-05-15 21:00","Brazil","Serie A Betano","2015","Sao Paulo","Flamengo RJ","2","1","H","0","0","D","2","1","H"
"26870","10-05-15 21:00","Brazil","Serie A Betano","2015","Sport Recife","Figueirense","4","1","H","1","0","H","3","1","H"
"26871","10-05-15 16:00","Brazil","Serie A Betano","2015","Gremio","Ponte Preta","3","3","D","1","0","H","2","3","A"
"26872","10-05-15 02:00","Brazil","Serie A Betano","2015","Fluminense","Joinville","1","0","H","0","0","D","1","0","H"
"26873","09-05-15 23:30","Brazil","Serie A Betano","2015","Chapecoense-SC","Coritiba","2","1","H","1","1","D","1","0","H"
"26874","09-05-15 23:30","Brazil","Serie A Betano","2015","Palmeiras","Atletico-MG","2","2","D","0","0","D","2","2","D"